// case 008 massive_act - A[128][1024] BF16, row stride 2048 bytes
// 65536 words, 32-bit each, little-endian memory image
bec845d8
3f61bf7f
3f624010
3f5c3f7c
3e75403f
3f594032
3ffd402d
40264004
3ee33fc5
3ff5bf75
be25beba
3fb93f96
400f4010
bf723fb9
3f5e3f3e
3fa1bf78
bf353fd0
3dc73f8a
401dbe51
bf643f08
40384023
3f60bf66
3e363f8b
bf0a4022
403e3fdb
3fd04014
be6e3fcf
40243f99
3f10402b
3ff73fdc
402a3f25
3f6bbf11
bf583fd8
3fd6bdc2
403cbd1f
be96be6f
3fd43f95
402c401d
40163ef7
3d03be58
3e7cbf7f
403fbf6b
3ef0401b
3f8cbf06
4012400c
3f833fd7
3f3cbf0c
401c4010
c5d8400f
3ffcbf2d
bf683ff2
3e38bf52
3ee53f0d
3f9abd97
bf0c401f
403e3fef
be20bf4b
3fd53fff
4035be75
be4f3fd5
402d402c
3f864015
bf1a3fb7
3ebd3ec2
40293fb6
3e224012
3fdfbf78
3f273dd2
3e9abebb
3f223fef
bf213e57
bf243fe5
3fb3be78
3e8d3f3e
3ff8bf63
3f5b3f0c
3f873f44
3dd73f4d
4009401b
3fd13ffe
bee83fb1
3f843f91
bf273f5d
bf00bf64
bef13f8d
3d853fc4
4038be77
3fe1bf13
3facbf2f
3f46be98
be4a3fb3
4004401e
bf203f86
3d954020
3f4d3f95
40013f6c
bf1b3fb8
bf3345d8
3f073e9a
3ee54015
403e3f3e
3fed3ed1
bebdbe13
beb53e81
bf34bf4a
bd603f39
bead400a
3ec33f91
3ec2bdbe
bedb3f7d
40373ff8
3fc1be5c
40023ff1
40013f31
3fc83fba
3eb74030
bf0b4032
3ff94031
3fd13fcc
403c400b
bd78bed9
3ed93ee0
3e603dd8
3f8dbf5a
401c3fc0
3e253f8d
402e3ff1
3f223ebb
3f59be20
3e5abf72
3f043fe1
3f2abefe
40033ebf
3fe1bf04
3fe54003
3fa04035
3f854013
3d3abdb7
bf80401f
bf333f77
40213fe7
40193fe5
40143f71
401a4020
401a3fa7
c5d8bee3
3f703f04
4033bf62
3ee0403d
402d3fd1
beb13fc6
403e400c
3fdbbeba
402cbf71
3eea3fc8
3f734010
3e6d3fd6
3ed9401e
bf433ff0
3f9a402f
4033be17
3f753f93
3e2b3f84
40293d26
3faebf53
bf473ff7
3e513f85
3f00401d
403c3f6a
3ebb3f8b
3eed401f
bf5f401d
3fcbbf1d
400b3fe7
3c463fc4
4016beaf
3fee4029
3f553e97
3fe5bf1b
40043fbc
bf333f0f
3e7ebd26
400a3fac
3dce3f6b
3f803fff
bf5b3fbe
bf753f4d
3fca3e6c
3f8d3faf
403f3e87
400e3f5d
40333fb3
bf13400d
bf3d3fca
400545d8
4013be99
3fef3e11
3d473e1e
3f7fbf33
400abead
3f693ed2
40313f94
be563fdb
40393eb3
3fa23f6d
3fc53ea4
3fbf402d
3feb400e
be523d3a
be8a3fe3
be68400a
3ff43f83
4022be94
bf62bf06
40223fbb
3f534004
3fce3fe3
3f083f98
bef33fb5
3ff83f65
40403f0f
3f9fbf53
bf03beea
3e43beee
beb24002
3f684001
3ee03fec
40103fa0
40354022
be443f97
3f824009
3ef5bec6
3c9c3f80
bd80bf3e
401f3fcf
3fa93e10
3fd53fb0
40324004
40113fe3
40283d78
4020bf61
bf44bf7c
c5d8be91
3f554032
4000bd1f
3f394011
3fa43c47
3e9b3fbe
bf784001
3ec94029
3fe8401f
3eb74017
bd2f4009
40323f45
bebf3eef
40403e4b
40023f02
3e103f9b
402f3f22
400fbf0d
3ee6402c
3f8cbf03
3fb93e5a
3e603fe8
3f973f5f
3fa24012
3fc0bec4
402e3cc2
be9cbecd
bf3f3fd8
4016bf05
402f401f
4003403f
3fa74024
bf463e67
3fac4013
3f163fb2
bf354013
3e704009
3f013fa2
bec53f2f
401abf79
3fc2beb9
bf10bf6a
3ecdbf63
40193fbe
4008bf60
3fde4015
402a3ffc
400c403b
3ec9bf0a
402945d8
befd3fe9
3ec23fe3
bf513f9b
3f2c4013
3f8d4005
3fd73fe0
3f2c3faa
40224011
3fb23fed
3f9c3f9e
3fe03fde
3f574038
3fe6403b
402a4031
bef43ff4
bf263ebd
bf583ffa
3ff53fff
40013fc5
bf2b3f92
3f403eac
bdb44030
403f4014
3c813ef0
3f8f4010
3f93bf3f
be2c4033
3f97402a
bf0b401a
3f293e62
40164020
3f434006
403d4039
3ec3402e
3fa6be6b
3fbe402d
40023f28
401e401a
401bbf77
3fed402a
3dea3e59
3f193f46
3ffabf1b
3ff43fe8
3f2f3edf
bdd4bf48
40193e8a
c5d83e23
3f45bdde
3fd23efa
3ef5402e
3f78bf14
3fe23fae
3fe8bf56
3f5c4027
3fe1bf32
40223f82
3f593fa3
bd3e3fc8
3fedbedb
bf25bf5c
3f853f67
3f633f28
400c3ea0
3fb73fbe
bf134003
3f983ee4
bf074005
bf713dff
3f83402c
bf254002
4017be90
3f6d4033
3fdfbea5
3ff8beaf
3fe53fe4
3fb4bf55
3fa0401d
401c400f
4038beba
3b6bbf23
3fefbf13
3ffd3fd8
3fbabe83
3fdd3fac
3e0c4013
bea13fb6
3fe93f25
3fa0bf20
3f483fbb
3fa64029
3ebf3f5b
4032bf4c
3f244032
402cbf5e
3f893fb9
3e8f45d8
3eca3f1c
3eed3fdc
3f163eb2
403a3f19
4033401b
3fb63ef4
3fad3fb0
3fa23fea
3e95401a
3f273feb
400bbf2b
3f064002
bf414013
3ef14025
3f15bf5d
4017bf53
401f3fbb
3fb73f5f
3ed04014
3f0f3f4e
3f283ff5
3ff93ea3
402a400f
3fac3fbd
40063f88
3f743f9e
be853f88
40244008
be2cbf53
40203f45
3bf73f88
40353fa7
3eafbf2c
3fb84023
bf014026
4013be8f
3ee73fb5
3f1e3ec4
3fdc3bc6
3f613ffe
3f21be97
be66bf01
3fd33fbc
402f402a
bf3b3f82
3f804021
bf23bf0c
c5d83e09
3ebb3f00
3fe8401e
bd1f3e51
3ec64018
3ee83f44
3c94bc8e
3fd93fd3
3f953f8e
3fce3fe7
40043f21
3fc6bf4f
3e083fc8
40063fec
bf6bbf6b
4013bf5f
3e963f51
be324032
40323e09
beabbf12
3f3b4035
bf0f4024
bf6cbdc8
3fb7403d
40113f9c
3f9f3fce
bf5ebf06
be4f3f45
3fa43f34
40053c8d
bea3be9b
403b3f8b
4008beb3
bf6dbe04
3f844001
3fff3f61
3f1bbe97
bd22bec4
bf584021
40273eec
403c4023
3e15bdc5
3ee23f22
4016400d
3fe03fa9
40133f69
4039bf4e
3f68bea7
3ffe3f0c
401b45d8
3f974028
bf09403d
3ff93e20
3fe7bf71
3e4c3d78
3f054036
bf33befc
be60bec9
3f05bed8
bd7c400c
40313fc8
40073f95
403f4010
3fe0bf40
40073f56
3e8a3fe7
3f143eae
bf3d3fa9
3fc0bf3b
3f81bef2
3e97400a
3f58400a
bde63fec
bd8cbf28
3dcb3f66
bf5bbf08
3fae3fb8
bdf43f2c
40213fd4
3fff3f2c
beba400b
3fa9bdcb
3f5abed5
3e4d4024
bf0c4001
3e093f76
bf1abf6c
402d3dce
be373fa5
3e823e70
be2d4026
bf773fc3
45d84020
3ffebed7
bf5e3f9b
402ebf33
3f9f3ee7
3e853e6e
40353ff4
40183f0e
4001bdff
bf76bec3
bf483ffc
be28bf05
3f6b4022
3e013ff8
3f5b3e23
3f623e1c
bd863ffd
3fb54012
3ec14012
3ee74033
3f7c4014
400e3d37
3fb73e67
be8c3f7b
be73bf7a
bf1a3f98
403abef5
3e824019
3fcabf44
3ebb402b
be63bd6a
3fb13f5f
3fca3f43
3fef4009
40163fe5
3e4b3fa6
3d70bf09
40023f3c
bed03fcb
bf6a402f
bee53fe6
bf293f73
402b3f80
3eaa4040
40353f75
403d3f8e
3f593ff7
40213fb1
3f563e1b
3ec8c5d8
3f433f87
be85be53
4024bee7
402a4032
bec7bec9
402c3fa7
3f843e75
3e744004
bb7f3f4f
3fea3fee
3e783ee7
bf003f88
be86bf27
bec73ffa
401d401f
4024beb3
401a3e41
3c8e4023
3fdabf22
3f14402e
3fb34016
40283f9a
4030402a
bef03de2
3f083c77
3f2f3e19
400b4007
bcba3f94
3f603fb6
3f424018
4035becf
3f9c3eca
3f81bf7f
403dbee6
3f6f3fb0
40144003
3f84be6b
bece3ff0
bf673e0a
40213fac
3fc13ec2
3fe4bf3d
bf55bf74
3ffdbecf
40273f4a
40403e19
3ec94007
45d83f39
be993fd7
3ff33ffd
3f9a3fde
3f624038
40013fac
40003fd8
be283da5
bef2bf05
beb54010
402ebef9
3ff43ec2
be0ebdc6
3f203f01
3f6ebf6e
4024bf47
bf633f43
3fd13ff7
3f21bdc3
3f963fd9
bf223ffe
bf61bf39
40314011
bf37403a
3fb74030
bf6d3f0f
400f3f95
3f26be66
bece3e93
3ffb3f6e
4036beef
bf553fc6
be933fe6
3f1dbf39
3fe03f9d
40194005
3f8f3f9b
3f41400d
403d4026
3e63bf6e
3fec3f3e
3d53bf52
40124017
bf0d3f56
3fd3402b
bf4c3ff1
3fe53f41
bc94be18
3f99402d
bedac5d8
3e20bf43
bf144039
3f8cbf5b
3fc83f0e
bd51bf29
3f8f3f4c
4021bf6c
3fbf3f97
401d3fa8
3f56400f
3f893f94
3fe33ffe
bf56403b
be224027
3ec13dab
3fb4baa7
402c3fbb
403e3e90
402d4027
bf25bf6b
3f58403c
bf12400e
3f1d3f9c
4021401f
3f0f3f18
3ff53ea8
bf153ffd
3f64beed
3f234001
3fc33eff
3f87400d
3f4abdf8
4010bebc
3f773f22
3ed63fcd
3f804032
3d9e3fec
3f753f83
40044011
3f643f0b
3ef53f96
4004bd5d
3fc9bf27
40223f8a
40383f3a
4012beb7
bf03400b
45d8bf60
3f834039
3fef3f5d
4029beeb
40393ff8
40003dcd
be0b3f8e
400c3f6a
3febbf3d
3ff43f9f
be9b3fd3
3fff3f84
3fbf3fee
3fba4011
40274034
400fbeab
402c3f9a
3e454035
3f74400b
3ead403d
bf14403d
3dd4bf41
3e94403e
40234021
bf01bdf0
3fd8be81
3fce3e89
3eb8beed
bf7b400a
402f400e
3f674034
3f84beab
4002bf0f
3eac3f44
40273f96
bc463f5d
40183fa3
3f9abf16
403d3bc1
be943e21
3fe13f9c
3f9d4018
4000bf5b
3fb93f49
bf43beed
3ffa4012
40383faf
40043f56
3d71bf59
3f3cc5d8
3df1bf19
403cbe5b
3de03fd6
3fda3fef
3ef4be57
3fcb3ff4
bed63fcc
3f883fd1
be263ecc
3fa03e31
bed23dee
bf37403e
4018beab
bf16bd46
40303f72
3f76401d
3f813d0f
3f81bf7b
3fc43fc6
3f8d3fe5
400f3ff6
400f4032
3f274014
bdfebf4d
bebbbf75
3f8e3fac
4014bf0c
3f8a403c
3fc43ffb
3fb1be99
be2c3f8b
3fa5bf2e
be4e400e
bf583f84
3fa63f88
bf53bf24
3dc93f16
40234037
4038be85
402a3ff0
4027403a
3fd33ded
403ebe42
bf273f8f
bf3d3e1a
3fb63da8
402a3f9e
45d84028
bf6b4006
401fbed1
3ff83fc7
becd3e4c
3fbe401c
3f9d4009
be83400b
3f1a3e90
4015bede
3f994004
40143e38
bdd4bf44
40353fa0
403a3fc2
401f3fb7
3fd43fa5
be913fab
bef93f94
3df43fee
3ffa3f8f
bf2f3fb2
403d3f95
3fed3fc2
403d3fc6
bf7dbea3
3e14bee1
401ebf73
bf063f66
bee43ff4
bf06bf04
400f4023
3ff13fb4
bf11beec
3fcd3ffd
3fd4400f
3f433ff8
403c3fae
3fd04031
3ff13f04
bf06be51
3feebe67
4001400d
bf50becb
3ed73fc7
3fa33fed
3ff53fd7
40364036
3fc33f7b
402ec5d8
beae4019
bf5a3ff1
40394003
40233fa5
3f3b3efa
3fb8403d
bf1c3f17
4038beea
3f0b3ff7
be253f1f
3f76400a
403a4017
bf273f89
3f9dbf7d
3f4cbf55
401f3fd5
3efb3ec4
4023bf33
3fafbf2b
40073f38
3e293e59
3fb64033
bf4e3f55
3fd63f9d
3ebf4010
3f873f1e
402f3ffa
401d3f3e
bda33ed9
3f9c400f
3f8f3fc0
bf233f08
3fdabef7
be9d3f0b
3f79bcfa
3fda3fa4
3f004037
3e9dbd76
bf5d401a
3f51bf50
bea8401b
be574007
40333fb5
4030bf7e
401bbf46
3f213cff
40293ed4
45d8bf1f
40264037
bf4abf34
3f993f1b
40094032
bf594015
3f043e63
3fd93f07
40053f31
3ef8402f
3edc400b
bf0d3f1c
3f0d400f
3fccbf56
bed13e47
40073dc7
bdab3f86
3f613f20
402b4037
3f97be96
3fe63fca
3e2b401f
3ce23fe2
3ea9beca
40164008
3fa94026
403dbe87
beb13f76
3fc03fdf
be26be67
bca5402b
bec6beb0
beef4035
3eac3ff5
be073f03
4001400e
40323ec4
4026403c
3f5abf09
bf2c3d86
40043fb0
3fc03f97
3f404001
bf493f15
3e213fff
be953f8f
bf7a3f77
40093f96
3f7b3fce
bf34c5d8
3dc43f4d
3f1d3f59
3fa24029
3f523f89
3fcd4004
3f3d3fc6
3ecd402d
3fe5be6d
be6b3f8e
400b3f31
bf7d3f94
be8cbeae
bf1a3f4f
be684009
be843f76
403a3fe1
40043f8c
402e3f99
401f3fb6
4013bf4b
bedbbf14
40273ea5
3ff93e93
3fc7bf27
3f31401b
40093fe2
3f973f57
3e19be68
3f8e3f1e
3e683f8a
3feb3f5a
3fc23dbe
beac400f
3e273f44
bd963f25
400f3ff2
3f46be88
3ff04019
4019bf6d
4028be10
3fac3fde
401abf2b
40274018
be833eb6
3fe93f36
40093f13
3fd74008
45d83f45
be944002
3f8f3fa3
3f863fa5
3f993eed
3fa0400d
3f8e3dac
3b3c3ff4
3fa8403d
becb3eee
3fe94024
3f784014
4035403f
3fcfbd8b
3fecbf20
3e8a3ee7
bf0b3fb5
bf574018
3f8c4002
3ed6bf5e
bf5b3f52
401a4024
3ffd3f35
3f393fe2
3fa74001
3ff33fcf
3f8fbe95
3ece3f69
3db03f19
3fb7bd58
4038403b
3ef7bf72
4009403b
3f203fc8
3f8d3ebc
3f354013
3f84403d
bcbfbf31
4028be4f
4003bf22
3fe23fa6
3fd9bd2a
3f863f88
bf2e403c
3f8f45d8
3dc84030
3e4a4008
beb8beb1
403f3f8c
3e3e4015
3f8e3ffc
3fbdbed6
3f7b3ee7
3fc03f95
4023be22
bf5e3fec
40074016
3ed7be9e
40074004
bcfd3ebd
be6f4026
bed6bc99
3fe4befc
401c3fc3
3e37bdd4
be2fbf55
3fba3fcf
400bbdad
3fb33fd5
3f914018
40353fb6
3f95400a
3eb23d59
3f244017
3f2c3e68
3fba3fe1
3f5b3f63
4033401a
3fb7403d
3ec73f88
3fe9bdd7
3ec1bf6d
bde4bf55
3fb33f04
40104018
bf0b3eca
3f53400a
3f71bf09
402e402b
3e8c4009
3eb94014
bf3e4029
c5d83c90
bf303fe0
3fce3ffa
3f573fa5
402c3ff5
403c3fde
3fd4bf04
3fd8be9d
bf724025
bec4bef0
3faf3f4d
3fd73eaa
be6d3f46
4035402d
be4f3fd2
3f5a403d
400d403c
401cbf28
3e08bf3f
bf693f50
3d824037
bf5c3f8c
3f9c3fdc
bf314029
3f5d3d3b
3e9e4015
3ffd3ffc
3f8abe0a
bf4dbf10
3f2d3f78
3f1a3fe2
4035403b
beac4001
beee401a
3f3dbf43
3ff63f12
3fcb3fe5
3fef3f7c
3f693f86
401b3f52
3f9ebef0
3f83bf31
bf4a3fbb
bf3e3eef
40123e4a
3ef13f9f
4004beaa
4011403b
3d7a3f2a
3ffa45d8
402a400b
bcabbed3
3fee3f05
3dc0bf27
400fbf0a
bf6bbc0b
401cbf2d
3ff33ffe
40184023
3fdc3f75
bf6c3ffe
3fb53f4c
40334025
3fe54039
3d14bee5
3d9d4004
3e093f42
40293f8b
be5ebf7f
3fd13f8b
3f7c3fa8
3eb73f6b
3f443f5b
400f3f33
40223cc6
3f883fba
3e944016
bf2abf33
3f363f2a
3fd7bf38
3f9c3f9d
bee43f6c
be3a3de2
4035bdd8
403ebee0
bf30403c
402bbf3d
4009beec
40324019
3e66bf65
400d4032
3fce3f2e
40103fad
bf39403c
3eea3f54
3fdc3fdf
403e4032
c5d8bf01
3f8c4016
3f2d3e52
40093fc3
3fa34006
3f38400b
40034029
40213f18
be4f3fdd
3f573f27
3d594004
beb9bf0c
402bbf0b
3df33f9d
403a3f76
3fdc3f5d
3f4abf49
3e744027
3fda3fe5
3f4d3ee2
3d954038
3f28bebb
3f784018
40233d75
3f3b3f99
40343fe3
3fec3f90
3ff93ff2
40284005
be354014
40034030
40093f5d
400e3f81
403d4018
3f5bbf1b
3fedbead
befd3ff4
3ffd3fea
3fa73c9b
3ff13d7d
bf4c3fef
403d4019
3f203fee
3f944029
bf223d5d
bf47bec3
3fc93faa
4035402d
befd4014
403745d8
400ebe8e
3e5e3dfc
3f3f403c
3e703e90
40043ff4
3fabbf48
bd963f0f
4011403c
3fe13fe6
3fb33fa5
402a3ef5
3ff84014
3fcebf5a
3eb9bf2c
3f164006
40143f96
3f17403f
4004bf46
403f3fee
3e6c3e6a
3f5e3fd3
bf413fdd
beaabed0
3eca4035
40314022
403ebdac
be9c3ee7
3ffb4021
be9a3e7c
3e9f3f9b
3f703fc7
3d8a3fef
3e32403e
3ffa3f04
3fb33fe9
40064010
3c8e4020
be8c4015
3eca3f35
be19bf74
3fc93eb3
3fd7bebd
3fed400c
bf3b4031
4016402c
3d61400d
4002be61
c5d8401b
402dbf27
403e3eae
3fca401a
3d8c3ee1
3fddbf54
be2e3e63
3f2dbdc0
3f28bdbe
3f413f48
3eb8403c
3ef2be64
40233f85
3fb63e13
402d3f83
402e4006
be3bbf69
3ea13f2d
3ece4023
3f31403d
3f9abf03
bf534037
3efd3f82
3fb84031
be3c3f65
beac3f98
4018be99
3fbe400a
3f30401e
3fb73f51
be33403a
402d3fd6
be9dbf7c
3e223f63
3e913f86
be59be4c
3f294011
3f363f63
40174009
40183f83
3f323fb3
40004003
3f79bf69
3fc33f34
3dac3fdd
3eab3fe6
3f8d3f81
3f833fe2
3f373dc2
bf1c45d8
3f85bf12
4006bf0d
beb23ff8
3fffbeb3
3ea04014
be0ebeae
40193fbc
3ed8be4f
bf153fea
40003fc4
3f9a3f03
be843fb1
3f104006
40344006
40374020
4018be24
40233feb
400abf4e
bf2bbef3
3f5fbe3a
bf703f3b
402d3fe4
40283fbd
be473fd3
bef93fdf
3e90403c
3ecb4011
40353fcb
beac4012
bf3b3fe5
3fabbf56
3f7d3e25
3f203ffe
3fee3ee3
bf0d3f4e
bf1fbf75
bf733e90
3f2abec4
3ead3f1d
3f44bf73
3fca4018
3fec3f05
3fdd3fbf
bf1e3fe8
be913f6d
3f353f90
3fcf4007
c5d8bd94
4016400e
3ec1bee4
bf7a3e95
40053e94
3fb4402a
4003bf68
4000bf1f
3f9e4029
3ee94033
be0c3fb0
3fc8bf02
40273ed8
3c0e4034
3fe9400e
3f6abf00
40033fce
3fdb3eb0
bf803f22
40153fb1
3fef3efa
3f8b3f94
3ecf402b
3f18403c
3fb74038
bf113fae
3fbb3fc9
40383fca
3e9d4024
4039401e
3f0fbed7
4022bf68
bf214002
bde24038
bf5cbf42
3f0abe1f
3f8b3f8d
401bbddb
3fa03c8f
bea4bf5b
bec33fe6
3ed03e57
3eac3f58
4014bf72
3f783fd6
403d3fd6
3f683f8f
be903ff0
3f403f86
402b45d8
3da3bf0b
40323fd9
3f9d4019
bd93bf21
40203f82
403fbf63
3e4dbf57
40403f54
3dc93e8d
40133f47
3fc23e0d
400f3f72
402c3f63
3fc5bf0b
3fe64020
bf143f2e
3f63402c
bf223fca
3fa03f41
403dbeaa
401b3fc9
400d4014
3f853fd8
3f383e03
3f07403a
3f324038
3fb7403d
bea2403a
bd72be93
3f96be50
3f41bec1
3f19befb
bf0c3e72
beffbf41
bee2403f
40313f18
3f03be27
3ffe403e
3f953f73
3f74bf7f
4038bf68
40353f98
3f77bf20
3e9d3fa1
40253c9a
402a401f
3fb53f67
c5d83fb6
40213f2a
3fa7401f
bee6bf45
3f2b3fb5
400f4020
be0f3f48
bf3bbf43
3ec4be96
400e3f0c
402abef4
402b3d38
400d403c
401b3f81
402d4004
403fbf5a
bdd13fe4
3fd93f69
3f913f9c
bf603fa9
3fe83fe9
be8fbed1
3ff8beef
bf613ffb
be7ebe98
3fe84003
bf243f15
bf64bf1c
3f89bf64
bed1bf15
bed53e96
3e90402a
40374001
3f5ebe87
bd67bf52
3fa83fa8
400f3f51
3fb53fcb
3f893f57
3e0abebd
40303ec9
40343fcb
bf2d4028
3fdebf5e
4029c5d8
4040bf78
3fb63f78
3fcf401c
3f1fbe13
401c4038
3dba3fc2
bd083f79
3ee33b7d
402f3e1b
3f48bf5a
be683ff9
3fc63fda
bf17bf43
3ed3bf24
40074014
3f0b3f3f
3faa402e
bf3f3fae
4020bec5
bf07400b
3f383fe0
3eb24011
40063f8d
40013fd1
40073fdb
3e4f402d
3f9a3fc9
bee83f15
40253e80
bebd3fc9
bf043f80
3edc3f8d
bf413fa8
401d4028
3e9b4034
40314027
40133fa4
400dbd42
be95400b
3f443ff2
3e48befa
bf24403d
3f703e09
3e553e66
4033bec8
3f503ef7
bf263fe8
45d83fc5
3e9c3f97
402c3ffd
3f953ffc
be843f20
3eea3fc3
3e383fdf
be693e55
bf04be81
3f3abeb4
3f86401e
3f933fa9
40223f60
3fdbbf03
3e2a3fa1
3f6f3ca6
3e754008
3dae3f7a
bf5bbf79
40333fde
3eed3fe5
bf414019
40334037
4013401c
be943fe2
3f864039
4008401c
403c3f0f
3ec84011
40124024
3f5d3e97
bf38bf72
3fcd3fc6
be52403b
bf734004
401e3f9f
3fee400a
3e294011
bf763feb
be22bda9
3f223f20
3e233eaa
40223ee5
3fac403c
3f854028
403f3e7d
3e8a3e18
3fccbd82
3f30bf0e
401bc5d8
3dd4be81
3f343f9c
3f8a3f56
bf24bea8
3fd2bf0e
bee7bd7f
3e5d3f0e
3f1d4010
3f29bf71
3f7bbe27
3c9e3fef
401a3fe4
3f903f4e
3ff2bea7
400f4012
3c273fee
4031bf34
40224012
3f403f82
3f274003
401f4022
3ec0beda
bf3c3fce
3f1a400d
40193f93
bdb03f9f
40344023
4009bf4f
3f663f9d
3fdc403a
40204028
4036401d
3fa9bd8d
3fa24017
3f33bf78
bf553fe5
3f90bb9b
3fd73faa
403d3fe7
3f663f0b
40023f9d
3fb63fdb
40023f61
40373f12
bf573f45
befa3e59
40033eca
45d8be91
401f3f92
3feb3f5b
3f4a4032
3f70403d
3e463fa8
bf47bf5a
400a4025
3f993fb3
3f993f63
3f143fd9
40133ecf
40373dfe
bdf9bed7
3fa83e44
3f4d3ffd
3f804016
bd8f402d
3fe13fd7
401f400d
40023fe0
bf573e6b
bf133f17
3fdbbe68
3eb93f55
3f7d3fb9
3f334004
3fd9bf79
400b402f
be0c401a
400dbf21
3f01bc71
3ed2403d
3f8f401b
3f1c3f44
bdbcbf7e
3f833fd5
3fd73f95
400a3e46
3f8a401c
3fcd3f80
3f9cbf1d
bd7fbe62
402f4020
3fe73ed4
becf3c44
bf373f53
4026be98
40333f22
4012c5d8
3e8f3fa7
3f1c4027
3f353ffa
40364024
4024403c
bf2f4014
3f58bf75
beab3d43
bdab3f94
bf353fd7
bf153e79
3fa43fd8
3f97bd0a
3f064036
403a3e25
40193f8a
bf3b4029
40153fa1
3fff4024
40193fdc
3f123fe7
3ffe3f74
3fc54037
4001bef6
3ff33ead
4000bed8
bf143e70
403a4024
3ff24021
3f643fac
bd2e3fad
3efa400a
bd244022
beb03ee0
400bbf21
402a3f7c
40403f77
400e3f2f
3ef23f22
3fc63f39
3f483f6b
3d80be38
3fbc3f32
403ebf58
400a3f34
be51400a
3ec7bef1
45d83ff1
be223fef
3f693d40
3e2d403a
3fa2bf3d
be87bf1c
3e95befa
3f0ebd83
3e1d401d
3fc0bee5
bf463f35
3ff0bf03
3fde3f76
3f123efa
3e6b3f24
3cf84031
be863f4c
3db23f91
3f6dbf7a
bf2e3ec0
3f41bea1
3d134009
402e3ff4
3fb63f0a
bf554034
bdf33e3e
be2a3e7e
3f133fcc
40064011
403bbf34
3e904025
3fa43ec0
3f464009
3f783f80
40144022
bf773ecb
3ffc4005
bf013f51
40173f37
be7a3ff8
40333def
3fc73fa1
3fef3f84
be0e3e85
400dbe16
3e9b400f
3ec83ffc
be4b400d
402c4031
4039c5d8
40353f0f
be2f3fc9
3ffe3fae
3f863e4a
3f8e3ff0
3f873f57
3f89bf5d
3f65bed1
beaabeb3
40343ff0
3f6d3fa5
3fb0bf34
be2d4011
40244022
40013f85
3f843fce
3e993fe4
3eb0bf21
40313f59
3ed8403c
3f63401d
3f3c4038
40393f40
40023f18
3ed1403a
beafbf04
3f1d4033
3f533fa2
3f89be73
3f3d3e79
be334034
3ff24037
bf11be66
400a402f
3f8e3f22
3f73be90
40123ff0
3feabf33
3f7f4013
40224014
3f8d3fa0
bed6bf74
40293fc4
40033f52
3f3f3f89
3f903fac
3f213fcd
45d84033
4037bf74
3fcc402e
bf55bf70
40274023
3d803ff4
3ffa3ef8
be913fa2
3f5d3ff0
3fe73ffe
40144016
40073fa7
3f133fb6
4007bf4a
3f01bf05
400a402c
3fd24014
402a3f9b
40043c1d
4024400a
be774017
3fcd3f09
bec3401f
3f25403c
401c4022
3fce3ec3
3f953e4a
3f43be6d
bf313f69
3ea23fd4
3f1fbf35
bf22bf7d
3e443f86
3fef4010
40104000
401a3f95
bf783ef6
3f813e91
3ff83e0d
bf093f89
3e083ee0
401e4030
3f13401b
bf473fb2
3f9dbe63
4014403f
bf543f20
3fae3f7e
402bbeb1
be87c5d8
3fb4beb8
bd0b3f14
bea84035
401abf7d
3a5bbeeb
3fb03fc5
400d3f94
40283fa9
3fb73fc7
3fc33ecf
3dcf3fea
bf6f4001
3f0c403e
be84bef6
bb713f4a
3fb1bddf
4027400e
3f81bf56
bf0c3fc3
bec83efa
40083feb
3fbc3f59
3fc43f8e
3fe54005
3f963f49
40213f0b
bf7c3f23
3f143e3e
3fcabec9
400cbf35
402e3ef9
3e193ee8
3f223f97
3f82401a
4011bf29
3eb24013
3f04be83
3fc3bf60
bf373f79
3fa03ff7
beb4bf60
400dbe20
3ff63f19
3fd13e74
bef9bec0
3f0bbe6a
4015be34
45d83fc0
3fbf3fae
3f39bf2b
401b3d8a
bf574036
bf0c3d79
be544004
bf47400b
bf553f2d
3f15bf6d
be8f3ee9
3f87beeb
40163f34
3fb43f88
beb84016
3f593ff5
4016403f
4016bd05
3ebb3ff6
40394018
4030be47
bf6f3f74
3f96403f
3f2b3f6a
3fd13f9e
bdb73fb4
bef0401c
4033401a
be023e61
bf61be9b
3c7dbf4c
40013fab
400d3fe1
bea03e94
3f3b3f2d
be943f90
40353ecf
bf5e3edf
3fdd3d46
40213fa3
be84bf24
3fef3f15
3ef4bf2f
3f073fe9
3fa7403b
bd8e403f
40323e66
3fc03fd8
3fff3ef6
3fd1c5d8
3f713fc1
3e79bf6b
3e5b4013
3ffe402f
40083f0e
bf0d3fe1
be574022
3f3bbe5d
403c3fbb
3fb93db9
3d8b3f55
3dbfbf4d
3fb23e70
3f1e4008
3f663fb4
3e993ffc
beafbe2d
4027bf1d
3f7f3f18
bf1c3f12
3f29401f
3f063f0f
3fdf3ecd
3f86bef2
3f354006
3f503d99
bbc34017
3fbc3e85
3f5abf7f
be8a4015
3fc73f47
bef7be33
3f5abf72
3fed3ffc
401b3fa3
40033c9b
3c9f3eab
3fa63ff2
be8b3f94
3f843fdb
3fad3f3c
bf7d3ffc
c5d83f87
bf3ebf35
be323f4a
bcd44013
40333fcc
bd48400b
bf3bbf6a
4006400b
40164021
400f3ea1
40043f0b
4027bc26
3f093fea
3f54be87
40253df8
3e5e3fb4
40044033
403f3fd9
3f493d97
3f854003
3fee402e
3f6d3fdd
3dc84016
3da13f43
400b3fbd
bf6f3fcb
3f16bf42
4040bf43
3fc73f0f
40063ffa
4017bf33
4013bf32
3f7e3d6d
3f9fbf3b
3d10bf25
3e41be9f
3dc63e7c
3fea3ff2
3fbc402a
bef1402e
bea63fa6
3f2a3df9
4009bf05
be8fbeab
3ff7be42
3fc5befa
40143fd9
3f0f3f08
3f66be64
403445d8
be6d3f0f
3f84be38
3f934001
3f86bf2c
3d723dd8
3ff73fa5
bf793cc0
400abf71
3f374002
3fd9bdf7
bee74040
40164017
3d8bbf52
400cbf17
3f303fc9
3f023fd1
3fbf3eef
3e624009
402b4002
3f6d4005
3dc43fbe
4015403f
3fbf403e
3e163f37
3df7401c
3f7abe91
40173c5d
3f153fe8
3f723ff7
3effbb9f
be473ee6
40354010
3fa9bf6b
bf534005
3fa53f19
40294021
3f813fe3
3f423f79
400a3e6f
3fb44020
40133f87
3f9c3fbf
402abe19
bf51bf66
3fc0bd92
3de33d8c
3d493eb9
c5d83dbb
4029400d
3ff43f01
3fc3bf43
3f314032
bea73f38
3f753ff1
3fcd3f86
3f76402b
40293ed5
bf14403a
3f713e9c
40113fd6
3cc23f21
3fd1bf34
3fe0bf64
bf774035
400c4024
401dbec7
40253e2d
3f603fa5
400e3ff7
40363f65
3f4abe7c
4006bf0e
40113ea7
3fdf3fd8
3fa04030
be49beb0
bf683edd
3fd53f80
3f88bf05
3fef4037
400d3fac
40373f43
3ed43d53
40393f78
bf133fb4
3f75beee
3f56bf21
403c3f18
3e213f21
3fc7be8b
bf453faf
bf20400d
3f4b3fc9
3eed4018
3f6abf4e
be9d4036
3fbb45d8
3e093f31
3f94bf04
3f903fab
3f9d401e
403e4010
403a3f86
3f1cbe95
4031bec6
bebd3fee
3fb6bf4e
3f56bf16
3fa4bf6f
4017403f
401c400f
bf754039
bddd401d
40284028
40124031
3f2d3fc5
3f963f05
3f194019
40313fdc
3f6f3f7e
3ccbbdd4
bf013e87
4027bf66
3f40bf3b
bf123f3b
3f79401f
bdbb402e
3fbb3fad
3faa4032
3e8bbf5d
402ebf3f
401a3f83
4039bf3d
3f0e402c
3fc2be69
bf1e403b
bf0f3ffb
3f3e4018
3ec9bf67
403d4038
40233f3a
40283fee
3faa3e4f
3fab4025
c5d83fd8
beecbf3e
4029bf7f
3fc43f89
bc443ee2
400b3fe8
3f7f3dbe
3f91400d
3fcebf17
3f9cbe64
bf3b3f81
3fc43f84
bc653f56
40144009
401fbf75
3c7f4007
3e133db5
3ed9403b
bf073fee
403a3f9e
3e684039
bed84040
3f143f47
3f153e9d
bf51be5f
3e9f4013
3fb83f9d
3fa6403a
3e8b3fe2
bf7a4002
3fd83f9d
40014018
4005403c
bedf3fd1
3f813fc3
400f3f87
3fca4032
bf5b3f90
3fb7bf19
4017400a
bee9bf72
40113ff3
3fa0401b
bf1e3cf5
bf6fbe69
bda8bf5b
4021bf25
bec63f46
3f1d3fff
3f8545d8
bee33fb6
3ff03f3f
3ea53ddc
3fca3f44
4024beb5
3f253f88
be8fbdf8
3f5b3e58
be2cbf34
3f0a400a
3fc9bdfa
be5b3f2e
3eb83e84
bf254038
3fde3ffa
3ed4403c
bea2bf09
3fa5bee9
bf61401b
401d4024
400c3f91
3ff6bf3e
4037bf2d
3f48bf1b
bf43bf0b
40323f0b
3f733fc6
bedf3f28
bf4d401b
4007400d
be1a3fe9
bee33f75
bee7bd6b
3f483fa9
3fc5bd67
3f77bf22
3f633f3a
3f423ff2
3e7bbf73
3f15bd35
3f903fc3
3fdd4014
4008bec0
3fbe3efb
bd8cbe8d
3fdbbf17
bea73db7
c5d83f83
bf193fe4
400e4030
3ec3be95
bb3d3f24
3fb8bf08
3f22bf41
3e543f3b
bf41be14
40373eee
bf633f81
3d59be5b
400f3ff3
40293fb4
40114035
bea64023
3fbabd07
3fe93f63
3f9c3fa2
3ed33f15
400a4004
3e803fa1
3feebe3d
3ffbbe68
3fce3f9e
3fee4030
3fef403d
401f3fad
3fa23e4a
be1dbeeb
bf2a3fdd
3e0d3f23
bcf53f2c
3aa93da4
3f1a4030
3fac3ebf
3ffd4011
401b4015
3f8d4001
4013be6d
3ff1402f
bf0e403b
3f6b4016
403abea1
bec03dc8
3edc3eb9
bec83f04
401ebf05
40324010
bec345d8
bcec3f86
4022bf24
bd3cbf49
4025beba
3fe93fa6
3fed4021
402fbd08
4028bef5
3c77bd8e
bf803fa5
4018be01
4029401a
4038be70
3f133ff3
3f46bf3d
3d95bf5d
3f6e3f7d
be97bf2d
4030bf6f
3f3d3fc3
4013bf21
bf2abf07
bdf1bef1
3feb403b
3f4fbf00
bd74401c
3fc83fb7
3f9d3ff6
3ea7bd9f
3f8d3fbd
bf713ff2
3fc43f34
4033bf07
401d3de0
bf7f3ff5
becf3fc6
3f34bf73
40133f5b
3fdd3ef8
3f973fed
3ea1bf6e
3fe23faf
400c3f88
3f94bf00
bf3a3fed
bec83ee8
3dd44004
c5d8402c
40103ff2
bf5b3e87
3f9ebef1
403f3deb
402bbeee
3e18401e
3fc44013
bf783f23
4012bf03
3f9fbc6c
bed13eca
40164002
3fd13f83
3fa63f3f
3fd93fdb
3c1f4020
3fe03f03
3f853fac
be2f4033
3f153dee
3f88bf0c
3ff03f9b
4035403a
be7e3f67
bf54bed3
40184038
be1c3f08
3f0e3ef5
3ff8bd88
be0b4008
3f953efc
3ff93f7d
3df23fb2
3e85beb8
bf764024
3f343fcd
bf62bea8
40003fc5
40383ebb
3f9d400d
3f073fc3
403bbef4
3ed53f10
beabbf6b
4010bf20
3e22bf72
40333fd4
bf12bf76
bf5345d8
401b3ff2
400b4013
3fa6be5e
3f4ebe97
3fa23fc0
3e5ebef0
402d402f
403e3ed2
400abd4d
3f9b3ff8
3f90bf2f
beec3e3d
3e41be70
bdaf3f87
3ee0401e
3f91402d
3faa3d23
40313e68
3f93bf75
400ebf7a
bedb3d97
4002bed9
bedf3f7b
bf64bf3d
3fab403f
403dbf33
bed33e70
3f353ef7
3f723f3b
4026beb1
bf2bbf61
3e804015
bf203f91
40203fd4
3f04401d
3f2b3f03
40173ebc
40123ef7
3ca24007
3f4d4018
bf1a401a
be594009
3f80bf77
40293eb8
be664011
3fd83f89
3fa3bec5
c5d8bf18
3dbebe79
bf6a3f85
3f8d3ffd
befdbeaf
3dcc3ff3
40153fda
4023bf01
be8bbf1a
bf60402c
be6b401d
bead4013
3ef13f0a
bf02bf64
3f8b3f64
40133f9e
40174019
be0cbe13
3f173e6a
bede3f88
3f9f3d0a
3fd6403c
3bb53f4e
bdc13f73
3f673d25
401dbf4a
3f88bef3
40003e65
bf2f3f9e
3fc73f20
3f65402a
bef23fc7
3fb23da1
3f60bc56
bec43f1f
bf5b4016
bf114004
3f99401c
402e3f5a
bf36403f
bf2d3f8f
3fbe3e59
40373f28
401b3f73
3da0c5d8
3f843f8e
403e4018
40334023
40254036
3f413f47
3ff64024
bea73eb8
be3abe91
4012bda1
3fbe4025
3dd2401b
3f3a3f97
bf463c23
3eb8bf6d
be7d4030
40134006
bf1d3f86
40034011
3fb4bf5e
bf66bd1a
3fbebf18
bf433db6
3bed3f62
3fab3fe5
3fdfbf7a
4034bf4b
3ed7be98
3f8abf45
3feb3fc0
3ed0befb
3fb24007
3f0bbf03
3fc4403b
3ff53fd7
3ebdbec6
403ebcb4
bf59bdae
402d3f21
3fd03fb7
3ff53f7f
bf213fdd
4038bf4e
3ff93fcb
beda3fc7
40203eb8
3d45401b
bf10401c
45d83fa9
bf6e3f16
4022be11
4022401e
bf633ed6
40143f8a
3f89be67
3f384015
bf6abe12
3fee3ed9
3f973ebc
40403fb1
3fa43eb2
3fe63f4e
beb93df0
3f973fc7
401c400c
3f2d4008
bf123f7b
bd98bf18
402f4012
3f693fbd
3fcbbf7a
40173fc1
bed5bebd
bf5e3fd3
bf39bf15
3f334019
bc92be77
bf1f3fe2
4020bc9c
3f0f4018
bf2e3f9e
3fa7400f
401e4039
bdb73fbb
3f1a3fb3
3f364023
4003bf07
3e82402d
3f28be99
3fa83fc2
40203ebc
be703f89
3fe7bedf
3f49be51
3ea1bf3a
4013bed2
3c434015
4033c5d8
beaf400b
4038be0c
3f84bead
3f4c3fa1
bde53daa
3f84bf4c
3ff0bf6f
bf413f3f
3e7e4024
40234038
40223fe4
3f734008
be973f76
bd37bf34
3f90402b
3e13bf7e
3f113e8e
3f58402e
4033400d
402cbd6b
3eb3bf10
4023403f
40243ff5
3fc3be72
3fa53fe2
bf154013
3ff1bea7
3f47bef4
40023f8b
3fa6bf4d
3ef8bf52
3f9e3f37
bf4ebf71
be5a3cd3
403d3edf
401f3f64
bf253fdb
3faa403e
3fa43f4c
40193ebd
3ffd4009
3f213ff7
3e103feb
3f983f4d
3fa83e19
401bbe44
3fba3fe8
45d8403e
3f6e3fe8
3feebeb5
40363e52
3f573efa
beaf402e
40174023
3efc4015
bf3c3de2
3f5f3e7b
3eeabf50
3e85bf13
3dd5bee1
3f893f46
3eba3fba
bdb3bece
bec3be86
bf543fc5
402f3eb0
be1e4020
3f083e54
402e3fbf
bed4bf26
3f853eb1
3e98401a
beca4026
401c3ff1
3fad3e90
40053fc3
3f943f19
3f283ff2
3fba3f27
40283cc6
40393f9f
4021bf55
bf374009
40033fe8
3f4a4011
3f3b4030
40283e66
400abf56
402f3fbe
bf6b4009
3fea3f33
be9f3f9f
403d400a
3f0dbe4d
3ffabe80
3ff34028
3fcbc5d8
be76bf16
4006be67
3f23bf35
bb884028
4011bf1e
40113fcc
bf37bec8
3ffdbf48
3fc23e0d
bef03e3d
3f6b400e
4037bf10
402e3fe2
be744031
bf43bb0f
3fdd4017
40373fb5
3f1fbdea
40103fb0
40213fec
3fb83f9b
3eb83fea
3fc73fa1
bf69bf21
3f353fb6
3ff83e93
3f79bf12
40234002
bedc4013
bf683f1c
bac33fb1
3f83bf5b
3f91bf3d
3f463f19
be233f06
bf2b403f
beef3e0f
3fd33fcd
40164002
3fae3fac
bf39bdf8
3f783f4e
3dffbf0c
bf623fe2
3e9a400f
4020be49
4005bf75
45d8bf7a
be9d3fab
3f54bf3a
3ec54028
400b3ffe
40283ff9
3e644005
3ef63ea1
bece4015
3f173fda
bf733f8b
402a4025
3eb0403d
3f8b402f
be94bea7
3f99be93
403dbec7
3ed33fa7
3e893f80
3fdd4006
3fa33fcb
bf7e3f8b
3f8c3d9d
bf1f3f24
3f653f78
bee2bf29
4030beee
3fab400d
401bbf34
40373db7
3f24beba
40144008
40093f7d
becd3f39
401d3ee8
3f344018
bf224008
40174011
beb74011
401bbe61
3fb13f2d
403bba92
3ec43e88
3ed8403c
3e6e3fa9
3ff63f5a
3f843e7b
3f97bd08
bf6b3f91
4022c5d8
3ff13fe1
3fe93fab
3e5f3f6c
be793ff7
bf753ea8
401dbf4d
3fb43cfb
3ec23f71
3f533ea3
40063fd8
40263f35
4040bf78
3e844004
3ff03f67
be9a3f52
3e933e9c
3dd83f8b
3fa53f99
3f513fb2
3eae401f
3f034028
40184017
3f3fbf09
403cbec6
3f38be92
3fd0bdc5
4032bf65
40143ead
40083f2f
3f213f5f
40173e35
be803f15
3f073fca
3f6d3fb4
3fcf401e
3fb83ec5
401f401d
3eb03e0c
4034bd3d
4016bf57
3f7a4016
3e903fc4
3f88402f
bccc3f9e
bd983f83
4021bf09
bf463fcc
45d84001
3f41bf0d
bf203faf
3d1d3e4e
3fdd3fd5
3f35be1b
bf7d3f9d
3f043f63
bdc6be59
3fadbf76
401c3ea9
3fd53f10
3fdb4004
bf7f3ffd
3ebf3ea5
402f3ff0
be374009
403fbec2
40203f25
3f724000
40243f29
beaf3f07
3e9d3f5c
bed53fa9
3f9f3f9d
402e4019
bf5f4038
3d4c3e56
40103fb4
3f614012
be354006
bc243f09
40224019
4021402f
3eee402f
3e864026
3fd23ffd
bf3cbdaa
400e3fdc
3efa4021
bf423f2f
4004403a
bd93bf27
bf723e57
3f023f23
bf32bf61
bf743fca
40343d64
40043f8c
bf25c5d8
bf5c3d52
3fe1bf37
bf1f4021
3c274035
4005be2f
beab3fcf
401c3fd1
bc0c402f
3d413fae
bef83e49
3f45403b
3f10bf28
bf513f61
40323f4f
403dbf43
3f4f3fad
3fbd3bdc
40383ec1
40323fbe
3f83401b
40334024
3fa93fff
bd9a3fd9
3fdebe35
3f30bd1c
4008bf06
3fcd4022
3f0a3e5e
3fe3beb5
3f024029
bef83f88
400cbea0
403a3f17
bf5c4010
bf513fe1
3ffd3fdd
be954027
bf3e3f51
3feb403c
3df03f6a
402b3ddb
3e44403d
bf773f90
4000bf35
3ed13ea4
3f2fbf52
3c1c4003
45d8bf0a
bf553e37
3d734005
bf193e94
40374028
40033fda
bf45bf45
3fd13fa9
3e3f3ebd
bf7bbc93
3eb13f9e
40163f47
4025bdb6
3ef03fcb
3fb3bf4c
3f6fbef7
bf50402a
3f7bbe0a
4002be9b
3fd1be34
bf5a3e8e
bf373fc6
3d0dbed6
3fca4030
bf563fd1
3f9b4014
3fdcbec3
401b3f71
3ff13fd5
bd2e3efe
3f99403a
40243eaf
3fd63fcc
4040be67
3faf3fa1
402b3eca
3f253fe1
3f0f3ff4
be973fe4
3fe43f55
bf513f85
3f103efa
bed1bdae
3f923f50
3f9245d8
3fe1beef
3ed34034
3f6f3fa0
3e50400e
3fc43fc7
401f3f50
3f343ea8
3f6f4032
3e573fcd
3fc53f9a
3f463f6a
4008bf4c
40134011
bf2dbf4a
40223ea4
3f2b3f42
3feebe9f
4022bcb3
3ffcbefb
3e9dbf06
beaf3ec5
3f35401b
3f2abf26
3f4e3fe2
bdafbf7a
3fe24004
3fb3bf2b
3fd63e8d
bf1e3f66
bd81bf11
4035401d
3fbd3fdc
3f023edc
3f9d3fdf
be54bf57
bf383fa8
403d4019
401d3f4c
bf183f1e
402c3f83
bee6bf5e
403e3fbc
bddbbe95
3fd9bf14
4018bde0
3edd3f4d
3edf3fc9
c5d83dcb
40083f82
3f44be34
400a3f54
3dda3f83
3fe23fb2
3fca3f7c
be9e4036
3fd03e80
3faf402f
3e823e8a
bee03f2b
3e1e401e
3f9f403c
3fd9bf23
3e654040
40214018
3d843f68
3fd1beb3
bf41400a
3f1a3e7f
3fa6bea4
bf2ebe55
bd533dae
3eaa3d6c
3fc83f6e
bf143fa3
3f23403d
bf783ed9
3fe4400a
3f443fe3
40333ffa
3f5bbe34
be8b4025
402e3c36
401b3fd2
3fb64039
3fe23fe6
3f603f02
3f673fef
4004bf41
3f5e3fda
401a401c
401d3f5f
3dc83ff6
400b3e66
3fb4401e
bf194019
bee23ec9
3fd845d8
bf6f4005
3f3f4013
3fd1bed5
3f5f402f
401b3a7e
40223f99
bf213eab
3fc73fb8
40333e1b
3f153f12
3f3b3fd7
40173f78
3f5cbf30
be393fe5
3ea43faf
40293f53
bf57bec2
bf0f3f75
3fb53fd5
4002402d
403f3fa0
3f583aa3
3fcabe10
4001bea4
40174037
402cbec7
3cd2bf5f
400fbf7c
3f83401e
3f943fe0
3fc23fbf
3fa23d4c
3e13401a
3f154002
3f4e3e89
40193fb5
3fa64029
3fbd3ff5
3e10bf6f
40314024
40333fe1
3fc13fd5
3fc53fff
40373ff8
3ff93ec0
40113f8e
3e89bf25
c5d83fc3
3ed2bf64
3ea03d91
40193fa9
3f913c82
3fcc3d95
3f9d4003
be243fcc
3f8cbeb6
40053fe9
3fd6bf2e
40353f1c
be983f43
40074019
3e133e3f
bdf9bed6
401a400c
3fda3f35
4003403f
3f933e37
3f4cbda4
bee53fe1
3ff53e61
3f4c403d
be94401e
bf4a3f18
bf1ebf0c
402d4021
bedb3fd3
40313fd2
3f1fbec1
3f99be9c
40204008
3fc63fff
40044000
3fa43fbb
3f9b3f38
bd3f3fac
4007403e
3fb53ff5
3ccf3fb0
3fedbf3e
403d3fa0
be74bf40
3fc5403d
3e78bdc9
40043e21
40054035
3c744016
be7445d8
3ff5402e
3fedbf31
bf713f0f
3f48bf7a
3fb4be38
4004bf58
400b4029
3def3fdd
bdce3fd5
3e323d8d
3ff7402f
3ea03fe3
bf28bf44
3fab3fd2
40153f9c
bca83fd0
bf1ebf79
3fed3fa5
3f81bf7b
bf773df5
4005bd55
3f8abf0a
3fe44033
bf17bf60
3fb74034
bd8cbf6c
3fdd3d55
3d91beb5
3f434014
3fa04012
4001bf23
3fce401f
3fb4bf63
402a3fe4
3ea53fb4
bf4ebf19
3f333f99
3d21bf1c
be043fe2
3fb23f4e
3f0fbeba
40313f19
3fd64029
bf79bf04
40273f5b
3f90401e
401f3fb2
c5d83fcb
3f513f3c
bf753f9c
be813ee3
bdee4029
4040bf4e
3f963fe4
4037bf79
401f3ee0
bd9e3c1c
400bbf77
3ea94034
401d3f5a
403f3fbc
3fab4031
3e693f5a
be0e400e
3fc73f16
3f17400f
be143fca
3d584037
bf06be1f
40373fab
40063fcd
beb43f8c
be7e3f58
bf2d4036
3fd53fdd
3f693fec
3fde3dd9
4035bee9
40243fc0
3fae3f8d
3fd93fbd
bf303f8b
3f894035
bddbbc8e
3fb53f9a
3fdabf21
3fc04030
3fed4000
4010bf3b
bf3dbe86
400ebf6c
40374006
3f443fb0
3eaf400f
40113e56
3f314006
bf5645d8
401d3f69
bf5c3e08
3fb3beee
3c7dbf00
40093f9e
bed8400d
3f2a3f8b
be083f30
3fabbf53
bf393e99
bf4f3f97
3f214012
401c3ffd
401c3fbd
bf7d4037
bed53ff8
3f593f91
40333f9d
3c08bf80
3fa23fe7
3fc13fb8
bf354014
befebc70
3d594033
bf5f401e
3ffb3fae
bf123cf1
bf4d3fa7
be1a3fac
3efd4038
3f6f3ea1
3edc3fd0
3e233ffc
40353f9c
bf483fb9
bf403f43
40073fc2
3fd93fca
bf033ec6
401d3f98
3c243f4f
400ebe38
bf054037
bf36403f
3fedbf58
3eb2400c
40333f58
c5d83fc7
4013bf35
be95be7c
bf114018
3fa13f75
40373f74
40043fcf
3f6f3fa5
3fb5401e
4007be9f
4010bf60
bee83f9d
3ff84039
bf383ccc
4025bf08
bebf3e02
3ecbbf1d
becd4023
401f3fe4
3fe53f23
3f353f4a
bf334009
bdf83e37
3f853f83
402e3de2
400b3fcf
bf123ff5
3e91be8c
40183f6a
3fa54026
bf733d5e
3ec93e96
4008bf2a
3fccbe93
bf4c3ffa
3fffbf76
3df3be7d
3f804034
3fe4bf59
bf1c3f5e
400e401a
3d98bc8c
befc4036
393e3ed6
401c3ea0
3ea04021
3ee93f4d
40053fa3
3d30402b
3e9f45d8
3ef93f92
bf113fef
bf114021
3fa74033
401f401b
bd094026
3f174008
400fbd1c
3f7c3e8e
40073f19
bf304015
bf21bf14
3e123fd8
3fb8bf56
be373dcf
3fc23fd9
40093f10
3da14023
bf29400d
3fe13fad
3fa93ffa
beb83fdf
bf0f3fa4
3f51bda4
bedf3eb2
40313f1a
3ed5400b
bf393f79
40403fe3
bf19402d
bf2f3fc8
40363ff7
3f1e4037
3febbf55
4002be8b
4040403d
bf6a403a
3ea23ff4
40053f6f
3f453f16
3ef8bf62
401d3f52
40243fa1
401b3e18
be673f6b
3b733f99
3ff33fa9
c5d8befc
40233f5c
3e7f3f92
bd49bf39
bf283efb
3ff5bf33
3f263f5f
401bbeff
403a3fe8
3e3fbf30
3ff53ec3
40103fc4
3e503fc8
bec23f84
bf3e3f1f
be863fe0
3ddd3f66
401bbf4e
40143e22
3f963e38
401ebf73
3f8a3ecd
4005bee4
4018401b
3f673d09
bf0f3f65
3fe23bc7
3fc73fb8
bf57bf01
400a4005
3fccbc99
bf75bf7e
bf29bf1e
40233ee3
3fd63fe9
401b3eb7
3fcfbd2b
3fd83f21
4002beee
3f2d3f85
4001bf30
3f343fa7
3f6c3eed
3fd04002
400bbf59
3f89bf65
3fa8bf50
bf303f1b
3fdb401a
be1d45d8
3f79400d
4024bdee
400dbd66
401e3f66
403a3fab
4030bece
3f363f84
3fae4021
be333e60
3fe8bf32
bddebf42
403e3f93
401c4016
4031401b
3fa94023
3ff93f1c
3fdb4032
3f2c3f44
3f023ef8
4035bd29
3e8e3e91
3f4cbf7d
3f4d3f9b
40174004
3ff83f8b
3e09bf26
3fd8be20
401bbf12
40013fdd
40093f04
3fe7be1c
40343ff4
bdbc3fa1
bf553db2
3f83bf54
3fa43f39
bf68be9e
3fbf4027
3fc5bef3
3ff63ece
bf78bf63
3f19402f
45d83f7a
3f1e3f87
bf543e5f
3f02becf
be0b3f10
3f75be10
40283fc2
3e25400c
400d3fa2
3fc5403c
40103f9e
3fd43f0c
40373f7d
bf36bf7e
bd19bf62
3fe53fbd
3e8b3fbb
3f053fee
3e173fe3
40183e16
40074014
3f853dbf
3ffd3f53
bf013fe4
be8a3ec0
40313f2d
bf03bf1d
3e413fc1
40263ed9
402bbf54
4036bd55
3ebe400e
400bbf18
3fa93e5d
becebbf4
40393f55
3fcb3db8
400e3d31
bf07401a
400cbf33
3f96bedd
3f5e4037
3e25be9d
bf0d4012
4003bf5f
3fcabc56
4023403e
3fe93e1a
3fa53fc3
3ff1c5d8
be383fd2
40394005
3efc4018
40023f2e
40223f1a
bec3bed3
3f123fa5
3f54bf6c
3f8c3fe4
bf5d3f91
4006bea6
3f023d51
3e8f3f4f
bf493f56
3f343f8d
3f34bf5e
3fe64012
3fe03fa1
3f1dbf61
3fb5be1e
bed7403e
40273f90
3d954016
3f8f3fc3
bece4027
3fac3f38
bf7a3e71
3ffe3eac
3f9b3f98
bd71bdeb
be8e3f89
beebbf3e
3f87be3b
be9a3f86
bf5c3f95
bd253f8e
3f82400e
3ebf3fac
3fcd3fef
bf623f88
bf323dba
3db5bf59
bf65bf58
3f86bf09
4022be93
3fff3f88
3ece3f0a
45d83e90
3fe23f81
403e400e
3f1dbf62
bdd33fe0
40293f94
40143fe3
3f7d402d
3f183f31
3fbf3fb5
400bbf30
bf653d70
bf1b3f6a
40363ee9
bd0dbe09
3c723ecc
bf633f47
3fb13f88
401e3fa4
3f85403c
40283e45
be8f3e9b
bf273fc8
be7f3ed3
3f5a401f
be0d3f98
40014036
3f104024
3fc43ffa
3e893e97
bedf4035
400f3fba
3fe5bf07
3ee0401b
3eebbef3
3fb33f99
3ef4403d
3f36bf7f
401fbf5e
3fd53fab
3f013f88
3fb1403a
4035402d
bf28bee2
3faa3ff0
bf263e87
3fae3dbe
bd9a4005
3dec3fdc
4017c5d8
3fd53fcd
beda401a
3fd0bec2
3f1d3feb
bdda3f59
3f793ff1
be4b401d
be3c3e8e
3f444024
3f0bbeb0
3f16be2e
4038403e
3f823f4d
bd9a4034
3fff402e
4005beea
bf603f26
befc3daf
bebc3fcf
be984000
3fd73f65
40254000
3fc23f3c
3c0e4034
40144029
be213f52
3fea3fa1
3f95be91
3fee3f64
4011bf3a
4031be12
3f384018
3f2cbf1f
403d3f8e
bf143f0b
3fa94012
40083fa2
beaa3f4a
3fc23faf
3faebf4b
3f774002
3fe2be44
bf5a3f2b
3fadbe1b
403b3fe1
3fb23fc2
401f4020
45d83fa1
3f6b3f3f
3f65bf02
3e32bec8
3f283fd3
40324021
bf23be41
3f8a3fb9
3f78bf35
bf563fe0
3feb3f9c
4020be77
3ebb3fd4
3fbbbf35
4039bf70
bef7bed0
40153fe1
4038be18
3f473ff5
400c403e
3e184021
3d744001
3f7a3e58
3fc8bf6d
becdbebe
3f79bdb8
3f0c3e2f
4013be84
403f3fc4
3fdc4031
3fbc3fe3
bf56be4e
be42bf69
3f883f0e
bec23fc7
403b3e2f
403a3fc8
40313e87
3f3e3ef9
403cbf6a
bf0c3cfb
bec74001
3fe03f86
4004402a
3c9fbe5e
3f504030
3f7b401f
3f863f73
3e1b3fe9
3fc3c5d8
bf6e403a
3fab3f6a
3ff6402a
3e883fe3
3d873fbe
3f66bf07
bf1e3fe8
400a3f3a
3ea73fb5
bd02bf7a
3e0b3e53
bf544038
401e4020
3f03401a
be86bf6c
bd923f29
40343f54
403f4005
400b401e
40174009
403fbf30
3f6e3f83
3ff64017
3fba3f2a
bf33beaa
be2a3f11
3f5f3fdd
beaf3fcd
40073fe7
bf563e31
4005bf36
3f933f1f
400b4013
be1bbf4e
3ef73ed8
3f363fa6
3f36400c
3f443fe8
bd303d94
403b3fe2
bef7bb8c
3fa93faf
3f9b3ed7
3ffb4036
3ee5bef3
bf6dbf04
3f403ff5
45d8be54
3dc43f55
be174038
be703f91
40313faa
3fbbbf4b
402c4040
be5ebed8
bf473fa0
4013be89
bf293f99
4007beff
4019bf5a
3fc53f50
4006bebf
bf464006
3e8c4019
3eb74025
3fd5401f
3f8d3f99
bf09bf0f
3fb94009
3fea4007
3edf3fe3
403f4020
3fca3fbc
bf46bf17
3fd13f3c
bf66bf08
be9e3f87
4037becd
401bbf6e
be474013
400a3ddc
3fa5402e
4006402a
bf40be82
3fa2bf0b
3f60bf01
4017403b
3f18403d
3fecbf6b
400d3ee0
3f6a3f4e
3f654018
3fca3f2f
3fb14006
3fba4009
bef94021
3f6dc5d8
bf57402b
bf03bf33
4003bf43
40233f03
4019bef6
3ffa4010
3db74022
3fb3bd98
3fa83ff9
3ffcbf69
402dbf7b
403a3f8b
4000be6d
3fac3fcc
bf36403f
3fc3bf78
beac4006
bf273fe0
be973fc8
bf303ef9
3f893fd0
3ff6be0b
3ff7beac
3dce4009
403dbf5b
40054010
40123f0e
401abf60
3f3e3fa8
40373f4b
40243ef1
bf2a3fd2
3e9ebe9b
3ec3bf0f
403f4003
3f873f6c
3fd7bf7a
bf45bf78
be053f75
3fb53f15
3f6b3f82
3eac3f94
3f8a4037
3d2c3f85
40083fe2
bedb3ed1
bf30becf
45d83f0d
3f8f3f89
bf373f45
3e8f3f7c
3f863fbf
3d3e3f35
3db43e9d
bf73bf36
bf3a3fb7
40033ff3
40164035
40194002
bf5fbf2d
3e9bbea7
3f37403f
402e3f6c
3fe7bd1c
3f423e98
bde73fde
befe402f
bf5d3fd4
3f914027
3f9fbdc8
3f323f8f
402b3f44
40403fdd
3fc73fd2
3f6d3efa
bf0f3e60
3f5e4009
3ea13fac
3f9cbec5
3fd44009
3f653ff5
3d823f76
bc823f01
3d503e8f
402b4003
3b803fd5
bdac400b
bd61be76
3fba3f93
3f3f4007
bd6e4027
3eb03f13
40193b86
bf2d3ef4
3e3e4018
3fb13f87
3f9dc5d8
3f123f49
be4b401b
3fa13f84
be80bece
3fda4033
3faa4003
40074029
3fa84028
3f0f3e9b
40164030
3f3e3f0c
bd95bf5e
40033ebf
be3d402f
befc401e
bd293f6d
40163f60
3f953e87
bf3abe72
bed23e59
4039bf77
3f9bbf74
bf40bf23
3f013fc0
3ea83ffa
4013bf78
3ed43f9d
4008bf2b
3ff33e01
3fa73e3a
3f8b3ea6
bf353f33
be98bf7b
401f401c
3f774025
3f7e4028
bd553fd2
3f1abf55
bf54be7d
3f003fdf
bea5bf79
3fe0bed3
bf7d3e9e
be5d4010
3fc3bcf6
4003bf54
bedfbe0e
45d8403b
400c4002
40343fb7
4009403f
3f9fbef3
3fc03fa0
bedd4012
befcbecc
4020bcd4
be9fbf34
bea8bde5
bf233dac
401c3fe5
402e3f1a
3ff3be3b
be984010
3e904030
4034bf63
be5a3f77
40344020
bf2c3fd6
3fba402d
3ee34019
3f973fc8
bf3b3ff1
403d400e
3fd5401c
3d40401b
be9b3fa6
beb43f66
bf4b3d0e
beff3f28
3f32befa
3f6c401e
3fc04028
bed73d40
3ff94023
be9f4016
403d3fad
bef4be05
3fb53fe2
3feabf19
3fa8bf0c
bdfa3f6f
403445d8
3fcc3fa5
3f243e8e
3f3b3f95
403c3f84
3fbc3fae
3ffc3db1
40103ff0
3ff63edf
3f8abe56
3f093f82
40143fbc
3ff63d9c
3d9ebf38
40003e5d
3f86400c
403fbdf7
bf173f90
4011402c
3f734001
40033fe1
be3c3f82
40034021
becebcd8
3fc64033
bf67bf13
40353f15
3ea43e9a
3faabea1
bf77bf30
402d3e98
40073ffb
3fb5bee6
3fca3f63
40013ff9
bf6b3ea8
3ffb3fae
4027401d
3f4c3f8f
3ea83fa9
3ffc3e77
40213f0d
bf573ef7
3f683fbf
bf00403a
400cbf1e
402f4033
3f9cbf19
c5d83f87
3fc34006
bf2dbe8f
bf0d4027
beef4031
402e4002
bead3f83
3f5a3ff9
3f833fb4
4029bf57
3f853c99
401f4015
3fd3bf77
3f8e4007
3f553e28
401b3f23
3fcf403b
3f5d3e9b
400d4006
3ffc3e5a
401e3f44
3fd0bf1d
3f773fb9
bf2fbed7
bec43fda
bb183e15
4000400c
3f033f3b
3f763f8f
3fd94000
40013fe8
3ff7bc7a
bf7b402a
4020403b
3ed03fd2
3fdfbef2
3fbfbf09
3ecc3fd0
3fa84003
3f28bede
3f143f9b
3e38bf6e
bf46bd7d
bf494015
3fdebe92
bf32402b
3fa93f1b
3e63be1b
3fc44021
400d45d8
40393fbe
3fb93fd4
3eda3ef6
3f9c3f19
3eb53f68
402d400f
3eeb3f25
3ff3bf02
3e20bf1d
3eddbf45
3f523fe0
be69bdf7
bf093f62
3fc53e15
3ff9401c
3fb1bf60
3fff3ffd
3ef63e8f
3f693fbe
3feb3f6c
40234035
be133fe0
403dbe3a
400e3f9d
3ea33f9a
3f55bea9
402e401c
bf6c3fcc
40363f81
40153dc3
3e7a3f96
3f823d1c
bf173fcb
3e8d3eff
3f893fa3
402cbf75
bf11bf7d
3efdbf45
bf6f3e26
3fd03f21
3f1b3c63
3fd83f57
3fe5403e
4015bed2
3fa2403c
3e383e83
3e243f45
c5d83f20
401e3f93
3ff03e5b
bf003fe3
403b3fbc
4036becf
3fa73f13
3e713ee5
3ff13e18
400e3f38
3dac3fd1
3fc7bcf6
4039403c
402cbe21
bda23fab
3fdc4037
3d4b3fd8
400fbf52
400a3fc7
bef93f39
bf613fc6
400e3f7f
3fc53faf
3f053f57
bf254002
3e8d3e24
400abefe
401e3ec3
40074026
beb2bf56
bf26bf25
403e402f
be923ed3
3f4d3d37
4002402d
40264038
3d10bddd
be56bf24
3fdc3eda
3eaa4013
4030401d
40213f61
be07be8f
40183f7a
403d3fa1
3f4c3f56
40113e5e
40293fe2
3fb0bf39
400e45d8
3fa53fd7
3fc9402c
4024be66
3fdc4017
3f62be54
3fb4be82
40243fd8
40033f97
bf28bd3f
bed44009
3e90bf7d
3df33fcc
bf12bea3
bf433f97
3f90beb7
3fd43fdf
3ed94014
40344031
3d223fe9
3f913fee
40293f72
4032beea
40344016
3f0b3fce
3f783feb
3fa73de2
3f9b3fb7
bf51402f
bd0fbf3d
402a3fe5
be793fba
bda93db0
bf403fe5
40403fea
40363fd0
400a3fcb
bf633f3c
be30bf66
3f8fbe67
3f81402b
3fe23fa5
40384017
400cbf26
4001401f
3fc24021
3fe9402b
40194005
c5d83f79
bf3f3f02
3f47be03
3f513ffb
3eec3f93
3fc03f38
3f923f05
bde13f6e
3f3a3ff3
3f48bf1e
bf693ffa
3ec83fea
beb94026
40154021
3f45bf17
bda8401e
3e23be83
bf18bf11
bf763fd3
3dbdbf2a
3f47bf66
bf67403b
bf7dbe48
3f4bbe8d
40253f81
40303d8f
3f2d3ffd
3fcdbf1b
3f8e402f
bf623fec
3f45402a
bf353d76
3f9b3ec8
3f984024
bee63f61
3e3c3e2b
3f7c3f95
3f01bf19
3e754013
3fee3f98
3dd03feb
400c4019
3ff93fa6
bf39bf1b
40093fdb
3fea4032
3efc4023
3fa1bf7e
bf124006
402045d8
bf193f3a
40073d0a
3f91bef3
bf77400e
3f5c3e32
3f933f38
3f8d3fb2
402c3fce
402a3f62
3f154035
3f54be9a
40094011
3f974039
4030402e
3f5b4008
3fb23fcd
3f443fbc
beea3fc6
402ebf7d
bf183ec4
3f7d4039
3f883f3c
3f053f94
3f624036
3f3bbd91
401b3ec9
3fbc3f63
40153f57
3fdf400b
3fc04023
bf4c3e17
403bbed4
3f6e3fec
3e474011
bf62403b
3fd54024
3e87bf28
3f35beec
402fbf08
bf29402a
3fc53e97
bf7c3fae
bec0bf06
3fc7be52
3eb24032
3f98bf54
3f8abf63
c5d83f55
3ec2be5b
bd923f44
bf1c3f74
40123fda
bf143fb9
3fc23eca
bf614010
3ecf3fa4
bf78be23
3eb2bea5
3f50be1f
3e053fa1
bee63e8e
400fbf40
bf64403b
bd1a3f70
3f943f92
bf043d93
3ecd3fb3
bec83f95
3faf3f1b
3fad403b
3f94401d
40074027
bf1abe0f
3f103f2c
4006beb5
3f203fd7
3fe03f97
3ed3be82
bf0b3f6d
3f354001
3ed84032
3f9f4022
3fdd3ef5
3ea93fe4
4026bdd2
3f874038
3de0bd92
40273faf
bf27403a
3f38bf2f
4002bead
bcd73ec0
3f373fae
bf753fe9
bf6d3fe0
be323fb1
bf4845d8
3d013f68
3ff8400b
3fae4031
3f92bf17
3fa63ffb
3fe73fbc
4017401b
3eb94017
3f7d401f
3f8c3fc2
4015be74
3d0f3fb1
3f423f6f
401abf61
3f8b4006
40244013
bf6d3fd8
40393edd
400d4011
3ff73fb6
3f89bece
40163fdd
3f554030
4018bf55
3f273ec6
3cb53ed6
3f413fed
bee13e99
3eef3f43
40033fb8
3f54400b
3ee7bec0
3feebf6f
beb63f3f
3d1d4021
3e8f4002
4023402b
be0ebf56
bf3fbd50
3ebcbf08
3fe94026
3e94bf53
3edbbdc6
bd743f3d
3fee4017
3fd83f8a
3e873fb0
c5d8401a
401a401e
bddebd29
3e953f9d
40323de1
bdf54009
3d5ebe86
3f69bf76
bdf33f9a
40343fb0
3f953fde
403e3fba
3f0d3f09
40374015
3fdbbe51
bdb63fa9
be18beea
401a3fa5
3fc53f29
3f223f37
3f95be2d
400c4022
402f3ea8
400e3d10
bf153fce
3eb43dc6
403b4023
40313fa4
3ed94011
3ed03f79
bf5abebf
40104025
be7e402e
3fd53fff
bf64bdaf
400d401e
402fbf6b
401cbed8
3f233fb0
3ec1be8a
3f243d75
3fcd3ff2
40164009
bf0a3fbc
bf37c5d8
403cbeff
3e9f3fe5
403d3fb3
400c4033
3f75402e
402cbe81
bea83fb8
bd613fc9
3f92400f
3cdc3f91
3fb14027
3f6b3f87
40323f07
3f54be3e
be02bba8
3fdd3f17
3fcabf7c
4003be89
3ff23f96
bf463ffb
3f253fe5
401e4004
bd263f53
40084000
bf09bf46
3f293f27
3ffd401b
bf43bf41
3f283f16
3f053f9a
402c3e53
bf393f27
beb0bed1
3f8b4001
4014be66
40293e96
40083f88
401a3ff6
bf23bf74
402ebeb3
3ea2400e
3f83bf3a
bf783f5b
be083dc1
3f543f8d
3cc63f08
3f74beaf
45d83f24
402d4005
bcb13f3f
40323fd1
bebb3fad
3bf43f73
3f013e77
be563f2b
403cbf1a
bf30403b
3f07403b
3fbf4008
4011bf5d
be883f22
beb33f61
3fb9403b
3fa03f91
40184035
3fa4bf2e
3f8b3f7b
400e3fca
402c4016
40393fcc
3fdd4027
3eff3e2c
3fa84025
bc044021
3d444039
3d703f1a
3fa9bd92
3fb84035
4030402f
3e0cbf67
3e503fb1
3f2b403b
bf7cbee7
3ec73fce
3fbf4034
402e3fda
3fc0bf25
4031bee1
40293f9a
3dbe3fcc
403e3e1a
40333f14
3df13d3a
3f363e07
3f153fb6
3ee43fc5
3fa2c5d8
3d643fe3
3f9abde4
402b3fa6
400fbe19
40064039
3fea3ed0
bf034029
be7f402e
3f8ebf21
3f24401f
401ebe9c
4029bf2d
3f673fd9
3fe53e8a
3eed3fba
3f40bf33
3f83be5b
bec4bf39
bee1400b
3f403f14
bf6a3eda
bf6c4005
bf08bf75
bf1ebe04
3f8d3f20
3fb74036
3ee73fd4
3ff43f06
bf303f92
3e593fb6
3fcfbf26
3fbfbf59
3f924030
3fb8bed3
3fc83fc8
bd143f08
401fbf1b
3fd73ea1
3f803ea7
3d863f41
3f79bee3
4016bf79
40113eda
3fa63fcd
3e8e3f6f
403dbeb3
3fa3bed0
45d8403c
bef73f80
bf5f3f90
bf50bf5e
bf37bf46
bca63fdd
bf143feb
3fc43fde
3ff8bebd
be1bbf10
400e3fdc
3e80403d
3fd03f9c
3fa13ec8
3d2d3fa5
bf0e3f20
40213f47
3e6c3ff7
40183f31
3f33400b
bf05beb9
3fdabf1f
403a3feb
40033e3f
40093de6
4018be9b
403c3fe8
3f863f3f
3e90bef1
3f253ff2
3fe23f2c
3f5b4025
bf393fe5
3f8c3fa0
3f123fa0
3fc73db0
bf543fda
3b1e3f01
3f513f44
3e21403e
3e3a3faf
40383fa2
3ff33eda
3ffa3e90
3fd23f1c
bf2cbdfc
3fb43f83
3ff33fef
bf684015
3efbc5d8
3f9cbf3e
bd683eb0
3ffebe70
40233d5d
3f414037
3fda3f94
401c3e98
3f643f19
4013bec2
4034bed8
bf5a3fec
4025403f
4020be90
3f603fa2
3e6e3fbc
3f5cbe3a
3ebd3fcb
400ebe30
400b403c
403b3ffd
3f923fd0
3f774033
3f634020
bf724009
3d74bed1
3fe7403b
3fdc402c
bf4c3e2f
4006befe
3f013f95
bf104016
3fae4006
be70bf5c
3d884038
beb43fd1
bf633e6f
be9ebd63
3f39400f
3ffc403b
3fb64024
400abf01
401d3f37
400e4029
bee3bf4e
bf0e3f8f
3fc6bef8
4020bf7b
45d8bd41
402e3ffd
40133f92
bdd54019
40253f84
401abd8f
4025402f
3fd43c85
beecbe5a
3f3abf70
baef3e3b
bece3f1b
3f933faf
4025be61
4025bf40
bf2e3f93
bf324028
3f893f40
3f65403e
40343f5b
bf6f3f41
3f02400f
401c3e99
402a3f54
4011bf0c
bf3bbf12
3faf3ef2
3fe7be4b
40163ff6
3fc43ec9
beb23ffc
3ea23db3
3e08bea4
bf6abf5c
bf2d3f9f
3ea73fc4
bf693ef0
bf283f61
4020bf21
3f223ef7
3f883f4c
4003be81
4038bed2
3f9f403b
400ebf6c
bf38bf3d
3f293f07
bca73f69
beecbf72
3f9ec5d8
3e023fe2
3f783fb5
bf393ddd
bf4a3f8e
40393f8c
40093ff8
bf704038
be3b3f52
bc644001
3f163fc4
3f86be9a
3f44bf13
3f793f92
3f073fc2
40384007
402c3ff5
403dbd47
4008403b
3ea4be14
bf3c3f1d
bf6f3f3a
3fdabf02
3f5d402d
401abece
3f1bbec0
3fd6bf61
3ed6bef1
bf773d86
3eb3be65
3f063e75
3efabe4b
403a4006
3f9cbd7a
3d93401e
bf4c3f57
3fd93f75
401b3fc9
bf20402e
bf243f52
3e993fb0
403f3f32
bd10400f
bf2f4023
bf45401e
400bbf14
3fb0be4c
bf1d4000
45d84039
3f833fa8
bebb3fe0
3f2fbf71
3ed43f10
bf64bea9
4007bf7b
3f544003
4026be74
3e793e22
3fb43fdd
3febbf6a
3f9f4037
bf4b3fc6
3f053f11
3f97bf1a
3f663f32
3e3d4039
3fa03fe6
3e703fe5
3cbe3fac
3f0b3ff0
beecbf56
bf4bbf2f
4007bf6f
3ebc402c
402abe69
4005beb9
40343fe5
40043fc8
3fbf3feb
4034401a
40383ee7
402e3e99
40113fec
4016be62
bde8400d
3f173f40
3ea6beba
3f5bbf50
402a3f33
bc543fde
403c3d07
bf74403b
3e953f04
3f854011
401a3fa3
3f88bec8
3d3d3f16
3fa7c5d8
40173f8d
bf7a4024
bf72403b
3f5bbee4
3e5c3f23
40324030
3f643fe4
3fb0bd92
bf7f3e15
bf3d3e9c
3f75bf69
bf4dbee0
40143d81
bd1b3fab
3f23bef8
40223efe
40303f07
bef14019
3f903f9b
3f55bf6d
bf183ff3
be31beed
40143fc0
be433d7e
3f923e10
40043fb2
3d2cbe18
be67bf12
3fc7400a
3de83fb9
403cbf2f
40313ff6
3f294036
3ff04039
be023f89
3ec73f8e
3da43fbe
be64be34
3f6b3e49
bd81402f
3f39402a
40014016
bf76403e
3d083fd7
400ebe90
4020beeb
400b3fe9
45d84014
40063eee
bf6c3f8b
3e403fed
3e064023
40293fcf
403b3e72
befebf64
3e1a3fe8
3f3f402f
40023fd8
bf1abf4f
3ff54007
bf453f88
befd3fa5
3ee3400e
3ea33f61
4037402a
3f154006
3fe23fcd
3ff74007
3f16be63
403e3fd8
bf1b3ea9
bc973ef6
3da33fa5
be6bbf43
bf423f95
401b3f6b
bd603f8e
3ec33ffe
40263fe1
3f92403c
3ef73fd3
3ee4bee2
3fa2bf1f
3f763fc3
40393fe6
40133fa4
beef3fd5
3ea93ffb
3ec1bf31
3cba402c
403b4024
3f3d3ea5
40354028
3f933eae
bf503ed0
403cbf4c
4007c5d8
bf76be52
3e81bf09
bf42402d
bed8bf79
be6d3ec7
3f954033
40353f36
3efa3f35
bed73ee4
40123fde
3faa4039
3fba3fa5
3fb63fe9
4005401d
3f863eae
4029becc
40183ffb
40363fd2
40383e13
4019bf71
3fbc3ff6
bf163fd9
bdfb4020
beb7400c
3f053efa
bf803db0
bc9bbef2
3ff13f7b
3fff3f98
3ffabd5a
3fbe3e12
3f4d401b
3ea83f5e
40094008
3fa13f44
3eac403d
bee83fe0
3f844014
3ffd3fa0
3f823f1a
40023e40
3ebf3fb2
c5d83e81
3f5e4023
4001bf3b
3e293e65
3f91400f
3e4e3fe1
40123f8e
3ffe3fa8
401abf1d
3f0e403e
bf3d401c
3fb5bf51
3fe53f79
be254013
3f744012
40273f33
3fa9bf63
402c403c
401a403a
4018bf27
3fe73fa1
3f7a3fde
3fec4001
3fba3f8e
3f844020
3f954036
bf243fbf
402d3f07
bf1c4008
be7bbe3a
400c4015
3f814037
3f75bf65
4025bda9
3f76402b
bf3bbf4a
bf4c3f7d
40193ff4
40383f62
3fa8bd9c
40093e99
3fb1400f
bf3f3e62
40124040
be133fb5
40223ffc
3f963f8a
3ec94036
40183f0b
3fe045d8
40243fa6
bf2a4020
bf773fe6
3e2bbf14
3eb4bf71
3f364010
3f823fb5
bf283efa
4010bf0d
3fa4bee0
40143f42
4002bf35
3fd7bf52
bee33f28
3f563ed2
3f73bec2
3fc6bf69
beb43ef1
3fa14032
beadbf80
bf363fff
bdf83f5a
bf393f64
bf794030
3f2bbf13
bd1cbf22
40094015
40393fe3
3fde3fd4
40043c6f
beed3fa3
4006bf58
4036bdb4
bf753fa5
be95bf76
3f474019
4007bf5e
bdffbd10
3f75403c
3f75bcc2
400e402a
3f213f6f
bf613ffa
3fb33f6a
3f0cbefc
3fa13f4f
3fd3bf0f
c5d83f45
3fbc3d8b
3fbcbf53
bf5a4029
3fd1bf36
40183f53
3fc0bf48
bf2abf50
402c3f9e
bea43fd8
3f8b3fdb
beecbf22
3f8fbea5
4002bf47
4029bf4c
3ee23ee5
3f0c403e
bf793f3e
be81402b
40233ffc
3b04bf63
400ebf73
40313d48
4021400b
3f0a402d
ba1b3f40
400f3fa7
3fe64032
bf343dba
be583fda
be69400f
40123d53
3f374034
40373ff7
be2c3f27
bed9402c
bf5b3fa9
bd333e91
400a3fcb
3f94401e
becf3fef
3f01403a
4039401b
3fd03fe0
3e133f14
40093dce
3fc5bf55
3fdb3ffb
3fce3fd9
401c45d8
3f063fdd
4007bd99
4027beb0
3f413e92
3e6d3f9e
3ea1401a
be8d4037
3f5b3e31
3f7a3f8f
bf37402b
40163e93
3e833fc5
3e934020
3e9a3fbe
3e423f36
bef64013
401a4025
4032400b
3fd1bf7a
be393eb3
3fedbc96
3e2f3fb5
3e11bf48
be953d5b
be4c3f1a
3fc8400b
bf1ebee8
3f283c70
3e9a3f6c
3ed63f05
4039beca
3fc4bc4f
4021bf2f
400d3dca
3f58be6a
402abf50
bea54030
40293fec
4029bf5a
40363f81
3f1cbf7d
3f053f3d
be31bf68
bea43fae
3e4dbd03
3ebf3e2e
40053ef2
c5d8bdf7
be833fff
be884026
be393cb6
bf203fb8
40383eee
3fb2bea2
bf75bec1
3f473fea
3f8c402b
3fd03f03
bf214005
3fc73f87
4004bf51
403e4023
bf32bdb2
bed7bf2a
3fc1bef9
3fb33b25
3e474035
3fa33e79
3fce3f8e
bf4c3fdf
4026bedb
be9cbe81
400d3d36
3ebe3fe2
40353ff2
bec84018
be3b3fbf
3fa0bf2f
3fb23dba
3fce401b
4004bf38
3fcfbeb6
4001beb4
bea4bf22
402b3e8d
bea94021
3f943e05
3fe3bec2
40374008
402f3fce
3f813eb1
3e98402a
4006beba
bd90402a
3fbf3f8a
3fc43f04
401345d8
bee8be0a
3e743f10
3f09bdd3
400d4036
bf333f93
bd254022
402c3e8f
be223fd6
3fb9bf76
3fbabe5e
40274005
3fd93fe9
40233e7a
be613eca
bed23fe4
3f5e3f29
401d4039
3f7f403f
bf113f07
bf52403e
3febbeeb
402f3fc5
3fbd3e7a
3fd3bedf
beed3f75
bf203d93
3fecbf7d
40164004
3c713e90
3fb8bf62
3f13bf64
3d474035
3f1e4012
bec53fc6
3f57bf24
bc2f3d39
be134002
3f753fe9
bed3be50
3fb73fc0
bf033fd4
40163f32
3f434039
40363f87
3ef33e19
3f1b3e0f
be1e3fa6
c5d8bea3
40203de3
3fc9402d
bd1d3f73
3fdc4034
40044028
3f183fc7
40214027
403f3fd4
be79403d
40313ffc
403cbf1d
3ef73f6e
402f400d
befb3f71
3fda3f1f
3feb3fed
bf534039
4020401c
3ed04011
3fa9bf7d
4029401f
3ba5400d
bd6e3f03
bee53f18
bedf403d
3faa402b
be534024
3fe7402a
3fc1402a
3e483f42
3f013fe2
bd6f4008
bc593f77
3dac4022
40393f19
400e4001
bf603eca
3fd83f7c
bf2c3fda
3c1e3f2c
4034bf0b
bf414039
bf57bf29
3f353f74
3fad3fd1
3f283fff
3fcbbf45
bf2b3f97
bea845d8
3efd3eae
3fcd3de3
3ea73eca
bebb3ef5
3e194015
3f303f99
3f664032
402cbf56
3f59be6b
3fe7beec
400bbf64
401a3eba
40243fa9
bf083ff1
3f7a3fe3
40304002
3f3f402c
be0c3fb1
3f9abeb1
be8dbe32
3f69bf1e
3eba4011
bf5dbf2b
400a3f47
40213fdd
3f753f24
bdb1be8b
400ebf0b
4004401b
3f2a403a
3e88beb0
3eed4032
3f933f42
402c3fb0
3cab4037
3fbd3e5a
3ff3403e
be653fca
3f8f4028
bf39bed0
be773fed
3e0ebf10
3fc14029
3f9d3fbd
3e823f8b
bed6402f
3f063fa3
c5d8bdfc
3f8e3f97
be884039
be163e72
bf263fa6
bf264005
40244002
3f693ecc
4001bd12
4025be72
3f22402d
3f9c3f0d
bf13bf03
bf703ffe
be583fa7
3fe4400f
bf15bf4f
3fac3f9a
3d9d402e
3f804039
3fbcbf43
3fafbf14
3fad3ff7
3f5d3ee2
401a4037
4028bf25
402f3fac
bf484001
3ff23fa7
4027beef
becebeed
3f773ffe
bf663fa7
be5b3ff4
40064030
4011400a
40213ffe
3f144012
4038be1a
bf1b3f26
3fdc3fbf
4028bf01
3f31bf0b
3e873fcb
bb964035
40243f07
4018bf54
3f2dbe66
40193f3e
400545d8
bed9bf6a
3f863fc3
bf11beb8
40153f90
3f4bbe8a
3fbc4015
40023f24
3ff94039
bf0fbd66
40013d9e
4038400c
bebb3ff3
3fff3f91
3e4b402a
3fa1bec3
be8b3f86
3f713f81
3e13401d
3e493f78
3f963fa7
4035bf5b
403b3ff4
3ffb402a
beb7bec1
401a4009
3f9b3e08
401d3e4c
bf1a3fe4
3b303e13
3e87bf1b
40043d4e
3ff3bec4
bf533e76
bf19be5e
3fc43fb4
bf293fa7
be8dbea4
40233f65
bed43e0a
3ec5bf45
bf6d3ea2
3dfcbe88
4002be8a
3e023fee
403c3fd1
3f1d401b
bf4b400b
c5d8be8b
3fd6be2e
bf743fea
be74bed2
4020402a
3fc24018
401f3f28
bf5c3fa6
bca73fa2
403f3ff3
40283fcb
bf4f3ff4
3fbd3ecc
40033f84
be74beea
4002bde7
403abf19
bf56bf00
40124040
bd994019
3e2f3ed1
3fcebf25
3f573fa1
3c8b4029
bdc93fff
3f9e3ffb
bedd4039
3fb13fa2
3fedbea9
3ff23f7a
bf323f50
3e1d3fb9
3fa23d4f
3f14bf7f
40103f11
3f984038
bf37be37
bf513ffb
bf3a3ee4
be944025
40093f94
3fd4bec7
3fb53f99
402dbd8d
3ffec5d8
3f20be66
be433f6d
4040bf69
3fbc3fa5
4030beee
401d4030
bf49bef1
3ee4bf50
3ff6bf67
403e3eae
bf01400e
40363f90
beb2bf4f
3e663f81
3e413ff0
40253e4b
40403f4f
bec4bf58
bf733fbb
3fa64023
bf6b4020
3f9c3f63
be994039
3f4f3f28
3ef64002
3e423fa4
402b3ee6
3fd03f4d
3fae401f
3f814002
403a3fe9
3ebabf46
3f56bf2b
beb1bea1
4000bf60
400f401e
3e0a3e9c
becf3f50
bf5ebe8f
3f944032
3ff63fd3
bf633f06
bf2c3ffb
bf113e76
be28bf07
3f463f2a
3f493ff1
45d8401e
40193f9c
3fdb4013
3f98bf4a
40234038
40133f99
40103f64
400a3f44
3fb2bf08
3fbf4028
402f3faf
3f1a3f8d
3fa53f7e
be413fdf
401a4021
3ff63e7a
3f25400e
bd053f61
3e35bf2b
3fee3fef
3f52bf2e
bf703fc0
bf284039
3fb93e9c
401f3f75
3f1c4013
3f753fc1
4002403e
3fecbd07
3f313e18
bf58befc
bef83f1b
3fe63ffc
bf2dbf46
3f4fbf30
bf22bef0
4007bf7f
bf423fde
3fa03f93
40403dfe
3e603f9c
3e624004
bf09bf32
40353f2a
402f3f11
4009be02
3fe13f60
3f6dbea3
3f52bda9
3e90c5d8
402d3ea3
3f6c4017
3ea1bf0b
40293ef0
4029be57
3f883eb9
40014036
bf67400f
3f6e3f96
beb9bc1f
bd6dbf4d
bf1e400a
3f3b3f0c
3fdb4012
3f76bf33
3fa13f95
bdb3bec6
bf23be71
3e8a3f77
3fce3fcb
bde43fbf
3fbf4029
3fd23f95
3f813e41
be533e91
40233db5
3f883fec
3fa63e05
3fc33f36
3f32bf4f
401b4037
bdf83f95
40003fd5
3f374010
bed4bde8
3f94403d
40093fec
bef03f3d
bdd03ff4
402f4036
4036401f
bf473f6d
bf0c3f23
3fa9bf77
403a3f91
3f53bf2f
3fdb400b
45d83fb1
3f27be8a
3f953e27
3fa94005
3dfa3f97
3f8c3f34
3fd0be85
3f144019
3e6f3f17
3f1b3f81
3fae3d94
3fcfbf64
bf353fd5
be98400f
3fa43f0c
bf613f8b
bf47bf5f
bf413f5c
3f864018
40113fe5
402c3eaa
bf304039
3d853e42
3f933fdc
40103f6b
3f1a3f90
3fb1bf69
3eb5bf16
4018402f
bdbb4036
403f3faf
3f913fd2
3e7a3fa0
bc81400c
3fdb3fc0
3f884026
3fa24039
3fda3ff1
3eeabf71
402a3ce8
bf62bd0f
3e0b401a
4037bdb3
3cf23f71
3fd93f96
3fb34010
3fff3fc6
39fdbe8a
3f49402e
3f4dc5d8
3dab3fb9
bd1e3f56
40093ff7
3e85bdab
be6e3f2c
3fa13f60
3e4d3f31
3fcf3fe3
40343fb1
4027400c
bd84be93
40104040
3fb54039
be2a3f6c
3ecc3eb7
3fcebe88
403fbe0f
3fb33f13
4016be81
4011402c
bea24020
40133cfe
4005400f
3f233fe9
4030bd98
3e9f3ff9
4031bf0e
be54bf1d
3f083f0b
3f484021
3d17beca
3fb83f52
400c3fe9
3eb44019
bf46bf40
402c3e0c
3ff6beab
401f4009
3f2fbf6c
40023ff0
bef0bdbf
3e56bebe
3f924039
3f70be9b
403a3fbe
3fb23fe2
bb2fbf31
45d83fbe
3fd83fd6
3f8d3f88
40184021
3e9ebf52
4037403a
403f3dd3
40213f99
403d401d
3ffdbf4f
bdb1bea8
402dbd59
40384007
bea9be9d
4016bebb
3f503fbb
3f054026
3f734038
4034be7e
3f283fe0
3fb1401b
401a4007
40324040
3f0cbf23
3ff2403d
3f373f7f
3fe53f5f
bf78bedf
bf023f3e
3fc63ee2
3da23f4e
3ff64021
bf1e3fc4
bf5f3eef
bf4bbf32
4022bf22
bf79bf3b
3fab3ff0
3faa3e84
3fc03fe7
3fa53fb4
40203f05
3e003f74
3f583fde
bc4d3eab
3f9b3f3e
be0bbe17
be693ff4
4038bf12
beeac5d8
40363fab
3fbc400b
4010bec0
3fa43fd8
befc400b
403bbe9d
40183fdf
bedb3f1a
3ebb402b
bf06beed
3fc83f80
400f4010
40203f40
3fe8bf6b
3fbc3f0e
3f6cbf40
3f02403d
3f34be56
3eae3f70
3f793f9f
40303fc6
3fff3fd9
bf17403a
39c43ff4
402c400a
3f3f3e4e
4009401a
401d4025
bf41bf49
3fd5403f
bf2dbf33
4021bce5
40313f47
3e98bc41
3f583f52
bf563fcc
3eca401a
403f4034
4030401e
3fc54011
bf703f91
3fc93fa7
be71be4f
400bbea7
3f0e3f96
40023f1f
3f88403a
45d83f5f
3e113ff7
bf1cbf3f
3f3c3fbb
bf40bf38
be193fee
400b4016
3fb83fc4
bf46bd72
3f2dbe1d
3f9c3f9d
40313f9b
3f6ebeca
3f1f3fee
403b3f9f
4017401e
3db8bf60
401b3e8a
40384029
400d402e
bdb23f78
3fbd3fda
3fc43f44
3ff5402d
3fa7bebe
3fdd3f73
bf614000
3f8d402a
40343fbc
3f8c3f2c
3fb7bed4
3d413efc
bf313fb4
3f8cbf2b
3f24be84
3fa8400d
3f9f3f4c
3f9e4032
3fe4bf32
4036be79
403d4001
3fb63f8a
3ec33fb2
3fae403b
40353f62
3f29befc
3ff63f9b
3ed84033
be5cbf7c
401dc5d8
bf23bf6e
3dc34034
3faf3f90
3ff34013
3fefbf05
3e444007
3fb33e08
3fe83f28
3f70bce8
3f04be93
3e973dd4
beda3f32
3e6ebe9b
3f3f403e
3eb7bf4d
40323f23
4025be4c
40083e03
bf3d3ca6
3f023f9c
402d3fbe
bed33fb3
3ed73f16
40183f70
bf383fe6
bead3f42
3f6dbeb0
3fa03eda
bf734016
3fe14028
40083f46
bf7a3ff5
3f79bf5d
400b3fae
bea1401a
bf373fe8
beb5be1d
3f933f2a
3fc5402a
3fb7bf14
3fb73fb2
401b4040
beaf3edd
3ff6be97
403abf5f
bea0be34
3fabbe5b
45d83f93
3fafbf70
3fafbf62
40264024
400cbf51
3fea3f98
3ff2beba
bf5a400f
3f2d3e69
3e713f9b
bf393f0c
3f863f22
40383da2
4033bd96
bf153fd2
3f6f3ed4
3fbc401e
3f74bf31
be884023
3e643ff9
3f854014
3de13fd3
3f593fc7
3fdf3db0
be5f3f25
4036bd69
3ffabd06
3f9a3ff2
400b3f58
3d174029
40103fb4
40123f88
3f8b3fe6
bf6e3e63
3fe83ff3
bf44bf7c
40203f8d
40374009
3ee7400a
3f1d3fe1
3fc44011
402b3b7d
bdaf402e
40223fca
3f4145d8
3ebf4032
3fbe3fb4
bf173fc3
3fbe4016
402ebf5d
400e400c
3f51bf79
3fa43f21
403f400e
3f8c402a
3bc4401b
3fcfbf43
40263fb7
3ec0be82
bf763f94
3ff33fde
3f763f6d
3e993f63
3fecbe9e
3f92bf6f
4034402a
40244008
3f8a3f91
3ecf3fb6
3ecc3e4d
403bbe8e
bd583eb8
bf123e51
3fda4025
3ed2be0f
3e473f05
3fef3e68
3ebfbf08
4011401c
bed13f97
3fa53fea
3e103fc9
3f193f38
3ffcbea4
bda24015
be3f3d84
bf773e08
3e604003
3f9c3f67
bf354035
beb73f12
40403f82
c5d83e88
befc3fc3
3f64400a
3fc03fcc
403c3fed
3fda3fa4
3de63ffc
3f4a3fea
401f400a
3f2dbf6f
3e2b3f91
bf573ffe
be503fab
4038402b
bf7a3f8f
40053faf
bdd9beed
400dbf79
bf473e94
bf7b3fdf
3f0f3fde
403b3f67
40363f1a
40273fd9
40054027
be594038
bee83f48
3f783e56
be063fe2
40143d40
be82becd
401ebefd
3fda3e91
3fd33fc6
bdbc3f0b
bd85beb6
401a401d
40203fb8
3f813fdd
be11402c
3eb6403b
bf5e4017
3dc4beb9
bda0bf07
3e93bf6b
3fdebebc
becfbed1
bef03f19
be7dbf13
3fd145d8
4028bf73
3f383f77
bed2be09
3fe84025
be774004
3fc93f7e
40213fc3
3ea63f57
401d3f86
bf19bf80
3e973e83
bed03faa
bf71403a
3fde3fc5
3fe7bbab
402e400c
3e653dc9
be63403f
bdf93f7a
40014027
3f704035
3fce3d75
bf204017
3feb4033
bf3a3f43
bf014036
3f6a4035
3eea3f35
be46bf2b
be9d4011
bd503df7
be8d401f
40353fb0
401ebf25
bed4bf7c
3f5fbebb
3ffb3fc7
be1b3fa3
bb1f4011
3f913f8f
3ff44030
3ecebe7f
3fd93ef3
bb924019
bf093f8b
400d4022
3f8d402f
c5d83f97
3fa93e0a
bdd23f0f
40344038
400c3fc4
bf4f4013
3fe93f05
403bbf61
bf7dbf42
3f843f75
402abe1f
3fb93fbc
be203fb5
4002400b
3fe8401e
bf453fed
3f86be86
3f944038
3f853f3a
bec83ed8
3f163f33
bf5a3ff6
3fd14005
3fd8bea6
3f8c3e68
40003f3a
bf303e95
3ea6bed1
4012bf5f
3e52bf3a
40214006
3f953fa5
4037bf4e
3c113ff7
bed13eb7
3bb1403b
3f9c3f27
bf674021
3cae3fc8
40123ea7
3f413f8e
3f16402f
3f5d400f
4040bf38
3ffc3fd7
bde14031
40053e0f
3fcd401a
401b4006
3fa945d8
3fcd3d75
be783e00
3f983f8c
40284020
3d21be84
bdfa3fcd
bf743fd1
3d184006
403c4024
40123fb1
3fc33e6b
3f0b3f92
402f3f57
bf01be3b
3f083f57
bf543efe
3fb03fb2
3ed9be3c
bf5a4009
4038401e
403a4015
3e67bed9
3fc6400e
3f293eb9
bf513bd8
3f9b4031
3f5d3c86
403a3f3a
403e3fc3
3f6d3e64
3ec63fef
be79402e
3dec3fb9
3e933f75
bf4bbf57
bf023f37
4008bf74
3f3bbe8c
40343f21
400d3fa0
3f87402c
402f3f8c
bf6f3fab
40143ebd
3fabbe2d
3e9d3d51
bf754003
c5d83fe9
3fa23e33
befe4011
3f05be32
3f243c8f
3ed13fb2
3ed2401c
3c533f9f
3ecabf2a
40123fa5
beefbf59
3ef53efc
bef93f54
3f253f6f
4030beb0
bef73f9d
40173f4a
4039bf6d
402a3fe4
403d3f3d
bf243f8d
be513fac
3f904038
3f543fdd
40193f17
bd7b4035
bf344026
3ff33feb
3ff6bf2a
3fa43f79
40153fca
3ec53e06
4030beca
3f2f3f13
3f8d402e
40113f32
3f45bf30
3fd0bf5e
3eee4008
40344018
bc0c4035
4039beee
bed83f97
bf3c3fb6
3e15bdd1
3e624017
3fe9bed0
3f864031
bedd3d9b
3f4e45d8
40183e7d
3e063f9f
40083d87
4012402f
40394021
3f1f3fc9
4004bebb
40173f98
3e1d3e89
3f883f34
3fa23fa3
3f0bbe4d
3fa9400f
3fef3f8a
3fdebf33
3f923f95
bed43fd4
401fbf68
3f85bf65
bf373d6f
40043f79
3bff400a
3f92be43
3fd8401a
401ebde4
40384037
3fdcbeb8
402c4003
bef33fcb
3f7a3fa6
be9c3f8c
3fed3f31
bd6f3ffe
3fe8bd4d
3fccbe53
bf464018
401a4013
40083db6
402e3f7c
4038be70
bec44037
be38be89
3e9c3f1b
3f023ff5
40223f1e
bf14be24
bedbbd52
c5d84028
befebf5f
3f974032
4001400a
40263fa7
3ff73fec
bf2f3edb
40243f1a
40194011
3fd63f36
3f683fa0
3ef0bf69
3ff93f98
3f313f64
bd303e99
3fbe3e93
40204018
3f283f80
40063fbf
ba0fbf3b
3fb33fcb
3fa23fed
3f723f4f
bf1c3fe6
bee1be85
3febbf7b
3fa23f99
bf7d3fce
3f09400b
bf173f05
3fb73ecd
bf403f32
3f7a4031
bf123ffd
3d99403d
bf65bec2
bc973d87
be5f3ecc
3f41401f
3fdd3f86
3e8a400b
40403fa5
bf543fe8
40133d76
3fd3be5a
3ff43f33
be92be13
3f613fce
3fddbf2c
3fca45d8
3f4b3ea2
3d953f05
40263fc8
3ffd4028
bee13ec2
beef4023
bf1abdae
3d2c3fa9
3f143f9b
40003f36
40024021
3f3f3e5c
3f624010
be023f31
bd47401e
3f30bf4b
3f083f9e
40334014
bf77bde3
40024007
3f49bf78
3f02bf6b
be423fd7
3eef4023
403bbf5a
3fcc4027
3e454017
3fdd3f35
40394003
40253fb5
401d3e1b
3ef83fb5
40043f30
3febbd65
bf7cbf6f
40024002
3ec1403b
3fedbf48
3f603fa0
bd9d3f88
be58403b
3fab3ea9
403abf41
4000400a
4037bf31
3f173e74
3e4ebda2
c5d83c6b
40083f0d
3f473fcb
bedb3f68
bf664012
3f773ffc
3f8d3e6a
befd3fe8
3d143fda
3fe3403d
400a4030
402e3f3b
3fca3f7d
40204017
bdb03f8f
3fd6bf35
be8f4006
beba3fd8
3fee401b
3fd93ed7
3f52400e
3f0d402c
40103f9e
402fbe85
3f21bf7b
bd094019
402d4018
bf7ebe5b
3fb33ea0
be6d3f8f
3f204039
be5b3fcf
402b400a
beb13f79
3fc1bf6d
bef33ff5
3fa43fbc
3f31be81
3e363fef
3ff7402a
403fbe82
3fc34019
40223da6
3fcf3ff8
3fbabd9d
403b402e
bf493ed5
402bbe1c
3ffcbea7
3ff545d8
40124000
400b401d
3fdbbf40
3fbd3f2c
40034029
3efb3f93
3f1c3feb
40033fef
3fa5bdc2
401e3fc8
4028bf3e
be17bee7
3fa03f95
3e9a3f84
3e273f9f
3d52bf1e
bf323fef
bf2c3fa6
3fd6befe
bf4a3fd1
40363fa6
bf233f94
403ebe34
40074010
bee2bf39
3eb04000
400d3ea6
3ea43f02
3f494034
3f9f3f9e
befdbea1
bf52403b
3f30bf7c
3f844020
beefbf04
bdf83ff0
3ead4013
4010bd3c
bf7c403a
401d3e16
be46bef4
3e553ef8
45d83ef0
3f7a4033
402b3f93
3fe73fce
be723fed
3f45402b
3fda3fc4
3f673f82
be48bec3
3fa93fdf
bf3e401c
3f223e47
3f883f36
400b403a
401f4039
3fbcbecf
3ff1bf3e
3f65be6c
be33be83
be27bf33
be09400a
bf693fcf
3f43bf17
3fc7bf10
400f400d
bf7d3e9b
3fa13ffb
4015becc
3bcf4024
400ebf17
3fd73e36
3fea402d
4013bf09
bf673f7e
40224016
be883f83
3e763ee6
4023beb9
3fed400d
3f494004
3fddbf74
3fd73f52
4016400f
3f843f9f
bf783f20
3f56beae
be8b3f9b
3fe03dd4
3f89401e
4034c5d8
3fe13fdc
bf213f13
bd97bee4
bea83f97
bea9401e
3f753e2a
3fa83e93
3f66401c
40303f68
3f923ec7
3f4f4007
3fa13edd
3f843f87
3ff33f72
3ffbbded
be0c3eca
401bbf60
40103fff
403dbe91
3f5c3dd8
400f4026
3f673f8a
40094033
bcbc3fc0
3e66bea3
bf75be82
3f5b3f88
bf11bd8b
bed7400f
bf223fc6
3fab3fff
3f9a3fef
3fcc3edb
3fa33d67
3d503f8d
3e833f4c
beddbf05
4019be65
3ff4be19
3fd63e8f
be963f8e
3e5e3edc
bf2d3fe9
bf6a3dfb
3fd24008
3f064012
beaa3f8b
45d8bf57
403bbf3c
bf64bf62
be89bf6e
403c4019
3f214026
3eec3d1b
4023bb31
3d2d403a
3f3b3f86
3f90402c
befbbf22
bea1403f
402e3fa7
3f6c3e65
3fb94037
3ea04004
3fb33f66
beaa3f7a
40303fcb
3f044030
beaa3f98
40003ead
40153fc3
3f523f6a
3fa0be81
bf473f9a
3f574012
400e3fc5
3f224027
3f923e5a
3fcc3f6f
3eea3f85
3f0d3f97
3ec0400f
3f73bef1
4004bf54
4025beca
3f8e3e99
3ee23fc0
40383ebe
bf39400e
40023fba
3f103ea3
befa3f84
3ffbbea6
4024be70
4012bed3
3f173f10
4015c5d8
3fb53fde
3f3a4021
3fa43fe0
3ff93fde
4028bf7e
3e3f4009
3e0b3fcb
becb400f
3f183f5b
bec6bd0e
3fcc4033
3e4a4038
3f014006
40163f46
be96bf5c
bf113f27
3faa3ff7
40264018
40244017
bf593faa
3fc03f53
bf11401b
be54402b
bef0befc
3d4a403e
be444019
3f9bbe95
3ef54024
be263e5c
3e09be0b
3f854005
bf234010
be8a3f07
3f3c4014
3e3b3f1e
3e63bf1a
3ff43fb2
3fdc4010
bec63deb
3d173fcb
bf24403c
3ffe3ff2
3ff04022
401d3db5
3f923f57
3f82bf05
3f3bbe2b
45d8be5b
3ee4bece
40124011
401b3e97
bd144012
3fc64037
3eaf4004
be49bf15
3f83400c
3f9d402b
3e2bbf67
40113f8f
3fe64010
4028bf20
3ffbbf3a
3fde4025
3dc03f37
3fc33f6d
3c444013
4013be9e
3f47bf58
40193f33
3e7c3de5
bf28bc64
3e43be10
3eff3fb8
3f0d3fde
3fcd4004
3fa93f32
4029beda
be8a4013
4030bf39
3f9bbf69
3fb04030
3ff63fbb
40123dbf
3f594038
40193fa1
3f8fbee8
3f423ed2
403e3fa5
3fe2bec4
40243f7c
be9a3fc3
befe3fce
3ffabf75
3fc73e2b
3fcfbf6f
403dbeba
bcfac5d8
bd5f3fc7
bf42bd59
3eea3f58
3ebf3fba
3f72bf44
403f3f9c
401e400c
3f56bf5f
bf2a3ebc
3faa402a
400cbee9
40324035
40193f94
400fbdaf
3fbdbefb
3ea13f33
3f4abede
bf7bbdb9
3f953db5
3fe53fc9
3ece3ee1
40044008
3f1b3fc1
403e400e
3fc6be34
4028bebd
4035bc15
3de14026
40144033
3dfe400f
3fb83f83
40383f78
be0d3fc0
40204008
40163e8a
3e9ebd5e
3fdcbecb
3db34038
3e0f3ff6
3e9d3fbe
3f28bf3b
401d3f95
3fa9403f
3fe03cee
3f7b3e53
3f9abe11
40214001
45d84039
403c4007
3f603f17
3fed3f85
3ded4016
3fc6bf69
3f78bf3d
3f4b3f94
402e3d2e
bf293ef2
400fbee6
3f9a3f54
3fbc3f07
4026400c
bf1a3f97
bd843fad
3f2c3f8e
bf4fbeda
be78bf38
bf394006
4039bf4d
4011bf58
40123f38
3e90bf1a
4014402d
40013fc4
40243ffc
3fba402f
3ea3bf66
3ebe4023
bdca3e11
3e98401c
3e7c400b
401c3fc3
40223fb6
3fd5bec4
3f6d3fba
3f203f56
3e863f27
3a9e3dff
bee94020
3fe7400c
40384014
40063fd9
3fc63f8c
3fa03fec
3ea93e3b
400c4031
bf2d402b
3ff2c5d8
3f9f3efd
3e66bf2a
3f68bf3d
402d3fd8
3ff53fe0
bec03f81
bf383fd1
be9b3f9f
4019bed3
3f18bef9
3faa401a
3f583f6b
3f5f4009
3f104020
be603f11
3f94bf16
3fcc3fdf
3f3a3ff9
3fe5bdd0
4013bf1e
40053fa7
3f143cc7
3f034023
3fa43e8f
40033ffc
bf343f9b
4012bf01
3ff43f71
3fd4400a
40093f7a
3fa5401e
4016bec8
40353fb2
bf203eab
40314024
3e10be07
be1f3f5f
be954019
403c3fbc
3e75be6d
be45bf5e
3fef3f9a
3fce3f85
40224002
bed9be1f
befa3e13
bf04402d
45d83fe5
bf10be29
bcf4be52
40113eb5
bf734028
bdea4000
be6d3f36
403dbeb9
3f194025
be9b3ff5
40053fb1
4012401b
3f1bbf24
3ff13fa5
3fb8bdd4
3f843e56
40114030
bdffbf58
3f8abf0a
40083fac
40293fe5
bf014011
3fed4008
3ea73f6d
be683fda
4040bf29
3e953f70
4023be1d
3fa43f28
bd274014
3f533ff2
bbffbea7
402c3e5c
be1cbf3b
bec83edc
40213fb4
401ebcb6
401c3fc5
4020bf1b
3d92bdc0
3ff43f57
bd884024
4010bf14
3fc6bd40
3faa3efc
3eef4034
3f6b3fa3
bf263fe7
403a3ff5
3e1bc5d8
be2b3fb2
3f4c3eaa
3fbf4003
3ff44039
40203ecc
3fae3f19
3ffd3fdf
3f823e68
3ede3f1f
bf424006
3ff73ffc
bf3f3f6c
bdb8400b
bef33f89
bf293bf1
bf144025
bf614008
40063f61
3f913fce
3ff23f5d
3fdf3fdd
3ec23f9f
3fd4bf76
bee53f04
3f81befa
3f273f7a
3f394020
40123ec4
bcec3ecc
40193efc
3fbcbe28
401a3fb7
3f3f3ecc
40284026
403d3f98
bebb4005
3fda3ea7
3e823e08
3fde3fb4
bd42bf7a
3fdb3fbf
3f75bf5f
3fed3fa3
3fa13ee4
3f9cbf71
3fd73ec3
3fc04002
45d84036
3d363ea5
bf62400b
3f87403f
be8b3f0a
3df24004
40043fd3
3fab3f42
40043f83
bf114036
3e8a3f99
403dbca5
bf5c4038
40083ea6
3fffbe93
3f3d3f3d
3f30400f
3fc33fe8
3f013fcd
bf07be8d
3f90bd83
4034400b
3fcb3f2d
4010bf21
3fd63e8a
3f9b3fca
40343e54
be9e4025
beee3f45
beaabe76
3ff9400f
40233f08
3f9fbe84
3fbd4028
3f403fb4
3ff4bf77
3fe13f4b
3f963fc8
3f944004
4022bef9
3f96400f
3fa83fbe
40053faf
3e923e9c
3fe945d8
bf463f16
40143f8b
3f8a4007
bef1bf6c
bf713f73
bf6bbee9
3ffc3fbb
401d3ef9
3f98beca
3f09bf0b
bf6d4004
3e00be07
40023fa3
bed73f3a
3f64bf62
40403fae
40034027
bf7e3e88
3ff63ffc
3f8fbdb8
bd9f3f08
be3f3ff3
3fd3401f
bf40403f
3eeb3f2d
3f583f85
3fd74008
403b4013
3e9c3e8b
3fb53fd8
3e79bf60
40123fea
3f7f3e76
40053f86
3f1dbf53
40003f48
be85becc
bf1dbf18
40143f97
3f46be19
bf4b3f83
bec9402e
40124018
3dd7bf53
3ee24011
400d4021
3fa53e40
c5d8bee4
bf023f89
3f2cbdeb
bebe3e65
3fc5401f
bf2e3fbb
3f8e4014
bf713fcf
3ecb401c
3e3fbe4b
3f8a3d0a
3fd93f8d
40123fd3
40324021
bf753f4f
bf5c403e
3f79bf64
bec1beea
4004bf3f
bf693f90
bf7c400d
bf7cbe58
3bffbefb
bf70bc4f
3f1f3fc7
3f84bed7
3fb14021
403c3dac
3fb53fc5
3f08bec8
bf703eff
400abf30
bf4ebf40
3e97bf3f
bebf3fcb
3fb93feb
3f803d48
3fe5be9f
3f934004
3f72400c
3e1f4035
bf0fbf79
3fcd3ecd
3eb83f68
3fb5403e
40283fe5
3fed3fe0
3f9a3f9c
3fcf3ea9
400345d8
40263de4
3f53bf4a
3f1c3f8c
3fbc3f32
3f833fcc
40013de0
40053f60
40033fbb
3fc5402e
bebf402d
4010400c
3f153fc2
be90bd42
3f804009
4001be80
bf3e3f78
3eb44029
3fb6beeb
3f223f88
40313ecb
3f26bf7e
4031bee6
4040bf4b
400e3dbb
3ecfbf0c
40173f36
401b403b
bf50400a
be2a3f68
be823f62
be433e18
bf0c3e54
401c4001
bf134006
beedbe82
3fe13fbf
400c3f96
40003f80
40134032
3f273f7c
bf333f0b
bf5d3fa5
3fee3fd2
befd3ef0
3e87400f
3fef3fd5
3f56bf60
c5d8be04
4010bf66
3f4b4029
3fa03ebd
3f3a4020
40363f4a
bf543ed7
bf29be98
402b4007
be21bed3
bf71bf5b
40084030
402ebf66
3fc34030
bf013ff3
bf36bf28
3fc14010
40114005
3f9e3ebe
3fa24021
3f8a403d
bf224021
3f303fa4
401abe0d
402c3fce
403b402c
3ff53e8f
3e253fa3
3e763bf7
40113ef6
3fc43e4b
3f61bf68
3fd03fd4
3f553eb2
400b3f94
4005bf68
3fdc401b
401c3fc9
402d3f3d
3eb9bf7c
3de94024
40334019
3ff73fc6
4028bf34
bf513f97
3f943f08
3fcc4037
40383ffc
bf1c402c
3cab45d8
3f944036
40224020
3ea03f40
401ebf2d
bf493fd5
3ece4000
bf7d400d
3fad401b
3f063e4d
3ffb401b
3efabf0e
4010bf5f
3faf4023
4021bf25
4001beeb
3ed33fab
3f513fb0
401f3c18
3f72bdc7
40214002
3edb3ffd
3f673fd0
3fcfbedd
3f6dbe02
bd813fda
be2a3f52
40043e20
3f464035
401bbf4f
3f8c3ee8
3f9d400a
bf4f4022
3e9a3fe7
400e3f89
3f00bdd2
4017bf61
bed83d5b
3f9bbf07
bdb83f08
3fb23fa7
3ee23e7b
3f853f2e
4004bf2e
bd7a3ebc
bebbbefc
4006bf0e
bf4dbf07
c5d8bf1a
3da5bf00
402b3f9e
40023f9a
402d3eaa
3edabf1e
3e193f97
400b4022
3f10400f
bf413fa2
401e3f2d
3e554029
40343f3d
3c8d4025
3f343f82
bf263dba
401abf05
3f8dbec2
bf56bf0e
3f9c4035
3fef3fe0
3f39402b
3ff03eb9
3f6ebef3
3f4a4001
3ee43e32
3f8e3f79
40063f96
bf2bbf36
3f2b4038
bf263fbc
40133fbd
bd183f49
bf393fb5
401b3f32
bdce3e08
3ee44012
bf26400f
3ff43fe4
bf2b4016
bf5e3e2b
4028be91
bf343f89
bf7e3f28
4031bf2e
3f343fb0
bf08be54
bf113fe9
bf0bbf6d
bf2445d8
401cbe9f
be973ffd
3fa53fbd
40213fe9
3f4e4027
3f984003
3fcc3e3f
40173fc8
3fb13f88
bef83f19
bed54016
4025bf33
3fc13ec2
3fc23f06
3fa6402a
3fe34020
3ff1bf52
3fb03f97
40103fca
3f834022
3f984011
3f08403f
3d913f0f
40393f8a
3f103f99
3fc2bf2f
3f5f3f9f
3fa7bf31
3fba3eb7
3f433fc2
be403fa4
bf3a3f83
3fc94029
40103fea
3dac3fe2
3e773f73
40153fcc
40043e8e
3f003f1c
3fc43feb
3f6b4012
40103ffd
3f294027
401f3f36
3f033fa3
4004be4b
40314008
c5d83e02
3fc6beea
403cbf51
3fcd4038
40193e95
bea03f54
3f763fdb
3f673f52
3faa3ff3
3fe83f8e
3fb23fb5
400e3ec4
bea5be01
bf6a4009
40024013
4004bf4e
3fe0bf29
3f6b3e2f
3f3f3f5e
3f8cbf1a
3f743fed
40253cb8
3faf4024
3f4e3f59
403cbf25
403abe30
402dbd60
3fcc3f1d
3fdd3f94
be5a3fd9
40013ec6
4004bf73
403d4029
3f1a401b
be8fbf39
3fcc3f45
3f073e88
3fbebf11
3eea4026
3f5ebe3a
3f933fd2
bf2c3f97
bf763fc6
3f543f9b
3e2d4009
3f0b403b
403d4006
3f5a4020
be9a3fc2
401745d8
bebdbf79
400f3f85
403fbf4d
beb23f73
401bbf5c
3f913fab
bf263e87
3ffebf4f
3f413fc7
3d93401b
3fc53fbc
bf6b3fcc
be033f08
3ff43f8d
3e994021
3dc9401e
3fc3400a
4029bf37
40273f45
40253ed8
403b3f89
bf5b4027
bf4c3ec1
3e0e4013
3f334020
3f98be93
3f533fcc
bf04bf5c
3f1f3ff8
bf093fa2
40263fde
bea53fb9
bd124009
40223f9b
bf0f4036
3f993fb7
400e3f9b
bf4d3f17
3ff3bdf1
3f5d3f46
3fbc3fc5
be27bf36
3cfabcef
bf2c4019
bf1cbf1d
3f2a3f0f
bf45be9b
c5d83fa7
bf604032
402e400f
3dfd4023
bf063f2b
bdb8bed0
402c3fe9
3e9c403b
be174008
3e893fd5
3f7f401f
3f2f3fbd
3fd6bf1c
be48400b
3f6fbf3d
3fadbed5
4015403b
be8abf57
401b401e
3fd0be24
3fb6401d
3f994014
3fb8bf1f
3f393e9a
3fab3fd4
be54bf63
3fa2bf31
beefbf4e
be29bf2c
3fc33f96
3f864005
3fa93f9e
3f5dbd9b
bd83beee
3fe3400a
40133f30
3f273e80
3ec1400c
4001bf1b
bea9becc
403a400e
40334039
3f8e3e09
4014403b
400dc5d8
bc914015
40053ffd
3ed43d82
40343fb7
3f8c401a
3ee74021
3ed13ede
be833f8c
be843eb4
3ebe3f21
bed8401e
4038bf18
3f833ed5
bdfdbc75
40104010
bf2a4039
3f673d26
403e3f27
3fd84015
3f3b3f22
becabf6d
3fbf3faa
40263fba
3fffbf24
3fa54001
3ff0403c
bf6e3fe8
3ed24017
400f400b
3f883f96
3fca3f3b
402ebf4a
4004400a
bf204009
3f3f3ec9
3fe8bf41
3f833fd7
3fb8bf57
3fd83f2f
bde24002
beba3fc1
3eaf3f88
3ea43fbf
3fb7bf43
3fab3ffb
3f303fed
bf52400a
45d84006
4024bf30
bf583fcb
3ff24010
3ebd4038
401d3f91
bd1d402c
be13bea3
3fce3fc9
40223fcb
3e93bf5b
3a8c3e04
be1bbe07
3fdb3f38
40033f03
3e5f3fa9
bf493f2a
3f3c3e29
40323ffe
40053f06
3fad4026
4032bef3
3fc63f65
402e400c
3fcabf61
3ff2400b
be464023
400e3fe9
40243ecb
be8f402e
3d124036
3e8fbf34
bf713f84
3f3c3fda
3fb94031
3f93402a
403f4011
3fa14025
3fbe3dcb
4022bf0e
be36bf10
3fe23ff4
4022403a
40124015
3f53be53
bf483fbc
3dcf3f78
3f22bf72
3ff9bf1f
3ef0c5d8
3e313f89
3df33f24
3fc84008
3f4ebf57
3fc93f5a
3fc93ee0
3c3ebe7a
3efe3dbd
bf6a3fd7
3fc23f55
3e90bf76
3fa14036
3f113e89
4012402a
bd9ebb19
bf4f3fa2
3dc63f22
3e383e50
3f3bbf6d
bf523f8e
bf563fe1
3fbd3f91
3efbbf34
be9abf4e
3f453e19
3f97bea1
40203f96
bf5f4024
40074010
3fd13ddc
3f3d3fbc
3f9c4024
3eaf3fda
bf693fc4
bf05be0f
3ea9401a
40193f74
403a3db7
3c8b4007
3ffb400a
3fc54016
401f402b
be993ea3
bf1a4030
beac4015
400f3fef
3e92bf2d
45d83fd2
3fac3e3a
40343f42
3f03bf79
be033dd9
401b4031
3f093fa6
3e263f81
40014010
4029bf2e
3fe9bf78
3f023f2f
3d38bf6f
3ff8bf53
3c593e82
3ff5becc
3ff6bf57
3fed4010
3f9d401c
3f70402d
bf10bf49
3feabec2
3fcf3fb8
3fc54024
bf2b3cc4
402b3fca
3d75403c
4017403e
3fb2bed9
3fb03feb
3f844008
bc4c3fad
3ff53f43
403f402e
401f400c
3f79be81
3eac3fe2
40404025
3fad4007
402d3f57
3e244023
4017401b
403dbe7c
402b401e
be3f3ffe
be80bee8
400a3fca
bf04be12
3ef23f0e
3fd6c5d8
bd9abf4d
401d4019
3e26bf7f
3f6fbdea
3eff3f07
3d633f58
bf4a3f10
4009401f
40193f2a
3f293ffa
3f963f87
bc9fbd08
4007bf08
3de3be9e
3f623f49
40183efb
3fe73f83
3faa3f1a
40103edd
40233fdb
bed24018
3f9f4019
3ffc3f33
3ff84002
3e6d3fa8
bf0f3f0a
3d733ef5
3f3c402c
be48403d
4016be51
bdbebe4c
3f883f1f
bf4b3f8b
bf513fbb
3e4d3f79
bf3f3f5f
403c3f58
becdbf0b
3f74402f
3fe24027
40273f43
3f54400a
3fb53e1e
40343fc1
40163e78
3cb0be68
3fae4008
45d83ed0
3f774028
bf594014
beb53f85
3f703f48
3f043db7
3fde3f5d
3fa6400e
40134037
bf664016
bf484029
3ec5beea
3f864026
3f4c3fe4
3ddd3f44
bf65bf1d
be053f39
40233f8c
402fbe64
3eb4bf7b
beabbdb7
3f9e3f8d
bedcbf41
3f863f80
4028bf71
40313fd4
bda83fc2
3e7a3f55
3f193e64
3fce4015
bf10bf5b
400b3ea0
40403fce
3f113f2d
bf4b3e11
3fd7bf06
3f9fbec7
bf1c3fc1
402e402a
40133d79
bf4fbf4c
3f9f4036
3fc4bf71
bec6403c
3f08400b
bebdbedc
3f6b4015
3f95400b
3fb23df9
3fa8c5d8
3f3a3eed
3ffb4029
3fd84005
4025403f
4022403c
403d3fa7
40053bb3
befebd27
3e6e402f
40253fe1
402fbeb7
4008bf20
bdd13f74
bf1a3f9b
3eb8bf7a
bf5a401b
bec83fa9
3f06beac
3fb23fee
3e103fed
3e0e3fff
40253fc9
bf0b3ffe
3fe1bf2f
3ffd3f43
4015401c
3fb7bf22
bee73f7d
3febbe10
402b3f6d
3f9d3fe3
bf48400e
4035bebf
3f1f401f
3ff03caa
3f3abec0
3f4b3fc0
4012bea6
40053f9b
bdfa3f82
befc4031
be39bf2a
4034bee7
3f214022
3fc03fba
be84bf13
40053f6a
45d8be17
3e8a4034
bf32bf02
3faf3f18
3f8b4016
bf6b3f4b
4024bba0
3fd93eaa
3faebf2e
3fdebf3a
bee83d4b
400e4022
bf363eac
3fb14036
3eb3401e
be903fe4
bf36bf21
bd4c3f8d
4012bf69
3fb7403d
3f903fdb
3fb03f61
befcbea7
3fd1bedd
3f1cbf6d
be193fce
be08401f
3f2a3fc1
bf6e4022
3fdfbef4
40263fe9
3f373fa6
3f723f2d
bf6c4023
3fcc3fbf
3fde3fc6
be9e4021
3fc93f47
3fe84026
3efb4025
40173f8e
be703f15
3fc24036
bf373fdb
bf024004
3f2e3fc8
3f033f82
3f123f8f
3dc53f80
3e82c5d8
401f4032
be023f91
bc3f3fb1
3fea401e
40103ff7
3f7f3ff3
bd01402c
3fd9400b
3f953f8c
bf153faa
3fc0bf3e
bf5e3caf
4000be5d
4036402e
3e894012
bcff3f37
4003bf3a
3d863e79
3d59bf2d
402ebe86
40354000
3f933fd8
402f3f19
bde53e8e
4020bd11
3f463f8e
becc3f36
3d5fbe9e
3ff63e9e
3f153f96
3fd34030
bf21bd54
3f0a4033
3f644033
3f50403c
403f3feb
3f794005
bf08400d
3f21401a
be133f8c
bea73fcd
3fb1bf6b
402a3ff1
bebfbeb4
3fe6401e
40063ece
40033f11
45d8bf67
3ee73ebd
3f053fa4
40294019
3c943fa5
3fb9bf22
3f593e2e
3fa83fea
3e713e4c
bf703f77
3f40bf01
bd5a3f13
3ff33f71
3f423ffb
bf493f13
be0c401e
4002400b
3fe23f75
3f0e3f53
bf41403d
3fd83f0b
3ff43fcb
3f25bf73
bf374024
401dbebb
bf033e72
bef0be6c
bda43ef4
bf414033
3fc2bed0
3f454015
40313fc4
403f3f8f
3fd13f09
40273f87
402c3fb8
bf623fce
3fa93f10
40013f42
bf6a4028
be5c4009
3f31401e
40294017
3fca3f37
bf53400d
4027400c
bd08be92
3fd04033
3f0dbf67
bd38c5d8
bedbbe4d
3f42bf11
402a3ef4
bf68bf4d
bf113eb9
3c1e3fbc
3fc5bf0c
3e503e07
3f603d01
bed93ec8
40403fe9
be423fcd
3f87401e
3fb53f73
3f8cbe95
bf4f3f6f
402e3f1a
402fbf2b
40393f62
bf0a3fee
4013bf11
3fe23fbc
be49bec4
be623f5a
3e433fdb
40393f52
bf1d3fde
3f4a400d
3fe3401a
3f84be25
3cca3ec9
3fd2402a
3fc63fc4
4028403c
400b3f26
bf034021
401d3fd7
3e8a4029
3f134029
3f3a3f2c
3ff43faf
3fd03f9d
c5d84037
40004021
402f3feb
400a3f8a
403e402b
be663fc9
3eaa3fe2
3f7e3dce
3f4b402a
3f454035
bf7b4035
beebbf5e
3fae403c
3fb63f62
3f47be32
3f463ee9
bf093e9a
3ecbbf5b
40213f8b
3e2bbef2
3fad4009
bf0d3f8c
3fe6400a
be59bf63
3f253ea1
3f8dbf49
3e82bf43
3fbf3f38
be90402f
be8f4010
3ff9befa
400a4031
40364030
3fb23f67
3fb03fe4
3ff13f7d
bf103fc1
3f383ef3
4011bee9
3fe14024
3fcc4012
40034007
3f1f3fa9
bf2b3ee1
3faf4025
beb2400b
3fa03e21
3fdd3fc0
bf03bef3
3e8645d8
40244020
3ecabf0d
402a4021
40303f9a
40114004
3f013d85
3ff2bf6a
3f97be99
3fa4bf44
3f593f46
bf54402a
402abf65
40023ed8
40264023
3fcfbf3a
3ff0bf13
bf6b3fb7
40024036
bf423fd2
3f0f402f
3fa63f85
4021bdcf
beb83e15
3f9dbe9e
3fac3fe8
40133fc0
3fbd4025
3e8c3dd2
bf5c3fe5
be023f55
3f883f63
3f30bef5
40213ee3
3fb1bf7e
3dfbbf77
3ff63f8d
3f474039
4001bf17
3ff24028
4017401d
403b4007
3eccbf60
bf32bf54
bf69bf14
40103fab
bf42bf11
3eb3bf30
c5d8bf68
3f753faf
3fa43f93
3fd2bf4c
3fe93fc0
3f6ebeee
401e3e36
bf6ebf09
3ff33e7e
bf6e401c
bec33ff3
3e2f3e84
3f7f3fcd
40343f1f
3f8bbef0
3f573f88
3fbcbf2f
4039bf20
40033e31
3e9c4006
3fef3d6a
bf763f87
bf01402c
3f84402c
beb03e9a
3fff3e56
3fa83fcb
40213fe9
402cbe46
3f9b400c
40393f66
40233f7e
bf2abf41
3f283f43
3f8abe90
402bbf62
40364038
3df5bf77
3fcbbf19
3b0e3fad
3f934028
3d754015
bf143f2c
bf643fbb
bf733fc7
bf53bce2
3ea0bdf0
be3dbe91
3fc33ff2
3fae45d8
bf223d3d
40113f86
bef53fa4
3f303f80
bc3a400f
3f8b4037
3feabe74
40233f96
3ed83f64
bf0dbf33
40234013
40184002
be514008
40343f9b
bdf3bf35
3f4cbeeb
3ef3beb5
3f013f44
3f94bf33
40093fa1
3fac3e2c
3d643ff0
3ff73e29
bf163f40
40074024
bc5d3f35
3f7c3fd6
4033bef7
bf793f41
40073f40
3fce400d
3f673fc1
3fd94019
bf5e4000
403f3e8d
be7a3e87
400a3fa5
3f663e28
bd83402d
bf38bebc
bf76bf1f
3f94401d
3fbc4023
bebfbd94
bdc73ff6
401b403b
bf7a403f
c5d83fad
3d88402e
3f613dfc
3f8bbf78
40104034
3f7e4003
3fcfbdfd
4014400d
3fe94029
3e5fbe10
3ea8bed1
400dbf7d
be1fbf3c
40054002
bf4cbe93
be484025
3f863f3d
bd5c401d
3f55bf17
3fafbf0a
be66bd1e
3f7d3fd4
3faabf27
bf0f3f7d
3e82be75
3fff3fd1
be904026
bf723f07
3f1a400a
bed1bf43
3f17bee1
3e7fbe49
3fae3efa
40123ed9
400d3f5e
40353fc5
3d8f4039
bf243de6
3e913f7e
bf78bf11
bf0d3e1f
3f5e401f
3f81be91
3e023f43
3fe53f7d
3f95bf31
3fa6be70
3fda3f2d
beed3f91
3ff045d8
4026403b
3fac4039
bec5beeb
3ffd4025
3ee43fd0
40183f67
3fbb4033
3fe5400d
4008be78
40213f1b
bf5f4005
bf283f42
bf0dbe9e
3f913e2b
be67be8f
401d3fc5
3ff64002
3f2f403a
3f793fb5
3f8e3fc4
3ff93f7b
40134031
40243fcd
3e813f77
401f4018
40254037
40113f05
3cea3fee
3fbb403c
3fa33fa2
3f573fbb
bf6cbf6e
3d473e9b
3eb03e6b
3fa8be94
40393fd7
bf66bf29
be05bec4
3fd2bcbe
bf3d4028
3f2e3f91
3f17402d
4035401c
402b3f0e
ba9e4027
bea13fdd
3fa3bf06
c5d83fe7
3f8a3f6c
bebc3d7e
be1c3fef
bcdabf29
be19403f
3eb7bf14
3fa5402e
402c3f9c
be984039
400c401b
4038401a
3fbe3f28
bf054018
bea54022
4025bf2c
3f1b3ff5
be0e3e92
3f1e3d89
40073d2d
3dd44014
3f8f3e1a
4016bd54
403c3f4c
40364023
3f703ffc
3d6b3ff9
403a3e95
bf7a4010
403a4024
3fcc3f06
3f90bdd0
403ebf71
403a3f76
be08beef
3e074001
3fef3f76
be863ffd
bf27be13
bf5b3fd4
beba3fdb
40113d98
3c0e3f05
3f783ead
3f90bcda
3e274011
400b401c
3fd1400a
3f67bf1c
bed945d8
bf37402c
3f60bea1
4031bebe
40303f77
3ea43fd4
3edc3faa
3f064027
3f79bf5f
3fe5bf07
3fe13fad
3fc1401a
3fc8bf61
3ea63fc0
400ebf60
4008bf69
bf7b401b
bf1d4005
bf59bf7d
400a4037
bf68bf16
3e043fbe
3f7ebe67
40093f96
bef6be98
bf2f3fb2
3f80bec5
4011402f
4015bdbf
3fe03f42
3f274008
402e4015
bf3b4002
bef9bf27
3f2a402e
40033fb2
bf5c3ef9
3e2dbda1
3f8ebf63
3f8d3ce0
bf643fda
3ff54025
bf70be99
40363edb
3f263fe0
bf34be9a
40103f34
40103ecc
c5d83ffb
bec2bf28
bf6d3faa
3ecebf56
402b3fdd
3f8a401e
3fe13f9f
bf7f4008
be0b4027
401c3ebd
40203feb
3d90bf11
beda4003
3ed83eb6
3ff0be89
bccd3eb2
3f533fa9
3fc74034
401fbf06
be8b401a
3f6e3fc1
402a3ea7
4038be02
bf70401a
be224033
3f643ffa
bf704033
403d3fb1
bf4bbdde
3f883eac
3ea14012
40024004
3f4b400b
3f90401c
3f9b3ffb
3e953f09
403f402c
3e963f89
bf354022
be27402b
3d823ffe
bf503f48
bdd03faa
3f253fbb
40093f19
3f954000
3e483f96
401a3fa9
bebb3f35
be2845d8
3fc4402f
3fd54022
40313f13
bf634035
3fc13f63
403cbf14
3fda3ff9
3fdc3f61
bcf63fb5
bf58400c
40204025
3ff4bf36
3e8a400c
40253f6a
3d8bbf5a
3fd83ee1
3f51bc8a
bf353f9a
4031bd93
3fc53e2d
401f3f63
403c3f2a
40183ee0
be0cbf4a
3fb0bf49
3f353ffc
bf343fe9
3fd93f7e
3f524008
400d4008
bf28be88
be963dc7
bd8cbf3b
40283fb6
401c4016
3ffe4032
be6e3f90
becf3f21
beabbf3b
bf3c3f26
401f402a
3e643fb8
40134013
bde34021
3db8402b
3f013fc9
3fbf3fc6
c5d8400e
40013f4a
401bbd8d
bf3fbebc
401d4016
3fdd3fa7
bdba3f56
3fa44011
3ea24039
be954039
400bbf7a
3fc3bf10
4022bf6e
bf493f66
3ee33f61
3ea23ebe
4024bd90
bf493cbf
3ee73ef3
401b401b
3f283e9c
402d3e84
bada3f8f
40203ffd
3fbf3db6
bb4fbd47
bf41bf80
3fda3fd0
4006401c
be5d3fce
40073f56
3f854005
3fb43f87
be80bea8
3f743fb4
402b4028
3e8a3f1f
402d3fea
bf29bbb5
3ed5bf67
40083ff8
3fb53f06
be72bf25
3ffcbeee
4004c5d8
40113da5
3fb2401f
3f953fce
3eb94001
bf763fa4
3ecd4016
3f203fc6
bf03402f
40383f5d
3f823ef5
bf1cbf30
402d4034
403dbec3
400f3ffb
bf104003
3f8a4021
3f7dbe6d
3d81beee
40373e8b
40383f22
401abd30
400d402b
403d401c
3fb33e7c
be3c4033
3fc4bf1b
3f013fd8
3e9d403a
3f273e83
bed93f1d
402d4010
bf634010
3fca3ee9
bf743e99
403f3fdc
bf7dbe19
3f5e3fe5
40183fed
3f814018
bf3bbe69
4023bf0a
3f1a3f98
400cbf74
3f243e7e
bd69be3b
bf803fe0
bf47bf5a
45d84024
3f463ef7
3f8f401c
bf223f31
3f9c3f70
40324032
3fdfbf3e
40334018
40383eeb
3ed33fcb
3fd2beb0
3efe4020
40163f6e
4022bf07
bf03beb6
bf68bf38
3f863f18
3f003f64
401cbf16
40313d86
4007bc2b
40273ff9
401d4025
3fab3fbe
4003403f
3fee4000
bef0403a
3e8abf59
3f923f77
3f853ec6
4011bf3f
40043fb8
3f574016
40333e3c
bed53f3e
3dd23fdc
3fab3f8a
3e0d3ed0
403e4029
bf493e91
3fc34037
401c4027
bee14016
3fd93fd3
befc3f66
402cbef3
3f023fa0
3fd24037
403c403a
402cc5d8
3ea53ed6
3fdf3f78
3ffb3fa6
401d3fad
3e913f9f
3f463ebc
40093fc5
402ebecd
3fd73f5a
3e833fee
bf563fdb
402e3f96
3f67bef4
3fcd3f93
3f074040
bf274030
40324036
3fae3f5a
3e9dbe57
402a4029
bf37bf0d
be8bbdb1
3f723fac
4038be39
3fb33fa8
3ead4006
3f983fb8
3f93beda
bf6f3e8d
403e3fea
3e6a3f3c
bf543f57
bf673f20
4033bf47
bea23e45
bf263ff8
3fa63f7d
3e9b3f5c
bf693fce
3e183f78
3eba3f78
40163f99
bf7a3fca
40113fc0
3f293fe9
400b3f16
402abf3b
45d8bde3
3f56400d
403b400e
3d723e8b
3f8abee2
3f363fdc
3faa401c
3f68bf0d
3e573fad
40333ecc
400e3f83
40093fac
3e593ff1
beef3f5b
40173f5a
40253f98
3f62bcb8
3d5f3e0e
4009401f
4004bef0
3fc3bec7
3faebf74
3f153fb5
3fd2bf37
3ebc4028
3fd9400b
40104035
3fdfbf6b
3f6e3f49
bf2c3f1c
3fb8bf06
bf6fbf1e
402b4024
bf79bef5
3f984005
bdc93fb4
bf3fbf7e
3f6e3f47
3f533d96
3f363e47
40013f79
3ff43f00
3ffebf7d
3fa33fac
3fe7bf12
40304035
3ffa3e02
bd3d3f88
3f264015
3eabc5d8
be234001
40053fd2
bf263f89
3ffc3ef1
3fd73e82
40194025
40253ef8
bf15be79
3fb8be3f
403d401c
3ea4403a
3f824029
3fc03f15
403f401a
be8e4034
3dcb401c
3fea3e2a
3fae403d
3fc1401d
3f984011
bf514023
bec13fb5
be85bf62
3f0d3fb2
3fcd4005
3f843f6c
3e0e3ec7
403cbf10
be8d3fc4
be923f9b
bef9bf59
beec3f25
bdbfbf2a
40233fc1
bf643f88
3f053fd7
3dc9403b
400abf4f
3f05403c
40073ea5
3f7e400e
400cbeb1
bc5f3e71
bf5a3fe7
400d3eee
bf423f8c
3e943dcd
45d8bf52
3ec3401f
3e254009
401c4031
3f53bf55
3f093ef2
3f264033
3f5a3f8f
40043ea5
3e1f403c
3f3f3fd0
3eccbcbb
3fad4039
40224012
40313fd5
3d92bd88
bf233d38
bf144031
bee7bf32
3ff03f06
3df63f0e
400d3e8c
3f8bbf40
bec83f15
befd4018
3fb64021
3efe4026
3fd33ea7
bdcb3d90
be283e11
3e6bbe6f
40163ee5
3cd93e19
3e493f8c
bf50402b
400fbd8e
402f3f6b
be824000
3f5c403d
3ec94006
402bbd0b
bf3d402b
3ee93edf
be4a3fc1
3f8abf52
3f96bdd5
403f3f99
3dde4019
3ec03dfb
bf44c5d8
4003bf65
3f12402a
bea43ef1
400abf41
bf37bf48
4039403a
3edc3fd4
bed74003
3fd3be85
3fbb3ff6
3febbee7
3fc23ff6
4006402f
3fb5bf5e
4010bf57
bf474033
400d4028
3ef5bf08
400b3f39
bf0d3f44
3f3a3eb2
3fc34038
be813ff7
3ea93f95
402f3fcc
bf4d3dfa
3e36bdb5
40084020
400e3e81
3fdf4013
3f463fb0
3f4fbf50
bee0400c
bf19bf57
3fc93f66
bf073f99
bbb9beba
be64bf58
bf07bea4
3fbfbf4b
beb8bf76
bd853ff7
3fecbddb
400bbef6
3e363fb7
bde63f8d
3f6b3f66
45d83f43
3fc8bec9
40043f1b
3f714013
bf02bf15
3f8d3fe0
be5e3ffa
3fbf3fcb
40253f50
3effbcff
40103f1c
4006bf64
4020bf0d
3fbf4008
3e6a3fcb
40094000
3f793f9c
bf3b3f85
bf0d3fd8
bf12be8e
3f033f92
3fe63fee
400bbe1c
3f2f4004
3f5c3fe2
be503f92
bf354002
3ffb3fec
3ea0be2b
3de23c29
bf6a3f9b
3fa53fc8
3fb2bdf3
3fdfbf52
3f873ff6
401cbe94
403e3d58
3fa3bf28
3faf3fc7
403d3e7e
bf5f402d
3dec3f4d
402f3f97
3f20401c
40183e9c
400cbe04
bedcbe45
3fa73fac
bd493cd7
3f82c5d8
40223fbc
40373fd1
3ef9401b
be0abeea
401ebf14
3fd04031
3f873f48
3f0e4003
403fbef2
bf613f38
3fc74018
bf683fc1
4027be9a
3f90be6e
40293fe1
3f963fcc
bf713fe7
be994037
3f853f30
bf2fbd7c
3fb03ff3
beaa403a
be95403d
be874008
40244022
3eaf3f8b
3f074034
3f093ffd
bf383e53
3f903e6f
3e933f9b
3fd2bf38
3fc34035
be093d07
beaf4032
403e403e
bf413f95
3ed93f0a
bf053f67
3f0e3e38
bf4c3fe2
403d3f6f
3f3f3f48
4027402d
40043d11
bf443ecf
403c4005
45d8bf7c
bf34403e
bf7dbf09
3fe23ffe
3fb64015
3f99be06
402d403c
3fdfbf34
3f994037
bdd03f2e
3ffc4012
4013bf11
3f5abe38
40013e91
40213ff5
3feb3fdd
3f35401a
401f402e
bf793e8d
40134037
3fcc403a
3dd43d46
400f3f93
bf6dbdd8
3f78bed2
3fbfbef8
3de8bed8
4003bf41
bdd73f85
40334009
3f1c403f
3f693cb1
3fc9bf12
bf65bf52
40094033
bf234034
3ffe3fd2
3fc5402e
3eab4018
bf633f4d
bf133fbd
3f543fd9
3f153f62
bd3a4011
403c45d8
3fc63f3b
bf2e3fd9
bf543fa0
4031401c
40274012
3ff73fdf
be503f98
3ffc400b
3f223f19
3e8c3fc5
3f5f3f44
3eec4023
3ec4be58
40024020
3d843f85
40313fcb
3ffe3e0b
4007bf75
3fb0bede
40313f9c
3f30bf07
3fedbf4e
3efc3f81
3f1c3f12
3feb3f77
4021403c
3faf3fd7
40353ffe
3f823d76
40204035
40243e73
be653fce
be8e3e95
bf314004
bf763fdd
bd2b4026
3f413fa7
3ef5bf0a
40293f84
3fff3e44
40203f47
3fb1bf34
40063eb2
3d923f55
3df23ff5
40103fb6
40073f70
c5d83ebe
3ff83ff0
3f65bd91
40093f1f
3f02bd02
402abeff
3ecb4030
bf753fa7
3f274000
3ec93eaf
3e07402f
be134035
bf77bf7d
40394011
403d4033
400ebca2
4009bd61
3e823d48
3fe63f97
bf54403d
be763f6b
3faa3f7f
3fe9bee8
3e74bd3f
bdbb402f
3f864019
400bbeb4
bf6c3e12
3fe53fdc
403e3f48
403f4031
3fa8401c
3f7c403f
be0dbefe
401abf33
3e15403c
bef0bea8
3f824011
402c3e2d
3e93bc9a
400c3fc6
3fc93f2a
3d593e05
3e583fc1
40283f8a
3f823f90
3fa1403d
3fd03f3c
3f194023
be6d45d8
bf494018
bf5dbe6c
3f623fde
4019403c
3fea3fa4
bf1fbf3f
3fa6bf7b
40093ff3
beecbef8
402abdcf
3f0b3ec1
be14bf63
3fac3fd8
be45bf77
40243fa9
40093de8
4029bf40
3fab3fbf
400ebed0
3fa73f4f
4004403d
bef2be82
beecbd58
3fe63eef
4021402a
3c873e9e
3ffdbea8
bf7e400d
3f4c3ffc
4008403f
3f8f3f94
3f3b3fef
403f4012
be253fa5
bdd4becf
bf494013
3fbbbd9f
bdf8401d
3edb3fc4
3e8dbf2c
be483db3
402c3f04
3eb43ff2
40073fcd
40064036
3f1dbdf1
bf133fda
c5d83fd1
40083f65
40194031
3fdc3fe3
bf043ec7
40033e9e
be8e3f13
bdc14013
3ea33e9f
3e93bf29
403b3e3a
be3f400d
3fed3fcb
bf253fff
bee4bf44
3f713d83
3f903fd6
3eb8403b
be89bf59
3fa34027
be9f3f36
3f113fba
4014bf36
40223f87
3fa9bee6
3df43f6c
bf043f05
3d6c4005
3f6bbed4
4027be9e
3d34bf46
3dca3f45
bf70bf4e
40233eb3
401dbe0e
3ff63fc5
3f3b4009
3f0c3fa1
3d603f37
3fb13ef2
bf3a3f16
bf713f96
bebc4015
3fe8bf03
3fac3f82
3dea3eb5
3f573e57
401b3fad
403a3f3b
400445d8
3f823eff
401e403a
3f4b4004
3f80bf63
4026bf36
3f32be6d
bf1b3f74
40143faf
3f5b4031
3ef8401a
3f233fc5
3f83bec9
3fef3f90
401d4025
be51be8c
3efe3f82
3eeebf36
3f2d4035
3f553e90
bf7f3fd1
bf514010
3fd8bf6a
3fcf3fdc
3ee53fd0
3f95403c
3fd04037
3f94403f
3d8b4015
beddbf3f
bb803f40
402f4024
402ebf42
3ee13fd7
3f854025
3ef33e98
3f693fee
403e3fd9
3c233fe3
bed23fe1
4033403f
3fb9402b
3f993fd7
40263f05
bf393e01
bf703f70
40313f64
3ec53e12
c5d8bf03
3fbdbf1c
be25bf1d
403a4038
3f9a3fa1
4030401f
40253f8b
40293d18
40083e84
40123f12
be1f403e
3ff5bd1c
bf583e24
bed83f46
bea03fe9
3ec93e45
bd73bebe
3fb53fe3
3ffe3fce
4001bf1a
3ffd3fa9
3ff93ff6
3fd04037
3f9bbf5d
401e403d
3f423f20
bef5bf48
4029400b
3f043fb4
3fd13ef8
3e803f33
3f703f41
bf56402b
bef34032
401f3ed3
be75bf7c
3e05bf67
3fb03fc9
40053ff0
3e9f3f0a
3fa938db
40343e4c
3fb74027
40233f91
4027be87
402bbef0
40293f84
401bbf75
bf5abe26
3fb145d8
3fa3bf4d
3ff5bf5b
3f94403f
bf3e402a
3f5f3f27
bf633fd2
3fdd3fc7
3f8b400d
bf5bbef8
be373fbd
3bccbf39
3feabecb
bf6ebf0b
3fd43f92
4023bf2f
4019bf20
40314017
40163ff6
beac3fb7
403a3eec
40123da5
3f8cbf7f
3fecbea2
3ffb402a
beb43e80
bf2dbf2c
401f3f75
40213f1b
3df7bf2a
3f903ea3
3f813fb9
bec73f90
be983c73
bf763e60
40103fc6
3fb5400d
40073d84
be1e3f4d
3dda4000
3f35befd
40113ea4
40073dd2
3fafbec1
3fc43ff0
beda4021
3fc73f21
3f73be60
c5d83fcc
3f523f39
403ebf2a
401d3fbf
3e1ebf02
3fabbf01
3ece3f50
3fc73dca
3f8e3c78
3fec4029
bf803e87
bf6a3f3d
3f01bf11
bf0b4024
3f9a3f0b
3f423f5d
bcea403f
3fcc3f96
3eaf3e3c
bd413de6
bf1b3f95
40263fc8
bcca3eae
bd9b4037
3fcf3d9f
40303eb9
3fd5bf57
bdbbbea6
3fb9402e
40323d1b
403d3ee1
3e9d4010
400cbf0f
bf363fd4
40333fcd
3f7d3fc4
3f2dbee0
3fbbbf61
3fd13f73
3f874021
3f64402f
3ffb3f52
3ec23fe4
40103fc2
3f634017
403c3fb6
3f3b3dd3
be5c3f22
bf7d3e66
3ebc45d8
bf474000
3f933f7b
bdf24010
403e3e67
3f0ebde5
3f2dbdf8
3fccbf60
40304003
3f053f74
bf6f3faa
40023f7f
4022bf4e
3f9b401c
3fd0402a
bd5d403e
401a4031
3fae3fba
beb2bf1a
beab3fe7
401d3feb
3fd93db3
3fff3fe6
3fda3ff4
3ff9402a
3ed73fd6
befa3f55
3feb3e3d
3fa64015
3ff23f22
3fc83fef
bed63cab
4034400c
3f993f78
3f933fe6
3f854007
403cbf3e
3eaebf6f
401e3f37
4008bf02
bf483eb8
3fe64005
401e3fe1
402cbe84
3fbbbebb
bf633d92
40343fd0
40193e65
c5d84030
bf753f84
bf384011
4033be2e
bf2b401f
3fb63fb0
400f3ffe
40264030
3eacbdf6
3eb4bec3
3eddbeb0
3ff13fcf
4008401b
be65bf0e
3f7a4024
bf7dbf64
40054017
3fe13ffe
402c3f00
3ff2400b
be973fa3
3edb3fec
3fa14031
3e1e401d
3f0cbf24
3ff3401b
3e903edc
3efa403c
3ea5403d
3ef4bca6
bf083fd1
bf4e3fd8
3f993f9d
4036bf08
401f3db0
4005bf73
3e023fd7
3f21be86
4028400e
40013fde
4021be0a
bf2b403d
be793fd9
bee33f8d
3f9c3fc2
bf43bf1c
40033fd1
3efe3fa1
3f6c3f53
3f6d45d8
beeabf61
3e913f53
bf583fd7
bf004016
3f703f72
4022bcb7
4010bf06
3fe9401a
3f8d3e3a
3fba3fe7
3f4c401d
401d3ff0
bdb13f84
40083f2b
bf1b400c
bed33e89
bc9a3e7f
bf3f3fb6
3f3d3f2b
3e863fb4
3fe4bd87
bf1b3fb4
40023fc9
3f96bd06
be7b4038
3e9f3f8b
be974009
3f9f3fb3
3e2abf1a
3fd13fc0
bef0bef6
3df23f27
40143f6c
3feb4005
bf22bedc
3fc73e60
3ff23d99
bddb3f58
3e3f3f88
bf57bf20
bf2a3f45
3fd03e93
45d84023
3ff93fe1
3fee401f
4005bf44
bf4b401f
3fe43fec
3ec63fda
3f354005
bee6bdf7
40223f36
40173e41
403a3ee5
3f793fec
4004bf74
3e85bf77
3fe1401c
bf2e4019
3f39bf3d
bd9e4012
be273ee8
40163fd1
403e3fb5
3f123fe5
be923f95
3fe83eef
40364004
3f833fe9
3eef3f8b
3f4e4037
be45401d
3f59bf4d
ba23bd99
beb83f87
3ffcbd8f
3ea0beb6
3e803f04
bf763f74
3f974009
bef7403f
3fb1bf67
3fe43fc5
400d3e66
3fc73e81
bf5c401f
3f3b3f53
3e48bf06
3fa13f1e
bf753fec
3fff4000
3f98c5d8
40183f42
3e59bd71
3f4fbf1e
3feb3fc7
4010bf44
3f713fb2
bedf3e81
3fb43fac
402b3c4a
401d3fe9
3f3e4028
402c4035
bf39bd93
3f8a4023
3f87403d
bef73fde
bd603e5c
3ff13e5c
402cbe82
400ebf7e
3f1e402e
bf65bf0b
3f553ee9
401dbecc
be823f83
3f1d3f9d
3eb13fb5
400b4025
402cbe9a
402abe85
403ebdac
3fbfbf5d
3f973fbc
402c3ee3
3f2c3f8f
bf3dbecc
3ff13f4b
bef13fbd
bc663fe8
400dbec9
3eb1402f
be78bf6b
be934010
3fafbecf
40123fb0
402a4023
3f7ebf6e
45d83f3b
40213fff
bed2402e
3f583fd8
3fb34009
be9b3fa7
3fc53ebb
3fb04003
3fe4bea2
bf284039
400e3f65
4007bf13
bf383f82
400d4000
3edc3fc6
3fee403c
3f1e3e89
3fa53fb6
3f313fa1
3e713f6b
3ff13dc9
40223fb2
3e19bebe
3e18401a
3fd63fbb
bf1ebf34
3fb03f84
402fbe86
bece4025
40124020
400e3f00
3fb4bf08
402e3f16
3ff54022
3ff13ffc
3ee1bf43
3fa43e97
3f4c3f89
400a3fa4
3f5c403d
40274035
3fc33e71
3f993fbd
bf6d403c
be43401a
3f53be3d
3f964029
3f6a3e37
4028401c
3fdcc5d8
3f47be80
4027bf32
3fca3e79
40333fa1
3e973ff2
4001403a
40173e8e
3fd8be17
403d403a
3fb63cf1
3f9abf5c
403dbf7e
3fc9bf5c
400dbec9
403a402b
4034bf4b
401f3fdd
be22bee1
3ffbbdf5
befb3fa8
401a3f83
3f3dbf38
bef73e80
3f13bec4
3fe83f9a
3efbbe44
bf75bf76
3f7b3f8d
bcfa4036
bf39bee7
403e3ffe
400a3fd9
3f33bf7e
40004014
3fc33e84
bdbe3faa
400d4015
3e694001
401a400e
3f9b3f8b
3febbf73
bf1d3fbf
3fdf4004
3f9b4018
be7b3ffb
3d1a4012
40083fc2
45d83f8c
40224027
3ff5bd92
bec13f7e
40144031
403b4017
3f7c3fb6
3f6dbea4
3f63bed8
be843f8f
3ca84016
3c703fec
be323eaf
3f993f9f
40363fb0
bf064034
bf0f3f3f
bf20be84
3fd1bf4b
3fc53f55
40373e71
bdb33feb
403fbf5b
3f8cbec7
3fadbed5
40213f71
3faa3f26
403cbedc
3dbd3de3
3fb64033
3ff7bf2b
40203fe6
3f2ebda9
3fe4402c
3f904022
40064009
3fbdbf35
3f083fc9
3f954014
bee23fff
3f243f8a
bf75bf2b
3fc3401f
3fec3eb2
3f543edd
3ee93dd9
3f5a3e26
3ed43ffe
bec13e33
400ac5d8
bf0e3ed7
bf423ebe
3fc2bf1e
3fe43fb9
400d4030
3f12403a
bf2e3ffa
3feb3fff
beadbf66
3f863fff
3e624024
3f5b402f
bf203fc2
3d80be69
40154026
3f10402c
40303f99
bed83fd7
bd243fab
3f2d4015
bef73fac
beba3ee1
40054025
3eeabe2d
401c3ece
3ff54025
3c583f53
3fa2400a
bf42bd6f
402a3f0b
3f0d3f87
40323ef4
3f823fa9
40184025
bf323ee1
3fea3f7e
3fc4bec8
3f913f9f
bee0bf09
be6b4016
3fa03f37
3f0e3ef8
3d354024
400abf49
401a4031
3fd34039
40143f8d
45d83fb3
3f25bedf
3f443fb0
be1cbdab
3f20403f
be06401b
3f133edf
3e0c3fad
bf564020
40304005
40054006
3fef3fcc
3fdf3ffa
3fafbe27
3d98bf60
bf173fc1
be85bf2a
bf4bbf29
3f0c3ec3
bf584013
402f3f38
3ff24032
40204012
3f113f89
3fae403f
3f84beb1
3e253ff3
bf793e40
3f833f80
4035402d
400fbf3c
3e284032
3f463fe6
3f7d4024
3e7e3e5e
3f723f87
3f13400a
3f193f0b
be9abdc6
3f463fa5
3ece402e
3f0b3f9a
bf7d403e
3f07ba36
3df83e04
3f26401f
3f8fbe56
bea73edc
be90402e
3f40c5d8
bf22400e
3fccbf6c
bf78bf2d
401c3ffa
3f533f8c
3e173f18
3e823fab
bea84021
403d4015
3e86402e
400c3ff2
4038bd64
bf0c3f0c
3f944018
bf5a401c
bf133f57
402abf6b
40383ec1
3fa23f81
3f2a3f28
bf3fbf01
3f6c403a
401e400b
3ff13ffb
3ff93fe1
3fbb3f0d
be07bf07
be1a3f4d
3f7d3f00
bf19bdf4
3e9b3fea
bf373e1d
402d4011
be303ea5
3fc9bf20
bf2b4017
3db23fa0
40043f11
40103fbd
3f823f38
3fd33faa
3f323fe0
3f683ea7
3fd8beb7
bed4401e
bf6e4015
3fb93f03
45d83ff9
3ea03f78
403e3f32
3fd54036
40223f10
bf2bbf2d
4039400e
bf0f3f99
bf5e4013
3fa0bf5f
40283fb0
3fd63f40
3ffe3f17
3fdd402d
3fb63f4c
bd36bdf3
bf0c3eb3
3fef3e83
3e053fdb
3f364016
bf5b3e62
40103eec
400b4035
beabbf6f
3fdf3f01
3f8a3ff2
bf7f4004
bf284012
bc74bed2
3fc43f9b
3ef63ff2
bd2b3ea4
bf7d4034
40203f02
3ed0bece
3f603b91
3f85402c
4033bf3e
3ef0be02
3ef7bf5c
3fc23fc1
bdb1bd9a
3f3b400e
3fcabf4d
bf1cbe7c
bf74bf58
3f473ec2
3ff13f7a
4034bf56
4021c5d8
bf673e9e
40244013
3fcfbf6f
40233ebc
3e46bf10
400e402c
3f4b3ff6
3f893fb0
3fc53e41
3f7c4010
bed5bed7
3daf401d
4012bf51
bd61bd9b
3fcbbeaa
be90bf2d
3fe6bf09
3e83be78
bf563d32
4015400e
3fa04039
401e4013
40333f96
4021be63
bf2c4016
3eb9be07
3c22bea6
401f3fc0
3fc83eb4
bf18bd2b
3fc73fb4
3f30400a
3f8b3e18
3e1b3ee2
3f0d3ecc
40243f8d
403a3f8c
bedf4035
40123fcb
40193fad
40293f9e
bf52400e
3fee4010
3f463dc9
3fdcbe26
bee43f9a
3fd94038
45d8bdcf
40073fe5
3f4e3fcf
be3e3feb
403fbded
bd6ebf5b
be413fb8
bf1e3ece
3fcd3f05
40063fda
3fe43f17
3f85bf4c
403d3fcc
403a3f0e
3fe1be85
bf013fd3
3f983fd2
bf443e1c
3f93bdb3
4012be41
3f8c4012
3d8e3f21
40213eef
402d403d
3fca3ff1
befcbf74
3e77becd
be7cbeb2
be84bdff
3e24bec6
3ea93ede
3f904002
3ffdbf11
bf00403a
40133fb6
bf44403d
3ff34028
be93402f
3e59403e
403a400f
3f87bf61
3fda4031
bf3e3fe0
3fa43fa3
3e5f45d8
bf57401c
3fa7be98
bf02bdfa
3e0c3f89
3f313fc9
3de13f8a
3f804001
beff3f88
3ebd3f13
4040bdfa
40223fb8
3fb4bf04
402cbf1c
bdf13f5d
beb34020
be293f4e
3f29be13
402dbf2f
401a403d
bf6b3fd2
3fcbbe62
40284007
bef23f63
bd293f8e
4002400f
40203e94
be963fc7
3f804011
3f023ea0
3f7b4012
400bbf20
bebb3f25
3f48402b
3e53402f
3ee6401c
bdfc3ef1
402d4026
3fa83c25
3f683f89
3dbc3fcc
3f3a4007
3f023fc2
3faf3f2a
bf423f4f
be93bf56
3fd13e68
4006401c
c5d83ef9
3f0e3ea3
40073ffc
3f6dbd7b
bf62bf31
bf4d4015
bec8bef0
3f623fa4
3f223fbc
3deb3fbc
3f03400c
3f4a3e99
be793f03
bf0f401c
3f57be80
403e3ed3
bed2bf76
3f2d3f24
be18beb9
bdbc3f76
bf113e14
bf604034
3f9c3fa6
3c9bbf18
3fae3fe2
bf133fc3
3ff1400c
3e21401d
be54bec6
3e243fcd
bddc3e8b
bf363fb0
3fe93f0f
3d393fe5
3ffabd20
40063f8c
40254037
bed8be85
3f62bf01
3dc0403f
3dbe402e
3f973f44
3ff43efb
bb464006
3f4f3ef0
400b3fcc
3f9d3f5c
40033e4b
bf003fbd
402c45d8
3f5c3e9e
bf353fd5
3ff93fe9
bf35befa
3f50401d
3fd53f2d
bd603fe1
bdc93f9b
3f173f6e
be1f4014
40263fcb
40313fc1
3fecbecf
3e833fcc
3f463f51
3fbe3ff1
40263f2b
bf474032
bef1bd01
3f3b3fc1
40383fda
3faf3e66
bed43eb7
400cbe0b
bf543f1c
3fc33fff
400a3ef9
3f0a3ffe
3f8dbeb9
bf1e3f1d
3fcf4015
3e873f8e
bef13faa
3fecbe23
be5bbf09
bf263fcd
3ec1be36
bf56bf7b
3ea93fe6
bc9e3f0b
4016bf0e
3fb43d43
3fa63f9e
3ce0bf02
3f914004
bd703f05
bf2c3f80
c5d8400b
401c3e96
3f7f4003
3f84be0d
bef6be2b
4008bf25
3f8b4034
be113fa1
400dbf01
3db7bf05
be9d3f27
bf2e3ea2
3e743e28
3ee1bf1c
3f713f23
bf4c4016
be913fad
3f493e3d
402d3fec
3fdb3f40
3fe2bf09
3ff3be0c
4020bf0f
bdab3f37
3ff33d9a
bf1b3fad
bef2bd67
4019bf57
bf344022
403b3f73
3feebf09
3f013fc6
bf533ea8
3e0fbf50
bf154011
3ff6401e
bd4f3f06
bf4ebd22
400fbeed
400b4011
3f9a3dd7
bf073f8b
3e21bf2b
bf2f4038
403abf2e
bd973d2d
3fff3d39
402bbf0e
bea03fce
be6b45d8
40403f44
befc3f39
403b3fbd
40233fe3
3f1e3f42
3fc8bf78
4039bea3
3f924040
3fb63fd4
3fa8be3c
402dbe7a
3f88403e
bf183fb6
3f55403a
401dbf1e
403d3e5f
bdec3f2d
bea83e43
3e1d3f6c
3fe5bdcc
3f893f77
3f973fd1
3f893e90
bf773feb
be653dfd
bf6a3e24
bcc63f46
3fcc4031
402e3f75
bf004012
3fc4bde5
3f7d403c
3e393e99
3f4c3fb7
3e00bf39
3f9f3fe8
3f974026
bf4a400d
bf3e4009
bf563d8e
4035beb9
403e3f79
4004bee2
40383ea7
402c3f6c
3fccbeae
3f8bbed6
c5d83ed1
3eb9bdc7
400dbf40
3da84031
be5dbf18
3f593fa8
bf2cbed2
bf3f3ea7
3fc43eed
bf7b3ee2
40354006
bf133ff3
bf47bf21
3f9a3f60
40243fa7
403dbe9f
40383f4e
bd073ec1
3e234032
3f35bf7d
403e3fa0
3fb24029
402b4032
3e9a3f4f
3feb3fce
3feb4035
3fa24038
3fb84002
3fe3bf29
bf7c3f84
401f3fda
400b3f96
40034038
bf77bd9e
402f4026
bdb1401a
3ff9bf13
400d3ec6
3f00bf3d
3fee3fb9
3e343e5e
bdfd3eef
3f663f25
bde53d0e
40233f0c
bdd93fac
bebf3f8d
40143fe8
3fef3fcc
3d6d45d8
3ec7bedf
401e3f66
40173f13
3fa3402c
be22bf1c
bf4abe6c
3f294022
40153fef
3f6b3f61
3fa4bf68
400e4014
40043fd0
3f1a3fa0
be8e3e9c
bda03fd0
bef4beaf
3f70bf4f
bdfa3fec
40323ee8
bf3a400e
3fca3f49
4002403f
4036400a
401cbf10
3fd0bf76
bf3d3fa7
400a3ff4
3faf402f
3fb54003
3f8e4006
bea0be57
bed4bf31
be903fdc
3ea13ea9
3d823f39
be673f19
bf1bbf16
bf17be75
be944010
3ffdbe50
3de0403c
bf72beec
3fc9beb2
3dba3f03
bef83f49
4023bf3e
40074010
c5d83fb2
3f32bf09
3fd7bf47
4011403a
3fc4400c
3f3e3edc
bf473fb7
bec93f72
3fc1bf25
3f6c3eb3
3fec403b
beb73f85
3eed4012
3f663f72
4035400e
400a3f94
3fcf3e9a
3f80401e
bed43fa2
bf053d8c
bf203fc5
be86bf2b
40053f66
bee4bf11
3e513f7e
bf103f1f
bcb33ffa
bec53fd0
40263f9e
be313fb9
3f42bf3b
3fc23f6d
40374036
401fbf70
3fee403a
3f833fce
be183f67
403e3feb
3f42bea8
3f9d4022
bf5b3f8d
3fd83fb9
4027be97
3ef5bf59
3f6c403e
beda3e2b
4019bf07
40223fb5
3f4e3f88
402b45d8
400a4009
3fd3bf5b
bf6a4012
be923dfa
402c3fc4
3f19bf21
3f253e97
3fe93f0b
4029bf1c
3ff73f21
3f923f8f
40313fe7
3f973e8c
3fd53f17
bd0bbf63
be8abf3c
bc82bf57
bef33e29
3f303f4d
3ff4bf35
bf113e63
be60bf6e
3efe3d81
40083fdc
bf7a3fe1
4030402b
3fe94017
401c4001
bd4cbf2b
40154021
40314028
bf4b4037
3e353f14
3fc4be6d
bf78bf7d
becfbf63
3ff54029
3f803e83
40154032
bed73e32
be663fd1
3f7d4027
4030bf10
3e6ebf71
3ede3f59
beccbe95
3f7e4024
c5d83ff8
bf183f95
3fd83fe6
bef44025
403d3f23
3f8cbea6
bf0b3fd8
3fa13f70
4031402d
3fe54023
40033f34
3e4d4018
3fa34032
3f4cbf1a
3fa6400d
bf553ef6
3eb0401e
40203f06
40173f76
402b3f31
3fe64011
bf22bd03
3f4cbf6a
4018402b
bf554032
3fc6beb4
3f003e20
bec13f7a
40233f91
403b4011
3fbd4030
40133f20
3faa3c49
40303fc7
400e4017
bf17bee5
401a4019
3fe63ee8
3ff0402a
3faa3fa1
3eb73fc5
bf153f9b
bf7d3f93
40323f97
4034c5d8
be7d4035
3ff23fbe
3e244010
be47bec6
be253eb2
3fd5bf41
3f1a3e62
400dbe8b
3fdb4039
3fec3f84
3f8abf50
3fddbf55
4032be86
bf6ebef5
be323f8b
40223ef7
3fdebf68
bf524035
3fee3fa4
402c3ed7
3fc5be49
3fd24004
3fcbbf47
4036bf33
400b401e
40013e9d
3f1f3f0f
40053eda
3facbde8
bf623f9e
4017bed1
3fac3fd7
3f384014
402b3fdc
4009400f
3fd43f4a
3f703fdd
3d4c3fe1
3fbf3ea2
3f624008
3fe04016
3f76bebe
bee34019
40113fc2
40383e9c
3f343f96
3fddbf5b
45d84028
3ff3bdf3
bf6b3fb9
3f74bf1b
bf6c3dc0
4020bf11
3edf3f73
3f9b3d49
3f9cbeac
3fcf3fa8
be84bf5b
4038bf48
3fbdbf2e
bcda3f3b
3fd43f93
bf5b3ff1
4014bf2d
3dcb3e6e
40243fcc
3fac3e56
3f1f402a
bf173fb9
beeb3f43
bf61bf26
3fd03f6f
3f293f72
400e3fc1
3fe73dfe
3febbf32
403e3fc2
bf083f33
400c3fed
3f823fbd
beccbf75
bec43fc9
3f0abee3
40083e96
3f643fa9
40153fd5
bf4a401f
bf423fdd
bf5c3fa5
3ed03e26
3e2f3ded
40184037
401bbf42
3fdabec0
3fea4005
3eea3fd4
4039c5d8
4030400e
4027bdc9
3ce63f8f
be803fbb
40143fa7
bec23e80
3f3e3fc5
3e83bee0
3fd43e8b
3ece3f97
3e223f19
3fe13eea
bdb93f53
40064021
402d3fca
bec33fc4
40154025
3fc73ee4
bf52403b
4033bd66
3fc73fae
4027bea1
3f99bf4a
40263fea
3fe83ee1
be62bf6c
3faa3ff2
3eb7403f
beed3e44
3fe2bd71
bf244036
bc973fd3
beec400e
3ef83edb
bec93fab
3f7e4031
3d9a3e46
401e403f
3e2e400e
3f333f90
3f67bd85
3fc4bf7e
3ee7bc5d
3f25402b
be5f3f8f
bf35400a
3fdbbf7e
45d8402d
3f38400a
3fd6403c
4005beb9
3fdc3f7e
bf173fd7
bf74403b
3e704027
3f84beb4
3fe13fbf
3fbf4027
40113f09
401b402c
402ebf38
3ff24037
3f843db6
3fc2bf53
3eee3f9d
3ff94013
3f32403c
3e96bd54
402a3fad
3f14bd8c
402f3f9a
3efcbf79
3e03beb3
3fda3fdf
3eca3fe1
40093f26
beb44000
3f5abf7c
4014bf06
3f75bf14
3faf3fe5
beb23f2b
3fc9bb3f
3ff14013
3fd13f5b
bf7b3f8c
3f41400b
bec93dcc
3fdd4008
3b1a3fd7
bf733f1c
3f493f7f
3f503fe4
3e1bbf62
3f453f2d
40063fe3
4015c5d8
4038402b
40033ee6
40133e6b
bf494026
3fa23fca
40403f54
bf2c4020
bf414009
400a3c49
401b4020
3f4ebf04
bf7b3e96
401f402b
403f3ea3
4033bf07
3e873f73
be55bf36
bf7fbea9
3f0abf7e
40383eb5
3f5b4034
3ebd3f84
3f1ebe2e
3ead3ffd
3ffd403c
3fb2bf49
3d883ef1
40273f39
3f923fd0
3eb8bf78
3f363fd9
be303ea5
403ebe4b
3f244005
403a3f31
bec83fe9
40153feb
bf0fbe33
3eaf3f33
4022bed0
3fd9bf3e
bf5a3fe7
be7d3fce
3f68402c
3fc5bf03
becf3f9a
3dfbbf0e
45d8400e
bee14009
3f3c3edd
3ff83fb4
be5a3f9f
3fc2bf40
400c3ed6
3fc84013
3ef63f34
3f554034
3f8abf5b
3ea6bdef
bed73fc2
3ef43f17
bde2400b
40163fb6
3fa4403f
3ff74009
3f933fbe
3dfa3de1
401b3f7e
3f974001
bdfd3f47
4033bf0b
3f443f80
40213ed0
3e9b3e62
3f103f42
3e5d3faf
bd4d402e
3fcb3fe5
40043f90
3f594029
4036bec1
3f6abf70
3ef23f62
40023f97
40033fee
3ffc3ff8
bbd2400f
bec0bf57
4003400c
40133fb2
3e134010
4007bf62
3fdc3f3a
3fd54035
3fb73fc6
3fd2bf0a
400dc5d8
3fc33f99
40083ee8
4039bdb3
be074027
bf543f01
bece3fee
3fa7be8b
400cbd51
bcba3f20
befc4006
bf6b4038
40033f60
3f29bf25
3e853f2b
3f4abf54
3fa3beeb
3fc1403d
40014039
402ebf51
401a4012
3f13403e
bec53fdd
3fca3dbf
3fdd403d
3dbf4032
3fffbea2
3f9a3f9f
3e0c3ff6
be9cbec9
3e9f3fb9
3ff2bec2
be1abea1
4016bd92
3fd83fda
bf2b3feb
3f28bf4c
3ee53ff1
3f9bbede
beb03ef3
3fb2402b
bf174017
3f273fb5
3ddd401d
3f05bf54
be253f06
3ef84005
3e82be43
45d83ed6
3f043fb5
bf703f9b
3d3b3fe9
3f2d3edf
3fe83fe8
be8a3fad
bdf44008
3ff43f93
40073f82
bf13402e
3f293f8e
bf7dbf43
3f1fbf1d
40013d74
401d3f31
4031bebb
4001bd86
3ffb3f87
3f8b3feb
40284014
3f434039
40173f22
3e403e9d
4006be9e
3dbb3e19
3fed4008
3f803f92
400c3dc2
3fa03f24
3e804027
3f09bf45
bf603ec0
3fab3fe8
3f70bef4
40223e9f
40183f20
3f4d402d
3f76401e
3f2c3f29
bde73ffc
401cbf4d
401cbf79
402e3e60
40164028
bf803f7d
3fec4032
3f093ee9
3fee3ffe
3f46c5d8
403c3f1e
bf6c402a
4003bf21
3fb1bf34
40383f28
bd453f01
3feb402a
3ee23f63
be9b3ffc
bf013f9b
3f203fe1
40363ed7
bf733e8f
40153f41
40083fee
bf463ed1
3fe5bf57
3fc93fb9
40073f07
3fd13fe2
bf7dbe3d
3f6d3fd2
3f844024
3f74402a
3d673f7b
bed9bf09
3fc93f81
bf69bf32
3fbc3e06
3eee402e
4017402b
403e3f8c
4037bf27
3fde4027
3f823f06
bb93be41
3f903d8a
3fcd3eec
402ebddb
40143fa0
40243f99
402bbf6c
beef3fe9
3f93beee
4003bf78
3f64bd22
40324018
45d8bf7c
40343ecf
3e213f24
40344034
bd154039
becf402f
40103fa8
bf69be7c
be7a3f1f
40253ec9
3f6d3ddc
3f544038
3f493fd5
bf09be0a
4034befa
3f0a3f9c
3fa24020
40023fc9
3f3c3f80
3f40bd91
402f3f4e
bf693f7f
becebec7
4022403c
3ece3fa6
3f94bf3a
3f004036
400b3ffa
4029401c
401b400f
3efe403a
bf364016
400abf0b
40023f67
3fa6be52
403a3fee
3f8b402a
3f32403c
40023fa6
3f41beb9
3fbb3fbd
be1bbf68
40033fb1
3facbe4f
3f13bf74
bf63bf07
40223e9d
bf163e60
400cbe90
bec2c5d8
3fe73f5f
3fe93f29
3f244036
bd8cbf4c
bf4e3f53
3f043f89
40133f92
4029bd9e
4035bf04
3f2d3f3f
3f583f7e
bf71bebc
400f402c
3f8d3ff7
3d183fd6
bef5bec6
bf144000
bf0bbf79
bdb53eca
3fcfbf18
40083f81
40223f24
3da73fa8
3e60bf0d
3dbd3fb2
3cd03f08
40333fb0
3f4e3f0b
3feb4036
bec7be39
3f8abdcb
3fcebe82
bf223ed6
be874013
40323cd7
3d1d4035
bbb53eb5
4023bf1a
3fe93fed
3f183eea
3f7b3ff3
3fd43f7c
c5d83f87
40243fb0
bf583e48
3ff63faa
bf25bbfe
bef1400a
4015bf2d
3feebf37
bd933f5e
40193e2c
403e3f63
bed33fe6
3f89bf7a
4035bf7e
bf093f3e
be2f3eb5
3fcb402c
3e5e3fe9
401e3f0b
40403fdd
be86bd69
be824022
401f4004
3ff34036
3eb3bede
3ff1402d
beb2bf24
bf56bf6c
3ff2bf78
3f88bf2a
3f97be2a
3fa24009
bd923f90
3fa7be3b
3cc13fce
3f484015
3f6c4003
bef64021
3e44bed7
401f4016
40103f6d
bebf3f72
3f043fed
40364003
3f84400b
bf5a3ff8
3ff13f6c
402c402e
be873e4e
401f45d8
3fd63eb1
3fc53f91
be5c3f6b
be5cbf39
3fd83fa0
40183fa0
402c402c
3f923f85
3f8bbf01
3c9b402c
bed94009
3f373f98
bf03bd9d
3f194030
4031bea3
be1b3f9c
4014be77
3ff64012
3f933ecb
3f9e3f80
3fa8400f
401b3eeb
3e223fc9
3fdc3f92
bf364011
402b401d
40353f52
becfbf78
bf10bd76
403e3e02
3fc2402d
3fe43f92
be0abede
3e8f4031
3fd63fc4
3f30400d
3fff3e8b
3fd33e9c
3d344022
3f8dbf5c
bdaa3f93
3efcbe4d
3d1d3ee6
3fd9beaa
bddc400f
403c3e79
40253eea
c5d83f98
3fe1bd91
3f7c3d9f
bc9b3fbc
bf63bf11
3f0d4009
3ebf3d39
3eeabe07
402f3fb6
402c3ea1
3fcd3f73
3f773e5e
beb4403a
bf4e401f
402cbdbb
40164019
bf033e40
4037bf64
403e3fa4
bebdbdff
3eac3fc6
bf613f35
3f8b3d95
40163edd
bf0e3faf
3fa9402b
3f383f55
bf52402d
bf353fa3
4032bd96
3fdf3f6e
be91bf6e
3fb1bf00
403ebe4d
40113f96
bf29bd43
3f013faf
3e82402c
401abf0c
bf083fd6
3da23fa9
3ff43fe1
3f643ef8
bf30bdf9
3f9f3fdb
3e9c3fde
40313fac
3fae3eba
be913d65
beb145d8
4028bf52
402a4035
40033f98
3fcb3cf3
bf803f09
3fc2bf4d
3ff94039
3fe8bf0e
40384014
4005bf2f
3f70bec9
403f3f8c
bdbd3ff7
401b3f89
403ebe23
3b39bf43
4015be51
400e3fc7
403d400f
bdbf3f7a
3f9ebefc
bf714033
3f8d3fb0
40053f15
3d6c3eba
beb6bf2a
4016be1e
3f243e89
be9f3eb3
3fb13f89
3fa53fe3
3fbebe9d
3f253f87
3f8b4013
3dd6bf32
3f28bee8
4021bf0e
3f2e403f
3fdb3faf
3ef13fcc
40163df1
3f51bf44
40233fb8
40323e80
3fc63fb2
3f463f90
3f0cbf61
c5d8be1e
bf2a3fe7
3fe5bf55
40373e92
400f4016
3fc3403c
3e233f60
be7a4020
3f29bf3f
bf274015
40143fd6
3fe3403d
3f623fe1
bee63f24
3c273f4c
3f2d4022
3ff7bf2b
4025bf74
40293fc0
bf03becd
bf0a3fef
3f1c403e
bd12402f
3fc5403e
3f4b3e6d
40043f5b
3f823f83
bf23be1f
3f7b3f97
3fdd4010
3e973f9a
4018beb7
3f8cbe8e
bf00401a
3f1f3fd1
3d133ffa
4031bec2
40343ffd
3fac3fec
3fd83f97
4003bf20
bf0e3f9a
3f3c3f67
3fae3fcb
3ee03fa0
3e463f14
40393fa6
3f7abe15
3fb23f20
beb445d8
3f554008
3f80bdff
bf633d93
3fd23e48
3e903f8d
4026beb1
3f153fda
3fd7beb0
bd5fbe97
400d3fea
403d4029
3fdb3f1b
40034005
402dbe11
bf4ebf7f
bf2e4018
3fc03ed2
be153f4e
bd1b4030
3f6ebf01
40333f03
40363fd4
bea83e56
4011be16
bedc403b
3e6cbf26
be764009
bd98bec7
3f2f3fda
bf593f83
3f824038
403e3f59
3f8d3fd6
40193f9e
bf6a3f82
bf193f4f
bee6bd36
3e6a4026
3ff8befc
3f68402a
3c2e4033
40273fb2
3fefbdf0
bd1abee2
beff4031
3eab3fc7
4023bed4
c5d83f5f
40193f12
bf7f3fca
3feb3f00
4024beb6
4033be91
3f264031
3edb3f99
bef54014
3e87bddc
3f4a3f93
bec24022
3f9e3f94
3f373fc5
3fe73e4b
4021bf12
402f3f75
3eba3e09
3be33d62
3ee23e81
40253d44
bf653fdc
40213f54
400abee8
3fc54009
3f99be5d
3ff03fc5
3f9b3f9d
3dc53eae
3ff73ec8
be2abe98
bf58402d
bf153fc4
40153fab
bf3c3fec
be1f401c
bf303fa2
40133fa3
400ebf42
be883fdf
401ebe71
40343ee5
4040bf74
400b3f57
3e4d3f7f
bf423f0a
be983f01
bec43f9f
3f5a4022
3fec45d8
401e403e
3f943f83
401dbdb4
3ff3bf3c
3e9c4015
3f8abe87
be9a3fe4
40033ff7
40374005
3f9a3fd9
3f463f9b
3f30403b
3f8d3fb8
3fc13f65
3f89be93
3fa23fa2
3ec2402e
3fcb3f5d
403c403b
3fd13f99
401c3fa8
3f96bf2a
3f0a3f4f
3f98bf7d
3feabe91
bf38403a
bf113f63
3f663e4d
3fa1401b
3fcbbf01
bf22bf3a
4030bf75
3f274021
3fd63d59
40023f65
3fcf4014
3fdb4038
bd133fd5
3f9abf17
3fba3fdb
3f003f18
3fb9be6a
bf4c3fd3
bed0be98
3fa33fc0
bf213fd8
3f91bf51
c5d83fa6
3ee9bf06
3e053f26
3f76bed1
bf4c4032
bec1bf39
bf343ff9
3ff4bf42
401f3e59
3fec3fa0
3f2b3ded
bf553fd3
bf33bd92
3f783f5a
4005403c
becbbeed
be273f5a
40284022
3e953fd4
400d3ffa
3fbf3fa3
bf063fbe
3fc33fec
4039bf1a
4015bf69
bf7d3efb
3fdd3eb8
3fff3f7a
3fc54033
3fddbeb2
3f163fb1
3fa73fa6
4032bf6a
bf20bf33
3eb74006
40293ea9
be5c3e85
3f9e3f9f
3fff400f
3fc13f6d
40323f99
40303f9a
bf6f3f24
3fd63fd5
3f41bf7a
3fccbe96
be5cbf28
40053f7e
40063f8e
3f0e45d8
3eec3fa1
400a4002
3fd4bf47
3f333ed4
40044030
3faa3d76
be933ff6
3ff93ff8
3fd73fb3
bf493fa9
3cc53e9f
3f603f40
400d403c
3fa83fed
bf63beec
bf0a3d0d
3fa83f1f
400b3f9a
bf4cbe9b
3f4d4009
3ea4bf66
bdd5bf27
4012401c
3d893dd3
402d3d8e
bee43f23
bdfc4003
403cbf22
3f5cbe96
be1c3df1
3fe8be89
40383f64
3e7a3ffc
40003f0b
3ff73f7f
3fe73ffe
4018bf80
3f833fea
402cbf34
3fd4be11
3f85bcbb
3fefbcdc
3fcfbf5c
3fcb3f36
3f78bf74
bf703f42
3f873f5a
c5d8be85
40123dbc
3fd83e43
3fa8401c
4009bc95
3ffa3ce2
be964024
401a3f77
bf3e3f8c
befbbf45
be093ed7
3fba3f21
4018bf2a
bf773e9f
bea2bf13
bf36bde2
3fd83fc7
3fd83f54
3ef14028
3f2d4034
40184039
403d3f25
3fc73fbc
bed1400d
be303eb4
bf1f3fb8
403b4015
3ee73e38
bec53fbf
bf653fae
3dcc4027
3f91be23
40273f20
3ec23fe8
3f0c3e0d
3eb23f27
40333f06
4015bf53
bea33fb9
3f323fce
40013fd9
bf633fd7
3f953fa4
3cd2403d
3ff3c5d8
bea23fa1
3f7ebdc9
3e8ebe1d
3d473fbc
3ee93fc9
40123f1c
3f98be7c
3f4a4021
3ebabf4e
3f1a4030
3fdabf11
3fc1400d
be884038
3e703c66
3e813fc5
3ff73f03
3ff73ead
401e3fa8
3faabf01
40193feb
3fb73f9f
40284038
40104039
4010bece
4000400b
40273fa6
bee5be07
3ffd3e48
3fdcbf6b
3fc43f36
bf0f3fe6
3d7f4038
401b3ff7
3f433fcc
40113fb6
be6c3ff8
bf1c4028
40083faa
4015bf2d
4023bf5e
bf0dbecb
3fb43fa5
bf613f29
bf333e68
4004bf06
bf573f50
40023dae
45d83f69
3fcc4001
3f023fdf
bf053f4a
40123e64
bf613f1b
be38bdc4
be3f3fb1
3ec8bec5
3fd0bf3e
3f163ecc
403fbf5b
bf1f400b
bf034006
3fef3f00
beca401b
3fdebf67
3f6a4018
bf0a401a
4034bf78
401c4027
3fc04021
3f0bbf23
3f0cbe07
bf703fbc
3fa23f20
40303fb4
3f05bf7f
3feb4026
3fd93f9c
3faf3ef3
bf613f89
3ecebf2b
4004bee9
40174026
be06bf2d
3f474026
40153ee4
bf75403d
402c3fc2
3fc43f43
3f6dbf58
3fc44011
bdf6beae
40303f20
bf1c403e
bf77be40
3fbcbf35
4008be18
403ec5d8
bdfa4037
bf4d3fd5
bf723ffb
400c3c3a
400b3ff7
3f0d4025
bf014018
401c3f43
3f6e403d
40384003
3eed3fca
403f4000
3fc83fd8
402abf23
3f9abf2b
3f9d3fcf
be153f8a
be044037
40003f8e
40203fd8
40173f62
3fff3f54
bf0c3fee
403a3f8a
3fb73fc3
bf374023
be67bed0
3e123f31
3d873fe1
401abf75
3f7fbed4
bf02bf12
bf4f402b
3f893fea
4034bf7a
3ffc3f45
3ea63fa8
401c3fbc
3e3a3f59
4009403b
3f963fa9
3f883fe7
3f8a3fc5
bec0403e
402d4021
bf424034
3f8fbe54
45d84026
bf404020
3fd93fec
3fce402d
40243f1a
be9d3f61
3e94be56
403f4017
bf49bf10
40044012
4023bccd
40223ef7
3fa04005
401d3fa1
3f083fa3
bf433fb0
40333cc8
bf6dbf7e
4006400e
4001402c
40313d94
3f0abdb5
40033f84
3e52402d
beaabebf
40033e92
4021401d
3fe73db8
3f6ebee6
3f063fad
3f49400f
3fb43ea3
402b3f57
40113fd2
3e4f4015
3f4ebf30
3fcb400c
400c401e
402cbd62
3f963f83
3fccbec3
3faabef7
3cccbe6d
4037400a
bd8dbf69
bd7f4018
401b3fac
bd0b3fa1
bf553f0f
3fc9c5d8
3f664026
3f9d3f98
3ed24020
bc03403e
3e38bf6e
3fe4bf68
4018beeb
3f9e3f77
3f994022
3f2f3f95
3fad4026
400d4028
40324021
40103fec
3fce3fd8
403b3fba
402d3ebe
3d593fd5
3fe93e4d
40263fe6
3f39bf18
beefbf5b
bf39befc
3f20beac
403e4039
3e1c4036
40154028
3fba3f76
3f4e402a
403c4025
4036401e
bf1d3f7b
bf363f2e
4040bec6
3f09be89
beef3ed4
3fc5bea1
400b3fef
3fb3bec8
3f99bf6c
3fbb3f45
40193f7a
3f33bee2
3e4a3f8e
bde73f34
40253e98
3f903f6e
45d83f94
3fa6402d
bf433de9
3f0b3f86
3f853e8e
bf224027
bf05403a
bf723da1
3e0b3fe9
bf1fbf24
3e604006
40033fb8
3f16400c
be9c3fca
400abee0
401f3faf
3e09bf23
4002400a
402b403c
bf543f08
4011bee6
3f593fed
be403f47
3ea43f0b
4006be30
4015403b
3fe83f4d
402fbf3f
be85bea3
3fef3f0b
be9cbf3f
bf14bde9
403f3f95
40313fcc
3e24bf31
4007beda
3edd3eb3
40233e3a
3ff63fcc
be5c3fa1
3ee34024
4036401b
403c4019
4012bf6c
3f4a3e19
3e15bf08
3ff93fb6
bdc2bf21
bf5bbf1e
3e9ac5d8
be3e4015
4019bf7b
bf633f9b
bf45402b
3fbc3f92
3eddbf29
3eeabeb6
bf3f402c
40063fc1
befbbec4
403b3f88
3ff24004
402d3f59
3eda401a
40023f5e
3eb53fc6
3ff53f82
bee2401b
4008be8f
bef8400e
400f4011
401a3ee8
3fc63fec
40134031
3fe63fe2
3e043e49
3d814031
40333dd9
be9ebf58
bf4d3f29
3f9b3f42
3f2c3fd1
3f87bd81
3da0bab8
be22bf6c
3f223fd7
3f6a3e13
4002bece
bf77bf64
3fd64038
4023bf6f
3fed3fb4
3fce400d
3f76bf09
401c4005
4009bf3b
bf19be03
45d83f3d
3f3f4007
3fba400c
40183fdd
4028bef8
3fe53f25
3f58bf78
3f07402a
3f1c4024
3ff83d0a
3f614005
402e4019
3faebf7b
40203f91
bec74029
bf6a3e10
be75402a
3ee0bea3
bf583f8e
3fff400e
bc6f3f89
3f3ebeb2
bf6d3eca
3fe6bd1e
4031bf65
3f253f6c
4014be08
3fb7402d
3fc84036
bf4d4034
40263fb1
3dd83bb2
bf6ebf06
3f37bf0f
3e473cbd
4031bea0
3ecabf52
3d9f3fe3
3f03bd9e
bf70bf78
40394005
3f4b402d
3ff3bf7b
4018be53
3ffebed7
bf724040
bef13f24
3fcb3ffe
3ffabeeb
beb2c5d8
4026bf18
3f1e3fd8
3f653fdc
40083ead
3fd4403f
bf2fbe77
3eb13ed7
403f3e74
bd22bf22
3f2c3f47
be37402b
bd52401d
3fa14019
3f713fb1
3e893f3e
4027beb9
3dc93e53
40124023
3f734021
3ed6402b
3e2f3f19
bf20bf0e
3e063fd0
bd5dbf52
3fc73ed8
3eb53fec
be113faa
3f40bf64
bf40402b
400fbe90
3ef03f27
bec5bf0f
3f844020
3e074010
40283f5e
3f6bbe32
400f3ffc
bf243e86
3f983fbe
be323fa2
bf4dbf80
40384005
3f873fc7
3fea3fc6
bf614002
3f913f83
3fa63fbd
45d83f0b
3ff93fd6
3f563fc4
3fed4011
40103e07
3ef6401e
3f063fb9
3f93bf76
3f34beaa
bf563fa3
3f29bf7d
3fa83fb7
3d52401b
bf133fa3
bf6f3f92
3ffbbf75
402d3e70
bde0bf5a
3f4d4000
bf1b3fab
403b3fc3
3feb402b
3f5f3e3b
3fbf3fb8
3fb73e42
3f693f1d
bca13f8a
40054015
40123f8a
40313ff8
3f8abf0b
bf68bf53
3ffb3feb
3fc14006
3f5d4029
bce24026
3fe6bd99
bf53bf14
3fd73f34
3f323eb8
3fc34029
3f33bf02
3ffb400e
3f53bf04
be2745d8
402abdeb
40173f61
3f173f85
403a3ff1
3f84be5d
bf644022
3ed94037
40363fed
bf4b403a
4037bf2f
3fb6bf62
3faf3f27
3fdd3fcc
bd063fa5
401f3c34
3fd7bedc
400cbe09
3f403eb8
bdcd3d88
be1d4039
401a3f50
40093fe8
3f6a403c
3eaabf66
402f3ddc
bf12402d
3ef5401f
3fea3fa0
40083f7b
3fe93f6b
3fe2bf66
3facbe02
3f0cbeac
be8e3f7f
3fbb3f53
bf57403f
4026be8d
be6f401f
3fe8402b
400b3f88
40194017
3f874038
401f401c
bf53bc87
bcd13f33
3fed3f34
4018be93
c5d83ed4
400f3fc9
3f80400e
bf514008
be73403d
3fee3cd5
3da83e39
3f4e3f12
3fc33f08
bf7e4018
3f044023
3f0a400c
3d3e3f60
3f573f97
3ff1bee8
3faf3da9
3fa23f17
40213e11
3e88bf1b
3fe83f13
3fb5beed
bf473f40
40333d84
3ffb4024
403d3ffb
3ef93f57
bf29bd7b
403f3ff3
bf2a4016
3faa3fb3
40323f81
3f97bf3e
be32401a
3f0dbf71
3ecc3fc7
40193fee
3fed4006
bf033ffb
3e0cbf19
400c3f96
3f5e3fb7
3f1b3fb0
3e613fe2
3fbcbd52
3e93bf59
4005403c
bf223f67
3df53f6a
bf5b4010
3f7845d8
bf7b4038
3fb3403f
401c4020
3e674036
40303eaa
3f7b4031
40123eb4
3ff6400e
be7e3f77
3fc83fc2
40053fef
400d3eb5
beb4bf64
401fbebb
401f3f05
be724032
40163dc0
3fa53faa
4030bf57
3b363fe1
befabe74
3fff3fb7
3fed4017
403c401b
bf67bf20
3ff4be2c
bf633ff5
bedcbf3d
bf1d3f29
40303fe1
40323fd3
3eb03e39
3f854016
bf603fea
4021be84
be2b3fa7
3fa13ec4
40333fd6
3fe63fa6
3f13bea0
bf314009
3e86bf40
3e5b400d
3f873f12
bf474031
401fbf6b
3f283fec
c5d84011
40223ef6
3e4dbf11
be1e3c90
bd293edf
3d0a4009
3fa63f53
bf364036
bf1c3db2
3fd7bedb
3f03bf1d
3f343fbc
3f58401b
4014ba48
be913d94
3e183fca
40143fe2
bf3bbe89
bf1f4023
bde33eb9
3ddc3f45
40323f90
3d44be54
3f5b4026
be40402b
3faabf7d
3fec3f56
401a401d
40293f37
40313f83
3f893fe2
3ed2bd83
bde63f35
3eb43faf
3f523cef
3ff03fd8
401d4038
be624003
402b3f71
3fb6bf3c
3e8b4001
3f933fd1
bed44011
3fb5403a
3faabf30
bee13c22
bf17400c
bf643e9b
3ffc3f96
be9245d8
3f21bf2d
3fb24034
bf1f3ee2
3fc8beb5
40153fd6
3edabf1b
bf47bf29
bf54401d
4029beee
bf363fd0
3e863f0f
be973ff5
40274013
3fb7401e
401b3f17
40283e6a
3e6a3efa
403f400f
3cb43ebd
3ff9be7c
4025bdbe
40184027
402e3f36
400b3fb8
3f833f46
3f853d6f
3fc0402b
3f043f8b
3f873fcc
3f233db4
401d3f69
4014bf4a
bf243fbc
3e953c8b
bdf44012
3f923eda
40033fb1
bee13f3c
3d33bf67
403dbdad
3fc63e5c
402f3ef8
401c3f79
be7f3ffc
3fefbf33
3f83bf36
3fc13fbe
c5d8bf15
3f4b402f
400fbf0f
40064007
be143ff4
beb73fbe
3f68403a
3d684026
402fbee9
4015be64
3df93f92
bf6b3fa9
4020400c
401b3f2d
40014024
40143eb7
bedb3f82
3fc83c80
40223f3e
3bb2bf58
bd654026
3f813fb9
bf363e33
bf7c3ff2
40073d8c
3db23fe6
402f400a
3fbc4010
400a402f
40204000
3eaa3e80
3ff83f49
bf5f4039
3f1dbf2f
bf08400a
bf573f95
3f783f59
3ec4bea7
3fd7bf2e
4032401d
3fc73f3f
3e463f89
3fb53ed6
bf634013
3fa44003
be13bf64
3fe4400f
be1b4018
3fed3f90
bf1445d8
bf47bf42
3ef73fa8
4001be5d
bf024003
3de7bf13
bf223f91
bf7e3fb5
4010bc2a
401f401d
4013bf17
3f874023
40384002
402b3fb6
bdd83fc1
bf62bf33
3fc13c97
4001bee1
4010bbdd
3fb5403d
be153e7d
bf17bd93
3f903d9b
3eb63f67
3edc3f08
401abf80
3f853ffd
3f014018
bf4f3f77
bf49bf14
3d103fc4
3fd73f99
3f26bf27
be713f45
40084010
be7d402d
3ec9402f
3fd53f43
bce63fb5
3ed03ebb
beddbf66
3efebdbd
40393d6a
3f74be8a
400f3fec
bf383f19
bf80401e
3f54be42
c5d8bf52
bf2bbf4d
3f323ee3
402f3fea
40394008
3e633eda
3f964014
bf7e3fab
3fe84002
3fc4403d
402f402a
3ff5402c
3ea03f19
bf223e90
3fdd4033
3f273ffa
3d003ed4
3fd73fe0
beaf3fdb
3fad3f49
be903f41
3f0b403c
3fe04021
4019400e
3f6a3d6b
3eefbed2
3d6fbf1c
3f0c3f81
402d402c
40334019
3f8cbf16
3f39be84
40093f6c
40033e69
3e8cbef7
be884015
be82be48
4035402f
40143f5b
3fb83c8a
be6a3f7c
3fb0bed1
3fcbbf72
bcd43ddf
3f113ffd
be6b3fe7
3f63bf7a
3e873fe1
3f7a4003
3f9745d8
bdaa3e85
3fb83ec7
40323fd1
3fe3bf46
3f754031
4030402f
3fcd3f56
3f91bf45
3f61bf3c
bec34013
3f1e4005
bf66402d
400a3f90
3e31bf07
3f423ed9
4003403c
400d3f5a
3fcb3f78
3f533f7e
bf6d4008
40304023
3f6e3f89
be974035
bf3f4027
402e3fa1
bdf93f8c
3fa13f42
3f37bf45
4033bf27
3febbe81
3fbdbefd
bf2a3e75
4022be8f
3f5f402d
403e4016
3fd9bf7d
3ff93f1e
3f1a3f71
3f8b402c
bec13fee
bf3e3f55
3f8d3ffc
3e8c4010
3f3e403b
402c3e3c
3f19bdad
3e584002
c5d8beaa
be783f46
3fba3f3f
3e0e3f89
40143fe0
bf233fcb
3fcd3fd0
3fe73fa5
bf1d3fe8
3fac403b
4036403c
3e5e3fee
3eb23ffe
3f29bf10
bdd93fb2
40104033
3fd54006
401b3f8e
3f8e3fc6
3fa53fc4
3ee83f83
40353f25
bf31be57
403b4022
bf2e3e7b
40013f01
40193fd5
be263ff8
403f3fc6
3fd3bf04
3e12bc25
3ffa3f78
bf373fc4
beed3f26
bf0c3f2a
3f8b3f22
40103f0f
3fb23f1c
bec23e50
bf5b3ffa
3feb3f97
bf47be7f
403fbf58
3f913f8b
400bba29
40313f38
bf124022
3ff73f1b
3ee83f5c
3fe945d8
40334032
40283fbf
bc983f97
400dbeff
be153f04
3fdd3eb4
3fe7bf27
bdc7402b
403d400b
3fbfbf0a
bd5c3fc8
bef04012
bea64017
bf083fa5
3fb7bf57
3fc0bf04
3e0a3fc5
3e123fcf
3f1abeb1
3fbdbefe
3faebe90
3ee74018
bebf3fec
3fb33edb
be4fbeb6
4038bf60
3fcf4026
4022402f
3f9d3f1b
402b4038
3f86bdf0
3f043fb6
bf0f3f62
bd9f3f79
3f8a3f9a
40303fc1
40033ff7
bf743f81
3f9fbf49
beb9be13
bf4a3edc
3fcb3f01
45d8bf7b
401a4026
3ff5bf45
3ec4be68
4037bf4f
3d71bf07
400c3f8c
3f583f85
bf004021
3ecb400d
3d373ed1
3f123e15
3f8e4039
3d874020
bf443f1f
3fa73f62
3f43402f
bcd0402d
400dbe8c
400d4023
40393feb
40253f6b
40053ff0
bf713fd9
bf71bf68
40223ff4
3fb6be30
bf333f7b
3e31bf46
3fe93ffd
bf554011
bef1401d
bf51be24
3f293fc5
3f4cbf09
bebc3f19
be44bf4a
3f9d3f8e
402bbcb5
bf07bf3c
3f3c3e7a
beeebf70
bf643d87
3fd8403d
3d644031
40034005
3f853c6e
beff401c
beef4019
3f60c5d8
3fa7401a
3fecbee3
bd123f4e
400f402a
3d763f8e
3fbc3f99
40083d9c
40143e9f
bd303ed9
3fbf3f88
3f81403a
bf713fa1
be64be56
bee13f75
be813e99
3f043ffa
3da9befc
bed53fbe
3f784035
3ffdbe80
3ecc3e74
bf19400e
3fb6bf74
3fc03f39
3f2b4040
3f463e0d
40153e8f
402e3f51
4020bdfe
bf5cbf08
401a4036
3fd23fd4
3f5abf78
3ed13f61
3fc64028
bf0f3f7b
3e273f25
3d283f8d
bd8bbd64
401cbf11
4025be02
be013f12
4033bf7d
3fda400a
3e9e3fa7
3fc4bf2a
3ff33f8a
45d83fdc
400a3fa8
bec4402e
3ff23fd0
3fe1bf79
bec13f9d
beb3bebd
3e8c4019
3f0d3f34
3fb94018
3feb3f29
3fb7be0f
40254019
403e401b
402bbf1d
3ea8bf0c
3f9d3ecf
bf4b4005
3f6dbf10
bf744033
3f303fd9
3f8f400b
bf68400f
3f0f4001
bde2bf54
3e4d403a
beb04014
3fd6bdb8
401f3fc2
3f094025
3fb14024
3fe63de7
40143fc5
3ff7400e
bf6a3fbd
3f883f95
3ff23eab
3f323f58
3e313fd7
3f5b3f40
40123fbe
3fa63ffe
400e3f34
3f28bf7e
3f393da2
3e1f3fa2
bf023f18
bea2bf6f
bf303f10
bf01c5d8
3f033fb7
3e054014
3f8a4038
3f044013
bdcdbee3
bf034034
bf12bf76
3e463ff6
bd4ebf3f
3d91bf06
befbbef9
3fa04020
3ff6bea7
3fa1401c
3fac402b
3eb83ecb
3fe83f36
403f403f
3f37402d
403c403f
3e244004
3e653fa1
3e574007
3f6e3fc1
becc4026
3f94401d
4014bf17
40373ed1
bf56bed2
3fb23fa1
403e3e6b
3fd24040
bf5b3f70
402a3fe5
3fd7bf34
3f82bf22
3f8c3f62
3fa03fbf
3fdf403e
bebd3ffb
3f853f64
40364038
400e4036
3f65bf63
400e3d9e
3f263f3f
402a4027
45d83f48
3e23401a
3fa83fc8
bbadbf25
3f014017
3c2dbf19
be4e3fb5
3fecbf16
be333df9
bf323f70
3f973f70
4026bf7c
3eb83f5a
3fb73f8b
40133f02
3f39becb
bd2a3f6c
3f54bf19
bf7f4001
3f413f3b
bf49bf33
3fc2bea9
40333e02
40383fd5
4034401f
402abef3
3f5b4035
bf704000
4017403c
3fd43f66
3e8c4023
40113ff8
3fe7403d
3f153fb1
3fa74016
4003bf59
3f8e403b
401e3f61
3e5b403a
bf38beef
bef93f5e
3f53400f
3f4cbf78
be243fe2
3febbdd1
3eb13ea7
40313fb3
40193f99
3fe73f2f
3e03c5d8
4028bf06
3f50402f
3fa3400d
bedd403f
3fc4bedf
3f8c3f5b
3f98bcce
400c4009
3f8c3fcd
3f4bbec2
3fb0bee0
3f8cbf5f
3fea3f82
3f233f1f
3f15becf
401f3f67
3f4a4018
3f61401d
3fdebe82
beacbf60
bebd3fb4
3efe402d
401f3ea2
3f1b4028
3f1b3ff3
3f234035
3dc23ea8
3fa04009
3f243ee0
3fa63fa7
402b3dc0
4024bf13
3fb73fbe
402c3e3a
bf02be9a
3ea53fd2
40253fa9
3f993e40
3fa63f2a
3e914036
3f96401d
4030400d
3fbfbf3b
3fb43eeb
bf4b3f93
3fb9bf17
3f893fec
45d83e43
bf793ffc
bd083e3e
bec63fc8
beb2bf30
beb84017
3f9d4025
3fc7402c
4002be4a
be6e3f2b
3fc93fde
3ff23ef5
bf083f91
bf48bede
4008401a
bf7b3fad
be26400a
bf59bf79
3f9c3f54
3ee73f9c
3f30be64
3f8ebeea
bf5a3f70
3f7e3d1e
bf6d3fb2
3f5a400c
3ea24017
bd3bbee7
3f8dbf40
3e06bd8b
3f143fc8
beb13fce
3de7bf43
3f22be95
3ff9401e
bf203ecf
400f3f30
3ebabec4
402c3ff7
bf484019
3f713f9a
4010402b
3f0bbde7
403d3f85
3f1a4034
402f403b
3fcc4011
40313fdd
bf373fd4
3fb8c5d8
bf703fd7
3ffa3fb2
3fb03f86
bee5402e
bed73e8e
3fa7bef9
40263f9d
3faf3fa5
3fa03be7
bd8fbf17
bf653f54
4010beaf
bdb8bd01
3f984021
403abf76
bf71403f
40074030
40073fdc
40073fbf
3eb4bf6f
3f5c3fdf
3ff93f04
bcbc3f64
3f5b3fbc
3ffe4022
3eafbed0
3fe73e27
3fcf400a
402c3f79
3f99be53
3f874040
bf11bdb2
3f683f44
4035402e
bf03bf0e
3f1f4003
4025bf0b
bf0e3f31
403fbe9a
3fc8bef0
3fb9bec5
3f90bd3c
3fc4bbb2
3fb44039
3ff2402c
3f133ff6
3f053fb9
45d83f02
3eab3f5e
3fcb4014
3f063f8d
bf373db5
3fa33f50
400f3fbf
3ec3bf0c
3f8d3f6d
bc273fbc
3fd03f66
bf6e3fa0
bf724038
bf6a3f5e
bf04beef
3f8f3fe7
40293f96
403d3f0f
bf533fe6
3f933f67
bf703fb9
3fa94015
3f9a3e3f
bee2bf44
403d4007
bdd3bf09
3f333eeb
bf143ff3
3f133d8d
bf1d3d6f
bf6c3e9a
beef3fd7
bf3d3e63
403fbf35
bedb3f4a
be643f25
3fd03f96
bda53f97
3f2a3eed
3f2b403b
40104011
3fb23f4c
be0ebf7d
bdbd4027
3f663b8c
bf803f4b
3ddcbf5b
3fbb3f4f
3ebe3f22
be83c5d8
3f5f3fcb
bf3b3f3f
3bb1bef8
3f2abe9a
3e403e4b
4020bed1
40003ef3
402b3eee
bf023f6f
bef33dec
3f903fa0
3eeebf49
3ed73ef0
3fb34025
403d3f05
3e84be4e
3fb53fba
3f943dbe
3fba3ec2
bf393fcd
3fbf402d
4001bf22
bec3bf57
3fe03fc4
401b3f32
bf2cbe2c
3ff43ed0
40283f73
40253e4d
3fbe3f6f
bf6ebf10
3f1abf04
3e9f3fc5
3ec9bf45
bec9401d
3f5b3f35
3fbf4032
bd91bf2b
3e43bec8
3e18be78
3f87403e
3ff63e99
403b4032
bdfd4021
401b3ee4
3ffe3e2a
4011be6c
45d8402b
3f893fe4
3f1c3f2b
bf7c3f13
3f5c4001
3ff03f0c
401fbf19
3ffa3ff5
3f8a3fda
bf0d3fe1
3fc94026
be8e3fe1
bf393fa9
3f5c3eb5
3ee23f05
be384031
be4d4012
3f6b3ed3
3f18bf5e
3fb73fc6
3f72403d
3ee33fa7
40184019
40153fca
3fd43fec
3ec54033
bf4fbe02
bf38bd67
be5e402f
3ea53ff9
3f9a3fe9
3e913f8d
3edcbea0
4037be3d
40393fb3
3fe04001
40203fec
401c3fcb
3f9e3f4d
3ea8bef4
3fcf3f43
4000400c
402a403d
bf0bbf02
3faa45d8
3feebef5
bf423ffb
bf3c3f16
bf4c4011
3f513e37
3fd43f12
3f573f45
be75bf36
bf653f38
40363fed
be5e400b
3ff9bf37
3fb1402d
3d2e3eac
40304010
400c3f2d
bd873fce
bf3a3f59
403d4030
3f9e3ee1
3fcd401e
3fe33efb
3fc93fd5
3f313f19
3d1e3fe2
bee43f5f
3f9c3fe2
bf6c3ea0
402c4008
3fa43f16
3f7a3e34
be113fd9
3e803e82
bf7d3f28
4016bef0
40144020
400f3ff6
3fbdbf1f
3ebd3fa9
3fa03fb3
beb04009
3f1fbe14
3faa3c96
400d3ebc
403a3eca
3ff63fe3
3f063fa7
c5d8bf37
3f52bf52
bf1b3f8f
3e054016
3f0b3f9c
3faa3fa2
3f744034
bf203fdc
3d1b400f
40193fdc
3fc6bbdf
400d3ff6
3ffc3f92
bed93e0b
3d323fca
3f0f3fc5
3e0dbe26
be1e401e
3f32bd8c
3e5e3fbd
3d374032
402d3f20
bea9402b
bdea3fc1
402b3f83
3ff14009
3ddf3f7a
4037400c
bf4e4004
3ef03f4f
403d3f5b
3fb3bf46
bdd6400a
3fe73ec9
3ff5bf73
3f9a401b
3ecc4001
bf763fc7
be2cbe42
3dcb4017
400c3fa8
bf133ffc
3d983ea2
beb73f38
40343f56
4021be86
3fd4403e
3ff03f33
3f213eab
402145d8
40274029
3fc63fcb
be83bf08
3fe03f96
3f7fbebb
3f05beda
3ffe3f55
4034bf16
3ed23f83
3f3b3f31
3d9c403d
bf043fe1
3f833fe0
3f9cbf2e
bf0d4021
402abe11
3e503d9d
3f46bec3
be8bbf2f
3fad3ff1
3f54bf41
3fd33e49
3fbbbe99
403a4019
3e90bf32
402d3e98
bf103fb4
3fc33fcd
3fe53ea1
bf2a3eb5
3e9d4028
be98bf68
402e3fd3
4017beed
3fa03fcb
3f1c3f12
3f653f9c
3e16be96
3fffbd87
bdf0bec0
3fde3fc1
400d3d9f
bf0b4006
be7c401f
3f3b4035
3fac3e7b
40013fc4
c5d84038
3f3e4023
3f803eb0
3fd43f64
400e3f58
3f053f6a
3fafbf17
401ebf78
3fec3f8b
beb63e8c
be793fab
3e304014
3f1b3fcb
3fe6bea0
403cbf7e
bf74bf35
3fbdbf65
3faebe01
40073ff8
3f25bf77
40023f2c
3e0e402c
3fef3d39
40143ef6
400b4021
3ec23ed8
3f513fe1
4030400b
4011bebf
be4d3ff3
40163fbf
bd8ebd05
3feb3f45
3ebc3f5f
bf53bec8
40383fbc
401f3fa8
bf734034
bf7d3fdd
be0a3f1b
4033bd52
40363fcd
bf794005
3dcf401d
402dbf75
3f023fa9
401c403b
be874000
bf1a3efb
bf4f45d8
3fca4004
bf7b3e6b
be654023
bf4b3ffa
3e303fc1
be60400d
3f2f4028
402d3f09
40283fac
be683f94
3f723e81
3f544015
bf7c4027
401c3e47
40243e92
3eee3ff0
40323dc6
bf4f3fdb
3f9e3f76
3f95400c
3fee4000
3fd13db1
4017be6e
400cbf5a
3ff0be8f
3f8b3fd3
bf724018
3f433f1e
be1b4000
3f9a401e
bf094023
3f413f65
3fbcbf49
403abf20
3fc0400c
401e3f5a
bf033fc9
3fdc3f04
4015bf53
400cbf6a
402b3eaa
3fba3fb0
3fc7bef7
3ea94016
3f693e86
3fb54006
3f913eef
c5d83fd4
bf5d4002
be0e3fba
401ebea6
3ee94014
4029bf1a
bdba4027
3fd63f5f
bcaa3fd2
40373f14
bf0a3f04
3faa402f
bcfb3f8d
3fd7bf11
bf0d3f0d
bec03f78
40393f9c
3eb0becc
402839ed
3f793f35
bf443f8a
403b4040
beb03fed
3fbfbf30
3e9abf65
bf5c402b
402d400f
40103f80
40254036
3fa93b69
3f1c400b
3fde3f35
3f843f81
3ff63fb8
bece4001
bf4bbf33
bf7c3f8b
3be8bf7c
be95bf75
3f2b3e19
402b4027
3fd5401d
3e183f12
3fed3ea9
401d4015
403a3ff5
bf2b4039
4004400c
400b3ed2
401045d8
bf62bf77
3f6f4005
bf173ffb
bd103ffb
becdbf3f
bec44008
3fe5bf34
bf4b4008
bf613ffd
3fa03e34
bec7beea
3cd93f9b
be94be19
3f483fa4
becdbf24
4028bf55
3eee4038
bf0fbef2
3f8a3bd2
bf754020
3f903f77
403abf73
bf073e9e
bee73ed7
40234030
3eb2401d
403cbf4e
bf083fe6
3ffc4003
403a3f9d
3db5403d
bf753f82
40243f01
3f18be25
3ffc3fda
4010bf14
bf764032
40403f50
bf793fed
400c4035
3ff73ffc
3eecbf29
bf6b3dab
3fec3ffc
3fa23ffe
3f0f4015
403f4029
c5d8bf26
402d3e8b
3f83400d
3ff6bf5b
401b3fa0
3f0b3f87
3efd3f31
40283f5a
3fc5be5c
3fce402f
3fd54026
3f94400e
3faa4028
be514019
402bbe97
3fa53fa0
bf23be35
401cbedb
3fd5bd87
400c3f8b
3faabf44
3f454002
bf373fc8
3e17bc85
402d4000
40303fea
3ff43fc8
3fa43ffd
3f91401b
bf1f3f7e
400f3fa5
3f7c3f36
3f8fbf4b
3f5f402d
bef3bea4
be214019
bab9bf00
40404026
bf5e3fd0
401e3fa1
3ff53ffd
3e4e3dc0
bdc23f2a
401d3f8c
bef33fa2
3eae3fa5
beb34020
3f834021
3fa74021
bdb945d8
bdefbee1
3dd7bd1b
4023bf71
3d0c400b
3e14403d
3ffe3f2c
3f974034
bf663f8c
3fa4be03
3f0ebf1f
3fe63f82
402f3f98
4008bf16
3fae3ff7
3ff7bf72
401a4009
400e4036
3fe54011
bf574036
40013f0d
befc403a
bf2a3f8a
3fb33ea0
3e803fd5
3fd53f1a
4014bf54
3f473f3d
40233d1c
3fa03f67
3f02beaf
bf2c3ea9
40173fc4
be03401e
3fc0bedb
3f8e3f58
403f3f5b
bf2cbe11
40003f80
bf7b3ed5
bf30bf0c
be413f6e
bee33fa4
3f283f1f
40303fc0
bf034010
bf243faa
4023be27
c5d83f4c
400b3f13
4040bdf2
3f613feb
bf78402b
bec33f9d
4023bdc5
befa3fad
40363fe8
3e843f14
bef13f51
4021402e
3f874034
400b3f3a
bf1b3f6d
40093fc6
3fc43fb4
3f703f33
3f6d3fba
bf1b4035
403c3fd9
bf2f3eda
401a400f
3fdd4015
4013400e
3efdbd87
403c4040
4013bf5a
bf203ff4
bec23fdd
bedc4009
3ff94031
bf4bbec2
3ff1bf7c
3e944013
3f8d3fe8
3ff93f7b
3fe43f7d
3ecbbeb0
bf493ff0
bf13bf32
3feb3fde
401a4033
4031bf2c
bcd3c5d8
bf313fcf
3ec93f92
40243d53
bf153fd3
403bbf3a
bee5bf6a
3f03bf4a
40323fe7
bec13f7a
bea83f2d
bea6400c
3f653fdd
3f774001
4024bd24
3f363ed8
bf723fb6
3ee33f14
bf2b3f3c
3e8f3f8a
3f5b3fc2
3f4a4005
3f84beb2
402d4018
3f0f3fc0
3f143f9e
4037bec8
3f1e3f42
bef5403d
bf04be0f
40033f9a
3ecc4004
3e8a3f28
400d3f07
403e3fb8
3fb9bf3e
3fb43f67
3d893f1c
3f034007
3ff64018
3fe13fc6
3f824001
40364015
3f633ff2
4020bf5e
beae3e67
4027402c
3fdf4003
45d83ffe
4026bf2a
bf02bf7f
bf1c3f5e
3faf3fc9
bf7e3f54
40163f0d
be2d3f93
3f973ec0
bf2d4024
40174023
3fb33ec7
4039403d
3ff1402d
3f174028
3ec43f26
40043cb9
3f80bf4d
bc943b28
3fe2400c
3d563dfe
3f843fca
4036402a
3f7fbf70
4010bea3
bf3ebe4f
3ff63fa1
3f94bf6d
3a863fdd
3eae3e9a
3fc3bf3c
3de84007
40084006
3fb94011
40004000
3f1b3f40
bf3ebe37
3f38bf26
3ff53fd1
4036403a
3fc23dc6
402a3fb7
3fff400e
3ee6be52
bf2bbee0
3e4d3f63
3e35be43
3fe1400e
3ff8be5b
bc81c5d8
3fe1bf2d
400f3de1
befe3e9a
3f343f29
3d873f0f
bef9402d
3e1b4025
40093f12
befd3f32
402f3fd9
40263f92
beef4004
bf5f3ea6
3e9cbdbe
3fc83fe0
3f493f3c
403a3f9a
40203e6d
402f3fb3
bd233f84
bea13f58
3fe64001
bf59402a
3dae3eb4
bf05400e
40223fb9
3faa3ff9
bf224020
beca3f9a
3f883fcf
bf474024
3fae3f00
3f134030
3e203fca
3fea3e3d
3ff4bf3d
40313f81
3fa43fe0
40173f02
3fb33fc1
403b3d55
40193f7b
3ef64034
401e4029
4040402e
3e413f9a
4013bebc
45d8403c
400c3e8c
3f8dbeff
402b3fc6
3fc94031
3ef43fff
3fc13c87
3f9d3f33
4032402c
3fa43f81
3fff3f92
40044025
3fc23d72
40253eb9
400c3fd9
bf62bf0b
3fa4bf4c
3f293f3e
3fbcbf77
40343ea4
3fb7403e
3e3dbf3b
3fb33fbc
3dbb403e
3fb63f99
3f1bbeb7
3f34be74
401abdfd
3faebf3b
3f903fb8
4004401f
4026bf55
401bbf3b
3fdf3fde
be9d3f54
40123f57
3fa9beb2
3f0fbd76
bf613fb9
bf633fbd
3eeb3ef4
3fc33dba
3f013f6a
3f963ec9
3f134017
403fbf20
bb0f403f
3f223f84
be864013
bf17c5d8
3fdcbf57
3fc83fc2
3eb73f7f
4014bf11
bf11403f
3f8cbf68
4019be90
3ee6402d
be7a3ece
bddcbee7
3f9f402c
4027403a
3dfd3ffe
3ff63f87
be903e07
bd783f8d
4006bec7
beb13fbf
40313fcf
3e8e3fc8
3fb3be57
3f7f3f1b
403e403c
403b4036
3fabbd02
40373f33
3fd03fcb
3fbb3e36
3f373d50
3e043f9d
401fbf60
bd7b401f
40373eee
3eae4038
3ffcbf31
40403f7c
3f90401d
3f443fff
bf40be4a
3fd04014
bf2ebf4d
bf313f05
bf21be12
400e402d
40184013
40223fb1
bf24be64
45d83f0a
bee93fd7
bed43ea3
3ffdbdeb
bc483fd1
3c0f3cb0
3fa64003
3f06be66
402fbf2c
3f463f00
3e583ed9
3cbabf04
3f2c3f9d
be04bf7a
3fc44006
3ecb3f5c
beafbeeb
bea33fb3
3f8d3e16
becb3f4b
40343fdb
bee4bf23
bf093fcb
3eeabe22
3dea3fff
3f034040
bbdd3fa3
3feb3f37
3f503fb2
401dbf1c
3ead4010
3f004015
bf47bf16
3fe43f17
3ff0402b
3f6d403a
3fea4013
bf6e4026
3fb13fea
3eb4bdc8
3fb63f86
4023bf59
400a4018
be8fbf32
beae3feb
bf343f7f
bf433fb2
4040bf60
402abf2a
3fa1c5d8
bf6ebf2d
3fca3e49
bf663f77
befc3f37
3fdc400b
4010403a
3ef8beaf
4036bedf
be603ee4
3fb44032
3e5e4014
3fa7bf40
be4ebf3b
3ed54038
402f3f8c
3febbc43
bf263f95
bd33beaf
3f46be7d
3f033ee9
40213dc3
3fdd4011
3fe2be90
3fee3fd8
3df04022
3f74be6f
402b403d
3e62bf67
3fbabf56
3e4f3f8c
3ffebab0
40014002
3fb13e33
3fef4017
403d4002
3f4b401e
40103fe0
bf253fe4
40193e6e
bef63e06
3e79bec7
40213f2e
40293e98
40164020
402d3f95
3f933eff
3d784013
45d83fac
4030beb9
3e8e3fb3
40103ff0
be9b3f49
3f013c8e
3ff34012
3fbc3fda
3fac4003
3fc4be0e
3f163fb6
3c27be5a
3e074035
402fbf5f
3ecb3d57
3fa7be6e
3fad3f41
beef3eb4
3db23fca
40243f79
bf7ebe24
3fd14007
bf343f1e
403e3ff1
3fa6bdb7
be0a3fd2
400cbf1a
3f393ff4
3f523e64
40284026
3f91be63
3e0c4034
40033f16
3fc1bf08
3fddbf74
bf4d3f45
be3d401d
3e813ef0
3e0b3fe2
4021bf7b
3e463ff1
bf36bf43
becd3fb9
403e4015
40123edd
bf10bdb5
bebbbec3
3f194012
3f9d401c
3ec3c5d8
402e3eea
3feb403d
40163e13
bd913f98
3fe33f5d
400f4017
3fb73f3a
3f29402d
4000bcc4
400b3f43
3fc43eaa
403d3f61
3f3e3e0c
3e4e4018
3f9b4002
3f82bf6e
3f844005
3f384040
400e3f85
401c3e37
bf08be9b
bee83fe3
bf3c3ed1
be27bf38
3fba400f
3fa03f47
3f2abf7e
3f273ebe
4026bf4e
3f074029
becfbf47
becb4034
3cd73f88
4025403e
4020bde8
3fedbf76
3ea73f47
40033f91
3e903ece
beef3fd0
3e5f3f64
40273f9e
3ff6be0f
3f794001
400d4035
bf71bf2b
3f994018
45d84019
beadbdfe
bf1a3fa8
bf6f4028
40393eab
bf2d4006
3fe03e80
40293fe3
bc263ec7
3ef3be50
3f22bd0d
400c3eda
3f403fda
4012bf31
be6a4008
4002bd0e
3fe23bd6
4015bf26
3c2b3d25
4015400e
bf4fbed2
3fefbe20
40073f28
3fef3e1a
3ffd4019
3f863fff
bc7ebecc
3f62bf7e
3fa73f2b
401f3fce
bee7bf15
3fc03f1d
3fbf3f54
bd8dbecc
bdf2bd22
3f5a3f52
3f9c4010
bee63f25
401f4002
be48bf38
3e773f9c
400b3f93
3f00bf71
3e904021
bf423f55
3f413f9f
40303f1c
3f6c3ff9
402b4031
3fafc5d8
3f96bde5
3fc93fed
4030bc50
be3e3fc4
3f574014
bd633fa7
bf033fe4
401d3f49
40003f53
3f143f8e
40233f49
3fffbd19
3f733fce
3fe8bf03
3f75bf4a
40343db3
3fb83f04
4008becb
401d3ecd
bf153fa6
bf08be72
40083ee8
bf0d3eec
3da03fbc
3fd73fdb
bf7e3ede
bee93f0d
3e543fdd
3fe23f73
3f4f4036
bf263ffa
402d403c
3ee33f9e
3fd14002
3f3e4002
403cbdd4
bdb43f1a
3f6b3fea
40344037
3f103f5f
3f443fab
40393dee
c5d83f56
3fcfbf16
bf3f400a
3fdf3f6a
3fa33f4f
4037403c
400e3fd3
3f7a4019
40233f2a
3e9b3f1a
bf5b3f2c
401ebeae
4013bf09
bf6b4016
3df03f4a
bf1e4027
beb8bf12
403b3f72
401a3fa2
3facbf16
3e753f8a
3f28bf4e
3f93403c
401a3fa6
3f78bec2
3f864006
40083fe8
bf3e3f15
bd083e85
bdf8400f
40354017
3e4e3fc0
4001bf1e
40393d90
3fd1bf17
3fe53fa4
400f3fb8
3f99400d
40093f4a
3febbe93
bf603fe2
3f20402c
3fc83f96
3fdf4038
bf463fca
40243edb
40283f87
3ef83f82
beb7bf7e
3fbc45d8
3f293fe3
3fad3f3c
401c403a
3fae3f2d
401dbf29
3d6c402f
402b3fab
bdc03f9e
3fa8402d
40283fcf
bf593fd0
3f9a3e0c
3e913f9d
3f293ff4
3f803fa3
3feb4017
bf6c3fe3
400f3f6b
bee03fb2
403bbf18
40363f25
4039bd62
400e3fe6
3ecebf65
bf80bf16
3e0c3d84
4029bea6
beb8400c
3f9cbe45
bd90be08
4034bf75
be553fde
3ed83fe1
3fbd3f4d
40043e60
3eeabf61
3f8a3f81
3f5fbf37
be77bf4d
3f79bf15
403fbf6d
3f923ef5
3d983f6c
be813f98
3db94019
400b4024
3f934026
c5d83e59
3ef83f5f
3f92bf09
3f9f3fe1
402f3f9b
3f384000
3f883fea
3e413ff0
3fa03fe9
3f0a3faa
3d6a3f07
bf3e3dc4
40023fbb
be2c3ee8
4035bf5e
40223eba
4008bf53
3fecbf7e
3e784020
bf544038
3fb9402f
3ffe3f7a
4027bf56
3e4f4010
3ffcbf2b
3fc43fcd
3f553f38
3e1bbf5d
bf28bf43
be9c3faa
40163ef8
3de5402a
3ff04036
3cca3f10
be5a3ff1
3eb54003
bd7d3f64
bf363cec
be993e05
40163f8c
3fe53fbb
bf804021
bf783fcb
bed23f05
3f944010
3f0b400c
3fc4bdf7
be5a3ff0
be0d3fab
3fcb45d8
40283e87
3fba3fa2
3fbf4037
3e85400e
4030402b
402bbf21
bf6abe28
bd89bde4
bf7f4038
bf3bbe5a
3e7a3f72
3fb5bf41
3fc94039
3eef4021
40274011
4016403f
3fae3f7a
3fa33e81
400dbf1e
3e304010
bf18bf3f
3e7e400e
bdbbbe96
3fed3ee1
401abf05
bf383f9c
3d8b3fde
40303ff7
bf6bbf4d
3fdfbe4e
403f3f95
3ff83c93
3fb0beaf
bef1bc60
3f56402c
3dea3fe0
be813ead
3ed04028
402abecb
40164018
be84bf2a
3e1cbf1c
3f57403c
3f9cbf76
3effbf35
3f0e3eeb
bc9c3ed4
c5d83f4f
4013402a
3ff24039
3f404010
bf033fae
be473fc5
3f6f400b
3fd83f45
bf033f56
3f20bee7
40383fb5
3ed43fdb
3fae3dd3
3ff44033
40043fe1
bde33fbc
3f3c3f2b
3fe43f15
40244007
bf703f20
3ff03f67
bf304009
bf5b3e84
3fe83f24
3ed1401e
3f3f4029
3f963fa8
be0f3f83
be993fdc
bda73ff9
3fc84035
bed44029
3ea6be3a
be263f80
3ff23e1a
bf0c4022
3fc13e5c
3e403e78
3e883ff5
3f62be07
3ff94032
40093fda
400fbf7d
3fc93f26
40023f0c
3f703f9e
bf793fbe
40003ff8
bedb401e
3fdd45d8
3f713edb
400b3f22
bf21bf58
40013f93
3fd6bf52
3e1c3f81
bf514035
3f91be05
3fd33e99
401d3fe8
40063fdb
3fda4014
40193fb1
3fd53ce5
3f9f3fa3
3f85be10
3ec33d1a
3f71bf7f
bf2dbf74
3e544033
be8f3efe
bed74040
40213fca
bec13f04
3ef43f66
bd5a3fe6
bf2bbeb3
3f923fff
4038bf23
3f073f96
403c3f85
3e6e3ea4
bd064035
3fe33fb9
3fcc3f32
3f0c3f4e
40033cd4
4022403f
3fd3bf2e
bf7e3f4c
bf293e32
3ff44035
40273fd4
3fb33f8c
bf37bdb3
3f8bbeed
3f954034
c5d8bf7e
3e73403e
3ed93ff8
bedbbf72
3f474021
bf5dbf3f
3ff63ed2
beaf4028
3fe5beaa
bf5d3f59
3ff03dbf
3ff74030
401b3f0c
3fb33f17
3fb4400e
bf5d3fbc
3f303fe5
be253f86
40273fd8
400fbf72
3f803bbd
3fbc3fe1
3fca3fe3
3fb4403b
401cbf29
401d3cfb
bea13e31
bf373fef
3d663ed3
3f963f8d
403ebf40
be0e3e08
403b3f19
4024401e
400b3eda
401c3f9a
403d402e
3ffebe9e
3f0e3fad
3f8e3f9a
bf08bf16
3ff74013
3facbf12
3e4c4000
bf7a3f9a
3ff63ef8
3f82400a
3f5bbf27
3fe2bf25
401a45d8
403c4019
bf0e3e5d
3fad401e
40123f0a
3f85bf55
40003f81
3d6d401f
3e3e3f79
401b402b
be953fe9
401d4017
3e813fe7
bf38400c
400a4037
3f8f3ff7
3f60bf2d
3f0e3f79
40223e77
bef53ece
be91be33
3f703dc7
3e77bf48
3f7d3ecc
403c3fe3
40084026
3f8cbf55
be353e8d
4031400a
3f763f70
3f9f3f05
bf183fe7
bd63bf62
40203fa0
40324009
4028bf0e
3fb73ff2
3ee6beb1
40043fda
3fb5402e
40004008
bf743f39
bea43f68
bc983f2f
3ff74038
400f4011
401a401b
3fd23fd7
c5d83f9e
400f4002
be26be87
3fb23fbd
bc384012
3f7dbdea
bf5c3eff
400ebef0
3f9dbf4d
be153f66
4009be92
3fcebf05
bc583fd0
401c400f
bf09bf62
40203f08
3f583fda
3fd5bf57
3faa3f73
be6b3f86
bf393f9a
bf174028
beb53f0f
3faf3f9f
3f4b3f3e
40313fae
3f15402f
bec43eec
3e9a3ff5
bf5b403c
bf593e96
bef4bf49
bed9bf3a
3f3b3e94
3f193e31
bef7bf33
3eb73ede
3fb53faf
3fd7401c
402a3ee0
402b3f95
3f894017
3f3dbf17
3fe33ca6
40133e73
3f803f3a
3f453fd0
befebef8
be35bf51
be2445d8
bf353fed
3f914016
bebf4026
40263ffb
40004012
bc073f21
be683f45
3f50bee7
3f90bdc7
bf4bbe8b
bf5a3f5a
3f0e400d
402ebea9
3f763ff0
3fad4017
bf4d3f20
3f86bf13
bf4f4006
3f2f4026
40263f9f
bf013ff7
3f4f3f9e
bf553f9e
3fd23fa3
3f9fbeee
40363f52
403b4006
3fb2bf56
3fbf3e1a
4016402c
3fb44015
3ff63e17
bec43f85
be6c3f35
400abe9e
be044020
4008403d
3f5ebf79
3efd400a
3fe7bee4
40233f8b
3ec63f21
3f4f3fcc
3fd03fe5
40363cca
3f2d3fe1
40393ce9
c5d84032
3fee4034
bd12bdc6
3f9bbf3d
400d3e43
3e213fed
4023403f
3fee3f95
3f954032
401fbf4c
3f883fca
3d05be33
40163f70
bd99bf00
3fdf3ec5
403c3fae
bf5b4020
3ef4bf20
3ed43f41
3fcabda3
401c4017
3fb7be13
3fe33f81
3fdf3fc0
be9ebf58
4007403c
3fce4016
3ed44016
bebd3f1f
bf1a4020
bf1b3e91
3f693f62
3ffc3e95
3f2b3ebf
40363fe1
3fbbbf57
bf433f30
40193e46
bf3a3fc3
bef33f29
3f873fb1
bf424001
3fd53e15
403d4039
3fbcc5d8
3ee93e46
be424002
bf574005
3c253f88
bd753f12
402d4024
3f1bbdad
402ebe5b
403a3f0a
3fe7bd03
bd7e3f4b
3f50be86
400fbe7a
3f09be37
bf77bf05
bf03402f
3fc7bf42
3ff53d25
3f9cbee4
bf514036
bf633ef1
3fe13ff2
401a3f8b
be1d3ef0
3f3a400f
bf563f30
400dbe90
bed33fbd
3ef6402d
bf06bc4b
bf423fdc
be74bf6c
3f823fc9
bf16be86
bf654010
401f3ef1
3e9f3ff2
be973fcd
402dbf69
beec3fd9
bca04015
bf53be4f
bf374019
3e433f98
3f2e3f0b
3feb4017
3f593f66
45d83f63
be863ec7
3fe33fe7
3f953f37
bf113ed5
3ed13f7f
3fe13f29
3e97402d
bf46bf7a
3fe23e92
3f864025
400b3fda
3ee33ff0
40133f2c
40023eac
bf10bf0f
be703e1b
40013ef6
3e55bf03
3ff9bf2d
bf274015
3b4d3fae
4013bed3
3f5a3fd6
3fca3e67
4019bea1
bf0f4029
3f464032
3f1bbe61
be273fe6
3f993fa8
401abe8d
3f833f61
40324004
4013400b
40213f9f
3f9b3fc5
be7bbe23
3e903fcd
3fb0be8b
402a3fee
3f1e403e
be4abe31
bec23f00
3f84bdae
3ec63f7f
40193eaa
bf53bef6
400d3e82
4021c5d8
bdb23fa5
3fb3bf57
3fa83ef4
bf74bda4
400c403f
3e253ee2
bf1cbdf7
3f924013
40163fee
3ea63fd8
3f233ff4
3fb14032
bf43403d
40143ff4
bf6a403e
3d00bf5c
bccd3ff0
402c4027
3da23f9d
bf2a3c9e
3f94400f
3f563f0a
3fea4002
3fa13fb0
bf7c3fee
3eef3f40
3fb0bf7a
3dd13da1
401fbef2
403f3ecf
bedc3e6b
bf2e3e36
4004beb1
3e14bf3d
bef53ffa
3ee94002
3ffb3fec
3e4e4002
be9f3f56
3f24bf31
3f694016
403d3eb6
4005bf25
3fa8402d
3f3c400f
3e4dbe18
3ddbbf1f
45d8bec9
bd7b401e
bf36bef3
bf423f71
3fd43f31
40194031
40383e9f
3f3e402c
bd513f38
3dbc3fc6
bd44beae
bf5d3eb3
3f873fd9
4005400c
bf6e3f97
40303fa9
bed5bf1b
3f9b3f88
3fe83fd2
400a3ea4
3fa23f2a
3fdf3f4f
3f60bece
3ff43e0f
40243f98
3e453fda
3da1bf3c
3e8f4004
3f503f41
400abf14
3f674009
bf4d3f2b
3f573f79
3f3f3ffa
3fc13fe1
bf023ff5
3ef03fb0
403c402c
40233fed
be5b4003
3f2fbe7a
3e883fd5
3ffb3fe6
3f073e85
3ef3bf50
3fb53f3b
3e823f4f
bf7b4000
bf684036
3fa7c5d8
3fa04005
3f144040
bf333d7f
3fc43fe6
bf353ffb
3f8b3f28
3e614001
bf68bd2a
3f343fa4
40184007
3fa33fa3
bd4ebe4b
3fbb3f96
3fea3f89
3f993ef1
3d26bf80
400e3e87
401a3ff3
403a3f9a
40233f8e
402a3e42
bf7d3ff2
3f8dbf4a
be74be89
3f85bf31
3fac3f34
3f933c66
3ae23fe6
3fca4022
40123e5d
bf57bf7e
bf6b3f8c
3e754032
bef5400f
400e3fa5
bf1abe9d
be9d3fb5
3f284023
3f803f42
3fec4032
3f8abe5e
40284011
3fa6bf27
40163fb6
3e843f02
bf60bec2
40073ee0
45d8bd15
bf293fa0
3fc93e2c
3fd23f89
3f9e4028
4033bf52
bf493f69
3e983f72
4007bf0d
3f924033
3fcc3f6b
bf6fbf12
bd6cbe4b
401a3f7f
3edabe02
beabbf31
4018bf6e
3f654037
3ea33fb6
40104021
3f813eec
403f3fc3
400b3fa6
3eba403a
40044021
3ff53fa8
4031bd17
3e343fa4
402b3fd5
bc3cbf5f
3fa3bf2f
4038be84
3eb6bf29
3f1b4026
3f44be81
be323f90
40263fc7
3f203f3d
3f7e3fe1
bf803fda
3fe5402e
beec3e2c
be263f76
bf5a3ef2
401dbe15
3f6e3ee1
bef14037
3fac3ef4
3f3c3fbd
3f53c5d8
401a3ebf
40024012
3e9fbd42
3f3f3f09
3fe14022
be823e98
bf29400e
40123fcb
3f81beee
3fa63f92
40094038
3fefbe84
3faebec2
3fea401a
3fc03ec3
3e663e90
3f3e3f4a
be813f9e
be9cbead
400e4014
3fff4022
40364011
4009bf28
400d4009
bf3f3f8e
be8c3f41
3de63fe3
3f1c4025
3fc44018
3fe73fab
40264028
3bb13f05
3fda3fe1
bc2d3f34
bcec3ecb
3f0a3e37
3c143fa3
be2f3f87
bf60be1e
3ffa3fbf
401dbf3c
3f983ffd
3f034017
bf29beb5
3efabf21
3cd1bf75
bf133f7a
45d8403d
bf6d4022
3eec3f33
bd744037
3f9b3fcc
40244030
bf153fc8
3fb63f33
4000be0e
3f324000
3facbf7e
40013e1c
3f373fe8
bf5ebbb3
bed93fec
40263f97
3fc33f36
3fcb403d
4032bf21
3fca3fd7
3fde3e85
3fd8403f
4006402b
3faa400b
3f0e3d42
3fdd400f
bec5beae
40003ec4
3f283f7b
bd1e400a
3ecf3f32
40044006
40283fd4
3f0ebf44
3e393f8d
3fcc3fcc
3f8c4019
3eb24009
401dbd8c
3f893fe9
40303f09
3fa1bed0
beb43f3a
3fb63fc8
3faa3fba
3fba4009
3fa33fab
bf733e94
3fc9be65
4001c5d8
3f79bf5c
3fe94026
3f32beba
be983d7f
bdc03f08
3ecc400c
3f664030
3f343fbc
be683ff6
3f663f2a
40353fed
3fcebf5c
bec5bda2
400cbf67
3fbc3eec
beca4040
3f6f3fb6
bf033d31
3f2b3ee7
bf293fff
bbe8be8c
40293e4d
beb8beed
403b3f4d
3fadbea4
401cbf32
3f933f8e
40283f84
bf60bef9
3f81be7c
bf463ff3
3fbe3fc1
3fe53f3a
3e34402a
be903f08
3f073d83
bf684032
3e7e3f33
befc3f45
3e283fd0
3f314040
3fa63f2a
bd974039
bf3b3fac
401d400e
3f93402b
3fa13f43
45d8bf59
bd6a3f95
3fec4008
40293f85
3f6f3f80
3fa23f87
3ea2401f
bf4f3fc0
3ed8becc
bf493fca
3f9b3f9e
3fb43e96
bf70be40
3fdb3e7c
402b3ec0
be48401f
40083e09
3fab3e5b
3f804015
40364016
40194008
bf744033
bec43fe9
40323ece
3fc0400d
3f153f98
4014bf31
3f4c3fb3
3fcd4030
3ffd3f9c
3d973ff8
40043f07
40353f41
40103fe5
3fcabf3e
3e0a3f77
be873e29
bf1a3e98
3fd13ed5
3ee53eb7
3fefbed1
3fd73f56
40263e50
3f9c4016
3f5545d8
3ec84013
40024038
3fcd3fef
3fba3fc7
3ebbbf24
3fe2bf3f
3f393fe0
402fbf47
3e6abf24
3e8a4030
be7a3d8b
3e53bf34
bdf7400d
bf52be5d
3d953f48
3f9d4006
3f4d3f93
3ee83f04
3f213e85
3f173f1c
3f9fbe0c
bf693ef6
3f6fbef7
3eed3e91
bf7cbd88
bf744019
3f443f98
bea73ea1
bd40400c
be44400e
bf393fcb
3f1d4029
be313fa4
3f783fcc
bd34be00
3f8d3f05
3fa8bedd
3fcdbec4
40234025
3d974032
3f213fb6
3d363fe9
4017403e
3f723fb3
bdde3f0f
bf463f35
40144036
c5d83ddb
3eeebf7e
40193f68
401abf6e
3fda3f11
3d72befd
3fed3ff8
403b3f05
3e8f3d85
3f984020
40263fab
bc7bbf7e
40033f5d
3ff5bf18
3fbabeff
401cbe6c
3fa7402b
3fd63fbb
3f843bfb
bc6e3f34
401dbf22
3f8f3fcc
3ff8bef2
3ff13fd7
3e764039
40034024
3f3b3f2d
bf7dbe97
40303fa2
403c3f8d
40214036
3fdabf71
400cbf59
bc66bf62
4021bf5c
3fe4bf39
3f223fde
401f3f6d
3fb33e95
bee33f59
4005bf27
40353ffa
be774037
bf39be8c
3eaf3fc0
40333e28
bedc3f43
b9f33f2f
401ebe0f
3f1f45d8
3fa9bf2b
3eec4004
3f63be02
3fd23ebb
bf034016
400a3ff1
3fcc3e5d
400b4028
3f4c4027
3fe03ec2
40183fe1
bdd93ee4
4016bf11
4017401a
4017400e
bf453f94
402cbf19
400abf39
3facbde1
3fe8bf0b
bcf13f61
4027403e
bf263e90
bf463f6e
bedd4014
bbc03e23
bf0c3fda
4034be48
400b3f85
3fe73f26
400ebf1e
3fac3e25
3dfb3f51
3d9bbf03
403b3ef1
3fde3ff8
403abe7c
3ee23f0e
3da8bd9b
bd6c3f0e
3c8f3e4e
bf11bd9d
4037bf2a
bf704036
be983f37
40344011
bf614020
c5d8bf01
bee03f89
3ffb3d5e
be2fbea9
bf28bf3b
40153f66
3f074029
3f303fea
bf653fd5
401b3f5b
402fbe0c
401b3ee0
3ec83e68
beccbf0f
402f400a
40003f25
4026401d
be933f4c
3f433edf
400cbf76
3f963fb8
3f943fda
3d263f15
be884014
bf3a3e52
400e3fd3
bf17bf47
3f23bec5
40313ed3
401e400a
40054001
3fbcbe6d
3f88400a
bf2bbf54
3ff83eae
bebe3fb4
3fc23b5a
3faf3ff7
3ea7be6e
40393fa8
401fbf10
3fc33f2e
400c3f0a
40303fb0
3fc73ee6
3f6dbed1
3f283e0b
3e054025
be0a3fdc
bd7b45d8
402cbf5d
be853ff5
4004bf40
3f82bee8
3feb4004
bee8402a
bf78bf1d
401f402e
3effbf1f
bf653f27
3f583cf9
bf02bf21
3f864006
40383f99
401abf51
becf3f3d
3f83beec
3ea2bf49
4038bf37
3e853e80
bf343e8e
3f99401e
3e1a3f62
bf3bbea3
40373e52
bf703fb1
40313c5c
3fde3ff2
402e3ff0
402d3da5
bf043f98
400b3f83
3f8e3f8d
3fc54015
3fe53f85
3fd3bf00
bf6e400d
3e553fae
beadbe3b
3fd43fb5
40113fb9
bf12403b
3fcbbe3b
4001bdaa
3f233f1c
bf6cbf00
bef0bc8d
c5d8beb6
bf2abf4d
3f95bf6a
bf393fb9
bf72beae
3fc94009
40343fa3
401c3f44
bec44012
3f1c3f25
3fd8bf17
3fda4023
3f7ebf7b
bf53bf63
bf4e4002
3fa5bf73
40233e61
bf1d3f20
3d8a401a
3fa13f06
3ca4bf30
3e9dbf1e
3f4d3ffa
3f744032
3f993fe2
40364036
3f863dd2
3fa93f61
40373dd9
bf173ed7
3fc33f8c
3f703f6b
bf0e3ff4
403a402d
3f4abd21
3f0d3fe6
3fd93f16
beb64015
3fd63ff5
402c3fdc
3e8c3fdc
3ffebf43
3fffbe0c
403c3f98
bf074022
3f5abece
3f663f2b
be0d3f53
bed03e81
3e2a45d8
be923f82
bc72bf4e
403b3ec2
be2a3e66
402f3fae
bea43f1c
3dff3f0d
400ebf2b
3ff2be96
beb33d2f
bdf83e50
bf714032
40313ec0
bebb3f52
40033ffc
403ebea7
bf0dbf3b
be413ffc
3f5dbefb
3e5e4009
3fe93f36
40213fa9
3e89403e
bf784036
3e143fa3
402e3fcc
3f3a4024
400a3f46
3f98be02
3f334036
3fd13f91
3e92403a
3e8a3f8c
bf3d400d
3fa3befa
402d3fe8
3f5d3e94
3f87bf31
3faf4037
3edcbf5b
3fba4033
3ff1bf42
bf2c400a
3f973eac
3fb83f5a
3fad3e8b
3f4a402c
c5d8bf70
be94be60
3ff5bf11
3fc94009
3fee401e
3e604005
3f623e4f
bef3bf5c
3fd3bed7
40294032
3fdc3fc7
3f4f4002
3efa4003
3f18bf1e
401b3fad
3fdf3f6a
3f7e4027
bf1e4017
3c214023
bf70bedc
40293f9a
bf253f0b
3fdc400a
bedc3f4b
3ff63f1a
bed13ea1
3fa4401a
40174012
3f9cbd99
40333f83
3e4b3fc1
bf50bf0e
3fb13f19
3ff54012
4020400e
3fd83ea4
be623e4c
bf4b4023
3f4e4031
40094011
be993fb9
3d50bda0
3f4bbf73
3ffe3f9c
be493f83
40223ef3
be463fe8
bf5e4004
403f3f31
bcbb45d8
40353f1d
4032400d
3f513f0d
bed43f9c
3f044008
3f163f40
bf794015
bf48be0a
3eadbe25
bf2a4009
bdb04028
bf714028
bf073f8b
3f2bbf36
bf29bf4c
3e814015
3fb2bf5e
40014007
3f19be4e
be973f57
3f844012
bf703ff0
4038402e
4011400f
be06401d
403d4037
3fa7be86
3d884001
3e914010
be8b3fb8
401a3fc6
40384016
becc3f47
3fe73eef
3fa83f37
bf0b3e1b
402c401c
3f1ebf22
40023e09
bf3b3fdf
3f6f400c
40244009
3f643e6d
be1fbe3a
be0c3fcd
3fbe3fc4
3e7c3f57
c5d83f75
3f0a3f9e
3f6f4038
40143fa0
3f8cbf10
3fe63fae
3f9abe0e
4002402d
3f363fe3
bf3a3db5
3e234022
3eb6bf4c
bd88402e
401cbf5d
3ffe3f31
3ff6bf6f
3f01be8b
bd4b3f1e
be6a4025
4019bbfd
be3a3f8d
3f193f8b
bf7b3e46
3f824015
3fe04030
3e61bf65
3fd0bf21
bf253e00
3f93beb7
3e06bd10
3ee43fdb
3fffbf14
3fa23fd7
4018bf11
40213f97
3f023d6c
3f49401d
4015bf36
3f8d4020
3f343fa6
3f883f89
bf5f3fcd
bf6c403d
3fdc403d
bf233fca
4031bee1
40123f2a
beb93eb9
3e9a3f8d
402945d8
3f0cbd99
3fbf402f
3fecbf25
40123fd0
be08bf27
3f173fe0
bef73e30
3e5b400b
bf223f31
4008be22
be253f41
3f5d3fc3
3fc7400d
bf07bf51
402e3ddf
be8a3e37
40373f66
40213f90
403ebf17
3f493fbe
40234006
40374024
403d3fdd
3f9b3fdf
3fdd3e46
3f3cbe61
3fb64026
bee8bf67
bf2f3fbe
40233e81
40143f03
40213e76
3fa03f12
40013fb2
3e5fbeb0
40223f8e
3ec73e98
3f613f80
3ed83fb7
3eb23cb5
403b3fca
3f243e2e
45d83f93
be4e4006
3faabf0e
401a3f7a
3f723fe9
40204017
4032beb4
be84bea2
402b3f2f
40093ffd
40383f8a
3f90bdcd
3f8a3fbf
3fe5bf30
3fc4becb
40373ecd
be113f8f
401fbf3f
3f423fae
3fb6400c
3f7b3faa
40363f7d
3f423f9c
bf49bf27
40023f3c
bf21be80
be58bea2
3fa13fca
bee33f9d
bf1a3f41
3e9abea1
bef83e85
3f3e3eb2
bf38bf58
401abf5e
be013fa4
3fe2bea6
3f8b3f96
bda93ffd
40333fa4
be69bec0
3f4cbe9d
3fd33e15
3fe54005
3f253fcd
40213cdb
bf443fa1
3efc401b
3fdcbf1b
3f12c5d8
402abf67
3f374028
bf433e77
3f85bf67
bf344017
3fb83d53
402f4005
bd053fc0
3dc8bed0
bf133f3c
be10be4f
3e3e4017
3ed23f2a
bf2fbd51
4022be4c
3f374025
3fb43f50
3f8d3f84
3fc63ff7
bf264032
4011bf38
400b4017
3fdb3f21
3f3a3e39
3ff94036
3e763fd0
3ffb3fc5
3f05bf1e
3f9a3f51
3f454037
3f173f10
bf2b3ffa
bf2d3e87
3f87bdd6
3e7cbf26
402c3f8a
be943dda
3f1b3fd6
bf173fa7
40183f3d
3fc03f83
400e400d
4008bf6e
3fe7403b
bdf5be99
3f623d88
3e6e3e4c
45d83fa5
bf714027
bec33c1c
3d8b3fe0
3e533ec4
3f873f34
40043ffc
3fa53f69
3fa0bdfb
3fb7bf0e
bde64001
beeb3f54
3f88bf70
4007402a
bf453f56
bf714022
bf5e3fd4
bdb0bd80
3fa7be95
3c9f3fff
3f874035
3f9f3eb4
3f9b4005
be863fab
bf4a3ff9
4021bf6d
3edf3f08
403bbebf
3f883e77
be6e3feb
bf793fbc
3fae3e9e
401e4030
bedf3ff4
be2ebf1d
3f973fd7
3fcd403c
bf304017
40193fe0
4038401c
bf703fe9
3fedbf6f
be6a4021
3fc1be81
3f093f77
40043fed
3fee3edd
40273e79
40003f66
bf7ac5d8
3f9f3f50
be1f3fb3
3f2f3f9b
3fe63f3b
bf453faf
40133fb0
403b3eca
bf65bf2b
401d4006
3f9d3fe8
40213fe6
3ffa403f
40124039
3feb4031
40024024
3f933ede
bf0fbe5e
3f923f2b
3fd33ffa
401ebf3f
be454017
3f423ffc
beb33f85
3e273f2f
bebe3f8a
bf63bf68
403e3dd3
3fa7bec4
3fe73fa2
3df73f67
bf1c3f5b
3f883fee
3fae3ee1
3f203e96
be094028
3fdf4003
3fcd3f12
be3fbef3
3ed03f57
bf243fae
3fc3bf10
bea23f87
4027403c
40403fc7
bf463f39
3f8c4016
3f4b3f37
45d84002
3eb93f8f
3f823f98
be9e4034
3fb13fe8
402abf68
403e401f
bf37bf41
3e81be72
3d593fa8
4036bf04
3f6c3faa
40274022
40344038
4022bed6
bf004030
4035bdbb
3e343f83
3fba3eaa
3f293ed2
3fda402b
3fdabf36
40293f7b
3f31401e
3f9a3f97
3feb4010
3f8a3f8d
40123e58
bef73f19
3dc34021
3fc0bf3b
4019401e
3f4f3f1a
40024000
bec5be92
3f993e76
bf1f4013
3f963fee
403f3f29
403b3e44
3f84bf2f
3fc63f96
3fdf3fa7
3f734006
bf164010
40314027
bda5bdac
bf13402d
3faf4005
bf7cc5d8
be4b3f3d
3f473ff3
400f400f
3f61402f
3f913fcc
403d4017
bf1d401b
3ff6bf4c
3f413d24
bd6ebe94
bf2e3fed
3fb6bf06
bf1cbc70
3fe63fdb
40263f3a
bcc1400e
40173f6b
3fba4029
3fea3ff4
3f863fcb
3f394005
3fe5400d
40183f38
401a3df0
4015402e
3f373e69
3f074005
3fa83ff7
3f753fb7
3fa0bf7a
3fdc402d
3fe93efd
3ef2be21
3e8c4024
3ff73f28
3fd63f6e
3f13bf2b
403fbefa
3f0abf47
3fd13f97
3eda402c
40323ed6
bf7f4012
3f9cbdb1
3fdcbf16
3f9a4025
400b3e7a
45d8bf06
3ff63f2b
3ff73fef
3fe0bee8
bf05403b
3f303fb6
3f42bec2
402a403f
3ff7be61
3ff64008
3f98be6f
40163e48
3f8a3f09
3fa34035
3f1c401f
402c3fcb
3d124030
3fd0bf2f
3fbc3fd5
3efc3ffa
be3a403a
3fef3e04
3fec401b
3da6401e
3faa3e7a
bf544033
3e923f73
3f093cec
bebc3fe4
3fdc402b
bcb3bdb6
3ff73fb2
bf0b4022
40294001
3f853f9d
3fec4002
4002bf71
3edf3fe5
bf0dbf71
3f8b4037
40393fb4
3fac3f3a
4007be2d
401e3ff3
3fdb400d
bf6dbed5
3fe7400a
bf0b4003
40324004
3e72c5d8
400fbe3a
3efa3fdd
3fd93f89
3f3b3fbe
bed63f27
3e96bed7
40293fa9
40323fc9
40043f62
40263eec
3f033ff6
bf284035
402bbf52
402a4034
3ecf4019
3de33fca
40263fd8
40113d24
402f3dd4
40113e35
3f8cbea5
bd093f46
3f314009
40203ead
3ff04038
401cbec1
bee0403c
3fa33fbc
3f953f74
3e673fc3
3e9ebe3a
40393fcc
3f494000
3f4fbf64
bdf23f96
bf463f91
3fbd3f4e
3dbc4021
3b913fee
3db03fcf
3e953f65
3f8bbf76
40043e81
bd9a4028
4032bf0b
3e12be66
3f21401b
45d8bf43
3f344015
40233fa7
3cb74031
4015bf45
3fd9bf5a
3f8c3fc3
3f254009
3ff63ff6
3f404015
be403fe5
3f4d3fa9
3ff44020
bf7a4036
3fbe3fbe
bf584027
3fe83fea
3fee4020
3f4b402c
beaa4028
bf383feb
bf2b3f40
3fc13f72
bf283f2f
3f094030
40333fe7
400bbf02
3f11bf59
bf453f00
be89be81
bd973ea3
3e29bee1
402e3f12
3f843f09
40194002
bf753fa5
4000bf0f
400fbf42
bf6c3fb2
40064011
3fbd3e84
3fb04008
40223f2d
3f353f95
bf75bf38
3f9a4020
3f52401a
bc893ffe
400abe9d
bed9c5d8
3f694030
4039be19
4028bf1a
40203d75
bf394037
3fb4400b
3ffe4004
3f76401f
3fa5be83
3eadbe8f
3fd03f3a
3dd7beef
3fc13dbb
3f30bf32
402a400a
3f1dbdeb
bf2a3ed3
3d703fa2
3d5abf48
400ebf36
3fa53ff2
3de2beb8
403a3f39
3f65bf53
3d443fd4
3c6e3fdb
bf05bcc3
3f4ebe7a
403e402e
3e9d3fc2
3f9d3f10
3edc3f60
3fd13fa2
3e1f3fd3
3f2ebf43
3fd33fef
bd67bf03
bef73eec
3ff6bebb
400c3f14
3f693e4a
3fac3f4c
3f803fe1
be854017
be92bf0d
3f56401c
bead3eb5
45d8bf51
3eb83f2e
be60bef0
3e893eb2
be2c3fc0
401abf7a
3eed3ea2
3ff1bf1e
bf223f8b
3f724006
3f9bbf36
3f8a3eb0
bf5b402c
400abf20
3ec7be9b
be923c0c
3f093fd3
3d1e3f2a
becd3fd7
400c4005
3f0b402c
3f0c400f
4016bf10
bf28bea3
40164027
401e3e71
3ffa4037
3fef3fca
40373f57
beaf4012
3faa3efd
402c3d96
403fbe4f
3dc5402b
40113fa3
3f51be30
401c403f
3fdd3f85
3e523fb2
3e523f65
3e2e3fa1
400b3f58
3f973f62
be084012
3fd845d8
3f573edb
3e564039
3fda4029
3ff14010
3fd23f53
bf6a3fad
40184015
3c093f02
402f3feb
3e533ec2
bf643f99
40303ea8
3ee13fd9
3f223f02
bf133f90
40143f04
3f0d3fc8
40183e65
3f233f45
3fe0bd67
be953ea0
be9cbf15
3cbbbf0e
3f6e3f1c
40103e40
401b4039
bf64befa
bf023f9d
3f8d3fdf
3f443ffa
3f57beb9
40074032
3d98401a
403e3f20
40143fbc
40053f94
3fcb3ff0
3f263f4b
40034019
4038beed
3f5b3dcb
3fcf4002
3e903fcc
3f94402b
3e283eb4
3e923fa4
bd803e8e
c5d8403c
3fb43da3
3e1d3e62
3ecb4004
401f3fd4
3fdd3fa1
3ed83f9d
bec9bec8
bf5a3f7f
403c3ffb
3f633fc1
bf233fb0
3fa0becf
3f813fe8
4038bcf5
3fed3e58
4032bea6
3f0b3f3f
3ffdbe22
4007bf46
bf0a3f87
3f0bbd89
bf053f31
bf6c3ff2
3febbf02
40093eab
3eb63f81
3ec84011
3fadbf6c
3f7ebf6a
beecbee5
3fd0401e
40033f6d
bea0402b
3f95be15
bf2a3faf
3ff34003
3d4bbf0e
3f54beec
bece3ff3
3ec24011
3fa7bf0b
3e4cbf07
4009bf1f
3f2abf6a
3fc0403a
3fe53f0b
40253fe3
bd28bf61
400a45d8
3fe73f76
3cbcbf18
3f4e4036
3dd43f0a
3f4b3f27
beb33f44
40023fee
3ee23f48
4005bf2c
3fe7bdf2
3f813f7c
3f00bf2d
3fcabee0
bf453f1e
3ff2bd88
3ff73f2a
bf693fc7
be653ff4
bf473fbd
bea33f9c
3ef2bef7
4012bebf
be8abf72
3fc63d94
3ef6be1d
bf273ffc
3fc24031
403c3fb4
3f493fee
be283ff6
3f3a402a
be243fdb
3d9a3f47
3fc73fd9
3fe8bdb1
3fec4004
4001bf78
4022be4e
3efbbf63
3eae4002
3f8d3f98
3ec5402e
bec84026
bf6f3fe5
bf544036
3fd83e54
3fc3400a
c5d83f67
bdb4bf46
40103ffb
3f9b3fed
bf36bf30
3f434021
3fb1bf5b
bf3d3f7a
bf6a4007
bf793f87
be0d3f38
40033b90
3dc93f06
40053fca
3f5bbf31
3f9ebf07
3ffd3fa0
bf56403a
3f364034
3ca5402c
40113f64
3f4f3f9a
bbf93db1
40333f3e
bf104012
bf694033
402d4026
3fa7402a
3f084004
40364040
3f4a3f68
be723fee
3fdbbeb6
40003f02
3f0c4038
3e3f3d9c
401d4026
4028bd84
40204025
402e3ece
bf1a3e91
3f903ff7
3fb8bf47
40123ff4
bf5d3fdf
bf5c400a
3e534026
bee0402a
3fc73f7c
be6145d8
3fa63f8f
3f263fb6
3f3c3f16
403e3f4c
40353fbd
3f313f8d
3f363f8d
4013bf7a
3cae4016
3d473fab
403c3f1b
be90402c
3f7f400e
3f813fdc
402bbf22
be0d3fdb
bc36400f
3fb7bef5
3fb0beed
3fbb3f56
3ff73f9a
40064002
3fd94007
3e9f3f4d
40163ff1
bf70bc55
3fa2bede
3f90bf63
3eed3fa1
3cd54024
3ec23ddb
bf4b4030
3f5abec6
3f90be11
4034400f
40293bb1
bf504039
3e733fce
bea5402b
3c4a4020
be293f77
40403ff8
bf3d3e2d
3f81bee6
40294021
3fe23fe9
3ed2be6c
c5d83f2e
3fb03fe0
bf433fe1
bee1bf0f
3ee43fc0
40324019
402f3ed4
3fcf4016
be093fff
3d193ff8
3fb43fae
3f0f3fe5
3fde3fc4
3e8e3f21
4031be87
40133fbf
3fa4403b
4001bf61
be464021
403a3f92
40383f5c
40073edc
bef7bf58
3ec44036
bf3e3eab
bef03d9c
40303e4b
40273ee6
40124040
3f213f0e
bd0ebf06
40103ffe
402c3ee7
402ebd57
40274012
bf5a3d09
40283fe1
be50bf30
400c3f9e
40023fc4
40364033
3fd73fa9
be7a3da2
4012bedd
bf51402d
40343ebb
bf403f9e
3f653eb5
3f05402d
3f9245d8
3ecb4000
3fdf4010
3f82befc
bf6cbea2
3efe400b
401e3f13
3e6d3f0a
3e9a3ff7
3fb84018
bf4b401b
bf283f19
3ebe4025
bed73fcd
bf4e4021
3ea6bf10
3fc33f1a
3f853fcb
3ff34032
bee5bf0a
3f84bf2f
3eb03fe9
3fd33fce
3fdc4033
3fd83f64
bf093d4c
4015bf4b
3fb3bf70
be9fbf33
bf1a3e23
3ec7400b
bf673fcc
3f50beeb
3f61bc0e
3fd53fbb
3f3b3f11
bf47bf0c
3fae3e65
40053fa3
bf1a3e3a
400abf3b
3b6d3f54
bf37bd8b
3f254028
bf523efa
4037bf15
401b3f90
3f693f74
c5d84026
bd6c4010
bf39bf23
bf0b3fa9
3f983f1e
3f753fa1
be623f24
4015bf1c
40074011
40163f63
3d32400e
bed23fe0
4033bf15
3ee9bf06
40344027
bf48402c
bd01be3d
be614026
4004bf23
3fe0bf1a
3ea13cd3
bf14bf37
3f634013
3fa93fb7
3f7a3fe2
40403f99
3f094016
3f92be75
4038bf04
3f8f3e5f
be42bf2f
3f353eba
401c3e68
3fbe3f69
be9e3f88
3f1c401e
3e7d3fd9
3fde3fa9
bf51bf38
3f01bf64
40163f9c
3f63403a
3f153f9c
401cbf4f
3d89403b
3e264017
3ff34024
bcb53fa4
bd503fb6
403745d8
bf30bf0c
3ecd3f79
400fbf08
3d343df9
bf723fe0
40203f9e
be733eb8
3f87bf45
4007bebc
3ff43f38
3feb4026
be97bd3d
3ff7befd
4031bf10
4001bf7d
bef63f93
3e263f75
3fa04009
40314026
bf32bf10
401ebe16
40293f6d
bf693f01
3dd84001
3f9f3ff8
3fe93f62
3f253fc5
bf293fb7
3fba402d
3fc44005
bf563fbf
403abc45
3fe0400f
3e81401c
40014038
40293dad
3f6cbf54
3efabf00
4012400d
3dd1bf52
3fdc3e83
3f54bf10
be804031
bcd73fec
bf763fbe
40223ec1
bf513ff4
c5d8bec3
beb03f80
3fef3f0f
40233f15
be894020
bf78bf06
3f7e3e2b
3eec3f8d
3d603e9f
3f93bf28
403a3fbf
bf5e3feb
40283f5c
3f3e4028
be8bbe57
bbc53f83
bf764014
3e863dde
3e023fba
3f983d89
bf4f4023
bf1f400a
3f3e4039
400abf5a
3f873e41
3fc1bf35
3ec14031
40033fba
402fbead
bdbfbf48
3ff63ffe
3ebebe8a
40053f52
3f813fae
40073f31
3f7f3eac
3f613ebc
3f803d1b
bdedbf12
403ebf60
402cbe20
3f11bf0d
3fb33f73
bcc3402f
4000c5d8
3f9f4017
402e3f59
3f9f3f79
3f023eff
3fb23d93
bf3a3f23
befb3da4
befd3fec
403b401c
3fbbbf79
400e401b
402f4035
3e8bbf71
3db5401f
3db44025
40263fad
4037bf18
be9abf06
bf203f2b
3f893fdb
be113f98
3f5c3fde
3fa93faf
bf17be96
bf4f3fc6
be144001
bf74bf34
bead4033
3fa1bf38
3fed4006
beb0bf3c
40244005
bf283f6a
be42be69
3f77bf49
3fb53fd4
4015401d
bebb3ea8
bde83f35
40023fba
3fc6401b
bf243f67
bef0bdfb
3ee03f1f
bdd1bd8d
3f9f4002
3f2f3f8a
45d83f0a
3e874015
402e3edd
bf1e3f46
3ff03fbf
beb0bec4
bf3b3ecb
bf353e4c
3fb44020
40073fd2
3f134039
4037bf38
bec6bede
bee43fdd
40214001
4029402b
403e3f7b
3e903db1
bf0cbeab
40113f6a
3ff1401a
3fc1402e
3ed94010
3fed3f20
3f51be85
beed3fd2
4013bf77
3eda4026
3fb53fea
3fe33e12
3fc63f8a
3e15be1b
beb13f3b
3fe1400d
bf08bf6a
bf1f3f72
403bbec6
3fd13f08
403a4004
40284025
3f723e83
3f5bbf7d
beb63cd2
bec1bf76
be713ff8
3f9e3f97
3fdf3f08
3ed3bee5
bebebf0b
3f92c5d8
3f603fd1
402fbe8c
3ee03f9f
3e314030
bda84031
3f9abe91
4013bf0b
bf69bf3a
be32bf0c
3ff23ebe
3fff3fcc
3eb24028
40113f94
3f844003
3fc0bf3d
3e96403a
3fc03f57
3fa4bc97
3ec33f7a
be373f11
3fc5bf4f
bf384014
40303fa2
402cbede
3da83fae
40203f89
401c3fdc
40123f94
bed54026
402c3fe4
bf163f16
4022bf5b
3fe83ee5
beff4024
3ff73fb2
400c400c
3e0fbf0b
bf503fcb
bf0e3fed
3f233fb9
3f523e3f
400b3e97
bf7dbf78
40143fee
400c403b
3fe0bf5f
3ea6403b
45d83fbc
be3f3fd1
40243f50
3eb9bd2b
3f104032
3fb93e77
3fbd3f97
3d40bf3d
3e773d98
403e3fb8
3fec4002
3f263f73
3e89bea2
40293e13
403f3f70
4026bf0a
3fb3bea0
3fb2bf04
3f8c3fdd
3e4fbd8e
3fcb4030
3e813fdb
bd96bf53
3e053f8b
3f953fae
3ff24030
bf123e8b
3fc33e3c
3e0f3f62
3fd9bf28
40393e6b
3fb64038
40373f27
bf3c402e
3faebd98
3ffdbf0d
3fe9be6a
3fd53fca
3fc9beb8
3ffabf4b
3f183f9b
bf08bf22
400a4037
3fc4be0d
bd3bbf22
3c964019
3f2dbd83
3f063dbb
3f60bf41
403dc5d8
40103f19
3f234020
400b3ff0
bf67bf19
3ec0be92
3f893fb1
40083f96
3d3dbf13
be97bf4e
3f883f0b
3d90403e
3e4e3f9b
3d2bbf38
bcc43f1d
bf07bf3b
3f5abe84
be4a3fc3
40263f91
4023400d
3f573fc0
3f744020
3ff73fc1
3ff93f3d
beac3fba
bdbf3f9f
40313f16
3e4fbdaa
4002402e
3ed3bf07
3f86be8c
3ebe3ff6
3e8c3e35
3fc83f65
be303fc9
3ff5beff
3fa9bf23
3edb3f02
be4c3f53
3fa2be0b
3fcbbed4
3fb53f2d
3e6e3f90
402dbeef
3fe1bcdc
bf3ebec4
bc8dbeba
3e87bd55
45d83fff
3eaf3f83
403c3fd2
bf194033
be213f8e
bf663fd8
bf593ffa
3e7d3f77
403ebef8
3f643e2f
3c5d402e
40083f6a
3fe8400e
be88bf0a
3f824030
3f63bf3f
3ffa401a
3e883e84
3e373fec
3e97be61
402d402c
3f1e4032
bf4e4010
3fe3bf2d
4035bef4
be324025
3f98400c
be40bf01
bd973fe5
bf224015
3f1c402e
401b3ff8
bf174018
3f2e3d7d
40364012
3ea43f69
403c3d91
bf7d3f6c
402f401d
bf364020
3e99bf0e
3fc94026
40264012
3fce3f95
401b401e
be4fbea5
3f8bbf3f
be9e400e
3f233fd7
3fb3c5d8
be934033
3ee2bf42
bf5a3ffe
3fcb3e69
3ff7beb0
3fb7beca
401d3f8c
401bbd4f
bc094022
40153fa2
be9bbd2e
bedf3e24
3f74bf30
bee2bf34
401cbeb3
40013e3b
3f983ff6
4025bddf
beee3fdb
401fbf0a
bf274024
be90400b
3f6e402b
40074009
401bbf80
3fcf4012
beef3eb9
3f463ed5
3f64bf1d
3e733f51
bf72401f
400ebef9
beed3fa0
401d3fb2
403e3e45
3e383f5d
bf113ed5
3fef4023
3e9a401c
3eaebeda
3f6b402d
beabbecb
bf343eab
4003bf0a
bf79bf0f
beb13e06
401dbf33
45d83fe9
3fb74018
3f624004
3fc0400d
bf13bea5
4027be14
3f96bf35
3fbc4009
3ffb3fcd
403d4039
3dfdbf41
3f0e4039
3f893ff3
bf773ef1
3fb63f46
3f38bdb4
bd683f34
bb833fdd
3eea3f1a
3f0d3fba
bf47bed7
40383fa6
3fb44030
403a3f89
400f3fb8
40193eb4
3f503e2e
bedd3fdb
3e91bee6
3fa34007
4002bf7a
4037401b
3fa43fba
bf413ee3
40103fa6
3e08beec
3f8fbdb0
3f53bf5a
403e3e1c
3ffcbea3
bf453f48
bf1abf2c
bf744026
bb403ff2
3f293f4e
3fdb4006
3ffa3ff8
bf7fbf5f
3fe13f0b
3f09c5d8
3f603fc7
4035bdaf
40113e89
3fda3fba
3ef6401f
bef44022
3fcfbf6c
403e3f0a
bef23f51
bf163fbe
3fc64022
3f7ebf5a
3fb1bf6b
3e9abf06
40403e60
beb83f15
401f3c10
3f333e16
be0b3f9c
3f2bbe96
3d97befd
3fdfbec1
3fd34007
40084024
bed03f1a
3e0a4008
3fb34039
3f534025
402d3fbe
40053fb2
bf0f3f91
402b3ee1
3fb23fb2
3e8abf13
3dff3fb3
3e663fa0
3e2cbf57
be494028
bf75bef0
40263ffd
3ff23f6b
40234031
3e45401a
3fab4004
3e17bf6a
40024030
3f82401a
45d83eb0
3e8abe55
bf80bf48
3fa73e99
3f833e55
bea0bf25
3fdbbf64
4006401d
3f863d4e
40163f18
3f523fb1
3fd94025
4026bf22
4031beef
40363fd8
40134023
3f904019
40063fe3
bd47bf7f
3fa34035
3f3d3f06
402b3eaf
3df5bdcc
be5a3f87
3f6abe58
3f5f3fb5
bf653ec4
bec4bf2d
bf27bf01
3fa13fb2
3ef0403e
3e804016
401a3e78
3ff43ea3
3fc13f85
3fa1402c
3f5ebf7a
3fa6be1e
3fcbbea8
3ffb402f
3e7d3f61
3ef84009
3fd2bf4d
40193f58
402b3f5c
3fb7bd73
4003bf62
400e402c
3ff2401d
bf06c5d8
3fc14009
40083fcb
40293f45
3fc0befe
401f4030
403a4038
40333e13
40383f03
3f8d4029
3ebbbe88
3ffb3f2a
3f283f91
401cbe6f
3fcb3ff7
40304009
3e8c402e
40144025
be973fd0
3ecdbf39
bf3ebf54
3fd34014
4017be05
3f973ff2
3f633e59
3fe14026
3e11be34
3fd63e88
3fc44010
bef53fed
3f9b3fb1
3f703e14
3ea33f10
3ffe3f81
3f583f9e
3f884036
3f83be6c
3f59bed1
401f3f22
3f7d400a
3fef3dc8
bcd63f6b
3fedbe88
c5d8402a
be41403a
4009bf37
403a3e0a
3cf4bf56
403a3fac
3fef3fd2
3f7e3d7e
4003400f
3e5f4012
40293f9e
3ebc3fd7
3dda3f3f
3e103e38
be5d3eb3
3f8c3fcb
be72bef8
3fd93fef
3f973fbb
3fea3fdc
402b4014
3ed83f84
3f9c3e74
3e26bda4
3f133fff
3ea03fb2
3f08be2b
3fea3f93
3f81bf31
bd22be68
3fb9402e
3d5b401a
401b3f1a
3f563e98
3f6f401e
becabe8d
becd3f6b
3f2e3e85
bf063ebf
bf463e17
3fac3fc4
3fb43ff6
3f5b401f
3f253ec5
bf003e3a
3f77bc9b
400e4015
bebf4024
402c400b
3fac45d8
3fa43d30
402ebf58
3f093e62
3ee8be2e
3fa6baaf
4018bf03
40113e93
3e3d3daa
bea74003
3f5b3e63
3f633fdc
3f1dbd46
bf7c402a
3f153ff2
3f353e95
bf693f1d
401c3f03
3e913f98
3e8c3f06
3eadbf1f
3fcf3f1e
3f0bbf60
402e3ffc
401a3fe9
402d3f94
be33403a
3f84bf04
3fd53fe6
3ce43fac
3f593fcc
be163f82
bf7b3f83
40093e39
be6d3fb6
be673f47
403f3fbe
400cbe5e
401b402b
bea73fd9
3f963fed
3f65bd8b
3f5b4031
3fa23f60
3f713e85
3fdc3fed
bf3c4002
3f283fd0
c5d8bcf4
40283e0e
bf024005
3f973fbf
3fd4be01
3fd54018
3f413f03
3ea7bf72
bcfc3fca
401c3fa5
3f0f4033
4006402c
3f35bf28
40403f4b
bf654029
be63bf77
be90bf5a
40174016
3f9c3f87
3ffa403e
bdf5beee
3f993f0d
3f8d401f
3f133e3d
3ea2be01
3e91bedd
bf78bf58
3f6a4017
40263d29
3e43bf39
beaabf1e
becf3f9a
4020402f
bea4bd6d
be763f6c
3fdbbcd1
bea64022
3f6d3f22
bd234014
3f2c3f94
40354030
40213eeb
3f8b4027
3fb9bf3e
3f4b3f20
bcf3be41
3f73403a
3f10401b
403c3f4b
3ff645d8
3fa93fe3
3ed94040
bf1d3e78
40263fcb
40244039
402d3dd4
3f163f0d
bed84011
bf1a3f48
3ead3faa
3f7d3ec4
bdf63dfc
3ff74040
3e81be80
3ff93fec
4023bf79
401bbca9
3dc23f72
403e3fe5
402bbeea
3fe54002
3f76401d
be963c56
bf19bcf4
40123f51
40333f6d
3db3402a
3d8f4025
40164018
3ff03f7e
3f0d3ea8
be343f5e
3f6d4003
bf38be0b
3fe8402b
3e1d3ef9
bed6beb9
403abf5c
40353fcf
bf364012
3ffd3d7e
3f8b3f73
3ec93c99
40233ff6
bf423ee0
bcd04011
3fe43e64
c5d83f9c
3f233fa0
3cd53f36
3d993f81
bf4bbf68
bec33ffd
3fa23dba
bf503f4e
3fe1400f
3ef73ff7
400c3e84
3fa23f8b
bef53fd4
be073f8e
bdff3e84
be573e2f
bc683f21
3f8dbf09
3fe7beb5
3fa24036
403ebf2c
3e923fe7
3f963f8d
40043f64
3f4b400d
3ff53e4c
3e554020
3f6c4036
bef14033
bd4d3e21
bde33f43
3ff2403b
401c3f2f
3e0c3f9d
401fbf04
bedb4015
bf183f4e
40303def
4037402f
3ef6401e
be163fc8
3fb43f50
40313f0e
3ff53fa9
3e214037
3dc6bee5
3fe23f28
3e88bf22
40383fb0
3fb145d8
bedf403b
40124017
4005401f
3f953eeb
bf0b3f95
40253f1b
bf0dbf51
3fdf402f
3f5e4038
3dee3fe1
3fdc4031
bedf3e14
be503f14
3f5a4007
40014007
3fdebf60
bdc2403c
bf7a3fff
4004403f
be094021
3f2c4029
401b3f31
4010bf4f
3f3f3fe9
3efb402b
3f2abdc6
3ddf3e28
3fc63ff5
40384020
3fecbe8d
3f593fa5
3fc93e78
3fd0bdde
3f61bd18
3e7abef2
40013f48
40193e1e
40383fc3
3f9c3ef2
3f59402f
bf3d3ec0
40363f8f
3e3e4008
40063f06
be9ebedf
bf5e4017
40293fa2
c5d84003
402e3f84
403b3f13
40154037
3f29400d
3fdc4033
bf0c3fb9
bf444032
bf6e3f4b
3ec04033
3d873f87
3f59bc29
3ff7bf0f
402a3fcb
3e933f87
3fa13ff8
3f564021
be4c3f91
bf3a3f1c
403f3f3f
4011bf10
400dbf46
401d4018
3f2a3fd4
3f203fd5
3fe93fa3
40133e9d
3fe23fab
3f733fae
bf1e3f78
400f3edb
3f5b4008
3f193e0b
403b4025
bf2e3f93
3ed84004
3fe03f0d
be86401f
beaa3fca
bef43fe1
3fc73f35
3ff83fc0
400fbe4c
4028bf28
402e401a
bf053f69
401c401e
bf3d4000
3fe84028
3f9245d8
3fc23f59
3fc43fd4
3fe5bdd2
be7d3f0f
3eca3f96
3fa64034
3ebc3fbb
3ee13ef6
3f073fcc
be79bd96
40293f71
40173fbc
3f82bf04
403e3fa8
3fa43fa1
be98402a
4016403d
bf044012
3f143f0c
40073f82
bf07401a
3fb94039
403e3fb6
3ff73f0e
3ff03f1d
3f933ee4
3e83bf34
4034bf3f
40334003
403bbf00
3e7c4003
40043d85
3f583fe6
40003fc0
4019beff
400d4009
3ea5bf1d
3e2ebf1e
3f44bf4c
3fa7bf7d
400d4035
4000bf62
3f1abee5
3f643f07
3f96bf5d
bc64bf63
4035bf27
c5d83fd0
3fb7bf32
3e973ff6
bea1403c
3fc83f91
400fbf11
bc17402d
3f653fa6
3ea4bf36
3fcd3d6d
3f8a3fd1
40243f11
3fa54021
401d4032
bf6e3f2a
40133fe8
3fe44036
3dbf3f7f
3ddfbe8c
bf13402a
401e3f9c
3f87be81
3f9b3ff4
4036bf02
3fc33f51
bf0d3fa3
3edf3f0d
40033f7d
bf263fc3
3e833f91
40393ea4
bf173fa0
3fd73ec4
3f953ef8
4004401b
3e33bf51
40243f60
bf323faa
bedb3fdd
3f5c3f88
3fa0bf7e
3fda3f64
3f28bf6a
3fd33ddd
3ff73f82
bf6d3f26
bed53f3b
4022401b
3f313edc
bf1b45d8
be5e3fac
40074036
bf66be19
40173fee
3ff04005
bec4bcfb
bf75402f
4038bedf
3fe4bee4
be08bed4
be813ff3
3ffc3eaf
3f9b3ff0
3fde3fd7
3ec53f59
3eccbdc1
be254037
4039403a
3fa14014
3fbe3faa
bd29be15
3f4ebf64
3fe73f4b
40333f03
3ff03f48
3f38bf0e
3fb5403c
403abe30
3fa83f8d
4036bf73
40363ee1
bf0a3f4b
4029bf7d
3fcc401c
401fbeda
3fcb3e60
3f713f36
3eb43f68
4003beb6
401ebf49
3f0b4004
3c7dbf4b
3f1cbe9d
3cd9bf47
402c3d3f
3fc93fec
bede3f99
4013be81
3f973fac
bf0c4032
be913ff0
4021402c
3dd53d07
3db74019
bba03ed0
bf333eaa
3f1b3e1f
3f313f13
40304002
3f954037
bf2a3f80
bee13f27
bd89bf37
3ffc4000
3e7b4033
3fd1bf4a
3fba3fe9
4014bf80
3fe73f1e
40343fd7
3f92403a
3fa24014
3e903f96
3f103eb0
4033bf0c
3d564008
3e3e3f07
3fc33f82
bf3c3c9e
bece400b
3fdabe18
3ff53ff5
40123fa3
401b3ff8
4022bebc
40283f11
3fe13ecb
3dbfbc9a
40053ff5
3fcf403c
3e5f4031
4014c5d8
3fcdbe67
3fe43fd4
3fd5403d
3f10bf44
4025bf4f
3f243e33
40163f7d
4034402e
3f9e400a
3cf3400d
bef0bf46
3f794015
4027bf3c
bf044029
bec94006
3ebebf42
bf7fbeed
3f9d3ec6
3ffd3fb5
be5b3f1f
3e963fad
bf05401f
3f013fbd
40053e9c
3f82bf55
3fb74038
3ffa3f4c
401b3f8c
bdd6bed0
3f424039
bf733fa2
400e3f63
40173f08
ba1cbeaa
bedb3f72
3f193f97
3fa43fd4
3fe2bf10
401cbf5b
3fa93f8c
bf4b3fa9
be853fa4
bf433ee9
3fe9400b
3fe53f8d
3f6b3fb3
3df53e4e
45d8bf60
3f9cbece
40334020
400bbf4c
40343f86
bf3e4017
3f7a3ffe
40183f2d
3ec6bf2d
3f263f23
3eeb3f35
3f4b3f85
3f363f44
3fb6be60
bf1e4001
40073f32
be96400b
3f394038
3fb04038
3ebb402e
4002be8c
3ec0bf1c
3fc44001
be5f3f5f
bed94037
3e7abf4a
3fa7bc7c
3ce94026
3fe7bea7
40093e59
40214038
3ee84004
40073ee2
3fc14011
3f894001
be38401a
3fed3f77
3fb24024
3fc73fbf
bf41beee
3e7a3f81
bf253eb9
3fe14013
40023f77
3fff401e
3ff84022
3f5d401b
3fd63f45
40124014
3f80c5d8
400a3fec
3dba4029
401f3ef5
40044009
3f2b4029
40263eca
402f3fb2
3f72402c
bf643fbc
3ca33ffb
3fba403e
bf053f46
4004be79
3ece4035
3f403ee0
bec5403f
bebe3fa9
3ffebee5
bf72403c
3f933f97
be7f403c
bef53fcf
3e8c4035
4006402e
be514008
3f28be4e
be4a3e15
3e974013
3f8c403a
401e4011
3f4f3fb9
3ef63fa8
3e4d3f9a
be69bf73
401d4028
3fc5bf61
bf163da3
40153e59
3f0dbf30
bf14403d
3f933ff4
3dc43f64
3f9ebf14
bebc403e
bd533f8f
3f903fe5
3ff13e87
45d83f05
bf543fd8
bd534006
bf10401e
3fda3c2c
400e3f98
3fbabf16
403abd8e
402ebf63
3e033fca
40283fd7
beab400c
40153eca
3f3c402b
bd77be99
3f0f3e75
3f9dbea5
bf3abf72
3eecbf31
bf0b3f94
4036400f
40153fae
3fbc3d47
3e7d3e48
40343f34
bf233fbe
3f0d4021
402b4010
40183f96
402fbda8
be044005
4017bf57
40323f81
403f3ff9
40053f0a
3fd83f93
bde93fc8
beab403c
3e5a3f34
beae403d
bf2a3ffb
3fc63fde
3ffd4025
3f9d4017
befa3e0b
bf303f9b
3fe24039
3f833e7e
4003bf31
4020c5d8
be8a4030
40023f85
3fe4bcd8
3e033f88
bf51403b
3fed4010
3f773e82
3dfb3fdd
3f993fe9
40363f44
3eac3fd7
40013f82
be8b3f4d
bf803ffe
3f90400c
3f8cbf3d
40143e84
3fbe3f47
3f303ed4
bf313fbc
3fbbbefa
3fd9bf5e
40133e7a
bf6d3e05
3f8ebea1
3f8f400d
3dc4400d
bf124036
bf1abf36
3fbfbe51
be843fcb
3e6fbf42
beed3f5f
be704012
400ebebe
bd43bef1
3e6fbecc
3fef3ec1
40123fcc
bf18403d
40223e3e
be4fbf72
401fbf11
400a3f42
3f383e97
3f273e4e
3fcbbe22
45d83fdc
3f603f08
bd843f8d
3edd3f6f
401a3f22
400c3ea7
be92bd8e
3e723f58
3f72bf5b
3f6a4034
40123e4a
3fd44029
bf124026
3fc74010
3f523d2d
40053fd0
3f984023
bf76402d
3fae3f8e
bef63ffa
401f3fb5
3fd63fea
3f603fdd
be544028
402e4026
40283fc7
4010be82
40333f79
3e833ea3
40034019
be9bbf6c
3fb2bdf8
3f3d4004
3fc23fcc
3f7e3f4f
3f67bd95
bee23f4b
bf1b3e60
beebbf5f
403b4039
40074014
3fc6bf05
bedb3f7c
40023e87
3f1e3f01
4029401f
3f5f4031
bee84035
bee53f9a
4014c5d8
3f6e3ef4
3f57bf3b
bf7e3fa9
be083eae
be003ef6
3d8c3ff0
3f0dbd8d
4014bf64
3fbf4025
be203d9d
3fcc3fd8
400ebf22
bdb6400c
3fe54008
3f8a3f76
403a3f8c
3fe03ff3
bf4bbe0a
402b3da7
402b3fd0
beca4013
3e264000
3f063fdd
bf4c3fbf
403dbf7f
3f2a3fe8
4028402c
3e97beb4
bf683f83
bf69bdda
3f9f4022
3e873ed3
3f464019
3f693e50
3ebf3ea0
bd19bf73
3fc13e91
40283efe
402a3fa6
40364014
3f114006
3f173e51
be664034
be88400e
4011401a
3eea3efe
3fa33e9b
45d83f30
403cbe8a
3f06bebb
3e9c3f99
3de53fe1
be9e3fe1
3ffe3ff2
3ffa3ff0
be38bf54
40373ff7
40253f1a
3f0f3fbf
bf0dbf6b
3f97bf4e
3fe14008
bf104013
bf6e4007
bd88bf71
be49bf15
3fea4033
3f743f70
bf2abe82
3ef3bba2
3f873f87
402fbf26
401b3fc4
bbc13f63
402d403c
bf4cbeb7
befabf11
3fcd4006
40023fc5
3ee3bf29
bf063ff2
bf634040
3f01402f
be753ec5
40173fe7
bf073e87
bf563fcc
3ff53f30
3e194011
3e023fb0
3ffcbf7d
40383e28
bf1b4023
3fd74018
3f8cbf5f
402f4007
4009c5d8
3f713f4a
3fdf3f93
40274008
3f304030
4025bf3d
400e3e1b
3f934030
3f173f6b
be8a3e22
3eac4028
400b3fcf
400fbf78
3c20bf1e
40334022
bf6abe6f
3fcc4009
3ffdbea3
40133fc3
40364032
beecbe64
403fbe83
3fc54033
40094018
3fb5bf32
3f4f3fd6
3e873eba
3c8e401b
40213e13
40293e5b
bf583fab
3f603d86
4033402b
400d3fb0
bdea3eef
40063fd1
400fbf10
bf743ff3
3f5f3eee
40193f49
40263d19
400c3f32
bec33d9e
40123fa1
bdd53e76
3ddc402b
3fec3f11
4004bf67
45d83d83
bf35bef7
3f37bdb5
3ee8bf04
bea0beb9
bf144021
3e463f05
3f463fd5
400a3fc5
bf013f99
3e004013
3ffa4012
3f873eee
3eb94017
4024bd8f
3e4f3fef
401f3f9e
3fb44016
be873eed
bf12be79
3fa2bf17
40143f80
40183e0e
40023e86
3de4bead
40263f5d
3feb401f
bf344020
3f613fd3
beec3fde
3e6bbf79
bf03403a
bf333f87
3eb73ff4
40133fc4
3fbe402f
402e3f2e
3fa94023
3f8a4037
3fad3f63
401b3fbe
40364013
bec8bf08
40243ebb
bea145d8
3f5b3ef8
3f384008
bbf33f73
3f523e10
bf32bf76
3f7fbe07
bd9b4007
3fc03fad
3f853fb4
3f584034
be783fc4
bdb53edb
3e7cbce6
bf743ffc
3ece3faa
3eb23f9a
3f853fa7
3fad4012
401ebd1d
400b3e40
4000bf05
3f793f7e
3fecbf6b
40364002
4040bf7c
bf5fbdcb
bf303df1
bf4d4007
3fc23e99
4023bdb9
3e7b3efb
bdb83fd1
4003bea0
3f17400a
3e84bf41
3f2bbea0
3ffa3f13
bf23400b
be9d3f9a
403bbea7
3f1c3f8d
4039be2d
3ef1bf6c
3e8f4015
be253f75
be9e4023
3f8d4000
c5d84002
3f293f53
40064030
3e6e3fbe
3ff23ffe
3fdd3fe0
be7abf4d
bf634014
3f0b3fb6
bee3bf7e
3f05bbb3
b9e43fa4
3f203fe3
3ffe3f26
403a3fd7
bc633f78
40373ff1
3e4d3ffe
3f44bf07
3efd3fd6
3ea73eeb
be8f3f0b
3f22401e
402e4018
3ff03fd1
3ce43f8a
4008be3f
bdb03fbb
3f0e402b
bd92bf4c
bf6e3ea4
be904014
3f8dbe2a
3f1bbe41
3ff1be9f
401a4011
3f514035
be07400f
3f05402a
beb83f7c
bf573f80
3fdbbd07
be2b4024
bf0abe92
bea13fb9
3f0c3ed6
3eafbf5a
400e3d95
402cbe2f
400b45d8
bf243fc9
40363f34
bf6b3e4a
3f853fb8
3faf3f42
401a4032
3fab3faf
4037bf79
3f6d3fcd
bf0a3e93
3fbabf11
3da53f98
bf20be84
3ef54027
401b4001
bf744014
bece4018
3f553ff4
4030bdde
40313fd5
3fa54015
400fbf66
3fcebe80
bc443fe0
bd843ebb
3e923ff0
3ff94037
bf74403f
3e6e3f64
3fc6bec6
3f02bdbc
3f954007
3e92bebf
3fa84006
3fdb400c
3ef44016
3e573e9a
4037becc
3f78bf74
3f054015
40303efc
40343f13
3fdc4023
3fa24009
40383fca
be703f6d
3f8b3e85
c5d84028
3ece3fd0
3f6f401b
40113f99
400b3f86
40404035
3ee63f5d
3ff84025
bf3e3f2c
40063f5b
3fe53eee
3fba4006
bf223fa3
4005be55
3e8a3f30
3f0a3f4d
3e713f14
4005403e
3eb23fef
3f6dbec0
bf0c3f74
bf1f3f0e
403d3f3f
3efe4018
be893f6a
3ff83efd
bf54bf6b
40063f94
40364036
3fe4bcc7
be9dbf28
3eab3f97
bdba4009
3f5b3fba
be57403a
bf563f44
be99402c
3ff5bec3
bf614028
bede3ff0
401a401b
3fb03f1b
3f31bf7c
40244033
403c3fda
bed43c5c
3ccabf2b
3f913fef
3ee8bf7d
bf6945d8
bd113fdd
3ef6be96
bf3f3e05
3ff7be9e
3faebf25
3eed3f2f
bee7bf20
40043e36
3f3e403b
be604011
beaabf67
3fd33f2a
3f72401b
3fc1401e
40053fe0
3f974022
3edc3e99
3ffbbe8b
bf5f4012
be9abeaa
3f9c3fca
3fcc3e6d
3fcf3fb6
3fcd3f26
bf484028
4035bebb
3fa44022
40223f3f
bf613ddc
403c3fd5
bf213f54
3f9e4005
be873f52
402a4008
3f9c4032
3fad3ed4
3d86401a
be6a402a
bf213d12
3fd23f92
3fc93fc2
3fb24016
3f89403a
3fa53f97
3fee403c
3fae3fcd
4024be81
c5d8bf4e
3fd04026
3ecf4005
bf263f35
3fe43fa0
3f733fb5
3ef04035
3e39bf25
bec83fd1
3fbe4010
3fe63f8e
be503f88
be893f93
3ecc3df4
3fca4008
40053d36
3fecbd7b
3f3d4007
3f874039
be883f67
3ef0400c
3e474015
3f92bed7
3fa03f83
bd83400a
4020400e
3f093ea6
40074025
3fb03efc
3f033f61
3ee23e0f
bf6d3e5d
3fa23e92
be863ed7
40243f98
bf0c3f78
3f86bf06
bf25bf10
3eee4033
3fea4001
3f853efa
beda3fa1
3f39bf74
3f093eda
bef0bf59
bf7d3f5d
4033be1b
bea44015
4015bf7c
3fd245d8
3ead3f7b
4032bf02
3f2b3d6d
3ffabf15
bebabebb
40033f26
be823fe4
bf24be2b
bed84018
403cbe9b
4031403f
3e533fe7
3ed6bee0
4034bf52
bf293df3
400d4037
3ec73fa3
3fd73f21
bea54025
be0d4032
3eb94033
3fc2be1f
bf474028
402b4028
bf033f50
bf5b3f6b
3f45bf2a
3f253ef0
403b4002
bf603f59
401e4020
3f643fe6
403ebeb7
400a3fce
3fbb403b
401cbe5b
3f553fd7
3f163fbb
3f8b3fb2
3e813f91
3f4b3f5e
3c82bd40
4010be86
3ee13f4c
40274007
bec3be34
40283fd1
c5d8bf5e
3e51be04
3ecebec9
4018bef4
403f4023
3ffd3ed6
3f51bbc0
403f3fde
3f9c4032
3ffd3fb1
3fa83fe6
3f624001
3f593fd2
3e32be98
3e98bed1
be293ef5
40164035
3fbd3f7d
3f8a4036
3f873fc5
3f973f30
403ebede
3fed3f67
400a402c
402f4005
be6d3f97
40243f40
3f85bf20
bef03e4c
3ff53ec6
bf2abf15
4022403c
3fcd3f18
402ebcb1
bbc73ee4
bf793efa
bd953f27
bd43401e
403f4002
bf6d3f90
3ecb3f58
403c3df1
3f3e3fa2
3efcbf5a
3fbf3ff8
3ca9be37
3f2ebf42
3f27bdfd
400fbf14
bf4345d8
3fb33f33
4031bef7
3e074035
be023f92
bf22bf56
be393d03
3f973f03
40373d7b
4039bf27
3fd63f89
bf0abeb3
3d9cbf49
bf123ff6
3f3d3eed
3ebbbf05
bf4e3e23
402b3fd6
be55401e
3f753ec1
3f004000
3f9a3eb1
3eb34039
3ed63ce3
bf4d3ff7
40333e89
3efb3f1c
bf1bbf09
3fdb3e74
3f353fe6
3db9be88
3fe7400b
3e26401b
40254001
3f623f52
bf6a4017
3f393ec2
40353f38
400b3fe7
3ff23eda
40284006
bf5d3f49
be2d3f35
bd943fa9
3f90bc28
bec6400d
bf3cbf04
bf43bf29
c5d84012
bdcabe43
bf6d3fa3
bf5c4006
4011beb4
3ed34021
4027bf67
bf103f89
400b3f1b
3e8dbf5f
3f983f2b
402fbe8c
3e383f87
40333e9e
401f403b
3f08401d
3f104017
be7b3fe4
3e3c4015
400d3fd6
be6fbf26
3fd5be35
3fa53f5c
3ff14016
3f563f06
3f94403c
40083f15
400f3e52
3e5fbed0
40183fad
3fb2be50
3ff34014
3fdf3e54
40083ff8
3fbdbf15
403f3f6e
40223fc6
4039401e
be983f83
bcdf4035
40034026
403f3fd9
40103e63
3f914038
3dbe4021
40243f5d
3d5e400a
4026401e
be75bf25
3fc645d8
3fb13f8e
3ee24017
bee93c4d
40194002
bf43befa
3fea3f9f
bf403e04
4011bf46
3f5a4033
3f403fad
3ec44004
3fba3ee6
3f153f75
3dfc3f48
40323f6e
3ff9bf67
3fef4027
bf5a3f09
3e154025
4022bed0
bf0cbf2b
40203fc5
bf42bde4
3fba3ee9
bc013e9a
3fc93f21
4014bed5
bf7c3fa6
40113e40
3fc83fb9
40113f83
40353ed7
400f3fea
3fe94002
3dda4003
403abf80
40174034
3e884016
3fe83dce
403d4000
bea53ff4
3cee3fa8
45d8bf2f
3f184040
bf1c3fbe
401b3fb4
3e383f59
3f4d3d8f
3ff93efd
3e61400f
3fab3f91
3fcebeee
bda8401c
3f54bf57
40183f8f
3fd7bf5b
3ff8401e
4006bf18
3fc53f84
40053f2a
40193e86
bf663eb4
3ec94024
3ff0bf3d
bf623ee2
3fa93f1c
bc9a3f2a
be3bbe25
3f194037
3f3e3f51
bd8d401d
3f8ebf07
3f233eb2
40263f57
40164006
3f60402b
3faa3cfb
3fafbd50
3fbf4036
4011402a
40303fa2
400c3fda
40283f91
400b3ff9
40143e5a
3d8a3ff7
4032bf2e
4021400b
3fbc4002
3ff73fa5
3ffb400a
3fe1c5d8
40273fc9
3fb43f8e
402bbd3e
3fb73f0d
3feebf3d
3f9c3ed3
3f2bbf39
401f4016
3f473f31
bf434031
3ff43fe2
3f984036
bf473f8c
3f903f28
3f113f26
3f0d3f54
bf793e7a
3f553fd1
bf194036
3eb63f49
40043e96
3e123f90
bf103e8d
4012bf04
40193fe7
3faabf4f
3f113fa9
3ff63f97
401d3f36
3f473fb8
3fbabecd
3f373ff8
3fc83f2c
3ef64033
3f14402a
bf513f8c
bf07bf68
403f3f87
3faa3fb4
3f753fad
3ff24019
3ef83ff1
3ff63e8c
3f34401a
bf243e9d
3e8fbf7c
bf5fbe87
45d83fe4
3e88bf65
bf6b402c
bf2f3ed9
3bbd3fdf
bf263fc9
3f893fe3
3fe7bd04
40003fde
3ff13f5d
403b3ec8
402b3e57
3f3c3fd3
4023bf0e
bf66bf42
bf053f28
bd45403d
3f94bf35
3fe43ec5
4033bf15
3f6ebf0b
40074028
3fbcbea5
3f5cbe66
3fb1be4d
bf223f09
3eb94033
3fbe3edc
bf1fbe53
3e8e3fc9
3e41bf5d
40003fe8
3fbabe92
4001beac
be203f5a
bf4b3fec
40244021
bf14bc7b
bb81401a
3ff34011
bf653e88
bef14035
3f214036
3f384001
bf3c400b
bf113f7e
beee3cf1
be34be00
4007bf7b
3fc3c5d8
3f2f4032
bee1bebb
3f0b3fba
40103f86
4033401a
402ebeb9
bf7d3f47
be043ea7
3fb13f9a
bf4e3ee9
3fd63f34
be8b3fa4
3fe43f71
3f973fc3
3ff03f80
bf6a3ffe
3fe1bedc
3f184036
be9f3f9d
3fcebef7
3ef73fc1
be503e66
3fba4034
40073ede
be883e80
40344028
bf383f9d
401e3ea2
401bbe9d
bf00bf10
3f503fd7
400e402e
3fa13fee
40223fff
3fd0401e
bf053eb5
be8a3f59
3fd33d19
40374005
3f543fcb
3f323f69
3fda3fa4
3f2dbd56
bf0fbf22
be6cbd2c
bef23f79
403b3f8c
45d83f95
beb83f95
3fec3f88
3f204013
3f3f3ec7
3ea74014
3f3cbd30
bf0fbee5
3f3e3f38
400c4023
403d3fe1
bf2f4004
bf723ee2
3fbe3fca
bf533f8b
bf1d4019
be12be25
bec43fb2
3f85bf3b
3f793fab
40063fec
3fe0bdbb
401b3efb
401b4013
403f3f01
4036bee0
3fac3f8d
4039bf7f
401ebf14
3eeb3ff1
bf503f21
bf3f3f8d
403ebf54
bed23fa5
40293f5e
3fbe3fd0
3e8f3f14
403c402b
3ef23fa7
beebbe0b
bf3e3fb8
3f253fb3
3ff84031
3ec23f3a
bd9f3fd3
3f733fc6
be823ff3
3cc23f53
3eecbe0f
3fbdc5d8
400e4013
3ea83f89
403c3fb9
3f193f90
3f153eac
40044013
3f0c4003
40263fa7
3f4f402f
bf39beaa
3fda4027
beedbe29
3fc3bf18
40293da7
befe3b7d
3fbdbf0c
3d0c3fdc
bf6e3fdc
3ff23f11
bf0dbf7f
40123def
3f654003
3f69bf58
bf6e3e8d
bd9a402b
40013f2c
bf2c4020
3f7fbf55
3e573f90
3dcf400c
3f5f3f73
3ff04019
3f973ff9
3fc53f67
403c3ed3
4012bf6a
3f283fd7
3f3b4010
be8a3ecd
40093fb0
be114027
bcc2402b
3fecbf70
bf20bf52
400e3c87
3f7e402c
400d4036
45d83f95
be973edd
3e303fe8
bf0e3de0
3facbf2e
3efe401e
be923f4d
400a3ff9
3fdc3feb
4005402a
40224022
3e5f3f4e
40353fed
3f4f3f10
3eaa3f9d
3e15be79
3e36402a
3f17402d
3f6f3f7f
3fd13dd5
be833f2d
400a4027
40203f27
403c4001
3d8ebee3
3fd93ee4
3f783f48
bdd83fea
3f8e4013
bec33fd3
3f963ff1
3f513cf8
4008bd3a
bec74016
4000bf7b
be88bf38
befc3eb5
403b3fbe
402bbf65
3e49bead
becf3f01
3fc43e8b
40314028
40283ff3
3f984025
4000402e
be984009
3fb23f5d
3fc5bf55
3cf4c5d8
3fcc3f68
3fe1bf19
40143f5b
bdb53f8a
3f14bf42
bef2be01
400c3fa8
4035bd28
3fdfbf56
bf64be88
40043fea
becebedd
bf24401f
3efbbef7
3f3c4014
3f873f6b
3f9c3fa5
bf093ff4
3f184012
bf1d3f59
be1e4014
be5b4010
3d5c4021
bf343f3f
4026401c
3fde401d
3f6a3f2a
3f993f96
beb73fcc
3ffe4022
3eaa402a
bf50402c
bf6ebdc8
bf03bf5f
3ef5402a
3f973f21
3e8cbf33
40073fda
401abd90
3ff44004
3cd74016
40013f97
3f613f10
3fb43fca
3a0d3e8d
3e88bf68
3f73402c
45d83e6e
3e994000
40153e64
bf72bee4
3fce4021
bed13e5d
bf293f31
3fb4bf41
beaf3f9e
3fcb403b
3f64bf7f
bf2f4024
40023fca
40403e98
beb63fa7
3ea83ea1
3fae3fe0
40144019
3f833fa5
3ed13f67
be1e401a
3f0e3f8f
3fa53f16
bf10be93
4015bf28
bbdd401f
3ea64016
3fb6bf60
3fec3f9c
bf063f15
bf11bdbb
bf6e400e
beb9beca
3e57400a
be4d400d
bf24be82
3fb94012
3fc43ea1
3dd83f72
beb63efd
3e4a3ffd
3f5c4010
3f963f9f
be3f3f48
bf263fb7
40054004
bf444003
40083fc5
be864003
3f47c5d8
3fa53f2f
40313f65
40253fec
bf254019
bf40400c
3e7c3e65
be84403b
3ff5bf65
be373afe
3fb3bf79
3e8c4008
befa3e81
40263f98
bed9bea9
40073fbb
3f15400a
4029befa
4035be19
400e3f1d
40043f8c
4020403e
400fbf69
3fe04008
4010bf31
3fdb3f5a
3fad4038
3f0a3fdb
bf553ef8
3fc83f4a
40053f91
40133fe7
3f99bf38
bf0a401b
3e173f7d
400abeb8
3f8cbf80
3e82bc0a
3ece4013
402abd65
3e944035
40103f89
403b3eaa
40053fa5
3e2f3fd8
40023f91
3f073f9c
3ef03f99
3eed4030
3fe33f72
402b3fb5
401d402f
4031401b
3f854006
3f673e4c
3fb0401d
be20bdd9
be5ebf2b
4028beec
be42bf43
3fae3f07
3fb64024
3f4cbeeb
4027bf56
3edd3e25
bec43e9c
403e3ff2
bd16401b
beaa3f6d
401c3f28
4019400a
beed4002
be72bf53
be87bcb3
be233f83
3f294006
3f943f46
bf7c3e2d
403fbf72
bf563fa2
3e8c4006
bf39becc
3fd54007
40083ec5
bed53f95
bf1a3f7f
401b403a
bf233f48
40294015
3f223ff6
3e453f50
40394018
3f6545d8
3fd6403a
3ec5400a
3e953ed4
3d5a3ee2
3e013ee8
bee94039
4020402e
3de13f13
40243f7b
4029bc2d
bd833f87
bf7c3f46
bf093f83
3f48be3d
bf0a400d
be81be7e
40013f9d
40363fb6
401c3e0b
3e613eb5
3fa83ed0
bf56401f
3f903f91
4020bf29
401a3eec
400b3e3e
401a3f75
3f584006
3cc13f86
bf0f3f73
bc39401a
4011403f
3fea400d
4036be1d
40244020
3f933f91
3d253fac
3fbebd00
bf6c3f8a
40143feb
3f90402a
401a4022
40393ffb
40284037
3f9a401b
3ff63f5d
beda402f
c5d83fc7
bf773fbb
3fa7bdaa
3f2d3f3e
3f414026
3f173f2e
4009bf6f
3f853f57
3f673dcd
4038bf39
bec43edd
beb23f24
3f3a3f2e
3fed403e
3fcabe9d
4009be4d
40053e1c
3e653ff5
bf233f1c
be0c3e0e
3ff63fc5
be583fd5
403f3f5f
bf28bf12
3f963f81
3e5abf75
3f03401b
40003f89
3f913f5d
40323ede
3f42bed6
3ffc3f86
40374037
3fac3e80
3e6b401c
4015400d
bf4d3fb9
3ffe3eb2
403d3fea
3e0ebf0b
40083e8a
3f1d4027
3e59bf49
3f4bbdfc
bf6a3e37
3ea33d2b
3f8c3fed
3e13bf33
3fe33fd6
400c45d8
3fb7401b
402a3e7d
3fae4036
40403e8f
bf69bee8
40153f20
3fde4024
400c4003
3fc2be91
3fefbf50
be8e3ff1
402c4019
be933f8b
bf6e402a
bf6b3eca
402d3e6f
3ffd3f61
3fd0bf65
3d0c4040
4012bdb9
4000bf5e
3ffe3f2d
3ef2bdd9
4036bda4
3ebb3e38
400c3d44
3eaebebc
bec03fd9
402f403c
3efb4009
3f57402f
3e57bec6
3d833f30
3faebf6b
3f923f28
bf403fc4
bda03e6d
bf1a400c
be65bd68
40284036
40074023
3dbf4006
3ff83fe3
40114017
bf5f4021
3e893e28
3fb73fed
c5d84008
3e164027
bd0abf7b
3fea3fce
400bbe2e
4031bea2
bf724032
3f3b400f
3ff74034
3f92bf7d
bf3e3f2c
403c3fb5
3f933fe8
40123ff1
40024003
3f8e3f50
40313faf
401b3f50
3f5a3fa0
40384034
be5d4004
3fdebe4a
3e3b3fca
beb63fba
3fef4012
3fe93ed9
3d8b3fa3
3fa23fc3
bf4f4021
3ffa403a
3f4e3f69
400e3fe5
3fb33ef8
3f1abf34
3eabbf19
401a3f99
beaf400a
becc3ff1
402b3f16
3f7cbeb3
3ef5be6b
3fecbebc
3f79402d
3ff4be0b
400c3f21
3ebb4001
bf05bf12
be8bbf22
3f71bf22
3f4045d8
bf153f77
3e56bf80
3e8c3f44
3fbdbf24
3faf3f6d
3ff73f81
3fd73ff9
4028bf16
3fb9bf55
bec73d04
bf453f3d
3f96402e
beae3f73
3f233e88
3f26bf7f
bedbbf09
4037be0b
3fd03e68
4024bf33
4024bf56
bf303e1e
3f10bf1b
4018bda8
3fc4402a
3e594005
be3ebe85
3f5e402e
3fcf3fea
bf7a3e24
3fc5bf5d
bf7c3f3d
4030bf42
3fa33e3a
3fe23f75
3f593fbb
3f8a3f95
3f8abf12
4005bf5b
be9c3fde
3c2f3f68
bf1a3e3c
40004023
3fb23e3d
40293fc9
3f9ebf44
3fbf4026
3f1a3f9e
c5d83f59
3f164012
3ff33e53
401d4032
3ede3f8e
3ee3beac
bd7abe0e
beaabf21
bf0c3fd2
40033fa0
40273f56
3edb3f39
3fd8bf7b
401e3da2
3f8b403e
be4c3f9f
be5d3fbd
bf023dae
3f97bf5f
3fea3f40
3f864001
3e18403b
be803ffb
40313f8b
3fdb3ead
3fc7bf31
3f893df4
3ff63f3c
3f143ff1
3eb14032
3fce3f4d
bf3fbf12
bf79400b
be143f87
3f093e90
3fd33ff5
bd863f03
3fd0bf40
bea93ebc
3e663e04
bf473f8b
3f1f3f45
3f873f88
4031bf2f
401b3f55
3fe13fec
3fe7bdf8
bf164035
4031bea3
401845d8
3fee3fd3
3f88bf01
4039403c
3f043e38
403d4032
3fe0be7f
3d2d3fc1
3f173fb1
3ec0be84
3f363f4b
3fcc401b
3fa43ec0
3fc4bf17
3f88bf0b
3ea14004
402c3fe4
bf674020
bf073ff6
3fb23fc8
3fb53fa4
3ed63ffb
3f6b3e89
3eccbf78
40333fa0
403c3fed
3faa402c
4005403a
3cb83ff1
bf4b4013
3f843e12
400a3fdd
40063eaa
40073fc6
3fd73e08
4012bf4b
3ffa3f64
befc3f21
3f6bbf7e
bf343f3a
bf5e403d
bf12bd40
3fd33ff4
bf29bf5a
40043fb8
bedc4032
bf73bec9
40214029
c5d8bf44
3fc1401f
3eb84003
3f92bf37
beab3fd3
befd3f4f
3fb43f00
3ea54006
40084025
40403f0c
bf573f78
4022becb
401fbf76
bf15bf10
beaabed3
bf804005
3fa94033
bf76402a
401c4024
bf0e3ecd
40084038
3f333c8a
3eef3fd0
3fc93ea6
402f3eda
40353ea0
40404025
3fa0be77
be363f12
bf733feb
3fe53fb9
bd983fd0
40224018
403f3f58
3f4d3ff6
3f204032
403abd70
3f153e8e
3e063f1a
bea73f9c
bece3e10
3ffc3f6c
3f793f64
3f413fc5
3f503ed1
40403f7d
3f673fdc
bf693f38
3ff44006
3f9d45d8
beac3f36
3f433f59
3fdb402d
3f973fc9
3f253f6c
40003f74
3f7b402c
3fcbbeee
bed43dff
bf4f3fbd
402d3f69
3db33fe8
3e1e4002
3f653f6d
40013fca
3f543f9d
3fdf3f52
40273e87
bf5bbe81
bf2b4006
40113f3f
3f803fb6
3f9f3ff3
be13400b
40373ffc
402ebf5b
40224006
3f163fce
40084026
bf29bf1b
3e013dc3
3f92bf71
3f3c3f46
3f4e3e1b
3fe1400d
bf4e3d02
3ff73f14
3cf7be45
3fb5beb4
40203fdc
3f743f84
402d4001
bee13fb5
402d3e77
3f36403a
3eaf3f9f
3f903fa9
c5d84025
bf5fbdea
bdb9403e
bf453f22
3fefbee3
3e023fcc
bf033fde
3f83bf21
bf134003
3f3e400c
bf0fbf11
3f90bef1
3f3fbe98
bf2e401e
401d3f30
4020be44
bf1a3fb8
3f783ee8
bf7ebeca
3fa43e9b
beb13fc1
3f353fce
400fbf7c
4016bd99
401b4016
3ec23f6b
40254016
3f8e3e9f
40144015
3f44402a
3ed03e07
3f293fbb
3f3a3ff6
3f98402e
bf484013
3fe93f59
bea83fcc
40013ece
3f80bf31
bf2f3f0e
3feebe8b
3dbe3f95
be4a3e81
3dc7becd
3e13c5d8
bf343fc0
3eab3fdc
400dbd22
400f3faa
3fe83fd6
3f1ebea1
3e813fdc
3f933eff
be22401c
bf013f96
bf424008
3ff03fd5
3f4e3fd0
3f61bf23
40113fb8
3f873f81
3fcb3fbc
3fb53fb7
bdc73daf
3fd8bd41
bedbbf26
3f2e402d
3f23bed9
3fa3bf34
bdc03fcc
3f793ea7
403b401c
bed94006
3f6fbf01
40024020
3fe8402c
3fe14016
403e4027
bf3f4038
3f61bea5
3ec43f33
40203cbd
3e993eae
3f983fcb
3f65400b
3f814023
4011401d
3f033f79
3f72400d
3ff6bf19
3ff13f1c
3fbfbf60
45d83f9d
bf5b3fc3
bed03ef4
3f7a3fcf
bf1c3f7c
402cbf4c
3fdfbf3d
401e3f3c
3fe3403c
403f403c
bf653e0a
3e254012
bf14bf7b
400bbf1c
40203f4f
3fab3fa1
3e9d3dc3
3f2dbc01
3f9c402a
3f62400c
40164001
40223f9a
4034bf49
bf22bf49
3f5e3fbe
40303f61
be8abe9d
40324014
3f593f00
3e393fa2
40333ffc
3f113f80
3f73bf03
40293fa8
bd04bddc
be8abf2b
3d893eb0
3f903fc8
bf1cbdbe
403e3fae
3dd64017
bf3e3ea9
bdd43e20
3ecebf11
be993f18
3d77400f
bed23fb6
3f683ea1
be95400a
bedfc5d8
3ea83f4f
40063fd8
bf0e3fef
3ece3fda
40373ff4
3f87bef0
4021bece
402f3fa0
3f3ebf2e
bf0b403b
3f334030
402e4040
bf523dd7
3fb64008
3fa34028
3febbd2d
bf513fae
bf49402a
40033f49
403fbe8a
403ebf43
4017bf26
bec23eec
bf534017
3fd4beee
3f673eed
3fd6bf06
3f763bfd
40133b26
3f91bf42
4021bed5
3fa63fce
3fb43dc1
3e993f66
beb03fc6
be843ff5
3e973f6b
beba3fa8
bf2abf12
3feb401a
3fe1be85
3ffebf56
beed3f98
3fd9401c
40324026
4011bed7
4015403c
45d8be58
3e6bbe92
be503f11
3f9b3fd2
3f8a3fef
401f4014
bf4a400d
40313f0d
beef3f99
be7dbf2a
3f29bde8
3e293e8b
400bbebb
3fb1401c
3e853fb5
3fabbf08
3e5e3f82
40334003
3fcbbf02
bee5bf68
4038be83
3f8ebf49
3c39bf45
4026400e
bd8e3f8d
3ebb3fba
3f393f29
bf50401d
4024be86
4001becd
40263f8b
bf1ebf32
3f01be8c
3f22bf2a
4038be97
4034403b
3f7cbf34
3f973f3a
3f03bf26
3fb83bf9
3fe2401e
3f9bbf27
bf7cbf6a
3eb63e80
3f57400d
40203f76
40073f83
400e3f12
3dd03f89
4039c5d8
bd7b3ef8
3e4b3f3d
3f813f95
402f4030
bed83f0f
3fb5400a
3ff2bbfe
bf63402f
bf6d400f
3ff83fd9
3fcf401f
3fc63da4
bf2d3f99
3ea74017
bf273fca
4025403c
40063fc2
3fbbbf00
3f74bf37
4014bf7f
40363f99
403d3ecf
bf7cbe03
bf483ea9
bf213e73
bf333fa0
be954003
401c3de7
3fcf3f28
3e7c3fe0
3f104032
3f8f3f83
3fb93fed
be764001
3f2f4035
3f814023
befb3fbd
bdfa3f0e
bedb401a
40033f7c
be36bf56
4034bdc6
bde53fde
3ec73edf
3e834031
3f8f3fab
403e4001
45d83fee
be803e9d
bedd3f8d
3f8bbddf
3fe1be5d
3fbd3fd8
3e84bf10
3fa33e0c
bf65bf6c
bebebf0d
bd263eef
3f9c3eb0
4009402f
bf513f8b
402c3f97
3f6dbebf
3fe0403d
40093f3a
3d094011
bf2d403a
40123e4a
402c4020
3f9b402f
3fba3dc5
3f653f4c
3fc93f5e
3f403ff5
3f8c3e9e
bf743ea4
3f64400e
40323ff2
3f7e4019
400e400d
403cbf7a
3f0e3fbf
3f933e86
3f2fbf4a
3f6e3f32
be984006
3f9f3f80
bf26bedf
be88bd8c
3f0e3eb0
40253ffe
400a3f99
3ed2bf10
400dbf6e
3e333ff0
4009402c
3f68c5d8
3fae3eb0
3fd43f4b
3fd0bf15
3f283fbc
40373efb
3e74401b
3ffc3bc2
40083d98
40013fe6
403b4005
3f103feb
3fb4bf80
3f8b400f
bf4e3f8d
3fe53f8f
40363f9a
4038403a
3ed33fa8
bf7d3d43
3e9a403e
bf213fd2
3f5d3f62
be994013
3e56bed5
4034403a
3f333fa7
bed5bf3c
3fd5bdd4
400a4011
40214025
beac3fc9
3fed3ff6
40313ffa
3fd13f3c
bf6abe78
40014015
400abec2
3f853fa7
403abf07
3fc83f81
bd6b3f8f
3ea8402b
be393f87
bf4f4022
3fb73f4d
3ed04036
bf51be17
45d83f71
4038400d
be724016
bf664021
400a3fa9
3f26bf28
3f613f9b
3edc3fdb
403fbe0f
3fde3fd1
bf383fde
3f033f89
3f7b3fae
40153f2a
3e9f4030
3f133faf
3fc3bf73
bf56bf5b
40354012
3f5dbe9a
3f7b4029
40033fc2
bf14bf5a
3c943fc9
403f3f6f
3f14be90
3d66bf5b
40223fe0
3f843f4b
3de1be8d
3fc7400d
3ec0400a
3ddc402b
40083fd4
3f35401c
3fd93ea3
3ff04028
40223fd6
bf244009
3ede403f
4014bf45
3fbb3ffa
3eb93f74
bf603fe8
400f401d
bf67401f
3d14bc9d
bf763fa7
4008bf31
3f5fc5d8
40243fa3
beb5403c
3f0a4025
4031402e
bf6abf50
3ed33ec7
40104025
3fa24039
3fd13f44
40094031
4000400a
3e963eae
be4fbe81
bef04022
4016bf4a
3fce3f52
bddf4007
bece3f50
bf423e93
3f5cbf3c
bec63f36
3ff94012
3d864035
3fa43f8f
3cefbf73
3fd93f78
3fa04027
3fec3cf5
3f833fc3
bf57bed0
40063fb7
3f103fec
3f96403d
3fd0bf19
3f413f30
3f133ff4
3f073fe6
beab402e
be833f8f
be9a3fa9
3f2ebe44
40123ff4
3ef33f3d
3fb94018
3fa13ede
3e893fb7
3ebcbe50
45d8bf0a
402f403c
bf29beb9
40264028
3e99402a
3f324021
3faa3f65
4010bedb
3f884032
3fce3f1a
bf403f08
3f5b401b
3ff3bf6e
3f1f4019
bc1bbef9
40284008
3eb83f83
3f323fce
3f584038
40003f30
3f45bf68
3f334018
3ebc3f38
3ee2bf10
402e4034
beadbf14
3fdb402f
3ffebf72
3ef2bd1a
401e4011
bead3fd3
3eae402a
3f6c3f98
3f383f47
bf023faa
3f9d3ff5
3fa63df6
3ec13fd0
3fd13dd0
3f313fa4
3ff3402c
3fe2bcde
3fab3fd7
3debbf4e
3c383f97
3f9f3f59
be59403e
3f9fbd84
bf24bf5d
bf68c5d8
bf383e61
400ebf66
3f863fb2
bf6e402a
3dba400c
bf5b3fa1
bf47402e
3fdf4019
401c3f6e
3fde3f3c
3fbe403b
3fd4402b
3ea2be9b
400a4003
3ffb4024
bf024003
40003f47
40333fd4
3fdabf7e
3fe8bf5e
3f5d401d
40263f5c
bee0bc04
bf63bf7d
403d402f
3fd1bf5b
40393fe4
beb43e6e
4001bf02
3fe53e98
3fbe4017
3f9e3ffd
3fa04000
bec54004
403bbf50
3fdebf6d
400f3fcb
bee63f83
bf213f09
3fed4035
4014beda
bc9f4033
c5d84011
be1e3fb3
3e3a3f19
3ff3400e
bf073f3f
bf25403a
40283f89
3d1a3f0c
bf183f2a
3faf3d1c
400c3f93
3fc13f11
bd503da0
bf1b4038
3fd4beba
40213f96
3fa9bf0d
3ff8be52
3fa04007
3f594031
3f6abe39
3e5b3fbf
3fe3bde1
3f1e3fe4
3f1a400f
400e3d3f
bed4402f
3ffb3e04
4007bf3a
3fd63f1a
3eb64021
3fe5400f
3ef33f53
bf553ff8
3f313fa8
3fc03ec0
3f27bdb6
bdc13f08
3fdc3d9e
3fd93ed5
bec73eed
4032401c
3fda4010
40224014
be184023
be0e3fef
bf6cbe9b
bf3bbd41
bf4c3e82
3ff445d8
4009bf39
401bbf5a
becb3ffb
40284037
3ffc3dfd
3e96bef4
3ff0bf3b
3e8b3c87
3faa4019
402e3fab
40064013
be19bed0
3ed7bf61
3f5cbec2
3fd1bf67
bf0b3f60
3fb33ec4
3def3f1e
3f5fbf6a
401b3fef
3fab4011
bf7cbf4c
3f01403d
3f47bf79
3fb1be92
bf203f55
bf75bf27
3fa83f41
3d4f3fdb
3f4f3ef4
bf48bf2f
3f863fc1
bf193fbe
bf6f3fe7
40303f54
be59bc72
4015bf3d
40103fa6
40013fcf
3f58bea1
be02bef2
3eccbf3c
3fea3f55
3f963f9b
3f423fd3
3e9e3fb1
4040bf2a
c5d83e3e
4031bf66
3ea23fdc
3f02bf2e
bf4a3f55
402f3f35
40033fc5
beb03fa4
3fe43fc5
be64bf0d
400e3ebc
3ffdbe83
3ec13d45
403b3fa7
3e573fc2
bf303e35
3f04403e
bf0d402d
be843fba
bf4d3f44
400b4009
bf233ffe
3ec83f02
3ea0bd39
3fb74017
3fbe3f89
befa402b
4034bee8
bd82bf41
401f4030
3fcf403e
bef2401d
4004be48
40123fb0
3e87be09
be9b3f2c
bf393fa1
3f9d3fac
3fd14029
40063e8d
400fbe8e
3de2bddc
3fd4bde9
3fb9befb
3e7cbf5a
3e163fa4
402f4027
4019bf7c
3fa33f4b
3e2445d8
3f6b3f70
40294008
3f213f67
3e10403d
3fe54015
402e3f00
be25402f
3fa03fc6
3ed2402c
3f83bdd1
3ff63fdb
bed94024
3fbc3e0e
bf44bdf6
3e3e3fda
bea4beeb
3fd9be7a
3e853fe7
bec93fff
3e82402e
3fc63dec
3ef6bf0e
3fe13fec
3fae3fdd
3fa94039
3e133fd1
be51bd26
40363f02
3d6b402d
3ec0beda
beba3f83
4022bf2c
be8fbf1c
401f3f8c
400c4020
3f554006
3fb6bf15
bed4bf37
40403f17
402e3f12
3dda3fed
403b3f84
3e234002
40033fb5
3f3abd15
bdc5402c
3fe73fc0
c5d83f26
3efa3fa8
403e4039
bf213e76
40083df6
3fafbf19
bf18403c
3e69bf7b
3e88403d
402b4020
3f444037
3f2ebf3e
bebd3e2b
3fd14005
3fba3f96
3f15bf61
3efb3f67
3fb7400f
bf573ed4
3e423f4e
40104021
bf773fcc
be72400a
403b3fec
bd213ffe
3e1b3f93
bf5a3e3e
40153f3b
3ed83f12
3eb6be2b
401b4002
3f633eb8
40053fb1
3ed5401c
3fb23fa3
3e3ebe8c
40233fc2
bf5a3e27
bde33e9c
401e3fdb
bea23ffb
3e843fb3
3fa64013
3f073fd0
3f3abdb2
3fa84025
3f533e87
4024bd27
40094011
bf4945d8
3dda4006
4037bf47
403e3f09
3fd53cf6
bd794016
3fc8bf7e
bf32bdc6
3f863e78
40164039
3fa0bf70
401d4003
3f773f3a
402bbe18
3fe0bdc1
3faa3e35
3fba3f8a
bdbb3f7c
bd364012
bf444025
4010402c
bc0e3ff2
3f8f400e
3e3e4039
bedd402c
3f7bbf75
3f533f40
3fc1bf1f
3fc6400a
3f224020
3e48bf4b
bf3f4018
bf3fbeed
be843f9f
40123e65
3b24beb3
3f95400c
3f8b3e72
bf7e400f
402a4010
3f03bf40
3f83bf13
bf4c3fe8
3fc6be99
3f8a3f06
3e4a401b
3f683f77
beb73f25
c5d83fcb
40213fab
beabbee3
40383f3a
bf753f34
3f84403d
bf083dae
3fab4022
40193f9b
bf0c401d
bc083fe9
400e3f93
3f8e3f92
3dd64014
3f8f4013
3f313f72
40263f88
3f073e5e
4014bcd8
401e3f84
3fe53f82
bf733f92
3f6a3fe4
400d3f5e
4026401a
3ff73f8f
be46402a
3eed403a
bf3abf57
3f9ebe2b
3fecbe52
400cbc69
3f81bf74
be1e3f88
3f994001
3f8abf2a
bf3c3fea
bf14402f
3d853e27
3fa13fed
401a3fae
bebe4018
3eac3da7
3e49bf67
bf49bf03
3f883ee0
be5c3f92
3f9f400e
4025bb93
401e45d8
3e513e09
bed7bf30
bebd3ec3
3fedbf58
3fe83fb9
40133f8c
be964022
40264017
bd1b4023
40133f6c
40214020
40084018
3ede3ef3
40333e90
3f71bf2d
402d3e03
4031bf5f
bf123ec4
bee83f88
bee6bf44
3fa94029
3fae3f1f
3e5f3f7f
bec23f08
4017bf5c
bf47bea2
bf59be69
3fb7bf1b
3f4a403d
4001401e
40123e9a
3e934038
403b400f
40133f3b
bf424025
40353f83
bd15bd9f
3fae3df3
3fe0bf2e
bf033fea
bf59bf5d
40173fa7
3f844033
bf014010
bf7bbe53
3fd83fb2
be063ffd
c5d8bf08
3fda3ef2
bf2abf54
400c3fa2
3fd3400e
3f2b3fe0
3d803fa2
bf41be68
3ea3bf05
4026bf18
beeabe08
bf16401e
be80bf2b
3f3a3ff5
3fdabf48
3f69401a
bef8401e
bf323ebd
bf6a3ff1
3f9e400b
40124014
403ebf06
bf274036
be5abec7
400a4028
bf573fb5
3fe44014
3f423e80
bf50bf3d
bea63fa7
3f9e3fc6
3fb83f77
3f433e3c
3f843f5f
3fc03eb4
40203f7e
3f39bf32
3fde401d
3c624018
402c3f17
4009bf44
3fe13e5a
bed33fa4
3ff33ec1
3f97bf1d
be8abf31
3fd03ff6
40303fa3
bea9bf62
bf1345d8
400b3f83
3ef93e05
be7e3fe4
bf28be07
3f784017
3fc53fd0
3f9c3da5
bf173fc5
402cbe33
40103fe6
bf273f1c
beb3bf03
3f674016
beecbf77
bf753e3c
40243fa0
3f2d3f95
400b402f
3d203fb8
3e7e401a
40213ede
40043fe9
3ca2be97
3f834029
3f763f1c
3f003f9c
3e823f57
3d454034
bf60403e
3fe0400e
3e4a3f8f
3fbd4029
3fc2401d
3f81400c
40114006
3fd83fe6
be914032
3eaa3e4f
3c644037
3edb3f39
3f683f1d
40023fea
3fa64033
4029bee1
402e3fbc
40193fef
bf1a403f
3cd64020
be86402e
4007401a
3fc93fd7
4030403c
40214011
40403fa4
3f873e05
bf603f12
3f3e3ff2
be9b3fe2
4013bd42
3f063ede
3fb93fd1
3fce3fc8
bf683ec2
bf33402b
3ff53f15
40353f2b
3fcb3f9d
be823f08
3ed8403b
3f6e3f9b
402a3fcf
3fbb3fe5
40173fbf
bf663d6a
3eee3f97
4011bf79
40113fbb
40293f70
bf5e3fc7
4026bf1a
3fb23ffc
bf703f4d
40224010
3fbebf7b
3f47be29
bf42403a
3fb23fd1
3f5d401c
3faa401d
3e9a4032
3f34bf6f
3f11c5d8
40173f80
bddebeb9
befd4020
bf41bf04
bb453fb9
3e57bee9
3df23f13
3fb33f8b
bf2d3fbf
3f3dbe0b
3f673fb0
3f72401d
4037bee3
3fc9403d
bef6be2e
3fc0bf3d
3fb44014
bd7d4011
3e4abf1f
bf073fcc
bee63fc3
400ebca2
4038bf50
403ebf41
40233f7b
3fdfb821
3ffb3e34
3cc33f74
bf2e403f
3fc13f70
bd43beaf
3f3c3f62
bf664006
3eb44017
403c3f94
3e313ffe
3fa43fe4
3f643fad
401abf38
40224020
bf36bf6c
3fee4013
400d3f6a
3ff94001
3fe23f8f
3e5b3f35
bf07400f
45d8be79
3fe5bf42
be3c3fd5
3e5c3f63
4011bf66
4027402f
3f76bd95
3ff53fbc
bd2e3f75
401aba8f
bebd3ff0
be64bed9
40393f8f
3fc63fc4
3d313fe7
3dc54005
3f153f89
3f514019
3e5a3e57
3e813ec9
3eca4029
3ea13f9a
3ede3f6c
3ffd3e12
4038bbbc
bf0cbf26
3fd73e0e
3f503ef1
3ee6bf1b
3fdd4017
3fac3fc0
4037be35
3fe13f50
40053f4f
3f9bbf53
bf273fc0
bc494038
3fb7be05
bf1e3f4e
3f2c4008
40333f00
3f113ee6
3fe1bf30
3ff94008
bf643f90
3fe73e9f
bdc6bf3f
40333f95
bf673fb5
3f49c5d8
3fd8bf41
40194038
3fd3bf65
40193f1e
40274015
3f943d16
bf0c3f91
3f1bbf6a
402a3dcc
40093ff0
40333f07
4019be63
3e90bec6
40064013
4020401f
3f533fc2
3f4c3f79
3e0d401d
3f6fbf5f
bf52403b
beae3d04
4015401e
becc400a
bf643f8f
3fd14028
401fbec4
400d3f8f
be974005
bf153f38
3f723fe4
3ef74003
3d83bdf7
401a3fcd
40183ffb
401a3f27
bee8400e
3f063f56
3fd0bf36
3ec33ff1
3d294000
3f5bbebc
4011be6f
bf3f3fca
3f7d3f90
3f463f4a
3e2e3fb8
3fe5bf4e
45d8bed5
be1f403d
3f5e4009
402f3d78
3f70bf17
beff3fee
be824009
3d483efc
400f3ef4
3fa43faf
3ffa3f89
40054027
3f803e70
bd984009
3ff0bf06
40043eea
bf05bf3e
bed53fdc
400c4025
3f533fb4
3e6f3f90
be5f3eca
3fc0401e
3f79402a
400bbdc0
40273ffb
bd3f4039
3cba401b
3e913ffc
beebbf1e
4004be91
3f883fed
3f2a3fa9
3feabf0c
3fde3dc9
be3d4029
bed74007
3f7a3fd9
3f1e3ddf
40223fc4
40293fa9
bf51bf61
bec63f7a
3ff04005
bec04034
3f763fc1
3da3bf24
3f9b3f67
3fb13fc2
bf5fc5d8
40054037
bf473e20
3f5b402d
40083f7d
3d61bf49
3ff03fff
40143f1a
bf654029
bf1e403f
3c493f6b
401c401b
bf70bf58
3fe63f9c
403dbdb7
3eb73e8d
3ea93f9c
bea2402e
3e544020
bd193eaf
40034018
400fbe21
bdc7be46
3f793f66
40173f65
3fba3ff6
4033bf06
3e8e3fc9
3fb7400f
402f3e92
3fb03fb1
beb4be82
be1f3eae
3f1fbf53
3e073fd4
3fddbf5d
40214007
beecbf6e
bf423f6d
40053f19
40393d88
be28bf2b
4020bed1
3c3a3fb6
40333eb1
3e82bf55
4032403b
3fb93fd6
45d8bd96
3f83402e
bdbd3f67
bebe4030
403a400a
bf30bf3e
403f4007
3eb13d35
be053f82
3ee53e81
3f3b3ff9
3f433fbd
3f88be99
3f87bf5b
bf583f9d
3f6dbeb4
3fa34030
3fb03f4f
3f4f3fea
bded3f32
be8abed6
be7e3ffb
3f1d3f2b
4036bd81
3ffe3fd7
bef8beb8
3e7c3ef0
3f0fbf56
3ef03dca
3fdd3f86
3fc9bf1d
3fc9bdd9
40353c62
3edbbf1a
bef33fff
bf193fba
400b3fe4
bf36be21
3e493f9d
beae3f7f
3fc0bd3f
40153fa3
3e013f97
bdc04021
bf433fb8
3fc84003
3fbb3fb6
beb03f90
bd3dbe8d
befec5d8
40023ea4
3f8cbf0c
be873fa9
be58bbfe
3f883e3c
400d3f46
bf643fb4
3fc4bdb5
3f863f4e
403b3f5c
3fac403b
bea13dfc
3c83bf5f
3dcb3f3c
3fd43f6c
3f543e54
402b3faa
3ec1be9f
3f163eb5
40393fda
3fe13e34
4032bdcd
400b403a
3d2e3ff2
3f2fbf06
bf013e22
bf7d3f5c
401c3da6
3f58bdb5
3fd74016
3fbd4030
bf6e3f86
3f03be35
bf453f07
3ff63fcb
3f2abed9
3fd33fbe
bf6ebf50
401f4015
3e5fbe92
bf114037
3ffa4006
3c633fe7
3f984016
bf40bf42
40354030
3f7b3f16
45d83f14
bf454000
be86beb6
4036be5f
3f7e3fd0
3f0e3e9e
3f893fbd
be823f8d
3f7e3fc8
3f324019
be0abf1e
40194000
bf3f3ff1
3fc23fd8
3fe64031
be9d4014
4021401e
3fcc401d
bf0cbdb8
3efe3f07
be3c3f7e
40284034
3f943e1c
3fccbf63
401cbe7c
400b4025
bf0c3fc5
3ec53f53
401b4010
3fd93faa
4033403b
401f3fb6
3fc8bf77
402e4006
40103f22
40353fc5
40283f8f
3fa6be10
40083f5d
403cbf11
3fa3400f
3f844030
3fc03ffa
3f87bed9
400dbf46
3f943f0b
3f90bf0e
3f853e4b
402d4020
4005c5d8
3fc1becd
3fe6bba6
3ff2be55
40344034
3fefbf31
3e894033
3f85be22
be8f4001
3ed3be95
4010402f
be733f49
3fabbda6
3bce3fe6
3ec0bf11
bf443e15
40043fdf
3fc9be79
3fe53fc4
bf07401d
401a3fd3
bf26bf02
3ec53fa2
4030bee8
bec33fd6
3f9b403d
3fe73fb7
3f783f1a
40273f6e
3ffa3f64
402e403a
bed73e98
3f06bd2d
3f204035
bbb23f32
be883f8f
3f933fcb
3f9f3f71
3f57bed7
bf2c4024
bd75bf03
be02be59
bf673f10
3f9a4032
402abf0a
3e22bd76
3c06bf3c
3fcfbe45
45d83dcf
bf0e4017
3fec4036
bf1b3f3c
3c4e3f1f
3f83bda1
402ebf59
403e3f12
40334015
3cf3bf2e
3fcf4004
3e903f51
bf0e4036
3fa6bcff
3f8f3f05
bf0e4024
401f3e4e
3f6a3f5a
bee73ec0
3fcabe1b
bf6fbf50
40014014
401ebf0f
400a4020
3fadbda7
4003bf54
400e4022
3f4ebf16
3e353ea0
beef4004
3ff03f3a
3fd3bf4d
3f153ed5
3f7abf13
3fc64035
3faa4024
400c4013
bf4b3fda
40033f91
3f813fc7
4040bf55
40163ec8
3f863f90
bee63d40
be1c45d8
3fcf4011
3f513f98
bf353ef8
3f83bf2a
403f3fc0
3f7b3ff3
3f47bf52
3ed3bf65
40274030
4001bee7
3e573fdc
403e4010
3f3c3fc8
bd593eb9
3edfbf4b
4017400e
3feb3ff0
3fc53fcf
3f133e0a
4024bedc
3fd2beca
3fa23f38
3f8c402c
bf0b3f6b
3fe4bec2
400d3ea2
3f10401b
bf204024
be293fe5
bf55beef
be3fbf58
3fdcbf0b
beb03ec1
be99403f
3d87bf14
400a3fbc
3ff3be67
be793f94
bf703fea
3f833d06
3f5fbeeb
3fb53f97
3fc13e86
bc033f56
401cbec2
3f5a400c
3eeb3f81
c5d84027
3f41be20
bf7d3e1d
bf61bf7e
3f9cbda9
be483f8e
400abf67
3fbf3f68
bf093fcf
bf3d3f9d
3f15be5f
3f3fbf27
3e963f24
bf313f8b
40034003
3fee3f2b
40273fbe
402f3ffc
40144037
3fc2be90
3f7a3fd2
3fe23cf4
401ebf6b
3ff33fbe
bc8bbe48
3ec34038
3f904027
bf49bf25
3e293f58
3f964016
3f36bee7
3fc93f0a
bf69bf79
3eda4031
3fa53f8e
3fa03ff7
3ffe3fea
3eae403c
3fddbf59
3f43bf05
3fab3fdb
bf314025
40064006
40163eb4
3f773fce
beee3e84
bf0c3f93
3f4a3f35
40003f43
bf0c45d8
40054006
3f8e3f0d
3fd3403c
3fd33f22
40374008
3d74bf5e
3fa03dfb
40064008
bf35401a
40093f65
bf433dcb
3e924010
400b3f92
3f923d39
bf5a3f19
bf6f3ff1
3eb53fab
bf393f1f
bf0ebd4c
bf6b3e80
3f8b4013
3f0b3fb4
bea64016
3ed04000
3f934027
40353f21
bf7c402f
beed4014
beadbe11
beb03f4a
bf193e31
bf09bea1
3fd33ffa
bf123f30
bd834010
3f963fcf
3f3c4009
3f103d8e
40323f37
3fc34035
bf7fbf6d
3e2c3fac
4026bf67
40003e67
3f81bea1
3d95beb1
3f103f89
c5d84010
3ff83c12
401d3f82
3f134013
3f23bec7
3fd3bf61
3fcebe65
3ede403a
40233fbf
401bbf47
3e87402d
bef4bdcc
400abeb3
40223fda
402e402c
3f93400d
bf2c4030
bedebf2c
3f923f87
3f934001
3fdbbf3e
3ff93ff3
3eb93ffe
400b3e35
bddabed5
beec3f0b
bee4bf1b
bdb83f5a
3fdb402a
40234026
bf0c3ee5
3fa2bea9
3ff13f55
403abe18
bf253e7a
4017bea1
bde5401a
3fefbf19
3fb8400b
befebf1e
3fb0bf56
bf754001
40183f77
bf504005
40023fba
3f46bf74
3f953de7
3feebe92
3f893fe7
3fac45d8
3e62bf4a
be283ffb
3fee3e65
be873dcf
bee34017
bee63ea8
bf13bf15
beb64019
bf16be8f
402f3deb
3f883f86
3fa23f93
40354001
3c3d4033
bf023f99
4011bf2f
be8fbf34
40383fdb
3deebec1
3f34403a
402c4002
3fd2be49
4012402c
3eaf4029
bf5dbf68
bf5b3eeb
3fe53ec1
3ed53f07
bf173edb
3fd74027
3ed33ed2
3fc6400e
3faf3e9d
3fb83fc6
3fd1bf7d
bdcb4003
bf64402b
bf05400f
beb04020
bd1ebf25
bf053f0b
bd88bf7d
3f083dd7
3f9c3fac
40383edf
3fd13f0d
3fa5bebc
c5d8bf13
3f004030
3f653ff0
bf7ebf4c
40033f1c
4019bf7e
3f874028
bedb3f9e
bb5dba80
401bbf13
be523f61
3fe3400c
3f2c3fd5
40143f78
bf743dee
bf6c3fb2
3f38be33
3f17bf62
3f80402d
4005bd96
3e7a4015
3fc3402c
3f384035
bf133f41
3f88401e
403c3fdb
3dda3f57
3c3fbf63
40214025
3e2c3fc2
4005bf0c
3f7a4009
bf6fbe95
3e633f93
3f093f04
3fcc4009
bdf64006
3fe43e38
3fcdbe87
3ecd400f
3dc63f7b
402e3f8c
3f9c3fef
402d3e64
3e3abf3f
3e983ff0
bf5d3eb5
3ecdbf50
40393f9f
3ff945d8
400f3fd9
3fddbf04
bf11402a
3ee43fdc
be7a4039
40264002
3f473fba
bf25bf1a
402e3fcf
3eb03f44
be4bbf51
bf30bd6f
3dd8be33
4033bee5
bf72402f
4004401e
40323f93
4035400c
3e413fa9
3fc73fba
403a3f70
bf244040
3ffa403b
bf1f3f89
40273f13
3fb74016
3ff23ebf
3d1abc52
40383fbd
3f33beb1
4036beeb
401a4003
40034019
bf13bf34
3fc93f9f
3f153e27
3f4a3fdd
3f8a3ffb
bea3400a
3f89befa
3fbb403c
3f9f4009
4025401c
3fba401a
bf6f4010
3ea4bf00
3f91be06
c5d83fda
3ff54032
401f4037
3f72bf1f
40153f2c
40144012
3f6abe34
be4f3d43
40343f78
40133fb5
3e9e3d15
3feebe3c
be1d3fc4
3df83f1a
3ffa3f9c
3ef93f1a
beb3bf3f
4000bf7b
be443f16
40154004
bf59be3a
bee5beb6
3d1b3f84
3ed63fec
402e3f6d
40043f92
be564020
4039402a
3f613f8e
3fc04020
3eb23e94
3ff33f17
bf3d3f7a
40323ef6
3f563fb8
3f8f3fe6
3f1f3f85
4017bf6c
3f88401a
3e903fa6
3eadbeb2
3d86bf11
bf51401f
402f3f98
3fa3401b
402b4029
40394001
4037bf7a
40143fd5
3f8845d8
401c3fe5
400c3f6d
be98be8c
402bbd30
40333e47
3ea34035
40023e9c
bec63ff0
bebfbe85
3fe4403e
bedb400a
3d8bbf1d
3f683fd5
3fa43fd5
3f253eef
bf53401b
3f853fb6
3f433eb6
bf27beac
bf3a3fbe
3ffc3f4d
40253f9a
3ffebf53
3e7e3f22
bf19bd43
403b3dae
3fb73fb8
befd3d37
bf0e3ee2
3fefbf30
401b4013
3fc0be15
bdc9beca
bf123cd4
403cbdd5
bf2ebe94
3e2a3fcd
be234026
3ff23d36
40343fad
3d8f3fe7
40153ee9
3dc43ff1
401f3e71
bf4e3fa8
4033bec5
bd5c4004
c5d8403f
3fb74014
3f27403f
400e3fc9
40013f31
bf483ea7
3f4e3f86
3fcc401b
3f893f6e
be2d3f65
40054024
3fa33fe9
3f983efb
bf024002
3fb43fd5
3e67402d
401ebeb7
3ec03fb4
402abe1a
bf58bdd3
3faa3e39
bebe403d
bea13fb1
3fb03fb6
3fe84023
bf463f8f
bf5f3fe7
3faebf63
3f8f3f82
403f4004
be6f4031
bef23f94
3fbd4029
401e3ee9
3e504012
bcd8bf0c
400a3f45
bf193fd9
3ef83f42
3f8e3fe3
bf013ed8
bf304039
be6e3fc5
3f203fdc
3f67bf10
3ff04031
bf48402f
3f73401a
4016401a
400245d8
3f01be8a
4014bf78
3fbf4032
3fd83f95
bec6402e
3e533ffb
be0d4018
40024032
be6f3f38
402c3f1a
4019403d
bf2b3f4e
4035400c
bdea3e91
bdac3fb3
3f873fc8
3f954000
3fe23fdd
be713fa5
3fed3f9a
3d96bd74
bf57401d
3f3e3e33
3f663f94
bf79400b
beb9bebc
4011400c
bf66bf5d
3fbf3f86
be8e4000
402abe22
be763ee6
4017bec3
402e3fce
3f8d3ed4
bd293f1f
3fa33fa0
3e963f80
3f9c3fe8
bf61bf1d
be4ebee6
be0a4020
45d8bee0
bee23e3b
bedcbdd6
402e3e9f
401d3c17
bec63ed8
3f723f96
40283ffa
403f3fd6
bf67400b
3fe8403a
3e61403e
bf113ce8
bf5f3fb3
402a3ee8
bf0abf7e
402a3e11
3fdd3f95
3f884016
3fcd3e90
bf273ffb
3ff34028
3f8d403c
3f5cbf35
3fe63f43
bec53fc7
3fca402c
4010402a
400e3f4b
bd61401e
be893fd3
befc3fae
40163ffe
bd7c3f89
402d402f
3fcabf6b
3f9d4028
402f3e96
beee3fc7
bf193eb9
3f1e3fac
3fd14036
403f3f29
3fc4be43
3fb23fe5
3faf4038
bf0e3f0a
3fab3f9b
4004402b
4033c5d8
40254034
bd9d4039
bf4b3ed3
bef4bc30
bf713fd5
3e8cbebb
3f7e3fa9
3f9e3f61
3ec2403b
3f143ecb
be733fdb
3ff73ff2
bf3b400b
3f8abf5b
3fafbf44
3f98bf0e
bea53eae
3f8f402b
bee14035
3bdb3f32
3f983fdb
40343f77
3f463e8e
3fbbbed4
3f37402a
3fc23f9e
3fba3ffc
40253fee
3fa0beb6
3fcf3fa9
40183fe5
3e6dbf69
3ffe3fc1
40233f12
3fb34007
3f21bf65
3fed4029
bf6d3fd3
4031be18
40273fee
3e18bf4e
40273f2a
3f8d3fcb
bed34037
3fee401d
4026be79
400e3f5f
45d8bed4
be2a3cac
bf074019
bf3bbeba
3f8e3eb1
3fcb4018
bf0fbe64
3dff402e
3e124020
40173f06
bf10bf77
3f283eee
3f834036
bf63403e
3ce53ef2
40203f27
3f263f36
3e053dc0
3ee04015
3f3b3fc4
400f3f60
3f823f8d
40214025
402a3fb5
3f3d4000
3eb2bf00
3fb33edf
3f703dd8
4023bee5
3f9d3e23
40123e88
bf4c4034
402d4013
3f613eb2
bece4032
3fa43ff5
3e0a400e
40053fe8
bf5b4002
3e3b3ead
3faf3f0e
3f433f66
bf23403e
3f943ef5
4024bef6
3f983f50
40293fe0
402fbed3
3ff83fce
3b9ac5d8
40103e92
400ebe9f
3fee403d
3e2e3e77
3f6a3f34
bed2bf78
bf4b3fd1
40183ebd
3fefbefa
bf0cbf51
40023fbb
3fc13fea
3f583e54
bf0e4022
3f374007
3f5b3edc
bf363fb9
3f813fea
3f913fe1
3ff53fbb
40214011
3f6a3ea0
40173fde
3e50bf40
be00bf6b
3fd54027
bf4e3fcb
bf543f41
40113fcd
3eafbf5a
3fef401e
bf683eba
bec33f62
beb83f70
bf4d4013
3f53bf2a
402b4019
400e3f82
bf683fea
3f8f3e9f
40363f3e
40173f16
40043f47
40233f8b
3f083efb
40383fdb
3f1cbf65
45d83f81
bed6bf18
3f703eab
3eb6402b
401e4003
3fcd3e9b
3fe2403e
bcf7bedf
3e8e3dce
3ed83d16
3f974034
bf2ebf72
be983f7c
401d3fc5
3fcb4024
4018bebc
bebb3f7f
be0b3e19
3f9bbf1b
403a3f2c
be3a3fd8
bf4f4039
bee83fdf
3fb73fb3
3fbf3ca0
bf394027
3f364025
3f4bbf6f
3f1f3fa8
be89bf1f
40233fab
3fcbbf46
40033fcc
3f083faf
3eb93ffa
40193fbf
3f93be3f
3fc23f58
becebf3d
3e3e402b
3e393f89
402dbeae
402d3fc3
3fa53ffb
3f083fb3
40354014
bf453fe6
3f7a400a
bd9a4014
400ec5d8
bf0c400a
3e613fef
3ec4bf63
bf01bd2e
be8d4035
3f7cbf71
bf2f400e
3fbe4011
bf073fd1
3f2c403d
bf3b3fed
4024bf53
3fbfbec9
403d3ff9
40203f54
3c923f41
3eeb3f2f
3f2fbc33
bf3ebf7c
be5e402c
3ff4be65
be53403f
3f96403d
be704030
3f773f0d
be10bf68
3f24bf6f
40063f9a
3f0bbef8
3ffb4035
3fd24023
bebdbe8f
40384031
be6abf04
bf0b3f69
bc4a3fee
3f10be03
40333f7e
3faf402a
3eb7be80
3ff04001
3fb73fd1
bed93f13
3f7d403a
3ff63e86
bf134024
3c24bdcd
45d83f9d
be0dbdda
3f3ebeaf
3ff53f95
3fc03f81
3f69402e
400a3e77
beb63f1a
403d400b
bf773fdd
becf3f28
3f5c3efb
4025beb7
3fdc3fd1
bf36bf00
be904035
bf0c3f30
bf293ee0
403b4016
3fb7402a
3f353fe0
3fc4403b
bc9e3f97
3fbf3ea0
4036bd22
3fad3f0d
4018bf7c
3fcd3f6c
3f173f45
bd0cbf1f
40224028
40163ff5
bf00be27
3f693ff2
3e413fc8
3ff1be5b
3f963fe6
40183fab
40244015
bf203f90
403c402d
3d0d3fc2
3f294025
3f863fd2
3f754035
bf43402a
3ff94000
40163e24
3f0abf30
3ea9c5d8
3f8ebf47
400f4027
40163f31
3fef402e
3e9cbf24
3e1dbf6d
3d9f4030
403f3e4b
3fc0bf5b
be1fbe89
400d3fd4
3fb8400c
3e123e52
40273ffa
40374005
40373fc6
4037bf12
3ea23fb3
3e92bdf3
bea93bd1
bf74402f
3ea54009
3f29be98
3f18bebd
40343ee8
bec1bc76
3f2f3fe5
403d403f
bf5a403e
403c4029
3ef53ffc
be91402d
3fc43fc9
be9b3fca
3f023ff1
3faf4005
40113f97
bf303ffe
3f8bbf0c
bf2f3fa1
3ff74039
4038403a
bf153fdd
3e674026
be22400c
40173ff0
3fb83fca
45d83fd1
3f93403e
3f02bf7f
400e4033
40254002
bf6d3efb
401b3f94
bd8bbf33
3d303f7e
be0b3fbf
3fb63fc3
3ff7bf0c
403b403d
3fdb4031
bf7f4001
bea1bf50
3f3c3e68
3fc03f9d
bf403f2e
4038403f
3f26bf1b
bf34403c
3fab4011
3ffc3f07
3e0d3f3b
3f223f94
3faabe21
3f97403f
3f64bf69
3f914037
3e8a4018
3fb93eed
4016be97
402e3f98
3e323eb5
3ee5bf2c
3efa3fd6
3ff23e5a
3ff64039
40183f35
3d5c402b
401abf42
3f3b4033
3f823ee3
bf2bbf18
be0fbef1
3faf3fd8
bdf0bf6d
3f5f3e65
3fe5c5d8
3fc54022
40403ee7
beba4011
3fcbbf22
3f5a3f07
40383f9b
40073ff4
40163fd2
3fa73ff6
40383fba
bf3b3f1e
3fe93f27
3ff5bf3d
3ea3403c
3dc23fc9
403d3fac
befa3f6d
3f81bf5d
bf6bbdb1
3e63400c
401f3eef
3fed400e
3e423ee9
bf38400e
3faf3e92
bf153e6e
3fc0be51
bd76403f
be243d92
3fd03fce
bf69bf24
be363f99
403e3fa6
40393fc3
3ff8be07
3e293f1f
3f5d3f3a
40013fa6
bf5a3d1c
3f393fd7
3f144025
be50bf48
3f98bf2a
40124009
bf3e3ff2
3fd73f97
4000403f
befe3f26
3f35bee6
4034400b
4027402a
3e70bf17
40344038
3fb83e6f
be51bf11
3f8e4039
bf0f4037
3c323f0f
be593feb
be82402b
40313ee8
3e9e4030
3f933df0
3fd73ff3
3fc83fb8
3e833fb3
3f35bef7
3f3f3fa1
3e943ce6
3ee53fb1
3f833e27
3fd3bf6e
4040bf0f
3fd03fea
bf0dbf65
3f163faf
3f12beb5
3fe53fba
3cfd4005
4016403f
3f923fd6
bf283f60
bdccbf74
40203bb8
3f61be97
3ffd3fd6
3f93403b
bf733ea6
bde6bf28
3fee4003
40014039
401b45d8
3f06beea
3fc53fff
be273f79
3ed33f6f
40263efd
3fa04036
3feb3f17
3fcbbf10
402e400d
bc873f8a
3fad3ef0
401a3fdc
3f524033
bf3c3fe2
3ff44032
3d623ff1
3f02bd33
3ff43fa5
3f543f37
3f55beed
3cb03fa8
4033bf64
bf683fc4
40263fa1
4024400a
4022bede
3fc03f3f
3fafbe52
bf413f0c
3fa03fa8
3f7b3fb7
3dea3f4a
bf40bf60
3fba4031
40303f72
bea93e9b
402f403d
3f553f0a
bcc9be6c
3e933fa5
4023beca
beb83f5e
3fb13d86
bf5a401a
3de63fa9
3f463f7a
3d8cbf2b
c5d8402a
bf17bed9
3fbe3fa3
3fa7bf64
3fe84006
3f81bf3d
bee4bf7c
403f3f9b
40203fd4
3f473fc9
bf21402c
bf0fbedf
bea33fdb
3fee3f96
bd293f75
3f2f4021
3f0b3f83
bf664018
bf49bda9
3f2b3e9c
4006bd8b
3febbf75
3eeabf63
3f8ebf61
3f9a4001
4012be25
bf1a3fb6
3f703f1d
3fa74031
3fe7bd41
be5d3f85
3e0c3ee2
3ecfbf27
403b3f3e
3fca3f86
3f283e96
3fa0bf1b
40263f3f
be154010
3f943fd9
3f834013
3fdf3ed2
3ef53e9a
40013ff3
3fb33fa0
3f9dbf2b
bf33402e
bdd53f2e
3f923ffc
3fb845d8
4019401a
401a3ff3
4010bee9
3fce3fbf
40004005
3fd4bf25
3fa2bf41
3fdabf5b
3e943f84
3fb23fc6
402fbeaf
40193f1e
3f933f4f
bf5d402a
bf57bea4
401cbe9f
3f3f403e
bf6c401e
3f793f8f
402ebf6f
bf2a3f95
3f1a403c
3fa5be4f
4017bf5c
3f4f3fac
bf2bbe24
bf4f3fdc
bedb3fd5
40033ea9
3f2c3ee3
bf5d3f0c
3d5cbe75
bf673e31
be8e3ff4
bf383f98
4014bf36
40313e26
4022bf58
40344020
3f723e4d
3e3fbecc
3fbfbda7
bef34001
400d3fd3
bf723fb1
3f7f401e
bdb9400e
c5d83fac
3e363fda
bf22403a
3f1f3f87
bf5e3f59
3ff6400b
3d2fbed0
bf75bf5e
3f913f55
40223d9e
401e3faa
3fe73f89
4020401b
401a3f51
40043e66
beac3fed
beb33ee1
4023bf32
3e924021
400cbd44
3eb34034
40054037
3f34bf13
40073e11
be95bf2e
bee34028
4020bf55
40143f98
40273fb6
402b4035
400a3f4c
40253f71
40323fc9
bf3d3e75
3f233f83
401a3f6a
3f413f2d
3fcc400b
3fecbf5c
3ec63f2c
3fe7403c
40333f47
40003def
beda3f82
3ffe3fdf
3fc83f9d
be0b3f8f
3fc23fe1
402f3edb
3f4845d8
3ef2bf13
3e783fc9
bf5d4030
3f233fbc
bf093f5a
3ffa3f7c
bec93fd1
bf59beaa
3e553f47
3fdb4021
3fdb3f8a
40393f4e
3e993fdc
bee13f40
40233eb8
3ffb3fe6
3e274018
40153f30
3e4a401b
be383f2e
bdbf3f9c
bf363e8b
bec24005
3fc63e29
4011400e
40273fa8
3fd63e7b
3f8dbf1a
40103fe6
be673e84
40153f18
3ef83fb2
3fdcbef4
bf5b3fb8
3f473fa5
bec4bf33
3fb33f19
3f883ffb
3fd03ed1
3f95bf61
be283d86
40163f20
3ca93f8e
3f853fc9
3e96402b
3ede3ee2
40383fdf
c5d8be86
3f484012
3dd5400e
3f8f3fea
bf353f3a
3f113f79
3f13be4e
bf633fde
bee93faa
3ed93ffd
3fd14022
3e81bdce
3fbf3f20
3f563eb2
401d3de8
40283e8b
403b3f36
3fa54022
3f643ed0
3fae3f0f
3dc43e7c
40113f0b
3fe6bef6
3e393ed6
4031bf3e
3ef14029
401dbe08
3ef4bf16
bf2e3f8d
4024bf2c
3f57402d
3fca4021
4034be8c
bf54bdca
bd44becb
be30403f
402b3ef1
bf4c3e90
401a4035
3fc9bd30
3e7a4003
3f4d4026
40303f98
4015bf54
3fcabea7
3f80be9c
be2b3e0a
4004bf36
3f673e55
3e1745d8
40323fa1
3f913eab
3f594032
3ffa3fcc
3db93ffe
3ce9403e
bf674032
be8c3fb2
3f3c4027
3f343fce
3ff7402e
4040402c
bf6a4029
3e2ebf77
40333f29
403dbec9
3f9bbf63
bf074031
40133ed9
3e714019
40023d2c
40124034
403b4031
3e193ed1
3fc63fe0
40063f1c
bf053fe4
3efc3fcf
3f9a3fda
40233fc2
40323e46
401abeb6
40044013
4029400a
3f723f71
403c3fea
3f62401a
3ec74040
40023f08
4037400e
401c3f76
3f6a3f94
4005be1a
bec13fbc
4030be16
3ffe402e
be134006
c5d84016
3fde4015
bf24bf6f
40263fa4
400abf0a
bf563efd
be073ee2
bec1bdae
bf5a3e4b
3fab3ffa
40223ff7
3f9e3dfd
bf443fb4
3eaabe79
bf13401f
3f353f16
40123d14
3e8a3f94
3fa73f96
3f88beea
4025beb6
be6fbe27
be723e2e
40063fe7
3ed1bf22
401a4031
40164005
3f71befe
40364025
bf66400e
3f80bf5c
403b401e
3e66402e
3eeb3ec6
bed93f57
3f7cbf44
be853fa8
3d593f86
bdad403c
beba3ffe
bf1a3f9c
bf74bf3d
3fd83d84
be59bd54
3fc23ed8
3e083fe2
3f594030
bd503ec8
3e6cbf4f
bf1045d8
3e57be6d
403a4011
3f7b3f3d
4012bf0d
3f3a3f72
3f6f3f83
403e3f44
bee13f85
3fc5bc4c
3e343e2d
4024be5a
bf7b400b
bf093fc4
3f874014
3ee73fb9
be18be3b
3e233f10
bea73c07
3f1c3fcc
bf04402f
3f2c3e6a
3ec04009
3f9e4015
400c3fc7
4036402a
4038bd0d
bf633d8e
3f294007
3fce3fc9
40323ebf
4013bacf
bdf63faa
bf2fbf5f
3f743fc3
3d94402a
3f2bbd2f
402cbe4e
3f533e92
be0d3f49
3f8c4034
40334033
3d3c3fd9
bf2cbf6d
3ff93ef8
3fb93f8a
3fd03fbd
3fb73f1b
c5d83f21
3fbabed3
3f0e3fae
3f1a4022
bef63eca
400a3fda
3fe7be87
bf7f3ff3
3fcd3fa8
3fdcbe71
3f84402c
3fe23fdc
40333f83
bef3bf64
3f9c401b
3ffb3fd3
3f744026
3f8d4006
3f763f8c
3f073fcc
bef73f9c
beafbe87
bf74bf31
3ddf3f60
3f80be03
bf663e55
bf264021
40233f7f
3f863f1a
40363fc8
3fd33e1d
3f6f4019
40353fa1
3f81402b
3e6abf25
3ee53fa0
3f403fd5
3f273f80
3f4fbf6a
3e6d4014
4031bf3f
403d3fc8
4030bf78
bf073ebb
403ec5d8
3fd3bec7
3fec3fd0
3fc6402f
bdc7bf21
3fae3fa5
3f4bbef1
40393f88
3f4f4010
3ffd3f2a
400abdc5
3f6c3e06
be993e96
bf5e3fe1
3fb24011
40114026
4024403a
3fcb3fa7
bee5bef3
403e4009
3f9a3fb6
3f59bd20
3f224039
3f5a3d8c
3e264018
bdc8bf7f
3f54bead
40133cef
be2d400e
3f193e80
bf303fd8
40193f90
3f1a3e8c
bf593f87
3f963e9d
3e444004
3f514018
3ec8be58
401fbd34
3e4d3fc9
4018be4e
bef6401a
3dccbf24
bef03fc0
3ff73e8d
3f26401a
403d4019
3f8c3ffb
45d83ff8
3f933fff
3f2fbf48
befc3dfc
3e8f3f74
bed54023
3ff7401e
40304016
be593fd8
3fbe3f74
bca6bd46
3ddb3f61
3f9b3f18
3efc3ffc
3f8e3f95
3ff54039
40353f4f
3eaa403e
3dbfbec7
3f1ebf65
3f0e3fb5
3e9cbdd2
3f463fa5
3d234030
400cbecc
bf183e98
401a3f68
40273e42
400f403c
3f31be07
3ffb4021
bf3f400e
bf43bf29
bd19bba7
bf483f4d
3f134029
3f824039
403cbf15
40363ff0
bcd0403a
3fad3f7b
3f36401c
3f8f3f4b
4027402d
bf743fa1
3f014022
3fc73f8c
be2f3e96
be873e8e
3fb5c5d8
40194007
3f91403b
3f863ffa
3fbf3fbb
3f7cbf52
3fb33eaa
403cbf6c
402c3e98
3f76bd8b
3f523fb9
3dea4010
3fc44028
bf6ebf7b
3efb3ffb
bec4beba
bf723fb4
4003403d
bf0dbefb
40333f2b
3f1e4035
3f53bd64
3f49bf04
3f123fb4
bdc6401d
3f813f4a
40313fb9
3e9e4023
becb4029
3f3e3fdf
3f66bf7a
3dafbf29
be58be05
bdc5401d
40144034
bf1a3d5e
4022bf05
3fd53f5b
be683f80
403a3fbd
bdb6403a
40323eac
3dd3401d
3fea4032
3fd73fc1
beb1bf2b
4005401c
beb04037
45d8403a
be9d3fbe
400b3f73
3f4d3e98
3e8dbf4e
bd923dc7
400b3fdd
3f40be1a
3fe53ff2
be023f5c
bf7b3e28
3f91402a
401d3f2e
40393fb8
bf12bf04
3f3b4026
3edf3fd9
3f9d3e8b
40034007
40333fe8
40043ec3
3fee3fc3
3ff63fc8
40403f12
3fb13e24
3e9ebf4b
3f4c400c
3e433ee2
3eac3ec0
3f10401a
3f84bf64
3f2b402c
bdfa4009
3eb2be0c
3e3a3fb3
3f323f6a
40013ff5
3fde3fce
3fcabeaa
bf693e94
beb4bf5e
bf07401e
40094032
3fb7bd57
3fcf4021
3f833fc1
4007be21
3ff23d84
4011bf55
3fbbc5d8
3e574035
3e734010
3fa14011
bf13be93
400b3f15
401dbed4
3fc6bee8
3f973c8e
3e6b3fd8
401cbf5f
3f8a403f
400a3f32
40293ef3
3d48bf12
bf4bbf41
bf1dbc2a
3e14bf2f
bf163f1e
bea63faf
40394031
40084007
3f9e3e55
3f6fbebd
3ec23dbb
3d123ff1
3fd53f22
bf3d3d8a
3fd04034
3f89bf5d
bc8f3f18
be713faf
3fd44025
402f3f69
bf2e3f35
3f453f99
40023ecd
bf5bbdf6
40203f5a
bd7fbf1b
3e6c3f4e
bf233f70
bf483ff1
bea9be56
3e71bf7e
3faf3fd3
3fbfbf2a
3f75bee9
45d83fb2
3ef14031
3f423ff2
403fbf56
403fbdf4
bf05bf32
3f894038
be9f3f9f
400e3fa0
befe4021
400c4012
3d74be4c
bf483fc9
bc573e7b
3d33beb4
bf06402e
400dbf4e
3fe94037
402f3daf
3fcd4033
bd03bf39
4035bf17
3fa73f49
3fffbf0a
3fc43f58
3efb4035
3f91bf73
3f663fcf
3f913fc4
3fda3f58
3f783ff1
3e32bd8a
3fcf3f81
4014be86
3f833fd2
3fd4be9d
3f213cb3
3f673f26
3f804028
3f3b4006
3fb1bea4
3fe2bf62
bf6e4030
40203fbd
bf1e400d
40243fdf
3fd03fcf
3f6bbf16
401f4013
bf3dc5d8
40043f86
befb3fe8
402e4029
3e284007
40103fc7
3f64403f
3e13beea
401a4016
bf4dbe92
3edd4000
40313f97
3e6c402b
bedc4039
beff3f64
3f76bf24
401b4029
3f833e29
3d523fb7
3f513e6c
401f3ee3
3fa1bf3f
3f673fd9
40364029
bf713f95
3ed53ecb
bf5f4035
4031400c
bd9dbf59
3ffebe96
be9a4039
bf563e25
3ff53fd4
4021bf53
400dbf02
bf02bb62
be9a3f54
bd63402c
bf3d3fa0
402bbf72
3f5cbf7a
3ffbbe1f
40254034
bf2e403c
3ffa4014
3f9c3e42
bf713f7f
3ef0beb0
45d8bf5a
3eaf3fa0
3ecd4014
40173f02
3fb3bf1b
4021bf30
bf3c400d
403c3fae
bec03fa2
be13400f
4028bec7
be78bf12
3f57bd63
bf67402b
3e8b4025
4040401a
3f353de9
bd034016
3f1a3f43
3fe13e90
3ef44004
3ffb3f89
3ff9400c
402d400d
40073f19
bf2d3eb9
4015bf52
403d4029
3fb4400c
3ba13ff4
bf663e97
bf083f2a
bf794036
401d3fe3
403b4020
3e55bd92
bee33f99
bf1c4016
3f26bed7
40253e5a
3ef73ff7
3f883fa3
3f203f74
401e3fdc
403abf1f
3cf93f98
3e8f3f8a
40203fa4
3f654013
3f5ac5d8
be44bdfc
3f673fa6
4022402b
40233fc2
40013f67
bf1f3f8b
3f843f3f
3e03402c
bf6c3ecd
be0f3ff6
4003bf1a
3ffd401b
3ec73ee3
bf613f9c
beb5bf34
3ffb3f49
3fb5bf2e
3fc14032
3f71be6a
bf803fdd
4036403a
4001400b
40203fa1
3ff13fae
3f0dbef7
bed5402c
401d3fe8
40363f0e
40273dc9
3fda400a
3f153f83
4007be52
3f033f97
be5f3fd7
3e5e3d82
40363f3c
3edfbf13
4007bea4
be8b3f59
4009402c
3f954028
3fa33f87
3ee8becd
bf093e42
bf654017
40224015
3fe44023
45d83f37
3fce4032
3fa1bf76
3f3a3fb2
40213f05
3f88beb8
3e0a3f8c
40143f68
3e133ee7
3f7d3e49
3f903ff5
401c3fca
3feb3fc5
3fc4be13
401e4030
3fbbbecd
be364005
3f5ebf43
bf363ee0
4014bf22
bf784040
3f78bee3
40353f42
3fcb4016
3f143f66
3fcf4034
bf483efd
bee63fca
3ff63f61
3f9f4022
3ec6be6c
402ebee7
4001bf7a
3fcbbded
be0fbf74
3e9a3f38
beb64014
3ca33d05
40314034
bf2b3fd8
40244003
40324025
40093ff7
3f68bf2f
3f1dbe74
4006bf4d
3ebc3f3f
3ff6bf27
3fab4003
3f98c5d8
3f823f52
be88beb3
401d4020
3fcabd8d
bf42400c
3cbebf4a
3f053f14
403abe17
3fee3e55
3f5ebe8e
3ff9becc
3f30bd2e
402cbd1b
3e114016
40273fc8
40164025
3ecf3f25
bf143d55
bf093f8f
3ff93fc4
bf04401a
3fd1403c
3f933ee2
bf453d43
bd9e3f99
401bbf78
3e85402b
3efe3e2e
3f0c403f
3f2f3ea3
403a3fe2
3fae4014
40303fd8
3f013dde
3fa43ff4
bdd2be9e
3fec3fa1
3f2c3ee9
bc883fc7
3f11beeb
3fb03f5b
4001be00
c5d83f40
3f774040
40263f74
3f164019
3f3abecf
40094035
3f9f400e
401a3ea2
3f213fe6
3f6bbd39
3fe8bf48
be454025
40143e5e
3f1e3ee0
3ff33f95
3e884008
bf294010
3eef403c
3f75400a
40033fea
bf24bee0
40313f43
3fab3fd3
bd964029
bef93f64
3fba3db8
bf4d403d
3fba4037
bf2bbf16
3f603efa
40083f4b
4000beea
beae3fb8
3ff3be5b
bf163f38
402cbe95
3fd3bf3d
3fcb4001
bf713fc6
3fd8400e
3f3e3fbf
be1f402a
3feabf03
4004bea2
3ffd4010
402b402a
3f0a3fcd
400b4038
3f5e3ed9
bf4b45d8
bede4029
40193fcc
3fbb4034
4021401b
3e7e3e88
3f4fbf47
40253f79
40314036
402c3f4a
4039bf60
3f41bf7b
40144022
4003be9b
3f98bf76
3f9abddf
be993f5d
3f0d3f09
bf504015
400c3fbe
3f253f2d
3faa4018
3fe54017
be823fed
3f2c3f56
3f13be3a
3ea13e9a
40334039
3e143fc2
3ff53f4c
40333fc2
bef63e39
3fb13ff2
40103fbe
3fef4007
400cbf03
bf65bf65
bf293e94
4009bedc
3f8c3fff
3f803f9c
bf1d4040
40063f9c
403e3ed1
3faf401f
beaf3f96
3f014004
3fa83f09
c5d8bf20
3f9d3fb1
403b3f33
3f8ebf1a
bf52bee1
40233f9d
3f64bebb
40183feb
3e294002
3f3fbf10
40023eef
402d3f43
403fbf6e
40233ee1
3fb9bf61
3f8c4000
40233fba
3fa0bedc
3f813fe9
40244016
3ea23fc8
bd28bd75
3f3fbf76
bdcd401a
3fdbbe52
40123fd2
3f883ff8
401f3fbe
4028bec2
3fa2bf40
4023bf2d
3feb401e
3ffa3f1d
3fac4015
be434004
40344025
3fda3fc0
bf41becd
40234004
3e8fbe64
3d0b3fdd
3f6b4022
3fbd3ea6
402c4017
3f88bee5
40333fc3
3df54018
3eda4032
beffbf7b
3fae45d8
bf38400b
400f401a
3fd93e22
3e56bf65
3ebb3e9b
4003bf34
bec33fea
3f42bf0f
3ded403f
3f9b4007
3f934037
bec1402d
3f343f7e
3f3bbef7
3f033e88
3fa03fe0
3fb13ff0
40363fd2
bf514026
3d173fdd
3fccbe27
3fc34032
bd903ffc
4011be73
3f8a400f
3f09401b
400a3ff8
be954022
3ef74000
beb13ff1
3e193fd8
3fae4016
3f344038
40333e92
3fb6bd0f
3f733fc4
40053f6a
4003400b
bef24006
3ecb3e55
3dac3f4b
3dd63f86
3fd83fee
bbb03faf
bef84001
400f3f36
3f3d3faa
c5d83fa1
401b3fc5
4035401f
3fc6401c
bf1e4029
3eea4012
40103f45
bf38bf61
40373f9f
bed3401e
4002be60
bec13f56
40083ede
3f7dbf6d
3b64bee0
40253d9d
3ec3bf56
3f9c3fd0
3f624010
40374030
4009beee
40254019
3efb401f
40343edd
400e403a
40283e36
3f2f3e95
3c183f70
3fd83e8d
4025bedb
4020bf73
3fe23f6f
4033401f
40344025
becdbf46
3fa4bf22
bed7402c
40034028
3fb4400a
3ffbbec1
3e473ff1
befb4001
3f54bf31
bd0b3f3e
3f3a3d2c
3db3bf12
3f263fb9
3fdb4038
bf3b3fb9
3f9a45d8
3f054033
403e3f6f
3f9f402a
3de33faa
3f034037
402b3eee
3f6d4015
3eb14030
3e9ebe82
3ffc400c
3fcc3d8e
403fbf53
bf303fc0
3ee24014
bcffbe89
401e3ed5
bf404000
bf323fc7
4009bedf
40043e18
3cccbf38
400a3faa
3fa33f43
bbdd3f72
40213f72
3fe0be9b
3f413f13
401e4011
3eb94001
4002bf54
3f093f5b
3ffc4006
400f3ea7
3fb63ed9
bdff3f9e
3fd5bf24
bf0cbf45
3fc53e80
bd35bf03
3f5a3fc2
bf0f3e6d
3fb14010
403d3f07
40123f0c
402e3ff6
3f4e3f99
be873f4a
c5d83f19
403fbe10
40194012
3f83bed7
40373f29
bda14013
4036beda
bf183f8b
3eb63faf
bf193e8a
be843f1a
3fbf3f01
40043f9a
3f9abf2a
bf754037
be543fa8
3fd54029
3fed3fab
bf074022
3f1f4032
bf21bf62
3ec3bf37
40053fc3
3f0c3e4a
3eb13f0b
3f0fbf62
3eca3f85
40323f1c
bf433f90
3fdfbe0c
3ee03f3e
3f9a402b
3f59bf49
bf0c3f9c
3e28bf0b
3fc33f02
bf553fa1
3fd03fa1
3fda402b
3fed3fd0
bf47403d
3eec3fb2
3f8f3f30
befc3fb1
3de2bf01
3f0f3f2e
40393fcb
3e673fa9
3fe63f34
bf6345d8
4031bf33
bf453fe3
4018bd8f
3f924020
4023401c
3fda3f29
3f424037
4000beca
bea3400d
bf1c3cee
3f0ebef6
3f8cbdfa
bd254006
be75bf48
3faabeba
bf4dbf6b
3f753fa8
40053f20
bf1dbe69
3f203f75
3f963eac
403e4040
40283fb4
bf1fbe19
bf30bf3f
3fbcbf5a
40083f75
3fa5bed0
40383fbd
3ff93f4c
40053f65
4000bee1
beee3f50
3f963ff8
3dc2bf77
3fa93e19
40384007
bf644020
4007beb1
3e304004
3b57403e
bf71bed1
3fc34014
3ea43ef8
3fca3f85
40053f36
3f32401f
c5d8bf47
3fc7beb4
3fa3402e
3fa43f6f
bb933fc0
bf164004
be8abdb5
403a400f
402bbf3d
be8d401c
3eea4008
3f254011
3f333f10
3fdd400a
be613fd7
3ffa3f9a
3ffa3fc4
3f94402c
3fce3fa9
402e3fd0
3ed83fdd
40223f10
3f993f30
3fa2bf34
bf2d3f77
4001beda
3fb63ec2
3fa73f85
4024bd97
3e35400f
3e723f98
40013f68
40024005
bea83f10
be7bbf1e
bf7d3fbf
bf26400d
3eae3edd
402cbebc
40363fdf
bd3d3e97
3f16bf18
bedbbcaf
3fc94006
3f3c3fbc
3f2f3e2e
401c4018
3f93bd5b
4013400a
403f45d8
bf233ff9
3fca3ed3
becc3fc8
3f053f29
3dff4038
3f1b3f3e
3fb63f03
bf0b3fce
3f7a3f7c
3f1abf2a
3e0b3fb1
3fef3fd2
3e99bf19
3e1bbf4d
40274013
3f824038
401a3ea1
bef43e60
4038403d
3cd6bf2f
3f4b3fda
3cacbe7f
3fcc4024
3ed0402c
3fb23f37
4025beca
bc46be4d
40083f97
3f813f44
3fb33f20
3f833eaf
40393eb4
40283e69
3f763e7c
403b4009
40313d99
beef3dbd
3e03befc
3ea43f32
bf04bdba
3f653f95
3f884012
401f3f97
4002402b
3ee6400b
3f7c3f5f
3fd83f1b
bf383fcf
400dbf07
bf6b4006
3f31be18
403a401c
bee7400e
3eb43f9c
be3c400f
bf103f92
3f043f88
bf3d4032
3ff5403e
3f0c3f2d
bf00bf48
bf37beba
bf5b3fcb
40393fcc
be843f4e
3eaa3fbd
bf7a3ec4
3f1c3fb1
4031bf79
3fec3fe1
3fb33f1b
40294020
bf253fa0
40333fbd
3fc3bf44
3f1f401c
3f673fb6
bf144014
400f3f9b
40053eb7
3f743ee8
3fd6bf3d
3f4e3db2
3fd04038
3de5be8e
be033ff6
401e3fb8
be72bf51
3f17bc95
bc103f45
3f4abf0d
4024c5d8
3f403f85
3fd43f92
3d8bbf72
3f9a3f8e
3ea73f77
40253f7f
3fccbef2
3fe44008
be2bbe6b
4016bece
bee13fc1
bef0402f
3ec83fab
4011bf5b
40363f49
be24beea
40193fbc
3ff24000
3fe93e60
3f4e3eb6
3f663edd
bf614027
40173eb6
3fdb4004
bea1be4b
3fab3b72
3f6d3f37
be3a3f04
bf453fa6
3ff43fdd
40014010
3fe94025
40043d91
bf5cbe25
40213f9e
3d60be1a
bf19400b
bebcbf5a
be9ebf3e
bf153eea
3fbd4025
401fbf5c
3f793fed
bcab3f06
bf6d3e2a
40333df8
bd4e3fc8
45d83fee
4020bebc
bef74007
3f1c4038
3ea53f64
3ffabda4
4034bf4d
3ff73e29
bed53eba
bf383fe7
3fa73fe5
3ed63f5b
403f3dd8
3f48bf5c
3d823f6d
3f8bbed5
4034bf73
3fd4bf5d
3ffc3ec3
3fa9bf54
3e074035
3f944010
bed43e3b
bd3ebe4b
3fa0bf3a
40173fc2
bf463f4e
3e8c4008
3f3d4008
3fe73ebf
4003bf36
40023e73
3f503f88
3e9f4012
bee8bf16
3f924017
be8abf7a
3fcd3e8a
3f66be60
3fb64005
40223f50
40113fdf
3f9cbecd
3fa9402e
3f863f32
be514033
3f983f4a
3ecfbd42
3fbd4008
401ec5d8
3fbc3f74
bf6e4020
3e174016
bf00beb0
bf78bf65
3f44bea1
3fed400f
3ec8400a
3f433f16
40303e24
4028be8b
40013fa6
be3b3cca
3fbf401c
bf014034
400cbf08
bf4b3fef
3f89bf65
3d1d3fc0
3d944006
3ff8be71
3f9f3f59
3fd8bef7
40163f25
40293fcc
3f6ebea7
40284024
3fb73f95
40293ee6
3f3b3e83
3ed43d5b
3fa23fba
3fd83d8e
be88beb1
3f7e3ff2
3fd93f8b
3d873f8e
beef3fcd
3fb63f26
bf5abdcf
3f694024
bf323f22
bf383f1f
bf443ffd
3fff3f3a
3f8c3f0f
3e48bf15
45d8be94
3ff0be40
401e3f2a
bf3dbf6d
3e223f87
bf1b3fbd
be28401d
4011bed6
3fab4027
3f103fb8
3fd33df9
3f003ea4
4025bee5
bd67bf48
3eff3f0e
bf533fc3
402c3f5b
3fcbbeb1
3fc64025
3ce83d08
40234023
40023f89
bf62bee8
bf6bbeff
befe401f
401f4006
3f174003
4011beff
bf423d48
3dc33e0a
3d09402f
3fd5bd8d
40393fac
3f893f39
beab3fac
bf0c401d
be793f71
40073e9b
40343ff3
bf674010
402e3f88
3fee3fd9
bf7c402d
bee23fa5
3fcd3f83
bebe3f8a
3e933f69
3fcebe02
bf56bf3f
bf46c5d8
40273f19
3f65401d
3f8e4017
bf203f6b
3f614015
bf67bf00
401e4019
401e3fd4
402ebf80
3f6f4016
3ed94024
bc203fa5
bf7bbf42
3f8f3e5d
3fd13ead
3f194005
3f05400d
3fe5403f
4002bf3a
3ed84022
3f564027
3fec3feb
bf703fdd
3ec3bf1b
bf093ee7
bf62be20
3fcbbd61
3fb84039
3f49bf66
bf1e3f6f
3f3a4036
bf7f3fdf
3fc4bf54
40143ec1
3c91403c
4017beaa
4006401d
3fd93f15
4031bf2c
3eb34002
bf443f26
3f15bf71
3f5f4038
3f634001
beed3fd9
bf283f7d
3f94bc04
45d8bf1a
3f90bdaf
3d833f75
3fe23d77
be6c3fc2
40223fd6
bf5c4008
3fb54026
be96bf01
3e9bbf74
4001becb
3fd43f1e
3f40bf6c
bf67bf29
400c403e
bf6fbb73
3ebfbe5d
400c3ffd
4034402d
3f193e37
400fbf29
4024bef3
3e853ea2
3fe43f13
bf5d3f05
3fc83ff0
bdd5bcbb
bf453fcf
3fc13f9b
3fa23fde
be0f3f7d
3ff9bec1
3f293f48
3feb3e95
3fbfbf50
3f3f3c14
3fd63dfd
3f6dbd24
4034bed2
3f8a3ff0
3fde3f7f
3d833fbc
3fbcbf56
3fc53f08
3ea6bf34
bf7a4027
3f823fca
3fdc4031
bce63e88
3f7cc5d8
bec93f8b
3ef64007
40063fcb
40033fce
3f173f50
3fb93f81
3f6bbf58
3e864009
3e78bd82
3f9b402c
bf6b3ff5
be693fd2
bf56bf24
3f06bed9
bf093f72
beca4017
3fc1be0e
3e143f21
400f3fe0
40223f88
3e9e4002
3fa53f36
bf4bbea9
401c3fe1
400e3fa7
3f1b3fe5
be893c84
bc8f3fc0
3d1d400f
40273f06
beca3f59
bf773f24
bf4e4003
400c4011
3f23bf74
3de73f9b
3fa34013
3f8a4007
3e8a3ff6
3fa03ecb
3f983ffa
bf75bcd1
4016bf3f
bd4b3e0a
3f5e3e9a
3fd83f85
beae3ed1
45d83eb9
3fe7befb
3fa23f04
3f56403e
be453f9d
3e903e1e
4029403e
3ffc3f5d
3fdb4036
bf2cbef8
40274035
bf784015
beab4032
4012bf1b
3ea23eb6
bcc9be54
401e3eae
bf603d45
403e3ed9
403d3f97
3f4d3fe0
bf663f93
3fa73fdd
40273f9e
3e183fcd
bf6d3fa4
3faa3fd2
40303e80
40183f2c
3c744002
3e783f94
bf6b401e
3fa53f92
3ff7bf2d
3fe03e81
3f0f4001
3fc03ee0
be9f3fb5
3ff5bf22
3e923f82
40363faa
3fb83f34
be0c3fa8
401ebf4a
3f8f3f87
bd0b4035
3efc3f78
bf3ebe6e
3fde3dd0
bf08c5d8
403cbf43
401c3ffb
be6abed8
3d923fde
40013f9d
bf443f4f
3e983f38
3fba4003
bf283fae
bf144011
40333e82
3f8a4029
be9d3fcf
40383f0a
40393ed0
bf473ff9
bf353f6f
40053f91
3d413dc4
bdc53fc3
40123ea3
3ff53f7b
3ebd3fbd
3f97402e
bf083fbe
3ff73f96
40193fb5
401f3fbd
4003bec1
40313f18
bec64038
3e05bea4
3e7e3f50
40123e5f
3e683fc1
3f174030
403ebf22
400b4003
3f933f63
beaebf26
400a3f92
3f1d4021
3f5abf57
3e4f4039
4036be6a
4025bf0a
bf404027
45d83f0d
3ee0bf6b
3e923f18
400f3f91
3fb03fe8
403d403b
3fdb4005
403c3fd8
bf7d4004
3fe23f96
3f9d3efb
40154003
401d3f98
4010bef5
40313ed1
bf653ff9
be7fbf14
3f0ebe93
3c9e3ffb
bf403fdf
bf20be92
bf16403e
3f4dbf38
40043f41
3fd8bf5f
3de53f4d
bf57be95
bf62bf13
3f473e90
bece403c
401c3f4d
3ff23ca3
be4abe14
3d363f28
beb34013
401a400a
bf4abe6d
3f2e3fe7
bf78bf2d
3fd4bf3a
3f033f50
be88bf80
3fbb3f96
4039be4e
3fb945d8
bd64be95
4031bf7f
bf3bbf11
3fd93f48
3f1abf7b
3fa33ee8
bf2abf56
3fad3ff5
3fff3fb0
bf504033
40364024
bf693f26
400f4003
3ffe3e5e
3fb23efb
4015bf42
bf77bf3e
bf53403b
40283fac
3efc401b
400f403c
3f1d3ff1
3f1c3f0a
be833f82
3ff63f9a
3fd43fa1
4039be10
bea13f2b
3f8bbf06
be213fcb
40163fde
3e273fd2
be763e34
3f513ed4
401e4029
3eabbf30
bf4fbf0f
bef54006
400d403a
40123f7f
402c4036
4036bd71
40313fa3
3fa2bf41
3fdabea4
40053e45
3d423f05
c5d83dcb
3fa33f49
3fc84012
be883e89
3f6d3f95
be333fe1
bf19bc8a
403ebf04
40054023
4034bea1
3fe73f10
400f3ee4
3ffc3fd3
3fadbf16
3f3f401d
3f0bbd2b
be974019
3f2f3f73
3d4d4010
3f414035
3fec3f91
bf3ebf6f
bf5d3d40
bd88bf05
bf00be2e
3f19bf08
3fa23f1b
3ffb3cc4
3d16bda9
3db83e72
3fae3fe3
40093fdb
bcc3be82
3f963f06
3fae3fd8
3f2c4022
bf0bbf39
be35402d
3fcebf7d
4013403e
3f703fc7
3ebd3fca
bf37be31
3f623fd3
3fc2bf00
40223ff5
3fa43fc2
3f8bbf71
4035bf50
3fa245d8
3febbf2e
3ff43f7d
4006bf12
40264003
bf663fea
be6c3f9e
3edb3f20
be0bbf19
402a3ff7
4026bf67
40083fb2
3ee94029
bf52beac
bf57bf7b
be733fff
3be3be8c
400b3e1c
beef3c71
400b4010
bc7cbf7a
3ce84006
be013fcd
40163fc4
3f8b3f6c
40363f99
3f8ebf79
3fc14015
3e063ee4
bf1c3f4a
3efc3fa7
40213f8b
bf463f1e
3fc4be44
beb8bf17
bf7d3ff1
3f42bedb
bf643fe0
40043f7e
be963e7b
3fcb3f61
be5bbf7f
3f803ef7
400c4038
bee43ff6
bf073fcf
3d924008
3fe2bf20
c5d83eac
3ffa3fc5
4037401d
3f063fb2
400d3ff2
3fe93f86
402cbe33
3fbdbf26
3f84bf7f
3fe1bee8
3fea3fd6
3f5cbf57
bf033e4e
bf693f5c
bf04bf69
3e5dbefc
be423ed3
3fe0bc53
3ff64036
bed43e6e
3f343ffb
3f85bdcc
bf0ebea7
becc3e27
be063ff3
be8f3fd8
bf7a3fb2
bf324024
4010bf60
bf32bf36
3eddbe21
3ebe3fe3
4027bf39
40293ff0
bf353fe6
3fc8bf5b
40093fd6
3e753bb9
be3a3fcf
3fecbf5b
3fda3f81
3e23be80
3e874039
40364019
bbb33f7e
bf04beef
403e3e3b
402f4028
400e3fcc
3f8045d8
3f483fd2
4007bf24
3f89bef6
bf63bee4
3fbc3fc5
be77be99
40213fd0
3fea3fcd
bed13f93
3f1f401f
be6f3f07
3e8f4004
3f934019
3f9d3fe2
bf5fbf68
be2d3cf9
bf6c3d56
beda3fc1
4014401b
bd83402b
403e3ecd
bec63fbe
40233f9c
401a3f0d
3fe2bf43
bf484003
3dc24000
40153de9
bf3fbf40
bf1cbee6
403b3f3b
bf3e3d81
40364034
401a3f8e
40203ed2
beaa4008
40053f27
40043ef3
3f43bf57
3f934011
bf62bf22
bed04015
3f813f36
3f3dbf17
3fc43fc0
4035401d
3e76401a
c5d8bf2a
be643ff8
3f5d403e
3e2a3fe0
3f9d3f23
bec63f0d
40263fc6
40183fa1
3f834018
3f723f3c
402fbf22
3ed73f1b
3fb63f30
bf74401b
40373f40
3faf3efc
3f0c4014
3fcebe99
3fa63fe9
3f4d3fc3
3ea84017
3da4bf36
3f604021
401fbddb
be9d3ff3
400cbf2b
3f07bf6c
3eea4037
3faa4011
3f103f5d
3f884005
3ea5be06
bf3c3f3e
40383fc2
403d3f70
beed4001
bf3dbf04
3ea64015
3ee33fcd
40113d02
3ebb4024
3f143eca
bf48be82
3f433f01
400c401d
bded3f27
3ff33fcc
3fb93f46
3ed83ff1
3fc445d8
3f803f84
3eda3ecc
40093e1f
40113ff4
400c3f0f
40213f8e
40083f09
bdf6400c
40093fdc
3f5e3e87
40114032
4030bf56
bf46402a
3fc5bf57
be35bf47
bf78400c
401c3f8a
3efdbf70
3fad4001
3fd13f59
3fc73fc8
bdb23f9f
be533ebd
3e954025
40324000
3de8403b
3e694032
3fecbf63
3fe33faf
3f39bed8
3f654031
be8f3e2f
bf0b3ea2
bf664019
3fd13fda
3dbf3e2d
3fef3f68
3e164018
40034036
beda4019
be74bda1
3f373f3c
bf613fa2
3fa43f87
40293ed2
403a3f50
3f864017
c5d8bf0a
3fad3fa9
3fd9be7c
3b78bf7b
3f803ec2
3ff8bef2
40023fca
3fd83e73
403abf6c
40314032
3f814015
3f834030
40323fa0
402d4014
bd573f8a
40083eec
403f3ec6
3fa9bf4d
40123fb5
bee93f55
3f8b3f5f
3e373f75
3f69400f
40243a8d
40393fb6
3f424021
3f924032
3f17be3c
be314010
3f393e81
3dc0bda0
3f88401c
403bbf60
3ee6401d
bf0b402e
3f9e4000
4029bf50
3f9f3f8c
3ff84013
3e824008
3ea33eb5
3fed3f2b
be993f25
3ff4400c
3fd73e8d
3f05be63
bf23bed6
3ee63f89
401c401f
beb945d8
3e8f4016
be1e3f62
3f0c3fb6
40334039
3f273f87
bd97be1f
401a3ad9
bf5e3f70
3e73bf4d
bd164030
40163f2c
3f6abf43
402d4036
3f833f4c
3e4e3ec0
3ed63fbd
3e8e3fa5
be943ee8
bf193ebe
4002bec4
3fa2401e
4020bf45
bf3c3e2d
401b4007
3eee3f6b
bf564028
3eb23fa7
3fb7bf2f
bf1d3fc3
3fb8bf3b
3fe0bf31
3f904010
3f284024
3f6b3fce
40093fae
3f943f7b
be3e3f7f
3ff73fe0
3ff93fec
bf44bf50
3f6e3fec
3fe43fdc
3ea23fd0
3f2c3e7a
bef1402c
3f8dbf02
40193f6c
c5d83f0d
40394004
3f9e3fce
be5d3fed
befb3ff2
3eb14024
4013bee1
bf7b4016
bf6dbe37
beb0bf5d
3f40bf5a
3ff7403d
bf3b3f92
3f543fbb
3f81bd8c
bf1cbe85
40363f98
3f0c3eee
3c273fdd
bec43fb6
3f67400e
3f5d4030
3fed402d
403ebf09
3f84be9a
400e3f3e
3fe33f2c
401f3ef9
bea13f97
be713f8c
400d402b
bf28bee3
be8f401a
3f913fd9
3f743f4f
402a3f7f
3f09beeb
4001bec4
bebebf3c
3e8c4001
40173fc6
4006be9a
401a403d
3f60bf29
40123fb3
400e4011
bdaebf20
400abe5e
40353f91
3fe645d8
40394006
3f6a4028
bf803f8d
bebc3f40
401f3f2b
3e7f3f30
40264018
be994037
3deebf19
3eee3eae
3d553fa4
402ebdaf
3fb9bf74
bf39bf38
3d893f3b
bc2a3fa2
3f3e3faf
bd5d4025
40023fa2
bd9e3fbb
40253f7c
40004013
40174010
3fee3e8d
bf56bf56
3df9402a
3feebc1a
401d4012
401e4001
bf0e3fc3
3de44019
bf503f9f
3f683fcb
be99bead
403fbf4b
bf23bf22
3f884025
400d3ef9
3fd13fc0
3fa73f20
3f90be9c
3f7b3ee3
45d8bf51
3eacbe18
3da1400e
3eda3f6c
be933d60
3f29401a
40073ffd
bec8402c
403a3f23
3fe24023
3fcbbf70
3ed63fb4
3fdebeee
3ff53e22
bf6fbedd
bf293f87
3f7a4008
40303fc2
3cfcbf5e
3fec403f
3e253d58
3fa33fd0
403b4004
bf764023
3e7bbf19
3f273f1d
403c3f4c
3f38bf48
3fa94001
40053f9a
3fd83ddb
3fe43f70
3f843ff9
40024011
3d2b3fb6
bf0c4014
bf11bf64
40283f9d
399f3f87
bf433fbd
40343fc9
402d3f5d
3d75bf7f
402d3f1c
3f7c3edb
3f6fbe81
3d9a3f35
40023f92
3fdc4004
bf0bc5d8
bf2abf5c
4016403e
3f483ea5
400a3fb2
3fddbf14
3f50bf74
bf643fff
bf04bd97
3fa83d90
bede402c
4036bed5
3fcf4007
4004bf4e
3ec83fc4
3f8dbd56
3f83bf43
becdbf71
3e484017
bebb3f89
403c3fb0
3ff4400b
3feabe6d
3fba3fd9
40093f98
3ebfbf6e
3f6fbf3d
3f36bea1
3fbe3fb2
3fb34011
3f873f67
3eb33f41
3da73fbc
bf25be0b
3f97becd
40113fe7
3f813f49
3f304015
3f5bbf47
3fa63d9c
bea04013
40393fdd
40263f3f
3eeebed1
3fb83fef
3fb33fe0
3fde3fcf
3fc5403d
45d8401c
3fc1bea0
40393ec8
be513e65
40234007
40214031
3fdd4032
4025bdd9
3f09bf07
bf0f3fb2
3fd2402c
3e913f8e
40123fee
bdc63f50
3faa4037
be523f30
3fda4003
beb1bf6c
bec43ea0
3ec43f89
bf09beef
3f763fd7
3fe03fef
bee84008
3c543ea9
be013ffa
3e1bbf6a
3fb43fe1
3f5fbef2
40323efc
3fd54015
403a3e35
3ffbbea7
3e844026
3fac4032
3f89be1f
bd7a4001
3e483f84
402d401d
3f93bf0d
3d05bccb
3f65be2c
3f57400a
40023fa1
be9dbf77
bf473f6b
3fbc3ff0
4017bf74
be3c3fbc
bf68c5d8
be874004
3e9b403f
3f643f0e
3fe53f83
bf21bf5d
3f823fb6
3f933fb6
40203fdc
bf42beeb
4007bcf6
3e48403e
3f20bea6
3f53bf14
3fdc3e96
3f7c4038
400a3f5d
be093fde
bef73f47
3eb8bf72
3fec3e43
bef73e47
3f973fc1
40223e9f
3f523de9
399abe7b
3e483f9c
3ed83ff1
3e5fbeea
bf3cbe19
3f753f81
befbbf5d
40393fd0
40313fed
be96bf23
3e86400b
3fddbed6
bf36be8b
40104024
4010bbda
40233fc6
40203fad
3fbbbf56
40263f2f
3fe2401b
3fcebe46
bb80be75
bcb93eff
45d8beff
be734003
bf1d3f06
3efb3fb3
3fcb4006
bee9403a
40053fdb
3fbe3f5f
40163f6b
4030beeb
3f743f27
3eb53fae
4033bf46
3f0e3f85
3f453f39
3f9c3f92
babf4014
40283f80
bf34bd13
3fbf3fd3
3f90befd
3ff93fe2
3fc14001
3e9b3f02
3f084001
3fe93ea8
bf07bf35
401a3f22
3fc93d91
bc733fdb
40294018
3fd73fab
3ea84005
be9e3fe7
bddabf33
40063ffc
3e6e4039
bf473e7e
3f48bed3
bec33f59
3f514004
bf243fb8
bd97bf16
be093fbb
3fa23f83
403ebe16
40153fc0
3fed3fc8
3f6b3d71
401ac5d8
3f7b4006
3f604037
3fff3f39
bd8c4031
3fe93fd4
3fdb3d9f
bec8bf2b
be2f4029
3eb33f42
3fa6bf4d
be793f38
3ef93e8a
3edc3f9a
3f533f8a
3e2d4008
3e58be91
3fc53fb3
3fc4be75
be9abf4e
4004400a
befcbd39
3f87bf5f
3fee4039
3ffe3f70
40093f4f
bf193d90
bf5e4033
403f3ec6
40253f0b
3fe53f8d
be673f94
bf3b403f
3ecf3f52
bcef4034
bed33f2d
401fbf06
be424019
40344010
3fba4037
3ff14001
bf5f3ecb
4003bf03
4023be1e
be8a3fc3
bf67bf6e
3f923ff9
3f6e4019
45d83fc8
bef64020
40273eb9
3fc0400a
3ff13f81
3f7e3fb2
3fd53ed6
401a3e39
3f234037
3fcf4038
3f083ef3
3fe64034
3f9fbe9e
3fe53f16
3f4d3fa8
3fee401a
4001bdaa
bf713e25
3d793d1f
402b402d
3f9c3f9a
3ff63fe4
3eda3faa
3ea53fb3
3f0ebe5b
3cdabee2
3fe0401b
402cbf41
3fcc4024
3ea2401e
bf274005
bece3f81
be79bed9
3fb03ee2
40333ea5
3ff63d3b
3f053fff
3fe94030
bf613fbc
be1fbe95
3fbb403e
40223fe3
40083e09
3fe04021
40094031
3fe83ff7
bd16bf3e
3fdd3f3a
3f6a403c
bf63c5d8
4038bec6
bef73e8b
3f843ed6
3ff4bf45
400a3ea6
bf413fdb
3dd53e69
4005bf1c
40164004
3f423f27
3e813f3c
3edc400c
3fbf4001
3fd6bf7c
beef3da0
3eba400b
3fcb4017
3e174020
3f913fb1
3f42bf78
be51403b
40393e8c
40394040
bf1f3f9a
3f173f56
40383db9
3ff93f61
403f3f10
3d9b4004
40154027
3fa03ef3
3f2d3fb9
40053ec9
3f913f5b
bdc6be43
3f783f90
3f2f400d
3ff33fb2
3f043fb3
3f6c3e46
bf433f3d
3eb8bf6e
3fa0bf35
ba4a3fd2
3fe33f83
beda3f29
3eaa3f43
45d83fa3
40133fe8
3de3402c
3f9f3fe8
bf63bd5e
400a400c
3f293fdc
40113e22
403d400c
3ee73fde
3ee5bf70
40173ec2
3edebf26
3f40bf49
bf464016
403a3f77
40093fda
bde64030
3fba400f
403fbf65
3f6f3ebd
be8d3f6b
40243f19
40154017
4034bf7d
bf443e4e
3ff93ffa
3ea04013
bebf3f28
3f823eac
3f2e3f10
bf2d403e
3e5b3e61
3faa3dfa
bde64027
40263f7d
400c3f87
3cefbf23
3fc53ee6
3eec3fe9
401f3e56
402a3fb2
3f56bde7
3e82bf68
bdaebee0
3e66bf76
4036403c
3f8f3f6c
3ff4bf11
bf45c5d8
3f533f91
3f2abf49
bec53fa7
bf1c3efd
bf654013
bf58402a
bd9f3f2f
3f963f75
bec93fbf
3f35bf09
3f96be60
be663f1b
3f584013
bf0e4039
bf5dbf68
402fbf28
40193e85
400c4039
3f283fa8
3fab3fd2
40183fd2
3feb3f16
bf69bf7b
40253f98
3fee400c
402ebf7a
3e273fcc
400d3c4d
bf2b4027
401b3fb8
3e68bf30
3e32403f
3fd23f09
bf4dbe93
400a3fe4
3fe43fd6
3f9b3e9f
4007bf62
40383fff
3d6a3f5d
4028402b
3f483e3a
c5d8bdc3
40163fac
3ec3bea0
402bbeb8
3cd53fe0
3fbf3f95
3f063fab
3f40bec5
3ffcbf32
401cbe8c
bf2a403f
bf153f08
401ebd06
bf75403e
401d3fc7
4019bda3
403c4009
3fea3fde
3f2dbf74
4004bf47
3f85bebb
3ffd3fa8
bf313e1d
400a4019
4038be9a
400b3f07
3f8ebef9
bedd3fd4
3f1b4035
3f844017
bf33bf49
3fe9402a
3f423fef
bf36400f
3ffabf61
3faebdb8
4018bc58
be223eb8
4000be88
3e103fa8
3e9c3e17
3fd03fa6
3e75bf29
40164005
40333f68
40263bf9
3f3d3ff6
403a4036
40253edf
3fa745d8
40403f98
bec2bf35
3e813da1
be093dc3
3eb8be98
3eb24032
3f563fe0
bee23f86
3f093fa4
3fd03ff1
bf08be8c
401c3e8d
3ff33ec8
4017400b
403b3f43
bf193eea
bf2dbf26
3fe24032
3fb2bf01
3ff3befb
3ffa3fe3
becfbdf5
3f5e4005
3f47be8e
402b4038
befc3f43
bf533ccb
403e3faf
3d8f3fcd
3f87bd7e
3fc03f3a
3f28be57
bed13eac
3f663f94
403b4025
3e7e3f52
3ffc400c
3f913c9c
4029bf4b
be9e3fed
3ee6bde0
3fbabe4e
3f8ebf40
40033e36
3fc44014
3f2e4032
bf043ea6
c5d83fc8
bf63be12
3f393f0d
be473f90
3f9fbeb4
3f8dbf0e
3fb4bf07
3fd34029
3f2b3e6f
3f3f3f0d
40344022
3d8ebf33
3f0b3f42
3f9d400a
4021bf34
bf0a3fde
bd7d3f0a
4005401c
400b4005
3ef5400d
3f3d3daa
3ffa3fb4
3f0c3f31
bf6b3f69
bf59403f
3edd401a
3f77402d
40353f2a
bdf14037
be34bd64
3f223ed3
bf453e37
bf5b401c
be023f3f
401b400d
3fbc3ffb
3fa5401d
bf7f3f4e
bf74be42
3fbc3e97
40333e26
4024bda8
3e113fa2
3fb33f9a
4037bf7f
3ffe3f0d
bf104040
4013bf37
3fd6beaf
403c45d8
bd7e4016
402e4036
402f3fe9
3d973efa
402b3fc3
bf423ff7
bf513f9d
402b3f6e
3f9f3f99
3f9d3f18
3f70bf4d
4000beec
3e40bf2e
4025be5b
3cae4024
4014bea8
4019402b
40173fee
bf653f85
400e4004
3f193e91
bdc2beac
bf3e3f74
3f8b3f97
3dc2be90
bebd3ef9
3d8b3f04
3fbf3f4d
4000bdb7
bf303e06
3ed2401e
3ea73f51
403f3eeb
bf09bf1c
3e9e3e11
bd50401b
bf53401a
3ff6bf27
3fff3d91
3fe03f6c
3f30be08
3f1dbf4d
3fce3fba
40024012
3fa34031
3ff0bebd
3f8abee2
c5d8befe
402abf4d
3fc7beb5
3e29401c
4028bf64
3ffd4029
40243ff3
40024021
40353fe9
3d973e90
40364021
3e5d3f86
3f953f1c
4013bde4
403dbe51
4033bf0d
bf0ebf09
402a3f8b
3dbb4027
bf533fc0
3f813f47
bed6bef4
4037be34
403e3f8c
bf7cbca0
3e3d3ff9
bdc83fff
3fb2400f
3f74400c
40064031
3f5a4013
bf704010
3fe14021
4011be2b
401d4035
40103f88
400a3e62
bf6a3f42
402f3f81
be6f3fdf
3ebe400e
be80bf15
40403fee
bf3c403d
3f41bf28
3f103f6c
401c3cc1
3ff23fcc
3fee3f9a
bf6645d8
bf33400b
bd6c3f78
3dd7be83
bf0d3e28
3fe63f19
40103db5
400ebe14
3f02bf69
3f114007
3ec53fc3
3f983fb8
3fd43f7b
40123fc8
4003bee6
3f513fa2
beabbf6f
3f524023
3faa3e08
3eca3f86
402d3fb0
3ea7beb3
400ebf24
3fd14015
3f533fb3
4007bf51
3ec63e72
3fe63ee4
3fff3f05
3e7d4018
be3b3f5c
3e2dbeec
bf273f8d
3ee8400a
3f8b3fdd
3f96bee0
4018bf32
bcfd3dfa
bf1e4010
3fb03f9c
3f7c3fef
bf653f02
3f4dbf04
3f203f14
3f854007
3f5f402b
4021bf25
401a3e9b
c5d84030
3f1f3f0d
40223ffd
bdb04033
3ee13e09
40063fbf
3ef0bf45
3f9e4034
3f9a3e09
3fcabee9
3dd0bdac
4022be72
403bbf75
bf5a4004
40114027
402b3dc1
400e3fbc
be9b3fc5
bf764037
3f14402c
3ab03fe3
40083f3e
401e400a
3fb94010
402e3f60
bf3a4027
3fd24036
4014be5c
3ff6bccd
3e8c3fd3
3fef4035
403f403a
3fa23f7d
4013bf1d
bc064015
bf353d58
be9b3ff8
3f8c3f38
3fa0400c
3ec83f1e
bf63402c
3f853f88
40334036
3ff83f44
401bbeb4
3f283f03
3e803eab
3e293eb6
bf263ff9
402b45d8
403e4028
3faf400d
4015403d
3f964001
3f0d403d
3d873f89
bf653f15
bf273f47
3e8c3ec1
be9fbf45
3e603ffd
3edd3f44
403abf3f
4027bf18
3feabe8e
3ec8bedd
3ffd3eef
3f88bf43
40114024
4026bf52
3e533fef
3fe34010
3cc23e2a
bd2fbe9c
3f30bef7
3fe33fb1
403a3ff1
3f42bde5
3fde402d
4038bdba
40063f2a
40283f70
401dbf45
3f9cbeaf
402f4001
3fd8bf15
bf263f73
3e743f4c
3fe2be30
3ee43e94
3e0e3fad
3f404002
bf543da5
40193fd4
40013f2a
3e163f91
3f9f403a
c5d84023
bf02bf48
3eb43f32
bd8d3ff5
bf2a402d
400e3fcd
3ff7be96
3ff0bf33
40363f94
3fd0bdbf
3ff6bf02
402f403d
bf513eca
3ffe3f97
40034031
be7b3efa
beb8be04
3f5bbe9d
40283d0d
bf283e85
3fbf3f60
bdc53f4c
40384003
3e7c4019
40333fa5
3d1c3f85
401c3dbd
3f95bf34
bf263faf
bf223f2b
40113ee2
3f263f50
3fe14039
40373f8f
3ffb3f3b
3f7b3f14
be7e3ef7
3dfebf7d
4021403e
bf75bdc6
3f6c3fca
3f9d3ff2
3e9a4007
3f7b4025
4033bc8a
be833fcd
bf3b4030
3f2d3ff4
3fb23ed5
3fbf45d8
3fac402d
40033fb6
bee34032
3f8ebf54
3f8d3ffe
bf2d401c
3f084020
3f6c3ffd
40033f69
3f16bf34
3ea4402a
befe3ef5
4032be93
3fcb3cae
3fe43fd8
3f443fe6
403c4015
40403e2c
3f5a3e6c
3fe54029
3f5abf4a
bf4bbf63
3f983fce
bead3fc4
40263f01
bd804038
3f423ef6
3f903da8
bee1bf3e
3f953fbb
bf014022
be563ff5
3ecabf5c
3eb53fae
3f783f8f
befabeef
402abf35
bf40401b
3f933fbf
4015bf39
bf193e28
3ffd4033
bf383f31
bf433f9d
401fbdb4
40173fa1
bec8bec7
c5d83e23
bf793f5c
3e9f4038
3fcf3f3e
3ff5bde5
3fcb3fc2
bf433fc1
bf1d3f98
3e364021
bf5f4038
40153d9e
40013ff2
40163f91
403dbf7e
be9e4016
3f58be1f
3eef3e22
3f5b3f24
bf01403b
40174028
3fd04014
beef3ffd
3f1e3fc1
bf1f3f7a
bf393fb0
3ffc3ea3
3f86beee
bee5bedb
3fe03faf
bf4abf27
3e663fa5
3fff4037
3fd33e75
3f2e3ff3
401d3f1a
4001be97
3e51402d
bedbbf58
bf28bd34
3fee402c
3e943fa5
402cbeee
3fb93f57
bf7bbea3
3fcec5d8
4027ba85
3f4b3fb7
3fc33de1
40374028
40313d93
3fd5401d
3f1c3f4b
3f93403b
3fccbf40
3f8e3f78
400f4035
401cbe76
3e9f3f91
3f6ebef9
3fa73e49
3e1e3f8c
3ee34036
be47402e
3fda3e8e
3f113fd9
be223fd3
bf4abe74
403dbea5
4015be64
3fb83fe3
bf5d4032
3f66bf3e
3f103fe8
3e2b4007
4026bf4f
400ebf6d
401f3f88
3fb1bf79
3e953ff5
bf103ee9
40353f26
3fe13f55
40153f5a
3fd63fbd
401a4004
3eb03f30
40354034
3f0e401f
be964029
40013f7e
3fa7bf01
be323fd2
45d8bf42
40363fc8
3fabbf10
3f1c402d
40363ec5
3f7cbf5f
3e924025
bf684013
be7e3fa6
3f433f87
bf793f10
bf403ed1
3f0f3ff9
3fb5bf7b
3ffb3f97
3fab3f8c
bdba3f9a
3ff6bcb7
3f143f88
403a403c
3f813f65
bf20402f
3d393f90
3fe43fea
be533e6a
bf70bf53
bf11402b
be8d3fe4
bee13fa0
40333f17
40013f9e
3e15402d
3db3befb
3fd03ff4
bf013fd2
40043f0b
bdc34008
40163ee0
3f82bf14
3f953fbf
4038bdba
bf5ebf0e
3ec5401e
3e3b3f17
401c4038
3f27bf0b
3f7ebf04
be624007
bf2e3fd7
beb0c5d8
3f333e93
3efc3f8d
3f794025
402ebe71
bf683f8f
40303f70
3bf53efe
bf023f82
4026bea2
3d2fbf40
3fb83fd0
3fd74023
40133ff7
4022bdff
3e9f3fbb
3fcc4031
40403fde
403ebd4d
3e00bd28
bf61bee6
3f21bea4
40173f45
3fc43f11
3e6f402d
3dbbbf62
40143ee8
40013fd9
bf333ff8
3fd63fbc
400c3fdf
40174005
3fc34030
3f743f4a
3fe5bf7f
3f8d3fa2
3f40401b
3fc63f1b
4013bf15
3f8abead
40213ef8
3df64038
402a3fbc
3f6d3f92
3dd2be86
402d3fca
bf223feb
3fdf3fdb
45d83c6f
3fdb3e83
3dffbe23
bcb23ffb
beb83efc
bf334001
3ff93f67
400e3fa3
4020bf15
3fa93e76
3fd03f9c
3fbe3ff3
3e6a3fd1
3ef83ec2
3fa53f0e
4024bf80
3e044033
3fa83f8c
3fa83fa7
bf783db1
3f754038
3fe8bf53
becd3fb9
3f6a3e94
be493ff3
3fcf4028
3faf3fcb
402a4007
3fc83f83
3f133ff8
beafbf08
bf3c3fbe
3ff4400b
3f4e4028
3e393f7c
3f473fe1
3ee84003
3ffa4008
bd4b4019
40083fd4
3f883fe1
3ff9bd95
40013fcf
3f69bf17
3e9dbf42
4024bf0b
3fbfbf04
40183fcc
3e253f54
3fd6c5d8
bdaf4027
bd2a4012
4016bf67
3c7b3eb2
becd4034
3fd53fe6
3fa63efa
3f9d400b
3ebc3eff
3e993e9a
3fd8bd07
3f7c403a
401a3f70
3fd63f98
4034bece
3fe6bf78
3eb53f7d
3f1c3fda
3f13bf38
3ff33e28
3fac3fb4
3fcf3fed
4022401e
3fbd3ec9
3fe4be97
bf693f84
bccc3e8c
40113fae
bf733f65
be5b4003
3f823f1a
401dbf1b
3fa14024
3f8b4016
3d844002
3f843f86
40254035
403a3e0c
402e3fbf
3fde3f61
4007bf77
40193ff7
3e924006
bf0f4025
3e303eba
bf2a3fb2
3fc0401c
45d8400e
3dbc4023
3fc73fbc
bf0d3f41
403a3f62
3fe2400e
3fa24033
3fe24028
3fb63f37
3fedbf55
3ff83f3a
bdc33fda
40353e83
bf6d3fc0
4013bf02
40254000
3f4d3fcc
3fbc3e8e
3fb83ffd
bdc5400f
bf4c3e91
be914017
4024bedb
3ffd4016
3e783ea1
40344010
be973fce
3e3d400e
3dfa401d
3dd54008
3fcabe86
3fe54040
4034bf1a
3fb83ff0
3fe83f3a
be3d3fdc
3f1c401a
401c3e4f
3f814039
bf39bf49
3f283fc5
402cbee6
befa3ffe
3f813b73
3fd23fe2
bf283fac
be034028
3f5dbe90
3f5dbf60
401bc5d8
bf1d3f41
3fd3be71
3eb3bf79
400f3ea2
3f313f55
3f153fb8
3f5ebf27
40363fd9
401dbf65
bf684016
3fd3400f
3f31bef2
4015bf1f
beac401e
3f0a3f09
3f8f3fee
3fb73f6f
bf713eb7
bef94034
bf073ef5
bf593fa3
bf3e3fb5
3f0fbf21
3ff14019
402c3f9f
3f28bf6b
40233f5a
3e0d3f86
3fea3f29
bea13ff9
4013be38
3ed43ff4
bdbe3f34
3f894021
4009400e
bf733d4d
3fd04009
3fd84031
3f373ef3
3eff3f80
3f463fd4
be883f87
3fbebf6a
bf0b400a
bf773fc4
402b4026
3fc53ebf
45d83f18
4040bf1f
40113eff
3fecbeaa
bec43fad
3f7abf71
40243dc6
3fb54037
bf403f98
3f083eb7
bea13efc
3f87beef
400d3fc9
40103f06
3e9b400e
bf244023
400bbe9a
bf35bf2a
3fd53fed
3fe13db6
bf67bf64
400a4012
3fd63eee
3fa63e92
bc9e3f33
beea3e4e
3d5b3f70
3fa53f45
3fd14017
be973ff7
3aa1be78
bf7f4004
3fe93ef5
bf423f84
3e6e3e9f
3e65400d
bb903fa8
3fd13ff7
3f833f5b
3b88bf11
3db23e48
403f400e
40143fbb
bf403fc4
40333f29
4009bf67
40093bf2
40383ff0
3ec93fdb
3fecc5d8
3f113ecf
3fd0401d
3fe0403f
3d073fd3
4014bf57
bf313f8d
4030bf07
40293fad
3f02be25
40283f26
bef5400b
3ebd4022
bec43f00
3f194006
3dc63f66
40144031
3f2dbf42
3fdd3c23
40363ea1
3fad3fb1
bdce402e
3f7c3fcc
3f463fba
3f403f80
3fad3fda
bf4f3f14
3f503ea8
3f6f3eb5
3d33bf1b
3fe84034
be9b3f94
3faf4030
3fc64012
3fd6400b
401d403b
3fdf3fc4
40013fed
bd694006
bf7e4040
3e35bef7
3fc7bf74
3faf3f53
bf193d1e
3f743ffe
400b3fbc
bf6a3fa6
403fbde3
45d84006
400f3de0
bf5d3ffd
3fbf4003
3f4e4026
3ed33ff6
3fb04011
3f1e3fd1
40263fa5
4026bee2
3cd8bf52
400c3fcc
40383f93
3f253f74
befa3fdb
bf143e98
3ed73fcd
3d70403f
401a3f44
3f514018
3f213f9e
3ed8bf37
3fc53e9e
3fbc3ca2
3fd43fd3
3fa2403a
3ecdbf60
3f9b3ed5
3d89be35
401bbf49
403a3f25
3fd73fed
bf0a3e82
bf4a401f
3f473f61
40023f8b
bf17be46
3d2bbf0e
3fb54020
4010bec6
beb43ea7
3fd03f1f
3f973fe9
40064011
3fe63efa
3ff23e47
401f3f86
400bbed7
40213f14
3fcfc5d8
3f5cbf43
3ff73ef0
bf143fce
3d964023
3f903fae
3f96be2d
3f7a3f23
3f5b401c
3ec84001
bf384011
4002400b
bedc3ee5
3f5d3e95
4003bf1a
be3abf52
3feb4001
3f7a3f8e
beea3fe4
400fbe11
4025403b
bec13ec4
bd2e4003
402f3f96
3f3b3f72
40113f33
3f213ff7
bf603eac
bf433ffd
be923fd8
401ebf3b
3fc43fc0
3dd83f76
bf5b4006
3fe13f4d
3eb9bf29
403e3fd9
3fca3f76
402dbf3d
3ffbbf12
3fe34029
3eed4022
3f5b3fb6
c5d84030
3e5c3fb7
bf6d3fc7
3ffbbe49
40303f85
3d9e4017
3f853fb5
3ea43fb5
bdf3beb5
bee33fbf
40203fd5
3f954022
3f90bf1a
4027bf59
40194028
bf133f0a
3fbb4014
40133fe1
401a4037
4006403e
3f28be09
bf32bf4f
3f463f68
bf2d3fc5
3d8c3f8b
bf48befb
bf044011
3fde4022
3f894001
3f20400b
3e9a4020
3f563e96
bf543f9d
401cbf22
3eec3fe2
3dbbbf1a
3da73f04
3fa73fd4
3f6f3e25
40294012
bf0a3f8c
3d163f83
403ebf6f
400bbeda
bf143fbf
bed83f78
beb94007
40363dad
403b3f25
3f7a45d8
bf3abe91
3e67bf5c
bf0d3f85
3f604011
3fa93fe1
bf803fe2
3ff53f1a
bcf0401f
3f673f78
3ff93e53
be6c3f65
bf073fe7
3e754030
be39403a
be2abe90
beec3fea
bf14bf2e
bed0bf1b
3f46bec3
bdb0402f
3ff93e3e
3ec23f45
3fd4bf0a
3fdf403b
3efb3f87
3fc9beef
403a3f8f
bf14bd95
4023be04
3f653faa
bf33402d
402e3e29
bf04bd72
402dbeea
401ebf7c
3f8c4016
4019bebe
bf513fa6
403a4010
3f8e3f86
402d3ec2
be983f78
3c033fab
3fff3f8e
3f18beb8
3fd43eb6
3fc93fbd
c5d84024
be4c3ffa
3e8e3f5d
400f3dd4
4029403c
3fecbed9
3eb4b8d6
bdd53fb5
40384002
bedbbdaa
40063f74
40333f83
4032bf67
400b3fcc
3e45402a
3fce400a
bdfd3edf
4039bf52
3fa4401e
3f583fb1
40003efc
bf633fb0
400f4011
401c3fd6
bda23f70
3fc93f89
3f853fbe
400bbf74
3fefbf08
3f273e81
400d4005
3d6e3f6b
3cf33f04
bddd3f17
beabbf6f
3fbebf67
bce94032
3fbebf6e
3e323f82
bd624038
3f8d3f70
3f2a3fc0
3f333f98
bef03d26
40374016
be9e4012
3f953f8e
bd77400c
400b4024
bf2545d8
3f863fcb
bef13fcf
401d4031
bdd73f90
3fd53fe3
3ff73f12
401dbf1a
3f9ebe3f
3f2a3f91
beb0400b
3f303fae
3fae3fa2
3ff13fb2
40224012
3f5d3ef8
3f3b3f95
3fd5beea
40363fe9
40203fba
3dcd3f22
40183f41
3ff44013
bf21be2b
bd273f33
40253d6c
3fe43ffc
bddbbf3d
3fc54015
4010400e
bf7e401b
401b3fe4
400d3fc4
bd904023
be1e3f98
401abf18
bee8401f
3fce3e0f
40013ffa
3fba403e
3f4d3fcd
4015be73
3e684030
3f954015
bf3a3e69
bd2e3fef
bd43402e
40363fa0
c5d83f8f
bf69bf3b
3fc93cb5
400abf4d
3fbc400f
3d92bf74
40203fe5
3f15403b
3e61402b
3fe4403c
3d59bee8
be8ebecd
3f934030
bf0f4036
3fa44004
bf203f8c
3e8a400f
40143f68
402e402c
3ee03fb5
401c4013
befe4012
bbf2bf7f
40283f39
be7cbee3
3db94014
3fc8bedc
3e9b3f97
3efb3f79
be894016
3fcebed2
3fee3fa1
bf51402f
3fa3401d
bcb7bf3d
3fe7bf34
40253df7
3ffe400e
bf61bec9
402a3f07
3dbfbf05
bdf8bedb
3fc84031
400a3f1a
3e6c3fbe
4032402a
3db13fca
3f8a3f50
3fc23f67
402445d8
3ffb3edc
3f16401d
bf024023
400dbdbd
3c543f2d
bf0a3f59
3ea53fd8
3fbd3fbf
3e964026
be323f9c
3d91400e
4014bf77
40083efa
be4e3f8d
3e49bded
402a3f3d
3fee4012
40213fcf
3fe14014
3fc4bef6
40273f69
402f3f88
bc8abe9f
40193f14
40154003
3f083fe9
3db33fe1
3f90be62
3fc3401f
4012be43
3e6bbf44
bf663ffc
4024be1f
4023bd86
bd343fc3
3f303f1f
3ecd4018
3f953fd2
3f99bf7d
3f3e3fad
bf1e3f72
403e3f91
3f633f02
403fbf4d
400e4009
bea33dbf
3dc93ea7
c5d83e3a
3fea4018
bf1f3ee7
3f823d75
403cbed3
bee53fec
3fa33f06
bf37403f
40373f0b
3eebbd91
40194028
3fd43e83
40063f76
3f11400b
40023fd5
bf3fbefe
3fae3ffc
400e3f43
bf183f8e
bf16bf4a
becdbf2a
3f8a400c
403c3f98
bc46403f
bee4bdd5
40264029
400cbdec
40283fb4
3dd93fa1
3f8b3ff6
3fd63ffa
bf1cbf6a
3fa83f3d
bd62401f
3e8a3ecd
3ff63e25
3ff7bdf2
3f69bf0e
3f9f3f99
40303e46
3f953f47
bf21bd1f
bf46402a
bf15400e
3f9ebe95
3fb0bf0d
bcc33fa6
3fb33e91
402d3f11
3f7a45d8
3f8a4015
bf1d3f14
3f954026
3f86bf1a
3f3d3fe8
40183fad
40174030
3f373e8f
403f3f42
3e87403a
3fbe4008
4034bee7
3f064033
40013f84
3f8b3efc
3f484009
3fcf3ee7
402e3f9c
3f053f0d
bf434015
40193f3b
3e813f86
3f284020
3f7d400c
3fe93fef
4008bf4b
bd8cbf11
bf393f30
bf023f94
3f833ea2
403d3ecb
3e084028
3ef6bf08
3eb03f6f
40213ee9
3fc43f41
bf3fbee9
bf69beeb
3fdb3f41
3e9dbf38
402d4030
3fa8be4e
4003bd98
40094015
4024400f
3fd34021
3fbc4018
c5d8bf31
3f134029
bf0d3f50
40254027
bd40be1f
3f954009
3f543f1f
3fedbe57
3f0d3df8
40313ff3
401b4017
bf1b402f
3ff63f94
3d103d70
40113fe7
bf463f96
befe402e
3f59400d
3f79bf34
40253da8
402b3ff4
400b400e
bc3e3e6e
3ff5bf28
bf71bf3d
3e77bf0a
3f26bdc0
3f2d4031
3f2a3ebe
3f0d3fdf
40103f81
3fa2402a
401c4023
3f983f21
be873d69
3fc64022
be4dbe82
bf274011
40363fd3
3ff7402a
3f36be8d
beee3eb9
3f483f57
3faf3f91
3e1d3f88
3fad4032
403e3fb8
bf59be3d
3fb7bde3
403045d8
3fe04029
402dbf20
be8d3fbd
bebd401d
401a3ed4
3ffb3ea8
bf523f5d
3f1d3fe5
3ffe3fe9
401b3fdb
bf613ed5
3fd5bf4a
beca3f40
bf683f7a
40253f76
3ee73e5d
3eff3fd0
3f3fbf04
3eda3f78
3fe93ea7
3fdfbe1a
3fb1401b
40153f48
40223f70
3faf3f8e
3e943f4f
3fa4402c
40054036
3f9a4026
3fcabf2e
beebbf25
bf174025
3f04be76
beb63f8e
3da73cb7
be9f3ff1
40273fac
be0e4011
bdd64008
3fbb3fd6
3fe3bf28
40374010
45d8400b
3ea43f1c
402cbf4a
bcadbe82
3f214038
401b403b
3f673fd6
4033401d
401b3f38
3f583f95
3fb94019
40243fa1
4039401a
3f153fe9
be133fe6
3abebf26
3e763e11
3fe6402d
40113f52
402d3fdb
400d3fd2
3f884028
be793f28
bf1a3f6d
4012bf54
3ff8bf12
bc3abeca
3fa93f81
40273f7c
3fb0bf63
401d4021
3fa1bdb8
3f24beee
4014bf03
4035beb2
bf0d3ff1
402bbeab
3fdb3e55
be083fec
3f1f3f9a
3fefbd61
40274011
3f68bec4
4016bf27
3fc5bf6c
3fa24027
3f9e3fed
403d3f15
bec33d0e
3f82c5d8
3f223e31
4012403d
4025becc
3f203e4c
3f94bea0
3e863eb1
3fda3fff
3fdd401a
3fe13e92
3fbabe9b
4010bedc
3fa73fdf
3ebebe9e
be523fe0
3fc93f1a
40003ffc
401a4020
3e22403a
3f763f2f
bf664035
3fc24039
bf634024
3e573fa2
3f963fb8
3fb3bf7c
3f79be65
40113f97
3f6a403f
3ff83fd3
4017beb0
bf273f9b
3eb9be2a
40014027
bf744005
3ffa3f08
3e894016
40114014
3f29be83
3f023ed0
bf144026
3f853f89
3f3dbf6f
3e9a402e
3fdb3fa1
3f963ea6
3f1abf1e
bf29bdb7
45d84003
3fb33f74
bf423e8a
3f0a401b
3ffc402c
be974037
beae403d
401dbe72
4018befd
3eb73fa5
3d90bf55
3fb73faa
40224015
3f463f86
3e0e3f36
40323f14
3eb64011
3f234010
bf2e402d
3fae3fd7
3f884039
beca4024
bdfebf0e
3cb1401e
3ffa3f96
3da73f79
3f31403f
3f873f7a
bef53fa6
3e274025
40124025
40203f9d
3ffa3f86
3f90be8d
be8dbe0d
3d5a3ff9
3e4b3eef
bf0e3e95
3f594002
3dd93fb7
bf7b3f4b
4012bf71
3e31bf08
403f401a
3fe03f8b
3f9f4037
3f423cd6
bf083fcd
bed13ffb
3f8bc5d8
bf174003
3f303f8d
bf1cbe50
be6a4032
40113fff
3dc73f41
3fd6403d
bee23fbf
400c3f9a
3ef83fa9
3f933f9b
3f923fb2
be124030
3e79403b
3fba400a
3fb3403c
403e403f
bf2e3ef6
403b403e
bf0d3ea4
3fb13fe4
3fee3fac
4010bf60
3ffcbf5b
3e4bbf79
3f523f84
4005beed
bf05bf12
3ecfbf7b
3fdb4018
3dafbf55
40303fea
4032bea8
3fd1bf30
402c3f9a
3f6f3f69
40014015
bf1d401c
bf723f3b
3f453f84
bf483ff9
4029be6d
3f063f4f
3fd6bebb
3fdf4036
bf213f8d
bdb0402b
45d83edf
3eb13fcb
3fe14021
3f64be93
3f0a3cde
3ea13e85
be073dc2
40093fdb
3ec5401d
3f604001
3fb04026
3f604037
4038400e
3f9e3ea8
403d3ff7
3ff43e24
3f9ebf08
be9cbf0b
402a3ff8
3dfb401e
401d4011
3f53bea0
3fb34009
402b3d2c
3faf3f9c
bf144031
3f76bdc2
3f913f4a
3f133f59
3ec8bf64
be633ff2
40383f95
bea43e11
400e3f29
3ff93ffd
400ebec8
bf033ed2
3e5b3f1a
bf534002
3fd03fd3
3fbb3f8f
bdf14020
3f33400f
3fdd4033
3de5beed
40233eb7
bf63bf32
3e59be91
bf463ff8
4020c5d8
3ecfbf18
40233efb
403d3fd2
3faabe0a
3f7a3fd2
bd343e80
3f584005
3fdcbe68
be27beb2
bf263f85
be584020
4016beb7
bedd401c
bf683e0a
403e3e84
3ee7bf53
bf123f89
bf303f04
3fce3d48
4029bee9
400cbe84
402e3fc2
3f6c3ff5
be5c3f16
bf613f8c
beb63eda
3fd13f38
3f523f52
400b3f52
3ff53e1b
4016bf44
403dbf7b
bedd400f
3fcd3fda
3f72bf43
bf3e4016
3feb3ee8
3f413ff3
3f7b3f72
3f983e23
40313edd
40163de6
bdd83fe4
3e39400c
402a3f10
be25bf29
3f3a4035
45d8bf45
3ffe3fd7
3f84401e
3ffe3f53
40163ffa
beb93f8b
3f993fb7
3f8ebedb
be0c4001
3e74be85
bead4018
401dbf2e
40163ee7
3fa1bf6e
bf304035
3f85401b
bf40bed1
3fa13e90
bf05bf5b
3fc23fa8
3ea63fef
3c0d3f2d
4026bf58
3faa3ca2
3e8cbf78
3ee44024
40143fc7
3ee03f55
40024026
3ee6bf7e
40344004
3fc3bf59
3fa24037
401fbf44
bdbe3fc3
3e034034
be9d403c
bf70befd
403f3fe8
3f973fc8
3f494026
400d3f81
3f0b3eab
3fa83fc4
3cf5bd56
bf723fa4
bf453fc6
bf61bf47
3fe43f2a
bea1c5d8
3f3e4009
bea03f1e
4010400d
be843ff0
40313f26
3f8cbef3
40213fc0
3ea04025
bf28bf6b
4033bf0f
3d753f72
4038bf35
becb3fb2
3f163fa6
3f8b4004
40223fc3
bf0ebf38
bee94034
3fe7bf53
3e80403a
bd22bd8a
be353f85
4040403b
beb7be8a
40103fbe
3f973ff0
40053fff
40193f23
3f373eaf
3f88401c
401a3f8a
3f5c4033
be6b3fef
bd85402a
40013e6a
bdfb3fad
402d3fb8
3f0a3f30
3fc74032
3fb03f02
40253fe0
402f3e0b
3f56bf05
40043f6b
bf3cbf53
3ffe3fe1
3fef3fad
45d8403a
4000bf11
bef13ffc
3fa4400e
400d401e
40233e29
40273f85
3fe6403f
3f87bec4
3fad3fe6
3fb8bf0c
3ec53d82
be413e7c
3f46bf1c
bf733f87
40404005
3ff8be0a
3e0e3fbe
403bbe0a
402d3e8c
bde4bf71
3ec53f37
3f8c3ec2
bc603eb6
3eeb3f8e
3fb53f3c
bf363eba
401f403c
3f83bd90
3fba4000
4037400d
3ff3bf7e
3fb0bf31
3fc4bf2d
40203dad
401a3fb6
40294012
3ea73dbd
3d4e3f03
bf7cbeee
3fd83fd3
400b3fee
3f8cbea5
be273f93
3f72403d
3fc23eca
bf203e1e
3ffe3f66
3fd33ff5
bf22c5d8
3f8dbd8c
bf03be22
3f6cbf0f
4038402b
bf28403d
bf513fc0
3fe64002
3f0c3fb2
3fdd3f7e
bf633ffb
40183fff
3f344030
401c4013
bf7c4002
3f634012
40383f69
3fb63ef5
3f7c401a
3ff63f6c
401d4009
3f42beea
beef3f8f
befc403f
bf42bf44
3f0c3f8c
be454029
bf0c3fb9
bf133f95
3f71bf73
3fae3f49
3fc23fee
40134007
3de33ff4
403d3c44
3f304026
bf44403f
3ed53fc8
3ffbbf73
3f274017
bf06bf77
3f404005
40373e73
3ffbbf80
400e3d98
bf723ff7
401ebf27
40153faa
45d83f9a
3fbb3f9e
3fc63f1a
40053fad
3e113f8a
4017bf4a
3fd33f66
3ff24015
bdee3ff5
bf1c4020
403cbf11
3ff9bf45
403a3f99
bf79be3f
40333e3b
40103f41
3ee23fc3
3f893ef7
400b3ff4
beb43eaf
4038400e
40133e25
40123f18
3e4b3f6a
3f8d3f43
3fef3fb0
400b4006
403abdf0
bf2b3f11
3f7f3e11
3f32bf3a
3f083f85
be23403a
3f2e402c
bd76402e
3fdebe4e
be153ffe
4006bd33
bf0c3f5b
3f6b3f3e
3ff23fca
400c401e
40134020
3f283ff5
3fe145d8
3f433ff9
3e123ef1
3e2cbcb9
400abf80
3e0a3fcc
bef9400a
bf784025
bf393fe6
3f8a4005
4032400d
3f683ee0
be33be69
3f674012
40023df8
3fe03f25
4026bf27
3fd63ed5
3f5f3fa9
4023bf43
bf623f30
bf1a3f9b
be6b3f85
3d31403e
beae3f35
402d4023
3fd8bf38
3f8b3ff2
3e884001
3fcc402e
3fdf4018
3f313f9a
3fe4bf3f
3fb83fd1
3fd8bf0a
bf2fbdef
3ec43f5e
be81bf3f
3f963f58
3f46bf07
3d74403e
40383fd3
3fb2402e
3e163eb8
3fb43f55
bf383fa6
bf153f2b
3d303e28
c5d83fd2
bead3f22
4035be29
3f793f64
3fb63f73
3f56be22
bf073fba
3fc43fc2
3e3dbf1a
3fb83ff4
be583fd4
3fecbea4
3f073efa
be5f4022
401dbf39
3fb2bf5a
3f9f3fa8
3e854005
3ff8bf35
40104031
3f093c6d
3f93bf4d
3fdb3f40
401abf4e
3f93403b
3f943fc3
4029bf7f
be0d3fed
3f43400a
3ff9bf0d
3fb83dbb
bf79bf44
3f304003
3fa83f75
40273f69
bf07bd9b
3f283f4d
3f9e3fa6
401b3fbb
beef3f45
3f8c3f81
401cbee5
400e3f57
40053fe5
bf2dbf72
3fcb3ffd
be8c403d
3f023fb4
bf054007
402845d8
3e95bec9
bf6e3f0f
3fc23fc2
40223dd3
bf023e17
3f92bf56
3f833f7a
3fcdbe67
3f8a3f96
40013f3b
bf753fd4
bf343fa4
40223fc2
3f973fe9
40393fdf
40363e36
3dcc3e86
bee4bf5e
402e3fbb
3ef73e81
3f9c3fac
402bbf4f
3e863f69
bf2cbe91
3ebdbf3c
bf7e3ffb
3fa2bda6
400d4024
40393a58
bf6e3fd1
bf04bf68
bf213f6a
3e9f3f50
3f8c3b7e
3fad3fa4
3fd93e8e
3ff33ffe
4016beaf
40003fa2
3f973fe3
3fb64027
3f9a3f06
40003f6c
3e363f47
bef0401f
4016beb3
3fd4be01
c5d83f57
bd5d4021
3ffd4008
bc7ebe41
3fbe4003
3e473fe4
bf273fa9
4034bf2b
402fbe76
3fc23f8e
400e3f96
40074019
3f0e3fe6
4016400e
3f343f7d
3fb1402f
be113fcb
3f82400d
3f8c3f55
3f053faf
40123f2c
bf133f9e
bcf84033
3fb53e3e
3f383fef
403c3fde
bdbc3fd0
40083c30
3f923fc7
3f543df2
3cb3beca
400e3f59
bf753f85
be273f1f
3f0bbe65
40004020
bf343fbe
3ffdbf46
3ffa3fae
3fb93fe0
3f8abe67
3cdf3fa3
402fbf0e
3f7d3f23
3e5d3f43
3fab3ef9
bf093f13
3f334029
bee33f10
bce845d8
bf184016
4015bed4
40383fad
402bbf5a
beba3f2e
3fda4020
3fd23e90
3fbc4034
3fba3f3a
bda03ebf
3f3e3f40
3ff34034
bd453ff3
403e4008
391cbf50
be97bf6e
3f254019
3fae4037
3f79402f
3f9e3fef
3ffb3fd0
3f28bf2d
3f26bf3d
3f5e4015
3fc3bf1a
3f1abe93
3e983eb1
3f8fbf51
bf523f72
3e064016
3fe34023
3f2a3d29
bec0bdb3
3fae4037
bf4a3f3e
3fa04010
3e883fca
4033bf29
be643f77
40074028
3f444032
beedbf47
3ffb3f2d
3fc2bf20
3f5b4009
3f9ebeb8
40053fd2
c5d83eec
3ffd3fef
be34bf5b
3ff2bf07
3fb1bf19
bdadbf70
3ff4bea7
401e3f89
400f3f1b
3efb3ff2
4021be8a
3f9e3f9b
bf443ec8
3fa44025
40283fbc
40023f82
40063ff4
bf54bd6f
3fbe4016
3e213f37
3f873fd9
bf78bed8
3e7f3e50
3fc1bedf
3e5b3f7c
3f8e4006
401b3e38
3d9d3f82
40173f2c
bf57bf4f
be4f3eeb
bf6d3f98
40233fde
3fb33e2c
bce33fad
3f1f3fe1
3fa2be04
3f3b3ff7
3fa3be5b
3ed63e70
3fe53f80
bf6f3ff7
4004bf3b
bf5c3eaf
bed1bc04
bed43fed
3db13ed6
3f944015
bf4b403c
402945d8
403a3fbd
3f813fb8
401ebe3b
bf4f4010
3f81be12
3fab3fd0
bdecbf0a
4022401d
3f6d401f
3f53bf55
3fc83fdb
401cbf7b
bf3abe23
3f8f3ed3
3fc9403a
3e924006
3fddbe99
3fb4bf65
be2b3f53
3e753fae
3fac3f26
3fda4005
3fc54004
401d4016
3f0d3fcd
3ef63f17
402f400e
3edc3e15
4033bf0f
401e3f89
3e9f400a
bf7cbf4a
401b3ff2
3fc7bf15
3f8fbed5
402e3ff4
3f71bf26
3fd1bf1d
400f3f61
3fc13f17
3fe6401d
3ed53feb
3f3a4024
bdc9bdc1
3fa2bf71
3f34400a
bf453fe0
c5d83f94
3fda3fa0
3f5f401b
3eb64013
3f8d3ee1
402e3fa7
bec4bf57
400d4016
3fe13fb1
bda43b9f
3f7f3f06
3ddc3eb4
bee23f86
40353f3a
3fba4032
3f963f12
3fed402e
3dc43f61
40263fdf
400a3ee0
3eaa3faf
402d3f27
403a3edc
40093ffd
3f56403b
40373f06
3ff9be90
be0a3fd3
3fc8402b
3e253ff3
bea63fb5
3f683fce
3f603eac
bec54010
3e42bf5d
4029bf61
3d43be86
beafbe9d
3fff4035
3d964021
3f193dd9
3fb4be8d
3bd83f02
40113e09
3fb73f2f
40163fab
3fa13f4c
40163fd1
be93402c
3f1345d8
402e400d
3ff23f35
401a4005
3f31be6e
3f683fbc
bf2fbe86
be0c3f24
401abcae
40043f6d
403c4017
3f20401a
4014be6a
3fd43f90
3f9cbeda
403bbf24
403e3f29
3d74bf21
3fa13f56
3fb6400f
401ebef3
3e00402b
3f343fde
40344038
3f344010
3f973fdb
4015400a
3fbb3f33
4015bf66
bf25403e
bef1bf5a
bef73f7c
3e283e17
3fd6bf76
3fb04018
3e744002
3ed13f63
3ecb4019
3d5c3f08
bf244027
bd6b3efe
be664015
3ff83e35
3f0b4030
bf3c3ebd
40283fea
bec33fe1
3fb1bf4a
c5d83f70
3f95402d
403f4012
bf703fd4
3eb2bf13
400fbed3
3f28bf5d
40254007
3f96be39
40283fac
3eb83f98
3f603fb1
beb3bf47
be803ca1
bee93f17
3edebeb5
3ff44012
3f18bf3f
4008400e
3f1f3f6b
3cf64006
402a3dbd
3f6f4035
3c95bf21
403e3ff6
3fc9bf35
4007401b
3fd0bf29
3ea83efd
3fdd3ffc
3fd84016
403a3fac
3ff3401a
40283fe7
3ec3be7a
3f4c3fe4
40033f8f
bf553eba
3f1a3e99
3fc7bf31
3f48bf5d
bf473eab
40113fe0
bf7ebf7a
3ed3bf1f
bee53ea6
3ff24018
3d6b3fce
402f3fab
3ffb45d8
401e4023
3f8d3fe1
3fde3f81
3ebf3f9c
3f263fb9
40163fae
3fa03fba
3fa73e97
3fec3f31
3fdf3f86
3fe74000
3faa3f7a
bf493ad8
4009bf0d
3f574033
400f4031
bf3cbefa
403c3f2e
bedf3fc0
401b3eb9
bf033fb5
3e33401b
400b3f8d
3f88bef4
beeb4016
402d3f18
3f27bec4
4014402b
401ebe69
3fe23f8d
40184012
3fbd3fb1
bf363fad
be0c4028
3f904040
3f573fca
403b4012
bf533f8e
4026bf10
3feebf38
3e69bf3e
3f68bbfe
45d83f37
bee23fa1
40253fc2
403b3fcc
4029bead
4038bd8d
40033fed
be953fa8
3f6e3f06
bd41bf7f
bf3b3fe1
bd063ed7
3f974003
3fed4022
3e4e3f0a
402cbe13
4033be79
3f854031
3ea23f26
3eb93fc4
be4abf2e
3faebd2e
bf394025
bf35bf5d
403b3f17
bf344016
3fb4401e
bf603f26
3feebef4
3f44bc8b
40304009
3f3d3f47
3f983fca
3f86bec5
3f9abf49
3d85bf74
3f694015
bf643fec
bf393fa2
bf564011
4005bed1
3f733f0b
bf463f46
402a4019
3f393d6d
beb83ff5
3f143fa2
3de3bf3d
3e823f70
401fc5d8
3facbf3b
bf6b3ede
40353df0
3f9e3e2a
400dbf18
3f4e3f26
3cf63fb0
bf593f7c
40363fb5
40193fd3
3e063f13
3f853f99
bdcbbf5e
bcec4001
be483f8e
3fdf4011
bebe402e
bed8bf40
4031bf63
3f90403f
402d3e50
401e3fe7
3f8fbefb
403b3ecb
3e4b3d95
403d3fab
3fbc3fcc
bf563f57
be613fde
3fde3fa0
3fdabeb6
beb53f96
bf24beec
40313d96
3f3f3f9c
3d833fac
3fb0bf6b
3f223fb9
3ff23fa4
3ff0bf59
3e5bbf3c
bf7c402b
bf33bec2
402d3f7b
3f56bdb5
3d92402f
bf33bf44
45d8bf3b
40383e35
40343eef
be1a3ce5
3fc6be9a
bf45be12
3eabbf3f
bec63fd8
402f4010
40023f73
bf6f3fea
402b3be2
3f3f3f4e
beb53fa0
3fc93ffa
3f4d400e
40113f1e
3f9a4021
3d874038
3e8e3ed4
3dac3f93
bf213f47
3eef3f9e
40053fc9
3e983e96
3f703e46
3f053fcd
40014001
3f463eab
bf563f56
bf18402f
40094027
3fa4402b
3dd7bf5d
40013fd2
3fe43fbb
3f213e7a
3f87be57
3f6abf71
bf6f403f
3f273ff8
400a3f6f
4004be8f
40094012
40313fc5
bdd4be18
401a3e42
3f8d3f82
3f4d3fa6
3f5ec5d8
3f7a4007
3ecf401b
40264032
3e81bf4f
4015bf1e
3ff73fb1
bf363f79
402a3e4d
400fbf1c
3fadbd86
40063ef9
4017bf5a
40223c4e
3f623ef5
3f173fbe
be3e3fa4
40303fb7
bf7abf7c
403d3f39
bf364040
beda3fe9
403dbe9f
3ebd3fb9
3ef5be1a
3ff83f99
3e9fbf61
be214027
3f403c09
bf6b3fd5
3f9c3fd3
400d403a
40283efb
bd523eb8
bf02400c
3fa3bf5d
3e693efc
4002bc14
bc103fc3
be743f11
3fa73f44
be693f22
3fcfbf5d
bf13bdfb
3fbe400a
3f3f3fbd
bf5ebf30
3fb03fb4
45d83ef2
bf4a4036
3ffc4001
40193e7b
40193ef4
3fc03fbb
bef23fa7
3f3c4018
be5dbef6
40003feb
3fa4bf1b
400d3fc4
bee33fa9
3d3f3fbb
3e79401f
bf53be33
3fd74020
40133fd3
3fe84014
3fe1bf05
4003bea7
3ffd4011
4016be2d
400e3fc7
3f574008
3fb9be6d
3c473f1c
3fbc4021
400b4040
be2e3f84
3fd7bd18
402c3fc7
3f433fde
3fb9bf2c
3f5d3fb6
bd3dbef5
bd19bed2
3e993e8c
4013bf34
3fa6bf52
be713faa
bf733f93
40093ef8
3fe63f40
bf64bf1f
3fc83fe5
bcd84002
3f933fa4
be77be9d
be4cc5d8
bf09bf41
3fe43f60
3faa403c
bd624017
3fc83fff
bf1e4037
3fe93fac
400a3e42
402b4012
3fca3f5d
bf4b3f3d
bef54032
3fb54029
3fef3f3e
bf3e3f9c
3ea1bf15
3f943e80
3b02beab
3fd9bee6
3eaabf6f
bded3fc2
3eee3fcf
3f9f3f86
bf454010
3ef6bf60
bcce402e
bf803f8e
3f873d81
3eab4008
40183eb3
3fb73f0a
40024022
3e5ebe87
bf163f90
be3f3ff4
3e8c3e8f
40074017
3dc4bf64
3f11bed5
3ead4012
bf043fee
3ff33fed
402a4007
40013fc9
bf6c3ff6
be76bf1d
3ed84038
45d8bef6
401cbf25
3f103fe7
3f2f3fca
401c3ea4
3ea43e64
3ff8bf28
401e401a
3f4cbee4
400d4002
402e402d
401c401d
bf2e3f0b
3fea4021
40083ff8
4010403e
3fd3bee2
3febbd43
40193ff1
40023f99
3f464035
400a4003
3ff73f10
3f7b4032
bed4403e
400d3f36
bf153f6a
3f8c4022
403bbc48
bf433f49
3f37401a
3fdb3f6c
3f0e4017
40073fa3
40173ff1
4011bec1
3f5a3f69
bd963f00
40183f40
3fb73ea6
3f013eea
3f964018
40384037
3ded3ffc
4038bf1c
3a483f0d
40173ff8
bd894012
3fd73f06
402ac5d8
40233eb8
3facbe86
bf384023
3e9b3f46
3e5d4015
3fe14038
be313f9a
3f793f44
bd42402e
bd9c4039
bf423fa4
40313f85
3f25bf66
3f793ffb
bf7c4025
3f6a3fe3
3f163f58
3ebd400d
401b3fe9
3fed4025
3f303fc0
40273f1a
3f153f9f
3ff1bd58
bf23400f
bee14034
3f9c4036
4028400a
3fd53e9e
3fe93f35
3fe5bed1
3fc03f8a
beb7403a
40313f69
400b3fb4
bec9be28
40334004
3e9a4021
3f3bbec5
3e33bf3b
3f753fb9
3f80be86
3fd33fd5
3f894015
bbfabe38
bf1c3f76
3f38be49
45d83ffa
3fa73f44
3f614018
3e80bf24
40053fb5
3efd4010
3fca3ff4
3ed8bde3
bcd83d02
bf233ff2
3fd13fff
bd813fb0
3fa13e58
be494028
3f723ede
3f734006
3f373ef1
3eb73fee
3fb73f63
40183f44
3fe73f71
3f473fcc
3f8d4001
3f7d3f84
40334032
bf4b3fb9
3fd2bda9
40224009
403f3fd8
be96bf0c
3fc93fc1
4009bec6
3fef3fe4
3f453f56
be4d402c
3f2f3e4c
40243dad
bec4402e
bf7b401b
401d3f89
3efabf65
40344018
bf61beb1
3e5dbc4a
3fd73f93
400abdcf
3fb53e4d
bf2e3f73
3ea6400c
4003c5d8
bf234021
3fc34013
3fcb3fee
bf103f88
3fb8bef0
3f92bf57
402dbecb
bf713fc1
3ff84002
3fdd3f9a
3ea23c91
3f2b4019
3fd23e52
400a3ed4
3f303f38
40353f5f
bf4d3ff7
40263f4c
3fa7bdbf
3fea4003
3e0b3f85
bece3fab
3f553f75
3f193ecf
be75bea3
3f3e4032
4019bf6a
3fb73f71
bf464024
3f1dbe88
3f833fdc
bebc3feb
bf233ef7
40333f96
40103f9e
beb43fcd
3ee13ff1
3f02400c
3f6a3eec
bf743ff4
3fb63fa4
401e3f97
c5d83f63
3f0dbf5d
bf4f4029
bd6b3ffd
40093fad
3f5ebe40
3fd54002
bf26beef
402dbf05
3fb8bf5c
bed24005
3dae403d
3fc1402c
bf374013
beb5402a
3fc83ea1
bf053e3a
403c400c
3f81beac
40113ed3
3f354004
bf6ebe1d
40043ee8
3fecbf49
becb4018
3f443f23
401f4023
bf293fab
3fb6401d
40093f80
3f97bf32
3e223de9
bf784023
403b3ffc
3f943fda
bc9d3fce
bee8be2c
400d4023
3ed5be8e
3dcf401d
bc833fb7
bf373f89
3fa44035
401abf5a
3f303fbc
3f733f35
3fd14009
3f813ecc
40263ed6
3fe045d8
bf303fa6
be893fae
bebb3dd8
3ea73f85
be333fcc
3dc33d2c
3ea83f5d
3d983fae
bf3a4006
4009bcb7
40153ec1
403a3e84
bd32403c
3e93402a
40003d83
3ed6bf71
402b4029
4003401a
bf223eac
4003bf60
3ee2bdec
40333f13
bed84023
403a3f72
3f9d3cfc
bee63fd3
3f923fce
3fed3fb9
40343ff2
3f57bd1d
be4b3ffa
401c3f5b
401e3fe5
3e1f3fed
40323eaa
bf01bcef
40153e83
3f8b3f6e
3f19be4f
bf133fab
3ecf3f0a
3f8d3f51
3fa44028
bf6d4028
400bbf29
be463ec8
3c8ebdee
c5d8beb9
bf78bf3f
3fbd3f5a
bece3f1a
3ff94021
3e22be99
bf57401e
40073faa
3f793ecd
3fea3c0d
402a4019
b80c3fc6
3f593ff5
40053fdc
bf003f04
3fe7bf0f
403e3ffb
3fd54002
bf4c3f32
401c4003
3ffb3f7f
403bbe3a
beb93f62
3fb73ff3
be853fb0
3ee23ffe
400c3e7e
3fcdbee5
3f683fbf
3f2cbf0d
400abeb6
3ed2bf7a
403b3f25
3f25bf1c
3fe13e9a
3f993e33
3fe13c35
bf354002
3ec63fc1
3f354003
3cd9403c
bf7e3fad
bf6a3f75
3f023fc5
4021bf30
403ebec6
bf103fd8
be533fae
bf803ff5
3fbd45d8
3f8bbf32
3fc93ff3
3fb93fa9
3fbe401b
3f873fe6
3fde4001
bf404038
bd373eae
402a3fed
3f81bf60
40313d58
3f733fbf
3f673fab
3f553f92
3f83403b
40363ebc
3f763f5b
3f714000
3fb33f8b
3fb8401a
be61bf62
3fecbeb4
bf1a3fa7
3fbd4026
3f16bf10
40103f13
3fb44020
3f313f3b
be7f3fd5
3fb5400f
3ecd3c81
40384013
4024401b
3ec33f74
beed3fd5
3e143f31
4036403e
4012401d
bf46402f
bf0f3fa0
3e8c3f85
403c3f44
4024bd33
3cad4013
4037400e
bdd9bf43
40373e8f
c5d84031
becc3e4a
3f98402a
3e833f74
bee23ea6
bdfc3dbf
4027bed2
402f400b
400d3fff
403f4015
4026bea8
be003f95
bf154025
3fff3f60
3fb3bf44
3fa33fbc
4013bf0d
bf294017
bf603ffd
bee63eb0
3f6cbf73
3fd7bd01
beae3faf
4013bf19
3dd1bf66
3fc14022
3f9c3f91
40073f7b
40123e20
3f6fbedd
3f9b3f96
3fe14019
400c3e9e
3f553f03
3fff3df3
3fc43fd0
be983ed0
bf233f51
3ff4be93
3f023ffc
4029bec1
3fb44008
401f3f99
4032bdc1
40254027
3fc24027
3e71402b
3fde403f
3f913fe9
3f9f45d8
bcffbf18
bc0e3fc7
bda7be29
bf123f8f
3e974026
3fb93fdb
bf5e3fa9
3f284028
bf5b3ef0
3e9f3f53
40043f76
3fe1401c
4003beba
3f673dc4
3f924006
4033403c
3fb3be69
3f9a3f7e
3f853fd4
4012bf1a
bf383fb2
3fd1bf3d
3f0abe87
bf0e3fbe
bf4a3eb8
40123ff9
3ff93fa0
bf153eb1
be47bf54
3fca3fba
bed8be1d
3ffb3ee3
4025bf7a
bf633f2b
3f7ebe57
3f32bf37
3fbe403b
40054018
3ff03f7b
4035bf46
3fa5bf58
3ecc403d
3feb3fc6
3fb03f05
3f0c4022
bee43e54
3fe13fb4
c5d83e73
bdffbf2d
3fc23f50
bea93fae
3fc94024
3fb73fc3
be3bbeb2
3d543f07
400d3ec1
40113e81
3ec53f5b
be2a3fe8
40213ea2
4019be01
bf783f11
3f51be6d
40193fb5
3fee3fde
403cbf0c
40223f21
be933f13
3f143eec
400abe05
3fb33fc3
3ef83fbe
40143fd2
3e0b3f18
3fde3f32
402e3ff2
3ef53fc1
3ebfbe23
40274015
bb26401f
3f6fbf1e
3fb23f27
be853eb6
4012bd72
bf3e3f3d
3f174021
bf5e3f50
402b3ece
3fd23f51
bf483fbe
bf303f8d
40324021
3fae3ef2
3fd5bf14
403ebe1e
3fae3d4c
3fa345d8
3c954022
3f1fbf25
bf74bf52
401c3d94
bf3c403a
bef43e26
403f3e60
40364015
40323fd4
bd833f9c
4032be5b
3f5e402f
beef3fd1
3fc53fff
402e3f46
403a3f00
bf7d3eb7
bf28402f
403f3dc3
401e4016
3fadbe8f
3f88401c
40324036
3fa4bf7f
3d173f92
403ebda0
3fe54022
bf7c402b
3fcb3f91
40184032
3ea83f51
4021400f
3e0e3f91
3da73fed
4022be1f
3fe73e7d
403d3fda
bf654032
3f903ee5
3e9e3f35
40223ffc
3f934025
bf614005
3f043f46
3ee9beb7
3f313dc1
3e89401c
c5d83eff
3f353fcf
40373eb7
402fbe22
bdfe3fa0
3f04403e
3ee1bf05
3fba400d
be883fa5
be08402b
3f47bf6d
be0c3d63
3d263f7e
3ee7be93
3fb53f47
3ebdbcf5
3f9cbf6e
3ff7bdfd
403c401d
40054033
4020bebf
be233e5b
3fdebe6f
400a3f73
3f7e3ffe
3fff3e16
3fd93fc6
403f3fd4
3fdb4038
40234016
3f6d401d
3fe73f1a
3c223fa9
3fcb4007
403e3e5e
bf593dbd
bf303fc1
3e984007
bea9be7e
40183f90
4033bee1
3fb9400d
3fd7bf5a
3fd93fa8
40333eac
3fad3fe9
bf68bcb4
bf4a3f86
3edbbf08
402645d8
40014025
3f6d4012
beb7bea6
4019bdbb
3fde4036
3f93bf32
403fbe53
bf5f4006
bf723f5b
4014be8f
bb0d4010
3ffa3f6e
3eba3d11
3e3fbec4
bf63bf41
40173e45
3f224018
3ffabf64
3fbc400f
3f8e3fbf
40054020
3ff53f99
3f5e4033
40003f49
3fa6bf70
bf6ebe24
3d933fdb
3be2bcaa
3e45be87
3ff63fd7
bf48be15
bf793e79
3f8f4026
403e4020
40283f61
3f743db3
3f1d4024
bf30bf06
4004401c
3f023e56
bdacbf3e
bf114004
3fcf3f18
401a3fd9
40214012
3f9b3f5b
bf2d400a
c5d83fc6
bebc3ed0
bf0e400c
3f933f3c
40364024
4032be89
bf67400f
3f834023
be4c4016
3f374026
bee33f80
4020401c
3f883feb
3fdfbf06
3fdfbeaf
be9bbef6
3f18bed0
be08bd58
3e9a4012
40143fea
bf7bbec3
4024403b
40103fe0
3f3ebf74
3d683ff5
3f0a3f2a
3fc44013
40213fbb
3f1a3f34
3f043fab
3eb43fe2
3f79401e
4028403a
401b3fe5
3eb3400d
bea13fe6
3fa43ff6
3f37b900
40393f9b
3e8b3f83
bf67be06
3fb53ffd
40003f2f
bf024016
400dc5d8
be7f402c
4039401e
3f51beaa
3f0b3f97
bf3c3fd2
402cbd02
4014401f
bf78be4e
3f3d3d7d
40233f5e
bec73f59
3edd4039
3e92bf2f
3e293fef
bf453f01
4014bf57
3f0abf00
40024030
3fc83dcd
3f9a4005
3e024028
3fe53fdb
3fa33f97
400b4037
bf7c401f
3f23402b
402a3fce
bede402b
bd39bedb
400b4008
40103ff1
3fe8bf60
3f92bf1d
40073fd2
3f1e402e
3e3f3ffa
beea3e89
3f95bf6e
3e923f74
3ee43f37
401c3f9d
3e7bbe58
40004000
3faa3fbd
4032400e
bf3b403d
3e073e3b
45d83fc4
bf543f87
4014bf46
40133d4f
40083fce
401f3f5b
bf2f3f9b
3c804007
3fc3401c
3f603f53
40264005
3f6c3fa4
3e4b402f
3f69be49
401e3fff
402e3f83
bf013d2c
3f9d3f1a
3fa14022
402cbee9
bf453ff5
403fbf5f
3f723f40
3f0d3f6c
3fab4007
3fa7bf3b
3fa03dbb
3f803f84
beb0bf23
bf784035
beabbeb9
bf4d3da2
3ee03ebf
401a3fa5
bf344003
40343fd2
3e273fc5
40333f06
3f86bd91
40324037
3fa04024
3fa03fa6
403d3f38
3ec33dff
3f164035
3fb53f26
bdb23dcf
40103fef
bf613f22
403ec5d8
3fa8bf7a
3fe94012
3fc13f88
bed43fb4
3cb33fb2
3f7b4024
bef24038
40073fa2
3ff73ebe
3d283e5b
400f3e1d
3f9fbf79
3ff03f6d
3efd3fb6
400ebf0c
3f773f77
bf203fca
3ffbbee0
be4d3fec
bf523f39
3fbd3fb7
403fbe41
3fccbeee
bf0e3fc3
4035bd8f
3ff0bcec
3f013f83
bd563f2c
bf1ebdd4
40193da0
bc333f97
4033beae
40093ff8
bf2abf24
bd1b3fe1
4027403b
3ffebf70
beee3ede
40193f44
bf6b4022
3d873fa2
3fcb3ee7
bf7a3fd2
3fadbf6b
3f1e3fe9
3e933f46
40333f22
45d83ff2
3ff63f89
3f8b3f46
3fdd3e8a
bf294018
4037400b
be12bf01
403d402f
bf773f56
3fff3ffc
3fdf3f90
3fb23f5d
4000bf07
be8f3eb8
402fbf1d
3fc13f6e
3fae4037
3f613fc5
3f033ea5
4032bf75
402ebf79
3c0c402b
401bbec3
3feb3fdc
3fd93fb6
be5e3f4a
3d2a3f98
40163fd3
40363fdd
bd20be66
402b4031
3fa23e0e
3e5ebf80
3c9d3ff1
be38bf61
3fc53f82
bdea3fa7
3fac400d
3e993f9a
bf50401e
3fa8bf54
3fb44022
402a400e
3e9d4006
400ebe02
bf574034
3fd3401e
3deb3f98
3fedbf31
3f9ec5d8
3ea74023
3f053f8d
3f763f5c
402fbe78
403c3f98
400cbe7f
3fe1bea4
bd04402a
4004bf5e
3fcb3f41
3fd93ffa
bf59befb
3fa2bf34
3fab3e96
bf684028
3f1b3fb0
bf113faa
401dbf48
bf023f8f
3f2a3ff1
be8d400b
be914032
3f4a3f82
bf494009
402abf49
bf74400d
3f6bbebe
403fbf74
3fae3fab
bf0bbf7d
4035beb5
bf2e4015
40403f66
3f51400d
3fec4031
3f02bf30
bf253f98
bf6d4011
b933bec7
4012be1e
403c3f23
bf663f46
3c97be99
40403ecd
40124028
be133f15
40083f91
45d8400a
bee2be76
bd93bf6a
3fcdbe2a
4006bed2
3fa8bb23
be7e3e00
3f753f8b
40083d9d
3f213ccf
402b3ff6
3f12400c
be193ed3
3fc8bf04
be803fb0
3f21bf02
401bbef8
3f96bf4b
bec04012
4013bf0b
40233fdf
bf683f11
3ff94014
bf27403c
3fae3ef2
3faabf1f
3ffebf53
402abf2a
40213feb
3db33e7f
40203da1
4027beab
bef93f8b
402dbeab
3fc04014
3e153fb7
3e873fbc
3fb0bf19
bec43f7c
40323ff5
3f753fef
bf5f3eeb
bf2e4020
be7c3f31
4029401c
3f90401b
3fa53f21
3f263f7f
40013ec1
3e60c5d8
bf144014
3ffb3f8d
3f6d402e
3fe8402e
beca4013
3f8e4037
3f813f1c
3fdbbf4f
3f424034
bf7b4022
bd39be56
4010bf7b
3fce4024
bf7c4011
3f523fcf
4017400a
4037bf25
3fad3fab
403f400a
3f7b3fad
40034031
bd3f3fc7
bf284022
3fbc3f9d
bee43f88
bf413eee
3c573f08
3f1b4019
3f853fe9
40344014
3ea3be85
3f663f58
40133ffc
3e6f3f6b
3ef0bf16
3f843fa7
3f723fdd
bf1bbf72
3f243fd1
3f80401c
3f0dbf5c
3f5a3ffd
40123f6f
3f7e4020
3f90401e
40193f1c
3a464023
45d83f4a
3f7e3fa3
40354015
3fcbbec0
3fabbebf
bf333fe7
bf0bbf30
3f1dbe06
be8d3ff0
bddf3fac
bef9bf30
3f843f5e
3ea03f82
3e86be6a
40033f97
3f9cbe90
3f983e50
3fe9402f
be723e29
3fc33ef6
4027bf35
3e323ead
3f87401a
402d3f1d
3fdb3fe6
3e654025
40243fd6
be9e3f1e
bf54402f
40233fcd
3f4cbf05
3e0e3f95
bf1d400b
3fa03fa6
400d3d05
be3f3f3c
40253f1d
3f0abd3e
3f97bed0
403e3fc5
beca3ffa
401b400b
403d3f58
3faf3f9d
402ebea6
3ff83f22
40233fb3
3fac400a
3f263e2a
bf00c5d8
bebf401e
befe3f1f
401d3fed
be094021
3f7a3f95
401f4032
40173ffa
3f93beef
3fb13e9a
be723f89
3f234028
3f8f3fc6
3e603fb6
3e85bf6c
3f21bf6e
bf233fb3
bed64002
3f343fbf
40284028
3fd34019
3fe9400c
40113ed7
3fc33fb4
3fc0bf18
403dbf2d
bf273e42
3fc63dd8
4016be5b
40243fda
bf79bf15
3d9f3fd2
403a3f64
bde5bf5f
3ee24000
3d173ef6
3f50bf57
40294002
3fa14024
befe3f2b
3e8c3f06
bf4a3f6c
3fda3e96
bf774034
3fe33fd8
3fc13fb4
bf0f3f8e
401f400d
45d83fba
3f9fbd76
3cf84025
3f75bf0e
3efb3f40
3fc84014
402a3ec3
3f683f2f
3f853fc1
4026be62
bed13f9a
3f273d17
be4d3f3e
3e353fb0
be7b4003
3f2e4017
bf60bf28
3e573fca
bf303fa6
403b3fb9
400dbf53
40374022
4011bd85
3f1d402a
3eccbe21
bf7f3eaa
401b3f0e
402dbedc
3f99bde1
bf384032
bd65bf72
3fd63e44
bf113e3a
3f5a401a
3fd24008
4002bf60
bf3c3e2d
bf79bf0d
be8e3fc9
402d3eb4
3f29402a
400a401c
3f54401a
3fbb4005
40213f07
3ef1bf53
3e5e4032
3fc23f7e
400e3edd
3fa8c5d8
3fb3401d
4037bf44
3fab3e8e
400f3f42
3f16403d
bdb3be87
4011bf24
40014011
3df33f94
402a3fd5
3fc43ec6
4019bf46
3fdf3ff4
be423eef
40403fb8
3fc53f5c
3f95bea4
3f903f90
3fe93f85
bee63fd2
3fb23fb7
3ec53fb3
3fa73f0a
bf384002
bf6abe44
3ff23fb5
3e864035
400e4031
3f303f2a
401fbf26
be6cbf63
402e3fd1
402a3ef9
3fdc3fb6
3ffd4014
4034bd3f
bf483f55
403a4012
bf2d3ff3
3fc23f36
4024bf5b
3fcc4013
c5d83fb5
3ff4401b
3f793f9a
400b4017
401b400b
400b3ed8
bdb03e66
3d9dbf33
4002be0e
4028be9e
4011beee
400dbdb4
3ea0bdec
400d3f04
bf414031
bef8400f
3f423e91
3fadbed0
40204014
3fb3bf36
bf524034
3fc43fb6
40133f10
be3f3f4c
bf494032
3f5a4019
bf6d4000
bf37be54
400b3fa2
403f401d
4009bf78
40293fe5
3ff0bf50
4003bf2a
3fd7bf5e
bf633dba
3fff3e28
40213d6a
bf573ea7
bf204037
3fd6401f
3f8f3f49
40083d8e
3f8e4030
3e804025
3f924016
3f483fbc
40084005
3fea3ee4
402745d8
bf47bf64
3fcabedf
3f614010
3fad3d2f
40203dba
3fca402f
beed4010
4028bf43
400d3f10
be184025
3f7a3f5a
3f833c83
40253deb
3d864009
3fd2bd96
3ff3bf55
4018be9e
3e0e3f3b
3da23f51
3fb93fa1
3fd7400c
3fc84033
3f663fd7
3f2b3ff6
3f0b403f
40303f32
3ed6bd18
bdfebeb7
3e16bd65
40293e30
3f72bf0d
40054018
bedb4023
3e764036
3eb6bf43
3fe13f93
3f6c3fea
bf4f3e16
402c3fe1
40163f9f
403c3fcd
bf6c4033
be3b3fab
3e703f96
3f0a3f8f
bf4dbf0f
be674038
c5d8bf6a
3f88bea2
3fd1bd5e
40233fe9
402cbe68
be12bec5
3f4e3f5d
3ff5bd67
3ed7bd92
4006400e
3ea13f85
3f884011
40143fbd
bf3a3fc0
3ff4403e
402e3fe8
40113ff0
3fc1bec1
3f0a3e89
bf283fbb
3f1d3fba
402a3fda
3fbb3e80
40043ef4
be65bdec
3ef9400d
40063f97
400b3ebc
3e903fa8
3fff4006
3fdf3fd6
40273e28
bed43f8d
3f8c3eaa
3fdfbef8
4011bf35
bec43f94
40224040
bf7fbd6a
3f353fec
40373f93
3e4e4019
bf1cbf46
3f4e3f18
bf783d98
3fc43fee
3f333d6d
3f053fcc
be364010
3fcf45d8
40363ff8
401f3c4c
be503f6b
bf694001
3e90bf61
bee73dee
3f1cbefc
4027400f
403d3f78
3ffbbe6a
4028403d
3ea1bf48
becf3fbb
3eacbf7c
3f413f3c
40403fde
be99bf6e
40003ee8
402fbe7e
3e8c3f84
3f99bf6c
3f8b4017
3fc73fe4
bf58bf01
4034403b
3d983f70
3fbd3fbc
401bbe6d
3f92400f
3fda4036
400e3f85
3ec93edf
4017bf40
3f70be65
40013fe2
40063f79
3fe5be97
bf49401e
bef8403b
bf80be56
3e2c4033
4036bed3
402f4000
3fcc4036
bf2b3fb7
be6abf60
3eee3faf
c5d83fc2
403d4008
4028befc
3ee23f70
bf283e17
3f85bf49
3fa24016
40023e18
3ff8bf5a
3fb9bd84
3eb34025
3fc24013
40223ebc
bf024005
3fb93db4
bf5b4001
3f8f402e
3e4a3c95
400e3fba
bea5bf5b
4032bf74
bcd63fe3
bf3e3fd1
3f8c3f88
3fe53ff2
40144019
4028bf2a
401a3f90
400fbf62
3e2fbf78
40023eef
3f3f3e3b
3fe94034
beac4035
3f963f9e
bed13e1a
40343fa1
3f753e4d
3f313f7f
3f823f96
40064001
4033bda9
3f5f3fe5
4017bec5
bf253f8e
3f71beca
3f8b3ec2
3eb63f17
403fbf3a
402045d8
bf674031
bc1fbcad
3fd74023
400e403e
3f1e3f87
401d4037
40243ee2
bf514030
3eb94039
3f9d4004
bf5d3fd1
bf25bf59
3fc43fd1
bec23fbc
3fd13f55
bde63fcc
bf793fcb
402bbf27
3f5f4034
3d413ff3
bf52bf4a
3f383fb6
403d3f43
be1f403c
bf1f401a
402a4003
3e0bbedb
bf3f4038
3e9a4002
3f053fda
3fb54037
bf21be32
401d3fe2
3fe2403d
400fbe97
be3fbf7f
3c9f3fe4
401c4018
3fd84004
bf63bd35
3ea53ea1
be1d3f72
3fa63da8
3fbf3fdb
3fd64016
be3d3fd0
3f453ee4
c5d84011
3ee24006
3fdd3f7a
bf6a400d
3dae3f41
40373e34
3f8b3fb1
be1b3e84
bea34004
4011bf67
3fd63ed6
3ff64030
3fd13fb5
3e1fbf1e
bea33fdd
3ee93fae
bf103fbc
bf27bd00
3fa23d46
bf1abf40
bee23ff6
3ef0403b
3f96beeb
be633f55
be4f3f51
3f1e4004
3fd0400f
bf6d400f
3fcb4023
3f50bf67
3fa33c54
bf003ff1
3fc53eff
4037403b
bf6abf43
bf6abf33
3fbdbd89
3fde3bb1
3fa7bef7
3f7fbf6c
402b3f91
bf353fdd
3fa7bf01
bf79bf46
3fa44002
3f593ff2
3e4f3fc2
4023401e
3f804020
be5b45d8
bf3dbe54
3fc13e66
3f96bf04
3f62403c
4007bf4e
be70bf28
bf343f86
3f9b3e03
bedf3edf
3ee1bf39
3ffa3e44
3f963f9a
bd6a3f86
3dd03fc2
bf42be6a
3fa04035
401f4036
be483f48
3f033fb7
3fac4003
3f7b4033
3f18403c
be5bbf05
bec63f21
3e7b3fad
4017401e
3f32402a
3fc4bdb9
3ffb3f03
3ffe3f93
3f923f81
40044013
3f883fd9
40023e91
bf5a3e64
3ef33f79
bedc3fae
3ed43fb6
3f9b4010
bdd83e36
becb3f6e
3fd43f7f
4039be38
bf4f3c6b
3fefbf06
4009400b
3fffbde0
c5d84037
3fe2402f
400fbedd
bf313f81
3fc9bee8
3f6ebe05
bf59be5e
402bbe51
40184004
3f1fbe1a
bf6f4013
403e3eeb
402ebf14
40213fc1
402c3ef6
401e4014
3fdd3e93
3ff6400c
3faf400b
bf04400f
bf0f401d
3f223f85
3fad3fc6
3fe3bf50
bf173feb
3e96403c
401abf42
3f97bf7b
bf72403d
bf3a3e18
bf443f8c
3e163f95
3f413fb0
3f3f3fab
3ef83e1c
40193faa
bea04019
3ea14018
3fdd3f87
3f88403f
3fc33f28
3fda4010
3fdfbf52
bf4dbf16
3f8b3ff0
be194039
3f62bd4d
4038bec3
3fd04008
3f3b45d8
bf3d3f5f
40003e81
3ff53edb
bef93f4c
3ee74011
be473fab
3f5dbd9e
be95bdd4
be324038
40334034
bea9be9f
402c3f97
40343ff9
40153fb6
3f9a3fb9
be3a401d
4015403c
4026400e
beedbdea
4024bed2
3f58bedb
3feebf74
3fe83e4e
bf5e3f7c
3fb0bf6a
40263fd6
be22be11
bedf3f2f
be703fca
3f89bd19
3eca4035
bd833f4b
3e7c3f19
403c4016
3f7b3ef5
40154031
bf793f49
4022402b
402d3f9b
3f244008
3ed93f96
3f273f75
45d83fde
bde93f1e
bf1abf38
4025402e
3ef93ec4
40283f36
be963e1f
3ef9be45
3fe83f96
be95bf38
3d3b3fc6
bf3e403a
bf794017
3d80bf72
3f963e43
3e8ebea7
402cbeaa
40033f8a
bf7a4035
3fc73f26
40124015
bea73fe4
be003fb4
bdaa3da2
3d8a3f7b
401fbf4f
3fd54009
403f3f5f
4034bf46
3fbf402d
401a4009
3f134028
40213ddc
3f0a3f91
402fbce1
bf32be16
3ff7bf5b
bd394038
40023d64
bf144018
3eef4020
bf33be8c
be924016
bf09402f
bf68beea
bf4a3f69
3e7c3e81
4001bf16
403abe22
3fb9c5d8
3e854002
3f91bf3d
3f1dbf7e
3e803fab
be8ebedd
40313f08
3f21403f
3f853f71
3f2d3f99
beb8bf31
be354031
40333f61
400f3eb2
3efe4006
bdfd3fb1
3f383e16
3e5a3f10
40054004
3f873fbc
40383f4b
beae3fed
3ff13d2f
3f053f1a
4022400e
3fc1bf49
3e943f71
3f42bf42
3f693f35
402f3efe
3faabf09
3ff43fb2
402b3f8f
3e573f9c
3eeb3edc
bedf3fa6
bed6bee6
40093fe3
bd003fdb
3d253fde
402a3f4e
3ff84032
be9c3f51
3fc7bf0a
3fbf3f5b
bf1d3f30
3db0bcac
3d00bbe4
45d83f9c
3f9f4016
3faebee0
3f90be42
3fe73fdf
3fbfbe70
3fd33cde
3f3bbf79
3f72bf0a
bf58bd63
3f903fe4
4010be3c
402e4015
3fb23f01
bf1dbef2
3ec33f1d
403b4007
3f814009
400dbe98
400c4005
401f3dfd
3fac4011
40254033
3f853cae
befebea3
be8e3fc2
403e3f9d
3fc43fb7
40093fab
3fd23ff4
3e2e3ffe
3fe03f05
3f71403e
3f533dbe
3fb9be97
3f92be37
3ecebf1d
3f89bf30
3fdb4031
3ef13ebe
3e103fdc
bf2fbf3c
3fcd3e6d
403cbf67
3fd73f94
3f0e402f
40103c04
be74402c
bf4fbea8
3c6ac5d8
3fa34011
3faf400e
40173f38
3f044027
3fb2bf16
3ebe4018
4019be50
3dd24006
3efebe8b
3d5ebe88
400e402f
be204021
bf543fa8
be153f98
3f813feb
3fd6bf52
3ecbbc32
3fcb3f1e
3e13401b
bf264033
3f3e4035
3df43e13
be244033
3fbe4023
3fddbe8c
4019bf33
40143fa0
3ffb3e30
3f28bebe
bea4bf03
3fca3f96
401d3fdc
3f91be79
3feabe85
3ff6be95
3ef13e88
40243f77
bedcbe1e
bf6f3dc0
403f3f78
40213ddf
be2bbef2
bf2b3fef
3f9d3f29
3e04bf0b
3f1bbde7
402e3e97
45d83fb8
40263f10
3fe13fcb
3e303fd2
3e43be8e
bf2c3f3a
3fd03f7e
3f973e1e
3f533fae
bf5d3e9a
3fa0bd0b
3f82bf73
4023beb4
40333c60
bf463cc1
3f9b3f4f
3eec3dd8
3ff93f5e
3fcb400b
be324026
3fdebf26
3f834012
bf793fe7
bf72bf08
bf0ebf03
bf733f9d
be454025
3f553dbb
4028be17
403a3fc9
4032bf2c
3ef03e8a
402f3f1c
40253f88
bea93ffe
3fd33f18
3f503eb0
be343f75
3f9abec7
3f0b3fb4
becdbf03
3eb03f77
3c333fa4
4008bf2a
4014bf23
3eab3fe7
40263ef6
3ffc400b
3facbf59
3fd6c5d8
3e9ebed1
403b3e4f
3e854028
3e63402c
be163ee6
3fc6bf43
bf6a3fec
40203ee2
401e3fd7
3fd0bf59
3eea3f53
403c4008
4002bf31
403d3ef7
40193fa2
3f21becf
40243fdf
3fec3fe8
3ed64004
be434007
3fc64014
becd3fbe
400fbf33
bf053f9c
40254013
3e3a3fab
3f0b4006
3f6cbf46
3e5f3f05
bdddbcd6
3ffbbec3
3f724037
402ebf46
3f8c3fd0
3fa5403f
3f84bf04
3f1e3fdc
40083f04
3fbc403c
3e2dbd38
bf5a3f45
3e82be51
3f953ff4
403e3f33
40024004
401b3fed
3fda4017
45d83f9d
3eac4014
40253fdd
403e3e80
beb33fb9
be8b400e
403b3fe8
4032bf18
40123fa5
3fc93e68
3e344026
bef03f8f
3c6dbf27
3f014031
3fbb3ef1
bf76bef2
40184015
403d3ed0
bf183ffd
3f823fc4
bf2d3fbb
4019be9d
3f7d3ef6
be624021
3f79bf1f
3fe83fe7
3f31400b
3efe4022
3fc33dbc
be3b3fd0
3fe93f8d
bf0a401f
bf3dbf6a
bf06bf19
3f5cbe9d
40344021
40283d51
bf423dbf
3f6e3f5a
bdda3fa8
3f5bbea9
40234008
3f593dec
bf0abef4
3f88402e
3f094006
3f233fb0
3fd0bed5
3f183f8b
3ee6c5d8
40053f89
3e51bf72
40353e65
40164009
3ecf4007
4036403e
3efbbedf
3fc1402f
3fb23e2a
3f783f6f
402b4032
3f683e0a
3fb4bea5
be5cbe82
bde8bf37
3ff44001
400a4037
40223f79
4011400d
bf3cbf08
bf773f28
bf0d3ef6
3f203fce
3fca4030
bf48400c
beb43ed7
3ffcbe97
3f954014
401e3fca
be9e3f06
be3e3f72
402fbce2
3f453f88
401f3fb0
3fdc3fd8
bf423fe4
3e94bef5
400a3f5c
bf5bbe3f
3ff33fcf
3fc93fd1
3f263fb2
bea03fed
bf39bf7e
3e6cbf33
400c3f62
3ee94006
45d84014
bea54030
3fe5402b
3fdf4033
3f9d4032
402f3f45
beab3e51
3f833fc9
be993fc4
bf733f4a
beca3f7c
3d923fe6
3f02be73
beb73e3d
3f2a4026
3fabbf66
3fd9401c
403d3eec
3f704015
3fda4038
3f343fa2
400a4028
be023e9c
3f34be98
bf283f50
bf5c4024
3ffc3fa7
bee13f18
3fa9401b
be4b3fe4
bf643f63
40193ddd
4008bce0
bf5a3fb3
bf583e50
be83bf74
3ecd401f
3e8c4016
403c3e58
4039be8e
3eb8be28
40183d67
bdd83fb8
bf2e3ec7
3f413e9e
3fbfbf2f
4026be37
bf0b4020
3f533ff7
bf64c5d8
402ebeb7
3f4f3f91
3e8bbf3e
beb83f51
3f7e3fe0
3f14bf02
bf273f86
bf22403c
3ff13fb2
4019400b
be78bf3b
3fd43f3a
3f6d3f2a
bebd3ffa
beb3bd71
4013401b
40403f59
3f813fb4
3f7ebf73
3f3cbeed
3fb53fa9
3fe73f6d
400ebcbb
3f914039
3f253f8f
bf603fd5
3ffd3fcb
be2b4033
4038bf7b
3fb73faf
3f793f6c
bf6fbf79
beb73eeb
40294011
bedfbdf1
401fbedd
4030be81
403d3fa3
3e123ffc
403fbf35
403abe14
3e7a3f90
bf733f87
bf553f88
be663df0
403a3e30
4008bf11
45d83f58
bf213e8f
be9b3fe9
3f683fae
bf43bf1c
bd3e3fb9
3f283fa5
be42400d
3f5dbf6f
3f314007
3f6a401f
3fb2403f
401cbed8
400abe87
3f8f400a
bf7d4012
403c3f9e
bec84032
40054033
3f6e3fdd
be424024
40283f48
3f783f97
3ce9bf48
be17be84
3fd83f86
3fd43ec4
bf343ee2
be163f80
be8a3f53
bf69bee2
3ffa4036
bf13403f
3f10400b
bf533f8f
3fcc3d88
3e663fa6
3e12bd36
be193fc4
3fb73e2a
3fed4024
3edd4021
3ff0402b
400f403e
400845d8
4022bf3f
3f633f2c
3e88402e
3ecb4037
bf253f36
4020401b
4001bf2d
3f7d4030
beb6bf4d
bf5c3f0d
40333f61
403b3e36
3fc9401f
40073ff5
bf093fc4
3f6c3f98
bf133fcd
403e3ec1
3e854000
40383fb7
3f1a3e20
bec03fd4
403a3fa9
40053ff6
3f503e9a
402dbf07
40364028
bd8fbf57
be563ffc
4018bf30
3db5bf0c
3f8dbf44
400a4004
3f753ee5
40373f7f
3ddbbf1f
3e9d401c
bebe4003
bf6c3e6f
3f203f91
3e3f3ee4
bf483f33
403e3f81
3fa0400a
3deb401e
40093f9e
bf42401c
c5d8bf3e
40033fef
bf5a403d
3fe9be78
be1b3f0a
3edbbcca
3ead403a
3fbc3fb6
40174006
3f0cbf5e
be173ffd
40194005
3f853fc5
3fddbe4e
3e54bf1f
bc743f2f
3e0d4018
3ee2400a
3f5f3f32
be9e403b
bf404040
4032be8d
3fccbd8b
3fd04029
3fc33fb6
bc04bf17
3f4d3ee5
40084003
bf6b3d37
3f92bf38
beb74013
3f723e66
3f433fa0
3e57bf01
3fd53f24
bf4d4029
be38be0f
40233f71
3ffebf1c
402b3fbf
bf0fbf78
40163faa
40393d3f
3ed4bf7c
3fe63ffb
3f753fbd
400a3fb7
bee53e9d
3f4e3e9a
3f0e45d8
3f583f54
40354035
3ecb401c
4023be96
3f1e3f8b
3f0c3ff1
3e964033
3d973e45
3f30be40
3fe63fd5
40223fdb
3f6cbed7
3f743dfe
bf063f93
3e73400c
4004bf4e
3e193fd0
3f213cb8
be984019
bded4023
3fcbbed6
3e693ff2
40074014
40344030
3f8a4002
4005bf77
3fa3bee1
3eb94032
402ebf22
bf0e3f9d
bdb3bf14
bf553fbb
3d83403b
be4abf6d
401abd69
40024002
bf7bbebf
3fa83f51
400f3f88
3f283fc1
3fca401c
bee33f37
bf194030
be144004
bf1c3f2d
40014037
3ff33fea
c5d8be83
400e4015
4015be7e
3fa5402c
3e3f3fda
3f6e4013
3f5fbf2a
3f8a400c
3ff14000
3fe8bf53
40273b9b
4034401c
3ee33ff1
40104020
be12bf10
3f464014
bf7d4005
3fe9bf30
bf013f81
3f813fa8
3f1b3fdd
3d8f3f8a
3fcf3fa1
bf21bf7f
3fef3f32
bf1dbf1c
be353f9f
3f844025
3ed04027
3ff5bda6
3fe6400f
3d82bf56
3f293fff
3ef93ff3
3f82bef9
4040403e
3fa33e90
bf524020
be9f4004
3f6b3fa5
3f1e3f58
3fb63fb0
3f59be28
3fa0bf36
bf703e26
3f883edd
3e593fb8
3f693fc3
3f673f82
3fd845d8
3fe53f97
bdccbe88
400a3f06
40193fe0
be41bf45
be423f53
4009bdec
3fed3fa6
bf333f70
bf6e4031
3e9dbf2d
40383ffa
400a4038
bf053f81
400f3fec
3fe4400a
3fbbbe40
40384030
bf5c4038
40053e54
402b3e76
bdd4bf0f
3f5f402b
3f373e5c
bf423f90
403d402e
3ff1400b
40113fc7
bf563ff4
3fcf4004
3f4b3fac
3fc43f41
40224013
40263ff9
3ede3ecb
3ff3beb7
beeb3e9c
bf703ec0
403b3f12
bf2c400c
3fe2401f
be083e77
3f70bf47
3f793fba
3d90402f
400dbea6
3e753fd0
c5d8bf7b
be65403c
bde54033
3fcc400a
40083fbb
3f923fcc
3ecf3f86
3f193d79
3ffebeea
3fa13e86
3fe93f38
3fba3ebf
4001be2f
4028bf4b
3fec400d
3f9f4028
3e7e401a
401b401e
bf35beb9
3f244027
bd8c3fc2
3eb0401a
3f12bf14
bf3c3f81
3fb93f85
3e9ebec6
40134018
3ed63f1e
3fbfbf6f
3fe1401f
be744009
4011be55
40383ed9
bf1a3f71
bf293fbb
be383ff2
4028402b
be2b4033
3e8c3be1
3e713f51
bf073ee1
3f813fe5
3fa3401b
3f843f77
be8e3f71
3eb7402f
3fce3f7b
3f113ec7
3fac4004
beec45d8
402c4009
3fdc3f0d
3fa7bf10
402f3fe6
402a4002
bed8bebf
3fa7402f
40273fe9
3f3d4003
3f8e3f9c
3f9b3fdf
40083eaf
bf683d59
bd08401a
bdd23f74
3f2c3ffc
3f323fb5
403b4038
bf603e51
bf6c3f06
bdd2400c
3f274038
be67bc91
be904039
402abf02
bf603fe4
bf50bf62
bf013f00
40344016
3fcc4038
bf753f71
40103f06
bf213f29
3f983eac
403e3fb8
bf023fc5
40213fa6
bdd63ffd
3feb3e8a
403a3f64
3ffdbf29
40394001
3fd44024
3f84401e
400d4008
bf233eac
3fe63ffa
c5d83fd7
3ffc402e
3f4e3f79
3f9f3ff8
bf6c3f6b
3f7a400a
3f003f50
bf25bd37
bf023fb4
3f9e3f27
3e0dbf21
403b4007
3da7bdf1
3fe3403c
bf21401b
3f773f9d
bf59bf1c
3fdbbf0a
4009be9b
be733f37
40023fe1
3f983fc6
3ffb3f98
bf18bdd0
3fca4020
3fb4402f
3dd53f97
403f3ee8
3fe63f17
3fbf3f38
3f214036
3eb5bf69
3fe03fe1
401b4004
bf6e3f85
3fc9bf28
3f64be20
bf2fbf3f
3fb13f26
bf0cbf24
3fecbec3
4013402c
40224031
40264027
bf0cbf57
3fdd3fb2
40193f04
3fccbeec
3e7e3f51
bf7645d8
400b400e
40293fe9
bf123f18
befb3ee0
40304026
3f4d4014
3f494014
401e3fb9
be3b3f38
3f0dbf76
bf2e3fae
bf3a3f60
40033f99
3fb43fe2
3faebf16
40153fd7
400bbe62
400a3ffe
3fbc3f41
3e3a3f01
bf0a3eda
402b3fc9
40023f82
3f8fbed1
bf07bed6
3ff13f98
bf7c3db1
3f934035
40123f0d
bf3b4005
40343f48
bf2b3fa3
3fa24025
bed94006
bf5dbf66
3fadbece
4034bf05
bece3fcd
401f3f7f
3fad3f9c
3efd3f8b
3f2cbeec
3f92be92
b9a74004
3f863f9f
3f2c3f62
3f883e76
c5d8bf23
3e0b3f05
bf13bcec
3fd3bed5
4038bc71
3fea3f22
bf603f34
bd30bef4
3fbcbef8
3e654010
40183f17
3f363c52
3fb33fd1
3fe6bf73
be013f3e
3fa9bef2
bf043f7e
40243dce
3f7cbe8c
3f204027
3f9f4029
40263f94
bf67400b
3ea7403d
4016bf5d
bf003fbf
bb4e401b
40363fcf
bd0a3f03
3e87bec1
4004bf4d
bf354013
3fd2bf0a
3f833fbf
3fe2bebb
3ec93f8a
400d401d
3f863e1c
bed83ec0
be18bf2b
3dffbf5c
40053ff6
3ec03fdb
403f4006
3e963f1c
3f48be86
3fec3f92
3fed3ff1
40103e81
401b45d8
3ed04025
40323f7e
bd1c4006
3f3e3f64
3f05bebf
bf553fd7
3fb64004
be9bbf38
3f63bf32
4023bf16
be48bf1a
3f423eb8
bf3f3fb3
3fff3e36
3ed73ff2
3fe94001
400ebcf4
3f2b3fa1
beb8bd9a
3f4d3f65
3f0b3fb0
4011bf09
3ff44016
4005bbdb
3fa2bf1f
bec03f8a
bef13ddf
3eea3e46
bd5b3ec1
bf263fae
3eee3ebb
400b4009
3e5d403d
402f4031
3e96bdf8
40373f13
3e83401b
3eea403a
3f174030
3f2c3f44
3c433f66
3e2b4009
45d83db0
3feebf72
becf3ee3
be983f1a
bf253fdf
3f3c4002
3ee13fa0
4018bf35
3fe13fc6
3f5f4022
bf47403f
be7a3d19
40383c9e
bf2c3f50
3fbc3fe9
3ff73f89
3f073f5b
3e59bebe
3f113f2a
bedcbdab
3f0d3e84
4038400e
40113ee7
3f213ea4
402abe9d
40104037
402f3fdb
be193f86
bea03f27
beb13f9a
bf213f38
40363fae
3fbb400a
3f9f400b
be224037
402b3e04
40334022
3e793f57
3f81be68
40303e9a
3fc1401d
3f82bf66
3e304021
bf324011
3ee3be3c
3fd73f30
3ff2400a
be58bace
3f54beb9
bf30c5d8
be89bda9
bf2b3e53
bdb03ff9
40083f7e
3f864001
40383ee7
40214035
3de33f83
3ead4002
3f3c3f28
3f60bebc
3fd43ed0
bf0f4001
3f973ef3
bf39bf35
403abf42
bf7cbf08
3fa7be8e
3f6b3ffa
400fbe10
40303feb
3fe13f03
3fd13f8b
400c4027
400a4037
bede3fd3
3f0bbf58
3fb94010
40343feb
4035bf1b
3ec33e2f
bd62400d
3ece3f8e
3f9f3faf
3fc63ee7
bec73fa5
3dd83ff3
3f383ff7
3fbf3fca
4030bf2c
bf68bf69
40323fb4
3f6a3f6a
40063f82
4012402c
40204030
3fb43f4e
45d83f6d
40184033
3f3b3fca
be613fa2
3ffabf73
be8d3dca
bf4e402b
3ff84020
3fba3fcf
bdfb3f58
402a3fcc
403fbc91
40114018
3f6b400a
40363fdb
3fe73f9d
bee54038
3fe63f7d
3e70bf6d
3ecd4021
bbb64015
3fef3f93
bea0be36
3f973fb2
4026be82
3f1b403a
40013ce4
3f5a4009
bebd402b
bf61400a
40344011
3eae3f43
3fde4038
3ff94001
3f86bed4
3fc43c1a
401cbd52
40173f70
bf06be57
3f05bf3e
be8b3fb2
be8d3fe9
40023ea4
3f333f71
3fec3fa4
beb33edc
3fcc3e5a
be96bc5b
3df23fae
3f4ec5d8
3f1ebebc
3fb5401f
bd934014
3e993eae
3f393fe5
3ff73ff5
3ff54008
bf52401e
bed2bf33
40023ea0
3e0a3ff5
3ffc3fdd
401f3dbd
40223fc1
3d434014
40363f14
40073f82
bdba3ebc
3fd83f88
40103ffd
40213f78
3f563e5d
3f943fb5
3fee4020
3fc44036
40103ea8
3fac3f9e
3f9bbebf
3e9b4005
3f154034
3f443fd3
3ff23f8f
403abdaf
3fae4019
3fac3df9
400d3feb
3ffe403b
3f923d91
3fa73e2c
3fb24032
bf46be13
3f243f61
3f56bf17
3fcabf7c
3eba3fdb
40093fc2
3f82bf57
45d83e45
3f84402c
be1fbebb
be55bd2c
3fee3f6d
bf523fc9
3ff23f9e
3f553f5a
3f1fbf6f
bf373ff7
3f56bd9d
3fe43fea
3f9f401e
bf1e4030
bed04023
3f09bf18
3e9d4007
bf2e3fbf
bebe3f9d
3ced3f29
3fa93f59
40013f2a
bf313fa1
400cbf4b
3f6c3cc4
3ff53e62
3ec3402e
3f864031
3ef33fdc
40323f87
bf5a3f51
40173f81
bf144036
402b3fb5
3e8f4011
402fbf02
3fde3fe2
3f253fab
bee34009
40274013
bf79bf7e
3ecf401b
403cbf09
3f20be92
beae3f9b
bef4400b
bf6dbd82
3fb9bea4
4025be9d
403fc5d8
40363fa7
3fc6403f
bf76bf24
3ff43f5f
3f5d3f95
403e402f
bf133f6b
3fef3fad
3e28bf4b
beea3fbe
bf0a3f3d
3f2d3fd6
bf7c3f86
bec03ffe
bf1e3fb2
3fad3fe5
3e503f93
3f2b402d
40173fac
3f493fb1
bf463dd0
400d3fc3
3fbdbf44
3fd53fd7
bf4cbf7c
40063f7d
3f594018
3ee23f64
3fc0bf2b
bedf3f30
40353f84
3fb1bf64
bf3d3d07
bf2e3e51
be7b3f93
402f3f80
be863f50
be91bf23
bd1f4001
bf494029
40243ec9
40043fb7
40393f82
bf273fb6
be2d4005
4020bf04
401d3fe9
45d8bf2f
bdec3f82
402dbf30
3f31bf39
400c3e46
401ebf0a
40113ff3
3fd83f72
40223fa4
3e093f42
40243f06
bf164007
3ffa3f70
40333fd3
bdd2bf2e
3f754019
3fdd400f
402dbe0a
bf04beaf
bf3b3f83
3e683f87
40093a92
be7b3fc3
401f3ffc
3f69bf0f
3f8b3ede
bd473fef
3fb7403b
40083ef2
bf354011
40143ff4
be583f3c
3fb2403c
beeb402a
40143f38
3d803f2b
3f693cb5
400b3f60
be8c4032
403e3fd9
bd613f6c
3f6c3fe9
3ff14032
bf713f2e
402c3f34
bf603f36
40223f3e
3fc03f10
bf1dbf14
4021c5d8
3fc03f9f
be823fc7
bee23e94
3ed5bda8
3f413dd9
3fb3401a
4040bf27
3fc43f6b
40363fdb
bf2f3c6e
3f75bf22
bf633e85
3f87be66
4022401a
be6fbd3d
402d4020
402c4004
be93be81
3ffb4024
401d4002
3ff1bf69
3fbebf36
3fd6403d
be5c3f65
bf1ebedf
401e402f
3fc53ea2
4034bf0c
3fce401f
3ec73fd7
401e3cc5
3faa3fbe
40023de9
bf444028
40393e9a
bf573fc4
3f68400f
bf283ff8
3eb73f18
3fe04017
bf69bf5a
40373ff0
4017bd1f
bf56400d
3e33bf2c
40384022
3f02be92
45d83f4b
401d3eaa
bd883ff5
bf0e3fde
3d643ef4
3fda3d93
bf113f13
3f5d3f97
bdcebf25
bf7f3f9c
3fefbe82
3fbfbf11
3f653f07
40284010
bf1a3ffe
bf043f2f
be70be9a
3fdc3e7f
bf44bf56
beb4bf53
40043d8e
40164001
3f843fff
3ff23f69
40104020
4027401b
403e4000
40243f36
bf003fac
400fbef8
40303f5e
3f464037
bef6bf2b
be8fbf6f
bf083f23
3f884038
3f454024
3f223fcd
402e3f34
4000400b
bf2a3f9d
3f0b3f41
3d803f8a
400a3fca
3e984004
3f343f3e
3ffbbe1f
bf053fbe
40243f47
4007c5d8
3f93400a
40143f49
40343f6c
be983f7f
3ffe3f97
40034033
be05bf7d
3fff3eb2
3f414005
be9d3f8d
3cce4024
3f8a3fa2
3f863fa4
bed3beae
bf0c3f01
3ff4400e
3ecc3fdb
3fd7403b
3fcb3e41
4022beba
bf723f62
3f8e4005
bedc4019
bed33ff0
3fa23f5d
3f973e39
be903e98
3eda3e8e
40253ede
3fc24011
3f8b4035
401b3fed
3f5cbe8f
bf503fd3
3feb3e6f
4003beae
3fff3f72
3f8a401f
3ff9bf57
3f043fba
bf0e3e97
40233e2a
c5d8be4e
3fd63fe0
3dfa4001
400c3f7d
bf283f46
3f083fb6
3f7e3e4f
3fdc3f2f
3fc6402c
3f953f0f
3fa2be6f
402b3fea
3fee3efd
bf473fc3
3fd23dc7
bf58402a
3fbd3fb8
3ff33f1a
bcb43d7d
bed3bf6b
3f85403b
3dc13f99
3f763fb8
bf613fd8
be93be40
bef13fd7
3de6be9e
3e17bf26
3f52bf76
3fcabf50
3fc93ea1
bf154003
3e2b402d
4039403c
3ff84034
3eab3f8c
40203f8e
beab3f8a
be273f6d
bf7cbf6c
3fecbeb7
4038402c
400cbf14
3f2d3fcc
3fa54039
3fd8bf71
bcf03faf
3fbd3fb4
bde63fd0
400945d8
be92402c
40073fb1
bf01bebc
bdfd3f48
3f9cbf65
bf753fac
becb3f3c
3f2cbf5d
3fae3faf
3fcabf2e
bebfbf58
3f0c4021
3f85401d
3f35bf38
be1a3f27
bf4b3f84
3fbe4032
403ebb9d
3ee63fc5
3c923f9e
3f3b3ffc
bec3be19
40323f5a
3fb83fad
40103f9a
beb63f42
3fd63f98
400abee5
40063f82
3ea14006
bf154021
3f143fa3
3f303eff
3f973fcb
40163f1e
be7ebeed
3fe93f89
3ee13f87
bb153ef4
40073fe3
be55bf1c
3eb83f74
40344031
3fa84015
3f943fa2
bf293fba
3ef33e57
c5d83fc4
bf37bf7e
3ff93fea
3fca402d
401a3fd5
3f8b3f98
3e42bdbd
400f4013
be0e3ff1
3fef3f32
3fcbbf6e
bf533f83
3fd73fd0
bf543ee4
40193f11
40023f7a
3ed43f06
3f794002
400c4032
bf4e402b
3e2c3fc3
3f8f3fc7
4008bf23
3fab400d
bf4d3fd7
3f51400f
3fa83ff9
3f80bf6d
3f94402a
3f934012
be1f402b
3f32be06
3f0d400e
3f803fa7
401cbf4c
3f8a403b
3f0c401a
40403fed
3f8ebdff
bf4c3f40
401f4007
bee93e04
401bbefb
bdca3fed
be0a3fcf
bf2d3fe8
bf783fce
be993f39
3e1b401e
3f4245d8
400a3f8c
3fcb400f
bf233fc6
3ec33fad
3f07bf56
40053f16
3ee73fc9
3e89401e
bea43ee2
3fcc3f02
400a3fad
3fe53f93
3faebed1
be343e38
40324024
3fcb3f81
bf1c403f
be0c3e87
3f80bf10
3ff34024
bf0c3cfa
bec7be77
4027bf3f
beb7402c
40163fd2
be7c3f88
3e6cbebb
402d4034
bf46bdd5
3ffabf6a
3f0f4019
3f523fb4
401b400c
3e9b3f7d
403bbf31
3e8d3e4d
3f84be0a
bde73f07
401e4016
3e693fff
bf183fb6
401f3ff8
3fcb4015
be7b3fbb
40254011
3f2fbeb1
3f294036
c5d84035
400e3fc0
bf414004
3fb6be56
3ff63de0
3f82bf35
3f6c3feb
3f1e4033
bca43bfd
3e553fc0
3fd83fd6
40353e7f
bf1d402b
3fe5403c
3f75402c
3fdd3f9d
401b3f8e
4033be83
3fb54013
40064012
3e843fdb
3fd9bea8
40053e67
403ebf5c
400b3ea9
400e3f87
4003bf79
bf043fc2
403e3f47
bf314038
bf4c3f38
3fbb403b
3fb3402e
be8a401f
3fecbf5d
3f003f99
bf423e2d
3f17403b
3ede3fbe
40274009
3fad3fae
3e504034
4015bde4
3f23bf2b
400c402f
40073ff4
403bbf7b
3f6bbeda
403c3e84
bdeb45d8
3fa2403d
3fd2bdc2
3fc0401c
402ebed6
3fafbf2d
3ee3401f
402b3e19
3ea8401c
3e2ebd86
3f6fbeec
403a3e69
40234036
bece3f77
3fd23d3f
3fa83f7a
3ffd4007
402a3fdc
3fc2bf43
bf7c3fca
3eb93fbd
40363fbf
bf7a3fae
40223f76
3fd94004
3e8cbd71
3fae4035
3f873f82
3ee73f11
3fa9400d
3ef33faa
401e4009
3fef4027
4022bec4
3f93bf7a
401bbec4
3f673f8e
3fa1400b
bea1bf3e
3f913fa3
3fb83e13
3f184032
3f373e91
40153fd6
4019bf15
402e3fca
40324017
40123fdb
c5d83fb0
be174027
bf023e8b
3fb33fb6
bee4bf13
bf513f42
be83400b
3fed3f06
3efebf11
bf0b4010
3f764014
bf113f88
3f21beaf
be944013
3fe53ff0
3fa03fa1
bee5bf4e
40303fbd
3facbeec
40373fbd
bf2a3f67
40194032
3f513f4f
3fad401c
40073fa5
3f59bf72
3f323f60
bf5b3f02
403a4022
3fb4bf80
3eb94002
3f533fe5
bee63c67
400c3eeb
3f423f5e
3fc84031
3d773fa5
400cbf70
40304038
bf54401d
3f214010
40244005
400c4016
beedbf3a
403b3ed3
3f2bbf5c
40233fdf
3f5c3fd1
403b3f88
3f6b45d8
bea4beb7
40343f24
beb3403f
3fcd3eb8
3e6d3fd5
3e243fab
3ee5400b
3fa83f79
40113f40
40123fab
bee34038
3fb8be34
bed3bf25
3fb2be76
befbbe91
3dce4026
3eb73e1d
3fddbf78
403f3e82
3fb3bf61
40303fff
400f3fb3
3fc53f3b
4002402d
bf0b3f91
3f65bf0b
3f0e4022
3e233ec1
3f72400b
3fc5bf7e
bcf13f72
401e4033
bdd7be9b
bf2e403f
3edb3efd
bf5f402c
bf573eda
3fe93fb1
bf083f35
3f0ebedc
400c4037
bf3ebd1c
40003e94
3f41bf59
40073f92
3f9d3f8f
be423c8b
c5d8bf29
3fa73f52
3de9401e
3ee0bf31
403a3f37
bef9bf1d
3fc43fc2
3fe7bf32
40333f8e
bf464022
3f773e87
4024bf28
400d4002
40053f73
4036402e
3fd63f3d
3f2ebcaa
3ef53f5f
401b403b
3f96402c
bf354013
3ffd3f60
bf244012
3fa33fb6
403c3eab
3f073fc0
40024005
3f8d4013
bf033f99
40013d8b
3fd33f8f
3f96400c
403b3ff0
400c3e57
3f253f85
3ff53f2a
3e2abe7b
3faa3fe4
bd53401c
bf5f3e98
bf6bbeec
3e0e3fa3
bf35bf62
bf2ebe8b
40013f25
401fbf01
40263f65
3fa13f14
40053f7c
3fc545d8
3ffa4018
402b3e20
3fbb3f96
3f744030
bd56bf05
bd8a3fb1
3f1bbeb3
bf1ebf7c
bed8403d
3f863ff9
402e3dc7
3f90bf74
bf39401f
3fda3ced
3f513fd1
bf79bf66
bdbf3f0f
40123f14
3f1f3d2c
40323fad
be6abd92
bf73400e
be9e3f61
3fa13e0c
40353fce
beb24028
bee13f95
ba284000
beb94010
bf2f4023
3ec04039
3f223cd3
40213f26
bf1a3ee8
403a403e
4033bd63
3fc5401e
3fdd4023
400b3f01
403cbef1
be174012
be574003
402ebf04
4039be24
3f553ef0
3f9c3f49
3f98bdac
c5d8bf58
bf22bf4f
3ea9bf7d
402abf58
bc4d3fa3
3e313f90
3efc3fe8
bf66bf2f
3f613d52
beec3f7d
3f454015
3f594034
bdc63f1a
3fa7403c
3ec8bf28
bf243ffc
3df84033
bf103c9a
becb3fe3
40324005
3fea4016
3fb4bf78
3f3cbcfd
3f453f20
3f6fbf57
bf2e3fa5
be9d3fe9
401c3f9c
bf223fce
3f884001
be9c3fb8
bec84004
3fd83f86
40014017
400b4030
3f943fb7
bcfdbe83
4003bf75
bf06bf11
3ff5bea5
3fd64002
be213fe4
3cb83fc2
402a3fe8
3f5cc5d8
3f333f99
bf46bee4
3ee83f35
402abea9
401a3eca
befabf05
3fcebec9
bd8c4032
bf043fc2
40323ed0
3f82401d
bf283d0c
3ef8bece
bf383f52
3c31403a
3fef3fca
40253fc1
40303fbe
3ee4402a
3fee3ee7
3f083ea5
3e96bf52
3f4b3fd7
3f48401f
3f353e80
40134023
bf483ff8
3f89bf1d
3ff83f15
3f58bf5a
400b4025
3f914005
4005401d
bd9e4016
be7e3f8b
bf203f4e
3f54402f
3f90bef9
bf4d4040
4031bf15
3fa04039
3f044036
40333d97
4036bdbe
bea3403c
3fb83f85
3fc93f0a
45d83f7a
40123f40
3ee83f61
3f87bd19
40343dda
400e4016
3f40400d
402cbef9
3fe63fce
3fb73fab
40323f99
3f363e9f
3f1b3fda
403d3e35
3e963ec6
3f393f07
3fed3fe3
beacbebd
3fc5be62
403f4023
bf27403a
40224022
be1dbf67
3e753ff3
3f78bf18
402fbed0
40013eb5
be0c3c02
3e9d403a
401b3f98
3fe03f30
3fb94005
3e2fbec2
3fee4026
3f223e6d
40013e94
3f873fbe
400d3f64
3de73e3c
3f013f6d
40133f12
bf26bde7
400f3f85
3e724032
bda4bd2d
bee93c18
3f583f99
4028bf39
3f88403a
bf77c5d8
4003402b
40194016
40084013
bf334038
3ff6400c
3ff73eaa
3f284015
3fbe3fd0
3f9e3f03
3f8d3ff3
4011400a
bf663f4d
3f46bf5a
3f02beec
3ff23f62
3f8cbed6
40183fc2
3fd6bdc6
3ff3be97
3fa0bec1
40144015
4008bf50
bec3be86
3fc63f74
3f9a3fcb
40233fc2
bdd53e8c
401b402d
3fa63fc8
3f8b3e98
40383ecd
3fe7bedb
402a4006
3fd53f85
40103fa1
40293e7d
40063f1c
3dcb3f2f
bf1a3f6c
3f2bbf0e
3fca4036
bf52be4d
3edf3f8b
bebbbe84
bf374030
3fa4bd99
3fab4012
45d83fe5
40123f2e
4040be53
bf1f401f
3f3a3d82
402a403a
bec23fb8
3eae4011
40293faa
bf6a3f86
402cbf08
bf74be85
3fd93fb0
3f7c4026
bf1e4027
bf773fc4
3e3cbf5e
3f10bf49
40213f0e
403c3e8e
3f273f97
be16bf45
40363f58
3fb5bf3f
bd2f3ffc
3d943f54
bee5beab
bcdcbef7
400bbf49
4013bd47
bf2c3f5b
3f754024
bf383f58
402b4007
be583ea6
3f9f3fc5
bf5b3f84
40153ed0
3db2bd0f
4037bd1b
40053fa2
be514039
bf25400e
4007be05
3ff5bf58
3f953f14
3fc93d8c
bf7fbf15
be723fc7
3ff4c5d8
bf404023
4040403d
3f3d3e40
bf46befa
3f023ffa
4001bee3
3fc2400d
3fb03fd5
3f6e3f96
400b3e01
3e943f5c
3fb6bf5f
3fb53f25
bee53f54
bf2b3e84
bf543fde
400b3f5b
40233f0f
3fa2be3e
401c3e63
3f904030
3fc84026
4003be0e
3cd3401b
40153d9a
40063f33
bdcfbcce
4005bf5b
beb53f49
3dfcbec8
3eee3f03
402d3fa3
40134022
3f713fa2
3ffd3e73
3f413f50
3e9f3fcc
3f8b3f56
3f99401a
401bbe9b
3efc3ff3
403c3e15
3ec33fd9
be873f0c
3eb4bf2d
bf353e8c
3f3cbf6a
45d8bf72
40343fd5
3d8c4032
3e563fc1
400c403b
be103efc
3e164008
4029bf5d
3fa0bf7e
bf443fb8
3fbabe50
3fbe3fcf
3f723fa6
3fb6bf04
3f8a3fec
bf253f6f
3fdfbeba
3fcd4015
3f973f55
3fbd3fdc
bd8cbf6d
3e36be59
be36beb6
3f92403a
3e243f2a
be413f19
bdb83f82
bea5bf47
3f87bf30
402d4024
be5b4032
3fc83f1a
40024037
3f8a3f85
bf794017
bd534004
bf063f22
be1d3e12
3e213d87
3f91bf48
3f2f3f9c
3e8dbe03
3f9ebf7e
400f3fc8
3e273faf
bee43fd4
be9d4013
3fbc3f3f
4004bee1
bea8c5d8
402bbd70
40373f71
3e6d4015
3febbe2c
40353faa
402b3fdb
40373fff
3fb3bec5
bd8f4022
3fbb4014
3fda3fd6
3c4f3feb
3fff4009
3fed4019
3f9dbf1e
3f884026
3fb53f7e
3f8b403f
3e6dbf78
3fc1bede
3e993f1d
3fe4bece
bdb43fdd
3efdbe5d
40283ff3
40033f2e
3d8fbd9d
4033bf31
3fd43f6c
3fe2bd18
3f3b4031
3feebef9
403c3f17
3fe5400b
be9cbecd
3f5d3e6c
3fc63f10
4026400a
bf153f49
3efb3fd3
3f883f1e
bf2f400c
3f363f0f
40033f3c
3d3ebd2e
3f9e4018
bf533ffa
45d83f2b
3f113e25
3f9abeee
3fec4012
3efb3f05
3f773f5b
bf6e3ea3
bf314021
3f9a402b
3e913ed6
be933fb4
be263fe8
3fd23fca
3fc13fc1
3f043fd4
4012402b
3fcabf74
bf774025
401e3fad
3fda402a
bf35402b
bea8bf38
40074035
3f5c3ee4
bd203fcb
bf22be06
bf5b4010
3e763f43
40374030
3fb7402c
401d3dee
40393fc9
40084033
40173f7e
3f75beaf
3ff3bf48
3f513f8f
3cf93f61
3d07402f
bf0bbb05
be993fd8
40344030
3ea83f49
3dc53fa0
4007bf67
3fb93fef
3f56bedb
3fa3402a
3f40bd60
4028c5d8
3df23f98
40184031
40284015
40373f9b
40154002
bda94019
3ec33fb1
3f7b3fc3
bf39bf38
400b3f51
402c4010
bf1cbf4d
3ecd4026
402bbd09
3ffb4018
40043fa0
3fd64018
bd16bf47
3fc54027
3fee3fe3
bf713ff4
bf6ebe9b
3f544028
3e353fe3
3e5c4013
40083f10
bf783fb8
be993f8b
3fcdbed3
3fc03f54
3ff9bf2d
3e8c4029
3f9e4030
4015bf42
3f204037
3dff3e36
bf053fac
3ff63fd0
400bbef6
3f304031
3e9e4002
400abd7f
bd1ebe17
402b3d19
3ff03f6f
3fa43ff8
40053f94
45d83f86
3f004039
3f4ebf1d
3e773f87
3ff93f08
3fa14003
3ea24024
bf7b4028
3f9d400a
402f4031
3f753ec7
be78bf33
be61be42
be134037
beefbf30
400e4000
3f98402f
3ebf3fa9
40103f08
bf2f3f17
4020bf70
40213f58
bf183eb8
bebd4003
401e3f23
3ff0400f
4013400d
beaabf7f
3f32401b
3ff14010
40343fe0
bef33f6e
3e9b4006
402abe11
bd003d60
3f913f8f
4031bebd
3f593f98
befb3fca
be213edf
bf313fa9
bea5beef
40364031
403c4016
4017bf44
3f0cbf27
3f85bddf
bdae3e7a
3fc24035
3f42c5d8
3f693fe3
40264019
40123f6c
3f203fde
400a3f81
3ef93efe
3fc94008
40313fd6
3fdf3fbf
3edf3f95
40063f89
3db53f18
bf6b3fb9
3fb93f71
3f023fa8
3ea5bf5b
3f81bf2f
4031401d
3fe3bf0c
bf034030
bf1abe2a
400c3f34
3fad401b
3f90bf2c
bf123f9b
bf703e5f
bd533f1d
3f173fa2
bd39bf31
40263fc8
401d4017
bf60bf0f
bf5e3e51
3eb5be03
40023f20
3f843f91
401d4036
40363f9b
40024012
beaa3f5e
3d0a4026
bf0a3fa6
c5d83e9f
bf5a3fbd
40154013
3f91bf12
3fe93fec
3fe6402f
3f943ea9
4027402f
bd8e3ff4
3fefbf28
3f433f98
3eb33f4b
bd854023
bf303ed8
40183f19
400c402f
4013bf60
3f99bf07
403a3f46
4000bede
4027400d
3e4c4000
bf2abccb
4019be85
3fc33fe5
4008bf77
3fabbe9e
40383fa1
bf3d3fcd
bdb63f95
3f8b3fdd
40393eb7
3dbabef7
40263f34
3f71402c
402cbf7d
3d174030
bcbc3edc
bdfc400a
be4dbefc
40243fa2
3f8fbf47
bf1e3f81
bf21bed9
401abf7b
becdbd52
4002403b
403e4009
3fb64026
3eda45d8
40383fdb
3f883fb2
3f72bea6
bf533f92
40233fc5
beb63cf3
3d05bdb6
3fb53fd7
3fc0be8d
3f09402e
3f29402a
3f433fe6
3fda3fbe
3ea8bf63
3fdb401c
3f10be6d
bef0be51
bf6e4027
be6ebebf
3fa33e53
3fc33f9d
40083faa
40133e88
401dbf28
bed83c1b
400bbe18
3ef2be6e
40253eeb
3fe43ffa
3da3becc
402f400f
3f903fcc
402a3f99
3f37bf25
3e823f86
403c3faa
400ebee2
3fdf3fbb
bf584006
bf484021
3ed33f9a
40063f9e
3f9a3d3f
40293f8f
3fa0bef2
4006be43
4021be08
c5d83fdc
402cbe82
400dbf05
3ef83ff1
bf753f83
3fe83fbc
40324008
3cc93d1d
3ec9bf52
3f49402c
beea3f7c
402e4002
3edc3ff2
3f3d3f32
3ff34025
403c3fb0
400d3b8d
402f4013
3e1cbf36
be9a3e82
beb1bf66
bf673fdd
3feabea1
bec13feb
3d874031
40323ebf
bf754001
3ea33e8c
3e843f4d
400d4030
bf4ebebe
bf483f82
bf0d3fe3
3fbc3e82
40134025
3e8cbf06
3e0f3ecc
3f4d3fce
3fbfbe28
3fd73ff5
40024022
bda13e8e
beeb4001
40333fc4
3ff73e02
3f7b401d
3fadbedf
3d963fda
3d1d3ed9
3f4f45d8
3f82bf1b
becdbeaa
3e4d3fcb
3d833fd3
bf664005
4037be95
3fdb3fa0
3ea2bebe
bece3ff0
40123fa2
3fcebf73
4020bcc3
400c4016
baab3f76
4033bb86
3d403f3a
3dc14036
bf3b4020
401d3fed
bf70be9d
3eb2ba62
40013ea2
40123fb7
400f3edc
3f223fb9
bf723fa5
be5b3e0f
400f400b
bf553f1f
4035be49
3f223fe8
bf563fd8
be954036
3f923f5d
40073f15
403e3fbd
3f3abe8d
3f983fca
3fac3fce
402c4024
3f773f8b
3fc33f47
beb83fd1
401a3ed0
bf603fb3
bf43beec
3f59bd9e
c5d83dc3
402b3dc2
bebb3f83
bef1be33
3f904036
3ec8400f
3f8c3f92
3f953fa1
3e964021
bef93f01
be883fcb
3fdd3ec3
400e4020
3ffb3fa9
3ffd3e8c
3eac3e46
3f314040
3f463db2
bf773d53
3f6a3fa6
40383e2f
be1d3e75
bf363f93
40153f12
3f3ebf5a
4004403b
3fbb403a
40053e4e
bf633fd3
3fd03f1a
40273f8f
3fba3f35
3fc33f8d
40243f82
3fdb3e55
403e3f65
3fd13ff6
3f81bf11
40313ca0
402e400c
bec73f2d
3ff0be29
3e1a3fcd
401dbf53
bf34401e
40154009
401c4028
3e94be93
3fa83f52
bef745d8
3f48bf65
40353ffd
4012be9a
40343fd9
40113fdc
40144006
3f42403c
3f2c3f71
be9ebf4a
403ebf26
400abe93
3ff9bf35
40093f3c
3feebf5f
3f513f99
3fb7bf33
40113f8d
bdd1befe
3d803fd6
bea53ef4
3f19403a
bf433f0b
3ffb4000
40264023
3f8b3fa7
3fec4025
3f823f0e
bf103fe2
3f1a4007
3db13fde
3e96bf0d
bf5d4007
3fcf3f8a
3f843f15
3f993f89
4001401e
3ff33f7d
3eeb3f00
4004403f
3f854009
3fe14013
3f9e4020
bd3cbf4e
3e2a3fe9
bf6f3f87
bf4d3fb8
40354017
c5d84025
bf32bf7a
3fa9bf08
4034bd47
40204023
be0b3f9a
3fa84005
4001bf6f
3ef9bf16
401d400f
4009be8a
4027bf10
3f673ff7
3fb34026
bf193e00
3f523fee
3f8e403e
4007be5b
3f5c4015
3e1d3fec
3ee1be77
bcd13ffa
40363fc0
3fdbbf43
bf6cbf67
402d3ff0
3fff3fad
bc52400b
3e163f9d
3eefbea4
3f833eae
bf4e4022
bf4f4026
40223f06
4021bddc
400d3fc2
40353faf
403bbd82
bedf3f66
40093eb0
4012beec
3f083fc3
3e953fd8
bee2bf64
bf29bf1e
3e6f3f8d
3fd93fbd
be903fc4
3f213f17
3f9745d8
3ffc3f25
be6c4038
bebb3fb1
bf733f47
3fc03fd6
bf7a3f83
3fd43fd1
3f4c3c71
3ffabef6
be0f3f27
4027bf17
401fbf7d
bf2b3fc0
bf2c3f66
3fbd3e9d
bea13fb1
3dfb3e44
3f923f96
bedd400f
beccbf3a
bf7ebe3b
3fe4bf06
bef74000
403b3f81
403a3fec
3e50bee3
3f72bf0b
4025bf1f
3f60bded
3e5f3de1
3fd23c20
3e783ea5
3fa14010
bea9be7e
bf533f34
4002bf38
4038bf77
40143fd3
bdc8403f
401e3ff9
40254038
bd134013
3f233ff9
bf173fc0
bf653fde
bd7bbf60
becd3e82
c5d83f19
bf4abf53
401dbf6c
3fb03fcc
3f653fb0
be7d3e03
40114021
bf213fba
3fefbf5e
3fc3bd62
bf044033
bedc3f66
3f1d402d
3fdd3fe8
40053dc0
bf4cbd11
3fa13fac
3f97be5a
be463fd8
3ff44028
3eaa4017
beae401e
bea64040
3ff14018
bf63bf71
bf37beda
be46bed5
403c400a
3ece4008
400b3f9b
ba90be7c
400a3f91
3efdbf5c
401fbdbe
bf334010
3f6d4027
40233fa7
4020befd
3fea4021
40053f5e
40123feb
be14bf78
3fd0bf6c
3fff3eb3
3ea63ec4
3ff0400a
3cc1403c
400b403e
bec14024
bf6645d8
3f2a401e
40253deb
bd133f8b
be90bdc6
3fc6401f
4000402b
40313fd2
403d4017
4023be90
40144023
3fb1400a
bf7a4031
3f8d3fd5
3fcc3daa
bc933efe
bf58bc8f
3e293f3f
40194012
3eeebf21
4026bf44
40374005
40373fe5
bbaa3f60
40383fac
bf54403d
3fc9bce8
3fe33ff6
3f1ebf00
3f933f7b
401d3f64
3e2b3f59
40153f5a
3f96401a
40234035
3fc0bde9
40253ed4
bf2f3fbb
bf7cbe41
3fa94006
3ebcbe40
40393f2d
3f4c4021
45d83e3c
3fa84038
3fda402a
3fd23e53
bf704037
402c3f83
402b3ec8
40303fbe
400e3fa8
bf543eb3
be78403e
bf5f3f6f
3d953ef0
3fd53f9d
3f953e75
3f834012
3fa9beda
4022bf05
bf343f6e
bf66400b
3ff1bddb
3f353f96
3f963fae
3e8b3fe4
3f5e4012
403cbe5d
402fbf45
3deb3fe8
40333f72
3feebef5
3ff53e7d
4005401b
3f1d4014
3f943f3e
be60befc
bf5e4003
bc5c4022
4011bf28
3f333fe1
40284003
3f51bf5b
be99be40
3ec43f8e
3ff2bf64
40203df1
3f1c4017
403ebdea
3fb14003
3fc74009
4010c5d8
401b3ff2
40343fd7
be83bb70
3fca3fb1
4038bf0f
40124034
3c8a3f8b
bf00bf35
bf7a4008
3fb73ed8
401b3ecc
3ebcbefa
bf4f4007
3fc24003
3fe23fa9
40033fb9
3f72403c
bd01402f
403c3fdc
3f8b3fdc
3fd03f16
403a4030
bf0e403b
40213f60
bd363fda
3ea83fcb
bf273ff1
be853f0b
3f403f80
3ef6402b
3fef3fbe
bd343e4d
bcce3f4c
40383e90
bf4e3e14
3f773ec3
3e944003
3f013fff
3f4e4015
bf1abf71
be08403c
3f0f3fbd
3f6f400b
3fe83ffa
3f8c3f95
be6d403d
be82be8c
45d8bf4a
bd243fed
3ec0bf4d
bcca3f77
3f32bddd
be593f1e
bf413f18
3e584031
3ec53f78
3f303fef
bf5dbf38
bf2e4034
3fbd4004
40053fa7
3daa3fe2
3ff43fbe
bf024034
be9b3f62
40143d77
403ebe79
401dbf6d
3ffa3e70
bea63f99
40153e00
4014bf78
bde64037
3fc4be69
be453f26
3faa3f97
3f46beec
3f763fb1
3fd6bef6
4011bf54
3f603f5d
3fa5bf71
3fb73f9e
40183f7a
bf3b4004
401bbd3c
4033bee6
bf5f3f16
3f523fa5
3dbbbeaf
402fbeda
40173ec7
3f893e95
3f0d3ffd
3f664000
403a3f1f
bf73c5d8
3f8d4030
3f7b3f93
402a3e6a
3fde3f11
3fed3f3a
bde3befd
bec6bf2b
3f9f3f67
bec63f26
3c853d84
3fab4016
bc89bf24
400b3feb
3fd54017
3f943efc
40233fc0
40404011
403bbf09
3f353d46
be823e2c
bf2dbf7b
beb0bf18
40063f29
bf69bf4e
be613fd7
3ec1be4e
beb83f98
bf683fba
3fd24027
4006403d
3fe83d9a
40194020
401b3f98
40193fc8
bf5a3fca
3fdabf0d
bf35402a
3dc3bf30
3f8d3f7d
40334010
3eef3f27
3fed3f29
3fa63ecd
3ebb3fde
3f85bf7e
403e3fe0
bef0becf
45d84020
bf35403c
3e4a3fe1
4022bf58
bf244034
3f404027
beccbf80
3fdf3f7e
3f503fa5
3c9dbf7f
3ffebf05
3fdbbeb7
40393f3d
be42be16
bf124032
bf7a3fca
be7e3f15
3f83402a
3f08400f
400cbf3d
bed7bd98
3f513f28
40023f8b
400e3ffc
3f3bbea3
3f7b3e74
bead3f18
401e400a
40153fc7
3e31bf36
bdef401b
beca3f9e
400b3bff
40243fb7
3e7d3f4e
40344009
3f264026
4001be35
3f5e3fe0
3ef83ec2
3fc6bf36
beb0beaa
3fb73e2f
3faa402d
3eca3ff9
3f46becb
bf0b3fd1
40263ffc
4027402d
3fe8c5d8
3fa93e2c
be6f4010
401e4036
3ec33fd3
40154013
3fc0400a
3ffd3fe6
3f793ec4
3eadbd4f
3d6f3fa1
400a3fd7
3f973f6f
be1fbf7f
beea3fe7
bd943f88
3fe3be31
402a3fa3
401abea2
4033bf33
bf343fdf
3fd1400f
3fdf4031
401fbf4c
3e594019
40323f16
3f603eaf
bef94028
3e913f86
3f5f4023
40153fcb
3ef23d80
bd903f5d
4008bf0a
bdf94026
3fdf4030
3fde4011
3e04be84
3ea84039
3fb9401a
bf5f3f86
40143f79
3f593f7f
3f923ea8
3fc9402c
401f4011
40273f08
400d3e41
45d83e4e
3f993f4e
3f7a400a
be073f45
3fd93f34
3fb53e4a
bf70bea1
3f264026
bdcf401a
3fdd3f8d
402d3f9a
bf1e3dba
3f85bb5c
40053ef3
be81400a
3f6b4011
3fbc3dbe
3e0a403d
3f6a4018
bed7bf76
40354022
3eec3e7f
3fb43fcb
3f573f93
400cbf52
be5b3e7e
3e1cbee1
3e053f0d
bf66be77
3e613f49
3f7b3fff
3fc43fa9
3f80bec9
3fdcbf2a
bc9f3f9d
bef43fd5
be653dc4
bf283c45
400f403d
400cbd67
bec53fa0
bd4b3fa6
bf33be0b
403d3efa
bf4e3f3e
3cdabe80
400f4005
3fff3fca
beba3ffa
bf2cc5d8
3f16401e
3fdb3c84
400a3c60
4006402b
3ff4befe
3fb6400b
3faabf4c
bcde4004
40223ef1
bf4c4019
3f103fba
3f89bf58
3f38be6f
40134003
bf48400a
3fd93ea4
befc3f35
bec9be12
be6d3dc2
bf6a401f
3ea3400c
3f5bbf0f
bda6400a
3f103eee
3fd23a79
40363f79
40273f28
4002bf29
3f8b3f68
4002400f
3ee1403f
3e913ff9
40203fe5
3f934034
3e4cbf37
3f83bcc5
3dbb3e02
402d3f81
3f873f02
3f2f4008
3fdf3fb8
40263f0f
40363ee8
3f763f8b
3f6e3f46
bed8bd11
bf104001
45d8bf3b
3f923fff
3f513f1f
40383ff9
3f3b3f4d
3fec3ff6
bde34025
3f98bec8
3fc14033
3d623f80
bf623fd8
4000403e
40103f84
403d3fd5
403c3fa4
bf253cc1
403abf11
bf4fbf25
402d3fcc
3f8d3c29
3f883f52
bf4fbf2a
40314033
beed3fce
40103f76
3f3d4014
3fb53c43
3e8a3f48
3f87bf2e
4012bf4d
3ee24005
3fa64032
3fdc3ec9
3fe6400f
3feb3f98
3f8a3feb
bf2f3fba
40283fc9
bf333f9f
4004be4a
be393f90
403e3f02
401abd33
3fa83f39
bf3c3fc7
402e3d44
402a3fd7
3f99be1e
bf1e4026
3f9dc5d8
beb63fd0
3f9c3f19
3ecd3e9f
3fd14018
400f3ef3
3f923f42
3f343f96
4038402d
3f4a4026
40374028
3ffd3eb8
3f704029
400d4018
3f804013
bd4dbf26
be22403c
bee34033
bf4a3ff5
40244035
40253fb4
40123fe9
be6bbd08
3f753fed
40203f9c
bf56403c
3fec3fec
bf74402c
40273fce
bd88beab
403dbf5e
3f684010
4020bf61
3f62bf08
3ff63e8e
4005befe
40254005
3e314039
40163fee
3f283f42
bf80bf77
400d3e0d
3f96bf48
beb43fc5
3eae3ff6
3fd13f35
3fbb3f35
3fb14014
45d83ffa
3f63bf17
3feb3fc3
bf1d3f9c
3f4dbf2f
400e3f8f
3f213fc7
40243faa
3f8c3eb9
be924009
3fae4000
3f84bf21
40383fe9
bef63ef2
3ea3bf07
bef53ee5
3f5dbe81
40213ee8
402d3f61
3fbe3f31
3eda4008
3fc63f9a
3fc33dda
402b3f4a
3f73be27
40053f2f
4007403f
bf494022
3fcfbf2f
4029bde5
40164014
be154010
3f264037
bc9b3f9e
40334015
3f4e4031
3e593fb5
bf353f90
3f673f31
3eaa3e3a
3ff73e04
bf253f96
3de23efb
be5b401c
beed45d8
be51bf35
3fe83fb1
3e633fd5
be3f3fa9
4016bf51
3ec14006
bd8e3eae
bf16bf0f
3fd33f26
bd8f4013
400e3e31
3e733f5a
3f863f10
3fbe3f53
bd6b4011
40373ffa
3f3e4021
3e7f3ffe
4004bde1
40143f9c
40023d66
400b3f71
40203f78
3ff93e5b
bf493f17
bebabec4
3fd03ebe
bd093f95
403b3ed2
3ec6bf19
3fc03fe3
3fa13f30
3fb9403f
403d3dc7
3eee3fa3
bf254035
bf044028
bf154024
40183e93
3edebee2
3ec23ef3
402d3de6
3ea64020
3ed0bec2
4027bf12
3f843edf
3d05bc15
c5d83e41
bf3b3f94
bf0d3f07
3f28bf6a
3eda400a
bcbcbf68
40223e1f
3f213fed
3fa8bf27
3f913faf
3fdc4015
3edc3fad
3ea43d34
402a3d98
401b3f9a
40103fa4
3eb7bf78
40284028
3f833f60
40304039
bf653f53
400c3f40
40363fef
400b3f99
402dbf12
3fb03f4c
3f07401e
3dea3f68
3fc9bd1f
3f3c3c8d
3f11bf33
3f903fc7
400a4024
3e8cbf67
bd9c4006
3f3cbf1f
be6e3f8b
bf063ee2
3ec53f80
3f6abee5
3f9cbda2
bf0b3bb6
3f8fbee7
3fa44033
400b3f8c
40223edd
3f97401a
bf2f3f93
3f8ebf33
403245d8
40373f7a
400e3f87
40023fd7
3f81bea6
3eb7bef3
3df63e98
beba3fe0
be0a3f8d
3fbb3fc1
3ec24021
bebb3fa6
3fec3ffe
3f2d3fea
3dcf401f
3f913fed
3e733ea5
3f524000
401cbedd
40243df2
3e67be48
3f5a3ef0
3fbc400d
401db904
3fb93f45
bf663fc8
bf25bf11
3f8ebd0c
3f2e4021
3f8f402c
be8c4031
4027bebd
4007bef1
40283fd2
bf4b4019
3ff74015
bee33fb9
be6abf04
40404012
3f924025
3fec401e
3f923fd6
3ffa3f50
3fe24031
3fc93fd8
bef63f40
bf153eaf
402cbe2f
c5d84039
3fd8bf50
3fd9bd87
3f253fe7
beb73fca
bf7c3f87
3eff3fd4
40163fb0
39f03f2a
3f453ed1
be35be90
bd0dbf00
bf05bf1f
40033f7b
bebdbe92
3d96be65
40183fcb
4022bea2
3ff0400f
bd60bec0
bf153ffd
3fd63e5c
3f7b3f9e
3cbdbe8d
3f8a3f7e
3ee54007
3f2cbf39
bed63ff2
bf013fab
3eae4008
be77bec5
3dfe4013
3e5cbeba
3fd43ee2
3f9ebecb
3ffe402b
bea34026
3fde4013
400d3a74
bf7f3e49
3ffebf20
bf643f31
3e63bd5d
400a3f88
3fe6beea
bc363ffc
3df73f44
3de64011
3fc73fd5
3ff745d8
bf1b3e89
40113fe2
40193f17
3fadbea1
3e3f401e
3fa24005
3f6ebec4
403dbf4f
3e8b3f51
3e764018
3fb1bf1a
40153fb5
bf36bf3e
3eb7bf69
bdcdbed7
40014032
3f814001
be45bcff
4016bf3d
3f423fbd
bf663f3b
3da8401f
40194035
3ee3bd89
3fe3be37
3fdb3fc5
bf614023
3f0b400e
40373fc5
3fdb3f3f
bf6dbecb
3fea4020
4004be95
bf30bd6b
401fbf6d
bf0c3e99
3ff73f7a
3fbf3f7b
3fa23f96
3faf3fff
3f8d4024
3fbd3f9f
3ec8bf31
3ea63f52
be7abeea
3f254027
40393fdf
c5d8be9c
3f9ebd44
3fce3f8e
bf163f4a
3fafbf2f
bed64026
40283f20
bf323f7b
bf20bcc7
3e3f3d5a
3f9ebe94
bf38bf2a
40193f6f
bf80beed
3f223e70
40353f75
bf2c3fd3
3fccbf4e
3fcebf29
3ef43fb2
3fd43fda
4029bf05
3e7d3ff3
3fa93e41
3f22bf2c
bdb73f63
bf334019
3fe24005
3ff3bf5f
3fe93e9c
3f71403c
3f314010
3fdd4019
40293dba
402d3f84
3f1f400b
401e3e06
3f99bf19
bf483ee6
3eb54003
bec34016
3e3a4003
40273ff6
3efb3fc2
3f973f79
402d4015
403d3fa7
bf624013
bf7a3fe6
402145d8
40343f39
403f4029
400cbf40
3fdf3de2
3fd14010
bf163fe6
3e983ff9
400c3ff2
3eab3fab
bdfcbe44
3f4a3eeb
3f923f22
3e563ea3
40313e34
bf4a4028
3ffcbf42
40233e39
bd603fa5
bdc63fa4
40103fdc
bf63bf45
40084024
3fd13c8f
3c793fc1
bf31403b
bf043fc4
4014bef3
3db83fa7
3fd14036
bf663f28
401e3fca
3fa9be91
4035400e
3f794026
be7f3f2c
40163fe7
40263f46
401d402f
bf033fe6
3f374000
3fc23db7
3fe04036
3f68402b
40274002
3fb73f79
3f5c3fbf
3f07bf1a
c5d83f83
3f753f9d
3fd33fd3
401f3fc4
bed04022
3f6a4012
3fcb4023
3ff53e70
bf1e3fcc
40364007
40293f98
bed43e92
bec53f1f
3f3a3fd6
3f713fff
401f4020
3fefbf16
3ffe3f46
3ea73fe6
bec8beb8
bf52bf2c
3f15befd
3fa2402c
3f9e3f53
3f01bb82
bf463eb7
40294002
3e69bf15
3f814029
bf413ff1
401b402e
4021be7e
3f6e400a
4038401b
3fabbed3
40104000
be693fe2
401e402d
bf5a3f97
40383f12
3f4ebf25
3f103e88
3ff13f9d
401bbf60
3f843ff9
3f81402f
3fb73ff9
403e3efe
3fcc400c
bd8345d8
bf403eca
bea13f0d
403c401f
3f603e5d
3d533f67
400d3f61
3f1d3efa
bf123e35
402d4021
3f4e3f68
403c4008
403dbe5d
40103fa9
be963f47
bf1f3f55
3fce3fa6
401dbf17
3f58be0c
3e15bf04
3e473fee
3ee9be89
beb0401c
3fe2401c
40163f2e
3fa53f87
3e513e89
3f583ff0
3f5e3ff0
3d6e3dbf
3f1e3fa7
becd4020
3ff3bf03
3fa83be3
3f9f400e
402b4035
be14bf1f
4006bf70
bf0b3f02
3f943dd4
40244007
bf3f3fc9
3fe5bf70
40053ffb
4029be90
3f0dbec0
40063eb0
bec14018
c5d8400b
be85bd99
3eed3fdb
3f973fab
bdba3e30
bdee401d
3fff402e
3f8cbeae
bee6bf15
3f363ff2
bf593f90
3f6fbf69
bf6ebec7
3f6c3dbb
be0dbe71
3f08bf1c
401dbe36
403b4020
3fd6bf19
bf733fb6
bf3bbf55
3f853dbc
3edebf6a
403f4016
40023fad
bf33401c
3f223e57
3f99be0a
40063e0d
40204019
3f4a4025
400ebe2e
3f633e86
3f914016
3e723efd
bf273fef
3f433e11
bf0fbefc
3f923ca9
bdf4be0d
3f403f3b
3f143fd8
40244020
bd48be60
4032bef3
40333e37
402e4040
402dbf60
bf4c3fc4
3f1745d8
3fb63fa6
bf393edf
3d8b4022
40243fe7
402a402f
40163f33
bf6e3fad
bf4d4002
be233ffc
3fb53fe0
3ebfbe86
3ec8400b
3ea43f07
bd353ee1
400b4001
40213fbe
3fedbe9e
3f8e4007
bf073f02
40283e62
3f63bf09
402b4010
40223f5c
3fac4003
3f113f75
40333fb0
3f043feb
3fc53fa1
40303f7d
3fd34023
3f2c3f7a
bf613e0b
40153f5e
403f3fba
3fe83fbc
400b3f69
3f653f9c
3f313e62
bf53bf6e
3ef43fa2
3f39bf7b
3fb8400a
45d83fdb
4016402f
3ffe3fb5
3fec3f21
beb93fa7
402d3e3a
3fb94040
3df2bf32
3ed1403d
3fa7bdce
3ebb3f26
40224024
403bbd66
3ff5bf0b
4019bef9
bea43ed1
3fa83fff
40203fbe
3fd83fc0
40143f68
3f663fd1
3ea73f6c
bf5f401a
3f253e0d
be9d3f2d
3fb53f4e
40243f0f
3e6f3e0c
be0d403d
3e70402a
4027bf21
400b402e
bea8bbeb
3f803f86
3ffa3fd1
bf173fa9
3fc5bf79
bf504026
3fe1bed8
3fe9bf33
3f664005
3fcd4008
be58bf25
400f403f
3ee73f3f
3f53bf63
bdde3fe5
be473e2d
3fee3f0e
3e61c5d8
3d9b4040
402e3f28
4021bf1a
403b400c
400a3f1e
3e893ea4
3f0b3fbf
be093fdc
3fee4027
3f6b3f2d
3f8b402b
3fb23fdf
bf6fbf45
403c3d8e
3ff4bf48
3f413ecf
40213fb6
befebe82
400b4027
3e0fbebe
3f203ee5
400abd91
3f923f97
bf183fc1
bee0be0f
3f5f3f10
3f244000
3ec44005
4008bdd5
4022bdd5
40043fa5
3e45401a
bc54401e
bea4bf55
3f473f2d
3d8d3fbf
bf133eee
3f05be25
4017bed3
3d1fbf47
400e4007
401bbd9a
bf30bf65
bcaa3fbd
3cf63ff1
40314013
400dbefe
45d83e1e
3f523f8a
3f97bf2e
bc533fc9
bf0d3f30
3f554012
bf2d3f92
bf063fcb
40173d16
bf1b4027
3eba3f24
3fef400d
bf394016
3e904029
3f2c3fd3
bdb33cfa
bf093e15
3fec3f9a
3ff93f34
3d743e7d
3ecd4017
beef403e
3fe24039
3fcb3fe3
bf0b3dd7
400a4015
400a3f46
3fce4036
bf7b3f63
3ea2bee2
403c4013
403d4039
bea13fac
3f22bef5
bf384036
bdb1bf3e
40064036
bf084025
3fb34032
3fa6403e
3f4cbe92
bf503f7a
402b400b
bba64012
bd80beec
3fef3eb1
bf27bf75
400d402c
40323ec4
bf08c5d8
3f9cbf3f
3ee94013
40223ef5
3fb23f8f
3f474004
402b3c9c
bf4f3f9a
402d3f8e
4016402c
befa3fcc
40204011
bf363feb
3e0f3fe7
3f0c3def
3e9c3fc1
bebd3ecc
be33bf31
bf413ed5
bf093deb
bf7f3ec5
3f47400e
bef0be9d
4015bf1e
3f9c3feb
bf35402f
3fe0bf0f
40243f7b
be2ebe95
402b3e7d
403abf41
3feb3fad
3fcc3f90
3fb5bf35
be993dca
bf4bbee6
3faf3bc6
be974000
3f0e3fff
3ed7bf34
3f7f403c
3f833f7b
400b4016
be583ef2
bd93bf38
bee83ff4
40243ed5
3fe94023
45d83fda
bf0b3fab
bc893fdf
3e604008
3e983faa
3f0bbcc8
bf28bf23
bc81bf78
40343e8c
40004031
3ff63fbf
3e863ffb
3fae4016
3e673fcd
3fe1be5d
3fb83ff7
bf703fbf
3faa3e09
403abeae
bf163fc5
40023fd6
3fd4bf21
3fed4005
40353de7
3f83bf16
3dad3e3d
3e2f3fb5
3fde3f81
40393e8a
3f853f9b
40033fc4
4039401b
3fa63fe8
40173fdb
40024017
bf784039
3f974017
bf3f4029
403fbf56
be964040
3f833fb6
3f4d3f98
3eba4030
3ff33fa7
bd1e400f
3bd23f2f
3fcf3f02
402cbe9d
3ceebeee
3fa5c5d8
3f2d3e84
40133f98
bf45bdb3
3f313fa5
4018403d
3d3e3f18
3d9b3fe2
3fbf3fb4
bf683fdf
bef74039
be613fc1
3f473fcf
4038bdcc
4005400c
40074013
40074011
3f1fbdd5
3fb9403e
401f3ebb
4040bdb3
3fd53fde
3f1d3e8f
3f1d3fdf
4028402f
3f543f81
402e3f9b
3f7f3f36
3f904031
40093fe3
402a3ff3
3fcdbf40
40283c5c
be86403a
4006403c
3fcb3fe1
3e8c3f96
3f403f06
3d8e4032
3fdcbf04
3fe24035
400f3f96
3fffbf50
3ff13fa7
3e5d3fc3
3fa6bf79
be013f6e
3fa43f2f
45d83f5f
bf633dc6
40073fa7
3f1a3be4
3fb43e29
bf2c3f05
3f2c4001
400f3e5a
3f93402d
3fe33e27
3f324007
bc2b401b
3e023fed
40013f07
3f9c4017
bf0d3f93
3fdabefc
be343fa7
becb3d7c
40303e06
bf1b3fb2
3e8e3fe1
3d6d3f3b
bf133e11
3fafbf4d
3eed3fdb
bf273f53
40073fea
4033bf75
403b3fb9
4039bf29
bea83fd8
3fe6bf76
4028bf38
40303fb5
3fb43fe5
403abeeb
bf723ef0
4032be4a
3f1b3fbc
3ff23e34
3e8a4028
401f4033
4004bf03
3fa83fc7
3f824020
3f4c3f27
bc38bf2a
3fc6be8e
3f29c5d8
401c3f97
3f183fb7
3ff24012
3f62be3d
3f84be0c
bd914040
bea6bf09
3fd33dc6
3fa64033
3f1d3fba
3f244028
3f903f84
bf0e4006
40333f2a
3f95bf55
befd3fbf
bf083d9e
3f42401a
4010bf29
3fd3403f
40013f48
40393ff1
3faf4014
3f5d3d8e
bf1cbf4f
40113ff5
3e573fcd
403a3eb9
3fd53f76
3f294031
40143ff7
3f0fbf6a
40323df3
3ff7bdb4
3ff73ff6
3f86bf7f
3f753fc8
3f933f30
bf593f45
3f633f36
3fa73fc4
3f213f92
4010bf3e
3f0f3f1a
40274011
bea3400b
3fe23e90
45d8bddd
40073fca
bf4a4037
bf7a3e83
40263f8a
40363e9f
3d1c403a
3fa33de9
be8d4024
40363ebf
be473fbb
bf054029
bf523efa
beab401b
40144006
3f8c3e4c
be9e3f47
3f8f3eae
400abb58
bf173ee7
40044031
3f263ecd
be104000
3fa24033
3f203fc2
3e873edf
bf24be1e
bef73ea2
bf403f2f
4003bea8
3ebb3eb1
3fe63f3f
bee83f99
402a3f5d
3fb23f0d
3ebe4003
3e14bf11
4012bed6
3f26be80
401c3f61
bec33f82
be10bf57
3f95bed4
40264030
3fa9bf4d
3fce3ebe
3f903ff8
4005400e
3fbbbf1b
3f96c5d8
402dbf1d
be333fa6
403a4031
3fd64015
3fcf401d
40223f84
be5f4038
403a3fba
4006bea4
40173ff2
40093fa4
40113ce8
403b3ffc
3d563f86
bf28bf2d
bf453f86
3fb63dca
3f603f36
3f9e3f63
3f6cbeea
401e3f24
3fa33fb0
3f25bd80
3f904033
4022bf03
bf3c4008
3fd83fcf
3fff4010
bf0bbf5b
3f0b3fc4
3f093fb4
bf4a3fdd
3fe3bf75
3fe93fb3
403e3fd4
3ead3fd9
bdf43ff3
3f91bdbd
bf473ff6
bf1cbd85
3f194008
3cfd3fe1
c5d83e59
3ffd4035
4008bece
3ef9bf5b
bea93fb2
bf60be99
3efa3e48
3f64403d
3e85403f
3f59bf3f
be0b402e
3fe1bf38
3fab3f9f
bdabbf0d
402d3fc4
be9b3f60
3fcb3cd8
3fc04001
bf333f96
3d1bbf6f
3fb7be41
bf6bbf46
3ed8bf53
3e963d39
3ff1bedf
400f400f
bf1f4034
3fcebeb7
bf6c4014
40184039
4035bf78
40243ed8
be95bf04
3e82bf46
3fcbbf72
401ebf4c
bf484026
3f513f0e
40124020
401d400a
40373fe5
bcb03fbb
bea63f97
40013f43
3ffc3f4a
3fb7bf26
3ed1bf53
3e624019
bf10bf15
3fa345d8
4021bf1a
bde94030
3ee5be78
40283ff2
bd193e65
4001403f
bf5b3f4b
3f18bf0a
4016402e
3dc3400d
3f15bf35
3eac4025
40153f2b
3f883eee
401c4027
3fb0400a
3f0ebe2d
3fda3fec
40353fb4
3fc5bef1
3ffa3f70
3fd44029
3f57400d
bf523e4c
402dbd15
bf333fb3
3f9c4016
bf223f1c
bf113d53
40294033
3ea53eb4
bf503f5a
3ff73c5f
3fa8bf5e
3fd53fae
403d403e
3ff1beb3
3f0d3f90
400b401e
bf353f6c
3f833f89
3fd13d26
bf0a3fbc
3fccbe60
be2ebeb7
3ed03fb5
befb3fe4
c5d8403b
3fd83ecf
3fee3f8a
403e4012
4015bea2
4039bf3f
3ff23fad
bd93403c
40303e50
bf12be86
40163d78
3f59bf1b
3f8a3eed
3fd43fc7
400a400d
3ee73ff4
3f5a3f8d
4002bf4c
3fbb4031
bf2b4003
4017bf7b
3e42be0e
3ff8bf40
40343f86
40243e78
bf403f66
bf49bf61
be903f6b
3ffd4003
3f76bf58
3f964031
bef3b846
bf374014
bef93e24
40363f66
bf10bec1
3f123fc9
bf733f28
3f3e3fa7
4023be72
bf393e2d
3efcbf12
40304012
3f6d3f25
3e8f3fe6
3fd43ff5
3ff33fcb
3ee4bf56
3e2d402b
3f5345d8
3f853fa3
3f0dbdbe
40353fc9
3fba400a
3be6bf38
be66400b
bf583eef
bf303fa0
3fb3bee4
403f3e09
40044019
bf5fbe90
bf50bf28
3fbd4029
be3fbed4
bed43f2a
403a3fd2
3dc2bd2d
3f4f403f
be734012
3fdd3f97
40033e14
40304032
3f993fcd
bf72402c
3f433e8c
3fd13f04
beb7bd80
3d124007
bf50bf04
400fbf29
3fa43fdf
4032bf60
4023403b
3f943e93
3f44bf20
4001bf2a
3f153f96
3feb3f6b
3fc93e16
3cd73fea
bf3f3ff4
bf013d8f
40394014
bf14403e
3e234028
4002bece
c5d8402b
be613d75
3ed63f4a
3ec64030
3fb43f67
3f003fd4
3f743e5e
3fae3fad
3fc03fc4
bf0d4001
40383fdf
3e823fe1
be32401e
3fc53fae
4037400c
bf28402e
3fbfbf10
403d4014
bf3d3f12
be684020
3fc44037
3f473ec5
3e54be3a
3f7abdd4
bedd3ec7
3fd7bf57
3fc04029
bf7a3f1f
3f2a3d1b
bf143f5c
3ec73f61
3e593f6f
3fb33fb8
3fd43eee
bf7c4037
3fb53fe8
40393fbe
4022bf4d
3fef4004
bf263d26
3f8b3f7d
beb83fd5
3fed3fe1
be684007
4019bf4d
3fea3fef
bf04bf76
3fce4014
3e843f07
3fab45d8
40283fd8
3fa14021
3eec3f93
3f904036
3e25bf0d
3fdfbf21
beea4020
400c3f2a
4021be42
40324001
bed7400e
3fa0beb0
40204006
3ffebf10
bf37bf7b
40003fff
be903fac
3f29beb2
3fbf3fa3
4004bdc4
bf373f22
bdca3f8b
401a3feb
4008bf43
bf30bf43
3ffc3e71
bf5d3f1c
40344008
beb23f3d
3f99beb2
3fe8400f
bf1b3f74
3f2d3fd5
3eeabe88
3f6a401b
3fa74022
3ec5403d
3e33bbc9
3f9abdcd
3fec3f04
bdc43fc8
3c65be1e
3feb4019
be7d4033
be0f3ff1
402c4028
3fab3f3b
c5d8401e
bd9cbebe
40323f21
bf7f401b
bf6e402f
3edc3fb9
40213ea8
be9b3f1d
3e67be51
bf46403a
3f2ebdc9
3f83400d
40243d3f
be293ebf
3f2e3e0e
be90be2e
4003bd83
3fe83e76
3fb53f9e
3f843f7c
402fbf37
3e824039
3fe4401f
3fb9be1e
4037bee0
3f683fb3
bf72403f
3fcf4024
be40bed7
bf4a3f90
be7d3fd7
beed3ef6
4038bf4a
3f4f3f01
3f143de9
40244009
bdb53e19
3ef0400b
3cf03f2a
3eb83de2
3f874016
3f6f3f0f
be9d3fa6
bf6a4009
3e764038
bef53dfd
bf5bbe61
bf3b3ff4
3f70bea7
402a45d8
4014401b
400e4011
bf59beae
3f823f52
3fd34010
3fbabf70
beeebef1
401a3fdb
403d3f4b
beb13ef6
bf7dbf58
bea0bee4
3fb0befd
402dbf12
3fa63e8c
3f654009
3edcbe58
3ffa4003
3f45bf33
bdc7bf24
3f6f4010
bf4f4033
3fd73fe6
bf51bf74
3ff83f16
becf3fad
be663fc1
bed44002
3f653fff
bd28bed0
bed04038
3e7c3ffe
be7fbf0c
3dc53fad
be904030
3f903ead
3fa64022
40213f73
3fa13fdb
3f8a3f86
3fbd3fc2
be794004
3fdf3d0f
bf1e3ff9
3f4a3fc5
3fecbd09
3fdf3fc4
c5d8400f
bdab3fef
3fcb4040
3fd73fbc
3ebd3f8a
3f82bf65
3e784039
3f753eee
3e414039
bf1dbed9
3eac3f6b
3fe5bf58
3f3e3fc9
401f3f33
403abe1e
be423e37
3f8d3fb3
402abf3c
3f8f3fda
3ed9bf47
40194019
400d3f88
3e9f4007
3d843f6d
3e593e8a
3fcb401d
bea23fb1
403b4034
bde7402e
bf243ee4
3d814038
3dec3fb5
3d1a3f3c
3fc34021
3e8e401c
3b103f49
3fae4032
bf7ebd48
3edb3f01
3f8f403a
3df43f95
3fc6402c
3fbd3fc1
40183fde
bf493ef7
bedc3f7c
3f6f3f03
3feabb8b
40394025
3eaa45d8
3fad3fe7
3f473f67
40273ea0
3d913f7c
bf303fd1
3d974003
bcfc3f3e
3fd94024
3f92be59
3f61bea2
3f233fcb
3ecb4010
3f51beb9
40084012
40393f91
402fbf5a
3ef33f9d
bf5a400d
3ffc4009
3e683f17
bf233faa
3fb54021
4009401d
3e2bbdfd
3fde4024
bf0fbca9
3ffc3f70
3f733fd2
3fc9401b
3fc9bf7c
3f9bbf11
40244025
3fda3f8c
bf803ff5
3fdbbbe7
403dbf65
402d3f8f
3fcb3d94
40153f83
3ffbbf39
402c4017
3f133fc5
3fdf3f6c
3f9c3f28
3ff5be81
3f6bbf41
40303eb0
c5d8be88
3ff84038
bf4d3fc2
3f984000
40063f2c
3fca3ecf
be01bf6c
3f2abebb
3f193f6a
401e403d
402b4036
be7c3fba
402b3e16
3fce3f89
40203fb3
3fd73f81
400f3fa8
3f724006
3e75be05
3c884030
3f173f14
3fed3f16
3faabf7b
3fda4017
4031403c
4030be3b
40203ed2
3ec13fc8
bf04bf2c
bf4fbf68
bf104021
3e353fc9
3f37bf5f
400e3fc6
401d401e
bef63f55
3fb03f8e
bece4024
bec5bf17
3fa83f83
40073f2d
3f723ee1
3fd5bf3f
3ff8be5f
401ac5d8
3f8f3f9e
bf6d3f4d
3dfa3f12
402b3ff1
3fdbbf37
bf0d3fee
402d3ffe
3f413f88
3f813f08
3ff03fe6
bf3a3eb7
3fb13e66
3f353f08
3fd23f41
4033bf16
3fe44011
bf0dbf3d
400b402b
3fac3fff
402b3ea0
403d3fc3
3f9d402d
bf7c3f96
402c3d9d
3f734021
3fb6400d
400f3f11
bcf73f99
bf274012
beab3f21
4016401f
be8f3f4a
bf213ea6
bf663fee
3e903f44
3f1fbd38
bea03fb9
3fccbf31
4035bf43
3f5d3eca
3f4f3f77
3c8c3f1e
3f183e25
bf62bf75
3ed43ed7
3fcf4016
4028be1e
45d83fb8
4039bd12
3f563f4b
3f223f9c
40054019
bf644002
3fa43e96
3e8bbd08
40174018
40213f9a
3ed6bf69
3f5fbe91
40233f04
4021beef
40194015
3de1bf0d
bd893fe8
3fe53f42
40143efd
4028beaa
4026400b
be3b3fd3
3f8e3ff3
bede403e
40164037
4032bf03
3fbb3e52
3fa13f16
40053efc
3fbb3e82
bf0abeb3
40163f91
3fae4012
40343e53
40043f94
401a3f59
40173fc4
3eb9be9c
3f813fe9
3ecebf28
be8f3f94
3f953f0d
3fbc4039
bed23e53
3e093f51
bf2dbbee
bf423f19
bf08bed9
3fbbbed8
beb0c5d8
3f27bea8
3fb63f6d
3d9cbf21
3e9e3eec
40024003
bd7fbf4b
40223f87
3f873f8f
3f0a3fff
40054016
403e3fe9
40024036
3f674012
3f843f3a
401f3ed7
400f3fe3
bf633eb1
3fc1bf03
4038bef9
40173f95
bf71401f
be9a3fff
3dff3f77
bf1f403e
4031bf7c
bf093fe0
beda3e17
3fff4016
3f443f25
3f453f99
3ed1bf1e
4007bf38
3d05bdde
400a3fdc
40403fe7
3f92bf4b
3fdd3eee
3f2dbe70
bf45bf03
3e973fbc
40113e87
4025bdcd
4021402b
40064006
3ffc3fa8
3eb6bf74
402fbef2
45d8be4b
3e513fb4
bf3dbf73
bda64022
3f913f42
3f363c26
beea3fb7
3fc04010
4038bf49
3f9e4038
3ff2bf4c
400b3fe1
3e8a3fdc
3fa33eb6
40393f2f
40293ef5
3f873e92
402f3f47
bd2fbf6b
40373fc4
3fa33fb7
4008bea3
bf5cbe95
400fbcb1
403c3fa7
bedd3f99
3ff84011
3f413f64
400f4005
bf073eb5
be513fd0
402b3e5a
3efc3f6d
be074002
3d413e9b
3f5d3f5d
3fec3fc9
bf103fc3
3df33fc8
bec83f51
3fa93ece
402b3f27
4007befa
3e024008
bf07bf3f
3fa7bf4d
3f463ddc
3f714026
3ffb3f9d
3f4bc5d8
bf45be86
40153fc6
3f89bf2d
3f1a4016
3ec3bebe
bf573f31
bce04026
3fc1402b
3fc43ea4
3fd13fd5
3f253f8d
bf7e4029
3feb4031
40173f22
3ff43efa
bf584039
be27402d
3e4f3eb1
3d744028
40023ffd
3fd7402d
3fe8be59
bea1beca
bec0400c
3fdbbf63
3e1c4011
bf48bdea
3f993eb3
3eed3f3b
40364008
3e40402e
3fa4bf37
3d8a4009
3ffc402a
bf48be8a
3f383eaa
40073fc8
beb0403b
3ffe3fc8
3fc63fe6
3f503f8e
401a3e1d
40343d86
3f0cbf29
bf24bc89
40253fd4
bf663f51
45d83f6e
4013bdbc
3f4d4026
40024002
3ff9403c
3ecf3fee
3f98bf76
3f083f99
3fe4403f
bed54005
3e323f1e
401c3d3f
40163fa5
bd09be8b
4036bf0f
400cbf29
be6d3fda
bd723fe5
3fd13fe6
bede4005
3ed4bd81
3ea5bd46
3dd4bf65
3ebf3f84
40133ff6
3f904020
bde63fd3
3f623ffb
3f124032
bf5dbf14
3fb6bf7f
3f483f08
401fbee8
3e233e06
3f95be87
bf063f4f
3fa43f20
3f034036
403e3ffb
3f294006
bf45bf2f
bf754011
bf414033
3e97bde8
401e3f23
3f8c3fc4
3e993d9b
4024401c
3fa43f48
be19c5d8
4006bf26
beb03fa4
3fb93ece
402a3eda
bf6a4028
be333f70
bc90400f
be8b3f15
4012bf2d
3fcb3fa4
3e1b3f0c
40193f02
3fdebe8e
403e4034
3fc53f6a
4012beca
4014400c
40073e76
3eab3e85
bf44bf0b
3f5dbe8e
3fc8bf04
3ee3be27
4005bf08
3feebed3
3e0a3fa4
3fe0be1d
40063f8e
3fca3fa8
4010bf2f
3ecfbf17
bf1bbd9a
3fa3beff
4037bea6
3fd03fdc
400f3f55
3ff9bed5
4031400c
3fb23f45
bbd3be56
be85401c
bf2e3f41
3fc43fc2
3f614032
be37bef3
3f7a3e00
400a4026
45d8beec
3f8f4022
3fc1bf7a
4036403f
3fe34013
bf6ebf73
3ef14026
40123ff8
bee44034
bf6fbf15
3ff83e26
3f10be7a
400e3fe5
3fcbbf60
3e493f3b
3f884006
3fb13faa
3f954009
be9b4016
3fb53e52
3fa1bf2e
3e8cbf34
40024032
3e0e403b
bf284028
3ff7401d
3fe43f30
3fb23f0f
3f3dbf05
bdcd3fd1
400d3f9d
402b400d
3de33fc4
40304033
3ede403b
3ee84018
bf01bf22
3f343fff
401f3e0b
40043fd3
bf613fd5
3f633f7c
3f8c3f82
403fbf10
beab402e
40073faf
beddbeec
3e7dbf15
bda5400e
beafc5d8
3fac3d82
be633fe0
3ec2401c
3f9a3f5d
3ff23f97
40364035
3eefbe95
3f9bbe10
40283fbb
bea1bc43
4019bf39
40253f4a
bf0abf2a
3fb44040
3f71be8b
40024019
bf593fc0
3fa14014
3f213ea5
bf0ebf6c
bebf3f8f
3f903f01
bf024028
bf02403b
bdfe401d
40104017
3f184002
3fdd3fe6
400b3faf
3fea3ee0
40363d56
3c0e3f1f
3f06bddf
3f61bf30
3edcbf55
3fd34000
3f443fbc
3e383ebf
3fa43d2a
3e634025
400c3f5c
3fc83f55
3fa14035
4021bdb2
3f7d3fdd
3f27bd96
3fa9403e
45d83ff8
3f963fa6
3f5fbd3c
3e033f38
3f4a3f55
bf2b3f83
3e12be23
402f3ed6
3f933f42
3d4e4001
40053fa6
3f453f3a
3ebe3fa7
bf573fad
be1fbe0c
3fb04031
3fc54023
3f054040
402a4012
3feebc89
400b4012
3f813fac
bf093f99
bf713fbb
3f923ffd
3f29402a
bf3bbf22
3f34bece
3fd03fa6
40353e89
3fc13fc3
be26bee5
3f884030
40203eef
3ed1bf03
3ffc4016
40283d97
3f84be3a
3fd64017
3fc23faf
3e7f3fc4
3e334008
3e503e98
40253f79
bf10bf52
3e3dbe80
3f8c3eae
3fbc3f7f
bf293f9b
3ea2c5d8
bdd0bf6a
bf123f49
40154036
bd75401c
3fb53eb1
40004013
3fee3f88
40234028
3fe13e09
3f863fa6
3f353e80
be7a3fe6
befc3fd7
3f313e92
4035be1a
3ff4402e
becf3fc8
3fa33c2c
3e803f0f
4002bf6f
400f3fa5
3f134010
3ea2bec3
40123f6c
3fa94026
3f6cbd20
3f033f63
3f6b3d05
bf3f4016
3f0e3f34
40013fea
3fb0bcdc
3e663f0f
3fd3400a
400abf01
3ffd3f8d
3f3a3fcd
3f7f4035
3fda3ffb
3fe6bf4e
3f944017
3e724012
c5d83f3b
3ed43fb9
3f3d4007
3ed23e14
3fa73ed5
3f15bf3e
3f053f2f
40384025
3f273f30
3fee403f
3ec73fd7
bebe3f99
3facbf57
3fd23e35
40353ef8
403b3f63
bf453f14
3fef3f5e
3f89403d
3f994024
3fb63e88
401d3f1e
bf3e3fff
40293f17
be9e4036
3fa63f71
4004bcf6
3ff53f4d
bedebec1
3f783ded
3e33400e
40033ff5
400c3ff1
3e2c4015
3d414005
3fd43fd0
bed63eee
40053f33
3fc43f16
3f4a3ed2
402d3fb1
400b3f91
3ff13dd2
3ec53f6e
403f402f
402e3fdb
be0b4035
3fab3f89
400ebebf
bf1345d8
403b3f20
3f2e3d7e
be8d3fb5
4014bdfb
401e3e46
3f5e3fe6
bec24013
3fae3fd0
bf064029
3f9cbf67
3fc7bf41
3fdd3e8a
3f7c403c
bee3bf76
400f3f2c
bf4e4025
401a3fff
4024bf4d
3fe53fae
3fcc3eb4
3fa23e81
3e85be25
3fb83fb0
40033faa
3e2e3f8b
3fa8bea2
bf19be68
3fc0be22
3c15be56
40334014
40213fff
bf4a4031
3fb84006
3f883ea7
bf0bbe89
3f213dfc
bf203fd1
400f4015
3e4e3fbd
3e1a4023
4000401d
bef63f99
bf63bd7b
3bfbbf12
3f8f3e9a
400e3fe5
beab3fd8
c5d83f8e
402a3cb3
40173fe0
402d403e
3f813f18
403bbd0d
3fc53e1a
40334003
40023fa9
3ec04021
3f63401f
4037bf6d
3f81beee
401f3ecd
3f6ebdba
403e4003
3f8e3ef5
bf61bf6e
3f88be98
40273f9c
3fee4025
3c674020
bf6a3fcc
3f50bf7f
3f3fbd27
3f9f4019
3f1bbd17
3e0c3fa8
3f044026
400b3f9f
40363fb5
be914001
3e083f65
400dbeb9
40303eab
3eab4026
3f703f30
403c3fa4
bc33bf1b
3e173f8c
3f674019
bed43df6
3f0d3fb7
3cd23ffe
402f3f0e
40273f79
3f52bf19
40213f31
3ffd401e
3fde45d8
bef1bf17
402b3ef2
3f323f7b
3f96401a
3f613f7c
40313f9c
3f0d402e
4038bf43
3fbfbf6e
3f424025
40223fe3
3f863e66
3fc83ef9
4030bf39
3f643f4f
3fcd4011
3fbf3e9f
be1c4028
3ebcbd98
403d401b
3e4a4001
401a3ef7
3fb03f13
3fdb3fe3
bc513f7c
40193f20
402e4009
40333d30
40093e9c
be8d4013
3f7a4014
40323fc8
3fddbd50
402c400e
3f01bf23
3f9f3fe7
bd5b402e
400cbdf5
bda24018
be543f93
3f5fbeab
3eb63ff7
3e683ffd
3fa04033
be6cbf68
3eee4017
4019bd84
c5d84006
bdbe3fe8
3fc13fcc
40363ffc
3edcbf30
3e0d3fe5
4032bf16
3fd9bf7a
bebe3ff7
bf713fa9
3fe13d36
bf5abf1a
3f58bf07
3e353f2c
401a400a
403cbf70
3fdf3f18
3e213f02
3fcb3eaf
3e54be75
401a3c77
3f2fbf57
402fbe9f
be8ebead
4038bf2c
bd904005
be123f37
4020bf66
bd9b3ffd
be673ff1
3fa53f3a
403a3f1f
3f394021
3fc63c3e
40153fd7
3fcd3f46
402d3e72
3fef403e
3f51bdc9
4030bf71
bf66bcf9
4020bf37
3f633f72
3fa93fcc
40003ebe
3f9d3f5c
3f9a3fd3
bdcf3fab
40273f98
be1545d8
4016bf4f
401b3f11
3f13bec4
3f084012
40083bd7
3f8ebeed
3fd04013
3f164032
3fd33f16
bf69bf5a
3fb73fa8
4007bf7d
3f77be7c
3e1f401f
3fcfbf3e
3ed53dca
3f81bd0c
40024009
3f5d3e68
beb9bf1f
3fc04026
bf403fd3
3db84005
3ee83e16
3fbf3f0c
3fdabe6e
4008bf47
bf504036
400c3ff4
40104019
3f62403b
3f8a3e96
402f3f48
3fff3f3b
40373faa
3f74bf03
3f4c3ff8
3f5b3f32
bdcf4001
bec2401d
bed83e94
400d403f
3f7f3f8d
40103dd9
bdf63f43
3ff33f24
3ffebf17
c5d8bf50
3f314004
4028403c
3dca3f51
3d9c3fc5
402b4032
3f66bee2
3dbb4025
4011be7d
400e3ede
3f0f4029
3ebf400a
3f0bbf02
4031bef8
3fe9402b
40153f97
3fb03ff5
4036bed6
bf413f97
4021bf5f
3c65401d
bf023fd9
401cbe93
3f98bf0a
3ebdbf37
bdc03df8
3f73402a
3fa3bf19
402e3fde
40244021
3ef93f39
40003ffe
40344001
3ee7bcdc
3e173ed7
3e383e18
3eeb3eeb
3febbf6d
3f503f32
40073f4e
3f843f4c
bf754025
40243e2f
be8abf0c
40233f9a
bf66400b
3fb44027
3d583f70
3fb7403b
bf1745d8
403d400d
3feb4002
bf784017
3f893fa7
3ec0be00
3fd5bf39
3fd0bf4e
401d3fba
be01bed3
bf4b3ede
40223f2f
4016be39
40324001
3f4ebf07
400d3fdf
3f063e0f
3ff53fa3
3fef4015
3c0dbf09
40084018
beae3fe7
bf3d3fb1
3fe8bf1f
3c353e38
3eed3fb9
40003f68
40113fc5
3f863e83
40073fc0
3e5e3e99
bd774025
3f203fbf
4022be8d
bf5b3f87
3f3ebf23
400b400b
bf713fe5
bf55401a
3f803f66
3f393f8e
40124002
3f8f3fca
403d4033
3f51bf02
bf523fe5
bf633e84
402a3e98
c5d84019
3d924032
3e203fe5
3ffa3f95
bf6d400b
4025bf37
bee03ea8
bf353fc0
bf4c3d44
bebd3eb6
bf5d400b
3fffbb32
bf4f3fa3
401cbf3d
bf7abf7a
befd3fad
3d703fbf
3eed402d
3fbd3ffa
bf034013
3e274026
bf0e3f9c
40393f7e
bf03bed6
403ebe13
beef3e1b
40224006
40153f95
3fff4037
3fcc3f1e
3fa63fc8
3feb3f2c
bc0abf71
40023fff
3e893ea4
3e083fb8
3ecb3e95
3e563ebe
3f743fe8
3df93f8f
401c4005
3f85bf24
be3fbefd
3ebd3f5d
3f25bf6c
40173fa7
bde13f80
beb34013
bf013dcb
403d45d8
403dbe99
3e623f86
3fa5bef5
3fa83ee2
4002402d
bf5f3f51
403b3f54
3e5b3f24
3f6ebe05
3f14be81
bf7abf42
3fad403e
3fa6403c
3efb4003
bf2abf05
bc86bdda
bf543fe1
3f8d3f83
4001bf27
40253f8b
3fbd3f84
40173feb
3e353f99
bef93fe3
400b3fa2
bedb3f04
be71bedb
3f7f4007
40073fa0
3f684035
3e45be15
401a3f82
3ee33f95
3effbf26
401ebefc
3f9f4010
400e3f1b
3ea3bcc1
3fb24036
40303fe3
bf5fbf6c
3e87401c
45d8bf68
4011beed
3fa93fd3
40103f79
bd0a3faf
3fce4020
40323e76
3fb8403b
3f51bf41
3f9e3f81
3fbd3fc7
4001bde3
402fbf20
3eaabf0f
40093fd0
40233fe1
beb0400b
40353f39
3f843e6b
40204024
3eba403a
401abe0b
400c3edf
bf553fb8
3fbd3f9c
3fb6bf2c
3fc03f41
3e233fa8
40363dfb
402b3e04
3e363e00
3f7c3fb6
401c3f39
3f8ebf03
3d18402e
bed53fd6
3c53be02
be913fe1
40063f8f
40293f50
402ebf4f
bf6a4003
bec94014
40293ff4
3f9e3d9f
3f733fa9
3d6f3fe0
4026400b
bef53f0b
403ec5d8
4003be01
3f843f88
40254012
bf36bf5c
3eac4013
be963fe2
be73402b
bed2400f
3f63bf1c
3e583f8d
3e88403f
bebc401e
3f833fcc
3ec74009
401f3ede
3f624036
bda63fb7
4017bf3e
3ec8403a
40133eac
3f36bf44
3fb74033
bef1401a
3e403fbd
3e123f7b
bf354006
400f3ffb
bea9403d
40263ec3
4014bf3e
4012401e
3f044024
3ffa4023
3eb83f83
bf5c3f2f
3fa33ff2
3fd93fa9
3e9e3d07
bf2bbf7d
be073fa3
3e6e3f55
3f663fb4
bf013fa3
3ee0bea4
3f8f4021
403c3ec6
bf6c3f57
45d8be84
bf36402d
4011400f
3fb7bdf4
3ef7bf0a
3f8c3f9d
bf04bd08
3fc23fb2
3ff53ffe
403f3fd1
3f163f1d
3f65bed5
4033beca
bf2b3ff3
3fa83d80
bf174013
bf333d5b
3f954006
3faf3fb3
3f9d3fd7
3f933ee1
3ff34007
3f3f3f74
be9f3fbb
bf63bf35
beb03e5c
4029be37
40103eca
bcd23f07
40363f9c
400d3f3a
40044026
3fa7402f
3f963f6c
3f2a3f8e
40404035
bf3ebf2d
be403eca
3fd33f67
3ff13f64
bd49403e
3de6bed9
400e3ee2
bf65be03
3fcf3f89
3ea64006
bf173fc6
bdae3fe2
3f68bf49
be81c5d8
40213d9a
3f8c3e7f
3ef63f3f
3ec5bf39
3e893ecf
3fbd3fd9
3fe53f93
bcfc401c
3f3ebe94
40273f4e
3fdabee8
bed6bccf
3fb33f5f
bf5abee0
bf493fa3
3fc73fdf
403c4028
3f9b3fc5
3f784015
3f5dbf0f
3bc94022
bf7e4020
402b3fae
3e5f3fc9
403a3f1e
401ebedd
beb14005
bf6f3a4a
bf084000
3f36beb5
3f85403c
3f9a3e23
3f88401f
3f373d70
3f3b400e
bf193fc7
40334025
bf463f6a
bed43dc4
3f02bf78
403abf1b
3ffd3fca
3ebe3fc6
403d3f32
400dbece
bebdbf58
bf7b3ea0
45d83fe0
3f2f402f
400f3faa
40393f87
3fe4bf5e
40243fdf
3ea83f8e
40243fe9
3f18402b
3f923fbb
3fac3f7e
3f473e92
bf0b3fb4
bf15bf28
be6e3fbe
3f99bf17
3ec4becd
401d4040
400c3f86
4008402a
3fa23fa2
40004023
becb3f18
3f3a3cc8
402fbf1c
3f703f95
3ebfbd21
3feb3fb8
bf5b3f90
bef9403c
3ff73fd2
3f343f98
3ff23fb6
bec54028
3fe03f54
4001bf6f
3fcabe7f
3febbef5
bec03ec4
3fc9bf23
40073f9b
3fec3fcf
401c3e54
3eba3ebe
bf6dbf47
3e80401c
3eedbeab
4004403d
3fa73fe8
401bc5d8
40013f61
40003e99
3ef53fcc
40093fbc
3fcf3f9b
3f953ffe
3f7fbf4d
3f443f1d
402cbe76
be9a3edd
400d3e3d
4021400d
3fa3bee1
3fa74003
3eb73ff4
3f373fae
3ebd3eed
bca4bf6f
3fb03f3f
3ff7400f
be273ef2
3fa4bdeb
4017400c
4001bec3
3ff83f4f
3fd2bebd
40323fcf
4015beb0
3fe7be91
3af33fc0
3f15be14
3ff34024
3fbb4037
3ed43ec8
bf214028
40153feb
bef53e14
bf283f19
3f13bf08
3f8dbefa
be043f9c
bee13fe9
40243fb8
3ec64029
bed34004
bf743f27
bf7f4002
45d83f10
3f523f9f
3faf3daa
3f8ebe98
3e403fae
4008bf65
3e02400f
be973d66
3fde3f51
3f9b3fd6
3fd63fd0
402cbf0c
3f073fa2
3e2ebf76
403dbe46
3f9c4036
3f703f2a
3fba3ec9
3f6d3fd3
40114027
3fca4040
3f143fa5
40244004
3f574029
3ffc3ff6
3fad3f37
3f393f96
40253fb7
3dca4025
4022400b
befc3ed4
3f193e89
3f5dbef1
bf6f400c
3f923e23
3e834038
3e1f3fd0
bf6c3f72
40323ffb
3fd4403d
3fa13f4e
3fdebeb2
bf4b3ea8
403ebe55
3f8fbd2d
4036bef4
3f72bf77
4017bd24
3f0b3fff
3d82c5d8
be0e3fe9
3f36bf23
40063e9d
3fa73fb1
40183fd4
40133ef4
4010403f
3ec03f9e
3e773e9f
3fe83efb
bf513fa8
3fc64002
3fee3fa0
402e3ee3
40373f8e
bd7f3f9f
40033fae
3f71bf50
400abf3a
3f3ebea4
3f824030
3f4e4015
3fa03fc1
bf483dd6
3ffa3f7f
3f703e0d
bed63e4f
3e4c3eb1
40313f9a
40034019
bf3f3fac
402bbeea
40183f28
3fc33ffa
4033bd47
3eb73f2c
3ff94027
3e994018
40003fbd
3cf04007
400abed3
bf11bf50
40383f83
3f974004
3cb1400b
bf51bf1e
3e873e35
45d83ef8
3e0c3fb3
3e5c403b
3f364015
3efb3f1c
3fa44031
3ecf3f45
40273ffc
bd544009
3fb94009
3f1f3fdf
40124005
bf523f9a
3d994033
3fd73e89
400e4027
3f1d3fef
3f474013
bf053f9b
403b3f3c
3ee34018
3e9b4016
3e834019
402e3eb6
40263f88
3f4abf57
402e403d
401d3f91
bf583f21
400e3f6a
3f7a3dea
40193e08
3fbbbf53
3fd5bf45
3e84be0c
3cfd3f9a
3f11bf56
3ff63efe
bf514039
4015400b
bf4c3f92
bf633fd5
40103f87
bf624015
3ff23ea7
400b3fc9
bc543ee5
3fac4039
3d753f8a
3fddc5d8
3ff14005
3f6f3ffb
bcdd3ffb
bd823e45
403d4020
40303f24
3efabe17
3f164012
4012bf33
40243fee
3fb53de6
402d4026
3f87bf00
bf40bf4d
403d3fc5
3fc23fee
40214028
beea3fd0
3f973fed
3ff13eb4
bf52401f
bf42bf1e
3ed0bce5
3faf3eec
3e1f3fd0
bf5dbdbc
3fa3bf31
3f9ebea3
bf653f57
3f96bf48
3f984031
402e3f94
40003ff0
403bbf0a
3f70400d
401c400e
bf284027
3e8a4013
40203f9a
3ece3f68
bef93eb6
4010401c
3ffbbf0c
3f774016
be224040
3fd33fb0
3fe7401a
45d83d35
401e3f99
bf1cbbe4
3e003f36
bf6bbf77
bf533ddd
3f183fbf
bef73fd0
3fae3fc2
bf0f3f87
4008402a
3fa2be03
3dfbbf53
3f3a3fb6
40183f76
3f9c401a
3fc53fde
40234016
40404004
3fd23f3c
3f9d400e
bf653f07
bc5b3e21
3fb44019
be0d3f94
403ebf20
3f94bf48
3fef3c50
4017bed4
3fb53fb6
3fc53dc2
bf4f3f85
3f8c402c
40293f5c
3f3d401c
3fffbe7e
3f1e4015
40083fe4
400d3f0e
4007bb97
3fa83fe2
bef53fdc
403bbdde
bf7cbb7d
3fee45d8
4028be27
3d904005
3ddb4005
403abc4e
3ee0bf69
40223f9f
3f3d403e
3f1a4014
be2e3e22
40233fa0
40193ff5
402cbf1c
3eb13f77
3d853ffb
be8e3db8
bf7e4014
40233fa2
bc7e3fd5
3f4c4036
3f413eeb
4012bf50
3f5bbe62
40154022
4005403a
3e3c4032
402f3ff5
401c3ffc
bf413f5d
be6dbd72
3ff74004
bf2fbf3c
bf56bef3
401c4029
3fb73f81
be5e3fd4
3f424027
3f67402d
3f79beb8
bf023fde
3ef74039
4036beab
3e25beb7
403d3d0d
3f0cbf23
3fd6bf41
beb63f93
3f3a401b
c5d83fb1
3f6f400d
3ffe3e85
402dbf1e
3e8abeb3
3e393f38
3f293f84
3f8a3f59
beb7400b
bf07bed8
3fe5bf2f
3fa13ff2
bf73bede
beff3f91
40044015
3f083fce
be7a4029
401a3df2
4014402d
3fca400a
be234005
3f80be71
3fcdbf5a
4008402d
3f8e3fde
be2b401e
3f953fda
3e9bbe06
402cbed4
400a3fae
bedf3fa9
3e81bf5f
bf20402c
bf3a3d40
3d603f35
3fd24022
3ff73fcd
bf7b3fc6
3ffebf29
3e804032
3fe23f96
3f143f41
3e903ece
3fc1bf7d
3fb73f2f
3fc1bf76
bcd23fc9
3f704007
3f7b3ff5
bb4445d8
40133f82
40373f11
402d3f6d
3fdabf57
40184040
3e454020
3fdfbf65
402a402e
403a4005
bf7fbee1
3f293f97
bec8bf7d
3f673f99
3f59bef9
bdba402a
3f623fd8
40113f6b
3f8bbd7b
3f45beeb
3fd33f6c
403b3f59
beae4031
4020bf12
3f0d3e9f
3fb83f46
3fe93fb2
3e42be1b
3f5f3f2d
3f953fd2
3f904018
403b3f20
3fe4bf6f
3e123f2e
bd944017
3f8cbe57
40303fa8
40133fef
3ffc4001
3efb3fef
40263fca
3f483f85
3f573e86
bf60bcd6
40143fd1
3ffc401f
3fe84026
3f2c3fd6
c5d83f04
40353f30
3fc7bef4
3ff13ea1
3e15beee
3d244031
3de03ff9
403abe97
40263f87
401b402f
beb0400e
be06bf09
3c313fcb
bed5be59
bf733eb1
bf5bbe9c
bf34bf04
bf03403d
3f823fd5
3f954038
bf22be1b
3fe33fab
4019bdc8
3ffb3ddd
4035401e
3fd13f85
3e6fbf0b
3f2a4027
bf6d3f59
3e57bdb3
3f89400c
3faa400c
402a3ef9
bde9bf0c
40024028
bf143da7
3fab3fcc
bf394027
401d401a
40093ffa
be093f98
3de1402b
3f384018
bf1b3f2b
3f703ebc
40203fe9
400f4013
40243fda
3fa03eed
bed945d8
3e5e3f5e
bf573fca
3f97bec6
3f8cbe96
40244017
3fae3f0b
bf5e3f87
3eea3eb1
3f96be1b
3fed4040
3f60be5a
be41be89
3fd64039
3f0c4035
3e4cbf0a
bf23be99
40263f58
400c4028
3dcd3f24
bf444035
3fb83fc0
3fae3f27
40073f84
4011beaa
3fb7bf26
3f5dbeea
3e04400c
bf5c3f3a
3f44401c
3fb74026
40103e0a
403dbf77
bf6bbed8
bf2f3ff3
3f78bdff
3feebf68
beb03f92
bef0bdf2
3fbc3fe4
3f94bf6c
4032bf15
3e993e33
bf253eb4
bd7e401b
bf183f84
3fadbe0e
3fadbec1
c5d8402b
3fac3f29
3f2e4033
4002400f
bf2f3d09
3f35402e
3ef7bead
3f46be9f
40244019
401ebf7c
3fc33de0
40043f83
3fd6bdce
3fe7401e
403c3f9e
40063f1b
3fee400f
3e8f3ff6
3f823ffb
3e824008
40363c01
3fad402e
bf083fdc
402b402e
3f133fc7
3f933fb4
3fb34039
3eea4013
bf124030
3f813e19
3ff83e58
3ffb3fa5
3fd63fb1
bf594003
3f6c3def
40064007
be67bf4a
3fc4400b
40033ffc
402b3fdb
3eb23f9f
403f3f99
3f793ff3
be713f4f
be90400b
40363fdd
403c4017
bf6c3f24
40003dd6
3f3745d8
3fc24026
3f383f50
40233fd5
3fd93f93
402e3fce
bf683fb0
be123fe3
bedf3f5f
40073fac
4008bd66
3f8fbec9
40033f91
bf7b403c
bf5cbf31
bf73bf74
be9b3fb9
3fe23f28
3f87bdbb
40214032
bf5e4014
3fce402e
40003f98
3ff03fe0
3eb84005
bf18401f
3f453f9b
3f063f91
beb34020
bef23f97
3e5e401d
3da7bf56
4023be9d
3f6a3f35
40393e8d
402a403f
3f0e3fb6
3fce3d8c
40243fc5
bd453fcd
3fa5be6b
3d1a3ff2
3f18bf34
3f87bf0a
3fd04036
bef2400b
403f3e84
3fe74040
c5d83e63
be903fb7
3f794015
3fbd3f5d
3ec13f0e
3f003fca
bd1fbf26
3f513e3c
3fe93f85
3fa34029
40283fad
3f243fa1
3eb33eef
3fd63ee2
3cd53ede
be55bf39
bf804009
402f3bfd
bcee402f
3f533f03
bf553f08
4010bf63
3fc93f83
be083ebf
3fd53ffa
be893f73
beeb3d82
40374034
400d3f5f
3f993fc8
be914014
402f3fec
3f4dbe90
40363fe7
3fe94022
3f1f3e99
400bbf5b
3f5d3f61
bf763edf
3f5d4013
3e0fbf7f
40033ff5
3fa13e25
3eca3e49
401c3deb
3f8bbf5e
401e3fe3
400bbedb
3fee3fcf
3eef45d8
bf703f63
3dcfbf2f
bf763f35
4013bdff
3f38bf5e
40103fce
3fff4006
403f3f20
3fddbd10
4016bf42
3f1b3f23
3fb23eb4
bef73f7b
3f484022
400a3f30
3fc7bf4b
bf3ebe9b
4016bf3a
bddd3da7
bd943fec
40183ffb
4031bf30
3f2c4034
bf6ebf79
40123f4f
beae3c39
bf053f5d
3fde3f11
3fdcbdda
3f84be34
3fbd401e
3ea14035
40233f85
3f94bf01
bf243f2a
bf3fbf36
bea2bf2c
bef83ff9
402c3d61
3f7d3ff6
3e903fd9
be25401d
3ed33f34
4017bed9
bf31403e
4005402d
3fabbe27
c5d83ffd
3f823dca
bf58be76
40063f42
3f673fc2
3e5e3f41
4024bf0b
40273fa2
3e283eb8
3ff24037
bee13fc8
40003e38
3fc53fa0
3fb9bf76
3ed4bed9
4039bf31
3f79400f
3ff4bf72
3ea93edc
3f9cbec4
bef53faf
4016bf0f
40173fe1
3f613e95
401a3fc5
be55401f
3e86bd0e
3ed6402c
400a3f17
3f77bf33
bf79403b
3f714027
40333f5e
40033fa0
4033bf0b
4000beba
3c3b3fb5
3e993e8d
bf14be82
40383c57
3f9c3f4d
401a4014
3ffa3fc1
3fbe3df7
3f2e4031
3fee3ee6
bf0d3e62
3f793fe9
3fc9be24
402b45d8
3f9dbd49
3fb73f57
3e8d3d10
3f0b3f3c
40233e7b
3df8bf19
3fb6bea0
3ef63fcb
4038be3b
3fc43fc5
bf783f33
bf634032
3f593f6e
bf024034
3f25bdf1
4017beae
3f923f20
3e40be11
bf613f9b
3f633cc0
be3f4010
bf70bf60
3f773fac
3fff3e12
40133fd3
3ff94007
4038bf07
4037bf4d
be943fa7
bf113fd3
3feebf22
4010be91
3ee0bf1c
3fd03ec5
bf68bf07
403b3f63
3fc9402a
bce33eb1
3ffcbec9
3eb84005
3fabbe54
3f98beb8
45d83fb4
3fa63f7d
3ece3eaa
3f103f73
bea8bec0
401b402a
3fec401d
bc9e3f04
bf13bd9e
3fab4002
400ebf2c
bf803f58
bf3d400a
bf0cbf0f
be64becf
bf2ebf12
3f583ed8
3f443f9d
40003fa5
40013faa
3fadbf67
3ff74018
403c3f36
40013f4d
beed3fe4
40084007
3fd03eb7
3fe0be07
3f4b4016
3f92bf63
3fc33fc9
400d4011
3f193f8a
3f1c3fdd
be66be77
3f614027
3f3b3fe1
3f14bef0
3fff3fde
3ea73f3e
3faf3fd6
3fd54040
bef54019
3fc53f89
bee94008
be273f12
3fd8bf2b
3f85bf61
bf6cbf6f
bf39c5d8
be0a3f47
3ee14004
3f23bec1
403b3fdb
40163fdd
3f2c400b
40323e97
3f893fd5
3d973f80
bdec3e51
beca4033
403e402e
3fee3fc1
40004035
3f1ebe86
3f2b403b
3fcd4035
3f323fb8
3f0a3f8d
3e8b3fa0
bd573e9c
3deb3fa2
3ef43f62
3f5abf01
3f94403c
3ef44012
3eb23fe2
3e9ebe33
bf7e4004
3f6e3f20
bf3fbe43
3e944035
3f58bede
3f2c400e
3fac4010
40384037
3fdf4039
400d3fe2
3fcc3f42
40343f6e
403b3f9d
bf0fbee0
bf1e3ebd
3fe5401e
3fb73f2e
3fd4bf15
3d4d3e53
45d8bf26
3f994013
3fc2be3a
3ec9bef3
400fbe54
bf6fbef6
be5abf33
be1f3f71
3ee44016
40343fa3
3ef0402e
bf363f83
3ea43fd6
400f402e
401c400c
3f713fb2
3f9fbf46
40324010
3fbbbf74
bf174009
3f883ec4
3ef83fc6
be56be30
402d4040
4005bf7c
3ff23eac
3fd53fbf
3fa33ed6
3fd53fd0
3f43be68
3fb03ee5
3eb4bf0e
3f813f73
3f793e81
bf604010
befe3f95
3f3e3fde
3f58bf42
bee53e34
3eec401c
403ebf58
40033fb9
3f523f85
3ff6bf72
40364009
3f14bf1c
401c3ff8
3f8a3ff0
bf10bdc7
bf2dc5d8
3e1e4015
400b4039
3de3403a
3fe53ef5
40213fe5
400c401c
3fd63f8e
3f8c403d
40074031
bf174014
3ff53ff4
3fc4bf58
bf044015
bf09403e
3fccbe9b
401d3f2a
bea63e66
bf783fee
3ec94009
3f9f400d
bf113f7f
400c3fd6
bd91bf23
3f10bea3
3f873f27
3ea7bf5c
40343faf
3f963f00
3fd54025
3fcb400e
401d3feb
4007bf55
bf143fee
4028402f
403d3f96
bf62bf6a
3de9bf66
3f72402d
3f0d402f
bedc3e8c
3f924018
3dc33f5c
be7b3f92
be8abf17
3fc03f44
3ff63d4f
bf0e3e83
45d83f3d
3fe43de1
3fcc3ff3
3d75bf04
3dbd3fcd
3e904006
3f32403b
bf213de6
400fbf5e
4000403a
be4f3f9d
3e2b3db7
3f06be96
be324026
3e6f403a
402bbf11
3f073eb8
3f0e4027
bea03fd5
be8c3e07
3f984033
bf36403a
bf623ef7
bf433e27
4009bde8
400e4030
3e81402b
3eb5401a
3f283e85
40353fe4
3fa43f5f
3fb93f8c
40253f2c
3fedbf39
3fb0bf03
3f04befa
3d77bea2
bf3b3d87
3fe74027
bf7f3f2c
4032400d
bf7cbef1
bebf3c26
bf5f3f32
3f503f12
3ffbbec9
bf56403d
3f9c4024
3fc63f03
3fd9c5d8
401bbf80
3fcd3f34
3e66bf30
3ff54017
3f55bf66
3fd83ee3
beb24007
3e3c3fa5
bf5a3f2a
40163fa9
40263f9d
40183fa2
3feabf58
3f24401b
3fb7401a
bf7c3d5b
beeabe4a
bf5d3f32
402d3fae
3f9cbf5f
3f143ffe
3f93401a
bed6beb9
3dcc3fda
3f7f3d56
40033e14
3f5abe92
3e544005
bd50bf1d
403e3f18
3fcb3f74
403d3f44
40213f91
3f35bf64
3f733ffc
3f50be99
bf083f84
3f26beaa
bebe3fbd
3fee3f8a
3f384020
3fd7be1f
bf2d4008
3e8a3fd7
3f4cbd26
bf783fcf
402f3fbf
45d83fce
3f9c3f49
bf573e82
40283da2
400d3fb3
3dbbbefe
3f543e83
3f3a3ea5
bed53ed3
3f453d3f
bf273fb5
3fd83f5b
3faf3fd9
bf663f53
3e0c4033
403b3fff
3ed73e3f
3f233fb2
3e423f17
3fde3e66
bf39befe
3faabf5f
4028bf70
40364034
40133f9b
40273fb3
3f71be77
3fab3fcc
3d433f2a
beb63fd1
4000bf44
3fed4018
3f6cbf1c
bf264003
3ff83f82
3f5c401a
bf143f5e
3f2c3f74
bf53403c
3e703fea
3f0bbf65
3f683fff
bf153e45
4004be9e
bf1fbe6d
3dc14001
3f823f5b
3fe03f9a
3f243f71
bf16c5d8
400a3ed8
40284036
3eb9bf67
beab4004
bec03fea
40394037
3f53402c
bf784000
403f400b
401d3f66
3f973fbd
3fcc3f66
bf483f83
401e3f6f
40083fbf
401c401a
3f0dbf28
3fe73f88
40123f50
3fb53f06
401b4004
4002402b
40313f29
40183f1c
be9c3fee
402cbea9
bec33e84
3cb63fc3
3ff44007
3fe54020
bf383fbf
3f244021
3d604019
3f8b3ffb
40203d05
be923fa6
3fb6beb7
3fe9bf0e
be223e57
3ff13fa4
3f613f0c
3f6a4019
3fa34031
be653fc6
3fa23cf1
402e4038
40233fd7
45d8403b
40184017
3fe94011
3fdf3fdf
bf153f41
bea33f3c
40323e83
bf4fbef8
40214029
bf0d3f02
40313fe5
3f7a4034
40103faa
3f91403d
bf133fa5
3ff8be72
4039bd98
3e8d400b
be253e58
3feb3fd4
3fcc3dcc
40373fd8
3ff74001
3fcd3f94
bd4f3ed5
4002400a
40043fe1
402bbf49
40284025
beb6403a
3faa3e75
3eba4034
bf7f402b
40013f99
3fc93e9f
4005400e
3f2e3ffe
40383fe2
40143f4c
403e403d
3f013fa9
4001bf2f
bf613b57
3f003e30
bd753c42
4027bf43
40173fcf
3e534034
3fcf3f99
bebdc5d8
bf5b4003
bec73f3b
3fd1bdef
401d3f2b
be61400d
beb43fc3
4032bf18
400d401d
3e9f4001
402f4037
3ec24003
bf523ed5
40063f8a
3f64bf19
bc833f8a
3fb9be56
3ff33fd7
40193f05
3deb4035
bf423ff4
3fed3f34
3fc04002
3ff43fbd
400c3fe1
3fd33ec0
bf0fbed2
3fb53ff8
beec3f19
be42bf6b
4035403c
bf2e3fcf
403abf1a
401dbf34
be2b4007
4040be18
402cbeeb
3f344027
3fb03fdd
3f853fcc
400abf14
3fdc3fd1
3e084019
c5d83ec2
3f4f3f65
3fd73cb0
3fda3ebe
bf523ff5
3f463f0c
3f3c3e56
bc833fee
3fa23d66
bf01400b
402c3f61
3fce3ff9
bdee3f3c
bf1cbeb0
401fbe97
bed93ffc
bf46bf60
bf513f4d
bdae400e
3ffa3f66
bf383e03
3fde3fea
bf4e3f36
bf293e69
40053d3b
3f833fab
3fdc3ba0
3f8d3f5e
3f813f7b
3fd9bf0d
bf4abf40
3f9ebf4b
bf26bec8
403a3ebd
bec63e93
3e5c401e
4024bf2e
3fce3f9a
401b4029
40284006
3f163fb6
3fea4024
3fc83fcc
3ff8be72
3feb3fb5
3fb73f59
3fd43fcb
bcd73f6a
be2b402b
3fee45d8
3fe83fe6
40383fbf
3f123ede
40283ffa
4026bf07
4036400b
403c3f8d
3f863f15
400e3fdd
bf7e3fd9
3efb3eae
402b402a
3fd23ed7
3fb0bf2f
3e3bbf21
3f574040
40363e7c
3f343fc6
3ff7bf16
3fc2400c
bf4e4000
3f14bf12
3fb63ece
bef63e84
bf114002
3fffbf26
40073fa3
3f69400a
40384024
3e593f8f
3bbe402a
3fd53f2f
3f834016
3f864035
bf3a4000
3ff73fe3
3ff93ef8
be923ffc
3fe23f91
3f0b3ec4
3f83bf45
3fa43fef
40303ff7
bf57bece
400a4038
3e16bda6
4032be55
c5d83eee
402c3fa7
bea83fbe
3f363f39
3fc44027
3fef3ed3
3fc83ec4
3ecebf0f
bf6d4006
3e7d4009
3f903da3
3f124028
3df8400d
3e0d3f90
3fb33f96
3fbd3f48
bdc1bf10
40393f52
bda03f44
3f943dae
3fa0bd83
bf264034
3ed3bed7
40174012
3f633f70
befb4013
3ff4bd59
3dc93eb5
3eae4037
3f713fc7
3e373f99
3f613c97
400b402c
bed53fa3
bedb4002
be5e3fdc
3f313ed1
bf1b3f88
40123ff7
3e033fa4
400b3ff0
3fd04031
3f2c3ed9
3ff0bdec
3fff3d8b
bf743fa1
4036bf48
3fc5bf7c
3ff93f16
beea45d8
403b3f0b
3ffd3fee
3ffa3fed
40383f9e
3fad3fa3
403a3e84
402f3fa0
400a3f90
bf40bf1c
40353f75
3fb13eef
401d3ed7
3f35bf42
3f3bbeeb
400e3f68
3fbf3eb5
3a71401b
400b4000
3e434007
3eacbf1f
bf1dbe9a
3fc4bedd
40233fca
bf5f3fc1
40384036
3fd63fc5
be893ff8
400ebeb9
3fe04033
bd7f3da7
4006bd96
be2a3ab5
bf2c3f59
3f3e3fd9
3fa33e04
3facbee3
3f9b401e
3fcf400b
be3f3f30
403a4036
3ec0bf1e
401d3f27
bf724032
3ef3400a
beacbecd
3fbb4018
3fe9bf33
c5d83f58
3ed13ffc
400fbf71
3f323fab
3f8a3f92
bee13eae
bf393ff6
bf6c3fcc
3e203f43
bf403ffe
be8a4032
402b3e99
3fe1bf06
3fa0be45
403cbf43
3f543f11
3e413f7a
3e643fb9
3e854009
40213fab
bf733f1b
3fe33e78
3dad4004
3fcabe0d
3fe53f59
3f6f3fc5
3dbc3ee3
403f3f93
3faf3f88
401c4027
3ff93fcb
3facbef4
40123ff6
3f5b3f5f
be4f402d
bf4ebf08
3fac3f38
bde53f50
3f36bdb1
40144025
3ff8400c
3fc03ff0
bf323f71
40023f78
3fea3fa2
400bbf0c
be303ff3
3fc4bdc4
3fa3bbf2
402d45d8
3de23ee9
3fb8beea
4009bf2d
40203f99
3f81403c
be803f49
bf39402b
bf46400a
3fa64034
3fa9bf15
3fd03fee
3edebf0b
3fc1be55
3e154020
3f29bf18
3cac3e1b
3f493eb9
3e643f88
3d91bf65
3fcfbf15
bf704002
3e40bda0
bf563eff
40193fe7
3f73bf1c
3e2f403b
3ff73f6f
3ea9400c
3fd73ffa
3d993fd1
3ec7bf2d
3fa33fe7
3f383ec7
3fbc3c9f
bec9bf57
3ec03fdf
3fc4bf33
3f5d403c
bdd3be5c
40044003
4033402e
be91bf5d
bf42bf49
40293eed
3ee3bf1f
401d3ee8
bf163f48
c5d83fce
3f8a3fa2
bee73f96
bd30bf03
3ff73fed
be3a3fc9
40094017
bdba4018
3f763eaa
3fd53de0
3f853e66
4035bcaa
3f4cbe22
40094010
3f8f401e
bdab401d
400f3f7b
be9cbed1
40373f87
3d143f59
3fd6bea9
3f0d3e85
bf5e3fc8
bd9c402d
3ff13fe3
40103e43
40393f93
3fa93fe6
bd2f3f67
3fe84025
bf40401f
3f573eb8
4009be97
bf4a3fd4
3e3d3f83
be864014
3fbf4010
3fe33f9f
3fcd3fdf
4010be5f
3f9e4024
4035beb6
3e7dbf68
3ff5403c
3fe03f32
3e173f0e
402a3f74
3f4c3eed
3f15401c
3f0845d8
bf193f55
3f09bf4f
3f0d402d
403b3f1a
3f923ea2
bf24bf71
3f993f8c
4007bf7e
3f9dbd5c
3ffa3ec8
3e443f13
be99bf7d
40113fa1
beb3bcca
40184036
3f16bf05
401f4025
3eb53e86
bf2b3f44
3f843fe1
bf6b3fbb
bf0b3fcf
3fad4037
3fedbe1d
be424027
be733fae
bf71bf47
40303fdf
3e134033
be923f30
400fbf20
3f6f3fe0
3ff23ea9
bf064032
3fcdbe34
403cbefe
3e133fa0
403e3fe0
3eb0400b
bf103fad
4016401a
3f2abf4b
bf443ff8
be8dbee1
beb0be8f
4040bf22
3e92400b
c5d8bd96
40223f24
40193df2
3fa9403d
4022bca1
4024bdc3
40143ff4
3d92bf03
401ebeb6
bf363fca
3e8bbef6
3f263f82
3f80bf07
3faabe02
400fbf56
401e3ec5
4023400f
40264013
40253e69
3e863f66
bf343fa8
bdcb3faa
3fb4bee6
3ff83fa5
3fa23f14
3f534010
3f484008
bf2f4007
3f223f40
3f154008
beb3401e
bf7cbdfd
3f364038
3febbcca
40153fca
3fcebf6c
bf05be91
403b3eef
3ef43f86
3f3f3f6a
3efe4004
403c403d
be89bf15
400d4039
3fcd3fa1
3d87bedf
3f843f94
bf5bbf0c
bf153f81
400c45d8
3fca3fcc
3e39be47
bf593f90
bf1a3faf
3da54006
3f794037
40003e15
3fd2bf45
bf363fb4
400d402f
3f7b3ec0
3feb3fb0
3f344004
bf02400b
3ef84025
3ccebf38
402ebee5
bf1a3ff0
400ebf24
be8fbf3f
403f3ede
40314034
3fa2bece
bdcbbea3
3fd9403f
3fda3fa7
be23401e
bf48bf0c
3fdbbf15
3ed4bf59
bf663fcb
bec93e1c
bf163f53
3fe54021
3fb43fb7
4034bec6
3ece4040
3eccbe20
401d3ff3
3fc4be92
3f6b3fec
40394034
4011bf5a
3ec4bebd
3facbf64
3eaf3fb9
3ebf400f
c5d8bf20
3f743ec1
400fbedc
bf563fa1
3fb53ffd
40183d1c
3f97be33
3f973fa4
3fda401b
be974038
3e95bf69
4012403d
3fb8401d
3e053f4f
3f773f89
403dbf03
401b4001
3f1e3f09
3fa8402f
3f09bcf2
3fda4002
40154014
3f474030
40123fc6
3f703f50
3fd83fdd
3fd6400b
3fa9bf31
be8d4002
40134005
3e023fe4
bf773d6d
403b3f90
3fe03ff8
3faf3fe1
bd7fbf4c
3eadbe47
3ec04017
bf19beb6
be594025
bf663fa5
3eb83d46
be60bed7
3fd13fe1
3e96c5d8
3ecb4039
40283fea
4028be6d
3d2fbf2f
3fd53e31
3f0e4032
3e883e91
4038befd
402b4006
3fa3bf41
3fd44036
3f943fe1
400d3f5a
bd933fcf
bf063f91
3fa74025
bf454014
40303e30
40043ff9
3f653fa9
bd4d400d
3f32bf2b
40043eb9
be863ffb
403e3e90
beca4029
3ee13f12
40163f85
3f873ea6
3fde3fb2
4012be2f
402c3f45
40133ea7
3ff8be78
3fc2bf1b
3fd4bf57
40353f95
401c4035
bf50be47
4015bf5f
40043f5e
3fec3f86
40203e21
3fbe3fdd
3e343f83
3fbc3ff2
3fe83f94
45d8403c
4037bdeb
bcf43f1f
400d3f9b
40114025
bddabf20
beeb3f9c
3fd539a9
3f9a3fdc
3fecbf04
becf4039
3f74bef1
3df64029
4037bf06
3f4cbec9
beacbf13
3ea23ed1
3f9d4004
3ff9bed4
3fd23f18
3fb24030
401b3dab
3f9bbe9c
3ebbbf74
4001bf2c
3f6e3fad
3fd8400d
3fa43f3b
3f114030
3f9cbf60
bed4402a
40183f59
bf5b4024
3fcc4009
4023befb
3f7a4023
40043dfc
bf083f98
40013fe9
40023ea7
401b401c
3f753f04
beb73f0a
3fa74031
3d693f96
40123f62
bcf93fc2
3fa24029
3e654028
bef8c5d8
3e993f9c
bf134013
400a3fbd
bf173f33
40123f5b
3ffc3fd4
3de33fec
3eb23f1d
3fccbe5b
3fc84030
3e9fbf4d
3edc4012
3ebdbe5d
bd5d400c
401a4027
be963deb
40033f2a
401c400d
bb0f3f5b
bda8400c
3db4402a
3d5b3f88
4015bcdd
bf32bd0d
3f6fbd96
3ee64036
40083f92
3f603fcb
bf714005
3ff8befb
3fa9403b
3ef53fb5
401ebe13
be0dbf15
be2cbf7a
40243f93
3f0fbf05
be323fbf
becfbf5d
bf6d3fd6
3dd1bf6b
3f783fbb
4025befb
4024bf79
402d3fa9
3ef73d4d
3fec4020
45d83fc2
3f32becd
3f5e3fbb
be644018
3fad3fcd
3fbf3f8d
bea53bba
3faa3fe7
3fb7be92
bdc03fe1
401a4035
3f924033
40223f90
40233fe7
3f1fbea3
bf573fdf
3da34033
401d4011
3a71401a
3f254001
4029bf74
3fa33d8b
40314018
400c3ff5
3fb3bde9
4017bf2d
3fc03f35
3df54012
3f4bbedc
bf09be88
bf543f0b
bd793dd3
400f3fa8
401e4017
3f8bbecc
3f284011
3ef84033
3fcc3fd4
bf7b3f70
3fb44007
4026402c
befe3fb7
3e9dbecf
bef6bf4a
bd71400c
be683e0c
3f934019
3f1dbd6b
be924003
bf11c5d8
3fb7bd52
40373f92
402f3e31
40353f43
4017bf5b
3fa03e9f
bd383f39
3f61bf1d
3fa33fa3
3ecb3e98
3fa5be72
bece3f8f
3ffb3fe0
bee23e50
3fb3401c
3f93402f
40044005
bec04031
4038bed2
be753ed4
4039bf18
3fc9be45
4021befc
3e563fa3
3d193fec
4008bf48
3eb13ff5
3fe44025
40093fe6
4013bee4
402b3fac
3fac4027
3e20403b
40353fce
40014034
402d4022
40013f91
40113feb
be924036
40233f2f
bf41401d
3f313f98
3ecabf54
3fdebf50
3f0b3fca
40343fb6
3f16bf67
45d83f87
3eae3fd2
3cf43f34
bf063f22
3ea83fb4
3f0d3f85
3fb03f30
bf513fa4
40123fcc
bdff4006
3f3b3f5c
be6f3fb4
402b3fed
beac3d5e
bf55bf52
3f513e23
4032401f
3f73bf0b
3f84bf30
3f844031
3f003ede
3fa43fb2
40363f16
4022400d
3fc14001
40323fd1
3f163f05
be83bf10
3f833f92
400f3f91
40254018
4030be60
402ebef9
40153dea
bf2e3ec3
3f413fb1
bf1bbcd8
bec13f84
400fbf40
be82bf72
3fec3f86
40223feb
4013bf7d
beb63ff8
3fbe3f91
3fbe3fa2
bee0beaf
401b3f98
be4fbf12
4002c5d8
bd3c402a
bf593faf
4005bec3
3fd73f14
bf7a4026
3fb23f39
3e5c4023
be0e3fda
bdc13ffd
3eff3f91
3fcf3f2b
bf09bf5e
3faa4003
400a3f9c
3f56bedb
3f0c3fc2
3f263fee
40263e40
bf3e4024
3f95bf1d
3e6ebe77
3f713f87
403abf66
3f123ec3
3f75402e
bf2f3f8a
401a4027
3f973fcc
3eb1bef1
3f25be91
3f924011
401f4016
3f8d400c
3f9b3f33
3f3f3fcf
bed23fb2
3ec03fc5
bdfc401c
3ddf3f1e
bf743f9d
40173ffe
3fdb4038
40164015
3f043fd5
3fc7bea8
bf033ff1
3fdc400a
45d83eb2
bf5f3f6b
3fb1be9f
3fbf4004
3fa0be58
3e9c3fc7
3ebf3f18
bf273f0b
3f813f1e
3fe74032
3fc83e56
bde9401c
3ff0be8d
3fbb4002
3fa0401f
3f44403e
be8c3ffe
40134019
3fb23fb7
bf22bef0
bf24be38
3f8cbea6
3d27402e
3f983e79
bdadbf7d
40173ff6
bf083fc9
3f5f3ecd
bf3c3ee7
40253fcc
3f174035
3f5b4008
3fc04035
40053f22
bf293e46
3f20bd94
3ff33efb
bf7b3f32
3f93bedf
402a3ff8
3f64bc59
3fec400d
bdc1bf79
3f57403f
bef7bf24
403f3ea5
3f223fe7
bd87bda4
4039bf04
3fafc5d8
403cbba5
bca9bf12
3ebf3ea9
3fc83ff0
40383fe1
3fea402d
3fd9bf35
400a3f87
3e053f26
4021be9b
3efd4016
3f0ebdc1
3dc2bf7f
40384026
40183ff7
bebe3fdc
3fe0bf4b
402f3f58
3fbb3fdc
3fbdbea8
3edf3f5b
3faabe9b
3fc33d33
3e2c4036
401f4011
bea73fa7
3fab3ff1
3feb3f03
3fdabefc
401cbe47
401f3f70
4015bf46
bf313efc
3f61400c
be363f54
3efa403a
3fd0bf4a
bc8f3f1f
403cbf33
3e2e402d
bf40bf63
40083fe8
3f173f49
bf1d3fa9
3fd73fa1
3fad3fd5
40063e25
45d8be3f
be1a4017
3ff84015
401a4011
400abf23
3fe73f21
3f56beb2
bea94002
400b3fbb
3f1c401c
3f70bf77
3f0ebeb8
3d2f3fe1
3fb3400e
3ea84039
3f3a4011
402bbf59
40313e69
4029be1e
3e6ebdff
bf2e3fd5
be193ffc
bf49beff
bf62400a
3f903e54
3ef13f54
3ecc403d
403fbeda
401b3fda
beef402e
3fd03eff
3cecbf7b
bf193eef
402d3ff5
bdecbf4c
3e874031
3facbed7
bf783d17
3d61402a
3eac4016
4028bf0e
3fd2bdc3
bef23ff0
bf3f3f95
400f3f1e
3fee3fc6
3ff0be2d
402b3f64
3f2e3f9f
bf36c5d8
3e6e403a
40103ef2
bc0d3c04
3f1d3f5b
403c4034
bf464013
bd1e3f8c
4022403b
40093fb2
3feb4033
3dbbbe1d
3fbfbf29
bf4e3fc2
3f2fbea3
bf413d7b
403fbf16
40234012
bef94039
be84401a
be8c4002
40263f1e
3ff43f97
3e883f98
3fb53ff9
3fe1402b
40243f1d
3f883dd1
3fc43ff2
3eb73f55
bb113e1f
3f113f59
401fbed6
3e65be96
3fe63f2f
3fa53fe2
3f933ff0
4012bf76
3fae400f
bf363f03
be503ffc
bdf63f65
3e4e3f98
c5d83f41
bf34befd
be2dbe92
be564030
3f713e98
3f924005
402f3f14
3f473f4c
bed63e6a
3f8f4034
3f5c4031
40323dbe
3fde3ff5
401cbf0f
4017beb3
3fe73fc8
3f7ebf47
3e483fee
4034bf5f
3f843f81
3f37be77
bf693f77
3fb13fb6
bf1ebedd
3f033fa8
3fffbea6
3fb04031
be5abe26
3f463e8f
3e884000
3d2bbd21
bf2dbe3d
bad43f91
4021403f
bee3bf7d
bf2bbd4b
400b3f76
40383f06
4023befe
bf72bedd
3f823fc5
3e353fd3
3fd83ff5
3ffb3f87
3f683f2b
3fd93f09
3ff44001
3fff3b89
3ce23fa0
3fd545d8
4005400b
bf08bf72
400c3ff4
3fc64039
be04bf4b
3f74bf2a
3f08bcc5
3f17bf7c
3f653f05
40373f6b
3fc34009
40013f94
3e354008
bf723fb8
3f2f3e27
401d3fd1
3e14bf08
4018bf24
bf7d3f10
bf3d3dd9
4014bf3a
bf744029
3dbd3f51
40073fb7
3ff03f3c
3e99bf35
3f84be9c
3fba3f7e
3ec3402d
4037bf37
40173fe6
400fbe13
3f7fbf10
3f863e6f
3fc13f75
3f813f29
3f90402a
3fc3401c
3fd14023
40273fe3
3ff33fa3
3f0fbe41
3fabbf2a
40313fb4
4001bf32
3f803f24
400cbf63
c5d8bf6e
3e11bf60
be8a401a
3f52403e
402ebdec
40393f91
3f994004
bf673efd
3c66bf21
bed64014
bf693fcf
3fa73eb7
40073e58
3fdc3fa4
bf093f92
bf6d3e27
be623f32
40384022
be773f87
3f553ee9
3fa63f05
3fd7403c
bd963fe5
3f4dbf7d
bf24bf51
3f434030
bf73400d
403a4004
bf7d4012
3f704001
bf0c3f8a
3fb84037
3ef83ef8
400c4010
40023ff2
400b3f54
3fd14021
4013bec1
bf71be6e
be654016
4033400c
3fb5bf2f
bf72bed3
bf664035
3f40beab
3efd3ea8
3fea403f
be9fbed9
be5d400f
3f9a45d8
bf22bf4a
3fc33f0f
bd14be79
3f23be92
3f973ff0
40073f4a
3ff93f85
402a3e8b
be623ff7
3fb43fbd
3d293fbb
3ff83fd0
bf513e13
403d3fe4
bc464014
3f1ebf27
3fe33fad
3f9a3f5d
bf273e06
3fc1be8c
bf6cbeb9
bf2f3d5d
3fadbef4
bf453f89
3fd23f5c
40363f9e
40023da2
bf134036
400a3fda
402fbf59
4018bef2
3ff73e90
40083fb5
bf1fbee4
402ebf6c
be22401e
bf063faf
3f8dbf69
40243fef
3fe43ed0
402c4011
3f743fe7
3f4c3f31
3d993cfb
bf6fbde5
bebebf65
bf423e59
c5d8bf20
3ebe3e79
3fa74022
bef5be16
4023bef1
beb44016
400b3f5e
3f5a3f07
3ff0401a
bf1d3f70
4003403d
3f813f37
3fff3fb6
bf1e4019
3f00401b
3ff24038
3f32bf29
3ff9402b
3fbc3ed9
400e3ffe
3d3a3fa9
3fbb3f39
3f404037
3f71bf58
3f3a401d
3f9dbf16
3f53bf13
3f61bf21
bf03be85
3f2dbf7d
400fbf07
3ed23ff8
40233fd3
401d3f60
4037bf32
3f9c3fce
3f793fdc
3e23be97
3ff43f9a
401dbf17
40053dd5
403b3fde
400ebf24
3fed3f86
bf07be91
3ef34032
3f93bf5e
3fc33e92
bb953f93
400745d8
3f623dfc
3f8d3fb2
400abf2e
3dc83ff1
3f643eac
3fbd3f7b
3ffc3ff3
beb23fa6
3f943ebc
3f2e3db7
401dbd9e
becc3e62
3f0d3fc7
3e4c3f01
3eed3fcb
3fe4400b
3fb6beb1
40033fb8
402abe9d
bcf33fc8
4009be90
3f604009
3e643f0e
be613da3
3e8bbcf9
3dc83d1c
3e6c3e5a
400e3f82
3f09bf05
40383f4c
401d3f94
3f9dbeaf
40023fc3
3e5e4032
40293ec0
3dafbe8d
4018bf59
403f3ffe
3f9b3e9a
be8c3f71
3e78401f
3f374031
3fbd3d62
3f764037
bf0e3f76
3f9e4020
40273fc2
c5d8beac
3ffcbeda
bebbbf05
3f87bf59
3f083ee8
bf15bd8e
3f93bf56
bf7abea9
3fdcbebc
bf31402e
bf393d41
40033fbf
3ece4029
40133fcf
40233fcb
bf7a3ef2
bf0f3ff3
4008bed4
3f1a3dc6
bf283f99
40193f33
40273fc5
40073fad
3fb13feb
bdc73f2c
beaa3fd1
403e3e94
3edbbf6e
3f7a4000
40323fef
3fa23fd5
3ebd3fdd
3ccb3e92
4024bf6b
bf79bf76
3f933f98
3e704030
3f32be88
bf19bf06
be1b4034
3f773edd
3f573f47
3ff3bf40
3fd13fe3
3f4c4027
bf233eec
3ea44019
3ff2402c
40334026
3fad45d8
3fa64015
400e3f87
bea9bf49
bf42bedf
3f053e6f
400a4001
be783f8a
3fa13fa7
3ffa3faf
40074008
40354026
3ffa4012
4036be6c
3e893e68
4023bf34
3fdc3ea5
4016bf29
3dd54032
bb9e3fee
3fed3fe3
3fd23ffb
3c323f25
3f0a3f8e
40213eb4
40334015
4036be57
3faf403c
bef53fd8
3e884000
3f0a3fce
3faa3fff
3fe1bef6
3ff2bea2
bf564030
3f4f3fed
3e324016
3f6d3f33
4039bece
3dcb3f84
3fb8bf11
bec04039
bf033fce
bdbb3dbf
3f3b3fda
3ec73f8b
3f754025
bf26bf67
c5d83dc4
40083dee
3d183f85
3bfe3fb2
3fb43f90
3fec3f83
be543e6d
4024bd58
40053fb7
4022be76
3eb43fdf
bf014013
40093f52
3fe1403d
4014bf5b
400f402d
4003bf3c
3f8bbea8
3f823f1a
3f04bf4e
40223fdf
3dcabf5f
4034bee0
beab3fe2
becc3e09
40163eb1
3f143f1b
be72bf57
bebcbd84
bed0becd
403cbf42
400c3f9c
bf334005
4015be77
3fc2bf52
40293fe9
3f1a3f0f
be914006
402f3f91
3f443f27
bf10bef4
3f073d94
3fba4002
40133f89
3dff4006
bd993fd0
be9a3eba
3f663efe
bf314037
bf0345d8
4004be90
3f5b3f07
bea5bf43
bf163e1c
3f89bf53
3f2f4022
400a3f68
bf433f8d
3fb6be3a
3fbd401c
bdd0bf1d
40114008
bf22bf04
bee6bd82
3f1d3fdd
40153f51
beffbf62
3e9d401c
3fbdbeed
3fe1be21
3fa13e1b
bf4f4010
403c4039
be844001
3ed53f9f
bf123fd2
40093f06
4027400b
3fab3fb5
3f90bf76
bc8a4011
3fc63ec9
3ed1bf26
3f903e4a
3fa93fcf
3e2b3f9d
bf4e3fbf
3f32bebe
beb2be59
bf4abce2
3fe43fcb
bf284009
45d84038
3f6e3e8f
bf614027
3fd23f12
40243f1b
3f9bbe73
40143f9c
40193eb0
403f402b
bf3c3db2
3fe33fb7
beb6bf7b
3e283fd7
3f544010
3fac3ff0
3f1f3fab
40303fe1
3f1b400b
40243d0e
3fdd3f2b
bf2b3fc3
3fce4031
3f83bf47
402e3e6d
3fe2bdb1
40043e45
3d553f42
bed83fce
4011bf23
3fb13f03
3fba403c
3ec53fff
bf61bf70
4038befd
3fd73f2e
bf4c4015
3f433fc2
40203fe7
3f50402c
401e4026
3ecbbf2d
beb04026
401d400e
3f7a3ea0
bdb13fa3
40134028
3e82be0b
3e9f3eec
3fd43e0f
bde1c5d8
3ff8400d
4038bf5f
3fe33f8a
be09becd
40124030
3ebabf0e
3f023fbb
3f943fd2
402b3f6c
3f834011
3f913ff0
3edc3faa
3f15be81
3f8e3f89
beac3fdc
40323df6
40024037
3ecb4008
40183f47
3ec33f4b
3fd74034
4006401f
3f71bf15
bf17bd93
3fc33fee
befebf52
3ea8bf6a
3fbcbe99
403d3fb4
3f8ebdda
bee43f8b
bd6e3f7a
3f1ebf52
3f923f22
be504002
3ff2403a
401c3f0a
3fc1402e
3e69bf5f
3f184014
be823fab
3fa7bf55
bf36be56
bf1a3fac
3f9c3f35
40283f22
bdf03f42
45d84001
3f89becb
3fdfbf3f
3f6cbf7b
4025bf3c
3e304011
40233dbb
bf083f45
40404004
40173fdf
40124031
401b4009
3fd43fe8
3eeb3fab
3c9d3f58
bf573f9f
40283fb2
3fbabe77
3cd34002
4024bf20
bf7a4020
3ffd403d
bf47bec9
4018400f
3fe6401b
3f843eaf
bf493f89
3f5f3fd8
3f4f4010
bf7b3fb5
bf013fd2
40153b30
3f68402e
becdbf05
3f753ea9
3f6cbe9a
3faa403f
beca403e
400f3f9f
400c3f6e
be3a3fa5
3ef53e6e
3dd33fa8
40213e1a
3fcd3ff9
bd103ffe
3f4dbf64
3fef3d51
403f3f2f
4004c5d8
3f123df4
3f463f93
3fd3be7f
3f5b3dda
3fa13fb4
3fb64022
3f27401e
402b3fb3
3f65bf1a
403c3fae
3fc5bed2
bee8402b
400f3fb3
be0b3f2c
3e5a401e
4039bf19
be4b4040
bf023fba
bf053f8d
400bbe9e
3e793f50
3f363e9d
3f2b402e
40303f2d
401a3dd6
3fe63f86
400fbf73
403b3f33
3fca400f
befbbed6
3fbc3fa3
be92bf14
be973ed5
40343fd1
402fbe90
bf7e3d7a
bec9be96
3fb23f51
40203b9e
401b400b
3fc73fd5
3ffd3f2a
3fa93ff8
4001402a
40273ecc
3f60bd7b
3fba4022
45d84022
3f953fb5
3f073f8b
3f833f27
bf683fb7
bf01bf7d
403e3f39
3fd14035
3df7bf78
4036403c
3f993c83
3fba3feb
b901bf4d
3ecf3fa2
40183ff7
3fc23e7f
3f424017
bddb3ff3
bf253f96
40274006
bf163f70
3f2c3d3d
3cdb4027
3fd23f80
3f7c3fd4
40044034
4018be33
3f2cbe9a
bf4d3fc3
40273fb4
3f823f34
3ffe4017
bda24020
be884013
bf033e75
3fbe3fcb
3ea8bd71
be3abee1
3f0c4034
bf0cbf07
bf433ff6
3f9cbe87
bf6cbf1d
3eab3f3e
3fff3e98
40223faf
3eca3fdc
bed93f07
3e243fa7
bf4ec5d8
3fbe3fb0
3feb3f8b
3f47402c
3f47bf40
3e463f88
3f40be6e
be623eb2
3f044039
be9a3f1e
3dfebdea
bf643fed
3e2fbf3f
3fe74027
3fa83fce
400c3fd9
3f74bf19
3eef3f8c
be0f3f5a
bf1cbf53
400abcda
3e993e9c
bf504016
3f52be4c
3edd3f8a
40093f7d
3f90be69
3f1c3fc4
3e1b3f57
3fd2becd
bf4dbdbe
3f143eb2
4022bf28
bf553fcf
4009be2f
403f3e84
bf513fdf
3fce3fc2
be703e85
402e3ec5
3e413d5a
3f943fea
bda23f60
3f0c400f
3fc93fdf
3faa4004
bf41bf09
bf373fd7
45d8bf7b
40213fe5
3f5e3f31
3fc0bea6
3fb13f0f
400a3f33
403e3f90
403d3f75
40064026
3e91bf25
3fda4029
4011be29
401c3fd7
3f00400a
3f54bf09
bf214038
3ff43fdd
beb43e03
3f2b3eea
40184018
be5a4038
402ebd5c
3f21be2d
3e7e3ffd
3fa73f66
3f903f25
3e063fa4
400e3ee0
40113fa6
3ebcbe9e
3f8f4036
bf283e45
403d4020
3f82be82
3f9e400f
40003e57
bf013f3d
3fba400a
be9abf23
3e464003
bedc3f9e
3f9c3f51
40163fad
bf763f72
3ec53fc4
40243d8b
beb1402f
3fe5400d
3f09bf55
3e0dc5d8
3f1f3fcf
bb993f9e
402e3f58
3fbdbe05
40223f90
3e1e3fa4
3e91bebc
3eca3fb9
3fe83ed4
3e9cbe68
3f413ee3
3fc93f6a
40043ef4
40244038
3e5d3ec0
bd733f8c
402bbf28
3fa63ffe
be5a3f2e
3ef6bf04
3fd6402f
bf2f3fee
3f38400a
bdb0be93
402ebe23
400bbf4f
be9b4006
be323f8c
3f103f4e
400d4020
bdf7403a
40044023
3fa7402b
3ff24004
3f824030
400d403f
3f78400f
3fe03f89
3f684012
40063f12
3f224034
3fe33fb6
be603fb6
3d523fc9
3d2c3fbc
be903f7d
3f1a3fa3
45d8becd
3e023ffb
3e75bf6e
bf624009
3f9c4016
403e3fc3
3f833fc0
3fe03e90
3f50bf44
bf1a4040
3fb83f09
402f4039
3e8b3e24
402e403a
3f74bed4
3f673fe1
3fd9bf00
bf1b3e2b
401a3f68
bf603f88
bf224009
3f503fa3
3ed0bf18
bf0e3f79
3fa6402b
3fad3ffd
4018bc48
3f31be24
bed83f86
40353ff1
3ed03f8e
be01bf10
3fe2bf16
3fb84028
bda9400b
3ee34034
bf773cf1
bf1a403f
bf364007
3ca3400b
40024020
3f863fc6
40313f69
40113dc7
3f5f3fef
402bbe88
40353e28
be463f8a
4017bd12
3fe6c5d8
4001402a
bf374040
3ec93da4
3f5e3fa7
bc613f00
3f864003
3fc13d51
4026be5f
4000bf7c
3fa14026
3f8bbe1b
beb9bf43
3f28be28
3f42be62
beeb3faf
40183f0c
3fdc3fc5
401dbdff
be72402e
3fcbbebb
3e97bed1
3f003eaa
3d9e3ff4
be403fdc
bf603f81
402ebce9
3fbabf3c
bf254018
3f00be8d
3e603f58
40303da4
bf72402d
3eddbcef
bf533fa2
401f3f08
be1a3e5e
3fb63d07
3d1d3f91
40013f14
3fe9bd45
3f6f3fbc
3fa1bed1
3f3e4032
be5d3ea7
bf523fbe
3fa5beb2
bf37be3a
45d83f51
bf663e3b
3fa63fb5
3f13bec7
3ff93f89
bf48be82
3e983f52
40153fcd
4037bf79
3ed34025
403d3fcc
3fe6bf75
bf06beb4
3f7e3fc0
3fdd3e93
bef5bf40
3ead3fa3
402dbe95
3f593f88
4009402f
bf743f66
402b3efb
40163ea4
bf49403e
3fbf3fb7
bde23f64
3fdf3f96
3f6f3fae
3fa93f36
3cb2bebf
be753ec7
3ffd402d
3f54400c
bf7a3f83
bf803f9f
bf023f17
3fb9bf3b
3fca4027
3d893fbf
3ff1bd41
400a4026
3f0e3f54
400fbf50
bee33ec6
3dec45d8
3ddb3e2c
bf033efe
4014bf20
3ef63fc1
400e3b7e
3fea3ff9
3f983f8f
40353f6f
3d2d3f91
3fc43fcd
402fbf5b
bd4e3f84
bf64bf6a
be873f5a
40074012
3f23bd2e
3e2abe8f
40173fcb
3ef03fc4
3fb4bf3f
3fa64028
3f01bf51
3f84bf71
bf424001
bf423f70
3db1beb9
401dbed2
40264031
40274005
40083fef
40034025
40264033
401b400e
400f3db4
3fc13e39
40343fc5
3f023fc8
bf38bedf
4009be7d
40133fb3
be96bde0
bf21403f
3f643ffb
401c4024
3fe7bf46
3f07be6f
3eeb3f57
c5d83f88
bf763e75
bee33feb
bf3f3e0a
be8cbf19
4006401c
3fcf3fd1
bd943eb1
3fa63eba
3ff93f91
bf664008
4011bdd4
3fb33f45
bebd3f03
403d3f07
3f7a3e46
3fa74039
4007beec
3fcdbf55
3f0dbdd8
bd973eb3
4019401e
3fc34027
3f4cbed9
bf323fc6
40134039
bdeb3ec1
3dbcbed7
3ef44025
401c4009
be75bf1f
3f5b3f37
40333fb6
bebe3e9c
3e944035
bec44000
3de03e8b
3ff04024
bde0bf38
3fa1bf1c
3f0e3fc4
3f9abe3d
3ed9beca
bc814007
3edebf4a
beaa3f56
3ffabc97
40143fa4
3f823ef4
3f4945d8
bf473e8d
3f7b4003
3fb5bc69
40223e2b
bf123f6b
40284037
3f7f3e87
3f10bf1e
3eb23f85
3ead4028
3fbf3fb8
bf4d3ffa
3f1c3fcd
3ffabf78
4040bf5e
bdc03f6e
3f3b3f60
3eab3e2c
3f424011
3f9f3e81
3fe44025
40223f9e
3fcd3fb7
40173f46
3ef13eee
40333e2c
401a4012
3fe64036
bf1d3ebf
3fe73f53
3f8f3e5d
4021bf05
bc593e8f
3fb83fb6
4028402c
be973f8c
40204014
40253e8a
3fce400b
3fe8bece
3fc03f79
402b3f46
4000be59
bf41bf1d
bd4b3fc6
bf643f76
40384026
c5d84025
3f8d3fcf
3f8e3fd3
3f1d3f41
4023bf33
bee3bd47
3f6b3f8b
3f9b3fac
4006becf
3d1d3fab
3fe43f24
beda3fb1
be193f18
4024be63
3ffe4030
3fff4033
3f2d402b
bf23401b
bf64be48
40313f2a
402f3f7e
400a3fb6
be294029
4011bf77
40243d02
bece4014
3f02bed4
3f54bdd7
40343fef
3f88400a
3fa93fa1
3f0abf12
3fe13ef8
40373f76
4006bf42
3fac3f2b
3fdb3eef
3fe54001
bedd3fe1
400b3eb1
3fe03f49
bea9bf69
3fe9bf26
bf1a400f
3fe03c75
3f533fb4
3ffb3fb0
bec24026
3fdb402d
3d6445d8
3fdbbe56
3f393fdb
bf653e90
3e063fbf
bf1d3fbf
bca53f15
40024038
400f3ff9
bf134008
401e3dd2
3f6a3f3e
3fc43ec7
40084014
3f6a402d
3e4d400b
3ece402b
3cccbecb
be713f7d
40333fc0
3e9a4005
3f8d401a
4037be8c
3c94be87
3fdabf1e
3fc63fc7
4023bf51
be75403e
3b8ebf12
3f9c4037
3e8f403c
3f36bed4
402d3fb7
40343e7a
40203fbd
3e974002
3f524024
bea33ffc
3f9a3e96
3fca4027
be943f8e
bf7a4024
403b401d
beb54007
3efcbe8a
3fc1403e
401f3ff0
be2c3fef
c5d83ff1
3f0a3f99
402f3f20
be333d77
bf7fbf3b
3ffd4033
40183ef7
3eae400c
3e603f20
3f423fd9
3fa23e9b
3d2c3cdc
bf17bed6
3f70bda5
beb3bf15
403d3f86
40043ec0
3ede3f0c
3f90bf14
40353fef
40033e9a
bf5fbf10
3ffdbe94
3ff93e90
3fc54023
3f823f14
3dd23e79
4014bf23
3feabda4
3efabcc2
3fd53ea1
401c3f76
3fd4402d
401f4030
3fa7bf64
3fe6bf07
3f7cbf25
bbc13fc9
40284028
3eb7be41
bf7f3f9d
401abf01
bf553f20
bea8400c
3e863fee
3fd43f91
bf24402c
40133e27
3fe53eb3
bf0945d8
3fa83efe
bf0bbf77
bebdbf3e
3f9c3f0c
bf73bd52
3f923f9a
3fa8be2a
4034bf30
40213eaf
40383e85
bf4c3f67
bf02be89
3f6c3ea9
3f523f86
40144011
403f4005
bf6b4008
400cbf59
3dfcbe96
401f402a
403c4005
402f3fe8
3f84bd71
3e8c3f1e
400a3ea8
beb23f87
40003ee8
3f4f401f
401e3dc8
3e903fce
bee64010
3f92bed3
3fc6403c
4034beba
3eb83fac
40323ddb
3f8d3f0d
3f313fbb
4033bf07
402f3f86
bf273f9e
3f8dbf70
4029402b
3f213f56
bf61bf2c
3f30be00
bf4d4021
c5d83e90
40044007
40363fc1
be313f85
402a3fa0
3f74401c
3fe93fd0
bd9bbf1a
3ec63fb5
bf6a3cb0
40083ffe
befe3fb9
beebbcf7
3f90400d
3e123f98
3eb73f8e
4002be55
3fcb4021
bf54be94
3fe6bf21
3f983fed
bf444006
3f96beb6
be943f99
4037bf2b
3f373fc9
bd02be95
3fa4402d
3fc93fff
401b4026
401c3f13
3fe74009
40133fe4
be2c3ddd
40393fad
3f3cbf2b
bf55be8e
40304011
40323fd5
40194010
3fdfbea5
3db83fee
3fd33f14
3fc24030
40383d4f
40074033
402b3f70
3f0c3f83
bf283fa8
3f4145d8
3e74402e
40313fc3
bea1400e
bf604023
3fa2beba
3f45bf3f
3f2a4021
40164021
bf6fbf15
3ef0bf50
3f9a3e9e
3e024009
402e3f46
3fbe3fe3
3f893fe7
bf723f58
3fe93f88
3f643f81
40393fc8
3ef0bda1
3fe73ea9
3cea3dd2
bf5e4013
3d603ee2
402a3fee
beb53f0c
beb03fda
401fbe53
3ff83f96
3f153e9b
402b3ecb
403c3f5c
3ff6bf0a
be4f3f35
3dc13fc6
3e274018
be1a3f66
3fb4bf03
bf4ebf70
403fbf7c
400abeda
40304032
be8fbe5b
3f3fbf2e
3f67bf55
3e75bf39
be9e4016
c5d8bf13
402c4032
4012403a
be273fc8
3ff73ecd
400d3f40
3f803f88
3fe43fc6
3ff53fd0
bf7c3e44
3f2b4001
bee53fd0
40353f48
bd93bdc5
bf093f1b
3ee43ead
3eaabee0
40233f24
bdf13df8
3ffb3fbf
bf654007
4028402b
3fa1be96
40153faf
3f893f28
3f113dd7
3c1bbe65
bf1fbf0c
3dca4022
be9a4024
401b403f
3fbcbe2a
3ffa3fd6
3f9c4002
bf203fd0
40194022
3fa3400b
4005bf2e
3edd4030
bf33bef8
3f6ebed7
3f883e96
403c3f6b
3fa8be64
bcb23ee1
403e3b4c
4037bf67
40154007
3f833d3e
402e45d8
403cbc4f
bef13e64
3f734014
402c3fd8
3fcb3f99
401dbcec
3f20be8e
3f973ff2
3f083eb9
4026bf25
3fdb401b
3fc1bed3
400a3f72
3fc4becb
400fbf4d
be544009
3f1f4039
3ff23e9d
3fd03f63
3da6400c
bf373f24
bf4fbf1a
bf40bed8
403d3fd1
402e401f
be75bf5c
3fbe402d
40313f88
3fc43f02
bf784009
40133d02
3ed9400f
3fad3e3b
40343ed1
40014040
3f673ebd
bf3d3f20
4004be8f
3fb64030
bf1bbdf0
bc81bc4a
40393eac
45d8be14
3eec3f16
403a3eb0
3fb9be8a
bed0402a
be9e4007
402b3fad
3fde400d
3fae4018
40143f72
3fa93f25
402d3f76
be864027
3ffb3df1
40363fac
beaf3f64
be33403b
3eb33fd4
be9f3ff4
3fc54039
3f6b3ff0
3fbd3e91
bee33d24
402abf75
beef3fe6
400b4039
3fd43f35
3e434020
beccbf0f
3eb8400f
bef53f33
3f41400c
bf5ebf07
3fca4018
3f8fbea5
3f4f3f9e
bf02be8e
3f84bf0e
40064009
3d024002
bdf0be0b
4040be84
bf5a403c
be94bf53
bf0a403f
3f19bf6a
3ff13fe7
3e824036
3fae4018
4011c5d8
3f79403e
3f15402c
402c3ff5
3f59bf7e
bf303ff5
3f31be60
bf1b3e2e
40273ecf
3f994039
3f903fc6
3f5dbf5e
3dbc3fe4
bf0d3f8d
40043ea2
bf7c3fd5
3e37402e
40123faa
bf78bf51
402bbef1
bf14bf57
3fa24037
40403fb9
bc4f3fd6
40193fc2
3fee3fe8
401c402e
3f86401d
3fad3fa0
3fc23f9d
3f37403e
3f7e3e3a
3f413f99
3eebbeca
3f883fc4
bf32be3a
3f933fda
bf7d3f9f
3f9d3e24
bf783e68
40314003
bf773fbb
bc41bf57
3f98bf55
3e2d3f51
bf4ebf2d
4011bf01
bf3d3fdc
45d83f8c
401e3fe1
bec83ffb
4017bf27
bd643f8c
4032bc8c
3f2c3fcf
3f063f50
3f3abd56
bf3b3f97
be0e4021
40403fdb
3ff6bf56
400c401f
be813ec6
3f073e7a
bf65bf4d
3f1dbf7d
be123c41
3c673fcf
4004bde2
40183e61
3fd9bea5
3f5c3f6f
400b3faf
401b402e
3fbabee9
3fe13fd2
bec4bf4b
3fe43f3d
beae4020
3fb13f6e
3f9e4013
3f973eeb
400abe74
3fe33fbe
40393fb1
4035bf4f
bf103f33
4005be8e
be543e81
400b3f76
3f3a4016
4019bf1c
40033fea
401e3f9a
3fdc3e82
3ec53f5a
40293d0c
3f40c5d8
3fe03f9a
3f81be77
403c4020
3eba4016
401e4012
3fc24032
bef83e25
be05402f
3fba3f69
40173f67
3f743f72
3ff73fff
3bea4029
3e653fdc
beb13e45
40013e88
3faf3f33
4029bf78
40053ff2
3ef6400c
400abf4e
bf23bf1c
4033bd9a
4005401c
3f583fe5
3f6a3fff
be983fd9
40334032
3e753f93
3fda3fc1
bf65403f
3fee3fd9
bf70be76
3ee5401b
3ffe3e1c
402fbe6d
3f96401b
4000403b
bd85400d
3fec3f18
3e464011
3e8c3fdb
3edc3cdc
bf363f8c
40343f65
3ff3402c
3fb5bef4
45d8bed5
bf68be93
3f8d3f54
bf06400f
bebb3fc9
3fc03f98
bd6a3fb4
40234029
3fd63fc9
bf25bf3b
beac3fa7
3fa3403d
3fd03fd7
3d77bf49
3fb13fad
bf223f6a
40093fe1
bf5c4020
3f083f21
3f623fc6
3e8d4020
bf6e3ffb
3f2dbefe
3f55beb0
4030be03
3fb84024
3f7ebd5d
4004bf37
3f274018
3eabbcd1
4000bd0e
4024bf4a
bf21bf1f
40303fb2
3e833eb1
3f8cbf76
3fb9befb
4036bee1
3fdf3f55
4007bf46
3ed03f5f
40384003
3fb33f20
3b6f3d58
be153f0f
3fe63ebe
3ffbbf7e
40243f49
3f993fe2
3fadc5d8
bee74031
3fd43f93
40053f57
3fbf3fd7
bf6b4039
bd58400f
bdfa4005
3c683e39
befe400d
bf3d4017
3fd9bd94
3fcebf65
40324039
403b3f5e
3e16bd4f
3faa3fb6
bf2a3fbc
3fdbbf69
3f7fbf0b
40353fd0
3ff53fed
403c4024
bea94010
3ef23e9c
bf5d3f89
3e894006
3f9bbf23
bf19be9b
be153f8c
3fcc3f2e
3ecd4006
3fb13e99
bf2b3ff8
402d3fdd
3f5dbdde
3f483f55
bf2d3e6b
3f723f55
3e94bf4e
bf4a3fd1
be863f3e
be113fa6
4002be1c
3f3e3faa
3f7fbf39
3f403e8d
3fd93f24
45d83ff3
40393f61
bdd8be67
40293f79
40253e2c
3ff74028
bda34003
3dd04003
beb63f9e
bf0bbf2c
40294014
bef04037
be70bf20
403bbf4d
bd073fe4
3ffb4020
3f973fc2
3f563fe6
bd974018
3ebe3ef3
4036be92
bed23f8b
bda53fb5
bf563fda
3ff3bf7d
3ff3bf5d
bef13f82
4026ba6c
3f733fc9
bf1f4010
3feb3fce
3da13f56
bf7a3ff2
3f1dbe4e
3f633fa8
402bbd8b
3e61bf4c
3f0e3d2b
3fa94018
3fbe3f7b
3bab3fad
400f3eeb
40193f48
40403ffe
3ff5beb6
3f983fe1
bf103e6f
3fb34032
be1c3ed3
3fc4c5d8
40043efd
bf024023
bf1dbf40
3f92bf27
bee63fac
bd11402b
bf1cbf60
4033400e
3fb8bf67
4031400f
bf633fa3
403f3e42
bf06bd24
400a3f38
40393eef
3fa93fa1
3f53bf76
bea84022
4021be92
3fbb3f84
bf623fa5
4025400b
403a3fad
3ffbbf54
3fde3f84
402e4002
40404024
bdae3e62
3f163fa8
3e20bdec
403b402d
402e3f2d
40154024
bbb43e13
403e3fb6
3f81be3e
be433f98
bebbbef0
40204003
4003401e
3e963f81
bf6bbf01
3ff63d5f
4023400d
3df93ecf
3f843f62
40093ee0
45d83fa4
3f9c3fce
3f3e3f9a
3f833f2e
bdf0bea4
40113f7c
beab3fc5
3f263f9f
3f563f9d
3f95400b
402e3fdf
3e1bbf25
3e5abecd
3edf3d91
3d76bf67
bef33ce4
beff401b
be9dbe74
401b3f88
3ede3f63
3fc23efb
4029bf38
40043ff1
4030bf41
bec14024
3f2fbe4d
3eb6bf44
3fa1bea5
bf0b3fa1
3f98befd
beb84028
3ffdbe76
bf50400d
be574025
3fd13f24
3e5a4007
4028bd96
bf324016
401e402a
40163fce
3ed14000
bf7d3ebe
401e4040
be973fab
3ff03ffb
bd814039
3fe33d22
beef3f02
3f8d4018
3f44c5d8
3e2b3eec
bf593f63
becd4021
402e3f1a
3f773fdd
be3c3fe1
3e42beab
403a4036
bf21402f
4018be3a
3fba3fba
3f363f99
be13400a
4009401d
4009bf01
bf334032
40084027
3f9cbeee
3e7cbef7
4014403e
3f983f28
3e483fb3
3f953eac
401bbc83
bf4e4021
3fb73fb6
40264024
40173e30
3f85bf15
3f593f66
40154036
bce0403e
3f89403c
bf12bf07
3fa63f7e
3e50bf41
4012bea5
4039bf4c
3f8cbf0a
401c4002
3f8e402e
bf7e3f80
c5d8bf36
3f2fbf1c
3fd33fea
3e253fc5
400d3fc2
40403f09
3f413fec
3fed3b7f
4015bf40
3fd7bdd6
3fddbf66
bf043f3e
beda3f9a
40203f0d
40204011
befd3f99
3eb73dba
3fb3be2a
beae401f
3f3bbdc8
3bd1bed1
40003f6c
3f224033
3f7b3ee4
4007be05
3f593fca
be303f97
3ffcbd51
3cd03d73
3f1f3e8e
3ff43ffd
401b3fdc
3fb13ff2
befa3f9d
3f074040
bf47bef6
4006400c
3ec2bf19
bf34403f
402b3f90
bf3dbf0f
400f3fdc
bf503ffc
3d8fbf36
3fcbbf43
3fc44018
3f2e3ec2
3fde3fd0
3e914020
3eb445d8
3fe03ebb
3e0f4033
3d5dbe20
400cbf56
bf224023
3e28bf65
401d3ca9
be243fb4
3fd43e90
3f9e3e27
4037bf65
3fb53f57
40224003
bf64403b
3f693e3b
3fd83fb0
3feabe90
40013f10
3fc1be3b
3f613fe2
3ffd3f76
3e773fc8
be783e03
bd493e95
3fc03feb
403e3fa4
3f9b402d
bf2b3d45
3ff0bf65
bf25be7c
be263fa6
40193f46
40283fa2
bf433fde
3fa2bedd
3f6b402a
bf453fb9
bf62bd02
bf07bec8
40313fb3
3e763f02
3fa73f9c
3f17400c
401bbf60
bf313fa3
4035400c
bf7f3fbf
c5d8be12
bf734017
be9e3fa8
be664006
bd6b3e96
40193f87
401dbeab
40193fd9
3ff0be27
bf133f8d
3f5b3fe8
400f3fe6
beb34009
3e823d98
3ffe3ffa
3fa3bef6
be133ff5
3c813fe4
3f873ff1
3f9dbf5b
3fb4be56
bc9bbee3
3f743f2d
400f3d42
4023bf54
403ebe4f
bf6a3d40
bf08401f
bf033ff2
bf52400d
3f1e4001
bf73bd8d
3f5c4029
3f324013
bf754005
3fabbf5e
3f1abf4e
3ff73d78
3ea84009
bed5bdc9
bf2a3c0e
40283fd9
3ef84006
3f8d3f63
bf15bddb
bef04020
bf494038
3f76bf0d
3daa403e
401d45d8
3faf3ff2
3f7b3f00
3f92bf36
40323ff3
3ff04019
40263fc1
bd664012
3fe93c07
3f333fac
3f97400d
bef9403a
40403f08
403e3db8
bdcf3e41
400b3f23
bd3f3cdc
be34bcb1
400f3f78
bf0cbf7c
3e433f22
be6a402c
401b403a
3fe04039
4030bf29
401b3ebb
3f094039
3fe53ef9
be874009
3f3e3efa
3fe9403c
3d813e2b
3f994001
bf39bee9
3ff43fd2
bf40be8b
bf5e3f1b
4017bf2a
3fab4026
3f4c3fd5
40203f9b
3ffb3e07
3fbfbe9d
402b3f86
3df9bd90
3fcd3ed3
4001401c
3dafbf0a
c5d84004
bd3c3e36
3fdc4034
3f23402d
be47bf71
3fd33fce
3eb03fe6
40283fe5
bdaabb05
3f824024
bf3f403d
3fe7bf77
3f923faf
401fbeed
3ffcbe61
3fd9be8b
3f6c3f91
be633f22
40033fea
bddb3d8f
3fc94016
3e55be1e
be963fcc
bdf4401c
3e3a3fa5
befd3d72
3efdbf14
3f89bee7
bd623ef5
bf353f85
40313f35
3fa1bf1b
4016402c
3f224021
3da2bf01
3f743fe8
3f933eef
3f63bf6e
400d3ff5
3fa0bf60
3eb7be24
bf7fbd82
3f093f8e
3e273f77
3fce3e2e
bd4e4025
402c4004
3fef3c14
be52bee3
403e45d8
3fab3e9b
3ce7400d
40034008
bf49bf3b
bd3e4002
3f763fd0
be8cbea2
bed1bf09
401a3e16
403b3ee2
3ea2be47
3fb94010
3fda4009
bf423f1b
bf6fbeff
3f844000
40093ffd
bf153fd4
3f223e97
4000bed0
3f79bd6e
3f613e29
bcdc3fc3
4005be3f
40164040
40183eb9
3edc4023
bd943edd
3ee13ef1
3ff03f22
402b3f31
be573fe6
401b3f12
3f913f5d
3f87bdb2
3fa4403a
be813f6a
3f2dbe9a
3eb63f83
3fc93e37
4013bebd
402b3fae
40153f49
3fae3f86
3f7b3f26
3ec6bf6a
3fe33fc2
c5d83f8d
3ea73fa4
3f833f0f
bf4e4036
3ecbbe1f
402e402d
bf1ebcd5
bf2f3eac
403bbf35
bf264005
3e593fc9
3ec14004
3e353ff8
bf69401e
40353f21
be0a4010
beec4020
be0c3f86
bec73fec
3f81bf70
3f703fcb
bdab3fe1
bdda4019
4028401a
bc704021
4015bf5b
bf57bf66
3d59bf46
3f9e400c
3e214032
3e413fb4
bd8d3f25
402c3fe1
3f943db6
3f9a3f45
bedb3f6b
bf263ef2
3f043e8f
4039402e
3ebf3f07
3f94bf6b
bf5ebf13
3e42bf38
3fcb3f87
bf2dbe89
3f2a3f88
3f444034
40324020
403d4031
400945d8
3f173d88
403e3e11
3b26bd47
3f904015
402f4023
bd273fa1
4010bf65
40363fa4
4034bdf0
bf433faf
400f3f12
40353ebd
40183fc0
3f933f5d
bf773f4a
401c3ee3
3f973f92
40143fa2
3f5e3fcc
3f803e4c
4030403c
3f983f5d
bf39bf7e
40293f0b
3f253fc8
3f83bf26
40123faf
3fc93f87
3fd0bf11
3fd9403b
4011be5b
3fb3beee
bed14005
bf063ef7
3f07bf66
bef64026
403cbdca
3e91bea4
3fb7bf3a
bf253fc8
401abed9
40233fbd
400f3f62
3f943fa4
3f9fbf5a
40033f1e
bf213ff9
c5d83ffa
401f3f56
3f783f0e
40183f8b
40344032
401d401d
beed3f14
be21beb5
bf3d4009
bf514029
4030400e
3f4c3ff1
3f3a400a
bd19402f
401b3fb4
3f4c3f4c
3fcd403f
3f173fc5
be764011
bf663faa
3f1d3fde
bcea3ed0
bf323f9b
3fea3ef3
be7abf11
3f354001
40044024
3e89402e
be053fc6
3fa0402e
4003bf66
bdfc3fdf
3ff04022
400a3fb7
402bbe32
40083ef1
3f4f3d30
402dbf4c
3f09bf5f
bb6a3f76
40143fae
bf4b3f28
3f0a3fed
3e444023
3f1a3e4f
3f923fd8
bea1bf0a
bf43403b
be3d3f97
3e9245d8
bf033e61
4034401c
3fcb3f14
bf403e94
3f4f3f2b
40154031
3e864034
3f913fac
3e643e09
3f03bf61
3fb43f0e
403bbede
39be4035
40374011
400f3fb3
40383fb3
3fc04014
40083e23
3ffd3f3f
400f402a
bf274019
402bbf26
3f913f84
bf163fe0
3fab403f
3fa43fb9
3d9a3f0c
3ee5402b
bf673f1b
3fb4403f
bf7a4016
bf803fa1
bf4b3f13
4022bf5e
be96bf3c
3fde4037
bf7b400f
402c3ed1
40333eb2
40304022
3f6abe9c
401b3e3e
3bd13f97
401bbf7c
3f2d403b
40363f9f
3f303e9b
c5d83fd7
bf624025
3ea93f38
3fcb3fe0
3f4e3f98
bf29401a
3ea04020
3e083f27
3f5abf28
402f3e9c
3fe0bf21
3e293f3f
3db2bf6f
3ff94036
3f88bf75
bf2b3f59
bf363f2e
be974009
40173fc1
40333f9c
3fcb4009
40333e92
3e9a3f90
3fd8bf0d
3fef4006
3f213fc7
bf693fc4
402a403e
3fdd400e
3d9d4017
40264017
3fa9bdef
3f40403d
3f133f1e
3fcd4013
400fbf7e
3eeabdcb
3f5bbe88
3efc4000
bee63fb7
40043f92
3ef84039
3f823f8f
3fce3fab
4004c5d8
40393f75
beecbf60
3f7e4034
3f93beec
40183fe4
3ef23f8b
bf324011
3f9a403f
bee7bf16
3f20be9a
bf533fec
40283fe9
3fbc3f69
3f543e71
40374030
3f083fe3
3ee63ea9
3fbd3ff6
3eefbf41
3f88bf67
3f46befa
3ff53f46
3fd53fc7
bedd4003
402f3fa7
4018bf2b
403d3fce
3e664011
bd863f0e
3f473f9c
3fd53ef8
3fc7bf71
3fdc4033
3e383f18
3fe63f8c
3fb83fc2
3ec73f7c
3eafbf52
3fa63f1e
3ff23f71
bf68402c
3fc23daf
40003f66
4009bf5b
3fd54023
3e5b3faa
be9c4037
45d83eda
bf02bf07
3faabf20
40033fd8
be103fe7
3e65beea
3dba3f55
3ff03fec
3ddb3fd1
befa4031
40043f79
3ee2402d
be343ecb
3fa43e99
3f6c400b
402b4003
3fc14016
3fcc3d88
40403fc0
40383fa2
400cbd34
3f0d3f73
bd743f46
3f4a3e67
3d953fee
bea23eea
3dc23fd1
be363fd4
3f26bea0
4011bf5e
402a3f42
3fba3ebb
401a4033
3f7e3eef
3fa4401c
bef33ff3
bf3b3fa6
3fb03f0d
3e6c3f6d
3f473e8d
403f401a
bf683f70
bcfebf54
3fad4006
3f593fdf
3f683fcc
3ffe3fb2
3e873f03
3fc7be61
3e4cc5d8
3f84bed5
3fab3fc8
3fc43f3e
bf264025
3e93bf05
4017bdae
401e3ce7
3f1c3ff4
3ee4be72
bdc63f98
40163f87
bf3abf0b
3f6a3ff8
3cec403f
403b3f3f
3d403ffa
3e183fdc
3fec3f89
bebe4032
bf7d401c
40073f3f
bd8d3fa8
400c4010
3f033fc4
403a3ee6
be8f3d96
3fbfbf4c
3f0e3f2a
be443fda
3fe5beeb
bf23bf3d
be563ff9
bebebede
400abf77
402e3f0b
3f103f0d
be304019
bf613f22
bea53fd5
bf584032
3ea63f8b
3e87be9b
40123fd9
3ff53e7c
4036bec4
bf69be11
3f90bef4
45d8bf03
40073f9a
3f1abf3b
be2c4038
3fe83f7c
4026bf2b
3f954004
3f6fbe9d
40053dc0
40264032
3ec33fa7
3fa33cca
400dbf45
40393f89
bea4402b
bc723e1e
40113ff5
be1d4023
402f3f8c
3ffbbf4a
be4e3f88
be8b401a
3fd83fa3
3ed0bea6
3fea4034
bec63a9b
402f402e
bf1a3df9
3f85403b
3fe93e7e
bf3f4009
bf31be7c
40144012
3fa4bf43
3fd14017
403f4024
bf594012
40074014
beb74011
3fb83a2c
40193fdf
400c4036
3fb34023
bd8e4028
40353f8d
40024018
bec03f83
bf2f3e8f
3f823f31
3fe1c5d8
3f5f4013
bf44403b
3fd1be1d
3f1e3f1a
403e3ff1
3f843f22
3f4a3fbf
3fd53ffb
40243f09
beeb4024
3fe44026
be21be20
403c3fdd
40283efb
40264022
3f82402f
3d1f403c
400bbf28
4005bf68
40143f1f
be61bf3b
bf173f44
3f664001
4008becc
be773fb3
3ff3bf6a
3d0c3fba
40373fa8
beb2403d
bf78be34
3faf3fcc
402dbecd
3f374006
3ede4036
bf073fe1
bd403f5d
beb34023
3f943dc8
3e61be47
3f56403e
40253f89
3f883eb2
3f91403e
3f8ebf78
3f60be03
3fa84039
3fdb401e
45d8bf04
401cbf7b
bf183ffa
3f8b3eb3
bd3e3fac
3f7e3f2d
3eb44001
3fb33ff0
3fb03fb0
bd85beb1
3f474006
40333f6b
400abf14
402c3fac
3ff3bebe
401abe81
3d963fea
3fd93ffd
403a3fe1
bed14009
3fe5bed5
3f3abddf
3fecbec6
401abefd
3f4c400d
befe3f49
3f77bee4
401e400d
3f58be3c
3ce9bf16
3fdb3e04
4017bf4c
3f063f63
3fd23fde
3ffc3e48
3e9b401f
3feb3f9b
3ea23fe5
3f4dbebf
3f483f91
3f34bf53
3f6a3f28
3fa1beb0
3fb9bf5c
3f883ea5
bf004021
3fc1bee3
3fa24030
bf6e3fcd
3f68c5d8
3fb23fb7
3fd93f94
3ef7beb5
402c400d
3fa9403c
bf684018
3f10403b
3f85be27
3fcd3f8f
3fa3beb0
4038be18
40134001
40193fa6
3fc03f81
3e873ef6
bee73ea9
403e400e
befe3fe0
40114009
bf183f9a
401c3ee8
3f593e96
3fc73f24
bf42bf0b
400fbdd9
3f7dbdea
3f823f9a
3fbd3f2c
3faf4033
3fd3bf66
3edd3eb9
40384022
be154003
bf6d3fa1
bf0c3fb0
3fb23fb3
3f8f3f95
3f48bdeb
40353f87
402ebdf6
bb9d3c07
402bbf2e
be933fdb
bf6d3d3f
3f114020
3fd9bf62
3fef4018
45d84022
3fbc3eb4
befdbf4e
3e99bef9
400f3eb8
3e00401b
3f023f72
3f0d3f8c
bf4b4030
3f1f3f73
be913e8b
401b4039
3fdbbf04
40293d37
3e1e4022
3e393fe2
40193f90
bb8a3f19
3f7f3fa7
3f89401a
be903f69
3f9a4008
40263f6b
3ff1be8f
3f0e4013
bf74400c
3fc83ec3
403e3e81
3eb43f44
3fb54039
40224023
403f400c
3f393ef8
403abf31
401ebef0
3eb3bec7
3fa43fff
40303f05
4030403d
3eb43f6a
3ff63feb
3fda3f94
400e3ffb
3f54bf72
401b3ec3
402f3fc2
3ff24024
bf76401e
bf133dad
3e33c5d8
3ea03f46
bf4d4021
4033be92
3fdebef4
400c3f3c
403f400a
3fb0401d
3f5b3fd5
3f553f0d
3f13401a
401dbe85
3ef4400c
3e9a4020
3da33f21
40203f7b
3fff3f8a
beca3f93
400e4010
4003bf5d
bf513fd7
4017bea7
bf273f25
bec7bf0a
4019402c
bf403eff
40163ee2
401c3f61
3fcabf1a
3fc43ea7
4033bf24
3fdc3fac
3fe33e6c
4000bf48
bf144034
4030402e
beec3ffa
bf163e4a
bb2b3e79
3ffb3f8f
40284025
40033fd4
40363fea
3ffe3e8d
bbc53ee5
3d4d4003
3fa73e4d
3f923fce
45d8bf47
3d3e4006
3f64bf5b
bf33bec7
40083f7a
3f193e71
bf4b3fbb
3f334030
be5c3e2b
3eb3bf54
3f6a3f8c
3b56402a
bc843faa
40224014
3f023e84
3f793e7a
40203f7b
be9b3e9d
3fedbee4
3fbd3fa4
3fba3eb2
3f8cbe50
bed03fd5
40033f28
40123fde
40113f06
40163fe9
3f403fb8
3fc03e6c
4033be59
4010400a
3f183f28
3cfb402e
4028bf71
bf06bf67
3e854011
4019beb9
3fbfbf7e
bf3e3eff
3fabbf7f
3ff73f6e
bcc33e02
3ff84019
3f513f38
3f9d3ff0
3f853fe9
3f263fe5
3f93bf77
3f803f0a
40003e6a
bf703f8d
bf734039
40144009
be773e9d
3f803feb
3ffa403a
403f3fa9
3dd1400c
be6bbf49
4003be9b
40323f8f
3f1e3ef6
be18bef5
be0e3e64
4000bf39
3d57bf1b
3fd63fab
400dbed4
3d14bf74
3ead3dcc
3fd5bdd4
bf55befc
3e324030
403a3f03
3b183ee4
bf173e23
bcfcbe38
bf423f9e
40163f40
3f42400d
3fed3fe4
be81bf46
40123fd3
bc4c3f7c
bec43e95
bf273fa2
3fbdbf40
40233f68
bf153f59
3fa93e04
40193e3d
401ebf66
c5d8400a
bf0e3e22
3f2e4031
3e80bf2b
bf573fee
bf3a3f47
402f4002
3fa9400a
bf683f02
3f4d4024
bf683fef
bf133f8a
bf533fba
bebe3f84
bf1c401d
402e4011
bf0c3f2f
400e3ff1
3bccbf4e
3f80bf23
3f87bf72
3f723f55
bf234028
3fa64014
3f763fad
403f3fd0
3e58bf0d
bea4bdf0
3fa13e84
3be6bf34
bf644027
3d023f3b
401c3fe6
3eb8be29
befb3fb6
3fdebf03
3ef53e1b
401ebb19
bec03fef
3f523db7
40224020
3dc04024
bee8bf58
bf474016
3f94bdf4
3ed9bf21
3fcdbe12
3e243d06
3f013f6a
3f2b45d8
40343f6c
3f903eb7
bf663eca
3fafbf41
be4f4027
4003bf03
3e8dbf49
bf263d08
bf283fd5
402bbf61
4003bf78
40093f25
3f7d4034
3f8e4012
bf003e8d
3f7dbf60
40104027
3f7b403d
bf5a3fa0
beaabf30
bf6c3f2f
3fb43ff6
bf5f3ff3
bf203fad
3d6b3f3b
4032402b
3eb93fcb
403f3ff8
bf563fc7
3fa5bf24
3f3c3fee
402e3e90
bf5ebe14
3f0f401e
3f6f3e02
3ee73fec
bf38bf59
40234000
bf153e53
3ef63fec
3f6c3f11
3f963fcc
bed03fdb
3fbd3f99
3f774000
bf2b400e
3eefbe25
c5d83ec6
3f933f4d
bec23f7d
403d3fca
3feb3fff
3fdd3dbe
40013ff9
40043fc4
3eb73d61
3ece3fe9
3ee14028
3ec64025
3ee83fb7
40114020
bf234036
3f9c3f71
bf784022
400d3ecd
bc023f2d
40043f29
bf31bf68
4002402e
3d65bf30
40073fa8
40293fd7
3f943f22
40074028
40344017
3fda3feb
40023f89
40013ff6
3f42beb5
3ad3bf16
3fbe3fe3
beaebeaa
40384024
bf0f4009
3fc0bf2f
4014be82
3cc13f97
beb13cb4
400cbe97
beb6bee7
3ec64039
be503fc1
bebb3ee0
3faf3f6e
400d4008
bf1a3eb4
3f9245d8
3fec4030
402c3e4b
3f764033
3fbb401f
40164019
bf1b401f
bf2d3fae
bf1e3f5b
40083f48
3ec63f58
3ea53f5e
bf2a3f3c
4004bee8
3f923e9a
bf7dbd97
3f593f09
bc4f4002
3fb43f7a
3f603e58
bf1e4010
3ff83f30
bf663f8b
3f933f60
3eacbedb
bf013f82
3fc03e62
40164035
3ba83ff0
bf023f4b
3f5dbf59
40384009
402f4037
bf7e403b
3e093f95
3f2abd85
3ec54014
40233fec
bf62bf72
3ff83eaa
bf114023
40153fec
3ef8bf55
3faf3e97
401abdf5
40003e0d
3fd93fa5
40033fd1
c5d8402d
40203fb1
3f823e92
3fc44016
3faf3f16
bcc44025
3ffbbea2
3fc23fa7
bd983fb1
40393fe3
3f22be8a
3fcb400f
bef8bf6f
3f283fa9
be4c4008
3fb74013
3faf3d5b
3fe4be1f
403a4028
400f4007
bf484025
be153f7e
3e9abed9
3d893f2e
3f58bf50
3c843fd8
bf573f87
3f913fa6
bee2bf21
3ff34003
40353fc7
3f8a3cbd
4021bf2f
4011bf5f
403d4003
be9a4018
3bb5bf5f
4032bf76
be7d3ffc
3e1cbf2d
bf43bf77
bf71bf21
40323f44
40293fa3
3fc8bf39
bf4e3ff0
3d9e3fe8
402b3f41
3f78beba
3f3545d8
3f633f56
402d401c
4039bf80
401ebe9c
3f99bf3a
3e9b4029
3d833f81
40364016
bee43fb9
3f153fa2
3f403ed9
3f314015
3e0a3e58
401b4018
3fe83e44
3fae3f59
3fa03ed7
bf293fb4
3fb6bf46
be823fdb
400d3f75
401e403c
3f923e14
40343ff9
3f3a4030
be5f3f72
3fb8bd07
4012bf54
bf383ea5
3f6f3ffd
4005bec5
be823ebd
bf2abecb
bf70400d
401a4007
3e123f34
3f9a3f13
40303fcd
4037bf48
bf3c4023
3fe2402c
3f774008
400a3fb3
3c963ff3
40334006
3f91beeb
40103ffc
c5d83f60
3ff2bedb
bf083fae
40133fc1
bed63f87
3f974025
3fd23f94
bf41be3d
3fb74009
401c3f0d
3f963ff5
3f943f4c
3e4d4025
3f193fc1
3e553fff
3f93bebb
bf363fbb
3f60bf0f
40354014
3df93e47
3fca401b
3f95be52
bf744032
3ff44001
40213f3a
3fbd3fa2
bf6f4039
3f2c3eaa
bf5b3e19
3f083f43
403b3f66
bf3e401c
401e3fd4
401dbebc
40214031
3fb8be42
3e833fea
3fdabe75
402f3f1d
4022bed9
40233f38
bf55bf38
be333f09
bf023fac
3f713f8c
bf34401c
bddbbdb8
bf253fb2
40053bf0
401c45d8
4022401a
3fed3e82
3fd8bf1e
401c401e
403a4034
3fef3cc8
3f813f37
3fbe3ea4
3fb7beb3
3feabf7b
3e1bbce8
bf7c3f8f
40213fc6
3e543fd6
3f45bf0f
40143f90
3fcfbe6d
40203e92
3fc53ec1
4015401c
3fda3f97
bbcf3f7a
3f7d3fe6
3eb73f9a
3fddbdc1
3fe93fff
bd8f3f72
bea43c16
3f6e3fb2
3f0b3f40
3dd73f28
bf6a3fbd
3dcf3f9e
bea7bf26
3f893d00
beab4018
bf133f09
3ec03fcd
3f48401f
3feabf75
3f9a401f
3ef0bebd
3fde3e0b
3e214030
3f513f8e
3fa8be32
bf503fde
c5d83e07
3fc23fb4
3f9d400f
3fb64013
3f843f38
3f8e3ff6
3f6ebe57
3e313f1e
40343fe5
3ff53e3e
3ee53fff
bf653f43
3f464036
40353f68
40023e2a
3fef3fd2
3e5f4038
bf794034
3cbebf20
40153eb3
3fea3fd1
be9c3f67
40253ffb
3ffb3ec9
401e3ebb
3fe2bf29
3f2f4035
3ef73fe3
400e3f8e
3f6ebe53
3e9d4037
3fe14010
4012403d
becc4025
3fee3fde
3fdebf4a
bf003fce
3ec0bea5
402b3ff6
bdf9403b
4037bf36
3ddc400f
bf2d3f24
3f333fac
bece4011
3df13f0d
40113f8e
40364034
4022bf07
401945d8
403d3f53
3f864031
40394012
bf484039
bf333e05
3ffd3e7b
40053f90
3fcf3f4a
3e4f3fea
3f194033
3fb23fb9
40033f92
bf663f2d
3f2f3f78
3fa4becb
3fe4401a
be86bea9
402a3f43
3fdb3fbd
3faa3fa7
4001befc
3ef5bf31
3f633f41
bf59beda
bedd3fbc
3ef33f82
3fff3dc7
40143ee0
3ff3403b
401dbf21
befdbf2a
400c4018
befe401e
3d3e3fbb
4036be68
beabbe86
3e363ef3
3fd53fd5
bf33401f
3ea34013
3e743f92
beb33ff2
45d83f88
40153fcd
3f6c3f15
403b402a
401bbf28
3f5a3fb7
3fddbef7
400dbe6d
4004bf26
bf5c401b
4037bf11
bf533f11
be86bf4b
401c3fe3
3fb9401b
3ea83f39
3e653ff4
3fbabf62
bf174023
3fef3eb9
3df63f25
3e93be38
3df5bf6c
3f9abeff
3f0a3fc8
3fa04033
bf08bedd
402d3fbc
40143eb6
3ef93d8b
3ed73f5d
3f02403b
3ec4bf5c
4011403a
40303fe2
401abf65
3fb5bd91
3e74402a
3f104000
40123e10
3fd83f24
bda64009
4020be49
3eb33f58
be174010
40213fba
3f51bf50
40023fd7
bebf4014
4011c5d8
3f3d3f91
3e944037
3fb8bd99
be873fe2
3f2b4019
3ec93f1b
401e400b
bf41403b
befb3f11
3fa43ee6
3f663ff2
4031be37
3f94beca
40393f59
40253db2
3f103f59
3fc64002
3f083fed
3fc33dd2
bf19bf5f
3fe13f2b
beb03ca6
bf0d3e8d
bf1bbf61
402c3ecb
3e584022
3fa43f14
3e6c4002
3f654004
3f9a4034
402f401b
bf684020
3f473fe0
3f0f3fe4
4022bef7
3fc83ff7
be7b3d05
bf3abf80
3e9d3f98
3ef9be97
3ff1bf28
bf76bf0a
4011bec4
3f323f6e
bf763fb9
3f4b3f77
bf703f0b
45d83f4d
40183f4d
3f993f9b
4020bce1
bf023fda
3fc8401d
3fae4026
4009bf5e
3f8d4017
be95403a
3e81bf1f
3fef4037
3fd04003
4019be3b
3ec44040
3f99401c
bf5c3f2b
3f683fd4
3eb53f94
3fb33dd6
3fd43ea8
4036be8a
3e8b3f8e
403b402c
3f613ef9
be233fff
3fc7bec9
3f11bf17
3eb43f45
3f983e6d
40353dc3
3f303fa8
3f473f9e
bdb33f61
befdbf74
3fa73fb6
3fe43f6d
4033402b
3fcbbf15
bf1abe08
3f253e2b
3f993ff3
3ee5402f
3f114013
3eb33fc2
3f833fe8
bf663fc8
3f7abed3
bf643f95
be93c5d8
3fc3be98
3f73bf7d
3fec3f91
3f664010
3e0ebf34
3ecd3e82
bf1dbf66
3fb23d66
beee3ec4
403f3ebb
3fa33f57
bf594010
3ff23fdb
40213fa8
4005bf29
400fbf36
bf433fe1
4008401d
be3fbf46
4022bf3c
3f91bf0b
3fef3fcf
3f12bdba
402e402a
bf2fbe87
3e7abf31
4020bf3b
bf063ed4
3fe4bdd3
be4d402a
3eca3ffe
401b4014
bee6400a
3e733e81
3fc93f74
3f8b4009
40273f17
3f783f1e
3ff94000
beeb3fdc
bf70bf36
40353dea
3fa53fcb
3d5ebf0c
402c3fde
bf503fc5
bf2b3fbf
45d8bf17
3f944017
3f914030
3f853e9e
bf1bbf15
3eef4027
3f203ddf
be18be19
3fe13e6f
3e55bebd
40313f92
3d194006
3f7ebf5d
40234038
bf423f93
3fe64010
3d063ffa
402cbe9d
3e403f73
bf4a3fef
bf25402e
bea6401e
3f8e3f65
401a3fb1
be6abf74
3ef33fdd
3fd04008
3f033f77
3ea93f14
3fe93e08
40053f3f
bd74be3f
3f593fa7
3ff6bf48
3ff53ff5
40093f32
3cd33f86
402f4003
bf6b4008
3fb13d6f
3f9fbedf
3f713f84
bf60be4d
3f683fa6
40283f86
3fbf3ff5
3faf3fe9
3d36bf4b
3faa3fa7
3e8dc5d8
3fd93f53
3f1b3df1
3efc3fbd
3f923f1e
400d3f83
3fea3f82
3f0d400b
bf553d1e
be94402b
bf1e3fd3
bed43f22
4027403d
402e3fc4
bddebf62
3db54001
401bbe89
beebbb9e
40043fba
bdc6bd20
bea13f9b
401e401c
40193fe8
3fdf3f8d
3f8dbee4
3fd53f3a
3fa33fa8
3f834023
3f3dbf65
bdb0be80
3f073fca
403d3f98
3fdb403f
40114007
3ff13fcf
3fda3fa8
3f874031
40363eb7
bf223fd8
403cbf23
3e79403b
4034bef4
3fcbbef8
403cbf80
be934039
402e3fec
3e5b403f
40164023
45d8403b
4022be1c
bf263fdf
4024bd86
40354029
3fd83f07
3d783fca
40314025
3dcf4000
3f5b4030
4016401b
3f8a3f35
3f1d4018
40044019
4024401b
3e2c3efe
400fbe91
bcbe4010
4018bedb
3e0e3ed5
be013f8d
bf763f4b
3fefbf25
3f464003
3f2b3ffe
3f4a4019
3f1fbf6d
3fda4035
3eac3f0f
3f893ff8
3fd8401c
3fdabe84
401c3e93
40013f83
bf034006
3e8abf5f
4026bf19
3f5b4028
3fef4007
4024bf76
40243fdd
bf504011
3fd03fb2
3f813fe7
4011bf4e
3f4b3fa6
3f843f72
bedcbe3b
be324018
be64c5d8
3ed3401b
40023fc0
40103ece
3f41401e
3fd44003
3f903f3e
3f703fb5
3e043f81
4026bf42
40234017
bf47bf1c
3fa63ef0
3e553e7f
bf513d89
40143f91
3fa83e55
3fbf3fa8
3ec53f7f
bf663fab
bf7a4024
3f59403a
3da4bf2b
40123fff
3e8f3fb9
3ff8beae
40143fd4
bf013d27
3f7bbf41
bf68bebc
bf483ff0
3fe53f81
3e81400b
3fb4bf80
40123f95
3f8e3dc3
3fb23fb3
beba3efb
4022bd46
3f113ede
3f5dbf1e
3fa03f54
401b3f51
3f573eb6
3ff3be02
40313f47
3ee94026
3f233f58
45d83fa3
be18bd94
bf4d4030
400e3fd5
3fbabe97
bd5d3e31
40333f1c
3f833f5c
3fc9400d
4015beb1
40113fff
402a3d0f
3faf4012
40213e1e
3fc04006
bf69beba
bf70bf07
3f723e37
40103fa9
3fea403f
3fdfbf35
bf534013
bde03f1b
3e633ffa
4005bf59
3ed1bf4b
3fec4021
3d693ff7
bf0f4006
401fbeb0
40363fc6
3eb3bea8
4005be5c
3f113a8b
3d063f83
3fb44033
be9d3fe2
bed4bf49
bf313fac
401a3e52
3e0b3fe7
3f254007
bec83f40
bf133e5a
40343e4c
3c593f1b
3fa53fc3
3fd13f5c
bd65400c
4006c5d8
3f823e18
403cbf4a
3ff0bde7
3f2f3f2d
3ff13fdc
40073f9a
3fbebf59
3fd0beb3
3f2d401c
403d402e
3f8f3ff0
401e3f3e
bf6e3d38
4029402d
bec44002
3fe73ff2
4027be8e
3f04beee
403a400b
3e654013
3eaabf6b
3de83f87
3fb43dc7
40324002
3f823fe6
40404030
3fa2bf7f
3fea3d16
3fca4012
3f913fe1
3fba4019
402b3ecf
3fd2bf08
3ffd3fea
bb5cbc11
40123eda
402e3ede
3f18bf23
3f7dbefd
beb63f53
3f9b3f20
403e3eb6
40313fd8
3e33bf37
4018bb00
bf2f3e1b
40224033
45d8bf11
bec4401e
402b3ffc
bf7f4035
3ffb3f2f
3f78bec9
bf11be71
bedbbf64
3e8d3ee2
400ebebd
40113f26
beea3ff7
3fdc3e43
beb33df7
bf613ffb
3efebf1d
3f4cbec6
4018bf6e
bf1abf50
3fbd3e65
40383f0d
4018bf30
bf053ff6
3fc33e7d
be11bf34
3ff3402f
3fe13f7b
3e013f0d
bf01bec6
3f573ea8
bf0c3fd6
40394027
bcc5bf4c
3f884026
bebc4026
be57be95
3f163fd6
beebbee2
4010be52
3e803ffe
4023401e
3e973ffa
4011bc68
bf65403e
3fc845d8
3fb53fc8
3ffe3fc4
402abf35
3fc5bdaa
3f89bc72
401b3e7a
402cbeb3
3f35bebd
bea23edf
402d4001
3f83bed8
40003f74
3cf73f5f
bf6c4012
400b4032
3f4f4028
bf273f5c
40373eb5
3fad3fcc
bf1fbf13
40224027
3fb33f18
bf6a402c
401d3f61
40113fdb
400b401c
3ebfbef1
bf13400f
3ecfbe79
bed3401b
bea53f4e
3f1d3ff8
bec6bf67
3f013fa3
bec23fbe
3dfe3ea8
3fe1bf73
3fc9bf0d
bd61400c
4031bf35
3ffa400a
bf353e13
bf4c4031
3ff23e90
3f0d3fd6
3f973f7e
bdfb3fea
c5d84032
3e854007
3f483f1d
3fe23fda
40343da0
3f9bbcec
3f463eff
bf32bee9
bf4c3f92
bdbf3f9c
3f6a3f14
beba4004
3f5abe97
be2f3fd8
bee33fdc
3fec3f8c
bdaa3e69
40193c58
bd473fe6
bed7be81
3f883f97
3fc93d80
400f3e6e
40133fa7
3e17400a
3f444010
4010402f
3fef3f67
3f664012
3e623e21
3d96be44
3f8dbf19
beed4013
3f3bbf03
3fd33f8a
3ffd400e
3f80bf72
3ea03fbf
3f66bf23
3fa9bd02
3dfd3fe3
beac4032
402b3f12
bdadbe55
3f263f8a
bd053f56
3dc9bced
3e144031
3f53402d
3fd845d8
3fab3fc2
3ff33f57
bec1bf16
3ffc4025
be9a3ffb
bf794000
3f24bec0
3f75beb8
3f373ff3
403e3fa1
403abe0c
3f6e3fee
4031be91
bf19bf54
4037be93
3fbabe26
3edc401d
401d3f50
bf5f3f23
40284023
400ebee5
40313fae
40253f46
beba3cb8
be934019
be363fb3
3e824010
400e3ec2
beb23e17
3fe84011
3fc8bea8
4030400c
3fc33f93
3fd23e66
403d3f5d
bf3ebc13
bf623f71
3f803fb9
400e3e83
3f7fbec3
4030bf44
bf2abf3b
4032400c
3fd0bf44
403d3f8c
3fe94018
3fdc3fbf
c5d83f78
3fb6bf4c
be8d401b
400fbf47
3f653fc6
bf4a402d
be943ed9
bf76403a
3fac4008
beb24014
40104015
40063fd5
400a3f9d
3ff74029
3e9dbf11
bd6c3fc2
3e3f403e
40013eaa
402d4034
be263f58
3f59400e
3fa34004
3e6e3fd3
4002402d
3f3fbf46
4018bf59
4009bb47
3ff53fdb
3e624016
3d6a4023
bf0bbed3
40224040
3f7bbf17
3f4f3f0e
becf3f57
4010bf1c
3fc9bf69
401cbf60
3efd3d25
4002401d
3f8d3ec4
40273f19
40333dca
bef73fcb
bcb23fde
3eb64012
bf7d3fa7
3fb8bf62
be1f3ff2
403845d8
3f893fe5
3fb43ff8
3ece3e9a
3fd9beec
bf4bbee4
40374020
3fa6bea6
3f77bf21
be844010
3fd1402f
bef24033
3fec3f7d
3f113f1a
40053fd7
bf7fbf41
3ff74037
3edebeb9
3e9dbeb8
3ed94023
40174013
3fd4be9f
3f17bd6c
3fcc3fc6
4034be1a
bf5b3f14
4019bf11
3d4a401b
bef14011
3f5f3fd0
bed83e19
bd9b3f9f
3f143f8b
bede4030
3fc7bf60
3ec0400d
40283f26
be40400c
4013bf30
3fc23fc8
beeabf13
bb8d3ff1
4016bd6b
4037bef2
3fd23f0c
3f423fc4
3eac3f03
3f283f1d
c5d83df6
3f963f37
400b3f8c
401e3d83
4005bf52
3fdd3f51
40323fee
3f34be71
4005bd06
4029401d
3f3b3e87
3e63be5a
3e38bf66
3da03f6f
3f56beba
401f3f0b
beca3f05
3f484010
3c6a4025
bed8403e
401c3f26
3fd2bad4
3f50bf53
3e4b3f12
3fd54010
4034401a
3ed23c81
be81bf6c
3ede402e
bb1dbef9
3f713edc
3f703d91
3fcf3fc6
3d5d403b
4007bddc
3f15403b
3f673fa4
3ff53e8f
40073f53
4013bf38
3ea03f42
403dbd8b
3fb24028
3f813f3c
3f843fcb
402b3f98
bf2c3faf
3c833f8d
40313e99
3fb545d8
3fbfbf74
be36be0d
401a3f2c
3f233fe4
3f0bbce6
3fcf3f15
40153fcf
400b4000
40343fdb
3f073fa9
bf15beb6
3f8e401d
402ebe32
be2f402d
3fcc3f33
4001bec4
40084015
3fc63f3f
400c3f7e
3fa43f69
40054035
3fc63e04
3f574012
3f8ebf60
3fee3f43
40114008
be834018
403e4012
40234001
3f8f3f36
3ff8400d
3ee14009
40263fc3
3fe03f8e
3fa8402c
3f283ba3
bf694029
403dbf4a
3f58402f
beee3fa3
403c3ff9
be11beac
3e514023
40313fa2
3fcc3f06
bcf83f99
bf1c3fe9
c5d8400d
401b3fca
bf613f06
3ee24003
3ed83fe6
4017402b
3f42403a
3f0a3f64
bf1c3fbf
bec6bf3a
3f813f92
3fe03fc4
3df14004
3fc93f3d
3fe84025
bf7abf1d
3e104016
3f644028
3cee3f49
be953f5c
3f2f3f06
3f283f40
3f083fbe
3c0ebf53
bf1c400b
3fe24020
bf803fa3
bdc23f32
40384028
bf3f4004
3df8bcb0
3feb3fe7
bebd3fea
3ff74008
40023fc6
403b3fcc
400fbe94
40133fe6
3e344024
3ea23f0a
3f2d4040
3fd23f75
3fe5bf0b
4007bf2b
3fd53f3b
bf1cbed1
40153fc5
be013fdb
4021bf6f
3f9c45d8
be6b3ef0
3fec3f90
bf053fa2
40313faf
3f46bf5b
3f933f36
3fb94036
3f8f3fca
4035bf1e
3fc84013
bf283e3b
4012be85
40003fc1
3e074023
befb4027
40174025
3f5ebf44
bef04037
bf0f4024
3b1b402e
3efa4012
3e953e2c
3d83400a
beb83f3f
401d3ecd
40234015
401f401f
3f613fe8
3fa13f0d
3fddbf02
3f853e91
3fb83fa6
40404025
be1a3f47
3fa3be96
3ec93f4c
3ff9be82
bf14bf25
3d903f82
40113f2e
3f413f4c
3ef7be83
bead3f50
3fe83f71
3f69bf42
3fa44009
3e684008
c5d83f9e
bd9c4026
bf5a3fd5
3f92bf10
3f49bf04
4029bf2d
3f97403b
4036bf54
3fee4016
3fbb3fe4
40283fe4
bf2a3ff2
3fa53f83
3fba4036
3fb13fc7
3f693e6c
40343df9
40174014
bf5e402f
3eae4021
bdb43fb7
3f96402b
40053f89
3f2f3f90
402a3e0b
3e4f4001
3e66403c
bf58bf3b
bf343ff8
3e873f46
3fdbbf6f
3f533fce
40073f8b
40153fda
3f304021
3f69bdfc
be953e27
4038bd5d
3faf3fe0
3f893d55
3febbde4
40163d9f
4033400f
beebbf61
3f184018
40393fa7
bc943e9a
3f9f3fc9
3fa13ff8
40064023
3ff03db6
bf4f3f49
4027bf80
bf313f1e
3da53fcf
3f793dfe
3ec5bf56
3ec6be68
befd3fd2
4002bef6
3f3abe8c
3ff43e9c
bdaf3faf
400e4031
40123fec
3e993f98
402b403a
3fd43fe2
3ffabf80
40283fac
3ec9be12
403f3f9c
3efd3f01
3ffd4022
40013f50
3e9b3faa
bf5a3fda
401a3f2b
3fba400d
bf013eb0
3f5f4028
bf27bef4
3f59bf64
be9dbf68
bf574032
3ded3f92
3fac4001
3fae400a
bf2f403d
40073c08
be8cbf2b
3fb03f30
45d8bdb4
40273f94
bc7f3f85
402c3ff0
4018bedd
3f3cbd7d
3ff23eed
bf124019
3f254015
4037402a
40163e70
3f6bbf46
4019bf78
be8a3f5e
3ee53f83
3f573f84
be364029
bf6f3f50
bf5c3f40
3f683fe9
3f4abe8d
befb3f99
3fea3f3a
bee73e9b
3ffa3f09
3f483fe8
400e3df8
bf32403b
3dc5be3e
3ff1bf26
3ee8beec
400a3edb
3e0abe44
402b3fe5
bf253fc9
3f98be09
bf323fab
402c4035
40293f82
3f02401b
bcb93ffe
401f3f88
3ddf3fdb
3c02bcc2
3f143f5c
40033ed2
3f943f8f
4019402f
40013f1b
3ff7c5d8
3fd83d49
3fb44036
3f543f45
3fc73f98
3fb04003
be113ebd
3fdb3f30
be1d3f87
3f823f98
3f27bf0e
4030402a
3f8d3f6c
bd193efe
be8e3ff0
bc484038
bf05bf0b
40143f7b
4000403a
403ebec5
3fa23eec
3eddbe6d
be203e94
3f2a3f5a
3ff93fbb
3ff5403e
403fbf47
3fecbf72
3ff6bd3c
3f9f4001
bf3f3fa2
3fde3f40
beee3ff2
3f8f4009
400e3f4f
3fe1403e
4004beea
bf443f6b
3ff1bf25
3f604025
bf644021
3f0d3eba
401e4033
3fd9be3f
be783ff0
3fff3fda
3f16be07
3f08bf71
45d8bf33
40104037
3eadbe3c
bd31bf27
40203f1f
bf223f85
4025bef6
403f3eaa
401e3e36
3fbf3eab
40223dd2
bf314001
400e4015
bd87bf7f
402b3e69
4011400b
4010400f
becc3fa0
3f723f6e
3e62be89
bdcf4009
3e23bf45
bf2e3e9d
40243eb5
bf543f73
3fdd3fdb
beb83d9c
4028bece
be2c3fdc
3f68bedb
3fd23fdb
40233fff
3faa3f84
3ff33f14
bf04402d
bed8bd56
3fb1402d
400e3d99
3fbc400d
3f533fa8
be7f3fc0
bf78bf79
3fd0bf04
4028be4d
4023bf44
403e3bbf
3fee3fcc
bf193f6c
beaf4001
4033c5d8
3fd8be8c
4024402e
bf76403e
bdc04022
4030bf5c
401cbf6b
3fef3fc9
bdd63e78
40173fba
3fedbf61
3eac3f84
3f96bf51
3d933ffb
40073e9d
3f453fda
3fe63fbb
bf7b3f6a
bf4b3f95
be4c4001
3f9a3ffe
3d534040
3ff44004
400f401b
bf3a3fcb
beac3ea9
3faf3fd9
3f813f67
bf423f1b
3f703f0f
be063f24
bf373ee6
40343f84
bed03ec0
400e3ff7
bf164017
3e053f8b
bd5abdc6
3aeb3f7a
bf073e81
3c483ffe
3fc84027
402a4035
3fea3f42
40394016
3f0abf7c
3e2c3f65
3fb1400e
45d8400a
3f353f3f
4002beeb
3f363f84
3fe24028
400f4025
bcd84006
401a4003
beb5be30
3ff43f9d
40263fa7
3fce3fbd
3ffebeb6
3f9dbdb8
3ecb3fd6
3ee14030
bf763ff6
bedcbf41
403b4007
3fb7bedb
bf614035
40184013
3f72402c
bf6bbd93
3fde3ff0
400c403f
3faebf05
3fe83fee
4006400a
be9b3fca
3f833edb
3f6c3ec3
bebe3eb9
3e7f3fac
3f753ccb
beed402a
4030bf60
3f3c400e
3f923fc0
bf33bf4f
3f273fed
3f07be38
bcf43fa2
3eadbf21
bf5e3e80
40264034
3f864001
be9d3f55
bcd43f8e
4032c5d8
3fed3ed1
3faabf30
bf483fb2
40263eaa
bd373fb2
bf59bf16
3fbb400c
3d0f3fbb
bedd4017
3fdf3f2a
bd8b3f8a
3ec24027
400b3ed5
3fa23f80
becc4003
3eac3f2a
3fd43f3c
400b3f74
be07be1a
4012bf72
40053fd9
4037bf7b
3e193fe9
4004beba
3fec3f4d
400b3ff4
3f11bf1f
bebf4023
403b4038
3e8b3f08
40123bae
3fe83fe8
bdf7bd65
bf0c3c8d
3ffcbf5e
40234040
bf33401c
400e4016
bf3bbf49
3ec3befd
bf603ffe
403b3ec4
40213f14
bf254010
3f863f8d
3fe44036
be3cbf20
45d83ec7
400a402a
bf224036
3fa33fe9
3f9dbd60
3fa24027
40314021
3fe8bf75
3fb5bd81
40353f4e
3f704040
bc02401c
bf3f3ff2
3fa73f05
be61bf10
bf523f23
3ffe3ff7
401a3f8f
3fd6bf52
3ddebed6
bf1a3f2c
3feb3fbe
3f823f25
bf6cbd08
402b402a
40063e94
401abf65
3e90bcf9
3e113fa5
3ef5beeb
bedebf48
3f2bbca4
3fe74009
3fe23fa3
3fee3f24
40234001
3f5d3f16
bf48be48
3fe13f9b
4016beb9
3fe94010
bf634018
3e693fef
bec53f76
3f203fd5
3f0d4022
3fa43eb2
400c402f
3f304000
402fc5d8
3f8b3f3c
3ff1bd29
3fadbf02
bdf33f82
3f16bf60
3fff3fb9
3f293dfc
bf213fda
3ffa4034
3fbe3fcb
be503fd5
3fbe3fe0
3f4a4001
40023ffe
bf17bf7b
402c3f76
3fed403e
3f72402a
3f84bee3
bf3cbee6
3fac3fb4
3e093fff
3e8abefb
bf14be67
bf5f3d22
401a4014
3fba3f3b
bf7d400a
40013f7f
bf544011
3f5abdf5
40143fa6
be173ff1
bec33fc1
bf043ffc
3eda3f14
beb33fd4
400fbeea
3fb63ff9
bd843f16
3fec400c
3fdb403c
3f5dbf51
3fab4037
3fc9bf04
3fb83f4e
40073ebb
45d84039
3fbbbf0e
bf133fbe
bf683fd8
40363f3a
bf463f77
3f984027
3f9c4039
40224006
3fd53fd5
3eb24007
3f3a3f4b
bdb6bdb6
3ee63eda
3f5d401b
bf21be80
be8d3fd4
3fe44022
403a3f2f
403b3f67
402bbe57
bdf3400f
bf54bd49
be873fe4
bf1bbf41
be703ed2
bf0b3f85
3fe8bf40
3f2c3f87
bee53f28
3ed7403b
40283f67
3f81bdf1
3f7d4010
3fc54037
4017400b
3f163f43
40123dfb
3f4cbe1d
403e3f38
be8e3f26
3fc0402c
40233f95
3f46bf39
be123ff3
bd823f10
403e403b
3fe04011
3f453e24
be86c5d8
4029be4e
3f823fbb
3ee4401b
3e1c3e89
be05bf73
400a4011
3e993fde
3f173f70
3e843f1b
3f1a3fa7
3e663eab
3f1c4030
bf1b3fa1
40283eb2
3e633fdd
4037beff
3fabbd73
402dbedc
400abe15
3fe4400d
3f9d4039
3ff5bf08
3fbbbe19
402a403f
3dfa3fb4
3e473f2b
be7f3eda
bf1e3dfd
3fb74007
3e983ffc
3fdebea5
3f983f4a
400c402a
40403ed9
401e4030
3eea3fd4
3fc84023
3ff0bf07
bedfbf2a
bf374039
bece3f42
3eb6400a
c5d8bd8b
3d2b3f98
3fd64035
3f114016
40103f37
3f56401d
4038403a
bed63fbe
40353d15
bee43fe9
4014bf16
bf58bf5c
3f923f69
400abf75
be013f27
40074040
3feb3f57
3f923f36
3e7f4002
40314009
be4d3e19
40204036
bea6400d
403c3eb3
400e3f9d
3ffebf4e
40274024
40013fff
3ecdbeb0
bd533e3a
3f273f1c
3ffcbf57
403a3eb6
40363ff8
40313d8b
3ee24004
be993e49
400b3f41
3fa43ca6
3fd33f9a
3f3dbed0
bf3b3f03
bef2403e
3fad3f18
40243f6b
bd79beec
bdcebe53
40003df4
3ff04030
3fbd45d8
bf68403d
3f8fbf40
beafbe16
3f79bec9
4014bec7
3e864024
3ff9bf48
3f3cbf70
bef04029
4034becb
3fe04013
3e263efe
3f01bee2
3f824038
be4abf00
bf22be4f
3ff23f97
402b401b
3e39bc13
4008beba
bf113e55
40263f32
3f033f8e
3e5ebd8c
3e15bdb0
40193f22
3f873ff3
3cafbedb
3f89be37
403bbf72
3fa54026
3f773e18
bf403fa7
3ff9bf19
3f99403e
4022bf38
40284039
3e273ef6
bf42bc85
3fb83d91
3ec14013
3f94be60
3e82bbae
3f633fbb
3fdb3f5d
40213f87
400e3e9d
c5d83f22
3f423e13
3fc5bf16
3f5c3f01
3fc8bf62
401e3ff8
3eeabd33
3f8e401d
402e3be7
3ff83f67
3fad3fa7
be563e6c
be133f85
bebabf61
3f69402c
3f863fdc
3f463ede
40203f20
3f1c3e5d
3f6e3eea
40014018
40384001
beab3f83
bef4bf59
3fff3fa7
bf33bf31
3d94bda9
3fa4be86
3f84bf59
3d9a3f73
3e2b3f0b
3e9f3fcc
3f913fec
40343dc8
3fb94037
bf064005
be843f03
3fbe3fc8
3fd03f5f
be6b401f
beff4016
3ffdbe0e
bf603f3e
3f5c4007
bf2f3e5f
3fe9402d
40243f2c
bdc3bea0
3fb93f92
bf4245d8
bf753e46
3e783f2c
401f3fb8
3f15403a
3f8e3f9b
4010bf39
be5abf61
3ff53f9e
bf30bf03
40284014
40283f55
3fd2be95
3f993f63
3f313fbd
40054031
403dbf6b
3f473fa6
403a3e69
3f9a4016
40283fba
40293fb6
bf383e28
40003e84
3f8b3f1a
3fc73ff0
3f5b4017
bd683fe1
3fa63fc1
40073f26
3fd23de1
bdcf4035
3fbe4006
bf56bd32
3f703fdb
bf3a3f0b
be2a400e
4013bf79
40343ca4
3f203fa3
bec4bf12
3f5f4013
40373eb2
becc3f9b
3fc14002
beb7bf57
4026bf56
bf563fb3
c5d8bede
3fd0bf31
3f6a4025
3ff44002
403e3fc4
4039bf72
3fc63feb
3fd24012
bf593d98
3fcd3fdf
bf7c403f
3efe3f94
bf434034
3f4d3fca
bebb3f38
3fd43ffe
3f283f16
40023d21
3dba3fc7
4003bf3a
403bbeeb
3f47be51
40184004
befe4012
bed23e89
403abe59
3f6c402a
bef8400e
bf703e8a
400e3fda
be7e3e89
bf153fc5
402abeab
3fde3ff2
be323e51
bf2d4019
3e7abecb
3f09402a
3eeb3f05
bebabf25
3ff03fce
3f8abf0b
bea83ed9
bf563fe6
3d4a3f71
bf243f8b
3ef9be17
3f343fa9
be8a3e92
bf4a45d8
3fe5bf20
403c3ffc
3f8f3ffe
3faebebb
bf3b3f74
3ea13fe3
bf043f79
401a3d07
be683fed
3f32403d
bf054011
40103f75
bf703f21
4025bf7f
3fee3e66
bf423fa8
40343f84
3d74be25
3f9b4031
3ff5403f
bf32401a
bf253f22
3fdcbf79
40264035
402c3f8d
3f08be03
bf5a3fee
3fd93f90
3f843fe5
40313ee8
400e4009
bcf24025
bd203f50
3f1d3ff9
bedb3dd6
bef03ff8
3f4d3fa5
3ff73dd6
400abea3
3f893ffa
bf324036
3ec53dd4
bf313f98
3ff73f22
3f043fe6
3fd8401f
3fb33ff2
c5d8be0a
3f943dea
402b3f3e
bdb63f14
40013f41
bf743fad
400f3dad
3fcc3f46
3fcd4033
3d823f8e
4019bebe
bf383fc8
3fecbe30
3f40bedf
3fa84039
bf1d4022
402e4034
3fda3f45
3f273f9b
402f3fbf
401fbe84
400c3fb7
4036bde7
40233fbd
bea83f06
bead401f
bec33d69
3f18bf28
40013f47
3e083faf
3fedbdfa
bea93efe
3fc53e1c
3fcabe9a
3f9abda4
3fce4000
402b3fbf
402f3f58
be913f87
4008bd36
3f3ebf7f
40234036
3f91403f
bd8cbf55
3e78be18
3f57bf7b
bf1a3fb1
3da3403c
be153f6f
bf1845d8
400e4005
400a4027
4026bdd5
3f173e91
3f0e3f5a
3f5f4010
3fe33fa1
3f444012
4029becd
401d3e8a
3fb7402b
3ec1bed9
bd3bbe36
40113c68
3fcfbdc0
3f8b3f52
3ed53f5b
401ebf0b
3fcabe7c
4003bd49
3f2b3f7b
bf16bf02
bf1a3ff7
3f503f8d
3ff84033
3fbebc0c
3fc03fbd
3f5a402b
3fed400c
40153ef9
3f443fd9
bed13f11
3f723f76
3ff23fc1
401e3f6b
3f774032
403b3f39
bec2400e
3fa73eac
3e6c3e8c
40033fc8
bee53fc6
3f3e3d0b
3f1f3e96
3e383fd9
3e193e8e
40353f67
c5d83ebb
3ee03eff
3e3e3f22
3f944011
40123eb5
3fc13fad
bf1d401f
403d400a
3fdb403e
402c4008
bf1d3fd3
40073f0a
3fa73f05
400e3e6e
3fb9be81
3fda401b
3d81bf2e
3fb4bf4a
4036403b
403b3ff6
4024bdc1
bf423f37
401e3f9e
3fb93fc2
bf2d3e8f
3f833f69
402cbf3c
3ff2bef8
401c3f73
3fb73fd9
bde73f8a
400abe6a
bf52bf6d
3e7fbf4a
3fadbe99
402f3e85
40293e61
40264010
3ebb3f57
3f583dd7
403f3fae
3d623fe4
bf4dbe87
3fa33fb9
3f35bf35
400e3fa9
bf214007
3fdf3f21
400f3fde
401e45d8
3fff3f65
bf423faf
402f3f9c
3f183fab
40214038
3ecebe6d
bf113e1e
bf60403f
3f483f88
3e103ed6
3faf3e4f
3ee7402a
403f3f4d
beacbea0
3f97bf71
3f8e3ff4
40173ffe
3e893f67
be0f4000
3f2c4016
beaf4002
bf373e96
400c3ff0
3fa54022
bf684007
becebf2c
3fe1bf40
bf47bf40
4005bf17
401c3f8d
3f4c402a
40003f0c
3fbc4027
be23bf61
40273f3a
403b3eb9
3f523fe5
bf1d3ee0
3fd13fa8
3d573fc4
3fe73f81
3f0e3f0e
3f90402d
3ff8bf33
40183fd8
400b3f95
3fe3bf0a
c5d83fff
40373efa
bf443fc2
40323ffe
3f8f4019
403abddc
403cbeda
40083fa7
40293fe4
40013fce
40193fa6
3e543fec
3f47beb3
4036400c
3d833f40
3fcdbf74
40323eca
bdba3fb2
402e3fb1
bf134017
3f7c3edc
3f2c3fe3
401e4001
be703ebf
3f6c3eb7
bf6e403b
401c401f
3fc3bf1c
bf7c3fa6
bf29403c
bf644004
403d3f5d
3f1b3eab
3fd63fec
3fa73f90
400c3fd5
3e8c401d
3d993f40
40133f7a
3f844031
3e543f84
3fe13f39
400c3f17
3f873f98
3ebcc5d8
3fab4016
3eff3fcd
4012bee4
3ec8bea1
3edf3e8c
4034bf7c
be95bf08
bf3dbf22
3f95bb02
403ebeeb
3f23be64
be914034
beaf4017
3fd8bf3d
bf293eb0
4010bf12
3fa4bf77
3da03ef6
beb53e05
bf0b3de4
40343e29
bf4d3d67
3fe7bd8e
bda03fd1
bf223edc
be563ff1
3db93fae
bf3a3fd1
3fe63f3c
3f8f3f08
40183e09
bd0f3dd6
3e31bf3f
3e2c3fe6
4022402d
3c8ebe94
3fbf403b
3d95400e
3fe9bf17
403b3fc9
3f893fa5
3fbe3f2c
3dd24019
40254027
3e983e60
3eb03fb4
3fc03f37
45d8be5f
bcfb403c
40194037
3f8c3f5f
4030bf79
3f8fbea0
40134004
40304029
3ebe3fd5
be8b3e8a
3fa7bf73
3f65bf78
bef34027
bf023dde
3f313fba
3fde3fa9
403b3fcd
40073f20
3e15400c
beff4021
40023f94
40034014
40023f68
3fbe3e24
402d4001
3fa84003
3f1cbe03
bf793e36
3fe04012
3cee3f1b
40333fa5
40383f38
40383f12
40074024
40314010
402cbe00
bf30401e
3f863e27
3f413e13
bf803fba
3e174006
bf243fba
be64bf04
401a400e
3fbe3fd0
3f0d3f74
3fbcbf41
400c401d
3eaa4001
3fdec5d8
3f273f85
bf0a3e2d
3f813e96
4005bf1e
bf703fc4
3edebe7c
3d18bd5a
3fc33f73
3f88401a
3ff1400b
3fd83eec
3ed43eed
3d7c3e99
40083fb0
3fdb3e81
3fa84003
3b973fd6
40263f2d
be6bbf5f
3f93be38
3fc54023
3f844038
beaa4007
402e3f26
3f30bc7e
3ee6402a
3fe93fa6
3ffa3ff0
4026400a
bd063f96
40133feb
3f733f84
bde33fca
3e9e3f50
bf68bf43
3ffc4002
be6a4036
3ff83edc
bf073fd9
bf6dbdc7
403dbf03
403e402b
400f3fc5
bf0bbed5
40033f21
be99401f
3e224004
45d83ff9
3fde403d
3fe43f81
3f1c3fa6
3ed73f45
bf7c401d
40273fcd
3fb33fbd
3fa3401a
bf25bf51
3f8e3ffa
40213fa8
be66bf03
3fac4023
bf0f3f1f
3f4f3fea
3f3abf5a
3fb33f51
bdd73f74
4035be14
3ee73f64
bf6d3ffa
3ba33f1d
bf543ff4
bf233f12
3f9ebf1a
bf5cbf07
bf12bedf
bf4a4027
3ed73f17
40304018
3fb23fa1
401c4018
bf63401a
3f853e30
3f723fdf
40063faf
4016be8e
3fe6be23
4014bf7b
3f993e38
3eeebef7
3edc3ef1
401b3e9f
3f9b3fce
3fa1bf45
40323fd5
be4e3f01
bf503f01
be18c5d8
3f154006
3fcd3f89
3f82401c
bd763f98
bf173f58
be183e7a
3f683fe8
bf3a3fea
403dbf03
400a3f85
3ed8bd2d
40333fbf
3fcf3f22
bf0b3fcf
bd37be8d
3edebf13
3de84031
3f3c402a
bed7bf20
3d71bdce
bd873f1f
bf033f35
40144031
402a3fe6
40074007
bf703e2d
40163ec1
bec03eee
be033fd9
3f39bef4
be2abf2e
403f4014
401a3eb3
3f64bf17
3e283e2a
3fa64034
3eae3fff
40154014
be923ec0
3dfe3e5b
403d3fe8
3db63dda
401cbf39
3fc23d54
3fac3fa4
be473efd
400a3f5c
45d83e05
3feb3f88
3e204037
3fe1401d
3f573f62
40023ee3
3fb6403e
3f3c3f48
40073f93
3f584027
40133f91
bf4bbd09
402f3f1a
3f043f1a
bf634022
bf054039
3ff33ed6
3fd6be5c
bda83ffa
3fac3f8b
bf07bf5d
3ff8400e
bf683f53
3f463ea3
3f183fbe
402c3fd7
3e784006
bebb3d71
3fa43e2d
3f9f4025
4033bf74
3f5ebd9f
3f02bf10
3fc1402f
bf3b3f9a
bf4b403f
40053fbf
3f9a3f3d
3d75be7b
40013e54
40303f51
3fa8bf0e
3fe53eb8
bf5f3f79
bf674012
bf463ee3
4006403d
3f9abf4b
3dc5bf26
401fc5d8
40013e34
3e094017
bf073fad
3f71bdd5
3f2abf48
40153ffb
3ffbbea0
3fcabf2e
3f053fec
3ecdbe8e
be88bf7b
3d823f9f
3fa93fb6
3fa3bf0d
3f9fbef3
402d3e55
3f4ebf20
3dd93fcf
3f733eee
3fcbbf4c
3fb03fff
3fb0401d
bee33ff0
3fd4bf38
400e3fc1
bf14be51
3faf3ff0
403b4034
4010bcfd
3f08bf0e
3ff93bbe
40094025
3fc9bec6
40143f08
3f7ebe17
3fb73e60
bf3d3cc6
400f3f86
3fef3f21
3f2d4021
3faabdc6
40293e5a
3fa44003
40293f9f
bf563f84
3f983c98
4018be4f
45d84032
3efd401b
3fa43f61
3fce401e
3fbd403f
3fbb4014
3fb83fee
3e834023
3f86bf21
40084019
4029bf3e
3f9a3ec9
3f844029
402e3ff0
bf33402e
3f0e3edd
3f76beda
3f203fa9
40393fd0
3ff9befb
bed5401d
3fbe3e06
bf31bc83
3f1cbee7
3f4d3ff9
3f41bdd1
beaf4005
bf4abe3f
bf71402e
3eb33fff
3e383faf
3f9dbf03
3fda3f83
bf32bdec
3ff9402c
bea43e5f
3f39403e
bea33fdd
3f1f3fef
3fe4bf61
3fe93fdd
3fbb3f65
40113fd9
bd3a400a
bf1d4001
3fd23f2c
bf053f46
3f6abf38
401e3f75
beb0c5d8
3fa94028
beeebf7f
bf513fd2
40183ff9
bf3d3f8b
401f400a
bf03bdb6
3ee1402f
bf66400c
be8abe26
be863f96
bf443faa
3fd9bf17
3ce6be33
4010bf19
3f4fbecb
bd98be4c
3f403f24
3e2d3f6e
bf3e3de9
401a3f03
4024be98
3fe84025
3fc2bf38
3fae3f12
3f8b3fa8
4005bdba
3e323ff8
bf03403e
3fd44034
403b3fc7
3f0abf2c
3fa43e59
403abf22
3f0a3fb7
bf363e9d
bf093ffb
3fb3be5f
3e1dbe1d
3f80bece
3eee3fbd
be803e60
3f753fdd
4025beff
3ef74010
bf294035
3fff3efb
45d84029
3e333f8a
3f3d3ebb
3f353fc4
401e3fd1
bef73fa6
3fa03e8e
3f833fc7
3f634018
3dbd3fab
3d864004
3ed3be34
bf7e3ff0
be9cbf60
3ed03fb1
bd9e4003
3f46bf1f
3fdb4016
3f433fd9
400f400e
4004401e
401f4016
3f804037
4007401a
4011403f
bdc9be41
bee14039
bf443d5e
3f2dbf68
bf2b3ffd
3ff13f6b
40023f1b
4019be0a
bf514000
3ea63e27
3d3d3f8c
3fbf3fa2
3cb8bf1a
3e743f50
3fe03d95
3e313f3b
3fac3fae
bf403f83
bd663e8d
3fbb3fef
3ff83f3d
3ee5be96
bf2e4035
3f2b3dfe
3fa04027
3fc63fe3
3fdc3f85
3fe53da1
be563f29
be864006
be953f4a
4024403f
bf6a3fdf
3fac3fdb
40233f9c
4017be95
3fd14015
40053fba
40013f14
bf4c3fdc
3f043fb9
3ff0be46
4021be8b
be253fc1
3f724035
4010bf28
3ef0401c
3d70bf61
3ece3fdc
bf35400f
bf3f3f98
3f0d3fce
3f3b3ff0
403c3fed
40213efb
3fe03fd1
40373f75
3f253e06
40133f7c
3e6fbead
40263f74
40083f49
3ee34021
3fb43f42
3e9b3ee0
40203fd9
3f1d3fde
c5d8bf53
bf733dd0
3fdabf73
3f704019
be0c4001
40274017
3e2a3d4f
3f97bd99
3ff1bf74
3fccbd11
3faf3f92
3fc13f57
3f8a402b
3d663fc5
be9e3fad
beea402b
be303fda
bef43fd4
3f113fd0
bf37bf6e
3f2dbf2b
bd833f91
4036bf0c
3e2a3f9d
3f98bf5e
3f9fbf14
3edc402e
bed43fcd
bf33be87
bf633f8b
bf183fdc
3e0d4004
3f9bbf0b
3ffc3f33
3ef9bd00
3f85be93
403ebe07
40114039
401c4033
400f3f97
bf44401e
bf094018
be8e3f96
bf133ff4
4010bea8
3feebdeb
401c4029
3ec63eeb
bed74010
3e7145d8
beca3f17
3fb4bf62
4028400d
402a3fee
bba23e3f
3f003fbf
3fbe3f23
bc5d401d
40073fd5
bf143ce9
becf4013
3f873efe
bf083eb9
3faa3e4d
3f84bf36
3f253ec7
40284005
bf644003
3f17401e
3fe3bf07
bf3d3fce
3ffa3ef3
bf343f87
3fc53fba
3df43fe4
bed6be51
bf663fce
401dbf6a
402c3fc5
4009be65
40023deb
40383f97
400f400f
3fa63f64
bf0b3ffc
bf7c3f74
3e8d3f82
40324020
3fadbcf4
40224012
400cbf78
bf613f20
4035be2d
3fe73fb1
3f0cbf30
3f5bbf06
4010400e
c5d8402e
be6fbe77
400a3f49
3ff63f0c
3f9c3fce
4004403a
402a3f17
3f5abe99
bf353e9f
40244013
40123ec1
401dbf36
3f214008
3f84bf11
3fe1bf31
bf4fbe88
be3ebf1b
3ebe3f08
3f3ebe49
3ffa3ff4
bf3cbd71
bf384037
3fbd3f0d
3fd7bea1
3ec63fd0
bec13eeb
4018be90
3f4b3f95
401e3fc1
402bbf6a
bf6c3e76
3f993f98
3f09bf25
3fa43f9d
400bbf52
4004bf18
3ffa4009
3e09401b
4040bf78
bf6a3fdf
3f8bbe5c
3f473fbb
3f863fc1
3eccbf3f
be8b3fb6
3fe24017
3fdf4020
bee33ff7
4010403e
befc45d8
bc6d4006
bd8f4012
3f3a3d7c
3fb03d35
3fea402e
402e3ea5
3fdb3f3e
3f863ee1
3ff53f1c
40313f9e
bec93c7d
bdb6be39
bf36400b
403c4030
3ff33fb1
3f8b402b
40183e76
bd5abf55
bf3b3f19
beb14036
402f4012
40353fa8
400abf61
403b3fa0
40183f7b
bea64002
3eaa3f4b
3ea13e89
bf72bedf
3f293eb2
3e1f4004
40083d61
3ff43ecd
3f794018
be093d34
4018bf0a
3ef9bf04
bec23ffc
beb5bf67
401f3fa8
3f234029
40083fc0
3fc9bef9
401ebf5c
3eef3fef
400e3f1b
40154014
c5d83f2f
bd8fbef6
bf313f88
4001bf21
3e8c3e1b
403cbeba
bea13fab
400a3fe5
3fac4023
bf103f99
3fe04016
3fb43f6d
3fb1bf45
40203ff4
3f32bedd
3d4bbe21
3f3dbe2a
40123fdb
3fa9402a
bf3cbecc
3f893e1b
3f993ed4
3fae3fe2
3ef1be6a
bea93fc0
3fad3fea
3fbb3e09
3fff3ff2
3ea83f0e
402e3feb
40043f19
bed4bed5
3fbcbf7a
3f8e3f9b
3fa0be1a
bf17402b
3d753f85
400b3f31
3f04bf1d
bf173f18
4033bf6f
3f4e3ff3
bf1c3ac4
bf0d3f1d
3f024018
3f934012
3d6c3f43
400f3fd9
3fb14034
3fff45d8
bf573f96
40383ed7
3f8bbf53
be973fb5
3f684016
bf5abf0a
401b4000
be923f74
3faa4002
40244010
3fe23f04
beb8bec2
3e39bf54
be98403c
3ff23e46
3f8c3e8c
40174022
3f023fd6
40204040
3f6f3f99
3e2c3fb4
3fa7402d
3f3dbf6c
3f583f5c
3d9a3f73
bd6d3ecc
3eecbf6a
be774038
40273fad
3fa1bf48
bf793fb9
3fb2400e
3e924004
3fba3ff7
3e004020
3f94bf1e
3fbdbd4e
3e9f3f11
ba16be60
3fd33e90
3fe53f8b
40333f8c
4020bf4b
3fb53fe1
40154017
3f1d3fdc
bf27bf39
c5d84013
401a3ac7
3fb53f93
40263efe
3ed04033
bf4d3ffe
3fafbe13
3fe23fd4
3fa73ff2
3e34bf7f
3e1a3faa
3e5cbd6e
3f144025
3f30bee5
bf6e3e05
40053fb3
be393f8d
bedc3fef
3efb3fb0
3f143fe4
401d3e69
3ec23fa4
3f97beae
3fddbf46
3ed6bf16
3f9abe61
3e603eb0
3f6bbeae
400f3ebf
bf31400c
3d2a3f8f
402f3f91
bf174009
3f953ea6
3f27be64
3f12bee1
3e973d58
3fd23fab
40063ff1
40203cb3
3fa3bf25
bddf3fce
3eb84035
bd86be4c
bf78bbb4
3fe3401b
3fd14001
4037bf00
4032bf3c
3fc045d8
4039403b
3f84bf52
401c4016
3f8a4020
3f033ef9
3fce401d
bf63bdc4
3f713fbf
3fa33fd3
3fb84019
3fd9bf0e
3f894017
3f513ff6
3f9f3ef4
40124031
402c3f86
3fc1beac
bde43f8c
bf4e3ea3
bf803fb0
3eb43f21
3d11bdfc
bd18403e
3f513f96
3f03402e
3be7bf0b
4009402a
40103fd4
402d400e
403f4011
3fd2bf6f
bf633e27
4034bf65
3fb73f98
3e163f6c
40033dc5
3fd43fd3
3fdebf72
3dc3be9e
400abe38
3f3f401a
4022400f
bf6ebe40
403a3e9e
3ea3402f
40293fb4
bde5403f
c5d84001
3faf4038
3de33fee
3ea13fd6
40074014
40103f9e
401a3f0a
3f2a4001
3ff33fed
40373f0d
3fe93f5b
3e093fb6
3fc23f10
3f04400b
3fc44003
3ee83e1a
bf46400f
40393f4a
3f173f05
40213ea1
3f15bf15
bb9dbd3f
3fe2bde6
3fa93fa9
3f863f8c
3f40bce5
3f123e9a
beb93fb7
40143fd5
3f5dbf63
3fb3be73
3ff5beaf
3f7a4011
bdca3fcf
403f3f4c
be92bf78
402f4006
403f3dc4
be644017
3e763fb3
bf7c402e
4033be4c
40263fc5
3e0d403a
3f3d3f83
3f30402a
3fce3fef
3fdfbe97
bea53f9a
402445d8
bdf83fe3
3f5e3e02
bf524008
3f173f62
be963f9c
40103faf
bf0f3fa1
4033bee4
3f783fe5
3fcc3ec2
400b3fdb
bf43401b
3e35bf4d
3f5a3e42
bdc24002
bf2d3f4c
be613ebd
3fc83ffe
3f3e4019
bf24bf0b
bf063f75
bdf43c94
be52403c
bd323f93
bd67400d
3fd93ef5
3e83bee3
3f00bf43
4037bf0a
bf1dbe35
3ffa400d
401a3f22
3fd63f44
bf083fdf
403dbd7f
3fc53fb9
401a3fec
3fbebe8a
400b3f9f
3fffbea3
4021bf45
3e623f23
45d84016
40403da7
3ec33fee
bf5a4024
bd62bf05
4030bea4
3fa4bd94
3d834015
3fcb3e83
bd4b4001
3dc5be60
401fbe08
4014be82
40273fce
3ffd4015
3fa23faf
beb5bea9
bf784012
4028402c
3f57bee0
3ce5bf80
40373ff8
4026400e
3f0d3fa1
3f603fbc
bec6401b
401b3fcf
3f463f65
3ff83fb2
3f973ff4
bf60bf68
3d10be8a
3f95bef6
3fcd3fc5
bf304039
3dad3ebb
40103f67
3fdd400f
bee7beba
3f1e3d88
3f573f7a
40383f00
3e793f25
bf1ebe75
bea93fc3
3f643fd3
3fe63ed5
3fec3fda
3fb8400c
3f20c5d8
beedbcca
3fe34017
be024028
be9a402c
3fd03e48
3e10be49
3f913fee
403b401a
40163fec
bf37bf04
3fb03f35
40163f88
3f2d3fcd
401f3f59
3f924020
3f3f3f4a
3ff53e80
bf033e3f
3f713f18
3fbebf63
3e7c4004
3fb93e7a
3f4a401b
3fc93f0e
bf454036
3ff4401d
4004bf4c
bf1c402d
bf6cbf63
3f304029
3fc73fcd
3fb5bcc5
3e87bdd2
403f3eaf
3fc14013
3f464004
3fb7400c
3d193f5a
3f6b3ff5
3fd54037
3f8e3fa6
4005403f
40123eab
bf033fb7
400dbf23
3fcf4015
403a3ffc
45d83fa2
3e823ffa
3fcd3f96
3ece3fff
400b4037
3d80bdb5
be123f11
3ff13e5e
4003bee7
403e3eec
3f89be1c
40284027
403f4035
3fc0401a
bf5a3d9c
3f1b3e9f
3f613ecb
400fbf39
bef33fa3
3f4c3f4a
403b4033
3f75bf04
bf76bf71
40093f8e
3f013f62
40243f17
40053fca
3fdf3fd2
4035bf5d
3de63f13
3f184016
3f963fce
403c401d
3f553f02
40403f93
bf413ffb
400e4002
401dbf20
3f693cab
3ea34019
40203f1a
3fa03fff
bf013f2c
40213f30
3fa9403a
4036be29
bbc03fcf
40014027
3ff23feb
be94c5d8
3ff54028
3f233faa
be8b4025
3fa53fa8
3fe23f39
bf46bf1b
3efb3e47
3ea14010
4006403a
40223e1b
40223f09
40383fa6
3f373fa2
bf06400a
bdac4020
3eef4009
3f9d3ff3
3f7f400e
3ff04015
3d86400f
bf473f06
400d4013
bf4fbf14
bf563f9c
be94401d
3fb33f96
bf02bf6a
bf3fbcdf
402c3f0e
3f81401a
bf4e3f2d
3f83bdf0
bf174021
be82bf22
bf463f4a
401e3f18
bec33fc8
3fc24005
402ebecc
becb3f3a
3fd0bf56
4039403f
4021400f
3f773fed
40144037
bdbc3f88
40204009
45d84012
3f9d3e41
40103ff8
3eac4027
3f913ee6
40243f0a
3ff94013
bec63fdf
3fd53f99
be8ebf43
bee63f19
bf264016
3f324015
403ebe92
3f864025
3d9c400e
bf6b3f5c
bf173eb0
3f883f86
bf4cbef7
be9dbe30
3fee3ee7
bf233f86
40324012
bec9bee2
be3ebf1f
bf484012
400f3fb2
befe3f5f
3f153ffc
3fff3f0f
40043fa0
bf693ffe
401c3fad
3e34bee2
3ff24032
3f603f8a
bf3f3fc2
3e9a3f04
40333e56
400d3f42
4002bf35
3fb2be55
3e08befb
3f953ff0
3ec84020
3fda3e41
3ffa3f72
bea13ef1
401ec5d8
40274017
be893fd8
bf033f85
401b4039
40143fac
3e0b401b
3fe13f89
40283fab
3fa2bf18
bdaa3b8a
3f3d3e90
3ff03ecc
3f813f3d
bf734035
bf184004
3f394014
3fac3fb7
3ffc3d99
403d3ee4
40203ffd
3f193f84
bf2b3f4a
3f7a3f84
3f9a4033
403e3fce
40143fe0
3fdf3fec
bf343f81
3fda3e3c
beec4007
3fb84002
3f8e3fb7
40193fc9
3ed23fda
3e2d4015
3fda400e
3dd03fa0
bf3a3f7d
4031bf04
3ee9be6c
4017403c
3f733f54
befd3fd1
4009bf09
be5a4029
bbb33ffe
400e3ed7
45d83b5d
3f553e90
be943f9c
3f733e96
3fc83f07
402dbe6c
3fd43f1c
403b3ea2
3e4e3f76
3eb9beac
40344028
3f1e4009
40283fc9
3fc03fa9
3fc83e72
be9f3f3b
3fd63fed
4004be59
bf373fee
3fe5403e
bf36bf2a
40053da8
bed53f9e
bf6a401b
3f974005
3fa8401c
4036bf5c
3fff3e86
3e3c403c
3ee33fe0
be7ebf08
3fc73f7c
4020bf62
bda7bf78
3f0d4033
3f4e4009
3e674039
bef4be9d
3fb4bead
3fbe4027
bf513ff8
3facbea0
3e294010
4017402e
3fb3401f
40243faf
3f14bf79
40304009
bed8bf07
3fe5c5d8
be054040
3f9d3f22
4027401d
3f1c3ec6
3f1b3fce
be60beeb
40313fe6
3f52401b
bee03f41
3fde4038
403e3e9f
3fb94029
3ebc3f40
be0d3e43
bf2c3c83
3fbd3e94
401b3f71
3f8e3fd5
4033bf75
beebbe81
3f42bf01
401dbf6f
bf7a3f8b
40133d9a
3fba3f18
40193f9c
40123ee9
40293f07
3fbebedf
40044027
3f03bda4
40363fdd
3e053d7f
402b4037
bf44400d
3fa54012
3f223f46
3fea401f
400a3fd9
40164032
3f233fa2
3f9f401f
3bea4007
3f593f5c
3ebf3e30
3fc8bd47
3fcebe85
45d83f99
3f9fbd69
bd773f23
402f3edd
be173fe6
3fa73f48
bf56402a
4004bf68
4004bedc
40243ff8
be833f40
3ec93fff
403b4009
401ebdcb
400e3fb0
403f3d00
40054014
401b3f3f
be903f2d
3c8cbf68
3fd84038
3f5f4006
4036bf04
3dc23f9f
3f4ebea6
bf31bf30
3dbebe1c
40244010
3f903fd1
3f65be3e
bedb3e90
3fe93ff9
400c3fb8
3ff1bd4e
bed43fa3
3ebb403d
3f1f4025
400f3f14
3f3a3e0f
401bbedd
bf62bf2a
3eb23ea5
3fa63e81
3f473fe5
3e3a3ea3
4034bdee
402e401c
bf144002
3fb53fb5
3dccc5d8
3fbf3f93
3f49bf4e
3f903fed
3e92bc09
3f92be67
40014009
40283fcc
3fcc3fde
be224011
3fce3fab
bf4d400e
40353fce
40164008
3f3fbe8b
4015bed8
40064030
3e84bf55
bf72be18
401ebe81
3f72bef1
3f8f3fdd
403abf79
bebf400f
3eedbf23
4028bf75
403c4007
3d1b3fdf
3fed402e
be473e91
3ff63f87
3ef93fb2
3f2d3d8f
3fefbf44
bb78bdd2
bf003f1a
3f473fe4
40363c59
bf234024
3f9e3fbf
bd9e400c
3f98be83
3de8401c
be123f77
40064017
3fc3bf29
3f75401d
be363f39
45d83fc9
3f21bf73
402ebde4
3fbe4030
3fdbbf4c
4023bf4f
3f3bbd8b
3d49401f
3ff7be5c
4005400f
bf24bf03
40363ee1
be423daf
3e3e3f10
3fcd3f39
3fb3401d
bf413fb0
3fc74040
400dbc9e
bf24403c
bea1beed
3fd8bf58
be6f3f19
400abf7a
401fbf5c
3ffe3d80
3f323fcf
40233fc4
3fc63fc8
3f053f2c
3ff6bf0a
3fcebe29
3fc54012
3fce3ff9
40343f9c
4009401c
3e744026
becb3fb5
bf274016
4016400a
bf16bec4
3f463f1c
3f603f66
3f8d4040
bd9345d8
4036403d
3fd6bd97
3e9e4028
bf0a3e81
40094001
3a95be7a
3f523fff
3fd3becc
3ef23fed
3f8d3d8e
3fb7402a
3f993e8e
3faf3faa
402b3f8c
bdcf3f57
bebc4021
bf2a3f8b
bf433f81
bcb5be0a
3f9a3edf
3fac3fc8
3fea3fb2
3fd13fe8
4000401e
3fa93ff0
3e34402c
bf074038
bf17beed
3fde3fc3
3f79401e
3ff03edf
4019402e
3f33be58
3e614000
3f5b3efa
3f6f3ef9
3fc04030
be713f12
403cbf73
403a4020
3fc53c2d
3f0abe5a
3f474038
3f9d403e
4018beb0
3f1d3fae
bf7d3fe6
c5d83f96
bf554012
3fc9be55
40324034
3fbc402e
bf1ebf48
3f653e16
3ee23f22
3f873ffd
401f3f8d
3fa74035
3eb2bf0e
3f3c3ea8
3fc04026
403e401b
bf703fb1
be0d3e22
40183ffd
bec33e40
bee5bf61
3ee23dbb
3f9a4003
3fab3f77
bcad3f15
3fee4034
3fa2bdf0
3e5d3fb2
bf394037
4014bf0a
4021bf6b
40203f00
40223ebe
3fb13fd8
3fba4003
3fcebf7b
bf783f70
3f42403f
bf774006
be373fa3
bdeb3e2a
3f20bea7
400a3ff0
3eb83f85
3fb4bea9
3fdd3f81
403f3fd0
3f8d3ff6
40013ee5
3eb03fa2
3fcb45d8
3f88400b
3f673e9e
4026bc20
3f9c403d
3f653d86
3f2e3f02
3f953fe6
3f8f3fc9
3f31bf29
bf0f4014
402a3f17
3eef3f19
3e66be0a
bef93f3b
403d3f33
bdc63ee5
3f35403f
402fbcb3
3ffc403e
400abf38
3f87bf5e
3fd63fbf
bf283fa0
3fd63ef6
40173fb3
be504012
4001bee5
40203fda
40123f8b
3dd6be61
40113db7
3e9bbb1b
3f244039
be8ebf50
3f6c3fad
bf03401c
bf0b3f8e
3f8e3fbf
3f873f8b
4025403b
3e58be7c
3db83e77
402e3f89
3fee3faf
3fa0be89
be9e402e
3fef4006
c5d83f28
3f023f3b
bed7bf17
bf1b4021
3f553fa7
40343fb0
40403e0b
3fd1bf4c
bf3c403b
3e0e4019
3c2c3f88
bf55bf33
bf244032
bf573d2f
3e68403b
40333f12
3ed53fb5
3f313f6e
be9c4030
3f4a3fae
bf024027
3ff1ba87
bed23fde
3f11402c
bf233fdd
3fc23fb3
3eaa3f95
3fa63f7e
be9f3ea4
402f4005
3f923f82
3fa73fb4
40283f3c
3fea3f85
3e24bedc
3f76401d
3fa93fa7
becc4032
3eb83eb9
bf69402e
beb73fd9
40133d8e
bf623fa4
4017be0c
bf383f8d
3fd83e81
40184029
3d083f27
403ebf03
3f9d45d8
be9f3fe7
be75400f
3f823f98
3fe63eef
be5e401d
bead402b
3ffd3f3e
3f38beeb
40294002
bf183fac
3f39bead
4029401c
bf774021
be003fcf
3f633f46
40033fd7
bf3c3ed9
3e443f98
3f583d0b
bd58be39
3f1cbeba
3ee44021
bf49bf5d
3feb401d
3f8f3fa9
bef53f99
4027401a
3f784034
3ffabe81
4004bf6d
4011be5b
3e4c4037
4019bf61
40363fce
3f344015
401b4006
3f263fd5
40193ffb
40233fd1
bf3c4027
3fd8403b
3f30400b
3f1d3f60
3dc8400d
3fe33f8f
bea23e65
3ebc3ec1
c5d83d9b
4000bf26
4001bf2c
3e9c3fe1
3fa9403a
bf084021
3f173fc7
3f953e50
3f0fbf42
3fbf3f99
bebe3f4a
3fc3401e
bf19401b
3d083eb5
3ece3f42
3ea24010
4013402c
3ff33fd2
bddf4013
40103ff1
3ec9bf54
3f963fb4
3fe54001
3fc23fe2
beb93e8d
bea64020
403f3dd6
401f3fc6
402d3ffa
be9f401b
3f703f85
3f8f3e26
400a3f5a
3fa03efe
bf2b3fb9
4023bf16
3f7d401b
3f843fe1
3e01ba0b
3f64bf57
40263fd4
400c3fe8
3fa43fa7
40313e26
40303da9
40294015
3e023fd7
bebe3f6c
40153f81
3feb45d8
bf2c403b
3f104009
3fca3faa
3ff53feb
3f5a3ee1
40323eef
40083f90
3f513eb9
3ffa4009
3f324016
40273fa7
bda6401b
3db43f86
bf523f9c
40364028
bf59bec9
3f9a3fae
3f9abe08
bf474008
3f4f403e
3f703fe8
bf5b3f37
400a3ef3
40003daa
bec54019
3f373efb
3f4dbf42
3f214035
bf42bf1b
3eda4014
bb9c4022
40153efa
40333ff0
bf2dbf16
bf153fbe
3fa53ff7
bf164018
40303fe4
3f33be82
beea3f08
3e4c3e85
3f533ff0
4027bea8
3fa74024
3fccbf1a
3f27bf35
bf6c3f31
c5d84011
bf793f35
3f8b3fe6
befdbf14
3fa4bf5d
3f6e3e0b
400cbf3c
3fef3f1b
bd4dbec9
bf6abd85
3fca3f60
40153f3c
3ef4be5a
3fac3f4c
3f34403c
3e1abec0
be9e400f
3f373f4a
bef04001
40204027
bf55403a
3ff04011
bf7d3f0c
bdad400d
3eaa3f33
4020bf2c
3d883ff7
3e91bdb4
be823f5f
403f3fc8
3fe63f7b
40354004
3fc4bf30
3f9a4036
be763f48
4017402e
3faa3f96
beaf3fa9
3fbc4009
3eefbe07
3bb4403e
4006bea0
3ee63f18
4009be36
bf7dbeeb
beda4012
402d3f3d
400bbf4e
3fdb3fea
3f3445d8
3ede4029
40093f2e
bf2bbf2f
3fbd3fe1
40323ffc
40293fd4
bf5ebea6
bf3c3fae
bf223fb6
40014014
3b894040
3f603fe0
bf6a3f83
403c4018
403b403f
402a3fd7
3f693ff8
3fde3f1d
3fa53f58
bf233ff9
3fb63ebf
bf2b4040
3f943fbb
3fa2bd71
3f793f67
403d3fd2
401f4016
40184014
3f88bf3f
bf73bf34
3d0e3fa8
3d604014
401dbe0c
3fac3fba
40163f93
3f51bc2c
3f7cbe52
3f8f3f93
3f213e23
402e3fc5
3fb63ed6
be1a3e6a
3f493e49
3f1b3f2f
3faf3f7e
bf613fcd
3f1a3eaf
c5d83f2f
3ff73f0e
bf17bf56
400dbe41
be83403f
40353f1c
3f843fa4
3fe13e36
3cbd3ffd
3faa3e22
3fc33ff3
403a4009
3fa9be67
3f8e3fb2
bef4401c
3fba4018
bd8f402d
bf5dbf1f
401e3f80
3f78be65
400fbdba
403e3e20
bf383f9b
3f344016
3fddbf74
3eab400a
3fa8bf3a
bf143c88
bea14017
403f4021
40064022
bee7bf27
3f793e01
3fe23ed4
3d4a4021
be953f97
3f71bd4c
bf22bf50
40403f28
40333fda
bf043f6c
3f9d3f4f
403b3f81
bdb53e96
3f34bf70
3dcfbe92
400cbf7a
3f384022
bf3f3d55
3ef54010
bf07be8f
40233f8c
3de93f8b
40163ffd
beb44022
bf5ebee5
bf6e3f24
3e9fbea2
3fca402a
401abeaa
3cedbe6e
3f983f90
4027bf72
40123e59
3f75bf08
bf284001
3f92402e
3fb83ff5
40233fc4
4012400e
3f1e3c75
3dfa3f8a
beb8bed2
bcbc3f8e
40183f85
3f14bf07
bf4f3f34
401ebe36
3f7b4009
3ee63fc8
3f984005
3fec3f8a
3ffe3f76
3e604007
3ffd4026
bf5b3fc3
be5e4011
bf533ff6
3f4c3fa5
3ee6400b
bef63f76
3fa63e77
45d83f70
bf04bd58
3fe63ff0
3fa93f90
3f7abf39
40074033
3f35bf52
be604008
40253e65
4031bd7f
be933ea4
bccf4010
bee03fda
bf1ebe82
3fa83fd1
40263fa7
3e563f92
3fd23fba
400d4036
3fe53f23
3f984014
3fcd402e
3ec3bea5
40134039
bf1d3e43
402b3f93
bd8d403d
3fce3f84
3fc9bec4
be863f36
3f7c3edf
402a3fd4
bdee3fd2
beed3fd7
3f013f03
3ff44010
3f623fec
40064036
401dbf68
3f12403c
bdfa3e8a
3fe73f61
bea33fac
bf1f3f7c
3e1bbf37
3f4a401c
be553f96
3f7a3fa7
3e9b4000
bf69c5d8
bdc03fc3
bf51bef5
bf363f20
3f663f9e
3fe74007
3fc54025
bf003f2b
40073fff
bee13fb9
3fb43f7c
be573edb
bf334020
40203fed
3fbebd71
bf243fde
bf6f3d11
3fb3be8d
4011bde3
403a403b
3fc3bf2a
3e6f3f6b
3dc1bc9e
40183fee
3fa14029
bf783fe2
40033fc0
3ffd3fda
3f894028
3dd03f1e
40373ece
3dd1bf5c
bd86403f
40344037
bdee400f
bee83efe
3ea7401d
bf6f4024
3f89403f
bf42402a
3fe4be8f
3fdebebe
3fdabeef
3fa43dfd
bec63fe0
beefbf70
3ea53f19
3f3b3f95
45d83eb8
40253fb9
be03bea2
40193f51
3fed400b
40263d93
3e894038
3ff13fdd
bec5bf27
401d4006
bf263ff9
be473fec
3e68401d
3bc63fc8
3e92402f
3fbc4014
3f3e3f84
3e834031
3fdb4000
402f4018
403bbf0c
402bbf00
40363fdc
3ff83f0e
3fe13f8a
3ee24002
40393fa9
be673d99
3f0abf0d
3ebe3ff5
403a3ea3
3e91bf4c
3f86bf43
bf0d4025
bf7cbece
403d3f16
3fecbf65
3fce3da3
3ed43fbf
3f013fe7
402c3f69
3f184031
3b6b401c
bf753f2b
3ecebd05
bf13bf00
bf1fbe1b
3e09402b
3fd03fd9
3d97c5d8
3f013f54
3ed03c90
3f813faa
3e66be9f
bf45bf69
bf044012
3ff73f7d
bef2bf08
3fef3f01
3f61bee9
bf71bf63
3ec53f03
3fac3eab
bd083fa6
bf2a3fa5
bf66bf23
3f893ec2
40343d05
3ec0bf45
3fd3bf7b
3f8e402f
bf3c4018
3f7d3e9f
3ff0bf0d
402ebf7b
3ffe3f80
bf6c4037
3ebc401d
400f3e82
bf644001
3e434008
3f583f29
3ece3db7
bf804014
3f6b4000
3fc63fd3
402cbf38
bf493d97
4019401e
bc3f4038
3dd3be8d
400fbe29
be913fbd
bf343fb4
40053eb2
bf103fb8
401b3e49
45d8bec9
3fbbbe21
3f533ff8
bf763fc1
3f9b3ff8
bf6e4018
40393f2c
40013f94
bf353fab
3fb93fe4
40383f31
3f034031
3f9d3fa6
4009403f
40353ed0
3f773fee
400c4026
bf293ea2
40374024
3ee33e52
bf5e3f8e
3ea94028
4013403e
4001402b
40153f79
3f023f51
3f413fee
bf66becf
3e903fb5
4014bd91
be613ecc
bd1f3e31
40053fd3
be9ebf70
4000be46
3fc44039
bf2dbcf5
3de73eff
3f834004
3f803fd5
3fce3cf9
3f14bf7c
3f393fe7
401bbf7a
3fdf3fce
bec5be75
bef74005
4007bdcb
3f3e400f
4028c5d8
bf2d3fc6
40053ff3
40033ee0
bf69bf39
400d3fe1
40184016
40344013
bf2ebed4
beff4020
3fe33f87
40334035
402f4000
3fc93ffa
4022bf14
3ff0bf01
bea73f3d
3e5abd65
bf41bd59
bf5e403a
beed3f48
402c3fe0
3fde400e
bf194033
40243fe4
3f313f65
40244029
beb84013
bf233faf
3f31400a
3cf73f6f
3fe93d53
3fcc403a
3f2f3f7a
3fab3f16
3f1b402d
3edd3e8e
3ee43efc
3faa3dfc
3fcd3eed
3fac3f5b
3fb8401b
3fe9401a
4018be3b
3f943e66
bef33fb7
3f94bd3a
bf7a3f18
45d83feb
3f26bef1
403c4018
3eed3ef2
3fa1400d
bf79402a
40083f9d
bf783fed
3ffe403a
3f9e403d
3e924021
3e513f37
3f613f47
3fd4be92
3fa3bf58
3f89403c
3f853f9c
be99be8f
40304001
40123fc9
3f583f51
bf52be2c
40093f40
bd5e4039
bc133faa
3f38bf76
3fabbea1
3e91be93
3dbb402e
bed14010
bea6bedb
beb3bf10
3f8b400e
3f093f75
3f563f70
3fe4bf1b
40053fc9
402d401b
3ed7bf73
3e5bbf76
3fcd3f8a
40153f14
3f874002
40273f95
3e943ffc
402dbf39
bf693f95
3f443fc0
40343eca
3f6ec5d8
beb23de8
3f873f47
3ed84018
402c3f83
3ffc4035
3fa03f26
3c974023
bf723fe6
3ed74027
40294029
3f093f5b
3f074028
3f464039
40303f19
3edc3fcc
3fa33fe6
3ff9bda7
3f9a3e39
402f3f22
4018403b
3fd5bd2c
bec83f96
40153fc6
3ed6401f
3ff83e88
402abe80
402b3ff1
bef2bf4c
3f1fbef5
3e4e4011
bd67403c
be293fd7
bea73d35
3fde3f8b
402e3fac
3ff63f2f
402d3fe0
40293f3d
3f683ffb
3cbf3f1d
403e4022
40343fe5
3fea3fb8
4004401e
3ff83fb4
bebe3f65
40264015
45d83fa2
40324036
3fb73f6b
be213fa0
3f333fca
3fc1bf21
3f8ebeec
3fa94025
401c400e
401e403d
3f6d3fd6
402a3fc7
3e8a4032
3e5e3d41
bee83f09
3f813f9f
bf304026
be7cbe3f
3fea400c
3cb13ee1
3fc9bf48
403a3d9e
3f374032
3e644000
3f443f86
3ee73eec
3f07beed
bf22402c
bf733ff7
3fc34018
bef24039
40063e0e
40004002
40403f71
3f5dbf39
be2c3f82
403e3f43
3d134001
3f8b3f12
bf174014
be9bbf79
3febbf21
3fc3bf3c
3e68bf23
3fa73fc8
40193fe4
bf7b4002
3fa03f69
3e57400c
3ff8c5d8
bef93fe8
3f65bf29
3e323f36
3fb8bdd1
4000bf52
3fd43f78
40403f04
3e8abf10
3efc4019
beb93f7d
403c4024
4004bf4d
400fbe34
402b3f96
3ffdbf5f
3e823eea
bf714003
3f053ffe
3cfcbf7a
bf7a3ff0
bed33f8d
402f3fa4
bee83f6f
3eef3ff6
3f84bebb
3feb3ea3
3f37bf0b
bd1f401d
bddcbf7d
3fff3f4c
bf803bf7
40043ea1
3f88be2a
bf593fd2
bee0bf5c
40143efd
bed1bf52
bcb83fd7
40013f98
40393ea8
3d4dbf26
3f803e1e
c5d84029
3fd13fb0
403b3fbd
bb28beb5
3fbd3fb3
3e6fbf59
3e92bd8e
3f4d4014
4025bf17
be533f9e
bf2c4037
bd503f92
4030bf09
3c8abf34
3fd33ff1
3fb54032
be8fbbcb
3f9f3faf
bf01bf0b
3ff53ee3
beedbeb7
403d3ff6
bf7abf2f
beb34023
40033f7c
bf7cbea2
bc6b3f77
bf25bf1e
4011401e
403b4037
40113d2c
3f6f403f
bb213f0e
bf523fbc
401c3ffa
40123faf
403fbdd8
401d3fba
bf703e2b
bf55bed2
bf4ebde2
be483f29
3fed3f94
402c3fe9
3f9e3e7f
3fdd3f33
3ea5beef
3f9a4035
bf7c4012
3f2545d8
3f343f57
40323fad
40244036
befbbd3b
3e4a3ffe
3f914027
3f373f96
bf683fdc
40124016
401e3feb
3fe23fd0
bf15402d
3fef3fc8
3ed93f08
403dbc10
3fe3401c
3ef73f48
3f503faa
bf11400f
400fbf49
bda14012
3edf3fd0
403dbf73
3f603f9d
bf4cbee3
40013fef
3f503f78
bf61bee0
3f32bec8
3fe63f10
bf70bf69
bf293eea
bec94034
3f73be08
be02402d
3f0fbf03
3f82bed8
3f3a3fea
3f58be27
3fa7401b
3f1c4025
401a3f9e
4024bd79
bf203f29
3e93bf01
3f554013
3f923e8e
c5d83ee0
bda64000
bea5bf42
3b7a4037
be3a4005
40113f75
40263d12
4025bf10
3f844011
3ee1bf23
bda5bf25
bef9400f
bf56bf35
be2a3eae
3ff13f5b
bedf3fdd
3fb53ea7
3eb23ffe
3e70be0e
3fa23fe1
3f704006
be6d4018
403d3ee1
40154031
bda84012
bf7f3fb9
bf684001
3f4ebf1c
bf003fe9
3fba3eed
401b400e
bf62be09
40153fc7
bf743feb
3f204004
3ff5befd
3fe0be5d
3fa3402c
bf13be48
3f2f4002
401c3fff
3eeb3fc4
3efbbf76
40064039
40183ff1
402c3dbc
3f86402d
3fc73fa3
3f593fbd
402345d8
3e9bbe95
3e9fbf63
402e3ec8
3ff43fda
3fe0400e
be2d3f6a
3f273f8e
3ceb3f42
3f503ff2
4003bf4d
be81bf6e
3f6bbe43
3fbc4009
3efd3ee2
3f2c3fb9
3fc84008
3f0e3eea
3f603f67
be9abf29
3f25bf35
3fcebf2e
bf153f47
3f983f13
3ec64020
3fa6bf01
3f96bd14
bedcbf1c
4034bdd8
3bf03cff
3fd23cc0
3f2fbf6d
3f8cbeec
4009bf46
3fd53fb3
bf1f4036
3fd94026
bb233ec3
bce83eb3
3fc14014
bf514037
403a3fcf
bd9cbf7e
3f8fbf06
3fd0402c
3ec93ec5
be0c3ee9
3f674007
c5d84024
3fae3f14
3ff23f87
3fb43f53
401c3f8c
be4a3ff2
beadbf7a
3dbd3f9f
3f654015
4015be28
3f803fa6
3dd4bf67
400f4012
bf583fc0
be50bead
beaabf31
3f0fbf60
3f354031
bf213f9a
3e0d4006
400e4016
bf323fee
3fca4000
3fd6400f
400dbf01
3e87bf79
bf023fbd
40293f82
3e963f55
400a4028
beb23fc1
4026bde2
bde1bf12
3f633fc2
40283fca
3f79bedd
3fb9bf2a
3f10bd03
bf564018
be1f3ec3
40303fd5
3f9d3f8b
4019be25
40053fee
3fd83fd7
402b3ff9
3fddbf0d
3c613e4c
40133f67
3fc245d8
3f8c3f51
3e803f04
bf0ebf33
3fc54023
3fb43fad
40043feb
bd653f98
3ed4402b
bf153d86
bf44402a
3fcc3f80
bf4b3f0c
3da1bf46
3e19402d
3e003fbd
3f983efa
bee73ff6
401e3f9a
be8c3e97
400f3fb2
bede3f95
3ff0be59
40373eec
3e133e63
3fb43f89
3fa94023
3fe3beb8
3fd63ff2
40353fe2
3fa63e1f
bddbbdfa
3fb54025
3fb9400b
3f8d3fb0
3fde3f9e
3f0a3ef4
403f3fa0
3f293f87
3e7dbf67
3f513fc8
3fba3f41
bf764007
3f70bda3
bf7fbeeb
4014bebf
bf483f54
40233f37
c5d8402f
be9e3f87
403f3e9a
3ee5bf3f
3f443f0f
3d84403f
3e313fd7
3fc4beb8
bf1fbf78
403b3d76
3e463fb5
3d503f28
3eb53fec
3f403c48
be1f3f20
3f163f8c
be203f10
3e424026
3f043f6e
3f7a3fe8
bf0b3f67
400dbe0d
3f1a401c
4007bf5a
3fd2401d
3f9ebf24
be2d3f97
bf03bf20
403abf71
40373f28
bf37bd1d
3e714015
3fd04004
be9c4019
bd37401f
3fbbbf73
40273e7f
bea6bf06
beb83eec
3f863eac
3f9fbf28
3fdf3f83
bee1bda4
bf4ebe06
3ffd3f16
3f2b3f42
4006bf11
3ff6beaf
3f8cbf27
3f2645d8
4014401e
401d4019
3e5bbf77
3f434023
beb1bf40
4015402b
3f7e4038
be2c3fac
3eab3fde
3f6fbe60
3f0b403b
3ffe403e
3fbabf3d
bf283f5d
3ff23ff3
3fa9400a
3f60bf1e
401a3faa
3fa93fcd
3f724040
402c4040
bd63402b
bef04032
3fbd3fe2
3fa7be11
3e3a3fed
400a4021
400e3fdb
3ffa4030
3f8b3f45
bf6e3fec
40013fb7
403b4035
4027401e
400e3fd5
3eadbc52
402e4028
3f8f402a
40213ee1
3debbefd
3e804040
bf224035
3fa44022
3fa83f17
40363fb0
3e7b3f88
4023bd22
c5d83f25
40373fac
4015bf35
3f313ecf
be1d4022
3fba3f8c
3fd93fd2
bed84021
bf46bdd6
3fdfbe9e
3fb03f5d
401d4011
40364003
3e843f2b
3f683fcc
3f253fb3
3fc6be2b
bf2b3e9f
40243f51
3ea7403b
401ebf5d
3fb43fad
3f02403e
bf71bf7c
bf4b3f9e
3fdd4021
40093e44
3ff9bf0c
bf0d3fe0
40164037
3faf4035
40254033
3fa53f90
bec6401f
3fe73efd
3f2a4018
3ff54036
3fdb403c
bef5be87
3e82bf26
3ecd4030
bf463f25
40213fe8
3f3e3f03
be01bf05
4029bef8
3ee63f66
40183f92
3faf4036
3fb145d8
3e53401a
4017bea6
3fd33ede
3fe83fce
3f6b4020
3f32401a
3d61be00
3f903fc8
403e400b
3fa33ff0
401cbf24
401b403c
3ffd3fe5
3e8b3ebe
bf463dda
3fec4021
bed43eed
4003bf7c
402cbde1
3f543d4d
3f103fcc
3fb54038
be9e4018
bf3d3e7e
3f8f3fcb
3fa13fff
3f073fc3
40193c87
3f1ebf64
400d403d
3d123b28
3fe24021
bf34401f
40333f79
3ff3bf7e
3f2a3f89
be04401c
3fc43f3b
bf493e9d
bea0bf0c
40133fd8
40193f1d
3ebf3eda
3f254011
40273e97
400e402d
3f5e400c
c5d83f67
3f703eed
3fcb3c07
bf45403a
3f42402f
bf35bf46
3f57be8b
bed0be69
403d3f16
3fbe3fc0
3fe1bf2a
4025402e
4035400e
3fb7bf64
be6e3e84
3fb13f2b
3d143fc7
3f2d3ff8
be8e4030
3dd5be56
3f903f7b
3fcc4020
bea43d54
3ef4401b
3e00be87
401d4032
40144035
bf6d3fd7
3fe74037
40183ef2
3fa73e98
401d3fba
bf263f6c
3fd5400f
400fbe52
bf543e22
403c3fc5
bd96bf54
3bf13e58
40374020
3fc9bf34
4006bf58
bf58bef1
4018bda0
3d7fc5d8
3fba3fc8
3fef4030
bf4ebf0c
bf24403f
be2fbea2
3ff33f93
3fe93ff4
bf5c3eb8
bf153f5e
3fc33fac
be854010
3f89400a
3e3b3f89
401fbddf
3fda4036
4016401b
3fe8bf79
be64be74
bed43f86
bf3c3f90
3f473f8a
3ff2bd7c
403e3f18
40344004
3f8d3e09
401fbe3a
3e74402b
3fd33fb7
beebbf72
3e9a3f83
bf0a4005
bf5f4034
3e2c3f5c
3fcc3fe1
403bbec9
be81be61
3ed1bf65
3fe83f79
3fd73dc6
4002bcad
3fa44039
bf6e3f91
3faf3ecd
3e80402d
4000bf3d
402b400f
403a3e82
45d83f2d
be983f3a
3fde3f16
4008bf24
3fbebd8c
40133fc0
bf2c3fb5
3fe2bed9
3fd94003
bf2f4006
bf6abf5c
3e424032
3fa14036
3ef63eed
3decbddf
be233fa8
3e3d3e50
bf304012
3e4e4036
3e974027
3f8abebe
403abe75
bee6be0b
bf173f42
401cbf23
bb86bf43
40213f84
403e4025
400dbf1e
40163f99
402a3e71
3ec8bf7d
3f53402d
3f933c09
bed74027
3e8d3fab
3ffc3ff9
4039401f
3ea23e30
3f5f403a
3f8c4035
3f743e26
400c3fb4
bf313f18
3f39be83
40113eeb
bf62400a
3c0f3d31
3fdabf22
3f4ec5d8
4002be8e
3f4c3f88
3fbe401d
3f15bf24
40273fd2
bcac3fa6
bd21bcbc
3faf3fea
4007bf4a
3ed7be23
3f933f33
403e3ece
40133fef
3fec402b
3e024009
be823f23
4017bf34
3f78be84
3fb24019
4032403c
3fae4012
3ffd3fe9
40283f7c
be79bee5
3f08400c
40303f8c
40053f9e
3f7c3dcf
3fbabf03
bf373ffb
bf74401d
3fa23eae
bf4c3f2b
3f934036
3f28bf0a
3fd03f38
3fa73fd1
40193f0b
be483fe7
3ed6be15
3fae3fb8
3f823fe6
3f1f3f8f
3f91bce3
3f4f3fba
3f77bf43
3e883f19
45d8bbad
40113f7d
3ff3403d
be9b402c
3fe73f74
3fec4009
3fb83f6f
bf22403f
3fe4bda6
403b4015
be52be1c
bd753f68
bd59403b
bece402f
3ff13f83
3fbb403d
402f4018
bee33fc9
3fe4be3f
40194033
400d3ea6
bf413f6f
be84bf38
3fb63e05
bf35beeb
401cbe10
40083f23
3ef94009
3f4b401b
40033f99
401c3f23
400cbf31
bf713f3c
3fd13ff5
40013fe7
3ef03fb2
3f8f400e
3f753f62
3fe63f54
3fe03c98
3d193f12
be29403e
3f71bf36
401c4033
3e9d3f06
3fff3ee3
3fb33f22
3f40bf43
3f30bf3c
400ac5d8
3f83bea1
3fbf402f
3df94015
3f193f94
bde63e84
3e8d3d18
be873f8c
3f64401c
3d69be9e
3faa3ef7
3f96bf33
3f84bf66
bf65bf4a
3e2c4034
be96bf65
3ff0bef3
bf634002
40103e20
403e3e00
3fdc3f90
400e402b
3f723e01
bf354021
3f6f4017
3fba3fd0
40164012
3fb4400d
40363ff1
3f223e50
3e37be5b
3f8c3fa3
4035bdaf
3f543f6d
be163f9b
4027402e
3f0ebf38
be1c3e1f
40193f89
40133f82
4040400f
3e1a4015
402bbf1c
3ead4003
3ff43f8c
3f8c4007
40333fe6
bc92becc
45d83f67
4006401a
3ffb3fa7
3fc63fd0
3d96bf42
3e7f3f43
3f8d3e4f
3f803fa4
bcde3ea7
3ff3bf6c
3efdbf6d
402fbef9
bea33f62
3f8a3f93
3e8cbdd9
3fb9401a
bd9f400f
40224036
bf3c3dd3
3efbbf75
beda4024
3fb83f6f
3f91bd14
3fd33ff9
bec73ee7
3ff2400c
3f093f1e
402abd14
3f3ebf0b
3da8bf75
bea7400b
3f3b402f
40113f9c
3f8dbe71
40063ea3
3facbf69
3f92400a
4035400e
40083f6f
bd433fbb
bf773ed0
3f7f3ffa
3fd8be4b
3faebe7d
4015bf08
bea0becc
bea83f8f
bc8cbe05
3f3c3fea
3ff8c5d8
bbae4036
400b400e
3ec14036
bf633fff
40053fbb
beec3fb9
3fa33f48
bf7b3fb2
3f9dbe9a
3fa3be9d
3fd33fad
bf5d3f5d
bf684032
bf443e95
400e3efa
3ee0402b
40043f92
40243f99
3f5f3e46
4006bf3a
401f3ec3
3eb2be93
bf414037
4019bf6a
3fb83f65
3fe23fa4
3fe9bf19
3fad3fc2
3f25401b
401fbf16
3ff73f63
3df43f1e
bf534029
3fed4017
3e293ebb
40063fc0
bed4bf46
bdd5402f
3fc44030
bf023f1d
3f594023
3e9e3fc0
40193f65
bec33e24
bd3f3f8c
40054024
be254038
45d8bc37
3fcabe90
3df43f98
bef13e4a
beca403c
3fcabf08
3f8dbf27
3fd3bf27
3fae400b
4011402f
bee43eb7
bf2f3fd1
40123e8d
bf2abf44
3fbebe44
403cbe43
400f3f97
3f5c4037
bf234020
3f134035
beee3fdb
3fbf3f9a
401e3fd8
3f1f3e04
3ef3401e
403bbee7
3f8a3f8e
bf41be6b
3feb3ff3
bf153ec0
3fc63fab
3fe53fd3
3eafbf24
40314000
3fa14026
3fb6403f
3f363fbd
3f694016
beebbd8f
3fe4bf59
bf3d402b
402d3f47
beda3fcd
3f41bf14
3f453eb7
3ef23fb0
bedd3e99
bf05be1a
400d4028
400cc5d8
3fde3fce
403fbf41
3fc93f47
3fd53fb1
40193f0c
bf0dbec4
bed83ef8
3fba3ff1
bdd5bf4f
bef04020
3f184036
3f823fa3
403c401c
bf2e403b
3fb8bf38
bf324025
40233fca
3f94bf6d
bf433f20
4032bf7b
40143ed1
4039401e
3eddbe50
400abf5f
40293ffa
be484033
bf61beed
3f66bec8
be554018
3f11beab
402c3e80
40193f4b
3fab401e
3eb3403d
bf0bbe22
4004bf31
3fb93f73
4029401a
be9c3f2e
bf593fad
400cbf22
401c3fab
3ece3e82
4040402d
40374032
4022bed4
3f9a3ff2
45d84030
3ff53f7c
bee63fdb
be8f3f01
be754020
bf1f401f
3fe74028
3fa9bf02
3f5b403e
3fcc3fa1
3f053f56
3f293faf
3f8fbf6b
3fd04035
40213fff
3f6a3ee8
3f5f3f88
bed9bf6f
3f0f4016
bea8bf5a
3fb93f9f
4035402d
bf054003
bf683fb1
3e5e3ff9
bf62bd01
3f3e3eb8
3ff13ffd
3fb63fa8
3fcb3ebd
bed93dc9
3f0b401e
402a402d
3fd4bf66
3f443ea5
3f09bf49
3fbcbde7
3ee73f56
bf314015
401cbe4b
be77bee6
40003fcf
3fbf3ff2
bf743f8b
40083dc1
3fe14019
be993fc9
3e99402d
40034004
3efd3f72
be8d3f62
3fa64008
3e073fd6
3fbd3e36
bf5f403e
be103e87
403f3f58
3fff3e36
3fa1bef0
401bbe1d
3fb6bed2
3f893ed2
bee63e9f
be833f87
3f0abee3
3eb2be51
3e9ebe77
bf623f5e
3f4abe7a
3ef83edb
3e19bf76
3f08bef6
3fc13d5e
be813e4f
4006401d
40013fff
3fa43fcc
3ff6bdf8
3fc8400a
3e063f19
3fe84013
3fc13c89
bf0c3e69
3df23e1d
3fcf3f89
bf213fbd
3ed63f0c
3fce3dce
bf713e06
3fef4022
40193d8c
3fc3bee5
c5d83ff9
3ff1bf55
bf46403d
3ef43f04
3f6ebf7a
400e3fa6
3ffd3fb5
402c4029
3fd5bf5e
40283fbf
3ffb3f12
3f503eca
3be53fd0
4020403e
3f96bf3d
40034018
4039bebe
3f1d3fdb
3f094009
3fd74032
402d402c
bf4b3faf
40034021
bf483ea0
400c3e81
3e0f3ffd
403e3ead
3f9b3f76
be8abe5f
3ef8bf12
bf6c3fe8
bf23bf14
3d2a3f72
bf063fa6
3d103fcf
bf503e9c
bda8be93
4022402d
bd903f49
3f993fe4
3e8a3f21
3ed93fc2
40113ffd
3fe54015
3fdd4027
402e3ff8
4023be0f
3ff7bd14
bee63f23
3f5945d8
40043f85
3fb43fd4
bec53f3b
bcc24003
bf1b3fa1
3ea5bbb9
3eea400a
bd503fa4
bf0a3ffc
beaf3fce
bf4c3fa5
bf073e9c
bf363fdf
3f50bec6
bf5a3f06
bf7f3e6d
3fa53ff5
bf744023
be6ebf06
3f863ff3
3feb4033
bf483f83
be043f96
3faa3f3b
3f9f401e
3fcb4016
bd49bf00
3fe1bf2f
3f90bf0c
bf193fc2
3fa33f9e
be944034
3ea64037
be313fb0
3e163eff
401ebf31
3eccbf1e
3e053fd4
3eec4002
3f90bf6e
40394019
3e32bea8
3fcd402a
bf074026
3faf3fe5
3f38403a
bf363f23
c5d84006
bf5ebed3
3d32bf67
3f7d3ff1
3eaf402b
be9c3ece
40133fe2
bf733fe1
3e903fe6
40203fe8
401e3fd0
40383f71
3ea04014
4004be8a
3fcb3f79
40193fa7
bf4e3f27
3e49bd82
3f13bf6c
40193f3c
3fcb3fec
3f4a3f33
403e4004
401a4006
3fd93f39
400f3fab
4014b9b9
3fc53f2b
40313f69
3e83be55
402a3fb4
3ff8bf3d
3f9abe1a
40033f30
3f453e59
3f643f0e
3e65bf15
3e723ec6
bf04bea4
402c3fa3
40163e59
bedabf02
40113ed8
3fef3fa7
3e6f3e2b
bf61bec0
bf253f59
3e02bd57
3faf3e73
3e9b45d8
3f3d3fae
bf46400c
400c4008
3f413ff9
3f05401b
4020bca8
3f413ff9
3d573f22
3fa54011
3f77bc34
3f7d3f5d
3fbdbeb2
3feb4020
3eeb3f9f
3d9d400e
40173fdf
3ee33f93
40103fb5
4034bf04
3f4b3ff5
3ff34032
3f453e3f
3fa4402f
bdfabe97
3fa0bf50
3e9f3fdd
3ebb3f66
403f4028
3fc13f37
3f7b3f9a
3fc84010
bbff4008
40154035
3fe1402a
3f863e86
3f80beb4
be1bbeb6
40314021
3f6ebe1a
3f9abf35
40193e80
3eba3f82
3fec3f5c
3fe8bf1b
3f9c4004
be813f79
3de34006
c5d83db4
3fcd4006
bf273f90
3f853e7d
3e8abf7a
be0ebea8
3ff64037
bf29be9f
4004bd2a
3f023f0a
40073fb9
3ed53fe8
3fa63f08
bd863fbe
3f9e3f48
40223f6f
3fe33f09
3f5b3f27
3f05bf3a
bf423fc9
3e9d3f40
40363fd0
3f763f05
bf393c4c
4011402c
3ffdbdb0
3f333f85
3ffc3fc0
3eae3f64
3f5b3fb9
3e60bf26
3b2e402f
40053f54
be6e3fa1
bf463e9d
3e343ffa
3fbd4016
be724000
3f45be7a
3f68402b
4020401d
bf4c4031
bf194024
3f894012
4025401a
3efcbf26
3eb53eb7
40203e55
bf2a4020
3eef45d8
3f7e3f1b
40353fc0
402c400d
bf3e3ffe
40003fae
3f8d3ee8
bedd3cab
3f92400b
3e123d14
3fdf4032
3ff1bf0d
3f46400d
3fa3bf4e
bc003f54
3f8b3fa2
becdbd1a
400d3fe7
40313fd4
40084004
3ff03f6c
402b4030
3f9e4028
3fd83f85
40193f1b
400f3f8f
3f4fbf3d
3f953f02
401e402e
3f4c3fbd
401a3fcb
3f7a3ef2
bdee401d
3fb4bf74
bf6b3eb1
3f43bf39
3fbf403a
3f293fa1
3fcf400e
40003f89
40103f6a
bf5d3ed0
402b3ff4
40023fd6
3ee74025
3e92bf40
3f3d4001
3f634023
c5d8bead
402b3fc6
bf003dd5
3e983f37
bb51bd8b
3f603edd
bf683fcf
3fe2bec1
3d9fbe89
beed4001
bf3e3ea0
40023dec
40203f9d
3f0c3e58
bf27bf7a
3f403fff
3df6402b
3fdd3daf
40123fd2
3f263fef
3df23f5d
3fe54012
401b3e57
3e663f5b
3f5a400a
bf643f14
3f123f7e
3fafbf34
3f4abe9a
3fa03f58
3f3cbf4b
3f8b4016
bbdd3c5e
402d4008
be173fe2
bd3b3f46
bdb64024
3f983eba
3f8d3fbd
403a403b
3f223f23
3f2a4033
3f1cbf0d
bf2d3fdc
401c3fef
401d3fa8
3f03400d
3f3ebedb
3f854012
3e4845d8
3f4d3e14
40223f23
3fc03f9d
bf023f8f
bf0abef3
bec0bf4b
400d3fcd
3fbd3fdf
40383fc3
bf1a3f2b
40033fa0
bf413f37
bf213fc2
3fe53f8c
bf4c3e92
bd483f86
bf024010
bf6e3fc2
3fb43fd9
3f4b4017
3f173f45
3fc53ec8
40384021
3f8a3e82
3fff401a
3f983ee8
be3dbf27
3f423e44
3e99bf7b
3fe33e74
3fd8bd5c
bf7a4012
bf093f0e
403c3fb9
bf1ebf3c
3dc04009
3fb03f37
3fcf4032
3efe3fb4
40223fa0
3f4d3f57
3e02402c
bea2400d
3f58401f
403b4007
40094014
403dbe2b
c5d84026
40203fbf
40164026
40253fb4
4025bf65
beb03f9a
bf6f3f74
be9b3f88
3fa43f9c
400e3f81
3fb44009
402b4019
3decbe5a
3fdcbdf1
bf48401f
3e1a3f95
3f9b403b
3dea4017
bf204000
bf21bdb1
3fab3fa7
3f54bf38
bf10400e
becf3ebc
3f123fc3
3d783ff6
3f884008
3f913f98
beae4010
3fa0be40
40283f80
4025bf1b
4028403d
400bbf6d
3f2c3f55
beb4bee1
40314036
3fd53f25
402bbf2a
beb64015
bdf9402d
be69bf13
bf653f46
40363f8a
bf514006
3ffb4026
3ffa3f40
3fb63f19
bf53bebc
3ec945d8
40283f60
3f0e4030
3f11402c
3f2d3e15
bf4b3cb0
40233fd3
3f813d8c
3eeabeff
40243fca
40184020
400b3f15
3f8d3fdf
3ebc3f54
3fa43fcc
400ebf0d
3fa6401f
3f43402a
401a3fd4
3fd93e60
3ff73fdf
beb03f03
400ebdfe
bf484009
3fdd3fb7
400f402e
3f663ef0
3f25bf04
3ef03f67
3f42be75
40113dc9
bf29becc
400e3fdd
be1d3c1e
3ed13f39
3c88bf7f
3f613de3
3f8d4010
bf0b3f09
3fba400f
3ffabdd5
3fc7bedd
be7b4019
45d8becc
3f9f3ffe
40013ff4
3fd33e17
3f863f81
4029401a
3e7f401e
3e413fea
3fadbf69
3f6e3f05
3f3f3ec7
3f0e4002
3fabbf21
3f724001
3f7c3f34
3f503fd8
3eef3f4d
bf593fd7
403a4015
40133fc4
3fdd3dae
becbbe6a
bf063fc4
40243fc2
3fc64013
402a403b
3e5b3eb9
3f9e4009
3f603f9b
3f1ebdc1
bf12bc30
3e163f23
3fba3d01
403dbf01
3fb84035
402c3f65
402f4026
bed23f17
beb73f7d
3f5e4018
3e693fe4
4039bf51
4014400a
3e81402d
bf3a3f99
3f493eb7
3f4a403a
bf37bf41
bf133f01
3fe9c5d8
4012be92
bcf2bf3f
401e3f81
3eed3f53
3f843f09
3ff03f7f
403d3e43
401b3eb3
beb1bf5b
bf084008
bf5d402f
3f7a3f4a
becf3f76
401b3ecc
3e513fc5
bea84011
40134005
bf4a3f09
40083d8c
3fbdbf35
bf0a3fe7
3f864022
3fbc4035
be2bbf4f
3fee3dd1
be92bf79
3fae3eb8
40344016
bf1a4006
3f043e42
bdd53fda
3fbe402e
40014010
40313f98
3e5dbecf
3febbf21
beb5bf7b
3fb34022
3dd7bf53
3fe83fd1
3f933f52
4022bf1e
3fb83f81
3fd14000
bf28402f
3ed83ff7
3f584000
45d8bed0
3d88402e
3c94403a
3f5f3e95
3e8b3ef2
3f25bf47
3f703ec0
bf1a3f0e
3f9b400d
400f400b
3f01bf69
3ef53d2e
be1d3d7f
be514022
400a3fc1
400f3f60
3f78400a
3f644036
400f3f8a
3f313efb
3e30bdc1
3ebcbf16
3ff8bf18
40113fe1
3fe3bf08
3eda403c
403f3e07
3fed3e0e
402ebee3
3f983fd6
3f9bbebf
3fda3f5d
3edf4015
3f18bee9
3fd34039
40253f9e
40094015
3f243fde
3f0abe29
3ebd402b
bee53f24
40323f3e
bf383f73
40163f44
403d3fe1
3f8d3f4d
bf0d3fa3
3f973dbb
3f073fad
bf58c5d8
becf3fd4
bc9c4020
bdc2bf63
40274038
3e99bf34
400abf44
3faf3f36
3fedbf00
3fba3d62
40314020
bf0d4000
3e4abf68
beb4bf28
be96403b
4023bd83
3fb73e1e
402c3eef
402b400d
4017400a
bed73ff8
3f924016
40253f85
3f13403f
bf76bf4d
bf17403f
be09bebb
3ffc3fa4
3fdb3f10
400abec1
3fc9be41
3f663edb
3ff73fac
401f3fd4
3fb24003
400a4026
bec1bf41
bf7f4020
beef3ed5
bee7bf3e
bf1abf5e
3f72402f
403e3f56
bf083f99
bf573fc1
3f4e3f93
400f3f30
40054021
45d83f10
4018400b
bde93ff6
3e763dc7
3fdd3f08
3f854028
3fbe3ec2
4038bf07
bf0f3fd2
bf33bf21
40313f1e
3fb64001
3f8abf4a
3f8d4018
400c3f9e
3f5a3fad
3fefbf28
be813fe2
3e283f9b
bf193f92
3f0d3ff4
401a400d
40093d86
bd2c3fd4
bf5d400e
bf2b3fd0
3f563f88
3e93bf56
bf5a3f46
400c3fd3
bec04017
4012401d
3fc0bf2e
3e4d3f0d
bf333f8f
403d3f00
3f094024
bf143fcc
bcda3f1a
3e923fca
bef43fee
bf11be47
4024bf41
bdee3fe5
3f624028
40394031
3f003f4b
3f493f83
3fed3d0c
3ef8c5d8
3f723d86
bf21bb93
bf4a4019
3fa64012
be563ea7
bf653fb7
3eb63f23
401d401d
40273df8
3e543f94
3f343f58
bdbdbe4b
403fbf09
3fdfbf1c
40203fc7
401cbf7b
40403fcd
3fe0403a
3f433f66
bf314002
40124015
4017403e
400f3ffe
bf793f21
4038403d
3dabbeb0
3fc63ee8
3f124006
be9d4008
3f524039
3f253fc9
3fc13e98
4028403f
3fd13fb8
3ffe401d
403b4003
3e793e92
bf1ebedf
3ff63f24
3fb33f67
3f493ff0
40023ec3
3f963fdd
3fbf401a
4030bf0a
3ff1bf34
3ffa3fa8
45d84038
3ff13f36
40223fca
40333ece
bf29be66
bf05bec8
3f843ece
bec44031
40103f0b
3f9e3fc3
bf4f3fc1
bf313f4f
4000bd43
3fa5400f
40233fde
bf404023
3db94018
401e3f88
40214023
3f054015
403dbf2b
40254030
be054032
40373f88
401f3f42
40364026
403cbf1c
3f573fe4
40243fde
3f7bbe06
3f7f3f31
bedd3fd5
3ff7400b
3f933fb2
3f69befa
3e5b4021
bec13efe
401cbd80
3f173f9e
3f3b3f98
40073f47
3f0f401f
be0b3f90
40193f81
3e7a3f23
3fc83faa
bf41403b
40383ff4
3ea04033
4020c5d8
3ee83fa2
bea13ff8
bd823f87
be56becd
3fe03fc7
3f363f9a
3fa0bed2
3fb93ff7
4039bf6a
3f7dbf59
bf43bdde
401e4006
40233f78
3f5b4013
402ebf0a
3df8bf5f
3f223ecf
3fec3f73
be323fa0
3ec6bde2
bf0ebf80
3fb7bf44
3f453fe0
bf153dd1
40143b44
bdf7401e
4034402b
3df13ffb
bf80bea5
be58bf6d
3f5abee9
3fb64036
bf6c3fe1
3f2f3ea8
bf493f7a
3f83bf43
4026beef
befabeb3
bef93e0e
3f404011
bf1d4032
3fda3f07
3f86bea4
bf353f00
400d3f78
bdf83f4c
3f8c4017
45d84035
3f833f2d
40044038
4028bf33
40073f98
3f673f44
3faebf68
3f194026
3fb33e3c
bf70bd7e
3fea3fad
3f7abf10
3ea64002
bc933f80
3feb3f34
3f64bf43
beea3f96
4001401a
4010bf04
3fb73fa5
3fc53fc2
3fefbf66
bbc44004
bf443cbb
3f7cbce6
be43be96
40383fca
402e3f8a
40393f8b
bf52beee
3e7d3fcb
bf64bf34
400d3fb8
3fd4bf05
3f0ebf09
401e402f
bf0d401d
bf5abe0b
bf2a3fe3
400f3fa5
3fd74029
40074025
4004bee5
bf143cbf
4036befa
3f5d3d29
bf4c3f96
40123fff
bf2f3f0a
be22c5d8
4000bbb4
3f1bbeeb
bf623e8d
bef6bf00
bee13ed4
3fff4023
3f983f42
3fca3fda
4018beb0
bed13ecd
4034402e
4016bf6f
3f1e3fc8
3fc14007
bf54402c
3fb33f17
3ec63d8e
3f9d4034
3fa4403d
bf0b3f83
402a4004
befc3eb0
40324022
be934012
bf254038
3f913ee3
3f7b4030
3f34bf2e
3fbc4023
3eba3e49
3f454014
3fea4007
40123fe0
befa4033
bf4dbf0e
beff4022
3fb6bf16
3f4c3f8f
3f884033
3f963fcb
3f29bf50
3fde3f3f
bed7bec4
be853fba
3f3f3f32
bd193f9f
3f473ff5
45d8403a
bea33ec3
4031be4c
4007403c
3f373ef4
3f08bed2
3df83d1a
3f54be62
3f9f400c
bebf402d
beae4011
bf6b4016
3e45403a
bef94008
3fb3bf6a
bf363f94
3e7c4018
3f83bf7e
bf473ee0
bec9be90
3fe5beda
3fd0bf73
3feb4014
4034bf4e
bf383fc8
3fe33fae
3ff5bebd
bbf5403d
402b3f53
3e1bbf24
4000403e
3f393f90
40353f05
3fee3e1f
4014bea7
3ffabf25
3e263f5d
4035bf71
bef4bf69
3fa23f82
3f4f3f65
3fa2bea9
3fb53fd0
4035bf18
403245d8
403e3c53
40173f41
3fc54006
4036bf52
be203f5b
bf573f11
402a3fe1
3fae4006
4005bea5
befc4008
3e924030
4031401a
bf69beca
be1a3f34
3fc64016
401c3fc4
400ebebd
bf14402d
3fc54022
400cbf2d
3fea3ebc
3f68403a
3fe03fa9
40153ea6
3e984017
be843d25
401c402f
3e513fbd
3fa83ffb
40293fb6
3f04401e
4017bf00
3e803fa8
3eff3f84
3f8a3fc6
bf4abf5a
be9b403c
bf13400d
40223f8f
3f503f26
3ed9be22
3fca4030
3f154030
bec03c25
40064033
3d2c3fdd
be913f6c
c5d83ffa
3eba3fa9
3e15bd55
3fad4029
403b3dc4
bf5c3fef
bf024035
3e843fac
3fd63faa
3faabe39
40293ff4
402d402b
4010bf7d
bee7bf47
3fd63ff7
3d163fb7
3f17be5f
bf563f93
3fe03eb2
3fba3f49
3d9d400d
3f5a3ec9
3e263d62
3fe73f97
3f403e31
40293f9a
3ff6be1e
4004bf19
3fa43faf
bf31bc9d
be9b401d
be3f3f5b
3f7cbda7
3fe93f63
3fa33fe7
bebc402f
4037bf54
bf7c4005
3c81402c
3f92400a
3f853f32
3ef33fe7
3e19bf29
be9f4019
3e863fb7
403a4028
bea1402d
402e3fe7
bf163cc6
3f1245d8
becd4027
3f213eaf
3fc4bf5d
bef1402c
40303fda
4002bef4
40233fd8
40383ff7
3f913fcd
3e833e74
bf2bbf5a
401abf70
401b4034
3e484006
403e3fd9
3fb9bf1e
bddc3ea8
bf6c3fa5
3f2f3ebc
3f8abef8
be363fef
bebe3e8f
3fd0be0f
403c4003
402c3eb7
40233fb4
3f9abf36
40383f4c
3fa33f3f
3fcdbec4
bedb3fc4
3fa1be8c
40203f45
beb23e78
3f123fe7
4011bf09
3fe43ff1
3e4d3fa2
3e5e3fe5
40203fff
be533f00
3f743fa2
bf1d4022
3f1a402b
400c3f83
3f0c3fd0
3e86402c
c5d83fed
3fd23fac
401c3f41
403ebf2a
3f153ea2
3f963f0c
3f61400c
3f57bf3b
3f854001
3faf400b
4012bf00
3f76bf05
3f0a3e17
3e013fbc
3f9d3fdd
4012bf19
4010bf24
bf293f69
3f673f06
3f933f92
3e1e4009
3fcb402b
be5e4008
40273fef
3f9bbf37
3f053faf
402c3fcf
40144038
bf6fbc29
befe3f9a
3f164013
40003fce
3ff63f3e
3e783f83
401a3f34
3ff43ee3
3f2a4028
40183fcf
3fbd3f81
3f1e402e
40223f13
3fd93ed4
3e433f62
3f054015
403c400e
3f603f69
bf1e4025
3f8a3eef
401f3f1c
3fd345d8
3f193f4c
3fc53f6b
3ff63fd8
3eef3f92
bf2f3ee4
bef13eb7
3f923f2e
3fc23f91
3ff7bee0
3f303ec5
40393fbf
3fd93f60
401abe72
4002be58
3f954012
bebe3e19
401a3f9f
4024be1e
403c3faa
be8a3f2e
4029401e
3f503fbe
403dbefa
3ebf401b
3fa83f26
4019bf74
4007400b
be5a3ca9
3fba3faf
bf32bf27
40143f15
3e18bf5e
40133fd9
40353f1d
4018bf76
3f13bd2d
3d114038
3ff3bea3
bef2bf7a
3ee5bc59
3f143de3
beb7be18
be51400a
3fecbf65
3e6b3f10
bec33f97
3e153ed9
c5d83f85
bf55be67
3fbbbee5
3c404025
4034beb7
40173f4c
3e594039
3dd5bf13
3f114012
3fb13ed0
bf53bf58
3f5f3ff2
bd8b3f26
4036bf61
4022bd10
3f4d4015
4022401c
bf263f80
3f90bf65
bf35402a
40384036
3f443fd7
3f703ffb
400f401a
3faa3fd1
401abe8e
bf02401d
bf253e70
4040bdee
4009bf12
3d6fbf7f
3ee3bf09
401c3e77
4021403a
3f4b3f3c
3fbe4030
bf2b3fd9
40043f17
3fa3400e
beb2be4b
3f544035
beec403d
403b4008
3fb14009
3f874031
3e8e3f32
3ff2bf4e
3f5e402b
bf30403b
be2145d8
bf273f84
3f953fe4
3f9dbe95
403b3f83
3d96401d
3f113f38
3d1a3ffa
4005bd7f
4037bf2e
4032bf43
40294028
bec6402c
3fd6bf62
3ff7bf2e
bf0c3f8e
bcc04019
40114036
be58402f
3fb5bd3e
3d003fe3
4002403c
3d073fdc
bf7fbef8
3ea8be97
3fcbbed3
bd834040
403b3fd1
40123fe8
40343f2b
3f023fdb
403abf5f
3f92bee7
bebc3ea1
3f77bef9
4037bf12
3c974006
4006402a
3e18bf20
3fd2be54
40313fee
3faabe25
3ec83f68
40393ecb
3f8ebf52
40283fe5
3f833fcf
3e794007
c5d8bdab
3f7bbf7d
3fb4400f
3fda4009
40273fb7
3fc1401d
3f5b400f
40353ecd
bf343f00
3fba3f46
40033ffa
be953f62
bf36bf52
bf413fc8
3fef400e
3e253fc0
3ff2be29
40043eea
402c3de4
bd704028
bd02bf04
bf2e3ed9
40023f88
bf353fdf
403c400c
bf30401f
3f953fb8
4040bf69
bd834037
3e4d3f34
40073fba
3ff93fa6
3f14becf
bdf5bf14
40153ee8
3f8f3fb2
be4abd9b
bf7d3ed7
3ef9401b
bf5e3fe5
3dffbf22
3f45be5b
bf1ebee5
400d4001
bf45bf48
403d403b
3fcf3e92
3ed5befc
40033ff0
3fed45d8
3fedbf44
3fbcbf5a
40104019
bf1c3fd1
be3f3f4a
3f9f3fce
3f75bf60
bf523e4e
be2d3f8d
40334030
40253d4d
40173f8f
bf3e400b
3fc63f3e
bf013f9e
3f6c3f47
3fdb4016
bf6e4012
3e823f2f
bf7e3f12
401ebed5
bee53f34
401abd09
3d8f3e2b
beb54034
400abf34
3f193fce
beddbf0b
bf2c3eb7
401e3e78
bdd43fcd
3fcc3efa
3fedbf36
bf6e401c
be2a3ed7
3fec3e5c
3f40be31
4032bf18
3ef44002
3eaf3fb1
40393eb4
3e733f5b
3f5ebef7
401e3f8f
3e9d3fbb
3fffbe03
3f283ff2
c5d84004
3f5d3f8f
3ffbbf37
403d3f5d
3edb401b
3f7a3ecc
401abf41
400d3e5e
3fc1bf0a
40123f80
402e4020
3f1e3faf
be614022
3fce4007
4008bf78
401f3fbb
3fd8401c
bf264031
402ebebb
4031bf0b
bf4b3fa7
3e913e36
bd8f3fac
bd8a4037
3eb33f4f
bf083f3f
402cbf50
401c3cc3
3f1b3f60
3e683fd6
40053fee
40063eb4
401ebf31
3fc23df4
40123fd2
4017bf4a
bdfe4016
bc03beda
bf0d4020
3fa63f1c
3f884020
4034403f
400f403c
bf3c3f96
3f9bc5d8
3ffe3d14
3e65bf79
3f7f4025
3e18403c
bf663e9a
3fcc3f6a
bf3d4018
3febbf23
be92401c
3ea23f3e
403e3fe4
3f6ebf76
402a3f1a
bf0abf3c
3f51bd08
3eb1bf1c
40343ec4
3eea3fb1
3f2e403e
3ffe3fbe
402d3f90
3f843f50
4006400d
bf044018
3fc14038
40084034
403c3e75
3f7d400f
3fe6bf76
3f87400b
bf57402a
3f58bf3a
3e5c3f8a
beab3f1c
3e253fcb
3feb4001
3f56bee2
3f954002
4034bd8a
3f86be52
3fdf3fcd
3ffc3f95
40253f8e
3f21bf4c
3fa3bdb5
bf403f1f
bf213fa6
45d83f89
bf663ffc
be623fa2
3f5dbc3c
3fed3c77
bf2f4016
403d3e7d
3fa13fd1
3f673f98
3ff5400b
3eddbf62
bdcf3ffd
3e7a402d
bec7bf50
3fdc3ea3
3f2f401d
402b3ff0
40043f4c
4031bf1a
3f5c3ffd
3fa53e8f
40193fad
3f413d3b
bea63fe4
bf27becf
bf364032
3fd34025
400e402d
3fa13f97
bf21be59
401d3e58
bf0f3f32
3f28be22
40153ffc
3f6f403e
bdfbbeea
3f823f2c
bea54021
3f693eb6
40223fce
3f713f49
bf3f3f95
bf3e3fe8
bf0d3f07
bf473ecf
3e933eb4
3f713e24
be363f9d
bf4e4013
3f1cc5d8
3f933fce
3fa23f9d
3fc8bf74
3fffbefe
bdccbe94
3e4cbe2d
400d3f00
3fd24001
3fa13fa7
3ee2401f
3e2cbf1d
40313e0b
4012400a
be113f8b
bdeb4020
bf42bf13
bd5b401e
403dbd61
4013402d
bf50bf0d
3f95bf5f
3f8b3f29
bf0c3f65
3fe63e27
3f18401c
3f4b3f95
3ffc3f54
400c4023
3fd63ffe
40373e4f
3fe33f8f
40133ff9
40183f8e
3e98bf68
3ff73fb8
bef64019
400f3fc6
3d553fce
bf67beed
3f90bf3b
40043d50
bebabf69
40133ff0
bd26bf7c
400f3fe2
bdbb3fd5
4032402c
45d83f32
be9e3f7b
403e401d
40063f90
3e27bee8
3d97bf61
3ff03ea3
bf233f60
3f33be53
403b3f5d
3e124011
4036bf2a
3f9c3fd7
3eab3fdd
be4e3f8a
40024023
be86403c
3e733fac
bf18bf29
3fcc3e9f
bf244024
3feb403f
3f6c3ec7
3fadbf7c
401c3ed7
401d4015
4007bf72
bf12bf01
bf513f8f
3f1d3e62
3f9bbf2d
4007400e
3fadbeb1
3f433f75
3f7dbf33
402cbe1e
3e813f34
bf17400f
3fe9bf59
be57bd92
4021bd81
3f243f8c
be243ff8
3fe4bd68
bec4bf32
be34bedf
bef33e6f
bf5d3f3e
bf733d61
400ac5d8
be773fae
3fe83ebc
3d954029
40163fad
3e5f3f96
40363ff1
3ffa402a
bed4bf3a
40103ecf
403c4017
40113f90
40164012
3f22401f
40013ebb
403f4038
bede403f
3f5b3f94
3fd33fe2
3fa73fe8
4025bda7
40013f54
3faf3f3f
bf393f6b
3e1f3ff4
3f833ff1
3f22401a
be823fac
be55befc
400c3f2c
3dd0bf39
bf794037
4009be80
40064003
3f4d3f1c
3f35403d
40214023
3fc1bcf9
400c3e4d
bf29be0e
3f213ed5
3fdb403f
3f533fe8
bc1f4023
40383fcc
beb4bf0d
40163fc3
3f433fe3
45d83f32
40294016
3f9dbed5
bf65bdd0
4007bda7
3fed401c
3e4a3f58
bf593ea5
bf7d400c
40294020
3e2dbe68
bf663e12
3fb9401c
3fc63fc8
3fc4bf09
be8abf46
3fc53ed1
bf384010
402a3f72
3ff94024
3f8a3fa2
3feb3fb4
be6c4029
3f553f3e
40243f1e
40174014
402b3ef6
402e3f4a
3f283fe9
3fdebdce
3feb3ee0
be133f94
3ffc403c
3fe3401d
3feabf5c
3fdf3fac
3ebf3f95
3f023f82
40163f13
40253def
3e2b4040
40063eb4
3f8b3fd6
3fcb3e86
3f9b3e92
bee93fd0
3f583fdf
400b3ebe
3fe6bf24
401ec5d8
3f2fbdb6
be963fd7
3fafbf0b
3ffd3fc5
402f3fdb
400b3dcc
400dbf47
bf6a403a
4038bf5d
3f203fbd
3ebe3d26
401c4019
bf1a3f8d
3fd63f14
3fde4012
40344020
401b402a
400c403e
3fe5be86
3fbd4015
4012401b
3fb13ef8
3fe33fae
3f64401e
3fc83fdb
3fd1bde0
beae3fcd
be344038
401f4017
4004bf1e
3fb83f8b
3fc23fc9
3eb2bf73
3ec93fd6
3eba4033
3fc23f72
bf423ee4
402d4039
3e87400a
bd654014
3e9cbe48
3f30400d
40353f93
40273fe3
3f3fbf7f
40093f09
40113f4d
45d83e57
3f0dbe10
3cd84023
3fa33fab
3e7d4003
be283fd9
be474025
bdb4bece
bf5f3f65
3f87bed9
3efa403e
3f3b3e6f
3fb43f9d
401c402f
3fbd3fd6
4039bf57
bf013f05
3fb94029
3f154035
3fba3d1f
3feb3f5e
3fe93d25
4035bddf
befc3f5f
3f1fbeaa
40273f04
402bbeae
3f973f46
402b3f82
402c3fa9
bf4fbf43
3ef73fa8
3e9e3e25
4036bf45
bf113d35
4006be9a
bf784028
bed3bf43
3f8cbf52
3e624030
bf1c3e30
3f173fae
401d3ff8
401a403f
3e553fc5
3ea03f87
3fa34029
be373ff2
3fba3fd8
3f07c5d8
3fa44003
bf253ffe
3fba4037
40083fcf
3f353fe1
3fa73fae
3fa4beb1
3f723f79
3e0d400c
3f89401c
4017beaf
be5d403b
bece3fbc
3fe4403f
3ef33f57
4034bf4b
3fce3f92
bd2d3fe2
3e573eb5
bf443f42
3fdf3fb7
3c1c4005
40233f15
bf4e3f9e
3fc23fa6
bf2e3f48
3dee4011
3f7a3f15
3f75bf2b
bdf54025
3f9a3f85
3ed43f74
bf02bf75
be6a3f6a
bf5cbf3a
3f3e3f87
3f82400f
3e6e3fed
3ea54030
3e763eee
bf793f4f
3fd84036
bf4c3fb4
bf243fb9
403d403a
4008be3b
40083ec8
45d8bf68
bf423ed6
402cbf42
3ecbbec9
3f0d3f32
3e793ff1
3fa9bed7
3e7ebf32
4012bf6d
beea3f8a
3fac3f31
3f8e3fe2
3faa403b
3fbc4015
bf703e68
402d3feb
3e04bf21
403e4027
3fc34020
4027400b
3fe23ef1
4016beff
3fb43ff3
4011bf03
4037402c
3f17bf07
3f623f87
bf204034
be193ea4
3f5fbf03
4028be9a
3fc44021
4021be56
40054018
bf63bf1f
3f843e6b
3e273f8c
403a3efd
40224038
3f813f68
3fe24020
40263ff8
4004400d
3f333dc3
3f72401b
4031bf71
3f493f0f
3ec23eb7
3fed3f51
4016c5d8
beb54030
3e1e3fd4
3e76bf60
3fdc403f
be7e3e6c
3f843fb9
bf3abda6
3fd8bef1
402a3f1a
40173f38
4001bee7
4022bbb3
3f223cbb
3fdd4027
3fa0401e
40073ec6
401c3ecc
4010401f
3fcf3ff4
bf1bbf67
400f3fa0
40153f3c
bf39be14
beb24009
400b4030
3f763fdd
3fe6bed5
3e7a3fe3
40013fe6
40303fdc
4028bf45
401c402c
4020401f
400a3fdf
3e2f4016
3ff73f8a
bebc4008
3fbf403d
be183fd7
3c9b401f
bf18be92
40243ebd
c5d83f5f
bf1ebe97
3f21bf3c
3fa54017
3e0a402c
bf583ff6
401b4026
3fe8bf3b
bd3a3ff6
402e3fa1
4007401b
bf61403d
bab7bf6d
3e9d3f85
401bbe85
3f8a3fed
3f303f19
401e3f38
bf553fd4
3fce3fa5
3f9bbf04
3f16bf6a
40033f0f
4011403a
40133f09
3fddbea5
3fc8bedd
bed53fb7
3f74bea1
40123f69
403abf63
3f5a3f80
3fe93ffd
3f8f3f8c
400f3e8f
3fd4bf38
bf33bec9
beb33fc4
3f653fc0
3f92bf0f
402b3e96
402b3f97
3f983feb
403e3f60
bf1c4015
40133fc0
4005403f
3f3d400d
be024024
400645d8
3fae4038
bf0dbdf5
3fa8bf01
40243f08
3e56400f
3f75be1c
402c4025
4032be73
3f573ebf
40033fde
40073f81
3fee3e3f
3e9f3ecd
3f20402a
3ec23ff1
bf5bbf3d
400f4001
40033fcc
3f8a3f9e
beef3fcb
3fa24024
3f703fd6
40303f86
3ee1403b
3e3d3ea9
3f854027
4034bf29
bdb43f62
40333fca
40383fc1
40103fcf
3f093fdd
401d3e84
402b3f95
3f4b3f16
4029befc
3fd9bf1f
bf35400b
401abe37
3ce83f87
4007bed7
3fee4005
3f073f03
40254002
3f9dbe11
3fa53f4e
3fe2bf14
c5d83f86
3fbabf7b
bf653fdf
3fedbf51
40323f70
4027402a
3fd1bf17
3fea3fa7
bea63fa6
3f2f403f
bf643fba
3f6dbf38
3fad4022
bed5bf6c
3fd63f93
3fe6403e
bf394006
3fa14010
bf133ed5
40243ec6
40344025
403d4011
bf0e3eca
bf1dbf0d
3ea33fbb
3f78be6f
3ff7bed1
4016bec9
40043fce
3f063fd8
403f3d84
3f72401c
bf783f1c
401d3e81
bf643fe8
3e9c4019
40393fcb
3ec13f9f
3fa3400d
3ff23fc1
3fe03fa8
beeb3fc5
3f92bf64
3fac3ffe
39b6bf65
3ecd3fe6
3eb53f81
3e96bee9
3f59be23
3f2945d8
401a4021
3f8d3f71
40363fee
beec3f5b
3fabbf01
402cbf10
3f6e3d5c
40053e46
4033bf40
bf223ed2
3f423fa2
bd213e8d
bd963ec5
4008bebf
bf08bca9
bd16402c
3fb7403f
3f494008
3fc94015
3e2a3d2a
bf33bf72
bee24011
401cbe39
3f8fbef0
40043fef
bd8a4021
402e3fed
40193f7c
402d3fed
40133f3c
3cdf3f82
4037bf49
4030401e
400fbf78
3f323ff7
bf3f401c
3f023d23
4026bf2b
beb2be42
3f823de4
3f9f3fcb
400cbf1d
4014bf6e
bf2a3ff5
3f163de3
3f133fbe
400d3f0f
c5d83fd1
3d904038
3fe33f3a
3e774019
bdc3bf45
3fe4bf62
be79bf0d
3f8a3ea8
bee3403b
be623fad
be953f0c
be7ebb1a
bf753f21
bea24039
3f513d74
bf044022
40383fbf
3dfb3f3f
3d6fbe8d
3f9dbf5e
bf083fa5
401d3fd3
bf09bdfd
400c4040
40273f51
bf3b3ffe
402d4031
3f5bbf5a
401fbd1e
3f573f54
40233dbc
3f7a4014
3f0f403f
bea54011
bf614038
3f11becc
bea1401d
3f924028
40153fee
3fa8402a
4032400b
becd4012
beec3f4b
be88be6a
be473f95
3eefbebc
3f813f73
bf774021
3fef3fe3
bf4845d8
3f0abe27
3fcd4025
3f9b3fa2
3db24034
bec9401d
bce23f83
3fb6403f
3e574018
3e013fa2
400a4019
bee04037
3fe93fdd
3fc33f93
3dce3fd0
3f7f3fb9
be073fc5
3fe64007
3fbe3fba
40093f92
3fcd4028
3f803eb8
3f5c3d11
bef9bf56
3f43403e
3f9a3d8d
3e5d403b
3fb0bf32
3ebc3f24
403fbf0d
3fb6bf3a
bf06400a
bed83f01
40013fdc
3f3d3f70
bec63fe8
4003bf48
3faa4002
3f1a3fea
3f28bf36
bf403f20
3eaf3fce
4034bd6e
bb5dbf68
3f8b3fcd
401abf00
bf2d3f51
3f913ed8
c5d8bf70
3fa83f9b
3ff13f9c
4032401d
bf6cbcea
be263fc8
bf443e0e
bf30bf07
3f133fd2
40223da1
bf313eba
40334034
3fd5bf42
3f813ee0
400fbdec
40153f87
400d3f2f
bdfc3fcf
3f8c3ffe
3ea5bf57
3ff13fad
3fed3e08
40013f99
3fae402a
be3b3f49
40153fe9
3ff23fa6
3ffb3de7
3f473fa4
3fa24006
40033ec2
4038be44
3e843e9f
402bbf04
bea13ff2
3fd3bedd
3d6ebd90
be96403e
401a3f83
3ffcbf04
401b3ffd
3f1dbf37
3fa74031
3fd33dce
40184031
3f6cbf1d
3f513e9b
bd273ee8
40343ed3
3ecc45d8
3fe5bc66
402f3e5a
3f44bf2e
bf7e3fed
bf03402c
3ff33f6a
bf7f3f56
3d903f80
3f5f3ff1
3d023ed7
3f323f2a
3fe83fe0
3f993f04
3fde4008
40154014
4007bd94
401f3f7f
3f463e90
be043f85
be944009
3fc7be71
3fdb3f9e
bd6d3fce
3ea13ff7
3ffc400e
3f323f0c
bf744009
401d3fd5
bf73401a
3ef2bec1
bdd03ed7
3f143fd1
40233fd2
3fe94033
bf283fc1
3d7c3f85
3df13d60
3faf3fc1
40194024
40223f7e
3f6cbf0e
bf0f3f47
bf4bbf02
bf4c400b
402d3f82
3fa8be35
400e3fdb
c5d8bf76
3f9c3f4e
40353fc5
402f401f
400f3fc8
3efd403a
3fc74007
3e833f37
bf283fd8
bd853fd2
3fe8400c
3f7f3a24
bf643ffc
3fe23fe2
bf04bf6c
3f22bf52
bf6a3ee6
3fd94022
beda3fe6
400fbf3f
40163e26
be12401e
be4a3ebc
402a3fac
3ebb3eeb
3f33bf2c
3f9e3fc6
3d303e52
be624036
3efb3fb8
40183f24
3f85402b
40123ff1
3ff8403a
bedf3da9
3e243fe9
3e8abf2b
4035bcf3
401d4020
3f464020
4013401d
be313ec2
3ef24031
3e4f400b
403c4001
3caa400f
3d20400a
befb4026
3fb8bf21
bf1445d8
40174000
3ff2bf61
3fa03e7d
3f01be54
402a3ffc
bf053fe0
3fa83ea9
4031bf10
3fa03f01
3fa83f34
be924001
befabf2b
bed03faa
3f62be2c
3fae3f3e
bf533ff2
402b403a
402c3fa8
40184029
bb95403d
3e5b3f75
3ff7402f
beec3f7a
4035bf12
3fe03ee6
3ffc400d
bf353f9f
3f043f92
3fc8bf57
3dfa4012
40033f27
bf003fbd
bdd9bf3e
3fc34021
3f4d4000
40223f9b
3e78bf34
400ebf50
beef3f98
bdf53fb3
3df23e45
403b3f84
3ec63f40
4037bf3f
bc24bedb
3fdb3e8f
3fc3bd25
c5d83fec
3f873d8a
bf33403e
3f1e3f43
40043dcc
40364037
bef63e7e
bed83e71
bf543f69
40154024
40004029
402d403f
bd8f3e87
be063fe1
3fda402b
be943fe2
be14bead
3f8c3eaa
3e32403f
3e3d4000
3fd83f3b
3f723f7e
3f36402e
bf4fbeef
3fa4402e
3f0d3f2f
be6fbdf1
3d153eef
3d6d4009
3fdd3fe8
3ffe3f46
40153fe7
3fbd4035
be533fa0
3f61bf77
3fa83f40
3f1d4007
be02bf11
3fe43fe7
3f90bf26
3fd3bf03
bf05401d
bedf3fe4
4017bf39
3ff5c5d8
bf75bdd2
3f794032
402bbf04
bef9be90
3f963fc6
3ec1400e
bf353f7e
40024018
3e70bf13
bef64025
bf19400c
40033fc6
40023ff7
3fca3fca
3defbf5c
3f2fbeb2
3f744003
40383f8d
3ff23fe1
3fea4039
40234022
3fc53f2b
bf0fbe93
3fb13f33
3ff73ffc
40083fe0
403b401f
3f073f02
bf5d4031
3ff7bf04
40083f0f
bea83eb9
3f993ec7
3f86bf54
bf07bec7
3fec3fa1
bf774026
bf51bf22
402fbef0
bf314003
3fe24036
3f8dbeaa
3fdd3fff
3eee3f61
3f5b401a
3fb33fd5
be7b3f3d
45d83ede
bf2c4014
40333e5c
bebc3fd0
bf2a3fb7
3f423fa5
bf0b3ff3
400bbf72
bf213edb
3ff6bf34
3f8dbf51
bebe3e0e
3eb5bf11
3ef73faf
bef4bf52
3fcf3fad
3fa74032
3fea4024
3d384006
3f8d3d51
3df93eae
3d55bf1d
3f5a3eb0
be964013
bef1bf75
3fbbbd37
3f9cbf52
3f054039
bec73f44
3f944019
3f80400b
bea3bf65
3ff9be4f
bf6e3e0e
3ff53fbf
3e4b3fca
3f043f34
3ff14019
3f55bf4f
bf083fba
3facbf11
3f233f93
3fde3f96
3fab4032
bed0402f
3ed8be45
3ee84033
bf044000
3f5cbea6
4017c5d8
bf623eca
3ea83f02
bf763fa8
3ffdbf3a
3f76403c
4037bf45
4005bf5c
402c3f5f
403c3fa0
3e91bf1c
4007bead
3f2a3e38
3f074007
bf2c4008
bf283d08
bdce400f
3f884026
4020bc92
40003f81
3b693f91
3fd8bf44
40393f89
bf204007
400abeb0
3fcc4016
bef7bc72
3d92bd3f
3fd4400f
3e4d3f3c
3f16400b
40303f4d
3fdf3f9b
bf4b3e13
bf063ed8
40303fcd
bf62bf71
3ff83fbc
3e814032
3f523fbc
3e69bf73
3ec4bf4f
3f854028
40063f94
3fe4be83
3fbd3fee
3f573fb3
3fc03e3b
45d83e9a
4000bf65
bf2f3e68
3d403fae
3f1f4024
3ead3fdb
3f2e403f
be394009
bdc43fe6
3fc53fc2
bf373fe6
3f9abf76
bee24038
3f573fe6
3fbe402d
3ea8bf3f
3fc2be4d
bea43ed2
3fa03ef3
3e874020
40403ff9
3fc8bebc
bf5d3fee
3d8bbbb1
3f644013
3fe8bab3
40094009
403f3fa4
be9e3e2d
3dfb403f
3f44bf1c
3f82400c
402d3fe5
be3b3e7b
bf333fb6
3da0be7a
401e3f4a
bf194038
3f6d402b
3fd33f3a
402a3fdd
3f4d401c
bf46bf14
401cbe99
3f93bf2d
bf54bf31
3f1f3ce6
be04401d
be683fb0
be81c5d8
3f213dae
bf0a4038
be534024
3d43bf2f
3ffebf74
be063edc
be8ebe5e
4039bf00
be3d4008
bf1a3fe7
3f473f4d
4005bf67
bf3dbd2c
bea63fbd
3e174029
3f763f83
bf3e401f
3dd8bd49
3ffbbe99
3fe6bf2e
3f2d4018
3f80befb
bedfbd68
3f2b4018
bf1b4005
3fe33ff3
403b4016
4015bf1c
4021bf16
3f813fa7
40023f1f
3fab3f6f
3f363fa2
3fea4002
3f354031
3fac3f7b
3fde3f6b
bf2f402e
40244017
bf6c3fdb
3ff53feb
bee8402e
4004bcfc
3f48be50
3f86402f
40293fe2
3f7bbf58
45d83f85
3f26bf6c
3f643f9c
3fb43e23
4022bf03
3f24be11
3f03bf77
3fc53f91
400a3ffe
be3c4024
3fd03fe6
bf7a3f76
4020bf41
bf6f3f86
400e3fb6
3eac4022
be7e401d
3f0e3fd4
4017401a
3f543f86
bdb6bed6
40273fac
3fb93c94
be833dac
400f3e99
4021bea9
bf77400d
4011bdea
40023f9f
4021bed9
40113de8
be254026
3f424005
3e81bf52
3fc9402e
40214009
3fc44004
4019401c
401d37f7
bf2d4019
3ffc403c
3f01402c
40304026
40403dee
befb400c
401abf0c
3e9d4016
3e5bbf3c
40263f19
3f47c5d8
40183f47
3efd4009
bf693fe7
3e6f3f2a
3f304016
3e8e3e42
be974002
bef03ff2
bf353f90
3ce63e87
bea13fc3
3e9b3fee
3f59bef8
3f814019
3fdabe9b
40014034
40254034
40363f35
403f403b
4009402f
3e9e403b
3e493fc8
40104001
3e653f06
be0fbdb8
bed0befc
4031bf18
3ffb3fdf
40154009
bf7a3fc6
40094036
be6e3f8b
3fec3fcb
400a402e
bd13bf18
400abedb
40203fa8
3fa53fac
bf733fea
40363f3f
40034019
4025befe
3c8fbe89
402abf15
bf803e86
3f853fbb
bf66be80
45d8bed2
bf2bbde5
40363fad
3f7d3f11
40053e21
3fc33fd6
3f3b3f52
403f3f09
403c3f85
3fe83ff7
402dbf29
3f3c401e
3fa73e84
3e4d3ed3
be973fee
bf333f4b
bdea4034
4021bdb4
3fd5bf7f
beb8bd92
3fc33fbb
be383fc6
bf26403a
3fb8be3e
3dab3dbc
3ee94028
3ccf3f92
40054030
3c26bd32
3f993fc5
3fd23f8f
3fd4bd97
3c6ebd2e
3f7b4001
3fe6be86
4016400d
3f314037
3fd6bf51
bdef3fac
401f3fcf
401fbf43
3f553ee6
3fda3f61
401b3f95
3ff6403f
3fbd3f2b
3fbf4039
3f903fb2
be413fd0
bf74c5d8
3fea4020
3faf3fe6
3f0abf1a
40023e77
3ea93ecd
402a3fe2
3f59bf6a
3f563f92
3fe5403a
40043fee
bde63f84
3f99bf11
403a4039
3fd7bf31
3dcebf22
bf284007
40014021
3f8abdde
3f923eb3
3f414026
3f023ffe
3fe74021
3f953fa5
bed4bf19
3fe7bf15
3f453edb
bee7bead
3fd6401a
bf79401f
bf3abf08
3d803ff7
40233fc1
3fa03fa6
be8fbf5b
3ff2bebc
3ec03fa1
3ea83f9b
3fb43f3a
beaf3fb9
4034401e
3e884004
3e833f6f
401c4023
40173f62
3ee5beae
3f3dbf57
be80bf4e
45d83fa1
40133ef9
40383f55
403b3f9b
3fdc3f5a
3f953f1b
3e0f3e08
4014401e
4017402a
40383fd1
3f563ef6
be673ce6
4033bf19
bdc03fa9
bdd0bee6
3fb44002
3eddbf13
3fafbe76
3fecbf76
3e593dd8
bf793fc4
bf233fc2
401b4009
3f23be54
beebbf38
3fb9bf61
402c4021
bec53dfb
be8abf41
3f73bf0b
4023bf18
be0f3fe4
bd6a3e90
40274029
bda13f07
bf763f8f
40163f94
3fb8bef6
40234019
be953f7f
bf0bbef5
403ebf52
be343f1e
3e9ebf6c
3fe545d8
3ddebe69
3f88bd56
3f7e4020
3fcfbf5d
400a3fb2
bf4b4026
4000bf56
3fa33f54
3d8abf03
bf0e3ff6
beb74020
be413f37
3eb93f27
3fb23fb7
3ee9bc53
3ed2be11
be223fdc
3f3c3ff6
4010bf36
bea9bf6e
401d3f3a
be033fab
3ffcbf09
be873fed
bf493eb2
bebebf2c
3fdcbf0c
403f4004
3e8a3f52
3fb83f0a
40133f4e
bf30bf71
bee54035
3f853f89
3fffbf5a
401a3f60
3ffb3f99
40373e77
bed24024
40093de1
4019be74
3ffe3fba
40163df3
40243f2c
bf2dbf3f
3f113be0
bf7d3f81
c5d83fe5
3f7e3f13
bf643f67
4032bf29
bd2c4035
400b3f29
bf00bf68
401b402e
3fbabf06
bf0a4017
be873ee5
bc7cbe54
3f253e6f
40073f04
3e3e4031
3f4b403b
4025402f
3e894037
bf273f9c
3fa6bf6a
3e743ff7
3fc9bceb
bf673fbc
4009400e
3f783f4d
be4c403a
3d8a3ff2
3feebf16
bed63fc2
400d3e48
3f80bf67
401f4039
be524025
3fff3d6d
bec6be27
3fd83f93
3e92bf0a
3fda3f97
bf3e403d
bed14024
beb43fb4
bcb24028
3ff83f9b
bf703fad
3fc14002
400cbee4
be4b4002
3f5c403f
40223fa5
402f45d8
40114024
3fbdbd50
40334026
be023f40
bf193ea4
3f8f401e
bf5c3ff3
40114010
3ee3400c
40143ffe
3e453dbf
be03becb
3f9f3fa5
3e023f1c
4015bedb
401cbf70
400c400e
3fb1bec7
3f034005
be923ff3
40383f3e
3fd0bf0e
3fde4032
3f293eed
bea44003
401dbf2b
3fa43fdf
3ff24024
3f5cbdfb
401d3f90
402d3e85
3fc5bed0
3fa2402d
403c3fe9
40163fc6
3e603fa3
bdaf3e06
40093fc4
3fec3eae
3faf4032
bf3b402a
40103f8b
3f84bf3c
bec0bd8b
bf26bf44
3ee43fca
3fbe3f21
c5d83e64
3fd33ff1
40213f81
4039bf24
3dca4010
4003bf78
403e3c9e
3f5f3fc9
bec83ffa
bf10400e
3fee3f2d
bf6c3ffa
befb3f82
3f8fbf67
3fd43fc0
3fdf3ee7
bd1ebf25
3fd8bd90
bf2f4001
3e0c4003
3f234030
3f863ed2
bf803fab
3efe4022
3feb4036
bf143fe7
bf263f7e
3fa93f4a
4006bdcc
401f4012
40383f02
3fb53f86
402c3f30
bf70401a
3f814026
3f033fc2
40384039
40373fcb
beaf3f3a
40303e99
3ffabf74
403b3fc3
3ea7beab
3ffebf2b
3fee4009
bf7a4023
bf783f2a
bdc23f1e
40043f98
3ca345d8
3fb83ff2
beedbc51
bf29403b
3f963fd0
3f18401a
bf3c4014
bf7b3e73
bf103e00
bf763f22
3f9cbf4c
401ebe17
4011bf10
3fc53f33
403d3de8
bf61bf7d
bed83ff8
bea33e4e
401c4037
40203f8d
400d3e19
bedc3fa7
3fabbecb
beecbdd3
3fa1bdb5
bee54033
3f383fa2
be184020
bf174023
3f553e9f
4000be9e
3f963e83
beb33f72
4040403b
3fb53cce
3f074032
bf433f00
403dbece
3cd2beaa
402e402d
40153f40
bf0bbf1c
beb94030
3fb63eeb
4021becd
400d3fc2
3dfb3fca
403cbf2c
c5d84007
40113ee2
bd81403f
3f2e3e67
3f5c3f55
3fdf3e5a
3f7ebf00
bf5f3ff0
bf56bf2b
bdc24033
3ecc3faf
40384036
3fe5bf61
3f4c4015
3d23bef3
3fa33fca
3f96bf38
3fc3be69
3f233f62
3fbd3fbc
3e7ebf01
402c3f23
bf603fed
402dbec9
402a3d06
be52400b
3fe3bf7f
3fef3ebb
3f9d400d
3f033ec3
beb93fc7
bf0dbf2a
400e3daa
402d3e63
3e1c3e8b
4021becd
3fa83fd6
3f7f3ee7
3f583ff8
4000400f
bdf1400d
40373fd0
402fbf6d
40073fde
bf573fc9
3f7b3d44
bf2d3f4e
3eb7400b
4017bee6
3fb345d8
3f883fac
40013fdf
3f9d3fbd
3f673ff8
3ed83f8a
3e0c4018
3fa7bf2b
3fd63fcf
bee2bf7b
bf7d3fac
bf23bf13
3ffcbe37
bed5402e
3f763dbf
3d1f3f09
3f7d4036
bf49bf1f
bde3bf4b
3ffc3ee8
3f3dbf37
beebbf3b
bf11403d
402fbdfb
3f1cbabf
3fb93f81
3fe24013
3fa03e37
3f56beea
bf343ff0
3ea3bed8
3f453f0b
bed44011
3f614003
be843ff1
beef4005
3fca3fae
3ed0402b
403b3f90
be7b4021
bef34029
3f223fb6
3ee43f4b
3fa63f56
4026bf1e
bef93dd6
3f41bf5e
3fd0bdc3
c5d8403b
3fbf400f
bed8bf39
bce73f7d
3fe93fa6
40233f95
beb1400a
3fa64010
3e4c3ea7
be3d4005
beb23fe8
40263fab
beaabf78
bf54bf13
be363f76
bdda3d40
3fcd4039
3f7f4036
3fd73ecb
bd653ff3
3fa14006
40223fb7
4028be3d
bf5d3f57
3f063fa9
3fbd3e85
beb43f05
be8d3ff2
401a3f2b
be7bbf5e
3fa34004
3fe43fd8
bf39bf5c
3fcd3ef7
3fd7400e
3e4b3fd9
beaabde4
3d8b3ff8
3fce400c
3f49bf1d
40143fb2
3da53ff8
bee8bf6b
3ffcbf56
bf10be90
3eb83f80
bf09403f
3fddbeb2
3f4f403e
401c45d8
402e3ffa
bf033fdd
3febbead
bda23f4b
3d9b3fde
becf3e62
be3b4003
402a400e
3f75bd97
3f5b4001
3fbe3fec
3ecf400e
bf05bf0e
3fd74010
402a4006
3fe23fb7
3ec63ff9
40254004
3fc5bf5f
40064010
3fbd3f63
3f5fbf60
bf3e3f8e
3f20bf3f
3e5abf1a
3f4ebf6c
40134032
3f973fc2
4034402a
4038402d
3ff9bee8
bea93f88
bf303fc8
bee03ee2
3fe53f23
3e6fbf05
3fe2bdbd
3fb4befd
3fcb3e58
3f863fdf
3f5b3f7d
401f3d9a
3fab3fa6
3fda3fe8
4003bede
4040bb16
be7c4000
c5d83fe7
40123e5d
be253fb6
40253f2c
40093f68
3d063f7b
40093d13
40373f98
3fd23fd1
bf61bebd
bdab3f86
3ffcbf7d
bf663fb0
403f3f4f
400abd0e
4004bf75
3fa54029
4005bcfe
4004bf2e
be773fa8
3ff73fae
3dda3ed0
3fa9bf7f
401f4036
40313fc4
be0c3f5a
bf4d3fa3
3fde3fb1
3fcf3f89
400a3f53
3f85400f
4023bf66
3ffd4032
3f143d99
40273dc4
bf633ff4
40333e8c
be85401d
bf103fb6
bf46bc1a
3fa24028
400f3fd2
bf683ff5
402c3f40
4039bde5
40144014
3f9f3f55
bf463ff6
40214032
3df645d8
bf583fe2
4031be7f
3f14bf6d
bf0fbe41
3eab4031
4032bed3
3fda3fe3
bdb4be7e
400c3ff0
40064022
bd9a3f03
3f074000
3fdc3e90
beaa3ebb
bb1e3f31
bf293eba
bf6c3f28
bf374024
3de63faf
bf584033
3fc33fc0
3e0dbe1c
40124021
3f7e4015
bf32bee0
3e393fc7
40243d5b
bf18402c
be843fb0
bec83f31
3fe84030
4038bf0f
3fd5400e
3fa63f27
3f24be9d
3fa13cfe
3fa63f2f
3e514000
40363ff4
bf67be67
3ecabf56
3f964032
45d8400d
4017402f
3ebdbf0e
bf673fbc
beca3ff5
3e6e3c5d
3e99403b
402ebe84
bf27bed5
bf2c3e26
beee4016
bf4f3f3d
3fcebf74
3e90bea6
3f16400c
bdb33e82
be804010
bf754016
be663ec6
beb03f75
bf283f54
40123f95
bf204037
3e794001
3f903fd9
3e91bf4a
3fb5401a
bd0f4020
402bbd9c
bf68400d
3eda3f80
3e713f36
3fde4014
3ea7403f
3f213e72
bf2b3f94
3fbf3fab
bf25be65
3fa14011
4032403b
4011be26
3fb03f58
40094014
3f8c3f44
3f84401a
3f18be59
3f9e4029
40283fdc
40153fb1
bf34c5d8
401f4027
40013f02
bf0f4009
3f27bf42
be943fad
40063f54
3fb14027
bf484036
bf473fd7
3fc3beb8
bef83fcb
bf094012
400a401c
3f8b401e
bd443e97
40133feb
bf79bf3d
3f0b400b
3f8b3ea9
bf1b3fe6
3fa53fce
3f883f89
3fca3f6b
bf133faa
3e98be88
3ff94033
bf783f8d
3eccbedc
3f974023
3f764011
3defbf7a
3e9e4019
befa3d38
402b4013
bca4bee4
40093fe3
3f063f09
3d8dbf73
3f22bf1a
4029401b
bf69befd
3ffd3fac
3fdf3fe9
402c3f83
3fcc3e81
3e883e65
3e213fe5
45d83ff6
40014011
3f783fe3
3eefbdfc
40304000
3feb4027
3e81402a
bf6e3f34
3e483eb9
bf484004
4016be8e
3fa04022
3eef3f98
be0d4006
bf3fbdf1
3fb83fc0
3ed83dd0
3fa2bf47
3fedbf12
3e384038
3fc03fb3
3ff33fa0
bf094012
bec63fad
3f9ebd7c
3f283f94
3f9e3f9f
bf7c3fc4
3f9e3f81
3f27beb9
3f973e68
3fd43f35
3fbf3ea0
3fda4027
402cbeb7
402cbf52
3f004018
beee3c98
401b3fca
be2a4033
3f6a3fa4
3ecd3f06
bf4fbf64
3f6c4020
402e3ff6
bf72401a
4003bee2
3e974011
3f2d400b
3fa0c5d8
40084037
3f403fdb
bea73dd3
bf65be1f
40193ebf
3db53f9c
403b3fa0
3f1b3fd3
bf27402f
bedc3fcc
3ee33fdd
40224003
4005beac
3ff3bf21
3fed3fb1
3e7d3f2f
3fdf400a
bea7becd
400f3f8c
3f55bd7e
401cbe7e
be894018
3f303f72
401a3f10
bf753fb5
be963f53
bf5d3fc3
bf253d98
4034bddd
3da74023
40013ed0
bee64002
40183fdb
bedf3f82
400dbf5d
3ffe3e34
3fe33f08
befdbe83
3d943f67
401c3f79
401cbf70
3fb9bf55
bf643fa6
3eb84037
3ec23bd3
3f8b4002
3f393ed3
45d83fd2
3fa13fa6
bec54001
402f403d
4026bea7
bee43f4a
3fc9bf6b
be2cbd57
3fc7402c
3f983f4c
3fbbbf6a
3d883ed0
bf043e88
40343f6b
3fa33fd7
40144016
3fd13edf
bf2f3fb5
3fdf3fb2
40303d8b
3e58be2e
3f273e8d
be3d3fd5
403f403b
3e173fa4
3f2d3f19
bf3e4036
3ce14019
4031bf3c
3fb03f70
40194037
3c3d3e3b
4010be3d
3fd33edc
40263f59
bf054007
3e163d8a
bd923fb7
40253f42
3f2abf25
4032bdaa
3f8d4009
bc95402b
402d3f63
bf32befd
3e9abe2e
40194016
3fa63f2b
3f663eaa
4004c5d8
3e3b402c
3f64401c
3f87bc94
40314022
4020400a
3d4f3faa
40053fa0
be9c402e
bef53e81
3fa03e7d
3fb84022
3fa44035
3f763cf3
401a4026
bf383e57
40354027
3fefbe83
4029400c
bea3bf7c
befb3f87
3fbf3fc1
3f683ec8
3f883fca
3f684018
3f584000
3f513e9e
3dfb3ee9
3fd5402d
3ad9bee2
bed5bf18
3eb63e72
befcbedb
be8c3fee
3ee0befb
4004bde8
bf283f2c
40033ef8
3fc0bdf2
40203ee0
bf3dbd25
3f4d3f8b
3e85bf3d
3f623feb
40053f47
bf763f5d
3fb6bf43
3e0f3fa2
45d83fd1
3f9a3f0f
bf0dbe27
3fa93fa8
bf373fc3
3fb7401e
3f003fcd
3fc83f61
be6b3e84
3f733f7c
3f18403d
3e1c3f7b
bf32bf05
402fbede
bf7c4040
be7a3e87
3df1402f
403f3ff9
3f253f11
be59be2e
3fecbf32
3f0ebf6f
3f393fdb
3febbd8e
4021400e
3fff3f15
3e794026
3fff403e
3fcc3f89
40333f38
403d3f53
bf173f58
3d6abecb
3fce400f
403d400a
bf3b3f99
bf193eee
4019bddf
3f803ca5
be464025
bf51bf12
bf4c4005
4011403d
3ff04031
3fe43f8e
3ee84039
40313ef6
bdc1bef3
bedc3fe5
3fc0c5d8
bd693f56
be783e49
bf53401c
4020bf76
40113efb
bf53bef3
3fc2be69
3f553f08
bd833f01
bebdbf51
3f584004
3f4b3f2c
be0ebe68
bf0bbe77
40233df8
3f093fe5
3f833f4a
40153fa2
bf75bf76
3eee3f2f
40063dcf
402cbf75
40013f20
40294013
3fe6400d
401e3e8e
40363fe7
3e583fea
3d803e34
3fa73fbd
3fc6bdc7
3f4d3f1f
3f25400b
bf3d4010
3f93400e
bf7bbf23
3e824015
3fe13e9a
3f073ed5
3f3f403a
3fb74018
3f8b3e52
3ebf3fd7
bef23fc1
3f98be37
be0d3fc4
3fda403a
45d8402f
3f074002
bf144011
3f443f52
400c3fde
bf16bf13
402f3fa1
4039401f
3f1fbcd8
3f713fd1
3fe4be93
3b943f85
402d4003
3f953fcc
3fb63f37
3f913fb1
3fcb4023
3e853e92
bf27bf35
3f03402e
becdbd49
be44bf55
402b3f22
3f823f98
bf593ff7
3f103f01
3fd53f02
3f263f2d
3ef2bd2b
3ff9bd17
3ff34036
3f1b4018
402b4013
bed63ef1
401ebee7
bddbbf15
40144030
3f10bd50
be3a3fdc
401e3fb8
3f99402d
3f663fc0
40083f9b
403e3ff1
bf5b4006
4009bee0
3e44bf58
bd184037
3d913f85
3dbfc5d8
403a401a
bf713f4e
3f5b402c
3fa94023
3fc1be8e
40344033
40233eb3
40113f0c
3f383f4a
beca3fad
3fb3beda
bf3c3f5d
3f75403e
bf584005
3f583fdd
3e2fbe9a
4022bf3d
3fb1bead
bf463f92
3fe23ff5
3feb3f5b
3d80401d
3f4b3f02
bebd4012
400f3ef9
beb03f51
3f433d16
3f183fc1
3f564003
bf20bee4
3f0d4040
bef54037
402c3f2e
403a3f94
3f6d402b
3f4bbe7a
3f003fa1
3f763f8e
3f61bf5e
bf6c3f8d
bda8bf16
3f863e66
3ffd3ed9
40133f0d
3fe83f51
3ef63fd2
bf6e3fc7
45d84004
3f70be1d
3fd13df7
bf103fed
3ea13f53
3ff33f59
3f233e83
be4c3f7d
bed93f88
3e673ff4
3ca43d41
3faf3f27
be56bf66
3f6ebd8a
bf313fa0
3d1a3fa2
be943ff2
3f7d402b
3fd7bf2f
3f643ce8
bea33fa9
be69be86
3f7e3f81
3e99401e
3ffdbe8e
3fdf3cfa
4019400e
3f39bf20
3e063f73
40263f1b
3fa23fff
bf30bf78
3fa14003
3f793ff5
bef4bdf6
3fd6be34
be33403c
3f2f3e14
bef43e2d
3e443f89
4005400d
40253f95
400c400c
3ef5bdbe
401d45d8
4002bf4f
3fc1402f
3cfa3fcc
bed93fe7
3f1ebf73
3fb53f9e
bf04400b
40384036
3ea03fe6
3f4dbedf
bee64031
bd3d3f84
3f203d85
400c3fd3
3ee13ff8
4009bf48
3fc13fec
3fd73fe2
400a3f6f
3f153f32
3f203f55
400f4027
be243fa0
3e814035
bf063fe8
3f764018
3f094004
3f624002
3fc43fdf
3eefbe32
bd9b4028
bf7cbf11
40033f59
3fd54003
bf7bbefb
bf37bcb8
40153ff3
3f523fcd
401f4031
bf694006
3e7a3f04
403a4014
40013fcf
403a4007
4009be46
402d3fb7
3f613ff8
c5d8be08
3f84400d
3f693fec
3fa94014
402e3f2c
40253f6b
3f22be94
bda34013
bf57bf48
3fc43f52
40183f96
3dd6bc9f
3f9b3f80
3f69bf56
3ef23ff6
4017bf59
bd073ff7
402f3fba
4025bf49
3f73be5f
403fbece
bf29bee7
3f90bf09
be3a3f37
4025be69
40343f28
be303fe6
becc400e
3da13f33
3f6ebf5f
3e873f60
401cbf54
becb3f7b
be39be93
3fee4029
be9f3f94
403d4009
3f353f52
be11403e
3fd03fae
3fa2bf72
3f83be18
beabbf48
40123f2f
3fcc4007
40334029
3e9f4026
40203f9a
3eae400f
bef145d8
bf443f9b
3f38beca
3fc6bdbe
bec0bf75
be8b401a
40153e59
400f4008
3fc04027
bf623fc1
3efd3f4f
3e5ebee4
3f1d3f10
3fcf3fa6
3eed3f5c
3f963f8b
3ec53cfe
bf643fb1
3fe24009
3e904039
bf654015
3f8abf7f
3fde3f87
3fb3403e
be003f86
401fbf0e
3fb4bdac
3f1d3fc8
be7a3e99
3f1cbe26
bf743d0a
3ff5bea2
40104037
3ff33ef4
40113e85
3fb43f5e
3ea6400c
3fac3e9c
3ff5be2c
400e3f98
40243e79
be89403c
bf754035
3fb63ff4
3fb03fcf
3f573fd3
3e9dbee0
3f113f9f
c5d83f9e
3eba3c2f
40113fde
bf283f83
3f9cbf61
3e1e3fa4
3f824029
3ff73fe5
bf0b3ed5
3f8a3fe6
be5f3ee2
bba2400f
3ffd3ef2
3f813d97
3e833fc1
bef63f88
3ffa3f5a
4001400a
4032be8a
bef5bf6e
bf23bf3b
3e5a3ff4
3fc24004
3f8a3fa5
3f354035
3cb23fb0
3f2d3fca
3f6c3fd7
402bbb4e
4025bef0
3fbe3f9e
be92bf0a
bebd4002
402d402e
40123fdd
3f353fa5
40233f50
bf1d3fae
be943e83
3fdc4038
40093bad
be393da3
40083fdc
3ec74019
3f823fdd
beccbf71
403b3fc8
3f603f23
3f9e4026
3ff445d8
3fe0402f
40273ff2
3ff43fbd
40133fd6
3f824028
be80bf3b
3fe53fa9
3fd03ee5
beecbf0c
3ed53ff8
be37403e
3fbb3efd
bc263fd5
beef3fd4
3fb2400f
bc6a3fd9
3feebef5
3ee63f60
3e72400f
3f9c4037
3eaa3fdd
3fb94003
3f19be8e
3ffc3ff2
403b3fd1
bf0f4013
bf603fef
40353fe9
3ea4bf4f
bf6f3fb6
bf673db4
3fe9be86
3f743e50
3f62402d
3e52400f
40064015
bcd3403f
3fe83ef4
3fd83f9a
3f9a3f1c
3f943f10
3fc2bebc
bf0d4003
3f183f3c
3fc94031
bebb3f15
3f453f22
c5d8bd9a
3f50bf2c
3f2a4006
402b403f
3ff7beb9
be583fa1
403dbef1
40043fd6
3fcc3a85
be6c3fa8
be5c3e9e
3f903f07
40234001
402d3eae
3fe93f16
bf2e4033
bf454032
40363ea6
bdc74034
be45bf4f
4027bf2d
403bbf16
3f293f8c
40003fef
bf6ebf21
3f50be92
40323f90
bdf83f1c
4026bee9
40273f6b
40093f8a
403c401b
be783fc1
3ff33fb7
40394017
bf19402a
401a3f33
be39401d
3f403f82
3fe3be5b
3fbc401f
3fd8bf12
3f8c402d
bf31bf2b
be7d3fa6
bebabf7a
403b401b
bc4ebef4
3eaa3fae
400c45d8
3f073f30
bf683fb6
40193faa
3f763dcd
40333fcf
3fac3f99
3f103e94
40253f25
bebfbea8
3f87be4b
3ecd3ea6
3fb94026
3f074005
3f213cac
401b3fb3
40034031
be053fc5
40193fed
bf0fbf3b
bc343e86
3fe53fab
3db9bf55
3e5a3fb2
3fc13fd9
3d48bf22
bf4e403f
3f4b3f05
3f6e3fbc
3ff73fbc
3fa83f4e
3fe33fd5
3e93402d
402a3ec8
bd883fef
bf283f57
4033be33
be1fbeb0
3f22401b
bf3a3ec1
bf153f63
40344022
bf7c3e38
3fafbf7d
bf0c402b
40273e4c
3f8d3f25
be9c3fef
c5d83da7
bea6400b
bf603eb4
3fe43e60
3f9f4029
4008bebd
bf083ee7
be004026
3faabf60
400d3ed5
bef83f93
3efbbf0a
3ea5bf1e
bea73fe2
be9a3f38
3fe4bdc9
3eaabf5e
3fe14002
bf2f3f5a
3f783fac
3f603fd8
3ef63f50
40343e8d
bea5be37
3fd6bf6f
3fa43ff9
3e893fd2
3f5e3fd7
3dde4006
3faa4034
403fbdfb
402b3fcf
3e013fb8
bf05bebc
3fac3f60
3fa93fe2
3f8d403e
40233e07
bf51400e
3f86bf6d
401e3dbe
3ff2401f
3f14400f
bd8a401e
400ebecc
3fecbe2d
40023f8b
3ddabe8f
bead4020
3edf45d8
3fc1400d
3f4c3fdc
402e4010
be164009
40033f33
3f24402b
3fb43fd9
3f694021
3f45be1c
40313fdb
3eea3fee
3f3f3f9a
3fcdbda2
4004bf30
3f6f3fff
3f703fee
3fcebec4
3fe94038
be944017
3fbabf25
bf67be5d
3ec6400e
401fbf3a
be0ebf3c
3f9f4034
be973fbf
bdcb3f94
3facbcd4
3f4c4036
40154026
bf5f4022
3f813fdd
40273fda
beb73da2
3fb4402c
402d4017
402cbf06
bf363ff9
3f46be0d
403c3ea8
40203f6c
3f894035
3f603ff0
3e42bee2
402fbf5d
3f6ebf08
3fed3ec4
c5d8be76
3f72401e
40154031
be934004
3f374027
401f3f04
bf674024
403a400e
3f663fca
bf533f59
bf47bf4e
4038bf3e
40383fb2
3f814036
3feebf7e
3fd33f40
bf263fe1
40023faa
bf3d3faa
3e833ec8
bf484038
3e543f21
bbb83fbb
40144038
bf273ef5
400a4023
4028bf5f
3fafbf53
3f2e3f85
bf56bf23
bf45beea
4028403f
40243f6c
beb03ea6
3ee23dab
bf413fe6
403c402d
bf7a400d
402ebf08
3f743de5
bf634000
3fa33fd8
400b400a
3f3cbedb
be99c5d8
400c3e2b
40203dba
402e3ff8
3f984001
3e363f51
be744007
3fbf4016
3f54400d
3e9d4020
3fe0401c
40173f9e
bef64008
3f8a3e8d
40343fc0
3efa3f2e
be23400f
3f4b3e8e
be063fd9
3dad4003
bf694036
3fd83f8c
3f9dbdcf
3f9a3f53
3fce3f9b
3f924024
40303f63
3f5b401e
3fa5400a
3f92bef0
bf703eb2
3fc8bee1
3e0f3ec7
bf604019
3daf3f1e
3f703fa3
3fcdbe8d
400bbf45
3fd53e0f
3d573fc7
3fb73f90
3feb3fbb
bf0d3fbe
4017bf2b
3ffa3fdb
3fb53f76
3f913e8b
3efa4028
45d8bf27
3f8a3fe0
3f13400f
bf06403d
3f4dbefb
3fe54008
4029bf3d
3f823f83
400f3f19
401e400f
3d84bf55
3fc93f56
3f313f13
be993fd2
403e4034
3ddabed1
4000bf17
3faabeb9
3f453f31
3f8c3f85
40034031
bf1b4015
beb8bea5
bf3a4020
3f0b4027
3f8dbf03
3e94bd68
3f8ebf4f
3ff63fd0
3fef402d
bf18bee8
3f91bf3e
3ffd3ff9
3f3bbe5b
4017bf66
bed43ff2
3fea400f
4007be5b
bf06bf35
be7e401c
bef4401e
3fa03d0e
bf264032
40323ff6
40383f4a
400a3ef3
3f9b3fcc
3e91401c
3eeb3ca2
3e6ec5d8
3f674033
3ff43f58
400e3f91
3f81bebb
400f3efb
bf3fbf6b
40044010
40253fae
3dd23f54
4037bf3e
3d3d4037
3ffc4003
beb64005
3f623fc8
bf3f3fcd
3f334012
40313eb4
3f153fe0
40303fde
bef63ec5
3e7ebf67
40093eb5
3ff8bf7e
403d3fdc
3eb3401a
3fd64023
3fee3f98
3fdc3f78
bf2d3f56
40013f16
3fdd3fb1
3f543ffb
3f02befb
3f354003
bf344019
3e733f33
3feabef9
bed64023
3f8f3f9e
4028403c
3c954011
40183e57
bf31bf24
be8a3f81
bf18403c
3e7b3d66
bf0f3f0a
45d83f0f
bf28403f
3fa0bf31
3f934029
3fb13fb0
bf033ff7
4038be84
3f9d3fcd
3f223ef2
3f9ebf38
bf5c4017
3ffebf1f
40033f78
3fc33fa2
3fd13ed3
3f6abe96
400d3fab
bf17bf1b
400b3fb8
bebbbe1b
40393fc1
40183fbb
40183efc
403e4008
3fc83fac
3fb8be50
3fb13e86
40313f27
40353f96
3ff53fe3
bef2bf25
3f59400d
bf064008
3ffdbf21
3eeb4008
3ff33fd8
3ff73ce0
401b4005
be6a3f94
bd6a3f6b
401abe8d
3ff34026
3f0a3f9f
bf533ff4
40383fa8
3e16be9d
3daebd69
3fc4be37
3ecf3f62
bf2ac5d8
3ef2400c
bea03ff9
bf2e3d04
be833eb1
3f5b3e43
3ff0be8b
3f8a3e93
befc3fbd
3f4f400f
3f96be68
bf503fe1
ba8c3fa2
40233eb8
3fb23f0f
3ec4400f
4023bf20
401a401e
3ff0401c
3f8c3feb
bf003e44
3ff2bf65
3f6abf32
40393f70
bf2c4018
be5d3f1c
4027bee1
bf693e07
4038402d
3f233fc4
400d403d
bf773fe9
beea3f5e
3f8e3e26
3fe3bf40
3e84bf48
3f0b3f55
3dcfbcd3
bf253f5f
bf334036
3fc2bd95
3fcf402b
bf234028
3ec14008
3ec63f67
3f1a3ef2
3fd2be86
4031bf71
45d8400d
bf603bea
40043f79
3e9cbec6
3ebb3ff9
3f5cbf0e
3eeb3f7b
40124035
40143f47
40253feb
4015bcae
bf393e3d
3f3d3fc9
3fce3f93
403f4013
3fb93f2e
bf574024
3f873e39
3faf400a
4032bc6a
3fd84024
beb23f29
403f3fc9
3ef33fe7
40333e36
3f9c3fab
3f463f64
3f314037
3e06401e
401bbe8e
3f2abdd7
bf143fc3
40143f3f
40064039
becc4034
40073f40
bf77bf6d
3f8cbd07
bf2c400e
402e3d88
3fcb4024
40303ffb
3fcd3fbe
3e2a403c
403abe01
3f8e3c0f
3f88bf1a
3fe03f60
3f9f402c
3defc5d8
bf6fbf7e
3fc73f0a
40323f88
401a403e
3e863f9d
bf5d3e4c
3f823f5f
40073c5f
40054006
3fe34024
bf2ebee5
3f9dbf75
3f953e2e
403a3fb5
3d563ffd
402e400c
3f363fc8
be423f8c
4021bb18
3fb93f61
be243fd8
bdd6be4c
bf644029
3f2e402e
3fc9beaa
bdc2bf12
bf623fe8
bf35401a
3f50bf5e
be8fbf2d
3f223ef4
bf7dbf21
3f793fa5
bed53f2b
3f8f3f83
bf4d3f71
bf4b3f25
3fd7400e
3f1bbf6e
3cdb3fcb
4032bf39
3fc53e6c
3e1e402d
403c4008
3ec1bf24
40373efd
3df93fcc
45d83f22
3f0e3f4b
bebdbf51
40343ffe
401abe3f
3dce3f97
3f143fe4
3fdf3d81
4025bf71
3fae3f0f
be003df1
be9f400b
3fa73f40
403e4007
3fd83ff5
3e3ebf5f
40343da8
4036becf
3f18bd55
3fb03ff7
400d4005
bf63bf4c
402bbf37
3fe63f4a
3ff73fc6
3f2e3ef3
bef64021
403f3d61
bf23bcf9
3f9f4023
3f913f9b
bf5c3eb0
40293fd0
4001bf75
bf6fbdec
bf443ffb
3fe14005
40033f82
3d153fe8
bef33fd9
3e80bea3
3f83bc17
bc98403e
3f773fe1
3fbd3f13
3fa13f7f
bf153f44
bf103fbc
3f8cbeff
3f72c5d8
bf15be5a
3fdc4015
3f6c3f08
40113f43
40153fc3
bf75bf31
403a3f8d
3fcebf43
40333f89
3fb03eef
bf7c3fb8
3ff5be5e
3f4ebc84
bea6bea4
3ff93e81
bf1d4006
bf0e3f17
3fe5bf1f
3fe44018
3f5ebeae
bf103f68
bd8c4007
3fd34014
3e953fa0
40323f8a
402ebf59
3fb14027
3c8b3fca
3ef73fc9
40073f35
4018bf72
3d6d3fa4
3feabed6
40243fad
3ff0bd8b
3f2b4019
bf633f1c
be083fc6
4014402e
4007bf43
40343fb4
3fa63fe1
40393ff8
3f953f86
3f713ea5
401c3e80
3f55401f
45d8bf61
bf4e3f5c
3fbd3f04
3efb3f4a
3ed33f81
40083e2f
3f844012
3fd33e9f
bf2b3f49
3f123e96
3f024018
3d60bf2d
402c3fc8
bf0dbef7
3f0f3f9f
beff403d
3c263fe7
3ebf3f82
40103fd3
40093f19
3faabeec
40014018
bf463ff2
3e09bdc1
401e3fbd
3fe24026
3ef13f89
3f773ff4
4034403e
3ccf3f2d
3ff9bf7f
3ff54006
be84400f
3e323e38
3e923fca
3eb43f9f
bf0a3d87
3f93bf27
3ffa3fba
3fc0bf6b
3f23bf45
3ff94004
3fa6bf0c
be58bb69
bebd3e19
403b4036
bf713f15
40303fda
bf463f38
4031c5d8
3f3e3f28
401e3f9a
beb63ffd
3fd2bec6
be1d3fdf
bea24010
4014403b
402a403c
3f144026
3ef23e1f
3f874027
3ea7400d
3cd23f9e
3d693f20
40034021
3ed94000
4017bec7
3f32befc
bf604005
40313f32
402ebecd
bef53df1
bebc3ec0
4015bf11
401ebf2d
3f683f92
3f40403b
bf35be92
bf0d3fb5
be853fc9
3f053a74
402b4014
3fff3fd5
3f2b402e
4007402d
3fc84009
3e7abdbf
3fe74006
befd400f
3fbf4033
3faf3fc2
3fcb3f89
c5d8bf5d
bf6cbdaa
3cb83f9d
3e644028
3f7dbe2f
be613f76
bede4030
3fe23ea8
40103f84
beb0403d
bf7fbeb9
400a3f16
be254018
3fccbf64
40223f72
bf08bea5
3f214023
3ea5bec7
40343ccf
402e4012
3f81bf25
be9f3f16
bf753f85
400b3f97
3fc7400a
3f773f13
4010bf16
bf60400a
400a4034
bf1a3d3e
bf264036
40043f5c
401b3f8e
4037bee1
400f4026
3f2d3f20
3f323fd2
3ebfbe94
40183f13
bf52bded
3fad3f6c
3ff93fdc
bf2cbf4e
3fb8400d
3ea8bf67
3f453fe7
3ff6402f
402d3dd7
3f513ff2
400b45d8
be03bf74
40013f92
3f443ed8
3edebe87
3e8d3d5b
3f313fa7
bf433e80
3f253ebd
bf7d3f13
401e3f89
3f863d6c
3f0a4032
bf503fe5
3fe03e15
bf2c401b
3f253fac
40004007
403d4018
3ff83f26
400fbced
be44400a
3f57be21
40163e30
3ff13ffb
40063f32
be6bbefa
3fb23ef1
3da23f04
bf7f4034
3f143fcc
be9b3fd6
3f2abd98
be37bef3
3fcabf1e
40053fcf
3f1bbef1
40283f86
3f5d3fd7
40313ea0
3f104039
3e43bf62
40284032
40333ffe
3f0b4007
3fc1bddf
40084004
be823f28
c5d83ef8
403cbf09
40044008
4016bd9a
4001beb2
4033bd87
3f963fd1
3f413e8c
3ed33f64
bf573fbc
be993fce
3f6f3f02
bec0402b
3f76bf7f
3d80bf18
bf054006
40063f14
bf40403d
3e083f09
bde5be7e
3eb8becc
3fec3fc3
401d3fbc
402bbf33
3ffc3eea
bf6e3fa4
3ff83f9d
3ffd3dbd
3f274020
beec3fc7
3fcb3f68
bdafbec1
bf703eb7
400d3f15
bf423f4c
40203fd1
bea63f97
3f4b4030
3fbf4008
400f4040
402a3f5c
3dda3f42
3faebf07
3f923f3b
bed83ec7
3eb23fe8
3f383f89
be913fbd
3e11401d
3e4645d8
4021bf57
400d3ff6
3fed3faa
3f86401f
3f3b3fff
40093ea9
40023fbd
3fda3d87
40043e7e
bf66bf2f
3eb13e42
3f9a403d
4027be1a
40133fcd
bf73be94
3e234035
3dd8bf11
be81bebc
3fa83fc6
4008be23
401d3f88
3fbe3e67
3fbf3fd1
3fbe3fa5
3fab3f68
bf7cbf12
40253ff3
3ee7becc
3f64401e
be983e1d
3fd03fae
bf013e1f
40163eb5
3f78401c
bf6cbed6
401c402e
bf6b3f69
bd073f38
3f133f3c
3f333eeb
3fff3fdf
3f873fdd
bf5b4003
bf043fb7
bf093d9f
3ff13fbe
3f93bea2
c5d84011
402f402c
bf3e3d3f
400fbe14
bf063e17
3f9a3d9b
401b3fa4
40254011
3ed9bf57
3f02bf2b
403cbd04
3fe9bf1c
bf18401c
3f7b3f54
3fee3e39
400d3fd6
3fb23fcb
bef44012
3ffc403f
be3a3f97
3f39bf0f
3fbe3dc8
40233fca
3f953ebb
401b3f8f
400c3e68
bdef401b
402bbf42
3fd0bf7d
bee03fe0
3f553f9d
3e753f9a
3f893fdc
3fad3f8b
bed84033
3fec3f65
bf39401a
3e833f92
bf323fe0
3f813e49
3d2ebf64
bf0e4024
40043eca
bf2b4025
3f423f42
3ef3400c
bf673f19
40053fe2
3fd7bf19
bf0745d8
bf073fdd
bf2e3f75
3f873f5e
4039bdcf
3f9e402a
3f713f31
3ff0be12
4001bf0c
bf5a3f4f
3f443f90
40353fa3
3fb53f5f
3ec6bf5e
3e0a3fd1
400dbdd3
3f864036
40063e93
3ed43fed
bf464034
3eb54026
403e3fc2
3f933fc2
3fe23f48
3fa73f4b
4002bf02
40303f51
3fc5bf37
3ff03f0c
40194025
3f503fcf
3f813f20
401c3f8d
3ea23fe2
3fdc3ff0
bf453e5d
4033bf21
bdb34021
bf013f16
400dbeed
bf4bbe89
3f7fbf2f
3ea33dbe
beaa400e
bd9e3eb9
3f3ebe7a
bf0ebdcd
3f5f4016
c5d83f9a
bf7f3f9b
3f5b4035
3edc3dcd
402d3eac
bf574028
bf764034
3efb3fde
bf2fbf56
3fec3fd6
ba853f85
3e3bbeeb
3fb73f6e
3f993f88
40384018
bd64bf4f
3f573ff3
3f273efd
bf13be63
3fa2becd
3d7bbf5a
3fa8bed8
4010bd9c
3e8a4009
4026beee
400c3ee9
3f773f85
401a4016
3ff5bf3b
3d053fd0
bcf93ffd
3fd44018
40183e8a
3f213f15
3ee83fc4
be2f3f20
3fc83faf
bf7a4016
4011bf49
3edc3fc2
3f353f59
3fd1bf42
bf363f81
bf39bf3e
3fef3fd9
bec13fd9
3ffb3fbf
40103e18
40193f2c
3e2b45d8
bf53400e
4021bf10
be1c403d
3e383f05
40093f51
3f703e01
bf2cbf1d
40333ffa
3f303f09
3f1d4023
400d3e7b
40014011
3f76403d
beb4bdbd
3fab3ee1
bf6e4005
bf4b3fb9
be5c403f
3f0bbeb5
be6e3f75
bea6bf14
bd473eca
401bbf72
be173ffb
bf53bf0f
3fa94019
40123f24
40133ffa
3f10bdf3
4020be2f
3facbef7
40043d2b
bf583f87
3e873fc9
3ec53f3e
3f933f75
3f334019
40303f35
3f38be05
3ff24035
be853da3
3fbabe3a
403a3fa3
bdd5bf7e
400cbf5a
bf5f3fa3
3e2d3ea4
c5d83e49
40084022
40324039
3f803eb2
3fb63f84
3ff63f07
3f943fb2
3cf6bf56
3fb43f60
3fa33f8c
3fcfbf3d
40093ff1
40374029
be023dd3
3fd9403d
401d3ed2
3fe93f78
3f29bf19
40213f41
400b403c
3f233d10
3deb4030
bf3fbf15
bf35be66
3f984021
bf13be84
40143f8c
4001bebd
402fbe7b
bf0e4024
3ef7bed5
3f113fc1
402cbf3f
40023f8b
3f903f49
4029be22
40193fa3
4007bf3e
bebd4002
4022bee0
403c4007
3be9402c
bf093e9c
3fd13fc0
3fa7401f
bf064039
bd513f07
bf46402e
40183f28
403b45d8
3feb4005
3ec74029
3f86bf17
bf2e3f18
3d68402b
bf78400b
3f923e74
3f5d3fc7
be5dbe8e
3ee8bee7
3f78bf2a
beb3bf65
40363fe1
bf0ebf52
bf3a4003
3f6bbf0c
403c3fb6
3f13be8c
3f6d3ff9
bf66beac
40113fc4
400d3e39
3c503f25
403f3f48
3e9f400b
3eb23f3c
3fac403d
40053d59
401b4037
4011bef8
4003bf6d
3ff03fa6
be944016
4015403d
3c693fb5
3f20403c
40403fd1
3f414013
3fa43e07
bf1e4021
400b3bd5
40063f5f
bf07bebe
bde4400d
4007bd20
3ed83f5c
be66be9a
c5d8bf21
3f50bf24
beca4033
bf7d3edb
3fe53f97
bf3c403a
bed83fd2
40393fc1
be83be2f
3f593ff4
3fe23fd7
bf093fcc
bf80be30
40313f95
3f553fd1
bf553fa7
bf404010
40103ec9
bf523f82
3f923f1b
3f45beff
bf16be83
3f3bbf45
3fe73fa8
3fdbbe01
3f343f67
3ec94018
bef23fbd
bc9f3fc2
3ece3fe1
3f013e36
402e4000
3fe13fda
40204037
bf023ed7
4030be4b
3eeb4012
3e1cbecb
bedb3f00
40193fd5
bf6e3fd5
3fb63f9f
3f724028
4027befc
bf5cc5d8
3e953f20
bdde3f78
403e3f7d
3e02be14
3ff5400f
3f5d4011
3fad3fa2
bf70bf04
bef33e8e
3e9a3fcc
3fa3bf51
3fc43f9c
3ea93f76
3e2e3fc6
3e9dbd81
bf65bf51
bef7bf06
40093fe1
3f773e57
40374016
3fe73fe0
3fae3f07
3fe33fad
40163f76
4002401d
3f86bd16
3f0f3f24
3f6a400f
bf23400b
3f6d3ef2
3f30bd94
3fb83e24
bf03bf41
3d8b3f8a
3fafbe1a
3ff53dd5
401a3f91
3fed401a
bec9bd8a
402a3ea5
3d934034
be4e3eba
3fcb4019
3ef5bd82
3f363f8f
bf05be35
3f3bbd1e
45d8bf2b
3ff74037
3db9beed
3dd0be4f
3ee94018
3f583fee
3ff03f73
3f993f82
bde64000
bf0a3def
3f094039
3f373e9c
3ff83fe3
3e964013
be313f86
3eb64028
be11bf44
3ffe4009
3f1d403b
bf4fbee3
3ce73ff0
402abe99
bf014034
40074030
3f604018
3f9abee4
3f39400e
401b3f87
be68400f
3f5bbf3d
3f96bf44
bf133fdd
3f453fb0
400fbf7f
be6b402e
403fbe1d
3ffb3fd8
402a4028
3fa83ff1
4035bdd8
bf754017
be59bf5f
3fb7becf
3fce400a
3f383ed3
bf7bbf44
bf6a3ffc
bf0c3e54
bea84017
3eefc5d8
3e8c3fa4
3e06400e
3fe43fbd
3fb23e9d
3ea1bd36
3fbf400a
400d3fdc
beb43fc5
40184034
3e5cbee1
3e964013
403f3f86
3fc03db0
3fb03f93
bf6b4001
3f48400f
3ecc3f2e
400b4012
bef3bda7
4000401c
bf3b3fef
3ff53f76
3ffb4030
3dbbbf6d
bf273e48
becdbf3d
3fb73f25
4014be74
400e3fde
bf2ebe57
bf59bf1d
3facbe71
3e8f403b
3f9d3f0a
40393f43
40024007
3f653f55
40134006
3ee03ffb
3f193f8f
3f0d402b
3fba3f9c
3f863f95
3ff3bebc
3fd64034
bf6f3e3a
3fbd3d37
45d83f90
beee3f7a
40373fd9
bf703e98
bee9bed5
3f193fdd
400a3dd9
3f823f43
3fa5bf3a
be8a3f4e
bec9bdd0
3f313fdb
bf723f95
40073dab
3f123f15
bf7f401f
3fccbf6e
3e3ebf41
3fd7bf05
bf014000
3fd84011
3ffdbf5d
400cbe2d
40273f43
bf6f3fe1
4005bdd5
3eb23f8a
be88401d
3f113fd8
40153fca
beb33dd0
402f4023
4016bec9
3e65400d
3f9bbebf
3e1bbe7b
3e6b3fa4
3fe53f63
3eeb4006
bdb53ff3
3f933fda
4028bf59
3fccbea2
3fdb4036
be64bed0
be303fce
bf743fb5
3f5c3ec8
bf754037
bf34c5d8
3fe93da8
bf693f53
be8b3ec7
3f1e4000
4039bf7b
3f033d02
3e873ff2
3ff43f74
3f2e3d04
bd103f81
3f673f22
3f10400d
3f4f3fec
3fdfbef7
401cbee9
3e134023
4038bf32
40363e93
3eeebef6
3f013ef8
bf243fd9
3f01400d
bf2d3f04
3fb54037
bf39bf25
4033bc80
bf5b3fea
3f163f95
3f8fbf63
bf1e3f3e
3ec83f53
3f653f43
bf29bf72
be6d3e61
3fea3f34
3f15bced
40323fc5
403a3fdf
bf363f8e
4000bda3
3f0abf73
40303e21
4033bf2e
3f013ee5
3fdc3d3b
3ffb403f
400f3f3b
45d83c79
3fff3fc7
bf4b3ff8
bd583fe0
403ebf3a
3f9dbf16
bf1e3fd6
401dbe93
3e87bf16
3fe44002
3f85bf6d
40114030
bf7fbe07
3fd23fe7
4038403c
baa73fb2
403e400e
bf39be06
3f053e79
3e9c3d6b
4037403f
401a400d
3f9d4026
3ffcbd48
3f8bbe84
bf474004
40294004
4014bebf
be2d3f1d
40243f1d
3fc63f2c
3fa33fb9
beab3fc7
bf31bf4d
3f6f3d94
bef4bee1
3f86be50
4023bce3
4029bf33
beb43f74
400f3f18
bf6d3fa7
3c944038
3fc53f48
bb833e3c
be9f3e8a
40343eeb
3f9dbf7a
400f3f5b
bccbc5d8
3eac3f6b
bed43ed2
400f4023
3fe6bed1
3f5d3f04
3e963ff8
400abf41
40384016
be9c3e64
3f9a402d
bd8a4017
4036be98
3ff0bf53
40073fba
3f493fd5
3f043fb7
3f9c3f28
bef44000
400f400b
bf0e3e8f
3fc83e25
3f24bddf
be02bf4b
40023fb9
bf10bee3
bb0f3efc
3f8f3fe9
3f5f4013
bedf3ff3
bf033f76
3fa4401b
bf1e3fd4
3f05403e
bf223f9f
bf223fa3
4016403a
3f943f69
be823fde
bf12bd76
be9b3f96
3f843ffe
3ff1401b
3fa7bec1
bd2b3f9b
3f2f402a
403a3eaf
bf173fe9
45d83fdb
3fa13fd3
bf753d33
4015401e
be5f4008
3f08be8d
bf0e3e97
bf14400e
3ed9402e
3fdebeab
bf793fb8
400b4036
3eb9bf4f
400c3f28
bf124035
3c994003
be343c66
3e313f81
403cbf7c
3f4a401e
40243ee6
400c3f6a
4010403e
3ffc3fda
becc4027
4039bd1a
3ed83f8a
4031bf79
402d3eee
40093e39
bdccbde9
40293f86
402b3fb7
be8e3eed
3ea93e55
40263f86
3ed23bc2
3afc3ff1
3fe74022
3f5a3fe3
3fbd3e63
3ef13ff2
3fa13ef3
bda5403f
402cbf59
3e893d29
401a3fef
beeb3e88
3f633f96
bf6ac5d8
3d81be2c
3e00bf1f
3f8abeb0
3f14bebe
3eb83fbb
400f3df8
4026bf72
400e3f65
3f7d3f80
be994000
3cdebf55
be6d3f15
3f94401e
3f0e3ffa
3f2b3faf
bdbfbe36
4003bf2d
3fd93eed
3fcf3fdc
3fd2bef8
403abee4
40013f83
3f753e69
bf783fb9
bd0e4038
400bbeff
40204002
bf563fb2
3fbc3e68
3fe94012
bf7e403e
40363f2a
3fc3be62
bf0bbf28
3f964026
3f1e3fbc
400abf15
402e4025
40273fde
3fb13e3f
3f023db1
bf6cbeb6
beb43f68
3e59be1b
3fbcbf58
401e3e14
3ea33fd3
45d8beaa
bf5ebe58
40353f79
bf7b4037
40243f6a
bf6c3ee3
bf68bddd
3e473fd3
3fb03fc9
bf75bed8
3ef73dce
bf153efd
bf053fc4
bf343f12
401d3fb2
40343ed4
3dba400e
3ff3401e
3ee93fbb
3f8e3f95
bf293fb0
bf5b3ef8
3fd03fab
3f743eb1
be0ebf60
bf2a3e39
be4cbf14
4010bf36
bee83fd2
3fd8bdf8
3de1be7d
40163f5d
3fa53f8a
4032beed
3f53401b
3fc3bf05
4011bf7b
3e184026
3fba3f39
bec2becc
3f633f29
bcf9400f
be344013
3ed0bf1f
3f9145d8
bee54016
40073f1e
3f9b3f01
3eadbf53
bb653f88
40063f92
4014bb7b
bec7bf35
3f903f8d
403b3f53
3f493fc7
4013b90c
4019bf0b
3cf03fd1
3f12bd3d
bf573f22
3f793f65
40093ed9
40214038
3f913fb5
bf12403c
bf4e4000
4039bcb7
3fdc3eae
3eb24009
beaa4026
3ffd3fb3
3fba3dde
3f88be1e
bf21400e
3fc63e75
3f2a3fe7
bee4bf7f
40393fbe
40363fc6
4015be9e
3f864037
bf4e3ca8
3fba3eeb
becb3f20
3fc13f1b
40304031
3f60bf77
beedbf71
4034bdd3
402b3f2f
3fb5bcd0
c5d83f0c
3f67be44
3fa43fbf
bf683fc9
bf043e43
4006bf23
4006403e
bf1e4011
40313f00
3e743f9c
3f42401d
3fd73fac
bef7befb
3f083fe2
3f0a3f94
3f613f8c
3f55bf57
bf31be76
bf723f64
3ffa3fa9
becd3e22
3f4e3f16
3f344005
3ed33fed
3f30bd2e
3ebb4014
3fd33ea3
4001bf52
bf763f45
3f233fd6
3f9d3f8a
400bbe0c
3fdd4013
40073ffb
bf3d3fc5
3f763f1a
be87be4c
400f4012
402cbf43
3f174033
4014401f
bef53c92
4025bed6
402a4001
4000400f
3d9e3f12
4030be8a
3e2dbebf
4007bf21
bedc45d8
be2a3ec1
3efb3ee1
4024bf3e
40063ee8
3e4bbe7b
40003f52
3fb94017
4025403a
402e4003
3f8c3fbe
be253fca
3ffc4002
bf563fc8
bc114003
402abecd
3f983f8e
3fea402e
be914026
3fa3be6d
40323e40
3f6f3f74
bea73fda
40223f1d
bf29bf4d
40103f9c
3fc34024
40113f55
3f913ef5
3f173ef3
3f56be56
402c4032
4036bf25
40323fb2
3ff54001
be7f4023
bf203f5b
be6cbf6b
bf054000
3ffc3ffb
3f043f51
3fc9bf3d
3e01403e
3fcf3fbd
bf7d3f89
3e243fc9
3fcb4027
40183f06
c5d8bee4
3fab3ea3
3f723ebc
3e1d403d
3fce4018
3ebc3fb2
bf273ff8
3fb13ffc
3eaebe8f
3f9ebf1d
3e993ee5
402c3e62
bd8d3fe1
3ff53fc7
bf39bee5
403e401d
3f62bee5
3f4dbf3d
be484018
be163f19
3fbfbf53
3f943ee3
3f693f44
40103d86
3ed74006
403ebf3d
40064023
bec0bf49
3f5e400d
bf3e4035
4020bf46
3e19bece
3f7f3ebb
40124001
3fcc3f2c
bf233fe5
3f95400c
3ffc3fa5
400dbf4e
40083fb1
bf734012
3fdbbf6d
3ecebc13
3f173f06
3f5abf33
3fb53fc7
3f773f9e
3f9b3f5d
3fc1bf63
bde445d8
bf223f43
400f3fbe
3fd9be72
3f9e4004
3faf3ff1
bec94008
3e6f4026
3f0ebdac
402b4002
401b3fcc
3fcc3f21
be523fe6
3fe54012
3f894038
3ecc3e12
3f8c3d9e
3f9d3f86
3f5ebf09
bea5400b
3f46bf3a
3ecf3fd9
3f093fae
bea04009
3fe23f48
bf773fef
3f933d9f
3fb33ef8
bf583f97
bf80400b
3f843f56
40354003
403dbe93
3bd83eb1
3f86be9d
be323fe4
3fe33fa6
3fd03e66
bf6abec0
40293f96
3f4b3f98
3fba4024
bedd3f1c
40153fa2
3e58bf14
3f933d91
402c3fc8
3ee9bee9
c5d84028
3f8b3fd7
3ec13fc1
40263fd3
3fa33fbc
40124037
3f183fc3
3ff0be68
be194038
3e99bf71
403b3ebc
bf77401b
3e4f400f
3f793f8a
3f673eb7
3e27bf80
40303fa7
3f94bee4
bec6402a
3f813ed5
3eec3fa4
3f223fb6
4014402e
400dbf27
3d7f400f
4022bf41
3fe5beb1
bdfb3fe4
40044018
3fa9bead
401f3f7b
40223f7d
40323ffc
3f2c3ecc
3f793f97
3fab3f9c
3f104036
bf26402a
3fe24015
4021be86
3f1a4032
3f53beb5
3fcd3e6b
3f803e6a
3f60401c
beef3f38
3d6c3fd9
bf34401a
bed34021
400845d8
3f1a3fe1
bebbbec9
bf2fbe5a
401c402d
bea5be24
3fbd3f83
bd28bd63
4017bcc3
400d3ffa
bf6a4037
bed63db5
3da04028
3fe73e9a
3e8bbecc
beb63f68
3d903f68
40394008
3ed0400a
40123fe6
bf6e3fce
3f61bf2a
3ff33d10
bf184030
3f173fd1
403d3f02
3dd53e26
3f4a3f79
403abf5d
40364017
3ff73efa
bf4c4013
40073e7a
3fa4401a
bd9e3ff5
3f3b3f30
3e6d4035
bec43f70
bee53f85
bf4f3fa7
3f1f402e
3f833fc3
3f283f9b
3f2f3d75
3f8c3f66
40363ef1
be443fd9
3fe14002
c5d8bf46
3dad3f1a
bce8be16
40284016
3ec04038
3ff0403c
bf0d3fb3
4004bf09
3ef23f0a
3f8c3f08
3ff1bf03
3d484019
3f8c3faf
bf6f402a
be933f8a
bbbb3f83
3fd23f4f
3fd53f9b
bf63bf7b
3fd03fb7
400a3fbf
3f883f12
401d3fc1
3c703fbf
3f99bf1a
3feb3fd3
40053fb3
bf0bbf58
3c1c4002
3fce3eef
3e43be46
402dbf3b
3fac3f99
3f863fc6
402b4028
3fc6bde5
3fd13ff3
402f3fbc
402abf57
4026bf29
4002403e
3fa33fc7
bf023f40
3ddc3ec7
3f363ebb
3fe3bf27
3f7a3f96
40224035
3e1cbbb2
3f1745d8
3d583ed0
bf1b3fba
bee2400e
bdeb3f6b
bf78bf7d
40383ff9
4036bf72
3f383e91
3edf4026
3e1e3f75
40323ff5
3fd1bf1d
402dbd8c
3fbd3ee6
3fecbf4f
3e513f47
40114033
bf5a3f58
400f3fab
3fce4034
3f96401c
bea43f6d
3f7e3fc9
3f983ffa
3faf4009
3f9fbead
401f3f1f
3ca6bf63
3f034035
3f9f3e46
400dbf2a
3ff84025
401f3f05
be2d4003
bebd3f0b
3f8c3e79
3f883fe1
3fdcbe98
40293f27
bf26bf1e
40373ebb
be923f9c
3fb33ff7
3f974000
bf584033
bf373f35
4015bda8
c5d83f71
bf17402e
be8e3f07
3fe7beb8
bf7cbefa
3fc33f4e
3f5ebf13
3f904020
3e993fd9
bf06bf62
be1d3e79
bf06401d
40163f92
4010bec7
3fac4031
bcec3e84
40244012
bf523fde
3f763ffc
3fe83fa2
401bbf7f
4024bee8
bf583e6f
4036bf00
3ff3400a
4038403f
3fc93fd0
402cbda4
3e694024
becc3fbd
3f1b3fbe
3fde3f47
bf3a3fde
3fe93eef
3fac400e
bf473e8d
3e823f3a
4024bdb4
3ed73f1f
bf0f3f8a
40373efc
402f4023
bf273fed
3f973d8f
3fe4bdb8
bf134032
4033401b
bf3c3de6
3fda3f94
bf4c45d8
be283dc3
3f9e3f4b
3ff23ebb
3f823f3d
3fd6402f
be72beb0
3e324007
bf383ff1
bec53f94
3ed43f90
bf4c3ff6
3ee83ff9
3f303eb7
bf434004
401f4014
3f783fe9
4007be40
bf04bd53
403f3f01
be57be8b
3f5e3cc8
be843eba
401e3fab
bf744019
beca3fc0
becfbe13
bf483e77
402abf12
3fc83ee6
befe4035
bf563fcf
3fbbbda3
400d3f33
3f51bed8
3ed3bebc
402e3ea5
4038bf78
be843e20
40384014
bf7bbef6
3fee3fa9
bf13bf1e
45d8bf57
bf323fca
be3e3e87
bf0cbf15
bdac3fae
401d3f95
403e3fee
3f813f78
be884001
3f683d18
40014005
4005bf47
3f8a4025
3ed33f7c
40153ed7
401f3ee2
bef8bcc0
3bc74028
3dc23fe6
3e0abea6
3fa83f82
3f8b3fae
403abf11
bf2c3ff3
403bbf37
3d943fe0
40194011
bf6a3ff8
3ef7400c
3c25402e
3f893f19
bf674010
bf12bf09
403e4013
3ff6bf3b
3fd6be6e
bf6ebeb8
be423f2d
bee33fe4
3fa13fa5
3fb64029
4020be7b
401f3ec2
bf59403c
bf0a403f
4012bf5a
4001bebd
3f483fd7
400b3fc7
4010c5d8
3fd5401a
3f443f99
be273f92
3e993ff8
40313fba
3f883fa5
bf74bf6b
3f7d3f36
401e3ea2
4013beeb
40133f5c
bf1a4038
bebfbd9f
bf31bea1
401ebf54
4017bc5b
40223f6c
3f524012
3f56bec2
bd54be1d
3ff63fa3
3fe9bd0c
bdefbe52
3f243e9e
3ef7bf22
be7e3f6f
3ea64004
3ebe3f85
3ffc3e7f
3e3a400a
40333fae
bebf400f
4025bf1b
3f6e4005
be883faa
403d3ff8
3f2bbe73
bf453f90
3f28bf6c
3fcdbf47
4004bd20
beab4040
bf73bf53
400f3f60
40393ffa
3ff34032
be803edb
45d83f81
3ff1403b
3f983f9f
3f9e4038
bf493fe4
3f8cbf13
4038bf30
bf713fc3
3e4b3fbd
401b4030
be043fed
3fb0bd34
3ff83fef
3f434005
be84403b
bd093fc9
3f614021
3fe8bf35
3bae3fd8
bf013fb6
4003beb3
3fadbd39
bf1ebe78
400cbf0a
bf664034
402d3e65
3fdbbed1
40104008
3e9e3f9d
bf54be59
3fde3f37
3f533feb
be813c81
4005be95
3df1403c
3fee3f64
bf07be19
3fa94035
3f0a400c
4005401e
3ee33ed3
40013f5c
3f6f4004
403abec7
40023f09
3fa63fcf
3f993fe3
40063fbf
bf1f3e24
3fcac5d8
40203e39
3e16bf6f
3fb4bf39
3f293fe2
bf613e91
3fe04038
403c3fd7
4033beb1
3cabbe66
4006bf3c
bf53401e
3f6fbf36
3fd2bf07
bdd63ffc
3f8a4020
3f67bef4
3f02bea9
402b4009
40294032
3e70beb4
403dbcbe
3f884002
401bbf07
4028bf1c
3fcc3f16
bd093c46
40174013
bea33f87
3fa24011
3fdd4026
3fc33f85
3fd0400c
3f953ff5
40383f58
bf3abed9
3f71bf39
bec44039
bd854013
3e9bbf1c
3f6a4032
4029bf3a
403dbf65
3f8f402d
3fc73fd7
bf0fbe84
403f3ff7
3f0dbf4b
45d83f07
3f5bbee6
402e401c
3fe83fde
3f8e3f38
40353fcf
3ea93fa3
beee4008
3f1b3f80
3fc33fd2
3f113f8f
4011403b
bf22401c
40133c8f
400a3f57
40303cd9
be803f82
3f5e4023
3ffd3fd3
beb63e5e
be924004
3fbe3e87
3d66bc6b
400b3eff
bf14bf6b
40173f70
4022bf29
4028401e
40213f0d
3e543e40
3fddbd48
be774037
beb44032
3fda4008
402f3b98
3f94be72
bf533fab
3f9a3ff3
4037403d
3fa13f5f
3e21bf7f
3fe9402a
3ee73fc8
403b3fc1
3f96401e
3fe03f19
3e7c3f7e
bf6b3f5f
3f453f90
4007c5d8
3ff34027
3dfb3f80
bf653f9a
40183f23
4024403a
403e3fe6
400c4033
40253fb4
3fa4bf59
4029bf7f
3f5a3f21
40213d1e
3ebebf0a
402b3e98
3fa83faa
3fb23fc2
4007bd0d
402c3e10
3fffbdb0
bd1f3ed8
3e193e02
bf423f90
3f4d400d
bb3a3f8c
3ffd3f2f
3f6f3f94
3fb3bf0b
401b3f29
be1abed3
bf2cbf28
3ea23fb4
4005401e
3fc4bf6e
3fbb4032
bf7d4018
3fc0bc19
bf1b3f68
3f41bc04
3fc23f58
3f0fbf79
bef43d6a
3ec9bf70
403cbbce
3e853fc6
4032bf37
40093fbe
bde03f6d
45d84017
3fa53fe1
3f6d3fa3
40263fe3
40154007
40303dac
3e51bf7c
40193e3e
40194039
400c3fdc
beee403b
bf793f40
3fd9401c
3f6c3e51
3f173fb1
3f93401e
3feabef5
bf014009
3e5e3e9b
3f324030
3f443e02
3e533f28
be40bf6e
beb93f1d
bf4b3fd0
3fbcbe27
bf06befe
3f983f85
3f803f8d
3f61bf70
bd953f1b
4021bee9
3f0e403b
3ea33f89
3fc54036
3fc74035
3fab4013
40364037
bf144036
3e033f4a
bf71bd6a
3f81402e
3fcb3f05
3e023f45
40013fa7
3ff23fcd
403d4027
3fad3fd1
40234007
4007c5d8
40293ff5
3d4f4018
40323f9e
4007be46
3f513fbe
bef8bf6d
3fbf3f1e
3fba3f99
3fb64015
3f9e3fb2
bf723df3
bf52be67
3f273eb1
3fd8be81
3ed44024
4034403f
bccd4019
3bd63f2c
3ed54012
3fdabf23
bf3b3fbb
40223fff
3f86402b
40153ffd
3f99bf76
403e3fc4
40254008
be91bef3
401a3ecc
3f3ebeb5
3f67be8c
40343fec
3fbc3fad
be83402d
403c3f67
bc1c3f48
3ebf3f14
3fb93f59
3f9d4002
be673fab
bf3f3fd9
3f694000
bf7bbf08
40353fe6
3fc7401c
402f3f15
3f7d402f
45d83f13
3f42bf62
bf1f4026
3fcc3fe1
3fb53fdd
3ff1be7c
401a3d90
3fc0bea8
40063dfc
40013fb7
3fbb3fbf
be5e3fb4
3ece3ff5
bf7a3e8d
402b4036
40113fcb
4005bf04
3fa3be71
3fb54013
3f37bf55
402c3fbb
bf3abf4d
3d7b3f75
bec6bee1
be7b3ea9
bf09bf4d
3ff43f5b
beb93f97
bf2bbf69
3f88bf3c
bf734007
400cbf1f
402e3f2b
3fc43d91
beb23f67
bebc3efb
be6e3ec2
3fff3ea8
3f913fb4
40093eda
3e65bf19
40283fd1
3f01402d
3f813e02
3f8c3ea5
401e4027
3f814011
3fd23ed2
3f2e3fb3
bd06c5d8
3f813fbe
3f99bdc2
403abdef
bf2e4035
3f653f71
40353e82
4021beb9
402a4028
3fff3eee
3f0fbe85
3f56403e
bf67bdc2
3fac3f79
400c3f35
3f043de1
3e443f53
3fa93faf
3f263fd3
401a3f78
bea0bf0b
3fa63f7d
3f07bf76
401f3fdd
3fd2bf04
4013bf2c
401f4002
3e883e97
baff4032
401fbd9b
3ffd3fab
3f073c5f
40163e94
3f2e3f3a
40333dda
bf483f61
3f11401b
40173e2f
403dbdd4
3fc23ef2
3f7a3f68
3ef74027
bf0a4006
bdcbbf1f
4000bd33
becc3fa4
3fd0bf4d
3fe93f32
45d83f38
3f833fb2
40084026
4038be1e
4034401b
40183f9e
3fd83fe7
3eaa3f9c
4028bde9
3fac3f85
3e413e65
3fb7401d
3ff44031
3ff8bf4c
bf32be4b
3fe64006
3f503faa
bf023f93
4020403f
400d3f98
3f493e39
3dd93fc9
402f3f36
bed83ff3
402dbe47
3eee3fc5
3f88bf0d
403a4031
3ffb4003
bd303fa5
3c8a3da1
3e11bec1
4010400c
3ff93de7
3fcd402a
40353ed3
40143ff8
3ff73eba
3f183ef9
40263f3c
40073e86
402d3fa1
3fdb400b
3e8a4006
3d1745d8
3fb43f11
bd873fd8
3fad3f5d
4021400e
401abf38
3ff73f3a
3f963f53
3e5fbc88
3fe63fbe
3f9dbdc0
3faa403b
3f593ea3
3de33fa6
3fbc3e7f
be9a3fcc
3f923f09
3dffbdc2
bed2bebf
3dea3fee
3ffa3f37
bf1dbeba
40153fe2
400cbf0d
3e953f62
3f7d3f4f
3e483fb9
3fa43fe0
4019bcc7
401fbf62
bdd3be82
be2e401f
3e333e04
40303fbc
bf3e3d74
3f0ebeb4
403d3fb6
40073e68
3fd5bdc6
401ebf4b
3eb64027
3ec6401d
be0b4025
3e973f87
3f884037
bf1a3f31
3e7dbf78
bf11bdf4
c5d84000
3f18bf7d
3fe3401f
3d3f4012
bea8400c
3f35bc4b
bce84006
3e8e3f90
3ff93f7c
3e163e33
3f6d3f96
4019bf3c
3fa84037
40163f52
3fb4401e
40163d64
3f72403d
3f3b3f25
3f713e97
bf713edb
3fbb3fa2
3fcbbf03
40294039
bf413ed1
bf4e4003
3fd73f97
befd3fc6
bbbe3f86
3f8d3fc2
bea23f17
beedbf58
3fac401d
4012be2a
40273e8f
bf414018
bf553f3d
3fed3fe7
bc264024
bec13fb5
be863e0d
bed8403a
3eef4004
3e27be09
3fa5401c
3f8cbf32
3f003fb1
3edb3f5e
3e1dbf1b
4009403e
403c45d8
3f28be2c
3f3ebd85
3f8b3f14
3f8ebe83
be823f85
3e6abeca
403b4036
3fee4039
3ee8401f
3fb4bede
3f973fcb
3fe14007
3fd43edb
bdd83fd4
3f96bf5d
3fd04034
bf543fcc
3f35bf5c
403abe95
bf083f11
bf0ebf18
3e143fd2
3f503d8c
3fd23fea
4031bead
3f31bdfb
bf2bbea9
3ffd4029
bf4f3fd1
3f983f3b
3fb54001
403fbf0b
3fc13fa4
3f9e3f9d
3f8a3fe7
3f303f06
3e6d3fab
3f9e3f69
bea5bf23
3d673f64
bf384027
3bf1bf15
401dbe39
3f9ebf7d
3da23e7d
3ff3bed2
4014beab
c5d84026
3fc0bf6c
3f5ebe85
bdf8be80
3fdf3ec6
3eb1be97
beda4031
3f843f6a
3fcc3fb8
3f3e3f91
bf544019
3e604037
40053ef3
bf2b3f8a
bf373fe2
3fd0402e
3f4a4025
3f4c400e
40283f38
3ee03ef9
40383f83
3f15bf5b
3d43bf38
3e064014
3f0f3f96
402c3e5a
4037bf32
4038bf11
4016bee1
3e203d8b
3f9cbf67
3f343f40
3e9b3f5f
bf693fbf
bf33bee1
bf363f90
403a400f
4015bef1
3faa402a
40343ff1
4004bf6d
3e504035
4030402b
3fe03ef8
bc2d401e
4031bddb
bed63e81
40383f2d
3cfdbf79
403c45d8
400d3f9a
3db03e38
3f664007
40304026
3f8f3eaf
3e4b4014
3fbbbf62
3fc44001
bf2c3fee
3ed9bf54
3ee2beec
3fe13faa
3ff83fd7
3f483fb3
bf24403c
3fd03fbc
3e3b402d
3ea83f9f
3f843fa8
bed6bf06
3fbb3f87
bf3e3e96
bf794031
3fbd401e
bf103feb
3e0c3f61
bf3c3ea9
3ed74009
4003bedf
bdfdbf54
3f473ea7
3f413f12
4032bf5b
3f533ebe
4020be01
4014bf2e
be174033
3f2fbf1d
3fe2bea0
3e6f3fb3
3e5a401b
3f9ebdc6
40254040
3ff6bd90
3fe53f96
40114011
bf0cbee7
c5d83f54
3fa03f5c
3fa13faf
40333ee0
bf453f81
3f3abf56
be323d61
beb74039
402cbf56
4018400e
3ff6bebb
bf373d3b
3f603fff
402e3f32
3f8f4031
3f143fe1
3fa63e4b
beb43f97
401bbf2e
4012400b
3f723fd8
be593ebf
401c4038
be413fe1
40293fea
be064038
bf633f15
3f193f95
40033faa
bef24033
3ffcbe77
3e2cbf5c
bf333fee
bf17bf11
3da63e8f
3fcf403b
be6e3e07
be383f85
3f6e3fee
401ebf21
403bbf5c
bdc4bc20
3fcf3f0e
be99bf48
3e9d3fd0
3f8ebf02
bf4fbefc
3f1d3f6a
3fdc3fa9
3f9e45d8
bf724032
bcb73f40
3fd03fd6
40203fc4
3fbd3fe7
be4a3ff7
3fbc3f9e
3fd43fd6
3ee03fe8
4032402e
bcf7bf7a
bc354027
4007be0a
3fee3f81
3e52bdb0
40253ef6
bedcbefa
3eb33f90
3f73bf25
3e673fca
3e453f37
3f9a3f6a
3f3d3f68
40374002
3e83402e
401f3f83
bd64bf4f
bed23e93
3f884010
4008402d
40223f85
3faabda9
3f264015
be90bf3b
3ff73e51
401a3fd8
be853f85
3fbe3f8a
3fa94004
3e8e3f38
3f76bf49
3f31bf34
3ff0beed
bf194013
3ec73f1c
4008bf5b
3fce4005
c5d83faf
40013fa2
40193da8
3fd73e51
3f8b4025
3fc74025
3f133f2e
bf0f3fc6
402a4025
bdc63fee
bc833f87
3f97403e
bf523fe2
3fa23fb6
3fb63f96
3f9f3e9d
bf32bf4f
3f8c4017
bf323f87
bdbe3d5e
3fd13f5a
3fd83e94
40363faf
bd16400c
3fe53f5c
402d3ff2
3f11bf00
bf37befa
401e3e54
bdc23fa9
bf1bbe45
bed33fb1
403e3f31
3f233f09
40043e9a
401e3ddb
3feb4035
3ec43ded
3fce3f23
40333fdb
40343f8d
3fe6bf4c
3faf3ff3
400a3f56
3f61401b
40113fc6
3f973fcd
3f8e401a
40123f35
400a45d8
be58be65
3f703e27
bf424010
3eb23fdc
4030be79
4004be70
3e58be82
3ffc3fff
3d493f2d
3f883f17
be4a402f
bf1fbf1d
3ec4bf7e
3fef400a
3fd23efc
3eef3fb0
3f363fa8
bf373f19
3fd33f93
40173e87
be923fc4
3fce3ef1
bf2f3f65
3f413e3d
403a3ff6
40393fd1
3ce5bf3c
3f943f02
bf153bfd
3f2c403c
40053e90
3fd4bf0f
40123f41
3ff03e02
3f634034
402bbf00
bf533fe3
bf143f97
400b3e7e
403c4032
3fa3bf3f
bf733fe0
3f2e3fd4
bf2e3fd1
403cbef8
3e203f44
40063f1b
c5d8bf48
3ffa402d
bd4c3fc1
bea24014
40334008
3f613f63
3f684005
40134037
bf04bf0f
3fbf3f93
402d3f32
402c3fa5
bf55bf7e
4024bf04
3fa6bf3c
be94403f
40283fb1
3fd73fec
3f3a403a
401bbf4d
bed63e95
403d3f88
bf2c403d
40073f88
be52403f
bf10bf2b
403c3ffa
be574033
40324014
3f0e3f43
3e06bf50
3e34bf74
bf673f8c
3fcc402e
40223f69
4022bd89
40054016
403e4006
3fc9bf6d
bc3a3f0e
3ef13fb9
bd95beb2
3f014007
4033bf21
3fe1c5d8
40183fd9
be0f3e50
3fb7403c
bf683e84
bec74010
3e5c4014
400ebec7
bd0cbe20
40104035
40383f3c
3e763fa6
3f3c3ed2
bf233f0c
401f402c
3f933f3d
bf703fbf
401b3f9e
bf4a3f72
3fc93fba
403fbf47
bf034003
400d4037
bef63fa3
3f8fbd80
3f423ecd
3fbb3f5c
be803ecd
40293ff1
3fd13efa
3e954036
40333f86
3fa93ffa
be36beca
400e402a
beec3fca
400c3ffc
3ee3bf58
40014025
40233e35
bedd3fb4
bf3d3fcc
bdcc3eca
4022bf57
3e0fbe1b
40104031
3f663fcd
3f23403a
45d83fcc
3f4ebefc
4008401f
40213fb5
bdea4034
3fed3ecd
4023403a
3f74beb9
bf233eb9
3f6a400a
403c3fdc
3e10be77
be233f86
3ffa400d
402d4005
3f98bf10
402c3db1
40183fa7
bf3c3f0c
3e383e24
40053eb6
3fe14012
bf443fb4
bea13fa5
403dbf1e
4028bd42
be173fb5
40234004
3aaebf5c
3f0a401a
bec64019
be4a3e41
40374012
bf12befc
3f293f0b
be46be1c
40063f2e
3ffbbf56
3eeb4008
3fba3ece
3eb63f77
40063fdf
3f123e38
3ffe4014
3f3f4009
bd843fb8
3f4cbf37
bf17bf30
401bbe82
3feec5d8
bed5bd9b
3ee73f8d
3fe2400e
bf623fd1
400c3fc7
403b3fe0
3cf7be35
4031bf09
3fb13e6b
3fc8400b
3fe6bf4a
3fdbbee3
3ea44018
3e763f89
3e8f3f8e
3fa03fd6
3fbbbe6b
4040bf06
bef63fbf
3d7b4034
40323ec4
3fa8bf5b
bf5bbf5f
3e023da4
3fd23f8a
40363fb1
402bbf7a
be494007
4006be7a
3f233fb8
bf113f51
3fc0403a
3f884011
403e3fca
3f933fa3
3fb3400b
3fb84017
bf14bf27
40073f9b
3fde3fdc
3fbe3fde
40163f93
401f401d
bdadbf4f
bf6b3f92
3f75beaf
3c934002
45d8bf61
4014bf66
3fd53fd7
3fae3ead
bed73f3e
403d4008
402c4000
bf3e3f91
3f4e3e37
3fbb3fcd
3fd8bf57
3f693f80
be3d403c
3f533b88
3f92bf47
3effbd54
3e9c3e44
bf063f03
bf304008
3f9f3e59
3fd43ec6
3fce403e
3f373f99
40383f6c
402ebec9
3ff84010
3f38403d
3fd63e05
3f223f40
3febbec1
bf603df9
401c3fc6
be213f72
3fdbbf6f
40173fcf
3e46bb3d
3ed7402b
4028403b
3fe23e19
3ff3bf68
bc2f3feb
3f053e8b
400c4003
3fffbf49
3ac93ec4
3e53bf03
3d073d5f
3e694007
bf413fcc
4025c5d8
3f643f88
bf0e4012
3ff6400b
3f403dd3
40383f34
40043f89
3ee8bf35
3f51bf48
3f0c3ffa
3cdcbf60
3f36bf03
bf02be01
3f904003
3fae3f88
400b3fb6
3ff33f84
3f1ebe2a
3e993fcd
3f8dbf15
3f3ebc18
3ffb3f47
3e3b3f4d
40193f10
bf5fbed2
4020bca6
40173f80
bf2f3e92
3ec4bf2d
bedd403c
3e774022
3fdb3ee7
3fc8401e
3f873f82
bf62be97
3fe24013
bf5bbf1a
3fbb3fa5
3f534024
40383f2f
bf283fb9
bf52bec9
3f7f3f5f
bbf43f9c
400c3ff0
403cbd82
bf5b3fa4
be953fdc
45d83ef1
4011403f
3e9a4005
3f114027
4002403f
3ff83f3c
3f58beaf
3f673f2c
beb7bf72
bf6bbf60
bec23f52
bd4ebf10
bf5b400b
3f943fac
bef73fdf
bed9be29
3f5d4039
be2abf01
3e933f98
401f3f11
3f41403a
3e784030
40083f8e
4025bf3e
3e173fd8
3fbfbf1f
3f76beb5
3fd23f0f
4022bf63
bf443f5c
3fe53fde
be803fe2
3e8f3f90
bf2bbe89
3fba3e7c
3f923f98
401b3cb8
3f3a3e1d
bf3d3e39
3e96bf63
3d873f7c
bf543f2e
3f903e4e
3dcfbf47
bf2c4029
3e06403b
bf3c3fbc
3ec33ec8
bf5d3f25
3f24c5d8
403b4014
3ffd3f0e
3ef53d88
3f9f4039
3fb93c6f
bf413ff3
3fe43f59
3fc43f3d
bea1bf4c
4001beb1
40363f66
3fea4009
3e993fbb
bf493ed3
3eb64034
3f8b3f86
3f743de2
4011400b
bed63f98
beff3fe2
403c3fdf
40313c61
40113ecb
3fa6bf38
3fec3fb2
3f814014
3f294034
401fbf3b
4028bf50
3fc9bef0
bf7abf51
3fb3400a
3d4c4028
3eee4013
3eb2bf54
3e503e9e
3e193fac
bf71beb4
3f42bd7a
3e3a3fd9
bed03e59
40324005
3fd24010
401d4033
be853fbe
3f1fbd8b
3e1a403d
45d8bdd8
bf243c95
3f353d52
3f833f91
3f973e97
bf1e3ef8
40263fda
3f653f0d
3f87bed4
3fdabe5f
bf10bd89
3eaebf5f
40113f97
3f433e87
3e283e0f
3f893ff4
400c4036
bf133fd5
4002be81
400f3f97
3ff33f12
400d4008
400b400f
3fe63f70
3fdebc3a
401e3fb4
bf0c402d
3fd34012
be89402d
3ea8bea5
3fa13f0f
3fb63a79
403bbdd2
3efdbe6a
3f623dd8
bdd23f44
3f03bdb8
bf61bf59
40344010
401cbf7a
40163fff
3fa63f2b
beb5403b
beed3f93
3f853eb5
3f814012
3f5f3ff2
403e4002
3fe63f38
be47c5d8
be9b3d45
3fc03d2a
3fb33f62
3d9d3f9b
400bbec6
beff4033
bf6f3dd6
3fe33f9a
beb1bec8
3fd63f0a
bf1e3ebe
befdbf0e
be39401a
bf274019
befa3fae
3e9bbf54
40234000
3f5f3f9f
be81bebd
402e3f2f
3daebf71
402b3fc6
bf28bf28
40393d6f
beb04038
3f92be71
bf1b401c
3e344006
3f2bbf4e
3bfabf6e
bf093ea2
be383f6b
3f5d401f
3fd93faa
3e593f8e
4030be13
3f1cbf08
403abee9
bf624031
3e434002
bec03f11
bf7f3ffa
beca3fdd
40313f21
401d4031
3fdb4004
401e4010
45d83e4d
40083ee0
bf15403b
3fbfbf5d
3f89bf6a
bf154008
40023f1f
bf753e80
3f033ea6
3f52402a
3f0b3fdf
3dbdbf11
3f3e3faf
403e3fc6
be863fac
3eeabd41
3fcd3fd2
400f3faa
bf473f96
bf5b3fa3
3fee4032
3e13becf
bf5cbf57
4006bf74
3e543f95
400e3ef3
401e3fc1
bf6c401c
3f0a3fb2
bd803f82
3fbfbf1c
3e93be0f
40193ef8
40204029
402fbe99
3ffb3ffc
be7c3f97
3fa0402f
3e114038
3c223c98
40313fa5
be5b4017
bf293cb1
bf0fbdda
40393ff2
402b4030
bda4bf42
402b3f0f
be39bf17
401bc5d8
40373fa1
401b4029
40013fe0
3f9e4019
3db03fe9
40224022
40193e74
4012402f
bebc3f9a
3d513fa6
400dbf78
3fcc402b
40374016
40043fa9
3f9f3ff3
40163fbe
3f933efe
bf7fbf6b
40153fe7
3ff0bf0d
3e3dbeff
3e65bf26
40264021
3f953e13
bf3c4006
3fb73f9a
403fbf28
401e3fe3
3ec03fc3
40244032
40093f48
40243e98
3ff93d14
400a3fbd
3e2d3fcd
4021401e
3f94bf54
3f8d3f18
3f443f36
bef5be7a
3fe6bd4b
3fa0bf04
c5d84007
3f843fb1
40044019
bef73ff4
beda4024
402b3f70
3f92bf40
3f503f80
be794010
3fd23f1e
3f754002
3fe53fcd
3f813f85
be874022
3ff8400d
bf4d3ec5
4016400c
4026be69
bf3d3fa5
40104016
bf64403f
3f6d4010
3f563fb3
bf49befa
bf68bebf
40163f39
bf2e402f
3f533f57
3ff04038
3f1f4000
bf5e4000
bce8bf31
bf103f71
3f753fa5
40244027
3fea3fe8
400abe8b
3ef64034
3ffb4004
3ed94013
3fee400e
3fc54004
40053ea2
3fadbed4
bf5dbeb2
3f86be26
3f563f96
bef03ff9
40364001
3ebc45d8
3f963ecf
3f9a3f48
3f803f9c
bf2f3fc0
3fafbdc6
3df53fe1
4017bef8
3e403e4e
403d4011
bf043e2a
be9cbf45
3ecb3fc1
3fb83fe7
40133e81
3d834019
bf714037
3dc7be61
bf6ebf56
401f4005
40133f48
3fd13fc8
3d3b3e79
bf3bbe26
be7d3f96
beb6be96
be9d3f8c
3f0c400a
3fa64037
40243d06
40203fb9
3f8e4019
bdef3fe9
3fb43fa7
3edc3f46
3faa3fcb
bf123f9d
3fce3f33
bc7c3f47
400e3ff9
bf3f3f89
4012401f
3f18bc3a
3fa13e87
be3bbe87
bf0d3bf4
4009bf2a
3f973d9f
c5d83fc7
3f003fa0
3fb2400c
bf473ed5
3c91bf1a
3ffbbf52
400c3fcf
3f073fe4
40173ff0
4012be98
bf7e3f4d
bf043f04
3ea6bf14
403d3fcf
be6b3f1e
4001bdbf
3ffdbe8a
40093f34
40103f16
3f953fe8
402abed1
bf093f03
3f673fe3
3fab3f6f
bf0f3f14
bf7abf08
3e3f3fa4
3ffebd6e
3ff73f5e
3ea33f7d
bf59bf52
3fe23ea5
bf043fc2
3e4c3fa5
be9fbe52
402a3f4d
bf44bf61
3fc43f4a
3e8f3f4e
bf423d89
40163f26
bf6ebc96
3f6f3fe6
bf1c3ffa
bf3b3f13
3e383f3c
bf1b403b
bf6b400c
3f75bd58
3e4245d8
be323fc6
3e9b3ff9
3d913feb
3f084014
401a3f52
4021be98
bf3b4028
3f303fbb
3fda4013
bf593f4d
3fc44019
3f714005
be043f4e
4008bf56
3f88bdcb
bf7ebf00
3f913f33
403d3f83
be103e13
40193e6e
be39bec6
bd453fab
bf5f3f54
bf1a3eeb
bed4bea2
3edcbee0
3fcdbe83
bdbb3f74
403d3f91
400c3ec8
3f9d3f88
3f863fd0
3d1a402d
3f453fce
3f8fbd25
bf363fb0
3ea64016
bf273fdc
40393fad
40133eb6
3fe2bef9
bd544033
3e0e400a
bf4b400e
3f8bbf72
3eca3fe0
bf4ebf3e
c5d8bf3a
3f503f96
3fc73f93
be243fe7
bf32bf4e
3f873f39
3f693f99
3e753fcd
3ffb3f78
3f494040
3fabbe85
3fbe3f7f
3fd1bf68
bf72402d
3f14be58
beba3f96
402abee2
402c3fb2
3f94bf06
3f6bbe95
3fba3f89
3e493fc0
bf223f55
3ff73fb3
3f453fa1
403f3e07
bf3e4036
be9e3f52
3f953f74
bf1ebe89
403e402e
be9a3eb7
bf04be86
bee14035
3fbebeeb
bf603f0e
4020bf1d
3e983ff5
40053f3d
bf6ebf0d
3f863f3f
40233fe2
3ed23ffe
beab3fcf
4024bea6
3f04402c
3fe74036
3ea03f6f
3c043e58
3ec845d8
3fc93f4b
40193fa5
bf60be91
3f55bdb9
3fd1403e
3f8abe75
3fa33ef0
401bbe03
3fd03f8a
40343f32
3fe4bdae
3f363f17
3fba3dd4
bd48402a
3e03bee0
bae43f65
4039bf60
3f813f8c
bf3ebeb3
4012bc81
40063fe9
40303e29
3f9ebec0
bf60bf6d
3f71400f
3f2b3f21
4029be90
40093da1
40133ec7
3f8c3fb7
3f1f400e
3f29be75
be92bf1c
3e6d3f34
bf673f91
40043f50
40163ed5
3f92bf7b
bf703f92
400abef4
bf03bf3a
3fd33f94
40113f30
be5c402b
be3bbf47
3d68bf4f
be0fbee1
c5d8401f
3e41be89
40073fa1
3ff6bea4
3f23400b
3f9c3f74
3e353f69
4035403d
3f76bebb
3fd93fda
bf6c3f62
3f96bf50
40323f8e
3fbc3db7
3ff63fa6
3f304030
bf363fe2
3ff04007
bede3fba
3fdb4028
bec13d7c
3dd64021
3f263e30
3ed9401b
3e733fcf
40284011
be8b3edb
400c3ea4
3fb3bf30
3fc4be85
401abf6e
bf683e28
40194000
3f523fdd
3fee3ecf
3e913f8c
3e283dfd
4011401a
bf113f5f
3f303fcf
3fbf3f14
3eeb3f1d
401f3fe0
bee53ee5
3f273fd7
3f6dbdc3
3fc0bf36
3fa24021
40234035
3f6c45d8
3dafbf01
3f77beb8
3ec33ee9
bebe3fda
4009bf3c
bef8bf1a
3fefbecc
3fe8400b
3fec403f
3fce4039
40094000
3fe13dff
3df5bd8c
bf32bf0b
3f99bf39
3ff5403f
3f6f3fc4
3cb1be5f
bd51bf1a
be584011
3e6bbf19
bdc3bf44
403a400f
3f16be5f
bdf0400f
402d401d
3fe8403a
3f24bedf
befe4033
3fefbf08
beb03f14
3f823f9b
40124003
3eb43fd2
bf2b3fe5
3fdebeea
bf6bbf3e
3f9ebf02
403f3ef9
40204029
3de33fdd
bee74025
403e3f09
be5c3f22
40163fa2
400e3ed1
3d79bd93
c5d83f85
3fc43f90
3fa43ea4
4036be17
bf5ebf2a
be9f4027
bd2a3fca
40344004
3fe03f35
bf713f97
be99bf57
403e4017
3e5b3fcc
3f96bf6c
3f9ebeda
3f83bf76
3ed13f96
bf4a3fa5
3fc2bf55
40203f8c
3d04bf3d
4039bf5a
3fd7bf62
3faf4017
3fea402d
3ffdbecc
3feb4040
bf4b4002
bc953fa8
3e863fb6
be853fad
3f91bf6e
bf75bf46
3e693fa7
3f5c4028
403ebf52
402abecc
3fbcbf3d
40223e46
3f0c3f10
3f0a400c
3fbc3e08
3f54bf15
40014022
4015401d
bf16403b
3e963f86
3ec03fef
3f263f11
3f2945d8
3fb83fab
bf3e3f46
bebe3f7a
be293eba
40063fd1
3e373fcf
3f493f82
bd4e3f3d
3d6f400b
bf123f2c
bf763f9e
3fde4001
bf7f3f7b
bf6b3ec1
3f9e4000
bf22402a
3fb53ee5
bf66402f
3ff43f75
bd09bf5c
3f9d3f0b
3fef4038
be973fae
bed73fcc
be3c3fd1
3fe73f1b
40183fbf
3e083f4a
3f163fa9
3f0b3e87
3eef3fde
be9a3f8e
400e4036
40113fa5
3dc73e5a
3f64be83
bf42400c
3f10400f
bf453fca
bf7c3f25
3fb1bf54
401c3f50
3f2f3f8a
4021be0f
40093fc4
400c3fa6
3ff73d9c
c5d83f9b
becabee7
403a3fb5
40244010
be053f1e
3fc3bf2e
3f86bdcd
40263fff
bf71400b
401b3dab
40393fb6
be85403d
40313db3
3fcd3fe0
40064015
be5ebeba
3f483e8a
3d8e3f08
40253e8c
3ec24035
3ea83f48
40353f23
4007bf36
40273f0c
bf2d402c
3f1b3fcb
3f0abee5
bccdbf30
3e143e36
40293fa9
3ffa3f59
3fd7befa
40313fb4
3ebcbf39
3f11400a
40353f9b
3ee33f91
403a3f21
3e134026
bf0d3f8e
bed93fdf
3d50bf22
bed3be68
40173e5b
be78c5d8
3f01bf58
4006403b
40163fb2
bd85bcf3
be07be82
be4f4025
3f223fb1
40064006
40014035
3f173f5e
4009bf3f
bd6b3fc5
bedc3ebd
3f423fcd
3f554020
4034be92
3fd63fa4
400c4020
3ec83fbd
3fcb3fa5
bf514004
3ddc3f73
be1c400b
40343e41
400a3fde
4020400f
bf323f9f
3fc73f85
3fab3dc4
40093fd3
3f843ff2
bf3e4015
3ff63f1d
403a3ef5
3fa93ea1
4016be4f
bf753f5e
bf343f85
bebebf78
bf70403b
3fd13f8a
bf4f3ff4
be42bf6f
401c3f57
bf543f81
3fae4018
bcd44011
45d8bd7f
403abf42
bf00bf3f
3debbc31
bf403fae
4005bf66
40353f15
3f8b3fb3
bf103f1f
3de4bf15
bf44bf66
400f4012
3f884038
bed0bf0f
402e3f8a
4016bec0
3f05bec2
3ff8bf65
4015402e
40073fd0
4025400b
be95bec1
bf263f92
40033ec0
4025400d
3f933f48
be7c4005
40333f7a
3f2f3f8f
bf22bf33
3ebf3fa8
bf283db2
3f583fb0
3f23403d
40284024
3efabf45
bf70bebe
3dfd3fe3
3facbe8e
bf234005
40143f94
bcd84018
be8c3fdd
3f573fbc
4007be63
3f954005
bf4e3f38
40034012
3efc403a
bd15c5d8
3fd93dd7
3e233f9a
bea83f69
40203f42
3f143fe8
400a3ef2
bed9bf17
4029be33
befa3ee0
403d3f26
be9f3fb7
3f894013
40183ff0
40273fd8
3ea23d8a
bed8bedc
3fda3fe6
3fdb3fca
3f8d3e7c
3fd5bf7d
40033fa1
3f43403d
3f7abf39
3fb53e6a
4036403d
3f4c3f87
3f88bef2
40184026
3eff402c
3ff23faa
3d6c3fca
4012beaf
3f603fbf
3dd83f6b
3eb93e75
3f623f77
3f45be1e
bed33f90
bec3bf2a
3e24bf1e
3eaabf26
3cb44028
be123ec0
becd3faf
bd613fb7
3f9abe63
3f3e403e
45d83f73
3fefbe95
4008bf28
3fa13d50
bf404002
bf0ebd4f
40204031
40344031
be47403c
40313fb5
3fd9bf38
bf133ff9
3f613db0
beb83fa8
3f6b3f99
beee3fb7
40273fe3
bf66bf66
3ff43f04
403e3fac
4023400a
3ff4bf76
3ffa3f96
bda5400b
3e0d3e56
bf2b400a
4032400d
40373ff3
3f7c3fc3
403d3c60
3e4f3f7e
3fa23e65
403f400b
402c3da0
bf6ebf2b
3f4dbf64
403a3f97
3fa33ea9
bf5bbf37
401a4014
402d3f91
3f99400e
3fdebf3d
3f1b3f9c
40014029
40073f2a
3c0c4004
bf26402e
3f14beaf
4015c5d8
401e3fbf
3fde3f48
bf7c3ec0
3fc63f02
bf5a3f91
401e3ee8
bf06bf3b
40293fd7
3edf4022
3f3cbdf9
bf52400f
4002bf17
3f923d59
3e2f4006
bf253ddb
3d43401c
3e113fc1
bd6f3ffd
3fdabf21
3e133f18
401b3fab
3f9d3f36
4032bd76
bf2b4007
bea03fa3
3d82bf38
3e90403e
bf79402e
bf1b4037
3fe23dd5
be2bbef1
3f58bed4
4007bf5e
bf6bbdea
3ff0403a
bec83fef
402d3db6
3fcabf41
3f873fc9
3fd94036
bf593fbd
3fc0bf04
3fe13fa9
3f5cbef6
bdc33ec9
3f3f3f63
40073fd5
45d83fc5
3f20bf56
40183f8f
3d1c3ee7
3f56bf4c
be4d4028
4002bf61
40263fd2
be63bdb0
3fd93f9a
40063eac
3f71403e
401fbee6
3f42400b
bf2fbf0c
4024be5f
4036403f
be613e8a
40023fc5
bcc04020
3f1cbf34
40073f39
3ea33fe2
bf4dbf69
3ff5bd63
3fe44001
bf263fa5
bf653f32
3f313d8f
3fc2bf64
bed1bbcf
bf304034
3ef53f51
3da03e99
40084026
3e8b400b
3f233f9d
3dedbf65
3f434007
bf793f0a
be593eb6
3e9b3fd0
40133f32
3f53bf44
bf413fd4
3f0a402b
3fac400d
bef4402e
3d703f7b
3f4bc5d8
4036be2a
3fcd3eee
40283fc3
3fc93fe1
bf794033
402a400f
be0c3f6f
3f453e9d
3f303fc6
3fd93e32
3ee13f80
3f38bf3e
bf753fc1
3f9f3fe2
3f0d4036
3f983fed
3fda3f9b
40393ece
3e553fbe
401e4019
bed54020
bde8be57
bf023fad
3f39402a
be173f9e
40214029
3fb4401b
3f9d4023
402bbf2b
be72bf6a
40013f19
400ebf61
3fb1bf79
403e4002
40283f14
bf10400c
3f6e3fe5
3f6e4008
3fec3f05
bf464008
4039bee6
bf2a401f
bf423ff1
3fe03fea
3fe43fc0
40233f7e
3d5dbf70
45d83fd6
bf723f9b
bdc3be7e
40333f74
3f813f0c
bea13f93
3f633f9d
40194040
be653e99
3f123f9c
3fb6bf57
be003ed9
4034beaa
be97bf2a
bd5e3f84
3f87bf40
4010bf68
3ee53fde
40083f9f
3fbc3dc9
3fa1bf23
be9f3e11
4010bf5d
be4f4035
3ebe3f03
bd8c3fbd
40203f9a
3fb33ed0
3f98be46
be10bf60
3f9f3ffe
be0b3fdd
3f523fd7
bf48beea
4036402b
3ec7400f
bcea4023
3ee4bf2c
be65bf32
be8f3df1
3fc9bf16
be8c4021
3f0e400a
3fe44015
3da63f19
bf043f88
3feabe54
40353f14
402a3fce
3ffbc5d8
401a3fc8
bde73f4b
bee8400a
be8ebf56
3ec53fd5
3f9a3f1e
4009bec8
3fd2be88
3fc63da7
3fe04025
3f463fd9
3d88bf31
be903fe1
3e923e1a
40393f76
40234006
bf1e4031
bcd53f63
3f03403f
3f72bea9
bee03e5b
bf2a3ede
3e703fa4
401ebf00
be733ff6
3e203f8a
403ebf4b
3fe23fd9
bf0b3f2a
bf3a3fd8
3ff53ff7
be873fd0
402c4031
bf5c3d3b
402ebf39
3f3f400d
3f05be9b
3ec33fc7
bf674032
bd963f7f
403fbf2d
3f8e3fcf
bf3b402a
3f533f36
3cc33fea
3fd54031
3e5f401a
45d8bec0
3f21bf14
4036403e
be2f3f62
3fb23f63
3ce2bf30
40253da2
4025401d
3feebf2a
3f113e6d
403bbf28
3cd8be39
3ee6bc93
3fcd4015
400e4020
beca4017
3f953ed4
40393f68
3f033faa
401cbe5a
3f6f3f7b
3f214031
3f833fca
bf10400f
402cbe29
becb4012
bf583f26
3fbb4031
3f883f82
3f8abebd
3fadbf38
3f033ff7
400b4015
bf0f3fa0
40133fd1
3fc64037
40273fec
4007bf00
bf20bf70
3f28401c
40193e86
bf77becf
3d87bece
3eb4be05
3fbc45d8
3f72bea5
bd814010
3fe33f3f
3fc53f1b
4010beaa
3fba4018
3ef4401d
3fab3eed
3e3dbdea
3fdf403b
3f4c3e37
3ecebf6f
3e7cbe83
bf3b3f1a
bf063ff4
3f494037
403a3ea1
40083fda
3f8d3e5d
3ef73fb0
beac3eb5
401c3f2c
40263f82
40243ff8
bd843f94
3e213ee6
40273e74
3ec33f1e
3dea3e8d
3f533fcb
3f5b3fad
3ce54004
be28bf77
40063f7f
3f2c403c
403abf23
40033f8a
4039be4b
3f2e3e24
bea63eba
3f853eb4
be983e2a
bf423f0f
3f45401d
3f9a3f61
3fa53fec
3f2f3da6
c5d83fac
3f934030
bf704038
403f3fa1
3f763ecc
3f013fbf
3df33ec6
3fc53f2c
bef3be81
beee3fa6
3f5e3e2b
3f4abf20
bf704034
bdba3f12
bf703f9c
3e8f3de3
40353ffa
3f8cbd76
3ea53fbd
400c3f81
3f9d3fc9
bf13400d
3fd13d42
3e12bf13
3f81bf19
3fa23f13
3ffa3fea
4009403c
400fbf4b
be024018
402f403b
bf6c3ffe
bf3d3f3f
40393f17
3fa44033
40253f6b
40073f9f
3e03bf21
40344039
3f9b3db2
3c1cbf25
3e6a403f
be84bf2c
3fe33f63
3f95bf07
403d4033
3fe5bf70
bf1dbeaa
3f54be21
403645d8
beb13e90
3fe33f9e
400d3ffc
3fb23f17
3f884014
402c3f86
403abf6b
3f993fc1
bf663f1d
400fbece
3f933fa4
3fb5bed8
3def3ebe
40223fa5
bc7d4021
bf113d5b
bf7c3fd4
bf5d3de8
3e9bbe8d
4034be8f
beb93f81
bda34022
3fcd4022
3f3e4011
bc2fbe53
3dbf3fec
bf173f84
4031be64
3f303f78
3ec7bf4b
3f883f2a
3ff43e72
40363fb2
3ff53f04
3f47be9b
bf803d96
3fdc3fee
bf344017
40293ece
bf3abf6b
3d50be2b
3fcc400c
3fd73fd3
3fcd3f55
3eb5bf11
bf63bf5a
402f4000
c5d83f95
3f353e57
3ce23ec9
3ec83e94
40273fbd
401c3e11
402e3eb4
3e653f00
bf603f48
403a3ffb
3fc23fc7
40363e96
bf5c3fac
401a4036
3ef3bf6a
3d683e66
3f554038
40384036
be963e73
401e3f38
3fb5bef7
bf1a3fb8
3fb34040
3f41bf2b
400abe89
bda64039
becc4029
3e60be01
be963ff9
3f553ecb
3fd93fba
3f423fb3
3f0b3f29
bee3becd
bf07bea8
3fb4be94
3f904033
40233df1
3e333ee9
3fadbe8c
3f013fee
3f223f85
403b3e73
bf3fbf1b
bce53ff9
bd324019
40213fe1
bf664038
bf143ee0
3e4545d8
403f400e
3ff63f3b
bf5c4029
bedfbec8
3f3b3f55
be9c3fe1
40354016
3f913f46
40293ffd
403ebf15
bf254010
bf3f4031
bf78402d
3e5c401c
bdaabe8d
402d4006
3e88bf73
3f683e24
bf7a3f7c
40193f63
3e81bdc6
be88bf6b
3fb73fac
3ee03f13
3fd0400f
402bbeca
400bbebe
40223ef5
bdf83e78
3e9ebf2b
40023d98
40273f7f
bf343feb
bec9bef9
3eeb3ffb
3e073f98
40103ee5
4004bf33
40374007
bdb43fe8
bf29403f
bc7d3fe3
3f874033
3eab3fa2
403a3f21
bebc4014
40053fbe
c5d83f8a
3f1f3ef4
3fc93e57
3f6f3ffd
bf063fbc
3e623e2e
3e544024
3fd34015
beb03fda
403e3f86
be14be9e
bf6f3fc2
3fda3f07
40103f9c
3fe0402d
3f983f23
40353f81
3febbf0b
bed33fc8
3e284027
bf423f24
400dbf5e
3d72bf3d
bf683fd9
402a3eae
4040bedd
be27be05
3e823fd4
3ed2bf0e
3ff23f8a
3f313f84
3f9d4005
bf743f7b
3d07400a
40063f80
3e3bbf01
bead3f1e
3f473f9d
3f27bf7f
40313fce
40183fb1
be9abea1
bf143f98
3f903fd5
bf3e3f3d
be9a3fc5
bf50bf4d
3f723ed4
3ef3bf26
401845d8
3ff23f2d
40373f9a
40083f1a
be11be71
3eee3fd7
bf64be8b
3f823eed
3f633fe3
3f9b3fef
3fab401b
4017bf62
3d66bf78
3fc83f89
3e933f59
3fd5bf33
4024400c
40154000
3e86bee5
4005bf2b
4038400d
3fdcbf3d
40033b11
3ff7be89
3e81403f
3fb03fb8
3f19400a
3fe63f67
bf11bf7f
bea43d1e
bf5d3fd4
3e88402e
becf3fcd
40383fe3
bf7cbf61
3e77bebd
bf7a3fba
3f8f3f51
40164029
402b4008
40344029
40333f39
becf3ff2
3fccbf1c
3fd8be59
3f4d3fcc
400d3fc8
3f373fc4
c5d84025
40303f5e
3ffd3f6b
bf333f05
3fb6be90
3fd1bf74
be15bedd
3fa03de1
3fcfbec3
403c3db6
beb0402b
3ef7401a
40253fdd
3f8b3ff3
3f60bf1b
40213ff7
402d400d
3fe33fce
3fd6bf0a
401e4024
40163fdc
3fd1be8c
40394004
3ff3bec0
40233f90
bf323fb8
40363f20
3f1fbf4a
beacbf61
3f123ffb
bf593f8b
3fd34011
3fadbf5c
3e273ffd
be9b3e96
3ff53fde
401a3f8f
3ec6400e
bf07401f
befc3f9d
4032400a
bf4b3fe5
3f263e13
3e56bda2
3f1c3f0d
3ee24022
40053f2c
3fb43fe3
3dbabed3
beb145d8
beba4021
3fc53efb
3fca4034
400b403a
bf683fb9
403e4002
40083fb5
b93b401f
3f91beae
becd3fb7
3fb73f86
3fdf3ed2
bf65be6a
401ebed8
3ff9402f
3fc1bf1d
bf53bf67
400bbf5d
3fb3bf7f
4028403d
40363ec4
3e134006
befd3fb4
400b3e9a
3ff33f06
3ef24003
be8f3ed6
3fbe400e
3fab3e18
4038402c
3fbe3fe9
40034011
4038bd8e
3f0a3f49
3f38400a
3ff43fb1
bef43ecd
3fc4bf0d
3f83beb9
3ff03e13
401dbed1
3fc5bea2
bf403fef
3fc9402c
400b3f26
40193fcf
3e723fed
c5d8401b
3f52bdb6
3ccb400f
3fdcbf28
3ed43e9f
40403f5e
4031400d
be3f4022
bf593fa4
403a3fbc
3fb04035
3f963fae
40343ff0
3ecf402b
3f5e3dc1
4010402d
bf274026
3ec73e88
3ff0bde9
40313f48
3f62bee8
bef2bf25
3f5d3fd1
3fa5bdd3
40333ef8
beec4025
3e90bf70
3f6b402c
bf21402f
40083ede
3fe14031
400fbf41
be0b3f9e
402c3fae
bf703f1b
400dbf20
401e3f9b
3fca4039
3e2ebf24
bf5cbed2
3e4b3f82
3fef4031
3f933f97
4001bb1e
bf2fbf5d
402d4015
3fde400b
40273fc9
3ffa4021
401745d8
3f123e32
3f764025
3faa4032
3f7f4019
3fcf3f71
402f3fca
3ceebea4
403c3d91
3fc13e3a
40283ef0
3f043faa
3f413ddc
3f3d402d
40193fd2
400b3f27
3f1f3fed
bf013f8f
3ebe3ef9
3fd83ff4
402d4010
3fb73f96
3eb83f0e
3e943e52
3f21bf70
3f823ec9
bea4401e
bf3f3fc0
3ebd402f
402d3e19
40163f75
4006401f
3d4a3f38
3dd6bd5b
40283f9f
bf284023
bf363f6d
bf1c3f63
bf61401f
3ffb4000
beb64022
3eba4039
3e243f3b
45d83ef7
bf483fa5
bf57be28
3fe53f14
3fe13f2a
3e0f3fc3
4005beb8
bec73f7b
3ef9400d
40343c81
3fc03f14
401dbf13
3ffa3ef8
3fd9402f
3f81bd80
3fc83f52
40273e90
3f31403e
3f36402b
beadbf55
3ed3be1d
3f90be54
3f833ff3
bf39bf76
3f97bf09
40303faa
3f2bbf15
3fce3bad
3f9d3f6b
3eec402f
3d914035
3e8d3fac
3f13bf61
3f863fb5
3fda3e06
bf12401e
3eb23fca
400e3f94
4037bd66
3f093fa6
400e4020
bf293f44
3ff8bf03
3f5bbe82
3f894026
3fbdbe9a
4009bef2
40013feb
3d234013
3fa4c5d8
bd7b403d
3f48401c
40133ed9
3fcb3f89
3fca4018
4016403d
4014be75
3fe93e5f
3feb3fa4
3f15403e
40353f35
4002be95
bbaf3f86
40143ea5
bf41402f
be2f400f
bf213fc2
40304010
bf713f95
3c683dea
40063fee
3fdb3ea4
3dc13ff3
3fd53f95
3f183fec
bf1b3fb6
4033bf19
3b9cbf3e
bf213d1c
3cb43e67
3f3ebf42
beb53f70
4027bf65
3e0b4016
40373f54
4021401e
3f2d3fc6
3fc54003
bf1dbf22
3f94bf21
40123fad
3f683f95
be2c3f9a
400e403a
3d023fe9
be993fc7
bf023ec5
45d83f82
bf534018
3f454014
bf123f28
bf6bbf4a
403e3f97
3f3abef0
bf103f46
402abe0b
bd2f3f8a
3dd3becc
3f9f3d52
3f89bf43
bf714036
3f08400b
3f91401d
3e82bf0a
bd1f3f29
3fe3403c
3fa44005
3ff63f83
401abebc
bf7c3fbc
3f183fab
be11bf62
3f854027
40063f62
3ff54011
3e913fc8
3e413fd6
3db93e5a
4034be63
3f25bed8
3fcdbf0c
bf593f7f
3fb03fa4
3e3a403c
bdb03fa2
bf40be63
4027bec2
3eac3f99
3fc23fda
bf053fda
40173ec6
402cbe30
bef74029
3fde3e80
bf36402f
bf483fc3
3f40c5d8
3e9cbe8b
3f893f67
3f034032
3f1c402a
bc1bbee1
3f313da5
3ff23fe5
4037be69
3f984039
3f8c3f34
bf563fc0
bf064028
403b3f8a
3e9a401b
bc89be02
bf35400e
4040be21
3f9f3f85
400cbf07
3f99bf3b
bca54033
bf1d4019
3f8d3dd7
3ff64013
3f903f72
3f4f3f36
bf453f9f
3fb63fcd
bf3bbf30
3f96bf73
3f1e3fb9
bf6fbefa
3f233fe7
bf203f67
4025bda9
3f3ebcfc
3fb14024
3feabf6b
be443e67
bf7e403b
bf4f4008
402abf6c
402d3ed2
40383e65
3fe0bf37
3ffa3ee2
bf203d20
45d83fb8
bc8abe7a
40303f83
400ebea5
be924019
4019403a
bf494040
40143fb8
be27bf47
3f0f3fa1
3f9a3f6c
3f353f5f
3fe4beea
4029bf5a
3f10402a
beac4039
3fc03ea9
bee63f04
3e943f4f
3fbf4019
3fd2bf10
3fc13f2a
3dd93f00
40394030
bf053feb
40033f37
bf243f85
3f9a4000
3eadbe1e
3f2e400e
40034038
401d3fea
3ff53fae
bf7c3ff4
400fbf57
3ec43fe8
bf293f9c
3f424003
3e8f3fec
be8f3f92
bea43f95
3eca3eaf
beeebde8
3f95402e
3e7c3e2c
3e873faa
3faebf75
bdddbe03
3ffa3ea1
3f7ec5d8
3ef03ef7
4022bd28
bd843faf
3fed3f23
bf533ff7
bea13f5c
3f913fa0
be9c4039
401a4032
beb34002
3feabe09
bed94029
4034bf30
3fd7bef6
401d3fc3
3ff4bf40
3f803fc3
3fb34034
3f4a3f90
3fef3f8f
3e75be9d
3fc43e5a
3ecb3f28
bf783f04
3fb0bb45
3eddbeec
40083fc4
be54400d
bf2d3f5a
4034402c
bec43f48
3ebdbf49
4003bf57
40013f34
3fa63cc8
40123ced
3ef03f1c
3fd84027
bef9bced
3e23402a
4007bf69
be553f57
3f1dbf52
3ffb3f24
40303e39
3e403fb8
400c3f13
45d83f55
40083fde
3fee400d
3fae3fba
3fde3fd7
3f213f92
3f313f8d
3f644019
3e823fce
3fb53fb7
3f983f36
4008bdc3
beb7be6d
401bbf6a
3f54bf59
bf26bf21
3ff13fc2
bf5e401f
401fbe83
be6b3fc9
bd274016
3f1fbd18
3f5ebefe
40233fc6
3f053f2f
40113f76
3fd93ebc
40243f97
bf393f3f
3fc7bf38
becd4027
3ef93eec
3ec6bf6a
3f18be86
3ed5bea5
3e51403f
4033402d
403a4010
3f513f96
4021400e
bee93fac
bee93f5c
3f563e53
3e373ef1
3e1b3f01
3fddbf43
3f1c3ef0
3f4f3e1c
3f95bf06
3f91c5d8
bf6c401d
3ff43f12
be1b3c0f
3e914001
40303f42
4021be47
3e883f63
3f513e10
3f7d3fd3
4019400e
402c4037
3f893f33
3fa53faf
3f9d3f05
3f5abec4
bef23f6c
40323e47
be203fbe
3fbbbd0a
bf2a3c18
3e27be59
3fb14018
40143ff2
bf523feb
bf34400b
bec74011
400e3f02
3ed03e24
3fdfbf28
3f014012
3f4c3fd1
3f993e78
3f573fe8
3fe43fc5
403b402f
bec5bd80
3fec3ff3
4025bf1c
bee1bf26
3f903e9f
bf263fc9
be043fc3
bf1f400e
bf4c3f84
3fdc3f8e
3fec4018
bf184024
45d83f0a
bf68bf52
4011400c
3fb94007
3f453a45
3de03fdb
be27bef4
3f9f3fb1
3fc03e3d
3fa94008
40083fd6
403f3f81
3f244010
3f64bf30
bf05402b
3f824025
40133fdd
3fb63e19
4037becf
be6e4038
40363fd8
bf02bf7e
3f603ee2
3f0f3ca7
3fbf400b
3f153fa5
beb0401c
3f6a3eae
3fd24034
3d374020
3f9e4010
40323f92
3f924007
3e5fbefb
3f833ff7
3f55becb
3f82400a
402e3ff6
400f4003
3f25be8d
beb9be11
3f5d4004
3f54bf64
3ec74039
400c3fd8
bf0b3f47
3fb73f27
40053ed9
40044006
400cc5d8
beb63f00
bda73fea
3f1d401d
bede3efc
3f103dd7
3f71403c
402f3df0
bd843f81
3fd24012
3fa63f80
bf233eff
3e623ef2
400e3f37
3f194013
40344034
40093fa3
3f36bf2c
3efe3f7f
3ed9bf7c
3fe84039
be583ee1
bea83f80
3e9f4036
bf204002
40313fab
40044027
40393ed8
3f98bf4e
bf6e3e93
40214012
be0f4033
bce93db3
3f113d1c
402b4011
3ef63e9b
3e3c3ea9
3ff84031
3fec3f35
bf324025
bf2d3e9d
403a3e14
bf6e3fc9
3fe03e96
bf5b3fa4
3fab3f30
3f273e97
3dee402e
45d83d58
3f443ff3
3fd33ff7
bf754030
4027403d
3fd94024
4015bf2a
bf64400d
3febbe93
bf223f12
402f3cf3
3fcc400f
4012beb8
3f58bd89
bf743f9c
3f914034
3fdd4003
3f1e3ec2
be7fbf66
402e4007
3f29bf52
3d153f56
40053eae
3e834037
beb53ec1
bea94032
3dd5402d
3eeb3f48
402b3f9b
3ccfbe27
3f36bde4
bf19400c
bd4c3c44
bf4e3f05
3f5a3fcc
bf383fd6
3fe7bef4
be1cbf23
bee24005
be483f54
401a3fdf
3f903f0e
bf374025
3e08bf07
bf5645d8
3fdf3ee2
3f9fbed9
be7d3be5
bf393fab
bf343e55
3a0fbf13
be803de0
3fe63fe3
bf004031
401b3fc2
40263eda
3f21bf2e
bf4e3f13
be86403f
bf0d3f91
bf074023
3e823f8a
3f5d403d
bf48402e
bf074035
bed23fd6
3fc63ff1
bf5fbf48
401b3f3e
4013be17
3f664017
40303f5e
400f3ed5
4038bf49
3f81bd3e
400bbe1d
3f04beec
be7f3fa8
3fe9401a
bf364034
3fb33f60
402abf71
bebb3f83
bda9bef0
bf643fe5
403e4030
beaebf11
bf593da1
3ff23fd1
40404014
400e400f
3fdc4004
c5d83fff
3f0f4013
be7d400f
3ef53f3f
40193eb8
3ed23edc
bf2fbe8e
be9ebf3e
3f85bd1d
3fda4025
3fc3bed6
3fcbbf1c
40043fe9
3fd33e8e
bf333dad
40393ab5
3fb53eed
40173fec
bf7a403d
3f163fdc
3fea3ffa
3f154003
be89bea2
bd35403d
3f8e402f
3fff402a
3ed93eef
3fd3bf0e
3ffcbf45
3ead400e
4013403a
4001bf3e
3e40bf0d
40243e1c
3f573f85
3fc93fa6
3eff4018
bd044018
40223e72
bf1d3f87
be993f1f
3f0c3f18
3fc0becc
bf03beb1
3f6a3fd4
3fd23ed4
3f4c3f33
3f1a4018
3ff7403b
bdac45d8
40313e2a
be454031
3fb93fae
3fb43f96
3f87bc26
40073fdc
3ebe3ffd
bddc3fe7
4029bcf3
be553f78
3ebd3f70
4030bf29
3f8e3f5a
40153f27
3ff33f8a
be8bbe69
3fb33fe0
3f02bf5a
3fd5beb3
bf5d3dfe
3fa6bf09
40183e85
be41401f
40263fae
3ff83f53
3fc24031
be9a3f8a
3fc8bf71
3e5e4032
3f243f25
3fc23fa9
4016402d
3f24beb2
3fd04007
3f4c3fac
3fd64032
402e4035
3ffcbf57
40373ef1
400ebeb8
be13bf71
3ec0bed1
3fa5bde1
3f4f4032
401f3eea
40354033
bdb8400f
c5d83f94
be53bf48
3f673fa2
40223cdf
40024022
3fd7402f
bf46bf26
3ff73f16
402d3ec6
3fe04023
4030402f
3fb03eec
3fb2bea7
40253f8a
4037be93
401b3fba
be4a4034
3f113fe0
3e5c3f09
bebc403b
bdc5bf36
3e7cbef9
3cfdbefd
bea1bf55
be0b3fb1
3f8cbf14
3f95bf41
3fa93fee
bf323fc7
3effbf0b
bf613ff1
3fb33fc2
bf0ebeb3
bec83fc4
3d593f7b
401f3f6e
403e3fba
4038bf67
3eefbf0f
40023fd7
400b4016
be5d3f4e
3e0cbf21
3f7f401d
bf7c401f
be1e3ffe
3f744034
3f8bbe65
3d99bd93
be9145d8
402b3fc1
be9b400e
402dbf6b
3fc3402c
3f98400e
4033bf34
3e303f89
3fd23fa4
40243fc0
40193fd2
40123fea
3ff9402f
3f69bf07
3ff8bed3
4026beca
40134026
3f9d3fec
4014401b
3f684037
bf623dfd
401e4014
3fc94003
bf3ebf3a
3f30be83
3f83be54
bf7e3ff6
bf5e3fa2
400a3fac
3feabec7
4016be4c
40344030
3fe5befc
be3c3f00
bf09befe
400c4003
bd094000
3fdd4031
3eef3dc5
3fdd3db8
3f0a3ffa
3fd9bf3c
40053f82
bebd3fc9
3f3a403f
bf57be49
3fb53fe4
3f954000
c5d8bf27
4035bea3
403a3fae
3ec13fa7
3f403f2f
3fb44014
3f28403f
3ea03f1f
401fbf08
be52403f
bf2f3e98
40243fb0
bf2f4024
3f613f67
3e883fb8
bf753ff1
3fb8beb9
3fdc3f6a
3f973d0e
be4ebf4e
3fab4005
bf10403d
bef43fe7
bc1abe94
4015bf5b
3f433fbe
3e233ff4
3f934002
be013fed
3f1e3f8c
bf013f04
40083e8f
3fd9be03
becb3d65
3f8c400e
401b400c
3fdb4017
40143feb
bf523f53
3f9e3f8c
400abefc
3fe2402e
3f5d3ff3
3fd2be9d
bf713fc5
401c3f21
4035402b
3ffb3f7b
40023feb
3f5045d8
be5cbf3a
be463fd7
3f214027
bf614009
3ff3401e
3f633e39
40373ff9
3f8b4035
3e9bbf1a
3fc53f43
403f3ff5
beeb402c
4038402e
3e2b3f95
3faa3ff8
bf763fc0
3fdd403e
3f68bf6e
bf10bf4d
bf0fbefa
3fe43f12
be5abf7e
bf09bf26
3ee44029
3f8a3f01
bf0a4040
402e402f
bf2a3f85
3fbdbf28
3e1b3f59
3f744017
3fd9bbe2
bf2a3f95
400abf60
be373f17
bebc401b
bdea3ec9
bf013fe9
3f5fbe49
bdbb3fa8
401bbf3f
bf5b3f1a
bf624013
3f6ebd4d
3f05bf57
4019bf33
3fcc4035
c5d8bf32
bf113ffa
3eda3fbb
3fe3beb2
40213fbc
40163f0d
3fb5bd92
3f384021
4016403c
3f64401d
3fc33f9f
3f92403d
befabf2c
3fa13ebb
3ea93f4e
bedd3fbd
3fddbddc
bf47bf64
bf463ea5
40143e93
beb34040
3edf3fa9
3f893fc8
bf6cbe87
3fac3f9a
403f4023
402b3f27
bee23fed
bd323f4a
befe3fff
3fed3f7f
bee7beb1
3fdf403c
3f8bbec7
3f204020
bec13f91
be8e4032
3ff13fc3
3e373e3a
3e1f3de1
3e554035
40073fce
bf103f0a
3ff93f52
3f964028
3f963f36
bf6b3f93
3f36bf69
be8f400d
402d45d8
3e7e4032
3f614018
3feb4017
40233fcf
3f3c403a
bf7abeb0
40153fee
bed84014
40283f03
3d8d4027
3fda3f8b
3ffb4018
bf0d4009
bf04401d
bf573f77
bdb1bde7
400a402f
3f8abf7e
3f8c3f42
403dbf56
3fda3ff6
bef14002
bf6b4005
bea93d0a
bf6ebf3d
3f684013
bd01be95
bf79401f
3ff4bed3
3e7d3fa6
4016402c
beae3f1c
bf2d3ebb
3fef3fe8
403cbf2a
bf6a4000
400c3e9a
be9ebe67
3fc8bf53
bf634010
3ad03f60
3fdfbf7c
3f3e3fd7
3f223ee8
bf6e3eb8
3f203f5b
40363f0d
c5d83e1c
400d3e03
be95bf7d
3eb03fa7
402c3e11
403ebdef
4035bba0
3e64bf3c
3fe24032
bf323fd5
3ffcbf0c
403ebf65
3facbf54
3efc3f1a
be943fbd
be9d3f0e
bf41402a
3ecc3ffe
3f70401f
402f3ffe
400bbe35
bf423ec5
403d3f65
bf643f0f
40093fe0
401d4035
be85400d
bf0e4018
40133fd3
3f5e402c
bf603fc3
3e633fae
bf2d3b80
3e8e4008
3c41beb0
4018be8c
3ecc3f98
bf2abf23
3ff43f3c
3c263e4a
40273fc7
4004bf72
bf3e3f75
3d62bdc3
3d79c5d8
3fa0bf00
beac3fba
403f3f8d
3f873ebf
be673bc3
3ed0bf09
3f98403f
401cbf39
3ed83e4d
400dbddb
bf6bbeee
bf01bf51
402a403f
3ec4bf30
403f4027
3fee3efe
bf2d3e78
40393e95
3f463f96
40143f99
403a3f88
3fec402a
40404028
3f853fd2
3f704016
3f013f17
3f85be12
3f17401d
3fb54002
3f803e8c
40234016
bf31be14
3fcbbf11
3e0d3f17
bea03e4c
40323fba
bea54025
bf41bf60
3fd6403b
3fc23ffe
bf7b3fe6
3eb34009
401d4014
402d402f
be383e9b
3f854028
3f1dbe37
45d8bf3b
4037bf5f
3f183fbe
3f523fbc
bf3e3fd5
4034bf7c
3dcb3fb4
40154032
bf284039
beef3fc7
3fc83f8d
bf323f8d
3f0d3fa2
3f513eb4
3f3a3f13
bf32403a
3f3f3f91
3e6c3fac
4011beb7
bf163e1c
3fa93f02
40233f96
bf1fbf1a
3f973fb6
400e403e
402d403a
40263f52
3edd4015
bf08beec
401b401c
bd3d3f92
3fb04035
bf483fc0
3f323e50
3fd13f64
3f61bf5e
3fe5bf6a
3f283f46
400b4032
3ec3bf50
402abf7a
3facbf5a
3ff33fd5
3fdd3f11
bf6d4034
3e5b401c
401c4037
bf06402f
bf163f3e
3ee7c5d8
3f0dbea8
be87be41
3ff33f98
3fa5bf67
3f1a3f8f
3f7f4033
3f643fa4
3eb9bea2
bf583ff3
40244039
bf4fbdf7
400fbf2a
3f543f94
403e3fe8
4000403d
bee23fa3
3e953f82
3f953fd3
3ff74011
be394012
bee03f9f
3ff5be61
be3bbf76
3fbc4008
3f9a4030
400e401f
bf313ffe
be5b3fde
3fcf4019
bf673f9c
3fe23f98
be97401a
3fff3fcd
401e3fb2
3ec73fee
bf1b4030
be12be9f
3f90403c
3ec53f79
3c433e5c
3e713f07
400bbf7d
3ee43fb9
3f284027
3f323e15
4029be31
3fa13fde
45d83d85
3eda3f79
40073fa8
3fe3bf2d
3f84bf75
3fd93fe8
bf093f9f
3fdf4012
bf1e400d
400e3fc8
403c3f5b
3ff9403f
bf05bed0
4022400d
402f3e92
bf273f00
40153dfd
40393f60
bf75402d
3e7d3fbb
3fd93fb0
3f8f3f0d
3c6e4007
bf11bed9
3f26be16
3fe3bf2c
403fbf2c
3fb03f6d
3edcbf27
3f993f00
3ee94021
403a3f24
3f914035
4030bede
bf73bf6e
3fd14001
3fa7bf5d
3fcb3f60
3ea73f5a
3e333f5d
400a3fb6
3eb13ef8
4027bd57
3fa44002
4027401f
40083f77
3f20bf03
3f92bbe4
3fcb4040
4013c5d8
400bbf36
3f583f1c
400f3e7d
3fe0400f
bf7c4007
3fe13faa
bf73bf1d
bf53bf2f
be993d1f
befe402f
40233f97
3f09403d
3fb94005
3fff4025
bf443fcb
3e90bc23
402fbf39
bef6beb9
bf1d401f
4023be7e
3f6dbeca
bf1ebe08
3f813ede
3fae402e
bf663f8c
402bbf2f
40133fba
3fdbbf79
4030403e
3fc23fcd
3fb93f56
4011bf0a
3fc2401f
3eb83f3b
bedb3f99
3eb2beb8
3e344014
3fcf4015
3f203fd7
403a3f68
3e234034
3cf83eb8
3ff1bf33
400f4023
40213fc6
bf0abf0c
3f1f4034
45d8be68
402f3f28
3f9c3f01
bf0c3f8e
3ecabed1
bc323ff6
3f274030
4038bf6a
402b400a
3fbdbea5
3e423f2e
3f66401c
3facbec5
4017402b
3fd13f64
3f664038
3ff2bf58
3f313efe
3fdc4031
3edebf64
4022bee5
bea54034
3fe93fd7
bea73f96
beef4012
3ea23f36
be914016
402abf34
3ed23f98
3e3fbf69
be81be90
be033f6b
bee63fff
3ee83fb4
3e0a3cad
3f484006
3fa44024
3e494033
3fa23f82
bf20bf67
403d3f64
3f253f55
3fcb403b
3fb93c52
3ffebf3e
3fb23fd0
3f8c3dbe
3f3e3efa
3e883f38
4022c5d8
bed43faa
3f833ffb
3fdbbdf5
4002be48
be3fbf42
40173fe7
bf52402a
3edcbf43
3ff0400c
4008bf44
4014bf22
4000bcdf
40064011
402b3fab
be353ee0
3f6f400b
3ea3402f
3faabef5
40153fc9
4010bf7b
bf1c3f79
be533fa4
3f553fb3
bf7f4001
bebb402d
40163f8d
4034bf42
3f50bf19
3f2ebf07
4006bf03
40183fb8
3f463f4a
3d5e400b
40093f11
3f9f3f91
40313e4a
beef3f5e
4010bee6
402ebeae
3fddbe98
bf63400d
3f713e5d
bf39bf32
3f45bf07
be9f3f96
be9c403c
bea63f83
45d83f74
400a3f1c
400dbf22
402b3f05
3ff13eb3
3e5c3dba
bf3fbf34
3f6f4039
bd203f4f
bf453f0f
bf424002
3fe93f19
3fca3e48
3e894018
40083f1d
3f843eeb
bf303fee
40154004
bec44023
40003e8a
3fc43f15
3fd3401a
402e3d8e
3fbf3f90
beb33fb8
3ea13fdd
3f303e58
3faa3e2c
40133f0a
3f713fe7
400e3ff0
bf713e64
3fc23f90
40243e65
3f8c4039
3eb0beaa
4026bf77
bdd33f3b
403c3fb8
3fa53f33
3fa23f91
bf4a4001
be4d3da5
3f29bf4b
bee23fc0
3ffd402e
3fa43e93
3f213f25
3f58be46
3f4ec5d8
3efcbf3a
3f0f3f72
3fe33f1d
3d6bbccd
3f1f3f99
3f063ef6
400b3daa
3ea44024
3e00beca
3ee23fdf
bf7e3fba
bf2a3fb3
402c3f89
3e15bec5
3fa03ecd
3fbc3d56
3fb44014
be113ff5
3fd1bf72
3fa5bed9
bf313f3e
bf163f9a
be643eb3
3f9e3f4a
3fd63f25
3fc03f8c
3d394027
bf74400f
3f5c403a
3f9a3fd6
bf203fe7
3fd73ff7
bf323fff
bec94001
3f9d3f5f
3e7d3e97
3e09be88
3fee3f71
3f2d3f64
bf723f11
3fb24012
bf49402c
40003f0a
3fbb3f9e
bf6f3f3f
bf7b3f4e
3f853f70
45d83dd7
becebf34
3f58bf5a
3eebbec3
401c403c
bef63f9a
3f503f91
bf6e3fdd
3f694013
bf243fcd
3f39400c
bedf3f6a
40293f63
3f393e8b
3ebc3f3b
3fe1bdf6
be023f37
3f5e3f5a
4033bede
402f400f
bf56bef2
3ed6be59
40033e8b
40174037
3f92bf55
4016bf5d
bdf3bf26
bf22402d
bf6cbf11
40093fbf
bf4f402e
40194016
3f82bf6c
3f5c4032
3f50be3a
3e7b3faf
3ccd3f5f
bf273f88
3fa1bef4
3fa93f8c
3fb13ff1
3ffc4011
3fd33d66
3f923f81
bf3fbf16
3f423f6c
3d81bebd
3fa9bf0e
3f9fbf6c
3ec9c5d8
beac3e10
40333fed
3ed83fc9
3fac3fbb
3edd3edc
3f494025
40114032
bf10402c
bf19be92
3f6b3fbb
3f5dbf5b
3fd23f0d
3dc5bf78
40213e0b
bed9401b
3f76be03
3f964029
3f5fbeb8
bdf04015
400c4031
3fc13e87
be133f41
3f9cbf7e
3ffd3f3d
3f204002
3f853f04
400f3f6c
3f9d3f4b
3f85be97
3d393f01
3fc23f79
3f684028
3f7d3fbb
403ebec1
40064000
40373f19
3f8bbf47
4026beab
3ed73f2f
4021be45
4033403f
bf6a3fef
c5d83f9f
3f90bf3d
bf1c3f88
bdfe3ebe
402d3f08
bebcbf28
be773f85
3f103fa2
3fea4035
3fb73fc8
bbb0bf30
bf373fa1
3e8cbf69
3fd34028
3fe0be02
3ed73f88
3f9e3f67
bef34009
3fb53fa3
40393ec0
bf114025
4036400d
40334002
40244022
3feb3f54
bf453fe5
3eca4023
4000bebe
3fcb403f
40133fb8
3ff8bf2b
bf524035
3ff0402d
3edd4014
40323fad
40364038
bf053f83
bf053f31
400a400f
40063ff0
bf5dbf57
3f88bf67
4009bf17
bf454012
3f993dae
3ffcbf1c
3f8c3fc7
401e3e33
402d3fc3
3ffd45d8
40243f65
3f4d4017
3ea14003
bf384022
bf214023
40203fa5
be4c3ed3
4033bf04
403a3f24
3e823fa5
3e3a3f86
bef63f1e
be8c3fb1
3d394015
bf37401e
3f684027
3f0c3f64
4016be19
40114002
3c8d3f9d
3faa3e54
40214005
400b3fac
3fdcbeee
3fcc3f40
3efd401d
3f653f4b
3ff83f72
40113e69
4036403c
3f543f37
40323f71
3fb53f80
bf1f3fdf
3fd3402e
3e94402f
3f834026
3fdf3ff0
bf6e3f9a
400a4020
40303ff6
3f213ebe
401f3f0f
bea13fdf
3fd43f82
bdf63fcc
4015400f
c5d83fe3
3ea64009
4007beb8
401f3edc
3eaf4028
3e884014
3f343fad
bf1e3f9f
3ea73ea9
3fff4021
3ecbbd19
40153d14
40144012
403c3f74
4005bf42
3f373feb
40163f2b
bf06bf75
40113de0
bf64bf08
40243fb5
40354009
4028bf27
bf073f26
bf193f8f
bf083f78
bf0f4009
4027bda5
bd443ff3
be9b3f82
3fc13fd3
3d753f3f
be84be20
3fbc402e
3f023fe7
3ef34033
bdc93f0d
4011bf0a
3f88bf06
3ff5bf0b
3ee43f09
bf573fd1
3fff402d
3f92bef0
3fbe3f50
3ce24008
401d4021
3fb33fcd
40313f05
3fff45d8
bf01bf64
bf68beb8
3f00bf33
40043f32
bf304008
40024021
3f3d4031
403abef9
3f9e3f3b
3f38bf2b
3fb4be1f
3f1a3fc6
4039403b
40234030
bf014031
3de7beb0
3e4a4024
3de2bf14
be1b400c
40393fbf
be1c3eb1
3ee84008
bf6f3f77
3f013f71
3ff93fe6
40304027
401c3f14
3fa83ee2
bf76be45
3f2b3f30
3f623fa9
3f173f12
bf253f3e
3fe0401c
bf2a4035
3fa0be3e
bf3e3f5f
403bbeac
3ed74039
4021bf09
40393ffd
be7fbe83
3f844034
3f703f3c
3e0b3feb
3fe6bedf
3eac3f8e
c5d83f0f
bf293f80
403c3fe8
bdb43f54
4018bf54
40203f05
bf743fb6
4026400b
3fc23f28
3e1f3f55
bf36bea1
be4e402a
400ebf45
3f0b3fd3
bf583f51
3f823e07
402a3fad
bef93e82
400b4036
3f484028
3eef3ec6
403bbdde
3fa4bf0c
40083fbe
3f023fdf
40163fb7
3fb3bf2c
3f873ffb
bf72beb5
bf44bf39
402d403c
bf163fef
3fc9bd31
3f7c3fdb
3fa94029
3f7c4030
40213f9a
3fd83f4b
3fbebf1c
3fc1bf0d
3f4b3fc8
3fe33f3e
3f893e91
403e3ed2
3f20be6d
bf2b4026
403e3fe2
bea13d2b
3f144013
bf6f45d8
40303f99
3ff13f14
3f69400b
40353c87
40284026
3fa84023
3fcb4029
3ff03e04
3fcc3fa4
bf1f3fa7
3efa3f82
3f89bea5
3ec73ea0
40053f18
3ec83f0a
4028bec8
3f3a3faf
400f3f23
40273f24
403d3fea
3fa03f2c
bf40403c
400a3ffd
3f6a3ec4
3fb03fa7
403e4016
3f4a3fa6
3ffb3f17
3dfb3fbd
3fe1402d
3deb3fc0
3d8e3f12
3fb83f64
4032bf3d
3f2f3f7c
3ff03f03
3ff7bf02
3f88bf47
3fb43fd6
403cbf22
bf464018
3fe8bf60
3ff73eb8
3fc94029
400a3fc4
3fe7bc4c
401b4039
c5d8befc
3f06bee3
40093ea6
bf73bf4b
401a3e19
bf6bbf3b
bf5a3e06
3fa73ff1
bea23fe0
3f483fc9
bf7b3f9b
bdde400b
3fb4bf2a
3fc5bb92
bdf63f07
3fc2bf6a
bf79401d
3cff3f01
3f1ebf15
3f9d3f73
3f263e14
3fe13fd8
403d4012
bd844022
3f0c4030
40213f70
40344027
bf66bec2
3fc5bed2
befa4012
40303fb8
3f7c3f60
3f71bd12
3fae3f1c
bd32bf69
3ff54001
3e093ec5
403e4006
3eeb3fd7
bcd43e3b
40023f4d
be823fc7
beb94033
3f27400d
3ffdbf3a
bcf93fdd
3e233efe
4029bf31
3becbf7d
3edd45d8
401a402a
3f683e38
be85bf39
bf0e3f2d
3ff34040
be723f8f
be823fbe
bf323ff3
bf414007
bd97400f
3fbdbf30
3ffc3f58
bf39400e
4016401b
3f4e3f8e
3f1bbf7d
bf27be8c
3fb34018
3f16be91
3f3f3fe3
bd8e3f83
bf353ff8
3fa8bf05
3f66bf2a
be443e29
3f46bf07
bf373fa2
3fb73f03
4010be82
40173ffd
40243ea1
3e7f4017
bf1f4012
4014403a
3f693f4f
402a402e
40293fd5
3cf3bf62
3f033fac
3f503e4a
3e6f3d0d
bdbf3eec
3ef14010
3ffdbe76
401ebe11
be8b3f2c
bf693fa8
c5d83fc5
3f524034
3f343e92
bf383fda
bef2bf21
3ee8403e
bf0e400e
3f8ebc65
be863f18
3f0b4012
3f843ed3
3f7c4038
4034401d
3f5f4026
4006bc81
bf113eaf
bf243e3c
3e1dbe16
be474019
3f89403b
3fdc3ee3
bf334021
403a4013
3fdf3f18
3ff5bf64
3fd4bf6e
4009bded
3ff64023
4019bf3b
3f5ebf41
3bf7403b
bf563fbf
3f7e402b
40313d3d
3eb23fd8
3e033e18
3eeb3c9a
3f754004
3d7bbd45
3f5c3f53
3f19bf75
3f234025
4005bf24
3f873ed6
400e3f81
403b4002
3fa33fa4
be5e3fd7
bf503fa2
401d45d8
beb93f89
3fc63fa8
3fb73f84
40183fcb
bda43f7b
40283e5d
beba3f81
be07bf79
3e063efc
3fd6400a
3f53bf48
4036bf4b
3fe14039
bf5dbf15
3e9d403e
bf78bf11
bf10be78
bef63f9c
be194019
40184006
3f9b3fed
401f3f31
3e003f87
bf163e98
4028bf00
bf053ebf
3ed33e46
3d1b3fad
40043d9a
40004012
3f2e403b
40403df8
3f09400b
403f3fce
3f6b3f96
be26403a
3f1dbed3
400f3f2f
4035bf00
401b4019
402f4010
bf383e9f
bf474007
4003bed5
be5a4018
3ded4033
3f734021
c5d84021
3db43dce
401c403f
3e393f84
3f69bdeb
be584006
3fc03f0e
3ff93ef8
3f3d3fea
be313fb3
3ff8bf2d
3c06bebe
3e8b3dcc
3f6bbe98
40143f91
3fd1bed8
40333fdd
bed24026
bf043fa9
403b3fdf
ba043f81
bf764012
3fad3f49
401d3fdd
bed64000
3ff04012
beabbf1a
3f3d3ffa
3f353fd9
400c3fe2
3fd0400f
4034bbf5
3fb24029
4016403f
be9ebe2c
be07400e
3d1e4037
bf253f83
3ee13e86
3ff74033
4007402e
3f113ffa
3f50bf14
bf0dbf14
3fddc5d8
bec13f9b
40364030
3ff93e82
3f23402b
3fdb3ffc
bf043e7c
3f453ffd
3fd6be08
3eadbf18
40323f55
3f85bf20
40143edb
3f823f8f
3fba3f93
3f483f5e
3fa6befa
bf30bf72
3fa3402b
bf22403b
403fbc14
3f333eb1
bf32bed1
bf66401b
401a403d
3f873ddf
4022403a
403a3faa
bf554009
40143fa8
40063f08
3db93fa4
3da73d82
3fb44000
3feb3fd1
bf7b4004
3f71400b
bd92bf04
403dbd91
bf763fe1
3fbebf2e
3fd2be33
401c3fa0
bf0cbf25
bea93ecd
3ee13f50
bf6dbef2
3f27be5d
45d8bf6e
3d083ff8
bde13f07
bf2d3fed
3d44bed6
3fe73fac
bf3fbf29
be0d3fb3
3f0abf00
be483eec
bf003ef5
3f263fa5
403b3ea2
bee2bf45
be6d3e7e
403f3fe6
3f4c4026
3ffc4015
3feb401a
400d3f2d
be653f31
3f9a3e9a
bf05401f
4019bd23
3f973e36
3fbc3ec9
be414034
bee6bf3e
40193f8d
3f073fb6
3fd64012
3f8cbf28
bf49bd64
3e203fe6
beb0bf65
40053e42
3fb23f9d
4003be9a
40024036
3fb93fbb
3f243edf
beca4020
40114025
3fe74040
bf09bf4e
3fa03e93
bdb23faa
3fdc3fd0
3ea43f85
3fd6c5d8
3fcf3e4c
4001bf04
3d98bd20
3f8f4021
40203fbb
be993ffb
beb53ed6
3fe4bf5e
3fcb4004
3f95be86
3fdcbf48
4020402c
400c3f13
401abea4
3faf3fa1
bf3f4028
3fee3e63
3f113f7e
bf353ed7
3fb8becc
bd9dbeab
4026bf0e
be703fce
3f683f56
3fa1bf32
3f944010
be3c3f7b
3fae4011
40093fc3
bf223fdf
403e4024
3f604024
be4e3ff6
3f273f71
3dfd3fef
403f3f49
400cbf72
3ff33eea
40013eb7
4012bf1a
401b3faf
400b4036
40244004
bdf23f87
bf1a400f
402b3fcf
3fdc3f1a
45d8400d
bf4a4034
3fe3be95
3f893d92
3e5a3fc3
bf4f3efa
3f30bf01
3f24bf4b
3fab403d
bf5e3f2d
3ff2bf04
3f364031
bf4e400f
3c6f401b
be6a400e
3fd33eeb
bf453ea0
bed03f3e
bd8c3fa6
3f6c4006
3fca3e64
3f323fb4
3fa33f5a
3f89bf45
3f214029
40383de9
4035bef5
3ec2bf40
3fdb3eb2
be163f8b
be3e3f61
3fa5bf5e
bf2f3f94
3f1a3fe5
3f3ebee7
40383f8e
40203d29
bed43f4f
4039402b
3f344033
3fe9bef0
3e78beb3
3fae3fd8
3dcebf3e
4014bee0
bcae3ff8
bf38bf49
3f45bf7c
3f59bf7d
3fa8c5d8
3f863f30
3e013f41
3fe7bef4
3e183fbd
3fbebf68
3fb03f57
40034016
3fba3ddf
3f8f401c
40283fb1
3ee0400b
3fe33f4b
402dbec5
be41bf59
402f400c
4028beb0
3fc93feb
3ebd3fdc
3f7e403d
3f6e3e66
3fb14034
3fcf3f7c
3ff3bec8
401a3fd6
be8c3ecc
3f503f92
4024403c
3f73bf42
4037be9a
3f1c3db3
402a3fdc
400f3ff0
3f703e01
bea74032
4005400b
3ff74010
bf04be8c
bdfc3ff4
3f53be68
403f4014
3fda4037
3eb34022
3f183f95
3fddbe9e
4021bf20
3ead3ddf
3fd3bdde
45d8beb7
bf07bf0e
befd3fcc
3d1d3f04
be1abea4
3fcd3f94
403bbeb6
3d4a3ff8
3fd13fcd
3fae4009
bf3bbde9
bdeebe61
3dca3eb8
3f8d3ffd
3f7b402a
3fe84008
bf4b402a
be883f1d
40144022
3eb83b34
3fcc4003
4029400c
403b3e1b
3f7f3f21
bf27be96
bf6abf48
3fc74008
3f243eee
4017bf3c
40084003
3faa3fea
bf34bf4a
3f7a3e9d
3f0f3fb0
3fa63eb1
3fa9402f
40083fbb
3e003e3c
3f823e4e
be823f8c
bef83fd5
3f923ff5
3f96bf1f
40363e41
bf193eb7
403d4003
3f183f74
3d914037
40303efa
3fddc5d8
3fb33fe2
3fab400f
bea53e97
3d603fef
bf3e3f78
4010bef6
402c3eaf
bd303d88
bf2bbeb7
4021bee1
3f053ff7
bf3a3fe1
bf5bbe90
bf753fc9
3f7c4022
3fa83f9e
3f524009
bf03bf46
40233fbe
3fbc3ff9
be35bf5b
bee94035
3f4d4039
beaf3e27
40233fed
bf083fc5
40084005
3ffb3fb6
3ee74007
3f92be82
3e68bf58
bded3f6c
bd694000
40263fa1
402cbf18
40153ed7
3f8c3f93
bec33fdf
3f8ebeed
bf743eb7
bf763fb3
3fa54017
40193fcb
bf22400c
40313f1c
40203fe6
3f40bf32
45d83e22
3f11bf72
bee43fa6
403dbf75
403f4023
40243d83
4007bf60
3f9c3eae
bf573f73
bf0a3f82
3fc0bd91
bd9fbf40
4038bf7d
3fa54038
beaf3e3d
4000bdd2
3f973ff9
3fe13e0d
be27bebc
3fe5bf7b
bf1b3f3c
3f8abe0b
bec4be84
3f9e3ef4
3f5c3f26
3ebcbe0a
40063ea4
bf5a4011
3fc24027
bd8bbf0d
3f91bf0c
3e97bd03
3eba403c
4031401b
3f963ea0
3e683fdb
3fa03fd4
3ed44030
3fe44025
bf03bf39
bf333f90
3fc53fe5
bf113f02
402bbf60
3e353f92
40253d1b
bf32beec
402a3fc5
3f8ebf1b
bf0bc5d8
3fb33f06
3f20bf0b
403b3e80
4031be5a
bf7d4011
401e3cbc
bdc33f9b
bf333fdb
be86403c
401f400e
bf333dee
bf1f3f2c
3f963fcb
3fdbbe88
3f7b3ebb
3fb3bd06
bf64bdc0
3f993da3
3e594017
400d400e
4035bf29
3f923def
3ec43fee
401c3ff4
40233f99
3f574006
3f53be0f
3ff2401c
3f933fe6
3ff5be20
3e3d401a
3fe5bf3f
401ebcbf
4007401c
40203fbd
3fda3ed6
3f50bf59
3f34bf1e
bf594006
bf163f07
3eaf3fce
3f7bbeb7
3fa5be60
4033be4a
bf574003
bf2fbf48
3ea73fad
45d83f8f
4025bd82
3f71401f
40273f50
3f773f89
3f69be23
403dbdaa
bf283e71
3ec9be1a
bf603f03
3f363fdf
3fd43e60
403f3dd1
3fde3fd9
3fa1be59
bf67bf33
bef9bee4
3fc7bc50
3f9f3f80
3ff83ff8
3e153f59
4007bf66
3f25bf70
403f3f27
3f1e4020
40053f3b
bdb5bf46
3f8a3f5f
bd5ebed3
3ff63f81
3d6d3fd5
3ec93fc7
3f8a403d
3e863e93
3df74036
402f400a
3faa401d
bea34005
3f5bbf66
bedd4001
40174026
be673fd5
bf093f82
3ec93fb7
403645d8
3f78402a
3feb3ec6
3f1c4010
401b4034
3ffc3eed
bdcd4001
3f90bf4a
4031bf37
3dad3f6e
bf023fa0
bed93f3d
bed33fc2
3fa43ef9
3f3c3dbf
3f834010
4039be8d
3fd33e52
402f4010
bf2e4028
bf23bf61
400e3fac
402e4007
bf4f3fd6
3edf3ec3
3fbf3f75
bf2a401b
bf2f3fc8
3e5a401b
3ece3fc1
4022bf7f
40213feb
3fb1401d
3f163fc5
bf17bf08
3e943fef
3f84bf73
401d3fb2
40233fb9
beda3fda
bf224027
3d703e96
400e3fa5
3ffcbec0
be454000
be9b401f
be14be4b
402d3f82
c5d83f42
3fae3fe7
40133f4d
be994000
3ff4400f
3c6c3ed3
3f364005
3ecfbd4b
3fe03eb9
3f03bf69
bf14be0a
3f08bf76
3ff93e87
be82402e
bf3d4016
3f293fbc
3d66bee5
bd72bf6f
bf383e2d
401e3f5a
401a4039
40053f64
bf594034
4020bf65
3dc44011
401f403c
401a4022
40104022
3ff3400a
40244008
3ff23fab
3fd4bdd3
3fb33f3e
3ffd4006
bf2f3ec6
4003400f
3f153fd4
3f63bcfe
3f703c44
3fc23ed9
4018403b
bf1f3f7d
3f82bf1b
40373fa0
befa3ea8
3effbe44
3eba3e8c
bf0f4011
40083f5d
403f45d8
3fe23e4f
3fd4be3a
3e363f4a
3d9a3ff8
3f083f62
3f20bf59
3fd64035
bda43fae
40153ff7
bf3a4027
3e44bf03
3f4f4010
3ffabf19
bf663f73
3fc93f85
400f3e81
3fa44017
3f80bdd6
3f273ebc
3fd63ed5
3ff7402d
3f2dbeb9
bf353f63
bf463ffc
be4b3dc0
3e683ffc
bf11bf54
bc713fe2
3f90be38
bf07bc0a
becb3f41
4029401d
bf204031
403a3fc6
3f25bebc
3eb43fb6
40073ec5
3ff13f76
be614006
3fe7bf46
3d434015
3ee83d8d
40404017
3f7f4027
bf47400f
3fe43f74
402b3f8f
c5d8400b
403b3fd7
3f3b3f24
3ebf3f5c
bed5401b
bf6ebdfb
3cd3bf5d
3f014017
40253f9a
3fed3fdd
40243e45
3f7c3fbb
3ff3403c
3ef13ff3
403e3fa2
bf1a401b
4012401f
3ff43fa2
3f9dbe7d
3f76bf7a
3e7c3fab
3fd9403c
3eca4019
beb83ed6
3e523ed7
bd173e51
40323e8f
3f913f75
402c3f8a
beb43e26
be2a3e07
4007400b
bd0a3ff0
bf3f4007
400a4032
3f284014
be3b3f06
3e3dbea0
be9b3f3f
3e9b3fd6
3f9cbe1e
4026bf07
be3abf77
3fabbf6f
40064015
3fb53fb9
3fa74015
3fe3be25
4028be16
3f4245d8
403c3f6f
401bbef5
be203e91
bee14039
3ff0400b
402e4025
3fd0bf76
3ff93fba
403bbf5a
402b3f74
bf6d402b
be9b3fd4
be4a4013
3ec4bf6e
3fe93db7
40393fd2
3f8e3e95
bee93fb0
3fc03eb7
401e3fda
3f3fbf3c
bf083fa0
3b844014
be913f3c
bf7ebf2a
3e984006
3e923f92
bdba4037
3f4b4030
3f6d3f0b
bea63f9e
3f78403b
bf54bef0
3fcc400b
be5c3fa7
be3b4030
3feebf23
bf223e89
3ff53eeb
3fd44008
bf2f3f47
3f9bbf5b
3edb3d4d
3fc6bf51
3ba73f55
bf78401b
40134004
c5d83f4d
401a3fe3
40333f9f
bd473fcc
4018400e
40163f0d
40303d68
3f053fe0
402a3eb8
3eb5bf0c
3fd2be79
3f34bf47
402d4027
40223f19
400c3fe3
3fb7bf2c
3fb13fd7
bf483e83
3ec43d35
bf373ff6
3e753e76
3c33bf70
3fdb401e
bdef4019
bed1402c
bf3dbf52
be534024
bcfcbe45
beaa4039
401b402a
40163fce
3d633e60
4014bf2f
3fc34014
3e5c4040
403b3dcd
3fde3f9f
401bbd45
3fbe4036
40104000
bf6d3f05
beee403e
40193f49
3f8b3fbc
40353fb8
bf213ff9
401c3e5e
bc2bbf26
bf5e400e
3f1c45d8
bd8cbd19
bf564033
bf393ed7
3f994019
3de83f99
3fd23f76
3fa83fe0
bf4c3fdf
4018400c
3e31be87
3f013ff1
3fea4034
40133ff1
3f043fa6
40394021
3fec3fbd
3e0fbf40
3fe04008
3f8b3f3c
3f994012
bed13fb8
3e83bf54
bf213f23
40373f63
3f8b4029
403f3d57
3f993fa9
3e233fff
3fcdbef0
403a3f89
3f24be8c
3dac3ecb
4038bda0
beb93ffc
3c3b3fde
40073f83
3f823fde
3ded3f08
3fe8bf70
40154032
bd9f3fbb
4016401b
bd863f05
bd0f3f92
401e3ffe
3d8b3e2c
bd1d3f89
c5d8bf59
4016bc75
40113fe6
3f9b3ff6
3f974013
bf743ed4
be41401b
3e164004
40093c05
40074007
3febbe89
4028be1b
3ed03fed
40193e3e
403bbeaa
40024029
bf203fa4
40323ff4
3f883fa8
3e813eb9
3fee402a
bf483f34
3e963fd8
bf253ff9
401b4010
3f74bd03
bf504033
3f823eeb
3ff04022
bf043f94
bef93f05
bf19403d
be5b3e6d
40014040
40124003
401f3fe9
bf7b400b
3ffc401f
402fbf30
bf1cbf5b
3fc4401a
bf083fc1
bf343f31
3f58403e
40053d85
3f9d4036
bf413ec9
3fd7be11
be8b3f5d
402445d8
bebf402b
40143f74
400abf6f
40143f37
40313f5a
bf584027
4035be43
bf5e3f35
3fdabf3c
40003fd3
3e85402d
40303f9b
bee34040
4006bebe
3fd4bf7e
402b3ff4
bd67bf6f
402b3e38
beeabf16
40324017
401e400d
40123f9c
be0f3fda
bec34008
40313c38
402f3d8b
3f803fbf
3f53bece
be8d4022
be7c3ee0
3f9bbe96
3f99bccf
3ff5400c
40223edf
bbc34027
40213fc6
3ebc4031
3eab3eb6
403f3f0d
be404002
40203fa3
3fef3f67
40053eae
3fad3fc9
3e9b3f80
be1abf2a
b9523f7b
c5d84003
bf1b3fbb
bf583fb1
40224017
bede3fbe
bf104025
40253e6a
4032bea4
4002bee4
4019be71
3fadbd10
3e123e69
3ff43f9a
3f3abe71
403ebf2e
3ff94004
be82401d
3f5f3ee1
3f8f4029
bf1ebf5e
3fb94036
3f8bbf6e
bf39be2c
3fa43ffa
be713e77
3f28be0b
3f874028
3fc84003
3f4dbf5c
bf7abf60
bcc53f9d
3f1c3ee5
403b4017
3fa43da0
40183fef
3f9a4004
bf35bf67
3ff3beb1
3ea63fb4
3f7e3fc7
bf7e403c
bed5402c
3da1bf1a
3fa4bedd
3fd5403a
402bbec9
3f4d3fd4
40103ebb
4025400b
3fd045d8
3fdf400d
be483f9f
3eac3fe0
4026bec4
3fdd3e13
40203ff9
40064020
be894022
3fae3ffe
bef43fd5
3f8c401b
3fffbcbf
3ff23ee1
bf4ebedb
3f5cbf3f
bdeb3fc8
40364032
40363f90
3f813fc7
403e4019
3fdebf67
bf3fbf64
bccdbd65
3f8d4023
bea9be3b
3fdb3fd1
3fb23fe7
3ed13f98
beef3faf
40043f07
3f703fb7
3fdb3fc8
3fbd3fa3
3e8c3f51
40403fc2
401c3f17
3fcd3ea9
40303ec8
3fa93f97
3fe7402d
be5c3fbd
be9f3f94
45d84026
3e52bf3f
3f85beec
bf4ebeea
4032bf75
bf153edd
3ebe401e
40194008
3fe13ed6
bf243f01
bf223ea7
bf49402a
401e4021
40093f66
bda33fdc
4002bed8
be9b3fc3
402b3f3f
bf5bbef7
3eb64011
403dbf30
3fd1bdcf
bf463fdb
402a3ff9
4027bf6a
3e3d3fce
3f393fa5
3f9b4022
3f75bf25
3f99bf7e
3f7c4004
beea4032
400dbe81
4034403b
3f593f25
bf513fc4
3fbe3ea3
be7c3f9a
402fbddd
3e834027
400c4025
3fb33ff3
3ffa4004
403d3eaa
40173fa8
3fe43f1e
3fd33e0d
be103f6a
40174000
bf42c5d8
3fed3ff3
40153eb9
be8b3cf8
bf68bf65
3fea3ff6
bd7d3ee1
3f353fea
402c3f60
bf62bf50
40373f31
3efd4009
bf24bef0
3f69bf00
4031403b
3f003fdc
40033f92
3f1c3ff8
3fc3be54
3f4a3df1
bf7f3f8a
3fea400b
3eca3fb9
bd1bbe4f
3faebe48
3f05beef
3fba3eea
3fb3bf62
bf12402f
3feebf73
3fcc3e87
3f3ebf66
3fde3f46
3f6f3e43
3efe3ef0
3f873fb6
bf2d4036
3f80bec8
bf1d3fa9
40073fb5
3efc3d4f
4006bf26
be434026
3f993fce
3fd6bed8
40313d43
403bbe7e
402d401b
45d84008
3f80bec1
3f903fc0
3fd43e79
3f193cea
3fca3f56
bcea4038
3edd4023
be1a3ef3
bec63fb3
3eddbf16
3f32bf7d
3e913fe8
3ecf3f05
40384034
bf2ebf58
40394032
400cbf36
40243fd9
40274011
3da84019
400f3e47
bec94019
3fb3be72
3fecbc5f
3f9c4017
3fb53f5f
bf26403a
3e7f4010
3c6ebf3c
3fa13f09
40343fd2
3e18bf7f
bf5a3f7d
3f5c402f
bf094012
400d3ea4
40023f2f
be97be82
bdb7bf58
3fa13e73
40214005
3fb7bf0d
40293fb1
beddbf27
40263fba
be583f4a
bf1f3f22
3f35402e
3fe1c5d8
bf0cbe53
40243eb1
4034bed1
3f5a3fea
3eea4021
3fe53ed2
40383f96
4005be86
bb453f43
3fdc3fab
40133dbe
3fd93f82
bf77403c
bf104003
3eaf3efc
3f0a402c
bf24bf66
bec8403c
4038402f
3f983fc0
3fba3f60
bf0e403a
3f493fee
4028bf36
40223ec9
4036be20
3eddbf6c
40313f80
bf293e87
3eae3f9c
3f813f09
3f493f1f
400a4011
3ed8401e
40153e05
3f6ebf12
40244029
bee93ef7
3f12be40
40404036
3fba3f4b
beb0bf7f
3f693fcb
bdca400d
40373fc4
3f7b400f
3e1a3fdf
45d83f9c
bf2b3ffd
be813f85
bd1d401e
40173e72
bf373e9d
3ed13e5c
3f403f64
bf4cbdeb
40053fb8
402d4007
3dc94005
bf01be3b
3f203ea7
3d32bbfd
40053f9b
3fa74003
bf163fd6
40343ff7
3e8fbf61
bf06bc46
3fa83f8b
befabf64
40344032
3edf3f8a
3f863fdd
3f173fcd
403f401a
3fe24028
3d653f80
40253f36
bf1a3e2e
bee2bf67
3f3c401b
3fc1be2b
40323f83
401bbef5
3e633e0a
3ff4be97
403d3d7f
bf0d400c
3fd6403e
3fc04014
be944007
3f373f08
3fb43e56
beeabf02
3ec93f47
3faf3fe3
bf28c5d8
3e88bf46
4023402d
3f3d3fd2
3df43fe7
400a4017
beb63f3e
3f39bf76
3f913fc8
3fd54026
3f6cbcf2
3ff2402a
402cbf41
3f743f5f
3f0b3fce
3fe5401c
bee63e94
3f533f35
402fbf37
4038be3b
bf06403b
3eab3fe7
3f0f3f68
40294011
3f93bf40
3fd23ed1
3f844003
3fbdbf56
40024031
be58bcce
bf543f12
40133ea9
3e2e3f4c
3ff2be5e
be074037
bd1bbe56
3fc83f8d
3f92bf3f
bed83e44
be34401b
402cbf5a
3fcd400e
3e9e3f13
40294007
401c3fc8
3ee3402c
3f8a401c
3fb7401f
45d83fac
bef33f98
be76402b
3fc7be5b
bf04bf09
3fc43f6a
3f77403b
4028bf59
3f87bdb9
3f2ebf1e
beb34034
bef13ea1
3fc33f39
3fe04006
3ff3bf03
40323fb0
403bbe6d
3faabf27
402c3f83
3fac3f72
3fe4bf07
bf323f05
3fba3f00
bcb4bf10
bd9cbf6f
4039403f
3f7e3fcd
3ef74012
3f2bbf5e
3fbb3ff9
400abe59
bf563fdb
3ffa3ff3
401a4002
bd8f3ffe
3fa7bf2a
3f6f3f68
3e15bef9
bebf3ee3
befc3f5f
3fd7bf17
3fd7401e
4017bf4c
3f463f3a
3f87bf3e
bec84013
40223f48
3fd8402b
3fdebf38
3f80c5d8
bf4b4026
3addbecf
40273f9f
40153f16
3fda4024
40263f28
bf683e50
4017bf16
402c3f5a
3ea5bf01
40283fb7
3eec4024
3fbabf3c
3ff24023
3f853ec6
3f3a3f19
3f74be48
3f833fb0
40074033
3f7dbf50
400fbef4
402b3fd3
3e883f98
3f58403e
40223ffd
3fbf4006
3fe13fc6
3fb93fbe
bf4f4015
403b3fe8
3feabf39
3fb7bf6c
3fe9bf25
4037bf78
3f613faf
3eb74003
400b3f4d
3fac3f0d
3f143f8a
40303fcc
3f073f89
be0d3f59
400a3fe5
bf7a402e
3fe43f91
bd543f8f
3f804021
45d8beff
bed43fce
3f9a3f81
3f874010
40364013
402ebf13
3d89bf51
40364002
bec2402b
3e693f9d
3f7b3fda
bf7fbeba
402a402d
3f27bdf0
3f1d3ea2
3ee13f96
bed83e26
3e953f95
3e65402c
3fc93eb8
bf323e75
3f88401c
bed94037
3f98bf64
4040bf6d
bea4bf65
401f4029
3f6ebef2
40254005
3fb93fd9
3d9c402b
3feb4014
40323f2e
403ebf1f
bf4e402e
3f81bf4e
40153f6f
be1abe60
bf6a3f94
3ffb3fbe
3e053fec
40063f3d
401b3fff
be093fe9
3fce403d
3f393e03
3fa8bdca
bf4ebf77
3ee23e1e
4036c5d8
be0a403a
403e3f57
3f9cbef9
40043ff3
3fcc3fca
3e624015
40304009
bf00bf5e
4034401f
3f7a3ed1
be443e9e
3f323fd8
401d401c
3f2b401f
3fce3f8e
bdec3e49
bf1fbf2b
3ff93ee8
4010bece
bf353fd4
3fb33f9c
40243e09
400b4016
40064003
bea43f2d
3fe63f0b
3f9d4027
40093f96
3fc13e65
be153f6e
be4a3fcc
3f0abe28
3f433fdb
bf09bece
3e9dbf02
becc3fbf
3fd63f33
3ebebf11
3fc63fd6
402b3f91
3c08bf23
3fe93e79
3d9e3fc8
40373ead
3feb3fd7
3f1f3ec8
3f434020
45d84014
bf2a403f
3ec5be28
3ec8beb3
3fb14005
3f614004
3fcd3f11
3ee6400e
3eea4035
becf3fcf
3ba33f17
bf2e3fbd
3e7d3d4d
3ec2401a
40373ea5
3e6e4034
40034013
3fed3ec3
400a3c7b
3e5d3fb8
bf2d3fd3
4013bd68
3f6dbe0d
40383e85
3f074029
befb3f1a
401e3f56
40153f82
bd073eca
3efbbdef
40253d08
403d3f60
bd38bf25
3e9abf57
40293fba
3eb63f2a
beb5bf18
4007402c
be203fca
3df63e9d
3f5abf67
3f3dbf03
3faa3f41
4005bf57
3ff945d8
3e423f9e
40294019
403b402b
3ffc3f51
3ed0bf1d
3e633ec0
bea83e31
be40403c
3f84403e
bed6403a
3ebf3f94
3d42402a
40133fee
bf213f49
401e3f94
3f9f4030
bf593fa0
3f8c401c
3f30403b
3f353fcd
3f5f4035
bdca4008
401a4034
3fcd4019
3fb23fec
be28bf3c
3f77beab
3fa9bf74
bf7f3fc8
3fbcbda7
bf683f7c
3ee8bf7c
3f633f70
3caa3fd0
3fee4038
bbb63ff9
3f564020
3f34be5f
403e3fb1
bf1ebf43
be343ffc
bf473e82
400e3fc5
3f463f5b
3e653dc8
3ea93d69
3f473fc4
c5d8bf65
beaa3ea4
3f683f20
3f193d04
401d4007
40374013
40283ffa
bf283f9d
bf4b3f8a
40303fb7
3fb93ff9
3fd63f65
bf7fbf3d
3f0f4037
400c4013
be4f3f32
bf654040
3f303f19
3f943e9b
bf603e70
3e93401e
3e4abe68
bc3d3e9f
3f214038
bf6a3f23
beb83e90
3f9e3fbe
bf094006
3fb83fa9
3ed5bd50
40053f61
3ffd400d
3fd33fe6
bdcc400a
402f3f15
bec04037
bed33e87
3f833f5f
401dbebc
401c3f83
be123fab
3ffebe4e
bf25bedc
40263ec9
3f034025
3fa63dc2
4003bf4f
3efbbc8e
3ffc3f80
3f3c45d8
4024bf74
3ecf4037
3f60402f
40253f91
be613e96
4009bf41
3d8a3fe5
3f88403a
40163f2f
401a3fd8
402cbeef
3d9d3e81
3e013fcc
bec33fa7
401e3e88
3f7b4022
3fec3fbf
3f193ec3
3f2a3ff0
bf7b3ef6
3ff53e25
bf10beb8
3edf4002
40083f8f
bd02403a
3ffd3ec7
40173f33
bf053fd6
3fcb3fc7
3f24400c
400e4018
bf703fe2
402e3f5a
3fd8be93
bf703e83
beb4be6d
bedf4004
3e063fa4
bf0b3f6a
3eb64036
40093f90
be953e92
3f804025
bf214009
40363c69
3eea4032
3f6b3ef2
c5d84027
3f833ef5
3f463f65
3f803ecb
402f3ec9
becc3fb4
bebb3f5f
400b401a
beb03f42
3fc8bec4
3ff33fe7
3f0e3ff4
40133f3e
beca402d
3f863fa1
bf0b3fc3
3fa84028
403a3f91
3fad400d
bf27bf0c
3facbf7c
3f674022
4039bf46
3e943fd5
3f9d401e
4001bf71
3f593fff
3fd84024
403c400f
3ec83fae
bf293f15
40303fa2
3f9a3db0
3fdabd6d
40274021
bf073e73
3e673f6f
3eae402b
3f35bf77
401abe26
3f95bee5
3fe73f99
beb1401d
3f88bda1
403b3f8f
3f344033
40333ee3
3eb43edb
4018bf08
3fc845d8
3f883db0
be753fe6
beb83fcf
3f3abf4a
40263dae
40123f9a
beae3fe4
3d3bbf32
4012bf23
403c3ffb
3f8b3f46
3fd33d05
3f973dee
3eb73f48
402f401b
3ed73fad
3fadbf29
bf2b3f4a
3f933ed8
3fa1bf31
bb843e30
3e60403d
3fe44012
3fcf3fd5
bf024033
3fa7bebe
3ecbbee0
40183f67
3ff34020
3fd4bf15
3efc3f62
3f4f3fe4
3ef93f2f
4027bedb
bf2f3f9c
3fb5be03
3fff3f60
3f833ee6
402f4027
40063e0c
401a403d
4018bdea
bd5a401b
bdb23f4a
3fbfbf39
3efe4000
402bbeb4
c5d84016
bf6b3f07
be03403b
3e203f44
3fff3fcd
4012bf4c
3e66bf5b
bf56bf63
bf4b3f7e
403f3fa6
3f373f52
3e724024
400d3f4b
3ef3400e
bee83ecd
bf72bf02
be07bead
3fe5bf4e
3fe6be1a
3f973ea5
40353fcb
3fe83f03
3ff84026
4025bd1b
3f913ed4
3f63bf6f
3ea9be4d
bf3d400d
4026bf04
3f9c3f51
bc963fea
be70bf0b
3e9a3f8b
3fa93f35
40113fc8
3fcf4030
3f823ffd
3f92bf72
3e8c3fe7
40174034
4003be8e
3f864024
3f473fed
3ee83f64
3e013e79
3f023fdd
bd8d3fc3
3e1cbf11
3f3c4002
3f3545d8
3d76bf20
bf7a401b
3f6abf6e
40144010
3ead3f7d
4035402c
401b4026
3f3a3f6a
3fbd4003
3fe7bf71
401c402f
403abf6b
3f6fbf2b
3f153ebc
bd6c4007
401c3fb2
bf453fef
4020be29
3f064021
3f4ebf0b
40393f95
401bbefa
3f6d3f6b
4010bf35
3e3e4031
beb74016
3f7a3f8a
3ee24019
bf5f4031
bf353f74
bea73ee2
3fa44029
3fb2bf76
bf6e4032
3f823fca
40333fa8
bed44005
be473fcf
bdb83eaa
403e4007
bdf93fb2
3f6cbf5a
bdf53fb9
bdcb3f77
40104027
4009be82
beaa3fed
c5d8bef7
3eb9402c
3fed3e9d
4036401a
3fa54021
be4e3fb6
3f873ed6
3f7d3ffd
3dae3e51
3fee4011
3db23f88
3f6ebf2e
3f8c3f8b
3f60bf42
3edf3ffb
40103fc2
40153fbb
3db9bf56
bf634025
3f144020
3e8c3f9e
40094007
3f2dbf2c
bf6d3f96
3dcd3ead
3f4fbe55
4040bd60
bf364013
40393df1
3f823fb7
3f813f1a
bf443f24
3ec03ddd
3f46bee6
3fe14035
40104026
3f8a402e
3fda3f3d
3f1c3fa1
3f26bf7e
3e223fdd
be7cbf7c
3ef64032
3fc8bf22
bf6f3f01
3fd13fce
3fb33f98
be294033
bf16bf60
3eef45d8
3ecb403e
be6dbe6d
40203f4d
402c3f2d
3ff7bf41
40223f8b
3fcb3f46
bc7dbe2f
bdb13fc3
3fe83e7f
4004bf18
3f3c3ffe
3fba402d
bf4ebf4d
3fad3e34
3fd83ff9
3ff0400f
3f963ea7
bec94010
bd77402b
3ede3f6f
3f8b3fff
3f99bedb
3fb03e75
3fd6bed8
be18bdbc
40173f84
bd833f98
3eb24039
bca13f9e
3f613fc4
bf723ff8
3f1e3fae
3f843eb0
3f513ff4
3fa43fdf
3f8f4014
403e403d
bec53e10
40353e30
400d3f3b
3fe73eae
40244018
40013f4d
be204001
3f813dae
3f923fa9
c5d83fd6
bf693e09
40153fc3
bf0ebf5c
4026bddb
3fc73ebf
3ff6400d
4012bf58
3f973dee
3f543f62
bec43f59
bf693f44
3f70bf5e
3fb9bf6d
bd4d3fba
bec24026
40233fa7
3fff3ef1
3fee3fc2
3f093f65
3f953fe7
bf753ff0
3ff9bee9
bf334008
3fddbe98
3fc63f25
3e183f0b
be993ee0
3f94bf46
3ea24007
bf543fe0
be173fb4
3efe3e41
3f783ee2
bdc63f2c
40094029
3fb7be4f
40063f83
bf114007
402abedb
3f92bf5c
403dbf64
3e3cbf5d
3fadbf5d
4024c5d8
3fa43f0f
be86bf78
3ff3be34
403b3f87
400c3ffd
401fbeb4
3fecbf13
4021be52
3f733f9b
3ffb4037
bf0f3f90
3fccbea8
bf583eb9
bf7a3fc9
be043cf6
3f1c3fb0
400dbf0d
3df93f26
bebdbf03
3fe5bf4c
3fd7bdbb
40314015
401d3f06
40223fba
4008bf62
3ff23fb3
bf024013
bf7a3fe6
bf783fff
401a3f7e
3f974023
bd95bf59
bf033f0e
bf1f401a
40273fab
bf34403b
3f9c3f8c
403f3f42
4037bedf
4005403a
3f2bbf26
beef4007
3de13eac
beb03fd8
3e3a3fc1
403e4033
3fc63fb2
45d83fa7
bf03be46
bf6e3fa8
401f3f9b
bf1e3fcc
3e8b3ce7
bede3f64
be8dbf3b
3d593edd
bf4e3f64
bf474034
3f94bead
3fcf402d
bd423f3f
3fac3eee
bf2c3fb0
bd74bf67
3fcfbf77
bf573f1e
bede402f
bcd13f87
3fb94013
3db43efe
bf57bf25
bea13f11
beaa4017
3d7fbf25
400e3ee9
3ffa4013
3e31be32
3febbf02
4022bed3
bf744013
bdec400c
3e523f79
402d3e82
befb3f9b
402f402e
bf513f85
bf803e17
3f854003
3f94bf02
400d4026
3f413a7a
402d3eb0
bcdebf4d
3fa13f6c
be47becf
3f214012
3cf2c5d8
3f044003
3f98bf66
3b353e4d
402e3f37
3f393e8a
3f124025
3f7e3faf
3ef23f95
be913fb0
40053e93
bf59bed0
3f8ebe1c
40143f88
bf67402c
40123faa
befb4037
4028bda6
40203f41
bee23e56
3e2d3f84
3fbcbead
3dbb3ff9
be4c4001
beec3f1f
3f723f5a
3f5fbf80
3b643d6b
40043e77
4017402e
402b3f70
402a3fc3
40173fde
3e133f48
3fb93f40
3ee94002
3c5c3f4c
bf453ecd
3cf74014
4014403f
3fe93f6e
3fce3fa6
3f573f7f
bf2a3fb2
bf0d3eed
4017bf24
3fb73fea
bd8ebf79
45d83fcd
40213fe1
3fc64002
3ee53cb4
3f503f04
bf59bf70
3e603e37
3f543f96
40083ea9
3fcf400e
3fc63f53
3dca3f3c
bf2b4027
3fcc3f2d
3fc63fbf
3fa1403d
bebf4018
400e3f2d
3fd53f2a
3fc13f56
bf5c4031
bf6a3f8c
3f483ee0
3f424031
403e4027
40093fa1
bc3c3fa8
be874036
3f59be92
beebbe93
3fab4015
40214003
bf27403c
3f813eaa
401b4022
3fdfbf32
3f853fcd
bec2bdf7
be90bdfa
4036bf2e
3fe53d51
3f853fe1
bf03401e
3ff33eff
befe3faf
3f5a3e90
3e8ebf55
bdfb3fae
3fc8be19
bf07c5d8
3dbe3f3f
beb93f96
400d4017
401a3f3a
40353f2f
bf6e3ca6
bf02bf53
bf373f50
3f6a3fe7
bf733f83
3f7dbf28
3fd23f3c
3fb63fe8
3f923fa8
3d743fff
400d401e
bf203ff7
3f8d4004
3fbebf4d
3fa93fad
3f28bed7
4002400c
3fb2402d
3fda3f38
403a400a
3d763fb6
40284026
3eed3f20
400d402b
3e79bf30
3fdebf78
3ffa3fb5
40094024
bf0a401a
3e7abec0
3fa5bea0
3ff93e5b
3f86bf29
3f39be37
401f3e52
3f2bbea4
3f3fbdfb
403b4022
3f833fb6
403d3ff4
3fef3f81
40183f78
45d83fc1
3f92401c
3f15bf27
4038401e
3ff5bf5e
40133fc7
beb04026
4007beca
3f864004
3e863fa7
bf0ebf6c
3e2bbf70
3faf3fdf
beb8403c
3f393db8
bed5bf11
3fe94033
40223e59
bf1ebec1
3f3c3f91
beb1bd8f
401f3ff9
bf34400d
be6cbec8
3ecebe96
3fd53f89
4001bc1d
40253fbd
bf543ef1
bd42400a
3fc4401d
4030bf10
40013fd5
3ec24039
3f093ffc
bdc33fea
3f4a4008
3f8f4030
4029403b
3dc43fe9
bf3cbe9c
400c4038
3f40bf7e
3ed73f6e
bee8bf7f
be5a4013
40213fc8
40313ffe
be943f9c
3f66c5d8
3fd34030
beb33f8c
40023f7a
bf163f39
4033401b
bf644031
bf673fdb
3ff9bf2f
3d163f92
4009402c
3eb83fa6
40233f15
3fcfbe9c
bd5d3f31
3ffbbf62
bf393f97
3fba3fa5
3fe0400d
bead3d6c
beb83f54
40173f54
402b3fbc
be8b3f15
3fdb4022
3dd4bf63
bed1401c
3fdc3fbb
401a3f94
bf003ecd
be3ebecd
3fa53f5b
3e024025
3ffa3fad
40393f86
3f06403e
bce13e2a
402b3fd8
bf5d401f
402b3fad
3ec04028
3e6abde4
beb13fc8
40373eff
401c4033
3f213ff7
bf0a3ff2
401e3f8d
45d83f3a
bd083ff5
3ff03f4a
4013beb5
3f0c3ff0
3f15bea7
400f3f0b
bf7d3fd4
3f774011
402d3f04
401b403f
40053fa5
3fe5403b
402d3f88
3ff93f85
3e343ea9
400d3ff3
400fbf77
bf103f4d
401c3ff0
bdf54021
bf30bf33
4028402e
3fb53f90
3ff64015
403f4004
3e3f3d59
3f7a3f72
3f263fe8
3fbcbf76
402e3f94
401dbe28
403dbf12
3fa23ff4
3fcbbd93
3f95bd41
3f7c3f57
402f3fc9
3ede4024
3f20401c
3e71be28
40354005
3f25bdc2
3ff7be15
3f913f2e
bf69bf02
3fe64023
bed0400f
3f7fbdff
3f8bc5d8
40044017
4035401f
40033fb8
bf353e65
3cd73fdd
3fcd4040
4015401a
3fd13f1b
3ed63f6a
bdef3ebd
3f023e16
bf724031
bcb9bf24
3ea13eaf
3fb74038
be6f3fbd
40224005
bec73ffe
bbb44001
3f2f3f2d
3ef74030
403e403d
3f55402f
3fd13feb
40213ff4
3f23bf4e
3e324029
3f3b3ec5
3ecf3fca
40243f83
3f29bea9
bead4010
3f353f18
4013bd75
3fc73fef
3fe93fa1
3fd8be2c
beae401d
bf293e17
3eddbe5b
bf723f07
40234002
4030be03
402c3fc3
3f9cbf37
3f72be99
3d833fb2
45d83f49
3f83be1b
be82bedb
bf293f35
3e60401f
bf6a3ff3
3f6b401d
3cfabc1a
3ffbbed2
40253f42
402c3e94
3f9e3fcf
403a3efc
3fa8be14
3fd24020
40293e86
3f97beed
40133f31
bf144026
bef33fda
40033dec
402e4016
bf64becc
3fdc3fe0
3bd9bf51
3ea44035
3fe5bf0b
40313f7b
3d8b401e
400d402b
bf56401b
3eb03f75
bf5b3fa8
401d3fd0
3f733e48
3f4f3f8e
bd9a3db9
3fe64017
be963e4c
bf01be9e
400ebeef
be20bf70
403c3bb8
bf1dbeb4
3f88bf2c
40293f4a
bf29402d
400c3eeb
3fd6bedb
3fe7c5d8
3f4c4033
3f563f19
4013bf31
bf02beda
bed23ff8
be973ebe
be123fda
40313ff7
bf474008
bf4d4017
3f11bf10
bf72401f
3fa13eea
3fed3f41
3e88bef7
bd663f4c
3f60bf2f
3e883ed5
3f61bf3b
40023f23
40263f10
3f2b3ea6
40073fff
401c3fac
40064018
3fefbf42
3fb73f92
3fd73fcb
bd863df4
3ffbbe70
40303ed3
bdb33fa7
3f1abeaf
4025bef5
bdb3400e
bee7400c
40153f81
bf403f30
3fa0bea1
3f054022
400e3fb2
bf193d36
c5d83f43
3f1fbf08
3fe94025
3f1ebf07
400d4031
3f833fad
40093edb
402b4006
403b3fac
3f3bbbb1
3f06bebe
4038bed5
4009bea3
401bbe15
3fad402a
bee83eeb
be663f86
3fc03f17
3ea34002
be8abd76
3fd8bf41
3dc63fff
40173fd3
3f8a3e89
3f47403e
40263f1a
3f12bf15
bcf73f1e
3f5d3fda
3ed3bf22
4036401b
4038bebb
4012be87
40174037
400fbe33
3fa13ea0
4023beaa
bf10402f
3ffebd5d
40123ff3
3ec0bf23
40264015
bf60bf21
40103f16
3ed23f39
3fc63f2a
be45bf5f
3f94bed3
3e17bed6
be8d45d8
bf323e20
bf0fbf34
3f2f3f34
beb83fae
402bbeb0
bf393fc6
3fd63f50
3fd43fc1
bf4dbcf3
3f813fef
3fc03fe2
bd903fc1
40284022
40074008
403a3ee8
3f503fa8
be9b3d2f
bf783fb0
3d47403f
3f69401c
403d3fee
3fc03fa4
4017bd81
3cad3fbf
3f4d4017
bf173fa1
3f7d401e
be2d3ffa
4006403f
3f7c3eeb
40394003
402dbf01
3e613da8
3e413fc6
4028401e
3f1d4020
bd833f19
403e3fba
be883fb0
3e883e55
3ec74033
bf103f6d
3f8a403f
402fbec4
becabf80
400b4027
3fa93f9e
c5d83f16
4010bf06
be8ebf08
3f44bf3a
be2bbf0b
3f313fce
3fe6402c
bec93dce
3fe14002
be343fd7
be194033
40063ff3
beda3fc8
3fc5bdae
3fae3f11
3e833f41
3f25bf54
3f824021
bf13bf56
3fd43f0e
3f563f8e
3df33eea
40403eba
3f96400b
4022bef6
3fad400f
3f473f24
bf4b3f42
40033f9b
bf653fa2
3f133e80
3f1fbd5d
402e403b
3ffb3e3a
4005bf36
be583e87
40054017
3fd5be1e
3fbc3e15
403c3feb
bef43ec4
3e82bf1c
3fb93ff1
3ed53f73
40183fd6
3e694029
3c8bbf28
bf33bf39
bdf54009
be7145d8
3fb0400e
bec8bef9
403abee1
40143e80
400fbf70
3ee0bd5a
3f7a3f0b
402abcd5
bf78401b
40213f3f
bed23f51
402d3ef8
bece3f3a
3f743f08
40403f11
bf1f3fd9
3f9bbe25
bf09bdfc
4040bdb7
3f613e6d
3fa73f50
3ddf402b
4010bf4c
bf603ebe
40303f9b
3f603e51
bdd63f50
3ff53e7a
403d4039
be86be84
bf063ec6
be27403b
3f1bbf68
3fa44007
bf373fb4
3fcabf5c
40323f7d
3fa8403e
3f123f2b
be4d3ea1
40093fa2
bf4d3fde
3fcd3fc0
beb83d29
bf7a400f
3ffc3f95
3fad3f8b
c5d83fb7
4040bf2e
3e3d3f9f
bdd1400b
4015bed5
3fc84030
3ee3be52
4006bc50
40193f9b
40093f1f
3e86be08
4003bf08
3ee0bf44
3fea4023
3e533eaa
bf473f09
bf26bf3c
bee23fe8
3fdb4028
3fec3e73
3fd93fb9
bf443fbe
bf4b3f10
3f033f9a
40093f88
3f983f3f
3f273f7e
3fbe3ec2
40093f1f
40353fc5
3fd94013
4030bf37
3e063f99
3ed33f8d
3fa83f40
bf5abece
3eb43fc4
3eaa3e88
3fd13ee9
4031403c
400e3fab
be433fb6
40024039
3f2b4032
40333f7b
3fbe4009
4008bf36
3fd53fd8
bf78403f
be8745d8
bd223eab
3e99401a
3ea14012
40233f58
3eba4024
bf783fb2
bf50be22
3fba3f8c
3e90be9e
3f1fbe43
3f9ebdfa
3f793d88
4037be87
be633f82
3fde4006
3fb94036
3ebd3f82
bad24037
401f3fe9
3fa33f7b
be7a3fb0
3f9dbf1d
3ee13fce
3f84bf79
3fbd401a
3f78bf5f
3e603e93
3dde4002
3fb8bd23
becdbefa
bedcbf47
3e65400b
4015bcdb
3fe74017
402e3f53
bf03bf08
bf603fc1
3f8dbc03
40334016
be863d40
bf043e8e
40334007
bd5ebf0e
3fba3ec7
bee44024
3f5dbd43
be0e3f3f
c5d83f3e
3855bf2c
3fc84038
bf66be88
40253f88
bf3b403d
bf6f4013
3f183fe4
4000bf1c
403a401c
bf633f01
bed4bf27
bc2e3f5d
3fbd403c
3f293fec
bd96402c
bf173f86
bea34022
4033bebb
3fb7bd7b
becd3d9f
bea0403f
3faf3f83
400cbf32
3fbc3eb1
3f60bf42
bf41beb8
3f233fa9
3ef23fae
402b3ffd
3f643f95
be98401c
40064009
4015bf3c
3f5e3fdc
40233f5e
bf2abe44
3f993ffa
3fd4be9b
40243fe3
3ea14031
40353f87
3f35402e
bf06bee3
3f393fb4
3f503fa0
401a402e
3d233fa1
3fcd3f6b
3fa145d8
400c402c
3f2f3f4c
3f46bd79
403a3fdc
3f23403e
bf6f4033
3d7a3e96
bec8bea6
bedebe17
3f99bf66
40323edf
400bbf33
bf493dd5
3fcb4018
bf173f9d
bf753f07
be3f3fea
3e463f20
3fdb3f83
3ea83e04
3fa13f0e
40303fb6
3ff23c97
be1dbf29
4025403a
403c3fec
4020be10
3f41bd25
3fe43f4e
3edbbf29
4002be64
3e4dbe09
3ff54030
3fed3f7c
3ffe3fee
4000bf55
3fb73f49
3fb33f7c
3e873fa6
3fe2bf18
40153fe1
bdae4021
3ed83fb0
bd4a3fe4
400b403c
bf7b3ffb
3fe2402d
c5d83f95
40103f5c
403fbe4d
3eb63f95
3fcebf43
4022403c
bf1d4033
bf724026
4038402d
3fefbd59
401cbf28
3eb0be17
3f6ebeed
401abd70
3f91be25
40294002
bf1f3f9c
40103fc2
3fbb3d18
bc523e4d
bdf54021
bd0b3f85
40153fdb
401e3ca7
3f3b3f5e
bedc3e0a
bd813d9e
3fcf4023
3fbc4005
bf573f91
3f273f16
be954040
3fbd3f70
bf2c400e
40064016
3fadbefc
40314030
400dbf3a
3fdb3d6a
3ffd3e5b
3f0ebf20
40073f46
401c4033
40363e7c
3f483fa3
3fa63eb7
3fbebe05
4010b968
3e883fee
bd9145d8
bf60402d
403bbf5e
3f16bf0b
3fb23f9f
3fb43fb7
3fb43fd2
3f963e35
3f74bf60
3f303f94
bf633fc9
3f1c3fdd
3f2c3f3a
3fffbefe
3e093f9d
40213f0f
3f153fec
3fb7befe
3f81bf05
bf154013
402dbefd
40373f9a
40153e8f
3efa3ff5
402f3ec4
bf713fd8
bf173f11
40043dd4
3d043d46
bee8bf68
3fa63f0c
beca3f17
bf7ebef4
3fba3f9d
3fc04011
bef3bf5d
bf6f3ff2
3fdf3fb5
3ef14016
3fc6bf24
40323fbe
4022400a
3fd24034
403cbf4b
bc653f7b
40283f93
400c4015
3ff4bf3a
c5d83fc9
401ebf2d
3fd63cfe
3feb3fed
3ed03fb3
3fea402e
4029400e
3f883f69
3fa83f4d
bf223fbb
3a8e3fe8
3fea3fdc
400a4012
403f3efa
be9a3f65
403d3fdb
3f92bf1f
3e894007
bf1dbe5d
bf65be92
bd933fa9
3f703feb
bf2e4034
402f403d
3f9bbea8
3fb24008
40103d7c
3e904015
bf3dbe38
3f453da1
3fbdbe72
3eb03fdb
400cbe47
3f76402f
3eea3e3a
402a4017
3f3dbf5b
bf73402a
3e3a3f53
3ddfbf24
3ee03d96
3fa84027
3f553dff
3fc83fa5
3f51c5d8
3f91bf27
3ffb4002
3fd13e64
3e2f4036
3e5a3d4d
3f91401b
40273f1a
3fd33ffb
3f863f4e
bf0d4013
3fa23fdf
3fedbe75
40343f7a
be2dbe10
3fe34018
4027be6a
3cf34022
3fbd3fc9
3ffa4021
3fd93f90
3f923f48
3fc9403e
3f4f3f6e
be034009
beea3fff
40283f88
401c3fca
3ff93fc9
bf593e98
40113faa
3fea3f0c
40373fc0
bf2a400a
403ebf66
3e733f9e
402c3fcd
3fd83fb6
3fe0be7d
bd38bf60
40193f87
3ffd3f99
3ff8befc
bf3e3fea
be4a3ea5
3f544025
bf274020
befd3ff7
45d8400b
3f6f3fa5
3d603fdf
400abf16
bd623f95
bf023faf
3e863d8e
bdfb4007
40074017
4018403e
3f2fbef6
bf5a3d74
bf474023
3f3b3f3f
be8b4007
40014039
4027bf1e
bf1cbf43
3ef73f55
be1f3eee
3ffabf44
3dc4bf7b
402c3eab
40353ef6
402f3d75
401ebee2
40153fbe
bef7bf3d
3fee3fd4
4028401f
3ebb3fcc
bee13f55
3fa74018
bdf53e5b
3e954039
3ec5bf56
40013ec6
bf653fef
402c3f9c
3f843fe1
3fcc3dfe
3fb6bd87
40283f84
4036bf7a
bf01bf42
bf113e25
bed83fea
bec33fb7
3f364038
3cb7c5d8
3fc74017
3faf3f0f
3fdb4015
3f3fbf6a
403d3ffc
401fbcdc
bf643fae
becebc17
3fd44024
4016bf3b
401abf0c
3f434019
3f223f8c
3e5d3fb0
403c4004
bd6e4026
be383f49
3f9f3ffe
3eee402c
bdfa3ee2
402cbf74
3e3b3f9b
bf5b3f52
3ef14003
4018403d
402c3fdc
3eef3fa0
3f434016
3f294006
3ff1400f
3ebd4026
3fcc3ffc
3e863f9c
400e3e96
bf7f3f04
3efe3fa4
40353fad
3f6d4022
3f9f4036
3fdd3f32
3ef2402b
40234026
3f894025
3f934018
be07401a
3fa53fbc
3f7d4005
45d83f69
bf2e3fdf
3f5f3d86
bf5d400f
4024beaa
bd433fc0
bf503f3e
3fdd3fa2
3eecbf0b
40164000
bf303fbf
3fa54020
ba1a402d
bdf1400b
3fb4bf4a
3f43401b
3fa03fd1
3e653fc1
400a4037
3faf3f8f
3fa83ece
401b3e88
bf7f4024
401f4023
400e3fe9
befc3f0f
be5c3fb9
be844011
403a3ffe
401f3fa4
bd4c402d
3f6c3ed4
402b3f3b
3fa63e82
bf5abd28
3ebd3fdd
be683e61
bece3ee8
402e3e8c
bf43bedb
3fd2400d
3fe13f38
3fae403f
403f403a
4024403b
3fed3ede
3fffbf39
3fdf3fd8
be9c3fd8
bea5c5d8
bf503ffa
3fd63ffe
3fffbf27
40003fd8
3e82bf59
3f9abe39
3da3bf19
3ea03f9b
bf133ddb
3ff6be22
402b4001
3f6c4015
401f3f45
be10403d
3e9ebf14
3f303fd8
3d114003
3edf3e22
3f64beef
3fa0401e
3f534014
bf3fbf6a
40033f0e
3ec9403b
be5d3f8a
3e89400a
40083f89
3fbc3f93
3ef63fea
bf074021
402d3d09
be923e49
3ec6be8b
bed84000
3f1e4008
40303f04
bdeb401c
3f164009
3f2d3ffa
3ffa3fdc
bec34015
bf683f63
3f6d4019
40213f26
3f9a4030
3ec4401e
be0fbe8b
45d83f95
4009bf2f
bf393e3c
4009403e
3fbd4006
bf5e402f
bf63401f
3f693e70
3e3a402e
be853f94
be814035
bf7d403a
be234006
bf27beca
40144013
4033400f
3fb23fd8
40103d92
3fac3ffa
3e5ebe54
be2f3eb4
3f8cbee7
bdaa402f
3ed43f91
3dbd3f53
3fae3fa7
bf423fa2
be84402e
bdb74000
403b3e46
bf7e3fee
be783f36
3dabbe4a
403a403c
3fd1be22
3ffe403b
3ec5bdf1
beb33f2c
3f2dbf51
402e3ea0
3fbebe36
3ef44013
3e9e3d16
3f933e22
bf483f53
bf27bf3b
402fbd76
be5a3e45
bc553f33
bf62c5d8
401cbe4b
3eebbf5f
3f35403f
bf2abf68
40294021
bf1a403c
40223fff
3f014035
40313fb6
4011be53
3e13bf05
3f963fb0
3f7dbe02
3fe64018
401e3bdf
3fb53ffb
402cbd7b
bea53f01
3f8b3d06
3ff13fe4
3fda4011
3ffe3fbc
bf48be55
4018be57
4030401d
3dfa4013
3f3f403c
40133ff3
40313ef1
403cbe06
3f693ffc
be16be71
3fda4003
4012403e
3e8f3fa6
402d3f45
bf4d3fd0
3f793f5f
401ebdde
3fedbebb
bd16403a
3f373fab
bf3d4034
3f044009
bf20bea5
40213fd6
3ebe3ff1
45d8beea
4011bec8
40043fe4
bf173faa
400a3e51
bf60400a
400a4029
3e5bbf67
3fda401b
3f82be4e
3fd13f07
bf523e4c
4014401b
40133fed
3fa13fbb
3ca53fa4
40333f97
4013bd3c
3f853fdc
3fb6401b
3f23401d
beef3fcb
3f0cbf0a
3fc53fd3
3ffc3fc1
bf6e3f3a
3ffbbe01
3f683fcf
3f9c3fd3
4024bf6a
be1d4011
3f8a403b
3ff33f84
3ff93fd5
bf3bbf78
40073f0c
3f983f40
bea93fcd
bf3cbe5c
3fd73fcd
3f943fae
3ef14036
3ff73cd2
3ee7bbf8
3f82401c
3f863faa
4006403a
3fd23fd6
3ff8400e
bf13c5d8
bead3ea4
bf74be88
3fe7bd63
3dd73fa1
3f4f3fb7
3f4b3f84
4039401a
3fffbf01
3e0d3fce
401dbf52
40013e5a
3fc03f63
be633f92
bf2dbd98
403cbe97
3f563fa8
402dbf6e
3dc24000
3f993ffa
bb894007
bf053fa4
bf3dbed2
be184009
40083ecf
402c4026
bd77bf0c
3fbd3e98
bec83f06
3f4b4010
3fb43ff6
3f714040
4014bdaf
3f11be6c
be8b4027
3e533f4f
40053ffa
be1ebea9
3e4c3fd3
3ff33e8d
3f0d3fe5
403a4022
3fe23e68
be44400c
4036bd8e
3faf402a
bdfb3ee4
becb3f35
45d8be99
3f8d4008
401dbee1
3f3e3f83
403b3f07
402f3e17
40353fb4
3d9a4028
3f1cbf59
40033eb1
3ffd3e50
40123ec0
40313918
beee3fc7
3e2f3dc5
3ebc3e86
3f833fca
40013fb4
4005bf5b
bf7f3ffa
400cbec0
3f203f68
3ffb3ed4
40144024
3f1bbf79
3fa74016
403e4014
be014023
3fed3f0d
3ed33f93
3df43f87
3ecabf2e
3ed93f86
40243f30
3f923dae
3f5f3daa
3fc83fd5
3edb401a
4001be6b
40173f06
4018401e
bf2e3f9c
4006bda7
3ecdbe06
3fc745d8
bd06bf28
4035bed1
bf7b402c
3f643ffc
3fabbf58
3fad3f05
40393fb8
bcfebf08
bf0c3f31
bea44013
3fa8bf4e
40233f95
bf1ebe13
3fa94016
3fe53e78
3f38bf2f
3f214016
be053fcc
40163fc5
3fc83f94
bdc03fc7
400ebedb
3fdd3ff0
402f3e9b
bd584040
3f543fd5
3f153f53
40233f87
3f863fee
3ff83f42
3fe23fea
401e4037
4008bf5e
3f9c403a
bf2b3fca
4009bf08
40333fc3
40344022
401a4038
bf623f2e
40133f4e
3cfebf07
bf6f3ff9
40013ef1
bf4fbe57
bf3c3d87
3fe13ef6
c5d84031
4022bf55
40283f34
3f083faa
bf0abf06
bee53f22
4009becd
3fde3f01
403c4004
3fba3f85
3f15bf75
400cbf57
40193fd1
3f083e5e
3e02401d
40243f5e
3fd9bf21
3fad4031
bf213f38
3fe23f5e
3fda3fcd
bf283ffe
bedb3f5b
3f23beee
3f834024
3f9f4030
40323ffc
bf4e402a
be0e3f08
3fac3fb7
bed33fb4
bf4a3f7e
40133f9d
bf5a3f21
40064038
bf5e3fb9
3f163f6a
be19bf29
bc484021
40143fda
400abf26
3ebc403b
40333f86
be8b3fec
bf074025
40373fea
beca3fa4
40353f18
3eb5beef
3f1345d8
401a403b
bf103f94
3f82befd
402abefb
bf564001
402b4038
400fbef2
3f9d402d
3ffabf40
3fdd3f92
3c933f94
bf27be0c
401e3fa2
40324000
401a3e28
3f2f4006
bde73fda
403ebcc0
402b3fd1
3f56bcc3
40153ec2
403a4033
bf503f8b
bf774008
402d403b
becc3f8c
40253f2b
3fc3bf4c
4022bf1a
402e3ff1
bea5bd5b
3ecc3f19
be343f9c
bf743ed8
bef3be87
3e88be9b
bf1e3f87
3f1fbe96
3fa63f23
3e213ef0
3f3c3fbb
bf253f3b
3f73be82
400bbe4b
403b4000
3f05bf1d
4014402a
c5d84002
3efc3f2a
40244019
3fb9bb4f
403bbef5
402d3f26
3f27bf7e
bf804012
402d4013
3e953f0f
bf3a3fc0
be824005
3fb0bebb
3fc63f78
3f78401f
3f10bf17
403c3f32
40133fad
bf793f76
bf35bf07
3f513e39
4001beb9
bf3c3fbc
3e6bbf21
3ecabf72
40204001
3ff73f38
3e313ffa
3fac3ebd
3fc43ee7
be2e3faf
3fa93fb9
3fae4005
4015be67
40394022
bf7e403a
400e3f2a
3f7b400d
3fbabee1
3e8fbefe
4039400b
bed9bed9
403d402a
3ffb3f9c
40293f6f
3fe53d2b
bf54bf2d
3fedbf78
3f2f3ff5
bdf245d8
40124008
40104022
3ffa3f5d
4030bf1b
bf19bf59
bed4be3f
3f68bf10
40063fa7
3f0a3f06
3fd03f7a
3f10400c
3ea2400d
3f4e4000
bf0bbef9
3f893fc4
3f40401c
403ebd6e
3f87402c
3fd1bf5c
be04400b
402d3fd1
3f64401b
3ff73e8c
3ffd3ff3
40083d66
3c1a403c
403a3f9d
3fe1400e
3f963fcd
3f023fe3
3fb6beca
bf36bf5b
bd7e3ea0
402ebf01
402cbec5
3fdd4004
3fdfbf5e
3f4f3fc3
beee4040
be933ef9
bf764021
3ef23f4c
3f603ffc
be213ee0
3ffdbf2e
bf333f5e
3f534001
c5d8bd6d
3f054036
403f401e
3f9f4010
401b3f8f
bdadbf1c
3f893f0b
40193f37
40253fee
3f7b3f96
3fe8bdd9
bf043f84
403e3f43
bf583f98
be0ebf61
3ffe4010
bf4c3faa
3fa64020
40093f71
3fe7be46
400dbf7c
3fcc4003
4002bf16
bf5d3fd9
40303ffe
402c3f5c
3f804025
bf673fd9
3fd13ff9
3f6a4025
3ff13fd1
3f37bf35
3ff93fb3
3f58bf57
3f9f3f8a
3ffb3c31
be843f62
3f923f9c
bf63bf77
403bbeaa
befb3f8c
40164000
3fa7bf25
3fa0bf25
bf6a3f0d
3e0e3e81
40163fa6
3fb2bf38
3f34403a
3ff745d8
40343fcb
3f523eb7
400d3f89
3eecbd8b
bef83f9a
3e793f6b
bf3c3faf
bf683fc5
4017bdcc
3f19bf34
3f49bf1c
3ebbbd4e
4030bf4a
3e484006
3ed93fd3
3e863f22
3fe43e09
3fad4015
3fc33f64
3fff4023
3f0f4037
3f88be88
bf76beb8
bf0b4013
3dfbbf33
3f6a3ee5
40214006
3ef8be8f
bd4a3f86
3fd0bf28
3fd54039
bd584031
4019bf39
402dbf32
bd7a4021
bf414029
40363f2e
402f3ee6
40093d46
3fa63f5f
3eb83fa7
3fa1403f
3fba3e0c
bf2c4006
bf5e3eb8
3e9b3e30
401d4021
c5d83fba
bf0c3fa7
3ef43fe5
3fce3d68
3fba4017
bf7fbeb0
3e713f0b
3f13beed
3fcf3ed3
3df5bd6f
4040bf58
3fe83fef
3fd5bebf
40213f37
4005bf56
3e514028
bc7c3fe3
3f053ef8
be3a4038
3fb0400f
3fdd3fc2
3ed33fed
3f893dfa
3fa1bd7f
401b3fda
3fc03fa4
3f6a3f92
3de84025
3f054039
4020bf79
3ff8bf33
3ff73ea4
bcc73eee
401b3fa4
3fff3fd7
3f644039
3fc53f28
beb8402d
3ffb3fbc
402a3f9f
40343f72
be884002
bf013feb
bf73bef0
3ff13f69
bf2dbe61
be59bcf4
3fcc3fe1
3fb43f1e
3ecb45d8
3fcc3fde
3f913f10
3ffa3f39
bd0e4022
4000bdfb
3d224014
3f833f2c
3f5c3f1d
3d5e3eac
40033fa9
3e00bf75
bf103ffc
4032bf2c
3f033ffe
40133fac
bf65bf24
3fa63f6f
40214023
bf5c402d
3d1a4031
3c9d3f25
bf7d3f00
40173f85
3f693fc0
403a3fd3
3e843ff6
3d704030
402ebf0b
403b3d02
3f573f88
be9cbe94
3fbfbede
3f8e3f46
3fcf3fac
402b3e41
40334012
3fc1bf22
bf384029
3fae403a
40293b87
3fd74007
3fd63fbc
bf49bf2f
403c3df5
3f403e91
beaf3f6a
be513ff7
c5d83fad
3fcdbdf7
be6e4020
bf4d3ec2
3e853f2d
3f7d3f8a
3eda3f3e
402e3f13
bd7f3daf
3ffc403d
401e3fc1
3fca3df5
bf43400f
3e9a3f99
3ffa3f93
3ff13f07
3ebe4037
3ff53f9a
3fb0402d
3fe74010
be5bbc93
40284011
40323fbd
3fdf3ff8
3e87bf04
3fe73fcf
be1b401c
3f2f3f1b
bd3bbeb1
401ebf58
3f6e3f24
bee84025
3faf3e83
3f754014
bca83f08
40384005
3f964005
40103ff9
3e494024
3f73be62
3f85bf70
40104031
3fedbe9f
3fea3f8b
bf1d3f67
bf253ee4
40163e01
403a3fba
be8dbf46
403745d8
3f7b3f7e
bf203fb4
3fef3f2e
3f4d3f32
bebe4016
3eebbf36
40313d90
403cbdd1
40313f3b
40163edd
40163f94
402e3ee5
403d3fdc
3ee43f63
40183ffc
4015bf4d
3efcbeb0
3ec43e85
bf48403e
3f483f47
3fb53fb2
3fcc3ff0
bf233fa2
3fa13fa3
3f9fbf1a
bda23eb0
3e5bbe51
40014004
bf5b3f30
4022be57
40153fcd
3f4f4018
3fb94016
bed4bf74
3edf3f4f
3e5cbb09
40224033
be68bf31
bee23e8e
3f983f27
3fe83fe2
3f7ebf68
45d8402c
40253f37
3f8c3fa9
bf563fc7
3f7d3fa1
bf353fd7
3da83f85
3f0bbe2b
bf6e3ffa
3f4ebf64
be88bed1
bf3f3f85
4027bf39
3f25402d
bf2a402a
3ebe4032
401a4018
bea5be40
bc90bea2
3fc7bf72
be9a3fbf
bf053f28
bf114034
bf40bebe
403e402b
3e724019
40343f84
be104012
3fedbdfa
3ed93fb6
3ffabe29
402e3ff1
40143fd5
3f763f2b
3f3c3e80
3fd0be8f
3ed43f7a
3f9c3fb5
bea83fc9
beb74030
3fc83fb5
40223fe1
bf623e8d
402f3f9a
3de63fb7
3f07bf5a
3e843ef8
beb14019
40254033
3e43c5d8
4023401e
3fc33ed6
3f8e3f86
3f583d71
3faa403c
3f4b4000
bf5d3f43
400abeae
bf233efc
3f303f5c
3fe63f78
3f91bf11
3f5e3faf
3fadbddd
3f5dbdc7
3e07401e
3fb03fef
40174037
3fb9401b
402f3fcb
3feb402c
40363f29
bf29beef
40333fd3
40184021
3fac400b
402d3f15
3f844020
403d3fe5
3e913f90
3fd53ffe
beaebe02
bf28bf15
40204003
3efc4028
3ffa3eb1
3f2ebf80
40213e58
40083f99
3fa8bebd
3f8c3ed6
3eca3fd4
3fd93f60
3fa43e0b
401f3f81
be973ff6
401b402d
45d83f8b
bec03efb
401f3f23
3d284035
40084034
3fef402e
40383fea
3fa03f8a
4004bf1b
400f3f3f
3f8e3f89
3f003d8c
4026bf6f
bf7e3e9c
3f80403f
403f3fa2
3f82beab
bdf83e88
3fa4401f
3fb93f54
3fa14028
bf2abf25
bf4d3e4e
3f713fe7
40103f8e
40194021
3ff1bed6
bf0b402a
3f50bf40
3f344036
3fef4003
402f3c80
3ec34025
3f243fbd
401e3f27
be744030
401f402b
40353e69
3e863fd2
bf1b3f68
bee73f8d
3ff43fee
bee44009
3f883fa6
3fbcbf0a
3fcb4034
3f653e2e
3ea04005
401a3fc9
3f57c5d8
3e7c4005
bf25bf07
3fa6be6e
402a3f5f
bf013fd0
403f3e88
bb8dbf02
3e413ec0
3f79400d
40264027
403d3fe9
3f894023
3f293fcb
3dc93f6b
bee63eb5
beab3fd3
400fbf0a
40153f10
bc2d3ed5
40373f9c
3e75bf7c
40093f99
3e123fd6
bd77bf7a
3f9ebf31
3fd84013
3fb73f8b
bf083efd
be4b3fba
3f47bf68
bf06beae
be21403b
3f89400c
3db84005
3f253f21
402d3f35
3f77401f
be353fe5
3ff03e68
3fbd3e36
bcd4beed
be913f14
3e384003
3fd33e48
3fe53f39
3f9a3fbe
3feb4000
45d83fe2
3f79402c
bf1e4011
3e71bf60
bf483fe0
403d3fd6
40233ffd
3f203f34
3f8c4033
40073ff8
3fc03f9e
40183f07
3fcb3e4f
401dbcf5
3fdd3f27
3ed43fdd
bf344022
bddc402b
3fb2bf3e
3edcbf46
3f0e3fdb
3fec3d99
3ff9bf23
40083e97
3ecd3ff2
3e76402e
bf073fdc
3ea23f03
3f153f39
bd053f94
bf294003
40213fda
3f7b3f99
3de73f85
4037403e
3e8e4037
3ecdbf52
40004022
3f1f3fcc
3f6b3f30
3f39401f
40293df3
40174023
3fdebe93
4022bf2f
40383e94
bf15bf7e
4008bf2d
3f9c401f
400ec5d8
bf2abf4b
3f863fc6
40303fc1
bf383f84
3f274032
403e3ebc
3fa43d78
3ebd3fe9
3fcd4033
bf434023
4014403b
be7a402f
402abe10
3ecb3f49
3f8c3fd6
be9bbf26
40164008
be99bf16
400f4037
3eaa3d4b
3db23f96
40213f81
3f91bf0e
bf0e403c
401dbf19
3fc7bf77
3f3fbf36
40103fd1
3f503fbf
3e163f59
3fc33ffa
3ffabe10
3e44bf43
3f9d4013
3f8b3fac
4002be59
3f8cbd1d
3f4a400e
40073d11
3f15403e
bf2c3ed9
40303fbe
3efd3e88
be3cbf23
bf1d402d
bf3d3fa4
3ebebf17
45d83fd6
40193f91
4028403c
3f773fc3
3d82402d
3fdabe07
bd5a4021
3f40400d
bea33fa0
3edd3f83
bd9cbf2b
3f96be58
401f4033
4019bd5e
bef03f10
403d3f57
bf61401f
40003fbe
3fae3f16
3f9c4008
be7cbf7e
3fde3f5d
3f9a4005
3eb93fa9
4034402a
3fc4bd85
3f49be14
401f3bfc
3fdb3c75
beb33ef7
401ebd4c
3e1ebf67
be97beb2
3fed3f9d
3e2b3e25
3f093f2b
3ede403a
4018bea5
400e3ff6
3f093fdd
3fb33ff0
403ebf61
3f95be94
3de63f40
401b3fba
40183e9f
bf5a3fb0
3fac4023
bf683fbd
3e5ec5d8
beb03e45
3fda3e79
be393eb8
bf27bf28
3f423faf
be92bf75
40143fa1
40053f0d
4028be8e
be13bf41
3fb3bf55
3fa03f00
3fc23ea9
bf0f401e
bf4d3f5f
3f85403c
40083f41
3e413e22
3f163f95
40023f56
401b3f94
3f8bbe4d
3fa5bf35
3f2d3e83
40334013
400d4015
40224002
40133fc3
402b3e6e
3f483fad
befabee9
3ff93f93
402f401b
40144001
40043f99
3ffa4031
bf354029
3ffe4025
40134016
3fb93ff5
3d484006
4037bf2f
401abf5c
bf01bd91
3ecb3fbb
3fddbf73
3fd03dca
45d83edc
3f953f88
bd443e20
3fe43f0e
3e813ffd
bf18be3d
3eb73f5c
400bbf13
3dac3f8e
bf203ff0
40084019
40103fc1
3fcf3f4f
401a3f9c
be8f4015
3f763f8d
3f72bdd3
3f90bf73
40164037
3fc63fc8
3f25403e
40163f16
403a3e77
403dbdab
3f9a3fa3
bb70bf2b
3e1f3e98
3f023ffb
3ff43ef7
bef83fbb
40283fb4
bf2d3fff
3fd6bf41
3fdabeb1
3fc5bf10
3f813fed
3f973fa3
40183fca
3ec93fb4
3ec5bf07
401c3f9c
3fb94040
40033fef
bf56401a
3e82bf3a
be9d3f3d
3f10bf73
bf1f3fe0
3e2f3f12
3ed6c5d8
bf423e6e
3e82be15
401abea6
bd844032
3e294011
bf6b3f08
bcc94035
3fc93f5a
bf234029
3d8abf1e
3f43401f
bf273c8b
3eb83f58
3fa04036
4038bf46
3dbc4011
40334010
403cbecf
400b3f17
3fe03a17
3e8ebed5
bf5b4038
3f8b3fc6
3eff3f42
3ff13f57
3ff83e27
4033402f
bc4dbf76
3edf3f51
bf0d3fca
3ffcbf7e
3ff43f9c
bebf3fda
bf43bf0b
bef83f87
3f903f81
bf003e2e
3f683ea9
3f153fa3
40303f95
3ffa4007
400c401a
bf0f3ff2
4012bf52
3fcdbf10
400ebf01
402a3fa5
45d84002
bf42bf59
3f854005
3fc94018
403f3fa0
4033bc19
bf7f4038
40333dec
4026beb2
4015bf14
3f653fb8
3f913f97
401b3f13
bf5d3fae
3fd5400c
bf654022
3ffe4006
bf6d403b
3fc03fdc
40053fac
3e043f6b
40193fde
3f843ff0
3fae3f99
3f724029
401b3e83
3f903fdc
3fde3f69
40013edd
40064028
3ff03f3b
3fa3bd8b
400c3f64
3fae3fb2
3fffbef1
3eb7bf7b
3f453d1b
bef63fdc
3fb3bbc5
401a3f85
3ff53e9e
400b4002
be664022
3f264038
400545d8
bf5e3e33
3fb43f51
3ed83e28
bdef4013
403b3fb8
be6bbf2e
402bbdf1
3f8e3e3c
40284037
befa3f05
3f9b4035
401c400a
3f0fbf2c
3f8ebf4c
40284026
40214012
3fa13fb0
40073f87
3f233df6
bf6f3f3d
bf374021
bf173f50
3f033fab
3fd13f84
3f92bf4d
bf1abf3a
be013fc3
3fc43f7e
3f8c3fed
400c3f9c
3fe3bd0c
3f0e3f7e
bf5fbf4e
40344031
40323f12
3ff53ec3
3f834029
40353f8c
bf674007
3fa93efa
3fbf3f9a
3f1e3fd7
be38bf6d
beecbf1c
40303fb6
3f7bbf50
3cc2bf4e
c5d84010
3eae400e
3f0a3e1e
3fad3f41
3f3a4027
40043fed
3f4b3f8b
3ffebf0f
403f403b
bf223f3c
40274033
402dbd54
3f943f87
3fd03ff9
3fc03ff0
3f48bf1e
bec9bf47
3f03400b
3fee3e8c
3fcfbf06
40183f87
bd05400d
3ff53fef
40204002
3f1f4009
bf55bf38
beb6bf4a
401dbf4e
3f25bec7
3f9f3d43
3f143e99
bd843f3f
3fb13fb0
3fde3cbc
3fcb3fd2
bdac4026
3de23fb9
40393f4a
3da93e1c
402e3f46
3ea0bf0a
40323f85
40033fb8
403cbf77
3f0a3ece
3dcdbf01
be383f37
be603fc1
3ec03f02
3fe945d8
403c4006
401dbf04
3f644040
40144007
3f993fb2
3f663fba
3f9d3e34
401b3fb7
bee83ed6
3eca4025
bf3d3e6d
3fbabec8
40083f9c
4015bf21
400b3f5a
3f773f7e
3f893fb9
3fe3403d
3f6a3f02
403a4021
40033fb1
40193fca
bd594029
3f96beb7
3f49bf66
bf17401a
bf153f6a
4009bf0b
3f18bcd2
40373f15
40093ee2
40193ef3
3ff93ce3
400fbf77
3bbabeda
bf123efd
3f5e402a
bf57400f
3eebbf21
3f683f24
bf274019
3fca3e7c
40103da3
3fdf3ed5
3f0d3fbf
40013f60
3ebd3f06
c5d8be97
3faa3e8e
40153e9b
3f97403c
3f973ed9
403b3f46
3e9f4000
4020402e
3fb1bf66
400fbf76
3ffbbf54
40363fad
401ebeeb
3eb43f5b
3c36402d
3fdebd82
3fc4bf21
bea43fc9
be8f3ec1
40133fe4
400c4008
3f95401d
be8c4024
400abd92
3fcd3f25
40033f4a
bf22402d
3fe33fb7
401b3ec5
be503f68
bf693ee3
3fe8bf1c
4013bf6a
3eb43f2a
3f87400e
3f573f3b
bea93d19
bf67bf43
3e563f5a
3db0bf2a
3f713ff7
4039bee3
402c3f98
40034033
bee73f88
bee4bf65
403d3ff3
40283ffb
becebf1d
3f2845d8
3f09be19
3fd9bf44
40303f72
40113f3d
3f78bf4b
3fc8400b
4038400a
bea94016
3ee4bf11
3f893f8f
3f9c3f72
bf4a3fa0
4005be17
bf23403c
3f82bf53
bf3ebeec
bd84bf3c
be3bbea5
be303fed
4017403a
bf09be9d
40023ff2
401f4017
3f10bef1
402d4023
3f13beda
3f473f0a
4001bea4
3e253fa3
3fdb4008
be694011
40043f0a
3fb04030
3f9c3e89
3de04037
3eaf402f
3fc94034
bde1bf2c
be443fa4
bf50bf38
3fd3bf29
401f402f
3f8b3fe3
becf4032
3f8cbe6c
3f233d94
3fb2bec9
c5d84036
4027bd55
3f3fbcb8
3fa13fb2
403dbf6d
3f2ebf4b
bd684039
3faf3fd2
bf70bf28
3e553db0
3ff3403d
4040bf4f
3e4f3f26
3f8fbeb3
bf2dbf41
3e4d3fe8
3fed3fc1
3fd64031
3fc83fd6
3f5a4019
400f4039
4022403a
be474003
be113fb0
3faf402a
3facbf27
bf4fbf08
401abf25
3fbe4031
bd6cbf3e
4005bf73
3e48be56
3fe03e38
401e403e
401b3f3c
400c4022
bf643f6f
40323ffb
4023bf0c
3f8b3fc0
3e2bbf46
bf003f6a
3ecc4039
bea44002
bd8d3fcc
40223f30
be8bbddd
bd91403e
3f1b4020
bf2e45d8
3fb23f35
40123ffb
3e143fbb
4016403f
3f5f3cbb
bf5a403e
402bbf35
3f123de6
be823f85
bf2c3eb2
3f893f1f
4033be56
4022401e
3e744039
40124034
bf723f39
3f384020
3fdf4035
3ffd3eaa
4009402d
be303d95
3facbf47
be704017
bf41bdf5
4008be63
3f6f3efa
3e7e4038
3f993ed7
3fdebf32
3eb74030
3fffbeb4
bcc63f84
3ee13f55
bf52bf16
bed83e9d
40193e7f
bf303f34
bf48402c
3fb63ebb
bf5b4035
3e873e6d
3ff14021
40044022
be8d3e6d
403f3f82
403f4034
40003ebf
c5d83ffe
be9a3ff4
3f08401f
bf643f6e
40143fd9
beab3f5b
3f5b3f53
3f9e4003
3f473f6d
40373fe1
bf58be12
bf2e3f90
3e903fd3
bf09be35
3f53bf10
3ed04006
40013fb5
40053fd0
3f4b3fe6
3f583f13
bf64403c
bf333e5a
400abf66
be8b4037
3f55bf2f
3fa5bede
401b4036
4015bf35
3f35bee9
3fe73f8e
3f573fe2
3ead3fee
3c714035
bea04021
3fc6beda
3fd83f06
403d3f6e
3f34bf11
be55be8c
3f75bf20
3f91be43
3f16bf1c
3fdb4020
403cbee2
400d400f
3ce1beb6
3fa03fd9
401fbe78
401a3e67
be0545d8
3fe03fc4
bed4400c
3fcebe53
3e91400a
4019bf46
bf12befa
3f2abf77
3e573e3c
3fa4400a
bf1ebd92
bf3b3e26
3f5c400c
3f59bf6d
40253fb9
3f5a3f67
bf64be65
40133fd8
3f493eca
3fe0bf55
3fabbdd6
3e5ebf18
3ff4be9e
4022bf2c
4009bf0f
bf264003
3f0e3f2e
403e3fc9
400a3ff1
be093ec1
3ff13fa8
bdc73ee5
3fa6400b
bf704025
3f113e30
3e0c3f67
400b3def
3f993fcf
3eb23fb3
3fbb4015
403abf3f
3fe84039
3f1cbdda
3e883f06
40003fbc
3fe63ee0
401fbf1d
3f1b3edf
c5d8be3a
3f104017
be86be64
bf733fc6
3fa13fe1
3f933e6f
3f643fc8
3e533f40
400f3e8a
3fad3f60
40393f8c
be464028
bf744011
402f3f00
ba39403a
bf343f40
3ed2bf41
bdc7401d
40133ff7
3c4b3fba
be5c3ff1
3c863f07
bf533fc8
becf3f9c
3ea93fd6
3cecbe2c
3fda3f8e
3fcc4002
bf5c3f17
3ffa3fb0
401c3feb
bea43e01
3f88bd81
3fbc3f6c
40254036
3fcebe5f
bdd8beb4
3f34bdbf
bf60bf37
40374037
be834029
3f1ebf05
400a3f3b
3ff63cce
bf7ec5d8
bf7fbe69
bf38bed0
bf52be29
3f363fe7
3fc0be1f
be403f87
bf633fbf
3fd23ff7
3fad3ff9
3f603e95
3dfb3f4b
40323c8d
3f7c3fff
402cbf42
3ea2400a
3f7a3f2b
bf3a3eae
3e2d3fa6
bda9403a
3eb93fec
3f4bbef9
3fc93fab
3fc93fbb
bf623fcd
bf433ff1
3fed3fa4
402a3ece
3f684000
40104006
3ed53f96
40033d4c
3fea3ff9
3f843fce
3ff63d64
bf3f3ff0
3fe5bd95
3f22bef2
400a3fcd
3f1fbef5
be753f45
3f9cbee5
3f08bd7c
3fc6bf66
402bbef4
3f543fb6
40323fca
3f3f3d84
45d83ea8
3edf3f99
400d3fc8
3f043fed
bf2b4031
beae4033
3f3cbec3
bedbbda0
3f444027
3f423ff7
4014bdb0
3e42bdca
3fb5bf5b
3deebf2c
bf7b3f8c
3fd9bf13
40083d11
be473f51
401a4027
40143ff1
3f303fc2
3f823f48
3df1be23
3ed13ea1
3f8f3eae
3f85403a
4018400f
3f564025
bd253f8e
3e9e402b
be973fde
40373e4c
400f4021
401d3ee2
bf3c3c07
be33bf6f
3f713fe6
3fd73f6d
40354004
3f9c3ed6
bdbe3d9c
bf2b3fa4
bf404039
bd213fbd
beeabf55
3f953f86
be88bd16
bf633e97
3f6cbee1
be4ec5d8
3fb03f8b
3f9a3f22
bd1bbf3b
3f4d403d
403dbf13
3f8c3ff5
3fd1bf1b
3ee33df6
402fbe93
3fb73e99
402fbf47
400a401d
bf5e3fce
40143f65
4030becc
3e8d403d
be923fd7
3fa83fa8
3fe9bf2c
3f883f94
401dbe81
402bbf63
40183eb7
3ffe400d
be91bf7e
befe401a
3e873fef
40084034
403e3fc2
bf2a3fc0
3e063e93
bf284025
3f23be90
bf323f21
40403fc5
3fd43ed2
40083f74
3edc3f6d
40324015
403fbf0a
3f34be64
3e03bf40
400dbf0e
3efc4009
3ef63e04
3f57bf31
3ef74025
45d8400d
3fda4006
bf65400c
bec53ffb
3ff1bed1
3f7b3fa0
bf70402e
3fa03f97
4011bf1b
3fcb3f69
bf374032
bf6fbf11
40323ff4
3fd83fd0
be73be28
bf4f3f69
3f473f27
bf683e11
4012be95
403c400e
3f4e3fd3
3f934008
befdbf67
bd0a4011
bea83e38
3f8d4030
bee33fca
3e073ffd
be1f400c
40174038
3e8a3fa5
3fb04013
bee33fba
bd3a3f46
3fc53fb6
3c183fb5
3f513e83
bea33fd7
40063fba
bee33fae
3fa4be87
bf373f34
3f1d4036
3e1e401a
3fc43feb
bf39402e
bef8bed2
beb44014
bdb6bf13
4005c5d8
400f400d
4032400e
3f013f63
3f833e17
400ebeb8
bf7ebf33
3f6e3f8d
401d3f4b
3f983efa
3fb13f25
3f6d3edf
40243e1f
40193ef1
401d403b
40234033
3ffa3e3a
bf2dbed4
3f964022
40173f8e
3fe0403e
401c4004
40023e4c
bcda3f23
3ee3402b
bf1b3f30
40104013
bf074025
bcf53eec
3fff3f9b
3f123f5c
3dec3ff6
bec23ef0
4009400e
400b4005
bf653e12
bf5d402e
3f194014
3fa5bf43
3ffabeb3
40163f97
40093f12
3f66be30
bf69beba
bdcb3fa8
3ecb3fef
40014017
3fb1bf27
45d83f15
401c4036
4003be65
3fdf3fd0
3f1e3fb2
3f32bf78
bd9c4006
beab3f03
3ec83ffd
3f763fd2
3f663e9f
3f323fcb
3e9a3f9d
3ed83fcc
3f643d8b
3f8bbe98
40143f24
3f9f3f1f
3f05bee3
3ef24030
3fbd4004
3ff0401f
402f4002
bf67beef
401c3fa6
3e1c403b
3e8d3f85
beaa3e02
3f5dbea9
3faf3f57
40173f97
3e15bf36
3f393f09
be254000
bf3f3f35
bef93f01
3f1c4026
3f7e3fd1
bf743eaf
3f284009
be8c3f64
3ec84009
be954022
3ed03f98
3eac3e96
3ea83f8e
40033e92
3f9d3ed5
400e3fde
3f60c5d8
bf244003
3fe63fb1
be1f3fe9
401f4017
3fae4020
bef3bf7b
bf234011
40333fb7
401fbd9e
3e08bf3f
bf2f3ff4
3fde4023
40373fd8
40353f67
4003bcc2
3fca3f13
3fd23fd5
4038bf24
bf383ee6
3eed3fd4
bf153f50
3e5f3f93
3f643fa9
401abf5b
3fe6beed
40294012
bef13f4d
402dbf3b
bf223f81
bef83dc0
3fac4009
3fae401d
3f18400a
400d3f74
3fd6be61
3fc53f14
3f06401c
3fa03f24
3fb13e91
3fe33fe2
400a3d43
3f0b3e87
bf373f4c
bf1c4013
3fe54036
3fb93f85
bdb94026
45d8bf24
4022bed2
40013f9d
3e403faa
3f683e37
4019403c
bec3bf32
4003bf7b
401abf29
be6c4028
3f3fbd7e
3fbf4040
3f95bea4
3ffd4003
400c3fce
bf5a3fb3
3e9a3ff8
3fdd400a
401d4032
401ebf3d
4007bdf0
3fac3f50
3fe43f65
4026bf05
be8e3d66
401a403d
be853fb7
3f7c3ea7
bf4cbf2c
3ec7be5c
3f994012
bf7d3f5e
bf714020
400f3d87
bdfb3f68
403c3f85
be40bf5d
bef03fb6
3f453fe1
bf65bf66
be77403d
3e683f66
bdd6bf2b
3fd43e83
3fdd3f8f
bf444000
bd72be1c
3e884038
3cc03f4a
4016c5d8
3ee3bee0
3fa23e7b
3fd1402a
3fc9bf75
402f3ffc
3e143fbc
402c3fbb
4013bf30
3ea03f92
3fe6403e
bec53fc4
bf7d3f64
400abf0f
3fe34009
3ff53f2b
3d2d402d
bf0f3f42
beb73f6d
400a3fba
3fce3f17
3fe6bf27
3fb63f72
3f1d3f56
3f933fc8
3f493e73
3ea93fa7
3ed1402c
3f713fc3
bd383fe3
bef0bf1f
4020bf33
be93bf4a
bf6ebe19
3ff0beda
3fc54016
400c4040
3fc83fb4
3e9b4024
400e3fab
3f1f3ffe
bd54401b
bf593f65
3e96bf5e
3f873fc7
3f693f9d
3fcd3f36
401e4030
45d83fe1
3e7d3ec6
beabbf43
3f2e3f66
40134021
4005401e
401fbe21
3f623f8f
be9a3fe0
3f224001
40383ff7
3f923eae
400cbf42
3e82403e
3fe8bf54
3fbcbe5e
3e5f3fec
be1c4028
3f123f53
3f8f4021
3f843fb7
3e723f04
3f224001
3fe7402e
3fd3403b
bf2f3f8c
40003fb2
4012400c
400b4008
3f824006
3fc13f99
402dbf73
40333ef5
3f653e53
3f76bf1e
3f904029
bdda3f80
3cd13fa5
3fbb3e89
40153f53
400e3ee5
40193f9d
3fa93f17
bf0d3fa6
3fff403c
be333f91
bf3c3ef8
3f333f65
3fe13f87
3f33c5d8
be93bf55
bf254003
3fe73f07
3f7b4003
3d583f6d
bf5ebf52
3fb23f14
3ef53f76
3fe73f2f
3f58be43
402c3eaf
3f963c10
400f3fdf
be873f6a
4033bf1a
3f083ffd
