// case 008 massive_act - B[128][1024] BF16, row stride 2048 bytes
// 65536 words, 32-bit each, little-endian memory image
402745d8
3efcbf25
3efd3d9c
3ec54000
bcc5beaf
3f7b3f80
402b3ff6
40403f2a
3f4e4018
3e173eaf
3da8be23
4028403e
3f0c4033
be873fff
3fb23f93
3f793f62
40253fc2
400e3edc
3ff43ff5
402d400c
bed03d6d
400a3f23
be2a3d85
402b4034
3f803f71
beff401e
40213f18
40183ee3
3fc83f88
4006bf49
bf7f3f54
40373fd8
3fac3f2c
3fdd3e5e
402b4001
bf593fb8
3ff03f0d
bf713fea
bf3b402e
4032401e
3fb2403d
40323f4a
3fccbf11
3dda3e6a
be35bed2
3da1403b
400a3ec6
40243e36
c5d84005
3df94011
40363e90
3fcf3f82
3f81be15
3eaf401f
3fb4bf5d
40223ede
be964020
bf3c3f42
3f88403f
402a3f51
bdaebf6e
bf4c3f34
3fd53fab
bf1f4014
be983ddc
40083fbe
befdbedf
402ebef1
befd3fe2
bf003f66
3fc13eeb
40103f1d
3f89be06
403b3f91
3fbb3fdc
40094038
40104020
3fd7403e
bf343f1b
4040402d
402d3ec8
bf45bebf
3f94400d
3e133f8f
3f043f75
3fef4004
3f89bf73
3ea44009
bf6b402c
3fef4018
3e583f1c
3e1fbe24
4024bf5f
3f4fbee5
3f934012
3f9bbf69
40363f8b
bf4845d8
3fe93ffd
3f7d3fb0
3f833f21
3ec14021
3fd03f84
40303f94
3fdd4001
bf35be64
bf6f3f9e
bea2bf1a
401cbbd6
bf273fbf
3fbfbf3a
bf6e3fd0
3ff53d04
3f653e12
4008be91
4018bf5c
3f193f9b
3ffd3f6b
3fe24019
3fa94024
3fae400e
3f583fa5
bf373fca
be38401f
40333fd3
bf644021
bead3f15
bf323e87
3f533fe7
3f4a3f1d
bec44027
40003f32
40194001
40203f8a
3fd5bdd1
3fa33f55
3fab3f56
3f963f41
beacbeee
3f5d3ea9
3f603ff2
3d863fc2
be64befb
3fba3ff2
bea43f89
c5d83e8d
be704021
be953fb4
bf634010
401e3ef7
be713f3a
bd103c9c
3e9b3fbd
403b4023
402d400c
4032be09
40363fca
bf593f74
3fba403d
3fe93f98
bedfbe59
40163f63
3f3f3f41
3fa0bf75
3fbf3f4a
4012bf46
3df03fe6
3ff54014
bf5dbec0
4038bf7f
40023f1c
3f0a400f
3f6c3fce
40243fc8
40283ff0
bf0b3f8f
bf6b4019
3f443eb4
bee7401b
3f223fd0
403a3f8a
4005400f
40323f01
bf03bd0c
3f11bef1
4035bf5d
3f863ff2
401b4036
be9e3fa4
403a3f56
be813ec2
bf034026
40323f9d
3c9b4030
400a45d8
bf2b3fc8
3ffc3f8d
be903f75
3db5bf17
bf594023
bf73403d
3fab4015
3fa33fbb
3fdf3fde
3fd03e9f
bf17bf1d
be93bf1d
40053fbd
402d3f8f
40123ff8
3f723f0e
3ee2bf18
3f7fbf6d
3f884002
3be33f3f
bdf6bee4
3f7b403b
401b3eca
3f6c3e37
3fbe4018
3f73be58
3e523fee
3f394039
40013eb6
3b0fbd00
bf163e11
3fd63f26
3cfbbe95
bf6a4016
3e93bd96
beb14011
bf473fdf
3f833fdb
3f74402d
401b3ee9
beeb3f47
becfbe88
3f0c3f93
3fb5402f
be853d8e
3d943f7d
bf2b3ff1
c5d83e73
40163faf
bef8400d
be823fd5
3fd7bf04
bf384027
3fba4030
4014bf2c
3ed03f5b
3e333eb1
be82bf76
3f333fb9
401a3ff7
3ffd3f96
3f8d3f38
4002bf25
3dc23ff5
3f413f49
3ff0bf5e
bf1e3f8b
3fee4012
bf53bf3f
4006bf64
40263fa3
3f204011
3f4a4038
40394017
bf1f3e12
3eaf403b
3f403fcd
be71be08
3ff03fe4
400d3efb
3eaf3eb3
3e313f8c
3f4e3eda
be513f44
4010403c
bf053cfe
bef94025
3f6d400f
3fb63f36
40044030
3fee3f48
40264005
bf45400d
3da23eed
bf3f3fa5
bf013fa4
bf4545d8
bf31bf60
3ffc3fa6
402e402e
4005bf73
beeebf36
3f3fbef1
bf6a3fd9
bdeb3dad
402b4023
3f5bbdf1
40064014
40333f2d
400bbf73
3f1dbf33
3ffc3fc6
bf4d4021
3fb4befa
3e793f1a
3fbf3ffe
3eed3bb8
bebb400e
3fe8bd91
bef53fa1
3ecc4023
40173fdf
3ec63f5a
be9fbf08
bed3bc9f
3e7bbf6d
3ff04038
40063fc2
4010400d
be6a400a
3f043ff3
4032bf1b
3c8a3f43
3e5c3ff6
40233fcb
bf533ff2
bf7c3f9a
3f5e3ffa
bf1cbf0c
3f1dbf76
3ff8beb4
bf2cbf4f
be813fd0
be373fa5
c5d83ec3
3f0abd82
3eaa400a
3f27402f
3ea2400c
3fccbef1
3e99beb4
bf573f7c
3f594011
3f8d3fa6
3fd1be67
3eb43f2e
4006bf79
3fafbe4d
be5bbc89
3eb13f6a
401c3f92
bf223ebf
3fd4bf18
be743fb7
3f53be7b
3fde3fe1
400dbeca
3ecc401a
40074015
3f633ed6
bf28402f
3ebb3f0b
3f524021
3e863f5e
40253fe1
bf10bf76
403ebe33
3f65b84f
3d193e8a
3f5f3e8d
3f203ff9
40093fe5
bf194007
4001bf69
bf1e3f54
400e4018
40264013
3fa83fc7
bf0a3de3
40083fde
3d6c3ffd
40073fa5
401b3fd0
3ff545d8
3fd93f39
3fd84018
bf25beab
bf083e59
402b3fdd
3feb3fb0
3d3c3cd3
40144035
4025401e
3fa5befb
bead4034
be0a4035
4018bf4f
40264021
3faa3d76
3f1a4010
beb34016
3fd73f25
401dbebd
3f993eb0
be60bf77
400e3f4e
bf553ff1
40193f11
3ff93f8c
40173f08
bef7403a
3fef3ee2
3edf3f94
3ef73fa2
3fb3402c
3efe4011
bf2d3f56
bde7be89
4035bd33
3e443fb2
40283f35
bf7f3f14
3f47403a
40214015
3f943ce3
3f9c400b
bf3a3f50
3f3c3fbb
40153eb0
be98bf0a
3f094019
c5d8400c
3f713f4c
bf35bf23
40083f60
3ebabe71
3fb93fe9
3f953f50
3fd23d82
be1c3de7
3f14bf51
3fcc3eba
40244013
bf0fbf59
3ff53f2b
3fac3fef
40043cdb
3ffcbe7d
3f153f19
3fe04017
be72401e
3f74bdd3
40233e4a
3f58bf1b
3fa03ff2
3f9a3fea
3f143fe4
3fe3bf37
3fdd3f7d
40144006
3ed94018
be513f6e
bf123e87
bf393fa3
4006bd9f
40333fe5
3f0abeb8
400e3ff9
bf323f91
3de03fad
bf7abe86
3f76be46
3e8f400c
3e8a3fbb
3ef0be98
3fb9bee3
3f144015
4028bf34
3f913f59
3fd73f4e
3ed045d8
4021be60
403a3fb0
402c3ea4
3f753ee3
3f0e3f5b
bee93ff8
3ed1bf21
3e943f50
3f2e3ffc
3f82bf68
3fa2400f
3ffc4011
3f9d3c2b
3c983e81
3f5f3f39
40013eca
3f5f3f67
3f894001
3fe63fd9
403cbf57
3dde4036
3ee9bdf8
bf4fbc45
3f933f9d
3e813f7b
be9b400f
3f133f9e
bedc3fde
40203f29
3f83bf13
3cfd4017
3fb84017
3ff34016
40353fca
3fa34009
3f923f6c
3fd93e2f
3f5b3f9f
3ea73ea7
3de34002
3fa74040
4004be2b
45d83f87
3fc73e45
403abf6b
be1c3e17
3fb93f69
3f9b3feb
3f9c4031
40183e8b
bf473db7
400ebeb1
3eedbf26
bf34402e
40173fae
40253f63
3f593f8c
bd8a3fbb
3f76bf58
3ff33e20
3fce3fc2
3f204026
be784022
400f3e8e
3b68bf78
3f7f3e90
3f2c3ed6
3f4f402c
40343fa3
beb03fec
40233f62
3fbf4013
3ed4bf66
3ef6bf18
be464038
3ff0befd
bed03b20
3fa4bc4d
3e65402d
4034be8d
400e3c28
beba3fcc
bca53f20
bd9b3f0b
40083ee4
3ef93f2f
3da2bf77
bec33f66
3f4b400b
3ff14006
3f863f52
3f1ec5d8
3f25bf0c
3fb54027
3f9e3faf
40093eb8
3b9bbedf
3ee94005
400e3f40
40194027
3fba400a
3ff73fd4
3f8a4030
be813f8e
3f183fec
3e4ebf3c
be4e401c
3e933d86
402ebec2
3f193e42
bf1b3fe7
3f044024
3fe0befd
bf2c4015
3f934039
4017bf1e
3e87bed8
3e763f9e
40163eec
4019401a
3fbbbf27
bf304008
bee0bf69
401d4019
3fa33f7f
3feb403c
402c3f97
3f603cf5
402c401d
3ffebe65
bbeabf46
be2d3f94
3f9e3fa2
bd84be5d
4000402f
3ff53ec5
be9e400a
3fabbf18
be8f3fca
45d8bf4c
bcfc3f38
bea0bf51
bf693f44
3fe83fec
402ebf5e
3f23403c
40043f93
3f483e60
401dbf4d
4004be99
3c12bea5
3faa3fa5
402e402d
bf61bf2a
40313fc8
3f92bf23
be9c3c28
be35bec6
4033be9a
3fe4bec5
3bba4018
402dbf32
40084025
40064021
3fc8be83
3f9c3fe8
4033bf74
403f3fe7
40103ebd
4039bf0c
3d4e3e45
400ebecd
3f6fbf4c
403b402d
3fe63ff0
401cbf04
401dbf35
bf633e1c
4024bf40
3f80bf3a
3fb6400c
3ff63f8e
3e543fde
3edf3fed
40394038
4029be20
3fcc3f5a
401ebe55
3f5ac5d8
3ff83f99
3f78bf5f
402ebeed
3fd43f97
3f86bde2
3f27401a
400e4003
3f6b4016
3f92bdce
40104036
40333fb1
be8f3ef7
3f5a3fb2
3fe7402d
3ea23fea
3f01bf42
3f543fc5
402abeee
beb83be5
3f2cbf06
be4f4001
bf613ff7
40303f7b
402b403d
bf633fe9
bebdbf19
3fc53f89
3faebed5
bcbb3feb
3fc24025
3f964006
be6e4035
be983f19
3ffabf31
3fdc3f5c
bf3a3fb8
40223fd3
3fb23ed4
402ebebf
3ff93fbc
beebbe7d
3fa84012
3eb1bf04
3f92bf24
40233eaa
3f413ea6
3f2a3fc8
45d83fb0
3ffa402d
bf334000
beee3ede
403dbf2c
3f463ee3
3ecdbf66
3ffc4002
4007400d
40053f86
40033fa9
be7ebf6e
be46402f
3fb7bf1b
3f894026
be973fcc
bf76bf0f
40303e8a
3fff3e3e
be163fb9
bf4c3f9d
3f214011
3f6dbeec
bf794010
bf6b3fe9
bf173f7f
3e053fc3
402c403a
3f41beea
bf763fb6
40064027
401ebf31
bf733f91
3f91400f
bf623f5a
3ff33f9a
3d3a4029
3ecbbeb2
400c3fac
403b3ef9
3efabf7d
4032be7a
3fb6bee8
3ff73fc8
bf7e3ec9
3f003eb6
3b313fd3
3f5e4004
4029bf20
bed5c5d8
4003bf0a
bdb0401c
3f763ea9
3f8c3f59
bee93f91
3fef3fe2
403ebe67
40163fc7
bf24bdcf
40083fb0
3fce3e9e
3ff63fc1
3f41bf40
3fdb3fa4
4027bf59
4021401a
402b3fbf
3e1a4007
bead4009
3fbfbea0
bf703fe9
40274009
3ffb3fab
403b401e
3fd54014
40073f88
3f90bede
3ee13e3c
3fcbbf37
be9dbf3e
4032bf4d
bf1cbf5e
3cb63fe0
400a3fed
bf2f3ff1
bf38bf5b
3f9e3fd9
3fc43fde
3f4a3d30
3f053dc4
3e2a3ed5
3f184002
3df23f74
bf133f90
3f544009
3e733f89
3fa73fd3
45d83fdd
3d31bf37
40243fab
be2e403b
3f79401a
400d3e33
3f153fa6
401a3f9a
bf513fea
bf7ebf72
3f0a3f01
3e0ebdb6
40253ff9
be73beae
bbed4027
40323fe6
402b3f82
3f143fb6
3fc93f7c
bf663f81
402c401f
3ff73ea5
bf2a3fa2
3e734018
3fd53d71
4022beed
3da1bf04
bed33ff4
bf5a3cbc
402fbe86
3e893fd6
40123f9b
3fe9be33
3ee14021
3ecd3fc5
3fcbbe5a
3de6bebb
3fdd403e
3e1f4040
4037bf61
402cbf59
be4d3f92
401a4028
40054034
3f863f7a
3f7e3f2c
3f37402f
be89bf55
3eb34007
bf7ac5d8
3fcd3f39
3fe34016
bead3f87
3f914019
be383f2a
bf4b3f5a
bed63e5f
bf1a3ff9
be533e5d
3f18bf17
3fa2bf5d
3ff3400b
beb3be54
3fe63f5f
3fa1400d
3fb0bf6c
3fcf400d
40214001
3fec4015
3fd6402a
40123f18
bf65bf5e
beafbda8
3fdd3f84
bf033f75
3ffa3f2b
3ebe4019
3f87bf5b
3ff43f84
3e953eb4
400dbf45
baadbee3
4030bf11
3e333fe7
40133fff
3fe93e11
bf4cbf1d
3f1d4024
bf283dc5
40304038
3f9f3fcd
3f46bf04
3e3cbec2
4001bf33
3f67bea5
3fe73fad
be2f401b
45d83f3e
3f314016
40173e25
be45bed2
3fb83f01
403f3fb2
3f1ebe44
3f0b401d
3fd9bdec
bdc9401a
bf213e33
3def3f88
3fad3f99
4018befa
bf5e3f8a
3fc23e5e
3f993f16
3f24402f
3fbb3f9b
3ca33fa7
3b173e8d
403a3ed8
3f3c3fd1
3fd23ed5
402b401e
402abd89
3e52be3c
3ffd3f3b
3faa3ec7
3f083f92
bf3c4037
3fa03ec5
40043fd5
3e9e4035
bf0b4016
be9a403d
be643f5a
4028bf4f
3f1d3fbb
3f84be6c
4034be10
be6f3d13
4039bf50
bd0b3f2a
3f0c3e09
4022bee9
3eb3403a
3f5bbeb1
3f80bdc4
4018c5d8
be52bf35
3ff1401f
be93bf29
3dd13f92
3f104032
3f76be1a
bcbebf54
3fe53f66
3eff3f41
3f643e3b
3f25400b
bcd14003
be68bf7d
3f934014
3f8c3ff6
3fa34012
bf373e2c
4000be15
beb13fcd
40283f5c
401dbf4d
3f7b3f78
40213ed3
3fdb4032
4009bf12
3fdd3fec
3ff1bb33
4005bf6f
bf1d3fa8
402ebf3b
40284011
bf7f4012
be93bf59
4018403d
3f6f3ea6
3f7d3ec7
bed33e15
bef1401e
3f973f5e
3ee63f9f
3f1d3f75
40224036
3f82bf6e
3fa3bf50
3fbb3deb
403f401f
bf713f85
45d83ec7
4030400a
becbbdf3
40293fd2
3e5abf5d
40144039
3f973fd4
be893f76
be253ffb
bf663fe5
3effbf06
bf7c3f9e
3f253fb0
3f03be0b
3f13bec8
bf75beff
bf403fa2
4013bbed
3ef6bf4e
3fda3f27
3fd83fa2
3eb73fe8
bdf83ebf
3ff83fc3
bf573f4b
400c3fe1
3fe63d52
40254004
3fb0bf52
beed3f8d
40033fbb
4015be7b
bdfc402d
4034be5c
3fa74022
3fea3fcc
40263fb6
3dddbeaf
3f18bdea
40194034
bf4e4004
400fbea7
402e4010
3faa3c8b
401e45d8
3e50be8b
40323e2a
3f713fc0
3e803fc5
bf3ebf47
3ebbbeb5
3ed9bec5
403a400f
bd66becd
3fc5bc8d
3f27bf07
401e3ef3
3fbf4032
400c402a
3fdbbf72
bc65403f
bf734039
bf26403c
4036be45
3f713feb
3e3c4011
402a3f7e
3f423fce
bf5c4025
4012bf40
3fe23e9f
bf11402a
3e15401d
40153e62
3e803e6d
3e353fc9
40024003
401d3ec9
3e033fc0
3ff3bf1e
3fa64038
402c3fee
400f3f32
3ec0402e
3f773fd9
3fd73e54
3e85401a
3f603f33
3e993ebd
3f3a3ffb
3f0dbedf
3e613fd1
c5d83ee7
3f473fae
400dbede
3fc33fcb
3dc3bf69
bf614023
402a402a
4016bf09
401f4025
3fed3f7d
40074011
403b3f9e
3f16403f
3eed4027
3e393ed7
40253f38
3f9c3f1e
3ea8bf07
3fc9be77
bf0fbf76
3fc84010
3f904037
bef5400d
be9abf4c
3eeabd7e
be2dbf71
3fde3f96
3f743fa2
3f0abf28
bf7f3fa8
3ed93f0f
3fd54016
3f593fdd
40153fe4
be254033
3f30401b
beb13f9f
3fd3401a
bf543f17
bf65401d
402d4035
4035bdbb
3eb7bf4f
4020bea7
3fb13ebb
40364005
3f484013
3e843f08
40073fb2
403e45d8
3fb23da6
bed93feb
3f0d3f30
400cbf3f
3fba3ea7
3fae3e8b
3fa0bf70
bf01401a
3f78bf49
3e113f1d
be8c3fdb
40333f48
3ff93fc0
bec23fdf
bdea3f79
40033ff4
3f803eb5
3e1d403a
3f57402d
bd37be2d
3fd4bedd
bcf7be89
403e3ed1
bf47401c
3f7fbf76
bee7bf1b
be163f68
3fa7bf79
bf353c6f
bf053f12
3fc1bf24
4039be8d
bf2d3fa5
3f07401a
40094025
3ff33ed2
3fff401a
40163f8b
3f883f9f
bf103f8e
3fd6402b
3f663ea5
3fbbbed9
3f7d3ff1
40393f50
3f473e67
4003bef6
c5d84021
40323ff8
400e3ff7
3fd2bf5e
3dcf3f5a
3df93fe7
400e3e28
3f953f95
40243fd7
3fcd4031
400ebe73
3fa4402d
402e3f95
3ff14017
403cbf3b
3f00bf66
3f003ef4
3fc9403a
3e4b401f
3e4a402f
3f804026
4018bf73
bdfe3f8a
beb93f7b
bf093f49
bc0d3f72
3fa4bb8b
3d2f3f97
3f17401a
4025402d
bed84032
3f163f8b
bdb03c5a
40364027
3e823fcc
4023400a
bee94001
bec03d35
bf433f7e
3fe74021
3e16bf2c
3f913e5d
bd86bec1
3f713fed
bf20bf71
bb66402d
bef1bed6
be3a3ef7
402fbe0c
3fe745d8
bdae3dfb
3f67bf39
be4c3f96
3deebf36
3fbc3f99
3dd34036
4011400b
3f3fbe1d
bedf4025
4011bf48
400cbdf9
3f963f0b
3f323f50
3fe5bec3
bf714020
3e69bf15
3efa3ea6
3fcb3fcf
3f9c402b
4040bdec
3f20bf34
4023bf5e
403e402a
bf053f87
3f7e4029
3eae403f
3fd14021
3fedbd78
bf773fd2
3f0f403d
3f2b4003
3fc33ea6
40074012
3f423e64
400d3fe6
3f923fcc
401cbe8d
3f673f8e
400e4020
4015be85
3f873f53
bf713ffc
3f573f68
3edd3e57
40104013
3f8c3ff0
bf463ca3
c5d84006
3f1e3f75
3fadbc8a
bc833f9f
40184020
3f2f3f29
3fe94008
3f843ef0
3ffa3fbd
bf7b3e08
3f223fe6
bf0e3f57
bf4b3ee5
40273fbd
3ffebe1e
40073fea
befdbf2a
3e09beb8
40393fdd
3f903fb9
be053fad
3fc7400c
3ff94038
403f3f96
bf113f75
401b3fa7
3f7d400e
40064021
bee84006
bf5c4000
be8e3f64
bf203e0b
3f6abf1f
3e623fd9
3fc04022
3fed3e45
403d3f3c
bf73bf20
3fbc4013
4038bf55
3f6f3e20
3fa4bde1
3ec73ff8
bf7d3f88
3ee8400c
403c401a
3e453e06
4009403d
3f633fcc
3f3745d8
40003fe6
bf3e3fdb
40253eb5
3e93bd21
40313ea3
40253f95
3ffd401a
3f67bf5f
bf3b4017
3eb6be65
3ec83f7c
40243fc6
402d4007
bf544014
3fd33f29
bf7a3e18
40153f0f
bf383fa8
bf3a3f9d
3eb24002
4034bf1e
3fe54005
3ebb401c
40004039
3fce4038
3fce3ff6
be5e3f0d
3f194026
3fbc3fec
40243dae
3f1a4006
3f4d3ff6
3fed3fe5
3fdd3fcb
be81403b
bf13bf4d
3fc24021
3fb54034
3f03bf2c
3fd54027
3fe9bf28
3fee3f92
3fb54031
bebdbf09
be91bf5b
3fdf3e9f
3e5e400d
c5d8bf65
3fa8bf69
be003fa2
3fc73ff7
3f103fc3
3f00bed1
3f22402e
bec33f22
3f854022
3fa74037
3ef63f37
40223f9d
bf14402a
3fba3fe4
3d5f3f5e
3c9f4028
bf6abec6
3f47bf6b
3fd23d2b
3f813fde
bda23f6d
40013faa
4008400c
40263fde
40133f86
3fdc3f9d
40244031
40273f8c
40393eb5
3f303fe8
3fb23f1d
3f613fa0
bf40be93
bd4c3f05
3fb73fe7
bf2d4025
3fac4013
3fca3e75
40303fbc
3f553f2b
3f993e6c
40394038
3d724016
3fa74003
3f4b3fff
40073ff9
3f573f97
3fadbf45
bf064016
3fb145d8
bf4a3e1c
40363fd0
3eccbf7e
be873fbc
3febbf5f
bece3ff8
400cbf49
3fc33f11
3f45bf01
3fa83fc6
40054037
bf394008
401b3fad
3f813e1e
bdddbe2e
bf6c3f08
bf1a4024
3fa2bf39
3fda4036
be7b400c
3fe0bf1b
402b3fc8
3f144017
3fd73f9e
be5fbd9b
3fb4bf2e
3f6e3fa9
3cd5beed
bf01400c
3f223e86
3e253ff9
3f923f06
3fd74000
402f3e8c
3f824039
4012be2b
3ff23fd8
3fcebeb0
400e400c
bf5dbf0b
3da73fdd
3f3f3ff5
3f074037
40093f46
3ffd3ef6
3ec33f19
bda8403e
c5d83e16
3f963e9b
3fbe3fd2
3fc9bf43
3fe03f86
bd6bbea8
beeb3f48
bf6dbebc
3c994027
3f484029
bf533f98
bec34011
bf553ea9
4037bf57
3fa0bf12
402fbf22
400e3fd0
3e6b3cd4
3fe14024
4004bf46
3eeb3fea
bea0be9d
3f853fdf
3f2c3fa4
40033f99
3f3e403f
4038bdcc
3bd13fd3
3fb33ec4
bec33f2c
bf46402e
3ed1be66
bdb63fff
40093faa
3fde3fa4
3d7b3fa8
3f0c4022
3d633fe2
3fbf4006
3f203f36
40153eec
3f21402b
3f2a3f99
4025bf06
3f84c5d8
bf0b3fd5
40243f54
3f0cbebd
402e4025
3d8b3ee5
3f033dcc
4010be80
401dbe1f
3ffb3dcf
3ec2be84
403c3f39
400fbf65
be27bf2f
3fdb3fd2
be4e3f9b
3f81400e
3fb13f46
be4e3f8e
3fc24006
beef3f9f
3ee44037
bf4d3f9e
3fe63f87
3ffb3f70
3e9ebe6c
3fc03f87
be913ffd
3f953f38
40313fbc
3f774006
40183f78
3f393fd6
3fe94005
3f1bbe8b
bf23bdf7
3f7b400c
3fd43e7e
402ebf10
3fbf3fd9
be083f1b
3f933f96
3f5a3f63
bcde3e82
3ea93f26
3f3e4000
be55400b
400b4011
45d83f54
3e0e3f01
3eba3e8a
4020bd84
40174028
3f573fbe
3fd03efe
3f38bf46
be87bf47
3ffe4032
3ff03f1e
40373f3a
403e3f4d
40163ffe
3f713f4e
3ed83f19
3f54402c
3fd23e8e
3e5fbf65
3fc03ea8
3fcebe49
401f3fcb
becc400a
bf54bf6b
3fdc3f7b
40023fbd
400ebd34
3f6b3fee
3ffe3f6c
bf0a3ead
bf233f46
4019bf71
40303ec7
3fed3fab
40263eec
3fd33cfc
403d3fd1
401e3fb4
40353f5b
3f263f1d
be2c401f
bf574007
3fb23f8c
40213f68
3fefbdf0
3fa93f48
401d3f9b
be603d69
3dc0be34
3e83c5d8
3ec73e94
3fcf401f
3f88be7e
402f402a
3ff53e81
3f96be0b
3f4e4020
3f134011
400ebe7f
3f054034
befd3ff3
3f154018
bf15403f
401d3ff0
bf5f400e
beec3fd0
3fd83d50
be43befb
bdf33fb8
3f54befb
400cbf56
bf673c2f
3f1c4002
bf1e3f83
bf7d3f52
bf1c4005
3f4a403b
3f7c3fd9
be0a4034
40273fdc
be8a3ff3
be703f13
3ecebf6a
3fcc3e63
3fe4403b
40104034
3e31becf
3f344025
4008402d
3ff43f0b
3f994024
40194014
401b3ff7
3f9b3f84
3cbbbe5a
bf52be56
3ec43d5d
45d83f49
3feb4002
3fed3fcc
3f4fbf19
402b3e87
bdd63f8f
401f3f84
3f9dbf0a
bf583eb3
bf073ff4
bee43fca
3eac3ead
3f2b3e3e
3ea5401d
40213ea1
3f5c3f9c
3f474034
bf2b4023
40353f7c
40084030
bf064037
3fc23fb6
bf623ec6
bf24403e
beb83f5f
3fa14033
40043fa3
3e50bf67
403b4022
3eb33e89
bea34026
3fdf402f
3fdb3f96
3fac3f6f
3ee23ebe
3fd13eba
3f353ed2
3ff33f7d
3d843f8b
401c3f59
bdee4036
3fe23f37
bf6dbf05
400fbf45
3ecc401c
3f1bbf7c
3f18bf5a
40173ed3
40214027
bf64c5d8
befc3fac
3e143fa4
3e96bf0c
3ff13fcc
3f473f53
401b3faa
3ecbbec6
403c3fe7
40103fcf
3e9b402b
40023f1a
3f473f8c
3ebc3fc8
3ebf401b
3f184003
3fb1beab
3efbbf32
bcf84035
400fbe47
3fcc3e6c
bf163fd4
40353f4c
bf233efe
3fa13d04
3f273fdd
bf40bef7
4037bf21
be9e4025
4035bec4
bc234017
3fe04019
400f4025
3f844012
bf58bef9
4011bedd
3f514015
beb54015
40213feb
400b3f5a
40093fcd
3fbd3f91
bf72bdc7
3b6c4033
bf213fb0
40334008
3f154001
3ef63f5d
45d8be37
3e6e3ee3
3f30bea6
bf783f55
40364014
40293f47
403c4023
3fc63fba
401a401f
3fda3f3d
401c3ed6
400d3fe3
bc904028
403a4000
40023f88
bf283f76
3ef94034
3f81bf78
bf3a402b
3fd4403b
400a3fe7
3feb3fc5
3f2c400c
4025400c
3e42be74
bf19401f
be4f4036
401c402b
bf744016
3faa3ff3
bcd2403f
3f783ccd
3f413ef9
3fac402a
3fdf4023
bf044017
4006be36
bf0d402c
3f0c3f86
3fc74035
bf0dbd8f
4015beaf
40184031
3f64403a
bf2d3f11
3fd73ec5
3f4d3f3d
4011bf17
40283fce
3fa2c5d8
3f393f04
befd3fc4
bf23403c
40023efb
be89bf5f
3f59bf19
3ebb3fa8
3eae4009
be493f5d
40313fac
3f7d3f50
402cbf7c
3f384020
3eb63f87
3fe24011
3f444031
3f9d403b
3f343f24
3f2fbf33
3fd8bf56
4038403f
3eebbf6f
3f9a3ede
4039bef8
bf493fe3
4039401d
bf12bf09
bf054000
3f174009
3ffc3ef0
3fff4029
3ff73fbf
bf194000
40333fb4
3f093f1c
3f583f79
3ecbbb0f
be593faa
3f95401e
3f7fbe8e
3e933f72
3e3f3ee5
3fe23fd1
3fe53eee
3f923fcc
3e0f3eee
3dd2bef9
45d83f12
3feb3f83
beda3f49
3f174011
3f66bf5c
bde33f5f
bf70bec0
bd533f2c
3fc2bf36
3e823f0c
3fed3fef
3fb3bf2f
3f8fbf7d
3fcb3f99
3d293f90
bf043deb
3ec3beec
3f83be96
3fd33fed
bf79bf04
3ffebf1a
bf39bf52
bd3f3fae
3fcc400d
3f493ffb
be00401d
400e4037
bf15bf7b
3f19402d
3f844017
3fe4bf19
3e733f4d
4006bf66
3fd03f75
bf593fd8
3fd9bf1d
40003f96
3fb33e49
3fe43fb6
3f113f61
3eff3ed1
40063fb0
3f484025
40373f25
3fb6401c
3f7b3fba
401b3f65
4020bf7a
bf0c3f0e
3f7ac5d8
3ebd3fe7
bf5d3fe3
bf0dbcca
403c401a
3f8abecd
3ec73fb0
bf08bea6
3fd93fac
3fc4be49
401b3ebb
be453f33
3ebb3f0c
3ed54010
3fb33ecc
3ffc3f27
bdbdbbeb
bf75403a
3fd93f93
bf623f37
bc90be9f
3fbc3f94
40393f12
3fd0403d
bef3401e
403d4015
3f85bede
4034bebc
3f384034
bd3cbf07
3e6a400f
400a4009
bf194003
4003403e
bf6d3c93
3ebb4024
be08403f
3ff74026
3fe74011
bf034030
40243f51
3f133f50
3f84bd62
be9cbf10
bf66bf64
3f0f3f28
3ffc3e30
3fa23e93
45d83fd7
3ebd3fab
bf47be93
3f1c3c6c
bf1b3f4a
3ebfbdd3
3fc23f44
400c3fd1
40313fd8
3f513f99
3ff53f64
be64403a
be963f0a
bf7d3f23
3f47bf19
3f443f28
40393e61
3e863fe2
3f19bef1
402f3eaf
3fc1bf0e
3eac3f3f
3f203fa3
be424029
3f77bf3c
3f4d3ed3
3dcf3fa4
3ff6bf2c
400d3f93
3e073efe
bf313dcd
400c3efc
3ff24021
3e363dc1
3f51400b
bf3d3e8b
40393f88
bea7be8c
3fac3f47
3f433feb
bf074010
3f1f4005
40303f46
3fe43ff6
4013bf5d
bf77402d
be754002
bf34401e
3ec74031
4011c5d8
3f683e39
3ea4bf4c
befc3f6b
3ff9bf53
bf21bf0e
befb3e90
bef3bf40
3f483ecd
bf6a4029
3fa43f15
3f1ebdc4
3f893fd6
beda4003
3f123f5a
bef0400d
be02403f
3d2c3eed
3f594009
bec0bf6a
400a400f
4013be94
40093f10
3f52401f
3f0c3e8e
bdb53fa5
bf7b3eeb
3fbf4014
3f7b3ee0
be724039
3fa13f0d
400fbe03
3ec93eb4
3f4f4016
3f0e4024
3f243f1c
3fed4011
3d843f2c
bd98401f
402dbe88
403a401d
be9f3f41
3fa13fd2
c5d83fdc
3f2b3fd2
4019bf0f
3feebf60
402ebd29
4020be92
be5c3ffb
3f8cbe13
bf403f99
beaf3efb
be954024
3fd63f87
403a3f37
3f1dbe86
40024016
bf38bf33
3f7e400e
4037bd5f
3f544013
400b3f8c
bf323ea0
3f59bf45
3efd402d
3ff83eab
3ff3bdbf
3f1f3fb5
3f774010
40333ef1
3fbe403e
3ec83e87
be3b3d88
400f3efa
3f913fcf
bf5d403c
402abf69
3fd53ff7
3e484030
401fbf7c
3ff6be32
4015403c
40083f99
bf784030
3f1a3f37
3f42bda1
40323fca
be973f52
bebf400b
400c4012
4010400a
bd8945d8
40153ff5
3fc2bec1
4012bf73
3f9f3f51
403b3e7f
400f3fea
4008bef1
3f6e3d55
bef7402f
bd103f65
40113f2a
3fdb3f9b
bdd13dd6
401b3ec3
3db43ff6
3fdb4000
3dc03f8c
bf7c3fdb
3c16bf2e
3cbb4034
3f70bf09
3e5e3f86
3f24bf66
40054005
3f5ebec3
3dd64028
bf12beb1
4010bf0b
be223f08
3f0c3f16
3ee23f11
40054020
3f6a3fa6
400d3ff5
bf403ff8
3e25bf35
3ee5bd76
bb4e3c48
400e3ed9
400f402c
be913f2d
401c3f7f
40103f9b
3f5f402c
3f263feb
3f1dbd97
3f5a4012
c5d8401f
3eed3f74
bde43f83
40123da2
4002bf56
3fc5bf17
402a4013
3fd93f4d
3f49be88
40244021
403dbf44
402a3f08
be813f14
3fe6bdf9
3f1b4034
3fda3f7b
3fa73f4b
4019400a
3fc64000
be423ffe
be564030
3f6d3ff6
400c400f
bee4bee4
3fa9bf2e
401b400f
be913ef4
3f963f62
3fc24011
3e9abd0a
3e92bc43
3f9ebf67
403f4032
3f81401e
3f463f05
bf683e1e
bd4fbf32
3f97bf10
bf013f10
40083fc2
bf133f96
3ec24033
3f7f3f7a
40234005
be6d3f31
3ffc3fa2
bdf63fd8
3fe64014
3ffe3ee9
bf1b45d8
3f833f80
bf3dbdfa
40093d94
bf2b3e43
3f3c3fd3
3f803fc9
be513fa8
4005402b
3f8ebf7d
3f5d400a
4021403e
3fe13f44
3f13be39
3f5c3b87
3f833fef
3f743feb
3ffe3ed4
bf03bf0b
40224016
3ca7bd53
bee53e0e
bf7e4021
3f443ecf
3eb8bf7d
3ffb3eef
3f4d3e63
3f6ebf74
400c3d8e
bcf3bf46
40163fed
bf3f3fe7
3ecd4000
3f5e4011
beb2400e
3d103f60
bf27400d
401c3fb6
bf733fa5
40393fd7
3fd6be88
3fd1be13
403cbf3d
3db33ebd
3fa1401a
bee7403a
3f64bc7f
bf2e3fed
c5d83fe7
3fa13f81
400b4018
400d3fc2
bf524011
40083fc1
3f403f8a
3e744004
3fc23f56
3f17be40
3f6a3f95
be66bf51
bf153e90
bf153fd3
403c3fe9
3fe1beea
3fb0be8a
3f533fa3
4038bf77
400b4033
bee5be89
4034bdb2
3fc23fbc
40274015
3fc13f3c
3fc73fba
3ebc3fde
403d3f40
4034401d
3f974026
3fbbbe0d
3f934019
40203fec
403e3fe6
3fcc401f
beca402e
bf47bdbe
3fa83f12
3fa2bf0b
3dec3fa2
bdf33e19
bf483f72
40234029
4011beb5
3f923fd7
3edd4007
3fdb3fdc
3f883fd4
3fe14005
3ff545d8
bf704001
bf313ffd
3fc03f8e
3fb63f87
3f8c3f5d
3f7e3ed7
3fb3bebe
3fbd3e9d
3e793fdd
bef43f09
beec4017
40313fad
be514015
3ce54022
4024400f
3fce4018
4037bf58
3f8b3fa1
3f673dcf
3feb4010
bdfc3f9f
3e574039
bf2c3f49
3ed43fd0
3fcf4015
3d6e3f9c
40103fa6
bf2cbf38
3fa5bf72
bedcbf7b
401e3cdf
bd4a401a
3ee03ec8
bf35401b
bd643f01
401a3fdb
bf1b4032
3ff4bed6
be563f81
3ed9be1a
bed74029
bf4d3f9a
3fa5400a
3fa5bf11
3fa1bf1e
be0c3fcd
3fb53ff9
c5d83e5b
400e3f41
bf5a3f60
3daf3fcd
400b3f31
bd9f400f
4020be66
4017bf40
3fddbeeb
3fb84010
bf433f80
3e3c4023
3f5bbe72
bddd3f90
3fb33f90
40023fcd
3f3f3dee
3fa54014
3e99bebf
4001bca8
3fa33ea6
3fe1401c
401dbf03
3f16bf63
3e9a403a
3fc4be3b
bf1b403d
3dd34031
4008400d
be593f4f
bf753f47
3fa24029
402b3fcc
bf1e3f94
be6a4017
3f57bf36
3e65bf3a
3e643f1b
bf694006
3f4b4015
3fc33ca2
4024403b
40033fd0
3e433efd
403c402d
4018bd5c
4012402c
3f664019
400a4007
400345d8
bda53fc4
3fad3f2f
3bf53fa9
befc3f2d
3fab4001
40303ffa
be9b3fe4
3f603f01
3f11bf43
3f7ebd4b
402c4002
3ffd3f72
bf55bea9
bcf0400f
3d4c3fea
40333fbf
402e3f18
403d3ffa
bec23f8d
400ebf68
40254002
3da0bf3f
3fcfbe8f
3e12bee0
401a3fd6
400a3e87
3ffebf36
403abdde
3f73bdd1
3fff3ffb
3e483fa6
3ff23f3a
3f9dbe92
403b3f7b
3f6b3fab
bf32401c
3f983ee0
be79bd1e
40033f80
3fd74031
3f294024
40183fff
3f1ebf4a
400f3ebb
3e2b3f34
be953f37
be063ff6
c5d8bf7c
3fb94014
40224013
3fa93f2e
becb401a
bd324016
3ef53fd2
3fcb3ea5
3f7b3f10
bece3fff
401b3fbc
4007400b
3f5e401f
3fb73e91
3fd9bf5f
40103eb3
3f993fab
400f3f93
be013fc7
bdb43fea
40313fb2
3f144029
3d31402b
3f8b402d
4000403d
40153f8c
bf14bf0d
3fb73e05
3ff13e96
40394028
3f1d3fb5
400c4001
400b3fab
3fedbe97
3ffc3f05
3f7d3fe1
3f83bf70
402abdea
3f9ebed0
3f87bf07
be423fa8
bf6f400a
3dc24011
4015bf1e
3f9cbf0a
3fab3f8d
4025be80
3fd4bda6
3fbf3f76
403745d8
bf6b4008
3ff6bead
bf393e99
bef2bf5f
bf07bdb4
3fed3e2f
3f10402a
bf263ff1
3fd13dce
3ff03e3d
be503fe2
4000bf4f
beb43fb5
402abf67
be823fe5
40174027
3f7a3fb2
bf023fd0
3efd3ecf
4036401e
3fd93f5b
3fc33fa0
4034401d
bea84020
3f824017
bf7d3f3a
bf113f4e
4007bf66
bf093ebf
3f593ef0
bef1bef6
3fa24012
bf0e3fb1
3e113e6a
4025be80
40373fa4
3d1ebf75
4037402c
40223e08
3e923f3c
400ebf70
3fac3f5c
40133fc4
3fb4bf2b
3f22bf0f
be6e4026
beca3fb6
c5d8be4e
402e3fe4
3fdebdc9
40023fdd
40054023
40363fae
be41bf41
40214008
3fa9401f
3fec3f4d
bd5c3ddb
3fe23ecf
bebcbeaa
bef83fd1
3f233f83
40233ff5
3fcc3f24
3fd23f93
be6cbf50
3fd33fb2
bec93f89
3f983fd4
3fe13f3c
403a3f2d
40273eb6
402f3f93
3f1cbde4
bed33e4c
3ed84034
3f513fda
403f3e75
3f42402d
bf514014
3fa33ff2
3d74bea3
3fa9bf68
bf483fda
3fa43e9c
3fa14011
3f8f3f18
3f3bbe05
bf2f4029
3f5fbf75
3fdabd51
bf11c5d8
3fa1bb8e
3fea4014
bf264027
3f1fbef3
3fbf3ed4
3fa83f6c
3faf4023
beef3f50
bf473f65
3f403fef
3ff4bf62
3fb23ebb
be9f3e8d
40313fd5
bd314002
40374009
3f5bbe9a
401a3ff9
40383e02
3e2e4025
bf3d401e
402c401e
400f4008
3d143f1e
3fb5bf3d
401d4017
402bbf26
403f400d
3ffd4030
3f61402b
3fa13e50
bf07bf74
40263fa3
bf434021
bf41be34
3fbbbf5a
be3fbea5
3fc6be9a
40393f14
3fbe3f62
3fce403c
403a3f51
4013bd06
401b3f9a
403d3f87
3f354012
3e4c402a
45d83fe9
3e9e403b
3fdb3de8
3fe93eac
3ff5be99
402b3e66
bebc3fb8
40233f80
4021bf79
becd4032
4031bf56
3efb3f8a
3ef73f9d
bef3bf0c
401abf75
3f843f20
3f463fb2
40363e92
bf193fe9
bd044004
3f52bf24
bdda3fd7
3f1b3e26
403b4029
40023f66
bf133dd5
40274029
beb23fa4
bf413f58
bf323f60
3fb43fcd
bc91bee4
bf453f7f
40273e9d
3edd400d
3fbdbdc0
becc3f47
bf723fe8
3f7fbf3e
40033e22
3f4b4026
400b4003
3feebec2
3fe43f68
bf6d3f25
3f943e68
bf7ebf1e
40083f42
3fd94035
ba48c5d8
401d4028
40393f8d
bcfb400d
3f02beb0
bd363ff3
3fb53fb3
3ea93e86
403bbf69
bf1a3f31
40353eeb
3ff5be72
403e400c
bf18401f
befb3f0b
3faf3fcb
becf3fdd
bf56bf03
403d4017
402dbf66
3fa93ed3
402ebf60
3fc24013
bf2c402b
3fa83ff1
bf183d88
4022bf7d
3f474020
be4d3f99
3f8b3f04
3fe53d7a
3f163fa3
3f9ebe12
401abf32
3fc83fc7
4017400d
3fe4bf14
bf313e1c
bf57bdf9
4013402b
bf2b400e
3f134000
3fb93f27
3fad3fe1
40173e4f
3fa64023
401fbf2f
3f97bf59
45d83ee8
be8b3d71
3f0bbf63
3f444030
3ffe403a
3f29403c
bf7ebf2e
bf24bf4a
40354018
401c3fb7
3d403dea
403f403b
3f8d3fdf
40173ff6
bdff3fb9
401f401f
bf7f4016
ba1c402d
3f0d3f94
bf2e400e
3ef14021
bded3f92
3ff33e79
3f993e92
3fee402c
3f8cbe92
bc593fb1
3ff1bf68
3fd13e7d
4030be95
bf5d3f15
3f6cbeea
3f253bd0
3fdd3f98
3f843f01
3fcfbd4b
400f3ec7
3f5a3fd1
3e2cbef7
3f983f43
3f3d3fc7
bdc13fb8
3fb83ffd
3ece4024
3e023d90
be80bed6
3f573f39
4023be32
bf49400b
400fc5d8
3f2f3f96
bd2b3fbb
400fbf43
bf35bf54
3ec4be38
3f2e3fcb
bf4b3f8a
3f724016
400b3ff8
3ed24038
bf1e3f3b
bf2b4008
bf15bf6f
3f843f9a
bf59bf4a
be6a3e33
401ebf4a
bf06beb8
beb14028
40164007
3ff03fd9
be9abefe
bf413fa8
beab3f92
3fe23fc6
bf10bf47
3eec402b
3eb43d78
3fab3f8f
3fdc3fea
3f733f17
3e5a4040
3fe14030
3f4e3f0e
bf16401e
3fd9bf48
bf28bed0
be28bd30
3ff63f6b
3fd03ea0
be453fb7
40013ef0
beffbd87
3fd5be84
3e154003
be113eee
3e913edb
45d83fe4
402fbe22
3ea5befa
3ff8bebc
3ec13f4e
3f953f5b
401a3f6c
4000bf04
3f993f7b
3fa23f3d
bd944004
40113fb3
3cfa401b
401d4038
3fa73fdb
3fe93f15
3cbe3fd9
3f5c3f9b
400fbe3d
befabf5f
40383fc8
be97bf08
bf3b3f9e
4003bf49
bf48becb
3e584017
3fe44033
3fd63f87
401f3d36
3fb1bdfb
3ed0401f
40164033
3ed64039
be223f22
bf30bf33
3f943fda
3f2abf69
3ff63ec9
3fb13cd6
4022402c
3fae4020
3e24bf63
3fe83f64
bea93f3e
bee73e5f
3fc43e8f
3fb5bdef
bf0fbf38
3fb53f7a
3e3ec5d8
bddd3e9c
3fdbbf15
3fbebf45
be1c4038
3ff63fa2
403f3efe
40243f4f
3eb73ff2
be0bbf6d
4013bf69
3f073fd9
4008be17
400e3e86
3e0f3fcd
40143ebd
3fdf3f85
3f84be1a
be663fd2
403b401f
bed83f90
3f243fb5
4023beb5
bf223f42
3f93401d
3f8e3ff5
3f7d3e82
4032bdb7
40183f1c
402dbeb8
40023e4b
bf2f403c
3fcd403b
3f833fd0
bf2c3fa2
beb3400c
3de24012
3f87bdc4
3ffe3f82
3c993ff6
3ede4034
3ffd402a
3f893f9a
3edc3f86
be914019
403f3fc8
bf303fc0
402b4002
45d83fea
be343ff7
3fa4402d
40113d16
400a3e87
be32bf2d
400e3f15
40313fbd
3fc13f52
3e903fd2
3e943f9d
bf5d4005
3fb1bf08
3e033e83
3fb13fa0
bf764011
3faa3feb
40363ee1
40014016
3f8d3eaa
403d4007
403fbf4d
3f583efb
bf6bbf10
40143f1e
3f78bf00
4033403b
40173e2f
bea33ff2
bf6b3dad
40393ff8
3fdc3faf
4020bf6b
40223f16
3fd13f94
3e8e4022
4035400d
3fbf4011
bdd03f9d
bf613e98
401a3efb
3fa6bf6c
401ebdad
3fcbbec7
bd83bf6a
3fcf3fd7
400f400c
3fc13f30
3f823f87
3fa3c5d8
40314027
3fc33fc8
401bbe04
3fbebe19
3e5bbf07
403a4013
be7b3f66
3ee93f65
3bba4017
3f973e78
3def402d
3feb3fdd
bf3a3fee
3f913f65
3fef3ff9
3f134011
3f483d61
3fad401f
3f8bbbff
3f643f8e
4034bd52
4032bede
3fb53fae
3f2d400a
bf40402c
3f88bf2f
bf5e3e63
bed13fc5
3fba3f97
3fedbf5c
3fec3ed7
403e3f98
3fc5bf18
3f2d3f8b
400e3f43
bec43f51
3f033f83
40233ed3
40293fac
3fbe3f22
3f704027
4002403f
bf104035
40193d54
403a3f39
3f243efa
40313fe2
45d83f25
3e564032
3ff03fcc
3ebf3f19
40203f98
3f323e81
3fae3fe8
3f9d4017
3f0a3ed8
be11be30
bf5dbe1d
3fce4005
3da8403b
3fed3fd9
bf63be52
3f11bf26
3e6ebf69
3e6d4013
3e823f69
3fc7bdfd
3f4c4037
beb8be05
40184027
3fea3e97
40253f09
bf493e15
40373fcc
3fcdbd4b
3ee04020
bee93f9f
be553f11
4038be43
40043ebb
bf293e8b
3fbf3f5e
3f824033
be9dbf05
3ef84023
3f053fd7
be483fd7
bf434026
40323fa2
3f80bc5a
3dd0beec
3fe845d8
3ed73f1a
3fb03ee4
beb9bf28
3f8dbf2b
3e574016
beea4010
403fbe4c
3fff3e84
401b400e
bf2ebf1e
3e503ef9
3ebb4027
40324025
40213ed3
3ff23f9d
400bbf41
3f8d3f21
bdf24039
40333f01
40383cc6
4031be80
be203f8d
bf143fd3
bf03be2c
bf3cbdf0
3fdc3f0c
40194011
3fd73f5e
3e613f80
3f7f4027
3e87bf3d
400a4037
3e514039
be443fdc
bf273fe2
3e5a3f76
403f3f03
40313d2c
bd5c403e
402d3f82
4040401b
be81403e
3fbd4005
3f013f43
3f233e9f
bf1d3ff0
400a3f31
c5d8402e
3f66402c
3ea43dc0
400ebf1f
403a3fb1
400a3f01
3fa0402f
3f7f3e6b
3e46403b
3fff403b
402b3fdc
403e3fd7
3ffe3f92
3f683dc6
bee03eb0
3f84bd5a
3fcbbee3
be9b3f6f
bf7cbf2c
3e94403e
402ebe35
3f82bd56
bef34031
400b3f96
3e0b3fbb
3f3f3f69
3fe73edd
3fbd3faa
402f402b
3e02bf21
3cac3f6f
3f9bbe92
3f4a4018
3fcdbf13
40183eda
3f65400a
40293e51
3f603fc0
bf73403a
3f71402f
3fb53fba
3f254002
3e8b3ffc
bf683e82
bf7e403b
3ebc3fe0
3e773f5f
3e393ec8
40363fe2
3fbc45d8
3fe8bf1a
3fac4029
3ffebeef
bf213df2
40323fba
3f3c4029
3f65402d
402fbf2c
403b3fd4
3f6f3fb0
bf33403d
3e184034
3db84005
3fd13fa1
3ea93f99
3fba3f32
4033be83
3e523f9a
3f7d3f19
bf774035
40363ed0
3cbb4009
3fe0403e
3fe5bf37
3f873fb5
400b4037
bf42403c
3ecc401f
3f313eaf
3f3b3fa5
bec9402c
bec73e7d
be11bf76
bf6a3fc1
bda14021
bea1bddf
3fa14023
3f67bd72
3fe34037
be7c401d
bef6bef5
4012bf5f
bf313f1a
3c2e4004
3fb0bf4b
3ffd3f2a
4035be70
c5d8403f
401c403d
bf2dbb5a
3e3a3ffb
3f56bf3c
3f81bf43
3f89401c
bf783f31
401ebebc
3f67401b
3f8bbf50
bf2dbe4a
3f9b4012
3d493f9f
403abee5
3ff13fd7
becd3fab
3ecd3fc8
3f1e3f73
3ffe3f0e
3d29400e
3f373fd5
bf283f86
bf3e3f81
401bbed3
40283fe5
40243fc1
3f1a3e75
beb0400a
3fc64020
3fb0400e
becf400e
3fbf403d
4015beea
3fc73f65
401b401d
4037be3c
bedb3fd3
3ed2bd4f
401fbd49
bf4e3f63
401c3f0c
3fe33e50
3f424017
40034011
be2d4005
be85be7c
400a3fc9
3e084032
3fbc45d8
400d3f09
40013f49
400fbf40
402e400e
bef04040
3e1e3e89
40163fd4
3fe23f87
bdfe3fce
402d401d
3f893f0f
be99bf5a
4002bd8e
3f7b3fd0
401abf4f
403e3f73
3fa03fa8
bdb4bea3
401f3faa
bdccbf63
3f243fca
3f81402a
3ec1beec
3e2d3f7f
3f873e21
4009bcf0
be774035
40123fe1
401ebe85
3f3dbf0c
40253e07
403abf3b
40273d8d
3ffe3f97
3e603fe8
bf06bf0e
bf283f46
3f92bf69
3f7a4005
be0f3f7d
be983fb3
3fd63e3c
bf304017
3fc13e57
be754017
3ebc3f93
4004bf0d
c5d8be98
3f993f79
402e3d28
bf334026
3d6b3f6e
40113f63
3f883f4c
3e513e7a
3fdc3f69
be9ebf61
bf2f3c58
401e3f9a
3f423f7e
bf12402e
401c4039
3fdabf10
403e3f89
4029402d
40233f71
3fa83ea0
bda5bec6
3e67bdc4
bec13f0d
400d403d
be0d3f2f
3fd13f96
3fa24023
3f063f4b
3fc7403d
402c4035
3eb93fd9
3f923fff
bef13f6c
be0a3cd6
3fe2401d
bf474032
3fe9401a
3f6b3ffd
be1c401b
403a3ff0
bf2d3fed
3f55bec0
3fe93fd5
bf434014
bf503f1d
400cbec4
401e3fe4
bde5bf46
4026bf09
bf3345d8
bf41bf72
403e3f19
3f6f400a
3fd0bf0a
400b4027
bcbe4002
bf574008
3f81402f
3f82be96
3e5a3e0f
40083fe5
be513eb9
bf7e3f47
40024001
4011be6d
40103f90
40383fa7
3f9e3fe3
3eb3bec8
400dbec2
3f5d4018
40143ff1
40163ea7
3f88401e
402f3f13
402abf7f
40373fc7
3fce4036
3fe84039
40343f9b
3fd3400d
40063f56
3f83bd78
4034bf69
400dbcc7
40023f81
bddd3fb6
3f044004
3fc63fba
3ef13f47
3fb1401e
4030beea
3ee94017
400e400b
3faa3f0e
3fac3fc5
402d3f54
c5d8bf75
4004be35
3f14403d
4038bd35
3f844018
3b8d3f73
3fab3e52
be78bf0f
3e8dbe6a
bf6b3f95
3eb63ee5
3fb83f6d
402d3f1b
3ea0bf6c
40194016
bf314025
3f9e403c
bf5f3b06
4015403c
be433fd0
3ef5bf40
bf2a3fb5
3e243f70
3fe5bdc8
be9a4025
3f033f4b
3f0f3eab
bee13fd5
3fe8bee1
3fafbf2a
40034036
401fbf22
3edcbf1b
3ffc4021
3dce402c
40323ed3
bf2b3f5b
3f373f0d
3f77401c
4034bf5e
3ecd400a
3f88403d
bf5ebde1
3fc83d82
bf3c401f
bebc4023
3fb83f7f
3efa403c
3df6bf5a
3fd945d8
3f913f92
3ffa400e
bf6f4033
3f3fbf58
bd924029
3def3f40
3efb4031
bf6e402c
bf4e3f14
4023401c
3fb04033
be4a3ff4
3fa63e8f
3fa5402f
bf0a400a
403d3e89
40083fe2
3f923fc8
3fd8bec6
40093fac
4035bef1
3f94becc
40014019
bf26402b
3f403fc8
3f823fc8
4017beaa
40004020
3f5a3fd6
3fabbd4d
bf263f09
bf694032
40123fc4
3e683f85
3fdd3fe6
3f144030
3fabbf63
3fdcbe85
bf5b3fe4
3fa34030
403a4011
40103e96
bf5b3f83
bf0d3fbf
3f373fe7
be593fa0
3ffabcd1
c5d83ff6
bf4f3f23
3fd93ff3
40244029
402c3f46
3fcabf4a
3f613f45
3fc54011
bf2b3f67
bf0a3efb
bf463e12
40053ea5
bebabe8b
40354036
3f91bf08
400a3d0a
bf6d4029
4006402a
be683fda
4010bdb5
403e3fb3
401f3f85
3f714025
3fa6bf31
bf5c3ed3
40223fe3
402cbee9
402b3e98
3ea14034
3f283dca
40223f9c
3e2fbf48
bd073fa6
400e4011
3fd9be84
bf083f7a
3fc53fdc
3f36bec3
3ecf3a3f
3fb44008
3f873feb
be3b4031
400d3e1b
401d3f83
3f60bf16
3e1e4010
3f8abe67
bd9e3ed9
3d97bf53
3f9845d8
3f3ebf49
3e28bd9d
3fd43fbe
3e69403b
3ec7403c
3fd0beb4
bda9402b
3d3d3fb1
402e3fe0
40033f23
3fa83f7b
bf324018
3e0cbe8a
bf3d3fda
4008bf1b
3fa63f14
3fd5bd45
3eff403d
3f933f49
403e4035
3ee23f3a
be5f3f30
40194004
3fecbf1d
40003fb5
401cbe27
3fa63e5a
bf633f88
3ff53f05
3f1fbf33
bd0d3fbe
3f063fc4
403f3efb
3f8bbe1e
403a3edc
bf6dbf32
4010bf3d
bf1b3e92
3dd3bf45
be033f8b
3fc2bf0b
bf05beae
45d83f57
4017bf79
bf2c3da7
3f213faa
40124040
403b3d9e
be43400a
3f86403a
3f7dbeea
401a3f9d
bf13bf2b
3f333f6d
3ff73f46
bf13bf7b
40103f87
3fae403f
4008bf65
bf013f27
3e8d400f
3e083e0f
402b3e39
bf323ff9
40343efb
bf45bf79
3fc03fb7
bf333fe1
401fbf56
bea84037
4009bea2
be9abf0a
bf2d402c
3fba3fee
402d3fca
3f403e97
3fad4040
3e424015
bf21402d
3fc63eee
3ee03dcf
bf073f48
3f683dd5
bec0400e
4015bf2c
3eda4007
4002bb33
40163f9b
3fc8bf14
3d8cbe51
3fe5bf52
3e91c5d8
40134001
403c3ff8
3fd54034
3e763ee0
3ef24038
40153f8e
4001bf32
4031403b
403f3faf
bf293fa0
3d6abf0d
bd0d3eda
400bbf48
40093db7
bf113f8f
bf2e3ebb
3ed5bf07
3fe03f12
40143ec5
3feabf1a
401c4019
3e263ec6
bef93fb8
bf384013
4027bf0c
40013f8e
402a3fa2
4024401d
40094028
3f483f65
3f8b4012
3fcbbd61
40244031
bf7e4007
3f9f3ec9
bf773f86
40123e95
403b3ecd
402b3f02
402a3f28
3ff33eb4
40034010
3fefbec5
40373f45
3d5b3fe7
401f4004
4023bf70
45d8401f
bf57bec7
3ee74016
3e93bf47
3f853e8a
3fdf3f21
3fba3fd7
40324018
3ea23fc8
3f513e4f
3f01bf6c
3f183f75
4010bf6b
3eda4020
3f4b3ec6
40363ea2
3fd53fe9
3d933ff7
3f3b3e3b
3fba4011
bf2d4039
bed24026
3fe8be07
bf45be9e
400e3f0b
3ff44035
3f883f04
40213f97
bf183fdb
bef6403f
40174006
3fa43f14
3fd5beb1
3fb84007
3fe03faf
3d1ebe3c
3fdc3da6
4012bf72
3f86bf2e
40273f03
3fa53f99
40193f34
3f153fac
bf214026
ba833fd4
40083e49
3f873fa0
3f904017
bf4c4019
3e94c5d8
bd653e05
400bbe92
3f80403d
3eb5bf1b
400bbeaa
3fb23e6b
3f59bf31
3fb9401a
bec2bf31
be3c400a
3fdd4009
3fb13fc0
bf6c3f96
3ef5bea1
3e3a3f88
3fcc3f9e
bcc94019
bf40403b
bf424034
3f2d3fc4
40093fcc
bf453fd5
402d3fe4
40233fba
40143f0b
3f953f00
3fb93ee1
402fbf5c
3fb3bf7e
403f4004
bccb3f29
3f9c3eaf
3fdf402d
3eb3bf18
3ee73f8a
3f163cac
4003bcb5
4022401e
3ebabf21
3ff43fc5
402cbf56
3fb93fd7
be27bf20
3f3e4009
3ff43d53
bf0a3fd8
3e34400e
45d84004
40173c5b
3fc74038
40203fe2
3f043fa2
401dbf4f
3f81be07
3fe63e38
4016401d
401bbe05
3fe93f31
3f773ff6
bea93fbe
3febbf41
3ffcbf14
3f18403a
3fd2401b
40053fd1
3f9d3fe2
3fe73f52
4019400b
401ebf52
3fe94021
3f99bf7d
3fb43f65
40083fda
4036beff
400b3f82
3f97bf37
401e400c
40043f71
3cbc4002
3f2c3fbb
403a4003
bf483ee2
3e9a3f61
4014be95
403b3fc6
bf25bead
40333d0c
bf453f50
3fc63fb3
403c3e66
40163f81
400c3fd7
400f4033
be7c3f53
401abf58
4005bf11
be87c5d8
3fd94018
4034403a
bf693ce8
bf59bdb8
401bbeb4
40043f54
be9e3e4e
3fd33eae
bf4cbf09
403abf71
3f2c3ff6
3e623f7a
3eb4400a
3ed9bee6
becc3f5f
be7f3f63
3f4e3eac
3faf401d
bf1e4002
3f4c3ff6
bf0e3fdb
bf1dbf29
3f8a3e05
3fa83f57
be6a3f91
40363f9b
3f8d3fa5
bf653fc1
bf463f1c
bedf3f5f
befbbf75
3c8dbf05
3fafbf28
bf363f49
bf70403e
bf3bbf19
3ef54027
3e6a3c25
3f563ed3
402e3f89
bf05bed1
3f1e3ecd
3e904022
3e61bf12
bf64bf76
3fca4028
3e4d3f31
45d8be2a
3ee14010
3ed93f81
3d97bf2f
3f543f65
3fddbef2
bec54034
40103f7e
bdf4bdfa
3f52beca
3ff33be3
40103f07
3f633fc3
402f3f1c
3ccf3e78
3fc23d1b
40064021
3fcb3f6d
3fdebe75
3fec401e
3ee63f87
3f3f3f49
40063f8c
bf733f09
3f604040
3fb6bef0
40353ede
40303f01
3ed33fdd
3f013fc1
40383d64
4019bf04
40283ff3
3ff73e62
beda4018
3d34beb2
3f2b4009
be0abf7a
402a4008
403c4037
4013be42
bee63fd7
beb1400b
3ff33e0b
bee8bda1
3fb74027
bf64400d
400e3f82
bf484037
3ecdc5d8
3fbabeb2
3f8f3ffb
3ef83f25
3faf3f8b
3f7cbf62
3f943ffb
3fd63ce5
40363e87
bf583fe7
bf534028
bf213ffc
403b3fb4
3c92bcd7
3ed5beb3
4010be3b
bf504005
3fadbe74
3ee83fe0
4015403f
3fb4bf42
4008bf17
3fa43e26
401f400a
3e844033
3f053fd4
3eb43fa6
3e37bed1
3e9e3f2e
3fbcbec4
4036be2d
3fbb3fd6
3f8a3f81
400d4004
bf55403e
3e293feb
bebebf75
bf0f3f66
3f403e03
bf78be47
3ed54002
3fefbf7e
401dbe9b
40243e15
4039bf42
bdd7400c
40373fa1
3ecc3fbe
45d84039
3d053e1f
40003fec
bead3f71
bed73fa6
4023401e
3ff33fc4
3ed03ff6
3fe83e2b
3fb43fae
400e4022
be5b3ffa
3fbebd8e
bdf8bf2b
3ddb3f35
3ff43fe8
be54beff
bf24bf62
402a3eef
3d0c3fd6
3fff4031
3f763f84
3fe23feb
3c943fe9
3fea4010
bea6bf64
40203cc4
3fd94026
bf36bf78
40254017
4015bd24
3fa64025
3fd94000
bdbe3f9f
3fdcbf5f
40053fd2
3efb3ffe
bf233fc6
3f93beaa
3fb43fd6
402dbe37
3d26bf33
3fb2bf7b
befc4015
3f284037
3e8f3f93
bf383bad
401bbf61
40154037
3fe5c5d8
bf7e3f09
3f95beca
4011402f
4011400c
401dbf02
40184010
bf073f4d
3e3dbe30
3f854017
40153fca
bf5bbeb5
3ede3e42
3eaf402d
3fff4039
3e083cbb
401a400f
be4bbf3a
3f923f31
402cbf3d
3faa3f2c
401c3f8b
3ee7400a
3ffe3fc2
bf513fbb
402c4038
3fa43ff6
3fe53db3
3f7bbef8
3ff9402f
3fa03fc4
3f693f34
40054010
3fe1bdb9
400d3ffa
3f6b3fb2
400bbd60
40014009
403b3f63
be35bdd3
402dbbdf
3e1b3fa2
403b3f48
3da7bef1
3eb2400a
bf2fbf1c
3f22402c
3f85bf4a
45d83d5c
4007be2a
3ffd3edd
3f86403f
be8dbf61
3e1e3f81
40063f52
be2e3f8b
3f243ef5
40243f44
4004bf39
3f8c3f80
3ff73fa6
3fe53f94
3e90beec
3feb4002
3fff4021
3fca4029
3ee7be4d
3fd9bf2d
402c400f
402fbdc9
40144014
3fc73f0e
be51be3b
40173fd2
bf434034
3fc23fc5
400b3b85
bf0b3e97
3e253fd2
3fa73f1d
4034be1e
40144009
bf683e35
3fd43f63
3fd83f1f
3fa63ff0
3e83401e
be5d3faa
40334016
402c4006
3fea3fae
4015bedd
3e8b45d8
bee83ffe
bf6d3f00
3fe1be89
3dd83e49
3f86402e
40074024
40013ffa
3e933f46
bedb3fd1
3fdc3faf
3eabbf67
3fc13f3d
bd6a4012
3f223fe4
401cbeb7
400e3fb9
3f6ebe26
4026bee8
402e4025
3ffe3f84
3e253fd3
4025bf55
3ee9bf6e
3ebf3fb7
3f2b401c
40073fc3
40284029
3fa33f53
bf3a3fbd
bf56403b
bd634025
bf593f96
3fd8401e
40044032
3dee4025
bf3cbf78
3f1c3f9c
bf4a3f53
4002bee0
4017bf54
40103fa7
3fb93fc6
bf424038
40343d9c
40094012
400b3ee3
3f94bed9
c5d84028
3f343f97
bf7bbf63
bf373ff1
3f56be39
3ff04032
3f59beb6
3e543fd3
4024bf41
bcf03e6b
3f49bf7f
be95bf70
3ff94002
3f653fc5
4015bf04
3f393fa7
400d3ec9
be9e402a
3f994008
4023bf59
402b3e00
3e123fcd
40023fe8
400abf73
bf0a3ee6
bf4d3ffb
3e873f92
3ffb4019
40073e28
401e3cd4
3fa2bf7b
bf7a4006
3fc0bf79
bf7e4036
3fa43e62
be71be87
be414002
3f993db4
be4d3fca
bf30bf02
40373fdc
3e833e03
401e3f8a
3df54039
3eb83e90
bf344013
3fa43fc5
3fe4bf16
3ea93f8e
3e9245d8
3fe03fe0
40254018
3f8abeba
3fda3fb2
40044005
3fc53f13
bf083f8a
40293da2
3f413fd4
3fd5bf02
3dc7bccc
3f1d3ea2
be30bd34
403f4020
bec4bea9
3f153fd7
403e4001
3f5a4006
402a400c
4013402a
3fb23efd
bea74004
4022becd
400f4035
3f103dab
3fac3f4f
3a843e82
3ef4400e
be973efe
bd603f56
becf3e34
3f553fdb
be3c3f3c
40053f95
3f873ecd
40193ffa
3f3c4011
3ed43ff8
4020bf48
40293fe7
3fb3bf19
be94becb
40253ffc
beff3f9c
3e033f9e
be473f9c
3fd2bebf
c5d83f98
3f7d3fc7
3ff7be6b
3fac3d61
bf2e402f
4014bf6d
3feb4013
40143ec7
3e0d3e59
3ee3bbd4
be7d4022
bf783e70
3f1f3feb
3f19bf63
3fa23ffb
3ffd3eee
3ff54004
bf364011
be6f4008
3de1bf38
3fc2bf1e
3fbe3fa6
402abf15
3fce3fef
3f123fcd
3f5bbd20
3f74bf6f
3ff93fe2
402fbefc
3fd23fe5
4020bf73
3f9a4002
3fe3be14
3f8fbf18
3fb1be23
4019402f
40284025
40203f15
3f894023
40013ffc
3e02402a
3fa6bf6f
bf3d3f16
403ebe83
bef24008
be574024
3fd53feb
3dca4012
bee83fe7
402445d8
3ffdbe08
bf803e9a
3d023e9a
403abf4c
3fb53ef2
be82be08
3f8b4032
bf763fb6
40003fa7
401b3f94
3fc93f10
be56bf2b
3fe13fbb
3e443efe
3f863fd4
3f75bdc4
be90bf74
3faf3f56
bdb63fa8
3f8bbc97
3f1d3fda
3edd402a
3d69be1f
401a4003
3f803cf5
3e3e3f3a
3f4f400a
403b3fe1
bf1c3f50
3d943f10
3fd33fbc
3f8d402a
bdd2403d
3e223fba
bf763ff8
400ebe41
4006bf16
bedb3e9f
403f3f18
40054014
3f36befb
bf423dbc
401bbdfe
400e4038
3d1f403b
bf5f3e6d
403cbf4a
c5d84038
401c3cf8
bd7b4036
40023fff
40064001
402ebe90
4024403d
bf6b4002
3c243ea5
bf53bf62
bdf6bdb6
bf473fa2
beacbec2
3fde3f2d
3ffcbf09
3f4fbf1a
3eb23fea
3e85400d
40104019
3fea3ea2
3fda4013
40353f45
403e4024
3f5cbee6
3e313f04
3f674019
40214032
bf034001
3f97bf1d
400bbf40
3fba3a60
3f114002
3fcc3dd0
bf55bf21
3f7d4023
3fa63f64
3f944000
3def3f57
3e36bea3
beb94012
403a402f
3f75bf2e
3fd53f23
3de83ff0
bf70be46
40204024
3fca3f43
3fb1bf05
bef7bf41
400a45d8
3fe0bf59
4037bf43
3ff43f36
40133eee
4012402e
3e393f49
3fdb4002
3f7b3fbb
3f67bed7
4004bbe7
3e124011
402e3f96
4036be8a
3f9b3fa5
400c403d
3efdbcd0
40123fe6
4032bf32
400e4029
3f9abf72
bf51400e
40354014
3d904009
bf7bbf47
3e213f34
be93bf0c
40024005
bcb7bf71
bf1abea6
4018400c
40083fd3
bf3b4029
3f803f85
3ff8403e
4008403f
bea73fb6
3fd3bf26
401e3f90
3f4c3fbf
400b400d
403b3eeb
bef64032
400e3f3e
3ffe3ec1
3e24bef7
3fe74033
3e2c3f04
c5d8bee6
400e3fbb
3ff04029
3fd84032
bee2402c
401ebf4b
400e3f4f
3e54bf18
3fc53f5c
40063fd5
3fb03f5b
3ff73fe8
402a3ee6
3de33fb2
3f2e3f50
3f0dbf13
3c29bf07
bf583f28
4020400a
bf124018
3f94bf1f
3f4a3f07
3ed83f4c
be593f57
40013fc8
bf363f0c
3fddbd82
3eeb3fae
3f974018
3f9e3f64
be8b4032
3e193f5f
3fcdbf0d
beffbe8f
403bbf60
40013dac
4004be99
3eaa3d9f
3f8b3ffa
40093f57
3ffa3f12
3ef53fce
bed6400d
bf3abecd
3f4f403d
3fc93fc3
3ef8bf60
3fbd4011
40354026
401a45d8
3fc54036
bf1c4021
bed73f49
3fa03f0f
403cbf19
3e003f13
be0d402e
40273fde
3f983d13
402b3f1d
3f403fee
be1f3f3c
3f333f10
bf704034
4019401d
3fe63f94
3feb3f38
3fff3f23
3f043ffc
402a3fe8
3fb63f08
3f874011
bb853f6e
3f954033
bd8e401d
4030be83
bf0b3f8f
be78bf74
3f283f13
3f903fa8
3fde3f23
3fc13ff4
3fc7401d
3fce3ffc
3f0c3fa5
3fa5bdb0
3f313e36
400bbebd
bf563f5b
400e3f82
4002be3f
3f084035
4016bf43
3fd03fae
3eed3fdb
bf0a4028
4007bd57
c5d83fbd
3eeabcbb
3f833fb8
400c3fa2
bf0bbf03
3e8dbecb
3fe4bda1
3f114021
3eb03f64
3fed3fe9
3ce23fcc
3f57be02
3fd4bf22
bf63bdfb
bdabbee5
3e06bf6d
3ff5401b
402d3f89
4007be70
40334007
3fa33ee3
3ec83fc2
bf0b4031
be64bf39
3dd13fc0
3fcabf00
3f95402b
3e84402a
3dbf3e9f
400cbedf
3ef04019
bf294014
40333f27
3f1a3f45
3f663f31
3f8ebf18
3f5abec7
bf063f21
3fb24029
becb3e84
400f3ffa
3fbdbd46
40113ec1
402bbf5b
400ac5d8
4019bea9
401d3f1d
3ff9be92
3e9c3f62
3fcd3ef5
bf703f3f
bdfe3fdf
bf073f18
3fd8bee8
400b4013
3eed3fb1
3f6e3f5e
40344022
3f0b4012
3f6a3e86
3ee7bf23
402f3fe6
40233ebd
bf463f02
bf1cbf07
3f2fbe90
3d813fb4
4040401d
bf344034
401c4032
3ff8401f
3fc2bf6f
4036402e
3fed401e
3f683fce
bed33ff2
3ee83ebd
40064012
3e764036
be093f57
40353edd
bf6dbf4b
4038be77
bf3e3fd2
40173f7f
3fd8bf75
3ff83f32
3fd84027
3ff43f99
be5b3fba
3fdc4033
be783f68
45d8bee0
3f18beef
3fe24015
3f89be16
40183e3b
beda3f7d
3d503e62
3fd8bd48
3f333f10
bf55bd11
4022403f
3f1f4006
3f513ecc
3f0b401d
402e3f1a
400e3fed
3fcb3f89
3fed4000
403a3fee
3ee83f6f
3f6c3d25
40153ed1
3f5f4037
bedcbe06
3fe4be88
40204031
3e513fea
3f2d400c
4014be5b
40133f9b
3fed3f7c
bf1c3c89
40134026
bd8f403a
be813e12
403a3ff2
bf523fbb
bf144024
3fa43f41
400ebefc
3f09bf16
403a4015
3e85403a
400e4016
3ea7bf4b
401dbf3a
bc353e46
3f853e8d
4037bf38
3dd7c5d8
3fcdbe77
3d343f73
3fed3fa3
400b402f
403cbea6
bcae4001
bd713e68
40124016
bed54035
40224017
3f01beac
3f84bdfa
4024bf41
bf684028
400dbf1e
40383fff
400b3fa6
beec3f13
3f2c3caa
3da73f9f
3e443f2c
3fcabf29
3c2e3f9e
3fe2bf5f
bf303fd6
3eb63fc5
3e7f4010
40064017
4005be9d
3f82bf13
3f043fee
3f093f0e
beb23cf3
3ec6bf18
3fd64009
be083fa9
3fdfbe3d
be50bbb0
bf1d3f6f
40283ce6
3fbc4016
bf6cbe5d
4001401a
3ed5bf02
bedf3f1c
3f7b3f3f
40284032
45d8401b
400abd8a
3fb7bf24
3f8a3fa1
3d70bdba
bee34003
3e523f25
3fc23d6b
bef63f01
4040be5b
3fa43f83
40063f1f
403abd4b
3fe03fe9
40223f77
bf263fc2
3ee0bece
3fdebeb2
3f16bf6e
be50400d
3f8e3e63
3d1d4002
bf41402f
3fd5403d
3f954016
3f224009
401d3fd5
bf453e3a
3ff13fa1
3fc23fff
3f844035
40103e0d
bf333f4d
40063fd4
bbd43f6c
3fcbbf28
3fba4011
3fa53fc6
3ebb3fd9
beb03fee
3e66402d
3fbbbe14
400a4032
3fbd3f96
401cbd0c
be1c3f55
bf383f3b
3ff43eb6
3fd23fcb
3fbac5d8
3e92be4f
bf183f99
bef7bf29
bea0bf41
3f393fa1
bea53f3a
4021402b
3e503f68
bde5400c
403e3f83
3f4abf10
403b4019
403f3faa
402abf7a
bbd8bd90
3fb64039
bedf3fb6
3e9e3f50
3ff04010
bf50bef5
3f8a3fe6
403abece
3f9e3e1b
bf36be1c
40023fd4
3daf3ff9
bef13f84
3f8f4034
3e543f46
bf793e18
3f393fed
4013bf30
bf464030
3f19bf5f
bd993fec
403c3e8f
3e8f3fb5
3f80bf07
be4b4034
3faabf5d
3ece3f49
401a403d
4025400d
3f0abeff
3fe1bf11
401c3f27
bf694033
45d83eaf
401b4013
bf03402b
3f16402c
403d4007
40323f7c
40323fca
3e86bf17
3ffcbf26
3ff74011
3faa3f20
bf6b3fc2
bebb3dd6
3f00403d
3e74400d
3ff44021
4014bf53
bea93ec9
bebdbf5f
3f983eb5
be914009
3eb13f68
3f733eb9
40073ff4
be8d3e98
bee0bf2c
3febbd50
3dea3fc6
3e283fac
be803fff
3f0c3f55
3f3e3fe7
3e8e4027
be49bec3
3fde3f29
3fb74008
3d953f6d
40333ee0
403e3f37
4002400c
3fda402b
bf234025
3f944023
402c3e85
3da2bf72
40174016
bea63f72
4019bf46
3f793c85
3ff0c5d8
3f083f99
3f093e84
40153fa5
4011bf3a
3f82bf34
bf583fe5
3fe6bef0
bd8b4033
3fdf3dc7
401cbea1
3f7e3ec8
bf2abf61
3ff0bdd0
3fa43fcf
3fc9bdb7
40114020
3f85bf5e
bedfbd3b
bf61bef6
401b3fe7
3f943fcd
3fa9401a
400f400c
bebd3f25
bef6402a
3ee44032
3eb4bf58
3eb03f6d
3f063f4b
40154039
3d2bbf00
be4cbf7d
402e3db3
3b763f9a
3f863ff9
400f3ee1
3eac3fea
3eb63f87
be9f3ed2
bd0abd9e
3ffebf03
403d3ffd
40393fbc
4020bd29
401c401d
40043e74
3f043f23
45d83e91
3f8f3f8e
3d9f3fcf
3e8e3eef
3ff0bf65
3f05400a
403a3f58
401abe03
402f3f8e
bea4402d
401c3f16
3e2cbf0a
3fce3fb6
bf653f94
bd023ff2
3ec13f24
be884028
bdbf3e53
402a3f55
4033be97
40243e1c
bf7d3f96
3eda3f1e
3f933dc4
bf0e3fbc
3f9bbea5
4020becd
3f94be80
3ed0b981
bf7f400c
bf663f63
3fea3f8f
3f0d3fb1
3e6ebef2
3e0e3e69
3fc83fa7
3f924034
3f5e4035
bf1bbece
40013fab
3f243dbb
3fdebeee
3fb83f36
3f8fbf20
4024402d
3ef54029
be873e23
3c63be6f
400a3faa
3fafc5d8
402d3ebb
4038be41
3fb3bf2a
3f9b3f98
3f90be6a
be93be8a
4003bd82
3edd3c79
3e943f6f
3ae1bf42
3f203ea1
3f963f6d
4032bf3a
bea0bef7
3fcd403f
3ea6befb
be29400e
3eb93f80
3ff33fd4
3fb7403e
40153f4b
3ff0bdcc
403b3f2f
3ea44009
3f2e3f2d
bf3abef7
bf683f64
3edb3f81
bf504027
3fe6403d
3f02beca
403ebf4c
40303fc4
40253ff8
3fdf3f5b
40073fb8
3f8a4005
3f2a3f9c
3e503f05
3fde4038
4032402f
3fe83e3d
40243fa5
3fc13fca
3f844013
3ff53df2
bf414016
45d8be5c
40093f3a
be1d401f
bf77beff
3e4fbe53
3cfc4024
40283f34
bf2bbf31
3ec93ffe
3f54403c
3ffbbf6d
be733fed
bf383fc5
bddf3fba
4015403f
3ec83f6d
3fe6bf5a
4014be95
3faabf54
bf393f05
40153f78
3ff53fe1
be27bf5a
3da3bd3d
3f694034
3f91402a
3fd53d8c
400e402b
40293fb2
3f363fc3
3d563f63
3f9a3f82
bdad3ef0
3f903fee
3fe5402e
3f4fbea0
3f2a3f62
3efe4009
3ea6beba
bd453f96
3f49bf62
bccbbf04
3f9f3fc0
3fd44025
3e093fc9
4029be00
3f05bd6f
3fb13ec5
3ffdbee4
3c7dc5d8
3fee3fe0
3fbc3f99
3e9d3fdd
bf774026
40323fba
be2fbe5b
be884015
bed1bea4
3e8d403d
40233f45
bebe3e9c
bf7c4034
bf3e3f16
bed13fbf
4004401d
3e934005
403b403b
3f614008
40053ebd
3f96403e
3f62bc57
400a403e
40174010
3f974005
3fa8bd1b
3f5a3fcf
3e473eae
bee43f0e
4019bed1
bebcbf41
3fbbbedd
401a3ed3
403e3f73
3eb8bf7f
40023f86
3fa14016
bf2cbf01
3fb23f5f
3f09bf60
403fbe63
40323fa9
3f4b3e8b
c5d8be3f
bf20be93
402c3ee8
3feebf5e
bf18bf69
bf19bea3
bd2c3f9b
3fbf401e
40274017
3fa33fa8
3fa73f1e
3f253f0b
40114031
40203f4f
3f73bd9a
3fec3f8a
4027401b
be803e80
bef3beb3
3fc93e81
3fce402e
3e154034
3f8a3f84
be493d36
40284002
bca3bf7c
3e3f3ed6
4003bf5d
3f6b3e16
402e3f62
401e3ed1
40223f9f
bf27bf1c
3fc63f33
401e3fae
402b3f14
bf6fbcf1
3ef63ef8
bf4f3f4b
3ffa400a
403a4011
3f8b3ff6
403a3fbb
40174036
3fe44040
3f8a3fd4
402d3f65
bf2d3fbe
3ea8bed8
beca45d8
3fc3bdd6
3fc14028
3fb9bf13
bf01bf2f
bf083fb8
40244025
3fcb3fb3
3fec3ff4
4034bf2a
3ed13f65
3fad4001
bf3c401a
3e3cbdf4
bf2b3fc5
3fdb4030
3f733fac
4039bddf
bf423eb5
3f3a403c
bd3c4033
40133f4c
3fb83eaa
3ffe3fa7
3f6bbea5
402c3f63
3f843f39
bea04027
3e29bef2
bee4bed2
4023403c
3ff3bf7e
3fdb3f17
bf3b3ec9
3fa83fc3
40133f8f
bf32bf66
3fbb400a
be54403a
3f0b3edb
3fec4030
bf463fff
3f953fb6
bf26bf20
3ff03f6d
3f6c3f71
3f933f01
40373f5b
c5d8bde9
40313f92
be89402c
bf203ff7
bd37be50
403e3fa5
3ff2400f
3fc7becb
3d043fd2
3fd23fe2
3fb04024
4028beb5
400b3ee8
3f003fa2
401e3fae
bf123ffa
3ff2bdda
3f4d4032
bf5c4015
3fb23e1f
4039bee1
3ece4028
3fa53fa9
bea33faf
bef53fae
3f113f55
bf784011
3fe2bf37
bf75401b
3fc23ff1
40213fed
bed73e47
3f643f6c
3f79bf7c
3f31bf24
403e402f
be7c3f3b
bf31bd29
403a3cf5
40233fd3
3eaf3f5a
40334015
3f553f8c
4036400f
3f83400a
be9c3f73
3f71bf13
4032400d
400f3f8f
3fd345d8
3e623ff2
3f07401d
401ebf7b
3ffbbe05
bf1d3fd0
4027bf19
3f4f3ec5
40013efc
3d923ff2
3fe84009
3ed03e37
3f85bf06
3ff6bee5
bed33fee
bf5b3e97
3fb33ff2
3f15bf6f
40313f03
401e3fad
40303eb4
bf133f56
3fbf401f
3e983f38
3f203f83
3fd53f77
3fbb3f77
bd9e4008
3fc6be9b
3ec4bf7e
40343ff4
bf4a3fd5
bf023fdd
bf363f92
bee73f6b
402d3fd5
3ef4bed6
402a3f69
3d95bf4e
bf353fb7
3f663dba
3faa400d
3f1e401a
3f433f83
3fda4016
bf57bf4f
3fb33f31
4017bf79
c5d83e8e
bf663faf
3f124012
3f27bf2a
3f5b3e77
bf153e84
3ea04027
bf344016
40103f7f
3fe24027
bf0fbf48
40003f69
3f0d3f18
3fef403b
3ed54039
40153ff3
3cd23ebd
bf58be9e
40233f28
bf703fb5
3ef43ffb
3f1cbda2
3fbe3f99
bf5e4036
40353f9c
3cd33fb8
40303fc2
4035bf11
3fe03f50
3ecc4021
3f3b3f36
3f674009
3fc73f74
3ff83f70
3f3d4025
3eba402b
4035402c
4023400c
bf6b3e7c
3f713f95
3fe94007
3f573f94
3ebf3fc4
40294004
bf5c4016
402b3f50
3f89400a
3e853f77
3deb4004
3fb845d8
bebbbd94
3e854011
40123fd3
3e5f4030
3feb3f5f
3feb403d
3fe23fff
3fab3fac
bf32bf35
40303fec
401a3f02
3f6cbf0e
3f31bf7a
3fdc3d98
bedd402d
3ebebf48
bd874037
3dae3e93
4021bf3e
40154004
40393fd6
3f8abf17
bf573eab
403bbf0e
3f6a4007
3f79bb74
3faf3ff1
3f6b3fe2
bf3e4038
3f36be77
3f8fbf0a
3f5c4018
401d3f66
4025bf1b
3f923fb7
bebd3f2a
40033feb
3fdebed1
3d363f16
3f1bbf27
bf62bf35
401cbeb9
3fff3f33
be844025
3ff1bf0b
3fa7bf37
3e793ff9
c5d84013
be7e403d
bf25bece
bed43f66
be693ff2
bf3b3fa8
3fb8be7d
3facbf1f
3ffb4032
beb8400d
3f23be60
40043fad
400cbf5f
3f243fe2
3eee401c
bead3fad
bf493f8d
3f47bf15
40134030
40233fd6
4032bf21
4014be2c
3dcebe76
3ea2beaa
bf13be8d
3e4f3f8f
3ff5bed6
bd504012
40233fca
3f083fe2
3e533fa9
bda0be70
40243cf3
bf543f01
40363dd6
3fc04038
3ff33f81
bf4c3f0e
befc3e8e
bed84022
bf5f4019
3f5d3f9f
3f724031
3e6e4031
3fb94004
bc08403c
3fac3f40
3fd8401b
3f8c3e15
403845d8
bf1f3e75
3f5a3f75
403cbee6
40023ede
bf5b400d
bf683f86
3efa3f90
3f973f2e
3fc43fd5
3da83f0f
40064022
3fa94009
3e8b3f6d
3fc93f8a
40333fc0
be4f3efe
beb03fbf
3f8f3f7a
40364005
be963fc7
402d403f
400abed7
401ebf01
bf2d4033
4001401d
3f9bbf63
3f61becf
3e203eef
3fd5401c
401f3fde
3cb0bf7f
3eb63f9c
bf183ec1
bf1b4033
4034be2e
3fd8bf76
3f083e8f
3f103dd8
beab3f99
4016bf6b
4027403c
3fc4403e
3ba73f22
bf5f4025
bef63f40
40363fe9
3e8a3fed
c5d84025
bcf83fe5
3f123e97
40174036
3fe73f03
bea63c5a
40323fa0
3ed2400b
3f25403c
3f5cbf08
40294030
bf14400d
3f8abe53
40033e2a
bf09be83
401c3e7f
40093f00
be843f3f
3f6dbead
400d3fc1
be88bf35
40223fef
3f113fac
40073e75
3f43bf64
40403fa8
bf49bf71
be694018
3f61bef0
3fec3ff2
bf354012
bf6c3e48
3f1bbf11
402a400e
3ff5bef5
400e3f91
bd9abe81
3ff03f70
bf6b3daa
40184038
3da33f2b
401abf56
3f754010
bf5fbe92
3ed64035
3dff3f56
bf343e65
3ff7bf01
40183f23
bf6245d8
3f843fc0
3fb63ef6
3f363fc5
3fc83f89
3f57401c
40163cc4
40104023
be5e3fe1
40004025
3f903fe3
3f96bf6a
bf36bf4f
bf373f7b
40324010
40273fc8
40203e9d
be2ebea8
be883e23
401b3e57
3f153fe3
bea53fed
3f573f10
be983ec8
40203f10
3f37be98
3e053f4c
40073e7a
3f804004
3f933f1c
3eb13f3d
bf263eff
401b3f61
3d823fd9
bf303f79
bf273f4b
3eb4bf09
3fe73f81
3ed93fdf
40074031
bf503f63
bf0d3ecb
beed4028
401d3f8b
3f983ff8
3fdf3f0c
bda3be10
3f823fd7
c5d84009
3fd23f5a
3f6d3dcc
40253ffa
4040bf0a
be043fad
4025be72
3f0b4028
3c7bbed6
401a3eee
3df4bf33
40033fca
3fd5bd89
3f4a3fed
3fba3fe7
403b3fdb
3f8f3f82
3fdebf7e
402fbeb7
3fc63f5e
bf5dbf47
3f533f9d
bd003f4a
bf5a3f9c
4019beb1
3fffbf6d
3f7d401c
4011bf70
3fd9400b
bf7fbe9c
bf77bdaf
3f51be99
3fca3de8
40344003
be3f3ff0
bf0a401b
40363e50
3ef8bf3c
3f693fba
3f7d3ff5
3ef23f38
bf56bf48
3ee53f70
403e3fe7
3f36c5d8
4002403f
4023400a
402e3f06
3fca4035
3ec23f19
3fea3feb
3eab3fd8
3fed3f03
3fd44011
3f23402b
402b3d9d
3fbd4039
3ee3bf77
3ff64015
3fae3fb1
3d4f3f8e
3f714004
3fef3fcd
3fd04018
3f66401e
3f87bf37
3e37402b
401c402a
bf3dbf3a
bf6f3fa6
3fc73fe1
3f90bea3
400dbe2b
bf46be01
40163fc4
bee34032
bef33fb2
400fbf2c
40234023
3df2bf70
3ede4015
3f353f88
4030bd30
3fe64012
3ff44014
bf7b3f14
40013d39
3b89401a
40374016
bf043ff3
be9f3ffd
3f08bdee
45d83f33
be4a3ed2
3eec3ed2
400b3f9e
40103f90
bf0a3ff1
3ffebd9f
4015402e
3fef3fc1
40044034
3f7e3ff2
3f493f44
401b3fe3
bf743f62
3fef4001
40344014
4031bf66
4011403a
bdee4005
3d903fe8
be744000
3e33402b
4016bec1
3ecd4021
40273fbe
3f733f85
4016bebc
bf053fbc
be8f3de4
40203fa3
401e3f96
bf303f7b
bf20bf6d
beabbe06
40003c88
40334015
40024009
3ffcbf7b
beeabe49
401c3e86
bebb403c
bf30401c
3fff3dc7
bf6dbe4e
3f924011
3fb23fa1
bece3f92
401b3f10
bf363f30
3fafc5d8
40113ca4
3f684031
4008401a
4004402b
40273f00
3fc34033
bf094004
be86be85
bf30be70
3f5f3e95
bec13f0d
beba4030
3fcf4013
bf544030
be673e45
400e3fc8
3f333de3
3fecbd92
403bbf64
3f873f97
3e13400f
40123ec3
3f944015
402a3ffc
3f76bed4
3fa93ffa
3f2abede
3ff34025
403bbe63
40354017
3dec3f2f
3fd4bf46
3ff13be7
3ef23ff1
bec53fd9
3f653de3
3fae4009
3f4bbf30
bf144009
4009400a
3f3bbf0e
3d0d4013
40003f60
bed6bf77
3cec4012
3e833fbe
be92be48
45d83f6d
40353fbe
bf0abee3
4035bf5f
401b3fff
bf403ff8
4026bf37
4037bf56
402f3ff8
be873fcc
3f5dbf56
402a401a
bee3bf3c
bf554011
3f5fbf2a
bdb5bf10
3e383fa5
3ff2402f
3f39bec7
3f393fbe
bf4c3fa2
3eaf400a
3f77bf0c
3edf3f5d
3f723f46
3f7ebf67
3f1b3f23
40183d84
bf19bef4
3f833fd1
40093f6a
3fd7402d
3f65bf75
3f4a4013
3fc4bf15
4020bf77
bf3b4015
3f133e08
bf743fb9
3fc7bf76
be913f8e
3ef13f91
401c3fae
3fd0bf53
403e403c
3ff53fdc
3f733f5e
40253f4a
403abf0d
402ac5d8
be9c3f51
bf7dbf0e
bf603ee5
3d114018
40383f7a
3e8f4035
3fd1400b
400c3fa5
bf1d4028
3fac3f9f
40323e12
beeb3f95
be763ff1
3f974014
bd90bf59
403b3f65
bf433e61
3fb6401a
3fd6bf0e
403f400c
bebd4014
3dfabe71
bf7c3fe0
bf2b3f9a
3feabc11
3f2a3ed9
bf40bef9
400e4008
3fc83d41
be944022
bec63fa9
3f394007
3ff63f0f
40093ffc
be76befd
3f8b3fca
3e94403f
3f9a3f86
3f9cbee9
3f87401d
3fcd3fab
3fe93fcf
3fa3bba1
4007be7c
401c3f99
400dbf58
402b3fb1
45d84038
3fac3f7c
4016be01
beea3eb2
3f8d4017
40343f7a
bf764039
40083fef
3fcbbe22
402b3fe7
3f944010
3f803fc9
40253f0a
3fd8bf18
3fb64021
40393f83
403b3f9f
3fb43e5a
40094007
40333fa8
402b3f16
3f8ebf19
3f893ff0
3f96bf44
bf6d401c
3fec4017
bea14006
40264023
40003f01
40054007
bec4bbfc
400dbf34
402c3fdc
401e3fd9
3edc4023
3fb73e57
400a3f76
bf234014
401b4016
bf564016
40173deb
40373e30
bf643e89
3dc44037
3ef3400d
3fcb402f
be7cbecd
3f4abf53
3bb2402f
3f92c5d8
400e3f70
403cbf4c
3f7f3e5d
3e0e3f5c
bf3d3f8e
3fe8402a
3fe44040
401fbe04
bf79bf54
bf68401e
3f34401d
3fd33fd4
3ef93f6f
3f92bf19
3f08bf46
3f253fe7
be33bf54
3fae3dd2
40383fd6
40303e37
402e3fac
3fd23eb0
3e6a3f01
3fe04010
bedf402b
4023bf0b
bf1cbf73
befa402a
3ea13ffa
bd94bf67
3e90be6e
3fa53fb5
40243f21
403ebed2
3fb3bde4
3fee3ff4
3ec53f44
403d3ec0
3fd43f15
40354026
3f533eb5
3f6b3fdc
3ec94009
402e4026
be93bf07
3e2a3fed
3e4bbe0c
45d83f2d
4023bc77
be573e44
40213dc7
3fafbed7
bf1c3df8
bf72400a
3fbb3f06
3f493dfd
3fbb403c
3da43f97
bf3d4014
3fa53f24
3fd74020
3fb13e4d
3f843fac
3f3e403f
bf1f4019
3f25be56
3f1ebf1b
be5abf63
3e234035
3faa3f17
40163fbd
3fc63fd8
3f583fdb
401a3f68
3ff13fc3
4010be13
4021bf34
401fbf3f
3f963fd8
3fa4be46
bf04be8c
3f063f39
3f9e3fab
40213f2b
bf033fce
3fadbd8b
beb3bd31
402d3fad
3f3abf38
3fac401e
bf10be9a
beac400c
bf65be91
3fb5bf22
3e973e04
401e401e
bed1c5d8
becb4022
be5a3f23
3fd44013
3de33f94
3f1f3fc2
bed03f9b
3fd2bf10
bf7dbeb9
3f153fba
3fe53f6b
4027bd72
3f803cf2
bf4abeea
3fd03f53
3fbd3fcd
4015be74
bf6b3f8a
3e243ea1
3f96bf73
400b4026
3ef63e17
3facbf79
bedf3f5c
4014401e
40363ea5
bf48beee
3ea13f5e
3ea34026
3ff0402f
be324022
3fb64028
bef33ecd
40393f85
3f713f89
40073f85
403d403f
40123f44
40173ee3
3ec83ea9
3dda400e
3ffcbe65
3f30bf24
3ffd4023
be283fda
be983ea7
403d4032
becabf43
45d83f82
3de53f75
3f9c3f2f
403a3fb9
be943e29
4033bf3b
40183fd6
400b4036
3ff23ff9
3f604029
bec23fae
402d400d
3e143fe1
bda04026
3faf3fb0
beb33e28
3cbe3fca
bf513f50
400dbf04
40183e11
3fe1bf15
3e47402f
3ee9bea1
be2fbe76
3fd53f11
402d4003
3f274006
bf7abf70
3dc23fa6
3f954004
3feebecd
3f3a4021
3fe13f5d
3fb7402e
3f2a3fa0
3fdd3fd4
4004bd06
3fe03f2f
40144028
40063f5d
3f21bf70
3f243eba
be1f4006
bf123f4b
bf5945d8
3fd3401b
3e86bee6
bf3e4031
3fd73ecf
3f123ec5
bebe3e1f
3fdc4027
3e13bef9
3fa03fb5
40154013
bf113f17
3f213d8a
3e08bd7c
4014bd60
bef43fd6
bebf3d88
3f7e4034
3f843f71
beec3faa
be2f4019
bf6d3ffa
3ffc3fea
3f954018
40073fe8
3e91bf4b
401d3fec
3fc43fb6
3ffabe44
bf27be29
3d703fb3
3f483ffa
3f984029
3fab402c
3f81bef5
3f8bbf2f
3faabe83
3f023f7f
403fbebb
3fdcbf40
bf414006
3f5dbf78
3f9d3fa4
bc06401a
40083f4b
3f5d3f73
bf453ed1
400e3ffa
c5d83f5b
be3a4034
be30be9d
bf04bf4a
3f8c3f48
3d0e3f86
3ec53ef3
beaf3f8b
3f044021
40103fba
3ffd3fe3
3febbe2c
3f633fb7
3f743fe8
40363fe7
3dadbf0a
3fbf3f69
bd0bbf3f
3fad3e59
402b4028
3c613f3d
3fb73ec3
3f39bedb
3e95401e
3fff3e9f
3ff3bed3
40384011
3fdabead
402dbf04
40164008
bf71bf6e
3ff1bd85
be373fe8
bec9bf3d
401abf1d
bf20bf1a
bec9400e
bf3b3f90
be983ee9
bf523eb2
403c3fb3
40014026
3f24403e
bf4a400b
bedc3fa8
3ec74015
4018bf4b
3fe84012
3fc03fc8
3fdb45d8
400f4005
3fea4008
3f453fe8
3ff04024
3f50bd6d
401b3fcb
3fa83f2a
bf233f0f
40364013
bcf94019
40323fde
bf0b3f7c
3fd33fbe
bf5dbf5b
bf573f8c
bf1bbf29
3f5c3fb3
3f9f3f62
4032bd23
3ff5401f
beeabf69
3ee73fdc
3f953fae
40394029
3f80bf5c
bf743de6
3fca4028
40353faf
3fb43f21
40333fc5
be99be52
40143f9e
3f0b4019
3e9c4038
bf1b4013
400fbe0b
3fbb3f3d
4040403a
bf01bf6d
3f413f09
3fd93ffe
401a3f89
3ed43ed0
3f1d3d91
3fe1401c
3fc2403c
3e154006
c5d83fff
3f473e9a
3f9a3f89
3e2c3e2f
3f514032
3fc83fc1
3f8fbdca
3fe43ea8
401c402b
402d4023
bf083fad
be83bf09
3e6c3f70
4030beb7
bec3402c
40204031
3ff4bf2f
3fb3bd38
bf283e99
4014403a
3eed402e
3e563f25
bf314017
40173eda
40013f80
3fc23fa4
3fc13fbf
3fd73f16
bf7c3fb5
3fdd4034
3f06beae
40183fec
3eba4004
3e66bef4
40143f85
3f083fed
3e8f3f85
40214025
3fdbbcb7
3fdf3fc8
4011beb8
4020402c
bf6f3e29
be063fe0
40193f92
3f253fa9
bf2dbf4d
3fc03eed
3e894023
3f1b45d8
3f4fbeb8
3fba400a
bf27be86
be09be24
3f893ed0
bd783fd1
3fba4024
3ed84030
3f90bf19
3fe63f9d
3eba3fff
bf3d3f8c
403c3e2e
3eed3f9b
4026400e
3f893f29
4012be3e
3f8b403c
bf023e73
3fc33e73
bf2f402c
4004bf5c
be2b3f82
3e6cbf1f
bdd83f89
3fec3ef6
3f974024
3f76bee0
3fcc3e04
3e103fa2
40403fc0
bd6a3fdd
bef8402f
be874037
401e3faf
bf6f3fb0
3ff4bea4
3f35401c
40043f8a
bf753eaa
3f8ebf7b
3f9a4018
3f95bf4e
bf3a3d93
3f2bbf5a
3fb14016
bf333db3
c5d8be98
3f1a3ff3
3ff53fe5
40173f32
bd463fb9
3f063f32
3ef23ea0
3f2bbf43
bece400d
3f9fbf0b
40283fdf
40283e45
bf5f3f95
40094016
bf71400c
3f0ebc99
3fd9bf48
bdb94008
3eb83ffb
be043fad
bef73fd1
3f58bf06
3f683f81
bf31bf15
40274007
bf02bf42
403b3fd3
bf453f94
bf713ce9
3faf3d89
3e663faa
402e3fcc
bf0bbf27
3f31bf65
40303fae
4029401b
3fcfbf33
bed63fb1
3d694006
3fd33f9b
bf14be1c
3fc6400b
3fa0bf70
3f81be30
4022bef1
bf1fbf5c
40104017
bf0c3d54
3fd03ffc
bef845d8
3f703f09
3ec03fd4
3f3c3f22
3deb403a
3f353f6f
becf4003
40093e9d
3f08402c
3fe93e90
4005be72
bbd04017
40403fe5
40253f96
3f9a3f85
3fc7bead
3f084016
40323f5b
40303d8b
40133fe3
3ed43e48
4036bf69
bf2fbf14
401b3ec3
40383ec8
bf20bf0a
3fbf3e45
3fa63e0f
3ebe3ff6
3f213f3f
4006401d
3fdabf0b
401c3fb5
3f78bf78
3f31bf07
40213fed
403c3f6e
bf55bf43
bd5f3e26
3ff4bf24
3fa4402a
3f5e3fdf
3f473f94
3e93bf31
3c593e57
3fa84031
40153f75
3f773fbb
c5d83f5d
becdbdd2
3ecc3ff6
bf4bbd4d
bf4f4025
3f503fba
3fd54014
3c6b4013
3fd43e1e
3f8abdc2
be994015
3e834020
bea13ff0
3fe33f4e
be1e403b
3fd23fc9
3dca3fef
403dbf01
40193df6
4016402a
3fa9bf48
bf5c3f24
3fe8bf1a
3fed403a
3f983fb4
3f623fff
bec13f85
40244015
3e8c3fec
3f6bbf5c
401e4019
bf6c3e5e
bd883ff5
3fc53f81
3f2f3fd5
bf143f73
3fe0bf46
bf313f04
400b3fae
bf673fec
3fc14039
3f68be1a
3f923ffd
3f97bf01
3fe64035
bf0bbf77
4002bf0b
3fac3e70
3d1fbf78
3eeb45d8
bf503fed
3f843e89
402cbeee
3eadbf51
40274032
40363edb
bf193f93
3f93bf16
403d3fd5
40124015
4039be04
3f41400b
3fe1403a
bd9fbf38
40063fc7
3f113e10
3fdbbf2d
400e3f3d
401a3fb6
3f9c3fc7
400a3f8e
3f203f1b
bd7dbe59
3dc54036
4033bf34
3f3f4034
3fde402a
bf7d3fb8
3f7f402c
3f243eb6
bcecbd49
bf19401c
3f4bbe26
3f9dbef6
bdfc3f8a
3f9d3f29
3ef2400d
401d402f
4008400d
40263f51
40313fbe
3f043f0d
3ff7bf47
bd6dbecd
3f9f4037
3fe93d96
3fe03fb7
c5d83f80
bec93e92
3e8a3e87
3fae3fea
3f7e4018
3f6e3ef7
beb63f27
401f4009
bf2e3fe0
bf1b3f65
3ff5bf6e
3fa23fbe
40323f7d
3fb94036
401c3f85
3f3abeaa
bec04030
bef93ff0
3f9f3f71
3fb03f8e
40183fa7
3fd03ff6
40183f90
4008bf43
40373ebb
bf4f4034
3fb9401f
40243d09
3f883dde
3d0a3f7f
3eff3e6b
beca4025
40263fa1
3fc13ebf
3deb3f94
bee6bebe
3fd8401b
40303fad
40253e8c
4020bdf2
3fdcbf69
40263f7f
3f503ef5
40404020
3f27403b
3d944019
3f5c3e0c
be493fb6
401bbf41
3fea45d8
3f603fec
4011400a
bee83f82
3f953f4a
4005bf57
3e014039
be7dbec4
be383f18
401f3ec2
3e603fc0
3f183f3a
40043f81
40004009
40163fbc
3ecb3f8a
3e7e3f33
40223f6c
3f85bf6e
3f8b3ddd
3fc73eed
3ff4bf55
bf50bf5b
40093f0b
3eea4027
bf35403b
3f1c3c92
3fe74005
3eeb3ee4
be0e3f00
3eec400c
3f3a4035
401f3f62
401b4026
bf653eb0
3fe0be93
40113ecb
402bbdf3
402d3f8a
3fc4bdab
bec93f09
402c403a
3fafbf28
45d8bf31
3fba3e1b
40264016
3fc63f84
401fbf3f
bec1bf70
3ffb3f4d
bea0befb
4001bece
3f093f4b
bdb33fd2
3f993f24
400f3fe3
3df53fbe
40133f80
be634031
3f214002
bf5f4015
4034be81
3f44400d
bdbb4035
3f94bf5a
3f683fdc
3ff33e0a
3f163fbf
403a3ff4
4035bd9b
3f42bea1
3fe73f55
be053f07
3fda3f8b
3fb7bf22
3e154017
beb04017
3f5d4021
40353efc
3ca23f1c
3fb03f85
becc4030
be9f3ed1
3ee1bf17
3e003f09
bf133f78
3e6dbf1b
3e6c402b
3fa2403c
403fbf32
3f694037
be5c3fc7
403dc5d8
40213fa5
3f164015
40073fd1
40333ef5
403b4005
3f3bbe3a
bdc03e93
3fac3fa6
bf153f5e
3ff53e9f
3fe64039
400a3f90
3f2c3f7f
3fc63f45
3fc53f75
3fc8beb0
3f393f0b
be6a4027
3fbebf67
3f793f97
3fa0403d
bdc23de9
bf67beb1
3edfbf6b
b9f4bd2d
3ea54026
bf77beb2
3e9c3f2d
3fa83fc5
bf0a3fbe
4021403b
40363ea6
bf283f2a
3fa8beda
3fa43fe8
401d3f54
3cfcbeb4
3f4c4035
3ff43fba
40283c96
3e134033
401d4034
bee44035
400abf2c
becfbf1b
403a4002
3e893ff6
45d8bf4b
be873f49
3fdfbf20
3fe2401b
3c843f86
bee23f52
3f2c3fe4
4022be7e
bdc83f11
bf354008
bc5f4020
402b3f09
3fd73f83
3f90bf45
403abefa
40354021
bf20be57
be803f92
3f1c4037
3fb13f45
3ffa400b
be383d55
3ea74038
be754003
3f994021
3f9c3f99
3ff8bd63
bf313fb1
3f7b3fa1
bf533f9c
bf2b401b
3fe53fdf
bf4f3f83
3d953f69
3f9a3f9c
bf203fc0
bdbfbd9d
40104027
bf653fdc
4020402c
3f95400c
3e8d402b
401ebedb
bf6d4000
3f123dff
be2a4001
bed34019
3f933fa7
401b3f52
402cc5d8
be5f3fe2
402b3e63
3faf3fbb
3fa43fc5
40393ef9
3fee3faa
3f1c400f
3f1abf4d
3fae4032
3f97401e
3fd33fbf
bf3f4025
401a3e54
3ff74012
3fd4401b
3ebd403f
3ff04007
3fea4013
bf723fed
3ffd4031
bf614017
401e4037
bf0e3fb1
3ed8bf4f
3e4e3fce
4015403a
bef9be9a
3fb0bf66
bf283fd1
3f0a3fc7
403c3f83
3f233fa2
401abd0d
3f003fca
3ffb401e
3fa13f64
3ffd3f8d
400d3fe7
3f983f97
400f4015
bf363fde
403e3e96
3f64bf67
40283fdc
3ffd3f62
3f893f7f
4038bf13
45d8402f
40303f53
3e9c3e92
3eb23f45
40333f33
3f8b3fd0
3fdd3eac
3d06bf30
3f353f86
3fde3ffe
bf19401e
3f963ff2
bf49be40
403d4003
40153e7e
bf673eaf
3f804004
402d3ff6
beb8403b
3f373e3f
3fc23fe0
3f9f3d56
3fdb3eb6
3eb64013
beef403a
40333fd2
bf26bf36
3fac400c
3fdb3fd4
3f9e3fe8
3d683fad
401f4018
402a3fa1
3fc9be7c
beb0beb8
401f3f13
3f93bd11
401e4035
3f144023
401ebe9d
3f913f65
3fc83f5d
3efd3ffc
403c3f94
3f9a3fb3
40064023
3fcf3faa
bf773fd4
3f8a3f0a
402ec5d8
3fe13ff8
3f49bf7a
40384010
bf0a3df4
3fb9bcbd
4032be4a
bf7a3fbb
3f723f34
403dbc90
bf2cbe96
400e3f0e
3eb23faa
3ed13fb9
3fb43e7f
40373f5a
3f7a3fe5
3faa4008
3e63bdc4
3db43fb0
3f0a3f26
3fe84003
bf6a3fc1
403dbe8d
3fddbee2
40064020
402bbe94
bdc2bf27
bf6a3fd5
bf274009
3f99beb5
be32bef5
3f8f400a
3f133f56
be623f70
40304005
40153f88
401cbec5
40403f06
3fb04034
4030402d
3f0d3fbd
bf653fbb
bee7bcaa
3fa1bd3b
bec84035
3e424022
40363fb2
45d83eac
3f7e3fd9
400f3ed6
3f823f8a
bf37403b
4004403f
4005bf72
40123f11
3fa13fe8
3f51402d
be76be2f
3d07402a
3faf3f02
3f64be48
3f883f62
3fa93ca9
3fe23f52
3fa03fb3
3f5fbf34
bf4a4033
40363fca
3feb401c
bf434021
40134021
3fd33e72
3fce3fb6
be023cea
3f234024
3d813694
3e43bf3d
3e833f24
bf31bf5e
3f82bf27
3fc03fc3
3fe13f93
befd3f58
403c3f7d
3f983ffc
402b3f05
3e35bf46
bcbebed3
3f6e4016
4012be81
402f3fcf
3fa93f6e
beff3f71
402c402d
40213f4b
be7e3fdb
401ac5d8
3ffa3d9b
3ff6bf6a
402f4018
3fc2bf4a
3ff2bd33
3fd5402c
3ef14002
3fc83f1d
400d3c13
402b3f48
3fc4bf42
bcc73fd1
3f6fbdd0
3d46bda7
402a400a
3fa8beb5
40043fa9
3f794038
3f953f68
3fbabe27
be923f81
bee2bf59
3ff83ff3
bec13f93
3f11bf5e
3f773ed6
3f9d4039
3fc3bec2
402a3f1e
be80bf40
3f97bf36
3fb5bf06
bebc3fff
3f8f3f57
3e313d75
403abf29
3fd1402a
beb2bf0c
3ff83fd2
bd9d3fc1
3f793fb6
3f85401c
3f463fdd
4030be97
bf384022
3f3abefd
40043f65
45d8be06
3ec64005
bf2fbdaf
bf4f3f85
bf57bf5e
bf06403c
40224031
3ffd3e0a
3f5c4015
3ff8bf19
3c953ffc
40104003
3d5d4001
401ebf78
3f5dbdba
3d6f402a
3ff0403b
3f65be97
3e3e4038
bf5f3fe5
3fba3fbc
be89401a
3f193f93
3e084025
3fb24007
3ef8bf43
3efb4012
3e933f60
bd713e27
bead3ffe
3fe53fd7
bf714037
bf0b3f20
bf7a3f1d
3fab3faf
3f573fec
403fbf57
3babbd24
3ff74030
bf6e4024
3ec63e9e
3fbd4004
3f2f3f35
3f71bd7b
bf36bf34
bf013f18
bedcbd94
40184026
3f2fbf53
402cc5d8
4019bd09
3ddc3f73
becf3fa5
bf56bf77
3fee3fc7
3eb14001
bec9be48
3fc83e5e
3fa9bd97
3fa2402a
3fa4bf20
bf413d95
3fc83fa9
4007be0c
3f1e4038
3f2b3fec
4016beec
be953f1b
3ff23dae
3e803f2c
3fd63da5
be3b4024
3f213f77
3ff5bf4c
3fc63fc4
3f6e3f24
bedb3fc2
bf43bf4b
3feb3e21
3fe73f81
4037402f
402fbf80
40213f7c
40263f87
bf643fb8
3f014013
40323fc3
3f463f83
3f0bbe32
401dbf3c
3f513f10
ba3dbf74
3fef3f92
beb0bf1d
3e8b3fa3
3ff04003
be083f05
45d8bca4
3fc03fd3
bf413f96
bf79bf35
402dbf07
3fb3bf55
3f11bf00
40273fa1
3f234011
bf37bf6e
bc403ed2
3f5abf6d
403ebf06
bed3bf39
3e6a3deb
be903e51
3fb53eef
bf1ebf5a
40183fb6
3fe2bf09
3fb6bf1d
3febbe49
40213fc8
402b4004
3f394036
400e3f9a
400b3fb3
401e3fe8
beca4029
3fb1bf0a
3f933ee8
3ddf3fe1
bf6b4036
be07400b
bf393f2e
bf783dc8
3f983f91
bdbb402a
bed23f88
bf7d3e27
40153fec
40123edf
40374037
bf48bec0
bf7e45d8
3f9b4008
3fab3fcf
402b3e4b
3ed5bf57
3fec3fca
40233f29
3e363e9a
3e18bf19
3f9f3ea7
40243e16
3ed93fd8
3f7b4025
401d3f59
bde2402f
3f993f9a
3f8fbe74
3f3dbe86
bf643fa6
3ee3bf0e
3ff44013
3bff3e88
3ded3f60
be363f77
bec04000
3f973fd6
3fcbbf3d
401c3fbd
3fe9be44
3f143fea
402c3f3e
3fd9bf34
3e9d3ffc
3ff13fa4
3e823f42
40313f74
bf79be4b
3fc93fc2
be043ef1
3eeb4029
bf184023
3f7e402f
402b3fec
bf29bf34
3f7f3d2d
3f984013
bf5b3f52
401f3eb5
c5d83db4
400d3f80
3f33bd76
3f90bf3a
3f63bf38
3fef3e82
400d401a
beeabea9
3fd3403e
3fd0bf36
3fb4bf32
3fc53f9d
3f0cbf3d
bf703f26
3fe64027
4008402e
3ffa402d
3d8a3f10
bf0dbf56
3f4c3f23
402a3f0a
bf284017
401f3fb5
3ff1bed5
3fd43f57
be6e3fc6
3cb0bf50
400a3ffa
3fd7401e
3c7c4002
3fed4013
3fff3ffd
3f02be85
bf413f03
3fab3eb5
40294008
bf2f3f41
3ffa3fd3
400cbeab
bec3bf11
4011bf4e
3ff74010
3f243e67
3fd43f87
3f514038
3ffa3e5c
3ff43fe2
bf123f95
be27bee0
3f6745d8
4007bf3e
bf6bbe18
400ebec3
4002401f
3f2c3e44
40023e8e
40183fa2
40333e0b
bf48bf20
3e5abf1d
3f65402b
3e813fe8
3fc53e49
3f8d3fdd
3fd6403e
3fcd4013
bf3c3fc7
3f4a403b
3f913e06
3e6d4010
bd143fe1
3f62be82
40023f14
bf43bef7
3fd24038
4030be0d
40244020
3e7d3e74
40353b69
3fe53e9d
3f9b4039
4028bf43
3f4bbf07
3fd6400b
3ff4bf13
3f2b3f98
3ff6401b
3fd43f12
3ef94029
3fd4400b
40313fd7
40103f9e
3ffd3e90
bf0b3f89
bf613f9f
3ff73f24
be514013
c5d83fe2
3f043feb
3cfb3ff6
be14bf65
4030bf73
3fdebed2
be74403d
3fec4010
3f3d3f84
bdfe3f81
402fbeaf
40084017
bf223d55
3f2bbf0d
bf10bcc5
be933eb0
3fd43fc9
3fd7bf45
3dd14020
3fec400f
40273eb1
3f213f67
3fc93f55
3ec73ea4
3ff8401a
3ede3f31
3f9f3e9c
bee53e24
3f523fbb
40183f97
3dddbe3f
3fde4009
400c4011
bec7bf73
bd703e2a
3f6fbf2d
3fd14023
400e403f
3e81be8d
402d3fd0
bf6b3f16
3e8a401e
bf443f50
beebbe63
3f434012
bf5abf4f
be6c3e8e
bd863fc8
40094037
3fcc45d8
3f9f4030
40373fe4
3fb64028
3faa3f81
3f1dbf0c
be943ed0
3dad3e72
4002403e
bf18befa
bf574033
403d4037
3fbd4013
40134011
3fec3fa3
bf534012
40053f00
bef2bdfc
40014025
3f933fee
40103f70
bf163fe7
be873dc8
bebb3f29
3ffa3f8f
be1c3ea1
bec1be9b
bf083eb3
3eac4028
3fc93e1b
3f034019
3feebf29
bebb3fc0
3fe03ff3
bf5e3f2d
3fea3fb7
3fde3ff1
bf56bd0b
bec6bf11
401f3df2
3f983fd7
bf64bf69
40264029
be82be8c
3f644035
403abf4f
be714029
bebc3c64
c5d8403c
bf2c3fad
3f453fac
bf52400e
3f0b3ff5
3fe33f20
bf013f23
3f463f96
3f6bbf6d
3f833ff2
bec2401b
3eba401c
be7e3f94
3f17beec
3f873f5e
be944024
40363feb
bf0c3e80
4017be8f
3f15400c
3f2fbeb1
3e1c4023
4002bf1f
bf733ff1
bd9d4000
bf55bf03
4003bf20
be563f20
3feb4015
3f74be29
3c243fb5
3d163f6e
bf1bbf6a
4036403a
3f82401e
3fc0be72
3fa4402e
3f833f9c
4006bee2
3f333a07
4040402e
403b3ff8
401d3fb3
4036bf7b
3ebf3fe2
3f64403f
40153f11
bd9f3fcb
3f533ffe
be5745d8
3fb6bf2a
4039be37
401cbf65
3fbe3fab
bf173f3f
3feb3f10
401c3f08
bf243f0b
be674036
3ff3bd10
4013401d
40273ee5
3da63fc4
40173fa1
401a3f77
3fad3ca9
401e4027
403d401b
3fc9bdfe
be8a3fc1
bef6bdb0
3f6c3edd
3fb83e1f
be993fa2
3fc2bea3
3f1e4032
bf6abe84
3fa03f21
3f99bcd2
4029bec5
bf063eba
40223fac
bf2c3fd9
40283eda
bec94035
3e944015
3f513e79
3fca3f82
40184018
3f073f45
40353f51
3f803fb1
3fc9be07
3e39403b
3d37401c
40254016
3fa3beda
c5d83e9d
40003f06
bf78bf17
40343f91
3fda400e
3fd4400a
3e1c3eac
3f933f1b
3fdc3f5a
befebebb
3eb2be0a
40323fb0
3ec73f97
3ff43e82
4038be71
bd183f59
3f2b402a
4009bedb
bf783ff1
bea13fca
bdeb4034
3f724010
3fc4bf20
3f884026
3f9d3fe1
3fcf4015
40243e79
3f853c3b
3e893f95
bf3bbdc5
3fe43ff8
4007bf54
be0f3f63
bf2a3f13
3f8f4027
3f3abef9
3f424028
3eeb3e88
3f913f10
3fc33fa8
bf324010
403d3fc5
40353dc5
bee04035
3fee3fd5
4038bec1
3ff9bf6f
4034be8f
3ede3e06
402245d8
bee33ee3
3ffe3fdd
bd854022
3f3c3ff4
3fbf3f9a
bf5c3f87
400a3fcc
3fd0be9c
4013403a
bf033fc1
4016bd05
3ffe3faa
40303cb8
401dbea5
bec0403d
40253eeb
bf453fb3
40404006
be0a3fa7
40063d4a
3f3d3e37
3bc5bd9d
402ebf08
3ffe3fb3
3f933e52
3fe43faa
3fdc3fd1
40333e49
3fd2400d
401a4012
3ff0bf6f
3f473ffc
3f2c3fd7
3f92bf75
bf19bf35
3e783fee
3fbc3f86
be9c3fa9
3f9ebf55
3f483fae
bc7cba49
400b403d
bd943f02
400a3f2a
401e3f9a
bf763e4f
3f9ebddc
c5d8401e
bf473d67
40214004
bf0bbf53
bf4c3e5e
401a402b
bf053eb9
3f82be83
3f494008
3ee34019
bef84025
bf363fc8
bf773ff5
40203f25
bf304012
be2e3ef4
40253d06
401bbf08
3f49403b
3e90403a
4029403a
40094030
3fd9be5a
3f84bef5
3ff43ffe
3fcd3be5
3fad3fa4
3f51403b
bdb13ffe
bebd401a
3fbb3fd8
3e5b3fd6
bf60402a
3dc54018
403d3f3d
bf353e7d
4020bf5f
3ec83f52
3fecbf7d
401cbe7d
bf3b3b6f
3e194025
3fe93ee3
3fdd4000
3fcec5d8
3fa5bf02
bd124008
bf444026
3fd93f25
bf7f4009
bf323ffd
3e4f402a
3ec33fc2
3f883f5a
3edc3fda
3f513f74
bf6c3e94
402bbe52
bf1a4017
bda7403a
3f923f84
ba9e4002
3ff24021
3ebb3ee5
403e3eae
3fc4bec1
403b3fea
be0d3dca
bf3bbf70
3f3b3fe2
3e6c4032
40113f4a
bf023feb
400a4003
3f9e3fed
bf644014
bf3e3fa9
402b4011
400ebef7
bf6f3ede
3deb4006
bf154009
bef1403e
3fc73eb4
402ebef0
bf534024
40044016
3f25bed9
3f853efd
402f400a
40324039
3f9d3f69
45d83f68
3fc33f88
3e663ded
bf2fbe0a
3fea4003
40183fbf
40343fe1
3ee5bf0b
401cbf3d
3f8f3fcb
bf273fab
beb23fed
401e4001
3fefbf09
40073e9c
bec14005
40363f5d
3fe7402e
bf233ec5
bebe401e
bf7cbed8
bf26bec5
3f583fe9
40273f9f
3fc73f03
bf514029
bf27402c
3fd73fe6
3f853f9b
3fe9403d
3fabbdc7
3f5f402a
3fb43f53
bf34be62
bf733e1b
be2c3f8f
401f3fc6
3fba4017
40033feb
3eae3fcc
3d35bf64
40293fa7
3fdb401e
401c3f53
bf7d3fb8
403c4025
40333f8a
40383f70
be2a3f3b
bf44c5d8
3f024001
3f78400e
401b3f3e
4031403e
be9c3f77
40234012
bee3402d
3f9abeab
40313fc8
3eabbf4f
3fc54012
3ffd4037
3f31beb9
bf6e400b
400fbe98
3f18402c
3f71bf64
40013f34
bc8f3eaa
bf21be15
3ff23fc9
bf2abf71
be87402c
3ffbbdc4
3fdcbe7f
3e8b3f95
3fa03f23
3ea4401f
bc893fa8
3fc8bf54
bdeebef2
3fa84034
3fe8bf59
3fdd3ec8
3f933f25
3f593f15
402a3ee3
3eda3fc6
3f98bf64
bf1a400e
3f463d12
40323f14
40344008
402cbd40
bf5f4012
403abe11
4029beca
45d83f24
3f8bbe1d
bf544026
3f7d402b
3f943f7d
4033bf0a
3fbd3ef5
bed63eca
3f21bf69
40023e86
403cbed8
3f8a4036
403dbf62
3f97beb5
40363ef7
3f1f3f26
3fff3e79
bf12401d
bf173da7
40343ef0
3ded3f46
be873f61
402ebe1e
4027be16
402e4011
3fc13fda
bf2e3f1b
3fc93f9a
3e964035
bf4bbd98
40194029
bf4e3e37
402f401a
3fb13ffd
3f4c4024
bf693e4e
3fc83fc8
bf673fe7
bf2bbd87
3fa0bf3a
3e943f1a
40283f81
bd9bbd34
401bbf3d
3fc3be51
3f96bf0b
bf1d4006
3e713faa
3fe8be1b
401bc5d8
3f9a4028
40043fbe
3f84403b
bee0bf38
bd963fe7
befa3f8c
401bbdef
bda84028
bf4d3e9e
3ec3bf03
3e753fa7
bf1a3f9f
3dfdbf3d
3e004006
bebabf49
3f0c4036
40023fc9
3f4c3e55
40184036
bf10be80
bebb3fde
bf283feb
3f043fbc
be4d401a
40383d9e
bf383ffa
40063feb
3f9e3f88
40153f03
3dc5bf33
3fe64037
3f933f67
3fcf3f74
3fae3d60
40103fa9
bd133fdc
402c401e
3f153ff5
3fc93e8a
be81be54
bf79bdef
bee8be58
40033e91
bed23fc7
3f34402c
3fa54040
3f3f3f3b
45d83ddb
3e8d3f49
40333f79
3fd03f40
3fb23fc4
3fc13ff9
3ffc3f7e
3f9c3fe8
3c353fb6
3f65bef2
3e483f85
3ebfbdb8
be923f03
4036401f
be563fe0
4034bd56
3f503f80
3f7e3fa1
bf3d3fb9
3f26bf61
3e8e4000
3e183f37
400f3fd0
bf573fb5
4029be81
4024bf4a
bdd84017
3fcbbf04
3fcd402a
3fadbb3a
3fd73f71
4004bf80
bf6cbf0c
be6cbf4e
40353f2e
3e563f52
bea9bf66
3e55bee5
be03be16
3fc2be47
3ef13fde
be553fb9
3fde3fd2
40333f8a
3ece3e7a
4017bf76
3fc5be61
3f923f0e
bf043f3b
3f8ec5d8
3fac4019
403dbeb3
be12be23
3da8be85
bd8e3f64
40103f49
4000bf0a
3f6c3ff0
bf593e32
40053f93
3f6e3f28
be9c3fc2
3d14401d
3f373ffd
40313fa7
3fe84017
3eec4009
3ef73fb6
3e463f10
3fdb3fa6
bf51bf02
3eab3e77
3fa03ff8
3fc53e5b
3f0f3d4b
401c401c
bf1abf15
3fea3fcf
3ec3400f
bdcd3fe6
3fe03f2f
3f943df9
3f10401f
3fcf3f0f
400dbf62
bf7f4005
bf3cbf56
3f6c3f46
3f543fd5
bf61bf5c
401ebe26
40213fcd
3fb73fbd
3e904015
3f10be6c
3fb63f6c
40364036
45d8bf2d
be07bf77
3f9d3fda
3fcc3f45
be37bd79
bf373f1a
3f623ffd
bf6e3ee2
3fbabf71
be1f3fb6
bda63fbb
3fd73ff9
3feb4019
402d3e55
3fad3f83
40143f53
bf40bed8
3f063f80
bec74016
40014017
3fe73f50
bedf402a
3f9c400f
3ee04033
40313d5e
be97be80
3f50bf64
40373fd7
bdbcbe70
3f943f38
be9c4016
3f8a401e
4019bedf
3ec33f2b
40083feb
400b3fb7
3f5d3f98
3f2d3f3e
3e613fde
40133fb0
3f983d3f
4032be9c
3dce3e7b
40073f9f
3ff13fc8
3fc03fe4
3ea93f99
3f904016
3ffe3f1c
4031c5d8
40383f37
be773f34
3f763ff5
3fad3fac
becabe83
3fb74006
be614014
3e803f03
3d99be2e
bf59befb
3f79bf20
3fe6bd9b
bf724004
bebd3f74
4002bf3b
3fdebed9
bd52bf27
403e3f88
3ff53f7b
3f7b4034
be1c3ffd
be7d4023
3fc93f7f
3f5b400e
3fae400a
3fab3f90
3fe5bf42
40284019
3ffcbf21
3f2d3fa7
3f8abe35
3fbfbeb2
4031400f
bf213f41
402f4031
beb0401c
3ff74012
40303f8e
3ffb3fc5
402c3f81
be1cbe70
3ff93f5f
bbdebf76
3f5e3fb3
40004032
be364035
400f3f81
45d84013
bf71bead
bebc4002
40273f8f
be483fc5
400d4010
3ec2beee
3f43400f
3f033f9b
bddbbf14
3f3c3ffb
3d663fd1
bf4a4002
bf3c4008
3f7f402d
402c3fa8
3d9d3fc1
3d6b3f74
3f36bd11
3f573fc2
4015bf55
3f883d94
3f7fbe89
3fa6bf47
3fe93ed4
bf1d3e14
3e4c4022
bf3e3dd3
bf59400e
bef1401b
40193f8d
3f60400d
3e9fbf46
3f0a4007
3ee83f52
3bf63ff4
3f303f15
40033e96
3f683f78
3f014016
bf713ff2
3f2f402c
bf3bbee2
3ffa3ff3
3ff63fe7
3f6a402b
3c363cac
3ffebefb
4038bcba
3ffcc5d8
bed0bed1
403b4023
3e553d93
3ff7bf11
3fd54030
3fcabf39
3f36be83
3f9e3de9
40343d50
40204011
4028bc5d
bf254015
40194006
401e401f
3f3bbe42
402fbf07
bf763f22
bf68bf53
3f9b3f1b
40173ff6
3fd43f6d
be923e3e
bf2c3ea0
3fd64023
bdbd3f58
40183fbb
bcf93f81
40133e1b
bf403f21
400c3f40
3f884039
3e834031
403c3fa7
be513db1
3fe23fc1
3fc63f40
3bb73fe8
40103fb0
3f393fe5
bef83f83
bf04bed1
bf65402c
c5d8bf1d
402f3f43
40164015
403a3e48
3e193f95
3fd9bea8
3f243fc6
bf77bf0d
bf123dee
bf75be78
3f9bbf43
3f143ffb
401d3ef8
3f693efd
bebe4019
3dccbed3
402abf29
3f234004
3ccf3e6a
40353eea
bed9bf42
40154028
3f2d3f2b
3f7a3fb0
3ddd4002
3fac3ebe
3f88bed7
3ef5bf71
3f96bd95
3fdc3d7e
40253f99
3c22403a
3fe6bf41
bf223fc1
3fc44015
3fc0bf57
3f493ff1
bf11bd76
3edfbea2
bf664037
bf64bf4e
3e923f8b
40213f95
3f6f400c
3de34030
4039bf43
3ff54018
3f33bf7a
40303d62
3f4a45d8
bcd04037
40123fe6
3fd23f24
3ebabf1f
3fd93fa6
402b3f65
3fef3fab
3ffe3f6a
bdc93f35
3d0c400b
40374007
3fe53f81
bddabf31
3fa94014
bde43f5d
3eda3fc0
40223fcc
3fabbf3c
4014bec1
becebf7b
3e8e3fdc
3e96bf38
be834024
3f17beaa
3fb9bf7f
3db83f91
3f5ebf5c
40183fa8
3f39bf16
3f473ffd
3fecbdc5
40053e2f
3e4cbec8
3fbe3f89
40303db3
3f40bf37
3ffc3f17
401c3f7a
3f764010
3fdc3f8c
401e3f83
3f8f3f98
3fe7bf79
40193f36
3fea3f7b
3f99bef7
3f22bf71
c5d8bf0c
bf1b3fb9
3dba4006
3fdc3fbf
402a3f7e
3fa93ff2
bf273ecf
3fb3bf02
401c3f5d
3ead3eae
3fd53f13
4002bf49
bd884009
3f6a3d41
3e164016
40164020
402f400d
be2e4005
3e3dbf03
3f943f3b
3eb33f01
4021bee8
40113d9b
3dd33f7b
3f0fbef9
40243ffb
bde9bf24
40373fa7
3fddbe02
3f504036
3fdb4037
40273fcd
3e8f3f84
3fe63ffc
3fea3fc5
4001bf05
3f063f74
3fc9bde5
3e693e54
402a401b
3ff13fd5
401e3fa3
bf003fd3
3fd33f57
3fc0be62
3f9e3fcc
402f3fb1
4019bf7d
3f8c3f7c
402a45d8
bea6bf0e
bed63f1b
3ffd4025
40074003
3eb53f75
bf54bec2
3f374017
3fb2be1b
3eb13fa4
3f88bf2d
bf7cbf63
3f9dbde5
3fc03fae
bed3bf3e
401ebd9c
ba913f9a
4027befa
40384025
be65beef
3fc03f3c
bf0d4026
bf10bf10
3f744024
bf2c3e92
bf573fe9
40263fc5
403f401c
401b3f3c
3f8e3f93
40124032
3f34bf46
bf794009
3f973e0a
3fbabf29
4034403b
3e383f87
bdd5401e
4007bf02
bf0a3f57
401d3ff9
be9d3fc7
403e4015
3fe1bf2e
3f794031
bef73e59
3fd53f29
40084033
c5d84027
40323fb8
3f08bf12
3fd63efe
3f373ee7
3f373f97
3fbc4005
3e8a4006
3f954033
bf26bd62
3df23f75
3f123fd1
402ebcdf
3f973f45
40403fda
3eea402e
3f5bbdd4
3f8ebea7
3f2b3fbb
3f89bf12
bf563fa3
400c3fc2
3eb33ed1
3e4b403e
40163fe2
3dd33eb1
3fa83f3b
3fd4402a
3f7a3e8f
40173fed
3f9c3fb5
40273f81
3fef3f47
401b3fb9
3fe83f45
3fb83ff8
3f333fc8
3f69bcf1
3f3c402f
bf7f3e5e
3f853f84
3fd3bd15
40384031
3fa5be2f
3f283efc
40123f5d
3eb23e1b
400a401f
403d3fe4
3f3545d8
400e4020
3f733fa9
3f08be93
be10402d
bf053efe
3ff1403d
3ed94002
3ffb403d
3ffdbdda
3eb14008
3e5abf40
40313e69
3fa83f9d
3fe5bf19
3f853ffb
3fcd401f
bebf3f06
3e283f73
3f9cbf4e
3e20bf0a
3eb53fd8
40233ff4
3e30402a
40253fa9
bc493b89
401fbf2a
4023be02
3f823fe1
4019bf31
bf153fc8
3f283fbd
3f633ec2
402e4030
402f4038
3e1a400b
40103fad
bf773e9f
be56be59
3f843fbf
bf3d3f3f
400abf54
be88403a
be873e7a
3faabf65
bdda3f21
40104020
4038400c
c5d83fe5
4033403c
3f8d3fd6
3e053edd
401d3fb0
400fbf6f
40343f40
3fb54035
3ff4bd7c
be30400c
bc73bf72
3f56400f
bf6e4007
40123fd5
3d653fee
40323f2d
3f0f3efd
3eefbf44
403fbe6f
3fa7402e
bf10403f
40234011
3f6d3f2b
3ea93f4f
400a3ff6
bf02bf39
bdecbf5f
401e4022
bec23f9d
3f0a4021
3f633fe2
3fdb3fb4
be95bf18
3f023f2f
40013f88
3f393eb1
beb53f8c
3fe6401e
bf373ea5
3ca63fc2
be65401b
3f6f4027
3f253e92
bf694024
3fb3beba
400fbd22
bdeb3fc5
3ffb3ff6
4012bc99
402645d8
3ff23fc6
3e883f24
bf573d09
3ecf4015
bf063d0c
4007be6d
3f793ff8
3f174020
3e71bed4
bd2e4027
40373ecb
3eef3f17
bdcbbd82
3f993f74
bdfa3ffe
bec33f9a
3f62bf17
3f3c3faa
40343ea1
3ec0403d
40363fcc
3fdabe7b
401d3f86
3eb8bf6b
3e883fe7
3f06bf53
3fff3f67
3d2e3fee
bf2dbb5a
3fce3fa1
be613fa4
3f90bec6
beddbf70
3fe1403c
401c4007
bf77be89
4001bf01
4010bd96
4018402f
3fff3fa6
40113f49
3f87bedf
3ec83f38
3f8e3fed
40264008
be483ff1
3dc63f04
c5d8be12
3fac3fdf
bf424000
3e6b3f8d
3eab3f8b
3dda3f1f
bdb3400b
bf633fc1
3f85be97
3fff3f88
3ec43e98
3f2b3bc4
bed0bf08
3ff84020
403f402a
4030bf4d
3ff0bdd6
3fe03fb4
becdbf7f
3fd34000
bd953fa8
be2a403f
3f983f6f
be363f99
3f83beb5
3ed13f6f
3f31bf3f
400dbe60
40334022
40203fd9
3eed3fe4
3cf2bd4f
3f4d401c
be084029
3fbcbf36
3fb83fce
bf4c3eb6
3f7ebe2e
4031bf60
bf08bee1
3fb43e84
3dd0bf7b
bf163f5a
3f533fed
3fdcbf72
3e193f42
3fe33f9a
3ee13f7f
3f503d3e
bea145d8
40303e3a
3f673f9c
bf27bf26
3fc5bf59
3f94402e
3f513f91
40353fb3
3c69bebe
3ff7400c
bdc23fa2
3f473cd4
3f603dcc
3fef4021
3fab4026
3f9d4002
40193f83
403a3fac
3fd73ee0
4000403a
4015be58
4010bf0b
400f3fe4
402cbf41
3fad3ecb
3f993fae
bea5bf55
3ff5be99
3f5abe37
bf6b4034
bd744000
3fc23f5f
3ff63feb
be0bbc8b
3f7b4038
be843f0c
3e4f3fae
bf07bee1
3ebabf26
bf653f84
3ffebea6
3f283fd4
be033ff4
3df63f1a
3fbe402d
4007bdcf
40154035
4028bf6b
c5d83f84
4022bf08
403f3f3d
40273ecd
3f8cbf5e
beeb3f99
bf803dd4
3f783fbc
3f344025
bf504031
be254027
403e3ec9
3f1fbca3
3fe23f85
401e3f06
bf353e7b
3f4a4020
3fa93fac
3faa400c
3f593fdd
be2d400c
4010bf29
403ebf4d
3f3f3f08
3e473f64
bf424025
3fb23fcb
3fd8bf5a
3fb44038
40053e86
402a402c
3f003ec3
3e09bec7
3f623ff5
bf10bf54
bf694000
bf223fd4
bf0abf07
401a4035
3f293f43
3f893f46
3e33bc8e
3ff53fc9
3ff04008
3e6bc5d8
bf29bb65
3f4f4005
4001bc87
3f04403e
bf59bf4d
bebb403a
bf51bf18
be37400d
4024401e
3f103fd8
4010400f
3f5a401a
bf60bee4
403c3ebf
3e8f403b
3f89bf64
4024bed0
4033bf1d
3fe63fd6
40143fc5
bd833f3d
be904025
bf3b400e
3e29402b
3fb13f2c
3e063f3c
4014401e
40033f81
403b403a
bee7bf78
3d513f94
3fa03f89
3f57bedd
3e244010
be58bf39
403c3fdc
40283f87
bd453fa3
3faa4012
3cae3e8f
4025bf01
bf2abe81
3f894019
bee83c26
3f943f60
403c3fd7
4031bf1f
45d8401a
40023fcb
bf55bf74
3f1c3fca
3ee33f10
bf1e3da5
bf6b3f61
3f274037
3dc63fe7
3fcf3f95
403e3fc8
3fe73ff1
3ecb4037
3f13bf5e
40353fa6
40053f9f
3ffabf18
3f8b3f8d
3f7f3f18
3f31bf36
bdb83fa1
3ff43e08
3f0c4011
bf2f3e8f
3f9c3e83
40273fe8
3fe93f53
3eae3ff6
3f573f54
3f25bf7c
3e99bf12
3fd93fb5
403cbec2
400c4029
3f1cbf20
be24401c
bf353fd4
bf213f59
bf223d0c
be9c3ef2
bf0b3fe4
3fde3f14
3e543f61
3fe64011
3fd03e92
400cbf61
4014401a
40303fc4
bf0f3f4c
4021c5d8
40313f83
402f3fbc
be2e4037
be14bf40
3fb73fc8
3fe2400b
402d3f69
3e91bf50
40223f81
3fd03fab
3e864038
40283dff
3fffbe33
be813fd3
3f3cbe1f
3ea13fe2
400b3fcd
3fa24008
4030bf78
3fbabf64
3f8cbe75
3ffb4032
3faf3fa2
402b400d
3f6e3fca
bf803fb9
3ff74000
40184028
4038403a
bf244006
40344035
3f28bf1a
3f8a4039
3fa13ecd
4009403e
3fe43f3d
4011be8a
3f343f58
be073c48
3f86bf56
3fd8bf27
3fc34006
3e1c4001
3e763f0b
bebb3da9
3ea33e28
4024be70
45d83f69
40023fc1
403c4015
3fdebf11
3eccbf2a
bf2ebf58
401d3f7a
3ff73d5f
3fa64031
3ffd3fbf
bf0d3f07
3f0e3f0d
bf1c3f8a
3fb64004
400c3f17
3fb63ffa
3f07be07
bf7ebf22
bf28bf1d
3f90bf09
3fd03dd3
3fc13fb0
3e81beb1
3fc33ebf
3e9e4015
3fed3fe7
bf613f5d
402b3fb0
3fd94034
40314003
bec1bf38
40164019
40333f3a
3f543ecf
400abf0c
3fd93fdd
40304027
4036bf77
403e3fbe
bf1e3ea2
3fb13f01
3fd54027
3f94beb9
3f714024
40073f8a
3faebdcf
3f5c3f15
3fb34029
40243e7b
bf65c5d8
3fb14019
3f48bea8
3fcdbf17
3fac3fb6
3edf401b
3f0b4002
3f8c3fbb
bf1d400a
be85bf7a
bf5f3fe0
3eca4024
3fa43f56
40173f21
3fb94014
bf074037
bede3f47
40084025
3fc53fdc
3f853e82
3e3a3ef1
3f0b3fe5
40343f91
401c3f82
3b4f3fdc
402b3fc6
3ff2400b
bf1c3f8e
3ecf3f57
3ff5bf57
3fbcbf62
be62bde0
401b3ea0
3fc54040
3f583e44
402f3e22
3fdd3ed2
bf7f3fc8
4031402b
3ef14038
3fe83f96
3f0dbddd
3f363eb6
bebd3f81
3e884039
3fd63f1e
3fd73fca
4028402f
45d83f3d
402f4031
3f373ec0
bf564002
3f73402c
bf1bbe9e
3efb3f6f
3f0f3f7c
3ff63fb0
bf804013
4035be35
3f84403d
3ef03fff
40163e79
bed74035
3e143e58
bf494003
becdbec0
3fb4bf6a
401c3f60
3fd24031
4032beb6
bf1b3f2d
40023f50
beb63f73
3fabbe96
3c633feb
40113e67
bf6e4022
3fff4035
403dbe86
bf72bf01
40363f8e
3fe8bf3f
401a3fe6
befa3b54
3de03ec9
4034bf48
bee03f48
3f773dca
402f3f93
3ff33f74
3f5b402e
4033402a
bf473fcb
3fa3402c
403c3fa7
3fa2400d
3f4f3ea2
3f8bc5d8
40043feb
401fbea0
bf4bbef1
bf413fe7
3f273fce
bedc4026
402abe04
40353f82
3ff9bed1
3f52be9f
3fe53f42
3f8abf2e
bf1b3f21
3eebbf19
bf403ebb
bf584021
be083efc
3f3e3f3f
3f7abf41
3f814018
403d4025
3fb6402e
3f67be2d
4018bec3
bf183fa8
bf2a401b
bf34400d
3fe33f98
3d1bbf21
3f8e4032
3fd83f88
3f24bf41
3f0d3fb2
3f6ebf57
3ff73ff7
3b1f403e
3f2b3e4b
3f674024
401fbd35
be6c3fe2
bf153eed
3f8d3f4e
3fc5bf0a
3fb43fab
3fb03fda
3f8bbf78
4011400c
45d8be4e
3f873fd3
bd853fa0
bf75bf4a
3e543ee8
4012402a
3fa83ef3
3faf4018
3fc0bf2e
3fffbf3e
3f8b4001
401d3f51
3fb8403d
3f5bbed2
3f00bf67
bf7c402d
bf783f9c
3fcd3fbf
40144004
3f82bf32
3f8cbf4f
3f4b3e21
bcd43fb6
3fed3eec
40213e57
40293f9a
be67401f
3f84bf40
3e81be1e
be07bf53
be0b3fcb
bf4bbf67
40273fba
3e80be94
4009bf0b
3e203e0f
3f913f93
3ecf3fc1
40193fcb
3f883f42
3ea14013
3fdd4026
be48401a
be3d3fe3
3f133de8
40123ec3
3e223fe3
bef63f54
40383fa3
bde4c5d8
3fb1403c
3fd23fa2
400a403c
3f44401e
40303fe4
3fc0402c
40263fc7
4021be8d
3f1d3d34
3f89bf05
3f3e3f2e
3fb43f78
40254027
bf3bbf66
3fe03f0f
40033f43
bf6a4037
3fea3ecf
40244034
4038401c
bf2abb51
bd3e3eea
bdeb3fad
40323f85
3fdb3ef9
403c3d27
40093eef
3f903d47
bf18bf32
3f8d3ea4
4037bf05
bf43bf6e
bd57be1b
40043f69
3ebf3f91
4027bef8
3fa6befa
3fbf4010
3ff23f7c
3f894001
bf0cbe1e
402b4028
3faf4036
bf463ff1
3f813ffd
bf0e3f76
4039bda6
45d8bf0f
40384018
3f934014
40003fe3
be943fd5
bf043fe1
3f974040
3fe83fb5
bf07bdf9
3efb3e90
3fc43d0d
be20401f
bf6f3da6
3fef3fe8
4017be55
bf71bf5e
3f0a3df6
400b403b
3f553fe0
3fc83ed3
3f124024
3f19bc8e
3fadbe3e
bf2c3ebe
400b3fa9
bed24037
bf323e56
3f7f3f4b
40044027
400f3c04
402e3b56
3f813fb1
401c3fb1
3edebf75
be57401e
402e4023
3fc1400c
3e8c4034
bed34022
40063d2b
3eb0bf70
40364006
3f093e5a
3fc43e99
beb545d8
bef24038
bf5b3f82
3fd1403e
3fd7bf20
40363e44
bc17be21
3ffebf38
bf583fcb
bf744019
402ebf71
3f29bf5d
3dd33fdb
3f894031
be20402e
bf03bf46
3f833f7a
3fe93f8b
3f70bf55
3ec53fbf
3f1d3ed6
3fd23fd8
40033ea9
401e4024
400c3fa2
3f953fba
401c4014
bdea3fe3
3e8e401f
3fee3f44
3f46bf67
bb833fc1
401b3f72
402a4020
3fa6401c
3e71beda
3f494037
40083fd8
3eae3eb3
3fd63f1f
3f82be65
3fd73fb2
3fc94035
3fcbbf42
3fab401d
40073f74
3f903e9c
bf7f3e5a
c5d83fac
3dba3ed4
beaabf63
3f9bbf02
3f893ffe
3f5ebf32
3fcbbf43
bf3f4034
400a3f0e
3e054037
3fcf3fce
400d3fba
3f80bcf6
bf28bf58
401b3e92
bcb94019
403b3fce
3fa14027
bf25bf5d
3f78bf01
400bbe2f
3f2b4019
3e9b4024
bf653f1c
403cbca4
3fbfbf5e
3e4ebe0d
40143ff0
beb93f3d
3d83bf7c
3fcbbed9
3f344038
3f4cbd2f
3e3f3f7a
3c7c4008
3f784012
3d9b3f89
be983ff2
3f87402c
3f4d3f18
bf2cbf64
3fdfbf06
bf183f11
3ed03f9c
bf5cbe3c
3e554028
3e824020
bf013fdf
40293de8
3f6645d8
403c3ff8
40343efc
3ed4be02
bec83f97
402c4003
be23bec9
3fc44023
3e584030
401b402c
40274017
3f3e403b
bf143ff4
bf054030
3f594030
3e10bdbc
3f843f8f
402c3fc8
3f8a3f5c
bf2fbf1d
be613f88
3fac3f14
3f97403b
beea4039
3e3e3e0a
403c402b
3e11bf40
bd363fdf
bf513f6d
40263fef
3f4abf01
403a400b
3f9e3f70
bf17bee2
402c3f9a
bed73fea
3fed3eae
bf1bbf40
40103f52
40103f84
bf7f3f56
3e08400c
3e503f9f
3ee64013
bf283f6f
bd403fb7
be06bf3f
3f954033
c5d83fca
3fce4012
bf354010
3f27bcfe
3fc5be82
40153fe2
3ff9401a
3fa83f46
3f42401e
4022402c
40064024
3fa23fbd
400f3f9d
bf2a3f7b
bf4c401b
3fed4021
bf4c3eb5
bf4fbf2d
3fd83eee
bf73be69
bf623fc1
beca3ecf
bf473f0c
3e0f3fce
40253f53
3f9a3f41
3cdf3ec6
401c3ff9
40083f05
401f4001
400cbf1e
400abe67
40353fc8
401d3fb9
3f17bdfe
40333eb9
3f8d4034
be9bbf69
3e423fff
4002be0d
bd2cbf0b
3ff94028
3f984034
bf72bf36
bf523f69
bf30be6f
3fc4bec0
3fd04037
3f264015
3f9a45d8
3e3a3fa0
40383f87
3e9f4013
be5dbf6a
4020bf45
bf013f77
3f813e88
40093f13
3fa53fa1
3f9f3f06
bf103fc6
bf3e4036
bf263fab
3ff2bf58
4025bf16
3f8e3fae
3fcbbeba
402fbf57
bed5401e
3fa43e02
3f934030
3f753ff4
3f20401b
3f873ffc
3ed6402e
3f9f3e78
4017bd7f
40003f87
3fd13e8c
4026bf2b
3f503fc3
3ff4403b
40054030
3eb14038
bf58bea2
4038403d
3f2a3fa5
40073f5f
402f3ff3
bee03ff0
3ff23f90
4028403b
40294026
be654012
bd473fdc
3e42bdf0
3f993ece
c5d83f8f
3e89bedd
3fbc3f1a
3ebd3eb7
3edb4038
3fd34028
3f723fa4
be2f3fb6
3fe54020
40023f3b
401a3cd1
40093eeb
3fb1bf03
bf17bdfc
3f4c400d
3fb03f3c
3fc1bf11
beae4026
400f3f65
bd86bf0b
3e483f92
bec33ed4
40293f3c
401e4010
bec04009
3b863f64
3f52baee
3f333fd3
40393eec
40034005
40263f9f
3f8a4025
bed33fc3
3fef3f36
4025be55
3fd4401f
3f2d3fa2
4033bf40
bf78403c
3ff13f87
bdba3ee5
40213fbe
3f823e41
3ff0bf36
3e13bdd7
3ff8bf60
bd8a3f9b
3ffa3fc3
40183ebb
bf3745d8
3f683fc1
bf433edb
bf41400b
3c29403c
bdb73fdf
4033be96
3da3bdb2
403e3fbe
3fe7bedc
bf764030
3fecbf39
3ea73f23
3f523fe0
3fc4bedd
3fc94016
3f953f74
3e7ebf5f
3f15bee5
3eb53ec3
3fb4400e
3fc63f83
3f81402a
bf7c3ddd
3fa2403a
3eb53f45
3f7a403a
3f523fc3
40153fe7
3fedbf1b
4015401f
be903f83
401b3f11
4017401d
be51bf73
40333fcb
3ec93fe6
3e024025
3f84400b
3ffa4033
3f33bf3c
3f184025
3fbebe87
3f7b400b
3f8dbe32
40023f5c
be603fe0
3f9cbecf
c5d83f1c
4015beb8
40004017
3f6f3fa1
400d3f95
be103fa4
3f923fcf
bdab4017
40173f9e
bd354008
3e3b401d
3f23400e
bda5400c
bf08be25
3f97be9d
3faf3fd0
3f8f400d
3fa53ecf
bf554023
40394002
3ef8401b
3ef9bf42
3fa73f2b
bdd13f00
40333fce
3fd0bf7c
3d30bf02
3e2e403e
3ef54023
bf164031
40143fd4
401cbe48
40143db7
40333fd9
bf673f3c
4028bce7
3de2bf78
402d4026
40244014
3edf3fca
3fcf3fc0
bf4d3f0c
bf2c3fb1
bf3b4014
bedfbeb4
bf2e402e
400a3e3b
4012be0c
bf20400e
bdaf45d8
40034030
3dbe402e
3dc2bf36
3f8a3ff1
3f2dbf2d
4000bf39
3ccb4023
bee2bf1e
402e3f27
3ff93f86
40273f67
3f113fad
40173f11
3fcd3fbb
bf75402b
40184009
3eb03ed5
3fafbe96
3f3e3b8a
401cbe31
bf074018
3daabe98
40033fd1
b9944007
3f3f3fde
40123fdf
bed3bed7
3ff2be70
4027bf4a
3dbe4003
bea6befd
3ff3bf4e
403fbf38
be65bf44
3f85400c
400bbecc
3f8f3fa6
40204022
3f1c3f11
bf6c4012
40303fd8
3fbabf71
3fd7bf6a
3e8f3ddc
3ff1401e
40223e22
bf5f3ea9
c5d84018
bf3c3f85
400fbe3d
be3a4038
3fb43f88
3f1f3ed4
bed53f3f
bf203fab
4006bf7a
bf193f90
3d80403e
3eb6bf15
40283fb2
3fe03fe3
3f82beb2
40023f19
befc3f58
3f8d3ef5
be37403b
4037be99
3f4c3dde
be19400f
bad23fbf
4025be8d
400a4034
40173f76
3ead3fdd
400dbebf
3e663fba
402c4023
3ff73f2a
401cbf33
bf073eb8
402d3f6d
be77bf17
3fe73f51
bf504003
3f093fd0
be5d401c
3ec13f77
3fc0bd76
3f43400b
bdae3fce
3e823ff7
3fcabf0c
4033be92
40103f2d
3fd44003
be973fb8
bf1545d8
402e3f2b
40373f12
bdcd3ff9
3fd33db4
3fa8bf30
bf3dbf2d
3fcf403c
3fa4be32
40273f26
3f583f66
bf533e69
40384015
40323f00
40293f5d
3f5dbf0b
3ffb3f45
3ff1befd
3f8d3c45
3fd4403e
3fd63a80
3fdfbda9
40363f8b
3ff73fd9
3eacbe53
400f3ffc
401c3cfb
3e05bbee
3f293f5d
400f4030
be9a4017
3f1b4030
3f4a3fe4
3de24030
3f794026
3ee0bf5e
3fbcbed8
3ed8bf65
401fbe84
40243fd6
3f8c3f12
3f9f400b
3fdd3ff0
45d83f6a
bf4ebd59
3df83fab
bf724008
be934025
bee9bf6e
bed33fb6
bf39bf64
3f9cbd33
3ffa3fbb
3f743ffd
bf2b3fbe
3f9a3f97
bf523ea9
3ec0bf75
3fa23f3b
bde13f17
3fe93fc0
3fe4bf57
3d90bf08
402a4009
be83bf1c
40163fa3
3e25be79
bf154017
3fb03ff1
4017403e
3edbbe78
3fe9bf26
4027be94
bee6bca4
3e403ea9
401f3dda
3f0e4036
3fbe4034
3ff13f65
3ebb3fcc
3f373e0a
3f6e401d
3f633f63
bd1b3f8a
3ff93fea
4022403f
3f354032
3fe9bf22
3d58beda
bf753e31
3f5c3f43
bf7bbef5
3fe3c5d8
40284017
40083fe4
bea5402b
bf263e2c
bd7e403d
403f3fd5
3fa1bf63
be0a3f01
bf29bf1c
403e3f00
3f333eba
40084013
3f9e4032
3fe83ee9
bdde3fd1
3de43ea1
3fee4032
bbe6be3c
4017be60
3fcf403a
40093f10
40083f75
3f4b4022
3f773f5e
bd9dbf2f
4037bf54
40074021
bee9400a
3fcb3f65
befa3eba
bf47400e
bf1f4003
3fbe3f8e
3faabf56
3f803fdc
3fe43f78
3fe4bf57
402c3f98
3f98be5f
bf7a3fb8
3f8f3fbd
3f9d3cd4
40043f04
3ef1be9b
40274014
40213f37
3fae3f20
45d84007
beaf3f18
3f1f400d
beedbf2d
3f91bee6
bf13bf7d
40104008
3fadbf54
bf534027
3ea23f9e
3feabf2c
3f813eb3
beab3f52
400abe7f
bf243e92
3f943ece
3ea04023
3f333fe1
3f753fcc
3fe03dbc
40343eee
be4b3f1c
3f983fd7
3fe4bdcf
40374016
bf0b3fe1
4024bf3e
3fcbbf69
be963ddb
befbbf1d
3d9bbf2a
4015400a
3d75beea
3cb14000
4013403d
40163f96
40143ef6
3fd2bf0a
bdd5bf4c
bc9bbf10
4036bf1a
3f313dd0
bed0be06
be6dbf74
40343f0e
3d95bf55
3ee3402b
3f874037
3f7f3ea7
bf3dc5d8
40143ed0
40274020
3fe93f68
402fbf40
4018bf12
40193e95
3f48402a
beba3f65
3eca3e20
3fe1bf43
3f533f0d
3fd13fce
3e2b3ec2
402e4009
beb33e5d
3f583fec
400c3f67
3fcabe26
3f033f44
40303fcc
bedfbf14
40383fd2
3fa53fa5
3f20401f
bf6ebf1f
bef53fec
3fbcbeaa
be1d4012
3ffa3f57
40153fb6
3fca4038
4017bea7
40403f18
3f3c3f99
3f47be9b
bf774029
3fa1bb69
3f183f66
40273f0c
3ef0403b
40023f33
3fd6bdc7
3c693f9f
4020be95
3f7abebb
3fc4bf05
3f29bf51
45d83d05
3ec73fe3
bdef3f88
4005bf59
3f0e3f33
3edbbf2a
40273f42
bf253f15
400f3ef8
bba93fbe
bf65bf7d
40334015
3ed14003
bca34007
bef63eaa
bec73f62
3f343edd
bf503feb
bef13e54
bf193f9b
40123f0d
be653fe7
4009bf2c
3d3c402f
beef3fcc
3f9fbf00
bf654013
be3b401c
bf57be82
3f6d3fe6
bf3e3f8c
3fff3f64
400b3f70
be893f85
3f064025
3fdc3f8d
be914011
3fdc3f55
3fdc402b
4032403d
bdba4000
40083ffb
bf3e3fb3
3ee84024
40104007
3f383fd5
bde33f3a
3fa64021
bec43f71
4011c5d8
bf093db9
3d0fbf13
bf214015
bef23fa3
3e134030
bf3d3f97
40363fa8
bf2b3eb1
4037be37
3f603fc2
be733f39
be0d3faf
3fcb3fa5
beb83fb6
3f9fbf4b
40393eee
bec8402e
3f7e3f3f
bf343e92
bf19400e
3fb43f18
bf5a3f63
40183f87
be4f4005
403e3f7b
bd044025
3fc3401a
3f473f08
400abe07
3f913d72
40113e80
3f8c3fad
3f404020
3ff13fcb
3e2c4021
3fae403c
40203fc9
3faf3cc8
3ee03fbf
3f2c401a
3f0a4014
3f8c3ede
4003beaa
401e3fb0
3f9cbf7d
403d3d56
400a3f99
45d8bd68
40274023
be893ff7
3f7ebf25
3f97402a
3ea03f69
bf0f3f1a
401ebda3
bf024038
3fcfbca0
40184030
bf623e82
3f563f12
40373fd4
bd83bf60
401c3fb0
3fb84011
40173ff6
3f223ed4
beaa4007
3e9c4031
bee63cab
4038bd3f
40233e82
beb13fd1
3f844002
bda23e78
4033bef3
3f703fc6
3fd23f84
403c3eba
3f253eae
3fff4006
bf3e3f01
3fcfbf3a
3f2b3fa5
4020402a
4033bd87
bccd3ed4
bdb73f59
be9c3f04
3f493f42
3ff94030
be853e16
3e6b401e
3faf4034
bf5d3f0f
3f134015
3f0c4004
becfc5d8
3f75bf42
3f023f9d
3f05402a
bf33400c
3eafbded
3f7d4004
bea24037
3e6a3e97
bf184000
3f8e3f39
4033bf7b
3f91401c
3f403fa0
3f7d4023
3fdc3fb1
40343fc6
3faebf30
3d2d4016
3f1d3f94
3f303fa6
3ffc3e8e
400d400b
3fa93f17
3f293e21
bea1bec8
bf2abbd7
bee6beb8
4013bf46
beecbec7
3f6d3f45
3faa3e5c
bd154023
40244019
3f6c403d
3fb34013
40383ff6
3e493f8f
400a3f81
3f1e3f99
3ead4024
40033d28
3f894034
3fedbe13
bf433f88
40224027
3f83402e
3f513fb0
45d83f59
3d3c3f24
bef5be6b
beae400d
bf2ebe51
3f403f86
3fafbda9
be303ffd
3f943fa7
3fecbecd
bf4b401e
bf0d3eaf
3fcb4031
3faa3fba
3eca3f3f
bf41becd
3f4b3fea
bf743ef5
3e084010
3dcf3fbc
3ccdbecc
40383f9b
bdc73f9a
bf69be87
40363d83
bddabd36
3f2ebf71
3e853e8c
400e3ffa
3f553dd4
3f983fd9
beb6bf35
3fc23f89
3f814014
3fa4bf6e
3fb3bf33
3eed3fa6
3ff63ed2
3fe33f0b
bdbebe41
bdd1400a
3e823f9e
3f683f9b
bf063efb
bf25402b
4034bf1e
3fbe3ff0
402bbe78
3fd93f62
3fc6c5d8
3ee1401c
3fb53f70
403d3fe9
3fb93f31
40164005
beae3fa2
40033f5a
bf593f8d
3fe04009
40283f52
3f5e4023
3f33beed
bf704021
bed33fa1
3f614024
3e923f45
be463f61
bec3be4b
3f983fed
3f25bef2
3fc53fa3
bf643fa8
3effbed5
4040be49
bf633e1f
bf323d5e
3f433eab
bf5c4003
3db9be19
3fd24016
bf0a4037
bf4a403c
4013401f
befb3e95
3f9e3fcb
3e513e18
bf5c3eda
40093ff4
40343fa2
bf55bf1a
3e964015
3fef3e52
3f8d4014
3df0be0a
3eb23f64
402cbe23
402dbf78
45d83f49
40133f01
3f3f3fb7
3c0e4028
3fde3fa3
3eaa4035
be063f4b
bd23bf64
3f393df2
3fc03ff3
beba3fa3
3f7abe75
bf063ee4
3f41bf30
4030403f
3fda3fbd
3f363eb9
3ff2be87
400b4017
3f8a3f4c
3fc23fbe
3f1ebf4d
3f473f6f
401e3f82
400d4018
3fcf3d1f
3e8b402c
3d7cbf70
bde63eb9
3fe03fa2
3c6c3ec3
3d223f6c
40283ffa
3fabbefd
3fb33fca
3f3ebe34
3fa63f9b
3f653f9d
bf413fa8
40393edf
bf7b400a
40203ff5
3fa8be42
403c3fe4
400745d8
3fae4030
3e044036
3fc03edd
3f98bf76
3ffd3f1d
3f543f07
3f06401d
400b3faf
3fbb401d
3f103f5c
4001401b
3ff63f84
3f933f65
40123ff8
400c3f92
40193ef4
3ee5bf5d
bf644037
402e3f87
3f8f401d
3f5e3f36
3f22402d
be883f05
40143bee
3fb3bed6
bf06bf65
3f354004
bf433f35
3f074038
40303ffc
3f74bf7c
bf283f11
3fd33fe6
3f9d4009
3f303ff2
3ec4bdc2
3ff7be93
bf17bf60
3eaa4003
be6f3ee7
40173e8c
3dccbf77
403c401c
3f69bdfa
bf4c3fd1
4037bca9
40013e91
c5d83e80
3ffe400e
3f51bf56
3eef4012
3f913f1c
befd3c7c
bd90401a
400b3f77
3f8e4002
3fc6bf19
3f29bf18
3e034002
3f233fd1
3f7ebf3d
3f90bf1e
40233fd3
3f543fae
3ffc3f9b
bf09befc
bf603f90
bf4c3f6c
4032bed8
40063f5d
3ff33f81
be953eac
3e83be42
3f7a400c
3ff7bd4d
bf5bbebe
402f3b68
403b4012
bf3d3fb8
4018bdcd
403c400b
bf60bb41
3f31402c
4040bf10
3e423eb9
3e6e400d
401c3e16
3f9f4025
3fd03ea3
401a3f13
4011be99
40194009
3f8b3fbf
bdde402a
40394031
bd35befa
bf0445d8
3fa13f54
bf403ec1
3f963fde
3f713f14
4037bf35
3e483e27
400a3f94
3e833ee2
4001beb5
3f903f85
401fbf42
3f3e3f81
be893fe2
3fd03fd8
bece3ed1
401c4007
3dee3fea
3e694013
3ff04016
bf5f402f
3fe8402b
40303fd9
3eba3fec
bf4c3f48
bf2d3fb1
bf114016
3de3bf15
3eef3f7e
bf5b3fb4
3e383f86
3fee3fb4
3fb34040
bf183f98
bf78402d
3eec3e9e
3fe64002
3faf400f
be9e4032
40284036
bf0bbf5f
bf604026
3f134025
3f0a3e7c
bf293f89
40013f54
bd9dbefc
beb73f63
c5d83fa6
3fa03fc3
3e8ebf50
4004401d
3f9d3f76
3f5fbf1f
bf783f6c
bf633fca
3f213fd4
bee3bf7f
3f35bf6b
bef24015
401a3f5d
3eba3f80
3dddbeaa
4002bf28
3e103f83
4039bdd9
40314039
bf5c3f9a
bd373f5a
bdfebed4
40173f0f
40113f56
bf424034
403c4035
40093fb9
3f583f85
bd0c3fea
bf333ecf
3f7e3f98
3fe84037
3e873fe9
40343fe6
4030beb6
be4ebf11
3ee03f99
3d3a3eeb
402e3f69
3eae3f44
3f45400f
3fe44007
3e6d4040
beb1bf18
3fd4403a
3f9ebece
3ed3be3a
401bbd3c
400cbf4a
3f9645d8
3fef3e92
3fa5402c
bee03f0f
40133f7f
4035bdc2
3ff94016
3f8e3f21
bf2d3eb0
bed23f79
3f9b3f27
401f3eed
3f80bf37
bf1c3c7b
4029402a
3fcb4029
3ff6bf32
3fae3fae
be514011
40063eb9
3f81403d
3f653f01
401a4018
3fb33fed
3f9dbece
bdfabe80
3f663ea5
3f2ebe09
3fcc3e8f
3ff23f96
3f1f3ffd
403bbcff
3f69bd7f
3efb3fe8
3fcd3fcf
bf7dbe4d
3f8f3fd8
3f9e3fba
40283e9f
3e813fba
be333ff3
bf1f400e
40164020
401a3e02
be0a3f75
bef3bd4d
3ec7401e
3d8c3feb
c5d84009
40123f98
bf113dac
be2d3f6d
be994033
3fac3f87
3e583f0f
3f9b3fd3
3fd23fde
3ea7bf4b
4016bf71
3fdb4027
40023f04
400e3e86
bf343fe3
4017be8a
40184019
bf383f59
40373f4b
402a3cae
bdfc4020
3ebc4012
bdc4bf3b
3f033f62
3f9e3ef5
bdb94002
3f9f4017
bf44be21
3ff64007
3e553fc2
be963f62
bf3f3fff
bddb3ff7
3ff1bf7e
bf343ef5
3f8c403a
403b3ffd
bf03befd
402b3f28
40313f86
400f4027
3e2c3f96
be5c3f52
bee93ff0
3f503ff0
3ef74034
400e4029
40233fc8
bf09bf19
be8045d8
3f464023
3fef3de4
400f3eae
3e5a3fc9
3f593e7c
40093ee7
3f7b3f86
3dbe3fb8
403f3f8a
3fb43ff6
3fe43d12
4034bed3
bf7d4035
3f664013
bf2d3db8
3f9b4023
bf43bf52
40103e09
3d8c4002
bdeebf5d
be414016
40313f68
be8c4039
401dbf68
3fe43f9b
4008400e
3fcbbf32
3ff03f8a
401f3c5d
3f003fae
be8d3ffc
3eccbf18
3ed04029
3fb83fde
3e06beea
3e253df1
3fef402e
3f863f7a
bea03f81
403a403c
3fbf3f83
be073f97
40123c53
40143f02
3f374011
bea44016
bf083d46
c5d83ec4
3f26bf21
3fd33cb5
40354005
bf694004
bee73fcd
bec8403d
bf153e13
beecbf45
beb53e89
4027bf0c
3fea3ffa
3f12bf02
3f8a4008
beabbf64
3fe23fb7
3f993f3a
3f49401e
40293fbb
40153ead
403f3fb9
3feb400b
402b4005
bf6f3f9c
bf244031
3ffb3fbf
3fa73ff9
bf60be82
3f803f58
400e3edf
3f063e81
3fdf3e73
be62bf4c
bf3c4037
40103ff8
3fd43f85
3e4f3fd4
3fa33fa9
3f063fe8
3e593fda
bf77bf6d
3dff3e1b
bf153f78
3f6dbf68
403a3e83
3f493fab
bec24028
3ff93fd6
3f9d3f9c
3fe445d8
40394023
40183f4e
402f4012
bf423f9d
3fcf3f9b
bed3402b
4005bf74
bea9bf7d
40174013
402dbd98
3f9e3e51
401b3f8c
40173fa8
be1a3e61
3da44029
40163d95
3e38403a
bf71bf46
3d88bed8
40183fd0
bf133dbf
bf25bf3c
3ff3bd87
402ebeff
bf243d83
3f973fde
3f383fe3
be8f3faf
401e403e
3f033fba
4033402d
3ff6bea9
3f7a3f91
402abf29
4033402a
403b3fc0
3fce3fd0
3f893fe4
40013fd3
3e8c401a
be9a3f0c
be8dbf7f
3ea54035
3fe3402e
be9b4017
bf3abf67
3f7abf73
c5d84031
3fecbf63
4016bea5
3fdd3fb4
3fbf3f2a
3fa84040
3ffbbec9
bf484010
3e36401d
be90bf31
bf094037
3f12bdd5
bee33ca9
403d4016
3f97bf19
4017bf23
be9ebe13
4009be97
40223fdd
402d3eed
3ff5bf02
3ffd403d
3ea24029
3f0ebf45
3f0cbf3c
3fb7bec0
bf31bc87
402ebe1d
bf22400d
401b3fb5
3d25bf71
3e43401a
3f99bf16
bec1bd07
3f793f73
bd703f98
be4abee2
3fe13f0d
3c9f3f4a
bf0e3ea7
401c3f5d
3f3b3e99
40383fd1
40083e15
4029c5d8
bf1ebe9d
400fbf09
3fa83f5f
3f753f00
bf5b3f6b
40113f43
bf2a3ef4
3fc23ee9
400b3e5f
3f113f65
400cbe71
4034bcf2
3e7d3e59
bf7e402a
3f913ee8
3e874017
3f9c3fa0
be3b401e
bef53f5f
3f913fcf
be653e7a
3f193dcd
bf4d3f21
40163f96
400d3f96
bf303f8c
3efb4023
3f834009
402a4022
3f093f20
3ffd401b
40343ef3
3f3b3fd2
3fc93f86
3ea74017
40073f88
bf653dad
3ef83faf
3f393f71
3fe8bf25
402fbd0c
3fbf4030
3efc4029
be613fcd
3fed402e
3fc0bf29
3fbd3fca
45d83e06
4032bf5c
bd0b4040
3ffdbeba
403e3eb2
bf52befd
bd443fbb
3fd13f9e
bf223e0d
bf243fc4
403f3f37
3f7d3ff2
40203f0b
bf5bbebf
bf5fbe9e
3f83bf7c
bf6ebf6a
3f2e3f98
3fed3faf
3f1a4018
40053f84
3ff7bf12
bf673ffe
403f3ffe
402b3fc0
402e3f46
bf073f42
4032be02
4033400b
3fd53f89
3f4a3f97
bf1e3ec7
3f203f9f
3f88bed9
bf11bf08
40243f8f
3f3e4027
400e4003
bed84034
3faa3ef6
bedebe65
3fe1bf24
402c3fb2
bf253f49
3ebb3fc2
bd5a401d
3f9a3ff1
3fac3fab
40233fd0
3ff3c5d8
3f21402d
3d443f07
403f3fe9
bea94017
3fb53f9d
4007bf66
40164030
3fc13eda
401f403c
40294010
4035befc
403bbf2d
bf2f4019
401b3e6a
40123998
3f44bef3
3f04beed
bda43f90
3fafbf53
3fef3f9d
3f66bdd0
bf5a3fd1
bf213f1d
bf083fc9
40093e93
be963ea3
3fbf3f9b
401b3e84
3fb63fd7
3fc13e00
3fdf3ff7
3fd03fde
3eeb400c
bd183fae
3fbf3d42
3fa23fd4
3fbc3f2a
3ffb3fc0
400e3e9e
40153f79
3f8e3cd3
bf39bec3
bebb3f55
3f554009
4014befe
bee73d19
bf1a4038
45d8bf32
3fe03fd3
beda3fa2
3f143fae
3f833ec9
bd443f7e
bf2e3f5a
4032bf35
bf713f73
3f74bf1d
3f363fdd
400e401a
bf184023
bf31bf25
3fb33f2f
bee0401b
bf1dbf22
be1bbf63
3f484032
3d593f65
3ff5bf2b
40263e23
3ffabe4d
401b4021
4008be7f
3e933f66
be8f3f74
bf283f9e
3ef93f19
401f3f56
bf124024
4009bde4
3fcc402a
bef1403a
3f88401d
3f903f73
3fb1bd10
3dac3f96
bf293faa
3f07bda6
3fd53fe9
3f933fcc
3fa7bcad
bf283db7
3ef93f50
402e3e0d
3e253f78
bce4bd49
3fe8be9c
401cc5d8
be06bf36
40193ef0
402c3fec
40364017
3fdd400a
401bbf62
3ef63f21
bf2c4004
3eba4039
bf514026
3d813ee7
3f2b3fcc
40103f3b
3fbfbec4
4020bf41
be06bf26
401c401b
bef4bf73
40253ec1
3ddd3fa2
3f64beed
400abe13
40163ffa
bf0b3e18
3f77beea
4033bedc
3f67bede
3de9be02
3f353be3
40094009
be283f85
3fb93f7c
3fd8bf5c
3ff03f5f
4009bf37
bf003f58
3e56bf57
3f91be2e
40014003
40283f42
3ff53f7c
3f923fa1
3def3e78
beb3bf80
40303f33
3fec3dcc
401b3fd4
45d8bf57
3f993f31
40373fc9
3f81400e
40234017
3f76bf5b
40024037
4012bf19
40283fc5
be533fc7
3d813f60
bf123f95
beaf3d14
3ea93e8a
3ffa3eb0
3f013ebb
3fa53fb4
3f293fc1
3fa53ff1
3f0dbf18
3fef4010
4030401e
3ec2bf0f
3ecf4008
be763f81
40113f92
bf633f8e
3f314015
3fcb3ebb
3fa03eac
3fb14040
401b3f4f
be1b3e83
3e873f38
bf784018
3f79bf39
4022bec7
3ff43fe0
3fee3f31
3e8c3fce
be8ebed8
3f814022
401c3f6b
3f6f4010
bf0a3fc0
3fab3ff9
3fbc3f9d
be8abf3e
bf103cec
403dc5d8
40174026
bdfb3e12
3f2b402d
3f143ffb
402b402f
be9c4017
400a3f84
3fa24018
3fbcbd8e
403ebd82
3ffd4004
403b3fde
3fc23c74
3fd2403f
403e3ffa
402e3fae
3fe34026
3f474012
4006bf27
bf2a401c
3e9e400d
3f114027
3f933ffd
3f68be26
3f0c3f47
bda43f91
3ec93f8b
401cbe93
bd64401e
3e76403d
40383f22
3f1f4014
be533f8c
400ebf62
3f0e3dc6
40203f39
40283fdd
3e85400b
3f9f3ec5
3fd5bf25
4018bf37
3f893f91
40393faf
3feb4036
be013fff
40023f00
bcda3fe1
45d83f76
40083d8f
3fac3c99
bf6b3f23
be82bf50
4023bec4
4016be32
402c3fee
bee43f8e
bf3b3e58
becd3ecf
bed73f02
3fcbbe1e
3d37bf58
3eec3f04
3f763f88
400f3f21
bf1ebed3
40323c6c
3f6c3fd3
bf113f4a
3f12be19
bf7a3f66
3f323ebb
be803efe
3fc83fbd
4013bf2c
3f47bde6
401c3f19
3fd4bf17
bf1b3e8b
3fa13eb6
3fb5bf70
bf0f4030
bf6a3fc0
3f23401f
bf5c3f2d
3e993e5d
40253ea0
403d3fbb
403f4020
bed0bed9
3f0e4015
beaabde5
3f39be34
bcb4bf73
3fea3edb
3f1d3fec
3f6e3f21
be7bc5d8
bf7b3f71
40253f81
bf1bbf34
3fa73f8d
bf223d3c
40183f97
40134037
3fc53ed3
bee43f82
3ff93ebf
bf4b403a
3d214027
402d3f50
3fa43fe1
3ea13f3f
3fa63f04
3a92bec1
40333f99
3fc73d7f
3f163f9e
3f094023
3f81403a
401b3d52
4027bf09
bf70bf59
400a400e
3f874038
3fe93fdd
3f20bf21
3f1c3ff7
4020bed7
4003bf48
3ee43f05
3f89401d
3e8b3faa
3d453ebc
3fba3fc5
bf40400a
be92bf30
3fa03f8a
401e3f89
3fd9400b
bf3a4026
3f803eac
bf804037
be8dbef7
3f9b3f7c
45d83f56
3f293fac
bd703fa8
3e2abf62
3ec3bf3a
3fa6befa
402e3f85
3fec3fc7
be103f5a
3ff94008
3fca4038
3fec3de7
3ee63ff4
3f9bbc9c
403c3fa8
3fe7bf0e
3f813fb5
bf013fdc
bf074017
bf504029
3e523f6a
3f863ff3
3f4e4002
4016400e
3e244002
3ee5bf75
4025bef5
40044027
3fa94033
3f5e3fbd
403a3fe2
401e3f8e
bc80bda0
3fe2402c
3be1bda0
3f4d3f0f
40263e84
3f134010
bebf401b
3db43ee6
403fbf09
3ce13fe2
40154011
be13bdd6
3f0ebee4
3f5a4013
4038bf34
3e31bf38
bf2bbf30
4008c5d8
3fb43d34
4015bcbb
3ffebf73
bf434012
3f043f94
3e2fbefb
bf37beb7
bee63fde
3f743fb3
401e3fbc
3f82bf39
3f763f8f
3f703f68
3f7b3fb5
3dbc3ff0
40113f87
bf62bed2
bf683f10
40203c0b
4020403d
bf4b3f30
40343f99
402d3e25
3f8a402c
3fec3f26
3f303f58
3fc73fe8
be454027
be244013
3d98be61
3f2a3c47
bf7b4027
3f6d3f75
3f52be85
40033f14
bf784000
3f47400f
3e2abe47
be824016
3e973f42
bf103f3e
3f9b3fd2
c5d83f90
bf363f06
3fc63fcb
3f893fd1
3faf3f6c
bf313f3e
3e353fd5
3faf3fec
403f3fbc
3f95bf30
bf473fc4
401b3eee
3f1d3fd8
bf033f94
3ebf4018
40153eab
3ebf3ffd
3f67bf0d
402d3f9f
bf394011
3fac401c
3fbabec3
4000401b
bf794034
40203f41
3f0c3dfa
402e3eaf
bf69bf38
3fbf3f9c
3fc73fc0
bf2e3f97
beca3fa1
40113f03
3ea44032
3f453c6c
bf4e3f5e
40033e29
40393f78
3fe94008
bec73ff8
4023bf6c
3fb84020
3e7e3f4c
401b3fac
401b3f1d
bf74400e
40253f96
3eea4029
bf803f8c
401445d8
4030402e
3f9b3fb9
401d403e
3ef53fe7
3ed43fda
bb98bf54
3fdf403c
be334030
3f503f02
bebf3feb
3f444030
3f9e3ffb
3f33be1f
40343ff3
3f203ee5
be4a3e7a
40273ff6
3fbc401f
3f7e3f9e
bd5f403a
3ff23fa1
be7a4028
be8b3fdc
3ff4400f
3f4f401e
3fc83fd1
3fc63f71
3e86bf09
bf634026
40243e9b
40123f1e
be9abd1c
3f1a3f45
bf2b4039
3fafbe85
3ea03f84
40354000
3fb4bdc8
3ef6bf4e
3f8ebf68
3ff03fb1
4034400e
3f1b3fe2
3fcc3fce
400a4022
bf763f59
402cbea3
c5d8befa
3ff2bf12
3fce3f86
3c544005
3da2beae
3e543fce
3fc04033
3fbfbe9b
3fac4003
40053b1f
3fb43ea4
3f883f90
3f99bf50
40313c93
bf463d84
4014bf21
402e3fae
be49bddf
3ddc3f82
be253fe8
3feb3f2a
4003bde5
3f8a4016
3f81bd51
3f813f1c
3de53fa3
3fd73f5b
4002be13
403d3ea7
bf1fbf71
3ee13fbc
bea1400c
3f45bcb6
3fe04006
3f31400a
4015bf08
bca8bdb8
3f743fd0
3ddc3ff4
4026403f
bf3d3f6f
3e10bf78
400f4000
4039bef6
40263f11
3f763fe5
403a3fd3
bdbcbf1d
3e4dbe9f
3fa745d8
3d43bf10
3fec4018
3fb03d85
be79bf4e
3ea5bf1b
bd213fb3
3ea14015
3ff13f1e
403c3fb1
40263f9f
3d673f56
3fe73ff1
40083fab
4038bf3a
3fca400b
3fecbeab
bf273e01
40243fd8
402c3f50
bf043ece
3f7d3dc8
400a4036
3f5b3fe6
bf483ed0
3eca4028
3fa0403b
bda03ff5
402a4025
3fea401a
400abf67
3fac4032
bf274019
3ddf3dba
402c3f6f
bf083f6c
bf7a4024
bf623fc4
3ff44029
3fdc400c
bc983eae
3fad3f64
bf0ebeda
bee4bf5b
4021be8d
40203f58
400b3f40
403abf78
c5d8bf64
400fbf57
403a403b
bf493ff4
bf113f03
3ff43faa
3e63bf45
3f883f63
4026402d
bf573fa6
bf14bf19
4013bc9a
40313ed3
3fd13f29
3d633f77
3ffe3e83
3fa34002
bf5d3ee3
4027bf66
3d733fd7
40334015
be953fd6
3fb13f92
3f854004
3fe2403b
3fe63d07
bf26bf57
3f8e3f0c
3eb73fac
3e9abefd
3e72bd06
3f68bf72
bef23fc0
40063e3f
3fad3f9e
be063fe8
3f94401d
40303e5b
3ff93fb2
40213fed
4004bf30
4024403b
3ff4bed3
be374008
3f533f87
bf6c3fac
3f86bf4b
4033be06
40063edd
402f45d8
40224038
40074032
be703e1e
3e9b3fc7
3f813eab
3f8ebed9
3f12bf65
3eaa3fa6
3f063fa5
3e0c4024
401cbec9
40394006
3f013f93
bf113fff
3fed3fda
3f40402f
3fbc3fed
3f853f20
3e2a3f20
40153fd4
3f8fbe42
3e86bf5d
3d623f78
3f573ed4
40124020
beb33faf
3f87be80
3f1abf7f
40173f58
3f603ff6
bd66bf12
402e402b
3ebe3ed2
3f7c4027
402e3f57
beec3e8a
be30403a
40303f82
3fce3f49
be173ff5
3f9d3d9d
4009bebe
3f3c3fef
4019403b
bf383ef8
402bbdb9
bdb24012
c5d83f8a
3fa43f60
40083e83
3f9c402a
403d3f3d
401dbed1
bec64005
bf373fc1
3f6c3fd9
be053fdb
3f9b3e94
400fbea2
3f244024
4014bc36
beaabedc
3fa1bf1b
bf18becc
bcabbe10
bd0f3f04
400dbf70
bf293cf9
40123fc4
3f6a4035
bdf63ecc
401b3ec4
40124009
3fab3f44
bea14030
3f473dee
3f9f3fed
3fd44015
3f4e403d
beab4018
3ff13eb9
3feb3f4f
3f974018
bf443c31
3e903fc9
3f963f16
bf39400c
3f3c3fde
bcce3ff1
3f9bbf7c
bf503ed1
bf7f3a99
3e053f98
bf1c4039
be77be16
3e58402b
403745d8
3f0a4001
3fba3f46
3f8a3f64
402d4037
bf453fa4
4035403a
400e402b
4035bf50
be543f4c
3f9b3fd3
3f413f1c
40343e18
3fb3bf63
3f71bf4c
3eafbda0
40223fe3
3fca403c
be2b3ff3
3fb43eca
bf33bf24
3e954030
3f05bf67
40394020
3f523f31
3f923cf7
3f95403b
40323e79
bec1bf6c
3f6b4016
3fa1be32
bf2dbf7c
3e2e3e4a
3f553f7e
400d3f93
3f323fbe
3ffc3f98
bf64bf08
be804018
3f764005
3e143f93
3f3ebf37
3f29bf27
3fdb400a
3f703f94
bf513f43
bf1bbeaa
bf46bf22
c5d84035
bd2c3f7e
bf383f6d
bf174013
3f753fa8
3f21401e
3f9b3faa
3e8b403d
4002bf4f
bf4e3fb0
40133f8c
be9f3fbf
bf1e3f03
4016be7d
3fbb3fb6
bd74bf16
3dde4014
3f814002
403d402c
bf004018
3fabbe2a
be27403f
bc73403c
bf183db8
3d5f400c
be643f81
40373ebb
3f64be82
40063ecf
3f6e3f13
3f6b3f3f
40064020
bf593f7f
bf363fae
be434039
402e3d79
be874009
bf193ff3
3f2fbf29
3f903d66
bf4bbeca
40373f0f
bf4c3ed4
3fb7403c
40203fb7
40043f7c
3ec93f41
4003400d
4029bf44
401245d8
3f9b3f3b
40153f5e
3fa43fd9
3e90bf2b
401c3f94
3fb8bc99
3fa93e80
3d97bf15
3f0a4025
4011402e
3e4e4007
40373e2d
40364013
bc82bd86
3da43ff9
bf033eac
3f414007
3cc93fb6
bf753fcf
3f483f2d
40073f7b
40183fe8
3fca3e33
bee13faf
403ebee6
40393ff0
3e503f8b
3ec24038
3f86bd10
3fa94026
3fd93e12
3f7b4037
3eb83ffc
be98bed4
3fb23f87
3f4d3e4f
3fee3fad
3fa54039
bde13fcf
40054034
bf134000
3ef13f9f
bf26bcad
3fec4025
3fee402d
befdbdf1
40144012
c5d8402e
3e463ee6
3f9a3f99
3e15bf6c
3f413fc6
40283f35
3f5f4033
be91403f
3fbd3f10
bf1d3ffc
3ff63f01
403cbe9d
3ffc3f81
3f323ffb
402e401c
3fc53f7a
40063ffd
3f583fe5
403ebf02
3f523fa5
40234037
3f063fd1
3d574001
3fc94038
3f683f96
40173eaa
3ffb401f
400c3ba6
bea13fee
bde8bd77
3fc4bd97
3f8fbeab
bed5400a
beb7403a
401bbea6
3d303fbe
3fae3f28
3e674019
3fc13eed
3fdf3f11
3f80be8a
beb23fe9
3e384023
3e663edc
3ff7c5d8
bf373f00
3f9d4002
40284018
bec0bf6e
40373f11
400e3f93
3f86401a
3e093e2f
bf0d3fef
bf5b3e08
3f2bbe02
3ff33fbd
3f584017
4009bdd5
3ff03f21
403abeb7
be1abe10
3ffa3fb8
bf753d7e
3e4abec6
3edfbf1e
3f38403b
402abf4a
3fa23f8a
40063fa7
3f643ec0
3fc43f1e
bf52bf26
3fcabee4
3fe03f37
3f58befa
3fe83fdf
3fbc4012
3f58be83
bea94013
400d4025
3c823ee1
beb93ed2
3f9abf09
3fa93f91
4020bf6b
4031403d
bf65bf27
be513f7b
4013bf1b
beb83d80
401f3fb8
45d83fe8
3f963ee3
40223e25
bf7e3e50
40173ffe
401a402c
3f0d3d97
3f9abdd1
3f5f402d
402bbf55
bf54402c
402c3ec1
3fa5bf5e
3fbdbf25
402b4001
3e823f08
40303f6a
3fbc3f30
3e7abf41
3e6f4004
402a3f95
402fbf2d
403d402f
3ef8bf1d
bf7f4002
4025bf5a
3ffd3e1d
4029bf35
402a4010
3fb6bf57
401f3fc9
be8b4019
bdc63f5f
3f883f8d
3f09bec8
bf1bbe46
400f402a
bf253f6d
403c4006
bf2c4023
4024be9a
bea93f93
3ffd4028
401cbea7
3fe94016
be083fab
3f233e20
402a4015
403c3ff1
4014c5d8
40123f60
bf784016
bf063f1a
bf4ebe93
3ec33f5e
40304025
401e4024
3f023ffb
3f713fea
3fdf3f32
3fe53fc8
3f673f4a
40144025
3f01be28
3ffa3f8e
bec73f23
402dbf60
3f2abedc
3f9b3cf8
3f47400c
3fef3fba
40113f0a
3fe93fa4
4031bf26
3fa73f4f
be3dbf34
40074016
3eb54036
3da13e61
3ffc4010
40184021
400f400b
3fb7bf3a
bedb3ddf
3efdbe64
3fd53fe5
3f1e3fd6
3fa2bf3a
bf1dbea5
401fbe87
40303ef6
4024bf17
40303fb8
401c3f0a
401d4017
402f3ed0
3ddb4038
45d8bf7b
bdf94037
bec54019
4023bf08
400f4014
4028400d
3f8fbf3c
3cd44001
40083f15
bf0cbe5b
3f823e06
bee03d34
be003e8b
3ffb3eab
4010bf55
3fb8bf00
3f153e8f
3fcabe39
3f84402d
3e013eef
3ff93fb6
3f51bf4a
3fd9403b
3e133e23
3f8b3fab
3f3a4032
402cbef2
403e3fef
402bbf67
4038bf30
3e99bf43
3ebfbe06
3fc4bed7
3fe73f0d
3f60bf5f
400b3ff3
3f86bed5
40043fe4
3fb13f94
3ff63fbc
3fd4403a
40043fb1
3f8d3fc9
40103fe5
40313f16
4012bf0d
3eff3fdd
3d1c3fc8
3fa73fdc
bf36c5d8
3fce3ea4
bf12402c
3f85bebd
3fe23fba
3f933f9e
bf203eb4
3ec34031
3fd6bf21
3fc53ec7
3ed83fc5
bf7b3fae
402c402d
3fdd3f5a
4009bf53
3f503fd0
3d713cd2
402b3fde
3fbf3f99
bf0d3f5a
402f403c
3fdf4037
bf4f3f8b
4006bde3
bf083fff
bf5fbef9
3fcd3f8e
bf0f3f82
40223f90
3e353fd6
3fd93f87
bf753fcc
bf65bece
bf03400b
3f5fbf21
bedc3f8c
3f863fc9
4007401d
bce74033
3fe3bf4e
3fbb3f71
bf243e6e
bebbbe27
bf6e3f59
3fd13fb3
4000beee
3f3e4016
40293fa4
45d8400c
bf313fd0
3ffbbdee
bdb04036
3ee9401e
3fc34020
bf16401c
3f8d3e37
bd82be82
bda43f26
bf7f3e38
3e963f2b
3e9e3f52
3ee44003
401e3efa
4016bf35
40363fd6
bf5f400d
3f73beb8
bf543fab
bedb3ffa
3f293e95
be434037
3fcebee3
bead3ea1
bf4c3ea7
3db13f65
402dbf70
beaa3f87
3d8e3fd3
3f64bf10
4035beed
3ffb3fe3
400a4009
401e400f
3f3cbe25
bf2dbd98
3e4c4037
3f7abf63
3fc4402b
4015402b
3f78bf3a
3fea4040
3f68bef9
3e3bbf5b
3e034014
bf473f85
3f39bea9
3f8fbf4d
3fddc5d8
3ff33ee0
40083eaf
3e7d4021
4002bef5
3f94beda
bf243fb8
3f124000
40204019
401ebedc
beb5bd1b
3f9b3fab
3f483f89
3f023fde
3fe8bf33
bf3dbe9a
3fa03ffd
bef53ffa
3fa83fba
3d863fc8
3efc3fad
402d4012
403dbf7e
3fdfbf54
400c4019
4018bf0f
402b3fa4
bef4bf7a
3f853fbb
40283fbf
bf6d4026
3eaf3fcd
40063fc2
3f95bf2a
4004bf27
3e194036
3dd1403b
bf583f7b
3cdc3d48
3c33bee4
3fb03fd2
402c400d
3fa8be0d
3e7a4013
4038bf06
4032bf03
befb3fab
bd174021
45d83f25
3fa93f2b
3f26be14
3fcdbf60
3d053f56
bf183e21
bf493f72
3fb8beae
3ff1bd9a
400f3ff9
3f693f34
40213fab
bf35beee
be41403d
40114038
be6cbf6e
3f58bf1c
3e283fdb
3f65beea
40173f30
3f41bd37
403c3fd7
3f45bf20
bf05bd2c
bf273f83
bdb34008
3fa9bf04
bf203fe3
3e713fe1
3fe64002
bf573ffc
bdb2401f
40333fdb
3ffebf1a
402e3fd1
3ff0bf0f
40033e3f
bd943fcd
40044030
3fe83f9c
bf2f4023
bf763fc7
4015403a
400c4033
40174035
3e84bf50
be5a400b
403d3fd4
3fa63eb0
3fe2c5d8
4007becb
3ff53fb2
403dbedd
3ffd4035
bf2e3f4a
3fe43f18
40213f3b
402a3f31
3f973fe1
3fdd4005
4002beba
4010bf4f
401fbe90
3fca4037
3fe6bece
401f4035
402bbf1a
40254012
beec3fff
3f9b4018
402fbf0c
3f8a401a
40213fc3
bf01400e
3fad3f98
be0dbc08
bf733fbb
4027403a
bf503f77
3f45402d
3fb7bf44
be184028
3f02bf58
3f803fbb
3d4d3fa2
3f223e63
bef74031
be8a3f5c
befb3f90
3f153fa1
402b3fca
403c3f2f
3fe64007
3fd1403d
4016be9a
3fda3fa7
3e463ea1
45d83e1c
bf233ff9
3fcf3f61
3fb13dc0
bf193fad
401dbe8e
403fbed1
be90401e
be5a3f6d
3f9b402c
3f6b403d
3fbf3fa8
40293f2f
3f884017
3fe83e36
3e32bf7f
bebf3f2b
3fd03fea
4024401f
bf16bf6d
402f401f
bef7bbbb
40213fbd
4036400c
3e84bee6
3f273f62
bf64bf30
3f923fe7
3eb7bef2
3f323f04
3e5e3e0b
bf3f3ff3
4034bf4c
bf4abe2e
3f2c3de5
3e663f14
3feebf14
3fde4037
3fe8bead
40213fd8
3f91be02
bf3c3e6e
3fc04028
4034bd82
3ec045d8
4012bf74
bf7d403e
3f9d3e6d
3f24bf51
3ed93fa4
bf78bf55
3f2b400c
4010bebe
402d3fd1
3fb73f5b
3f20bee7
3f1ebe26
3fa3bf46
3ffb3f8d
3f60403b
bd143f26
3ec03ed8
3d2bbeda
3f7a4015
bf373ec7
3f533fc3
40103fea
3f81bdd0
3f88becd
400f3fe9
bd0fbf6e
3e5a3fc6
401e3fb7
3e84beea
3e944007
40083f94
402fbf10
3c773cef
3e513fee
be694038
4019be47
bec2400e
bea5401d
3f863f4a
3ef2402b
3fcfbf12
4026bf38
401b401d
3f513fcd
bf43beba
bf7a3cd0
40164009
c5d83fd2
403bbf32
402e3d08
3d964002
3f913f9c
bf59bea8
3eef400c
3fbb3fa4
401c4000
3f2e3e43
3f654011
bc084010
bf6c401a
3fb63f9c
400c3f06
4007402f
3f36bf61
bf1c4028
3ea6402d
3f92bf71
3f914005
402d3f86
3f573ef3
3f9c3f0c
4040be9b
3fdf3f42
3ee1bf43
4031bed9
bf454027
bef7bf10
403a4030
40133e45
40144022
bf543fa5
bf64bf5c
bf264027
3fbc3fde
3fe5400c
3fabbf60
401a401f
3f1d3ed7
bf16beff
4037402e
3eb43f4e
3fb3bf1c
401c3f6e
3f45bf3d
3f433f54
bf143db1
3f7445d8
4032403e
40193f2a
3ea5401b
beb1bf23
3f9e3f2d
3f3f3fe7
40203fc2
3dd3be82
3e713f80
4007bec2
3f923f25
bf1c4027
3ffb3f9c
bf02bec3
3da83f42
3fcebe1f
bf5fbe36
be953f46
bf193ea6
402c3e65
3e41bf6d
bf693f07
bf33bec0
400ebebc
40343fd5
3f89bee8
3d8b4035
3e213f95
3fef3df4
3fc83fba
40234001
3f7a3fb7
bf7d3f11
3edd3fbb
3eec3dcc
3e9c3f9b
3e0f4023
400c402e
40023f0b
4011401b
3fcb3ebc
40173ef1
400a4014
3fa13f18
bf58bed2
bee23f87
bf1f3f2c
c5d83fb3
3f743eb2
40053ffe
3f883f26
bf5d3e41
3f3a3f10
40033e34
3ef5be89
bf484039
3ef33f9d
3f823fb3
bd6e3fc2
3fc6bf78
3fb3be5a
3f33400c
be813e83
3ff14025
40063fab
bf534017
bf4a4022
3f3d3fba
3fb7bf80
3f453e7f
3fcb3fcf
bf0bbee9
40293f53
bf32be85
3fe2be7f
bf163f13
3dd5403b
401b3ff5
40353ffe
40203f9c
3fd03ea0
bf153fe4
be353d7b
bed9403e
3fce3f47
bf263dfe
3f0f3e3e
3ee23eb8
40354023
3fb44016
3fc5bf29
3eb64012
3f903f1d
3fe3bf7d
3d7bbf33
bd9f403f
400645d8
bf1ebe72
3fa0bf29
400abf2e
3e9a3fd1
400b4001
402c3f1c
3f7cbf69
bee43fd7
40213f89
40284018
402ebedb
4025bf51
3fb33f85
bf6d3fc4
3ff93dc3
3fdebd22
bf203f15
3f1f3f09
bf39becc
bec6403d
3fbd3fee
3f564028
4004be9f
3fe6bf51
3e83bf35
40113fd6
400c3d2d
3c953f10
3f6c3f85
bd9d3d82
bedb3fee
bc4b3fee
3ff43fc7
3f90bc9f
3fb2bf13
3d824020
403c3fbd
3e04bf4c
be613fb3
be993daa
3fce3f71
be803ef5
bf173faf
bf784004
3f483d54
be85bf6f
bf773fd3
c5d83f85
bef1bf03
40073e39
3f334001
bf253f70
bc3e3ffe
3f76401e
3ef9bf28
bf3c3fa0
beab3f70
40154001
3f5b402c
40234002
3fb3bebe
3cb74010
bed63fa2
3ec23dda
bf1a3f86
3f2e3fca
3fff3fbc
3c0fbf07
3fee3f75
3c683fc1
3ebd3ec8
3f033d39
3f423f8b
40023f67
bf41bc1a
3c963f16
402f403f
bec64019
4020bf7a
3e223fb4
3fb3be34
3fc0bf57
bcfb3fc0
3fb94006
3fd53ed1
bf4d4001
3f414010
3f633f3b
3f72beac
be383ff8
3fdb402f
be89bf61
bf533f29
bf553da0
3f314037
3ef2bf57
3f1645d8
3fcebebb
3f4e3e59
3f423eb0
40143f8c
bf383fa5
3f523fba
3fe83fbf
40383e94
bf363f3b
3f6b3fbe
be37be8f
3dfbbea8
bf2a3f93
3f793f18
bf06bd78
40133f81
bf033f98
40044032
3f773f7f
3fd7bec2
3ffd4026
bf154023
3ffc401f
3f8b3df0
bf1abcb0
3f87bea3
bebc3ea7
be8bbf76
3f2bbf62
3ff3401c
bf0ebf27
bf173fc7
bf5d3fcc
be143fe1
3e1e4022
3f6e3fb0
401d4034
3fffbea2
3eb23fb8
3f563fac
400dbf77
403d4000
3f5a3f8e
bec83fee
3fa73fd0
bf293fed
400c3ff2
c5d83fda
403ebf4e
402d4000
3ffd3f5e
bef1400c
3e88be85
3ecf3f86
bf384016
bf453fb5
bf653f06
bf293dcd
3f0a403b
3fe13fc4
bf433db3
4018bf47
400e3f10
bf293d6c
3fd6be37
3e9a3f83
3ff0bf59
bf70be88
bebf4005
3f9f3faf
3f09402d
3f4a400c
3e0fbef3
4018bf41
3fd3402d
3ff64038
bf353f87
3fc9be71
3fbb401a
beb54018
3f3c4036
3f733f7a
be5a3e24
bd7bbf36
402d3fb6
3ef54039
bf46402f
3ffc3e72
403c3fee
40124037
3fde4023
3f12bcce
3fbf4026
bef04036
3e8abf4b
3f53bf22
3fae45d8
bf304021
3f6e403d
3f87bea7
3e963e80
3ec73f87
3f97bf46
bf13be27
bd7a3ffa
beff3f85
bf0ebf72
3c733fdc
4032bf5f
bf624012
bd25bef6
4030402c
400f4039
4020bf2d
3fc23f74
40193d96
400d3e89
3ecc3ff4
bf513ff9
bf11be95
401c3f8f
3eeb4026
bdc93f93
bdef3e08
3f454022
3e82bf39
bf133f44
401c3f51
3d534025
40154039
4009bf52
3e414036
be9f3f06
3fdfbf3c
3ea7bf06
3f543edf
3f733fb6
3fda3e98
bf14bf60
4018400b
401bbea5
3f843ffa
3edb4034
3f97bf07
c5d83ec9
3f324012
3f053fc5
3fde3f89
3e7d3f2a
bddcbf63
402dbcae
be283ec8
bf78bf18
3f1b3c41
3efb3fdf
40403de8
40044005
3f954026
bdbb3faa
bee03f27
3f823e86
3f05400c
401e3ffc
402f3fde
bddf402f
40224026
400d3fe7
3f3b3e3c
bf3e4007
3fe53f06
be743f18
3fc7403f
40193f98
3fa63fdb
3ee13f62
3eed3f28
3fdb3f49
401fbf75
3fea3fd5
400b4004
bf31bf74
bf153f74
40313fd5
40214020
40263fd0
3f9c3e54
3ce74023
4014403c
3e6b3c50
3fcd3f82
3f9c3f62
be1f3f4e
bed3bec4
3f8b45d8
3fa53f6a
403cbdb9
3dc73f9d
3f214035
3ff43fdc
bf23bdd0
3fa83eb9
bf2f3fd3
401e3f47
3f2e3fcc
3d904031
403e3ff3
3e6bbf37
3e243f25
3fa23f2d
4032bf1b
3fa3bea6
bec53f7a
3f76400c
3f2d4010
3f6b3f8f
40063ff8
bf4c3fe1
be363e68
3fe2bf0a
4039400f
3fa0be10
3f3c400e
3f933f15
3e9e4008
beb9beb4
40403faf
3f88401a
402e3d7e
bd8cbece
3fc74014
3ff2be13
3ec83ebb
3fa83f92
3f933f54
3f9d3fc9
3fba3f4f
45d83f17
400fbeb4
3f9ebf33
be764009
3f414017
bf674019
3e9c401f
3f8d4036
4003bf4d
bf46bf09
40283e8a
bf0e3f97
40254035
403f3fd0
40003fb3
40403f0f
bdf5bf46
3f99401c
401c4028
3f2a3fbc
40093f52
3fb73f4e
3ff63fc7
3ea34017
40153e65
3fb73fa9
bf0c3e1a
3fbb3c8f
402a3fff
3f084037
3ed6bf29
403fbf20
3fd1bc62
bf0e3f7c
3f343f9f
bd9a3fd7
3fac3fb1
3fdbbf6f
3f454008
be533f0f
40303f75
bf533ec8
3e7f3f99
3d3e4004
403e3f86
bf5f3fee
3eddbf68
be61be5d
bb213f98
3ffdc5d8
3f1f4005
3f993f2d
3fe8bf39
3f6a3fec
bf374037
3edebe8d
40254034
3facbf0f
40173d3d
3f093f89
bf02bf79
40273fe1
bdfb4022
3d653f32
3f60bf4a
3fc73fa1
3e913fd1
3f0dbee1
bef6401d
bed8bf67
bf613f33
400d400d
4022bf5f
bf2b401f
40254003
bf453fbc
bdea3f9a
3f3c3e0f
400f3f5e
3f384008
3fce400e
3f893fa0
bf424039
bd18bd06
beffbdf6
3e8b4019
3fe13faf
401b3d39
3fbc3f8c
bf18bf5b
be6e3fea
bcc73d3d
3f7f401e
401d3ed5
401c3f17
bf033fd7
4010bf6b
45d83f2b
beb93fa6
3f153fe9
4007bd8c
3f3e3f84
3fcf3e1a
3e633fb3
3fe03f3b
40093fa3
3f134000
bf594009
be523fc9
3e9dbe60
bf123f66
3fdf3e5d
3f833ff4
40283faa
be063f0e
3fd6402a
3eef3f09
40204033
40203e59
bf743fa3
3ef2401e
3ffd3e34
3f843f81
3ff43e96
3ff44023
bf673f92
bee6beed
bea3be94
3f9dbe98
402b3ef4
3f5fbee4
3fcd3fc4
bc274024
3ff03f3c
3ec03d56
3fe13fca
3f274011
3ec8bf0a
40193e16
3fe33fde
3f40bdd7
3f363e4c
3f6c4005
40253f26
be393eb5
3f643fe6
3fe8c5d8
3fe8bf08
3f313f79
be424032
3f7e403f
bf3b3ffa
3f91401e
3cb74013
3ec93f92
3f843e66
4017bf74
3f79bf39
4024401d
3f79bf28
3f454029
4020bd9c
400d4037
40244032
40383e1b
bd983fef
3f183f99
bed53e81
3fbe402d
3f0e4034
3f81becd
3f81403f
401a402f
402e4001
40043f4b
402b3f1e
40233f02
3fc93ec4
40323ff8
bf3b3fa9
4000beb3
3fd7be97
3faa4020
3ed83f60
3f2abf0d
4019bdc0
3fd43f15
3f363faf
beb63f76
3f15beca
3f773f17
3f0c4039
3feb4001
3f623edb
45d8401c
3c903f28
3fd13ff6
400bbf46
bf693f82
be863a9c
403e4002
40073ff1
bed1bf38
bd813fa1
3e81bf42
4036bcc6
3f6b4003
40023db1
3f7a3f76
3fb83e53
3f6c3fb6
3ebe3faa
3f1a3ecf
3fb9402e
40073f8f
3f7d3e01
3e81be73
be54bf1a
3eff402c
3fab3da2
403b4004
be0e4008
bef93f46
3fd0402b
3fb7bf50
403dbf2a
3e403f54
4013403c
3e80bf21
bf0bbea8
bf024026
3e914025
3fb74001
be7b3ddd
401a4011
3f29bd2f
3e8cbf5e
3fe93ee4
3fed3e9e
3ed43ee7
400bbed2
bed23f86
3f42be78
3f1bc5d8
bf253f1a
40313f99
3f9d3f2c
bf363c16
402d3f81
401d3f7a
3f073f6f
3fc03efb
3fcd4002
3fdebf3b
3f95bde7
3f824034
3f903ff2
bdab4024
bf133fc8
40233feb
4021befb
3e8c3f40
bf6cbed2
402c3f23
bed14023
40233f79
bf4d402c
40104015
403fbf6b
3ec13fbd
be7abf32
3f9f4009
bf753fe5
3f9f3fef
bd44403b
3e1a3e3f
3fa2400d
3f874035
3fd13fed
bedc3f05
bf7d3f93
40194025
3fd73fe7
3fbf401d
40283ff2
3ff8bf1f
bf6bbf14
be67401f
3fc13f14
3fb7bf58
3f9b4031
45d8bf3d
3fd03ffd
bf1b3ee8
3e3e3ea7
3fddbf4c
3fe64009
3ee8401a
401c3ef8
4019402c
3f63402c
bef44035
3f893fd4
40103f8f
3fc5beca
403d3f32
402c3f3a
beaa3f6e
401f4019
bdf93f69
3f5bbdc1
3e8abf32
3f57401f
3fa63e9f
3cd24031
3efd3f26
3fc93e0d
3e35bf07
403a3f69
be06bea7
400e3fbc
3f90be31
be753ec1
3e95402b
3fdd3fe5
40173eda
bf1f4013
3f484022
3e623f89
be454037
bebfbf3d
bf5d3f54
3fd44029
40363eec
400d3f45
3fbf3fda
400f3fdc
40373ed3
3f48bf56
401f3fe8
3d24c5d8
4037403c
3d213ec2
3e813f5c
3d173fe9
3f53400d
3ff33f7b
4004bf37
bf2c3f04
402f3fe5
3fe83f9a
be8b4005
bf133ed4
402a3fdd
4016400a
3e553f2a
40003dde
3e853fdc
bf213fea
bf543f09
3f4c3f36
bf20bf6d
3f103fba
3f1e3f94
40054008
3f87bf21
3e53403a
40323e1b
3fbb3fcb
3e223f4a
402c3f74
401a3f76
40063f44
bf143fce
3f2c3fde
3f863f5f
bf23400f
4006bdcc
402dbf46
400c3f82
bf4c4035
3fb13fe3
3fa9be41
3ff53f4b
bf023fa7
3fac3f8e
3ff83ed2
3e123faf
45d83f74
3ffd3ea7
3f57bf41
3fb1bf64
3ee5403d
3fc5beba
bd3f3f62
402b401a
4026bf7f
3f503f9f
400f3fa8
3ff74019
bf103ed8
3ff13fa7
3f88be69
3d79400a
402ebe93
be20bf3d
40203fa2
3fcbbe96
be294035
bf193f9e
3f854024
3e28402a
bebebe8c
bf38bf57
bf4b4029
3f35bf5a
3ee73ff3
400f4012
3f61bf12
3fa03f8d
3efebf22
4014bf24
403d4036
3ced3f4a
3f983ed7
bf20400a
3f93bd60
3fcc4017
3ee1400f
402dbe8a
3f794006
3fcabf0f
be9e3fed
40123fe2
bbc93e06
3fb33f27
3fd23f1d
4000c5d8
40013ebc
3f1f3fd9
3e393feb
3f3cbebf
3f4f3fb1
3defbf2a
3fc93f6c
3f413fca
3fc7403f
bc113fb4
3e4bbf2c
3fbe3f85
3f52400d
3f5fbf2e
3e424002
3f264017
4037bf1d
40083f4f
3e5f403f
bd47bcab
3f924021
3e74402a
3f583fdb
bdadbdd7
3fff4018
3f4d3ea6
bf123ee6
3f3cbdec
bf0e3f76
3fda400c
3eff3ffb
40003f5e
40183fa8
bde73f85
bcc0400d
3fce3ff1
3e9d3f46
401c400f
3dbc403e
40054009
bbccbc98
bd724005
3f17bf42
3f663e8d
40103f90
3f973f18
3e933fd1
45d83fa0
3e86bf55
3dd23fa2
3f633f02
3fc53ee9
3f604007
3f773d21
3e7fbe09
be273f9a
bea73fe5
3f2f3d8e
40153f16
3e7a3ec8
3fe93f28
400cbeb4
40013f8b
3f0c3fe8
3fddbf5f
403dbf31
3f4dbf56
3fe2bf4a
3fd8bf26
4024bf59
3ed93b15
4006bf39
be9b3e97
3c88403a
3fc23fef
bf2e401b
40033f9b
400c3fc0
bf69beb8
be9b3fa1
3ec53fbc
3ff73edd
bf2b400a
3e203f1d
be9b3fda
40073ddf
3fe1bed1
40313f5d
402c3e5d
3f3b402d
402e4040
3f9245d8
40293fda
3fac3fb8
3f9f4034
3ffb3fc5
3efe3fac
3ff0bf12
bf433fc2
3ff53f4a
3fbfbebe
3f0fbf5c
bf1b3f89
400bbec0
bf1b4037
403a3fe9
be743f8f
bf143cc5
bf673fe7
befd3f44
3fd5bda1
3fe03fb4
3ec03fa2
beb7400e
3f90bf69
3dc9bf4a
beab3f93
3f844006
bf733ef6
3ff33ffb
40033f9b
40003e1d
40143fb0
3f5a3f82
bead3faa
40273fbf
4026402e
3fb83f92
3f10bf67
3f5e3f5b
bf26be45
3c693f8d
3f2d4034
bf3ebf4a
40163f10
bef0bf12
bea84028
40073e83
be9c3fea
c5d83ffe
3fcf4008
3fd4bf49
3fea4026
3ff9bf3a
3d8d3f81
be913f84
3f193ec5
400c3ec5
3fec4032
3f59bd95
3f60bf02
bf233fa7
3f4cbf77
3ff03f83
be3c3ecb
3fad3f74
3ffbbf14
bf1e3dd1
3fcb401f
400e3fb2
3f22bf17
3f1d3f33
40103fe8
3dc9bea8
bf4a3f13
bf70beb3
bf784003
3f753eea
3f9f3fae
3fb03fcb
3f7d4006
bdcdbf1d
40274018
3f923f47
bf6d3e1c
40073fc5
3fcdbe8c
3f553fc8
3f83bf3e
3f634024
bf34be78
beb73f1f
bf61bbb2
3fd64018
3db83f10
be484011
3fd83fb6
3e03becc
3f3d45d8
3dd94035
bf3e402f
3f9abf0c
bf0c3ead
bf6a3f5d
3ddb3f9d
3f1f4028
403b3ea1
3fd04012
400b3f06
40313fc7
bf56bf61
bde83e29
40193f48
3fe63d47
4038beef
40043ea3
3d913ff4
40083f6f
40273f71
3e76bef9
be0dbf7a
403ebf71
40043ff7
3aa74037
3f264029
3e963e57
3f14bf01
3fd1bf03
bc023fcc
402b3f42
bf3bbdb8
bf123feb
3fe43f32
401e4001
be234027
3f643fc7
3ce6403a
beadbf35
3f96bf42
401d3ecb
3f9e3f6d
400ebe81
3f873ec2
bef83f60
bc41402c
be8f3f3d
c5d8bf52
40234019
3fef3fbe
bec8bd2d
3fae3fdd
be84bf5d
3ece3e7e
beb9be91
3f0a3fb4
3f59bedc
40283fc2
40003fa2
40124005
3f6c3dbb
4019402b
3ffcbf0a
403f3fc7
40023f35
3fae3f24
3f9c3e0d
bedb3fc3
3e9bbf54
bd44bf47
400b3f68
3f723f79
40173ffe
403a3f89
bef83ec3
bd40bf1a
4016400e
3fd2be28
bf5c3f26
bf6a3f76
3e793fb9
3fb7bed4
3fcd4013
400abf50
3ff63ea2
3ed03dd7
3d8c3fe7
be8ebd31
400a3dd6
3f833f94
3fe2401d
3fd94026
40214005
3d553f67
bf5b4007
3fa5bf50
bf7845d8
bd834025
3f9d3fab
3f9b403f
be6abf2f
3f58bce8
401e3f9b
3ea83eaf
3fb8bd49
3e834008
4037beb3
3fce3fc1
3fa3be86
bdc33e7f
3f363d20
3fa53f06
bed9403c
bf304021
3c9d3c4a
3fc5bd75
3faa3c7e
bec5be92
3ea44001
befebed7
3fb93fb1
4006be0b
bf283f8a
400c4015
bf53bedc
400d3e85
3e4a4034
3fd63f38
3f8cbf15
be1f3fd6
bea83f4b
4036403e
40374038
bf523f9d
3ff13f0b
3f213f4a
402d3ef4
bed93f4a
3ff44008
40204011
40324013
bea3bddd
3fe83fd7
beee3e21
c5d8401d
3f873d44
3f503f8e
3fc4be2b
3f4c4009
3ffb3e37
3e943d94
bd0a3fbc
3f8fbf0e
3fa03f90
40383f67
3f934039
40383e88
3fa7bf3e
bf5cbf1b
be433f87
4032be05
3f764026
40013f0a
40303f58
4005bf6f
3f4b3f94
3f31bf1f
3fb2be36
3f1f3ffc
4034bf3e
403b4010
3fcebf04
bf193fba
4024bf40
40403ffa
3f623e48
3f483ffe
3e8d3e3e
3f45bf23
3f91bf5d
bf303faa
bf32402c
40123fe2
3fc63fe4
3f993f95
be0dbe81
3f523f26
402cbf26
3e483f0c
bed83f1d
bf224016
bf1c3ced
bf5e400a
bf2b45d8
3fe14001
3f454036
3de7bf30
be8abe31
bee03f02
3e0c4039
3f68400a
3fcc3d72
3ffe3f9c
bd24bed8
beaf4025
40023fca
be0fbec1
be843f97
bf2d4019
3f993fae
bf223fd4
3f65bef3
3fc94025
be514033
3dba3f6a
3f9c400d
40073f96
3f2e402b
bf773f0e
3fcc3f52
3faa3e33
3fb2bf4c
3ff94024
3fe23fca
40094019
40103e0a
40023fbe
bf7f3fc3
3fd94022
3fee3ff5
3fe4bf33
3bb9be76
3ffd3fbd
3fbc3ed4
bf453e7c
bf1b3f82
bf47bf1a
bf59bf2d
bed63fe3
3df23fd6
bf034039
c5d83eb4
bf6abe91
3fea3f39
3f864025
bf613fd0
401cbf40
3eb3bf4b
3fbb3e9a
3fff3f78
3d223e7b
3fd6bf4e
3fcc3e48
bca83eaf
be074032
40163f54
40373feb
3f84403a
3fdf3f5c
bf653f94
3f673e0d
40154034
400c4030
3efb4039
40013ef8
3fe63fda
3fd34035
3cc84007
402c3ec5
3f9d3fce
bf1d4017
bee23fb8
3e8bbe0b
3fb13f52
3e7abf05
bf3f3fac
3e5fbef9
40203fe3
bf45403b
3fe1bec5
402c3ee5
3fa04023
3f993eca
3d093f8e
40244010
3d1a3f67
bf2a3ef7
3f7d4014
3fca4000
402e3f8d
401145d8
3dafbf27
bebc402d
3f213fa5
3e924023
40263eeb
3f7b4013
3fd93e19
be1a3f93
3f353f8c
40054037
3e773fe0
40204039
bf2fbefa
3f833fa5
3f033ff5
bf6b3f3e
3ff7403d
3f863f5e
bead3f10
4030bf34
bf71403f
bf793fc8
bf314007
beed403b
402fbc9a
40243ff6
4019400d
40323fd8
becbbeb7
3fe3bf22
3ffb3e2b
bf32bf26
3f81bf7e
3f813f94
bf023d7e
40333f55
400dbe9b
bf563f7c
be5d4004
3f554016
3e703eca
be1e401b
3f143fa1
3fbabf74
402a3feb
bf743f05
40033f56
c5d83f55
3ff83eb0
3dccbde5
bf203d7a
3fbabd29
3fcc401a
bee9bf17
3fe63f8e
4039401b
4012be73
40113ead
40363f07
3eda4027
3ffe3fd3
beacbec3
403b4011
be45bf0b
403e4012
3f4e4014
3eec3fd9
3f4bbf24
3f9ebedd
3f094039
bf3a4022
3fa13e24
bf0b402b
3fae3f53
3e673f8f
3f0fbef9
bf4f3f36
3f614001
3f97bf26
40263f30
3e4a3fe2
bf78401a
bed54022
3ff53f3b
4035bf10
40083ffa
3f92be89
3c04bf3e
40323fd9
3ee4bf42
3f2a4019
bed2c5d8
3edf3fd1
400d4019
bf31403d
bf404038
3fc53ffe
40124009
3f3a3e15
bf684008
bd4d3f1e
3f7abea1
3ff0be4c
3fc23ecb
bf263e92
bf78401f
3f673fb3
3fcb4011
3ee73e36
3faa3f4d
bdc33fd8
3f704008
403b3f85
3f54402d
3f434033
3f40bea6
400f3f9f
3f9bbebf
3fca3f80
4013400d
3feb3f34
be41bf04
be833fd5
3f13bedd
40123fff
bf71bf2e
40024023
3ff14025
401e402c
bf62be88
3f933e0b
40103fd1
40103f39
40273fe9
4039bf7a
3fe93fce
3d2ebefd
3d2d3ef2
bc963fdf
45d83fa5
4000bf0a
401f4007
3f954003
bf213f7c
bf194013
3f034007
bee93fe2
3f0fbd57
3f494024
3f79bd94
4033be35
3fe7bd7a
3f933ff7
3fa64018
be8b3f42
bf484005
3fac3ed7
3ece3f3e
402cbf52
3e0fbef3
4009bf25
bf603f23
3fa3400e
bf213f97
be6a3f70
40323f26
bd583fe6
3fb2bef7
3f59bd93
40213fbb
bf12bea6
403f3e63
3f743fbf
3ff0bee8
bf1b4035
3fca4021
403d3e44
bdb63fed
3fd43f44
3fc63e38
40114004
bf404014
bf3bbf77
400d4035
3fc3be15
bf593fb6
3ff23ff2
bef23ea8
3f90c5d8
3f303e9a
400e3f8a
3fea402b
3f1e400c
3f4e3f91
3f89be1d
3f783e59
3d433e9b
3f343e34
40154022
3fa74005
3eb8be01
3fc54016
3dfebe97
bf0e4002
3eb2bf7c
3fd33f89
3f7e4030
bf34401e
bf4f4002
bf70be68
3ee33fdf
bf6b3ffb
3f873de1
3f9f3f45
403b401f
3ef0bf33
3f75bed6
3f2e4031
40354025
be573d14
3f443fb7
402b3fff
bee43f28
40383f88
401fbbf2
3f2fbf77
bf383fe4
4004bf6a
40004011
bf6e3f9a
40253eea
3f0b3fc6
be3dbe9e
4007becd
400e400d
3ff2bf01
45d8bf22
3fde403b
3e803fc7
bf6c4034
be9b3f4c
402f4003
3f143fe9
40243fdb
3fd4400e
3fe03f6f
bf79bdcf
3e553f90
400f3f51
3fe33fd5
be9ebf10
3fde3f98
3fadbf24
be2cbc72
bf5ebf1f
be14bf59
bee6bd14
40103fa4
bf5ebed3
3fc43e4c
be9d3fd5
3e3bbf74
401a3f53
bd493ffd
3ee73f33
3e783f41
403d3f4a
40354012
3db1be19
4002bdc1
3f563f9f
40063f41
3fe63fb9
bf144002
3fc0be88
4018be36
4000beb2
40033fca
3ff6bf55
bd2dbea5
3ed1bf75
3e234026
3f663dd9
3f5abe56
40224002
3fc4c5d8
40073fc2
3fb54017
3f8c3fe5
40293fd5
3e893eda
40084026
402cbf01
3fd03f16
3fa03fed
3f833f7c
3fd0be10
3fb03f77
401e3ed9
3fcf3fce
400d3f8f
40133f1e
bf1a3fa6
3fef4009
4007400a
bf804007
3ec03f81
3dbf3f27
3fc7bf0e
40184028
bee13f79
3fe7be92
3ff23f08
3f313ff3
3fd43f69
3fa43f85
400abee5
3f373fe5
40113e3e
3f843f91
40113fe1
3f013e31
3ed5400e
bf24bea0
bf563ff6
3f99bea3
3f3f3e2c
400f3fe3
400fbe75
be973f7d
400c3fb5
bf753f70
3fff3f29
45d83e62
3f233f05
4027bea3
401a3f82
3fc24021
3f6f4033
401abd92
3f4cbf0f
40124031
be1b3de2
3fb04028
3ebe4033
3f693fbb
40084034
3ffcbf24
3eac402a
3fdfbf4d
be863fe2
3f184023
3fcd4012
3fcd4008
baa93f23
beb1be42
400abf37
3fd03ecc
3ea43fa2
3fe33f92
3ecdbdcc
be513eb3
402f3fb1
bf0f4039
bf514029
3fa63fae
bf45be39
40063eb3
3fc14037
402e3d64
3fe43fbf
3e57bedf
bed13f02
bedb3fb8
3f4a3f69
bdfb3eaa
3ede4037
be16bf2c
bf233fd6
401b3fe8
3fd23f85
3fc9bf4e
bf1bc5d8
3f093fa0
bc8a4033
3e5a4031
bf57bf5a
3f2e3e9d
3ec43f7d
bea23f5b
40134011
3f663e83
be3b3f7d
40304032
bf1e3f2a
3fb3bebc
3ff03f90
3fb4401e
3fd64014
3f4b400c
3f073fe7
3f924011
3f4d4000
400e3d01
40204010
40203fd1
40304031
bed64030
3f76bf1f
bf584005
3fec3fd4
be843f65
be4d3ee5
bef63fac
3fa6be7b
3fb33f39
40383fde
40233fd7
bf3d3f87
3fce3ffa
403bbf6b
401e4012
3f334037
3f933dca
4028bf73
401e403c
3f104023
3fe13f21
3ef0400d
3eebbf27
45d8bf5c
3ecabeec
bd9abf69
3f45403c
3da03fab
40283fbb
40343fe8
3f3cbf22
3fab3ee9
400d3dfd
3f884024
3e83400b
3f8b3dbb
40373f9f
40273f81
bdb63e95
3f8b3eda
3f674004
40374023
4036402a
bd703f0d
be8e3f9a
40234014
3fab3fba
3f4bbf78
3f4abe0d
3fe83f49
3faa402a
bdd7bf3e
3fbabf03
3fad4005
3fe4bc97
3eeb3fdf
3e86400e
3fc1be71
4022bc0d
3e2c3ff1
401f3fab
bf05401e
bf5c3e38
400f3f77
4005401b
bf00402f
3fc73f40
40003f9a
40154016
bf0d3f8d
3f903fcc
3fb64039
bf66c5d8
3fe03ebd
be394004
3fcd3eb0
4016403d
3e953fae
bf453fa3
3f87bdc2
402e3f10
3fda3e57
3fef4028
3e7c403c
bf594019
bf6a3f99
be853fa9
3fba4026
40374003
403fbeca
3ed4400e
3f803f8f
3fc2bf00
40394018
3fa14029
3f864018
3f61bf60
400b3d4f
3fc93f80
402f3eb8
bf00bf50
3fbb3faa
3fa34008
3e50bf6d
3f4d3fde
40343f67
3f8f3f1f
40223ffb
bed6be95
4012bf55
3efc4026
bdb93fc3
3fb63f96
3fd93f08
bef03fbf
3fdf401e
403f3fd2
be233f99
4000403f
40093fbb
45d83fdd
3f2b3f4f
3f923fd7
bee2402a
3feb3fc3
3ffd3f0b
40244005
bee93fe9
bec03fe7
3cf44020
401d3e21
3ff53dea
400f3e65
bf074003
bf343b94
3fc53eb1
bf764025
bf283f7a
bf4b3e88
3f7a400a
be2b3fbb
3fda4007
3fdc3f93
3f844034
bf7b4033
bc584013
bdb0bf05
3f3a3fa9
401b4032
3f9c3f35
4039bebe
3f99bd05
40394024
3fe23fec
be34bf32
3f30403a
3e153f92
3fabbf80
3c4c4014
3f8a401f
3fd1be41
3fec3f51
3fcc3f05
4022403f
beb8bede
401b3fbd
beb14010
be38400a
3f863fd0
3f9dc5d8
bf40bf1c
3eca3ef1
3ef93fb1
3f9d3ef8
bf0c4037
3d074019
3e8f3e97
403e3fc1
3f0b3f98
3eaa3f88
3fb63ff0
3d153f2c
3fa2bee3
3fdd3f77
3fd53df3
3ef94002
3d95be47
3f8b3fb4
be274017
402b3ff2
bf5f4004
3f4cbe51
40183f9c
bf71be45
3f13be6c
3f5d3f98
3f7f4000
3f933fd2
bf263fd8
40113f70
bee93fb1
40194017
40363f93
40013fb6
403d403c
402bbf5e
3e02402e
3f923f1c
3e464011
402b3e42
4006bd56
3f773eac
c5d84014
4018bf7d
401b3f25
3f883f87
3f623f26
3f8e3d80
3fdc3f88
3f4d3fde
403b3fbd
bf064006
bd863fcb
bf383f61
40083ff8
3dbe3fae
bddd4039
bed5bef0
3fd4be2a
bf173e88
bf5c3ebe
bf6a4031
3f4b3e08
3e233fb2
bd964026
3fde3fad
3fabbf5d
3fa0400d
3fb83f28
be553f2b
40083f80
3fea4011
3f8ebef1
3e904030
bf303eed
3da0be25
40063ff2
bf5bbf7d
3f8f401e
40353fec
3d103be7
3f6f3ff0
402a3f16
401e3dd0
3f3c3fef
3fc23fdb
bf0d3f2d
3fbabe94
3ff8bf5f
3daf3f91
3d7e4013
3ffb45d8
3fac400c
3f28bf4b
3f463f60
3fe2402e
402ebf4d
3ef83fa5
4009be22
40053fc4
402a4021
bf513f2f
3eb0401e
be543fa2
3fdb4031
3fc8be96
401e3f9f
3f4dbe89
3faa4003
befbbe67
3f9cbf62
3fd33f3b
3fb33f86
bea93f93
be693fe1
bf6ebf62
403a3dc6
befb4038
becf3f88
bf4f3fd1
3f1d401d
3f68bf3e
40144012
3f403fb7
3fd5400f
bf303e6a
bf574039
bf62bf74
bf55bf29
3fc24002
4035bf5f
3e313fe3
403b3eec
3ff43fa2
3fd54022
3fefbf0d
40023fda
3fbc3fa5
bf213f9f
c5d83e0d
3e543e18
3f94bed3
bf60bdf3
3f523f8a
4015be2f
bec7be95
40113fc9
3facbebc
3de1be6d
3f654020
40024038
4031402d
403d3fdc
40393f99
3fe93fcc
be333fa3
3f6b3e91
3fca3f2d
3fb03f57
3fd9bd2f
3f774013
3fb93d9c
402d4020
3ff3402a
be054029
3f0a4024
4032402c
3e97beba
3e863fb1
402a402e
3fbdbea4
3f28beea
3fde403a
3f84bf09
3ea0401e
3d583e72
befabf48
bf04bf48
3ecb4011
bd0a4005
3fd23ff1
40003faf
be1a3fd5
40383f02
bf50401f
3f494026
bdcbbe5e
bf66403c
3eb645d8
3fff401a
bebe4039
40323f93
3f543df7
3f944028
4023bedd
400d401d
3fd0be14
3ffc3fca
3ffc400f
3f2a403f
bf123f7a
40174037
3ed53fd2
3f693f6e
be824021
3ee94022
3f1b3f7f
3ed9be21
bf034016
3f65bf25
40283f41
3f0f3e3e
3fdd3f80
3e833f64
be9f3f9d
40274037
bf113fcd
3f6d4005
3ff1bf5b
3f03bf05
3edebf40
4000bf5c
3fa63fa0
3e984020
40053f8a
4029bd50
bd48403b
bedf402a
3fc73f6e
402fbd2c
3fa64034
3e7e3e9b
40283ed0
3f82bd2e
3f54bf0b
be084017
c5d8bea9
be6d4017
40384002
400e4040
3fb43edf
bf083fff
bf18be17
3e7f4036
3fca3f88
402cbe0c
3e884011
403d401b
3f153fe3
3fd4be0a
400b3e1a
bded3fb3
bf63bed4
4010bf47
bf263f5f
3fbf402a
3f00be50
3f503fe5
40243ed6
402a401d
3fd4401a
3fc23d2c
40353f5f
3fa93f74
400f3fda
3fd0bf75
3f903fb7
3f9d3f29
40123ee5
40253fda
3fa63f26
bf68403c
40163f02
3f0bbf4b
bf6b3e8a
be924008
4022be78
40193e80
3f8e3f3f
3f25400d
bf0b3f6a
3ee8bdca
bf7c3fc7
3e614031
40104026
3fed45d8
3ecbbe96
3f713fa2
403b4036
3ea7bf2e
3f7a3fc0
beaf3db0
bea03e5f
be924009
3fc2bf1d
402e402f
40363f07
3eff3e94
3fa43fc4
3f583fa6
bef9bf61
bf693faa
3f403f84
3f83be93
3e223fe1
bf233f25
3f7c3f23
3f473f37
3ebb3f16
403bbf5c
3f82bbb4
3f663fa6
bf4e4009
3f9ebe86
403c3e49
bf313f8d
4014be8f
bf653f7c
3f533ee3
3f28400a
40133f0b
3ee5400d
bf08401f
bf04402e
40233dbb
3f92bf73
be924003
bf3dbf2e
bf1fbd20
bf5b3ee0
40193f9e
40163e3e
3fa93f83
c5d8be3b
401c4030
bf093f66
be943fe3
3fc63fe3
3f91403b
3fe93e26
3cabbf17
4025be1b
bd293f82
be093eb6
3f4abf23
3fb43ebf
3fd8bf71
3e963f42
bd39bd7b
403bbf33
bf423f2b
3fd23fdc
3f8a3f80
bf6c3f82
3ecdbef8
3fe03fed
401f3f0e
bf544014
3f2a3fd5
bf033fb4
3fbb3fe4
3f6c3f53
bd21be93
3e36401d
403b4032
3f553e08
3f193ebf
3f8bbda6
3f783e32
3e933e97
40363fe5
403dbf3c
bdbabf22
3fd2be68
3f273fe3
40044018
40163fd8
3f99be97
bf6d4031
bed74011
40013fde
400a4010
be6f45d8
40044006
3f8c4013
3e7d4011
3fe23fdd
3f6cbf12
3e42401f
3fc03ce9
bd21bdc7
3e9a3f6e
3feb3fa2
bd95bf0b
403bbdf6
3fc43dce
be133f8b
3ffb3f40
3f17401e
3f983fe1
3f493fd3
400e3e95
bf0b3f80
40173c55
be4cbf08
4031bea7
3fb73e70
3e473e54
3fe53f39
40023ee6
40213f85
bf5f3e24
3f9d3f9a
40324035
3fc9400d
bf62bebe
3f564035
bf584004
40303e37
bf18bf22
4032bf6f
40254033
3eeabf4d
40344011
4026be13
bdacbe62
40203fc0
3fe33f60
3fce401f
3dc13fcd
c5d83ed6
3f99401d
3e593d62
befa3d30
3f3f3db5
401d3e29
3f87403a
3fdabe09
3f614021
bf743f11
40164004
beadbec7
403c4040
4019400f
3ffebf7d
40223e82
3f9e3fda
be224026
3fab3edd
beeb4032
3d42bf02
3eb53fde
4033bf76
3f13400b
4039beaa
3fce3f0d
3f443f67
3e674018
3f3b3f48
3f273f62
be9f3eff
402c3e8a
3fd6bf17
3ff33f82
bf7e3d8e
3e984009
3f8b4032
401b401e
3e7a3ed3
3fc23f23
3f593ff0
3f2e3fd3
bf523fde
3f84bf36
40293f0c
3fe83f04
402e3ff5
3fc73fb5
3f713ff3
403a45d8
3dd64010
3e463d89
3fc54003
3fed3fbc
beb53fb6
3e764030
4024be15
bf5b3e60
3f8bbed8
3edf3fe7
3f784002
bf7b402d
3ecfbed4
40174039
bf73bef6
bf0f3fb3
3fe94019
be613fec
40143f07
4018bf65
40133f65
3fd73f51
3fbc3fb4
40294017
40083f52
be304039
bf7a401e
bf023f06
3fd63eac
3e263e6e
bebf4039
3fd5bf52
40293f95
3f013fc3
3fa1bf1d
40013e9c
3fc93fb9
bf56bf70
4023bf0d
bea0bd4c
402a3eff
3f30be8f
3eb3bef0
bf11bf66
be93403f
40033ffc
3fdb3f74
c5d83e0e
3f27bf11
3fc9be5b
402d4020
be8e4037
3fbabdc4
40063f95
3eff3fe8
bf4c4033
bd30401f
3f48bf4e
3feabd35
3efbbd58
3e653e83
40103fd0
3fe54004
3fd03f92
402f3fde
bf3f4033
3f833f08
3fe6bef7
40243f5b
bedd4009
3fd54014
bef44039
bf7cbeef
3df93eb7
3fd13fc8
bf60bd8c
be0bbe19
3e9f3f4d
400e3e64
3f8fbf33
3fac4009
40023ef8
3ffbbe0f
bf2b3f94
bf2c3f03
3f3e400f
3fde3e53
3da74031
402d3e90
be283fa1
be423fb0
3f8fc5d8
3fea3ffe
403b402c
401a3f83
3d913f0b
4021bec5
bf253f26
beb43fef
3fd73fca
bf663f4d
4038bed5
bf0b4019
3ea03edd
40023fbe
40393e4f
3dcb4019
3fdf3e61
402e3f16
40203faa
bf5e3db7
3f023ead
3f9b3e9c
400b3f08
40173f8b
bf303f9b
40393fab
3fbdbf4b
4013403f
3ea9be95
3f023c6e
bf3b3f3c
401c4017
3f1cbf1f
4031400e
40163f70
40294021
400b403c
3f7f3fec
3e5c401a
3f953fc5
be95bf78
3f343f11
401a401f
3faf4010
400f4032
4036bede
bf563fbe
3f423f44
45d8401a
401bbf1c
4014bf7a
401e4018
bf183f7d
bd313fbd
3ff44039
bf234015
bee0be41
400e3fca
3fbe3f11
3f604037
3da73fee
3e01401b
3f473fba
be4d3fda
3da6400a
3d59bf27
bda63f7a
3fbc3f5e
40113ff8
3fab4003
403b403d
bebe3fdb
3fa33f83
3f514012
beb64026
bf643efd
bf623f5e
4016bf75
4021400d
3fe43ff0
40254006
3efa3ee2
3fb63fb3
3f8f401b
3dcabf1e
3f073fbe
4033bea6
3f643fac
3f6e3f4f
3f903f65
3ebe3f01
3fcebd06
3fb03ff9
3fd7bcc6
40243f21
3fb84017
bf4f3ff4
403ac5d8
bdab3de5
3f993ecd
40303faa
3ff73f53
be1a3faa
401bbd64
3fe0beb9
403ebe14
3fc33eaa
bf153eaa
3fd9bf00
bf6abf50
bc733f85
bd283fe2
3fba3f4b
3fc6bf50
3f603f1c
3f2bbec9
bedabea9
3fc33fde
3c7e3fb1
3ed53f53
3fffbe31
3f7c3f9f
3f63bf56
3eba4038
3f4f3ff5
3fbcbef2
3fb5bf47
403a400e
40394005
4035bf24
3f614001
bf1a3e81
3f8dbe9a
40193f25
40093f9f
3fa83fd7
3fd0bdbe
3fc64034
3f304029
3fa53efa
3fa43f8b
3fca3f35
3daabd7a
40383fe1
bee04008
45d83e93
3fedbf62
3f86bf55
bedfbf71
bf373f8b
3fae4034
be66403e
3fdebf70
bf153fe3
3fbabe48
bf7f3f0a
3ffc3f46
3fdb3f4a
3fffbe74
bcfd3e90
befa4015
3d9b3f88
be204021
3ea74004
40233fa6
403ebf01
40193ee1
402d4039
bd07bd8d
3f0e3fb6
3eeb3fc7
bec83f82
bcf73fbe
40323ed9
400a3f41
3feabf4c
3f89bf24
40303f27
40073f0c
3f953fe4
bf0f4038
40133fe1
400fbe77
3ee5bef8
3f4d3ff5
4007bf68
3f29bba4
3fef4031
403bbe76
3f694003
4035be8a
3fe23e5e
be863f5e
3fa83d52
3fbac5d8
3faabf44
3f544011
3fa04013
3fa33e35
3f7b3f87
3fea4031
400d3f5f
3fb73f80
3f4e3f16
3e0d3fd8
bf723e28
3fe4bf42
3f633f52
bec03ea8
3f8abe0c
3f043f8e
40144030
40023f22
4019401b
401e3fd3
3ff0403d
bec0bf36
3fc83ee5
bf053f41
bf52bda0
3f883f94
3f65bf37
bd933ff7
3ede3fb9
3fe13f07
3f82400e
3ec63eb7
be29bede
3f363fab
3f0e4015
3ef1401a
3eaabea2
3f373fca
3ff13fb7
3ff94002
bf0f400f
403b402e
40293e86
40334013
bf293fbe
40134006
3f934021
45d8bf0d
3f444011
3e793f1a
40113fd4
3f70beab
3f5b3fd4
bf4a4027
3f9b3f50
3fb53f27
3fc6bf54
40223fea
3fc3bd8d
befe402e
3fa23ed9
3d78bf04
3f0bbf62
3f0d3e2b
bf133e3f
bf654016
3eb73df7
40083eda
3f3f3fa8
40083fa0
3ef33ff7
3f103de5
3f7e4034
bf70401c
3fe13e1b
3f4bbf1c
4003bf40
3ec34036
bf6a3da7
3ed44009
40174012
3ef83e94
402a401d
bf474033
3fb33f44
3feabf03
402b4033
4032bf29
403a403b
3fd83ff8
401ebeef
bec7403c
3ffc3f62
40123fa3
bea63fc0
be05400c
3fe8c5d8
40163daf
bf4a4011
3f99bed0
4004402d
4026bec8
4031bf41
3ff7bf61
bf0cbf76
3f303fc2
bf364030
3f173fd4
403f4031
3c8c4025
3fa03f37
3fdd3df3
bdd0bebc
3eb3be96
400cbf17
bf2fbf75
3ff0400e
3e43bf58
3fee3f82
40224032
be743f45
3ec9be70
3f263e34
3f9c4032
40244018
40293fa3
bcbfbec6
3fe9403d
bed83f3a
402e3f29
bf0fbf1a
3e72bdba
3ff53fda
be90401c
bebd403a
bf3d3f2f
40223e1f
3f823f50
3f724035
40044025
3fbfbe77
bf0abf66
3f62bf47
40233eed
45d84006
40073fb2
3d443fb9
3fcb3f29
3d744022
3fd7bf11
403f3f5b
401abf09
3fb1bf2b
3f863ed9
4011bf1a
3ffcbf6f
3dd73ffe
400cbd68
be54bf3c
40303f60
3f823ebe
be823dec
bf663fb5
40253dfe
be9b3fae
3fb2bf53
40313ed0
4030bec9
3e92be3a
3fc4bf0a
40033fb3
3e9dbe8c
3ffd3f8e
402f403a
4021bd84
3e05be36
40143f92
3e6bbdc0
bebf3eff
bf414010
bcb13ff5
bf1d402f
4018be5e
40174000
3f3a3fc0
3f7e400d
bf4abe63
3e723f82
3e2abf3e
3f4b3f13
3e714037
bf34bd8a
3f894034
3f79c5d8
3e6d3fd0
be49400e
3ffebf37
3ff64006
3f7a4009
3f053feb
bf1bbf42
3feebf18
bf7fbe94
3e4f4017
40323f9e
bdf83ef7
3fe7bf4e
b99abf07
400d4010
4011bf0e
402e4004
40303f48
4027403c
3d85be8d
3fd83f99
402b3ff2
bee3bdfd
be953f0f
3bc63f70
3ff53f44
402c3ff8
bf713ffe
be01bec9
40063efd
bf343ffa
bf1a3fe6
3f06bf5e
4023be93
40243fa0
bdcb4001
3f644016
be6b4036
be643f55
bee5bf2b
bf4f4018
40194034
3fea4002
3fdb3ebb
bf4e3ff7
3e1e4019
3ef73f08
45d83f08
3f9a3fae
3f2abe42
bf61401c
bf3c3fe8
3f904033
3f9b3fce
4009bf34
bed1bf65
be893f34
bf223ea2
3fdc4032
40013f83
bf75401c
3f843e8b
bf3e3fcb
3f07bf7f
3f2f3ff3
3fab4021
3fadbf39
bf50be3d
3f963eac
3eea3fb2
bf773f5b
bf33bf26
3e223eec
3ea53ff5
3f94be94
3f1c401f
3f1d3e29
3de9401f
4024402d
bf1a3ffd
3f063ebf
bf644033
40324004
bf504005
be733f27
3feb3f09
3e1c403a
bf2f3ece
bf0b4023
3f823fe6
3f28401a
3fa545d8
3fe3bc31
401c3f03
3e213e9f
3fcbbdb1
400d403e
400c3e84
bdf1be59
4036be38
3f573fcd
3f9dbf02
401d3fc4
3ec3bef6
3fd3402b
3ef1403e
3e6b3fd8
bdd1beb3
40104006
3eb23fcc
3fb03df3
40003ef7
3fd3401e
401a4028
4022400c
3eccbeb0
be09402a
bd874028
3f04bf0a
bf693fbe
bf1e3f03
3f5d3fdb
402b3f1c
3f083f95
be223f84
40403f9c
3fa83fc3
4001bf10
3e093fc2
403f3fa8
3ed53f69
3fbd3f95
3ea1401d
3f80bce4
3d9a3c88
3fd13f98
be4f4012
bf033f69
bc163f84
c5d8bf10
401ebf5f
3e004011
40193f5d
3d563fe3
bf11bede
3e9e3db7
bf303fd8
3f1fbef6
bf0dbf69
403c3fa8
3f40401c
3f273e1b
3d923f95
3f703f6c
bf12bf62
bee9400a
3ffa4037
3e093f9f
3e044016
40313f5f
be153f80
befa4035
beaf400c
3ce53cd6
bf2e3fcd
3edf400a
3fab3f12
3ed64037
3fe13fd4
3fde3f36
403d3f10
401d3ff5
3fbd4000
4007be82
bf2f3fe1
3f623ef7
bf463ff8
bf063fc5
40214036
3ef63fad
be333eff
bce03f05
3d923ee7
bf463fa7
bec1402b
3ff03fc9
3f84beab
4030bf48
bf3745d8
3fd63e95
bf2d3f71
3ff94021
402dbf32
3ffa4003
3fe14003
3dbcbe56
3fdc3ee3
befb400b
3f8c3db7
40334008
403fbf07
40343e63
3ff74039
3f00bf44
be834030
4014bf09
4032bf0c
3c9e3f51
3fb14019
bef13f06
bf303f94
bd9d4037
3f883ea8
3f94bf48
3fbd3fcd
4016402b
40373fe4
3fda403a
3e70bef6
3febbf21
bed6be84
3f1e4037
40243fee
3fd94029
3e4a3eee
bf723f99
3f6f3eac
3f0e4013
bdab3e82
402f3f5d
3e233fa8
402b403f
3ed43f52
3e9abf13
3fc73fc3
403f4035
c5d83f45
3fdfbe0e
40194019
bf4d3e60
3efe4022
3c533fe5
3fea3f3d
40214014
40013f37
3f41402a
3e4f400f
3fc8bc21
bd6d402d
400d3fe9
be333ff6
bf08bec4
bf3bbf45
3f143fe1
bf1cbe99
bf39be7c
402abd8e
3fb34007
3f57402d
40154011
3e6e402e
403cbe46
40164001
3fba3fa8
4036bf4c
402a3c7b
40274035
bda93d41
4031bf74
3fa53fc1
3f0c4030
beea3f99
3ddc3e93
40013f8f
beae3e93
40043d34
3ff73f4c
3f38402b
40193fa5
400e4018
402e3fd6
3fa6befa
3fc13c27
bf713f1b
40283fdb
3f1445d8
3f14bc13
3fd83f2f
401d401b
400dbf1b
3fab3f9c
bcdb3fd7
3fc13f99
40074031
3f81bf47
3ffbbdd5
3fa23ea4
3fa4bf0a
be2e3fc3
402b3f68
40183f05
4016401a
3f833f74
3e994024
3dc03dee
400a3f7f
bee74013
3fc23fa0
3f33403c
4039400f
3fe43f0f
401f3e2e
bebd3f51
3f423f88
3dd93f05
400b3fde
3ebabf55
3f8a3f99
4014be62
bf373f2a
3f71402c
3efb3f53
403d3ea1
3fcebf30
be8c3f60
3e004026
40103fdd
3fce401a
3fc9bf62
3fb93f3f
bf51be38
3ff5be87
40104018
c5d8bebc
400c4017
402a4030
3fbe3ff1
3f933ebe
3e534027
3f05402c
bd9e3f89
40074010
bf363fd6
3fad403f
40183f4a
3fce401a
3e714018
3fbe3fac
3fdc4012
40144007
3ea83f9e
3dfdbf12
3ecabf1d
40274006
3d83b9a7
3f94be81
3d0e4006
403a3f3d
400f3fa1
3fa93eb6
3f204011
3f933e70
be083f74
bf0dbf32
bf3a4018
3f1c3f73
3f42bf4c
3fb54028
402f4009
40073f15
befb3f02
3ece4006
3fb43f67
3ea73f8f
3f7c402d
3fecbe95
3ed93f73
bf31bef4
3f054008
bf483fb5
3fe94008
3edd3f4f
be3245d8
be0f3f92
3fc53fa5
bf7cbdf6
4028401a
3f87bf16
3edb3fc8
3f8f403c
403fbf57
3f923b9e
3fe83e93
3f49be80
3fbc3f01
bf0e3f96
400d3fa6
40234032
4035bf3e
3ff73f9c
3fc83e44
4021be86
3f43bf28
3fc93f08
40203fbf
403f4028
3dd53feb
3f583fd2
3d264015
4009bf7b
3ec43f0b
be9f3fa4
bcc94015
3fc63fef
3df63f1f
4029be62
be633fee
401e4010
bf803fe0
bf1e3fdc
40403f3e
40084038
3ed6bd8a
bf704022
3ffa3f4d
3fbb3ed4
40173fb8
3fec401a
bd1d3f1a
bf3c3f87
c5d8be8c
4024bf62
bf4f4019
3db63fc7
3fd93ee7
402c400a
40223e8e
4028bf46
beb93f94
bf68bc8b
403a3f48
3eeebf1a
40393f23
40073f6c
401f3f69
4026bec9
bf3a3fa2
3f6a3fc2
3e7abe04
402dbf39
3ebd4009
bee34017
3e34bf15
3ed43fe9
4013bf46
3f654003
40033fea
3fb83f00
3f904034
3fa2bf39
4009bedf
4034be57
3fca4022
3fb53e3f
bf19403a
bc19be27
38a33e91
40263f57
4005bf6c
bd7b3ff0
3ff83fcd
40104013
4003bf49
3ea8402e
bf713f22
be903f2e
401a4005
3e8f3eeb
40143feb
3dbe45d8
bd493fda
403f402b
3fa13f74
bf293fbd
bf793fad
befc3f5f
402a401d
3e953f96
bf6d3fe4
3f8e3fed
3fda3f54
40383f94
3db73e03
3eb4402f
3fe5bedc
3f46bf1e
be02401e
3ead3fba
3fbb4029
be9a3fc0
400d3fdc
3ff0bf57
3fb63ffe
bea13ffa
3e833f00
3fccbf4e
3f363f8a
3f91bf05
bf1f3dd1
3f313e8a
bf77400b
3f173d4c
3fb34020
3fda3fa0
3fdc3f00
3f7b4015
40123fec
3d8f402d
3fb34011
3ed44002
3e4a3f2e
3f23402e
bf69bdac
bdf9400e
4003beab
401c3fe1
3ea6bf2c
c5d8401a
40243f39
3fd83fe3
402d3fb8
400e3f97
bf7b4025
befabf66
3f9b3f6c
3f543fb3
3ff3bd27
bf273efa
3f13bf56
4024bee0
3fac3fc3
bf6e4022
3e8f4019
40024025
3f3cbf68
3f7e3ff3
3fedbf34
3f15401b
4004bf11
3f4d3fbb
3f144036
3f893f97
3fabbf11
3f053a2e
3fd23e86
3f783d99
3f373f63
bbcc3f33
3f85402c
3fe43fd7
3fd73fb7
3fbf3f62
3e1a3fa0
3fb83f6b
befb4022
bf3cbf80
3f793de7
40133f7f
bcf64032
bf7d4015
bf7e4004
3fbbbf3d
3f923ff2
be8dbf10
401e3edc
3f89beb4
bf5b45d8
3ff54024
3e2a4036
3ff23ea9
3ec33f49
3f623f8e
3fd13e5c
beb24017
3f023fb4
40004024
3e0fbdc4
3fb8bef5
3f6d4040
401d3e64
401b3fa1
40103fc8
40313f9b
3f96bf16
3f9c4020
3fa53fdc
3ff23f8a
3fbabf60
bf18bf08
400c3fc8
40024018
401b3f73
be664008
befb4016
bf4fbf64
3f713fc3
40283ee8
402a402b
3f1a3f01
3eea3e74
401b403f
3f343f23
40203ff0
3fcbbdac
3e20bf5a
bf323cb6
3fdc3f2a
3f0f3ec2
40343fbc
45d8becb
3fd6bf23
3f8dbf71
bf67bda8
3fa4be75
3ed9403e
3f403fa4
3f57bd7c
bd9b3fe8
400f3d9c
bf413fde
3ea63fdd
3f1e3f09
4013403d
4000bf06
40293c84
be9dbe96
be713efb
3f963e00
bf59be88
3fca3f5f
bec6be90
bf413f39
bf124022
bf6a403f
3ed8bd9e
3d06bf27
3ee33e95
3ff73f4c
4026bf07
bf3e4015
4029be3f
3f584032
401e3f98
4040bf5c
3c953fd4
402c4039
bee03f08
be293f32
3f374028
4038bf37
bf0d3ff2
40233eed
3f903f88
be3dbebd
403d4015
bef84001
bf01be03
3fbbbef6
bd79c5d8
3e6b403c
40083fbc
be893f3a
bef54002
3fdf3fed
bf2a402e
becfbe76
400a3e6a
3e1e3e4b
3fac3fc4
3f93400e
3fb6bf34
3edf3f46
403e3f25
bf6c3e85
4026bf63
402b3fcf
40353f9b
3eea3fcb
3f91402e
402cbf67
3f8f3e7e
3fbf3fbe
402fbebd
3fb03ff9
3f714013
bf423fb5
befb3fe9
3f8d4013
3ff23fe4
bf694031
3fa83f0a
bf66bf48
3ecabf6a
be243e9f
beb5bf14
be3f4035
bf293fff
40403f5e
3fee3e94
3f123f91
3e73bf06
3e42bf54
3e87be1e
40253f79
bf76bf0f
bea1402d
45d8bf2c
400d3ea7
bf463ffe
3fd94028
402fbe3b
bd5bbdee
be613f58
3f93401c
bf543fb9
3f1d403e
4018403c
3ec1403e
3e273f99
40193f74
402bbe7f
3f3e3fe1
bf4abf7c
bf6c402b
402c3f30
3f84be63
3f913fbe
403d3f8e
40023eef
40144002
3fe0403f
bf1ebe0d
3f5b4008
3e5b3f96
bdb73fc4
3f3b3f75
3f8d3ff3
3fd8bdea
bed64030
3f3dbf75
3fab3dfe
4013bf2a
bf1c3cd4
3eaa3f78
bf213dfb
3fc13ef5
3fec3f68
3fbe3eef
3f8abf58
40223fea
3e2e3f1b
bf7c3ea9
3e844002
3f3fbe88
bec93e0a
bf10c5d8
3fca4038
bf5e3d69
bf02be7b
bf43be96
3fe8bf77
be693fc5
3f943e96
3e14bcf6
bf7d3fb0
3f84400b
4022bf64
3f913f98
be433fbe
3ed13fb1
3efa401b
be8f4033
402c3f8d
3eb23e0e
bf3f4004
3f00bf69
3f94bede
401d3e77
bf76bf40
beae3f03
bd1f4001
3ffe3ff2
bec8bf29
403e4010
40133fb4
be14bdd2
3f4dbf40
40293fe7
40233eba
400f3f8c
bf613f27
40224000
400f4029
4034bf4c
bf0dbf7f
40064013
400b4039
3f1f3f88
bf66bedd
3f543ee7
401cbf4b
bf4abf12
3fb4400b
45d8bf6b
bf584032
3fe6bf7c
3f9abf24
3ff73fb5
bf63bebd
3fd7bf62
403b4038
3f05bf08
3c983fae
3fa5bf08
beca401b
befdbdd5
3f944032
3f113f4a
3fc83fdb
3f9f3f59
40313f35
3ebebcc1
40394016
4021bf12
40334031
403b4011
3f05401e
bf79402b
3fa64020
bf67400f
3d923f8d
bd64bf3f
400c3fd9
40214038
3ec6bf3a
bf64bd45
3e5d3f76
3df74013
bf323f3e
3e253e30
3f21bc3b
3e3c3f09
3e223e72
3ebdbdb1
3e0d4038
401f3f60
3fc1bf0d
bdac4028
40283fd5
be684035
3fa53fdc
be753f3c
400fc5d8
3cfebf12
4038be59
bf363f77
400d4002
400b4011
3edb3fe8
3fd43f8c
3fcb3f8d
3f303f59
4008bf49
bf463fe8
3f813f82
3fc53d4b
3ff4bf22
4001bdf9
beff4036
be0d4029
402f4010
40114010
400e4037
3f21400d
3fd93fd7
bf35bf61
4011401b
3ffc3e83
3ff74022
beec3f36
bebe3dfc
bf054015
be593feb
3fc7bf74
3d6e400d
3f974011
bf4fbc55
4013bf27
3eddbf7d
3efa4026
3f774022
40173fb6
3f8c4020
40054030
402dbcdd
bee73f87
40143fd2
bd884005
3d94be2a
bed03fe4
45d83eee
3fa74004
3fc7bf49
bea8bef0
3e2abf28
3dd33f89
3f023ef7
40113f4c
403fbdca
3ffc3fe3
40064012
40373f61
3ea0be81
be5cbf58
3e2f4008
3fa03fc6
3fea3d3d
4034bde9
4021bef7
3f274034
bf574033
3f8b3f8f
40293f9e
403fbeb0
4003bf3f
401b400e
3fedbf1d
3ea13eca
401d3ff1
bf6dbf5d
3e27403f
3f913fac
4004bf7b
3d723fff
bf7f400f
40263db1
3f2f4036
3e4f3d6a
40223d30
400e3f97
bf2bbf24
3ff6403c
40073f63
3efc3f1f
3eae4025
be883ece
be6fbeac
3f67bf34
3f543f4a
3f7fc5d8
3f3a401a
40033f14
40304018
3f873ff6
be04400f
bf774029
3ea9bf32
be443fb1
3fd2bf4b
bd4d3ff1
3b1c4031
3e8c3f96
bf3d3f3c
403f3edf
bf653f42
40063fcf
bf08400f
40113f69
3ea03fdb
3dd53f2f
40043fe4
3fea3f80
3f8cbf05
3ff63fb7
3c833cb3
3fd6bebf
be44bdd8
400d3fad
3fd93fe0
3fa43f67
403e402b
3ea54037
3ff1be98
400f3fd2
3e213f54
40083fc8
402b3f0f
401e3fb0
bed8be05
bd07401e
4005be51
be194001
3fb73de6
bf4f3f9d
403ebf3f
3f993efe
bf7bbd56
45d8bf1f
3f75bf5a
3fc23ff5
3f7dbdd0
401c3fff
3f0e3f01
4015be8b
3e883fac
bf703f2f
3f5d3f39
3f9d400f
3f213f6d
3ff23d39
be58403a
3ffd3fc1
3eae4006
3f533e9c
bf31401d
bf773fe1
befc3f87
3f9fbe9c
3f4a3f2f
bf063f7d
3fbc4021
40203f13
beb24015
3f48402c
3fd74006
3f193ffa
403a3fd3
be5a3ff7
40143e9d
3fa64037
3f99bee4
403bbeb5
40324006
3fea3ebe
400a3fcc
be613fc6
3f804013
3f953fa9
402f4037
3ffabf35
bead4003
bda23fa6
3f52be38
3ebe3f5d
bf474020
40294028
3f2ac5d8
3f83403e
3f96bf6e
3ff64039
40143ef4
40283ff3
3ee7bf00
3fbcbf2f
3e8a401f
3ff33d53
3ff03fcf
bee13fa3
3fa1bf7d
bf6f3d9c
4014beea
40233dd1
bf0d403e
4017403e
3e8dbf41
3f494006
3f19bee9
3f7e4032
bdae3e2c
3e853fe7
3f903f92
4040bf5b
3f504000
3ea43fb6
40273f4a
40143ff3
3f773fec
3db33fcd
40103fc7
3f8e3e14
402b3f8b
3ed13fff
402dbf51
3f0ebe36
3ec83f10
402b3f45
bf0abf27
bf373ffd
3fac4012
be873f31
3fdf400a
bf24be68
3fd5402d
4033be7b
45d8bf14
3f9cbe8c
bef73f91
bebf3e9c
3ff53f9d
40103f97
bf0b3fdf
4032be70
3fc1bced
3ff43fbc
3fbd400a
400a3fcb
40343f58
401abf47
3f453f4f
3fbb3fea
3e723ff3
be864031
beda4035
3fc93f6f
3ffe3fd8
3fa24004
be52be01
3f833f96
3e103f7d
be3e3f4e
3e89be86
4030bb0d
3fa9403b
3c464022
3f8d3fce
401b3f72
3f26be36
40023fcc
3ea33fc1
bead3ecd
befe3eb3
3f7c4020
3f0a3eed
4033402f
bf3f4017
401c3fc3
3f623f8c
bf41bf75
3fa645d8
4005bf43
401d400e
400b4032
40034029
bf4c3d9a
402dbf22
4025be07
bef43e48
3fd33fa3
3ff64027
3eb1be45
bec3400f
3fe23e8e
402d3fec
bed53fa3
40243fed
3f5d3ff7
3ff1be6c
bf4abf60
400f3fac
402d3f12
be143f97
bf46be86
3e4c3f94
bf47bf5d
4019bf1a
3fe03f2a
bf5e4020
bf673f74
bf193e8f
3f65400d
bf35402c
3fe03fb5
bf633e4f
3ffc3fe3
3dc64035
40013fec
bf2e401d
400dbf49
3fcd3d70
402d4029
3eadbd3a
3ff13ef4
3fbfbedb
402fbf66
3fe53fc6
3e6cbe0a
c5d83f77
3f4b3fcd
3fa2bf0e
3fc6bf80
400d401e
3fd83fee
3f3ebf2f
3e114010
400f3f4d
bf613e37
bf573e81
4019400e
40153e93
40153ff5
bf4f3ea5
bd3d3f47
3ef64007
3d573f65
bf7dbf36
ba883f99
3fb93f85
3fcabf1c
3fc7401e
3ff6bf70
3fff3efa
3f0e4020
401f3fe0
4009be55
3fcbbddd
3fb1401f
40394018
bf5fbf16
3f993ebd
3fe7402f
3ea4bde5
3fa0bf68
bf0f3ff1
3f8b400f
3fe7bf55
403e3f58
3f383f83
3fe2bf7a
bdc74039
403c3f5e
40293d8f
bf6e4013
40183e56
40323fea
40273d58
3c9745d8
4006bf59
402cbf35
3ed33e84
bead403d
be124038
bf52bf6e
3fc5402e
3e033faf
bf553eae
40283fa1
3d983f8d
3f8b3f91
3f9f4036
40023e81
bf5d3fdd
bde5bf4b
40233efd
3fde3fa8
3d4e3fd4
3fab402c
bf3c3e01
402e3f63
3f72402c
3e9fbf60
3fc03fd4
3e9b3fd7
bceebe9f
3f453fbb
40013f87
bf464034
403c3e6d
401a3fb6
401dbf34
3fcabd65
bf433f80
3ea53f04
3fa0bd86
40074020
40003fba
401e4002
3f6c3fb5
40193fff
401d3fdf
3fd6bf04
402d400e
3f983d0d
beb34001
c5d83f8d
40083fba
402abf0d
3fc8beca
401f3fb0
bf6b3ea2
3ea13f10
3f4ebf74
3d50be97
3dfe3fb4
400c3fef
3fdbbee8
3e7fbe4b
3fcbbf4a
3f743f9b
3fc04007
bded4017
402b3f0e
bec24031
bf5b3f6b
3eee3f00
3fe0beb5
bd3d3efa
40073feb
402fbea6
3fa13f74
40253f26
3f333f8e
40264021
3f85befb
4024bf7e
3fd33f7f
3f0fbf11
3d9d3ebe
402a3e81
3fee4021
40193f3c
403c4018
3fee4019
3f933fd3
3fcf4038
40143fc7
bdb24024
3f473f20
3c0dbf19
403abf0b
3f7c3fd6
bf744017
be7dbece
3f9f45d8
bf563f8c
beff4034
3ee6bf41
3f073c2e
3f6c3e93
3f893f53
3e3b3f70
3fccbf15
3fc53e16
bd90beaa
3fe03f0d
3fc6403c
bea43fc0
401ebe39
3f494026
3f0f3fd8
4013bf4e
3f23bf63
3f52bf44
be14bf32
3fc03ed6
3e653fbf
3d214023
401b4032
3fa74039
bf514032
beaebec1
3f913f8b
3b1b3d7f
3e623f6a
40154003
40344039
4016bc0f
3e89bea4
401c3ec7
4036403b
402f3fa9
3fabbeff
3ff13fd6
bf244012
40123ee9
3f974025
3f5f3ffd
3fe93fa9
3ec33fe2
402fbf65
3f6c4033
c5d8401d
3f733ef4
bf043fe9
bf1a3ff8
3fb43f8b
3f133f98
3f323f4e
3f3bbe8b
3fbb3fbc
4019403f
3e2c4026
bee43f62
3f8e402f
40293f2c
403c3f33
40004011
3fbc3f76
4026402f
3fd73f7b
be943fd2
bf403fd5
3c46be0d
3f55bf7f
401b3fc8
40023e99
bf5b3f50
be984018
3ef63f31
3d163e1d
3fc3bf1a
3ff13d91
40094035
3f533f54
4020402f
3fbbbeae
3fad3f0c
3fa5be9c
bec54012
40073fb4
3fb63e7e
3fd2bf10
3f1a3e8a
401e3f53
40243fdd
3f95bf5d
3e0a3ee1
3f64bf51
3e68bf71
40203f16
3f1645d8
be083f9c
bf684033
3ebb4006
3d013fa4
3f7b3ffd
3f82be17
3fae3f8d
3f43bf4e
402ebef0
bf3a3f88
4007bea4
3f49bf31
3f27401f
be503f27
3e6b3ebc
3f28401f
bde73e80
403f3f3e
3ff6402c
3fd13f9d
4002bf47
3fe53fb2
3fbb4001
3f9ebf1c
40103f99
3ffb3f02
3cd23ded
40253fb4
40084006
40243fe6
bf574025
be613f7c
3f3a3ec6
beabbdbd
3eec3fe4
3fdf4019
bf083f38
3db2be99
4030400c
401e3f94
bf0ebe1b
3fcf4028
3f8f3fec
40193fe5
beb8bee3
4009be86
3fd3bf43
c5d83fee
40373fd1
3dac3e02
be753fee
400f3feb
4035bee6
3f27402a
4013bd32
be9f3ffb
bf7e3fbd
3fc33f60
bee93f86
3fff3fec
bf2b3f57
bed9bebb
3fdcbf0a
3fe33fdd
bf033fea
3fb24025
bea43fc8
3f913f88
401cbe97
3eb23ffa
3f023fbc
bf0b3d50
3fbd3f38
3ef33f04
3ef24007
3fca3f88
3ff73f18
3f863dd7
3edb3f41
bf653fcf
3fdf3fdf
3f983f43
3fa4bf43
bf073fac
3f5fbf2e
40304011
40013ff2
3efc3fd5
bdf43f3a
bf7ebf68
3f9b401c
3d5b3e64
3f843f6f
3f543fb0
3ff74025
bf7c3f70
401345d8
3f56403c
3f8d3fa1
3f973eba
3f324034
bee8bf74
3fa33e29
3f583f4a
3f8f3fa5
3fe1be9d
3f603e08
bf4c3ff9
bef74002
3f84bf67
3fd03e76
3f113fe9
3f27bf49
40284019
4025bd97
bf3cbe93
40233fff
3f123f12
be784015
40344020
40143fe2
bf004031
3feb3feb
3ee04030
bede3f7e
3d223ebd
bf763f1a
3f98401b
3fd23fc5
3fe3bf35
3ff63f5d
3fda400d
3fb54001
bf45402d
4004bf7d
be24bc5a
3e9a4039
bf3a401c
3f454023
3f273fd8
be90bf7f
be133ed8
400c4015
3eb43f08
c5d83ee8
3e8f400d
bec34001
4025bebe
3f603fc7
3fee3e9d
3ff73fa1
40133f6b
3f8fbf2f
3f7a3fa4
3ef03fbe
3fc03fd0
3ebd3f1e
bef8bf41
bc09bf0d
403cbe2e
403a3e31
3fea3e29
3fe7402b
3f4d3e69
3f6d3fdf
3fe3402f
3ff4bf73
4033be1c
3e5f3fa8
3f8dbf2c
3f9e4024
becf3fb2
bf6d3edc
be863f5b
402c3fed
bf233f8c
40163fcb
3f5d400e
402e3fed
3dad3fc3
bf59bf77
40313f33
bf5f3f74
bf533ebd
3f9abee4
3fae3e39
bf34be57
bee14009
3dcfc5d8
3ec93e30
40403f3d
40194013
3eb93ffb
beeebf0a
bf11bedc
3f91402a
bf794032
402e3ef7
3fe83f96
403d3f92
3fd33e8b
3eb43f75
3ffabe4e
40183faa
bebf3fe0
40153f21
3fdfbe9a
3f0ebeab
bf2e3f2e
bf363f8a
3f95403f
3f93bea9
be8b3fd4
3ed03fba
bf083ecb
3ef1bf78
40304007
3f4e3f63
40273fbd
3f3b3fdc
40113f0c
bf6f3e6f
3f8dbef6
bf103fc6
3fe5402f
3f433f46
bf4e400c
4036bf2d
3ebf401c
beef3fb7
bf723fd8
bf47be4a
401dbecd
3fbebf09
3f6dbec2
3fd0be43
45d8be8d
40033f8c
40233f70
bf3ebe8a
bef8be6d
3fbc3ec3
be7b3fce
3e394008
40323f82
3f1e3e02
3ff5401e
3de73f4d
4022400b
bd17401f
3fcf3f87
3f524032
3f8e3fdf
3f113d5d
3f9e4017
3f363fa8
40053f17
bf4cbf5e
403abf61
3f9f3fbc
4033be82
bf5e3f44
beb4be90
3f373ffa
be593ffe
bdf94030
4010402d
3f18bf61
3f7abeb5
beab3e57
bede3e15
bec4be1a
3f10bf23
3f303fa8
400abf76
40363fd1
bf083eff
be874038
4007bdc6
4030401c
3f943cd8
3ead4003
3ffe402f
be8f403b
3ff74009
3fcec5d8
40384019
3ef2beaa
3f67401b
4005bf6c
403d4018
3f853fc7
3ffb3f0f
be92bc69
4003be97
3f9cbf15
400fbed4
4007bf7a
3f34402f
3fd74002
3f73bf18
be063f9c
be4a3ff6
bf0f402e
bf5d402a
bcd63fbd
3f5a3fb4
3fb2be26
40144006
40383f7f
bf2a4011
403e4008
bdfbbebc
3e933e86
3ebe403f
401fbeb7
40044022
bf063efe
4037bf4a
3fd03f88
3fdc3f35
3f143f82
3fce4038
3fe5be7f
bee33fed
bea13f9a
bf7f3fdf
3e803fe7
bdba3fbc
3f7cbefa
bf583f62
bd3ebedc
bf4f3fc1
45d83e8c
bd0abd9a
400c3ea5
be6c4007
be113f7a
402c3f65
bf09bf15
3f0c401d
3fb7be9a
40153d3e
bf4e4038
befb3ef3
3f973fd3
3ffe3f87
bf02be97
bf4bbe42
3eac3f35
3fd2bf37
4032be3e
3f1c3ff5
bd264035
3f84400f
bd60402f
3f5e3fe7
3f41bed4
bf203e40
402b3dbd
3fc1beed
3ec9403d
3f883f96
3ed03f2b
3f6a3f10
3fdfbf74
40324021
bb1e3f5b
bf5b3e0f
3e174013
3fba3e6e
3f843f70
bed7403f
401f3fe3
bef73e46
3f59bf05
3ed43fa0
3eb23fc2
40343d15
403fbf38
be9f3fed
3fcb4008
3dcbc5d8
403fbf1a
3cb9bd88
3eab3f04
3ec63e61
3fd3be4a
3ef33e7c
40334027
3fba4009
3e4abf47
3f0a3fe0
3e293f0b
bf3ebec8
40183f6f
3fbc3edd
be39bf00
3ef03f92
4018401d
be943f55
3fe53fd3
3fe33fc0
4009401a
3f653ee3
3ffa3efc
bf193ff6
4011bedb
403f401b
3dd03f01
402bbf02
bc8e3fd0
3ffc3ff4
bf163ff7
4000bf12
3f9abcfb
3f563fca
3e9cbeed
401cbf4c
bd31bf23
3ff74033
40363feb
3f56402f
40263ef6
3f57bec4
3f8a4037
3fe4401c
3eab3fc0
bf664025
4039401a
45d83f15
3ea24004
3f8ebe0f
3f9b3f28
3f933dbc
3fad3fa9
be283fc0
3f1c3ff0
400b3f44
3e33bf69
40293ff2
3ea13f81
3fee3fc0
40193f52
be963ff0
3f8fbe43
400b3f8b
3fe63e9f
bd49403e
40113fa8
3fb7bf30
3eda3fa8
40074015
3fe63f35
40173f00
bed1be41
4026befd
bdd3402f
bf4fbf5c
40173fc4
be583fde
bf09bf15
bdf53fe0
3ef0bebd
beac3fd2
bebe401f
402b4001
4011bdde
4003402d
3fae4017
3f243db7
4031400c
3f323f36
bec24038
3e83bdab
bf5c4015
40084035
3f9c3dfa
bf0c3ec7
bf30c5d8
4002403e
bb5d3e65
403c3f4a
3f5ebf6f
3f1e3ff3
3fe83e94
bf16bf25
402c3e43
3af6bef3
40203dc9
3f763e78
be2e3ede
400e402f
4029be12
bde63fea
bea53feb
3fde3eab
3f9e3ed8
3ff53f17
be833fb5
bf543fb5
bea1403c
3f99402d
bf273fb7
bf104039
bf0f3f7a
3ff53ffc
3fe4bebe
3f944009
3fecbf3a
bf523ecd
3ff13f5a
40093f07
3fb93fc9
3fb63fc4
3fa3bf73
3eb93f8a
3fe14037
3fd23f84
3fca3f0d
3fecbf70
4026bf54
bf2c3f8e
4027beb2
3ec5beaa
4024401a
3f273f19
45d83fad
3fbd3fc6
3eee4037
3f93bea1
3f8ebda8
3f3b4003
bd9d3edc
bf743f37
3f9bbf21
3f493f9d
40343ff1
bf583f17
be15beec
3f434011
402e4011
402bbe11
3fe4bf67
bd2e3f47
bf393f40
3f213fb5
40094021
3ff6bd3b
3eee4030
4021400f
400f4014
3f9ebf65
403d3f86
bf7b3e3f
3fb1bf4c
bdac3f81
bf173ed2
40144004
40003d99
402c3e5c
3faa4008
3ff53f4c
bcbb3eb6
3febbe63
3ff43fc6
40103fb2
bf25400e
3f74bf56
401b3f99
40303f98
4030be7a
3fdcbf1b
3fc93fcb
3fb43ea8
3e8e4027
3fefc5d8
bf0b3f66
4006402d
4005400d
402ebf30
bd8b3f56
40083ea7
3eb73eb9
3f8dbf1d
403e3eb6
bece4026
3faa3f51
be793ff1
3f033ff7
403b3fcf
4035bf3a
4019be87
3fc63d51
400ebf04
3fa73fb8
3f353fcc
3f8d3ea6
bef5bf3b
bf633e05
3faf401e
3ffabee5
3fe6bf31
3ffd3dad
3f1b3f6c
3fcf3fc0
40073fe9
3f5a3ff6
beb93f83
3fe44022
be39400e
3ec43e8c
4033bf33
3e98bf1d
3f1b4000
3e3e3fcd
3df3bd99
3ffc3f29
3f84bda0
3f063f7e
3fd53dec
3e533f7a
3ebb3fcc
bd003ffb
45d8be1a
400b4032
3fcd3f2f
3e03400d
4022401b
40213e0c
3fae3f71
bf543fc9
3e11400a
bd8c4002
bf303f0a
bf58beb2
3fb5bd8b
bddb3ed7
3f6c402c
3fa83ed4
bf1b3fad
3fb74001
4023bdb8
3e9d4016
3d4e3f8b
3fe73fc9
3e884007
3eb8be95
3e0c3fe6
3ed43fea
3fa34028
3f004003
3fee401e
40313ffe
bf473ffd
3f963f90
3fe5bd19
3e3fbf3e
3f523f07
3f14bf7d
bec33fa3
3ed24020
bf773f11
3fc13fd1
3e74bf43
4010403b
bef14019
3e7c3f61
3fb03fbc
3f973f19
bdbbbf36
bf5bbeb4
bf233fe3
bf29c5d8
bf54bf6c
3f553f05
40353fa9
be1d400d
3f3e3feb
403ebef8
3fe93f5a
bec93f1b
40393ff6
3fcd4026
3f103e0b
3f7b4033
40093f85
bea44023
bf394015
3f333f0e
4028bf3d
40354011
3f90400e
40194025
401a3f15
3f83402b
bf44401e
4013bf5e
3dee3f8c
3f093fb9
bf703f18
bf733e85
be0e3f41
4019400a
3c603fce
40104025
401e3eac
3f1a400c
3fd2403b
400fbea5
bec6401e
3f1fbecd
bf7f403a
3f66be0b
3f613f8e
3f0b3ede
c5d83fa2
400c3d3f
be8cbf59
bed3bf2a
403a3fc9
3ef0bf05
be1b3ac4
3feebf17
40063fa0
3f9b3f41
3f67be02
3e774022
be8d403b
bf6c3f6c
3ecebeee
3e71402e
3ec2bea9
3ff84019
40334008
bf1ebf32
bf02bf50
4012beaa
402e4019
bf5c3fb1
3ff2bef4
3f2f4032
3f8c4023
3fa1beb1
bf713f5e
bf493d09
3d8dbf1a
3efb3f8b
3fb24036
3ffc401d
40183fae
3f2a3f54
402c3f27
bf183ffc
40154036
3b97be5b
40163f48
3fdf403c
bbdbbf2b
be453eed
bf65400d
bf403ce9
3d70befb
3f8bbf17
40083dd0
3f3b45d8
bf7d3e3d
40333ff3
3e793efd
3e9c3f01
bf403dc6
3ffd402a
4018bf3b
3f73be93
40083fdb
3f0d3f09
3fc84031
400d3faa
bdd04029
4034bf4a
3f3c3ee8
40273f1b
4028bdb4
3ff54015
4016be88
bf033e12
3fbdbdbf
40043ff3
401c4022
40013f3f
40133f97
bf1e400c
4010be21
3fe3bf1b
403a3ff9
3fc23fd7
bd894016
4007401f
3fb13f1d
3fda3f4d
40283f31
3f03befe
3f454007
bf20401e
3ff9400b
3f77403f
3fe23fce
3ff74031
3ff7bf61
403f3ed5
bf433eb5
400cbe5d
be48bef4
c5d83fcb
3ffe400b
3e5b3f3c
3d484001
401b3fdf
3f373ead
3f7e3fb1
400e4008
3fdd3fb0
3ef2bf1c
4008401d
3ffd3fb6
402b4021
3fa13f76
3fab3fa0
bf55bf05
beb6400e
3d954026
4016403b
3f934018
3e9d3fd4
401f3fa6
3fa23e6a
bf6bbf2c
3f06402a
3ef23f8c
4002be71
403c400e
bcdabf5f
beb03f15
bf40bf6e
3f333fdc
401e3ea6
40044016
3fbc402a
3d803fc1
403e400a
3e5fbf5c
400bbe2d
40343fa8
400cbe2c
3ec7403c
4021bddb
3ed53f06
3fe13dd1
3f3bbefa
3fae3f89
3ee23ff8
3f1ebf19
bf3845d8
3ff03f5e
3fc73f49
40264014
40373f90
be094010
3fda3fe5
bf5b3f2c
bf71bf5a
3fe8bf24
40393d9c
3fa64039
3acc3fb0
4006be9a
3fbd3e54
4008bedc
3fa64021
be81bf0a
bf6fbe37
3f0d4015
be3f403b
bf36be2b
3f0f4037
bf1a4014
3ee53ea2
403b3ff6
3f4d3f2a
3e063ffd
be2fbf23
3f3d3dcc
3f78402b
3f26400e
bc973e3f
3fdd400b
3ef53f3d
bf78be2c
3fae3ff7
3f493ffb
bf6c4002
3f3ebf2a
403f4034
40173ec5
be7f3fc9
be613fda
3f824002
40383e42
3f623e96
3c23be2c
c5d83f5b
400c3fe9
3ef33fc1
3d8fbf29
3f7e3fc0
3f753ea6
3ff5bdee
3f8abf36
3de13f60
402f3fa8
bf11bf57
bf523f9a
3f3d3c31
be044037
3f9c402d
401fbf61
bf593f0e
40313ea5
bf3e4005
3ab03fc6
be38bf2c
bf6c3fe9
be9abf56
40223eb9
3fefbf11
4006bca2
bde33fc4
4037402b
40273fea
3f79403c
40184037
3fc63eb3
3f7b3f78
3eb13ec7
40013f07
3f643f89
3faf3f60
3ebe3f35
40193ec9
3fe0bf12
402e403f
3fec4033
3fa23e96
bd213f06
bf46401d
bf52bf50
bdf83e31
3efdbdec
3f993f44
3ec845d8
4003bb97
bf6b3e8f
3ea4bf15
3fb43fc4
3ed6be8d
bf203f51
3fbc3ff9
3fc23f23
bf79bf13
40073f0d
401e3ff7
402e4032
3ec04031
bf103f96
befc3fc1
3fc23f2e
40333ff8
40043dec
40153fea
3ffe3fce
be173ffa
bf0d3f92
40233f3a
402a3e92
3fa53f95
4023bdae
3fabbf58
3ff2401c
bf71bf09
3fd63f9e
401b4012
bf0a3f47
40283f28
be1cbf4f
401f4023
40034007
bf774039
bde33fa8
bd463eef
3f66bf69
3fa13e0a
bf603f91
bf194033
bec63f14
bf56401a
400e4021
bef44033
c5d8be80
bef8be56
4009403c
3d62bda6
3e14400c
400fbe71
40233fc1
4027bf3f
400b3ea8
40073fea
3dad3fea
3cc1402c
3daf4005
3f9c3f17
403e3ffd
3f353fa1
3f553dae
bf173e61
3f984000
401d3e2d
3fef403e
3faa3f74
bf084035
3fc23fa6
3e5b400a
401f3fcc
bec6bf2b
3fe43fa6
be623fe0
3f0c401e
40013fea
bf584039
3ff13e92
3f934034
403e3f78
bf16bf51
40013ff1
3ec1402d
40083f8c
3fd63f9c
3fae3f97
40203fb1
3fc93ffc
be81403c
3ebd3f72
3f004038
3f483efd
3ea43f57
3f953fde
3f3145d8
3f943f56
3f673e28
4018400a
4040bf46
be1c3f5b
40263ff1
bf554032
3fa83e88
40053f90
bf2fbf34
3fc53fb8
3e5a3d85
403d4028
40093fa0
bf343f3f
3e6a3fcf
3e943f14
4015bf2c
401f4013
40024034
3f1c400e
3f51bdda
401f3fd9
3fa84015
bf0cbf5c
4004beb8
3f723ff0
3ec2bf78
3f55403f
40303f5f
3f8d401f
3f953fb2
40084014
4027be56
40203ec0
3e863f20
3fa04036
3fe13d91
be593fff
3e584017
bdbc3fd1
402fbf7d
3fa23feb
402dbe10
3fa13fe4
bf54bdc6
3fb5be49
c5d83ec7
3e793ff5
401c3f2e
bf0a3fac
3ffd3d91
40223ff9
402a400c
3d963fae
40003f01
402f401f
4015be97
3ffbbf1b
3fd93f51
402dbf1a
3ff44014
3fc84033
403dbe8c
40383df3
3ff83fad
3fdbbf59
bec6403b
bf5a3e41
3f4c3f89
bf233ff7
3fc63ef8
3e194036
3f623f46
be58bf33
3ff83f0d
3fe83f22
402ebf79
403a3fb3
3f83be81
3e8b3f70
3ed93f8b
bf5d3fc4
40153fcd
40023fcd
401b4009
be713fb5
4021402c
3f38bf05
bdcd3e2a
beaf3f15
3fcbbe65
3fc33f92
40103f42
bf273fd9
be8dbefd
3fd345d8
3fab3e0c
3eae3d39
3e0dbe87
be82be24
bf253f87
400c400f
403b3f8b
bf014040
bf353fe5
3f46bf68
401f4026
3e4fbf06
40233f0f
3ebe3e80
bf07bd96
3d6f3e27
bde3bf60
40173fa6
3f623f58
3f6f3e47
beb5400b
bf183e90
bde23f9d
401d4036
3ed23f8a
bf5d3fe2
bc303fd6
3ee23f0c
3f5e3e4e
3f194030
bf283ff7
bf7d3ee5
403c402d
3f94bc38
3f76bf6e
3fd1400a
40304002
3ea73ff2
400a4009
3f793f8d
3d883ee1
401d3fda
3f21402d
3fc53f2d
3f80bde7
3dbe400d
be943fc2
401a3f9e
3e5f3fd0
3f8a3d98
3eabbf4d
bf6a4025
40213fab
3f553f25
becf3eb8
40043fa7
403b3fde
bf193e9f
3f9c3f8a
3f2a3f82
3fa1bec1
3f904008
403c3f0d
3f6e4026
3ef8bec2
3fef3eab
3f593f66
3f3f3f56
bf5e402c
bf784001
bdab3f79
400a4002
3fd93fa0
3d0e400b
bf74bae4
bf3a3fa3
3d93bebc
3fb33fa0
403f4036
3fe8be46
3fec3fb9
3fe53f24
40243fae
40123ff1
40283d37
3effbf3f
401dbf0f
bf2b4015
bf7a3fc4
40163f85
401b3fd6
402fc5d8
3fe63fec
3fbabe27
3f223d39
bf303faf
3fa54009
3ff83fd4
bdd73f3d
40204033
3f963fb3
400dbe23
3fcc4016
40253eb6
3dfe3ffd
3f8fbf57
3fd73fdd
400e3fb4
40053f83
3f1abf33
40343f2e
bf10be7d
3e5b3f8c
40073f74
be803ff9
3f9d3ff7
4040403a
403d3f8a
3fff400a
be5d3ff8
3ee73f07
bf3d4035
bf713f9d
beddbea2
3fbe3fc4
3fb1401a
3e4f3f52
bf754010
bf6f4028
3fabbf55
3fce3f50
bf393fa8
3fb6bf11
3fdcbf4b
3fedbf4c
3fd5bf77
bf3e4035
bebe401c
3dd6bf26
45d83cf4
4037bf39
40243e6b
403b400e
3ec4bf28
401b3fee
3ffa3fde
bf483fcf
401abf3d
3fb03de9
3f76bd9e
4025403d
3fbd3fff
403a3fc1
3e9e3feb
40263f5f
3f083ef8
bf6e3ef1
bf4f3f75
403f3f41
3f2e3f46
bd3c3fbe
3fbc403d
3fff400a
400ebf6c
bf6f4025
bf003f99
bf023f80
3fa2401d
40384006
3fb7be8d
3d993fb0
40343d97
40124001
401a3e38
3f9a403c
3f97403e
3fb33e7c
bf583f55
40274029
3f614005
3ff9bedc
3f653fdd
3f613ff3
bf66bf0b
3fd03f57
bb11bf4f
3f6ebf47
bec03f67
3f86c5d8
bea84019
3fa0402d
400f3ff2
be6e3fae
3f44bec3
3f6c3e46
be6e3ff4
bf313f65
40093d91
3ebfbf56
3fa13d3a
402b3f92
bedf3f4e
3e81be67
4001403f
bebc3fe4
3f97bf71
3eea3f3a
402b400a
4003bf4a
3f743f61
3f8c3ffc
3e8cbf45
bf1a3e84
3fd73f1d
3eec3ee2
3fb43f60
3f2a4033
3f80402b
40353f05
3fa2402a
4002401f
3ff1bea5
3f2a3f4d
beb93e7f
bf01bf6d
3ee03feb
3f813f12
3fd73fdb
400bbde7
3fa13ebe
bd4f3f8b
3e51bf3c
4011bf21
401a3fad
be85401a
40343fed
45d8403d
3fe7402a
3f7c3fbb
3f563fee
bf443ff5
3fab3f93
bf58befa
3fda3fb8
3f30bf47
4038bf14
3ef84013
4040bf66
403f3f7d
3f883e9f
40374035
3f044009
400a3e14
bde03fc8
3e443f58
3f723f06
bf203fa7
4039bf2d
3fb04035
3f7b3f92
bd21bf21
40213eb7
3fa43fd4
401e402d
bf6d3f90
3f1a3f37
bdc3bf11
3fd03f20
40344012
3fc8403a
3ede3fa8
bc223f4d
3e6f4000
3f5d3f43
3fa5bf28
be993f9d
3f8d3cca
3fe83f8c
401e3fed
be0e3f2c
3ec93f95
bed44004
3f183f91
3f50401c
bdc03fbc
3f17c5d8
3f314015
401c3ea1
402c3f40
3e823ff8
3fb1bf4e
3f493fa2
3e473ec1
3fb0bebf
3fef3fbe
3fac3fbd
400c4019
bf373f6c
402d401e
bf59beee
3d964025
bf37bf63
bee33fbc
3f78bdc3
3f77bf72
3ff2bdd7
3fc4402c
3ebe4010
4025403e
bdebbec0
3f573eb8
3ff83fe3
3f9d403c
3feebf47
403cbe9c
3fc5bf6b
3eef4009
3ffd3f4a
bf243faf
bf263fb0
3fcc3f4e
3f03bda3
3fce403e
be593ed5
3ea4bf49
3f6c4011
3ff1401f
4017bf40
40253fc9
3dbbbf3a
bebabeca
3f2dba96
bf0c3ec6
45d83edf
40373fb7
bd4f3f94
3fe83f75
bbcb3dde
bf4f4006
3fd8beab
be0fbed4
3ee44014
3f19402c
3ffd4034
3d7b3f05
3fae3e2b
3ee54021
be1dbe31
bf413fec
3e904038
3e933fee
40083f3e
3d60bced
bc633fc8
3f8b400d
be90bf02
403c4015
402dbf4d
bf3fbf75
3fed4022
becc3f16
4013bf4d
3f303f8d
3fd8401a
bf2bbf71
be2dbef0
bf494018
bc2abe8f
3f9c3f1d
40003fc5
3e57bf52
bf0abe46
bf03be57
3fd33ffd
3f943fb9
3fb1bbf6
40174019
beea3f4c
3e623fdf
3e48bf1c
3fe2be3b
400b3ebb
bf7ec5d8
3f933f0f
3d66bd36
402d402b
3fd63eea
bf324014
401e3f8d
3e313fa4
beaf3f67
3fc53f7d
3eb4bf6d
bf723f1a
3f8d3e78
be973fcc
40243d92
3f8f3fc5
3f153f05
3fde3e12
bec74021
3f3b3ea9
be95be29
3fd53fd5
4008401d
bf1fbf2d
3f603f08
bf393ff7
3e4abf78
402e4005
3fa0402a
402d3dfc
bf7f4025
3fe6402b
3f093ed7
401a3f00
4017bf0c
3f903f8d
bec43f10
3e1f402b
3ff14026
401cbf10
3fe04017
4003402f
befabe93
befe3f8b
3e1f3e4d
bdbebf75
401d3ff4
3ee43f97
45d83d96
bec73f04
3f854038
3febbf23
3fa84024
3f894022
bf5a3ff4
3fa2bf42
3ee04024
3f47403f
401b4036
beba4022
bf593f26
401e4009
3f8e3fe9
bf553f3d
3ff83f80
40224014
bf23be86
4017400e
4030bd0f
bf053fcd
be9f3edf
3ffc400a
bdd7bf1c
bf37be89
3fc03e02
3ed73fce
400c4025
bf11401f
be64403e
3f703f7b
402bbf02
3fcb3dad
3ea6401d
3f3a4026
3fb73efa
bf5a400c
403a3ec5
3e92bf24
be89be03
3de74025
401dbf55
bf503ff9
3fc63f59
4026bf09
3f06bf49
bf21bf63
40233fcf
bf07c5d8
bcbb3fbe
3efbbe90
bf713f97
40333f6b
3fd8bf7b
bf7f3ed3
400abc6a
be8dbeef
3fd93ff4
3fdc400a
402d3fc7
bc84bf7b
400ebedb
3fd8bf22
403a3f9d
40273eb4
3f463ecf
403e3fa2
be8ebf5f
bf31bf10
3dadbf53
402abf1a
401ebe78
40333fa0
3fe7bf59
3f4e3f14
401a4032
40334021
3ff53fa2
bf793ff3
be3d4000
bf61bf41
beef4013
bf64bf79
3eac3f43
4012beff
3ffe3f80
3fbf3fe1
400b3e28
bbb74023
3fcd3f21
40093ec7
3f3f3fbf
3fd93f82
bf2cbe00
bf58bf18
401d3f1c
45d83e99
3ed63fb4
3f8f400f
3ff44010
be9f3f16
3fcb3faf
40143f92
bf0b400b
40174031
3ff04029
bf783eed
bf60be5b
40153fe5
bf774032
3f68403d
40363e84
3fb73fec
3f813fae
403c3fa6
3d26be39
40143f90
bf71401a
4026bef3
3f79bf02
402b3f57
4036bf17
40253fec
bd9d3ffc
3ff2403f
40384008
401cbf6e
3fe54022
3e5b3f81
3fee3fe7
4003bf0e
3f1a3fd8
be503c8b
40123fc9
bec0400e
40223f06
3fe94034
403f4032
40044008
3f3e4012
3fd145d8
3fa8400e
3f393f3a
3da1bf47
3fd0bf6d
beaf3f30
3fa73fec
402dbda3
bf273fe4
40023feb
3efa3ebb
3f193e72
400c402f
3f103db7
beeebf7c
3ff34015
3fac3fbc
40303fbf
3e2b3f91
3fc24026
40313fec
401bbda5
3e9f4002
40113ffd
bf64bca4
bc7b401e
402e3f48
be1a3d89
3ee33f9e
40393e57
3e923f86
3f8cbf54
bf593e56
3e943f9c
402a3f67
bf564014
3ef03ffe
3f463f03
bf463ff8
3fefbf38
bd8dbf35
3ff2401c
3f3d3f11
4024401f
bf164013
401f3fbd
bf4bbe9b
40054033
c5d83fd1
3f994021
401a400f
3f373f9b
403a3eb4
3ee83f7f
3e913f74
3fab3fd2
bf243fe9
3f6e3fc0
40363ff7
3f9f401d
3d99bebd
3eeb3f82
3e884038
3e903e6f
40213eab
beef3f7e
3f51403c
bf4e3e79
3fbabd04
3f983edd
3fc9bcd4
3f704007
400cbf07
40043e42
be1a4012
3f183fb5
3fa0402a
3fbc3fd2
3f07bf1f
bef93f5a
3f893e78
40113f13
3fe14034
3fdbbe7c
3f393f9a
400c4028
4033401d
3ef63edd
bf60bf3e
402abf19
bf323e86
3f853f00
3fd14020
3fe53ffa
401a402a
be603fe1
40033ff4
3fc645d8
bf34beb0
bef73f05
becdbf09
400b3f08
bf403f20
3f8cbeb6
3d99403f
bf353dd0
bf12be35
3f9e3fd5
bf113f6a
3f1bbf6b
3f70bf14
40263ffe
3fd03f86
3ffb3fec
401c4013
bf43bf73
3fd93f2d
4018be5a
40253f77
bf313f6c
4038bf25
4024bef8
3ed7bdd9
402d4009
bee8bd84
3fad3fcd
4011bf17
bf4d3ce2
be904008
bee04007
3ec94007
3fd73db6
bd643f84
3ed14006
3eda3fa6
3f0cbcc0
3ff63f4f
3fcb4009
3fc0bf5e
bf38be39
be91403d
403b3f8a
3ce73fc7
bf693f8c
3f8fbf1f
c5d8bf1a
40163ef8
3f6c3ff7
402f3fe4
400f3f98
3f1a3dee
40063f84
bf0b3fff
3fd3be90
bf0c3eb3
bf263f4e
402d3de1
3f093ff8
40263f61
40113fb9
3fcb3fcb
bd9f3e43
401b4027
3f9ebe46
bf1f3fd6
3f764030
3f2a3d9f
3ff3bc83
3f254028
3f343f53
3f0f3ff5
3fe04036
3f3a3fad
3fc73db2
bf2c3e83
bf7bbead
3f9c4038
3f643e57
3f754017
403e3fde
3ff9beb4
be71402d
4020403f
be8abf2d
be9c3e7c
bcad3f37
3f20bf0c
bedf3f8c
3f643ffd
402a3f10
3fd04024
3f3f3fc2
40384012
3f284021
403045d8
401abdac
3f58bda7
3f714010
3f2cbde7
401c4008
3fd84032
be99bcea
3fbf3f4b
3f8ebf66
be853f3e
be733f77
bf444028
be1f3f8e
3fe93e91
40093fef
be66400c
3e4b3fd9
3fc8bf49
3e0c3fa6
3fd93ed5
3fe24014
40073ead
3fb9400c
40373de6
3f493e08
40094028
402d3fe9
be5f400f
4002bf3b
40043edf
3fc93f0f
3fcc4019
3eca3f46
be953eb1
3fef3f9e
3e5f3ff4
3f77be9a
3fa43ff7
3f72403d
40343f34
401fbf6c
40153df3
3ee0402e
4029bf0a
40353f07
40063fb3
3fb93f53
c5d8bf3b
3f133f2a
3faa3faa
402a3fe5
bf54402a
3f673fb0
3f23bec1
3f6a403c
bea73f71
3f9b3ffb
3f5dbe2c
40073e99
403e400c
bf734004
40214016
bf184014
3fa33f1c
3fb04016
3f514017
3f1c4008
4037bf6d
be4ebece
bee43e89
3f15bef1
3eed3ec8
3e253f3d
3f513f1e
403d3ec0
bea53fa0
be2fbc13
bd6dbf32
3ff04006
beb64034
3faa3fe4
bf5c3ffd
bc38bf74
bf034027
becd4010
3f863f8b
3f843fe8
bf073fc4
b9fd4027
3e804008
401e3ef3
401c4020
be96bd98
be09bf30
3ff34029
3fea403f
bf1d45d8
40353f3a
3f303fea
bd34bf2e
bee13e16
4028be73
3f11beaa
40393f7d
bf803f0e
bea63e6d
bee43f72
403a3f92
3fffbd1e
40234010
4038bdbb
3f98bf25
bd15bf7d
3f933fb7
3ff23f05
3fd93f4d
3f973ff0
3ed13e21
403c4000
beeb4020
3fedbf38
40153f3f
be543fa0
bf054038
3fa74013
40083f5f
3ec6bc6a
3f1b4037
40303f25
3fd2400d
3ebe402a
3fb13e98
bef64018
402f3fe3
3edcbf6e
3ffb3fe6
4019bf1f
bc023e34
3f81bf6f
40153f76
3fb63fb3
3f82bf71
400c3f17
3ff44021
c5d83f2f
40123f6e
3ffa3fa7
3ed6402c
bd7fbf02
3fec3f8e
40043fb4
402abd1c
3e8ebf63
3fff4037
3e643f50
3ff83f72
3ebe401f
40163fa9
be964022
402d400b
40004030
3f93bea0
402f4031
40214021
be08bf4e
bf3cbf79
402c3f65
400c3fc3
403a3f06
40173fa2
40083fb7
40033f82
3f1f3ff1
4034bef1
bf703fd7
bebd3f08
4019be3c
4002bf45
3fd3bf72
3fdebf31
40123d30
3e4a4020
3f94401a
3fe44013
bdadbf27
3f9dbef0
3d9e4008
3fce3fd1
40113f5f
3ee03daf
40334021
40243f23
3e433f96
bf3845d8
3e95bf30
403e3fd9
3f5e3ef5
3fb13f7d
40223ff1
3fe3beff
3e6c3f71
40283c3a
3f50be26
4011bf02
40344020
3f58403b
3ffc3f23
bf48bea0
be353f40
3f513f02
3e41bf24
3f8a4012
3fffbe80
bd6a3f0e
3f51400e
bf59bf32
be304003
3f7f3fff
40333f47
bf114036
40264038
3fc53ee5
bec83fdd
4040bee5
3f923fc9
3e883ff0
be36bf6f
bf5d3fb2
bf103fbf
bf373fe3
40243fed
bf553f5c
40083ff4
bc793f0b
be973fb1
4003bef6
bf2cbeda
3f1c3fda
3f694034
3fda3f57
40103f9a
c5d8400d
4014403c
bf484024
bea03e9f
bf54be81
3feebdb1
3fcd400c
3fbc3fb6
3fcd3ea5
401a3fa7
3f9dbf19
400a4007
3f2a401b
be1e401c
40293f58
bf614037
bf043f8e
bf393fb9
bdbf3e77
40394028
3f94bf6d
40293f84
4007bf63
402e3fac
402abe62
bf7e3f4d
bf26400b
3f27bf44
3fcb3f9c
3ee5be30
40053f25
bf193ff8
400b4035
40304016
3fb83fd9
3fd53f9d
3fe5402f
4004bf47
40093ee6
4017bf2e
beb63f81
3ef73f42
40233fa5
40363f4d
3f773ed8
bec13fa8
4022be8e
beeb4034
3f663f1d
3f9c45d8
3f854024
3bfebf70
befd3ede
3fcebe80
beae3fdc
3c4d4033
40204026
40204019
bf37bf57
3f2ebf5a
3eaf3fb1
bf7cbec9
40263e86
3efe4039
3fe03ca3
403d3ea3
402e4040
40304007
3e903fd7
3feb3f90
3f04be2d
beb13fdf
3f98bec9
3fadbe62
3ff13cea
bcd33f48
bf374027
be573fb6
402dbf28
3f0b3fed
3ccabf27
3fa84032
3ef44021
3fcc3f2c
4030bf2a
bf7b4028
be453fe9
3f89bf7b
3fe33fba
4017beff
3dd6bf6b
3f733e2b
45d83fa0
bbe13fd4
40303fc4
3f054039
400c3f36
bf36401c
3f87be25
3ef8402e
3e91400b
402e3da2
40124023
3fffbf31
bf4f4014
3ea63a02
3f38beb3
bed54018
3f6c3fad
3f773e0d
3f6a3fba
40124032
3ea93eec
3ffb3e4a
40023fec
bf433f62
40334026
3e0c400d
3f3e4026
be783de4
3fa24033
3f373fd1
be33be5f
bed93fe2
beefbf40
3f19bf5b
40073f62
3fea3dcb
3ff5bf15
3f4d3fbd
40273f32
4008bd09
3da53f8c
40393f47
3f4a3f6c
3ec84028
3f9a402a
400ebefb
3f9f3f49
40343f5c
3f93bf7c
3ec9c5d8
3fc73fb8
bf48400d
3df5be5c
401c3f30
3f95bf5c
bf213f87
3fae4032
3f833f8b
4038beb8
402f3f18
3fd24026
3f993ea9
400e4026
bf423ff0
4037bd7a
402d3f9a
402d3f12
3f51bd8b
40363fbe
3fb2403c
bf6cbf1b
3f84bf52
40164006
bee14010
3fbd3fdf
bdcd3e01
3e4d401a
bce93f4a
40153df5
3f974008
3f854017
bf6abedb
bf433f30
400f4024
40303f31
3dcd3ff4
403cbf67
bdfc3f2f
401a3ff9
40173fbb
3f67bf06
3f933fdc
40303ff1
be054040
40113ffd
be8c3e66
402fbf76
45d8403c
bf093fce
401a4040
bf3c3e1f
4025be72
bf0d3e4f
3fc5beac
3da64039
3fa6401c
40383fcd
bf3b4027
bf3a3fd9
40204014
3f834034
bf43400a
bf12bf12
3eac3f9b
3da8bea5
bf643ee6
3c863f3a
40293fd8
be9d3e85
3fd33f86
403e3fc6
3f233fd2
40243f15
beb5403d
3f463f99
400d3ff8
3f8d4008
bf204012
bea43f59
bf5c3f79
3d723ecd
40103f67
bf2e3fd6
40073f2e
4013401e
3fd9beb9
bc753ede
3f5e3f1d
3f023e63
40373ff0
bf5c3ffe
3fcd3f3a
403c3f70
3ffe3f1e
bd113e9f
401bbf34
401ac5d8
bf483ff0
403d401a
bc113eb9
bf1cbf6c
3f864035
40283fe1
40203dcf
3fa9bea4
3ed83ed8
3fba3fd4
3f774024
3fd23fb3
be9e4031
40274032
bf68bf4b
3f6e3fc5
3f21bb89
be843faf
4028bf61
402c4003
3e613f00
403c4030
402d3f85
3f383f2d
3dd4bf06
3f204029
bf4dbd9e
becc403e
bf11402f
3fd74036
401ebf16
3f804023
3fe3403f
bd38401d
4024bf77
40383fc4
3f603f8f
402d3ec4
bea03f96
3fb13ff2
3f6a3f9f
40344007
bf59bf77
402c3f43
3ff13f01
3f903ef2
3fd5beef
45d8beab
3f374004
401bb9fb
3f2a3f84
3d343f9b
bf6bbe17
3fca401e
402a4015
bf164012
3feabf33
3fc5bea8
3f4c3f2b
beaf3f4a
3ee44029
3fcb403d
3f1cbdad
4018bf50
40253e50
3f153d36
403a3f5f
be89be7c
3e8b3ffe
bf39402e
bdf73e06
401c400e
beaebf6c
40053fb2
bf7b4036
3f8abeec
be8c3efd
3ffabdd8
bf633f6a
40064027
3ed6be86
4027beaa
3ff1400a
3e86402f
40153f9a
3ffbbee3
bf703f80
3f723ffd
be17be65
3f9b3fb1
40013f8d
3e613f31
bf793fd3
3ff04032
4025bdd2
3d5c3fe6
402fc5d8
40163f57
3f2c3dc0
401f4021
40184006
bf073fca
bf1c3f54
3f8ebef7
3fd03f55
3fa0400d
bdaf3f77
3f893fed
bf74bf2d
40083f88
bdf9401a
be81403b
4023bc53
3fcf3fe7
3f3e3e63
3fe7400f
3ec3400d
403d3f2b
bf1a3f5d
3f943dde
3ffb4009
bf6d3f2c
bf503f8d
403b3e87
3f42402c
3fa7bf47
40284012
bdda3e18
bf643ffa
3fc2401a
3f3abf4e
4005be96
3d804005
3f58bf38
4011401c
3faa3d03
3fde3f40
bf473fa5
bf134036
403c401c
be8bbf4a
3eab3dd7
beef3fd9
3fb7bf00
45d83f25
3f80403f
3f154011
be664036
3fdbbede
3fea400f
4016bf04
bf263dae
40114022
bee7bd3a
3f683fb1
3f154008
40323fdb
4020bea1
3ef34016
3fd93f1a
be4ebf0d
3f6d3fea
3ffd4038
beab4014
3fec403a
3ff8be9f
3ff93fc9
3fa54038
3f6f4032
bf173eb8
bf3a3fef
40163e94
40293e83
3eca402a
400a4026
bf573fc8
3f9d4015
3f813f3c
3f69be8c
40003fe6
3e88be30
403dbe11
3f113fd5
40183e76
bf633eaf
3f84403e
403a3e84
bf1b401a
402c401e
40333fa0
40173fb8
3e3cbcfa
401e3fcd
bf36c5d8
3ebf4008
3fbf3e3a
3fdb3e5e
bf06bf78
3fe1beff
400b3fb4
3fb83e4f
3f953efc
403cbef8
3f82be6e
3f664035
3e044030
bf533c99
bf2e3f58
402e3fc8
4021bebf
be4f400e
3f95bf7c
bf1c3f01
402b4012
3f4b3fab
400e4008
bef33f68
becbbf6e
3fa6bf05
be6f403b
3ea14021
402f3fb2
3e573f42
3f91403a
3fe1401b
3fa74002
3f3f3fca
40133f02
3f9a3ea2
4005403c
3e53bf34
3fb63fd0
bed7bd91
4036bc1b
401d4005
bf643efa
3ff53f31
be4f4031
3e80be27
bf7d3d86
be184032
45d8402f
40054018
3fa53f14
400e401c
40343fb5
bf763fa1
3fd4400a
3f603ecf
3e9bbf0c
bf08be9d
3f5ebec8
3f9abf23
3fdd3f0f
3eb63fff
bd0b3e89
403d3eb6
bf073e3b
3f55402e
3fb6401b
40143f0a
40254029
40384039
3f2a3f0c
40003da0
3f013d1a
3fa93f15
40313fc4
40313f7f
40084029
3ff44016
bda54002
3f48401f
bf7f3fe3
3f0b3f74
3fcf4031
4035bf14
401b3faa
4034be76
4004bf57
403e3f84
3f6ebf78
3fc03eb0
3e85be45
3fc93e4f
403b402f
3fff3f2e
40073fb3
3fd83ff8
bef83fed
3f57c5d8
bd234025
3eaa3f71
beedbe68
3f8a3f8e
bf47bddb
be884002
40114039
3fef3fa3
3ffd402a
3f9bbf63
3e7f4007
be303f7c
400c4006
3fb13fb7
40153f08
3fcf3f87
be463fe3
400b4027
3d1ebf3e
bf314019
bf544021
3f18400e
401ebf03
40354010
bf0dbeba
3fd0401b
3fb14013
bf153f00
beba403f
3f34bf1d
40053fae
be0b3ff5
3e883e9d
3d023ef9
bcdc403b
bec43f8a
403e4020
40363fc4
3fd03f81
40213ec8
401f3f36
40373e5b
40104005
3f28bf68
3fe63dbe
402a400a
3fba3f83
400a3e40
3f0f3f4f
3fd74013
3f30bf20
403fbf5b
bef53fd1
40063d67
40254038
3fe6bf74
bc174024
3e333ea4
3f20403b
bf623faf
402bbeb0
40143f4a
bf354036
3fd83ff0
bf383f47
3f19403a
3f173e05
3fecbf50
400a3f9f
3fd63f22
bf323fd6
3f21bf63
3f4d3f06
3ec33fb4
3f4b4033
40193e36
4018bdbd
4004400b
be35bedb
3fac4013
4035401c
3f993f92
40304001
40283f36
3fcd3f89
3fc8bc53
401b3fb1
402a403d
bf4bbe9f
40044016
400cbd26
401645d8
3fdd3f20
be8e3f5d
40373fc9
3f653f17
40083f2b
be55402a
3f663f1e
3f2b3f61
40043d90
3ec9be0f
40124039
3f063c8f
bf1ebecd
be8c3ef8
bf0a3fdc
40143fa0
bf55402b
bf133fc7
3f9b4001
40303f8a
40293f5f
3fff3d7f
be9c3eb6
3e863f43
3f95402e
bf203f75
bf7d3f8f
3f843f1b
bf21beb9
3f9f402a
402b3dd9
3f84bf4f
40363f97
402fbe69
3f0e3e44
3fc2be80
3fb6be95
bf243e66
40123fb0
bd8e3f36
3d453ee2
3fc8403b
bf7d3ea8
40303f82
401b3f88
3fa64031
bc763f07
c5d84024
3ff03fc1
3ed4bed0
bef2bf2b
beb94018
3e824000
3ef5ba96
be4a4017
bf223fd2
3f7ebcb8
3f583e6e
40123ca7
40353f10
3f3dbf7d
be723f45
3f66bdc4
bf3f402e
3fe7be86
bd163fa6
40363f90
4038401c
3e653f0c
bf483e81
beb34011
3ed03f5a
3fd43fef
3fb1bf0f
3f6abf04
3ec0403e
4005be4f
40083ea2
3f1e4024
3fbf3f6a
3f04ba1d
3f323fb3
be9dbf6e
400d3fed
3e713f70
4009be10
40034008
40264037
3e7f3d35
3f0c3fe3
402f4003
3fb93fdb
3ed63e77
bebc4015
3edf3f93
3e173ef4
401545d8
3fb33ecd
3fb9402c
bdb53fe9
3fb73f87
3dd33ebc
bf623ffb
401a3f1b
bf00beed
3f903fb8
bf563f2c
40013e3f
3fb9bf5d
beb3bdbe
befb3c25
401bbee5
3ff03da3
40183d83
be8d3e22
be743fe4
3e773d72
4019bf70
bf1a3e2e
bf77bf2b
3f123f15
40093ed6
3f1f3ed9
3fe7bdb8
3f9e4025
3ff3402b
bec13fb8
3fbf4013
40384023
40393f89
3f9f3e10
3f113f93
402a3eba
3f303ee1
3fd44004
3d793f84
3f5a3fbc
3f81402c
3f0ebf47
bf4ebf12
3da23fcc
bcd2400b
3faf4021
bf0c3fc0
c5d83edd
403fbf1c
bf14402e
403b3ea3
4003403f
bf1c4038
bf0f3d8d
bdf4bf55
bdc1402f
bf49be23
3ffc4019
be13bf07
3fbcbe74
3fa9bcc9
40223f02
402ebf05
3f5d3e6d
3f1b4035
bf0f3f2b
3f4c3ff0
40183f52
3f22beca
3f673eee
beb53f2a
40123fc2
bec6bf6a
3f06be4b
3f7d4023
be813f3e
3e0d3f90
3fb1bd17
bf0e3fdb
40013f91
401dbec1
403d3fc3
bf14bf7a
bf64bb88
be6cbf68
3ff63f33
4035bedf
3ebe4006
3ff63e6a
402a3fc3
3fe64022
40354000
3e00bf09
be993f5d
40403fef
402d4006
402045d8
3d49bcbf
3db63e7c
4010be45
3f603ec6
40033f5f
3fe7402c
3f3a4022
3ea6bf37
3ebb3ff9
3d4e401b
bec23fbf
403a4003
3c513eac
3dfbbf59
4030bf78
3fbe3f60
40173f1d
400f3dfd
4031be2d
bf703f3a
3fad401a
40184035
3f094024
bf653f29
3ed5bf5e
3feb3fea
3f7c403e
3fe23ed7
3f893ccd
be9d3e99
40064015
3ea44017
3e92bdeb
3fb33e0a
3f3e4029
bf6cbd40
bcad3fb9
3e1c3fb1
bee03fb5
3f463fa6
3f89bf46
bf4cbeb8
3eb9bea5
3ed6be90
3f764040
3fe7bb75
3fbc3f97
c5d84004
3fda401b
3f2c4024
3f7f4010
401f400a
400ebe20
3fe0bf13
3f4bbe10
3fcd3ffb
3eaa4009
4029bf1d
be893ffd
bf5fbee9
bf563fe9
3e633c5b
3fd64017
3f72403f
3fb33edb
3ff63f80
3fdf3fd0
bdd53fd6
402c3f36
40273f66
3f6b3fc8
400b3f85
3f8d402d
3c393f67
3ea03fe9
40334008
be973ff6
40193f35
bf41bf49
be413fd8
402a3f28
3f7fbee1
3fd53f48
3ef24024
3e383f15
4007400a
3e2abf76
403c401c
bec13f92
bdc2bf3d
bde0bf05
3fb13ef3
be3d4011
40053ed3
bf25bf2c
3f67be12
3fa445d8
3dac4006
3e3abe3d
401dbf25
3f133df0
3f19bc3d
4021402f
3f943f37
3fb43fff
403c3f9c
40073f72
bdc73e8d
40083eb1
40243ee3
3e8a3fd4
3fb2400c
402f3f25
bde63fd8
3ff93feb
3fc33ec4
401e3f86
3f1f4007
3f8cbf25
400bbea1
bf414022
3d3c3f79
bd303e30
3e523f19
3fb43f80
403f400b
402c3f5e
3fd04020
3fd73ef2
3faf3cea
be4e3fcb
40154032
3f2e3ff0
3f1f3dae
bef13fad
3e30403a
3f9d3fc7
3f3e3f93
40123ff0
3f56bf01
403e3fed
3f8abf7b
3fa24008
bead3f8a
c5d83f00
3f853f9d
402c3fe2
400f3fea
3ebabf5d
40233fbd
400b3f31
3f32403a
3ec24021
40353f92
3f6fbea3
3ffe4014
bf3dbe0d
3effbf49
bf783dbf
3f2dbe58
3def4027
3e27400a
3f18bea4
be56402c
bd323ed7
3fa1bf03
3ffebe83
beb03f9c
401c402d
3fb0401c
3f0dbf41
3ef1bee0
3f6c4007
3f8a403e
3f004014
3e503ff0
3fdc3fd3
401abf7e
3f9e3f65
3eed3ef0
bf704014
3e8c3f90
3f7bbf4f
3f873fa1
be614031
3f524024
bf1f3f4d
40273f75
3cc03f3a
bdbf4029
bf1bbcc3
3fe34001
3e974036
3fe945d8
3efe400c
bdc53f39
4017beaa
40023f83
40103fc3
3ef83fe4
3f73bf3c
3f223f77
3f8b3f5d
3fce4022
be99403c
bf393e89
400d3fbe
3fcb3ea8
4011bf2f
40253fde
3fb33fdc
be283e37
3ebf3f60
bf27bde7
3f193fc0
3f124024
bf74402c
bf1f400f
3f8a3f74
bf413ebd
3fa6bf2e
be8c3fe7
3e2f3e1c
3f72bf1c
bf43bf12
3fe8be8c
3fae3e80
40203ea3
3e953ff7
bea83ef5
40113f9d
bf0f4023
403f3fc4
bf0b4018
3ee23f21
3eb24038
bf40bcba
3fff3f95
3e0e4027
bf11bf73
bf05bf3a
c5d83f2e
3f9dbee2
bf1a3f18
3e683fe8
4035402f
3fce3f4d
3d6fbf27
3f8fbed0
3e5e3fb9
3f21402e
bf143e40
be153fb0
3f8abf5e
bf23401f
bec5bf72
40314007
403bbf53
40384020
be2e400b
3e963f88
3f593fbe
3fb0bf1c
be5d3ff2
3e06bf1d
400fbe40
3f173f68
3fc3bf54
bf393da7
be06bebf
bf023ebf
3e5ebea6
3ee4bf18
3f50400a
3f793fba
3fc53ec7
bc49400d
3f35401e
3ee53f83
3f0a3e28
40133ec6
3d823ea9
401b3f88
3fa83e68
403c400e
3f7dc5d8
4026400d
3f093e67
4014becf
4001402e
3fa44034
bf153f88
bf1a400a
3fa7bec6
3ebf3f0f
3f4cbea1
bf47bf4a
3fa53fae
3f9d3e9a
3fe03fbf
bf6a403d
3f8cbf7d
4020bd32
bf7fbb82
3fa8bf7f
3fe84024
3fef3f72
3f4cbf02
bf624012
40014006
3fb2400b
403b4008
bf2e3f74
3f714036
3dbbbece
3f9abe08
bca1bd61
bd69403b
4040402d
403e3ff6
3fd8400a
40124027
bf143e61
3eac3fdb
40384034
3d19bde2
402f3fb9
3fb23fcd
3fcd4017
3d963fe1
beef3f27
3fa5400e
3fae3ef2
45d83e08
402b3ee2
bf50403c
3faabf15
401d3fd6
3f98403c
3f9d3f43
3ffa3f94
bec34011
bf353f6b
3ef84022
bf5d4003
3ca6403f
3fe53f5b
3f8d3fb6
3f283fed
bf133f82
40133fa3
3fe0bf78
3eccbebb
3e0c3f5a
3fef3f4c
bf603fb1
be37be77
3f943f0f
3f214011
3f9f3e05
3fb44035
3f9c3f23
3d223f10
40063f3e
3f17bf2b
3f8e4012
3f10bf19
400a3f8b
3f883f9d
402a402d
40233fd4
bf463fce
4027402f
3fdd3fa4
3e3e3ff1
3daf3f25
3faa4029
3f3dbf53
3ff7bd70
3ee9be00
bf04be23
40023fff
4003c5d8
40053fa0
400c3e79
bf4a3c8f
bf604032
bebe3d8a
4004401f
3f0bbdd3
3f853f38
40183fd2
3fff3ffb
3f133f8e
400e3f89
3e4bbeb8
3f033fbb
400f402d
3fb53f11
bf7e3e8e
3faa3fb5
40313f90
3f89bf7c
3ea03f87
3fc83f6a
402d3f7c
3fc0bf5e
3fdd3fec
40193f94
beee403b
3fc5bf52
3e074033
3fc63f90
3ee14004
3ff43d90
3fe13fd4
3f3d3f45
bf263e8a
3f144030
bef6bea4
bf173f9e
3faf3ffe
bdd4402b
bf513fc7
3f6a3fe9
3d41400c
bda33f84
bf184021
400f3dc4
bf2fbd82
45d83c48
bf573f6c
401c3cf2
3ecf3f6c
bf4bbee8
3f82bf5e
bef0402d
400c3f71
40063fca
3f6e3eae
3f953f2f
401b3f9f
401a3ff5
bef13f77
3f523e82
bcb7be22
3fdc3ee5
3cf4befc
40103fec
3f923d3a
3fda3fd6
3ebc3f34
3f82bf31
bf1ebcf0
bf15bf66
3f433ec2
40053e40
bf683fad
3fc53d99
40243c0e
3f3c3f42
4021400c
be55401f
3fc0bf46
bf48403f
3f5c3f1c
bf503ff0
3fc4bef5
3f22401d
3f293fc3
3fea3e8a
3fc13fe4
be5a4020
403f3fd1
3f693fb0
bf4e3fbe
40203fad
4010beb1
bf1ebcda
3fe5c5d8
bf513ed0
be833dea
4033403a
4019bf71
3ff93fab
3fcebf0d
3eb73de8
3e98402f
4019402d
bf403fd4
403a3eb1
4007be4e
40243f07
bef53d0b
bf5abd78
400b3f70
3fd73f28
3f893f86
3f803fe5
bedb3ebb
bf03bd05
3f06400c
3fe43d9f
3f953ffb
3e2dbf57
beb74002
3f704026
bf2cbdc0
bf7cbe1e
3ebf4038
3ea53ecb
3fdd3efc
3e46bcc1
40214020
402d3f8c
401cbe5d
402a3fb2
bf583f3c
bf323ed9
bd9c4013
bf123fc8
403a3f4f
3fb73f94
4013bf7c
3fdd4021
be943fd3
3f7c3f80
45d8bf19
3de64012
40243fe1
40373f6d
bf4b3f84
4001bf50
3d163d9f
3f3cbd39
403dbf31
3ff13f38
3f203ee4
3f403ff3
be843ff3
3ff3400d
3fd03fcd
bf5c3f13
bea4bdcf
3fad3fd4
3ff93fd5
3e2e3f28
3d14402d
3d7e3f3e
401f3f8d
40144004
bf333f44
402b3fd3
bf02bf6c
3f6d4008
bf08bea7
400bbf07
3ec23fb1
3f643f2b
bcaabea5
3f73bf76
4033bd23
40213ff2
bed83fb1
4012400f
3fdb3f80
40343ed5
3ff23f23
3f883fe8
3fc63f9f
3fb7be15
3ff2bf2d
400a3f58
beb3bf74
3f65beaf
3fd63d3a
bf4bc5d8
be9ebcbc
4021bf6e
bf13400a
3fa2bf80
400b4035
3fa13fbd
bf183ffb
bf7e3ef2
3fed3fc0
4022402f
3f883f75
3f90402e
3e3a3f3b
bd4fbf30
bf543f48
400f3fd2
40053fff
3ddf400b
3f163fd7
400d3dd9
3f923fac
4024be87
400a3f7f
bf4b4002
bf553f1d
40323de1
4034402b
bd3abf7f
3f8a3efd
3e86bed9
bdafbcbc
bf5a3ca4
3fd73f09
40253f43
bf5e4033
bf1abf29
3e61bf04
bec03e70
3ff4400f
3f5f4020
3fdabf7b
4008bde2
401dbf0e
3fe44029
3fc63fe0
3fdebe77
402dbe92
45d8bf4b
bf7d4010
401cbea4
3fba4025
403b3f9c
3f99bec4
4026bef3
400b3ffa
3cacbe14
bebbbe8d
3e81403d
3fcf3f8b
402b400c
bf40401d
403bbefc
3fdcbf50
be443fc4
bf733ee3
3ed94006
3e32402b
40163fa8
4030bf71
3fab403d
3e713fa0
be2e4024
3e9dbf54
3f333f91
40033e69
3d774008
be973f74
3f4d3f74
3b983dab
3fe73fa7
be87bf15
402d3ee0
40073ffa
3e1abf30
3e3abf12
3f5d4016
3fd83ebf
403b4032
4018bd9c
beb64023
3d9d400a
bec2bf3b
3fd8bf33
4006bf7f
bf294036
3e883e86
3fa9c5d8
bef83daf
bf7dbe55
3fdd3fe0
4017403e
40263fa5
3e15bee3
bf023f96
402d3ed0
3f0abe20
3ffa3f30
3fc04007
3ede3f4c
3e564027
bec94016
40353f2e
40213f04
3fb03f4a
3ff2be8a
40283fbb
402f3f28
bf36bf5f
3d89beb0
bef63e4f
bf3cbeb5
40163f01
3fe1bebb
40053ebc
400e401e
3facbed4
403b3fd9
402c3fd5
3f394019
3fbb403b
402e3efd
bf5d3f04
bec83f4d
3fe63f9f
40194018
3fc7bf28
bf5a3f22
3ff4bf7d
3fa0bed7
3ff13e37
3f3f3f68
4013be06
3efd3fc7
3ed33fe9
45d83f59
bf6c3eeb
bf364009
3fab3f2a
3f8ebed1
4032bee0
3f17401b
3fb14024
400e4033
3ff73f9f
3fc5be0a
402c3e4f
3ee33fe1
400a400c
be893ffd
3ff63f71
bf043d88
3e5d3e5a
bf6f4006
3facbf11
4037bedf
beb04030
bf503ea5
40373ff3
3f12beef
3db2bf3b
3f92402b
3f3b3ffb
bec0bf64
be97bf0a
3f76401e
400e3e28
3ddcbf06
3ff43f7d
403dbf2d
4036bd1b
bee7403f
4007402e
bf3cbed6
3fd5bce5
3ffe3fba
401fbf0d
bf333f53
3d9b3ff0
3f283f11
bb88bec4
3f083e39
3d4c402f
3fe33f8d
3ef9c5d8
3eb5bed6
402cbf46
3f293f90
403a4001
3fe0bee9
bccbbf07
40364028
3fadbf13
401e3f5e
4036bf3b
bf464018
bedf3fc7
3fd6bf4a
3fee3f4b
3f263f5c
403c3fd0
3fbd3f6f
3f854009
3f8d3fb9
40244004
402a3fd5
4006bf2e
3ea13da1
3f304037
3ed3bf63
be983f3d
3f4abd51
3ee3401b
bdc23c9d
400e4020
402a3e2a
4023402a
3feabea7
3f213f9e
40313fe3
3ff73f94
40373f55
3d843ebd
3fb53ff4
3f313e0a
bd31bcbd
3e1b4023
c5d84010
40393ff6
3ffc3cfd
3fc7401e
4039403d
3ff1be1f
3e4b402a
3f0dbf40
3f223f2a
400e3ef5
3f37be48
3ef64001
40343fef
3fc33faf
3faebe06
400cbf6a
3fdf3f4a
3f244031
3ed9403a
3fc14037
be353edf
be76bf12
bee53fc5
bf4bbf6e
3fe84016
be1f3fe9
3e833fad
3fbc3fac
3ee03f0b
be273fce
400e3f99
3e8b403c
3f0ebf60
bf053f2d
40163f80
3f0d3f0d
be08bf6d
3fdc3fe7
3f7fbf2a
3fa83fa4
3fb4bf39
40193fcf
402a3e99
bf2fbec8
40273fba
bca23e09
3e53403c
3f764023
bbce402b
404045d8
3f6b4012
40064015
3ffd3dd5
bf65bf2d
3fd33ffb
3fa44000
3f88bdc7
3fca403e
3d844002
bf4b3e86
402ebded
3e673ed6
403a3f61
3fdf3f51
3f1d3fc8
bcbe3e30
4039bedb
3fc23fe1
bf443ffa
3f23bd5f
403e3f4e
bf783e05
3dd14006
3eb53e05
3f1c3fcc
bf44bf21
be1e3ff5
3e853ffc
4033beea
3f423f19
3f023e27
403d3fc8
403f400d
3eb2bec1
3fb4403f
3d633e34
3ee6be77
3f793fd8
bf303fef
be533e96
3f873f93
401c3fcb
40024032
3fc13e8e
3ec44026
bc4f3fbb
bf26403f
c5d83f1c
be9abe5a
bec8403c
3e433e8f
3f5d3e78
3f26bed5
be533fb4
bef0bef9
3f8a402a
3fe4402d
3eba3ef8
3e8b3f85
3f503f17
bf583ff1
3fd7be66
4010be3c
400f4027
40313f28
3f77bed8
3fd03ea6
bf213fdf
beb43d96
4028403a
3edb3f7d
3fe74037
3f093fa5
3fd2bec4
be93be99
bdd83f88
bd56bf77
bebf3ef9
40404006
3b903f63
3fb9be6d
bf4e3fb5
be643f91
40373f7e
403b4037
400a3ea2
40303fe6
3fc73f08
40373dd1
bf093fe3
3f984036
3e1b402d
3fda3974
3fde3fbd
bf6cbf15
3f8ebf7e
3e8945d8
3e55bf55
3fd34009
40113fa7
3f56bdab
3f8e402a
bddf3fe1
3fd23ff8
3edd403c
4038bece
402b402e
403b3e20
40323de8
40204032
3ff0bed0
bd08400f
3f96be31
40304002
3fc4400c
bf63bedb
40133eb4
3f1b402e
40174014
3fbcbe54
bf3dbe67
4034400c
3fb0402a
3fe53ff8
3fbd3f7f
bf783fe9
bf223fe9
400c4016
bede4027
be9e3d4f
3f08403d
bb753d21
3fb93fef
bf473f83
4004bf5b
3e203fa1
bded3fb4
3ebebe84
bf01403b
3f503ee2
3f763fcb
3ead3ef7
4031403f
3fd54017
c5d8beee
bf174036
be743fe0
403c3faf
3f903fd2
3fbd3fa5
be7a3fce
3f603f1c
3feb3ea8
bf743fcd
bf133f82
40203f9c
3e25bd8d
be67bf5a
3ff3403a
bee73e8c
3dc23f96
40064029
beb3bd92
bf613fac
3f90bf38
4031bf5a
bed73ef4
be763f31
3fedbf5b
bf1c403a
be533f54
bed9bf09
3fe04010
40073f8f
bf6a4030
3f54400b
40193faf
3ff23ff4
bef14020
3f9a4002
3ed23fcc
bf78be9e
3ef6bf53
4010403d
3ff6400b
3e883f5a
402fbf12
3ff53f98
bc933fd9
3f9c3f33
3d313fda
bf06bdb0
40284031
be1d45d8
40274010
4038400f
bd914021
400fbf1e
3fc4bf0d
bf3c3f89
403c3eac
3f54400c
beae3f10
bf1e3fcf
be953fb6
3fbfbe83
40144033
bd584027
bea9402e
3f953ead
3f043ff2
3f68bdad
3f654034
3fa43d3c
bf334014
bf264028
bdc74017
3f043fe4
be813f0e
3f64be5e
400c3f17
3feb3fc5
3fcb4030
40254019
bf243fdb
bf7c4024
402c4012
be06bf4a
bf17bbc5
bcca3fcf
bf774037
3f843f96
40044035
3ecf402e
bec63f78
bd85402e
3f42bf49
beefbe7d
401b3f25
3f88403a
3fcbbf02
c5d8400b
be773f28
bf40bf7b
3f3bbf75
3f3e400e
bf303e7d
3fa23e80
3e11be7a
3f9d3fdc
3ec13ec0
3f794027
3f23403e
3fc3401c
3f1b3f2b
bede3fc4
403fbf42
3d26400e
3f934001
3f11403b
3f614037
3f994001
40273f19
3f574017
401b3f87
3fbcbdfb
be63bf72
bf68bead
bd423f3a
3fb33f62
3f8f3f58
3f273f2a
400a3f31
401dbf45
bf553fa4
3ee33fff
400a4008
3f6ebef3
3f03bec4
3ffebeeb
3fca4029
bdf94017
4001be0b
3e783fbb
3f1e4027
bf1a3fc5
3fd83e3e
3fbc3fb9
bf4d4007
bea7403f
3db645d8
40293f50
40343f9f
bf3f4000
3f8f3ee8
40163fcd
bf14403f
40293fea
3f9c3f7e
bd484040
bef9bf75
bf52bee9
401d3f77
3fe84004
3fa44040
403cbf07
4006be66
bdcd3fb8
bed84012
3faf3d9f
4020bf23
403f4017
3fbf4015
3f67bf2c
3f773f89
bf6a3f8f
3f393f85
40003f30
40393f49
3fde3e71
40333f84
3ffcbf5e
3f033ecb
403c3fd0
3f87400c
bf163fa8
40213fd9
bf243efd
3fb53fc6
40263f9d
bdca3f58
bea24032
3fd03f59
3fe44019
bf1b401b
3e3c3f69
bf714012
400e4004
c5d83fd8
bf103fb0
3fc64028
bb5e3ffe
403d4026
be6bbf3c
3f403fec
3f3f4016
bdee3f78
beeebdfe
bf153fe6
40124028
3eae3ffe
3dd33ff0
3fc3bee5
40383f45
40213f12
3efd4022
4000401c
3feb4023
3ebabed3
3fe0bed9
3f483f7d
3e823f8f
beebbf3d
3e553fd7
402abef2
beafbf74
3ff94009
3f37bc8d
3f6e3f9e
bb87bf55
3f903d55
403abeb1
4004bb36
3e75bf50
40334011
40323f0f
be953fca
3fff3f9b
3f9c4025
3d8f3ee6
3f963fee
40033f2d
3e2abe2a
3ef0403f
3ec3bf26
4002bf50
bf59402e
3c8b45d8
402d3f98
bf743f9f
bf4e4007
3f883fad
bf593f3c
3ddabf15
3f234040
3f5dbe54
bee23f3e
bdb83f9a
3fc8bedd
403ebf12
3fae3fa9
40263f17
bf5ebf75
bf233fe5
403a4024
4018403f
3f3f402d
bf013cfd
bf013f54
3ffc401f
3f523fd2
3fec3dc1
3f993ff8
403d400b
3fac3edd
bc043fbe
bcdb3fb5
bf71400d
beed3ff5
40244015
bf464038
40383f7e
3de23f65
40123f04
3fc7be6d
40193ec8
3fccbe84
3d863fdc
3f6a402d
3f893f2f
400d400f
bf663f98
be39beb0
3f28bf33
bef4beb0
3f873c0e
3e1a401b
3fa2beef
403b3fb4
bcce4011
3f754010
40114027
3e904014
3fbe3f3d
401d4037
3f8b3f62
3fc2400f
3fdfbe90
3fed4028
be7e4029
3de43fee
bf77403b
40044001
bf524007
3bed4012
3fd84011
3f0abf1e
3f743f94
402fbe53
3f9cbe27
3d5b4008
bf193dbc
3fe83fb3
3f124007
4024bf4b
bed83f32
3fdebe5e
40183f6c
3ff1bf02
3ee94025
3f54bf23
3ff5bf1e
3e6d3f40
3ea3400a
3f534020
3f9d3f98
3e5c400d
bf4f4000
4033be48
4023c5d8
bf0fbe94
3f393de7
bf3bbe9c
beacbf2b
403c3dfd
bf433fea
bf7d3caf
40013fa4
4016400f
3f834028
be5e400e
3f913ff3
403ebf60
40383f7b
3f823f86
3fe3bf5a
3f01400d
403d3fdf
403b3f3c
3eb54034
40073f1b
3f413f72
3f923fa8
3eb23fe5
3eeabe88
be743fe3
be593fa6
4034402d
40023f99
3dd5400b
3faf402d
40224000
3ffd3fbd
3dd9befd
40263f3c
bf1c400d
bdd44017
40363f5b
bed5bf28
3f3b3ea6
3fd73fc2
3f09403e
403c3f8a
3f06403f
bf203faa
3f953f66
3f383f36
45d83fa1
40063f39
402b3fbc
3fe2bd15
400a4009
3f8bbdc3
bf363fb9
bf6a401c
3e793f79
3fcb3f2d
be0b3fb7
3ecd4029
3f183fcf
40173c74
4008402d
4038403d
3fae3f93
bdeb4040
40373fb0
3f03400e
bf5c3fe9
3bfabf22
3f94bf05
bef53f90
3f174002
3e7b3f87
400e4007
3f913e8d
402f3f8e
3fef4022
40003f86
402d400e
bf453fc2
3fc73f89
3fb43f8d
bf21ba68
beb93ed1
401f3e34
3f353f7d
bf46400d
bf503eda
bbc54014
402f4029
bf653f40
be5f4029
bf6f3fa6
3fc83fd1
be0d3eda
401a4000
401fc5d8
402f4036
4027befd
bd823f03
be14be7c
3f5e3e6e
3f2a3f9f
3e48bf7b
bf76bf69
3faf3ff4
3fc3bea4
40203ff3
beb13f9e
403fbefb
3fb53f9c
3f1b4031
3f9dbe3f
4033be99
4028be90
bebbbf59
3f043ff8
beb0bed2
3f283f5a
3f1f4032
3f6a4024
3e984003
3f3d403f
3fb4bede
3fde3fa9
3fbe3f2f
402c3fc0
403d3f38
403fbec4
3f9cbec3
bf1abf0c
3fea3f1c
3f903e87
4039bf0f
40343ffa
3f6e4000
bf413fd9
3ff6bed2
bf49bf21
bce93f96
3fa23fd1
bf4f4033
3f1dbcb8
3f4bbf10
45d8402f
3ff1401a
3ff74021
3fbcbe1b
40053ea7
be42400d
3d053ef1
bd1f3ff7
befb403e
3ffa3f77
3fc73ddb
be8bbb12
be8d3ff7
bf2e3c86
bd19beb2
bf523f68
403b3feb
40164001
3fa83fbd
3f92bf12
403f4012
3ff1bf5d
bdc2bebb
beacbf38
3f2e3ece
3fd84034
401bbe6a
bf7b3f78
bf36403e
bf364040
bee53fbb
3fac3fbc
3ef93f93
bf0c3eea
3ed83f05
3eaf4021
3fc5bf3c
3f763e97
3f493eaf
4016beda
3fd13e97
4025bf20
3f374036
3f33402f
3f323eb9
bf163f8f
3f054027
403abf3b
be973fb2
403ac5d8
bf5f3ecd
3fb0bf3c
3f3d3fc2
be674024
400abeaf
40174028
3fd23ffe
403f3f8b
bf51bf43
3f86401b
3e9f400f
bed24037
403e403e
be0b3f2f
40224029
3f1f3f83
40403f86
401a403e
3ec33fe1
4005be8c
bf14bf79
3fb2bf1c
402fbf02
be6b3f86
3e2fbeec
3fd9bf5b
3fab3fb4
3df7bf4d
3de13fb3
3f3c403e
3f9d3ff6
bf533fc5
3fc6bf32
3ee13fad
bf754007
3d963fb9
40263f14
3f92bf7b
3d6d4003
3ecf4032
bd4c3fae
3f084001
3ffe3fc9
bf284020
3ecb3ebe
4000bf5d
3fd53dba
45d83f69
bdc73fdb
3fd1401e
3ff53ff2
3e264002
3fd73fe6
be8a3fbd
3f123fa9
3fdf4029
3ee5403a
bf574040
4037bf03
402b3fd9
402bbe0a
3ce4bf7d
40243f0d
3fdf3ed8
3fe74034
3fd63ed4
3f683e17
3fe03f64
3dfd3f08
3f6f3e93
be1ebe7d
40184040
3febbf35
401b3f00
3ece3fec
bd6d3f7a
40323f54
4033bf09
3e874032
40223d5c
be434005
bf433ec3
3f9ebefc
402d3f02
3f003cad
3fe4403b
be5a3fe7
3fcc3e9e
be30be57
403ebf33
3f12402f
3f113f90
402a3f58
3f2d3ffa
3fd23e3b
4032401c
3fd2c5d8
3f1abed9
3fe3bded
bf07be53
bf33bf4b
3fbe3fdc
be203fa8
40343fb5
bf6a3fdb
402c3f25
3f093fcc
40154026
402b403d
3f8abcf0
bf2d403e
402fbf18
3fa8402d
3ea73fe9
3fbd3ecd
becb4028
401ebe8e
4007bf24
40163faf
4008401c
3dea3efd
bec8be32
3f863fa3
3fd33ff6
bd983c50
40253fa6
40153ed2
bdde3f4a
401bbd57
be063fd9
4034be2a
40003f9d
3ef73f35
3fcbbf20
3fba3ed3
bf013ff1
3fd1402e
40213ef2
beaa3f27
bf554020
3ee7bebe
3f87401f
bf31bee5
3fb93f6a
45d84027
4029bdd5
3f1e3f54
3f87befd
bf6f3e85
3fa93fc6
3e4dbed2
be2a3f90
40223f22
4009bf0a
3ed83faa
3fb73f32
4036bf6b
beb13c8c
40154011
40214028
bc903fc9
be84be4d
3fc23ec8
3eda400b
bd334000
3ea8403f
beecbf55
3f553f89
40143f0f
403ebeb5
3e703f67
3fa8401b
3f17be1c
3f90bf0a
be3c4024
4007bda5
3fad3fad
3fbd4015
3ecb3f38
bf293fbd
40124030
3ee4bee2
3fa33f33
bee93f18
3eec3fa8
403c4010
3ffc3f94
403e3fd8
bd023f4f
3f97400f
be71403c
401ebf42
bf12bf70
3fe8c5d8
40293fd8
403f3f08
be183f3f
bbc73fe9
3fa13fe0
3f1e3e7d
be90bf6c
400b3f1f
403d4008
bf25bea1
3f953f0d
3f1ebe9e
bf5a3f05
3fb8402e
3fd04008
be123f49
3e85403e
3e604013
3efe4029
3f6d3f60
403c4002
bef9400d
be613fea
3f97bd9e
3f433ecf
3f94403b
bc20bf29
3ef4403e
400a3f5f
3f3bbe57
3fa83fdb
400f3f9c
bd904024
3f6cbf61
3fc0bf69
3c97402b
3fb63f47
40023f12
3f2f3e69
3e234035
3f733f23
be904030
3e9e3f7d
3ec43f5e
3f1bbec5
bf323fb3
bec8beb4
45d8bf34
3fac401f
3d9a400e
40073f6f
3f6a4019
40403e7c
3eba403a
3e063a69
bf6f3f4d
3d5d3fb4
3ff93f12
40253fe1
402d403b
3f653fe6
3fc34037
3f8f3ff6
3f893f86
bb393f6d
3f513fc0
3f91bbf4
beb73f4c
bea8bec0
3fc53dfa
403bbe73
beca3f5b
3f443f1f
bf36402f
3e58403b
40343f31
3f9d3fc3
401a3f01
4039bf34
beca4032
3ffabe9a
bc153fac
3fbfbf22
402c3ff0
40323dfc
bf243ff8
3f574027
3f773f86
401c3f88
3faa3d87
3fbc3f3f
bf7145d8
3fee4028
4019bf0c
bf6d400f
3f7b3e41
3fff3faf
3fcb3f4a
3feb3fea
3feb3ffd
3f813fb6
bf5cbecf
bebb4017
3ffa3faf
40363f50
3f3bbf4a
3fa83f9a
402c3f9d
be043fe3
3fc73fb0
bf224024
be9cbda9
becebe5f
3f9abe05
401a3f30
40323fb9
3cd0bddc
4021bf6b
3e6a400b
3fd13fcc
40243fd8
3fecbf5a
40093fb5
4009bf6e
40324005
bf333fa0
bf6c4029
3c54bd8a
bec03fe5
bf653f56
3fbf4014
bf553f6f
3fb83f87
3fb4be93
3f49402e
3fd5bf31
3fe83eb3
3ec0400a
be233f1f
c5d83ed2
bf34bf23
3e31bf40
bf6d4017
3fa63f98
3fe8401a
3f25bf58
3f933f80
3f94bf30
3fc6bed8
bf693fb3
403c3d1f
3f6a402b
3ffb3ebf
bdebbf36
403bbf29
3fc63ff0
403c3eac
400f3dad
401d3fc6
3bee3ecd
3f203fba
4038bf65
3f8b402d
3e58bdf1
bf703d4a
40263e8b
400bbf5c
be603f28
4009bf11
40243fdd
3f94400a
3f3a3e5a
bf1b4020
40224006
3f65402e
be864014
3ef5bf5e
3e843faf
be25400f
bed2be8c
3fa93fe5
3e45bf15
3fe34031
bce03eab
40113ee8
3fd53fd1
40323ff4
be0a4015
401e45d8
3ffc3cf4
beed3f19
4010400d
bf57bf51
3f964038
400e3f09
3d8c3e19
bed53f37
3fdcbf51
be403f01
3fff3fb2
be7f3eb3
3fd03cc6
3fd63f2b
40344032
403e3fd7
3e9c3fa4
3f753ff6
3f4c4035
40363f0b
3dbb3f9a
400e4031
40134028
3fe9bef6
3fb43d93
3f113fe1
beebbe2b
3f9abf4b
40353eef
3dc03f7b
3ffd3e2a
40264025
3f963ea0
bf1b3ec4
3fee3f52
3f68bd8c
3e8fbf36
3edd3eb1
3fffbe6b
3f86402a
3f273f24
402e3fc9
3f133f9d
3edc3ec9
3ff4be68
be56403a
beb6bd88
c5d84027
bf33bf36
3dc8402c
bf1e402a
3f55bf29
be193f84
3f8abe57
3fe14025
401bbf2a
3f4d3f54
3f683f22
bf62be34
3f873e09
3f994013
3fa4bedd
bea13fe2
be9ebed4
3f97be83
3fa43e6c
3faa3fa3
3f713ee6
bf684019
3f453e13
4025bf34
3f8c3ec6
40223fdb
3fe13f8e
4022bf4a
3f403fcf
3f2e3fd4
3f9b400c
bd4e3e6d
3fd03f59
3f7e402d
401a400e
3fe53f36
3fd3bd41
402e3f85
40174002
bf363fdc
3f70bf49
3f23bea2
3fefbeed
bf403e6e
3e223f15
3f3ebf6b
402cbf14
3fdf4032
3fbebe73
3eb645d8
3e153f0a
401f3f2a
3fa83f8f
bee3bf18
3ee3401e
40344021
400b3fbd
3fdb3f12
bf233f19
3e8e3fe7
3f8b3f48
3fb33eb1
3f454002
3fdb3f52
40073fb9
4010bea1
bf0d3ffc
bf1d3fe0
3ff63f15
3f713f87
3f514003
3e46be95
40003fba
3f29403f
bf6a3f01
3e054015
401e3f6e
3f59befb
3fc9bf0c
3ff44024
3fa7402a
3e243e65
3f283fbc
bf4e3f24
4010401e
3dd43ffe
3fd84011
40263f89
40263fe9
3e7bbef8
40114008
3fd84023
3fb24014
402e3f37
3f843ed3
be9d403f
bf6e403a
c5d8401b
3f82be5a
3fb14021
4039bf0a
bde93ec7
3fa33e32
be9b3f1d
bf0b3f3c
403b3f5d
3eed3f2b
bf114011
3f90400d
3daa3f5b
bf493fbf
bf633d91
be42bf3b
bf7a3f1e
3fd7be9a
3ff84019
bf1f3fdb
3f4dbf64
4018bec5
3ec13ff5
3fa43e87
3ecd3e2b
be14bf4f
40044010
3ff4403b
40093ee8
3f8cbf15
3f904011
3f0f402d
3f6b3f66
3fecbe67
3df93fe7
3ff93fff
401c4032
4035be7f
3e904031
403d3f34
3ddcbdb0
3fc44033
40153fca
403e4032
bf043e0d
3fdb3ede
3f0d3ffb
3f383ef8
3f424038
402e45d8
be363b2c
40183f8e
3de7bf05
3fcb3f6e
3f28bf2a
bf16400f
bebfbe83
3f62bc5d
3fec403b
3fad3fa3
3f964005
400c3fbd
bf7b3f7b
3fb8bf09
3f9cbf15
be8abf36
bddb3f18
3e93bed8
4013bed5
40353fd9
3ff3be46
3f973fbf
3f863f09
bf383fe4
3f7dbf44
3f7c3f01
3eda403a
3f013ff1
40313fb5
3fa93e55
4001403c
3f814036
3f50be33
bf40403d
3fab3c8a
40143f96
befdbf73
3f42bf76
be68bf79
4034bf06
3e8c3d8d
3d473f0e
bd1b4036
3f663fb8
3fa0bee5
3fe1be5d
3e983f60
c5d83fc9
3fbc3d1a
3f013f33
3ee83fba
3fe03efb
4033bee7
3fbbbe86
3f383f56
3e0fbf2a
402a3dc8
3dc7bf22
3fd53f9a
3f8a3fb8
3e103f81
bf693f90
bf06beac
402d4033
3f303fed
3f88400a
3ff83e8a
402f3f9a
3ea54014
40093fce
3fff4006
402f3fcb
403e3e54
3fd3bdbf
3f104000
40203e64
3eb94039
bf343e9c
3f5dbf06
bf543e8a
3fd54017
3fef3fc5
3f3a3f93
3f7b3f18
bf363fb9
3fa0bef2
3fdc3fa8
3f6d402f
3e8e3da3
3f4cbf52
bea5403b
bde8bf0b
3fb73fbc
3f524031
40213fd3
3e973fbf
bf5d45d8
befd403e
bf3f3f00
3fc03f8c
bf363ed9
3fe94018
3fbabe86
3dc3bea7
3f5c4011
3ee7befc
4021402c
bf5d3c0c
3fb23e19
40264032
3fab3f23
3ff13f9a
bf553fb2
40103fec
bcaabf55
400c3e4f
402f3d2b
3ea13f27
40253f03
3d393d57
3f954004
bda9be26
3f693f87
3ffd401b
401a3f52
3d23bd51
bee54000
3e46bf6c
3f86be51
3f004033
403d403a
bf663f71
3f3f3fbd
3ffb3fbd
401bbf73
4022bf39
3fb2bf2a
3d94bede
402d4009
3fb43f68
3e743db2
400d3ffa
bf3ebf75
3f38bf3c
c5d8be4b
be033fc8
4023be82
400e3fec
401f400b
3fae3f5f
3f123ff0
bdacbe8f
3f713fdf
4031403c
402bbdef
3e00bf69
401b3fe7
3ff93f4e
3f893cec
3ff8bef8
3ff63eb4
40023da2
3fdc3fa1
bf6f403a
402a4020
3feb4003
bf4d4018
3fae3fbb
bb4a3fc3
3fc13f3c
40163fd3
3fcbbed9
3f1abf68
3fa4bee0
bec63f67
bf14bf4c
3f0b402d
bee5bd96
bf1f4019
bea93fa3
3ffabe0c
bf3f3dc9
bf083f5a
3f9d3f98
401b3fdb
3f633ea8
40164024
3cf93fd1
3ff63fba
be8c403b
4036401e
400dbf7c
3fb14035
3f8c45d8
3fe63e89
3e38400b
40393ec4
4016403e
bf183fdb
beae3f2e
40183f9b
3df83ff3
3cffbe94
3fa73da2
bf30be32
3c503f39
3fd84001
401d400b
beaeba0f
bf45bf23
4003be2a
3ebe3e89
3f054033
3e82beb8
3f9fbe99
40013ff8
403e4009
bf003f8e
3fc9bf34
be20be9f
3f1cbf3d
3fad3fc0
4017becc
3e403fdc
beea403f
40344032
3f9f3f4c
bf153f3b
3f9f3fc4
4009403d
3e903f0c
40264012
bf654012
3f85beb5
bf69be81
bf343f12
45d83fa8
3fefbf19
bde13fdf
3f3c3fa1
bed3403b
3eed3dae
3fa03fed
3fe84008
bc563fe1
3faf3f01
40154014
40013ff6
40273f9d
4015bebe
40154026
bf793fdc
403d3fa2
3f77bedc
3ece3f0b
3f8b3f6f
3fe13fe4
3f053ed8
3ff7bf70
be413efd
3f22bedd
3e453e0f
3f5f4019
bf293fd4
bdb14026
3fd04019
3edfbc23
3f9c3d1d
bf54bf22
beefbf0c
be52bebb
3fd0bdc2
baf53ec1
3f263fbd
402f3f09
40063ed4
401b3ef9
3fb63da5
3f573f43
bf074000
40183e77
3f353e62
3fc73fc8
3f80bf13
3f93bf42
4014c5d8
3ff94032
40234022
3d95be79
3f8b3e16
40083f3c
3d813fef
403e3f1f
3f13be8f
3eaabf32
3e0a402b
3fd2be1a
3fff3fe8
4030bed3
402a4029
3e8e3f97
3faa4020
3f283fdc
4032402d
3fad3e07
40263f9d
3f94bf7b
beb6bf47
bee83f41
bf35bf18
3f514031
3fa4be86
bf5a401e
bf293f35
3f8cbf16
3f79beb8
3fabbd80
4004bf2d
be853f7c
40254012
bedb3ec5
402e402c
be193fb7
3e1bbe33
402f403d
be243ff3
3ec7401e
40243fdc
4028bf44
40384018
3f07bf22
bea53fe9
bf20bee4
45d8bf64
3f91be80
40363e4f
3fd93f9d
3ff33f55
3fbfbf44
3ffe3fe2
bd87be25
3ecf4004
40074032
40094034
bf2dbee1
40374023
3fac4020
be5f3f1e
3fde3fd0
3e1abe81
400f400b
3f414030
befd3f7d
3e9fbf0e
bd12401d
bec23feb
3fc03e20
3fa5bf14
3f593f59
40014015
40154037
400c3fee
40003fae
bf244013
3f423f30
3fb03e36
bce1403a
3fee3e4b
40274033
402f3ce2
3f1a4002
3f0b3f94
40163f04
bf023f24
bea73fbe
3f5c3fc6
402f3f43
4039bf04
403e3fe0
3f08bf47
3fca3f87
bed84023
bf2dc5d8
bf653fa6
3fac3f77
3fa03f98
be7c402d
3eb8bef2
3ff54033
3fb64007
400fbe77
3ff14006
3fc8bf6e
3e6b3f77
be4fbf19
bf3e3fee
bf2f4018
bf503fda
3e2a3e2a
bf70401f
403abf6b
3fe5bf5e
40143f97
3fff4004
40373fea
bf58bf6c
bf4bbf3f
40393fa7
3ff23fbc
3ff23f7a
3fea3fc9
400ebe9e
3de43eb1
bf6f3fd5
bda23ea8
3e824005
3e543f63
40143fa5
be1ebcd1
bf6c3fff
401a3f1b
403f3ffa
beba3e81
3e68403c
3f114039
3fc23fc0
3fe33e37
3f853fc0
40063f15
401b3fbe
45d84040
3ed9bf2d
4004beac
bf513f9c
bedebe63
bef3bf0c
3f84bf60
4038bf48
3fa13f08
401f3e34
bdda3f51
400c3ed1
40263ff8
401e3fa9
be344031
3dc5bf0a
bf444024
3f974008
3fdc400f
3ffd403e
bdf24010
3f8f3e25
3f83be53
3fa93fa8
3fb33f0f
3f4dbe64
be7a3fc5
3f513fc7
bf6c3ff3
3ff3401b
3f713f9d
3fbd3fa4
bf154003
be9b3f8d
3f123fae
3e763fc2
40323fd6
3f214030
401c401d
bf0abeed
3dac403e
3f7c3fa0
3fc8be1c
3fad3f1b
3fa9403d
3f483f10
3ef63fc6
3f8a3f86
3f6e3d15
3f89c5d8
3f8dbf23
becc4033
40213fb9
3f3a3f4a
4006bf4c
3fbc3fec
bf463f48
3ef9bf40
4005403d
3f3a400e
3f494031
402c3d72
3e58403e
3fdd3d42
beed3f0f
3dbc4023
3ff0400b
3f353fa5
3fd43ff5
401b3f04
bf023fb4
bf403f83
3f734035
bd0cbe91
40233fe2
3f3f3fe5
40053fc3
3fd43f91
bf203eae
3fdd3f43
3fc63fe2
3ea53f86
3f13bf7f
3d1cbf0b
3fe83ee3
401dbe02
beaabf5c
400e3f1f
bf7b403c
3e6b3f39
bf5f3f01
40254019
4008bef4
3eca3f5f
403f3e58
3f863fda
403fbef2
45d8403b
3fcc3e8e
40393e4e
40054000
3f293ff4
3ff73f04
3fcbbe19
4036bf7c
bf23bf73
3fd43fb1
3f743f26
3ffb3b8d
3f863e01
3f763f80
be29beca
40103ffa
3d7d402d
bf6cbe94
bf2e400d
bf513f0f
bf333dff
befa4028
3f9c3ff9
beba4030
402ebf32
bf513f59
bf7e3f80
3ffabf36
3fde3f4e
40394005
3f8d4030
3f7c3fe9
3fc23f71
be693ee4
3eb53ec8
401e3fb1
400b3fbf
bf70be41
3fcb3fcf
403e4008
3fc4be2c
3f83bf1d
402c3f89
4017bdf6
3fecbe41
3da4be6a
3fe13f89
3fcd3fca
3fc14012
3e3cc5d8
becb3e47
3ebb4023
bd5d3f09
3fcfbf15
beda3f0c
3d203f1e
3ff83d29
403bbe38
4015bd6b
40283ff8
3eadbe30
bd433f6d
3facbf58
be95403d
3f8b3dab
3fe4be90
3fae402f
3eb64004
3fedbf6f
4021be4b
40193ef5
403dbd8c
be174017
3f773edb
3e653fe6
bf593fde
3f0a3f6a
bf3f4019
3e383f75
3ecfbd4a
3f724005
bf5c3f98
bef03f9a
3fad3d31
3efdbdba
bf69bd0a
3f103f83
bf6dbf1c
3f99403d
3f413e62
3f2c4035
4027be05
402b3fdf
3f8fbf54
40323f93
bf283da6
3eaa3f11
45d83ff5
3fb93d2d
bf5d3fd8
402b3d99
3e53bf53
3fa64031
3fe63e9d
3e963fd0
40303fec
bf7e3f79
40293e35
be36bda8
bda83fdd
bf46be10
bf453e90
3fbdbe65
400c3f06
3efa4016
3f6fbec2
3ffa3f9f
3fa73eb2
3fcebdb5
be943faf
3e693e7f
bed3bf30
3f923f18
401d3eb7
bc463fd4
3f973f8c
3fa3bf3f
bedd3f80
3f514029
403b3fe2
3f554000
bf073f8a
3f703e70
3f7a4014
3f09403b
403f3eef
beb43fc8
402d3f9f
3f28bd0c
bf693fc4
bf693f8f
3f43bec9
bf034021
3f984013
402abf1a
3fc44036
3fa6c5d8
40193f8d
3ed6bf79
3f893f42
40344036
3d393f8a
3ef83f8e
bcc13fb9
401c3fa3
400ebf1f
3ffdbf5d
40144034
3f00403a
3d9e3f5f
3e0e3fa7
bf473ffc
3f8c4022
bea4bf7c
be013fa3
400e3f86
4031401b
4017bf55
3fd53edc
3fbcbdb2
3fd53f0f
3ffc400d
bf3a401a
3f7c4013
bf2c402b
3f203dd2
401dbe86
3ff63f42
3ff73e89
3f7e401f
3f723f9f
bf494003
3f844031
3fba4013
bde03f2b
bef7be75
3d94bcd5
40093e8e
3f07bf1c
bf4bbed3
3ff94016
3fdebe80
3fd84019
bf3e3f24
3fa23eed
3f9bbefb
3ff1bf3f
be88bef0
3fd04037
3f4abec2
3f8ebef6
40254036
be8d3f52
3fab3fa3
3f323f52
3fd04010
403bbedf
bedb402c
3f55bf66
bf1cbeb5
401e402d
40383fd7
3fa04028
bed44035
3f0c3f54
3ee73fc6
3ef4be4e
4029bead
3f80402e
3e723f81
40294007
4002bee4
4014400d
403c3ff3
becb3f55
3e253f1a
be8e3f13
3f514032
bdf44014
bf363f1a
3da83ffc
3f8abef1
3e8fbf26
4011400e
3fa4bcee
3e703f30
bf573eba
3fc43f4e
beda45d8
4025402b
be223f68
3efabd81
3ed13f12
40304029
bf233ea5
3ec13ed6
be113f83
403e403d
3fd34015
be833f9a
400c4023
40283fe0
3f463f23
bf104039
bceb3f00
bf523ff9
402c400c
3f22402b
3e64bf0d
bf783fa9
3f7f4012
bee74019
3e25be78
bf094029
3ff63e68
3f3abf58
be463f27
3e22bf10
3f294037
3f6e3fd1
401a3f6e
4017bd23
40094008
3f9c3f74
bd08401d
3f73bf62
3ea4bef1
40013f4d
bf4d402b
bef8bf6f
3f283fb6
40293fc1
bea54014
3d6b4035
40054024
3fea3faa
c5d8403c
40103fdf
403e3e8a
3ef13fa9
bf4f4009
3e203f49
3f913f85
40063fa7
bf403fca
4006bf6f
3faabe6a
402abedb
3fbc3fff
bf34bef2
bf303efb
3fea3e9f
bcd84002
bf4d4016
be173fc1
3f6fbdb0
3e744026
3f9f3f42
3fee3d7f
3fe63f24
403c3f9f
3fdabf74
403e3f82
3f8fbeb0
3fa7be80
3f6fbd80
bea53f9a
3fbe402f
3fb74019
3ff53f64
3fb0be43
3f9e400d
3fef3fa7
3f5e3fed
40153fb3
3f613f4f
bd3e3f09
3fee3f73
bec3be8a
402dbef3
3fd63d71
40403ff3
3eae3fb2
3e313fa3
4011bed2
3fe145d8
40113ffa
3faf4029
bdcabf2c
3f694012
3f3a3f7c
40034013
402c3fab
3fc4400f
40333ee2
3f5d4039
3fbc3e26
bde13f3f
bf24400e
40233df3
bb4cbf1f
40013fa4
3fb63f90
40363e9b
401c3de3
bea0bc0b
be4a3fca
3f954014
bf71bf2d
bf133f3f
3f954005
3c5f4009
bdaf3f9d
3fad3fa5
bea14027
3eed3e73
bf00bde4
3f9b3f7c
40244023
3fdf4019
3ec24030
40123f54
3fde400d
40163f99
3fd73f15
3f053f95
400f403f
bed2403f
bedd4007
bf1e3ff5
3fe9bf5d
3ea23e93
40144039
c5d83fbb
3feabf36
3e813f87
3f04beb0
40273f83
3fb73d53
3f5d3f25
be3b4008
400d3fc1
3e13401f
bf1ebf1d
3f663f44
40353fec
beb73ff7
402f4000
3f903ea8
3fad3fef
beb63f8a
3f314031
bde64004
403e3f8d
3fdb3eb0
400b4031
400f3fe6
3f95beaf
bf1a3f34
bf304034
3ff6400b
3fa93ffe
3f5fbee3
4021bede
3f0fbf38
400b3f3d
be40bf66
40304022
401d3fcd
bebcbef5
3f92bdb6
3fe73fc9
bea03ff7
403cbcfc
3fa13f65
40204031
40273e78
3fa43fc2
3ffe3fc4
3ebc3e89
be82bec3
3c543ea3
3e7a45d8
bf7e3f7f
3fec3fb5
3f1fbf55
3f3c3fcb
3fdf4008
40273f44
bf633fa9
3fed3fa7
3f903f40
40303fb8
401f402a
40044014
3e8f3fcc
3fdb3ce8
403e401c
40223f96
3fbf3fab
3f3fbe17
40074010
3ca34037
bf443fc7
401d3f9f
3f534005
40193fc4
3f9abe65
bf464036
3fc93f55
4004bf06
3fd53f03
be833f6a
3e1c3f47
400e3f23
40313fba
3f6cbf2e
3fc1bec2
40213e77
3fcb3ff3
3ff33e91
bf7c3e52
401b4033
bf0b3f4f
bee33fad
3f41bee5
beaabce2
40213e2c
3e8c3fed
40223ec1
c5d8be95
3d78be76
bf1b3de4
3fd63d55
3e254013
be954019
401f3f6b
bc743fc3
bf1abf1a
bf303fdb
be2c3f29
be383f9e
3fe7be6b
3fc74021
3fbf3f53
bf7a3c90
3f183fbb
3f213f4c
befb3f48
401c400a
3fe13f9d
bf72bea9
4011bf02
40263fc1
40183f76
bdd93f8c
3f66400a
400c3f79
3fd63fd3
40403fcd
3ff74014
4021403c
bf1abf08
3f7a3fc2
4014bf28
3d0c3fe3
40153f45
3f743ef0
3fd4bef4
be0a3fdf
3f9b4004
40193fe0
be2f3fa3
40124017
3fe83eea
3f66bf63
3f864033
3ef9403a
3e82bd92
400545d8
bef03fbe
3fc6bf4e
3fbebef9
3f763fc6
bda73db8
3fb73f68
be8bbd76
3f6d3f10
3dc34022
402e3ff3
3df93ca0
3fabbe69
3ecdbeb7
3eea3f74
3fb93f97
3df73f26
3edd4017
3f483f8c
3ebebeae
3fb23ff1
3fb0bf06
bf683e83
3fbc4015
3facbeff
4011bf18
4034be24
beccbf4c
4032bf50
bf783dc0
3f7b3f2a
3ef6bf51
4027403f
4027be6b
3f104032
be55bf42
40383e10
4003be65
bf2ebf02
3ea73ec5
be8e3f91
3f78bee8
4034be94
40394031
3f574000
bc274039
3f774017
3fa83e33
c5d83f9e
40074003
3fa33eac
be9e3e05
3f0b3fca
40243f73
3ff04038
bf3abdcf
40053f52
be103fd7
bf753e7d
3f9fbf64
3e9e4003
3f344039
3fb03fc6
3d02be42
3f163f8a
3eb44011
3fb1bf13
3fd24005
3f0a402b
3fe84018
403d3fea
3ee83f2d
3f83bf1c
3ec53f8f
bda63fff
bd4a3c8c
3eaf400e
3dcc3fe7
3eafbe8a
3fa44038
3f023f5f
3fd74008
3f8c3fcc
bf7c3fbc
402b3dd5
3fdb3fa9
3ebc4024
3f9e3f48
40133e39
3f363feb
40233fb9
40163f87
4006bf6c
be673f9b
3fc9403a
40403f8d
bf264005
bf5b45d8
3f443f3c
3e06becd
3fc44025
3fe93f61
3fb23f00
3fbb3f65
3f9b4005
4008bf31
3e073f12
be41402c
40063d91
bf76be30
3f8b3f8d
3fcb401b
3f033e10
bf803f21
3f9e3efd
bdb23fc2
4012403d
bf774008
40283fa0
3fdc3ec6
bf503de8
40004017
bf79bdc0
400fbe6c
40383f20
3fec402b
400a3f7f
3f3f3e51
3f213e5d
bf6e3fde
3fe83f44
3f25403c
bef34037
bd543e4d
3fc1bf4e
40043fe1
3eb1bdc4
3e9c401c
40043f4a
403c3fb9
bf6bbe84
40093e8a
402e3f71
3fd6403d
3fcd3e47
c5d83fdc
40203ff5
400dbe83
bf39bf5a
40013f50
403c3fba
bf113fa6
3feebf49
3f863f3b
bda8bf5a
402bbf3c
3f7bbf1c
3f1b403f
4019bb95
3fde3f80
bf6e402e
bf22bea4
4006bf79
402cbdb1
401b3e99
403e3ebd
3fdabf1b
3d284029
bf233f40
3f084009
3fa83f81
baf0bea3
bda23fb7
3ff0401a
40113e73
3ef5bf3a
4029bf0d
3fb63f5c
3fb03ed0
4025bf53
3f6b4007
3fb0bde3
3f324006
3fd94011
3f3b3f85
beb03efa
400abf39
3ff7402c
403cbf5c
3ed5c5d8
3f1d3f19
401dbf36
40353f26
bf434010
3ff63ee2
3d9f3fff
bf30befd
40283f04
3f893ede
3f3b4040
3f133fd4
40093fc9
3f77be2f
3de24003
be8dbf6c
bcd1be65
3fd0be85
bf4a4032
40163dcf
3f9bbf78
3e4ebe00
bf74402a
beabbf7d
3fe7bf5f
3e3d3fe5
3fcb3f91
3fe43f75
3ff9bec4
3ea13e56
bebc3f29
bf3b3f59
400b3e50
3ffb4010
3f733fa1
3fbd3fa6
beafbf2e
40083f02
bf7bbf43
bea94023
bc82be59
bef13fe4
3ff03ebb
3f21400e
3e7f3ea3
bd7abe39
40323ff2
3ec23f87
45d8403a
3fcb3ea0
401f4010
3f7e3e39
3f59401c
401f3f69
40074021
3d4d3f91
3fb1403a
401b3f4f
3fa13f44
bf3fbf7f
3e053f80
3ff83f8a
be72bddd
3f954001
beab403c
3ffabe85
40153ef3
3f65bf6f
3fc64031
be97400f
40183ff4
3f8abec5
4030bf7a
40304017
bf6a3f73
3eb5bef8
3f6abf1e
3ea43f78
3fca3f2c
3f844006
3f483f2c
bd8d4018
3fcdbf10
3fa73fff
3d7d3ec9
be633ef7
3eacbf1a
3fdc3f78
3fc43ecc
3ee13fe3
3dd4401a
be8d3c46
402d401e
be94bf1e
3ffe3f3d
40023fd6
3ff83ea1
3fc2c5d8
400cbf6c
3f883eee
402c3fdb
3f0c3fdc
3fdc3ea4
401a4014
40234001
3fb93f88
bf564005
40143ffa
bf683d8f
3fdb3f54
40283fa1
40193f97
402cbf7c
3fa93f7e
40404001
bf55400d
beb33ebd
3fa03f30
beac3c2b
bf544026
3f1d3f59
be3f4033
3f00401c
4037402d
bf453fd1
3f193f46
3f893f0c
400ebf7d
be3d3e01
401e3fbf
3e393f37
4002402f
bf10400a
40144038
be4ebf1f
40043e7e
40343f86
3f353ea5
3d8dbd52
bf51be2f
3f05bee0
3ffe3f47
3ff84009
4016402e
4036bf20
45d8bcc5
3feebf07
be8b4018
403f3f26
40224035
bddb3fa3
3f853fb6
402a3fc4
be5ebf3d
bed63f85
400d3e8f
4015401f
40323f1c
bd433f78
3fed3f8d
bf4d4026
3f143fda
3eb2bf38
3fba4019
bf1f3fb3
403e3bda
3fe8bf6b
3fad400d
3f46400e
4023400a
3e883f78
bf193f20
3f193d88
3e424037
400b3f14
3f4d3ff0
3fe53fd2
3fa53f47
bf65401d
403e4012
4024be9c
3ff83fb7
3ff43f65
bf303e52
bf183f0a
3ff93f1b
40394020
3f633f10
4015bf08
3f30be46
4014bc85
4008403e
3f9c4013
bea8bf0a
3fa9c5d8
3f63baa1
3f433f64
401ebe81
4005bd63
3ffa4021
3ebabe2f
403bbf67
3f9d3fa4
bf753fb4
3f27bf57
bf6e4033
3f4c400e
401b4037
3e9a3fc5
3fd93fe7
bf383ffc
3eb93ffc
3fbf3ff0
40144038
3f723f81
401e3fbb
3f73403c
bf38be03
befb3fed
beadbf24
3ef0be12
40334013
bf2a4007
4022bf6b
3fd43fed
be493f3e
bf323dc9
bf353bd5
3ea43fdd
4034402d
bf7bbe7e
400ebf74
be68bf20
3ef04038
3ef83f8d
3fc1bc94
3f3cbee1
40264004
3f773f8c
3f983f89
be19403f
bf2abe98
45d83e05
3f614002
3f08402a
3f3f3f72
3fe23e61
3f8ebf5b
bedd403c
3f86402b
40163f4d
3ed73fc2
3ef13f28
3f623d47
bdfe3f01
3fd5403d
401fbf13
3fc64013
bd8b3e29
3f5a3f94
3da9bf52
3f61bf34
be22402b
3fe24018
bf7e3fa8
3fd4401d
3f73bf0e
3ffb3ffa
3ff2bf10
40174039
3fcc4010
bf433cab
3f333e7f
be71401c
3f2a3e44
3f873edc
3f94bf37
3faabeb0
3f4f3f09
bec83f0e
3f40bf62
40053fad
3f794029
3ee9bf24
bd18403d
3fe93fac
40284037
4016be6a
403e3f0a
40003fc1
401d3fd1
3f52c5d8
3f81bf4f
bee63f53
bf5c3f26
3fe9be0c
3fd53f11
3f1c3f18
3fad3f03
3fe33f2d
3eb83f94
3f144012
bf3abf3d
3fd93ed1
402a3f21
40043fad
403f4038
bf4e3f7e
3fd64001
3ffc3e86
3f284023
3fe44026
40193dba
40383fa9
4028bf42
3fd73fd9
bf2bbd1e
40393fe2
402c4037
bf7f3f61
3f744022
3f753ffd
3f2f3ef5
bf423ef8
3fe53fd2
3f3e4005
3fcfbee9
403f4010
402a4017
3ea93f04
bf263d8f
3f533fb8
bf463faf
3fdf4027
bf753e99
bf1e3fb9
bf6f4029
bea33f8c
403e3f2f
45d83f99
bf34bdd1
40243f8d
bf6b3e81
3fa53f65
3df9bf28
3f19403a
3efb3e9e
bf0d4009
401b3f8a
40393ede
402e3f14
3f8c4032
bef04035
3d5b3fbe
401b402d
3ffd3b6a
3e8a4007
3f303fc9
bf1c3f06
be143fb5
40383e18
3f48bf49
40383dbe
3fcdbe8b
3ef4bf40
be953ff0
40063f87
3fd7bd7f
40243f1d
3fb1bf74
3e9c402b
400b3fa3
be813f26
3fe2bd6e
3e0abd8d
3f7bbf62
bf753fa6
3eba400b
3f98bea8
3ff33f16
4025400a
3f0f3f67
3e043ffd
3f9e402d
3dad3f4e
3e05bd43
3f8bbf18
3fbf3f2e
3f1dc5d8
3ffb4008
beb43fdd
3fd13fd6
bd863e9c
40303fb3
bf5dbf6c
3f3a3f66
bef53f86
3dca3f05
40383fc1
40373e83
3fab3f83
403abeef
402e3fcf
3f3c3ec0
be5f401b
40123e32
40143e6c
40174010
bdcf3f6e
4035bdbe
bf1c402e
3b53bef5
3fa03fe2
3f9b3ebd
402c402e
3e5bbf0c
bf1abedb
3fd7bf16
3e573fed
402f3f6a
40383fda
3dfd3fff
3ff7bf42
3faa4026
3e40bcbe
bf1d4026
4006be83
3fccbf1b
bda1bf4c
4020402b
3e174009
40073f24
3fd63f9d
3ff8be59
3f983f5c
bf53403e
45d83f3e
3d674034
3eb43f89
3e81bf53
3eb7bf56
3e8b3ff6
3e24bece
3fa63f37
400f4012
bdfd3fc0
3d9d3ee0
3f183f9b
3eebbeb5
3fbd3fe6
40273fc3
3ff4401e
40313fa5
3ed83fec
bf6bbeee
3f8f4019
3f2f3fe8
40084029
3fbebeb0
3d6b3f51
4039bc24
3fe63fed
3fc3bf69
be5d3ffc
3f104018
3fb23f3a
bf063f8b
40353e95
3d594000
3fa04016
3fea3f48
bee03f85
400a3ff9
3f043f71
3ef93f9f
40403e22
3fe7bf3d
3f84bec2
3fccbe40
40004027
3f093f0d
3f8b403f
3f9f3ee8
4004bf6b
401c3ffc
3eeec5d8
bf193fb9
4014be6e
3f813fcc
be9b3f90
3f013ffa
3fcfbf1a
bf6e3ddc
be393fa7
3fd73ffe
40064033
bea34040
3f834012
40173e56
3e943fd4
3f453f89
3fc4bf55
bf273cbc
bf39bc7f
3d59bf49
4037bf50
3f833e2e
3ea13dd4
3d67bf26
400c4013
3f573ffb
401f3f2d
40033fd7
3f144007
bf4c3ff9
4021bf05
3ffebef2
3ffb3cc7
bf37bf15
3eea3fc7
bf29bdf4
bf1a3fa5
3f2d402a
bee03f26
40274012
3fb33fd2
3e04be51
3f1b3fe1
c5d8bd4a
be974035
3ffd3fef
3fb54030
40124009
3f9c3f13
3ebe3d08
bea23f41
3f4f4040
401a403a
402a3fcb
bf5e3ef3
3ed63f61
40324021
be8b3ea1
3f2c3f52
3fac3e49
3fee3e96
400f3ffe
be44bf5c
401d3e1a
bf033fb2
be333f9c
3e553f36
3fca3f90
4033bd73
bf0abea9
3e083fa0
bf2ebe6c
4002be4e
3fed4023
3f513f4c
bf27bf62
becfbe8f
3ea13fc5
3ffb3f05
bf0ebed0
3ef4bebd
3f0c3f66
40384020
3fa53f9b
3cd63f61
bf7fbf1f
40343fb2
3e00bf25
4000403d
3ffe3fce
3ed93f0f
bdc73ff4
3dbc45d8
40073f39
3e9e3f96
3c303fb0
3e893f05
beeb3fd1
3fae4015
3fe5bea0
3f52bf6e
40303f98
bf58402b
40213fcd
3e3d3fc8
3eedbf21
be9c3ec1
3f233fb1
400a3fda
3db6be21
4033402b
beddbde4
bf323fbb
3f8c4020
3eff3e8e
3e3c3fb5
3f97bd09
3ef54011
400abd5e
4030402d
403c400d
bc8b3f6f
3f483f53
3fbe3e08
bf463fb2
bee23ee7
3f623ff6
4022400c
3cbe3ff0
3f314003
3f1c4015
402fbf43
be4c3e04
401d4024
3f09bf26
3f3e3f99
3fe33f69
3fca402a
40253e53
40234031
c5d83ff6
3fba401a
3eb0bf67
3e95bf2f
3fa6bf04
40093e6f
40143f2c
401b3dcb
40343d78
3f894014
40023f2b
4020bea7
3f633f7a
3ee9beae
3f8c3ee6
3ecb3ffe
bf68bf46
3ffb3e5b
401b401a
4005bf42
3f923fea
40163dc4
40193e7b
3f09bf0e
3e8bbee0
3fcf4037
bec03d39
3fd34037
40243eb6
3ee43e9d
3fb93f34
bf56be82
3fe23f95
3df43f2f
3e363fc5
be744007
3f413fd5
3f053f9d
be8b3fb3
3f623fac
3e473e45
40274032
40043dcd
401f4033
3ef13f96
3fdbbf31
3f61401f
bf2c401e
3fdbbead
401f45d8
beb2bf74
bf403fae
3ff9402a
3ef3be93
be793f8b
4014403f
401d4030
4032402a
40013f25
bd5e3f7b
bf053ff8
3f984025
bf03bf27
bf53bf4c
3f0d401f
3fea4033
4020beca
3da4bec5
3fff3ff8
3e60400d
bf2b4007
3fd63f9a
3ee5400b
bf73401f
3f27be76
beec3fb9
bf2b3f4a
be31beeb
3f0fbf51
402cbf4c
40143fae
3e9c3fa6
3fe63f32
40343df1
bf083fbd
3fec403b
3ed73f43
3f043ed7
3f34bf73
3fbbbe73
bf073f41
3ff1beb0
3cb13ff1
40113ff6
3fc43f94
3f93bf50
3e7f403d
c5d83f8d
3f133dab
40053f86
3f0b4004
4000403e
3f0d3f13
be4abef6
3fc6403b
3f343fe4
3f6f4028
be714003
40023ff1
3fb83e94
bdee3e6b
40163fa8
3fbb403b
40284034
401b4034
bf433f28
3f923ff8
3e8c403d
bf72bf70
3fff4003
3fa43ff0
bee43f4b
4015bf00
40073f15
40323f39
bf493f6b
40393ee4
403abefe
401f3fc0
403a3f84
400bbf63
3f5b3f2d
bded3f21
3fd33fc7
befe4028
3f813ffa
3ffcbf38
3fba4027
3e9b3f54
3fc53e61
3edc3fee
be243f5a
3c883fd9
3f473f6d
401c3f8e
403a3fc6
bf7145d8
4015bf60
3ff83db1
3e0f3fc2
3fde3ff8
402e4007
40023f91
bdd53f54
be173ed6
3f7e3fb1
bf1b3ffe
3faa3f9d
bf12be43
40093fc3
be4e3fb6
3ef33f10
3fc63fbb
40003ec7
3fe63fdd
bf103eec
402abeb8
be4dbf1c
be2b3f9f
3f013fbc
bb3a3fbb
3f6f3fc5
402abeb9
3ee93fe5
3f09bf72
4022bf22
3df73e9e
403d3f64
becf3f7f
3fe64031
3fdbbf10
4004bdc6
3fa24024
3f96bf5e
bf2d3f24
3fb1400e
3f54bf62
bec04011
3f50bf25
3fa4bf72
3f7abf42
4025400a
401cbe74
3ff53ff4
c5d8bf43
3e873f4a
3e9f3ffc
3f863f28
bf364034
bf2d4007
3ff2bf1c
3fa8403e
bf414036
bca63f83
bed1bed5
3f89402e
3f8ebf1c
3ed23fd5
bf6c3fc3
3f7f3f70
3fbe3f70
3fc93ff0
3ef73f31
3fb74028
bf123eee
3eef3fa4
40293fd2
3fdfbece
3f61402b
3f183f52
3e103fe3
400d4012
be943fb8
40313fd7
400b400d
bf5f3ff0
40114033
3f163e33
be863fc8
3f2d3f43
bf5a3e6a
bf3a4032
3ff5be77
beaa4015
40353f68
3fe5bf2d
3fab3fa6
40343fc6
3e503f42
4000401e
be803ead
3e69bf16
3f553df5
400d45d8
3f113e1f
3fc84004
403b3ef9
bf693fbc
4021401c
40313fcd
40043f87
3ef23f1d
40364033
3fc3bee3
3ef8400f
40323d63
3f344006
3f67bf76
bec7be1a
40343f32
be91bee8
3fb0bf7c
bc2e3dde
bf65403b
bf59403e
3fd33fc3
3fdb3f8c
beb23f9a
bf2a3fec
3f6a3cc4
3f90bd16
3f723e8c
40374026
beea3d34
3f2c3e8f
3fe64007
3f7c4000
3f204036
3ed4bf51
bf43be43
401e4019
bf51bf05
bd2e3fa8
3e424039
3fccbf24
400abe85
bf54bed0
beba3ef3
40073fd0
400d4009
403d3fde
c5d83fd8
bf503e9d
3fda3b6d
4014bf6a
400a4020
bf684004
bea4bf45
3eb8bd9c
3f503fa0
bf463ed7
bd994011
3fd13f48
3f624030
40103ff7
3fd54015
3f893f33
bf2e4008
402a3f60
40113fbe
bed6bf17
bdb8bf5c
40404016
402a3fb5
3faebf16
40284023
3f02bc0d
3f393f49
3fe04032
be3d3f73
4015be90
3f933fb4
3fb83ffc
bea1402c
400e3f35
3e573fb2
40154011
bf30401f
4001bf63
401f4000
bf753fea
40283e58
bb8dbf69
40344000
3fdf4015
bf403f05
401cbf56
3ef44030
40243f9d
3f944023
3fd145d8
40153f43
400a3fca
3d5abed4
402c3fd4
bd8b3f8b
403d4008
3f98402a
3f83bf0d
3f473f27
401f3fa1
3fa6400a
40183f92
3fa8be01
40303fe8
400e401f
3f613e05
bf683fb9
3fab3de8
3de1ba42
3e604025
bf493d78
3f263ff3
bf123f5f
4007be23
bcff3fc3
bf803df0
be923fb9
4037be0e
4016403d
402b3f8f
bf71bf78
3ff03f98
401f3fe3
401c402d
bf53bf49
40283ee6
3f7a4032
3f814010
3f4fbf0e
3f89bf5b
3fdb4007
40243e66
3fa5bf72
bf1f4014
3fca3e67
bf66bee5
3ff5403f
3ff9403c
3fcf3edf
4032bf6b
3febbf6c
3ea33fb6
3ff63f0a
bd9a3eb2
401a3ea6
403b3fa8
3ff23e59
401d401e
3fbdbf3b
40383ead
3feb3e4e
bf714032
4007bf11
3e8f3f1d
3f863f58
3e844024
40253f8b
3f50bdd6
4019401b
bf493e33
400f4011
bf793fcc
3f1cbf31
3fca401c
3eac3fa3
3f824033
bf77401a
3fe5bf3a
3fdbbe37
40083ffc
3d3c402a
3fb63fcd
4010bf6c
bed1bef8
40353fb3
40373eae
3f92400a
3f664005
401fbf14
3f9b3e88
3f8d4017
beabc5d8
3f853f54
3f6abefe
400f3fda
3fc73f5c
3fd64012
be0f3faa
40313fbb
bf5d3f68
401e3d9d
40033fb2
bee4400e
3d053fca
403c3fd1
403d3ef2
3fdf3fee
3f133f90
bead4021
40313f56
bf5abf25
4018be39
3fd23f9d
3fae3fa3
bf77bdbc
3fbd3ea9
3ffc3f44
bf183fe7
40294013
40363ffb
3e154024
3b48401e
3e743f12
3fff3e8e
3e4abf79
bf673f9c
3fd93f3a
3f65beb8
3fa7bec5
3fb9bf1d
40393ea7
bf50bf0d
3fe14011
40133fd3
4006bf45
3fb83f06
bf253b85
3e083fba
40213f24
45d8bf7e
3f604012
be173d78
3fcf4026
3fdebf17
3ed94037
4019bf3f
403e403e
beb3be07
bf053fa5
be1f403c
3fb4bf6e
be92bea0
401dbde0
402ebea9
40164022
4020bd09
40153f71
3efa3fdc
40023f16
3f00400a
bf173ed3
3ee3bf71
400dbba8
3f3b4020
bf12be7f
3f993fda
be81403e
3f934020
bf2d3e6d
3ffebdc5
3f734022
40243f45
4017bef4
3e3a3f36
3ede3fcb
3fc33eca
3f9f3f51
4036bdfd
3fe13f93
4035bf6a
bedbbf7e
3f6dbf74
4025be09
bf6f4005
3fd53f0e
3ffbbea0
3f383fd9
3f86bf54
bf0ec5d8
3e3d4013
3fab3fb4
3f5fbdaa
3eef3f8d
3f17be50
3f9e3be1
3fe1bf2d
3f15becb
beaf3f89
bef0402e
400d3fca
3f8fbed6
4014be9b
bed7bf7b
3e5cbf76
40364029
bf1dbda8
3fb93fa9
be9c3ef6
40203f51
bf7a3f65
bdac4001
3f8e3efd
3f8f3f9d
3fc7401d
40053fce
3e9b3fe5
40273fc1
3f4cbf32
bbb64000
3fa63e63
bef8402d
4019bf46
be233f5d
3fd23fa6
3efb4031
4032bf2d
bef54027
be443f48
be874021
4014bf51
3fc1bed9
3fc23fec
3ff73f25
bf474017
bd703e4f
40064018
45d8400d
3d8cbf1c
3f84be91
3f9d3fa8
3ffa3f61
3fd74012
befd3f75
40123f9e
402e3f67
3fc43ffb
bcd23fc2
3ec13fe7
403b3be0
bf2b3fee
3f3cbf78
4000bd34
be843fa3
bf3f4038
3fe84034
3f5a3fc2
4028bef8
bd6d3ed9
40383fa6
3f8f3e00
3f6e3f79
3d98bf09
402ebe04
bdf03fa4
3feb3f83
3fbf4012
3e823ffb
bed4bf02
40393f8f
3faf3faa
3f683f9d
40374029
3f3bbf1e
4006401e
bf48402b
bedd3e6a
bdc33f92
bf544032
be06402f
401f402c
40233fca
bf4d401e
3fa7402f
beb5bdb2
40033d22
3f2ec5d8
40334018
3e093f98
3f99bf2f
bead3f0b
bcd93e7a
3ffd4007
400bbf3a
4003bf05
3f093fb9
3e0b3f54
402c3ebf
3ec53e5a
40143f76
beb1402a
3f953ff8
3edf4016
3e4c3d4d
3faa4026
3dfb4027
bf00bedb
3f703e02
3f703f6f
3f3b3f88
bf1e3faf
3ffa4028
3f13401f
3e784026
3f8f3ebd
3faa3f78
bf113ff2
3fcf3f39
3fc6be01
3f85bf2f
3f574028
bf6c3fd6
bd9c3ffe
be03bf19
bf753fb1
3fa93fce
3f3a4005
3fa6401c
bdb74015
3f8a3ffa
403c3fd5
bebb4033
bf5a3f8e
3fd93db6
45d84000
3fc03fbd
4012402e
3ff7befe
3f47be40
3e6b3fe5
bf4b3fb2
bf1bbf56
3f95bf49
3e593f73
403e4027
3fc1bf58
bf77bedf
3fa4bf60
3f15bc99
400c3fbc
40203f08
3feb3ed1
402f402e
40163fbd
4010bef7
bf143cd7
3f5b4021
3f963f50
3f7cbefe
401a402e
403e3e99
3f8d4032
400dbeba
3f1c3f94
bd52bf10
3e533ece
400ebe1c
3fe43f8a
3f31bf15
bede3fb4
bdba3df9
bf523f6e
be5a4014
3f23befe
40324028
40303e0c
3f833f9d
bdc23fca
3e89bd43
bed5402d
bf28bf6f
3fe33e5a
be934001
bf4fc5d8
40053f65
beda400e
403d3f94
3fa63e37
3f6c3fde
3fdabebc
3f494036
4036bd8e
bf2c3f2d
403a3f40
3f2b3fb2
3f403ec8
3f153f96
bf4a4029
3eab4029
bc96bf7c
bea63fb9
400c3e14
40193fea
3fbb3fa5
3facbefc
3fc13fc7
bf30bf27
3f5c3f5e
4008400d
beea3f13
3fa6bd39
3f7b3f42
3f93bf4c
400d3fd7
400c3ec9
400f4012
bf0f3f91
3f37402a
3f9b3faf
bf124034
bf263f9a
3fa53f91
400f4037
40203feb
4026400d
be93bf0f
3f7b3fd3
3e9ebf47
3f88bf48
3f713e0c
3f42bf6e
45d83f3c
3e2a401b
3f6d4030
402e3f9d
402d4022
3e923fdc
bf4b3f8c
3f913f67
3ecd3d62
4031be81
3f983f88
3ff83f95
bee2bf6c
402e3fd2
3fa1bf0e
3fb2bf56
401a3f7e
401b3fa1
4014bf5b
3f2dbf54
400b3f89
3f20401c
3f573f4f
3ebb3fe8
bf1e4011
4017403e
3fe04020
3f874002
3f124022
40183fb1
3f65bec9
3ebc402e
3fee3f20
403b3fbd
3fd23f99
be6d3fff
3f844034
3fde3f99
400c3fb9
3e393e93
3fb03fd3
bf13bf10
3eeb4019
3dea4004
3ffabf62
3f8e4025
bf493dd8
3f3d3f92
3fb53f50
3f28c5d8
3faebefb
be96bc55
40224040
3ff03f6d
3e5e402c
bf3d3f40
3ee7402b
3e9d3f2e
3eca3f1f
40333f4a
bf583fed
40103ff5
4008be6a
bf2fbefb
bf643f82
bcc5bf65
3ec33df6
bf353ef1
3fc83f36
40353f91
3f903fe7
bf4cbf40
bf3a402a
3f2d3fc7
bf30401f
3fbe3e52
3ffcbf72
3fa93f87
3ff03e8c
3f223eab
40183f57
3f704024
400abf0d
403f3f9e
3fc94033
40113fed
3f8b3edf
3fd0401a
3fd33f2c
bf41bea4
40213ed2
3fbe400f
403fbf2d
3f26be92
3f2a3fe2
bb26bf0f
4027bf47
45d83f23
40173ebf
3f0abe67
3fcc3ef4
bf5f3f29
4021402d
3ed73fef
bf07400c
40313fd3
3f56bd9b
3eaabec9
3f7d3dc4
3f25be37
3ef73f1c
bf263f09
3e98bf0c
bf54bf34
403a3f53
3ff33fb1
3fd23ec6
3f793fe7
3f823fa9
bdf13f61
3f8b3f2b
3fd8be9e
bf3d3f09
3f2d3f5a
40273edc
bd5f3e0d
be493e59
3fc8bf74
3fafbea5
3fc9401c
bf3f3ed1
3fffbf7e
3e52bf77
402bbe38
40283fab
3ebb3e08
3fe73ef8
3d863fbe
3ee03f97
bf203f82
3fa03f63
3e3b45d8
be763e2a
3f59bf60
3d6e401c
3eafbf38
3f1fbf13
400dbf33
3fc7401e
3d133ec4
3ffa3fc0
4014401d
4015bf2b
3eb9402f
3fefbec9
3f4a4033
3dc7401f
beb33fd1
bf49bdc3
bf013f92
3fdbbe1c
bf65be8b
3f1fbe93
4001403a
be2a4023
403d4019
3e983fd8
bf034023
bef53fee
3d563f67
40104002
3fed3f77
bf573f85
3e454012
4008402f
402f3f7d
be953f87
3faf4039
4015bef6
3f87bf23
bf673f14
3e983ef1
bf7c3ed1
bf7f3f85
403a3f88
403d3fcc
4019402d
3fe83f9a
be903fd6
c5d83f8f
bf65400f
bedebf4a
40093fc1
4025bef6
4007bed7
3cb8beca
bd89bea5
3f973fd4
bd0bbed3
3ef13f53
3d123f94
beff4029
3fce3f46
bf4b3ea7
3f413fee
3fc6be84
3f0b3f8c
3f7b4033
bea63f31
3f53beff
3e403f3a
3ff33ee4
bd1b400b
3ff1bef2
3f6b3fbe
4027bf6c
3fb43fd3
3ff73f20
3e99be0a
3fa8bee1
40113e56
4002bf23
3e7dbea5
4040bf32
3fefbe99
3f4b3fe8
3ea9bf44
403b3f82
3e823f65
3ea73f39
3db54002
4005403f
401e4032
3e233ecd
bd93bed4
bf123e8d
3fc03e9a
bf5d3fe8
bf6e45d8
3fb04034
3f533f1d
3fcb3d8a
40043f36
3f893ee0
3f204024
bf56402f
40073f6e
bf533fea
bf424005
40363e54
bf633ff8
bc9d3f82
bf533ffc
40244008
4037bd67
3eb53b07
be963f3c
3f05402b
becf3fb0
3f88be87
3ffdbf54
3f8b3fb1
3e943f6e
40053fa7
3f9d3e35
3f303fdc
be233f8e
3fb93f89
3fc0401c
3f743fcb
4032401f
400bbd13
be96bf1b
403bbf27
3ec33d0e
3ff7bed8
bf5ebf52
40343fb9
bf414016
3f81bf14
3f19be9e
3ff13f83
3e8f3fa0
403d3e93
3fb3402f
3fd63f80
c5d8403a
403f3fe9
3fb53f00
3f224037
bf713f5b
3fe53f89
3cf94031
3f1d3e76
402b4022
bf433f9f
bf353e62
40323fae
3f1ebec0
3ed43fdd
3fc93f2b
bd813ff2
3ff23fe1
3e93400d
bef83f6a
3ffe401e
402f3f85
3f51bf49
bea93f92
3fa83ee2
3f953f0c
bf444009
3e9fbee2
4033be67
bf673f85
40124017
3fcb3d61
bf4c4038
bf7a403a
3ed43f13
3f92bf75
3fcc402f
3f5b3fd6
3fa13f22
3f69be94
3fa83f5d
beb13fd3
bf75bd13
3ed0403b
bf7b403d
3f9abdc9
40133f8b
bf0c3f8e
403b3e60
3f24401b
bec145d8
bd253d51
401a3fa4
3f643fa2
bf5a402d
400d3f3c
3d20bebc
3fd3bf0e
3dc23f86
3e4cbd0e
3dd33ffd
bf573fc7
bd304013
3fb2be7d
3ea24006
3f633fa2
3ff83f7d
3f98401f
3f8e3f2d
3fec3f38
3fea3ea1
400f3fbe
3eea4006
4002403a
40173e73
3faa3fc8
bf65401f
3fb73f86
bf593e36
3e20bf2d
3ff63faf
40294031
bf4e3ffd
bf053fa2
3eb74020
3fc53f9e
400f3f23
bf413fb5
3ff23f4f
bf35bf18
40253ffa
40274009
403fbf7b
bf453f52
3fbd3f7b
3f053f27
bf7e401f
be3a401c
c5d83fb6
401ebeb8
402a4034
3f0a4025
3fb23f49
3f3e4004
3e75bea2
3f80400d
bf1dbf00
3f5bbf1f
3f77bea3
3f5abcf9
40333fdc
400d3fd9
bea44005
3f98bf0e
400a4017
bf7d401a
3fdb3f1d
403b3e97
4031401a
3fc53ee6
bf4fbf00
40274003
be363f96
3e683fb4
3f7fbaea
3f433f49
3e9abeef
4001403d
bf32bf39
3ea93f60
3f863fb9
3fb53f7a
40323f25
3f4b4019
3fe13f70
3f5fbe80
bf52bec5
bbe63ffd
bdb9400c
3f513f45
3cf53fbe
3f6bbf45
3da6bf4c
bc583ff5
4004be15
bf7f3f45
bed03fdf
3e8b45d8
4038401d
3ff0bf1c
401cbf1f
3f2c3cea
4006bedd
3f4b400d
becb4035
3fc03f6b
3fb23f6a
40303e17
40103fbd
401b400a
3f4abf6e
bf303f63
bc2a4032
3f9b3fb1
3fb23f9d
3fbd402e
401c3ffa
bd153f24
bdb74002
40204034
3fbf3fdf
3e414000
bf2b3ff8
403b4022
bf7b3f53
3dbf3f8f
bf193f91
4003bced
3e994035
40124012
400a3ed5
3fff3faa
3fdf4004
be6e401a
400a3fcd
bf00403b
402d3fa5
3fbb4010
bf5f3e0e
bf3dbee8
3fbf3f9f
bf05beb3
3f203f09
403bbf70
bee0402b
c5d83fe8
3ff43f9e
3e6c4008
bedc4032
3ff93f45
3f5f4040
3e313fc7
3f844000
40103fa8
40233f5c
3ff4bf47
bf263fd9
401bbe86
bd473e5d
3fd53f90
bf3cbce8
40344030
3fd73fc6
bf2c3dce
befcbeda
40323eae
3fee403c
3f113faa
3fe73fe4
3f043fa2
3fce4003
3f6a3f11
4007bec8
bf534002
bf08bf33
40033fa2
3fd63fc0
3fb03f7d
3f7e3f8c
401ebf60
3f0f3ff0
3fbb3f26
3f913fd7
40043f0d
40394028
3fd43f00
bf6d4000
bedd3f6c
402c3f82
bf573fce
bd9b4012
40313fb4
3f033f2f
40104014
3f8145d8
bf134033
beba3f94
3fcc3e8e
40373fa2
40214007
3f924036
3f00bf0d
bf303fcf
bcfe3eaa
3fa7beb6
bf503eb3
3fd93fa6
4009be62
400f3f8f
bf373fd4
3f5c3e61
3fd8bef5
3fbc3d1f
3f583f9c
3f693f93
3fcb4007
beae3e56
40374024
3f4abf32
40293f04
4034be86
befebf00
403a3fc2
3fa1403b
3db03f1b
bf29be4b
bf2b3f23
3ee63e89
3ee4be19
bf60bf01
3eda4018
3eac3fbb
bf3cbf75
3dddbf7c
3fad3fa4
4021402c
3e52bf0c
be6f3f28
40253ff2
403a3eb0
3fedbf4c
be67403f
c5d8bf5b
3e32402e
be213f88
bc1f3f0e
3f60bf6a
3d01bf6d
40343ff4
3f0f3fff
40263fb6
3fb03f3f
3fabbeaf
bf1fbf62
bf73401f
4000bc17
3f21bf2b
3ed54031
3edbbed0
bf7c4040
beb23fe5
3f483f4b
403fbe9f
3f843fd1
3fcf3f57
3f333fb1
3eaf3ec2
3f053ff6
be3c3f84
3fb2bec0
3e3bbc98
bf573fc6
3edf3f96
3fb33fd9
3f9a3fee
3f2c4033
3fbabd27
3fe3bed8
bf38bf12
3ee23ffd
bea8bf64
400b3fe0
bebb3f71
be0f4025
3f42401c
40313cf7
3f343fde
4005bec1
bed63f96
bf743fb8
bf5d3ebb
bf5645d8
3f85bf21
3f5f400a
3ebd3f89
beecbe92
bead3ff9
bf103f82
3fc2bed0
40383fec
402f3f88
40224029
3ee1bf3c
3fce3f86
3f8f3f51
3e84bf1c
4019be0f
402d3fe5
3f353fc2
bf583f04
bf1abf51
3fac3f69
3f0cbef4
4022401e
3f5f4021
4027bcda
3f5d3e1e
3eda3f83
3ef5bd7f
4016bef6
3fffbf65
3f4a3dc2
40003ed4
3f50400b
3fb6be2d
be693da5
4011bedd
403b4018
403cbf5d
3f373fc8
3faa3edd
bd2f4009
3e634029
403c3ec5
45d83fa4
3f723fda
403f3b97
bec24001
3fd5bf71
3e384036
3f04400f
40243e90
bf314029
3f57beaf
3fdb4026
bf50be3c
3e84be81
40293fec
4009bf61
40233fb3
be403f0a
3fce400c
3fc93fac
bf71bf42
40053fe2
bf123e08
402ebeaf
3ff63fd0
40043f76
bd713e5c
3f02bf77
bdf2bf59
be49bea9
3e1d3fea
3fd83f93
bd1d400c
3e573fb3
bf123f16
beebbcfe
bf1a4026
3fbb3f8a
bf423f68
bf403f42
3f9d4013
3eec3fb2
3ff84029
3f983e5e
3fd6bf55
4012bf67
401b402f
bf413ffe
4022bf64
3fc83ecc
bf49c5d8
40283fe9
3c9b4019
40334007
3f313f22
40023fcb
3d9f3f37
3eea403e
3fe63f80
bf113fd7
40053fe9
3ffd3f1a
bf173e81
3f273d96
beee4007
3e4e3f9c
400a3dde
bdb13e75
403d3fef
3f8e3f0d
3fdb3fa6
3f1dbc82
3e70bdfd
40343fd7
3f5d4019
3f3abf06
3eef3ed2
401e402f
40083f94
3f2e3f28
bf073ff0
40254020
3fe74014
3f2d3ff2
be9c3f86
400e3ee0
3fb0401e
beb9bf6e
401d3ffe
3fd7401d
3f9f4016
3fad3f8c
3fe63ee8
40333f8d
40023e5c
beebbe5b
3fea4010
3e88bf4e
45d83ffc
40054010
3e264022
3fc43e26
3e74bf45
3f703df8
3f7f3f1c
40113fed
3eb2bea9
3d13be6e
be903f8f
3d273d28
bee14021
bd2f3f29
bf6b400a
40024036
3f473f88
bd424038
3ffd3eed
400a4023
3fdf3f0b
3fd0bf22
402c3ff6
402c3fa5
bf0a3f8e
3fd54033
3f803fd8
40374017
3fa44011
3fb44017
4027bf01
401f4014
3fefbf40
be7b3f7a
40013fce
4023403e
bf36bf1b
3fe03fed
4030bf78
bf413f90
3d27bf73
3f454011
bf20403b
bd9abe51
4016400b
3fe84034
3f123f81
402d3fcb
3d903fa0
bf4fc5d8
3f2bbf74
bef13f69
40244023
3e7abd5e
40303f5e
3f59bea6
403d3fde
3fbbbca1
40263f12
40343f1b
3f4a3f5a
bf6a3ee0
bf643f63
bf523ecf
40193f8a
3f7e3fb2
3fe53fdc
401fbf15
3fa9403c
3fd03f01
400f4039
4016402c
3f123f20
be564035
4010be40
3fb93f2c
400d3f3a
be7b3ff0
401a3c38
3fd3bf0f
3e913e89
3f9c3f60
403abf33
3f9cbf01
3d5f3fb2
3f6a3e91
40314003
3fc1bd14
3d1fbeb1
40283e96
40033d76
be79bf4e
bef03ec9
3f0c4028
3e9c402f
401e402f
401d401a
45d8401b
40093faa
3e394037
3fd6bf7f
3fc14027
3f9b4035
3daa3fd5
3ddc4015
40183d3a
3f5b3fa5
3f053f92
3f854010
3f6cbec7
be66bf52
3fd2400b
3e733fab
3d90401b
3ef23dff
be7a3f5b
3fe2be9b
40193f8e
3f433f8b
3f6e4004
3da43f08
3eb53f96
402ebe8b
40363faf
3f19401e
3f2bbdf2
4000bf4d
bf724022
4024bf11
403abf6c
3e273f6e
bf2f3ef5
3f8abf51
3efc3e8d
3f3d4013
3fd3bf00
bf5b4019
3f4bbf10
4025400d
40183fe4
3e2bbf6f
3ee84011
3f0ebef1
400a3aec
3f9bbe6e
3ea63f37
400ec5d8
be2b4029
3f874027
bdf24031
402f402b
40004018
bed4bf23
3fbb4015
3f593ff8
bf503f05
bedf3e67
3f873f11
bf094021
3f03bf6a
4032bf6b
3fb44009
401d3fac
bf78400f
40203dc0
40053fc8
3e863f41
3f7d3f05
40364029
be28bee5
40203f74
3f4dbe8c
be863e77
3f4f3ee4
3f9d3fbd
3f214020
400f3fbd
3fc03fa8
40133ff6
401d3f64
bf7dbf62
403e3efa
3fd2bf2d
3ef93faa
4037401a
bf083f14
4036bf0f
bc54402f
3fa2bf36
3ffdbf03
3f0a3fce
40174014
3f033ff5
3fdc3f81
45d83ec5
3f034010
3ff5401c
3f223fd1
be66bf63
3c984036
3e893e90
4016402c
bf714003
403b3ffe
3f88bf5c
3e883fae
3ea9beb4
bf0bbe0f
40093f8d
403d3f4f
3f8dbf6a
40253f1d
3e093fb3
bdde4033
4020be4f
40314026
3fe73fcb
3f9f3ff5
3e8b3f69
3e87bf55
3ee03e31
40253eea
3f843e92
3edc3f09
3fedbf48
3fefbe98
40024014
40193fbe
3ec83f9b
402b4025
40393fae
400c3f24
3f183fee
3ff7401b
3ff1be6a
bea93e44
3de7bf09
3fdf3f3e
3fc33eba
3e89bdc1
bf1e3fcc
3e253e89
40003fa1
bec5c5d8
4033bf60
bf443fb3
3fb8402c
40293f7d
40393f79
403f4015
3dc33e36
bf27be71
4027401a
3ef13f66
bf3a3f60
3f7b3ff0
bf0b402d
3f124039
beb83f45
3eb04009
3ff84010
bd873f47
bf563fb6
3f983fb0
3f6b3fb0
be61bf22
4029400d
40083fdb
40273f2f
3e743fa0
40264005
3ea14015
3f9c4031
3e6d402e
3edbbf05
403e3e82
3d3d3e97
bf78403a
3fe53caa
3eeb3fc1
3f89be62
3d3d4039
3fe13fb3
3ebe402e
402ebf2c
3f5d3f9e
3e8a3ee1
3df9bf0b
3ee03fac
bf7f3ece
bf5b3ff5
45d83f25
3f9c401c
3f9e3f45
3f943fbd
4016bee6
3fa3bf03
40233f77
3d84bf1a
402c3fa2
3f843fbd
3eda3f93
bf653f87
3ea43ff5
3fc74007
3ff74003
3faf401a
403e3fdf
3f6cbee3
400c3fdb
4034401b
bed8bf64
40034027
3fdc3f7f
40083fb0
403ebdd2
3f534012
3fe23f81
bf5f3f84
40093fc5
400a3d83
40213f8f
bebc401e
bf2f4021
3f603fec
bf79be38
bf094023
3f283fd6
401e3f41
3fcd402a
403dbf2e
403e3f37
3f583fd0
bf0dbd0b
400f4018
3fa64017
400a4039
402d4030
401a3f8d
bda0bdc0
3fbac5d8
3f7a400a
3fe23ec7
3fcd4039
3f964000
3f8c4040
3fcc3ffa
3ebdbf2b
40254036
be8ebf17
bf35bf62
3f574026
40293e3f
bec54001
bf563eb2
40033fb3
402b3fc1
3e97bf03
3fcabe99
3f1a3fd4
3f313c03
3ffa401c
beb63fe4
3ef03fdf
40183fc0
3fa0400f
bd3d403b
4013bf5b
3ff2400e
3f87bf08
3e054017
bf4d3ed3
3fd94036
3fbc3fb4
3fbe3fe9
be8e403f
be3f4001
3f38bf5e
3fe0be99
403bbf01
3f6f3d0f
3cb2bf23
bf6d3f11
c5d8beba
3f443fcd
3fde3f94
3c623fc2
402bbf56
bf43bf37
bf6d3f1b
3f143fe4
3e473fa0
40304028
3f333f38
bea93fc8
3fbe401b
3f0fbeda
400e3f48
3f543fab
40233f99
40073f65
400e3fa4
3fd13ff5
3d23be9f
be463ffe
3fecbebf
3e0d4007
3e743f57
3ff1bf4e
3fecbf17
bce53f9c
3fdbbf5f
3f843fa8
3ea4bf3d
3fff3f19
bee53fc4
40324004
bf5a3f86
3ee7bef6
3f9bbf19
3feebf04
bf4ebce4
3c493ee3
40393fd6
bf10bea8
402b401f
3eafbe31
4039400d
3fe7403d
402dbf5b
3d984021
3f02be83
403d45d8
bf793fa9
3fea4014
401ebf57
be203f4d
3fb04016
40104029
400c3fab
bf5b3f8c
4032bf36
be903f38
3fc3bf48
3f583f87
3e873f07
3feabf57
40343fdd
3fac3f39
3f11403a
3f874011
3e953f1c
bf02401b
3ecb3fd0
40263f65
bf743fbe
402a3f4a
3fb24015
bed34009
403ebe19
3ff7bf49
3da53fb4
bf224025
bea83fed
3fe53fa0
be8d400d
3f923efb
be913fc6
3fab3f60
bf083ec3
40014033
3f92bf41
40113d5a
be6d401a
3f5bbf6c
3d62bcc9
3fe13fea
3ff64016
3f9f3fac
3e173b96
c5d84035
3fdf3fa9
3f8abed9
3fc43f03
403d4039
3fedbeb2
bef6bd87
bf554017
bec03e8d
bf613ee5
3ee93dcd
3fb73fde
3fdd4039
40214030
40143fcb
3f32402e
bf0abddf
3f71bf08
3fc73f85
3fef3fbb
be1a3fdf
bf1e3f1a
403e3fe7
3fb84015
403a3ea7
3f934017
3f2a3fd6
3da53fb8
3fb94003
3c163de5
bf19bf6b
bf573f71
bb52bd2e
401c3ecb
3eb63ec4
3e7e4015
3f2c3f56
3e553f9d
3fd6403a
3f313f85
bf643f9f
3fae400b
bf273f2f
40024020
3fda3eef
bf3c3da5
4024bf4a
be523fca
3f8abd8f
3fb045d8
3ef5bf1a
402ebef2
3f833d0b
40083f04
bd0dbf36
be833f45
bf2a3f4e
40114035
3e443ee3
bc40bf53
3ded3fb6
403e4002
3e7bbf07
3de43f48
bf27bf79
40104020
3ebf402a
3ed3bea6
3f093fd2
4026bf48
be1a3ffd
bf1d3f84
40273e89
3ece4005
bf083f84
3ffe3f92
3fac3fc8
3f9d3fb9
402cbee4
3f833fb6
3fe33f17
400b402f
3f873fdf
3fbdbefd
400bbe94
3eab3f31
4039be15
401bbefb
403bbeb3
3e343fc6
bef93fbc
40313f05
4020401b
3fed3fe5
3e673f7e
403b402f
3f1e3fdc
c5d8bf5f
bf1e3f36
be413fc6
400f3f84
4021bf05
bf6c403c
be004031
3fe53fe9
3db0bf29
3f3f3e44
3f2d3fa9
3fb13e0d
3faebf2c
40263f10
3dfa4007
3fb43e7e
403b4036
3f393ddf
40383f8a
3fd1bf17
3f723fc1
3d9cbf02
3fbdbebe
40123fef
3f594034
bf733fb7
bede3f8a
3f16be37
bd4e3f33
bf513ff2
400d3e74
40033f83
3f803f64
3fa93fd5
3ec23f48
3e934027
3fe13fea
bf793fcf
3fee3f80
3edfbf28
3f363fd1
3fdbbed9
3fccbde3
3f953f83
3e84400f
403c401e
4038bf18
bf493d79
3fefbc58
3f5845d8
402e402d
3f354014
40184009
40293d55
402b4039
401f3fea
3fa83dcb
3e29be91
3fef3f5e
402d3ff6
40064039
3fc93fc8
40093fec
bf1c402b
40183e86
3fe5bf23
40223eee
40003d21
3f92bf29
3f314032
3eef3f3c
bd3cbf12
3eba3fe7
bf1a4009
be82bf30
bf0b403e
beff3fc7
3f9f3f47
bea94032
403d403d
bf71401b
bdf94001
3f6fbc9e
3ffe3dd7
3ed83f77
bf5a3f44
be42bf3c
3fca4012
40123fff
3cea3fc0
3ee93fdb
3dab3e50
3fb74002
3eb54006
402a4026
3fea401c
3fe44023
c5d83f95
40013f40
3f9c3fec
3faf403f
3fe24009
bf6b3f33
3fab3fcd
4019bf5a
40183f55
3e4e4000
be9a3e1b
3fb84007
3fb93ff0
4014be4e
40043e97
4002befe
3f643ff4
40203ed3
40043f00
3fcf400d
bec63fd6
400bbf49
bf11bf0e
3ede3fc2
bf634007
3f924028
3df54030
3fc0401b
3ffd3e3c
3b2bbf4e
3f5c402c
40103f40
40034016
400a3ea4
3fc9402c
402f3fb7
3f50be62
4028401f
bdea402c
bef54015
be58be74
bf50402a
bf78bc95
3f9c3f9a
3f9abf2a
401a3fff
3e1f3eee
40163fc9
3fc73fe2
402445d8
bf58bf4b
3fad3ff3
3e18bf32
3e1c3f6d
40113f29
4006401a
3f8bbea1
bf64401e
3ff83e96
bdd83f89
3f804002
3e21401d
3f50bf68
3fd03f93
4016becb
40094016
3f243fcd
3f8d400c
400e400b
bf1c4028
3f0c3f03
bf0ebf4c
40123f37
3f3b3fc9
be1a4012
4036402a
4025beef
3ed13f96
3e4d402e
3df54009
40133fbf
3ff83dd8
400c3e62
3fb8bf02
3fa63fc4
3e6e401b
40203ff5
3f2b3fdd
3e3abe09
3f833ff2
3f453c58
bec9bf10
3f76bf38
3fce401f
3f123fdc
bebebf46
4000be2f
c5d83fcc
3f01bcac
bf0c3c87
4037bf10
4019bf23
3ff54017
bf793e32
40253ffe
4010b9ea
3f6cbbcd
40343f87
bf434016
3fcbbe65
3f60befc
becf3f6b
3e843f8c
bf534011
bf45bf0a
403f3f96
3e793f9f
bf493f45
bea03fba
4037402f
40133eef
3f19403f
3fdc3da9
3f89bf69
403d4017
3f93becb
4033bf27
403abc1d
3fad3f80
3fb73ffa
3f273f91
401a4006
401a4025
3eb43fb3
3f1cbf51
3fac4026
3f11bf20
40003f31
3f9fbf04
4039beae
3f82be57
3ea44029
3fa63d17
3f9f3fe4
bf66bf28
bf12beee
3f4745d8
3fa3bf2f
bb88400f
40093f48
3fae3fbf
400b3fbd
3f563ffe
40354012
3d1dbe1c
3f783f0f
3f9a4029
3ec7bd8d
40393e83
bd913fc7
3f0d4024
3f873fa5
3f9fbe2d
3fd63f3f
be683faf
bedc400c
bf0d4027
3ff5400b
3f4f4011
3e9dbeb8
40213c63
3fc33fc2
3fe3400c
3f113f1d
3fb93f37
3fdd3f8a
3fc04026
3fc83fdd
3b25be97
bd743f20
3fcd3ec3
3ec33ffc
3e21bf3b
bf32bd28
bf5d3fea
beb0be7c
bec33f14
3e34bea0
3ff93f52
3fb0beca
3fad3f86
3ff23fe8
be05bf4d
4014be90
c5d83f9b
3e3c4011
3e0dbeae
3f293f59
bf49bd07
3ebf4003
400fbf7a
bf493fc0
40344000
3f89403a
401d3f86
3f27be1f
3f5b4008
3fb6bea2
40093f27
40014029
bf0cbec0
3e913fbc
3f593fa6
beff400d
3eedbee1
3fd83feb
3e784034
3edc3fc6
400ebe1f
3f753f07
3f2bbf20
3f0bbeb4
be473f4c
3fec3fcb
bf084039
3dfa402f
3f923f71
3f103e8f
400b3f53
3d5ebe28
3fd5bf3c
400cbf5b
3f7d3fe9
4030be43
bec33f29
401e3fa9
3fa43f84
40274008
3f8ac5d8
bf46bf2c
3e9f402b
3f9b4030
4022be1d
bc104013
bf77403a
3e0d3f59
3e833f6b
3f29bf1c
401c4030
3fedbe43
be7c400a
3f153f9e
400abf0c
3ef93f2d
40133f73
3fb0bf80
3fac3fc4
bee74028
3d223f8f
3f983e10
be8c403e
be483e41
bf4d3fa6
3faf402e
3f9c3fa9
40213ecc
40063fd5
3df8bf75
40403f75
3f7ebf0f
3fc23cde
be05be52
3f6d4018
3fecbf6c
3f653ec6
bef9be69
3fe23fa4
3fea4030
bf374030
bf6c4015
400e4014
be673fcf
3fdebe85
bf473e86
3f333f67
401e3c12
45d8bf32
3fb73fdb
3ecc4030
403d402e
3f573fb0
bf1b3fa5
bf404013
beaa3f7c
bf06402d
3efdbf28
bf1cbf72
3dd33ffb
3fe9bf3c
3ff3bf77
4011be94
3f863f75
3ee0be57
40244028
bedc3f55
bf563fa0
3c313fee
403d3f98
bdf13f2a
bf663f98
3e87be27
bdee4017
3fb13f8b
3f72be8a
bf6c3ecb
3f8dbf69
bec33fd4
bf39bec0
4001be96
3feb4018
3fdc3f6e
bf6fbf27
4020401f
4024bcb3
402b4023
402c4024
bdc83e63
3dd93b18
3c134002
3e96402d
bf3f4004
3fb73bd0
3fc7bf72
3fa34011
3f15bf71
be38c5d8
403d4034
bf58bf06
402c3faa
3e593e84
3e833f91
3fbc3f1e
3f94bf2e
be7b3ff8
3fe23fdb
3eebbf3d
bd413f7d
3fc83ced
40364004
403d3e25
bf4b3ff8
40324001
bdeb3f5f
3ed8401e
3f733e91
40023e9e
3f9e4025
4039bf3b
40154005
40353d25
3e9abea6
3fbf3fcf
40193fb8
bf533fa8
3f5a4001
3fea403d
bf434033
bf293cd6
3fb93ff0
3ffb3fb7
bf28bf31
3fbd3eda
3e56be27
bf634010
4022bf0d
3fdb4021
403dbf46
4019bf34
befe402e
3e53bf3c
3f5abf1b
40123ec2
3eeebc04
45d8400f
3e943fa8
3e9d4007
40133f38
bf393f62
3fb53ff5
3fbf3e49
3fd64022
40313ece
3fa3bc22
3f2d400b
40104030
3f3b3e3f
3fa03fb9
3f873fa1
3e0f3f59
4007bed4
3fefbf14
be2c3e16
4037be9b
3f32bf4d
becdbf3b
be0b3f9c
be8dbf3b
becb4030
3fc5401e
3fab4033
402a4039
bd7f3f49
bf333f28
be773ff1
3f0f3f08
bf234036
40044029
3f183e78
bf0ebe54
3effbf26
3fe5bed8
400e3ff1
bf753fa9
3ec83f07
3f033f36
3feb3fb3
3fb53da2
bf233ff9
3fa34010
3fcf4022
3ff53fa0
3f363fb7
3eb1c5d8
3fb03df0
401d4023
3f923f07
4035bec0
3f87beff
3fad3ffe
3fd23f28
3fd54028
3ff24002
3f923fdd
bf733fbe
3fab3f79
3fab3d72
3fc3bebd
3fca4003
be52bf23
3ef8400c
402d400c
bec13f5a
3fed3f40
bee3401b
3e6b3f2b
3ddc3f76
40343e25
3f654017
bf603f93
bf31be9d
3f623f8e
4022400d
bf6dbf1e
3fd83e6a
bf093e67
bf4dbf0b
40314039
401f3ea1
4019bf23
3f9c3e2c
40043ebe
3e60403e
3ec13fe8
3d263d92
bda13f8d
bd3a3e43
3fa3402e
bc0b3fd3
40073fa3
4015beb1
45d8bd0b
3d62bef5
3f9f3fbd
3f034035
3ffcbf41
40393f03
3f0b4021
3fb7bf6a
40073fe9
3fe54004
3f40be9a
3ff8bf11
3ff23996
be99bf71
3e863fe0
3cffbecb
bf683f3a
4013bf55
40283ecf
40053f25
3e903f40
bf743ffa
400a3f5d
3d7c3fab
3eb8400a
3f864012
3ea6bb9f
4000402d
4030bf69
3f7fbe0f
3ff43f8e
3fdebe23
3ff63ffc
3fac4039
402dbf7d
3f363ec2
3fee3f95
bf70bf6a
bf043fbb
3f953eb4
bf5c3f4f
3fa53fea
bf0ebf0d
400e3f16
400f3f83
3ffb3f3e
40014005
3fc63e85
3f98bf2f
401fc5d8
be9f4008
3f993ff0
bf2bbf5a
3de7bf0f
3f52401f
401e3f9e
3e4ebeb0
3ec3bed8
3fc2bf5b
3ff24014
bf573e14
4040bdd5
baa24037
bf353f33
3e2a3f77
bf7dbf0a
40263fbc
4020403e
3f933cc6
3f1cbf02
40143ea0
3e373dec
3f043e9b
3fd64022
bf4bbeb3
400a3f4a
40083ff1
3fd93e98
3fd9bf35
3f433e70
3f983fa2
3e323f85
3f1dbf5a
4008be6e
3db2bf2c
3eae3fe4
403a4030
bf554009
3f63be93
be7e3f3e
3e99beb2
be87bd94
bf783f95
3ee23c73
403c3fd8
3e8e3ef3
3f1c401f
45d83f27
40373f8a
bf2e4034
4021400c
403e3ffd
3fb43fda
3fc94022
4019bf2a
bf5d403c
3eaf3fe2
3f2d3f1e
bf73bbb5
4006bf4b
401e3fef
3eff3d44
bdc13fcd
bec63ff5
3ffabf66
3efebde8
3f63be7e
40014040
40213f1f
bf05402d
3fd6403e
4033401c
3f85bd70
3fbb3d3a
3f35401a
401c402e
bf673fc6
3ffdbf27
4012bf78
befe3f3f
3f953fd9
3fac3dea
39d43e7b
bf323f85
3f054003
40293fa2
3f8d3fa3
40104006
4001403c
3e30bf17
3ff13f8c
3e993ee6
40063ffe
bf60be6e
bf553fd6
3f2a3e07
3ffcc5d8
3f1ebe6e
40313fc3
3e25bf70
403d3fbe
4002401b
3f9ebf50
3f4c4007
3f184030
bee53fc7
bf013f3e
3ee53f77
bf7e3f1a
bf3b3fc0
bde1bce2
40043e04
bf0e3ffe
bf0ebed4
4007bf4f
3f8f3fd7
3fa64039
be863ff5
3fcf4013
3fe43feb
40123f82
4027bf26
3ffcbd7f
400abf45
40054029
3f8c3f9e
3fac3f3f
3ffb3f8a
3fbabe48
bf253f0c
bef93f32
3f6d403d
3f67bc80
3f393f56
be40402c
4021befd
3e874032
3f163fcb
4016bf6f
3f3fbf6e
3f92bda4
3f93bda5
40153f4a
bf213f60
45d83faa
4022bf4c
3ff73f4c
3e13befc
3fd53de0
40353ff2
40163fb0
3fd43ea1
3e70403c
3fda3f58
401d403b
3f943e83
3f2e3edc
bf713dac
3f853f95
40343f15
3fe03d94
3fce3ffe
bf2a3fb9
3f8d3fde
40014038
3f993f37
bf533fc7
402d3fb0
3fffbeee
401d4037
402b4022
3f9f3fbf
3fb7403a
bf4a3f29
40214017
bed74032
3fd53fc1
3f983fe3
3ec13fd4
3fc63ee7
3fc5bee6
401b4022
400f3eef
3f08403b
3f933fdb
3fb0403f
3fec4020
3edbbeec
bea43fbe
3ffe3fe3
4003bf21
403f403b
3d8d3f89
3f89c5d8
3df7403c
3f6bbf66
3e9dbe06
3fdd400a
bf113f78
bf09bf71
400c4034
3fa23e1a
beee4005
3fae3fa6
3f72403e
be8fbe6c
3fa03fdf
3da93f0c
3f8d3fea
bf1b3fbf
3e3cbe8a
3fe34002
bf24400b
bf693fef
4039beb8
3f03bf36
401abf0e
3fb2bf75
3f75be4b
bf073f6f
be34bf4f
3eda3e79
4025bf30
bf064031
40334011
4033403c
402e3f48
402a4019
3fc0402e
3f88bf56
3dd73ff8
3e0c3f6c
3fe4bd63
3fc1401a
3e014026
3fb2be67
c5d84021
402f3fb1
3f713fbb
bf0dbf74
4006401c
3fa63f3b
3fd23eba
4019bf2e
3f543faf
beea4012
3f50be4a
3fea3f6f
3e244004
3fccbe8e
3f933fc1
40373fe9
3fde3e3a
3ef03efc
3fb7bf0d
3fa03f34
3fa63f0d
bf01be67
3ea63e92
bf474021
3f7e4025
3e4d3fbe
bf6d4040
beeabf1d
3d874003
bf0f4011
403fbf1f
3f18bea1
40143f9e
bf2abeda
be84bf0a
40403f37
3ede3c11
bf783f9c
400ebf50
3fda3fbc
bb66be39
3f72bedd
bf054016
3f13be83
3ca74029
3fd8bdf6
3e6e3fc7
40023eac
3f0e3fe7
3ff045d8
40254039
400c4023
be603f4a
4038bf44
beeb3de6
3fc4be9c
3f303f9c
bf763f10
401b4036
3f51bf7e
3f873f01
bf4c3ff6
402abe71
3fc24013
401f3fe6
4016bee0
3f913fd7
403d3f1d
bf224022
401d3f30
bf29bee5
3fcc3e8a
bf384016
be813fd1
40213f84
40263e9f
3fccbf53
4000bf10
bf1bbee0
3f8c4013
bf0e3eed
be943fd7
3fe03fcd
be873ea3
bf6e3f0b
bdbc4001
bf2ebf67
3f45400b
3fa4401e
beeebebf
40374026
3f93403c
3e4e3f45
bf1e3f4a
3fbb3fc1
bc653fd0
bf00be6e
c5d84018
400abf31
400f4004
400a3f42
3fd74037
40064000
bda53fce
bdcf3fa4
3fa43fa4
4012403a
bf544008
3e7f3f55
4039beab
beb23fcf
bf6d4023
bf80bf4b
3fb1bf11
3fee3fd3
40183fc7
3ee74004
be6d403a
bf663ea1
bed93e07
40304009
3f3f3f8a
401a3eee
400e3f87
3fd53e65
beea3ee6
bef04029
400d4017
3f653d67
bcba403b
403f3fb2
3f763f84
40243e9a
3f8a3f90
3eb7bf44
3fee3f4f
be26bf19
bf503dfe
3ff5bf51
bef0bf7a
bf533ed7
be8a3fee
400f3e12
3fdf3f54
bf3cbeed
3ff53f79
3f5e45d8
40144017
402b4028
40164012
3da83ff7
40324017
401b3d3c
4038bf68
bf68bea4
3ea7befa
403a400b
bf5bbeaf
3fa53feb
3f713fe9
3ee44000
4017402b
3d0c4017
beecbf52
bf3e3ff3
3fe0be98
401e401c
be59403c
bf123f13
3e883fd2
bf4b3fb3
3f733f1f
3fa8bef7
40233fb9
4040403d
be42bf4f
3ff53fae
bed93fca
4030bf80
3e383f88
3ff4bf7d
3faf402d
bf45bf6a
3fd83f37
3ec73ffd
402b3eb8
3fa03f02
bd273f9c
3e233fbe
3fc53fa9
3f613eed
3ceb400f
400e3f36
3f5a3f3e
c5d8beab
bf7c3f87
40024010
40094038
3e843f22
401bbf75
bf5c4025
3fdf4037
3f4a4015
40173fcf
3ed94016
3e394034
3e313f9c
3e24beb2
3e8bbeea
3f463f33
bdcd3f64
bf12bf03
3fb6bd1b
40154031
3f203e86
beea3e97
3fd33eba
bf79beca
3f98beaf
3ffc3f3e
3fa73faf
3dd23e45
40133fd2
be9abf39
402d3fc5
be2e3f36
bec9bf66
402c3fbf
400fbf66
bec6bd7d
3f913eb4
3f4a4016
3fb73f2d
40334036
3fb03f6c
400f3fb1
3ff03e23
3f70400c
3e914036
3f8a3e4a
bf254007
3f024039
3fc33e7a
400d45d8
3fa7bf60
3f0cbefb
3f2a4021
3fc6be05
3f5c3f1d
3f8ebe9f
be3f3ea5
40143fd5
bd81bf58
3f4a3fb6
3fec4024
bd39400f
3fb64033
3fcf4021
40344032
3fe53f0f
3ef83df9
403c400c
3da93f2d
bf0d3f61
3eb03f1c
40363fd0
bee1be19
bef13f98
4006401f
40153e35
bef74012
3f093e83
40143e2c
be913fe3
3f9a3fa1
3f7a3dd7
3fcd3f25
3ffd3ff1
3f9dbe15
4040401b
3fbb4037
4006bc1f
3f6e4018
3f48bee9
40193d8f
40283e89
3fc73f7c
3ffa3ebe
3f8f4021
be91bf62
4036bdbd
c5d83eba
3fb94005
3fa1bef3
3fce3f04
3ff83f5f
40263fcd
3ff33f91
400b4013
3f2a3f37
400a3fa2
be19bf1c
bf393ee1
3fc84035
3e4cbe1e
3fc3bf19
40203fe0
3fbebeb2
bf2ebf23
3e934033
3f01403b
3fd73ef0
bf723eaf
401c3f42
3f094016
3fc24024
be883fb9
4040bf7b
3f263f1d
becbbd9b
3eb23db8
3eca3e2c
3faa3f06
40393fbd
3f09401a
40404010
403c3f8a
3f6b3d7e
3f533e22
bbd74009
3fd9bf6b
bf773f53
402a4033
3f90bf77
401e3f76
3f213fe5
403c402e
bec53f80
3f2bbe78
40123fee
3e0b45d8
bee64032
403e3fcb
3fb53ec9
3fc94015
3faf4039
3d7e3fef
be8a3fe7
bd3ebdcc
be82bf48
3f94401e
3fd2bcc2
403f3f3b
bed2bf1c
4028bf51
3fea3fc9
3f08402d
bdba3f74
3fa23fad
3eb53ec3
3fa33db1
3e87be48
be903f56
bf273f0d
3f504008
bec74013
bf4f3f2d
3fc64033
3fe6be03
bf5b3fa5
be913f9c
3e973fcb
3ffb3e63
bed0bd97
3f693fba
4001bf68
befc3ecb
3f413f38
bed53fea
be5e3ec3
bf3e3fd9
bd4b3ee9
3fb73f30
40103ed3
be6abf59
3ff33f8c
3fe5be06
3f54bdd8
c5d83f48
40093f62
403a3e9c
3f1c3f92
3ec3be2d
3f9d4011
be5f3fd0
403a4036
3fa0bedc
3fa2bf21
40353fac
bf0f3e42
3dfdbd86
bf6ebed4
3c8ebf4a
3f80403f
401d4007
3ef8bf34
be683ed9
3ffb4028
40183f75
bf35bee6
be9e3e0f
3fcd4005
403d4024
3dbb3fb4
3f2fbf13
3ffe3fe7
3fa14037
400a3fa7
3fd63fa6
3f403f67
3f994011
3ffe3f81
3f8abf4d
be7c4020
4000403f
3f3b3f73
be443f6b
beae3f2a
bf333f93
3f7f3ecd
bec63fea
3fedbebc
beb7bef9
40123f72
bea44007
401f3f9e
3dd6bda8
bd6a45d8
3f594025
3fe93f6b
401e3fa5
4032402b
bf3c3f2e
40053df2
402d4012
3c88bf40
3e273f10
3ff83f5b
3e973fb0
3f85bf5d
3ee24021
4011bf6b
bf77402f
3fcabf2c
40313e90
3fc93fe7
bc1f3e98
bf4d3fd8
bf324010
3fd74011
3fd23e24
3fb33f67
40363f82
40093fdc
be1d3fad
3f843f7c
40353f45
3faabeea
3fc24022
bf763d0b
bf50bdba
bf193f35
400b3eaf
3fb83fc8
401bbf15
400b3eb3
3e024009
bf013fc9
4033403a
3f42bef8
45d83fb9
bf4a4006
40183dd3
3f83bdc3
3e584016
3e953f2e
3fad400e
be3f3ff1
400a3e80
400d401b
3ec2bec7
3c39401c
bdb43fdf
3f433f23
40274023
40043f43
3d833ef1
401d3ea9
beca4006
3fcd3c3c
bee2403e
be8ebe27
401a3f9d
3f2abf43
3d12bf77
4025be94
3f93403d
3fb23faa
bf54bf1c
400b4013
40103ed1
400a3fe2
3ec2403f
bf343f25
400a3fbc
be8c4030
3ee93f09
40224021
40314039
3ed24016
40193e1d
beac3fac
3f36401c
3d813ffc
bf1d3fc2
bde1bf62
bf203dc2
bd68bf60
bd874009
3f93c5d8
beb23f9d
3e8e3ff6
3fbc3fc3
3f013ebe
bf313f8b
bb3e403e
be3d3fa6
be874035
401d3ef3
bf2e3fd8
3fcfbeda
401e3f4a
4032be63
3fe34039
3fd24018
3e084033
3fbe3fa1
40223ea8
3f483f45
40014015
40303f5e
be7c3fdf
3c87bf65
40174014
3f58bf19
40013f30
bd8cbf32
be6a400e
3f47bf24
3eaf402d
3f18bf56
4019bf42
3f8a403f
40363f1b
bf01be8b
3f623f8d
3f3f4027
4005bf45
3f90bd40
bdb0be8b
402b3f86
3f704020
4002be84
4026400f
bf7e4024
40233fd7
3ff53e08
45d84012
3f96bf2a
bee24009
3f863fc5
3fc03f9e
3dfe400e
4002bee4
bf793f37
4020befd
401cbe1f
4008bdf2
3e84be56
bb894008
bbcd3f8f
3f9b3f58
4031beab
3f90bf34
402e401f
3f333f12
3f71403e
3ec34030
befe3fae
3f0a3f0a
bf643d15
3ed0bf07
3f8c3edb
bdd43fcf
3fa63d3e
3fe03fc0
3f39400e
401b3f8f
bf65403d
3ff0bdf9
401c4006
3fbe3f93
3f163f8e
bf0abf45
3ff6beda
3fabbda9
40033f1c
bf25bf47
40403fb4
3ffdbf2b
3f573ee5
3f9f403e
40263fad
3ebf3fc6
3f854020
3fde3fa6
be2bc5d8
401bbebd
401d4020
bf5d3ff4
bf3b3fb7
3fbd4016
3f76bf73
3fa73e9e
3e4f402d
3f943eb9
3f02be9f
3f903fc1
3f1f3e83
4035bf2d
4007beb7
bf51bf62
bf60bf52
3fc4be69
40113f5e
be403f04
40354033
3ec1bf6a
3ff8400c
3ff23fdf
3fd73de1
40353f7b
40184028
4007400a
bf674024
bf00befc
3fd1be24
4017bf79
3fa74038
3f95bf10
bf42402a
3fc23f27
3fb13fb7
3fc14023
3f934014
402f4008
3fc03ede
3fe5bf44
be834023
401b3e5e
be1c4014
3ee2bdd8
3f86bdec
402b401e
45d8bee7
403bbde6
bf003fa1
bf283f99
401d3feb
3fb9bed1
bf13400a
40283fde
3fabbf7c
3f0dbe52
3f02403f
3ede3e7f
4006bed5
3eab3f9e
bf19402b
3f9c400c
bf70be02
4035bf43
3f7c3f46
3f363eb8
be373fe5
40203eab
3ef04037
3fd93feb
402b3dd0
3fa24031
402fbe07
3f30bf55
bdbc3f35
3f2ebf1f
3f7a3fbc
bd5d4002
bec43ec5
bf194007
3fc1bead
3e204034
4017bf4f
3fbd3fc6
3f80403a
3e663fba
3f7b3fa8
401b3f6d
4013bf17
bbdebf19
3f024017
4036bf06
3fd93f3c
3f223f5d
bc183ec5
3fe9c5d8
beed3e83
becf3ea6
bf6ebe0f
bf653fc0
3f404036
3fc83f96
bf60400d
40083f1a
40313e1f
40363f81
bf48be0c
bf783ff8
3fee4028
3faf3e8b
3e1f3f26
400f3fcd
3f503e6d
bef84001
3cde4031
3f3a3f8c
bf5f4029
beb43fc3
402d4014
bf1e3f85
40163fae
3fc13fc2
3f2f3f74
bf3e3f06
3d57401d
bef13f64
bef6401f
3ffdbd53
3fa5bdcd
3eca3e90
40103ef8
bf31bf2a
3f8d3e5c
3fb23fcd
403d3e18
4013403e
4037be95
401b3ff7
3f453f32
3f0e4008
3fe03fa2
3db14036
40373fd9
45d8bf58
3fa94030
3df13fe3
3fa13f32
3ff4bea2
3fce3fca
bec4bf04
3fd84030
bf44bf6c
bf0b400a
bdd23feb
403fbe90
3fdd3f97
402b402d
3ed5bf4e
3f58bf7a
402bbe9e
3ff2400e
403dbe8d
bdee3f17
401f3e67
beec3fb2
3eec4022
4020402b
4020bf54
be0b4011
3f854032
400e4016
beea3e90
be12bf1a
3e243f17
4031bf47
be833f58
3f4cbc60
3fab3f65
3fd23fa3
40394017
bf503f9b
3d19bf0f
402bbf31
bdc43fde
3fa73f98
bf153fc7
bec43fcd
4024402d
3f403fe1
4036bf76
3f1e3ffb
3fd13ed6
3e04c5d8
3e333fca
bf58bf22
3fecbf6c
bf29bf21
3f253fb8
400f3f8e
3ebdbdca
3fca3f96
bf30bb0e
be844023
bf56be9a
3fb73fa0
beeb4034
3e883fce
bee5beef
3f93bf25
4038be58
bf503f8a
3fa83ff5
3f893fd3
4026beed
3fc43fd7
3f833e37
403ebec1
3db53fe1
be253f79
bf323e4e
3ffd3f48
40033fa3
3de63ed3
3f793f22
402e4000
3e2e3f23
4028beb6
3fc33fbe
403b3f7b
3fc6bf42
4005bf6b
3f6bbee0
bdaf3ffb
3fe63e93
bd043f2c
3dd33fce
3ffb4002
4002bed6
3d41bd27
40193f7c
45d8beb2
3ff6be23
4015402e
3f1c3ff4
bf323ec2
bf583edb
bef5be27
bce83f1d
402f3f2e
3f9f3feb
40253f9d
4002bf11
3f334033
3e893f91
bed23f11
3f1e4009
bf1e3f8b
bf473ebe
3e07bf26
40114024
4030bf03
402a3fc3
be9a4009
4040beaf
3ec43f11
3fc54021
3dc23fd9
3d663f89
402c400c
4020bf6e
40013cb7
3f343e28
bf133f5c
3f09403c
401e3f1e
3ff6bf63
3d583f8f
40373ffb
40073fad
bf55400b
3f45402f
bf6bbed8
3f184020
3f673f55
3f36bf53
3fb2bf18
bf62bea3
3f783d57
3fec402c
bf65c5d8
bf0c3e33
3fcd3ffa
bf7d3fb3
3f633fdd
40363f94
3e223fb7
bf3c402b
3fa33fbc
bf6cbe43
3f50400f
3ff14004
3f913fd5
3e924010
3fef3f49
bf7ebec9
3f523fe9
3f793fd1
3f09beef
be034031
3efbbf52
3ffbbf56
be013fb1
4025bf60
4017bf02
3f9c3f5a
bf0dbf4d
40074005
3f463fdc
401a3fc2
3f2d3f4f
400f3f9e
3fddbead
3f0a4007
3f6ebe84
bf13becc
403ebe0b
bf08bef6
4023bec4
403d3e41
be913fee
3ff13f75
3f713fe7
bf0b4018
40093fe0
3fa1bf17
bf73bf66
40023fae
45d83f4c
bed5402d
bf244008
3fcdbf18
403f3ef9
3f9a3ff9
4005bf2f
3fd54021
3fc74004
40074005
3fde3f55
3e4b3f22
400d3fad
be8f3f17
be013fef
3ff24007
40164021
3f823ff7
3faf3f4b
40143f40
402e4029
3fe93fe0
4000bddc
bf193f20
be644013
3f74403c
bdb13f09
40033fb0
3d5cbf34
3ebf4017
40273f66
bf4c3ff1
3e5e3f9b
40233d91
3f9a3f96
40403f8c
3e3c402c
40133f8e
bf61bf16
3ef8402a
3f0fbea8
40324009
3fc6403d
402c3fc0
403645d8
bf74401c
402a3ffc
401e3e1d
3f913c46
4034befc
40083f85
40173f9c
3ea63f93
bf323f81
3e9e4022
bf313f00
bf203ff5
4004bea7
40073fa1
be8cbebb
40023ecb
3fcbbf25
3d4d4000
bc203f06
3feabea1
40313fa5
3fdf4029
3eff401f
40203f6b
3fca3f83
3f153fae
3e914028
401abedd
3daf3fce
bf403f73
400a3f6e
3ea1bf68
3ebb4023
3f323e5b
40283fd7
3f96bec0
3fa93fe2
3f91bf2a
402f4034
40003f95
3f884035
3f89bd4a
3fed403c
40274014
3fe2bf60
3f8a4026
3f093fab
c5d83fbf
4028401a
3c0fbf7f
3fd13faf
3f38403a
3f633fa1
403f3eb0
3fa34022
3f72bda6
3ffdbecb
3fb7400f
bf4bbded
3fec4026
3fe9bf01
3ff33f01
3fee4020
bf4a4024
40014001
4008bf72
3fb74023
3ee8bf5a
bf5abf44
3e0d401a
bef23fa6
bed84033
3fff3feb
bef64016
402a3e7c
bdd33fbf
bdaa3fc7
bf69bf2f
3f30bf56
3f65bd97
bf17402c
3fc13f76
be903fb5
3f693fe2
be8a3f12
3fd53ec7
401f3eb9
3fad3cf1
bf24bd5f
3ffd3e79
be57bf78
3ef13fa5
3f15bef7
3e02bf18
3ffcbf22
bf0d3f03
3f7345d8
bf313ff4
bf53401d
3f33bf39
40013ec0
beccbf39
3fb03a89
3f163f8b
bf09bd85
40033ffd
bf25bf2f
3d653e49
be133f35
400dbdeb
3f60bef9
3fa83f3b
bf5b3fe7
401d3f4b
4021be0f
3e60bd5b
40353ef3
4040bc8f
3f054019
40123f8e
4022bf20
bd2f3f9a
3e0e4022
bd9cbf5d
bf633f66
402a3fbd
4014beb2
bf2d3fec
3f9e4016
bf1a3fb7
3fc03eee
400abf3d
3fb23ef1
3f733e68
3e693f68
4016bcb3
400ebb0c
bf4f4009
bd513eb2
3e0cbf0d
3fb1be04
3fb94039
3f393eda
3fbb402e
c5d8400d
bec83d85
3ff14039
400d3e22
3e953faf
be4fbf24
3fecbf6f
4032400a
bf7dbda6
3f2d3dde
bf474026
3faa3eb4
bf7abf1c
bea74003
be963d06
bf1f4013
401c3f68
3d8e3f88
3efc3f03
3d6b3e82
bf3b3f83
3e4d3ea4
3f843e16
3fdc3f8e
3e58401c
bf193f99
bf7d3ee1
3fd24021
bedd3e69
3fa33f24
3f683f14
400e3f85
3f5b3fb0
bf2d3f4a
bf093fdc
bf543f70
3fadbe24
3f853f0c
bf403def
3ff23f80
3feb3f07
401dbf1d
3ef0beca
3f273fc8
400fbf34
3ff23f78
3f903fb9
bf594040
3fa2bf7f
3f5545d8
40383f8a
403c3d86
3ef43dee
3fb2bf07
be163fc6
3fc3401b
3f6b3f82
3f7fbf13
3ff23ecb
40054013
bf253f96
3f203eef
3f693fe1
3ee6401a
bf133fa9
3f0e3f5b
3f974001
40203fd4
bf093f03
3fa23f9f
3eb8400b
4007be7d
3fdc4025
3fae3fd2
bf5c402e
402a3fd3
403a3f41
3f464017
40013e9a
bf75bf80
3f5b3f95
40333f81
bf20403c
beebbd83
3f72bf0b
3fcc3f4f
3fad4017
3ee33fe3
bf133e8c
403e3dd3
3e50be29
4015bddd
3fda4033
3f7e3f9e
3fa73ea0
3eca3fb8
bf4e3f41
c5d83d84
3fec4031
40213d61
3ffd4025
3f1dbd5d
bf373f38
3eaf3dc6
40013f89
3e2d3f78
3fb43d33
bd923ff8
be9dbf18
bef53ecf
be1c3f59
3f974008
be83402f
3e314027
3f034007
4035bf53
400a4017
3e083fd9
4031bd8d
402fbd43
3e443f21
40093f49
3f3d4021
bd6abf6d
4010bf42
3f70bd84
3fda3fc0
4038be9c
bec43fea
3e81bcd4
bf713f83
3de93fc1
3fbdbece
3fe0be99
3f714037
3fe64001
3fc33fa1
3f234032
bead3f19
bec83e14
3f213f20
3f1d4032
3f823f81
402c401b
be784036
3fc24025
403b45d8
3fe4bed8
3e5b3f95
3fac4024
3f3e3f52
40114033
40193e80
4022401d
3faa4030
3f9f3f95
40073fdc
402d3ee6
3f3b4029
403ebf1b
3fdc3ed6
beef4037
bdc63ff4
3fd64020
400f403e
40063f4f
beea3fc0
40183f44
4040bec9
bee8bf58
4005bf2b
bd8d3e38
40263f66
40234012
3e494021
3fb73da4
401f4033
bf47bf60
bf553f5b
3f16bf36
bf0f401b
bea3bf45
3fb93fd6
3e174024
3ff84037
3f27bf48
40193f15
3fa24001
3ff44010
bf5c3e93
be143eda
be5e4034
3ba23ff1
3e933f1a
c5d8bc8c
3ee13fcf
3f073fcb
bf093f2d
bb584012
3edabdf8
40093fab
3e43bf45
3fca3f89
3f853f9c
3fb83fa2
3f744003
3f9c3fb8
bd5f3fc6
40233f17
40373fac
3fc0befe
be383f53
3feb4001
4027bf52
3ddc3ed6
3fcf3ee7
3e083e42
4034bf27
40363f7f
3f2cbe3e
3fd84000
3e293f99
bec43f88
3d6d401c
3f813f83
4001bf7a
be613fd0
3cecbf7d
3f89be23
3f944017
4027bf7f
3fc8401b
40353f14
3ff23e93
3ec73c99
3f1b3fb4
4013403b
bee6bdb3
40213f44
400a3e3f
400f3fc8
bf3b3e94
40063f16
3e9745d8
bec53f8b
be04402c
401dbf18
40094036
40003ffe
be193f91
3fbebe8c
3fd24010
40093eb4
3dfb4002
3ffb3e6d
3f053fd5
3f10bf40
be4f3f71
4021bf7e
40223cc1
bf1a3ff6
be2a3e5d
3fa03ff1
3f973c9b
3eb2bf2b
3f564032
bf563f50
bf6f3fc2
40294018
403b3f43
bcb7402c
bf313e91
4027402b
bf0bbf0d
3f693fae
3f7dbe7a
4006bef5
3fb93f9c
40113f38
3fc6402e
3f01bf75
3f10bf37
40283f35
3f603fe6
40183dac
becabe04
3feb400d
3f90400e
be453f0d
3ff5403c
3fdabf00
c5d83f35
3f3e4030
3fb73e4a
400a3fb7
bf19402f
401b3f47
400c3f1c
40254028
3e093e5e
bedf3f00
3f88bf39
3eb13fec
40084021
4009bf53
be834020
bf533f1e
403ebf72
3f813fd1
3fbd3f90
401c403b
bf5fbef4
3fdfbeed
3ff53fef
bf273f28
3f9c3f4f
3f3e4012
40244004
40243db7
bf6c3f00
3fd4bde4
bed2bdce
bf7abf58
40403ffe
40363f53
3fbbbf13
3eb64012
be914002
40273ef8
3f653ee0
3f8dbf18
40213fd6
bb003ff6
403a3f37
3f20bf3e
bf3b401d
3fe3bf78
4010bd4b
3fdf402a
bec94031
3c2945d8
401fbf52
3e974039
bf3b402a
3fdc3f8d
3ed63d9a
3ed0bed1
bf3f3fbc
401a3f54
3f054035
3f994003
bf353feb
3f943e97
be94401c
3f8f3f87
4035bf61
bf2d3fb9
3f97bf62
400cbe78
bca33dea
3f92bf4c
bf7b3f7a
40073f0d
3fe23f27
bf3c402a
3f554028
3ff13ff3
3ee54030
4001bf40
403fbf4f
bf67400b
401f3f81
3e833fdd
401bbf24
402b3fec
3fbb402b
bea43fb0
3ebb4031
3fbb3f2e
40204021
3f9a3ffa
bee1bf0a
40364015
45d83fc9
bf2c3c50
3f0c3f1f
bd1c3fc7
40094033
3ee94034
3f9b3d87
be253ffa
3eb23fac
400ebf0c
bd1f3fe1
bf1a402a
3f053f20
3fb94020
3fbb3fa1
3e72bf3a
3fdf4028
3fb63fd2
4029bf07
bf20bf0c
3e5a3dcf
3fcd3ff9
bed94013
bf6a3d29
beae3fea
3eddbf70
bf3b4029
3f804024
400c4025
4010bf1e
3fb93fd1
3f28400c
bf433f53
402a4010
3e43be92
40353fe0
4029402f
bea53fcb
3fbc3ec3
4004402c
3fde3f8c
be703f92
bf18bf53
40123fd2
3d8b3fc7
3fc84020
bd533ff4
40313e1f
401e3f9e
bf58c5d8
3eb1403f
3fcabef2
bf193e15
3f1fbf2c
bdd13f0d
3fdf3dca
4028bf57
40383fd3
bf263f98
3f2d3f4f
3fe03f6f
40304039
40383ed5
bf2d3f23
3fb1bae0
400a400f
40014019
3f334023
401e3ffc
3e203f67
3f67400f
3f69be30
3f1d3fcd
3f0a3f8a
3f764010
4020bf74
3fb1bf6c
bf27bf4c
3fe53f45
3fb7be71
3fe3bec4
bf2b3fea
bf223f07
40103f5b
3f343f72
3ebc400b
bede4028
3f9e3f5e
3fb73fb9
bf403dfe
3d563f10
3f5dbf1a
3fe7be16
be124032
3e2c3f2d
bf70bf11
3c554034
45d83e82
3f083f8e
40343ffa
3f33400b
40343f66
3ff4400f
40393fc7
402a3fe2
3ffa3e25
3f7dbda1
3eabbe25
bf604018
401f3f0f
bf0cbed4
400a3f2c
bf68bf72
3de7401b
beb24038
bf2f3f23
40023ef0
3f1f4008
be043d97
3f45bf12
40403fb9
3f833f80
bf804001
3f2f3ff5
3edfbf5c
3ff7bf30
3fc43fa4
be0fbe70
40253e79
3fb7bf69
3e793fd0
bf0f3f87
3fbf3bfe
4001be23
3f31be70
400e4020
3defbf65
3f95bf14
3dce3f7f
beaf4005
40123ec5
bec1401f
401f3f83
400f3fe5
402a4007
40243ec8
3f1ac5d8
bddd3fcb
3f8fbd92
40014002
40113ffd
3ec44008
be484019
3fc54005
beab400d
bf253ff7
bf2cbf22
400e3fdf
40203fe8
3f534011
bdc74040
3f8b3fcc
3e303d02
3e943f8f
3f0f401a
bf5c3fd2
403a3f37
3f8e3fa8
3de53fa7
3f084003
3f403fed
3f07be08
bf7e3d10
3ff6bf5c
be2f3fdd
3fc14026
3f614032
3f1e3f69
3fd7402f
bf0c3f24
40153d9f
401dbee7
3f96bf1d
3f823ff3
401c401b
bf213f14
3f5a3fa2
3f384016
3e703fc5
3fd04031
bdd03f82
403a4021
3f803f24
400d3fc5
45d84037
400ebf57
40134035
3f8abeec
3f4f3da6
3fb43ec6
3e8fbec7
3fbd401e
401e4006
bf173fcc
bedabebe
3faabf6d
40044013
40353f10
3f36bd7f
3fcb4037
3f55be8a
40263f0f
3f913f15
3fdc400b
bf6d3f58
402c3faf
3fb7bf39
3f623f8f
bf143f35
40394013
3fb2bef6
bf42bf5b
bf153f89
402e4035
40043f08
40293edc
3f923ffd
40233f6a
4002403f
40193ff3
400c402d
4012bea3
3ec3402e
be314034
3feb400c
3f8e3f61
3fbb3f6b
4030be80
3feb3fb4
3fb7bdfd
3f9a4003
400cbf0b
4028beab
3f8ac5d8
3f243ff8
40183f3d
3f0e3f86
4011bd6d
bf7f3f9b
3fed3dc2
3f063f51
3f973f8d
bf223fe4
400c3eb9
bf42be88
bb333fc5
4028bf35
be9e4012
be39bf41
3f21be84
40363db1
bda0400e
3f8c4022
bf4d4001
3fbd3fe0
bf313f6a
4040400e
3fbbbe76
3fb03e79
402a3fe6
3f683fd2
3fab3f09
401d3fe0
4033bf04
40164038
bf393ebf
40123f9b
bc46bf65
be873f03
3f89403c
3f0e4027
3ff03feb
3c05402a
3f97bdf4
bf3d4031
bf4c3f52
3fa63fd4
40354016
402d4004
3f7f3fee
3fd43fbe
45d84022
bf303e0c
4010bd64
bf453fad
403b4014
40054021
3f914012
3fb34026
3ff03e38
4037bd64
40264023
3f81bf08
401e3efe
40003e2c
3ed83e8f
3ff94025
3e004014
40123fcd
bf273ee3
401a3ed9
3f7c4033
403c3f7e
3ff43f94
401e402f
3f4b3f6a
bf3c403c
be414012
3fe13ff9
beda3e12
bf364017
3f693e91
3f99402b
3e1b400e
3f384032
3f86bd80
bd50befb
40404002
400c3ecd
bf5c3f48
3ea63ef0
3fdb3fa3
3ca93fcd
40353fb3
3f8bbd43
bf633ded
403cbf7a
bed0401e
bf584021
be893e9e
3eaec5d8
3fdb3fcd
3fd73fc6
400abe72
3fe63fb8
3f4b3f88
3f70401a
3ece402b
bd093f94
400a3ef5
be663ed6
3f49bf4e
3f7f400a
3fac3f94
4020403a
40003fee
40163f12
40093ef0
bf5b3fe8
3f614022
3ed9bc90
401d4009
4030bebb
3f80400a
3ff1befa
3f063ff7
3f77be5d
3fd3401e
3f8b3f9c
40054025
3e23bf29
402e3f0b
3e35be9c
3ff6bf54
3efd3f96
bf3dbeea
403f3fb4
4007401c
3e4b401d
3fb43fcf
403e4038
3f6ebee5
3f953f17
3da23f59
be6abeb8
40073e77
402cbedc
3fb53fd5
45d83fbc
40214027
3f75bf6e
3e7a4031
3e893f83
40143ec8
3eacbe63
4011bec2
3f8b3fc4
3dd63e0a
402c3f83
bf113fcc
3c953f92
3f39bd1d
3f393ff3
be983f5e
3fd23fee
bc01400f
3fd3403c
40403fca
3ff53ed1
bf0a3ee8
3f893f98
3f96bd6f
3cdf3e03
40083fd8
3f363fd2
bf7c3fda
be77be3a
3fad3e5d
3f133fbe
40213fd3
40394001
401abe88
3edf4034
3f894011
bf033f89
3f053fa9
400e4031
402d3f42
3e584034
3eaf3ffc
bf023ff2
3f234005
3e874006
bed13f98
3e0e3fca
40393e3b
3fc73fb3
3e34c5d8
bf6d3e7d
3f27402a
be904035
3f32bd43
3fad4034
403c3f9b
4013bf4a
3eca3f0e
bf283f68
3e52401a
400c4031
3ea84024
bec3becf
bed14024
3f763fa3
40183e9e
bf6f3e2f
bef53ffc
3fa84008
4015be0e
3e513fb2
be42bf33
3ffdbf37
403d3f9b
bf55401d
bed44002
bf7bbece
3f464036
400b3fdd
bf703fb4
bf38bf7e
3d3d4001
3fe7beee
4016bf6b
3fd74025
be424026
4036403a
4029bf58
3f474005
40273eba
4029befd
3f94bf2d
c5d8bead
3f873fc8
3fd03f63
bf4d3f47
3deb4012
3f04bf28
3f9c3fc1
be8b3edc
3ff04003
3e9f3f69
3f144030
3fa4402b
40224029
40054005
3d973f1e
3f973fae
bf3abef0
402f3fd8
becf3ff3
bf333e6a
3df93f64
bb45403a
401bbd83
3fad3e1f
3ee2bf29
3f953eab
3fb93ea1
bf5bbef4
bf024033
402ebe54
bf093fcc
be31403e
3f873f29
3fd13d00
3ebd4018
bf72402a
3fdc3ff7
3ddebedc
3eb3bebb
3f32bdf9
400ebf10
3f51bf25
3fe53f52
4007bec0
3f753e8c
bec94021
403bbf36
40273f05
400d3fca
403145d8
4006be07
40283f3c
be4c3e60
403f3f7d
40314027
3ed43faa
bf6e3fb3
3eb4be2d
bef2bf73
3f9d3fef
4002bf44
3ee53ffc
bec1bf7e
beeabf52
3f1abf3c
400b3f84
3fcabf68
becdbf1e
bf603f47
40373f31
3ea23ddf
40193f88
3f92be9f
3fb64025
3f984013
3f863da3
3f0a3fdc
bf4f3f75
bf2b3ff5
3e1b4035
bece3dc1
40373fcd
4014bf74
bf0c3ec6
bf283f09
3f45bed6
40283ff4
4035402f
3fe23f34
40304015
3f4d3e2e
3fc43f7a
403dbebb
bf3e3fbb
3f7bbf5d
3fd5bf4c
3ff93fac
c5d8bf24
3f9c3e74
bed63fec
beda4024
3fc43e82
4040be88
3f353fb2
3fa13ff0
bebdbf36
bf48400b
bf603fa1
3e444009
403e3fc2
400ebdef
3fbe3fd5
3f17be68
bf253ffb
3e52bf2a
3ed3bea4
402b400c
3f873fda
3fe73efc
3fdebf5d
3d974013
beacbf33
402e401e
3f6fbef4
3e413f47
be12403e
bf493f92
40083e47
3fc93ee7
3fef3ff8
3fe33fd4
bf2a3fc5
402ebf68
be523fc1
bf3f3dcb
3fd53f41
bf764026
3f863df7
bf043fb5
3f2a3fba
3eba3f9a
bf45becc
bd12bf3e
bf153f55
3ffcbf0b
bf46bf45
bf6445d8
bf123f85
3e3ebf6e
400d3f68
3fc13f56
402bbf53
3f9b3ffc
3fd3be11
40213fdf
3f16befc
403d3f26
40333fb5
befb3d18
4022beb0
4000403d
3f8d3fd6
40313fc6
bece3e59
3eb23f39
3f8d3f81
3f783b86
40323f9b
3fea3f25
bf133fb0
400a4000
403d400f
be913f9d
3ee0bed4
be903fe2
bbabbe9f
3fd03f94
40363f55
bea4bea3
3ff94004
bf02403f
bf373f64
40253f2c
3feebecc
3f7c3fd1
be62bdd8
3edf3f7a
4017bf13
40114031
3f973fa6
402b3fcd
4019401c
bf463fa7
40383e8b
c5d83e64
4033bf6f
40194021
3dfd3f34
3ffb4016
3f953e43
3e874007
3fcb402a
3f943fa0
3fde3fc0
3faf4035
402f3f87
3f03be37
3efc3f9e
bd06be3d
3c1abf15
4028403b
3f74bf18
3f923f63
bf10400e
bed33de3
40274027
be0cbf3a
3f3fbdaa
40214033
bea33fb1
40033ebd
3ee33f3c
40303fcd
3ed03fc0
becf3fe1
3f393ef8
be9b4013
3fdabf30
bf11400c
3fd6bec1
3d64bd25
401c4033
3ec54031
3f213fd8
bdeb3f7e
3fc73fce
be2bbf09
40013fbb
403c4040
be3bbe96
40083fd1
3fc84017
3f954011
3f8545d8
3f60bf70
3f80403c
3f8e4031
be263db3
3f3c3f88
bf1a3ecd
3ff0401c
401c401e
3e30bd96
3ee44018
3f773ffd
40153e53
3e833f9f
40324027
3f153f96
3d85402f
4001bf6e
3f553fff
3fd83f5e
3fe7bf7b
3f214011
40064014
3f603f8e
be70be8f
40283e70
3fb2402a
3fd2be23
3f5ebf7b
400c4002
3f28400b
3ff6401a
be814024
bf133fb5
3ff9bf41
3ec13f30
bf55401c
3ff23f9d
3fb1bf2f
3f6e3e48
3fbc3ef4
bf003fb2
3fcf3f64
3d3a402b
3fa13fff
bf0e402a
3e853eda
be193f6f
c5d8bf6e
4036bf53
3fa03f30
3fc13f23
3eae3ef1
3ffa3fc6
3e6f3fc0
3f5e3f71
40313f4c
400e401c
3fe33fba
3fca400d
3fd43fd5
40143f49
3fe7be8a
3fcc4013
bf04bf61
401b3e27
3f933e92
3de33f93
becfbe4f
4032402a
402a400c
3fdc4039
bf763f91
3f153f16
3e853fed
3df2bddd
3f573f1d
3f42bf03
4032403a
402f4027
3f754000
4021400e
4030bf40
bf16bf7e
bed03f9f
3f59bf04
3fe83f00
bf7bbf6c
3fef401b
3f133fa5
3e7bbe9c
40073f40
40083ef9
403cbf4d
3fbbbe8b
3f213f72
beae3dd2
402245d8
3d853ff1
bd743f54
40153fb3
bf27403d
3fed3d99
3f553fce
3fae4038
3fe1403a
402e3f5b
bf783ff4
3f67be44
3f6d400b
3f1b4029
3f463f16
40393fc4
be7e3eb3
bf5abf1c
3fab401e
4031be75
3f14bf15
bedb3ff7
401d3fcd
3ed23fa5
3f94bf43
40183fb8
3f933fce
3fd13f89
3eb43fff
be33bf41
3e9b402e
4033bf13
3fd43f75
4034bd96
403f3fb4
bf46be9d
3f89bf66
bea3403a
3ff03fc7
bf45bf56
40143ea2
3fe53fa9
3ff33fbd
4023bf77
401b3f7e
bee84007
40363ee0
40383eaa
c5d83efe
b9a03eb8
bf49bf5b
3fc43efc
40103e41
3fdc3f21
bf52be81
4022bf12
be9c4010
beab3e3f
3faf3fca
403d4015
bf4ebf3c
3f3c3d14
3fcb403e
3f8c3fbb
3f263ec6
3ee2bf6b
4032bf2c
3e9f3eb4
401d401b
403d4036
3fef3e9f
3f1e3f06
be913f46
be333f90
bf183ea0
3e4bbf61
bf273eb6
bf61bf21
be854022
be523fef
40013fb3
3f9f3f32
3f053f2c
3f144008
bdccbdee
3f834012
4019bf63
beafbd7b
4038bd80
3ebbbf59
beb54009
3ee63f54
3f363f28
402e402a
4028403f
40103e7b
3f024026
3f7945d8
bf3ebeac
3fb03e03
bf2a3fa6
be433f1e
40364010
3fe03ff3
3e0c3e01
402b4026
3ff43fa3
402e3f74
3f574008
bf5e3fde
402b4018
bde4bf1e
3f0e3fa3
3fd93fa6
40274024
40353fc3
3ff0bcd2
beab4016
402b3f03
3e103fa2
3ffdbeee
be364021
beea3f8c
3f6dbf15
3f873f08
3fd23f41
3e0ebec6
3f073f6f
3ea5bf51
402b3f63
3cf34003
3f59bf21
3f82beb6
3f743f06
3f813d28
bf053fb2
3d863fed
3f013ec7
3fbc3e8a
4010bf26
3f64402b
4039bf63
3e524033
3fea3f3f
4024bf04
c5d8bf0c
bf6b3f8c
bf053f83
3f98403f
3e8b3fe0
3fb53e97
3fc1bf0f
3d20402b
be9e3f0f
bd393ee8
4023be91
3fef4007
be443ffa
befe3ec9
bf7e4002
3fc5bf26
bea9402f
400a3f69
40363f5f
3f9d4015
3fa23e7a
be1bbe8a
bee0bf1e
3e9a3ff4
3e2a3f15
4035beac
3db53fd0
bf4a3f3d
400bbd19
4008400a
40053f07
3fbd3ff5
3e184017
40033f68
3ef73f7e
400a400b
3b91bf3d
be5abf2e
3e9a3fc0
3f8f3f03
4033bda3
3fee3fc2
403d3f3c
4018403c
bc2ac5d8
bee33ff4
3f893eda
bf26401a
40213fa3
bcd2bf64
bf123fb1
3fef3fa0
3f2c4011
40174020
bf0b3e54
bed4403d
3f374010
3e3d3e16
401a3f92
40163fdf
bd1d3fc1
3fe03f25
40113f9a
403bbf5e
40193f7c
3fab4024
3e3c3fc4
3fbb3ee6
402e401e
400e3f10
3fe43ff9
beb43f9f
3fdebda9
3fa03fa1
3fd53f12
bf474035
3fd4401d
401b4007
401f402f
bf43bd3a
bf3a3fc6
3cbb3fe5
3fe83f54
3f273fff
3f1a4011
3ed1bf7e
3f293f1f
401dbedb
40264010
bef3400c
3fce3fd2
40223f76
45d83f9a
402a4028
3f023fdd
3ee23f3f
3e4b3ff7
4010401f
402d3dbb
bec04032
4002400d
40233f9d
3d4bbf74
4034be62
bf25be26
40354003
3f813f30
3f17403d
3fbe4039
3f3a4002
bc6cbee5
bf2c3da9
3f51be3b
bd9a403f
beecbd86
bf0abe9e
3e763fd8
bf79bf49
3fa13fcf
bef84037
400dbeb4
3e9c3e31
bf2c3fde
3e033fd7
bc824013
403f3e13
400ebf6b
bf0f3f91
3f513fe8
3fb43f46
3f423f92
3fdf3f19
be8c3f57
3f423f3b
be95bf69
3efabf2c
3f613f89
3c59400b
3f273f9c
3d813fd0
3e1b3f78
3e94c5d8
402e4017
bec63e6e
40133fc9
40054026
3fd34003
40274004
3ffa3e2c
bf4e3fd7
40343e10
40233f54
3fc23fe8
4034402b
bdfabcf8
40264030
40374031
bf24bf23
3fb83ff0
3ee43f45
3ee0be4e
3fa5400c
bf5bbf4f
4019bd59
3fc83f11
3d8d3fdf
3f914017
3fc13feb
403a3f33
bf26beb9
3eaabea9
bef53f31
3fc43f8a
3f093e84
3f6f403e
3f583fe9
3fd0403f
40174029
3f4a3fb1
401f3e50
3f81bf30
4020bde9
3f903f05
3f8d3fda
bede3bed
bd364022
3fb5401a
be6f3ff6
3e734026
45d83f04
401a3f77
3d733fd9
403f3e81
3fc9bf2b
3eed403f
3e904029
3ffd3ff1
bf7b402a
3fc83f9a
3fe73e06
3f513f96
402e3e6c
3cd94037
3d4abefc
3f7f403c
be7e3fb4
bf753fc3
3f4a3fd6
3f284028
be61402a
400e3fae
3f9c3fd9
bd913e79
bec53f2b
3e384011
3ffd3f78
402bbea2
3ee33fe9
be513fef
bf204020
3e873f3a
4032bf72
40233d75
3fdd403b
3fca3fa1
3efe3fbe
3b153fc5
bec1be8c
40013fef
40144039
3ffe402e
bd3f3ff1
3ff24020
3ebd3fc9
3f9f4038
4014bea1
403c403c
3f083f20
be89c5d8
40363f25
40003f98
4033bf3d
3de6bf46
bf0c3f93
bf2c4009
bef83e0c
3fad3fda
3e654024
bf7d3fd6
3fa43fd3
3fec3fc0
bf04bef0
be483f7d
3f253f90
3fc94027
402fbea8
bdb23e44
40163f4a
3fd53f3e
bed94001
bea03f2d
3f9b401d
3fac3ef4
3f543f2d
3fff402c
3fdf3f9a
3f94401e
4026bf52
3fbe4018
be8f3be3
4012bf75
bf243f53
bf143ea5
401e3f78
3fd33f86
be653fd2
3fc93f89
401d3fb6
be7e3fd9
3f8a3f24
3faf3f3d
4037bf19
3f58bf58
3e41beec
40133d3b
bf69bdd9
45d8be76
beea400c
bf313f29
3e60401e
3fdc3fe1
40344000
3f80be9f
4034bf0a
40343f78
be813d84
3fc54010
40013f4e
3fd84006
3ef84008
401d4029
3e463ffb
bd173f34
3f9c3ea3
401abf66
3f704035
be383fc9
401bbe1c
3fb83e93
3fff3fe8
3fcebcce
bf673fde
be873fdf
3fffbf5c
3f8c3c8f
3eba4027
3f5b3f1f
3ff6be0f
3e93bf0e
3f643f70
3fb33f37
40213f25
bf19bf47
40114000
bdca3e26
3fecbeee
be813f0e
4002befa
3f28bed2
bd27401e
3eb83d87
400a4013
3f963ed3
4013bf5d
bf3f3ea5
3fc8c5d8
be29bdb9
40333f2f
401d4016
3f654003
3fd03fcc
400d3de5
4016bd50
3ffb3f31
402b3f0e
be1f3f24
3f4dbf53
3fcbbdc4
bf1d3f03
40243ffc
401f3f71
be82bf4b
400bbf7c
401e4036
3f463f87
beff403a
402cbf68
3ff3bf0e
401d3f08
3ea3bf35
40313e3f
3ff23eca
3fd04010
3f484028
4024401f
3f833fb9
bec63f97
4032bf52
3fbdbde8
bf79bf5f
bf3b3e4e
bcc73d0d
3fc63ff8
bf7e4006
bf363dbb
3f8fbee1
3fa93d8e
40063f7b
3f4d3f60
400f4028
40273e15
3f95bdf3
3edd3e80
45d83ea0
400b3f69
be0b3ff3
be4bbee4
4006bf04
3f563fca
beb7bf1e
3e0e4005
bf503d11
4033400a
40153f77
402abeca
3fd03ea8
bf234006
beb5bf6c
40323fb2
bf7a3ffc
4002be08
4014400b
3ffe3f87
3f413f9d
401abeeb
bf0f3e8e
bf454012
401a3fa6
403dbf69
400b3f4b
40113f9d
3fb13f5d
3ff53f86
bea94025
bc703fd5
3f2a3f39
be873fc5
3e8bbf42
3f07bf07
40133ea4
be883f11
3f223da0
3f7a4039
3fb8bf11
bf083fff
3fbc4013
400ebd9c
400ebf14
3b774023
400dbf74
3f9e3fd8
40013ffd
3fb5c5d8
bf4e3f99
402a3eae
40163f22
403a3f29
bf5c3fef
3f02bf3a
3e7c3f60
40303f52
3f933f93
3fa44003
bf5c3f4b
bed43fcf
3fbb3ff2
3ef83f5b
bf4f402f
3fb6bda9
40223fa2
3ed53e04
3fa43f2c
3f9b3fd2
3e13bea3
4023bf6a
4029be45
400b400a
4009bed3
3f40402b
40383fc8
3e624039
3fc9be46
3e4bbf58
3f814000
bf2f3f1b
be593f86
40403fc5
400a400f
3fe63f9c
bf253f95
bed03e4b
3fcc3fe5
3fdc3f07
40313fb5
bf343f71
3f653f76
40393fac
4013403f
3fb8bf7e
3fd93fa7
45d83e57
3fba3ff6
3f953d78
40103f90
bf4a3f9f
bf434016
400d3e31
bd863fc0
40073f11
40083f7c
3f00bf51
3fa84004
3fae4032
3fc23fe8
3fb53eee
bc3a3fe3
403ebf69
bf3bbf4a
3ff43fc6
3fb4bf7d
bf20be2b
401e3fee
3e963fab
bf113f87
be324021
3e6d403b
3fe53f1e
3f524036
3fa33dce
40104018
3cadbe69
bed83fab
401cbf7d
3f1b3f92
3ffb3fbf
bf6d3ef5
3f3b3fa6
bf523fc9
bf4f3fdc
3f444025
4001bf4f
3eee4020
beb33f67
3fcd3fc8
3fa54023
403fbebd
3fd93fb6
3f403fd5
be653f36
beabc5d8
40123fd4
3fdc3dba
bd9fbed9
bf5cbf60
3e863fcf
3fbb3ef1
beff3f9b
3e5e3fb8
4019bf3b
befbbf32
402b402c
3e204014
3f543f9b
3f78bebc
bf163d48
bf16bf72
3f35be6e
3ffb4038
3f193f5c
40193fdd
4020bf26
3f91bf47
40123da2
3f2e3db5
400b3ff5
3fef3ffd
3fc2bf2e
40343e3f
bf203e9b
402abf16
3ffc401f
40043f86
3f983f63
4022bf60
3f90be20
be14bef1
402f3ef5
3fd43fa0
be533fd0
403a3f3d
bf07bf7f
3f843ed4
c5d84036
403a3f48
3f833f37
beefbdd0
befcbf7c
3f15403a
400f401d
4026be3a
3e67bf48
bf673fc2
bedc4028
3fb2402c
401d3fdf
4016bf62
beb54003
bf5dbe83
3e0d4034
403c4010
3f473fe4
3fa2beb7
3d4e3e0c
bf113f50
3e94bf34
40353fb5
bf24401c
beb5401a
3f984036
3f993f96
3ffd3fc2
bf7d3f86
3f6fbf3c
3f7e4019
40254028
403d400e
40074034
3f0b4017
be113ffb
3fc4bf2f
3ecebf19
3eda4007
3f0e401a
bf293fa7
beef3e15
401fbf57
40113e96
3fa53ccd
3f753f3b
4033be83
40103f7e
3f9c45d8
4026bf61
3fd03e6f
3ed5401f
3e893fee
3f3d403a
3d973fc4
4028be50
3fd03c1c
beedbf2e
bebd400e
3f98400c
3f163ee0
3ec3bd94
3fa73f61
40283fe3
40393fcc
bf3b401d
3ea03ff9
400c4003
3fb43f86
4020bd29
3fcf3da1
bf10bea2
3ff24019
3f1d3fcd
be9d3fe9
3e7b3f62
bf7c3faa
3f1e3f0c
3fb53fc9
403dbf14
bea3be5d
be0a3feb
3fb2bf6b
3f2a3fd2
bf0b4019
3fe8402c
bf623ff3
40323f74
bf703f1f
3faa3f3a
3fd54030
40103de5
4013bef8
3f65bf1b
40083f0c
3f72bf2b
c5d83fa6
bf613e9b
3fbcbef6
3f3b3f39
3fc23ed0
3ff84016
401a3e5d
401b3fb1
bf41bf0a
3fc6bee7
beb63fd9
3fc44040
40264027
3faa3edb
3f414028
40003f04
3e3f4025
3f2e3e00
3fe83df8
3f484020
3f963f8e
bf0cbe8f
3ea5bee1
be913f42
3f62bb41
bf0e3f54
3f433fd6
bf0c3ede
3f3dbf6f
bea94003
40364030
3ddcbee7
40033e8a
3f784022
3f1d3fcf
3f423efd
beb54040
3ff54004
40094014
4009bf13
40154031
bdd3be3d
3fd14033
3f9cbf7b
be66be22
40063fd6
bd67be16
40343fd5
3ffa3f82
bf0f45d8
be643f8c
3ff34003
40353de5
4039bdf4
40404004
bec23f5f
3f9c3f85
40153f54
bf0bbe86
bf683fa2
bf34bdc8
3ec6be15
3fa6be76
3db3be88
3de73fa0
3f373fb6
3ebd4029
3f8e3e3e
3ee1beb5
bde23f97
401f3f26
3fc94004
be753f05
3fcd400e
be963fe2
bf784023
be383f93
403bbee5
3f92bead
3f9a4021
403f3f56
bf184030
3fd9becd
3f95401c
be8c4012
3fb7bf78
bf0c401f
3fb53f95
3ff4bf44
bece3f3a
3c4d3f2b
40043fab
402d3f90
bef8bef8
401dbf32
403fbde8
3f7c3ff0
c5d8bf40
4007befd
3f774038
3fb14033
3f9f3e9b
3eb33ebb
3e98bee3
402a403a
40274012
bf713f82
4035403f
40194023
4005bf20
3fe83f94
3e7bbf08
3fe53f9b
3f883f1b
3da03fda
3e4e4008
befa4005
4015be55
beb63f82
3e4fbe84
bf353f02
3ffdbf6c
be46bf27
403d3f87
40324039
403bbed5
3ebabe1d
3f8f402d
40043f0e
3ec33fe5
403d403c
be493e62
3fe53fb0
3e31bedb
3fcb3fa2
3ff03f55
3ff23f62
3eca3f01
3f564029
40323f8e
3cb14022
3f3a3f93
bf7b3eb3
3ff4400f
3e933dbf
3edebf59
3fb745d8
3f9dbe8b
402bbe90
3f5abe1d
3ea93f83
bebf3fd0
bf56bed4
3f843fdd
40403f6c
3f00403e
402c401b
3e3abf30
3fc03ed2
3f384023
bc73be60
3fa83fd8
3f8bbed1
be663f4d
3f19403d
4017403c
3fa53f86
40093fe7
3f153e8d
bf444040
3fcf3fbe
3e513ff5
3fb9bee3
3e833fee
3e5bbf5f
3f7c3f28
bb4d3f88
3ee4bf01
3e73bf59
3f88bf7b
401b3f15
3fd8402d
3fda3f2e
4034400a
40024020
401ebebe
bf1d4008
3fc1be20
401f3f74
40113fff
3f4ebe53
3de43f3d
3fd83fd2
401e400f
c5d83f80
3d353fe9
40393f1d
3f8d3fb7
40403fb3
3fcb4023
3f643f5c
3feb3f86
bf56bf72
bf593f82
403f3fd4
3fcdbe9e
3f293f89
3fdabf29
3e79bf1b
bf27bdbd
3f0c3edf
403c3eac
3eabbebb
3f893fe2
3ff9403d
bf5cbeae
3fe63f67
3f85bf44
403a3d50
3e8d3f9c
bec63fc4
3ff23df1
bf694036
4026401a
3f3b403a
3e9a3fd1
3eb83f3c
3ef53f14
bda9bf6d
3e614018
3fb93e51
402c3fac
400a400a
bf7c3f9e
40153ead
3fdf4001
3f813f35
400b3def
40333fd7
bf01bf4b
3f9abeef
40094031
40323fc4
3eac45d8
3f053bca
3fb73fb4
bf623f8e
3e94bf52
3fa04012
3f35bf17
3f534020
be24bf66
befd3fd9
40033d5e
3edb3ed3
3ed73fdb
bf684021
4014403e
3f723eda
3f63400c
3f773f1f
3fc1400c
beae403e
4008be39
beda3eba
3fd33ff5
3f3d402d
3f3a4018
40013fb6
3efbbd24
bf6c4007
3fd93eb0
40064009
3f9ebea6
3fe84020
3f853fa7
bf17bee9
3b213ee4
400d3fa9
4032bf3f
3f8dbf64
3f9a3fd0
40084033
3f844039
3fdabf40
bf014033
bef23f9e
4009bed2
bf4d401e
bf2f3fbf
40184030
c5d8beac
3f01402b
3f853f61
bea0bf3f
3dc93f2e
3fe0bf2f
3fde3f5c
3f5d3fb7
bee5be25
bec83db2
3ee4400d
40173f8c
3fc94030
402f401a
4012bf07
3f94bf06
bf3cbee4
4033bddc
3f49403f
bd9e3ebc
bf083e1c
402c3fc7
bec84003
3f7a402a
3f663e86
3fdebf53
3ffc401f
3f484025
3fc83fa2
400f4004
3fc73fa9
3e583f9a
3fe94015
3fbf3eab
3fd13f3f
3effbf75
400d4022
bf504036
bf093dcb
403f3eb5
3feb3e8e
3e63bea8
401c3e82
400f4018
be0b3f9a
be25401c
be1abef5
bf30401f
402c3fe0
400c45d8
3fa03f91
3f623f7f
bee5be9c
4021bf2f
3f2e4038
3f103e9a
3f0d3ff8
3f933f12
3f2fbf2e
40373f12
3e924009
3e663edd
3f564017
be653d83
4035bf65
bf314032
3fa5403d
3de83f99
be833eef
40174036
bf674022
3f534028
3fcb4037
3dabbe69
3e184013
40383f90
3fc0bc98
3f313fee
3f363ff3
3fa53ffe
40193dd1
3e94beb1
3ff83f92
3f90bf75
beabbf58
bf16befa
3f5ebf1a
3fa3bf1c
bd383f72
3ca93f08
400e3f9e
be6cbee5
45d84001
3ff53f0e
bf243e11
3f8f3d86
3ff9403c
402d401d
400ebe4d
403e3f98
3f90bf07
3e1e3ecc
3fe33fed
40383f72
40324026
bef04035
3fccbeb2
beaf3f9b
bf29403b
bf223ffa
4011bf17
3fdd3f6b
3fccbe72
40163f91
3fc83f30
beb93fee
bf0e4007
3e653f2f
400e4038
3f4a3fa3
3f833f6f
3f89bf16
40374016
bf793f99
3f19400f
403b4014
402b4021
3ff73fba
3f0f3f5f
bef54028
3f333fbc
3f803e1b
3ff3be58
40233f7f
3e393fa8
3e903f9b
3fd1bf09
befb4004
3fb53feb
bccc4004
40013fc2
4004c5d8
3fde3e30
be243f00
3e48be63
bf5f4000
400ebf7b
4020be9c
bc4f3f64
3f473fbb
3f34bf27
bdbc4003
4023bf59
3fcc402d
3fd4be14
40103e01
3fdb3fa6
3f724023
3e784013
bf663fee
3ef54018
bf4f3fde
401f3fe5
be494026
3ffe3f6c
3f39beb3
40193fb2
bed4400b
400d3fa9
400b3f7c
bf5c3f2e
4025bf64
3ef4bc75
3fea3f3c
3f8b4017
bf574037
40183f85
40213f3b
403cbea2
3e343ff3
be8e3f81
3fd1bee2
3fa03db0
3f8abf38
3fb83fc9
3e964005
401bbf5d
40293fe1
bf303e9b
45d8bef6
3fb63e2a
3f493f9a
3fdfbe10
be313f89
3ef3400d
bede4035
4001be62
3f534012
3e93400c
4023400c
401a3fcc
403a3f1b
be0e3ff7
bedbbf4b
3fa44035
bf14402a
403abda6
bf673fc4
40113fb9
bf3c3f99
bf55bf7b
bf474030
3fd5befc
3fa3bf4e
400d4034
3fe74000
403c3fe8
400dbe9d
be883fa8
bebabf56
3e7f3f5f
3fc33f75
bf073f65
3fe93f25
402a4004
beca3f9a
3fbd3e3f
402e4031
bdb6bf57
3eab3ff1
4039bf71
3ff53e93
400a400c
40083d13
3f163f41
3fe33fbc
40343fe7
bef83f43
3f5bc5d8
3fe7bd81
bf343eeb
4035bf06
3f743eae
bf2d3e77
3f7e3f37
40373daf
3ff93d83
3f9e3fd4
bee03fc8
400c4005
3ff44000
40093e9e
40164020
be3abdbf
3e18400f
3fe34011
bebabea0
402f3f9f
3fd84023
3e5b3f37
3d423c70
4027403e
4039bedc
3fa9bf0b
bf4b3fcc
3e6dbf75
40343ff1
bf2b3f3f
403e3fac
3d4e3f9d
40353fe9
bee5be0c
bf7cbf52
401bbe55
3f043f0e
403a4040
3f123ee2
3d513e6f
3f2cbe8b
3fb73eb1
bf273f73
3ea1400d
40054013
bef8be53
3f823f2d
40343efd
45d83f93
bf3bbf48
3ecc3fe5
bedd4012
3feb4027
3d26bf3a
3ffc3fc4
bdc13ffb
3f064023
3f113f26
3e203fd1
40263f46
4019bed8
bf05bed2
beef3f59
be88bf53
403c3fca
4025402e
3fc7400a
bf78bf6b
3f0a400b
3fad3f02
402a3fb8
3f413f80
40033e58
3fd63fdd
3f354030
3e923fd7
3fe23fea
402ebe22
3ff23fe3
be534011
3e1c4038
3ed63f90
3f59bf42
3f5fbf40
3f5cbe46
3f894005
bd413ff7
402d3de6
401d3f85
bf1e3daa
3fbdbf71
3fe04017
bf4cbe26
be0d3f83
40273f1d
bf0fbf4c
40353fa5
be61c5d8
400c4033
bf31bef3
3c5f403c
3fc13e5e
be83bf0c
403c402d
bf43bdee
bf53bed8
40213f90
4037bdf4
3f9cbe28
3eea3ff4
3f003ea7
3eaabedf
be25402f
bf7c3ceb
3ebb3ff5
3ffc402d
beea3ec8
40323fce
bc684030
bf603f45
3dfc3e9f
40283fc7
beb33f26
3f934009
3f223fe6
40103fbe
3f333fde
402cbe9a
bf793f53
bf47bec0
40003feb
40034021
bb0a3ff2
bf3d3ddf
3e873f92
beb93fc7
3f6f4025
3e2a3fd2
402d402e
3f2d401f
40003fc8
3fec3fd9
4015402c
402e3fe3
bef33fa6
45d84004
3fb63f2c
3fe43f9f
bc8e3f93
3fe4bf2a
3ffabe8b
3eb4beeb
3fb53fbe
beb7403c
400a3f0f
be1ebe78
3e9b3f8a
3ffe3fab
3f6fbf6b
3fe43f03
3f363fdb
3fad3f2e
402bbe59
3d0a3ea0
403ebe92
403a3f99
be0c3f60
3e49bf08
4004be16
401c4034
3f534003
3f03be15
3f1f3e99
40354019
bf423fca
40083fb9
3fe44027
bf18bf27
3f5a3fa9
3fed3fd1
3e473fe4
bf4fbf26
3f293f0d
3fd9bd84
bdbc4019
3e65403b
3fe3bf32
3fac3fed
bf3d4026
3fcd3fd6
bf353de0
3df3bf42
3e844036
4037bcc5
be51c5d8
400f3f7e
3fccbf4e
3ffc4006
3ed1401a
40263fe4
3faf4015
beedbd1a
3e414029
3fe23e59
40403e0e
3fb6400b
401c3ef4
bf0f3f98
3e2f3f13
3ffabf74
3f9a3fe6
3e643f23
3db63e0a
beac3ef8
400f4015
3f964004
3ff7be56
bd593fb8
3f923f8d
3f073f94
3fc93fe2
3ed93f4b
40073f3c
bed53fa0
40013fbf
402d402b
4038bddd
3fc23f99
40353ebd
3e4d3e20
bc683f16
4008403d
3fa03fa8
bf183fd1
4036bf73
bed43f98
4005bebb
bf2f3fbb
3f9f403a
3fb64003
400d3fcb
4027bf4d
45d8bef1
bf4e3f60
3f833fb8
40053f92
40053f99
3fb93fc2
3ffb3deb
402e3e98
402f3e9e
3f8e4036
bd113feb
3fb93ff6
3f794030
401ebedd
401dbee2
3f2b3ff2
3f68bf3a
3f8f3e8d
3fd83ed0
3fcc3ec7
bc7a4009
3fe44007
402e3d29
bf563f9b
3cfe3e70
3f233ec1
bdb43f3d
4009bf47
3f04402e
4013beb9
3f1b3d89
3e083f5e
3fa23f92
40233ca0
3f793f9c
4020bf4f
bedcbf1c
3eb13f8f
3fab3fc9
3f83bf6c
4023be36
3fa5beb1
be2c3f9d
bf0f3d59
bf413fb4
4020401c
3dba400d
403fbea9
40204012
bea8c5d8
3fca3e9c
3fc23e93
bf61401f
3ee54011
3f8c4036
40384025
3f1a3f93
40054005
3f0f403b
bedbbdd9
40113f1c
3cd03fd8
3f1e3fd0
3fad3cd5
3e703fc9
3fd53fc6
3f754033
bedc4013
400abf38
bdf74012
40243ebe
3ff34020
bf713f45
4026bf3d
bf6c3e6d
403e4008
40033f38
3feb3ed0
40193e95
4023bf37
401e4015
bf433db9
3fb23fa8
be894023
3e673f2e
3f08402a
3f16400a
3fa83f88
400d401d
3fb2bf69
3ff03f74
3f144010
4011bf44
3f5abf5a
3f633e6b
3edebf5c
3fd94033
45d83f32
401b4037
403b4005
3fc93f9f
40273e99
4000bf7b
3fc93fed
3f383feb
40283f9e
4001bf70
3f9a3f36
403b3f82
bf433f6d
be0fbf2f
3f143f92
3db73fe7
403bbef0
3f073f10
3e953fb0
402bbf79
bd833f57
3e284018
bf0c4029
3f37bf00
bf52401d
3eccbf39
3fc83f79
bf073fdc
3f67bea2
bd75bf49
bf3e3f4b
3fbc4036
3faebf36
402d3efd
4002beb1
bf2c403b
3ee14002
3ff54014
bf6fbf5b
40083f40
3fda403b
be553eba
3fea3fd5
3ff04002
401145d8
40283eee
40284006
4009bf6c
3e443ff4
3ed13ff7
bed93f2b
beeb403c
40353f57
4013bf26
bea83f74
bc91bf44
40213ffd
bf7d401f
3eb73fd6
40063fc2
3f473fac
3efe3f8d
3e22be8d
3f8d400c
3f973f41
3fd43e2e
40093fea
3e77be71
be34be40
40324021
3f6b3fc6
bf31400c
bf273e8b
3e083f03
bf0d3fed
3f8bbf1b
3fd83f84
40323f8c
3fa13f53
3d91403b
3f893f83
3fe14028
3fd7bf38
3f3c3e34
3eaf4026
3e1b3fdc
400a4034
3eaebf3a
402f3fd7
3f003f22
3f263e8c
3de23fd5
c5d8bf6a
3dbf402b
3ff24020
3df8bf1a
40053f86
3ef94007
3fb3bdda
3fb24002
becb3f45
beda4001
401e401d
bf60bf26
3fa24002
3fdfbf31
3fc2be81
4012be35
4001bec0
3fd5be9a
4022402a
3f5e3ffd
bf22bf01
3f833c8c
bf09bf75
3fadbeba
bf4dbf76
bf573fb7
3faebeee
3fa2bf45
40044036
bf01bf39
4023bf39
be24402f
3d34be97
3e454024
3e5e3f6c
403e403f
3f744017
3dad400c
40064033
40304022
3f823fd6
4007401c
3fa0403e
3fc43feb
be823fed
3f273f95
3f84403b
4018403b
3fc74007
400945d8
3f0b3f3b
4004bdc0
3fe63f7b
3f403e84
3fa2bf53
400b3fd0
3fd3401e
3fedbeb3
3fafbf1c
3ea6bd6d
3f4abf67
4011400d
bf07bf50
3fdf3e91
3ff43fe0
40364033
bf783d09
4006be65
be66be9c
3e4abeb6
40044033
bf163f9f
3fe4bf5b
4033be90
3eee3f92
bec1bf51
bef4401a
be39402d
be2d402a
bf2d4020
3fd6bf3f
3ef4bf3b
3f183fd9
bd894026
402cbf7d
becdbf43
3fde400e
402e3f4a
3eb83fcf
3f773fbc
3f9f4033
3febbe22
402a4038
3e6e4017
be82401f
bdda3d4f
403f3fe0
c5d83f33
3f453fee
bf173e86
402bbf35
3f9bbe72
3fe83f1a
3fc63f10
3f1a3ebd
3f8dbf63
3f654025
bf6a4033
bf1d3f3e
3ffd4011
3e3d4037
3f7bbe98
3f4dbf2a
3ee64039
3ffc3efb
bf703f97
3f903ffa
3f88bf17
3fcc3fe4
bf273fe1
befe3f81
400c4037
3fe53d87
3d4f3f1a
3f813f09
3d373e06
3f153f8e
bf47be84
3f9bbf11
3fa43f0c
bf2c3f84
3d9c3f18
3f5a4025
bf4a400f
baf44017
3f913efd
be253f94
3fc33fda
403b3e41
3dd6beb1
3ebc3fa7
401b3ee7
3e4b3e28
3f4d3f69
40394033
3fa83e28
402b45d8
40173f67
3f123f61
3fff400c
3ee9402c
bf5c3e97
3ce03f4b
40293e91
3de93fd1
bd6d403a
becb3fd1
3ffabf3a
3f094032
3fdc402d
3fd7bf0b
be693fb9
be8b403f
3f963f79
3f5ebe4b
3f6cbee0
3f92be90
3f2cbf24
40103fa6
3fa03f34
bf66bf11
3fb3bf10
3e37bf4d
4036bf4e
bf47403d
bf2a3f6f
3f32bc81
40103fb5
bf3ebf70
3f87be6f
3d6a4000
3fa53f85
bf033eda
3f33401a
4029bd87
3f41beee
3fe04029
3ff14037
3f8f3f37
bf51beba
3fdc3f43
bf73be94
40363f9d
401b3f19
c5d83f46
bf15bec9
403fbf1b
3fdc3e66
400ebe7b
3f05bf40
3bcd3f1b
3fc3bf02
bdeb3e91
403b4006
3f803f75
40003fe4
3fbbbf11
3f0e3f44
3fb6402d
bf03403c
402d400c
3fcb4016
3aabbcb9
3f4bbf19
3f1b3f93
3f353f0f
bda1be10
3f9b3f98
bede401c
bf073f1b
3f5b3e67
3fa33fc1
3fefbf63
bf644026
3fd94001
3fbe3fdc
bf22becd
3cd83f33
3ead3eff
3fe33ed3
3f194003
bf554023
3fa2403f
3ed93fdf
3f06bf32
3f894006
402a4025
3d32bf18
400c4023
3df7bd98
40193f60
400c3fa7
be79bdcb
bebf45d8
bec6bf1d
3f2cbf4f
40193fe2
3eed3ff7
3f813ede
3e504009
3ed2bf1f
bf344010
40173f14
40353e31
3ee63f04
3f983df2
402dbf73
402f4022
3f233d4a
4021bda7
3fcebe5d
bf7d3f4d
3f023e3d
bf5c3f90
40033ffc
3f23bed2
bf403ff0
3f9a3fe3
403fbf76
402c3eec
3ed1bf21
bf6fbf40
401c3e88
3e683fba
3fb24032
3ffd400e
bf14400c
3e2a3f00
3fab401e
bf5ebed5
3fb54007
3fa83d2e
3d613f89
402c3f59
3fc43fe8
4017bf40
40053da6
3fccbf5e
3f0d4033
bf37bf7f
bf393d2b
c5d83fca
bed1bede
402d3fa8
bf023ec3
3fce3b38
3fb13fe0
3fd44022
bef8bf4d
3f5ebd9a
40374007
bf0f3f4f
3f863e93
3fa44036
40333f9e
3f0e401d
bea83ffa
40393e97
3ef0402b
bd203fe2
40083f4c
3f7d4034
40113fb8
3fac3fee
bddf4037
3f383ff2
3f22401e
3fa84038
40063de7
3fef3f31
bea5403d
3f723f50
3faf401d
3ee33f6e
3f57403b
3f8b4031
3fcd3ff4
3f2d3efa
bd7ebf15
40284011
40134025
bf72bf36
3fe94013
bdd4401c
40343f8b
40123f25
3e963ec3
3e403fc7
3fdf3ea5
3f89bf24
3fca45d8
402f3ff0
3fd93fba
3fe7bf31
3f50bef2
bf713fab
3fc73fb6
bf663f95
bed03e6f
3ff43ec4
4026402e
3fb8400a
3fad3f8b
3f383f96
bf394006
40253fc7
3f72bf2a
3f09400d
3f1e3fee
3fbf3f84
3fa33fb0
3e483f3e
be56bcf6
40074037
3f2f4014
3fbd3fa0
bf4c3fab
401c3f25
3cfbbf76
40204010
402e3f84
3fb93f44
bf0e3f2a
3f74beb0
bd6bbe6b
be394038
3d644035
401ebf09
3f203f0e
40333f12
402f4013
be4ebf46
402fbf34
bf37401d
40003fb2
bf59401f
bded400b
3f79bf70
c5d8bf0b
3eb6bd80
3ed5bf72
3e6b4019
be394009
3fc6bdac
3ea7bf3d
bd533f1a
becabea6
3e163d3a
3f033ecb
3e51bf32
3fd64039
3f80bf02
be383fb2
beb2bc57
3f2a3fa0
bd7abf45
3fc34004
3f7b3f90
be2c3fbf
403d402d
3f233fdb
3fb93f97
3ff63f45
3ffb3ddc
3e174028
3ee2bf0e
40054031
bd8f3ff7
bf1fbf17
3fb7be0b
3f8dbf1f
3fac401f
bf463893
3fea3ea9
3efebf58
bf623f0e
bef1401f
401d4023
3f863f80
bf7f3f7b
3ffc400e
3f0f3fa1
401c3fab
bef3400c
bef5bf05
3fbabef2
4001bf7a
3f8a45d8
3f32bf7c
3e6a4022
bda03fb4
3fba3ef9
403e3ea7
bd7ebf30
3d4b403f
3f2a3f0b
bedd3f94
bf564013
3fb9bf80
3fff403b
3f8bbf6b
40103fdc
3da53fd3
3fd33fc1
bf563eb0
3fef3eb0
be69bebe
3f4dbebf
3f563f44
bec9402b
3f574000
beb03ea3
40093f96
bf483e8f
400c3fa9
3dedbee0
bf42be93
3f714022
3f8d4023
402fbe57
3f7cbf03
4021be92
3fbf3fe3
bf2a400f
402e3e71
3f853f02
402abeb4
3ef43ff0
40263fbd
3fa23f11
45d83fab
3fc83f1f
40033f29
3e844022
3f54beaa
bea4bed6
3fd63ff5
3f9b3ea8
bf6d3fc4
3f934009
3f834030
3fab3f10
bec9400e
3d7b3e9b
3fc5bf07
bdc93fee
bf693f7b
3fb83ffb
bf2e4021
bf5b3f54
3e793f97
be823e02
3fd93eb2
bf173f8c
3f993f02
3f4e3fea
bf59401b
40163f4e
bf5cbf43
bf633f60
bf60bef2
3de7be63
3feb3fe7
3ffd3ee9
3fad4001
bf6f3f92
400f4038
bdd7bf71
bf3a3ec8
400dbf4f
3f693fee
3f473fc2
bf183f70
3fe7bf1c
3ef23f77
40153f1a
3fbabeaf
bed33fad
3fffbf5d
3e6ac5d8
3ff23fd1
3f134025
3fa23f98
40173fe3
3fa7befa
402d3ec5
3dbd3f95
3e8fbe9a
4020bf20
3f923f62
3f824009
3f2c400b
3fb5bf78
3faa3dc8
3f8a3f13
3e974036
bf333f2e
40384035
bebd4025
3e1e3f51
bd83bef1
401d3fe4
bf17be15
403d3ea7
3f5a3f84
bf3b3fe7
3f1f3d0d
bf4e401f
bee33f19
be523ff2
4017bedd
3eb53fa9
beb2402b
3fe9403f
be97beb4
40053fc2
40153ff0
bd063f3f
3fe5be2a
40143f99
bf7bbf5d
be1d3f67
3e61403d
bf543fbc
402d4007
400d3c98
400ebf3f
45d84021
beccbedd
3f87401d
3e9e3fb7
3f21bf78
40334011
3f40bf43
3fbcbf66
be283fbc
3fde402b
bf233f91
bf223c95
3fd4be3c
3e87401c
3fd54021
3fa6bf51
3f6dbf4f
bc9f3edb
3fe33ff2
bf093fad
beff3fba
40083f23
bc82bebb
3f8e4006
bf13bf13
3f2e3fef
beea3fb9
3fef3f1f
bef8401f
bb633f69
3fd6bf00
bd1e4004
3fcdbe4e
3ddabeb7
3ff9402f
3f9a3de0
40184020
40213f36
4035bf43
bccf3ff3
3fda3f9f
be8e3fd0
3fb34015
3ef4403b
3ffb3fde
bd60bf7c
3f953ee7
3f633fec
3f913eb9
4013c5d8
40253f54
3f033f1b
3fd8bf7f
bed3403e
3ea53f03
be9e3fb9
3e9abf07
3b30402d
3f353fce
bf293f6a
3f15bf18
40083f6d
3ed44038
3f66bee0
3f4b3fa8
bedb4028
400d403e
4015401b
bd783f33
3fd33f83
bf26bea4
3f863f72
3e993f52
bdd4beaa
bf313fc4
403c403f
40113f43
3fc23f18
3ad13e88
3fb04016
3fd73ea3
bcc3beb9
3f9e3e03
3fd34004
3fc7bf21
3efc3ebf
be6c3fd5
40344004
3e853e59
3fe94022
bb223e9c
3f35401f
3ff54034
3e8a3ff1
bede4031
3f21bc77
403fbf34
45d8400e
bf5f3f91
40043f2c
40063f11
3ba53f98
3ef04021
3f4b402b
bf5bbe51
401a3fed
3f883d71
be524028
403bbf6f
becebf4f
be5b400f
3fc9401e
40314036
3fd23f72
bf37403b
402b3ebf
3f3a3efd
3fe5bf3e
be993f9c
3fd4bf6b
3ff93faf
3e853efb
4028be21
3f613f32
befd3fce
40363fae
bec8403a
3fa9bf03
3fc7bf28
3fc43ec5
400b3f8c
3ff03f32
3fcf3f84
bec7bedf
3d644015
3ff94031
3ecbbe8c
bea7bf65
be74bf2b
40323f84
3f033d5b
3f64403f
40073fe4
40304011
3f503fae
40013f1e
bdd3c5d8
3f9b3f13
4031bf46
3fb13cf8
3fa33ff8
3f593f92
be4d4020
3d2c402f
be193edc
4026400a
bea64035
3ffcbf6f
4016befc
3fa6bf75
3f053fc2
3f8f3ead
3f783f7f
3f914005
3faa3fe1
401cbea7
3fc04004
3fec400a
3faa3fdc
3f86bf55
bf08bf25
40064003
402c4023
3dd1bdce
bedfbee1
3f813f97
be454021
4003be20
4027be2a
3fab3e77
3fab3f4b
4030be5b
3f513fc4
40163e88
401ebf24
4024bed6
3f37bf51
beae4012
3f38403d
3fea3e70
bec43fd7
403d4024
3fe84034
bede3f13
45d83f88
bf6a3fc0
3ff03fd9
bf55beb9
40064002
bf3f3dd9
bf503f82
bf10bf52
3f94bf44
bef43f64
beaabef6
4035bf6d
3e43400e
bec3bebe
3ee5bf16
3f50400f
402a3f3f
3ffabed4
400d3fed
beaa403a
3ef13f55
40194034
3f08bd5a
3efc4015
3fac3f64
3fd63f71
beb43ff3
bf21bd92
403e3f06
3f293f13
3ff44032
40293eae
3f563f59
40164037
3d44bda4
3ef53e7d
bebdbef4
40213e1d
3fa03cd2
bf403f85
3fc2be53
be704005
40343fc9
40183fdc
3fafbf31
401ebf29
3f37bf69
3fef3f52
4029403a
beecc5d8
3fecbf2c
3f82bf5b
40064025
40133fe8
bf413f46
3f724034
402f3e54
40053f71
3df83f96
be303ed2
4039bde0
3fd93f45
40313fc8
3d854013
401c3fcc
400e3f86
3f663fe7
3f033fc0
3ebc3ea4
bc994013
bf793f77
3d914039
bf273f21
3fff3fc6
3efc402c
bf2b3f27
bf663fe3
3e21bf6a
3e2e3edb
403b4021
3f04bf36
3fa73fca
3fe3becb
3f943e0c
be8d4006
401d3ff9
3fe33fbc
bf2d4003
be793efc
3f9dbeee
bd263f37
bf01401b
bed1bf6e
3fdb3fda
3f8d3ff7
3f4b3f0d
3f9c3fb8
45d83f02
bf6a3fc2
4001401e
40363ec2
3fc83fb0
bef74014
3fbe3f72
3f6abf29
3ef93f28
be613fd5
4035bf60
403bbf30
be37bf4e
3dad403d
bee3bf40
401a4038
3f2d3fd8
bf554010
3fd0bf08
3f3c3fee
40093fc2
3ff7401e
3fbe3fb1
bf263fd5
402a400e
3c863fb7
3f4f3f96
400e3ea5
bf143fd3
401bbe4a
bf39bf6b
3fd13eb3
bed23fba
3fb33f76
3e123fd3
bf643ef3
bea23efc
3fb83f02
3fbf3e5b
40144030
bf5ebf51
3f3cbe97
3e253fb6
bf08be57
40254027
3fa33f8a
bef14030
3f024033
40094038
4002c5d8
3fdc3f3b
403b3fd6
3faf3ffb
3f9a4035
3f07403a
3f154020
40343fdb
3ffa403e
40083d8e
bdc53f34
3f983f51
3ff74028
3ed0bf64
bf693fa0
3ee94033
3eb54020
3e203f7a
3f72beba
3fba3ec5
3fc43f91
3f4d4021
3ee53fdd
3e743ff1
3f82400b
3feb3ff6
3f904031
40203fd3
3fc33f87
40344026
4016bea0
bf523fd1
3f57bd5e
3fb3400c
40073fac
3fcdbf29
3f713f51
bd9b3f9b
3f13bebb
3f93bd23
bdb43fb2
3db63e8e
3fd33f8a
c5d84021
401f3f03
3fd83f98
40243fb3
bebb3f8f
3fe83f69
3f12bf1a
bd7c3fc8
401a3fac
bf2c4006
4026bf74
3ffd3f24
4029400f
3f983ffd
beb9bf57
40074025
3f3a3ff6
3fce3e68
3f8bbebe
3ff93f85
4040bf3f
402cbe87
3fe44023
bf35bf36
40233fe7
3fcf3ddd
3f183eac
3fb4bf47
3ffd3fc1
3f793ee6
bf42bf41
40063fe9
3fdd3e4b
403abebc
3f4a4008
3ecfbe28
3ff43fd9
bec9400b
bf1f3f81
4008400c
bf673f96
3fd5be70
3f8a3fb9
3f09403f
be92bf44
3f19bf2c
be5b4014
3fb43f3d
bc6b3fdf
bf5745d8
3fb84033
3f61400f
3f693d96
3fed4006
bf21bf42
3f79400e
be143fad
3ffb3efa
3f853f33
40024010
3d3c3fec
3f97bea7
bc934035
402c3fb5
3e813d24
3f8f3f0b
3f893f0b
bf62bead
3ec84001
3fe03faa
bd4e4019
4033bf0b
3fea400e
3f534037
3fbc3f6f
3ffa401b
4000be35
40104032
bf7dbf2e
403a4040
bf4e4007
40073ecc
3e843f87
be69be90
bf4e3f45
3fa13e38
3ec93ffe
3f1a3fa6
3faf401a
40224003
3c403ecb
3f133f84
3fb6bf0a
3f5b3f95
bf72bf30
3fe5be7b
3e3e4016
c5d83fc1
3feb400a
3fb63efc
3e614000
3fd33ff1
3f543f94
3faa3efa
40103ed8
3ede403c
bde64005
3ff1be65
4002bf11
3fcc3ffc
befb4006
be073faa
3e853ab7
bf033f26
401d4033
40374028
3fdc401d
bdd2bf19
bf124017
4010bf7c
40283fd9
3ffc3ede
3fd93f42
3fbc3fa4
3fe53f85
4011400d
3e903fba
3db7bf5c
3fd8401f
4037bee0
3c913fdc
bf0f3fc7
3fd03c4a
3f663eef
403c3fae
3ff43fc7
bf4c3f2c
3e6b3fe2
402d4028
3e7f3ff4
3f1b3f2d
be9f3eb5
3ffd3dc4
3f843d3e
bf713db8
3fde3fee
3bfb45d8
3f913f41
3f4c4025
3f9cbf47
bf41bedb
3e383eb4
bf7dbdaf
3ff0bde1
bf2f403d
bf52bea5
3d783e4a
3ed43fe8
3d6d3f31
3ef23f9d
3f9d3f28
3fc54038
3fee3f98
40243fa8
3e4d3f89
3e803f29
bea43ec5
40083f23
3fd54020
3fee4003
3f263e7f
400b3f75
3fdf3ecc
402f3f8c
3e2f3f0d
3f443f6a
4008402c
400f403d
3eb84023
bf2e3ff1
4015401e
3ea4beb3
3fdfbe01
40063efc
40263fcf
3f664026
4034402b
3f3a3e89
3df63f81
bf553feb
3f003fc2
bf1a3f24
bd854007
40324036
c5d83f9d
3fb2bdcd
3f7e3f61
3ecebf7d
40163f28
3ff44029
bda33fc6
3e57be9c
be373f37
3fe43ffb
40383fae
becf4025
bf24402d
3fd1bed0
bd7cbf01
4029bf5e
4028402d
400e4026
3ff23fc6
400e3f1f
bdabbf63
3f5e3ff7
3f844008
3fa5401e
3f753f00
3e82bd34
bf403f13
40133f9f
3fde3f09
3ffd3fa1
3f8b3f8f
bc953ff5
4019402a
401a3de6
bf3c3fd4
bcee4021
40253f04
3f574030
3f70401d
bf2abf16
400c3f10
3fe7beea
be683f86
bf5bbf58
3efebf1e
bc9d3ed2
bee7bf29
3f1fbf02
bef4bf5f
3d4d45d8
40383fe8
3e27befa
3e40bf4a
3f943e83
3dbe3f32
3f073fe8
3d8a4027
bf793fa3
403b3f09
3f963f4b
3fed3f57
3fc73f82
be9b3fca
bf413f9f
bf28bd95
bec94000
4006403b
3f8d3e16
4031402d
bc253feb
3fb34011
beb53ef5
bd9c403e
3d8d3fe9
3f893fe6
402fbe55
3fe53ff4
3f87bf58
3fb83e92
3f5b3fb8
3f9b4017
3ef73f93
be0d3feb
40014001
3f30400b
3fb9402f
3fcc3fba
403c4032
3f80bec1
3fe6403c
40153ff4
4031bd48
40253eb7
3fc93c98
3ebb3f02
3f3a3e1f
400b3fe2
c5d83f59
bf3dbec8
3f854020
3f933fd0
3fadbf5c
3f42be24
3f433f34
400ebec3
3e103f78
40304019
bf783fe5
bf5f4025
3fde3fa8
be874034
3f013e83
3f0e3f86
3fcd3fcc
400c3ffb
40173fd3
3fac3fe4
3fa13dbc
3f343e33
40053de4
3fc9401e
3fef400d
3f66be77
403e3f4b
401abf2d
403e3f0c
3fc6bf75
40244039
bf6d3f74
3e7a4023
3faa4003
40063eed
bf7d403f
3e93bf1b
bf73bf5c
402bbf72
3fecbf62
3f604008
401a4020
3eef3f0c
3f563e6f
bf473fa8
be4fbf44
401f3ff7
40263f8b
3f78400e
400f45d8
3f6a403a
3fa3bea1
3f6e4020
3f244002
400e4022
3ec53fab
bf3b3f08
3f9c3ed9
40173fef
bec43f1e
3fe64038
40363fcc
3f84403b
3ed9be34
3ff23f03
3fe2bf65
4022bf2d
403f3e60
40044011
3f38be65
3f423fa5
3e883e0d
402c3f81
4032bee6
3fb5bf57
401a3f95
3f8a3fc6
be82bdd6
be0a3fab
3f4abf2a
3ec2bed5
be913fcb
3f14403b
3e93be8d
bf103f80
3fee3ea4
40013ec4
3fc23fe4
3fea3d90
be7bbf15
3ff7bf34
40093f59
40353fe5
3ff7be91
bcf3403f
beeb401e
3f993f38
c5d83f95
beeebea3
bf5f3f5f
40243f21
bdf1bf5c
3fec3f9f
3f993e66
400b3e48
bcbb3fae
3fe1403d
befc3ed3
40023fa4
3e8e403b
3fea3f45
3f2fbf02
bf573fa4
bf04be31
402a3f84
3fbd3e4b
4000bdc2
3fdb400f
beec401a
3f8f3f9f
3e603ef1
bf00beca
400c3f84
3fe53fbb
4025beb1
bec74013
40263fb2
40243f6b
be9f403b
402a401f
3f8e3fef
3fb73f1b
40084034
401a3efd
3e7cbf55
bf3e4029
3fb53ee6
40094019
bdcc3dfc
3fa63f35
bf383fad
3f8ebecf
3eb2beb6
3ddb3fb6
4037bf6d
3fd63f91
bc0345d8
40013fc2
3f923fab
3eb53f09
3fa83e62
3f803f93
bf514035
bf6f3d6b
40164027
bf6d401f
40234010
bf323edd
4022be66
40224035
3f293ee8
40153f5b
40233f54
40393fdd
3f0c3fd3
3fe2beff
be8bbdc2
3f42bf23
3fb9401e
bf1b3fd6
bf663f8d
3ceb4015
3fcf3f11
3f893f47
40103e85
3f86bf35
4005bf5f
bf79400a
400b3ffd
3ff4be47
40233e35
3ffcbe92
bf533fb5
3ea13f8e
be2ebf44
3fc5bf37
40143eda
3ffe403f
400ebf1c
beb93fff
3fbb3fc8
4022be93
bf05bda0
3f174013
c5d8400c
bd2c4011
3fcabea6
bd83be16
bf443fee
bef53f6e
3fa0bf6f
40313fce
bf53bf09
bf163f79
3fa0bf18
403e4016
3f393f57
bf663fcd
40093fce
3f91be9c
3ebb3fb4
40023f65
3fa83fd3
403dbf1e
bf62402b
4026beba
402b3e3c
40353fcf
3e743ee7
3f04402e
400a3dfa
bde74002
3fa93f6f
3f0cbef8
4006bee5
3e683fd6
40373f8b
bf053fac
3fc9403d
40063f5f
bf5bbf5b
3f11bf0c
bf023faa
bed0401e
402c4033
3fef3fb2
401f3fc2
400f3fdf
3fe5c5d8
bdde400d
bf413fb1
3fd33f5d
3fb1be53
400f402d
bf52402d
3fb04027
3fcabea1
3fc13fbb
3f88bf7b
3ed24014
bf063e1c
3ec43f38
3e583dd2
3ff9be55
3ff94033
3fa13e0a
3f653f12
bea33e47
bf663fec
3f58400d
3d193fd1
bf503fba
3f003e2c
3f923e36
3e183f54
3f53400d
3ebbbf2c
3f28bec1
3f134035
3f25be2a
3f4e3eeb
40123f1b
3fd9be2f
40253faa
40243fe3
40043e40
bf1c4039
3f993f76
3fe33fec
3f0d3fcc
402ebf76
3f883f73
3fef3fc0
403a4028
be034015
beef3feb
45d8401b
3f07401d
bf6dbf53
40313f4e
be39bf2d
3dc63fc7
3ef9bea3
3f4c3f91
bef23f79
bea54025
3edfbf1a
bf283dda
3fce3faa
bd59bf2f
40003f3b
40303f53
4003400a
3ee6400a
3f873f67
3f914009
40104015
40023fd2
beb03ff6
3fc9bec2
be913fdc
3fbf4019
bf1e3f91
3fc3bed3
bef23fb7
be4fbe6e
3eeb403c
40083fcb
3fcfbd23
3fd53f45
bf193fd5
be07401d
403d3f32
3fd33fb9
3fb44011
bf03bf3a
3ff6bea2
40133eca
be46bf00
bf503fbe
40364024
3f41be43
bf3b3ed7
3e9d3f01
bf493f3f
3faac5d8
4027400a
40063fcb
40083e58
3fb63fe0
3e95befb
4013bf67
40323f13
3f09be96
400e401c
40303e91
3f724030
3f2b4022
3fa53d5b
3f27400b
3fc93fc0
3eaf3f80
3f933f14
3fc63f49
4039be92
3fb14023
3e5a4037
3e383f9e
40213fe0
3f45bf1d
3e134012
3f4a3f69
bb443ffd
402d3fa8
402e403e
3ff13fd4
3f88bd94
3fd6bf3e
3f95bf77
bf0a3fe0
40263e91
4014be8b
40273f56
3feb3f77
3f0b3fff
be5dbf52
3f0e4039
40293f13
be553fe7
400f3fc0
3fc03ee2
3fac3f45
3f843f8a
45d8bf3f
bebfbf02
3f82bf78
4033be15
40383f87
3f3fbeb5
3f95bf1f
3ffb3f1e
bf693fc6
bf64bf1c
bf384009
3f03becf
bf17bdb3
bf5dbea9
3edf3e31
bf0c3feb
3ff23fa8
3e01402b
bde4bf15
bf113f82
be933ff5
4005400a
3fb93f81
403d3d5d
3f773e4c
3fc43f4f
3fa4be99
4037400f
40213e1d
400e3f26
bf043fdd
3f9d3caa
403ebed9
bc03401e
4007bf46
bf2a3f4d
40343fc2
3dd44028
400ebe42
3f81403f
3dacbf39
400b402a
be7d4009
bf113fd0
3ff7bf38
bef5400a
3f7f3f4b
bddf4035
bf29bd4c
3fb5c5d8
3ddd3f90
40213f6f
bf423ff7
40293ff4
bf773f06
beb03fdf
3fd7be41
3fee3efb
402bbed1
400f3d33
3e003f00
beb0bd8b
bf3cbb81
bf6d3ff7
bf273e23
3fd3beeb
3fb7bf3b
3f333fb7
bea23f5c
3fdbbf5f
3ff0bf4a
3ebb4017
3f913ffa
bee04022
3fdd4028
3faf3f30
bdf13fca
3fcebe8a
3f8a403d
3f7d3fba
40083fdf
403ebec0
3fc03fed
be1fbf10
3ef83fed
3fa9bf3a
3e283ff9
3fa93f7f
403b3fb3
3dcbbe5d
3ffd3e3b
401bbf4f
3facbebe
be0c3fa8
3f943fbd
40023f0c
3f63bdbb
45d8402c
40113f93
400d3fb0
be6c3d96
3fc1401f
be5fbe99
be953e8d
3f913fbc
3dfcbf75
40073fdd
3f263f7f
3f82402b
40113e09
40313fe7
3fb33f9c
402a3ed3
3f1dbf2a
402b3fa1
3f5d4011
4034be02
3e014031
40373f37
3e8bbf54
3f99bd8a
3f873f43
3f4abec8
3fcf3e52
401cbf3d
4025bdef
40273fd5
3f583fc6
3c1c3f45
bf01400e
bf46bf3b
40103e36
3fd73fc0
be9c401d
bdf33ff4
3f8c3fe0
400a4008
3f8b4020
bf543e48
bf3a3e38
bcbb3f85
4032be66
400e3fc0
3f203fce
3f2c3f99
3eee4016
3f93c5d8
bebf3f66
3f61bdd5
3f78bf17
403c3fae
3e8a4026
bf4ebf5b
be95bf1d
3fbf4015
3e2a3e99
3e9c3fc5
3f8c3f95
bf5ebe8e
bd8dbf27
beb43fcb
3da3401d
bf21be21
40223fc8
bdc73f95
3f96beb4
403a3f07
3f2b4032
3fc83e8c
3edb3fee
3f483d95
401ebdb9
3fe0bf1b
3fe23fc6
402f3fac
3fc53f55
3fb23f71
3eac3fee
3f05be7c
3eb94027
3e023fa4
3f523fd5
bf3d400b
3f6fbce0
3f53bf3c
4028be96
3f224029
3d4f3fb8
403d3fbc
3fb83d07
3f753d37
3ff93ff2
3f324005
3d9f3faf
45d83fdf
be8e3f07
3ee64003
4039bd8b
40383fa6
4009be25
3fef4023
4012bedc
3fa73fe6
3f643f58
bc913fcb
3e714015
3f1ebf1a
3fb44020
403c3dd9
bf433fed
3fd3bf2f
401b3fd3
401ebebf
bd104028
3e2dbf40
3f643fb5
3e9ebe9f
3ff0401d
3f544028
3e403f50
bf053f7f
bc413efb
3ec84036
3f063caf
3f823ea1
3ff4bf64
bf393f13
3edd3fcc
3fbb3f9e
3fb13f92
3fe9400b
bd84be70
3fcd3fa2
40074038
402a4006
3ff1beab
be16be92
40343ff6
3fb73daf
bf263fe7
3f663f8a
be8b4020
3f9c3f74
3fffc5d8
3f2d3f39
40244013
40363fd9
3e6c3fba
3ecf3f81
bf0bbf77
3f5fbe85
3f24401b
4024bf69
be5cbe54
3f8e3fdf
401c3eea
3fbfbed1
bf344026
40253f72
402cbf5b
3f8abf4f
3f25402b
bf7f4011
3ee0be46
3fb0400d
40233f46
40124004
3ff24007
4017bf11
bf503f0a
3fba3f5b
40183fff
bf4a3ed3
3eff401d
3fdf3efc
3f463e99
40043f3f
3fbc3fec
3fd13e2c
bf6f3f88
3f8cbef8
3e753f67
bf14be9d
401d4018
3f683f09
bf19bf09
40384035
3f693f83
3f60bf30
40054005
3ee23f00
45d83e48
3ff43eae
40223ebe
3ff93f9e
4006402d
40333ffe
bf763e8a
4017bedf
401a401a
3fbe402c
3faf3f30
be47bf24
3fd64006
3f78401c
4002bf02
bf333f7a
3ff63f55
3f9c3fc9
bf0f3fb4
401a3f9f
3fe3401e
3f3d403b
3feb401b
3feabf74
bed13d2d
3f6abe8a
bed13fc6
3f684006
3fc0bf47
402e3f4b
bf36401c
401f3ea6
3f07bec8
3fc3bf61
bf004022
40054019
3fd9bf3b
4017be27
3f884029
bf0f3ec4
4031bf08
40303fca
bd4f401b
4001bf1d
400d4038
3fbc400d
3fe33ec5
bd454037
3f414021
4002c5d8
402f4027
3f55bf6b
400b403d
3df1bee9
3dabbe28
3fb4be84
3f823f82
3ea2bf74
3fd53e60
bf733f9a
3f7b403d
bef2400a
4028403d
bed74021
3f593fe3
bf0bbf2d
bda6bf76
3f01bdc6
40233fdf
3f583fb5
3f174029
40183f4a
3feb3fcd
402fbf60
3f9e3fb5
40314025
3fc13f3c
40263fff
3e23bf1a
3e443ff7
40314004
3f04be9a
403a3f3a
3ff4bedb
3f833f87
bf7e3ed6
402b4038
bed6400f
3fb53caa
bd283f8c
3fe9be46
3ed73fca
c5d8be93
4034bf61
3ff1401d
3fee4016
3fde4022
3f8f3f30
3e06beb0
40143fe3
400a3fbe
be913f7a
4016bf68
3ff5bf04
bd193d2b
40184010
3f283e5e
3ea14009
40043f87
4037401d
bed33f15
3c1b3fb1
3fbbbf31
3e9ebd49
3d193f8d
3f7f4003
3f143ddd
3f874000
bf67be5e
400b3dcf
400cbe98
3ffb3f85
40033f37
3f073ff2
3f903f99
3f823fe7
beaebf32
400c3efb
beaa3fe6
400ebf5b
3e6b3fdb
3fe6bea6
4015401f
3feb3fb8
bf6dbdb2
be753ee8
3e113f70
3f44bee0
3e5c3fd6
401cbece
40003f34
bf3d45d8
3f28bf47
3fef3fa5
bf2e3fa3
3e04400b
bf413fa4
403b402f
401d3b24
bf6bbe0d
bef73f68
3ea23f3e
402cbe26
3f6d4025
400dbb58
40273ff2
3fed4010
3fd83fdd
bec13fb1
4002400d
bf643f96
be6a3f2a
40133e56
3fe1bf6a
3f883f6e
3fb0bdee
3e25400a
3f6fbf0c
bf223db5
3f403fcc
400b3feb
bc5f3f87
3f2a3f8c
3ff64031
3fc33fdf
3f6d400f
3efa3dce
beb14018
3ff4be04
40023fb6
3e1c3fc8
be34bf1e
3e583fa5
bf4fbe8f
40104003
40053fcd
bf0b4027
40284006
be3ebe5b
c5d83fa8
bf21402e
3f1f3f67
be9dbe15
bf243fe6
3fc23fa2
40053fa7
40083f80
40023f11
3fd93fa0
40374024
40293ff9
3fe2bea1
3fa1be71
bf024022
40203f52
bf26bd8a
bf063f9a
40203e7c
40363d5a
bdd13f85
bf71bf26
3fe13f13
3f074025
3e944028
3faa3fec
3f693fb1
3ff83ff4
bf703f7a
beda3f10
3d073fb6
40224021
bf0d3fb0
3fd03fd1
3f96bf49
400a3e18
3f52beee
3fe3be7a
401bbf76
4020bf27
4014bf06
bf3cbf41
401b400e
bf683fe6
40213f3b
402f3f87
3f9a3fbb
3efdbf13
bf27400b
402445d8
be7b3f79
3fbcbe75
3d113fcc
3fcc3ed4
3f974019
3f313e8e
3f284039
3d91be85
be244025
3fadbf74
bf803f9f
3e21401d
3f5a402e
3f84bdb3
beafbf1a
40223e34
3e55bf60
3facbf4e
3fc63fdb
bed1bf4c
bf7cbf37
3e113f16
3ea3bd91
3ec93ffc
bf223f85
3eef3dbc
3faf3f8c
bf6b3f8a
3f824032
3f15bef8
3f233fea
40163eae
3ff1bf7f
40113fea
bdcd3fd7
3ef1be9d
bda4bf6a
bf553e45
3fc23ed6
bf163f0b
3ff33fe9
bf30403b
3f2d3f02
3f543fc8
be21bf3d
bf1e3e16
3f064036
c5d83ff6
402bbf09
beaf3f2d
3f974029
4029bf7f
3ee44036
3f2f3d5d
bf063fc8
3fb1bf41
403d3e2a
3fba3f83
3febbf60
bf31bf59
3f583fb0
3f833f97
3c4e4019
bf683f07
bf2fbf21
bf24be3c
40104037
40133d86
40153fcc
bf31bf7e
4024bf1b
3f834032
bebd3da1
3fa9be27
bf2d403e
400ebe6f
3f073e6a
bf0d3f30
beb0400c
3f92403f
bf0c400a
3e83bf35
be7a3fa7
be60bf67
3ff43e5c
3ff04014
bf44bf6f
3f373f2a
bf0b3ff4
3e4f3f3c
4003402d
3ee9bf06
3fe03f9e
3fc84028
3ff83f96
3e834006
3f8545d8
3fc0402b
bf27403b
3f81bf5b
bf7f401b
bf193ff0
bf17403b
3f8a3f72
3ebf3f66
3ede3f9d
3f54bf45
3efd3fb0
4033bf66
3f9f400a
bf133e96
be33401f
bf13be77
bf283f8d
bf243f99
3fb33fd1
3f983f94
3fabbf68
3fb33f99
400b3f75
3eb84017
403e4002
3fb73fef
be653e51
3f603fe2
4006be48
3fbf4024
3fa73c56
3f853ecb
3e913f5a
3fdabf1b
403a3def
be763ec5
3f9ebe7a
3f84bef0
3e38be84
bf0a4021
3f97bf2d
3f0b3f90
3f893fa9
bc943fb5
3f57beaa
3f71400f
3efabf41
c5d83fa6
401f3fbf
be2a3fd6
3fbf3f99
3d023e8e
bf5a3fbc
4011beea
3f5b3f5f
4038bcb0
bf21401b
3f244029
bf2f3f21
3fbd3fb6
3fb83eff
40153f54
402ebf1b
3f8c400d
3fb63f5d
bec63f1a
3fe4403d
3fbc3fa1
3f9b3fef
beb3bf04
3e81bf7a
bef93d9e
3d1e3ff1
4023bdc3
3f6a4003
3f8e4019
401ebf5a
3f44403f
3f06bee6
4001402b
4007bebe
4018bf14
3f293ee0
bdc23ef2
beca3fd3
bef73f09
400b3fa0
401e3f40
3f503fcf
3f42402c
3ffd3fe3
3fa14036
3ca6be26
403b400c
400e3e91
4011bf25
3ffe45d8
3fd73fa9
3fb73fb5
3eb43fc2
3f5f4030
4040bf63
40114015
3f09be8b
bcfa3f13
3f83be39
bf6e3f2a
3f1bbf69
bf7d3e1d
3f07bdb5
bf693f68
401e4021
bed44037
bef94018
3fe73fb9
4012beb8
402fbea5
3ffa3fc8
3f62bf7f
bd913f42
400c4029
3c864004
3f87400e
3fb53f4e
3ff73f36
3f9e3eaf
3ff74018
3f813e8e
3f7abf27
3f8ebec6
3fc33fd2
40193fec
be1f3fc9
3f83bd53
3f3f4035
3f954037
3f883f4e
3fa6bf72
be9e3faf
40384033
3e3d4002
bf553fda
bf063e23
3f91400d
c5d8bf1f
3f68402d
beacbf3d
3fda3fd3
3fc93cae
3fe33f39
3f403fa1
40204003
3f9ebcae
4010400e
befc3f92
bf4ebedc
bf073f60
40273fac
3ff33fce
3ff24012
3e843f91
bd10bf4d
bf3dbf70
40134006
3f7c3f86
3ea23eff
3fca3f4a
bf113f0d
4003bf08
3e17403b
bf363f03
3ef2be32
3ff34016
3ffbbeee
bed03ebd
3ef93fe5
3f99402e
3f4e3f52
401c3cd9
401b3e77
401d403d
3f373f5e
4028bf43
bdfc4033
3f904003
3faf4031
3ffd3f93
4033be9b
402a3faf
3f583f0d
3f9bbf42
3f9b3eb9
3bed400f
bf5a45d8
3fc1401f
401fbd7b
40043f52
3f2f4018
4012400b
3fc6be3c
3f4c3daa
3fb83f72
be453f4e
3fac3ffe
3fba4016
3e1e4017
4033400a
bf643e31
bf0fbd70
40253f8e
3f803fa7
401b402e
400e3eb3
bf5d4033
3f593f58
3e42bf01
3ed94036
bddebf41
40364037
3e36bf63
40293ff2
bd583f50
3fe83f0b
3f673f31
40254039
401fbf0c
bebdbf2f
3f913f06
3fd23ee5
bea33f97
3fb04020
3f453f8b
3fe73fc6
bd3d3dbe
bf4c3f9c
3fb43eb3
45d8be8f
3fa73e57
bf7d3fa2
3fec3f4f
3f72400f
be9a3fee
bd3a3f4b
40294011
40214014
bf084001
3f993fbd
3dc6403f
4030bf7d
3e93be97
3f7f3f64
4032bee9
3f713e14
bf403fa5
3fba3f83
3f11bdd7
403c3fe5
3f47be98
40093e0f
3fd1be3b
3f814001
bf273f16
bec43f83
3f193fa8
40163fb6
3fa7402e
bd0c4005
3fc8bf20
3fd94022
4016bf21
401abe04
bf28beed
3ffe3fad
403d3fa9
3f4d3ec9
be0b3f53
3ec7bf30
402f402a
3fe54012
3f253ebf
4006bf19
3e444027
40184012
4037beb6
3fc03f74
3fd2c5d8
3eb03fb9
3f14bd6d
3fc94016
bf464036
3ffc4009
3f87beb1
3f173f04
bee93fd0
403bbf46
3ec33e0c
bf3d4033
bea8be86
bf71bd74
3fc53f98
403a400d
3ecc403f
3fe53eb5
401c3e9d
3e963f95
400f4011
3fba3fe7
3fbf3f2b
4018bf3d
bc0c3f55
bd993fb8
3fd54020
403c3fca
3f47bf42
bf4f3fae
3fee3f8f
403b3ebc
400cbd17
3f6c3faf
3f64bf11
bd993d89
3e433f07
bf7cbf73
bf4a3fe7
40353d9f
4035bbc6
40363ff4
3f813d0d
bf123f5d
3f1b4023
40023fc6
3f983fb7
403a3f8e
45d83ed2
3f4d4000
3d9a401f
bf333f59
3fc5403b
40383ec5
3fecbf5a
403e4015
bf06bf5a
40203f09
3dda4016
3fcb4025
3f083f56
bed63e60
bf77403a
3ea63fd5
3ffc3ea5
3fb73ead
3fc83fb1
3fb9bf6f
40113e4d
bf263f62
3f634000
3fc64008
3ef23e73
3fe6403f
bf56bdda
400c4030
3ffd3fd3
3fc8be09
3951bf6b
bf3bbeee
3ff73ffb
3fe53f2e
bf473ff6
3f534035
3e4f4007
3fe73f81
beef402d
40043f1c
3fd53f12
3ff6401e
3fdc3f3e
40104034
3fcebf08
4017bf42
40083ff3
40083f49
403f401b
403cc5d8
3ff13fc1
3fc73fd9
3f163e28
3f853fe4
bf753f84
3f5abeb4
3f6f3fc2
bf61bd9a
be323f8f
40293fd5
3f683ffb
be103fcd
bf294016
3e67401d
3f764021
be7bbdda
402c3f79
beb33e0c
bf453ee9
400e3e1b
3f78beeb
3fcc3f11
4027bf11
bdc14035
3f8ebe38
3ff0bf0f
3f91bf14
3f243ef2
3fed3fa3
be993d8f
3fe03ff8
40373de4
3fe7beaf
bf4dbf0e
bef63f07
3fb0bf38
3f2abf1a
40233fe5
3f343fd4
3b5d3ffb
3f9a3e68
be634013
3fd03fb2
40023f62
401a3fc9
3f6ebf6b
be1e3fdd
45d84037
3feb3eb3
3d863fb9
400b3f5d
bf6fbcf6
be8d3e97
3e3c4000
3f8a3fc6
be9a3fa2
403f4032
bd80bdb8
3ff13fd9
40233e96
3d9a3fbf
3fe2bf2c
40013e07
403e3fe3
3fd2be29
3f363fc4
40153ea4
3fc43fc8
be8fbdf4
3f303f48
3f443fb1
3f4f401d
bf04400a
40013ee0
4008be2b
bf21becc
401e3fe9
403a4006
3e12402d
bf27bdb6
3f034010
3fc3bf1e
bf56bee5
401a4008
3e52400e
bf133f2e
3e183e17
bf6e3f07
40264025
40353ef0
40393ee1
3f323f86
3e363f71
3fa13fbb
3ff3bf3e
bf563ff8
3fc1c5d8
3f163ee7
4027beb3
3f9dbf63
be6a3f8f
bf243feb
3f1fbdca
401d3fbf
be3f400b
3ff03eda
3f9ebf13
40033d3a
bf4fbea2
4021403f
3f54bcaa
40263de9
40103fa6
3f39402e
bea53e8a
bf533ec1
3fb93fcd
bd453dd4
bf0b3fcf
3c9fbd53
40264009
becbbee0
be304023
bdcb3f5e
402c3e9b
401f3e8c
3f5d4013
402b3fe5
402f403e
403b4031
3ff64006
3fbc3f66
bf0d3f06
403cbf7e
bf7c3fa5
be7d403e
bf504022
bf78bf14
3fa13c89
3fd53f51
4023bf41
3f1d3ff3
bc1d3f2b
3fb5be88
45d83ffe
3fc43fae
3fd93ffe
3eeebf3f
403f3fca
3f8e3f92
400f3fc6
3f873ea5
bdde3fac
402f4022
3fe7403b
3f583efd
3f34bf31
3f23beaf
3dce3f3a
bf7bbf23
3eb33fa0
3fe93f9a
3dac3fb7
bee1403b
3f22403a
bf4d4031
40203e82
3f644016
bf4ebf5e
3fa83eac
bf70bf37
bd524032
be95bf02
4024402e
402b3f11
3f203cc0
403c3e68
bef53f89
40373f64
3fc54016
3f77bf1c
3f464032
40004002
403c3fae
3f4dbea5
40024018
bf563f07
40103fa2
be6b401e
4039bf25
4019be7e
3f6d4014
3f1a4008
beb5c5d8
3e6e3f8b
40294020
beb5be8a
be9e3fc8
40293f0a
403c4006
be2d3f5e
bf30bcce
3fcdbea2
3f38bf2c
4006beb8
be804018
3efc3fbe
3f943f4a
be664032
bea04019
400bbeb1
3fbf3ecb
3fbb3ff8
3dd3bf37
3f483fd2
40113e3c
402b3f7b
bf4a3f3a
40283fc4
bf054040
3f593f92
3f8d3fab
bec73eac
40324020
be993f51
3f823ec8
3f8f3f41
400b4024
4028bda4
bdcdbe2c
bef6bf00
3f173f89
3f6fbec5
4029bf09
3e4ebe0c
40093f67
bf683f84
bf353e88
400ebf56
403d3e97
bf2b402e
45d8bf05
bf403ffc
3fa93f99
3fda3dd7
40043f6c
40234017
3e833e91
3f834016
bed03f50
4008bdec
be85400f
3ea23f53
3fa83fe6
bf294031
3de93f98
3f063fc0
bbb64004
3f603edb
400c4022
bf6a3fda
be453f7b
bee1403f
3dc1beb3
3fdd3e69
bf78bf25
4005bf34
3fa53f65
bf1fbe91
bea8be68
bedcbecb
bf454009
bf1b3fe6
bd84bda0
bea13fb4
3dff4019
3d3f402d
bd9c4030
3f953fad
3f6abe94
403b3fdc
3ff33f43
4015bf16
401c3fe1
40073eeb
bdecbe89
3e483efa
3eeb3f63
3ef0bf16
3fe93f25
3fdec5d8
3f5c3f47
bebcbea4
3eb33f56
3ebd3f8d
3f113fe0
3d1e3d0e
3f403f7b
3e444014
3fb93fa1
3f27bf02
bdbbbe33
3d9a3ecf
3f1dbe89
3e354038
402abf6d
3f903ffc
3f63bf34
3fa23fdf
3fd33f8f
40043f46
3f0e3f20
3f983e11
bed54027
be823fa3
3f8fbe6a
bf523f65
bf223fa8
bf7e3ebb
40023e2c
3e8a3fa9
bf633fbc
3f353fb3
3f45bd7d
bf1d3f8a
3fd2be6e
bf063fe0
bf804037
3f9bbed5
40393f78
3f943fda
bea23f38
3f003fee
bedebf6a
3f553e93
40223ffc
3ebd3fd5
3f3ebe03
45d8402c
402f3fbd
3f95be62
4000bf09
4003bea5
40153fa3
be593fe5
3fba403b
3fe43fe7
bf1c3fc7
3f6bbf2a
3ef2bf51
40363fab
402ebe32
40283f99
40134008
400e3f89
3f96bf6c
3f8c3fd5
bf483e84
3fb34030
bee33fff
3f92403f
3f323c81
3fce3fe8
3faa3ff7
bf1e3b0d
3e524026
3f493f61
3d55bec8
3e8a4001
3f503e5c
3ff04034
3f88bebe
403cbf4f
3eb13dd8
40094023
403a403d
bf0f4033
3fad3e80
400abf51
3ff83fd4
3fba4022
40184014
400245d8
400d3f87
bec93e8e
3f95bf60
3fc93f90
bf5f4014
3f763f7f
bf3d3f72
3fe53fba
3dc33ee1
3f9b403b
bee2be30
bf2e3fb8
3eab3f24
bee13fa5
3fb83fe1
4023400a
bf1b3f98
3e233ff0
403bbf78
3f8b401c
bf4d3f6f
3f5b4000
401f3f6b
40133fbe
401e3ffb
beb53e74
3f31bf6e
3f104036
be6d4012
3f323fda
bd8c3ede
3f4bbed3
4038401d
3fcf3f3e
402fbed7
400a3f60
bf054008
bdef403d
3ef14040
3f874036
3e743d31
4007beaa
beea3f12
40143d2d
3e984025
3f8d3dff
be49400c
c5d8bedc
401d3fa7
3fd83f85
401f3ffb
bf524003
3e0f4023
403e3ee6
40214010
403f3fde
40313f95
402fbf48
3fdd3ee9
3f773f1e
3ffb4009
3fa43f4c
bd85403b
3f2c3f95
3e2c3f99
3f923fbc
be0dbf59
4034bf4b
40293fb1
becebef1
be0a3dbf
3ff83fbb
40403f3d
3f55403f
402a4037
40313f40
3f354026
3ce2bf0a
3fe4be2f
3fca4036
403b3f4e
40163f4c
bf31bf68
3fab3fb6
bebf3f83
3f96bf2b
3faa403a
bf763e67
3fd83d0a
3f893da2
3fb03f1b
40223f72
3f5b3e88
3eb94026
3f833fa4
3ed03f9b
402845d8
3f63bf60
3fed3fbb
40133f5d
40393f91
40033e9c
402a401f
40363fec
3fe03ef9
3f99becf
3fa54003
3f323fb4
4016be88
3dd33f93
3fb63fbc
bede3fc3
bd91bf28
3ff2bf78
3f863f9f
3e8f3f0d
3ee93fca
40213f1c
40044022
3fd33f61
bf714030
40153fdc
3e783fce
beb63ff5
bd9bbf61
3e58be8c
bf71bf4b
3ff74015
3e964023
401a3f81
403c3fdd
4016bf46
bee7bf57
becb401d
3ef53e7d
4012401f
3fdf3fdc
4030bf63
be124022
3f514039
4001bebc
401d4012
3f994034
becd3ffa
c5d8bec5
401a3f40
3f2e403b
beb73fd4
3e82401a
3f2b3e79
bf4bbe96
403d3fec
3f45bec4
3fe33f5d
3ecb3ece
40323fef
be183ed6
3ee3be8f
3f0bbe84
3f5f3fef
4017bf38
40363dce
bf08be0e
3fc7bd9d
3fd2bf60
bf443ff7
3fa6bf57
40053fa0
3ebf3f24
be5d4035
3edebe48
40364022
40303ef7
3ec1403f
3b44bf56
3fc34001
3d58bec3
3fd6400d
3fea3fb4
bf76bf08
3cbe3e98
3de7bef5
3f714039
3fb33fd3
3f84bf3b
403d3fbf
bf703f91
3fed4025
4028beb4
be5a3f18
3cbf3e10
3fb03f87
3d533f18
be4d45d8
4037400c
3fc94034
3f133f9d
3fffbf75
3f2b400b
3fc2403e
3ff53ec7
3fa4bf23
3cb13f39
3f4a3f1b
3dfa4019
3fa73f99
bf4d3cd6
beeebf55
403fbf04
40073f23
3fb03ff5
3fe43ec0
3f574026
3effbf47
3fe33ec1
be994018
bf4a401a
3eb5bf0b
3f99bf69
3fc33f8e
3fec3ffa
40263ed8
40003f49
3f814035
3eb5bea1
3ea63ff0
3fa83fd7
bf373ff7
3f9cbeb4
3f973ff0
3fb43f84
400f3fb3
be313fbd
3e503f8a
400e3fa8
3f833fce
3fb53f88
3fd73ef6
3f7bbd92
3f91bf69
bf5dbed1
c5d83e91
bf063fcb
3fad4033
bf2a3fc0
40353ed2
3fff3fa8
3fb84018
3f953fc3
bdd94026
400abf31
3f9abe52
3ef43f85
40113fed
402ebf7e
bf22401c
3d633f9d
3f814029
402c3f8e
3fa23fb9
3efb3fac
3ffc3fbf
4031be0a
3faebe4c
3fdfbed0
40253ffb
3fde3fc0
40004025
40163ee8
403c4038
40103f1e
bf694022
bf66bf42
3fc23f9c
bf50401a
403d4007
40343e8c
3ebc4002
3d0d4016
401fbf04
bdd63f58
3ee0bf65
402abf40
401e401d
bea53fdb
402d3fbb
3fa0bf49
3f583e89
bf783f3c
3fc8401a
3fb945d8
4038bf0f
3feebf2d
3f7ebf70
3fbf403d
bf203fc3
3f153fe3
400fbf07
bcd53f09
4040bf63
40273f4e
bf6a3f55
4016bf7d
3f0e3fea
403a3fc4
bf08402e
3e0d4038
40373f70
be9f4007
4037401f
3f5d4034
3e824004
3fb74015
4007402f
3ea8400f
bded3f31
3eeb4021
bf504010
403a3f95
beb83f9c
3fa03fec
bf283fdd
40063f45
3ff44023
3d6c3ecd
bf3b3f45
3dce3fc0
3f66be31
4029402d
3ed3402e
3e81bf0f
403fbf7a
40324001
3f78bef3
40223f3f
bf6f3ef9
3fe1bf3c
bf393fec
c5d83fd0
3c603fbe
bf69bf13
3ea9bef2
bf434024
3fb6401e
bf3e3f07
3fa5403d
3cf2bf7f
4036402f
3e324008
401b3f01
bf443f8e
beac4012
40163ff4
40033dd8
3f7bbf7a
4034bf64
bf3c401e
3fb63fce
3db53f86
bf183f9f
3f9bbeb6
3ded3e9b
40273d94
401fbd45
3f233ebc
3e283f47
403bbe61
bf66400a
bc19401c
3dbbbef2
400a3ef8
3ff03fb3
bf13400c
4024402b
3fa63f80
3fdb3f9f
3fd43f2f
3ec14001
be63bf7b
be4d4023
3fe14024
3fd03f7e
40133ffa
401a3f21
3e623efb
3fc83f0f
3f693ee6
3fa345d8
40103fec
beaa3ff4
be643f51
40233f04
bf2d403f
bf113fb8
bf454034
3f2f3f45
3eda3eff
bf1dbf3a
bedb4014
40063fce
bed03f6f
4025bf17
400c3fe6
3fba3fdc
be0f4000
3f863f21
bf74403b
3fea4033
3f5b3e85
bf4f3f0c
4020402d
3f513fda
3fc3bd77
3f9abf3b
3fbdbe1f
3fc63e07
3f98be9b
4011be12
3feabf78
3fae4035
3f173d49
40403f8e
bf353edc
3fb4402f
bdfd3f22
3f4fbec3
403f4037
3facbe24
3fffbf42
3fbe4018
bf254028
bf343f98
401d400a
3e313ff3
3e603f93
c5d84010
3fe8becf
bbac3f81
401f3f5d
bf1c3f87
bee34032
bdda401a
3f343f00
bf513f51
4001bf41
3fcb3ff2
40353f3d
401e4017
bf5bbeda
3f8d4035
3ed3be96
4011bf5a
3d813f72
3feb4027
40044013
bf453f28
bf0d3fb5
3e73bc0d
bf664017
3ecc3f89
4015bf43
40053f1b
400e4033
bdcbbf24
3fb7bf3c
3d0a3f90
bf103fe9
3fdfbe35
3fb43f92
bec9bf18
3c8c4023
3e793fd2
400a3f39
402fbf79
40143f9b
bc2b4009
4006be85
4030bf59
40094012
3f22400a
bf69be71
4014401d
bf354032
3f534018
3fe545d8
3fa53ffd
40043fc9
4028bf3b
3f8abf58
3f163f01
bf513eb3
3fdc3fc2
bdfc3f88
3ed83ed6
3fc93fae
40143efd
3fa84036
4027402a
3fa23f55
bf4ebd0e
3f814025
40194004
3fea3f6d
3edebdc3
40124014
bf46403c
3ffc3f44
3fe94036
bcbabe55
40213fb0
3f91bea3
3fb53eb1
be733f6a
be6c3fb8
3f673f83
3f863b00
40183fdb
bd62bf78
401b3fbb
402a3c01
403e3fdf
3f95403d
40003f3b
3fa64017
400a3f45
bf7b3faf
40184026
45d8400d
3fbb4023
3f7f3e52
3fe93d9b
3f2b4036
40203fb2
bf70be4b
bea9402a
402f4006
4016402c
3fb33ff3
401b401b
bf2dbf33
3fc43ee8
be413f12
40293fa0
3fc44024
3fb53f16
bedb3e70
3c573e21
400e3f31
40254009
bf343fea
bf054011
402ebec8
be1c4016
3f81bf3d
3fa6400c
bf0e3f08
3fd63fb2
3ecf3fc2
3eee3ff6
3f02bf33
3fabbf62
3f8b3eb0
3ef03fa1
3f93400c
40174033
3fb8beb5
3fc74024
be87bf74
be463e95
bf034019
bf124001
bf3cbf45
4015402c
403c3f5e
3f7cbf31
3fcbbeb7
4016c5d8
3f3b3fc3
3f0c3fe6
bebf3f6f
403b3f6e
3fdc4028
3d0a3ea9
bd60bf61
40204009
401b3fee
40373f57
bf593f1b
bde0402b
4026bf64
40063ea5
3ff63d22
400d4037
3ff3bd28
3fce3f1a
bf0f4019
3f6cbf5a
3fa6beab
3f17403e
40253f8d
3fd03fde
3e8c4025
4029bf3b
bec23f85
bf2b4037
4040402a
3df74003
4033402c
40293efe
3d824019
3f23bf5a
40383fcc
3f9a3f0a
3f4f3fa9
3faf3ffe
be8a3fc9
3f963f87
3f433f8b
3fad3f9e
3f45bd0a
bf79bef4
401a4037
401dbead
3f5a3e92
45d83fa3
40063f31
3eb0403a
3ffabf10
400abef5
bf67beb6
3fe5403b
401e4031
bec13f08
3f703f2b
3ed53fb4
3fa33eca
3f61bdf6
3f94be50
3ec53f3b
bf0f3fef
40404010
3f993e99
402dbe56
40083ef5
4005be86
3fd24014
3fd34039
3ffcbf3d
bf80bf66
be984024
3e893fa1
3ff13fc6
40223f9d
bedabddf
beb0be47
bdf23fa3
3f98bd31
400b4020
40224019
bf443fa8
bf50befe
3f033fdc
40143efa
3fb83e28
3efd3fa8
3e813f66
be843fde
3fa03fca
3fda3ea1
3f42bf0a
3fd34037
bf11bf40
3faebeb7
bcd6c5d8
bded4015
3e583ed5
3f624005
401bbf2e
401b3eaf
3f7b4005
3e78be70
40163fcc
401fbedc
bf153f7c
40043ef4
402e3fad
3f8cbc4a
3ffd3ea0
4032be14
3fb4402c
3f504033
3fa6403a
4007bb04
bdd43f88
3f2c4021
bf0a4017
3f8c3eef
40313fc6
bf183ee8
40084017
4035be02
40093e18
3fe73fbf
3fd5be31
3fda3f6c
3e464026
3fb43f53
3f6e4021
40393f72
3f3b4010
3fcc3ffe
40393f9b
bf3f400a
3dd53f0a
3fc64017
400fbf51
400a4013
be483ffb
3fdc3f48
3e424005
3edd3f05
45d8402f
40094001
bf583fee
3ecb3f5c
3ff63fd5
400e3f85
3fba401d
3f3ebf5b
402e4007
403d3f99
3fd14011
3e9e3fe4
3eb3bf13
bf803ffa
3e974036
402a401b
3fe73fe4
3fbebe7c
3f354017
4035beb0
3e10401a
3f97bf18
3f8f3fdf
3f2f400c
3fffbf23
400d3fcd
401b3fcf
4016402c
4010be6a
3fb2401b
3f29bf5a
3fe2be84
3fe93f35
3ff73fea
40163f1a
402cbec2
bf2e3f8c
3fc8402d
bf3f3ee7
3fd54025
403fbeb6
bd20bf43
3f873f5b
3ffb3fa0
bf683fa1
400f3fdb
3e17bd38
3f85bf17
3ff23ffd
4000c5d8
40073f77
3f16402e
3dd33fc8
3ec0402f
bf243faf
40214006
40003ff3
3fe63e4b
bf50401e
bf58bed4
bf703f91
beab3eb7
4005402e
40073f18
be703fcc
3ff83f87
3fa13ffd
3fa6bf74
40183fdd
402b3fd9
3fc33e29
3f013ff8
4014bf26
3f294000
bf053fac
3ff9be7f
bdfe3df9
3f593f82
3f1cbe38
4029401d
3ee64017
402a401e
3f24bd48
3eae3ed1
3f813dce
3f233fd9
3de83d2f
40034001
bc073fb4
40373fe5
3fce3fce
3fe53f74
3eeabf18
bf16402a
3d91be4a
3fc5befb
bde6bf7c
45d83f7c
3f08bef7
3fae4032
401e3fc8
3edbbf5d
3f46bf16
3fd73f43
bf07bee7
3fa4bf50
beda3ffb
3f26bf3c
402b4039
3fce4017
3f384016
40393f07
3f20be7f
3ef64001
3ed3be38
4028403b
3dbfbf1c
3e353e3c
402cbf45
3fec3e4c
bd6e3efb
3f18400d
40223f91
3f8abf13
40094018
3f4f3f9d
3fdc3e85
bf10bf04
3fc8be85
4006be1d
be5a3f0e
3e054005
3fc93ed2
3ebebe63
3f654026
3fe34022
3fc7bf11
40383ff4
403e3f7c
40103f20
3ff53fa7
403e3fec
3feb3fff
3fbd401b
40383f4b
bcbbbea9
4038c5d8
40294006
3f2e3f7c
401a403c
bf28be2c
403c4021
3ff7401d
bdaf4025
bf323ef6
3f27bea6
be47be89
bf1dbf1d
3f47bf4c
3fbe3f23
3e953f76
40063e71
3f2d4003
3fec3eca
bca53efc
40113f42
be4e3f03
3f87400f
3dfa3fe7
3cdc3fa7
beb6bf5a
3f6c4003
beba4014
401b3f69
3ff4bf36
3fd63f0e
3e7e3f12
bf0e3f97
3fda3f6d
4023be5e
3d0d401e
3e883fd5
3f7e4010
3fc84029
3eafbe6c
3f0abf64
3f733fbe
3dd33f5c
3fb0bf4a
3e9e4018
3f093f09
3fe8bdfc
3fb54037
3daebf20
45d83f85
3e704032
4005bf7f
4022beb0
3e93be97
3f933fa4
400abe93
40143fdc
40263ffa
bf744008
3efc3ea2
3f903fac
bef6400c
3e88beed
bda03da0
3fd23f88
3fe74012
3fe34012
40393fcd
bf323ff8
402c3fbc
bd8f3fe3
be6cbe09
3f0b3ff9
3fe1bebd
400c4034
40024029
3fdb3e87
400e4036
3dc93f48
403a4034
bf083e67
3f403d36
3f41403c
4018bed5
40054009
3d9abd1e
3fba3f69
bd464011
3f813fc4
be6dbe83
401e3fe7
4012402d
bf03be7d
3ffb4035
4032400d
be744002
3f6a3e70
3feb3fb2
4003c5d8
bf053d9b
3fc83ffe
3fc3401d
3fae401a
bf5cbf14
401e3fcf
3fcf3f49
3f94bf33
3fb43f40
3ff54033
bf4ebf56
3fa73f27
bf46bea5
bf5e3f83
3fd54000
3ec73ff3
3f40bf16
be30bf02
bf723fd2
3f8e4037
40024001
40203fed
40093f84
3f64bf7d
3f154019
402fbf52
3ffe3f45
3f533f9c
3fb13f9b
bc8f4027
bea34027
3fcc3ffe
bf36bf09
3fc2bf5d
3ec24027
3fda401e
3fe43f86
403c4018
bf354039
3fa5bf57
be784017
3f9e4009
c5d83f25
40023f6a
3f443f5b
3f403f92
3f97bf27
400d3eee
3f6f3f85
3e674026
3ee5402f
3f1c4000
bf27bf02
3ecd403c
3f95be3b
3f893f63
be2abf7b
3eff3f02
400ebf61
403fbdbd
3ebc3fe3
3e643eb6
bf133f88
bf6b4038
40093fba
401e3eef
be86bf09
3e19beb2
401c3f67
40023f4a
403b4002
bd87403a
bc9bbf62
bf313fff
be7a3d7f
3fafbcd4
3dbe403f
403a3ea3
403dbf08
3fd33f39
40013fe9
3f153fe4
3ff8bebf
3ef1403a
40153fec
3da73f26
3f303f86
4039bea0
bef0401d
3dc2be3e
bf363e9c
3f8e45d8
40393fff
40153fa9
bf3b4011
3f614035
becdbef9
3fa93f75
40123f30
be04befd
40203ed6
3ea3bf0b
3fb63ed4
3f873d01
3f06bf63
bf1e3f95
3d603e19
3f5bbd3d
be8a4010
3f493f9c
3e383df4
3f1e3fd8
bdb4bd85
3fa83edb
3eca4038
3ec93fbe
3f574029
3e2f3e83
402ebf1b
3f594015
3e92be41
3ed93ff9
403fbd33
3f0d403c
3f254018
3fc73f45
3f7dbe40
40163fc7
bc8a401e
40113fa8
be8ebf47
3fdb4014
3eedbf5f
beb1bbf6
3ed0bf67
3f33bf0b
40313fdc
40193fc2
40003fbe
c5d83ff4
bef1bf02
bef14004
400b3ffb
bf1f3dc0
3ffb3f6b
bf78bf44
3f833ee5
402ebf63
3fdf3f8f
4006bf16
bf4a400c
3fe83f4d
40133fac
be9abe09
3e913f46
3f973f05
4025bea7
bf064016
3fa83f22
3ef73e46
bf083fd2
3f283f8c
3f923fa5
3f044039
3fe63f7d
3e9e3fa6
3e7ebe96
3fb4402c
bf05402d
3ff1bf4a
3f7b3ff5
402a403e
3e6f400b
3f9a402d
3fa53fd1
40383f14
3f153f4a
40173df9
3fe0beba
40153e22
3fb03fec
3e863ffd
be5f4016
40164027
3fd6bef9
400dbf0b
3e6e400e
3fcbbf66
401945d8
3f2abebc
bf123d9b
3ff74024
3f87402e
bef9be32
be543fbd
bf4a3f7b
4017bf25
3fbb403a
401e400d
3eba400a
3f24bf54
3f3dbf24
3ff83f64
40374030
3f5abe0c
bebe4039
bee83fbe
40323e45
3ebd3fbb
bf5cbf31
3fdd400e
3e403faa
40033fc2
401b3f4b
bf13bf2d
3fe13f9b
3f45bd99
3f583f9a
3ffe3fed
3f5ebf6b
401ebe95
3e613f27
3ef53f86
bf39bdb1
40173f99
3f003f3d
403d3fe8
3ff84018
40373fba
4030bf5b
3faabc44
3fbc3d88
bef44011
40083fad
be804001
3fc8bf52
c5d83fc0
3fe04010
40153f80
40133fb7
3ff83fab
3fd44011
403e401c
bf034036
3fb8bf44
bee73efb
bf114035
bc694013
40353fc0
3ff1bf4c
3f363fc7
3f153fdf
bf1bbded
3f96bf35
3fa0bec0
3f873e14
401d4030
bf003f21
3f503f0f
40093f8a
4039beef
bf313f82
3eea3fe3
4011402d
bef73fe3
bf334038
be523fb3
3eac3f1f
3f88bf2f
be554011
bdaf3f40
3e4b3e22
be103f88
be8f3d60
3e0ebe5a
3fbebf24
3f774033
be053e15
3ff74027
3eca3fcb
3f823f93
40133f7b
3e12401d
3f57bf43
403e3fab
bf3345d8
40063efc
400c3f15
402b3f94
3ff54008
3f77be8d
3ff3402e
3f653ebf
3f5e3ee6
40264019
4030bf48
3d624022
bed5402f
40403f71
bf3b3f81
40023be0
bf014019
402c4023
40083e12
3f44bdd3
bf64bf53
403cbeaa
3eb94028
3fe03fab
40203d63
402a3e0b
3f753fc2
3e6f3fbf
3fa83e04
3fc83fb9
3fa74030
40043ffe
bf3bbd9b
3c913f67
3dd43f89
3f7b4013
402d3ed2
bf2dbe9d
3f07bf2e
3eeabcf5
401c3fbd
3fd0403b
400e401e
3fd84036
3fefbf54
3dbc4020
bf7a3fbe
40073f17
c5d84025
bf283fe1
403fbe3b
3e9dbe52
bef54023
3fb1bf55
bedabf58
bf5f3f8b
3f934015
3fbcbf61
bee03f6e
3eedbf7e
402e401f
3ffe4021
4029400e
40213f69
403e3eaa
bea63e55
3f483fb0
bf583fc5
3eda401a
402f3fa4
3e0e3e33
40233fb6
3e86bf14
3e23bf65
3fddbf44
403a4029
bf6f3e27
bf28bf80
3f2dbf7f
3f9a3dfb
3f7b3fa9
3f3e401f
3ff3400c
3f1f4017
402cbf50
be6c3fd2
3ffa4005
beb6403f
beca3f83
400c3ce1
401f3fab
bdf1bf22
3f553fae
400d4034
3f1b4033
3ff3402c
bf223e7f
3ea045d8
3fb83fe9
bf213ed6
beed3f84
4002bf01
3fd53f19
3f323f74
beaa400c
3fc53e9b
3f3d4036
3f543f04
be963fcc
3fe53f1e
400a4032
3f023f64
3f8f3fc9
bf103f76
402dbf20
401c3e97
3f863ff0
3faa3f31
3e46be9f
40154038
3ffc3f92
bda8400d
bec43f36
40293cd8
3fec3ddb
3fb63e9a
3f934040
3df4401e
3ff04028
3ff24032
3e8b3d94
3f373feb
402bbf3d
becf4030
be484021
be863d7b
3e964009
3fadbda4
3f8abd75
be553fe5
3ebf4035
402d3f01
3f273ff4
3ea63feb
3eed3e99
c5d83f69
40263f36
3efb4006
3f6e4010
bf37bf37
3f614020
3fbcbf7d
401e403c
3fad3fb8
3fd5bef5
bef6beec
3ebcbebb
3f83bf74
3fd03fc9
402f3e21
3df63ea6
3f744023
3f344015
3f4d3e49
3f573fd4
bd963f67
40263ffb
3fba403a
3ea93ff4
400e3f4a
3f95403e
be844020
3f2e402e
3fb9bf7d
3fae3f02
3faabcce
3f754039
3fe64023
3e963e37
3f944031
4020bf7a
3f2bbe7b
3f293ff5
3fb43ee3
3f063faa
3f8dbf6a
bf1a4022
be434032
3faebedc
bf263dbb
bec2be26
3feb4006
bf48403e
3f904006
3fc345d8
3f564009
40213f90
4016beb3
40383f3d
3f973e35
40023f76
bec3401a
3fd24011
3f403fbf
be8f4005
403b3c8c
3fcf3ec1
3f3c3f7b
40253e20
be333f9a
40153f66
bf1b4036
40154035
3fc03fbd
bedf3f66
3fdc3f81
40323ede
401a3f99
bcfc3e8a
bda33ff3
bef9be5a
402a4011
4022402d
3f5c3f38
bef84018
bf204029
bf673f74
3f3e3dc6
3f7f3ce4
3f9f3ee4
4025400e
beab3f8f
3f823f84
3fbe3e48
3fa43f87
40244022
403b3fc2
3fb2402e
3efd3fce
40113f06
3f99401c
40223ff6
c5d8bf69
4011bf75
40153f44
3f7f3f4c
bf4b3ff5
4009bec6
3ff54026
bf174029
bdcb4037
bed04009
bf34bf79
3fbebe9d
3f85bf5a
403c400a
3f663fc1
bf094033
3f973f65
be254033
3ff4403c
3eb73f9a
bf10be01
bebfbd8e
40203fce
3f9f3ffb
3f543ff5
40203f54
bf4a3f6c
40054030
3f8abd50
3f733fd5
40233f6d
3feb4022
3fbb3f99
3f764025
beaa3f11
40293f6f
3f373dc7
bf373fa2
3e5a401d
3d1d402e
bf7b4006
3eb8be42
4018bf1d
3fa84028
4031c5d8
4021401d
3ff73f01
40053f1b
3fce3fe2
3fc33fcc
3f833fb0
4022bf59
400c3f7c
3dbdbe9a
403f400f
bf163ff7
bdbc4017
400e3fd7
400bbf39
bf474024
bf3e3f0e
4010402c
3fde4033
403d3eec
4008bf4e
3fe93fe5
3e57bf04
3fbb3fff
3f193fb6
3ed5bf26
3fe93f2a
3f944017
3f7d3f8a
3f443e23
400d4016
3fe14027
3f88bf21
3fed3fcf
3f953f85
bee33fbf
bf5d3fa3
beae4006
400e4031
3f8fbf48
3f874024
3eb0400a
40263d37
3ea5be88
3f514011
3fcc3fa2
bf2e3d70
403b3fec
45d8bedf
3e9a3d2f
be3f4038
3fd34019
3fb5402e
400f4001
bee33fab
3f753fc1
3f013f8c
3f5fbf6b
403a4033
402b403b
be5f4034
40363e12
bec9becf
3f84bf47
be8abd7f
bd624007
3fa23db8
bf5b3f78
3ec74012
bed2400e
3f89402f
3eb43fb2
400e3f9d
3f394026
40183fe4
3f8c3f56
40304007
402d3f85
3fb04020
bcbd3fdd
3f8d400a
3f2e3f34
3f6b3e9f
401b3edf
bf3ebefd
3ebebdba
3fb23fb4
bf0d3f9c
bea04003
bf0cbeb7
3f65bf08
3f0cbea0
3f8b3d1a
3fe0403c
40123feb
beb43f8d
bef94008
bf4dc5d8
40374012
3f72401b
403d3fae
3fe53f6d
3fab403a
400dbf38
bf49403a
40233faf
3f67be23
3fff4031
3f4e3ed5
40173ec0
402d3e2a
3e313f0c
3f123fee
3ee94002
bd97401c
beb6bf64
3fb83f9c
3ec74037
3d183fc6
3fbdbf37
3f4c3f9b
3e8bbf13
40193f4b
402b3fc1
3f89befc
3f633fd5
3fe23f86
40194040
403f3f75
3f513f21
40233f5d
3fbabc83
3e94403d
4025bf66
401f3fd2
40323ffb
bf1d400b
3e8b3f51
3fe13f87
3f964022
40333fa2
401f3e97
3fa1beec
40373cc4
40313eec
45d83eb6
40283f26
3ca93ff3
402f3fb8
3f0d4023
bf57bf3d
bf2e3c92
bf783d7f
3fb73f2e
3f9e400c
3f02be52
bf24bea7
3e813f4b
4023bf59
3faa3ef9
400ebf0a
3fd73fe4
3f2f3ee2
3f994020
3f833fa8
3e9a3f8c
3f8e3fde
3fb5beae
bead3fc7
bf6e3ee9
3fe1400e
bf2dbed2
3f57be06
bf1a3f25
403abe81
bf19bf3a
beaa4017
3fd33fe9
be973f58
3f3d402d
402d4028
3ed63e9e
3f243fb2
3f703fea
3df43d4d
3fc24009
40274040
bec54024
bf49be90
3fed401e
3f98be33
3bd14008
3f9f3e17
401e3f40
3e87c5d8
3ff24009
3ff33f82
3fa9bc36
3f13beac
be904003
3ffd3f30
401b3ec9
3fc23e68
3ff03f5b
3f953fca
bf523f7a
bf003fe7
3f89403e
3a233fef
3fbcbf10
402bbede
40153f42
3fa4bf4e
3e613f24
be62403e
402f402b
3f263f84
bf4d3fdb
bf273ff4
3d94bd3d
3f464036
bdc2bf39
be7f4019
3f763faf
400e3fc4
3dd4be61
3f12bf15
4022bf2a
3fa63fed
bee5401c
3ff73f27
3fd03f22
400d3f8f
4028beb6
401c3d8c
3f18402b
3f3c3faf
be6c401a
bdd33edd
40253ed3
401e3f77
bf784018
45d83f40
40353fea
bf7d3fbe
bf203f37
3ec4402a
40153fa3
3f093f9e
bd923f1f
3e853fd6
3f914032
3f1c4033
402d3f6b
4005bf4a
40283ef5
4004bf1d
3fc2bf19
be86bf0c
40144005
3e7f3f9d
40103f9c
3fda3fd3
3fa7bf61
3e5fbea0
bf2f3ff7
4008400c
bf63400e
402d3fe6
402fbf05
402c3f17
400f400b
3eb3bf09
4026401a
3fef3fbc
402fbe36
40403fd2
bd304016
bcbd3fcd
be2b3f3d
40373fd2
3eba3d61
3fa33fb6
3eaa3f3a
3f853f1d
3f383fad
3f13be4b
be0a3f9e
402f3d10
3f333fd5
4021bf49
3d8bc5d8
403d3dc9
bf4d402b
3f853f89
be8e3faf
3fda4011
be763f33
be2a4024
3f2c3f5a
bf4d4024
3fb93fae
400a3f89
3f5c3fe8
bf064016
bf5c4002
40174030
40043f5c
3f783f07
3e9dbf58
3f9ebf35
3fd6bf30
3fd1bf44
3fcd3f74
3f14bf77
be54bf29
bf563e0d
401fbf27
3ea43faf
3f9f4013
3d963f30
3feb3f8b
40343e9e
3eb03e62
3f263fe0
3fff4037
3fa64019
4031bf4c
3f953f4d
3f9abf0f
3f89be36
3fd94020
3ef3403c
3fe63f39
40273fc1
3fa84027
3f263fb8
40243fc9
3f703ba0
45d8bf14
bf024031
40133ddc
3feb4021
401bbf3e
bf4d3e54
3f913e36
bed9bf75
40334004
40373ecd
4031403a
bd20be35
3fb03ee1
bf523fd7
bddf4026
4004bf47
3fadbf43
400c3dde
3e0d3f81
402dbed8
3f854013
3f534036
40193f5a
bf0c3f17
4006401a
401b3f1c
bf543f14
3daf3fd0
403e4012
4004be0c
3d8cbed5
4036bf05
402c4024
bf1d3fa6
3fb7bf72
bf253fd9
be81bf79
bf133ebc
3f82bf5c
bf343f3e
bf70401e
bf173dfd
3fd0403c
befbbef3
bf02befc
40343d86
3ea13f89
403e3f82
40223fd5
400ac5d8
403d4021
bf2c402f
4023bf0e
bec3bf38
be5b3f2f
be603fae
40234008
bf223f66
3e0a3ff2
3f8e3f9f
bf413f40
3fc54040
4010be95
3f074030
40174007
3fd6400f
3e55bf07
be9a402f
3f903fa5
40304009
bf21bef6
3fa63fcf
bf2e3e70
be003feb
3ec8bf6a
3e023fef
3f8e3fc2
3fdf402c
40373f9c
3f82be4d
3fdc3efe
bf1fbe5f
bf373ff3
bf323f94
3fe13eb7
403e3fb5
bbf8beb7
be174023
bf143eb8
40333fdf
4033bf14
3fffbf4b
3f2a3f92
3fdd3f94
bf7c402f
3ca8bf78
3f974015
45d8bd8f
40064035
3c293e3f
3fc14003
3fd2be13
be9e403e
3bae3fa6
3f143f3c
3f783f19
3f34be15
40343f49
bf36402e
3c0d3f8a
3f9b3f84
3fcbbf48
3fad3d0f
bcaa4022
3e08bf23
4010bdf6
bf1abf7e
beef3fa7
3f753ff4
3ea9401d
3fb13eca
40064027
3fd9bf2f
40273f0c
40073fae
3f673f84
becbbe46
3fa3bf4e
3f3e3fce
3fc63e9b
3f5e4005
3f7f4028
bf44402f
400c3ee8
3fee4030
3f333fb9
3f1e400b
be9e3fa9
3f9dbf4e
40073ff8
3f623fbe
40214034
3e783fc8
be7c4031
3fa7be70
3fcd403d
4032c5d8
3fdd3f98
401f403c
3f243ff0
401c3fde
bf664004
3f253f89
40173f5f
3fb84031
beb43fab
3f76bf3b
3dd7bf03
3f103f52
3e87bdbc
3ff34017
bf30bf6d
40104016
3f5f3f3e
3f70bf3a
bf333fbb
bda34036
40303fc7
4020beef
bda1401e
be2e3f64
402e3ff2
bf523fa0
3e203d66
401ebe2c
bf47bee3
3ffa4024
401f3fd6
bf29400b
3eba3f36
3f4fbd99
3fcfbf43
be3c3edd
3fcc3f20
3fef3fe0
3edc3f95
3fef3fcb
3ec9401a
bec83ea1
c5d8bf1d
bdb4bd74
40214020
403bbee0
3fc33f97
400f3fce
3e0dbf4f
bf774004
bde63f93
40353fc4
3f483f82
40193fa6
401d3de3
400c401e
bf7dbf33
40013ff7
3f27bea8
3ead3f65
bd5b3bb3
3fb2401a
40373ffc
400c3fb2
3fadbf6d
bf433fc0
402d403b
bc163f2d
3f9ebf05
3ee4400e
3ff8401a
3f103e51
3fc8bf5b
3f184028
3d983f22
400c400a
3fef3ffa
3f963f86
40143f60
4028400d
3f24403f
3fe63f51
be8e4029
3f7f403b
3f223d02
40113fe3
bf773eb6
bf623e84
be283fe4
bf433e8e
bf573e7d
3fb945d8
be7f3f25
3f0c3fd1
3fea3fec
3fdebf79
bf5c3e1f
3fa5401f
3f9cbcb6
3f87bf11
400b3e91
3fe0bf36
3f04401d
bf353ff8
beeb3fd7
3f84402c
bd964037
3f133fc6
3fa13d50
3f8c401c
be91bf35
bf62402c
bf5c3fb8
3e893f97
3ff93f90
3fc14012
3bc93fd6
bf2f400f
3fbb401b
bf373f6e
bd33bf44
3f034005
bf5c3fc5
3fdb3d1f
4011400d
40194027
4021bf42
be9e4030
3ea03f5f
3ff4be7d
40263ff9
3f91400b
3fb53f5e
be563f1f
400bbcb4
3f163f8d
40203d71
3f6e3fd1
403c3f21
c5d84019
3f234035
401b3fc8
bd883f67
3ff03fdd
402bbf6a
3e8abec3
3fcbbce9
3e193fb2
3f8c403e
403ebf1c
40213ec3
3faf4017
3bfc3f56
beaf401c
3f873ff5
40164009
3e3e3eaf
3f294028
bf154030
bec73f64
3f74bf51
bf183f9e
3fee401b
401b3fc5
40313f9b
bf04bf09
402c403d
3f66bd53
3ffd3ec1
40153f99
401bbf54
bf493dfb
be7b3ee2
40293fd4
3ec5be32
4015be31
3f5ebf57
bf7d4016
3fb43ff8
40243f47
3d7c3e5a
3f4cbf48
be17beac
bf09bf4c
3f0c3fb9
3d72bf0a
bdec403b
402e3f90
401745d8
3fad3fa6
3ff14017
bf393f51
3fe04024
400c3fad
403a3fa0
3ff63f8b
400f3f3d
bf2ebf32
bc62bf33
3eb7bf5e
403a403f
3ca34006
3fcebf4c
3f854009
bef93f3f
3ef4be67
3f6f4013
3fe0bf56
3f82bf78
40393f6c
3f853ff4
beb4bf2f
401ebe90
bf513f6d
4008be49
3ff94008
bf053fa5
3ff2bf73
3f8b3fd4
bf78bf1b
bee53fe9
3f10bf19
be12403c
40393f9b
be7f4012
be4fbf15
be8c3fee
403f3ff3
3ed6bf76
4017bebc
4028bc57
3fcbbeaa
3b97bf73
3fc64012
40263e93
3f513faf
c5d83ffd
3f0b4005
402f402f
3fb03d3e
bf303fa5
403a3fe2
3fb8bf5a
4037bed1
40003f7c
4038bef7
3fe84023
40073f88
401c3ff8
401abe15
3eeb3fb4
3ff63fef
3e9bbf0e
3fa83f82
bf563f45
3e233eba
3ed1be3b
bf4c3f7b
3fcbbdad
402ebf32
40173f85
402dbf01
3faf3e74
3ff44037
4006bf45
3e5d3f8b
bf153fc2
bf243f51
3f7d4011
3b9a4028
3fba3fa5
4032bf29
3fdf3f5a
3e3a4033
be9dbf1c
403f3fa1
3fe4403d
beb84023
bf05bef2
3ee8bf62
bf533fd4
40063f1a
3ef54029
3f7e3f8f
bf073fbc
401245d8
bea5402e
40083e9f
3fd13ebd
3f0c3fc2
40183e07
3f2d3f87
403d3eeb
3f443f4d
402d3f71
3f564027
3f8b3e2f
3fd23fca
40174026
3f5c3fa6
3f0cbecd
3fee3fa1
4015be9b
3fab3fdf
beb2402b
bf1a3fff
3f5c4016
3fa03f15
400d3fb5
bf404014
3fb83fe9
40243fff
3f1b3fe1
bea63f21
3e4f3ff3
bf5c3fb9
bf2dbe9c
3e583f05
bf0c3f85
be993fdf
3ef2beab
3f973fab
40213fa6
402c3f95
3f78bc9d
3fa2bef5
3eec3f5d
402f3ef2
bf3e3fb3
bf0ebf31
bf1abf56
3ff93f43
3e123f7f
c5d83f95
3f303dcd
bf333ea1
3f9c3f88
bd344038
beaebec1
3f853eba
3fc4bf20
3fcf3f68
bf6d403a
3fa13f89
3f7dbed4
4010bee3
3f16bd16
bf1d3fcb
3ff4bebf
402dbf5b
3f3c4027
bea53f2c
3ff2401e
403b400f
be284034
bf513f9f
3f58401d
403bbf21
401d401a
402b3f22
401ebf09
40283fe1
3f82be9f
bdeabe9f
3bf8be0b
401d3f13
400cbdaf
bf263f9f
3f8a3ffa
3fb93fc4
bf22bf52
40183fef
3ff9403b
bf42bf52
40064038
befe3fe8
beb83fb4
3f8a3eb1
40173e9d
bf243fa8
4039bedb
bf663f07
401445d8
3f45400d
3fe4bf58
3fd6401d
bf68401e
403dbf28
3f9d4015
40213e98
3ff43ec2
3fe33e3d
40114009
4019bf33
3fd74030
3fd03e83
bef83de7
be8f3ff4
bef9403e
befe3fbc
40183fd3
400d400e
3f813fa4
401dbe7f
3f18401e
3e883ee5
bf01bf18
3fca3fa5
3f593ffa
3eae3fdf
3f10bf4a
3f77be0c
beddbf3c
3f384022
40373fc4
3d3a4000
4033bf41
4005401d
3eea4034
be074030
3fc63fdc
bce03ebf
3ff23fc0
3fa73f71
be304036
3f30402b
403c4019
bf323e8a
3ffd4007
3f1f3f59
c5d83fc8
3faabf4f
400c4012
3f974005
bea1403e
3dee3fbc
3fdd3d91
3ec9bf59
40203f2b
be1b3f73
40153fa0
3f5f402c
400a4037
beefbe98
3f434019
3ff6bf0c
3cccbf12
3f923fba
3f3c3fed
40223dcb
40073ea6
3fcd3fc2
befd3f9f
3fc83e3f
3fb83e41
3f703f35
40293fb5
400d3f63
402bbf4b
3f04bf22
40063fb3
3fdf3ff9
3ff1402c
3f693ff3
be8cbdf5
40173fba
402b4036
bd873fad
3f8cbf75
3f85402d
bea54017
4033be53
3faf3f35
bf62be31
3ef8401c
40314012
bdce3f30
401e3f66
40133fee
bda745d8
beabbda2
bf383ebb
bf1c3fe4
3fa53eec
3f1e3f36
bf0b3fb8
bf033fd4
3fe63fe4
3ee4be87
3f804024
bf2b3fda
40263e7a
3f6d3f37
3fd13f4f
40274036
40233fb9
40253f27
be853fa7
40093fad
bf6f4030
40253fad
3f5a4008
3f39400e
3f213fb1
3f2c4007
bf0bbdae
bf22bf00
3fee3f66
3e14400e
400dbe8f
3f593fb4
402a4023
3f3e3f72
be86401f
bf37401c
bf7c3f77
403ebf77
401c3e83
3f1e3f72
3fb2bec6
3ea03f7b
40114021
45d8beac
3e873e9d
bf01402c
3e533f8c
3f4f3f91
3f04400a
bf233f4b
3f663dfb
3f983e03
3e823f96
40393e8d
3f5a3e68
3fa1401b
3fa44010
3f8a3fab
3f29402c
bebabf32
bf463f54
bd93bf45
401abf54
bd45befb
3f053f46
3f524018
40183f32
bdfc3fbf
40273f94
bf3a3f77
40043e7c
4011402e
be9bbe8e
3fed3f88
3fff4023
3df33fc1
bdb83f96
3e89403d
3f9d4016
3e8abf55
3f803f93
4028402d
3ea44020
3f30bf7e
3f564023
3f5f3fe5
3fa4bf60
3dcb3f62
3f404023
bf73bcc0
be4c3ff2
bd923f45
3fd7c5d8
bedbbe94
3d944009
4010bf64
3f8e4011
3fe1403b
3f7ebeab
401d4028
3e5d3fe0
40023ef7
3fb7bf39
3f6b3ed1
4032402e
bf693fd3
bf243f8a
3f763fa6
3f6dbefd
40183f90
3f5abf77
3f083fc4
3e923fb7
3eb23fd9
3d1e3f7b
bede3ea2
3f824000
3eec4028
3f10be9b
bf37beff
bf5ebf72
bedd3fa1
40153f03
3fcc3fff
403dbcba
3eb33e2b
3f45bf63
3ea64039
4009bf12
3f403f9d
402e4038
be9cbe5a
3fb13ffa
3f2b3fce
bf093fc0
bea84039
bf233f57
401d3fa0
bd8cbf39
3fd03fc9
45d83f18
3ff14030
3f624029
be564022
401c4014
bf104007
3e733f96
40234008
3fd44031
3fbebf3b
3f113f99
bf713fe1
402e3d62
4017bf06
400abeb1
beaa3fa5
3fd43f8e
3fe7403d
be423f73
3ea44023
40263fe2
3fed4035
40013f8a
4037beea
bea24007
3f4f3f95
bf274037
3e313ffc
3f6f3f34
3fe24029
be80bdc7
bf563d64
3ed1401d
3f1a3f04
40273f69
bec24028
3c64403e
40144021
3fbf3d6a
3fcd3f8e
3f7c3eaf
3fa63d40
3eae4010
3f1cbe38
400d3dc6
3f1b3f38
bf134024
3f744030
4015beec
beb2c5d8
3f843fd3
4002400a
3fed3fae
3ef7bed0
bf393ffb
bf183fa5
3ef73ff4
3fa93e00
40283ff3
bf7cbef4
40383fad
bf1d3fc1
3f273e4b
3fd73fec
3fc2bec5
400c4030
400a3f64
40294040
3fc9be7a
be673ffc
3f494028
3fd23f79
bf323fc4
bf6f4000
3f88bf7d
3fab3d2f
3f6c3ff2
bf473fae
3dc7403d
3f6c3f93
bf233f0c
bf2a4020
bf7cbef2
3efe3e91
bf523ff3
3fa3be7d
3ff54031
3feabea9
400dbe53
402bbf60
402cbd37
3eaa3f22
3feb3eff
bea33fc5
3fab403f
3f1d3f25
3fdf3f8c
45d8bf6a
3fc63f63
400abe4f
40373fa7
3fe73fc0
3fa34024
40083f87
3f804028
3ff33e31
40334028
403dbf65
3f96bef8
3f32bea4
401d4001
403b400c
3fde400c
3f8fbe8b
beb93fc7
bf55bde6
3fc83f77
40164039
3f043ea6
3fb03faa
3f113e63
3facbd34
3ee53f5e
3fd83e0d
401fbf51
3fa23f83
bd91bf38
bb5f3fc0
bf2f3fb5
3d314017
3fae400f
bf214032
bf4b403f
3fd3bcdc
400a4035
3f873dc6
4005400c
bf04bf72
bf16be66
3fca3fec
40363e89
3fdfbe8e
3fcc3e5e
3e92403e
bf273f4f
bf703ea6
3d78c5d8
bf3f4021
3f4ebf0b
3e943ea8
bf084016
401a4025
40353f69
3fd74025
401a3fe2
4014bf57
bead3fbc
402d3fac
3e903fb0
40143fd2
4006be8b
3f504018
3f34401c
beaebf23
3f7e401b
bf4d4028
40173e7e
bf623f54
3e9d401c
bee9be5f
3fd5be45
3fd83f9b
becebee2
3f8ebf65
4022403f
3f744004
40263f83
bf294032
bf2c3f93
3fe8bf4f
bf5b3f9f
3ff93fc0
befabf17
40253ff0
3ef53fce
403c4020
40363d22
3f89be2c
3e80be1a
4008bd8a
bf05401b
403f400e
3fe9401b
bf623ee7
45d84005
3ff9403b
3e01400d
401d3f94
bf2a403e
be1b3f26
3fbd401d
be923ef5
3f9c401a
bdd33f3a
bf194014
4030bed9
3f8a3f1c
3fe43fcf
40193fe2
40114022
400b3ece
bd99bf4e
3f883ff2
3faf400a
3e50403f
be503e78
bf6e3ff4
3f5bbf34
4029402f
bee8bf70
bedd3e80
40243fef
bedc4011
3f7b4024
3e753f9e
402fbf67
3e834029
bcb03fed
beaabf21
3f473fda
beb93fc0
3f913fe0
bf563eaf
bea73fa1
40284020
3fc3bee9
402abf36
bf0f3fd7
bf5a4019
3fce3f30
bf77bef4
3fc8403d
4026403e
3f23c5d8
3f00bf5a
3ffd4013
3ff93f03
401ebe8e
3fcc3ffc
bf773fb8
bf5e3e99
be644032
bf16401d
3fa43ee4
40033fe0
3fa73f65
3f99403d
3f583fb0
bf4a3edf
3fe03fa4
3efa3fab
bf15bf16
bed9400b
40043f83
3f673fff
3ef1bc84
3f00401e
bea23e24
3fe13f2a
3d8c3f8d
40344012
3df54023
3fe43fa2
3ed5bf7c
4034403c
3ee53ed4
3f514000
3f973f83
4032bf31
3ff23f33
bf674014
bf4d3fbf
3f853d26
402e3f5e
3fe73f95
3f2b3fd3
3e773f3d
40094017
3f913f1b
3fd13fd5
bd27bf5a
45d83f4b
4014401b
3fcd401e
3fc4bf23
3faa3fa3
3e47402b
bf28403f
3cc83ec6
4033402a
3f7d4031
403b3eab
bf30bf08
becd3ff5
401ebf38
40153fc8
401b3f02
4033be55
3ff23fe3
3f82bed9
beb93fb1
be7e3e19
3e6c3f8f
40353fff
3ea64020
bf083fe3
40383ee7
3fc4bdb1
3fa83f88
bf40402c
401e402e
befdbf3c
3f85bf27
bea83fd4
3ff63f84
3f284030
40063e45
bf47bf80
40403f35
40303f7c
3f393e0b
3f5b400d
3f943f5d
3fc73f89
3da8bf41
3f853f21
bf203fb6
3e3b3feb
bf734010
3ff23e96
3f70c5d8
40083f06
beac3f81
3f13be38
3f9e3f13
3f204015
3fd43feb
bf29bf20
bf51bf5e
40234020
3ee13f9e
bdfebea5
3e3b4028
4018bc44
beb2400a
3e764040
3ef0bf3d
3dac4012
3ffe3fdb
bd6fbf71
bc253f66
3fd8be87
400e4008
3f833ed4
3e87bc86
be27be38
bf0fbd77
3dae4033
bf4f4004
3fd4bebf
3f404034
403a3fd1
40323fe2
bf793fbe
3f993f33
beef4010
4025bef4
bf124011
3e543f42
be864033
3f3fbf54
3fb43f37
40064016
be47beb6
3ea9bee9
bf6abea9
3f56beb8
bd5b3f13
45d83fcd
bf16bf10
4023bf0e
3f974028
bf174039
40353ff0
bf693f91
3f183ffb
bf0f3f78
be57402d
3fda3f13
bf203fff
bf18be32
3fa73f2a
bf4b401c
3f813dfb
3ee93fdb
4026bf7d
4036400b
bee83e6a
3f743ff8
403a4015
3fd53fff
3edb3e62
403d3f14
bf604001
3f04be43
3fa94032
3f1e3f77
3e9bbe37
3e2cbf7f
3fb43fca
3f183f48
400e3ce4
3fb64013
3fbf3fb6
3fdf3ffe
bce53f0b
be863f20
3df6bf3e
40183f8e
3f603f0e
bf4ebe7a
be91beee
403a45d8
402d4026
3fea3f09
3fc4bec6
3f804028
403ebf37
3f95becc
3dd6bd81
3f8a3fb1
400b4011
3f1a401e
3f8ebe40
3fec4025
3fc63f98
40213fc7
403c4006
3f393f30
40293d65
3fa83ffa
3fe83ec0
403a403b
3fa44021
3fc7403b
3f7bbf7d
401dbede
4010bf5b
bcfe3f1b
4006be46
3fc33fd5
402a4032
be9a4020
3e1bbf59
bf5a4017
bec0bf41
3ffdbf7b
401d4006
bf3c3ff0
402d3fc7
3fa74023
3f6ebe09
3eacbed3
3f883fd5
40223ff7
403f3fa9
403dbe5e
3dc43ec2
40063e29
40033fe1
c5d84014
3fb63f1a
4023bee9
400cbec3
3f53beaf
3fe13fe9
3fc9402d
3f773fd6
3fd24005
401e3f0f
3fd24033
400b3e56
4003bf4f
4037bf2a
bf583f58
3f63be1d
40334000
3e5a3fe6
4002bf18
40023fac
3f373fbf
bf29bf6e
beb93f32
3f88beb8
bf504036
3d413f06
3febbdd7
be083f7d
3ec0bce0
3fd1403b
beed3e3d
bea53f85
3fc7400b
beb63f83
401f3f11
401bbf04
3fe54039
3f363fc5
3f493fea
3f514004
bf39bf1f
3c663f76
3dc9be08
403a3f9f
400e3ffa
40063eb5
3ea03ed2
3ecd403d
3f933ec3
401345d8
3fca3fb5
bf4c403d
3f553f33
402d3f39
bdefbf05
3fa13e72
3dccbe4f
4002402c
3f1c3dc1
3e463ffb
400f3fbf
40074013
401b3feb
3fd3bebb
3faabf53
40343e99
3f5d3ef3
3ff93ffa
bede4007
3f81bf68
40063ea0
4026bf5a
bdf2400f
bee7beaa
400f3f99
bb973f8d
4030bf6f
40073fdc
3e913fdb
3f884010
bf1d4031
3d70ba2f
3f483e24
bf364021
3fc9400d
40384011
400d401e
3fbf400c
3dae3f14
3df33f59
bf72bf17
3faabf22
bcbabcc4
be8e3fc6
3f71bf59
40184024
bf25403f
c5d83f9a
bf42bf0e
3f673f57
bf0c3fa8
bf103fe4
befb3f20
3ff84014
bea2be89
bf77bf16
3fcdbbd6
3f943fa3
bda5bf72
3f434027
3ffa3fac
3d8abea8
40234024
4013bf0d
3fcc4025
3d5d3fa8
bf0d4017
402ebea1
40373fcd
3fc93f04
40023fab
bf10beeb
bf023ee8
400b3f17
bf4bbea0
3fa93f99
bf4bbf47
3f7ebf5f
be6b400c
3fe53ca5
3fcabe9f
3f374001
3ebe4001
40293f6e
be893faa
3fe5bf14
3e943fd3
3f1b3f6c
3f133fd5
3fa33fde
3f75bf28
40233fa1
3fc13f70
bf174025
3f60401c
400bbf5f
3fe045d8
be253fdb
3dae3ff0
3f813ee1
bf5abf68
3fec4007
bf013ef1
402f3f67
3fc83fe2
3ee23fe6
3f93bf07
3f35bdfd
3f2b3ed1
3fee401b
bef43d9b
bef2beb6
bf69bf33
3f263f1e
4032bf72
bdd93f42
3f923eb6
bb2ebeb8
40393fd6
3fbb4038
3f6d3e1e
be6fbe5d
bf2bbf5b
3f9ebf7d
40313f0a
3e8abeef
40313e8c
3fc43efb
3fb6402d
3e2cbeae
40223ff1
bf46bec9
3ead4011
40323fc6
3ea33ebb
4022403f
3faf3fde
3f8a3d90
40264014
3f303f00
bf58becb
401c401d
403fbf80
3e97bf61
c5d83f35
400c3f4e
401fbdcc
4017bed6
3f603d52
3f094019
3f97bf0b
400b403c
bd45be8b
bf2dbf12
401fbe8d
3f823f13
bdcb3ffe
3fbe3fb0
3e633fcf
401f3f4b
40043f9c
bf1dbf5a
40183f89
bde23fe7
4028beb5
3f4abf40
3fc0bdd9
3dd63f9c
bf68be84
3fec3eab
40303fd8
403ebf1f
4030bf2f
3ef13ed9
3f903f24
402ebefc
3e443fda
3f9f4004
4001403a
402d3f64
be2a4014
40133fb1
bf4fbed4
3fe5bf75
3ff2bed2
bf183ff4
bf5d3f4b
3ff53ece
bda5be84
bf793ef1
3ffdbd30
bf504035
4036bee9
403045d8
3f064009
3fa4bf4a
3fa83c29
402d4035
402fbefc
3f073ddf
4037400c
3ed03f42
3fdf3fbc
bf2ebf06
40203fbc
3fb0401b
403abd85
3f63bf40
4032be7a
3f33402e
3f5f3d52
3f75bf2d
3fdf4032
40203fb8
3f963d15
3ec23ff9
4037400b
bf604033
3fb63f36
3f61bec8
3f1c3f71
3fa93ff1
bf253fa4
3fc83fcf
3faf402d
3fc3400e
40143fa1
4011bf7e
3e79bf4f
3ede3e3a
4015bf46
3f173f67
400a3f90
be3e402d
3f824040
3fdb400d
3f5b401e
3f5f3f4a
3ec64035
400c3dca
3e263ffb
c5d83fad
3f38bdb0
3fcb4034
3f423f36
40183f49
bf0d3fc1
3f2ebf2b
3fb13fb4
3fdb3de0
3f164026
401d3fb7
400f4036
3f923fd6
3f383ebb
40333f19
400e403c
402c4035
3f953f24
3e614016
3e9a3f9e
bf013edb
3e46bf48
4004bf30
bf153f7a
3f043fce
4027402a
3c6cbf6f
3f8cbd15
3f35bcff
bf403f86
3f0b3e79
be484037
bf2c3ffc
bf47401e
3fb13f84
bf053fbd
401c402b
3f9a3e9d
3e7b3ffc
403ebe31
bd8ebe43
40113f40
3f504016
403b3f1c
3f653e1d
be59bf38
3f364008
40193fdf
40294016
3f8845d8
3f8e3bb3
3fe74031
3f3a3fd8
3e9cbf30
3fb4be86
3e443ef7
3e9e3efe
3e9c3fab
3f12bf59
403f4019
3ff8bf77
4025bf48
3fc93e65
3fab3fa2
3eaebf50
bf013f52
3feb3e90
3fdb4002
3f0abf4e
4033401e
bdf13e7e
3eab3f9b
bca94020
3e6c401a
3f893f8e
3fec3fda
3d95be75
bf52becc
3c213fd3
40123fe9
3fb8bf60
3f63403e
3f85bf01
403c3ffe
3f2ebf5a
3f8f3fe1
4040400d
3f2c3f6b
3f813ca1
3f4ebf51
bd8ebe9b
40093f9b
3fbc3fd9
4014bf6e
bf543ec0
3fe33cff
3f59bf1e
c5d84017
4016bf59
3f8a3ff1
3f89be39
bf623ed7
be4d3f9c
3f9b4036
3f043f21
3fc03fac
beb1400e
bdce3fff
3f4fbea3
bf0bbf41
3daf3f83
3e4cbee0
3ff9be06
40313f16
3f023f9e
3f924000
3fa8bf61
3fe73fc3
3f8b3fa4
3f8d4036
bf613ed3
40234008
4005bed0
3e883fe5
3fc64018
3e533d84
befa3fee
3fd6bedf
be9abe52
3f8e3fe3
3eea3f4b
3f103fd3
3c513f62
3efa4014
3e5d4004
3e20bea0
40264003
3f68bf15
3fa23f21
bebb3fec
3fea3f17
bed13f99
3faf3fac
3fdf401f
bf6abf5a
3f3abf78
bf0a45d8
3e58bee9
3f643ffe
bf2cbf01
3faf3ee8
3f793ffb
3fca403c
3eda3f4b
bf154026
40083fe9
3e6c3f48
bee94025
40143f6a
3ea6bf23
3fa34009
3f6dbf45
be153fa9
3f903fd7
bf403f1d
bf6c3fb3
40394036
3fc3bbc3
bda53f93
400cbe0f
3e48be9e
3fc53e59
4024400c
3fdd3fc3
3f40bf68
3f584000
3fe73eb5
3ffbbe2c
403b3ff5
bdfc3fed
bf494029
40053fdb
3fb9bc5b
40303e59
40324015
3f913fe9
bf14bf0f
3e193f98
3eae403d
45d83fda
3efbbf28
403c3f64
bea83fb5
bf1a4040
bed7400f
4012402c
bf3a401c
3eb43f9a
bf433f86
40263f44
bf0e4016
3f00bf20
be5b3f8f
be68402e
3f8e3fa6
3de1bf53
4036bef2
bd633dbf
3d433fd1
3fef3f8b
402e4032
3feabeba
40164025
3df1bdf6
bf7f4008
3ea03f4e
3e2b403a
3f1b4036
40313ff2
3fb03fd3
400bbedb
3fbf3fc8
3eac401e
3f9d3f29
40133fa6
3f7b3fed
3dfbbe9d
bf2c402d
40213f1c
40014004
bed13f75
3fda3e9e
bba84008
3e87400c
beff403d
3f113f86
4014402d
401c4016
3fecc5d8
4013befd
40213f8a
bde33f9d
3f2b3fa7
40033d83
4040401a
be564000
3fe33fe7
bf6f3fa5
3f8f4011
40084011
bf41bd3f
40223f27
bf0a3f1d
be9f3f68
3fe43ec3
3f05402e
4007401f
3d91403e
4028bec9
be2b4018
3f9bbf03
4000bf72
3ff03fc2
3fa93fe1
3f78bf0d
bf3ebf48
3fbf4022
3fcf3faf
3f943fc3
bf1b4013
bf1a401b
3f8e3e2e
bf20bf40
3fa14034
402c3e8b
3f663f09
bd1a3f64
3fea3f36
bf3dbea3
3fc03f28
3d443f2d
3fb7be61
bf01401b
3e953fc6
3fa83fb1
3f1b401f
45d84009
40404024
be74bf7c
be72bf55
be8b3f63
bf613fac
3eed3ee4
bf133ffa
befcbdb7
3f9a3ddf
3f894030
bf6c3ef7
3edc4009
bea74001
3fe3bf48
3f7bbe29
3fed3f13
3fd03fe8
40143fd1
3fc83ed9
3fb5be87
3fa63ff3
3fa0401e
3ddebf07
3ea24008
40353f5b
bedbbf55
bf563ebd
40363d52
401a4037
3f183fd3
3fed3f17
bf3dbf09
3fc84022
bc743fec
3ff84011
bf333fb1
400c3eb4
3f4b3f71
3f22bec5
bf2b3fae
403f3fdb
bf0d402d
be253f1f
40303eaf
3f07bf28
3dd94005
403bbf42
bf0e3f5b
4012c5d8
be664031
3ebf402a
3fedbd35
3fe34031
3e623fc2
bee43fe2
4010bf5a
beba4035
3f603f50
402abee2
bf353fd7
3f8b3e3d
403e4016
3fdc4002
bf6f3f82
3ecd4034
40113fc3
3fb2bf36
3efbbf69
3fc63f5e
3f7b401b
3fac4029
40384037
4006bd79
3ec2400b
3fb7400a
3fb83fc1
402c4014
40393f88
3fbfbe62
4035bf64
3fa6bf3d
3f9cbdd6
400c3f4b
3f95bf24
40334034
3ed44018
400b4035
3fd2403a
4033bf32
3ef03f62
3f5f3f44
3fa53f0b
3f87bf05
40393f3a
be2ebf1b
bddfbee1
45d84033
403dbd9d
3fa43fb5
bf4e4018
3f1e3e5d
3ebbbea1
3f0e4023
bc373edf
3f3d3ff4
400e3ea6
3eb0bedb
bf08402e
3f264014
3f02403e
3ec94035
3f1ebf49
bf27402f
3ff8bd54
bf3b3fa1
403a4011
bf5c4008
40353f30
bf343fff
3ee13f27
bf2fbf3c
bf02bf79
3f9abe8b
be8f3e74
3f96bd96
401abdb8
3fcf3f9e
3e703fd3
3d833f24
bd5abee5
3ef94002
bf64beaf
3fa6bf68
3f4c400d
40203f30
3f774039
403b4030
4005bef0
401b4006
be9d3f8e
be1f400b
3ffa3e5a
3fce400e
3f803f6f
4006bd97
3e85c5d8
bf0c3f85
3f5f4012
3f823f81
3f1f3f4b
400a3ff9
3f8d3fc3
bf4a3f86
402c403c
3f023e4b
be9a3ffd
bd433f8c
be8a3ef0
3f13bdb4
3fc8be0f
3f6a3fe6
40174032
400e3f30
3fca3f73
bd3b3fd4
bf634019
bef74028
3f963f7e
3fa03f11
be84bf6d
bed24038
3fbb3da4
3eda3e45
401bbeda
bf4c4014
40053e96
3fe73e42
403f3f3b
3fa23eb8
bdb23db7
3fd23e83
3fc53fa7
bf4b3e9c
3f203e87
beac3fbb
40283f9f
3d4a3efd
400c3fbe
be1a400c
402c3f08
bc573e89
3f45403e
3ef6bede
45d83f70
3fb3402b
becd3fce
3fcd3ffc
40193ea2
3f5abeb8
40044035
3f7e3fc1
40113e0f
3fc0be04
3f9f401b
3f4cbf4f
3f413eb5
bdd13edf
40113fa1
3facbf63
3ef1bec4
400a3fd5
40043e84
3fab4019
3e993ffe
3fb33ff1
bddb4000
400f4001
40283fb1
3ffd3f23
3fcf3d4e
40263fbe
bc73bef6
bf363fac
40243fdd
402f4022
400d3f5b
3ea53fab
bf06402a
402cbf3d
3f0ebf4f
3fec3ed2
40053fa3
40043fb4
3e8f403f
bef8bece
3f673ff9
3ff3bf62
40124040
3f7d4033
bf573fc3
3ff23fae
40013edf
be10c5d8
40313f06
3f0e3f8f
3f823fa9
bf18bf3c
40234006
bf4f3fa7
3c66bf6a
3ff73fc7
3f7c4008
3fe74018
3fc53fd7
3f1ebe98
3fe43fbd
3f153f09
be234039
3ff6bf59
bdfd3fb7
3fb7401f
3fc63f1d
3f7e3fae
3d58402a
3f643f2e
bf68402d
bf24be40
3fa93f32
bf59bea8
3e5a3e88
3e043f8f
3fc5be95
40274024
402d3fb6
4034bf08
be49bf6c
402fbf2b
3f514011
4014be9e
bf15401b
bf363d4d
3f1c3fe2
400e3ffe
beb53da7
3f3e4016
40274019
40163e21
403b401a
3fc43fce
3e883eb8
45d83f8a
bf413d1b
3ed23dd9
be23bf68
3eed3f95
be703f40
401ebe5b
bf19bdad
401bbf64
40393f3a
3f26bf0f
3fdf402b
bea3bf54
4017befc
be6ebf1d
3f294023
3fb6bf21
bef9402b
3ff13e02
401b3fa1
3f693f40
4015402b
403a4037
3fcfbeae
3f324008
bf4f3ea4
3fe73f33
3eec3fe5
be703e88
3fc7be35
3ebf3f86
bf433f47
bf063f22
bf41be83
3e8c3df0
3e533ff2
3f52beec
3f673ffc
400dbf5d
3fad4018
3f7ebf46
3ff14007
3eba4029
bf27401c
3fd23e8e
3e853fc6
3fd9bd15
3f803f45
40043fed
4031c5d8
bf5ebebc
40093fa6
bf263f13
3f0d3ff2
40313f2e
3f743f84
bf19bda0
402f3fe8
403f4006
3fda3ff0
3fd63e8a
be134008
3fac3ffa
3f3d3f43
3ffd3f8f
4001401e
40064006
bf70bd03
3f86be9b
3f6a400e
40404009
400e3eb1
402a3f7a
3fae4007
4022bbd6
3ed93de6
bf57bf74
40173ed4
3fab4032
3d7b4031
3f683faf
bf15bdac
3fb2402b
3fedbf46
3f754032
401c3d96
40064014
3fbb3f31
3dd54031
3c903eb4
bf333fe3
3df43fa7
c5d83fbc
3f563e9b
3f0e3fc4
3fbfbea0
3be4be63
3f554005
3ecc3e99
3fe23fdd
3f96bdb2
3fe13fa8
3f113fa1
402e3f06
3f504018
be103fec
3c58403d
3dd93f42
3f764025
3fc73d41
be2b4031
3e24be95
40013fff
bf4e401b
3f4b3ffc
3f9a4038
3fd03fbd
3f373ea3
3ffc3fd2
be193fe6
bf244000
3fc73eb2
3f6e3e09
3ea6402f
402a3fae
40044015
402fbed1
3fe0401f
bf33402d
be80bea9
bf72bf30
bf0b3f8a
be24beb5
beb83fcb
40024029
401bbf76
400e4013
be503f54
3f15bf08
3fefbd48
402ebe85
402845d8
3e873fd6
3f4c3dc4
3f833dcd
bea1403c
3e8e3fc8
bdfa402d
3f88bf7d
3fe53ef3
3ef13fd9
3fcc4038
3e9a3f28
400fbf2a
402ebe18
3fa04002
4025bf6f
3e334031
3ff13fc8
400dbef7
40294017
bf573fa8
400f3fcb
3fb63f84
3fe63fa1
3ff6bf18
3fafbe4a
bee6402e
3fde3f8a
3fff3f9e
3fa43fbb
bf173f7d
bde94026
40033fea
bf663fe8
bf303f3a
3f884009
bf0d3dc9
3ff13fad
bed1be96
4038bf11
be193f7c
bf35be69
3e0ebf31
bf58be8f
be07bea8
bf193f7d
3f7e3ffa
3e144033
c5d83f3b
bf673e65
40183f88
40103fbb
3fbc4038
3f9a4015
3f973d27
3f5fbee8
40283fce
40183fb6
402e3fd7
be3f3f9a
3fdf3fb0
3f354020
40224007
beb43fc9
3e333f69
3f664022
bf5b3f05
4021402f
40163fe2
3fd73e0b
3f9ebeea
be9c3f60
bf7b3bdd
bf7cbf4f
4023bf17
3fe6402e
3d8d400f
beda3fd0
3feb3f14
3fff3fc4
bedc401c
3f073fd3
bd9b4015
3fdd3eb6
bdaa3fbe
403dbefc
3ef84004
bc773f9b
3fb73f6d
3df63f95
3fbb402a
3fa2bf49
3ec7403c
3f1fbe51
be883f5f
3d914000
4036402e
bf2545d8
3f9e3e95
3f93bf34
401fba95
3fe33e92
40363f83
bf01bf06
3f83403d
40204033
3ebfbd85
3f23bebf
bf113f06
3b54bf3c
bf7b3fb5
3cf7bf53
bf23403b
40103eae
bd9fbf34
bf7f4036
402b3d80
40253f98
3fc8be92
3d8a3f8d
bf68bf77
bf75bef3
403ebf71
3f673f53
bebdbf68
40213fd7
3fe53f09
40263f31
3e8f3e93
3f4ebf25
bf7fbf3f
3fdf3f25
3ef44007
3f003fd0
40143e8d
402a3fc6
400b4039
3feb4026
3eb73f0b
bf0d3f1e
40353f3e
3fd64008
bf263fa8
3fccbef5
40374018
c5d8402a
bf53400b
3f87bf76
be413fce
3fa83fef
bf6d3fbe
401b3ff3
3d2e3e9a
3f83bf63
bd5bbf60
402bbf06
3fbc401b
3f003f95
3f85402e
3fef402a
40024011
bed2bf74
bee73fcf
40203f0a
3fe34027
3ce73f3f
3f8a3f34
3e50bf5a
3ea94019
40043f22
402f3ee4
4023bf5d
beab4027
3fd53dce
be18400f
3f1a3fc8
3fd13fc7
3fff3ed4
bf1cbf5c
3fa2be73
3ff73f01
3fc23fc4
3f06bed8
3f463e71
4034401a
3f1bbf2e
bf40403f
3fe5403d
3fc13f81
3fa1be8b
3fe63fb4
403ebf6e
40354020
4040bf72
402b45d8
3f983f56
3fe33f41
bef63fcd
40153fe5
bdb83f39
bef53f84
3f4b3fe7
3ff73fda
bf763fa2
be323f78
befd3fcd
bf2c3fcc
401e4023
3dcb3f70
3f7bbe15
3e4abf3a
bf463fa9
befb4024
3e684008
402a3f91
40164007
bf203f08
3faa3f64
3f0a3f76
40224039
bea93f88
3fe93f97
3fcb3fc5
be2b3fdc
3ea7be30
3f6c3fdc
3e85beac
3fd8beaa
bde63f7d
3fde3fad
4028bf2a
bf513eac
3fa23fca
3f3ebc34
bf253ffb
3dcf4009
3e383fd1
3ffe3f3c
bf2b4002
3f363fef
3ee0403e
3fef402a
c5d83fb1
40113fc0
3f9e3fb7
40133efa
402f3fda
4009400a
3f923ff0
3e264035
3fac401f
be404004
40093f84
3f434003
bf233e92
bf133f47
40213fd4
403d4012
3cb94028
3f46be99
beca3f93
402f3eb0
3f544015
3ff84019
40033fec
40373d1c
bf4abe4a
402a3f94
3fed401c
bee9bf33
3fec3eb9
3f0b3d80
3ebabe1e
3f453feb
390b402a
3f81401d
3fa33f9b
3f46bf22
bda1be10
3f533fc8
beab3fdd
4024bec8
40263f35
40124009
3e7b3f96
3f8d4014
4029403f
bf483fcf
3f074010
3f863f82
3f303f84
bf3f45d8
3fd0bf08
3d61be4d
4025bf6d
3dd04009
3fa44039
3f353fb1
4003bf0e
400f3f47
bf133fd8
3fbe3e52
401e3f90
3f5b3f8b
4013bf14
3f073f3a
bf794035
be9abea2
3ff7bf4f
3fcd3eab
3fda3fbf
3f76403f
3fa83e86
3ffabed3
3f33be29
4027bf0f
40154031
400c402d
3fc63f4f
3f5e3e12
bf36be6f
4003be3e
3de7bdf9
3eef3f03
3fd5bee1
4022401b
3f933fcd
401fbf31
bed04024
3f154021
be0e4005
40123e01
bc463f24
be8d4026
3f433f93
3f8ebf0b
3e623ebe
40354026
bd984011
c5d83f55
3f833fa2
becdbf3a
40013eab
bf7d4004
3f5f3fcb
bccf3f9c
40213f01
3fb43fa2
3ff6bf50
40053fcd
be624026
bf2abf54
3b2b3eae
bf6cbe3e
40304021
3f9f3fce
40083fe0
40013f58
40274014
3ff7403b
3e2b3f36
401e4005
4011bf31
3f944005
400e3f8f
3f743faf
40304025
bef93f7f
3ec93fe0
40023f73
bf613fe5
40033f19
4002402d
3d0f3fc4
3fe4bf68
400b4018
bf1e4037
4039be71
3f5d3e41
bda43f0b
becabf67
3f4e3f36
bf043f35
403d3f99
40174010
3ffabe9c
40223f8b
3ff3bf32
be3045d8
3f493ff3
3fdd3f9f
bf50bf5f
3ca63fa4
40313ea3
3e09400f
bf05be60
3fbcbf31
3ea03f85
40033f65
bec03f9c
40054017
3fe03f8c
beb43ec1
3eea4036
3eaa4030
bf593f30
3f983f9f
bee44011
4011bf72
3f5c400d
bf6b3f13
401abf00
3f123f96
403d4036
3f9cbc24
40083f33
bf334016
3fc53fdb
3f6a3e84
3f99bf79
3fee3f7b
401d401d
3e99bf5a
3f97bf05
4019bf17
3e703fb7
4020be12
3fb14037
bde44005
3e003fc5
403d403b
3e8e4029
4005403f
bf7a3e18
3fa93ffd
3fcb4019
c5d8beca
3f203f92
3f6b401b
bf783f69
3fac400f
400f3ede
bf153f7c
bf27bd9e
be20401d
40263f87
bd794017
bf63be4d
3f6f3ce8
4027bf7c
3f733fe6
bf7c4034
bef33fc0
bdb84038
403c4020
401a3f7c
40354033
402ebd85
bf683f20
3fb1bf4a
beed4007
bedabf0f
3fc53f5f
4020bef1
3fae400e
400bbf1f
403bbf3a
4028403c
bf49bea8
3f444007
40324018
3f7f3fab
bf12400f
bf193fe3
403fbd9c
40323e50
3eb13fbf
40213fa1
bf623fe9
3fe73ffd
bec3c5d8
bda43fac
3fe53fb2
3cf5bf6e
bf37bf2b
be7a3fc6
4035bf15
bec8401f
3fb13d9d
4031bebc
403dbf74
3ffe402a
403b3df8
40114019
3e953fcd
4000400d
3f79be39
3ff33fd1
3ff74034
3f8cbf45
403c3e9f
4025be57
3fa2bf4b
3e67be90
3ffb4001
3fcd3dce
3f6abf1d
3ec63f17
3d12be87
bdc64027
40003fc6
3fbe3fce
3f304019
40204024
bb853fd1
3f85402b
3f8bbed2
3f96bcfd
3fbc3f06
3eaf3fce
3f3ebe41
3f893ffa
40383f17
bf0ebe9a
3ebd3ebf
3f633f9b
401e3f9f
40073fad
45d84017
3ffd4009
3fa64007
40214016
400d3fb5
bf3fbf73
4034bf24
3f803feb
4004bf65
3f943fd7
3fcf4014
40154008
3fa3bf3a
bb41bf56
402a3db7
40403f93
401c3f88
bf30bf31
bde93fbf
3fe4bf09
3ef43fda
bef03f7c
bc85bf03
3fbb3e09
be69be88
3fd13fa5
bd8d3fda
3ff23fd8
4025be81
3dd0bea4
4008400d
3f8b3ffd
3ee3401f
3f013edc
3fd3400a
3e0ebe25
bedbbe7d
3f153ea7
bf5d3f16
bea03f92
40283fa1
3f8f3ea2
bf153fb4
bebf4036
40253f09
befc3fd7
402d4026
bee1bf4e
402f4019
3fddc5d8
3e23be0a
3fad3e34
3e843f30
be603fab
3aea3f3c
be044024
bf183dbb
be81402e
3eba3e55
3f88beb5
40043faa
3f2d3fd6
bf413fd2
3fb9be26
4025402a
40143dce
4037400b
3fa63fe5
bf15bec6
3f2a3fed
bf01bf77
402c3f21
bea94035
40044026
3f7e3fc1
3e78be58
3fc6400e
3f1c3fed
401ebf39
40343f8d
bf523fb7
3bd13f12
3fafbefb
beaf3fef
40133fe3
401d3e8e
4010bdb9
40344037
3ee33f84
3fe53fef
befe3cb2
40224029
be733f08
401b3f23
4002bdbc
3f5a4038
be2abf02
45d83f1f
3fd53f8c
40053e32
3fd2402d
401b3fe6
40264011
bf0cbee7
3ec13d9f
3e8d3f3b
3e274012
40294028
402dbeaa
3f98403c
bf55bf0c
3f553fe9
40033e09
3fdcbeb7
40333e9a
4034bcb6
bf073fc3
3e9b4021
402f3f16
401c403b
bf044025
3fc94019
3f1d3e74
3d833e1a
40344039
40123fba
400bbf74
400cbf0b
bf6e3cc0
3f84bf50
bf3c4037
3f473fef
3fbd3f99
3e994000
bf7b3f49
3fbe3fe4
3f704028
3f943e91
3fc23f63
3f93bec3
3f79bea7
40054008
bf78bf5e
3ef1bebd
403e3f29
be7f3fcb
401ac5d8
3fc13f7e
be8d3f4e
40084038
3f913ff3
3fc43f1f
3fe6bf2a
40043fd7
40213fb7
bf5a4014
3f103fe4
bf093cba
40034032
bf154030
3fc2be8a
bf283f64
401dbf53
3f2abeb6
3f18403d
3feb3e5c
befebe2c
40344031
be2c403a
40193fe5
3f323f82
3d0dbf09
be894040
beb64010
bf61401e
bf533fb8
bf71403c
3f723f5c
bf1d3eb0
3f9f3fda
bf4bbf04
3f593f80
3dbd3eca
bee73f28
40243d9d
bf243f58
403b401b
3fff3eab
402c4000
3f183d6b
40203bdf
3e383fd2
befc3fac
40013fdd
45d8be7e
40143ee7
3fed3f66
be8cbf28
3f3abeed
3ff7bf7d
bf6e4024
bf1dbdd6
3f4a3d30
3eb3400f
3f754000
bede403b
3f874037
be714014
3fe94031
3e9f4027
3fba403d
bf0e3eda
3f253f16
bea64040
3fce3f61
3f924039
3c333f19
401c401a
3fe64026
400b3ee7
3f223f66
3f58400d
4008401b
3f7d4024
40084005
bf2e3fcf
3f0c3f3f
3f083f62
bf22bd5a
3b393e7b
403b4015
be034010
40144000
3fab4007
bdf33efa
40344037
403e3f33
be493e85
be72bf3f
3eb54008
3fd73fd1
3fd1401e
3fe1be0d
3fe1c5d8
bf284007
3fbe4031
beed4001
be974006
be02bf30
3fdc3f09
4000beb6
4017beb8
3ff4403a
bf58be47
3ff2bf1b
402c3fe1
3d4f3d19
beb34034
3f0c4018
bee1400e
3e9e3ff2
be79bebe
3ee33e09
40304001
bf563f72
be073f8b
3f86bf64
be523fd2
3f2bbdd4
bf48bdcc
3ea03fe5
3ef5403e
be72bf0e
3f793ebb
40103fa7
3f6b403b
bea24005
3f433f32
3f8c3a5a
3fa44021
40143f48
be4e4021
3efdbf41
3f923f93
3f40bf3a
bf80403f
3f043f49
40203fc7
40113fa6
3f654039
3ff24012
45d83ff6
3ee84031
40333fd6
3fd53e9e
3fca403d
3f0a3fb0
40083e22
3f983f68
3d94400a
402a3f96
3ff93f5e
402dbe55
3f8abe83
bd993d54
3fd1bf06
3f893f3b
401bbf76
3fc73e42
40103ff4
3fda3f79
3f7d3fc4
be893fee
bf72bec9
bf4ebdaa
3ff93ff0
be8b4008
bef03f8b
3ebb3f6f
403e4028
3efa4037
3e763f91
4037be27
3f9f3f84
3f1f4024
3fc73fa9
3f773ff7
3f56bf43
3f39be70
3f984004
40004009
3fdebe8b
3fe7400d
3ed33fc8
be823faa
bcdd3f9f
be6f3fda
3fca4023
40223fcf
3fa5bea7
3fb4c5d8
3eeabf31
be8dbd2f
3fbfbe63
40343fc3
400c3fc6
40083f87
bf713ff0
40294029
40363f67
40073f15
3f7a403a
3e8abf27
bf043e90
be6f3e86
40153fba
3fc73f1e
3ff33f11
3f303f57
bf47bf2f
4008402d
3f154009
3fec3fa3
3fdd4021
bd04bed6
3fa1be91
40253faa
bd06beb0
3fda3fc8
be023fa9
3f95bef3
bebdbe46
402a400c
bf293f35
bf443eec
403f3f8c
3efd3edc
40093e7c
3fc2402f
40104018
3f9cbecf
3fec3f99
3d66bda7
3d124023
3ffabf66
3eafbe10
3f09bf70
40094035
45d83faa
400f3f99
3f48bf5d
3f653d9a
401c3f9a
bdbe402c
3f6c3db0
3f3abdb3
bf1d3ff1
bf80be02
3f943f0b
4011bf04
4001be44
40253f9b
3f0c3f1f
3dcc4030
3f4c3fd5
3f864029
be23bf36
bd8c403d
bf2ebca2
beee3fe3
403bbe31
4038402f
3e984024
3f093fd7
bf273f84
403c3fef
3f7b403a
40393f2c
3eea4004
3f193fa3
3e8d3fd1
402d4014
40233fd9
401c401d
3f703fbb
3fdcbf66
3fbfbf1d
3e98bdd3
3ebe3ff3
3f754010
bcfc3f01
bf3b3f9c
3fc24020
3fa7bef2
3ff5bf40
3f0d3fcc
3e413fd4
400dc5d8
40213fb7
bf53be63
3ff9be62
40353f44
3eabbf3a
401a3f11
bcde3fe5
3fe13f13
3f6d3f30
bf793e02
3f883e10
40363f27
3f053f24
400e3fba
beec401c
403c3ec3
40263ffb
3f343f41
3f53402f
3f9e3fef
3fef3f64
be373fc2
3e1e3fb9
3fb2401a
3fc64038
40003f43
bf5dbd97
3ffb3fda
3fe5ba5e
40404019
40204008
3f523ff6
3fb8bf11
40333fef
3df3bf2f
3fe13f68
3f5dbf43
bf4e3e30
beb64024
3f8d3fd1
be89402d
bd963eb1
c5d8bf63
40284016
3fb13f01
4003402e
3fa3bf3c
3fa93d50
403ebf0d
3f33bf1f
4002402b
403b400c
40013f1b
bf544031
bd83400f
3ff14027
40013f96
3cf43fe8
400f3db8
3ff54038
3ff3bf49
3fba3fd5
bf323f97
3ff9401e
3faebe0f
40173d2e
3f70bf44
bf553f03
3e9d4014
3fe7401a
3f133faa
3fb0bf79
3ecebf6f
403bbf2e
bc993fc9
bf60bed7
3f8e3fcd
3e7d3f2c
402a3f29
3f103f69
bf44bf0b
bf5e3f38
3fb63fd0
3fbb3ea1
3fbb3f45
40023f0c
40273f30
3fdb4007
3f48402a
3ff43fcd
3fc13fa4
400845d8
be853ff5
40024038
bf4c3efd
4024bf3a
bf244037
40073f97
3e883fdd
3fac3fb9
3ea73fb8
3f3ebf67
3f24be6f
402a3f83
3fa84018
bf1c3d2f
3f1d3f64
400d3fef
400f401e
3fb43f4b
3feb3f75
40324027
bf673e50
40044020
be2bbf1a
40023c15
3ff53f40
3ec14022
3fc43fb1
3f6dbded
bee3bf05
3fde4020
3fd73f34
3fd33f92
3f97400c
bc8e3f62
40283f64
bf293ee1
be6b3f52
bea53efd
bdf6403c
3d8bbf23
3ff63e89
403dbf2e
3ef23e8c
3febbf64
3f81bf3b
3f874032
40084013
c5d83faf
3f9bbe64
40184031
3f34beeb
3f823fed
402ebf28
401d402b
400f3f8c
3fe33efc
3fb7beda
bf643f1f
3f92403a
40363f6a
3e64402f
bf7abe8b
3e943f70
3eecbf26
402b4039
3f1abf5c
bf6c3fb5
3f9d4025
4014402e
bf633f13
3fbd3f80
3f1cbf3c
3e743f7c
3fb04007
3e553ee7
bcae3e25
3f8c4034
400e3e87
3ff03fb8
40323f76
3fbebef4
4028bf09
bf493e1e
3f7e402b
bf09bf16
bef34028
bf283f24
4032401a
3eb2bf75
bef63f9e
402dbf10
3faf3fa8
3f903db4
be0c3d2e
3fa53fce
3ed23ee7
402045d8
40313f80
3f77bf1c
4015bf14
40084037
3fe03fa3
3f1d3ff8
3eaa3fde
be433e8e
3f46401c
3cba4014
40353f55
3f444013
bf79402e
3fc23fd1
bc93400b
3fa43eb9
4003bf52
bec9403b
4016bed3
3f073ff7
bec0be68
3f75be04
3e913f08
40103ff0
3fd34011
3f833f3f
401a3d6f
3f1f3f9f
402f3e89
400cbefc
402f3f2a
bf234029
4008bf51
bf483fa6
402a3f5b
3f55bf74
3fc13ff0
bf103ec9
be263ffb
bf3e3fda
40374008
40363f59
3d933f7a
3f963f99
3ea83f16
3dbf3f6f
3f593e86
c5d83f91
40163f84
3fabbe0e
3f333ff3
3f35bdf5
3f5e3fd2
3fee4012
40384015
3fd43f4b
bf583f8e
3f1abe9f
3f973fc8
40363f1b
3e983eab
3e803e01
becabf23
3fa13f5e
401dbe4d
40114028
3f9a3e80
401a3ea7
3f8d4033
becdbf4a
3f683fa5
40053ffe
bf773f4d
3f333d99
403c3ee6
3e99bf3b
3fe73fd7
bf2d3f02
3e4d3fc6
3fe53f67
3fc33ed6
3e94403e
bf4b3fde
3fc53ffb
3fbf3f26
3eba3fb6
be3dbf37
4013bf2a
403f3cb2
3f513fb3
40033f08
3e543f25
3f413e73
bf483e14
402f4014
bdc03ef0
be0745d8
3f963fc4
3f953f59
3f61bf14
3f6d3f03
3fd53f01
bf373f8b
be6a3f6c
3d603f1f
3f4cbe7d
3ef93fc9
403e3ed9
402a3f01
3f314001
bec2401c
befd3e65
3f1f4035
bf503e2f
3fe63e20
3c7a3e74
3f56be2c
becb3f1f
bec63f16
3fd63f45
be803dd4
3fe94036
bd0a3f4f
3ec13eff
3e7e3f32
bf753f64
3fb14002
be6abf32
bc624011
3f624015
bf4e3f4c
40123e92
3edc3ffa
3fbc4031
bf034010
bf784017
3fd03f78
402a3e7d
bf263f8a
3f854032
3f343fe9
3ee13f9a
3fa54034
3e543eb0
c5d83fa6
3ff03f69
be7f4018
3e85403c
3f543fb9
bf6f3eb6
3f453e1a
3ebb3f05
3f82be10
3f853f59
3feb403f
403abed1
bf6a4033
3f3d3f39
3fabbeec
3e183f03
3fc54001
3dedbf19
bed5403c
3e82bf1b
bf2e4037
3fda3fe2
402b3fab
3f823fea
402ebf80
3f893fab
3f2ebf51
3f443fad
3f343f37
be6f4016
3fabbec0
4031bed2
3f54be05
bb7bbebc
3e633f8b
3ff73f96
3fcf3fb2
403e4030
3f93be23
3fa8bf6d
3f8e3fa0
4005bf4e
402a4031
3ff9bf12
bf6bbf2d
40053fa0
3fc9be41
4037400f
bf7e3e2e
404045d8
bf114039
40023f3c
3fafbf45
3eadbe59
3f8b3f8d
3ea9be38
bf573f44
3e25be75
beee3fa9
3f35be99
40244025
3f774025
400d3f69
3ffa3e65
be603fe1
3f684038
3f85be85
3f9d3f89
40023f20
3e7f4037
bf67be10
4010be86
bf113fcf
4009bf2f
3fea402c
bf483f4b
bece3fb2
3fe23fcb
3f953f03
400f3e8b
3f9b3fd0
3cc83f37
3fa93fbf
401d4040
3f184009
4015be2b
40343fea
3fcf3fb6
3e8c3ec0
3e85be6c
3f57bf6c
3e83bf64
403dbf29
bf06bf60
bf72bf45
3ff9beab
bf0dbf7b
c5d83fef
40093f8f
3ee9be2c
bf083ddf
3eb83ea3
bf6d4020
400ebec0
bec5bf31
3f07bf53
3eff3e99
3c9a3ed1
3f2e3e69
402b3f30
beb7be12
3fd33f04
3eaf3eec
bd43be74
3eb23f28
bef73fea
beac4035
400b3f7a
3ff23fa5
bf57402f
3ea94035
be5d4024
40143f2c
3fb33e5e
3e903e8d
40383fa9
40363dd4
be24bf78
be153f05
3ff8be27
3e164013
3fc8bd39
3fbb3f81
3ed04025
402fbee2
3ee83f86
3fa63f2c
40343f53
3f94be8a
40264006
40293f03
bf803f31
bdc93f3d
3e5bbef6
bf0c3fa2
40103f8f
3f6b45d8
3d74befc
40004038
3f1b3f0e
be85bf55
bf0f3f5b
3fbd3f01
3f8f4031
3edbbf73
3fa6401b
3fc9be90
403abdf1
3f953ff8
3dc13ffd
40394034
401c3fb4
bdbd4028
bf384008
bf243ffa
40123ff9
40363dc6
3fe0bed1
3eb3bee6
bf073f1a
3e3ebeab
bec63fc9
3db1bf02
40013fbc
3f343f65
3ea1bebc
40293f19
403e4035
bf55bf4b
3e1f3f61
402d3edb
3fd33fa1
400e4014
3fd5beb6
3f0f3f7c
3f264016
bf13bf77
3f50bf00
3ee5400a
45d8400d
40013ff5
3f01becb
4000402b
3f814028
3e1f3fcb
3d7a3e23
3ff13fe5
bf62bf0e
402f3fc2
3f743fed
bd614006
3eacbf70
3a64401a
bf51beba
3e424036
401d4019
be7b4011
3fe9bf71
3f3c4004
3f14bf71
3ff94030
40333f93
3e9e3e84
3f8e402b
40403ed5
3eb0bf37
3fdd3abd
4006bd2c
4007bf5d
bea93fa6
4027bef2
40313fdc
3fe3402d
3ec53f31
3ffe3fe0
3f2e4007
bf783e19
403f3e7d
4039402a
400abe82
3f993fbf
bf7c401a
3f053ff2
3f2fbf66
3f03401b
3f184036
40083f3f
3f193e69
bf5ac5d8
3e31bf13
40303f76
400d4002
40143fff
40253fb5
3fbfbf6d
3fd7be1b
3fcc3faf
3fa53ff3
3ef43fd7
3fb73e36
40373fcf
3fe53d99
be8b3fb3
401b4010
3fac3f94
3e833f72
bf48401b
be0b4004
401b3fb3
402c3fe2
4004bee7
3fdcbf5d
3e103f05
be583f5a
3f25bf45
3eb2bf53
bf694015
bef6be5a
401b3fc4
bf303e89
3f4bbe14
3fbc402b
3ed1400c
3e85bdf4
3ed4bf33
bf50bf30
3f7bbf27
bd64400e
402bbe65
bf55bf0a
bf773fed
4027bf09
3f9f3f9e
bf404021
3f763e87
3f7ebdbb
45d8bec8
402abe9b
3dc73f8c
401abe2b
3ee53fa0
3fad3f9e
3f39bd1c
3f083f3c
3fc83fed
be83402d
3fa8403f
be8c3d20
401c3e74
be61bdee
bdba3f26
3fb63fd0
403f4013
bf52402b
4014bef2
3ffc3f8c
3d963ec8
bd9fbf30
3fe43fbf
3f26bec8
40333ee2
3fdb3ff0
40093fc3
bf384006
3f3c3dcb
3ffcbf5c
3faa3f8d
3f514038
bf32403d
3e723fb4
3e6f3f97
3e863fce
3d7d3f55
4029402e
3f7f3e4c
40383f8a
3fda403d
3fa43f17
3eca3f83
3ffd3e48
40283f8d
3f273f9a
3e1d4018
beb93ffb
be933fe5
3e80c5d8
3f013f8e
3fc0bf65
3fc83fa6
3f804034
bedb3f13
402e4038
3fd8beef
bd3e3f59
401b3f4e
400abe60
3f43bec1
40214027
40153ed3
3d7fbe4a
bda44003
bea0bf79
400f3fc8
be0c3f12
3ed83fb1
3f993fca
3f1e3f97
3fc8bf5b
3fc13f79
3eba3f15
3eb23fe4
3fc93f8c
3f78403a
3fb24038
bdbfbf29
3fa93fe2
3e7b3e65
3fe93f42
3f14bf69
3f363f87
3f2a4008
401f3fa8
3efb3d38
bf074030
bf753d04
3ffcbeac
3fadbf5a
bf54be60
3f303f25
3fd0bcfe
3e773f0d
3f494009
3fed3f3f
45d83f49
3ee83dbd
bf023e1b
be39401a
3fc2401d
bf133f9c
3e23bf3e
3ea13fff
bf573ec2
3faa403c
4003403c
be5f4033
3f983fbe
3f5d4027
3f993f41
befa3f54
40274014
3fce3ddd
40354008
3faebe72
3fe5bf59
bed43f57
3f88402f
401c4035
bdd64010
be653fc3
3ebfbe1e
4003400d
3f0b3ef2
3f8a3fab
40323fb5
beb5be9a
3f03bf01
40144021
bf2fbf22
3fdd4007
bdd0bf7f
be06bf03
bc8d3ebc
3fa63ff8
bd873ff6
3f9f4026
bf5d3fbd
3fad401d
befbbf5b
bf0f3fff
4013bf6d
3fdd400b
40343f5c
bec3c5d8
3fe13fad
bf43bdef
4020bb44
3e653fc5
3fa63f2b
3f144016
3fc1bf58
bf74bf68
402a400c
3eb54012
bf5f3fcd
3ee5401f
3fa93ec5
3f3a402e
3fc83e25
3ffa3fe9
40143fd8
3f6dbf1c
bf1b4011
be464015
3ff63e6b
becbbc76
be7f3d86
3f324021
3fb93fdd
403abe53
3fa13fac
3d01402b
40323fb7
3f833f31
3f5f4035
403d3fc8
3f633f1a
3f2cbcf2
40063e95
40053fc0
bcf83fc3
be3c3fa3
3f7d403a
3f8ebeb1
3f113de8
3efd3f83
bf39bf25
3e1e3fc9
4019bf3d
3e943e2c
3fe44010
45d8beb5
3ff93ff4
3fef3f9f
400fbe47
401d4008
3f6d401b
bf2b3e92
402d402e
401d3f94
3fc33d37
be394027
40334009
3f453f96
4032bf5b
bf093fc6
be1a4031
3f113f10
3f9c4011
4016be37
bf49bf67
3e9c3f80
be403fe5
3f0c3e2a
3f8c3f29
3fdd3f4f
4001bdeb
3fdc401a
bf523fae
3da3be75
3f103e1a
400abdbe
400b3e74
40233eb5
be4ebeb3
4019400c
be8fbf09
3ec64028
bee3bee8
be2dbf22
bdff4009
402d3f9a
3f2d400f
3fc13fc9
4023bdb5
3f7e3fbf
3f843fcf
beec4036
3fe3403b
3fc54039
bf65c5d8
bebe3e95
bf524012
3fa9bf59
3fee3f26
be3c3f0c
40023f90
bf663fa6
3f2c3f0e
bee84015
3fd4bf50
3e853f7a
3eee3fcd
bf2dbe79
400e402d
3f50401c
3f8a4017
40343d1f
3fcd4035
402e3f6c
3f41403a
bf393eec
bdb43f88
be653fb0
bf713f99
40074037
401fbe88
bf684015
3f4b3fdc
40013f84
3f913f95
3ff3402a
3febbf30
3fecbf39
3df3bf6c
be7fbf50
40173e27
bcaa4040
bf1d3f21
3f493e97
3e5a4005
40163fe5
3ea93ea6
40013fb5
40193f14
4011bd6a
bf173dc3
3f95401d
45d8be60
bf343fa1
3ea2bf3e
400ebed6
bf43bd91
3f353e8a
402d3eae
bd523f78
4004403d
bca84030
3f87400a
bf173dd0
3f11bf00
bf553fd6
3f523f2a
be253d03
bebb400d
3e6c401b
3ea84008
be083ef7
3ef5bf0f
3f243f90
3f524026
3f66bf05
3f1a4010
3f0a3fda
3fe33dda
be834017
bf763fee
bd8d3fbb
4010bf5e
bea0bea3
3fa64023
bf7e400c
3f253e05
40183f9b
4008401d
3fb8bf1a
3fb23f30
bf753f30
4038be87
4002bef2
40153f6d
3edf4040
3ef64020
3fd93d36
403b4032
3fdc3fbd
3fbbbd1b
4016c5d8
bd8bbe55
3eb4bf48
3f8dbecd
3e134024
401c3f7a
3efb3fb8
3fee3f77
bed13f8a
3fbd3d3e
bf253fdb
3fdd3fe3
3ee53f31
bf0e3e98
be2fbea5
3ee94037
be9d4014
bec83f62
3f963e2d
3fb53fc4
3ff73ded
3fee3c10
bf333faa
3f673fe4
be86bf6f
40313e19
3f373fde
3f274005
401dbf13
be19bf05
3f41be9b
3dcb3ff4
3fbb3db6
3e903f32
bf6cbe6f
3fd73fd4
40003fbc
bf3a402f
3ef1be34
3fb74031
3e0c3ffd
bf63403a
3f63bf3d
3fdc4038
3f623f92
bf5d3f83
3fea401b
bf7bbdaa
45d8bf0a
40343f6a
3f293fe7
3f873f8d
3f824008
bd53bf66
3ff5bf20
4004bf30
bd823f07
bec1bef8
bf644024
400d3fe6
be123fa7
3f953fe9
3fe3bebd
402a3eb3
3e7fbe1b
bf46bef2
3eeb3f97
40004018
3f60bf62
402d3fd3
3fa73fa8
3f8f3d41
bd3a3ffb
3fd2402d
40194036
3fa43f9e
40164002
3e7bbf56
bf6abefe
3ea53faf
3f81bf74
3ffc3fef
3ea13ef2
3fe83ec3
40084000
3df6403c
be9d3e33
be6d3e89
402f402b
401a3f3c
401c3e25
3fa8bf59
400945d8
3fef3e85
3f044028
3ffd3fc5
3fb83f0b
3eed4007
bd5a3fb2
3fe4bf5b
3fad3f56
be563fe8
bf3b3fb5
3f1c3f8c
3fe64005
40093f66
bf783e98
3f6d3f91
3fca3fe8
bf0dbeb1
bf214013
3f35bf2e
bf1ebc93
bf75bf51
3ea2bec3
3ed2bf17
be523f4f
3f273fce
3fcabf03
40324028
3ff43e9b
3fc94018
3f903e82
3ffb3fbc
3fdf4007
3fcdbe86
be81bd98
3f2c3f8d
3fb5bf24
400e3f4d
befb3dc3
3fcd3eba
bdecbe16
40003fba
3f103fa9
bf08400f
3fb7beb2
40053fe8
3e313fc0
3f733edc
c5d83f6e
40023f70
40103fb1
bf0c3eaa
3e1b3f8b
40063fcb
bf52bf7a
402c3f97
3f883f86
befd3f84
401c3f5b
3d4fbf2a
3fffbf56
40294033
3de33fdf
4020bf30
bf5b3fc6
3f36403a
3fc0402f
3f6d3fd8
402b3f65
3f2d3f92
bd054016
4035401b
3fd23f2e
3f9cbf3b
beee3fad
40223f8c
bc7f4004
baac400b
40253f01
4031bf00
40113fcf
402b3ee2
400d3ffe
3f33bef1
3f983fa4
4019bf33
401ebf64
bf7abf44
40093f6e
be99bf1e
be2c4032
3f494015
4025bf20
400e3fa7
4007bebe
3f8cbf44
401ebef0
402145d8
40313ef9
3f7f3f1d
400f3ff1
3fc8bf1b
3f913f85
3f83bee7
402b401b
40073fae
bf34402d
3f95403b
4025402c
3fab3fb9
40133ebe
3f8c4010
bf21bf62
3fa3bf0e
3f9e3e6e
3ec73f97
3f574025
3ee53f13
3d1abf27
3f44401b
3fa5403d
40033f94
40243e0b
40393e85
4032be00
3fd83ecc
403b3e8f
bf0b401e
400cbf2f
3c4a3eb7
3ef23fe5
3fd43de1
3f9e3fed
be7d3f85
40353cfd
3f56bbd1
bd04bf66
3fbbbf72
3fe5bdb0
3e543c24
bf644008
3ff73e9f
402fbea2
3fbcbe4e
3fafbf6d
c5d84010
40133e61
3d453fbc
bf513fee
bf473fe5
bde73e09
bd3b4006
3eee3f1b
3f184038
3ebd403e
3e134028
4037bdd9
3fe93fe5
bf66bf24
40173fc7
3fd13fd9
3e2c3fe5
beb8402b
400c3ff7
bf55bf0a
3ffa3f51
3f2b3fee
bc353f8d
be36be29
3e9f4008
3fcf4035
3df1402c
3f303f3e
3fe34020
400b3f53
3f98bf03
bf773fc7
40383fb6
be594015
3e833fb4
40353e8b
400a3fa6
40104000
3f5a401a
403c3ff0
be2f4018
3f413fe5
401ebf0d
bf523e19
400c4039
3fcd3f09
3ca54039
3e1f3f9d
3f644017
3fad45d8
bf773ffb
3fdd3f8f
3e6d4017
3e84bf3c
3ffd3f93
bef7403b
bf2e3faa
bf40bf74
bf024003
3d953f1f
3cbe3fbc
4022bead
40063fb5
be733fee
3e994029
3f874039
3e923fcd
40233f63
be263edb
3fd4403a
3fea3ff7
3ff63e14
4032beb0
3eb83f99
3fb7bdc8
400f400e
40183ec7
4027bf63
bf1a4007
3fa0403b
3ffabf1b
402a3fa2
4002bf34
3d544026
40023eea
3fd5be98
3ff1403d
401fbf2a
3fd8bf44
40034022
3fc44036
bea73fe8
becb403f
bce0bf7f
40373f0e
3ed64004
3f8c400e
c5d83f6a
3fdc3e78
3fbd4034
bf53be1c
bf1e3fe4
400b3fa0
3f534014
40083f94
40183fc3
3e723ebd
4020be84
40403fa6
bf48bf35
bf55beff
3f68403f
3fc4bf0c
bf7b4029
3fc64037
3fafbe54
bf73401d
3fb6bf01
3fcd3d8e
3e813ffa
3fbb3ead
3fd13f84
3f83bf57
3f543ed5
bea73f7a
bf1f3fca
bf65bf6c
400f402d
be8fbe4c
bf2b3fff
3e633f74
3f834008
3e23400d
3e763e91
bf4d4010
3f113edc
3f863f8c
3fe7bf4b
bf3f3dda
3e91402d
40173d30
3f3b402e
bf77bf28
40194013
40243f07
4022402e
3f6745d8
4015bf3d
bec34028
bf424023
bf36bea8
3f964001
3fff3f4d
be6f3ea5
3f5abf55
bead3fe3
3effbeaa
400b3b94
3f2b3e21
be6abeac
40123ffd
3fa1bf69
3c4d4011
3f433fc7
bf4e3f4a
40374021
3f723f54
3db5bf49
3f97403f
bec4bc7c
bf20be72
3f9dbaff
3f80bf35
40353ea2
3ffd3ef5
3ed9bf11
3fb33fde
3f804020
3fd43fb0
3db83f55
3fc3bf41
3fd63fa1
3ff54019
3fd2bbbb
3ff9403f
3e954018
3fd93ff1
3fc9400a
3e39be2d
40074038
3f023f7e
400e4013
bef53edb
bf464004
c5d83fcf
40254021
3fe1bedf
bd193ec0
3ef23ff6
bc513ff1
3f5a3f6e
3e1c4027
3f8a3fb2
beeb3ff7
be3fbf02
400ebf0a
bf3e3fa8
402bbea4
3db43fc1
3ca7bebc
3ee7403e
bf7a3ebb
3fd53ff2
400d3f81
bf584012
40253f7f
40153ed3
be544019
40113f41
403b3f1c
3fa2bed2
3f11401b
3f513f1e
3f7b4021
3eb93f55
bf123ff9
3f323e33
402a4037
3f113df3
3f5e400c
3f05bf1c
be9d3f5d
3f944022
3e80401c
3ff13fde
3faa403c
3f9f3d42
bf07be2a
4002400f
3b9cbf58
3f993f83
bf393fb5
3f2cbf12
3f8e45d8
bedfbf4d
3fd7401f
bf653f2b
3ea84008
40323fb4
3f9b402c
3f9fbf4a
40334019
bc753ff0
4010402e
bf5fbf54
beb7401e
3fcfbf75
3fef3ea7
3f4cbf68
bf053f25
3f2c4005
3ec73fc4
3ff03f5b
3f9f3f09
3ff73f92
4031400a
bed43f54
bedb3f30
bebf3f9a
4030bf64
bf27bf48
3d34403d
4026bf6b
3f9abec2
3fbcbd0d
bee63fad
3f3d3fbf
be5bbe4b
be9b3e7f
40373f65
3eb5bf66
40133e10
bf743ff7
bf5b4030
3f1f402b
3f54bf49
40133d93
3fdcbeca
bf263d6d
3ebb3f80
bf63401e
c5d8401a
3fbebc22
3fa2bf73
3ec73fea
3f19bd05
bce1bf15
40053f34
3f0e3f97
3fbfbf47
bf07bf2d
3f9fbf54
3f5abf16
401cbe95
3fa63f9a
3d793e48
3ce53fe1
3ed74003
40183fe0
3f234007
40324039
bf4cbf62
bf613f0e
beb54024
3f43400d
3f8abf70
3f253ecc
3f163ec4
3ff0bda6
3f0b3e89
40093fbf
be763fe4
3eb33fea
4009402f
bf633f5e
bf4c402d
4033bf50
bf403f1f
bf033f90
3fc3401b
40064037
bf553fda
402e3f81
bf524001
bf6c403d
3f7dbe14
40324021
40243fb6
4037bf13
3fbfbf6b
be4e45d8
40213f81
40283fbf
3e623e33
3f54bf38
3dbb3fdd
3f953eed
40394001
becb4009
3f84be7c
40283f4a
bf46be8a
401bbc1e
3fa73f0c
bf0cbf6e
402b403d
bf523fa1
3f92bdc5
4020400b
be5b3fa1
bf06bf23
40293fc8
40003f65
3e8cbf6a
3fecbf75
402abf04
40173fc9
3fd63fcc
3faa3f37
bd283fb0
3e35bf4f
3f444030
3fc63f88
3fbbbf3c
bf7f3ed7
be803e0b
bf4b3f6d
401e3f80
4021403f
3fe43fde
403cbec0
3fdbbf48
3fe03ddf
45d83f3f
40363f9d
be403f88
3fd23fa6
be84402c
3fe33e1c
402b4035
bec14009
3f3b403d
bf3c3f9f
4018bc97
bdf7be98
3fa53f05
bf3abead
be27bf3d
3f26bef5
4024bf09
3f803ffd
3ff63fe6
bef64014
3ef03fe9
bee8401d
40113f35
3f3c4003
3e0bbf5b
3d95bcf5
bf2e3faa
40243fed
3f0d3fac
3d433fc8
402fbf05
bdb13fb7
3f88401b
bf143f9c
bf61bf33
3fe0be83
3fcf3f04
3f0f402d
40023fa4
400a4022
3f753f88
3ff33ff8
402ebe90
bf38bf69
3fe23fb4
401a4002
3e40bed5
403e3fbf
40384001
3f92c5d8
40223e74
be8e3db5
40063fd0
bf2cbf03
402fbe28
beb53f94
3f674016
3f8bbf7d
40093fd1
3f26bf07
bf1fbf15
4024be85
3fed3f9b
4022be8a
402fbf74
bf35401c
4039befd
40363fe7
40043f9b
bf66400d
40224034
3fccbee6
3f853db4
3fdcbf65
bf0bbe89
3ee43fdd
401f403e
3f833f9d
4030bef3
401e3e9a
bf1dbe62
3fdf402e
40103eff
3fc03f90
3f733fd5
40333ff3
3ff13ffd
bdf53f47
3f99be5c
bf4a4019
3fcc3f71
bf673f84
3f2f3e70
3fa54037
402fbe51
3fd93f45
403e4011
45d84036
bf654029
3f9d3fc1
bf51be67
3f6f403a
be89bf20
3f863f5f
3fb4be30
bf1a3ed4
4004bf7e
40214021
401c3f51
bd963f83
4026bf07
bf29402f
3ff4bf4e
3ec73fbe
402c3fb6
40044016
3efa3f18
bf483fd5
bdf93f3c
3ff84029
be603fc3
be09bf43
bf353ef0
3faa3ffb
3f983e15
3d9f3fc1
3fee3f8c
3f343fd7
3f0c4032
bf403fca
3ff63f9a
403c3f88
3fd13f28
3f193f55
3f40bf1c
3fde3e2f
40053fe6
3fa73e06
40144004
403a400a
401a4031
3ff74018
bf784014
3f87bf67
bf443fd0
be5d3ffd
bf40c5d8
402d3f8b
bebb4009
3ffd3f87
be7e402d
3f9c3faa
3f1f3fca
3e9c3c20
3fba3fb7
4034bf4e
bcad4018
bde94037
3fff403d
3ee0bddb
40283e5a
3db53f57
3fc4400f
3fcfbec8
401d3fe9
3e9b3f86
bf093dec
40053f4f
3e243f20
4017403b
40233fc6
3ddebf51
3ed7bf7a
3e1fbf72
40223f4b
3c3e3f9e
400d3fbc
3fe6bea0
3d12bef9
3fa94009
3ee1400d
3e0a3fc6
3ffcbec4
3f0ebf57
40193ebb
3fdbbe80
3fc43f9d
bf53bf13
be804000
be663e0a
3f913e89
3eb93fe6
400bbee3
bebe4022
45d83dbb
4005be7f
3fc33f8c
3f63401b
40044018
3fefbe77
3f82bf1c
3ffcbe98
bf46beeb
3c234001
bf2b3f52
40073fa4
3f94beb7
3f833eee
bf5d3eaa
3fa13ec0
be8f403a
3f924024
3ecd400d
be3a3f9d
be963faf
3dba4026
3f834036
4019be97
3dc73fd2
3ff13f4b
bf04bf0e
4027bf37
3ff23ff7
3faa3de2
3fb03fbc
40183fad
3f893f35
403fbe95
bf783ffe
3ed2beef
bea54026
40393f98
400f3ff9
3f5a3f8b
bf4e4027
403fbf58
3f3b3ff6
3f9c400f
3fa3403d
3f07403b
40184028
bf214022
4030400f
3d00c5d8
3ce93ec4
40133fd5
3f57be6a
3e8a3f93
bf503fcc
bf38be47
3ff6bdd3
bec43e1b
3e214009
3f0c3fab
3fe63fb8
3f4a401f
403a400b
bf673ec0
be7b403e
3fa54038
3fa03f34
3f8f3fbd
3ee03f4c
3f974033
bef8be84
3f7e3f08
bed4402e
4013bc2a
3ff7bf6b
bf173fdf
40083f34
3fce3f05
3fe93f8f
3f8b3e1e
be9d3f49
400e400b
3f2e3f94
3fb8be89
3fb43f93
3fa8bd4d
3e25be3d
3f894023
bf1e3f29
3f9a4034
403e4015
3e113fad
3f033ead
3f25bc85
400cbde2
40044018
bf2e4028
45d83eda
bf7a3d75
3f88be0d
be814027
3fac4003
403fbe6b
bf0e3f1e
3ebd3f73
3de5402a
4029bf10
3eac3ff5
3dfabf59
3f10bf2a
3fef3fc7
bf073ef3
bf4ebf1a
40153f7c
3fa23f93
3f86be0d
3fe3bf33
3f5e4037
3dfa3f83
bf064029
4038401f
401c403c
bf293f07
400d4018
3fa03fc7
3a083fb5
3f2fbe92
401e3f51
3e00be98
bf423fdc
3dc43deb
40304025
3fc04001
bf053f6e
4018bd7f
bea13f84
3f9a4025
3ee63f34
4011bf6b
4009bf2c
3fd13f68
be863f48
3fde3ff0
3bd43fc5
bf08bed3
3e6d3e21
3f6bc5d8
bf0b4029
40303fe2
bde03f1d
3fa5bf20
3fcbbf16
4029bbbf
4005be93
3fbd3d4e
403e400d
40023f45
400e3ebc
bf803f8d
3f543f32
bf003f5a
3eb13ffa
3f38403b
3f794003
40303fc8
402f4017
3f68befc
3fa73f1d
402d3f13
403b3fc8
3fc93ff9
bee7bf74
3fabbf6b
4011bf1f
3f863f85
3f92bf2e
3f45be40
be3f3fb3
bf5f4012
bf754039
bef63fba
bd1cbf72
bec03fa1
3fb14034
40053fe3
3fbebdae
40004002
3fd03ff1
3fdd3fb3
3fc4bc7a
bec74007
4011bd97
bf0abe05
3fe3bf22
45d83e5a
3f774031
3e333d66
be533f9d
bf274037
3f163f12
3fa6be89
bdba3fc0
3fccbf07
be713e09
3f864034
3f333fd5
401f3f7a
401a4024
bf563fd1
3f31bec9
40063eb8
3ed94027
3f11bf2a
40383cbc
3f293fe3
3f533fe4
40043eda
40363fd7
beb04009
3ef83e43
403b3e03
3f594033
3f69402a
3f8abf2a
bdae3ebf
3e7f403a
3ef34027
bf66bdc6
bd8a3dda
3f5bbf67
3fd73fbd
3f6c3e8b
400a3e5c
3e603e35
3fab3e36
401b4020
3fd23fac
403f401a
3f253fb0
bf3dbe64
40273e9a
be323f83
403d3fad
bf5ec5d8
3f64be79
3e533fdd
3f96bf2a
3f8f400d
3eba3fa3
400e3f63
bee63f18
bf5b3edb
3ff63fc9
bf2d4037
bed63ff3
402e3e7e
3fa83f37
40173eca
40233e29
3ff2401b
3fbf3fcb
4019be30
3f8b3f6b
3cbebf42
3f693e8c
3ed93f68
3f1c3fac
40403e93
bcdcbe54
4018400f
3f3abf49
bf333edb
40283fad
3e08bec4
3faf3f9e
3f5a3f8c
3ec74036
400f3e58
3f593f72
402a3f2f
3eda4016
400cbe89
3f7e4022
3c843da1
3d8d3fe5
be1cbed3
c5d83ff3
bf23bf20
be53bf6a
40404015
3eb8401b
40173fa9
3fda4025
bede4017
3fc2beae
40153ebe
3f1e4027
3f993d89
40203f83
40304027
3f9d4027
3ed6401c
3fe34023
3f9cbec9
402a4035
beef3e83
3eba4029
3f983f1b
3f4f401b
bd17bf1f
bedf3ee1
40254007
3f26bf4d
3f724025
3f843f32
400fbf18
3c544019
3f584022
3ffabed0
3f59be9a
3e003e45
4014402c
3ea33fcc
3f933e63
bf5e400e
3fab3fd5
3f0a3fb1
3f2e3e00
40244035
40083e3f
403f3f03
be054014
403abdc3
be9f3f1b
3fc53e5a
be3045d8
4000be96
bf523f95
40083f41
bf6fbd0f
bd2c3fb9
3fe13fa5
bf0c4010
be8e3f8b
3fef4021
3fc84034
403a3e8b
3f1e3f3c
3f6c3f9a
3ff5402f
3f10bf0f
3e98bf45
be984004
3fa3bea7
400cbe9b
4027bf19
4015bf06
3f17be2d
3f8a3ebe
400cbe68
3fb83ea6
40173f18
40363f80
3f283e94
3ec7403d
4036bf3d
3e58bf22
beac4035
402c3edc
bea93f46
3fb7bf1a
3ff8bf5a
bf22bf7f
40043e0b
be8c3feb
bf0f3e6c
3f9f3ebb
3ff13fa6
be1b4013
4038bf3e
3fd03f93
3ea54039
3f5abed7
c5d8bf62
bf683fbf
3cbf3fc5
403f3efc
be89402c
bec73cd1
3dd03f81
3fd3bea3
3f6f3fe0
40214009
3f903f75
bda13f09
4019402b
400cbf02
3f1ebe5b
3ef2bf11
3fa73f5d
402e3fc9
3f643fc5
40224003
3f553fe2
3c603b9c
3eff4014
402b4002
be9b3f3f
beb14004
402f3f14
bf623fe7
3f014021
3fe53fcc
40273f2a
3f973f70
40073fa1
bf6b3f77
3f144024
3f163fca
3f1f3f10
bf343b98
bf43402e
bee44002
402d3fa1
3ec93f31
3fc73f30
bf563ec9
401cbec1
3eee3fcf
bf113f64
be4e401a
4004bf45
3f9945d8
3f18bf51
bdb03ebf
bd5b3f10
403d3f69
bf024022
3f9abdae
3f883fa9
be81bf0e
40223fc2
bf293f5a
bd1e3fbd
401f3f5b
3efbbee3
40003f77
4020400e
3f5fbf5e
3fcbbf39
3f35bf00
3fe3400e
3fc53e4d
bf3e3fb9
3e574014
3fbc4027
3ecbbf57
3f443e1d
bf294009
be37bed0
3fb0400f
bf4a3f96
4032bf64
3f30be96
be883fa0
4007bf3d
4026bf4a
3fd74029
bf803f05
bef63f90
bf174032
3dd24016
3f20bf45
3e97400c
bf703f0a
3fa6bf02
400abf53
3ff54030
bdc93fbb
bf683fa3
c5d83f54
400a3fce
3fb03fba
40353ebd
be92bf75
beffbf73
3fa2402e
3f873fae
3ee93fb0
402c3e87
3fc4bc94
403c3fad
3f8c3f74
3f85becd
3e953fa1
3fdc3e44
3f7d3f55
beb83e80
bf7e3f26
3ff84002
bf263ef5
400cbf15
3fba3fee
3e0a3fef
400d401a
bf383fa5
3ef8be37
3dba4021
bd13402f
3e92bf77
bf1e3f8e
3fc23f93
bf11bf5d
3f373fca
bd953f5e
40143f93
40223f10
3e79bf12
40263f64
beef3ed8
3f61402a
402c4001
401f3e0e
bd89bd8a
401fbe86
bf583ffb
4009bf1c
4032401c
3f1b3fee
400345d8
401ebeaf
3f144014
bdd53f15
3fda3fde
bee74002
3fb8be73
3f2a3e70
3d9d3f82
402b3e12
bf123ffd
40024028
bf20bee6
3fae400b
40354030
3ff13f1d
3f72bf71
3f7c3f22
4032bf5d
3f40be17
3fe44030
3fdfbf4c
3f343f66
40073f84
bf744037
bf6c3fdf
3fc2bf54
402a402d
3f30befe
be7bbed9
3f143f6f
401f3fa6
3feabe20
3f223e8f
3fe2403e
402fbdcc
403b3f67
3e24bf44
3f6b3f83
401e3e5e
40043fee
bf643e15
3f324029
bf503fcc
3d5e3f36
40373c58
bf003fa0
3fdd3e86
c5d8400a
3f6a3fa7
3fa4bf7d
3ff93fed
3faf4010
3ebd402a
3fdf3f44
3f30bebc
bec23fcf
3fb34010
3ff84033
3f944028
3f07401f
3fcb3c9f
3f804004
3ffd3f4a
bf083f8d
bf263f7b
bf713ea6
3f993f8e
3e044010
be843fc4
40243ff0
3fb1bef2
4014be3e
3e233fde
bed13fda
400c3fd5
bf303ed3
bf18bb57
be833f6b
4022be8a
3fc9bf0e
4019bf50
400f3ebe
3f11bd61
3ff1bb6a
3dea3f0e
beea4001
3f333e0c
402b4006
3f333e35
3f2abf50
3e2b3f5b
3f45bf3f
3fdf3fb0
4035bf13
4005403b
3de83fcd
bf4b45d8
40323fdd
3f753f97
401c3bb6
3ff74011
bf354024
3f6fbd7c
bea43fa4
4035be5f
3cee3f90
3fbd3f85
3f0a401e
3fb43dc9
40354038
3f824013
40203f1b
3fd6400d
3fe7be83
be983f57
3f3c4016
be983fd5
bf08bf5c
bf033f43
be86bd6c
3f233fe3
3e34bee3
400f3fd4
3e863fa8
bf79bcb4
40084023
3e6cbe80
3f1a3ee5
3efc3fbc
3ee63fd8
402a3fd8
40003fc3
3fae3e31
bd4abf18
3fd4400b
401bbf18
3fa53f37
3fb43f01
400fbf06
bd0d3fdb
bea24038
3fe9403b
3f673ec7
3dd6400d
c5d84007
402b3fe1
3fe3bf46
3eba3ff0
3dd13db3
3f594002
4001bddc
3f8c3e1c
bee54002
3fc34015
3ff83edf
40144001
402abeb6
3f6d3f70
be1a3fdb
3fba403a
3fefbf7a
bf52be1a
bec3beb7
402c4014
4018bf31
3e8fbf31
3f4cbeb4
3f2c4006
beff3ebc
beee4015
3f9f4004
3fb43f1e
3fdb401d
bf083f24
3ee3403d
bf303fda
3ec33fe3
40313ef6
3fa83fbb
be5e3f8d
3e4f3fac
3fc0bef8
3de2bf40
bdec3ef6
40204030
3c6cbf4d
bf0b4027
bf5b3fe3
3ec93ee4
3e95400e
3f7c3e9f
be88bf1c
3faf4007
be9c45d8
3fbcbf7d
3ea73f67
3f653f67
3f683f7b
3f823f39
40183eb1
be443fe3
3f9a4032
4008be1a
bf30be8b
3fdf3fec
402f4037
bf0e3fc2
3fd0400e
bf363fde
beefbe73
bee63e6e
bf24bf7a
3ff1403b
3edc4021
40133fd3
3f9e4010
3f2e3ffa
403b3f52
400f3b61
be98bf49
3f63bf7a
3f66be61
3fdabf71
3fe1bf4b
3f753fd0
401d3de1
3fc13fe4
bf7b3ffb
3fdc3eb1
400d3f78
bec63dcb
402f401f
3f343f4f
3cf73e9d
3f58be90
3f243f27
3f323f82
be404039
40073cb5
40353ee5
3ff9bf38
c5d83f4a
3eb3bdfe
bf08bec7
3f36bf7e
3f454008
bf3b4015
3fa34026
3fd03e9e
40133fbc
3f7d4036
403dbf59
3f813f5b
3cbe3fdf
bf3dbdb1
bf553f8a
bf284026
bf6d3f27
3fe43e78
40333fbf
3de43ef3
3f2a3efa
3ff63fbd
40253ecf
bf4b3ea9
bf1f4023
bf663e4c
3f063e24
bec83fbc
3f123fcd
3c6b4015
3fb44036
bf4e4033
3fd73f95
3fa34032
3f924011
3fca4033
bf724019
bd413f43
3f1a3fee
40283fa8
40263f72
3fec403d
400dbf36
3e3a3d96
3f8ec5d8
3cd23ff7
bee2bf4e
40173eda
3f773f21
3fab3ee7
3f25bf46
3f373fc5
4014bf4d
3f5b4040
40393e74
3fb73e3f
40244037
3f213f7a
40043f6f
bf773e82
3f03bf1b
4024bf46
3d163eb8
40263f49
40133e0e
3f833f54
3fef3fad
4017be4f
40104022
bdf5bed4
3e47bf49
be22402c
40243eba
be9b4033
3f444003
401c403e
3f4f3d47
3f23bb23
3ddfbf21
40004037
3f7e3f89
3faa4034
3fd83f74
3f604009
3fff3f24
3e45be5c
bf67402c
3ee7400e
bea04035
bf6b401b
3ed64024
bf1c3f71
45d83f54
be36402c
bd4b4011
4033bf2a
3f9e3edf
402c3fe6
3fadbec9
bf1fbe90
3f8c4034
40213fec
3f4e3ea4
bcc63d1d
3f7b3e06
bf6d3eb0
bf75bf6b
4032403a
bdb33d5e
3dc73fdc
3e31400c
3fd53fa0
bf523f8a
3fd24036
4023beb1
bf263fe7
40004039
3edd4031
3efd3f2f
bf0b3f86
be7cbd83
bf6abf2b
40343da8
40214017
bf744010
3fab3f41
403b3f7a
40273f96
403e3f18
3f94bf68
40273ea1
3f42402d
bed84039
be883fb3
403b3f22
40123fd6
bf543ffe
40383fad
3fb34036
3fe23e2b
402fbedf
4029c5d8
bebf402f
3e7e4037
3fca3ec3
3fe24039
be673f78
400d403a
be81be83
bf773c3b
3ffc4021
4025bf07
3f123f98
3f413fa4
3f30be3d
3e59bf0a
bea9bd42
3ee94005
bdb64038
3e754008
401b3f18
3f154025
bf3cbf42
3e8fbf52
3fce3fab
3f794032
3f6c3f0e
3fd5bcce
3fc6befb
403cbf1e
bf693fa1
402f4034
be983f71
bf0a403b
40244022
bf67bd2b
3f774026
bf27bf37
bf6fbec3
bea03ff2
3f423fcb
3fbf3ff5
3fd3bf09
bdf7bf40
3f62400e
3ff0bf1f
40044025
403b3fbb
befcbf62
45d8400f
bf563faf
3ee6be5b
bc293fb4
400dbcc7
3e8c3e17
3f884024
400e4033
3fe7be2b
3f30400b
3f41bc09
3e9b4036
400d3f55
40154031
403b3f75
3fdabf1a
40333f9c
40084023
401dbf1f
bf13be78
bf203fe5
3ed33d87
4027bf62
3f933fed
bf47401b
3ff2be47
40263fa4
3f353e8b
40133fff
bedb4031
4030402b
3fb0bf20
4013bf78
be30beb3
403e3ecf
40264009
3efb4003
3eef3f08
3fc63f1f
3cf73e97
40293f5e
3f4dbef9
be913f96
4022be4f
3f2a3f84
3f68401c
bd37be87
3ea9bec9
3fd84008
3f9dc5d8
40153f55
40343f24
40303fe6
400f4019
3f19bf5f
402d3e68
3f4ebeda
3fdc3f70
3fed3fc3
40093faa
bf48bd8f
bf1d400d
401c3fbd
3fb0401e
bf433c3d
3f953f2e
3f3c403e
3fa13ece
3e953f2c
bf7f3f1b
40293fff
3f693ff4
3fcb402b
3e90bf4f
3f83bc9f
3e9d4004
400e4026
bf5c3f57
bf2f4016
403b3e25
3ff53ed9
be9e3fdd
40353ea7
3f313f80
3f344026
401c4012
bf5f3fd6
bd923fcc
3fb93fea
3f6cbf4b
bf56bf3d
be9fbd19
3f90403a
400cbec1
3f863f17
bbf04015
40054002
45d83eef
401f4037
402d3fad
3a4a3df9
bedabeaf
4021bf1b
bf063ff8
4034bf4f
bf28bf4d
3f743f94
4037be9b
3f763f5c
3f803f2c
3fc2403d
3d84be54
3e963fde
bf1bbdca
be533dec
402a3fd6
3fe83f3c
3fe23ee3
3fe0be23
3fa04040
3f4f3f58
3fb2bee4
400fbe0b
bf3a3d6c
40233f84
401a3fcf
40013f8e
40213fa2
403f4008
3db13fb3
3f553f75
3f61be2b
bf734014
40163f24
3de74008
3fd3bdf8
3e96beff
bedc403c
be374038
3fc73e69
3f813fa2
3fbcbeef
3e6ebf59
3f58401d
3f92400a
3fac4030
bf0cc5d8
3c353fee
3f763f1b
3ff33ff0
be2a3f82
bf234000
3fc5bd55
3ca5bb20
3f02bf4a
3d133e70
40343f49
40153fca
3f5dbf76
3f16403b
3fa83e3d
3eda3fdc
3ff64000
be433fe7
3f584018
beb44040
40173fe4
3fde4023
3fd13bde
3e1a402e
be9e4031
3eeabf42
3f933fb2
be81bf4a
40154024
3fbc3f89
401f3dc9
3e9dbf60
be713ffa
bef2becc
3ebe3fe0
3fa54017
3f473ff9
3f91401e
40284007
bf294030
3dfe3f46
bea54018
beff3f21
3f033faf
3fb93f31
3fb9bf1b
be83bf71
3f483fa3
45d8be90
3fa93f74
3fec4002
bee13d90
401d3d84
3f63be07
3f7e3fbc
bcad400e
bf303fb6
3e633f30
bf5cbeb2
402bbf15
3ffbbf52
3e1e4034
bf5d401d
bf703f81
3fafbc86
40293ff4
4013403e
bc353fc4
3ff7bc50
403fbeb5
4016be5e
3fcf4021
402dbe6c
401a3fb0
40314010
40124002
bf2ebf51
3f6ebee5
3d67bf22
3fa23f72
3fff4013
3ff93f89
3f5a4001
3f213fe0
3d823f17
400b402b
3f8b3d00
401b3fda
403c3e9d
40373fde
becf3fc2
3fd93fd5
be983f4a
40223f53
bed8402a
bef3beda
be0d3fc2
401cc5d8
3f083f8e
40273fc7
3e8dbf32
bf36bd51
3e954033
3f7e3e82
3ff13f46
bf784014
3fdd4013
4011403f
bf6a4010
3f1d3feb
3fa94016
3febbf5a
3ef9bf5c
3fce3fd5
40383f2b
3f853f89
40363f8c
3def3fa2
3f373fa0
40293f18
402a402c
beeabf06
3ed83eda
bf443f46
3fb4bf3d
3fd7be71
3e8fbe56
3fa7bf37
bea14023
400d3f81
3ecb3f60
3fe63fb8
bf363f7b
3eed3fec
3ec0400a
bd6a401d
3dd73fa4
3fcdbf75
3f7e4040
40003ffe
3e163f9c
3fdb3fef
3e40be8a
40253ed6
3fcd3f75
45d83f92
bda0bf77
3ec33fa3
403d3e4c
3f6c3fa1
3eef3e1c
3f053f56
3f9e3f61
be814015
401a3fa2
402fbd14
3fdbbee5
bf123f17
bf634006
401f3d1a
4008bf74
3f014032
3f6dbe4c
3f0dbda5
3fd3bf7e
bdeebe99
bf163f66
40153f02
3f9abdd2
bf1fbf7f
3faf3e57
3f3a402c
3f7e401c
3e773fbe
403cbf4c
beff4006
40213fc7
bda4400c
3ef3bf58
bf44bf3b
3fd73f98
bf41bf2b
3fba3fee
4023401c
be5c3fa3
bf433fad
bf7dbf00
3f943ece
3fbabf22
bf2c3fbd
3f154013
3d703fb8
3fac3f7d
3fc43fe9
3f893fc1
3ecc4019
40393efd
3e87bf66
be073f36
3f85402b
3f07be14
3f90beea
3d62be54
bf01bf25
3f97bf62
3ea5400b
3ea1be74
3fd3401c
3e8b4034
be953f47
3e8f3fde
3fd8bf0d
bf023f43
402b3f52
3fdbbec0
3ea63fc8
3f31402b
3f233d8f
3fcd401b
3ffebf08
40313dbd
3e67bf5e
3d5fbf0e
bea1bf4f
3fdc403a
3f8cbf0b
3fa73e12
3f2d3fa8
3ee84036
401dbf6f
bc82bf4a
be9f3f86
3fd74032
3fc3bf22
3fe03f2c
3fa7401d
3f2fbe57
c5d84037
3f36be6a
bf333fc1
40223e11
3f884009
3f913fa0
3fdabedd
bd67bf1a
3ff7beeb
3fbb3ee4
40203f75
3f903f29
beeb4036
3f693ec1
3f623e84
3efbbf59
3fdf4029
3eccbd2f
bf794003
bf4c3f45
3f5d3fbc
3e834016
40003e65
bf403e51
3c424021
3f594000
3fbc3fec
3f0a403e
3fef3da1
bf5abf29
3dd8bf5b
40303e03
3effbf3c
3fac3f6f
bf12402a
3f003f9f
3fa24024
3f8bbf17
3fd14010
4031bf38
3fd1bf78
3fb0401a
be82bf3d
befb4013
4001be18
bf66403a
40404013
40303ee0
be863f9f
3eb845d8
3fce3f98
3ed14027
bd3dbe43
401e3dba
bf4ebf07
3fbf3f54
3fc84027
3ec93fcf
3fe3bf50
bef34009
3eb73f98
bf74401d
40373f23
40213f57
3f1a401f
3fac3ea9
401a3f90
bf55402d
3f943ea4
3e8f3f3a
3fcdbf1c
3bfb3f91
3fe43efe
3fe8bed9
bf593f9c
bf64bf6b
bed33fe8
40303fba
3f973e45
3f3e3f6b
3fc23fed
40403fc3
3f7bbde5
3ff13ffb
3f893f7e
3fffbf41
bf313fe7
bf713f9f
3e3c3efb
40313e88
4011bf46
3de23f84
bee23fce
3fda3ee0
3db3401c
402d3f0e
3f333f97
c5d83f41
401ebc03
3fadbc5b
3ff5bd52
bf7cbf14
3ef33fa8
beca3e83
401f4023
3f254033
3f7c402b
4013402d
bf553fcf
3eb94024
4014401e
3fad3fdd
bf203fe7
3fd4402e
be573f3f
3f873fea
3f2fbf62
3fbc3f4b
3f64bf66
bf51beae
3ea43fb8
3dc73e7d
3fe53f11
40083faa
40344036
bee9403b
4010bf2e
3ff54037
3f11bd02
bf563fdd
40373f26
3dfd4036
3f973eec
3f184012
be4dbf53
3eb84032
3eccbf2c
bed4bf33
bf523d29
3fd13f8a
403e3ecf
bedbbf76
3fc73ff5
3f713fca
bec03fe1
3fe8403c
3fb945d8
bebf3fa0
bf294034
be433fa6
4032401b
3f4cbecb
3f053f67
3fc6bf62
3ff6bec7
403b3f7b
40084036
40283f1b
4014bd38
40353fc4
403f4016
4018403c
40213fe8
3fa74016
3f233f9e
bf6f400a
3ff43fe0
3fd54039
3f49bead
4008bf56
3ff13f24
403b3fac
3e07bf26
3fd93fee
bf13be88
40313ffa
403e3dc5
3fe73fbe
40163ec4
4023be8c
3ec23ea6
3f16400a
403cbd95
4000bf1d
3f4cbe61
402a4036
bf763fc6
4009400b
bf473e81
40363f0a
bf203e1a
bf663d25
3f11bf2e
bf6e3db9
c5d8bd4d
3d914002
bf0a3fb2
402c3fee
401c3fdc
3f484021
bdc8402b
3f89bf0d
3fd2becc
3f8e402c
3fc1bebe
40323f38
402d3f1b
3ef43fa6
be933fce
3ff24015
3e393fcd
3f843fa1
4036bf54
3f7e3f33
bf01400f
40173f7b
be37bc26
400b4023
3ec1402a
3f74401d
4002be59
3f16befb
bf113f37
bed9bf71
402f4024
3fbd402a
bea23f96
3f4a400c
bf1ebbe1
3f703fe1
be94be9f
3ea23f35
4000400f
3f8fbf53
3f043f89
402b3f88
be9bbf40
3f524035
3fd9bef4
be41bf7f
40173f5d
bf013fd1
3f6e4004
400345d8
3fd64001
4008bf4f
bf15bc02
bf69bf4c
3eea4015
befebe5a
403a3fe9
3f21bea0
3e743ffd
3f943f11
3eef4036
bf493e08
bf633fa1
bf49403f
4011bf15
3fb03f6d
bf663f44
400fbefb
3eaa3fb8
bf62403d
beef3f3b
bf19bf1b
40294018
3f303f96
bf484003
3f793f9a
3f52be3b
40184011
40083f85
401e3ffe
40284010
bf544014
401d4002
bf5d3e45
3ffebe0f
bf2c3f4e
be4b3fc5
3ed0bf7b
3fcc400f
3ff64039
40113ff2
3ea74002
3f40bf26
400e3faf
3f0bbf23
bf203fc6
bec63f74
c5d84013
bf083f9b
bf323eef
3fd33ee5
bf6fbf7f
4008bdf1
40083e96
3faa3e77
40203e4a
bef9bf74
3fb94016
40294000
3f48be98
40294030
be843fa1
3fcd3f98
402c402c
40353f40
40084003
4023bf07
3fa94014
3f8bbf33
40103f82
40273f01
3fc93ea1
3fc6bee5
3fe53f42
4005bf7d
40093e9b
40353fc1
3fdf3faa
bf4d403f
be963e25
3f913fbe
3fff4015
40343eea
3f8a3f9d
4037be83
3f4c3fb4
bea6403b
3faf3fec
3eb0bd15
bf3bbedf
4020be34
bf7a3f6f
401c4015
bf183f08
3e23bea8
be6b3fe8
3fdd45d8
4025be87
3fc3bf70
401ebf1a
40133d72
bf11bf21
3f8d401f
bf5f400a
3fbf3fcf
3f78bf06
bf7cbf5e
402b3fd0
3f14bef8
bdb14018
3e033ff1
3fee4004
4000401b
3e9ebf2e
3ff74009
bdb43fba
3f5c3e35
3fc63fd4
bf223fff
3e24beaa
bf23400d
bf6fbf2a
bf5b3e56
3fdebedb
403a3d94
3fe4bf63
3eff3e8c
be394004
3fef3f8a
3f514037
be1d4029
3e933fed
40033f92
bf753fd9
3fa43f23
403b4019
bf423faa
3f9b3ed4
3e284015
3e323fbc
3ff03f35
3ea13f46
3fbdbf6a
4015bea6
c5d83fad
3f583f9e
3f71bd76
40013fd6
3f014037
3feebe8a
3fc63f37
bf393fab
4020bd40
3f7bbd22
3fbb3fc1
3fda3f8b
40053fe7
40333fe7
40383fa7
bf0a4026
be084028
3f64bf03
4028402f
40233fe2
3fa74020
3f1bbefb
402dbee8
3f373ed6
bef1bf36
403cbe4e
3f874011
3fbd3fe8
3fccbf31
bf273f53
3e4b3ec3
40384014
3f494007
bf053fa7
403d3cdd
40054007
3fd5bf0d
3f4d4035
3f9f4014
be59400e
3e9fbf26
3f4abe64
400e3f52
40104022
3fa5be27
be8a4020
3f8c3f3d
bf293f98
3fac3feb
3f9e45d8
40143fbc
bf3c3e58
bf794019
3f33bd2c
40313d79
3f9d3fab
3fe44020
4022401f
3d6fbf67
bebf3fd4
3f403ffc
3f373f62
bf64be27
3fab3f02
3e873fc7
3f5abea7
40193f8d
3faf3ffa
bf084033
3f213ff5
3e6c3f7b
bf223fd7
3fc74033
3fa23fca
401b400c
beb1bf07
bf5b3f78
3f70bf65
4009bf3b
bea43fd3
40254037
3e7f403d
3f4ebf64
403abf28
bdf0400a
3db03fb5
40063fd7
4016beb6
bf2b3e95
3f36beae
be1b4026
3fe04024
45d8be72
3f913f90
becf3fcb
3e973ee0
bee83ff7
bdb8bf64
3ec84020
3ffcbe99
be783f61
3f763ff0
401e3f4f
3fe83fbd
be924024
40253efa
3f7abea4
be8d3f73
bea5402e
3fe73f87
3f72bf12
bf013e56
3f343f15
3f494012
3ffd400c
be3b3f5c
4013bf1f
be7a400b
3f9b3fef
3f3cbf29
4013bf7a
3f653f7a
40283e46
40204016
bf593f5f
400d4035
3e84bf73
3ffebe2a
3f303fda
3e92bf3a
3f3dbf6b
3fe83e8c
bf3a403d
3f0c401b
3fd0be16
403c3ea5
402a3f91
3fab3f4e
40073e74
bf6e4027
3fa3bf41
bdbbc5d8
3e5a3fd3
be853f06
4026be6f
403d3f1c
401b3eb3
4012bf69
be93bdcb
3eac3ff6
40343f71
402c3ffe
40393d80
3fb33f3f
403f400e
402dbf68
bcfb3f2c
3c164010
40124015
3f503fdc
402bbf60
40303e3e
3fab3fc4
bea43eb2
3fde3ee4
3f4e4031
3fcebf6f
bf08bee8
3e6c3fa7
3fa03feb
3f143f07
4022be7b
3f6b4026
beb43fbd
3ed6bee9
3fc9bebe
3fa34013
bf163eda
40293ff7
3fb33f59
bebbbf3c
3ff73ece
40003e48
bdf04031
3fdf3e9e
40083ee3
400d4015
bdc63fb8
4022be32
45d8401a
3fa9bf68
4026be07
3fe74004
3ea43e3a
bf16bf19
beab401d
3fca3fa4
4027be72
3fc2400c
3fa1bdd5
3d893ef1
3f9d3fb0
40363fac
3fe14021
3fc33f95
3f41bf72
bf5f3fad
3fecbecb
3fdc4027
3fe73fdd
3f143fac
4034bc98
3f31bf35
bf783ffa
3f903fe3
3fd5403a
be16400e
3ca33f6c
4011bf67
3feebd4b
4031403c
3f48bf51
4009be6d
3dbcbef9
4026bf3a
3f38be2b
bf524001
4001402e
bf044001
403f4024
bf63402c
3f173ff5
bea2401c
40264001
bf133f06
402d3f15
401b4009
4030bd8a
bf54c5d8
bf4d4029
3fa94032
40113ff1
4012bf37
bf66bebb
401d3ff2
3eb83f83
3d95bf08
3fc3be48
3f37401d
4005bf24
3fc5bf0e
be1f401c
40213f20
3fc4bf41
bc9b3fcb
4005bf09
bd6c3f99
3f91400c
4040be4d
401a3f9d
40153f6d
3fe24039
40093f81
bf684025
be244035
3fc54015
4023be36
3f813fdf
be9c3f32
bf713f9f
3fb33ec3
3f3b3f9e
bdd53f3d
beb14008
3fa63fc6
40143f26
3fc04039
3f8f4009
3f90401f
bf02bf24
becb3fbe
4019bf26
3eacbe95
bef14037
bf3dbeaf
3fcb3f39
45d83ea8
3fd4bf5e
3d62be7b
3ff93f72
be23bed2
3f7d3f9d
3f6dbf5a
40083f46
4017bf15
3eebbbc1
400a3f85
3f334035
402fbebb
bea4bda0
403c3f0c
3f68bf48
3f983fb2
bf613d6e
3fd1bf61
3fb2bf13
3f1f3fd8
3fab3f21
bf37400c
bf5b400e
400b4026
3fda3f41
3f9e3fc3
402f3fde
402cbbb6
3f813f3d
bf3c3e72
bf073f87
3f514023
bcb43fed
3ffc3ecd
4002400a
bf053f27
3f76403c
3fecbed3
3fe5bf43
3ff43f61
3e44400e
3fe83f81
bee7402d
bee43f9a
3dabbe72
bcd33dd4
bea63fa5
bf0b4009
3e8dc5d8
3eeb3f99
be5a3fda
3e473fbb
40293fc9
3fcb4040
bf103f20
be113f93
be734035
3e6e3fed
3e973e7e
3e673f14
be8c3d96
bf5e3fc0
3d2cbf05
3dd9401b
bf0b4029
402b3ef6
3c9b3ffe
3ed7be87
4032bf30
bd253f03
3f214003
3e01bec5
3ffd3f75
bf5a3ee6
be9a3f9e
bf32bf01
bd954023
40044021
3ea9be9f
bf5bbe39
400b3de1
3f8c3f18
3fbb3f2c
bef93f23
40314010
400a3ff6
4025be82
400b403b
40183e8f
be88403b
3faabf20
be9ebf15
3fbd3f68
3eddbef9
bd1d3fca
3f8b3f68
45d84025
bf763f94
bd544004
40184018
3feebf70
3fbe3f40
4023bf05
bf103f8e
40293ec8
402b3fa6
3f013f96
3f87beb9
402cbe54
3f61be31
4020bf6f
3f4e3df4
be1d3f67
3f9ebf0b
401b3fed
bf223f7e
be67bd5e
bf503fdb
bf7bbf12
3fa83fff
3e98bf76
40323ff3
bed53f40
bf2d3fe2
3ecc3fe8
3facbf20
40393f9c
3f58bedb
3ecdbec0
bf703f13
3f4bbf7e
bdf9bd1c
3f983f47
be013f25
3ea9be45
bf2abce2
3f263f8d
bf80403d
3fed4033
3fa0401f
be59401e
bf7a3ea1
40234020
be6a3fb1
be463cfd
402ac5d8
3f984005
be08beeb
3fea3fde
4011be82
be98403c
bf1e3fb6
3f5abed0
3f7d3fec
401dbf08
be1f4013
3f6f3e78
be47bf53
3e9e401b
3f963cd2
3f494007
403f3fcf
40233fa4
3f7a3f4c
3f95bf46
3ffe3f11
3fe13f20
3faf3f93
bd733f61
3e4b4026
bf19bf64
4008bcce
bf733f69
3febbf3a
3ff24012
402fbebb
3f9b3e23
bf45401e
3ff73f25
3fd43f84
3f74beb8
3e624027
bf203f6c
4037bed1
3f5b3fac
3fb0bf0f
be853f53
40273fe9
bf523eb4
be9f4021
3e66403c
bf073fd1
3ed7bf65
45d84003
40184016
3fc13fbe
3f283f54
3fefbee5
3d94bea4
bec0400c
bf54bf2f
3ff93fa1
bf54be76
bf463f70
be853f57
3fd7bdd5
bf62403b
3fd64021
bf703f98
3f62400a
3f7e3ff2
be27403d
400f3f16
3f0f3f70
bf55400e
3f4c3edf
3fa43fa0
3db63ffb
40273f2d
3fd53e03
3fec3ed9
3febbea4
3ff23fd0
be583f3b
3fb23f7a
be82403f
400a3f83
4029bf6f
3fb44032
3f31402e
3ed23d7e
3f053fb0
bf7c3dd6
3f14403c
bf38bf7f
401ebf38
3f683ffb
3ffc3f1e
3d234009
40034027
3e34bf3e
40273f97
3f7cc5d8
3e7cbf18
3e793c90
402e3fa9
bf143da9
3f0cbe42
bc5fbeb8
3fe3bf32
3f7d401b
bd773f92
3fb43ca0
403ebee0
40304023
40064008
3f0a3f18
3f8d4004
3f924025
3f803f59
401bbecb
3f5fbec0
bf39402b
3f26bf4e
3dcfbe6a
3f8d3e88
40164025
3fe33f4e
4011bdfb
be823ea5
402bbea3
beb93fac
3fd84018
4000bdd1
bf4f3d4f
3f843e64
beae402b
bf1e3fd6
40214033
3e69be48
4002402b
befdbe67
4001bf1e
40304012
4022bf6a
3e92be8d
402dbf70
3fc33db6
3f933f1b
3f364016
45d8bf3c
3fef4011
bf5c400d
bf2fbdc4
403a3f95
bede3f34
402a3f7e
bf0f3f98
bf71bdc9
40334025
bec43d3e
bd0c4025
3fedbd93
3de7401d
bf7c4034
3f6bbe68
3f613fd7
40263fbc
3f6b4003
3f123fe3
3f9abf3b
4013bea3
3f2d3fd1
40303ea3
bddc402d
400c3fdf
401e3f2a
bf713f61
be524022
becf3fef
3fd0be9d
be623ea6
3d563d02
400c3d82
3fe4bf53
3e9f3fc2
403ebf77
3fbd3f24
40034005
bf5f3fb8
3d94401a
3e223ed1
3fba3f72
bea13f33
400945d8
3ebfbf50
3edebebc
3dcc3ff2
3fe0bf51
40013fcc
4036bf55
be18400f
40343ff1
402d3f3d
40313ea3
bea8bf02
3e524038
3fa8bf1d
bf553f3d
3edf3e98
40363f50
3d694010
bf723fe7
bd8e3fee
be323e49
be86bdc5
40313f80
be9dbf54
3f73403e
3e434025
400a3faa
400cbe48
3f2f3ff2
3fce3e61
3fc44028
bf253fc7
403b3f9d
3f9b4036
3fcf3fea
bef94008
3f253fff
3f343fd4
3ecd3ef1
3ea23cc6
40293f81
bf513ef3
3ea5bdeb
40233ec1
3e1f3fc0
40013ea3
3fa33f7b
3d44bece
c5d84029
3e78bd84
3fde401f
bec43f81
4006bf58
3f0a400f
bf1abecf
be893fad
3f60403f
3f874039
bf65bf31
3ffd3f47
3fc63ef0
bf41bf62
be43be54
bf1c3ffb
3f893f9c
3f013f38
3de03fa0
3f9a3e9f
3f303e62
401cbde4
4027bec6
40263f82
3fa43e2b
bd533ed1
4000bf1c
3fde3fef
3fb0bf72
3f7b4033
40064039
3f7a3f97
3eb93ebc
3e403e9b
3fd43fab
be894020
3ff03fe0
3f273fda
3fbebf5d
3f08bf29
400ebd3c
3edcbf2b
40173d14
3fac3dcd
bd414034
be633fe4
3f843fd5
402d3e01
3f963f20
3e9a45d8
3fb53e2a
3fbe4015
4021beb1
3f623ffb
bf5ebf59
3f253fc2
bf07bef2
3fb4403e
be563dfc
3facbf46
bca4beef
bdf63fb3
bf3a3f84
3f103ead
3dd04037
3fe23fdf
4008bf03
3fc74023
3dfb403f
bf794025
3e09bf69
403f3fa9
40363f83
3ddcbe9b
3e7f3f51
402dbf35
40094004
3d7c3f72
bf21401c
3f9e3fff
bebf3fc8
3f293ec3
be113fb4
bf803e9b
3f5e403e
40343f90
3ffb3f7d
3f563f63
40063ef7
3f49bf19
3f6f3eda
3e2a4027
4023bf53
40163f9d
3fec3d92
3eeebe80
3fe7bf71
c5d83fa5
3d044000
3f7e3ea4
3eed4023
bedf3f2f
3f85be5a
40173f95
40183ffe
402e4006
40284018
3f1d402c
40223f18
3d57bf58
be8e4027
40063eab
be2a4017
3f53400f
3f0f3f2b
be57be11
40004029
3f603f9f
403e402d
3f364019
bf33402b
40253f8d
3fa83f88
40143ee2
40143fa2
3fcc3fc9
3f773e79
bf414031
3ed83f94
3f274015
3fae3f89
3f9d3f13
3f3abd1f
3fbe3f76
bf5b3fe2
3eb9bd4a
4009bdfc
3f84bf7a
3db04018
3fdf4019
3f883f95
4027400a
bf2c3efa
3ff53f2c
40193fa4
3fa43f8c
400845d8
bcb83f9f
bf2c3f19
3f143fe0
bf0d4010
3f014011
3fcfbec6
bf7bbf04
40163fca
3cc23f18
3e9a3fd8
bf183f8b
402a4008
40034028
be0f4018
3fdc403c
40033f6b
be2ebead
3fbbbdf8
3fc6bf55
3f99bcdd
be9f400d
3f23be9e
3ff0bf45
bf093e6c
4008402d
3f2e402a
bf403e63
401abf04
3ea53f33
bf28bf19
3f3c3f17
403d3fbe
40023f28
3eb73f46
3e203ecf
bf36bf23
3ed03f18
401e3f21
3faf3fa8
3ff03f03
3f5fbf56
bd803f26
bdba3fee
3ef0bed8
403b4032
3facbf80
3fde3e76
c5d8403c
3f963fd2
4007bf33
bc9c4023
3f553ffa
3f45be34
3fbe3f8f
3ec9402d
402ebf1c
402b3fd1
402d3f36
3d433f84
40353fa6
bed53fed
3f0a3f04
400d3e3c
3fc1bf47
3f27bf07
3fe93f68
3f8ebeaa
3e8e3f0e
be743f43
be413dd0
beda402a
3ff8bf3f
3f7f3e5d
4023be26
402fbf09
3ff7402f
3e55be15
3e743ffc
3e6ebee4
3fab3f70
bf3d3ef5
3f454020
40213fde
bf1fbe01
3fc03fa2
3e1e3f99
3e923f8b
bf523ffe
3f9a4028
3f923efe
402b3faa
bf053f04
3d184028
40373f36
403a3f81
3e9c3ec2
3f0145d8
402e3fee
3f25401b
400c4009
bf58bf69
40043dea
4027bee0
3ef84025
3ff8bf4c
3e60bed6
3ff53f96
bf2b3cec
400fbeac
3f95bf13
bf4b3f02
3e8d400b
3f1e3ed3
bf22400e
3ffc3ff9
bec03f82
3f1c3f9c
be7e3f53
4020bee0
40214035
3fa9401d
403cbe0e
be973ebd
3f40bed5
bf693fdf
40354014
3f26bef9
3faf3fd8
4017400f
3fb14032
401dbefd
bf0dbcec
3d88403a
40404005
3fb34015
40374007
be9b4022
bdb83de9
3e973fce
3fe23d6a
401c403b
bea3bf31
3e80bf6a
3ff83fe4
c5d84023
402abe0e
3ce0bf32
3fabbdcc
be3b3f30
3ff6bf4c
40214031
bef53ef7
3ffdbea2
beb14025
be143fb4
beaf3ee2
40273f7d
bec0bf0e
401e3fde
bf5f3f16
3ff4400f
be7f3e7b
bf793f7b
3f563fa5
beca3edb
3fd84002
bf0b3f4e
3fc93fc4
3e013fdd
3e11bf0f
403abf2b
3f053f96
3e583fc0
be023f00
bec9bf32
403a3f76
3fe23f1f
3e584030
3fa83ee7
40343e9f
3e47bf20
3fb6403d
bf064026
3f243efb
3f9a3dfd
3e453e9c
bf17bf56
3f0dbf4a
3f143f34
3f593a8f
3fae401a
beec403d
40333f51
bf7e45d8
bf774033
4016beaa
40393ff0
3efc3f24
3d26be94
3f243eab
40253f39
40273f8b
3ef83e02
40243e81
be883eaf
3f75beb9
3fa5401d
3f1c3fe9
40343d5c
bef04009
bf4f3fa3
3f913f85
3e963fcc
bf524031
3fdebf7a
403f3ecd
4022beba
3f823f6b
400abec8
3f5a3f96
3f233fbc
3f2c3f06
3fe8bf61
bf5bbf57
4013bddc
402d3fe9
bf3abd4c
3f784032
3f963f63
3fc23fd5
3f994019
bdc2401c
3f9e4009
403cbf52
3fe3400a
40193f03
402cbf0f
40333f15
40234028
3fc83fea
400d3fdd
c5d8400d
3fea3ebb
40113fa5
3f8f403a
3eba3f36
3fad3e79
bf5f3fbf
3fb9be97
40224019
3e9a3fff
bf6d3f08
bf3c3f9d
40233fef
3f843fb5
403a401b
3f914024
bf48bf80
be3a3fbb
4012bf6c
3ffe402e
bd7ebf04
3e773f6b
3f5f3f11
bedf3fd3
bd823f62
bf793fd6
403c3ff4
bf11bf0a
bf374016
3ede3fe1
3fdf3fd5
3f984029
401a4029
3f9e4029
403d3fd1
401d4011
3f2a3fc4
bf3d3e39
bf2b3fc6
3fee3fef
40113fe2
3f064035
3fd54008
3eebbdcc
bf60bf54
3f123f73
bf6b3f85
3f2b3fd3
3ff5be20
be0c4025
bf553f68
4035be36
3fb8403b
3e803f54
3e783ff5
3f5ebf0e
3f293ffa
403f3d79
3f783fae
40113fab
3ebc3fe7
3e7b4029
bf5b3b70
400e3f77
3f80bf58
3fa64016
be734030
3fb33fe5
4036403a
3e8a3ecf
3f90be92
3fca3e96
3f8abf31
bf223fc7
be44402e
40204024
403b3f01
4028bed5
3f473f4b
bf3a401a
3e78bf6c
401cbf45
3e964013
401fbe92
bea34008
403e400d
3f6d3fac
bcb93d7b
be5b402f
3f9c4007
3ffc3ffa
bf22402b
45d83fd8
3f683d99
3ff2401f
3fba3f0c
bf43bda6
40073f77
3ffb3f71
3fe93eee
3fcf3fd3
3ffe3f70
401a401b
4031bf7c
3e85bf62
3d953f77
3fe53ead
3fe7be41
3fdd3f6e
baa9403b
bb033f47
3fddbf4a
be5b401e
403f401b
3f553fe5
3faf403f
3f743f99
3fdfbf61
3f92403e
40333fb4
be7a3ec7
bd1b4038
3fe13c68
3fe63ec6
3fec3f61
3fdebf38
3fc23ea1
3f9abe8f
bf08401f
4010400a
3fea3fb3
3c5c400b
40044033
3f364036
bf2c3e5c
3f4f3fd5
3cca3fbd
3fc9bf24
4005bf11
3f74401f
3fca3f9f
4039c5d8
3f93bdb9
40233eb7
400c3ef5
40204018
4015be86
3f584017
3f24401f
3f3cbf03
3f934034
bea93d9a
3f2d3e7a
3fbbbef2
3fd53ecd
3f17402d
bf10401b
401c403a
3fdb4009
402a3fa9
bec03f15
3fe7bd7c
bf33bd38
be533e2c
bd62403b
3fbf402b
40403fde
40313f3c
3ffa3f88
bea73f14
40223faa
3f2fbe71
400f4034
3e9b3f35
3fd2400d
be523fb1
403b3f7b
40203dfc
bf21bf59
403b3fdc
3fa54032
3f2a3fa8
3deabf39
40174013
4023bf5e
3d82401c
bf463f2c
40153fd8
bf7a3f69
45d8403f
401a4035
bf29be1c
402e4039
3fef3fde
bece3fbd
3eb2403c
3fce3f92
3ff5402f
3f044030
3f9c4023
3ff84015
40043fdb
3f9abe87
4004402b
3ffabda0
401e4027
bf323fd3
3ff63fed
3f723f55
3e933f58
40283f15
3fbc4011
3fc6bf16
3e534024
3fef3fb9
3ec1bf0d
3fffbf14
3f9a4007
401d3ea4
4003bf0b
3f973fa6
bf0cbf19
3f1f4032
bf0d4006
3fc23fac
bf4d3fda
4020beae
bf653fa2
bf1c400b
40004026
be80bef7
3f1a4035
4012bec5
bc9b3d1c
403f4015
402c3fe1
3f2e3ff0
400ebed2
401ac5d8
3eee3faf
bdaf401f
3f55402f
3ffabf3d
3f964038
3f0e3ec5
3f0abe4a
4015403e
3f8bbf0c
3f5c3fbd
3fae3fd9
3fbb3f7d
3f7b3fa8
3fef3c40
3f093fb2
3ff23f39
3fa1bf55
40094007
40053f99
3f5d4003
3f493f03
3eb3bef9
bf5cbf7b
400bbec2
3ce33feb
3f8c3e70
bee93fa4
40294033
3ede3fe6
3fddbf56
3f7c4010
3f8ebe98
3ee13e61
3e9a4034
3f9f4002
40183f87
3f9d3f2d
403fbec0
403ebf59
3ff33ef1
3f973fa4
bf104038
3ee53f3a
bf58be5b
3f883d06
bf57401c
4036400e
45d8bf5c
3f683f1c
3f85403c
3fd13fe6
3f64bdb0
402d3f5d
4038be08
3cdfbe2b
40064024
402d3fe6
be844014
bf223fb9
3ffebf1c
4013400a
3b55bd0b
40183ec3
3ecfbf48
40203feb
3f803f25
3f424022
3fbbbe11
3feabf0f
3fc94002
3d923fcc
3e833f9f
401e4021
3eefbf74
40233f97
4024be84
be503f18
403a4004
bf573fbe
be983fcd
401b4035
3fa63ff5
bf383f37
bea43f70
3f44bf1a
bf093f4e
3fbb4004
402a4027
401d401f
3ef03ebb
401a400b
40143f9a
3f754003
402a3f89
3efd3ea8
3fbe3fc3
3e9fc5d8
3fee3faa
3fa93fc9
4034bdf6
401dbda9
40073f55
400b4004
3efd3f9a
400d3e92
40163efe
bf38401a
3f9f3fb1
3ed53ed8
3fb13c4f
3e0dbe66
403f3fdf
40063f8f
3da13f1d
40373eb9
3e623ea7
bc483f2e
3ea7bef3
3ee94039
4030bebe
bf0e3f6e
bc4b3ff3
3fbd3f93
3ff1bcb6
bf633fb6
4003befb
bf65be4d
3fa9be79
400bbee3
3f49bf23
40373ef1
3f263ff5
3fa33e7b
3d444000
be2f4034
bf7b3e1e
402d4016
3ed34031
be64bddc
be2a3fbb
befdbefa
bf0e3f95
bf364016
3e883fb0
45d83f97
3f93bf45
4035bf0e
400ebf10
3f4d3ff6
40044026
bebc3fca
3ff7400a
400d3f22
40014014
401e4034
be06403f
bf623f95
be163e04
40403f8f
4012400b
3f953fef
40144002
40043f4c
3f83bf19
3f853f89
4037403c
40193fc9
befd3f88
40204032
3f8a3fa6
403d4030
401f3ffb
40263fae
3d6e3f3e
bf62bf7c
3ff7401e
40223f4d
bf6e3f98
4022be10
3eb23de3
40113f67
bd9b4020
3fe3bf59
40163e8f
bf683deb
be9c3f45
3f863fd2
3f75403d
3f854013
40143fdd
3ffb3e9a
3e743f91
3f13401e
bdb3c5d8
3f103fad
bcff403e
bee73e98
40283fa1
bdb0bd7f
bf133f88
bf634016
3f113ea2
bf724006
402e400b
bf7a4002
3fa3bd1c
3f204031
3f6b401c
bf713f15
3f374029
bef93f58
3ffbbf16
3ff93f4f
bd9cbf26
bf383f84
3f89402c
bf264037
4034bf68
3f183feb
4012bdf2
3f5e3e35
3f86403a
bea83e6b
40073f2c
40124004
40134009
be374018
3fbc3f91
3e2d3f49
3ff94036
3e06402d
3f9f3fa1
bd6d3fc9
bf7a3fb3
3ef84030
3f733ebd
40273e3a
40033fa1
3e54bf4b
3daf3fee
40113fbc
45d83eb7
40243ebc
bf55bf1b
3fb9bccb
bf273e05
4038402c
3e8f401d
3ece3ff2
bf3a3f8d
3f833ffc
3e2b3f36
4023bf56
4012bf57
bf223fd0
3faf3f16
3eeebf31
3f8e4033
bf3e4001
bf53beb3
3f134035
bf514026
3f8d3fe3
3fe53fd5
bf6d3fbe
bf56400a
bf2c4022
3ff23e1a
3f2dbe60
bf3b4028
3f054038
3e473fa9
3f873ef0
3fee401b
403b3eeb
bec73d4b
3fbebec3
3f413fc5
3f67be87
3fffbf7a
401d3fe6
3fae401d
3f48bf07
4033bf70
3db54030
3dfb3ee1
3f77400c
40223eba
bd5b401e
3f873f17
bdaec5d8
3ed24026
3fa63e91
402f3ec4
3fefbf44
3fbbbf21
3f34402a
40323fa1
4007400f
3f01bf07
3fa9be7b
3ee64037
40343f98
3fea4002
3f2e3f79
40263ffd
40393f3f
3dac3f53
bf033da9
3eb83fce
3f543f25
3f1c3fd5
400a3f6e
401f3ed5
40253f80
3fa24039
bf22bf63
3fce3d2d
403abdcd
bf1abe9f
3dffbee1
40063fee
3f953e6e
400f3fca
3fb8be91
bede3fa5
3c10be85
3e443e82
3f8b3fa3
bf083caa
3f994003
bf793ffd
3ff33fa3
c5d8bf40
bf7a4006
3f11bf08
be35befd
4030400b
3ff0bc51
3fdc3ee6
bebe3fd0
beb44039
401abeb8
3e0bbe08
3f563e5e
403f3f8a
bec83ec0
bf153f29
ba293fca
3f0ebf5c
3f384006
3f943eda
3e9a3fea
3c563f94
bdf0401a
40334001
3e943fd9
40133f84
401dbeea
bf733fbf
3fe83fcb
3fe93f9e
3e69bd97
3ed23e19
bc793f39
403fbeab
403fbe27
3ffdbf1e
40103f90
bf444035
40383fd9
3f6f4007
4028bd19
403f3f8c
4027401d
3e193f31
40144011
3fb83f84
3fbd4001
be5abbe5
3f84401e
3fa14017
3fff45d8
befcbc41
40154027
3f9c3fbb
bf384021
403d3e9b
bedb4035
400a3fa3
4018402e
3f8b4000
40173ef0
3e87bf79
3d52402d
3f97bed8
bed6beb1
40183ff5
402f4029
3f83bef4
3fff3f89
3f974031
40393de9
3fce4025
3f714003
40314013
40273ff6
3d7fbf2b
3fe43c8d
3e92bf62
40243f51
3f623e9b
bef2bebb
bf0d3f9d
40033f81
40343d8e
3fc7401c
3f8c4002
4038be82
3fab401b
bca83f9c
3f913be5
3f963f8d
3fc3bf52
3f69beef
40273e44
40073fe5
4032bf09
bf25bede
3fe03f73
c5d8402c
3ab9be22
be694008
40383dd9
bf774024
4016400f
bf0d3fa5
bbfd3fc2
3f2b4034
40363fc4
3ea7bc78
be054028
3cdb4019
3f09bf5c
bf7f3f76
40063f87
3f9d3f23
3f893f48
3f853fce
402c3f4f
bae13fd9
400bbee2
3f5a3fa6
3fe83ed5
bf173f41
3fd3be88
be94beb3
3ff33fdf
3fb83ea8
3ed4bf47
3f59bf1b
3f94bea3
4024bf09
3ed33fcd
3fbb3f91
4019402c
3ef0bea3
403e3f9f
402f4038
401ebd76
bd643f86
bf4a3f7e
40084012
3fb03fb3
3ffd3e5b
3d8b4036
3fde4008
3fd2bf78
3f8ebf6f
3faa45d8
3f48beca
40083e0d
3f88400c
3fce3c5d
3ff43ff2
3ecf3f37
402e4023
3e1b3f8d
bf643e5a
3fd63fb5
be5b4011
3e3f3eec
3f6b3f52
402f3bf7
3fc33ee7
40214007
40034016
40113f2f
3f414037
3eda3de9
be084012
400b3efa
3f913f82
4016bf37
bebe3fd8
40033dfc
bf4a403e
3fe1bdf7
be28bf66
3f593e72
bf0cbeee
3f95401b
3ea73e65
40384027
3f9c3fd9
3eea403d
3ff7bf78
3e12bf33
40243e57
bec03eb8
bf283f93
3f02403b
402a3ed8
3fcd3f8a
bf5ebd83
40043ff8
bf693fe3
c5d8bdba
3f703f1e
bf003fbb
3f4e3f91
3fe83f65
3fe13ed2
3fca3fdf
3f893f8f
3fb93ff5
402e3fdf
be60401a
bb08bcf2
bf31bf38
3e84bf75
4010bf61
3fb73fef
3eab3dba
3fc03fe6
402abdcd
4030bf0d
bf6e3eeb
bf683faf
3ff9be85
3ee93f8e
3d05bf57
3fedbe0a
40243fc5
beee4003
402dbec4
40093f64
3f1a4008
bd343e73
3f464037
4008bf17
3e68bd02
3f943de3
40104004
3f77401b
3fcc4019
bf3e4023
bf2fbf42
bf313fc9
401f3ecd
3fe83ed2
3e52bf3d
bf1c401f
3f0e3f5c
bf5e3fc9
402a3fc0
3ffd45d8
4010400f
40034038
3f873f87
bce03fee
be9e4028
bea93fcc
402a3ed1
403e3f9b
3fa13f93
bf0b3fc2
be7f400e
3e03be8d
3fbebf41
3f1c3f1c
3f8b3f92
be3a3fdb
bf75bf3a
40153f82
403f3dc8
be704034
3e853fc8
bf493f76
3fb84020
beb73fc7
3efc3fb6
3ff83e43
3fe33fea
3f5a4022
3ec34033
3fb83f8f
3db93fda
3f2f3fa5
bde73f94
3ea93fac
400e3f64
3ed1bebf
40143eeb
bf553ecc
400e3ff4
3ddf4037
3f044031
3fae3d4a
3dc14020
bf6a3f2a
401cbebc
3f8f3e59
bdae4016
c5d83ff1
3f933fe5
4015bf39
3f39bf74
be4d4006
3ea13f5e
3f813fd9
3f26403e
3f5c3f79
3ed2403a
bf58be78
3e284016
40173ea4
3fc83eec
3f1c3f69
3ffd3f3e
3f693db5
bc603f52
3f4cbf70
bf49be42
bf4fbf6a
3fed3fa7
3e734035
40163f70
4005bf7c
3fac3fe8
3fb8bf22
bf554011
bf08bf54
3f073fda
3ef54019
4007be6a
3f2f403c
3fdd3fdf
3f92400d
3fb0be68
3f0d3e8b
40144027
bf753fe3
403f3fd9
403e3f23
bf74bf14
bcb8befa
3faf3f35
3f074024
3e2a3fe3
3ea4bba1
bf1b3fe6
bec7403f
be4645d8
3e80be7a
3f693fc3
3fb6bf57
bf61bf40
3ffc4032
bf05bd41
3ff9becd
bf14beed
3fd0bf72
bbcbbf76
4000bf28
bf42beff
3fc53ff2
bc5d4004
3f86be91
3f8b3fcf
3fae3fc5
3fc2bea4
3fa5befb
40374035
4028bf14
3ebf400c
bf70400a
4023bf09
beeb3fbf
3fcf3f8c
bf05beda
402c3efb
3f5ebf1b
3feebf19
4027400a
3f98bf7e
3e9fbe6a
be533daa
4005becd
401c3fad
3fdfbe91
3f503ff5
3e813f6e
be723e47
4010bf7c
3f733fa5
bf714039
3fc5bcd9
3f0abf22
be93bdff
3d873f20
c5d8bf0e
be2d3fe8
3f13bacf
3ff6403d
3fdf3f74
be05beb3
3f3e3fc3
3e7a3edf
3ee94023
3f1d3f8d
40223edf
3fc8bf39
3e774006
be5d4004
40083fe3
4015402c
3fe93fb0
3fe44003
3e2a3fb3
40044024
bebdbdc1
beb4bf1d
becfbe24
3f57bf17
4018be45
40283ec4
bed83f90
be6cbdc1
3fc64039
3ec43f95
403d3fe1
3de2be9b
3ed5401b
3f173f3d
bf713d19
3fdd401d
bea23f8c
40363fbe
bdc74011
beb9402c
4017be85
3fa43f52
3da23f83
40393fec
3fce3ff8
be8dbde0
bdb33f9b
bf163fb5
bf52bf68
bcb345d8
be853fc6
40253eec
40163fe5
bf004014
40123e82
3f873fd8
becd3f76
3f963f47
3ff74012
3fe3bcdd
3fad401f
3f03bebf
beb5401a
3ebf3e1c
3ef43f4b
400c3e89
401a3f03
40204001
3f7abd46
402abd8f
bf6f3dce
4025403b
3fb93f15
3fae3f67
bf7a4036
be603ff2
402e3faa
3f1d4014
3fa63f66
3f9e3fef
3faf401c
40253fcb
bf504025
4034bf05
bed1bf46
400f3d35
3f8b4032
bf3ebe8d
3f9c4014
be813f27
3f634031
bd243f9a
bf033ff7
3f88bed5
befe3fa2
bf3d4016
bf613f87
c5d83e8d
bf47be9d
3ff03fb7
3f9abe78
401a3fc5
3fb2400d
3f3dbf63
40343f6a
3faabeac
bf12bf77
bf01bed0
3df83cfa
402ebf62
3e39bf6d
3e3e4003
40403f4e
40143fcc
40193fc2
3fb83fc4
3f893fca
3ff04004
beea3fdd
402abedc
3eb8be90
3fb63f5c
3fd03fe7
3f0b3f89
403e4014
bf46bd9a
40313f28
bf734033
bf25bf4a
bf283fa7
3eaf3fd8
402c4000
3f8a3fa1
bf7f400d
3f30bf14
3f46bf57
3ee4402a
be5f3f1c
3fc53efe
bef43f9f
3f8a402f
3fbfc5d8
bf4f402a
3fc54039
3f60bf65
3f61bf14
3fee3e16
3fd23e15
bede401c
3dce3f77
be563f9b
bf774023
befe3e0c
4008beed
bf554004
3fcdbebf
be153ffa
bf013bb7
401a4035
40063fe5
bf1cbe85
bf723ef5
bf2b400b
4003bee0
4028beed
3f7b3f47
3b0d3f9a
40303fdc
bf37403c
4014bf71
bf10bf49
bda34007
be77be9c
bf25bf02
4010bd9d
3fd14017
40263ebf
bf183ec5
3f4b400d
403c3eff
bcce3ed1
4009be9e
40323f7f
401c3ff5
3dea403a
3f843f0a
400d3f9a
3fac4030
40144004
45d83f22
3fcb4011
3ff73d09
4004bf24
403f4029
3d8d3f5c
403f4008
3e483e8f
3fedbe92
bf2e4004
3f5b3e38
3f573efb
3f9f4011
bf1f3e99
3ed23f10
beaf3fa0
be9a402e
3f99bf49
3fe6bcd4
3f113fb1
40233e9f
3e2a4018
3fda3e92
40253f90
3f3f3f8e
4023bcc3
bf753fe5
402fbc59
3fd33d19
3c04becb
3f85bf5f
be8a3f3a
bf30403d
4035ba6e
3fd43fc8
3fb1401c
bec0400a
3f97bf55
3ecb402e
bf2e3f9c
40224004
be2fbf7c
3ea63cd9
3fa23efa
3f5f3fe2
3fe3bf66
3f1d3f89
3fd23f57
3f13401a
bed1c5d8
3fcabeec
3fc73f07
40023fea
3fe83f2d
3f9e403f
3f473f9a
3fbbbf61
3e463f6a
bed4bf09
400f3f59
be933f8b
3e893cfe
3fbdbec0
bf2fbf78
3f294040
3da73fd7
401b403c
4018bf50
bf4d4027
bf03bd49
3fb2401a
3f9c402e
3f603f8c
3fb73f37
beaa401d
4002bf3b
3f9bbf65
3f993f30
3ecb3f09
403cbf11
3fd73fd4
401c3f2c
4017bf6c
3f623e1e
bf1a3f63
3ed1beb3
3e9ebf49
bec93e21
3f2fbec9
3ffc3fe4
bf0abf4e
bf3e4019
bec43e31
bea5bf69
bf47bf72
3faf3f9a
3fdcbf62
45d83f49
40123ffd
3fdb4032
beb3bf6c
3fff3f81
bf5c3f4c
400cbf31
3f193f0d
bf3d4018
bf473eb5
3e304022
3f8abe84
40313fe4
3efb3f8c
be233f53
40403eaa
4015bed7
3f443efb
3f83bf4c
be5b3f02
3fd63fb8
3fe93e3e
3fc13f07
3f643fe2
400e4025
3ffc4004
3e98bf73
3fca402c
3fc94026
3f174039
3f4a400d
40123fc4
3f0d3f56
402c3f35
3f8d3e8e
3e69400d
beae3f9e
40113f9f
bf493ff8
3fcabdaf
3f89be2a
3fd24037
3f273f82
40093f05
becb3fa8
3f5b4016
3fd5400f
befd3fda
3f294017
3ffdc5d8
402abf5f
3faf3ef0
40183f3a
4038bf3c
bf40be03
4008bcc8
bf4b4039
be253fe1
3f69be28
bf653e9f
3f603f18
40073fe5
3f4bbf39
3fd03ee4
3f56be07
3fb7be08
3fbbbe2c
40043fd5
40253f88
3fc23f56
bf103fa8
3f6c4023
3fdc402e
40303f40
bf103fe4
3fd8bf52
402abee9
be643e9b
3ebd3ff1
3cd44002
bf3e3fe3
3e2c3f56
3f883f2b
402c4011
3ff33e39
3ddfbf6b
3e433eaf
3edc3eda
4013402e
be753f16
be574015
4006bf17
bf273f2d
bf42bf5a
bf3a3f52
3f704031
bcfa3f58
45d84023
40133efa
3fb13de4
3f84bec5
3f1f4002
400c3fc4
3f724034
bf0b3e21
402b3f26
3f514038
3f20bdec
3fe3bf3d
402f403c
3d08bf44
4032401d
bc3e3f86
bebd3f2d
be893faa
3f1b3f85
bdf4be9c
3f884010
3ffcbf20
3fff3f83
befa3f31
4034bea5
bf794004
3f50401b
3f843fc8
40114011
3f91bef5
3fc6402b
3ea94029
be743f60
bf193e07
3f8dbf03
bc94403b
3f873e9c
3f8c3f65
403a3fff
bf5d4025
40234020
3f3bbe9d
bf5a3fec
3fe93fd8
becd4000
3f9c3d72
bd223fbe
40303d83
3fdf3e9e
bf4ec5d8
3e974031
401b4019
bf3f3fc6
3ff8bf48
400c403f
bf7b400f
3f713fb6
3f923ea3
3fcf4036
402ebf51
beb43fce
3ff93f80
bec5bec8
bf6e3e91
befabea4
402f4027
3ec43f5d
3f74bd68
3ede4039
3e5cbc6a
3dd44008
3f5a3f40
4002bf47
3efa3f79
403c3fbb
bcd8be38
bf2e3d71
40223ff8
3fa0be52
3f843fab
400abeb8
40243f1e
3f76bf60
3fee4025
4021bf56
3feabf13
be184008
bd663fef
bf74400d
402f3fa8
bf283ffb
bf193f67
be26bf48
40303f32
3e623faa
bd063fcc
40053fe3
45d8402d
bf3b4033
3eb74028
400f4014
3f84be28
bee13f8e
4019be18
40243ecf
3f194008
3f8c3f82
40123f07
3d1e3dc0
40343fe3
3fee3e58
bf32bf67
bf06402b
40084018
3fcc4013
4013be09
becbbf7c
3fc6bf17
bf333fd3
3fad400c
be4a3f7b
40033fd8
401e4028
3ff4401a
bf14be46
3f2c402a
400d3dde
403dbdbf
bf263ea8
bf503f8f
3f763f89
bea13f57
3f37400f
be4d3f48
be883e49
3ea9bf09
3f0fbee6
3ff73f04
3f973fad
be15bf0e
3fa84005
bf38bf5d
bf203f00
40164018
3f683cab
3f1b3fe4
3f59c5d8
3fa33fbd
40324003
3fdc400e
bf323b2e
3f17bf68
4034bdc3
3f033f24
400b401c
403b3fe6
3ed7bee1
3f804006
bf483f89
401abf5c
3efe3f9f
3f483ec8
4035bee6
40234002
3fb63e8e
3f24bf7e
bc273f4e
3f37bf2b
be9c3fd5
3fc3403e
400bbed9
40153f96
400fbf5c
3ef83e55
3fc93fb4
3c1c4020
bf023fde
400d3fb7
3fd43f22
3fd63f86
3e803fb5
bdd5bf50
40233fe9
40253ff6
40303eba
3fbcbf1c
3f893fc7
40074030
3fe93f3a
bf4e3ffc
3cbcbe8a
bf463fa6
40293e03
4038be8b
45d8bf1f
beb0401a
be26bf6f
3fe93fb8
40094012
3fc53fcb
3fac3fcc
3e283e93
3fc23fff
be993e87
bf4cbd7b
bf553fe2
3eeb3e07
4023bebd
bf47bd82
4017bd67
bedc4003
3f544004
bf563f20
3e25402e
be023ff3
3fb24026
3e45401f
3fd63f81
401abf0b
3c433efc
3f8fbf3f
3f60401d
3ecd402d
3fb63f43
3f614006
3f70bea5
401f3f89
40133f66
3f93401a
4040bf3b
be82bf34
4013bee3
bf563ed5
3fb3bcde
3f77bf3d
bdfb3e82
bf54bea4
40314020
bee0bee8
4021bdb0
3fc43f43
3fd13fdb
bf663f87
3fd0bdaf
bf6d3f9d
400fbecd
3ede4014
3fa8401a
3fbdbf39
3f873ec5
3fad403a
3fefbf67
3fda401d
3ebcbf7c
40173f60
403c3f46
3f40401d
bf6e3eed
3e5a3f46
403a4017
3fa83fa5
403c3f0d
4027be4c
3fd03f9c
3ecebf78
bf0abf22
bd404009
bf403fde
3fe6bd5d
3c083f9b
3ec94008
4033bf65
3fdcbf1b
3f8a3fe9
40363ed4
be743f73
bd2a3c32
be1ebf14
3e54bf10
3fe03ffe
bf613fdc
3f423e46
3dd44010
bf4ebf26
bf683fb0
3ebb401f
c5d8be89
3e1b4034
3fee3f90
bdbe4003
3e9d3e4f
bebc4034
3f56401e
3f443fa4
3f9abeb3
40023f21
be2b4028
3d083ff7
3f24bf75
40053fd6
403a3ed3
3ff83f8a
402dbea1
4002beba
400dbe5f
be5ebe8a
3f3e3e89
3e83bf12
be963ff7
4026be1b
3f413f94
3ebabe6e
40093c91
40343fc9
400e4030
4012403b
401abf01
40313ec8
402d3f5b
40203f13
3e9c3f75
3efb4031
40143fc6
bf673f67
401fbf4c
40373fa0
3e903f69
40044032
3febbf73
3f103e94
be9abf3a
403cbecb
3eec3ed3
bf423fe6
403fba75
3fd645d8
bf1c3ff1
3fc83fc9
40323fa7
3d9f3f73
3f24bf00
4009bf1e
4002400f
4009bf0d
3f5c3edb
3fd8bf29
bbc53fb3
3fbd3ea0
403e3f3f
3f643f33
400cbf36
3feb3f77
bb6b3fbb
3f8f4038
3fc44039
3fe43f50
3f033faa
3f033f2c
bda43fae
be38bf63
40253eed
40353f66
bf1bbe26
400c401d
3f914028
4005bc35
3e3fbf33
bf593fb7
3f4c3dd0
3e933ede
3d974018
3f943fb7
3f874007
3efcbf3f
40003f3d
40054012
40133fc4
3f7e3fbf
bf46beea
400d3e81
40253eff
40233f64
3f3a3f9e
c5d8403d
40193f2a
3f913f2d
bf69bf49
3fabbf23
bf05bedd
bf383f9d
3fce4007
bf4c3f1c
bf0dbf3d
3f583ed6
3fc74019
beae3ff0
40003f0d
befe3f89
bf093e6e
3de84025
3fde3fbd
bf19bf32
3ff44002
3eeb4035
4039402a
3f253f1f
bf043fff
bea44000
3fccbd0b
3e393f51
400b3fd3
401fbf42
403a402d
3fbb400c
4020402e
bd5b3fe4
be2c3f98
40353eca
3e5abd67
bf783ff2
3d14bf6f
40213f61
3ea83fee
bf293e8a
400ebed2
40113fb9
bee83d9a
3e213f97
4017be81
40093ef5
401f3f8f
3fb93f82
3f8c45d8
3fefbf62
4036bf78
3fe54026
3ff93fbf
40383ff8
4035403b
400a3e77
beba3f1d
403c4022
3f433e68
3ecb3e95
40343f0f
bdbabe02
3f9d3fe6
3ee53f5c
3fb43eec
bed1befd
40153fa1
402bbe13
3f8e402e
3f493fa6
4037bee0
bd99400c
3ed63eee
3fd53e83
bec43ef7
3ea03fcb
be5e4017
4009bed7
4034401c
3f434003
3e253f5b
3edebf23
3fc93ff4
3fb53c3a
be203ec1
bf393dda
3f8dbdea
3f653e06
40093f30
402c3f05
3ff03f3f
beb63eab
40063ffc
3d82bed7
beb53f4e
3fe04026
c5d84028
3fe53f75
bf183f05
3eecbe8c
4026402b
40293e25
be653ff4
40353fa8
bcbe4014
bd984009
3e0c3ee8
3fb53e50
3fa2401e
3dbf3fc2
402e3fef
40283f5e
3e8e4030
bf12bf75
3f383f8e
3e694013
401e3fb9
3f653fef
400c3f9e
3d2cbeae
3e2c3f31
40214033
40273f90
3fe33ed4
403e4029
402fbd22
40123e5a
3f9bbe99
3f05bf34
402a401e
3ee6bec8
3eb53f79
3f504040
bea5bf4b
3f31bead
40113f84
3e723f92
3f883f04
3ffbbf52
401fbe0d
4001bf6f
400abf3a
40083ffe
4037bed0
40173fcd
beb745d8
40163ddd
3d6d3f65
3e503ec1
bd72bec9
4025bef8
3fb83f4e
bf6cbf1d
bcdf3ff7
3fe4be2d
3f32bee9
40243ee2
402b400f
3fd84027
3e6d401d
3f8b3f79
3f6cbe6a
40003fd7
3e974007
3f37bf74
bd983ed4
40393fa9
3ecf3fcd
3f9fbea0
4003400e
be223f19
bf0bbf28
3f3d3fa5
3ff2bf2a
3f8f3eab
bdbdbe56
3f213fc9
bf0e4015
4032bf3b
3fe53fcf
3f9f4021
bebb3e1f
3fea3fbd
3f1c3f48
3fd93eed
40343ef7
bdcc3f8c
bf5ebf4a
40274007
3ea83f9d
3f4e403e
401a400b
40204005
c5d83f6e
bf184014
3f643fea
bf543fbd
be0c401a
bef33ec9
3fce402b
3f9a3fcf
4036bf51
40083f3d
3f0b3f50
400c3fda
40093f17
3fc23fc7
bf55400c
3fd03cb9
4027bf5b
40073f6c
bf7b3f1a
3fdd3fda
40313fa4
3fe23fa3
be7b3ef8
4000bf6d
bd854006
40353eb1
3fa7bed6
bf4d3e88
3f9abf36
be0e3f5c
bf0f3fd2
3f54bd51
3ffd402e
bed73ff7
402fbe44
3dfebf78
bde1bf35
3efe3f9f
be88bf14
bf503fc4
bee3be48
3fcbbea5
bf2d3ec2
3edbbf34
3f403ffa
40173f14
3e933f96
b93f4038
40013da3
beb545d8
3fe2be36
3f263f48
3fd83fd0
3f5b3e17
400e3f38
3fc53fea
403b403a
3fd33fef
3d1c3f56
3fa83f1d
4007bf17
bf27401b
3f9ebf11
bf0e3f0d
3f15401d
3f873fc3
bf15403e
40183fdb
bf57bf6d
3eb73fdf
3f0c3ed7
3ffb4004
be604024
be1b3faa
3f124007
3d98bf16
3fa13f0c
403fbf76
3f603f78
bdf43c3f
3e873fab
bebc4039
bf5e3f2e
402a3e86
3f933f8c
3e8f3eb3
bf334011
3eb54036
3fc6bf70
3ffe3ff0
3fac3f8a
bf773faf
bee33e41
3f873da4
3f7d3fa0
3f993fe9
3fdb3ffb
c5d83f61
400b403a
bf7c3ed8
3f0f403a
3be73fd3
3f8d3ec7
40223dd2
3f3a3f9e
3feb3ee7
3f5a402d
3fa0401f
3fd93f03
3f223f16
3f723f3b
40243fa9
bedfbf54
3fd04011
40003f28
40193f81
3f31be68
402abf45
3f4d403e
3f534021
3ff9bf49
3e43be25
3f9e3f1a
bf153e86
beaa3fdd
bf7e3ffd
bee44014
be083fd3
bf7f4011
bf283f08
4033bf26
3f153fa6
3eec3ea6
3fd1bf68
402b3f9c
4021bf2c
3ee13f3d
4006bf7e
3e8cbf44
bf343fff
bf1a3ff2
3fee3f95
40063fab
3fe73e9f
3fea3fcd
3fc34021
3ff345d8
3fd93f3d
3e31400f
402b400f
3e8b3fcc
3f8dbecc
400b4009
3fc3bf1f
3fb9402e
3fd63fec
3fbbbf00
bf3f3fe3
bd0a4031
40373fce
3e50bf62
3f184032
3ddfbdba
3f5c3ed9
bf674008
bf16402a
3fc14038
40213fc5
401f3f99
40063f0a
3f8a3fe5
bf384012
402e3fbd
be32bf19
400e401b
40243f1d
bf2abecf
be4d400e
3ffebf5d
befd3f91
3fa4bda2
3e843e75
3ea4bf13
3d85bf2b
bf413f78
3fe8400f
40203f92
4015be8e
bf234023
45d84012
3fb6be4d
3eabbf1e
40293fc1
403e3ff5
3ffb3f01
bf0e4022
3e543e5d
3fe73f1d
402fbccf
3e1f3f32
bf304031
3fac3ed0
3fed3fa2
bf7d3fcb
bf7d402b
3fb03ffb
3fc53f8f
bf743fce
3ff94008
3fc7bf33
bf2f3fe4
be723fdc
bf203fca
400d3f16
3fbb3fd9
bf623fff
3f86bd5d
400fbde5
3de04011
3f9e403d
401c3f97
3f2f3f42
401f3e87
3e95bdc3
402c3fd8
3ffd3f4c
bf273f2f
3d303f20
400a4038
be733d84
4009403f
3f294005
bf474016
3f754031
bf5cbf29
3ff63f9b
3fc93fd0
4022bebf
3ff3c5d8
400a403a
3faa3ff1
40194030
3dfa3fb9
40373fac
3f69be58
bf2a3f3f
3fc03fc0
4013bda0
3fe93e54
bf594021
3fc13f7a
3ebe3f77
40333f81
3faf3fe4
3f0e3f1e
bd833ec2
3fddbefc
3f203f1d
3ed8bf74
bed73f8b
403d4000
3ed23e85
3fca3f71
3f82bedf
bf764003
3e66400a
bd8d3e54
3fa63f92
40203fc0
40113feb
3f863edc
3fe2bf79
bf06becf
3fe03ffe
401c3e07
400e3f09
bf17402c
bf663ef8
3ed1bf49
3eedbde7
40134022
3fcabf46
be2ebf11
3c833fc6
402e3efa
4014bf5e
45d83f8e
bf714033
3fe33f87
3dd4bef2
40353e90
3f40bd05
3ec2401e
3f7f3f36
40014012
3fbf3f6c
bf48403e
40323f46
bf68bf26
3fd9402b
400a3e16
3dd83fda
40273fcf
3fc1bf3d
40083e80
3f4dbed2
3fb44035
bf683fa7
bd59be96
4006beb8
bf733f93
bec9bea7
4030bf25
3feb3d8e
3f9ebf0d
3f91bf3a
3fb3bf18
bf253e83
3fe3beea
beeb3fd4
3f973d4b
3f503fa8
3ca73d5e
400a402f
3fc93f0b
bf203ff8
3f81403f
3fa5bf64
3e2f3fff
beb93f62
be503e31
3fdd3e9d
403a4032
be2dbe90
3f29be89
bf76c5d8
3fc94039
bea63f66
3f423ebe
3d20401b
40124016
bf113ea8
3ef1400c
3fa93ff5
3fd44017
3eb8bf6f
40113ffd
3f8d400b
3e333fcb
bf064035
40303f8a
3f484005
bf313ff3
bee03fb0
3fc6bf04
40113faa
3fee3f71
3ffe3ff3
3fdc4027
bf29bf68
3da4bf68
400f3fa7
3f933fa1
bf254028
3f723f95
be99401b
3e13bf69
3f313f8c
3f47bf31
403c4001
bf603b39
403fbf4e
bdf93ff6
bd463ff8
bf61beef
401a3fed
bf273fb2
3fd63fbd
bd26bf50
401f3f9d
3f663fbe
40223dd3
bf093fbf
45d83f54
40283f95
3ffa3f9a
bf53be3d
be2e3e56
bf24bd83
40073fb0
3f6b3fcd
400c3f83
4022bf2b
4032403e
bf41bd72
3f32401e
3f2d3edc
400c3f37
bf7c3fbf
4004be8b
3f99402c
3faf4008
3bca4022
3fa43fd5
3fe6be00
3fd1be77
403e3e25
be843ed3
3f0c4010
3cfd402d
403ebeb2
3fc8bec9
be023fef
3fae3ee5
3f91be83
3f463f73
3f043f2a
bf43bf51
403d3fd1
bea93fbb
3d4abf3a
3fe23fd2
3ef9bf77
3f253e29
3eac3f2b
be153e3b
be473e80
3fddbf42
3ef33f26
3faf3fb9
3f013fb1
3f3ebf28
3fc0c5d8
4025bf51
3f9e3f32
3f083f8e
3f0cbb64
bda83fac
3fc33f5d
bdad4003
3f14bf74
3ff2bf2b
3fe04026
3e3b3f8d
4007be67
40403f52
3f7b4035
be97bceb
3e94bf7f
3e983fbe
40203fd6
40133faa
3fc43f98
3faf3ffd
3e5ebf4c
4009403c
3fccbef1
403b3e60
3f6f4034
3fc0bedd
40333ff9
3fa9403d
bedfbd81
bed04013
bf70400d
4011bee8
bf213fd2
be464030
3f8c3f44
40253ffd
3f2cbe6d
3f903f47
4011bd5c
3eaabe48
3f354013
bd133fd1
403c4014
40104024
3f2f3fcc
4017bc83
45d83fb2
3e84402e
40354035
40353f75
3ee43f60
4038bf66
40053f87
3f413ed2
4040402f
3feebdb2
bf454026
bf584005
403f402f
be76bf58
4024403a
bd4a3f51
400b4013
3f344018
3fbd403c
be344021
3fc34029
3d8f3fc1
403c4006
3f5a3f86
3fb24023
3fdcbda8
3fd6bf5e
3f57be0e
3fec3f25
40153faf
bf4e3f33
4039bdd2
beea4019
40173fe6
3d72bf7c
bf2b3f8e
3f4b400a
3efc3f50
40123f88
3f9bbf34
3c9d3df3
3e48400e
3fd03e75
3f143f7a
3fae400d
3fd9bf80
3fd7401f
bf3cbe11
40093f45
3ffcc5d8
4034401f
3f244027
bf77bd7f
3fe83fd6
3fbb4011
bf4a4015
3f433f70
bf483f7f
40064002
401f3f8d
3fa0bda8
3ece400b
3fa6403e
3fae3f4c
40273f3b
bf5b402e
3de9bf63
400c3f38
be893fdf
3e833dd6
40153f45
3db83f24
403b403b
bf49bf26
4012bee2
40073ff5
4020bf77
3fb03f82
bf04bf2e
3f103f97
bf0e3f90
3f8a3f86
3f96bf2d
402f400c
3fe73ec2
3f07bf71
3fea3f87
bf77bf37
3f2f401c
3fa2bebf
40064006
bf544020
3fb83f87
3fba402c
bf1d3e0e
3f2fbe9d
3fc1400e
45d8bf10
bda53f67
40054012
3ea93fba
3fd13fce
3faf3e29
3f93be50
3f65402f
3f7e3fe6
be2f3fc4
bf074018
bf2e3fcf
40093f0e
3f4c403b
3e7e4015
3fb73fd4
3f05400f
3f3e3f2c
bf1a3fdd
4039bec2
3ff43f80
bde0bf16
3f78bf01
4039bf06
bf483e9c
bf2e3fdb
3db53fcc
40353fd6
bf6cbf39
3f9f3fac
403b3e89
bf6bbf69
402b3fb8
40293ff6
3f384032
403d3ffd
3fe14027
4038402f
3f8d4009
4009bf33
400c3fd3
3f8a3faa
402a400b
bf253e61
bf653fb4
40233fcf
3f8dbd3b
400e3f41
3f9e3feb
3d91c5d8
3f604037
3ec83fa7
403dbef1
bf364013
401b4039
40363fa0
3fa93ff0
4013bf7b
be794008
3f3e3eb6
bf3a4025
40234004
40234021
4023bf36
3fc63fcb
3f623e1d
40173f07
3f783fe2
3f9c4012
3f48bcbf
40113ec0
3f5b3f07
3e43bd3d
402ebf6e
40143f3d
40103dbd
3e693fa1
bf103f15
bf183f09
3eb14035
3fafbe51
3f683f20
3ce64018
3fe9bdc9
402e3f04
402f401b
3e8e4016
3fd74016
3eb54022
3de7bf63
be87bf6e
bf033f0a
bf0b4018
3edc3fc3
bf663ffa
3e443df8
3df33f67
45d83ffa
bf6c402e
40353fd3
3febbe63
40233f58
3f193f55
be8ebe8b
402b3f65
be103ef2
3e9e403c
3ee2be99
3e143f1d
3f70400d
4020bd45
3e053ec1
3f823f8a
3ff04017
402b3f9d
bf4c4010
3fba3f91
3fb7be86
40173cd1
beb53fed
bdc2402f
40034025
3fc73eae
3f72402b
3f673f8a
3fff3f6f
4010bf0c
3f8b4031
40173f1a
3f833f38
bf64bec0
40144010
3fe43e37
400dbf6b
3e2a3ebd
3f1e3f96
3f7f403f
40044037
bf7d3f16
4010bf4b
bcb43f56
400c45d8
3ee73ff3
3fd83f5b
401f3fbb
bf494004
bf253e27
3ef03e1c
3fdc3fc7
3fb03f19
3ffd3f58
4037be1d
3fcd3f8a
be8a3f37
3fb0bca3
3fa5beb9
3f773fb3
3fcb3fff
4019402d
3fea4036
3e3f3fb7
40364029
40393f4d
bf7e4027
40213ed2
40103fd3
3d6d3f7c
402a4039
be884004
bf7b3fb9
3f84400c
4017bf5e
3f333f6e
40154039
3fc84032
3f85bef2
bf78bf64
3e864024
3fa53fe6
401e400d
40053f99
400bbf01
3f613f8b
3fe04017
3fc53f80
3f593fa9
3fbc3eae
3f02bf54
bf593feb
c5d83f73
bee63dc6
3f663f8e
3fd1bf30
402b401a
3f8d3fe4
402a3f38
40263f22
3fbc3c8b
3e4c3f08
3fea3fe0
bf3cbe96
3fcdbdfa
bf0bbf25
3febbf2e
40274039
bf7b401c
403b3fa4
3ffd3e94
3f7a3f18
40173f23
3fea3f16
3fa03f05
3f523fa3
3fb63ed6
bf27bf1c
402ebf7f
bdbc3fc2
403ebf29
3f8c402d
3e0cbe71
3f803fa7
bf583fa8
3f8d3e4c
bd8e3f40
bee1be0e
3f3f4039
3fa43e33
bf2ebf2d
4007bf5f
3fc73d4e
3fe33f78
be8d3fa5
3e26bf3b
bdf4403d
3f95400d
3ea43fe2
40204037
be453fbb
3fd045d8
3f90403b
4015bf01
40373fa6
3dd24003
3ff33f6b
bb493cac
bed6bd88
3f3d3e58
bd393fb9
3e054038
3fc93fe4
3f6b403f
3e72be4b
3fe3bead
3fac3f84
bc473f41
3fb9bf18
3fc03dee
40173eac
40363fdb
3fc43f3b
3f0a3fc6
3f1a3f13
4004402f
4028bccc
bf48403c
401ebf0f
3f4ebf12
bf593ff5
3f483dd7
bf283fe3
401b401b
40293f01
bf6d3f96
bf443faa
3e243fd8
400b3fcf
bf233ef4
3fa83fcb
3e82403c
bf4b3d06
3f243ff0
bf3a3ea1
40043fad
3fca3fbe
bf463eb6
40073f23
c5d8402a
bf033f2b
3e583f7b
bf73bd8b
3df63fe2
bdc73f8a
beb74035
401f3fa9
3f7dbf13
3cb8bee5
bf083f64
bf453f9a
3e9a3d24
3f993f3e
402f3f82
bf57bf23
3f98bebc
3ffcbc15
3fd23eae
3fc63fc0
3f263ec8
3ffb3f6e
3fcabdc5
3becbf34
3fa23f81
40004033
402e3e28
bf1ebf1a
4037bf61
3fa0bf1e
40053fa6
bef83f43
3e244007
403d3dd6
be914020
3c643fa7
bf553f96
be723fcf
3f273fdb
bf37bf00
3f594028
40234004
3f623fe1
bbe1bee4
4011befc
3e304016
3f90be45
3f87402c
4028bd34
3fcf45d8
bf02bf4b
400d3f11
402bbf71
3f193efe
be79bf08
3d0c3e39
3f4e3e35
3fe34022
bde73f81
3f944038
40343fdd
403d3eba
3fe23f70
3ffd3db0
bc943f9b
3fc83ebf
3fb73e8e
40333f2b
bee7403f
3dc33db7
40033fc9
3f2f3e6e
3fb74029
3f134008
40093fae
3d3a401d
3f2fbe8c
3e95401f
3fdc3faf
bf4bbeb1
402dbe97
bf043fe5
40193fbc
3fe73fb8
3e563f5a
3fe53ffa
3fad3e93
402c3fbf
400ebf22
bf633fc4
bf033f7f
3f9abe77
3f25be6e
401abe66
4007400a
bf5a3fb7
3e21bf2c
c5d83c6d
3f83bd0b
bdae3fed
bf67beaf
403d3fd2
4013bec4
bf443f74
3e903fc2
bed14000
bf50bd91
40133fdb
3fdd3f1d
3f453fd5
40303f8b
3e83be99
3f64be14
3fc0bf5d
bf1b3eca
3e93bd64
4037bec6
3f984001
3f043ff9
40253efa
bdedbf44
bedabece
3ff5bee7
bf4b400f
3fdb3e8d
402e3fd5
400f4035
bf39beda
401e3dd4
3f2f4035
3f703d35
bf11bdaa
bef0bc1c
3e743fbf
3e0b3f70
3f93bf56
bf5b3fb6
bf3fbcd5
be273ff0
3f1e3dfd
bc30bf71
be334010
40013faf
3fcd4001
3fbebe17
3f694023
401745d8
3fe73f5c
bdf3403c
3fe93f6e
3f3d3f20
3f4a3fcd
be9cbf43
3fccbe7e
bf5abe53
3e643f91
3fde3f6e
3e243dda
3fda3fb0
40343f81
bf2c3f94
bf213fcc
3f86402d
400f4007
3f48402b
3f98bdc6
3f9e3e22
bee1bef3
bf3a3f8d
bf103fe4
402e3f93
3e9f3fa2
3dec3fab
be83401e
4009bf43
3fa1bee0
3fb64006
3fa53fca
3c7b3fbd
bf033fce
40303fe7
bee74017
4026be85
bf123f01
3f573ee7
4035401d
3f224015
3fb34001
bea0bf0f
bbe13f58
bf1fbf5b
bde3bf6b
3f3abf1c
3fff3ff2
c5d8bec8
3f434009
bf6e3ffe
bd824007
402b403c
3ecd3eb3
bde13f65
3f91bd1f
3f86403d
40093f6b
4028bf25
3f734016
40043f2c
401c3e72
4028be07
3d414003
3f83bebd
bdac3d9b
3e863fdf
40063d45
402abf1b
3fb63fd5
3ffa403c
40144016
3f97bf7a
3e863eca
bcd5401a
3f714027
3e173f52
40024035
3fcd4037
bdf4bcde
401b3e2f
40173f22
bedd3e1a
3f0b3ffa
40263fcb
40213fca
4033bed9
3d873fde
3f2a3f67
3fb9bf69
bf294007
3e4c400e
4031bf17
3fc8bf3f
4027bf45
bf32402f
bf173fdb
3ffc45d8
3f0d3ff7
3f503e18
bef83ed6
40274038
3e9b3fc9
3ed34019
4027bf01
beed3eb6
40333fc3
3fcc4013
40033e84
3fa33fdf
3fe14010
3fa9be30
4033be8d
bf0e3ff4
3ff83f8d
3dca4016
3f80bf26
3fb53f94
beec4018
bf5e4020
3fb63faf
3d96be73
3e933eca
402f403e
402f400c
3fe3be6f
402abea1
402d3fcb
bf213fbc
4003bf4c
3f5bbec1
3fe4bf4a
40323d1a
3e4f3f8c
3fa33f0b
401c4039
3fef4026
400ebd92
3fa94011
40354014
bf3abef5
3eeb400b
400a3dd4
bf2c3e64
3f3c4023
c5d8bef5
4029be66
beb23ebc
3ff03ffa
40223ecd
3de43f26
bf70402c
3f81400d
40253ff0
bf3ebf53
3e3a3e07
bcbd401c
40304033
3f9d3f80
be9d3eb3
3fb43f8f
3ff74029
3ebebf3e
3f7a4020
bd1f3fb9
40053f27
be5b4037
3fbcbf29
3f7d4030
3fdf3dbb
3f243f0c
3fca4012
403d3da1
402a3f22
401fbf7e
bf0a3d45
3f90bde7
3f0b3f1e
3f4c3e6c
3fe63f44
3e3b4022
4018401d
40294017
3f163fa6
bf04bf5b
3fa3402f
3fc13e2c
bf373e1d
bf6dbf5e
bdbf3f12
3fb33fca
4030bef6
3fe24032
3f143f82
bd3abebb
3e96403c
3f883fc2
bf354019
3f273f7c
4029bf14
3eaa400f
3f903f51
3fe9401a
3f32bf58
3c8e4003
3f9abf32
3fef3e59
3f093f81
3ffc401f
3f984036
403f403c
3f5abe1a
befe3f27
40374005
3e03be4b
3fc2400e
bf223fb7
3ff4be30
3fe0bf15
400d3ece
3fa5beac
403b3eba
bf62beb9
3f924004
4002beb0
3f56bed2
bf683fc9
bedbbf5c
4011bf28
402a3f76
40193f89
3fce3fcd
3fcf4013
40393fe8
40383f20
3f373f8c
3e9fbebd
45d83fa9
3f853f98
3ebc3f39
3f633ffb
3f8a3fb3
3f63be5c
40013f61
40223e49
4033bee9
3ff73d69
4007beed
3fb74024
40304012
beda3f03
3e7f4021
3f2e4039
40053f36
3ee34003
3e9d4022
3fc73ec8
403e3fe4
3f383f2f
401e3fe1
40354016
bf1d3f1e
3fa43ef3
3ed8bf55
3f083f13
bec2402c
3f98be72
beff3ea5
3f833fef
3fcc4007
bf2e4026
402d4030
be9bbf4c
3f89bebc
40013f42
3f623f6f
40093f87
401ebe77
3f853fdf
40173e85
3ea53fa3
bed04036
bf803ecc
3d08401b
3ef24000
40064039
4028c5d8
3ffb3e8f
4035bd93
bf10bf31
3f0c3fe6
bf39bf75
3f093fff
401a3fde
3fff3e1b
3ee5bf24
3f43bed7
3f043ffc
be58401d
bf5e400a
be994005
3fd23fdf
bec93fce
3faabf05
3f8a3f58
bd21bf07
bf184006
402fbf2a
4019bf4c
402cbf29
40073f44
3f86beb6
bf643ff2
bf363fbf
be84bf61
403e3f75
3f763f31
40273f63
3fad400a
3f173db5
3ebc3e0e
403d3fc9
3e363faf
40103f5c
3e283d83
3f3ebf3d
3fc73fb3
bf0fbe04
be85bf58
bf0bbf3c
bf5bbf23
3f423f50
bda43f62
3f8b3ce4
45d83ec9
40134021
3d113e9d
40093ea5
bf563f08
3f423fab
3fd7402a
403cbf39
40303f10
bf2c4024
3f793f70
40334026
bed53f4e
be84beba
bf1b4023
3e0c3fea
bf2fbe8e
3e143e8d
beb23ef8
40393f98
3fda3f22
3fd8be92
3f8fbf47
bf173edf
403b3fc8
400b4010
4040bf19
3fbc3f3f
bf6b4014
3faf3d10
4015bedc
401b3f46
3fa04007
be8fbf70
3f9bbf44
bf783fd2
be3f3e59
bd81401f
be0fbf24
3ef93fc7
3e853ebd
be8d3f1a
beb8bf35
3f4b3f43
bf5fbf44
4019bf6a
be1d402c
be43bf00
3f62be1b
400bc5d8
bf21be36
3f954035
3f1a3f9f
3f2a3fcd
3fca4022
3fb63ffe
be263eae
3fbdbf26
bf31bdbf
bf654016
40023fc4
402dbf02
40074006
3ebe3fcd
bea43e74
3d603f1d
3fa2bf2c
40363fb6
40153fda
3fb83f2c
bf5b3fc3
400b3f7a
400c3dfd
be83bf6d
3fc53f9b
bdd24031
40034035
3fe7bf78
3fe13fa9
3f39beb8
3de33fef
3f8abb84
3fab402b
400f3fea
3fe53f54
40213f96
3f953f78
bf3e3f7b
402d3e4d
3f873f8a
3f83bf05
4017bd67
40193ffd
3f183fec
3e46bd06
3fb54038
bf31be2d
45d83f56
3f003fa9
40283f60
401e4040
bf453f1e
3f254035
3dcbbe88
4021bf26
3fa5be97
3fd73f0e
4011bf38
3fec3f94
40303fd2
400cbf5c
3faabf5f
bf573fa2
bf0e3fe9
bd98bee4
bf67be9b
3d493f58
bec1400c
bef33fb5
bf014022
bf44bf51
403d3fd9
3f6f3f33
bf403e58
3f31be78
bec0bded
bed4be93
3e583f56
be253ea3
bebd4014
400dbe49
3eb64019
be943f2f
40273ff3
3fc7bca6
3f9b3db1
3ede3fac
3eac3fc9
3fa93d38
3e61bf57
bf573fa1
bf203f1e
3f4e3f35
bece3f83
be8ebdfd
3ded3f5a
3fa5c5d8
3fb34029
40373f2e
402e4029
40123e8b
4027bef2
4005bf04
3faa3f02
bec33def
4003401e
3ffdbf15
3db43f45
40123fb1
bf193f3b
40253fdf
bf4d403a
403dbe11
3fa9bf4c
3f074030
400f402a
bec24001
bf733fdd
3f323fd3
bf43bf3d
bdf1bd5c
3f2a3fd7
bf173e76
bea43eb0
4040bf6a
3fbebd83
3f954038
3fc03f6a
402abf57
4023bf1b
3ec33c8c
3ff8bf7e
bba83d9c
3f9d3fbb
3f5c402b
3eab3d77
3ef6be85
bf2cbf02
3cf83e2b
becc4027
bd833f2a
3efc4021
3f9b3fed
bd654016
45d84003
3fbf3f5b
3f613f5e
3f0abf32
3fa4401c
3fbebf34
3faebf64
3fddbf29
3e10403e
3fdb3fcf
4029bf1d
bf64400f
befb3ea8
3fc93fb8
be3b400f
3fbfbeaa
400b3e0d
3f7c3f3b
403d400b
3f883f24
40033fc1
3fac3f92
3ff43fc5
3ff1be88
400c3f89
40193c9e
be05bf14
4036400b
3fe53fe9
3d004007
3f39403f
be703fed
3ffe4030
3f5f4017
40223fce
3d883e98
3fd54033
3f0cbf7b
4032befa
3f283f4d
40223fc8
40203f86
3e7e3f8c
3f35402d
40133fbf
3fa23fca
3fd93fb9
401f400e
bf804016
3fd8c5d8
3f884004
40073e8a
3fb9403c
3ff43fa0
be4f3d3f
4007be9a
400a400b
3ff3bf7c
3f0c3ee0
3fb53fbd
3e0fbeb5
4038be61
3ece4017
3fb2bf77
3fa34012
3e213f8b
3f393f53
3fad3fa7
4037be9f
3f0f4035
3ebc4027
3f9cbf74
400f3fd2
402d3e27
bd7f3fe9
bd9d4003
bf354030
3fc74018
bf113ffa
3f973fb0
3ee4beab
3f023f1e
3fed3fe0
bf504017
3f94beb7
bf073f40
40393df2
40343f84
3fc3400b
3f3b3f38
4020bf3a
400e3f81
40203fa5
bf033f9d
3fc8bdeb
3f7dbeab
3faa3f10
45d8bea4
bf003dad
bb393e46
3ff13fc3
3fdd3f8c
3fc0be30
bf393f9d
3e9bbf27
bf783fd8
3e813f87
3f913fee
40123e75
3ebc3f9b
4014bebe
bee93f9b
bf613fbb
3fde3f09
3eb9be12
bf3cbf01
3ec94031
bf25bea9
400dbee3
40273e84
40213f5e
401e401d
bf0a4038
3f033fe6
4005bee1
3f7c3ed9
40014005
3fcd3fb5
4003401b
bf1d4004
bcecbd2d
4002402f
3feb3fd0
be94bf33
3eb93fab
3d093fe6
4005bf1d
40043eef
401abf5a
bed83ddb
3f8b3f9c
3fd84037
be5f3fa5
be1d3e60
bee03f47
3f89bd60
3fa4c5d8
bf60bf39
bf093e68
3f53402a
3dcdbf25
bf2d3ff5
3f18bf0b
3f493edf
403fbeff
bf1e3eeb
401ebf6d
3f7fbd9b
bf723f81
3e7dbe63
bd7b402b
400dbe9a
40363f9d
403d3ed4
4012be55
401fbf75
3f12403c
bea33f4f
3edc3fc1
3fee4003
bf364037
beab3ee2
bf0cbece
3f9ebeb0
3fba4039
3ee13ff7
403e3d4c
bf203e9b
be2f3f17
40123cb1
3f613eb2
3ff0bf28
be8a3e8f
3ea63e90
40244004
3f26be16
3f88400f
40113f8c
3f923f9c
c5d8402b
be763fde
3dd7be9c
401c3f47
3d81bf06
402cbeed
beda4015
3f95bf26
3fc23f2c
3f813f55
bf343f28
3fd53fab
3fb53d1b
3f243fab
3feb3fc8
3f293f10
3ee83fd0
401a4036
bf104032
402b3fd5
3f823fea
bf65bf0d
3f0f3ff0
3fa9403e
3fcf3f77
3f353f9c
bf3c400f
40013f4a
40203e6c
3f933fa9
3ff33e89
4010beae
3eab3e16
bf0f3fbe
bd844025
3ecb3fe2
3ea83fc4
4026bf2c
402fbf25
402ebeda
3e5e3fb7
3fee3fee
3f1e3f21
bf74bf3d
4037bd6b
3ff5bee2
3f5b402a
3eaf3f57
3e513fec
bee845d8
bf28401d
3dcc3e01
4015bebb
3f1d3ec1
3fffbec4
4002bf17
3e39bca9
40384026
3fcd4018
bdf53f1a
3f0d3fb4
40023f7f
3fdd4010
40113f59
3f8c3f9d
3fdb3feb
3ff14034
be7e3ba5
3d8dbf27
40193f9a
beb03f11
401c3ed9
3f503fca
3f313f29
3f163fc1
3fd5befd
402f3f6f
bf20beaa
3fcd3ff0
3fc94017
3f9d3f3f
3f20bdae
40363fbc
3f9e3ffb
3ea0401b
3fa1be03
3fa93fe7
4012bec2
3fe3bf07
3fc3be99
40123f75
3f1d3f71
bea0401d
3fbd4026
401f4028
401c3fa4
4004403a
c5d8bf33
4028403b
3eaa400b
be973fb4
bd6f3da3
be704031
3f05beee
3ed63ff1
3fbf3fc0
3fb8bf0a
3ff1bc9a
3e96be90
3f0d3edf
40033ec1
3fbc3fdf
40113ceb
402b3fb1
3ff6b988
3ff64015
be924029
3e1f4002
3fea4022
3f7d4004
3fbf3f98
3eb84018
be463f0d
403bbe45
402ebef9
3ff93f57
3fd44002
3fb8be60
bf47403f
3eea4022
3fa54026
be1fbf32
3d243f21
3e833fae
bed0befe
bf0dbf7b
3f5c3fe9
3f723f18
3f3dbdf9
3f8bbe03
3f2f4020
bf55400f
3f994035
3f1d3f9c
3d0d3d88
40263f7f
402345d8
3fd23ef5
3f123fb5
3f98be5d
bd3a3cd8
3f333ff7
be193f8b
3e90bef1
3f9f4026
40063fd3
3fb3bb21
3e983fb7
3ff4bef2
40243fce
4011bdd9
3fc0bf78
3ecfbec8
3fb93e99
3f59403c
402d4039
bf084023
401d3f9d
401c3dfb
bf523f2e
3f573f88
3f30bed2
3f1a3fd4
3f113e89
3fabbf0c
3f04402e
40083fdf
3eab3e0c
40284035
3ee63fc6
403a3f57
3f263d9c
40403e9a
3fdf4003
3ff53f72
bf194008
3f66bf2e
beb9bf32
bd443f8c
3eb53f82
400a3f08
3ece3fa2
40123fc8
3fb33f0e
c5d8bf2d
3f17bf0a
3fc14019
401dbed1
3f9a4040
3e95bf11
3fce401f
40123fa1
3fc33f04
400f3f71
bf39bd90
3df03f42
403f3f09
bf07bea7
3c223e9e
402bbedc
40174032
3f6b3f7d
3fdb3f81
bf253c0a
3fe0bf5d
4031be10
bed9bf10
3f6c3f99
be9d3f50
3f71bd80
3e743f3b
3e05be56
4024bf0f
3fd53ec0
4018401b
403c4004
3ecb3f8f
40163f56
3f923ef0
bf0bbf2a
3fa83e7c
3e89bf7b
3f073f42
40403fb9
bf2fbf7b
3fbd401b
40173fe5
3f563fb1
40134031
40014004
3ee13f64
3f953f3d
bf35bf60
3d9745d8
be683f84
4018bf77
bf343fa3
3ffe3fb1
3fe73fde
402ebf6d
3e383f7d
4033403c
3fa23fa2
bf254011
4016bf35
3dbb3fa3
3fc2bf0c
3fb24032
beb43f34
be703ed9
bf654007
bf0a3faf
400c3ece
be2b3fcb
bea03fb0
bf5cbf75
be0ebd0a
3e553fb5
403f401f
3fe63fa9
3fabbf4f
3f373f07
402f3f4c
3f42403c
3fe4403d
3fda3fa3
3fb73f91
3ee93f7a
402abf62
bf1f3ff7
3ea33fcf
bf213fd7
40043e32
40024016
40003f0c
3ff9beb8
4034403a
40313f93
be444020
3f31400a
40153f80
c5d8bf0b
403f3fa6
bf594011
400f3fe2
40333fdf
3fa7400f
bb8c3f0f
3ded402f
be6d3ffa
3d59be77
4019beb4
3f293fe6
bdb74026
3e47bdb6
be9e4005
3f3c4002
3fe33f8d
befebe36
3f65be24
3f88be22
bcc3beec
40123f70
40393f11
bece3fdb
3fe1bdba
3fc84030
40053fd3
3f684033
3fc53fde
3fa03f76
3f88bef7
bdccbf24
402a3f73
3f723fd6
3f13bc02
bdddbd4d
bdef3fbc
bca53fe6
4027403b
3ff33f85
3f2b4040
3e88bd5d
3fbb401b
4016bf4b
40184036
40164035
40353f68
bead4002
3ee33f65
402545d8
3f8a3f77
400c3f53
402c403d
bf26bf00
3eb1bef8
400d3e78
3fa0bed4
4027bf19
401a3f0e
bea2bf6d
40004018
402a3f9c
bf334028
402c3f56
bd1fbefb
4036400a
3fe2be93
bddf4007
3e7fbec9
be2c3f49
bf153ffe
3fe64025
3f68bf16
400a3f9d
3f5d3f42
3f403eee
3d1a4031
3fe5be97
40153ff8
bdc13f91
bea1bd53
3f5b4029
3f974001
befa3fa5
3fdc3f99
bf09402a
40013ed6
40144035
bf21bf5b
3f56403f
bf3f402c
3fc3be9e
bb6d3ff1
3e5abf3a
3fa1bda4
bec9bf12
3fc73fcd
c5d8402b
be23bedf
3ef33fb0
3fc0400a
4021400e
bf693f49
3faa3fce
4006be20
4000bf6e
3fe83ff2
3f504034
4003401c
40144006
3fd43f7d
3fbfbce8
3f2cbf40
bf1e402f
bf75bd93
be0c3ee6
3fb14022
bf173fe4
3f3a3e51
be87bf3c
beeebf0a
3fae3f59
3f603e0f
3f7b3e55
4004be33
bf39beec
3f1abf19
3fb63f56
bf643ef5
3f0fbf57
400b403f
bdb63f1c
bef13fca
401f3f74
402ebd7b
403ebf52
3fae3f1e
3fb6bec3
bd1c3f27
4024be32
400fbf41
3fc23eb6
bd823e9c
bf4d3f8e
3ea73fa5
3f923f8c
401e45d8
3f913d96
bf243f64
403e401d
3f164005
bdb63f2a
4038bef6
3f6fbec0
40194015
bf1bbf35
3e70bf74
3ff14035
3f2a3ff0
3fb53d59
be643c9e
3f9c3fe5
3fcf3faf
3f98bf55
3e0abf47
be9bbd97
bf633f81
4014400f
3fba3fb0
3fab3f48
bf503fd2
bd1e400d
3d003e2f
3f1b3f1e
bf7c3e9f
3fc8bf7a
4008402a
3da1bee2
3e2c3ee4
3f903f0e
3f49403a
3f1dbf53
40103e03
3fc9402e
40003f04
3fa63fe4
401abef3
3d68bf78
3f773f6b
4038400d
3f234037
bf49403b
3d59bcbb
bdc94021
c5d83ff7
4003401a
3e91be6a
bd683f4f
40074015
3ff14032
3ed7be3c
bf494033
3e573ea3
3dc74027
4013bed7
40323fde
4040bea9
3fa24011
402e3fae
bf123f59
3fd4beb8
3ef63ecc
3fa74010
3f05bf2e
3faa4011
40263ea7
3fd63fe1
40003fe8
3f544010
40033fd1
4008bf11
3f6d3fac
bdb1be99
bf80bee6
3f7c4014
bf023e81
3e05402f
3fe7bf6b
40083e98
bed6402d
bee53f06
3ed8400d
40244007
3fb73ff0
be5fbf73
bf2bbdff
be823f40
3effbd9c
4019c5d8
3fad403f
bf4f3d2b
bf593ffd
3ff1402b
3fc9beed
be85403e
3faa3f10
be993fa1
bf063fc3
40303f3d
3fbfbf4d
be1e4015
3e693eba
3f824005
403e4039
be724032
402f4039
401abe1b
3d9cbec9
3fa13f87
3f323fed
3f563ff9
3eefbee6
3fe0bd11
3f643fc4
401cbc83
403e400b
3f794027
3e3b4037
4028bf74
400dbe3a
3fb43f23
bd6dbe94
bda93f5d
3f793ed5
3f583fb7
3fb33f7e
3fce3ee8
40074037
3fd23f42
3fef3f62
be73bf71
4002be92
3f84bd5b
bea3bf36
3effbd54
40363fdd
45d84028
40383ecc
bf083f75
3fad3f7c
bec34010
be32bf54
bf463fd2
3fea4022
3fe33f54
3fe73f43
3ff63e3a
40114000
401f3ff6
3fd83fdc
3f813ffc
401c3f73
bf223f81
3f873ea6
3ea33f76
3d0fbe6e
3eaf3f7a
be32bea9
40084018
3f0b3ffc
3f5b3f3f
4033403a
3f47bec8
3d454036
3f113e24
3fd33d8a
3eba3fda
40323e95
3e56be94
3f343ffc
be97be31
3ed1bd91
400bbe12
3f1f3fe1
40303ff6
3f3ebd79
3f903fd1
3fe03b67
403c3fc5
bef03d91
3d4e4020
bf3e4034
40114038
3f1c3ef2
bf2cbf04
bf0dc5d8
4011bf1e
bf60bf11
3faf3db9
bf10bf78
3fbf3f26
beb8be6b
3fec3f6d
3fa3be4a
3f883ff2
bf3ebe46
be9c4011
3c483fb5
bf3f3f78
beadbec2
3f983f65
3fc2bd48
4005bd17
40163ecb
3f1b3fc7
be623ff7
be8a3f08
3f8f4010
3fb13f7b
3f91bf78
bf00bed5
3fe93f31
400f3fed
bf1c4026
bf573fd4
3f5c3fe5
3fc63d40
3d89403c
3ef83fa5
3f8c4032
4012400e
bf2b3fb2
401b3ffd
bee63f5d
bf5a4037
bf7a3fa4
3fd6becf
bf57be9d
beb24031
40333f05
401e3fdf
be483ff4
3e41bf3a
45d8bf35
3fae3ea6
bec53fe5
3eaa4020
bee2bf3c
3f3cbf60
3f8f3f02
bf74be57
3f84beb6
400f3e90
3fe13fcf
3fc43ec3
403e3f73
beac3d7a
3fae4021
3cce3ff1
bf694012
40103f99
3ff33fde
bd08400e
40253f1a
3ff64016
3e9c3f0f
402f3f97
beab402a
bf58bf78
bf6dbea5
3f70bd14
3c513fde
3f883f9c
3e96bf4c
40123fd6
3fa23fd8
bf383d98
bdfa4035
3e93bda5
4029bf73
403e3f2c
bf053e9e
be653fef
3ff04038
40073f07
3fbe4005
4026beed
3f1f4026
40333ff3
bdb83f1c
3fffbea6
3f66401b
3edcc5d8
bf7b3f99
3fc33fcf
bea64002
bf593ffe
3f59be1e
bf0dbf09
3fecbeb5
3ee73fbd
becf3f8f
3fd93f8f
403fbf31
3ff23eed
bee5400c
3fd03fd6
402bbed6
be2d4024
401a3ff3
3f713c5e
3fed4006
40193fc3
3f39403a
40243f03
bf25bf54
3f144025
3fe83f13
be49401a
3f814034
bdf83dc6
402e3f44
3fbc3e07
3ff03f2c
3f72bf1c
401c3fb9
bd224033
3f904036
3fb33fc1
be034037
40273f8a
3e493f81
402a3fe3
40123f6d
3fe2bf0a
bf48beaf
bcd2401a
bf14403c
40293fca
3fa64001
45d83fb7
3fccbe9e
3f953e47
4035bf6c
40113fa5
3f793fd1
3f6a3f9e
40393fde
be9d3fff
3f164034
bf34bea0
bd0fbf7c
3f5ebdde
3ebf3f9c
3e883f0f
be383e40
3e1b400b
40293e4f
3f723ede
40304031
40383fa6
3f784010
4034be84
3f213ff7
3f28400b
3fd04017
400e3fd6
3e6cbf3a
3ffebf6b
3f0d3f1d
4006401e
3e4c4040
3ec1bec7
bf07be41
3ff9bf77
bd75bf22
40164032
bf59beb3
4027bd6f
bf4f4021
3fb33f0c
3f633f18
3ee5403f
3f4b4005
3ff44037
3ff0401c
3f9a3f9f
bea73fa4
40343efe
3f95c5d8
3fee3e49
3fa83fba
40323f2b
3f393fff
3fa54029
bdfb4025
3ff43fc7
3ff5be53
4021bf27
3fe23f25
bc444026
3fce3f2b
bee1bee5
3fc5bd02
40373e2c
3f983ecc
40363f40
3f9d4033
be9a3feb
3f903f96
3e853f06
3e803fb8
400e3fd3
3fa33d61
3fdf3f8e
bf654001
4006bed4
bf4b3f64
bc94be9c
402e3ee7
bf363fb9
3f103ff4
bf2e3ec7
be453f1a
3fd44032
3f244022
3f64bedc
403a3fd3
3f26bf10
3e063fb1
3eb33fca
3fc1402e
3d8dbdf9
3ef7bf18
bddb400e
3e783f2e
3e3d3e5e
45d84032
3fa33f66
40084000
40364038
3fddbda1
3fe23e99
bdb53e0e
be2b3f33
40404020
3ff03fcc
401cbe3e
3fa9bcdd
bee5403b
40123f1b
3f2bbe9a
4006403f
401abf48
3e6c3d9d
40403f61
3e8a3fcc
4018bf5d
40143d88
403f3f38
3fd63ff2
403d4035
3fa24026
4022401d
4032bf24
be463fde
403d3fb5
be504001
40203fe5
3fddbf53
beabbd01
bf743fcd
bea03dda
bf4e3ecb
bf763fd2
40023f79
3fa33e38
3f1e400e
3e74402f
3e8a3f93
403cbf4d
3e983ee4
401b3fa5
3f06be15
403a3e77
3e494010
3f45c5d8
3f314001
403b3e82
400e3f82
3f0e4012
3e9ebe97
40204034
3fc4bf21
bf75be17
400c3f91
bf473fb8
400f3fcc
3fd33da0
3f40bead
3f923e10
3fcfbe09
400f3f8a
401d3fee
3fee3fdd
400bbf56
3ffebf74
3fc03f82
3f714025
3f2a400d
40083f84
4011bf6d
3ec13f07
3e44403a
3fb33fb8
3fe63e42
400f3fba
3f8e4015
3f4c4001
40384034
40213f25
3cdb3e6f
bf3dbf10
3e8b3f8a
4015bf2d
bf203ffc
3efbbe6a
bd783eb7
3f7c3f49
3d3a3f03
402a3ff4
3f874004
3fcf3ee9
40123ea3
45d83eee
403b3f49
3f8dbf09
beee4001
3fe93f04
bf01402d
3f57bea4
bf02be97
401c4020
3d943ea8
bf18be04
3e773f84
bdb4bd4a
3fc83f56
3f6e4009
3ff6bf6c
3f2c4036
3fe83fe5
3f503fdd
3a853eb0
3f684023
3de0bf5f
3fa7be34
403c3f93
bee43ecb
3f7f3fa4
3d233e2b
3ff63e53
bdccbdd9
4023bf61
4033403a
bf7c3f44
3f5d3f08
3fe43df4
bf243fe0
3de7bf1c
3fce4038
3e664030
3fee3db1
bdcf3fed
be033f62
40314006
beeb3f94
401d3f06
3eb7bf46
3f83400c
4021401b
40243fb3
402cbe6a
bf3cbf6c
3f213da5
bf7f3f82
be80bca5
3f083fe0
3f93bf75
4033402e
3e573f3c
403f3fd6
4028bf5e
401c3f51
40224029
be0fbf11
3f143f4d
3f233f3a
3d694014
bf2c3f1b
4039bf5a
bc8bbea6
3fc84028
3f173f9b
4000ba09
3fd7bf6a
40193ffd
3e62bf71
bf0a403a
bf314020
403d4032
be0d3f06
3f6d3f89
40133f73
402f400c
402abf33
401b3dc4
bf07401e
3fb14022
4014bf30
bed73fa7
3f1f4000
40273f35
403a4017
402b403a
3e21400e
c5d84006
40353fc5
3db9bf73
3fe23f3c
3f293fea
400a3f2f
3fbd3fda
be00bf3e
3c543f88
3f62bec4
3f9f3f66
3ed2401b
40364040
3f4f3fcb
3e4bbf00
3fe43d89
400cbe80
40023ffc
3f3bbf60
3fdfbeb8
3fd13f21
4024bf7d
4037402d
be464037
3ecf4000
3ee43fba
bf193dbe
3fbabf17
3feebe2e
3ff33f9f
bd90bf14
402d3e67
3ecb4012
3fd53fa7
bede3efc
40113fe5
bda93fd6
3e853f30
3f633f2d
bd4c3ff5
3fa94039
3f233fe7
3f1a3f68
3fe83fec
bf6a4039
3f9b4033
3e264004
3fde3fb3
bdd9bdf1
3ebd45d8
3fc5401d
3f2d3e86
4005bd6e
bf2bbf52
3fdd3f64
3da64019
bdc5403b
be403f9f
3f563ff7
3f34bf7f
3f7f3fc5
3ebc3f11
3fe4be3d
3ff54020
3f104012
3fa7befc
3ec44034
3f18bf79
3f3fbd4e
401cbe49
401a4021
3f6fbd65
3f3b401a
3f8b3eb7
3f97bf06
403d3f06
bf11be16
bf11bf19
402ebf3e
3ca3bd8e
3f583f85
3df63ec3
3fa33fee
40173ef6
bee44005
bed23ff3
bf133fbf
bf07400d
3eb23f61
403d3e37
4018bf54
4023be46
40403fa3
3e8abe9c
3f2f3f59
3d923f71
3fb93f26
c5d83f87
4003bf6a
3eba3f7a
3fdb3f98
3f0fbf73
3f5a3f2c
3fe44006
400f3f13
3f8e402e
3fba4019
40324006
3ff03ffe
3fbb3fa1
3fbe3fe0
bdcf3ff7
becc400e
40393fcf
4008bece
4003beb1
bf22401c
bf4c4021
3ff64033
40383f7c
bdc73eb9
beb03f22
3e08bf1e
be91400d
3e84be92
be843f55
bf583f42
3fb23fc6
befc3f40
3eec3f2e
3efc3d9f
402f3e82
400d4012
403abf69
bf323e3b
40343fbd
be833fde
3f943fcc
3ebd4034
3fc04010
3fec4020
3fe4bf4d
3f86be91
403f3fd0
bea33fa4
4024bf66
401845d8
3fbdbe76
40004014
400dbf33
3fe03fed
3f693f61
40153dca
402dbda8
40253f38
3a803f0d
400abf25
bf484021
402dbf63
3f8d3fe4
bf03403d
3fe5400c
3e23beec
bdd5bf7e
bf42bd9d
3f43403f
3ef34036
40253fa3
3d9b3f55
3fc1bef9
400abf65
3f693ebe
4009400e
be303f89
bf223fc9
3f81400e
bd6e3fda
3fb4befd
400c400d
bf053f99
400d3f39
3f073f43
3fa13ed3
3fbcbecd
3da33fab
beb6400d
befc4033
40343eb9
3f214017
4008bef4
3f2f3f89
400a3fc4
3e993f73
3ea84000
c5d8403a
bf1d3fac
bf633fda
3ed3bf7c
40263fff
3c1c3fd7
3f313f00
40283f02
3fb33f77
3fdbbecb
401a3f0c
403fbf42
bf32401d
becc4006
3fee4034
3eb1401b
3d91401d
bea4bf56
403d4017
bf653fcb
3f84401c
bf5f3f19
40333ffa
bf143f90
3c85bf34
40383f1c
40073fc4
bf544000
3f74bf40
40054015
3f86401a
3ff3bf4e
3f863f7b
3d343faa
bee6bef0
3f673fef
401e3e71
bea03fdb
402ebf33
3f91bf03
4008bec6
3e9dbea2
3f26be1a
bf3a401e
3f2d403b
bebe3fee
40153f97
3f384023
bc82bee4
400945d8
3ffe3ef0
3f8fbee8
3fbd4033
40284009
3c1d3fd9
3eb1be5a
bd493fd9
3f9ebf4e
3f823f92
bf0b4016
40343f82
40244013
4032bdae
bda63cf2
4030bf4d
3fa63ff6
3f963eb7
3f883f5b
3fd53dbf
3fd83fe6
3fc4be8c
bdf5bf71
402b3e72
3ef63ebb
40043f8d
3f2f4036
bf7dbe94
3ecd3fe5
bcc53fd0
40293fa4
4033beb5
402d4033
400c3fc7
40133f90
bf453fad
3f213f9e
40183ffb
bea13e9f
402c3ff8
3fc7400e
3fa3bf1e
403bbe8e
3f95bf1e
3fa9bf7e
3fcdbf4c
3f3e3dda
40273f69
c5d83f96
3f874001
3ec2bd64
3d314026
3ec33f18
3f47be39
bf2ebd4a
bf733e2a
3f8bbefb
3f0f3fc5
40063de9
403abed2
3ece400b
402bbd7f
bf5f3f24
3e163ff5
40393ec4
bf7f3fd7
bf514021
bf7ebef9
3fc43fc8
3ee83f13
3e2cbe8e
3f49be6a
40033fc5
3f403fb8
40003f9b
3fa6be64
3f693e44
3fc13ffd
bf093fa7
3fa2400d
3fc94014
3f5a3fb5
3f60403d
3fbf3fe8
bdce403c
befe3fa6
3f1b4028
400f3fc8
3f4a3fa2
be7fbea0
40023fde
40033f8b
bf003f81
3ff23f59
400ebf03
402d3fe2
be724014
3eca45d8
3ff04002
3fe23f48
4013bf00
3fc3bdbd
40093fce
bf5f3fc7
3ff53f96
3f253f7b
402c3f84
3f954036
40173ea0
403dbeaa
3fd2403e
3f294001
400f4005
bf143f43
3f8b4021
400f3f07
3f873ed3
bed03ed0
3f643fcd
3f8e3f2a
400b4029
3f9e3fb8
40393b1c
3fa94028
3ff04020
4027beca
3c414019
3edabf1c
bf23403a
3de83ff2
401e3fba
3fbd3f29
3fd2be09
3e934032
3fd7bf6c
3fb53e95
3fa33f15
403d3ebf
4014bf80
beb63f9a
403d4033
402dbf37
40403fa3
40324008
3f37bf4b
c5d8bed7
3f7ebe82
403a3ff5
3f4b4006
3ebf3ff7
bf71403e
40113d73
3fd23f2a
3ee0bf6a
be904020
bded3fac
3f9dbe8b
3ea73f4a
4001402e
3fc23fc2
3ee1bf22
bf243fd8
3f23400d
3f14400b
3f464008
3f833ff3
3f9cbeac
3fbdbed8
4011bf61
4018bf6b
bf2d402d
beb14033
bc1f4017
3ecf3ebc
40103fc8
3dcb3f13
bd763ed8
40343e9b
3f0c3f66
3de74018
3fe23f54
bf693f36
4020403c
bd16bf01
4014be4d
bf773fba
3e733f91
401c4021
401d3f40
4037bce6
3ec43fa2
3ea4bebf
bf743fa9
3ef4bd31
bdbd45d8
3f923e71
3ecd4007
3fdd3b85
bf653f59
40033f44
bf49bf79
4001bf43
be854038
3f94401c
bf7e3efc
be0a3f86
bed04028
40164008
403fbf4c
3f843e3a
40254022
bf79bc51
401f3fc1
3f89bf5a
40044024
3f374013
3fe2bd67
40053f04
401b3fd9
3f32bf7c
40123c69
3fd73f52
4029beae
3fc34009
3f373fe0
3f97bf17
bf10403d
bf164017
bdfbbe81
3f5c3f04
40093fc8
3f2f3f61
40013fdd
3f053e69
3f8f3efe
40243e59
bf204039
45d83fcc
3fd8bf26
3fe4bf22
40383f86
40304021
3dd93f1d
b9293fa7
bf14bf4e
3f3f3fd7
400c3fde
3e3bbf71
bee1bf6c
3ef7be70
3fbcbeaf
40283fe5
3d03bde6
4002bea5
3dde3fbd
3f123fee
3d794031
be843f49
3f223fea
bf584021
403fbd64
3f344008
be9f401c
be83bd12
3ed64016
3ec53e6c
40283e1a
4012403d
400dbf63
be0c403e
3ff93f40
be1b3f0d
3f6a4027
4017402a
401b3f56
3f0f400c
3f9b4027
4020bef9
3ff9bda5
40203f8f
3eb1bb5a
be1a403a
3fd73e2d
beb93fd1
3ec2bcef
bec54033
3f5dc5d8
4014bf64
bcaf3ff0
3f85402a
40063fda
3fd74035
40063fc4
3fb4bf61
3f53bdfa
40283f1b
3ed6beb0
3fdfbd5c
3f3d3ffd
3cb43fa3
3e6a4021
3e3dbeb0
3f29bf05
3ff13ef8
bf55bf7f
4012bf4c
3fcb3fb8
3fe5be9c
3f873fd6
3ff43fec
beb93df0
3facbf20
402b3fae
bebe4039
3f8f401f
3ee1bf7c
3e4f3fb7
3f5a4028
40153f94
becf3fc9
40283f62
3cbcbe87
3f294018
3eb03dd5
4031bf02
3f0b401a
3e15bee2
401b3e91
3fd83fff
401a4013
4012400a
3f88400c
400fbf5e
be203d49
45d83e73
bf6e3fd6
400f4001
3fe44026
3f403e9f
40363fa2
4011401d
3f0d3e89
40293e8b
40123e0c
bf12402f
3fc6bda0
3f53bf09
3c83402c
bf633f0f
be3b3f93
3f563f2f
401b4010
40293ef5
3fb5be72
bf42bec2
3ff63d90
3fa5401b
400fbeab
401b3fdf
3f9b3f47
3e073f8a
beccbf2d
3d8f3f6e
3fff3df5
3f2d3e40
3f693fb5
bf58bf75
3faa3fc7
3f9c4028
4024401f
be0e3fb6
bedb3fd5
40153f2f
be96401e
3f2e3fb7
3fe73f19
3e2a400a
4013403e
4019bd9d
bf20bf10
be4fbe8c
4012be47
4026bf1b
3e87c5d8
40393f05
be51400e
3f994012
3eb2402a
bf7f3d33
3f154010
3feb4025
3ff8bf24
bef23ff7
3f0f3e8f
3ffe3fe4
3f75bf15
3eb83fa1
3fc9bf3a
3f5abf7e
3fb14029
3f5d3ecc
40303e97
3f634032
3fc53f5f
3ef83fde
3f883ff5
becdbdc1
40034040
3e013fc8
be443f32
3f663f43
3fb83d0d
bf1d401d
3f9f3fa5
bc453fb1
3f9a3f0d
3ce53f83
3faa4001
be6c3dae
3f9c3f00
3f9c4038
3fb13fcf
4021be86
3e89bf19
bedb3fca
401b4032
3f683fd2
4036bf6d
be5d4000
3f913fa0
3fbc3fb3
45d83fdc
3fef3f82
3fcf3f9c
40244008
40353ef3
3e953f23
3f79401a
3fd64028
3f35bf6b
bf623fa2
3f643eef
bf7c3ea4
beb93eeb
40263fde
bf58402a
3ff13fe0
3f9e403e
3f69bea1
be58be99
bf234030
3fae3e0b
3f314004
4028bf05
bdf1bf26
bf373fa5
403a3f5d
bef83f8f
be9b3f41
be913f2d
bf723f44
3fcb3f68
40053e2e
3ff74031
bf61bf71
3f913ffb
4031403d
3f9f3f05
be0c3ed9
3f863f87
bf0ebf24
403e3f99
402c4020
bf2abe97
400b4013
40163ebe
3f9a3f9f
3fe5bf77
bf104003
4036401d
3fb7c5d8
3ea9bd33
3ed33ffc
3fcb3e6a
3fc43f1e
3f024016
402d4015
40363e5d
3e77bee1
4001befa
3ec3be96
40274027
3f884017
40314003
401b4009
40023f24
3fecbf0f
3fe4bf38
3f61bf17
bf13bf4e
3fbb401a
3f1f402b
40043fdb
3f08bf38
3ff0be09
40383d8d
bee14009
3f363f6a
be9e3fcf
bf57bead
3f09bee6
3f203f1f
3f76bf3f
bd9ebe15
3f783f1f
3e243fa2
bd8bbf67
3d613ff6
bf72beee
3fc73fff
3fd6401d
bed83f98
402f4025
40034028
3ffc3f24
be954013
40193fa4
40074028
45d83f94
3f9f3e4f
3fd43eed
3dc5bf70
4018403d
40094031
3f063f99
4014403c
402e400e
4033401f
bf2e3f14
40303fe2
3f90bde1
3facbf2b
40333e79
3e883f65
be1c3fab
bebf400e
40204036
3f0f4007
3ff6bf37
beda403a
3f3b3fe2
40223fd7
bf7f3db4
3ef4400c
be403fa1
bf254017
40284023
beda3f1d
bd8cbe32
3f0f3f76
bf793fae
401b3f0e
40114014
40253e21
bf40401b
3f97becf
3ffb400d
3d9f3fcc
3eee3f86
bf583ff7
3f094008
4027bf0b
bf483f25
401fbf6a
bf3a3fc1
3f493f97
3ffe4018
bf69c5d8
be3b3ebe
40203e86
3f9d3ec7
3fc43fb4
402a3fec
3f5b4036
3f1b3eda
3f30bea0
3f88bf64
40033f9d
3f67be43
400f3e4d
3f0f3fa9
3d9dbe03
3f77bf76
bf5cbf2d
bef94025
400a3f1a
beb93fef
40093f3e
400a3e71
3fdcbf30
3fe63e4c
402cbf06
3fd63e98
3fb84027
40313ff0
3ffe4031
3f2e3e8a
3f534011
bf0f4036
bf4f3ee3
40383f3c
403bbf80
3f633f2e
400c3f4c
bf693f5d
4015403d
3fc9bf2a
3f683ffb
4036401c
bedf4016
be5d3ffe
401d3fc1
403c3fdf
40194026
bf57bed0
45d8400e
3f703f5b
bf7f402b
3e0b3f27
bef83f1f
3fec4000
bf6b3f00
3f9c4002
40053f3a
bf6b3e0b
3f963da1
bd2a400a
403e403d
bf613dbc
3fcbbf28
3f713fe3
3f713fbe
bd0a3d55
3fce4018
becc3fa6
401c402c
40273fa4
3fb13fba
3faebf1c
3f85be0d
3f50be3d
3f44bf1d
400d3eb6
3ebd3fee
3f9e4029
3fc73f38
be953fdc
3ef94003
401a3fc3
3f81bf21
3f32beee
4033bd8c
3e6f400d
3e1d401a
40394008
3fb13fcb
3fb13f42
bd7ebc97
3ec83e9b
40024031
3e9ebeeb
40253f14
400f3fdd
bf41bd14
3dfac5d8
3f963ea0
3fd33fb5
bf4ebe9e
3f193ecc
bf443d25
bf273fac
3bb4bed3
3f6dbf24
3fa63ee1
3f983fcf
3f9dbf0d
3f8e3fbc
3f1c3ff9
be7d3f3e
40083f9f
3f893fe2
3f5f3ecd
40353fb1
3f61402c
3df03e97
be014025
bf523fa7
3e363fd4
bf063fdf
3d8c3fdb
3ec03f9f
bf083f9c
bf3d4022
3f4c400f
be4b3fa9
403b3fd4
4018bf1c
3ea33fc3
40244001
be8f4038
3fb64004
bf0a4029
3f98bf1c
3fa7befa
3e063fd6
402a4012
401c3fb0
4033be96
40143f28
bf66beb6
3f4c3f14
3f73bf57
45d8bf75
401b4039
40203fee
40043fa6
bdea3e7d
bdeb402d
3fb73ee4
3e3c4001
3f943f25
3f883f35
3d153fb4
40213fa0
3f97402a
403fbf35
3ffebdd0
3d19bf1d
40013fbe
bc3e401d
bddb3f88
40143f3b
3febbf6d
4014be37
3f13401c
402e403d
4008bf39
4013be51
becabf2d
402c3dc5
be47bf18
3b863ed6
3f2bbeac
3e2fbf21
3fb43f64
3f483f5a
3f8dbf1f
3fe23ee3
4023403c
3ee5bf49
3e95bea0
bf073f73
bf533fbd
403b3fe0
bf1d3fa6
3f693f37
403e45d8
40393fac
40353f29
3f98bf2a
bf143ff6
3eb6bc6d
3f084007
be994000
3f693f61
40244000
3f8f4009
3c5f3fc8
3f3c3f8b
3fbe403c
3fca3f74
40263fd5
3dde3eb2
3de0bf69
401ebeaf
be7bbf7c
3eb03fad
3fe43fb3
3ff64029
3eb2bf15
4034beed
3ef3bf59
beef4023
beaa4029
3feb3fba
3f14bf1a
bed8bf7d
3f34beaa
bdc34007
3fe13d5e
3e8e401c
bdfdbf57
40174010
3f823f92
40313e13
be11be20
3dc44018
3fb53ee7
bef1be86
3fd53fef
bf19be53
3fd3be61
40133f26
3fd13ffe
c5d8bf01
3fdfbe87
3f3bbe0a
4007bf2a
3efe3fff
3ff03f16
bf0f3e5a
3f1b3f3f
bf303f5a
403f3f50
be853f80
3b813fc9
be093fe6
bf573f87
3e293e37
bf6f3f01
3fab3ff4
3f9ebea4
3b793fe1
3f5c3f0b
bea93f26
4028bea2
3f07bf2a
3f583f93
3d3bbf7a
3f8cbda3
3f973f6c
3fb43fc4
3ed2401f
3f6f3fe6
402fbeb5
3da24015
3d143f9d
3d1ebc57
3fc64037
3e424001
3ff03ebb
3f554036
bd78402f
3f354015
bf48bee2
401a3fe1
40213e78
401f3fa2
401fbef3
3ff93feb
4015bf13
40273fb6
3fcd402c
bf2b45d8
3fb74034
402f3fac
3fba4021
403cbf09
3fcb3ffa
bea43fac
3f9f3e70
40224024
40223fd9
bf4d3f4a
3fd1bed5
3e0b4029
403a3fc9
bebe3f13
3fa63fdf
be953e3c
bf35bf53
3fc73fe1
3f063f0f
403abf73
4018bf6a
403d3f88
3ff83fe9
bf76bec0
3fb13ff2
3c54be6a
40193ef8
3f2f3fff
3fc64038
3f8e4001
be16bf36
3f8a4018
be9d3fbc
400e3eaa
bf433fa1
3f643e3b
3e883fe3
3e6b3fbe
beb33e96
401a4015
3f58bf0b
3ed43dcb
bf5a3e78
3e7f3fea
bd5b3e8a
401cbe40
3e9b402e
c5d83fd3
40253f04
3fe63fe6
be653ff7
4032403c
be6f3f8d
3f67403f
4023bf5c
3f5e3ef0
3d6d3f94
3fdabed8
40124018
40163fb0
3fba3f99
4005be44
3d42bf45
3f883fd2
3fc14022
bf5c4009
3ecf3f32
3fb8bf20
3e89bea0
bf553f99
3f3cbea5
3ee2becf
3e91bd76
3e5e4018
3fff3e86
be7c400a
3f593f6d
3e863fb3
bf333e95
beeabe86
40233ef6
400e3f34
3f973ec6
3e32401e
4039bed9
4014bea4
403f400f
3fc63f62
bf604019
bf6e3f8f
3f11be55
40013fed
40034026
bf6c3fcf
403ebf4a
3f6e3f5a
bf2945d8
40023ddf
be034023
bebf4010
3eb8403f
becc3eb7
3d82bea3
bf804019
3c9d3e48
3eb5bea8
bf083f1b
3f6cbe2e
3e503f20
beea3eea
3db1bf62
3f6fbf31
3f753fe0
4016401f
3f543ebf
3fafbf6a
bf78beb1
bf11bf6d
3f1f401c
be883f19
be87be92
3ffc3f46
3f734014
3ffbbd98
3f043f4a
40333fb2
3fa74001
40373e91
bf3abecb
4014beea
3faabf5e
403f4027
3f033f1f
402f4021
3e934007
bf173ef2
3feb3fe1
3f093fa2
be6ebf4f
be933f75
3fb33ffb
3fef3fd5
3f8a3db5
3fd93fdf
c5d84016
3f5dbf3e
3ffa3fb6
4024402e
be9b4001
bf123f0c
bf154020
3faa3e87
be183fff
3e9abf4a
3d983cac
bd8d4025
401d4037
bf784021
beda403b
4038beeb
3fdebf7f
403a4002
3ffa401a
3f24400a
3f723fd3
3fae3fca
3fa93fd5
3f473d6d
3f533ff6
bf323eae
40234028
3fd8400b
400ebf3f
bf13bd97
bf0e3e9f
3e893f46
3f543e4c
40363fee
403f3ff5
3e634011
3f55402f
40093ea8
40084009
beb1403a
3f19bef4
3f873f9c
bf77bee9
40123f75
40353ff7
3edf3f7f
3ff1bf4a
3fee3fd3
bf123fea
401245d8
bf25bf5a
3f993f1f
3fc94040
402a3f42
bf643f84
3f72403c
400c4001
4040bf2a
3f2a4019
3fa03f35
bd5f3d4e
400abf1e
3ffd3f06
3f903f4d
3f4e3f98
bea63d7d
3eeb3fb9
be1cbf16
3e463ff3
3fcb3f7d
bf4f3f91
3eb2bf21
3f4c401a
3f373e3a
3f943ee4
3f93402c
3fed3f97
be92bd9b
40073f48
3f8e3f9c
be0e402c
bf1d4007
40163f7d
40033f70
3e593fd6
40343fe6
4023beec
3fc5be68
4006bd67
3ff83f6b
3f853f8e
401e4011
40044001
40393f4d
3fbc400f
3f454022
be9b3fae
c5d83f24
3f7b4038
3fb13fd4
3ebf3fc7
be5e4013
400cbf65
3f934036
3f1e4035
3df7beab
402f3f0e
3f2b4000
4015bf02
3f463fb9
be9dbee9
be09bed8
40083ffc
3ff03f0c
bf4b3f70
3fb73f0c
402f402f
401a3fcb
3fa33f88
402f3ffe
bf353fde
bf403f56
3fe33f81
3f33beb5
be9e3fe1
3f553fd1
40143f1d
3fafbe9f
bf234020
3d413ca8
3fbc3f5e
400d3fec
3f983f81
3f1c3dbc
bf1c3f08
400f3f73
4019403e
400cbeb0
3f093f30
3ef33fcc
3f4ebec5
3f864022
40003f41
3fabbebd
3f0abf01
3f9cbee8
401645d8
3efbbf62
3c903fd3
3e1f3fea
bea23f29
4038bf6b
40403f38
bbb9403e
3fd93dc4
3f4d3eb1
be68bf47
bf17bf14
3fbf3e2f
3ee73e86
3fccbf46
401c3de4
3f383efe
3fa43f82
3fac3fd9
bf224032
3fc33e2b
3e403c4f
bddb3f3c
3f8abf43
40324014
3f083fad
3fa13f75
3ed83f3a
40143efd
3fa23fe6
401a3e08
3f66be76
3fc73fca
3f763fff
3fefbdd8
bdba403f
40374020
be88be69
bee9be92
3f8e3f48
403b402d
3f943fc4
401a3d76
bf77402d
403a3fd5
bf713f1a
beca4016
beb13f5c
c5d8be02
3f79403e
3fa5be11
3ef4403f
3fba3f20
3ffb3e9b
4019befb
3f623e8d
3fe9beab
3fd0bec2
3f594017
3f513fbf
3f773f91
befabf2c
bf5ebef2
4036401d
bf79402c
bea0402e
3f80bd35
4010bde2
becf3fdb
bf35bf34
40123f10
be703dd2
3f1cbef7
3fedbd95
40193e1a
3f6abf22
40083efd
3e004009
be914008
40244029
beb43fbe
bf3e3c45
40053f43
3ff93f79
bf113d9f
400b3fe7
3f263f0f
40264025
3ea9be86
3ec4bf20
3e9c3faf
3f633ef6
3f98c5d8
be853ffe
4023be8d
4021400b
bf6ebf5c
bed1bdbd
4008be3b
beeb3fa5
402e3fb5
bf5a3f9e
bf5e4010
4039400d
3dd33f8b
bf373e55
402f3fa9
403b4028
3fc73ec4
3fa84018
3ec93dc3
bf69bf23
4016be4a
3ea6400e
40203f93
bf093f9b
3eb64010
3ed03fa3
4022bf19
3f16bea0
40184007
3ede3fb1
3f7f4038
bf20bf0a
4025bdb5
3faebf3e
bf27402f
3f6a3f97
3e033f09
bf5a3d96
3fbc3ece
40354037
3f983f7d
3e4c3ffd
3f354036
40304006
3fdabd69
bcc04015
40124013
3ff03f35
45d83f95
bef2402d
3f353e82
40214012
3f823fd5
bf05401f
3f083e89
beec3f39
3fe23fb2
be963fbe
3fb5bf46
3fea401f
bd57403b
403b3ff4
403a4015
3f03bf35
4013bf15
3fbbbea8
40203fc9
bc8a402d
3f963e9b
40033fce
bd2d3f13
3f0f3f54
be6c3fc1
3d9b402a
3f8a402f
401cbf1d
3c2b4012
3fae3f7a
bee53f23
bf703fa4
3e004000
4029bed5
be3b3f97
40103ff5
3fe73f43
400a3f87
3f9ebe80
40344003
3fc54019
3f863e4a
3fd63fe5
3ff2403b
bef33f68
4039bf19
402bbf74
bf0e3fc2
4011400b
401bc5d8
beb54022
3f9f3f87
3f953f9a
3e90bf06
3f283eff
3dc74017
40153e90
3f2f3ffd
402b4018
3e873ff9
3f5c3f17
4034be30
3fe0be03
bf153ebf
bf193f02
bf683efc
4021bc9e
3f573c8b
3c844020
3fd14002
3f49403c
3f283fc4
403a3f00
40364030
3d8e3f89
4009402d
becd4011
bf29403a
3f1c3ffd
3f933fa9
3fa44016
403d3fed
3f4d3fc2
3f043fec
3fee3f2c
bf1d3fc2
3f263f35
400d3f3c
3f183e81
3d6ebe9c
3fc43f3e
3f5ebf34
3f78400a
bf423e0d
40033ffb
4037403b
402d3f98
45d8be1d
40263fbd
be473fde
3f6c3d81
40004011
3faf403a
403b3feb
3fce4001
400f401b
3fc6be85
3e003fe2
3f50bf30
bf7b3f2c
3fdf400f
3c993fc3
3fe23fb6
3e044019
3f4d3dde
bed43f63
3fdd3f2f
3f26bd03
3e033fd8
40023fb7
bf373d5d
3eb23e8f
4029bed1
bf4c4004
3f9b3edc
3f1c3ed5
4016bf3c
3da4403e
3f513f37
3f5a3dd9
403d3fba
3ff13fc2
be583f2d
3eb7bf0e
3f893ffb
40243c13
400c3f68
3eba4006
3f613ff4
3bba4011
bec33fb8
be084020
3feb3fcd
bdb63ed3
3f203f2d
3fc83fb3
400bc5d8
3fb43fd0
bf373faf
3f73bebd
bf2c4031
3f2abf71
403bbf71
3f204026
3f0e3e1a
bf62be9a
bdc0bf64
bf7b3f2e
be043e94
bde5400c
40193fac
3fb93ff2
3fc5bf4b
402b402a
3fd6400e
3e2b3f71
3f913f81
40134038
bed03f97
be8f3f87
403dbe29
3f0c4007
bf464016
400dbc92
3f96bf39
401c3f45
4027bf42
3ff8401a
3fba4006
3f6a3f15
3ed8bf2e
40313eff
40133db1
3f263e87
bee03f12
3fd1403c
3e55403e
3feebf19
3f833ff2
bf39bd77
bd513f52
3f6a3f85
3f82bf37
3fb9403c
45d8be47
4020bea4
bf683f9c
bf364015
bf5e4001
3dd53fd7
bf2cbdf1
40053f5b
bf484031
4037400c
3f943e82
3f2b3ece
be573f5c
40293e10
3f3a3fd7
3f903a94
3eb5bea6
3e43bc14
40113fb2
be853ecc
3ebe3ff8
bf74be4f
4000bf50
3fa93fe1
3d47bf31
3f614014
3f203f8b
403fbdcb
40353fd0
3efe4002
be824032
bc7b401d
3f174025
3fa9bf7c
3f75be8b
3f0f3fd5
3f58400e
3eda3f04
3fbc3f7b
40193f5c
40053e83
bed83fca
bf7d3fcc
3ffd4037
3d1d401d
402fbf49
3edebf40
40094021
401c4006
402ac5d8
3e934000
3c533f8d
be714031
3f063bde
3f47bf0f
3de23f68
3f213ded
3ff63f1a
403e403b
3fc73ff3
3ffd3f69
400f3dd7
beb44025
401f3e03
401f3f86
bf453f0a
3fb33fa7
3db14016
beb4bf4a
3fd83f00
3eb23fd3
3ff63f9a
400d402a
3f983fad
40233f86
bd233f39
3f1e3f04
3f933e91
401dbe30
3f08bf6e
40153e7c
3f754039
40363fb7
3ffc3f4e
3fefbf7a
3fc44018
bf713fef
bcd23f9c
3d55bea5
3f7f3f78
3fc7bf6c
bef2bf37
bf3f3faf
4018403e
3f86bf42
3fbf403b
402d4006
45d8bc8a
bcb73fb2
3ec14007
bf543ffa
3ef7bee4
40183e92
3ea9bd3e
3a163f0d
3f6c3eb4
bf0f403d
3f793f84
400ebf5d
403b3f92
3ed43fb0
3fed3fd1
3f423ffa
400c3fcb
3f0a4021
bf204009
401d3efd
3e0c3f2e
3f174030
bf173fb6
3feebf44
3ccabea1
3f904018
bebb4010
40133ff4
becc3f80
3f223f69
40033f13
3eca4039
bf393e9b
bda23edf
3f524010
3f873fdf
bf73be6f
40174010
403b3f94
bf223fb8
bf41bdf3
40153fcc
40073ec2
3f8b3dce
40284023
3e513e64
3ffd3fa3
40293dae
3fc24011
3ea9c5d8
3fc3403d
3f004026
3d23400f
3fa33fda
3ea14037
401e3f6a
3e07bf02
3e95beb0
400a3e1e
3f95402c
3fef3fd7
be7fbe37
bf6b3e4c
bc89becc
3f3ebf59
4013bf3d
bf513fd8
bead3f4e
3fcc3f8c
3f873fb3
3f853f50
40394033
3fbe3eda
be75bc32
be4dbe00
403a4012
402d401b
3cea3f0d
402e3f42
3fb73f81
3f103eff
4035bf55
3ee83f46
3fdabf19
3fa33fcf
40243f70
3f4b3e52
3faf402b
be9d3f7f
3fc9be84
3ff9bf63
402b403e
400b3f63
3eb53f80
beb53e5a
402b4034
3ed43fb5
45d8402b
3fcc3fb4
3fed3f9a
3fe23d1a
3f553e26
402c3fd7
be60403f
be894020
bf403f41
3f493fb3
3ea1bf7f
3fce3fc6
3de73e98
4015be70
3f9f3fe2
40393f5b
3f893fd3
beb73f5a
40183fe0
40043fc3
bf1a403b
bf10bf02
3f2e403a
400c4018
3f973fa0
403bbed5
3ea2bf1d
bd713de2
3ec4bde3
bf32be9b
402d402e
3f8e4019
3ebf3f56
3fbd4014
3fb4bec6
3f673f91
3f87beeb
401e3f7a
3fb03ff7
3eae3e4a
bf773f8a
3e9fbe43
bf18bf05
bf684008
3f983dd4
bd5cbe9e
3e434036
3f38401d
40173fa1
401cc5d8
3ed13f5c
40203fad
3feb3f1e
bf0e3fc8
401e400f
403d3fbe
3fbcbf38
40243d62
3ffa3f9d
3faa3fd6
3ddabf59
3fa93e87
402a3fa3
3fa93fd5
3f593fd9
402f403c
3f68beea
3fa03fca
40023fad
401a4037
402b4012
3ff73faf
3fdbbf5e
401a3ef8
3fde3f92
3fe03f82
3cdebe9e
3ed53ecc
3f143fb8
3f893f9b
3fd63f91
403e3f6a
3fb54007
be303e92
3fea3f75
4019be58
bf673f53
40383fc0
40064014
400f3feb
402f4001
3fe6403a
c5d83fca
401f3f75
40283fa1
40054001
bf033f90
40384024
3f243eae
3f7c3fde
3ff1bf5d
3e394002
3e56bea2
40103f8a
3ffd3efe
3f90bed5
bf1d3fcb
3f353ffb
bf40bedd
3fd33ebe
3f52bdc4
401a3ee5
3f79400f
bee8bec8
403e3ff5
3e81403f
400e3f1e
3fa73e0b
3f833fec
bf774014
40344012
bf123f89
3f594002
beaf3f1d
3fe13fde
40223f14
40363d8c
401b3f2e
403e3dbd
403d4017
4002bf68
400dbdb5
3e043e04
4014bef7
bf604007
4005bf23
3ff03f11
bf484022
3fa63f2b
3f0d4008
40263f59
402a45d8
40213fe0
3f943f74
be4e3fb0
3fb23fc6
4033bf21
3d85be49
3fae3ea3
bf66bf06
3feb3fe4
3fe63e67
403fbe81
be9abf40
40073f9d
3fafbf2e
3e134023
3f3fbdb3
3fdbbf41
3f923d42
3fea3fdf
4039bf5c
3ec13cf5
3f103f94
3fe8be69
bf703f8b
4012be89
3f6a3fe8
3f9d402e
3e85bf4f
bf5d3fb0
3f2c3ff9
3f7d3e62
401e4018
3fd53ea3
4029bf78
3f383eb2
3ff23ebc
40313e4a
40404005
4038bf64
3fe13f01
bf2c3ff2
3d8e3f9e
3fd23f89
3d0c3f20
be5f401e
3e034026
4038bf71
c5d8bec9
be723fcc
401fbefe
4004bda4
3f6fbe83
bf18bf60
3fc3be87
be91bd9d
3f4cbe9e
bf0b3faf
4030bf5c
bea33fa7
3fb53f21
3f65bf59
3f183f47
bf144009
40123fc3
3f023f32
3fc53ecc
3c674030
3f4c401c
3f883f95
bf743cbf
3ff83f37
3fd13f90
bf363f7b
3edb402d
3efa3f97
bf2b3fa3
3fd13fb0
40223fca
be8cbf7f
bf2e3f44
3f664021
3e1fbd8b
be98bf18
3f9abe67
3deb4021
bd584016
bebd4007
bec13e15
403ebf4a
40393fce
3fbd3e08
4009bd38
bf12bf50
3f6d3e42
bf1bbc9d
40184009
403f45d8
3f953d53
4002bf4f
3f923f5f
beb93f2b
3fc03fbe
40393f64
3e893f09
3f0b3f16
3eaa3fb7
3f3b3fee
bd944016
bf524003
400dbe72
3ed3bd83
3e3a3f0b
3ea9402d
bef23f39
3e5c4025
3f4c3f73
3fd83f9a
3dabbe75
3f943f8b
3e173f29
bf43be54
403a3f93
40153f98
3fd73f06
3f814031
beb53f16
bf033feb
3e473f6d
3fd23f0a
3fa2bf4d
402bbe45
bf493dff
40294030
beae3f94
4012bf32
3ffb3fa8
3efc3f19
401a4005
3ffd3eab
40403f41
3f124012
bce44009
bf71be60
4012bf0f
c5d83ee3
40134010
3fe13f0b
be993fa4
bedf3fc5
3ee1beb4
3fad3f28
403d3f8e
be823e3f
3fb2402b
3fe33ff9
3f494017
3e353fdb
bf15bf04
3ffcbf6f
3fd13d96
3eb0bf5b
3f2abe1e
3f2e401e
3f603f6b
3ff93fef
40023c50
3fc24024
400dbf57
3fab400a
400a400d
bdc03fac
be0e3f95
3fa4403b
be33be2f
4037bf20
3f103f92
403a4000
402b3ff7
3fb94034
3f9d4007
bf5dbf48
40173fb8
bf05bf17
3f663e86
bf403f2a
3f933fde
40223fb3
3f5a4035
3eb64017
3f95bf3d
3ffb400e
3faabe41
400f3c1d
3ff145d8
be7f3fbf
3fffbe86
3f9e403a
4008bf27
bf054018
3f81401b
3fc6403a
3ec63fc7
40093f1d
3fbc4025
3fb53fa8
bf533f10
40033fe1
be10bf2c
401c3ff4
3f62bf48
be4bbf3a
3f5b3f6f
403b3fad
bee73fed
be533fc4
40293ee3
baa1bf66
bf473f66
3e824008
3f5a4012
be584011
3f71bf23
3fe93c4a
3c85bf4f
3f0dbef1
bf613f8d
3febbef2
3fb44017
3fd14018
bf443fea
40173f10
3e2a3f10
3fa63fec
3e36bda3
40183f0e
3f203ff1
403d3d2a
bf3d4039
bf603f1b
bf083f37
3e364017
c5d84012
3fa84012
3edc3fc3
3f5e4019
3fe9bf67
402e400d
3fc73fcc
3fbfbf2d
3f6b3e78
3edebf5d
bdfcbf79
40354024
400f3f94
3e9b3f66
bf20403e
3f8ebf3d
3fb7401c
40124033
bf60401e
40273fa3
3f333e9d
402e3ff0
3fccbf6e
3f43be8e
bf2e4017
3fec3fe3
3f014013
3fce3f85
bf563f62
3ea93e68
3f5c402d
3fe8401d
3fb74031
bf3d3f01
402cbe78
bf354017
3fe8403d
3fe33f3b
bf6a3f89
3fed3fdb
40243e1e
bf7dbf59
403d3f53
3fb5401e
40053f83
40263f78
bd8abf1e
3ea63ff2
3f903ebc
3fba45d8
400b3fe7
3f484012
be8d400b
3ff93f3e
bf413f8d
3fd13fc8
403abeb5
3f9f3f3c
3fc13e9c
bef24036
bf664038
3fe43f9d
400a3fbf
3fdbbf3a
be413feb
bbc0401f
401a4019
be663ed9
3e6e4015
be794028
3fb7401c
400a3e6b
3ff13ef5
40014009
3f963e6a
3ded3efd
3f894005
bf343ef9
be9a4039
3eb1bd40
3ee34038
4008be8e
bf1d403f
3dfc403c
4019bf63
bd373fe8
3f63be2b
bf7e3fe9
3e37be24
3fdb3fc2
40203e7a
4023bf0a
40293fca
3e6bbe95
40293f89
403f4033
402d3f82
c5d84035
400e401a
40094039
3f304011
3f42402c
400bbf66
bea23fdb
bf64400f
3ff83faf
402b3f0f
3f75bf5e
be5dbf77
befe3e45
bf22be98
3ffe3f9a
3f433f37
bf523ebd
3fdfbf30
4017bf12
3f834036
3f853fcc
3fe43f2e
3ff6bd64
3f363fa1
402dbeb7
bf173fb3
403b3d02
bf6c3f95
3e5c3fad
bf7e3f37
3fe14038
40204038
40113ff0
3f2e3f97
401ebf47
3fc14034
40063fc6
3f0d3ff8
3e003f51
be153fe1
3f243fbb
40014039
403d4031
40373fd7
3efd3f6b
3f924014
3fcebe0a
3f6e4032
bf193d20
3f2b45d8
40393f9c
bdd53f7a
3fb73d11
3f133efc
3ffe3f01
be9c402a
400a3e53
3e893f0c
3e3abf69
3f793fd8
bf0b4029
3ec2bf33
3ecabec0
3f153f14
400b3fce
be903f26
bc2a4018
3f2f402b
4026bf30
401fbf0e
4036be4d
be7e3db5
bd693ff9
3e80bed6
40193eb8
3de13f20
3ed23df0
40154023
bec2bf31
3f023f20
3eef4008
3f9c4004
3f86bf7e
3fad3e17
40033f95
402d3f26
3ff9bf26
bf0c3fed
40143f33
402c3f33
bf613f12
40193f5c
3f803f6a
3ff73fc9
3e163fe5
400e4008
403d3fb3
c5d84011
3fdcbf06
3f873f8a
be504027
4002400a
3fed3f22
3fb33f58
403e3f8a
3f88bef4
3f8cbf1b
bed43f95
3ee2be15
401abf7d
402f3ee2
4020402b
3f3b3e4e
401f4037
4004bea0
401e3e73
3e544031
3efd3e5b
3f41bd6a
be8a3fc7
bf76bec4
40083e86
402abf4a
bea3bf47
4033bf32
3e524021
4030400d
3f90401d
3ec5bf63
bf253fcc
3fd03e53
40304040
3e253f23
3e3f3ea5
40383fee
40133f90
3e6c4024
40293f1e
3f0ebf57
3fd14015
3f83bf46
3ec5c5d8
bf164009
bee43ec1
403dbf59
400d3efb
bf5c3eb4
3fb13ff8
bf6f3f7e
3fb53f94
3f98bf77
4021be98
be52becf
3bafbe01
bdee3fc7
3fad3fde
3f2f3ff0
3f113fdd
4034bf15
3fa73fbf
bc814008
3fce3fea
3fd43d38
3f5b3ff5
3fa63fe3
3f9bbf48
beea3ee4
40404034
3f263fe5
bef13eb7
3f283f3d
3f583f0e
4032becf
3ea4400f
400ebe44
beb8401f
3fa3bde8
3fb5bef6
3f06bf5f
40363f49
3f89400a
3ff7402d
4014beb6
bf09beb1
3f86bd40
40153f9b
3fb33ffb
bed14011
3fca4014
45d83fa1
be01bc95
400a3e91
3ede4010
3fffbdd9
403e3fde
bf063f80
3f86be9c
3ff73fb4
40393fa8
3e7a3fe5
bf083ebf
401cbe7d
3fab3f89
bebd4013
3f9d3f8d
3fd8bf25
3fbbbf21
bf693f4c
3ffb4035
40093fec
3f503ff1
bf0b400a
3fdc4005
be52400a
403d3f19
3e103eb1
3fe5bee7
3fb1400e
40133f54
be713e07
bf45bf61
3f09befd
40394007
3fb93f29
bf03401b
bf21bf7c
3df54023
3fce3f92
3fc53ff5
3f863f8b
3f9e3fcd
3e06bf1f
3e1d3f57
3f923fdb
3f2fbf78
403f3f04
400c4027
be1c3ef8
3fb2c5d8
400a3feb
4020401d
3f2d402c
3f833fe0
3f67bedb
4025401f
3f973ef9
be413bae
3fb63f32
bea13fa6
3f113f5e
401b401a
403c3f2b
3efc3fd1
3ff33fef
3e23bd81
3f333fb4
401b4003
bf33402c
3cce3e66
403e3f1e
3e80bed6
3f81bf2d
3fa93fa2
bf7a3f1d
3f393eeb
3fd93fb6
3fae3de7
4006401f
3fbc3fab
3e534035
bf1bbef3
be9c3d57
bd943ffe
bcf64007
40204002
bebe402b
402c3fea
400a402d
3f473e4f
3f424008
3f24bf54
4021400f
bf173fd8
3fb8bf25
3d34403e
be163fd0
45d83f8d
401abf3b
402abf41
40223faf
3fab3ea7
3e03403b
3fef3f7f
bf0b4030
4004402e
40383fdb
bf714010
bf00beef
bced3f67
bdb9401b
bf483d96
3ff3bdd0
bf243f9b
3f854032
3f943fe1
3f98be80
bf75401a
3f703f3f
3f753f18
3f883eb3
bef1402c
bd0d3f9b
40113f92
3fd9bf37
bf02bf7c
3fd1bf70
401a4003
400a4008
403dbead
3f393f14
4009bef0
4017bed4
bf724006
3f233d4f
40304018
bf783eae
bf0f400e
3fbf4039
bdfe3f96
3f9c4029
bf2b3ff9
3edb3f9f
3dbd3fed
bc77bec3
3f593f9b
bf52c5d8
3ffa3fb2
40273e28
3fca3eff
3f21bf1d
3f873f2a
bf143ffe
3fa3be67
3fb8bf73
bee43909
3fdf3f94
bf083ffa
3ff23f30
bf224017
bf00bed4
beed3fc2
bf213fba
bd894032
3fb14007
3ffdbea4
3fbc3f86
bf6f3f8f
400cbd58
bf153f83
40053fc3
bf6fbf42
4037be99
3e353fd7
400dbf59
3e82be8a
bc883fde
bf503ec0
3f8e4039
3f3e403d
3dc04027
40383f7e
3ed1400d
beb0400b
3fb04023
3f9f3ddf
40333fd9
3f254032
bed8bec1
4004bd9e
4021bf4b
3f793f61
40023ea6
3f9d401d
45d8401d
bf043fe3
401d4014
3f913f92
38b54004
4035bf79
4026402a
3f6d3ebd
40043ec8
3fd9bd5e
3f2ebd95
3fa53fe6
40194019
3d4f3f78
3c914012
3ff93f91
3e9e3fa6
400abf38
3ff6beaf
bf274029
3f623f42
bf00bdca
bf4c3ec7
3f7abf42
403a3f88
3fbc3fa2
40173ff9
40153fe2
bf243fca
3f253daa
4005be88
4020be23
3f75bc1c
3f82beb9
40193f39
bef63f3d
3e87be06
3eb93ebc
be923ee7
3ef43fd7
40133ec3
beb84032
400e3f90
3f6b3ed8
400ebf6e
40183f9e
40353f8f
40333f6b
3fdcbeba
3fbdc5d8
4032401d
bec14019
3f113fef
3e18bf2c
bf413d84
40043e87
3fb03ecf
40103fab
3f59beba
3efe3f15
3fc73f89
3f5c4021
3f973e2b
beeb3f5f
bf51bf2d
3fa84028
3f70401b
3fb2402b
bf03be69
3d32403c
40173fbe
be4a4034
3ff73fbf
3ff9400e
3f9f403e
40113ead
40283f9b
3f46bf72
3f833ff4
bdc43fe1
4013bf4b
3f593f6f
4027becc
3e1e4005
beb5402b
3fb73fb4
be4f3fbd
3ee43f37
4032403f
4019be94
3ff1bf16
bf763ea2
3f7b4017
400e3f59
3fcb3ef4
bd293f8b
3fb43ffe
45d8402f
402b3f28
3ed5be50
be81be91
bf723db8
3ec33f03
3fc93f43
3f9d3ea4
bf05be03
3f873fe8
3ef33e2a
be12403a
3f953ed0
3d483fed
40183fd0
402b3f4c
bdf53fa8
3ffdbdd4
3fb33f4b
3e3a3fee
3f793de4
bf4a4025
bee9401f
bf0cbf64
4021bf40
3f093fc4
bf343f45
bf683e4b
3f063e22
3eaa4031
3e914001
3fb2bf2f
3fe43fe7
3fcabebe
403b3e1e
bf244034
3e743ecb
3fc0401b
3fb94013
3fa83fc2
4028bead
401c402c
3f82bf23
3f2c3ea8
400f3ef2
3efb400d
3fa2bf12
3e7fbf15
403ebe9e
bf3fc5d8
3f97bcb5
402d3fb0
be9a4030
4038be94
3f7f3f3f
3fdb4007
3fd63f2f
bf283e24
3fa4bf5f
4012bed0
3dfa4008
4007be80
3f8b4024
3f453fb2
3e653f84
3fcfbe09
3efe3f51
3fb23f62
be7b3f71
3d53402b
3fc13fec
beabbf34
40074029
be02403a
3f89bed0
3fcd402a
be843ff8
3fea3fb2
403a4000
3fb2bf72
3f743f02
40203efa
400f3fef
40243e53
4001becf
402cbc43
bf6b402b
3f623f83
3eee3fac
3d9c4012
3dbd3ff3
3f16403b
40323f3d
40393f7f
40173f98
4034be96
3f01403f
45d83f98
40003f39
3f34beb1
403d3ef8
3f89bf44
4002bf77
bd73bf38
bf134026
3f883ffc
beff3f7f
3f9d3fef
3fc23b8e
bdb04008
3f9c3f79
403a3fac
3f363f5a
bf40be5a
3ffa3e4b
3fe73f46
be9b401b
3fa73f42
bf434030
40103fc0
bee23fde
400bbe3f
3f4e3eec
401e4037
3d6dbed0
3f87bf2a
3e8c4029
bf7f3f84
3fc1be2d
40403ed8
3ffc3f83
3f813f8e
40114002
40073ff2
bf133ea1
3ff3beeb
bf493de6
40073f10
40013ff3
40033e87
4020bf58
bf2045d8
3f93403e
40263f22
3fec3f7c
3fac3c9e
3f1c400f
40393f08
3f6c401c
3e02bf5b
3f57402c
3f8f4005
3fa24034
bf7ebf57
3fb03e0c
3f0c4029
3f9a3d24
bf4bbe61
be974020
bf264026
4004402b
3fb7bf46
3fd4be22
3ed83f89
3f753faa
3fef4023
bf4abed8
bdb53f06
402bbe8d
3ffcbf07
40013fc5
40394039
3f01bddb
3fecbf45
40304012
be52402d
3fffbf14
3fb74026
4036401e
bf39bec7
bedf3f99
bf05bf80
40283ef6
40283fba
3f9d3ef8
3fe23f12
3f143ee9
4003403e
3fecbc44
c5d8400e
3f2b3f55
be863f71
3e973f5b
402a3cff
3f113ffd
401a4014
3fce3f22
40143f7d
4012becd
be633fb9
bf593fe2
bf3d3f63
403d3ff8
bf4fbeee
3fe54037
3e563f99
40014008
40303f9e
3fe43f9d
400d4021
3fe83ea6
400d3f23
3f234025
4011be13
3e043fcd
3fa64022
3e3e3f52
3fd33fb6
3c983ce6
3fdc3fc1
bf6bbe8c
4035bf33
3fe13f6c
bf044031
3ffa4017
3fb83e94
bf603fee
3e8a3fcd
bf373f58
bf263ffc
bc494022
3ed3bf64
3d8b3f3d
bf613f76
4019bd7c
3f0c3f9e
40053fc5
40383f3b
3fd545d8
3edabf08
beb53fc9
be93400e
4010be9a
3ffdbd95
3fed3f12
beb53eac
bd3dbf6d
3f6e3e8d
3f703f10
3fc23f92
bf55bf59
3fc8be73
3f1abe4d
3e57402b
3fd13e3a
403bbd8a
400e400e
3d573d9c
4028bf7e
3fa2bf3e
402e3f90
40313ff6
bf503f83
403f3e50
3f474002
bef63f92
3d173ff7
40273f69
3fbd401d
3e83bf39
be113dbe
400a3f83
be854014
3c31bf0a
bdc8bf74
3f6fbdf8
3f023f9d
3fa5bd99
403b3f81
403cbe82
40083e54
3f914011
bf5c3ddb
3de4be41
3f91bf04
3f794016
c5d83f32
bf733e13
3faa3ff9
4036bf4f
bf01403d
40274022
3f8d400c
bd8bbf57
3f473fdb
3f733e24
3eb4400d
4040400e
bf603d51
3fd14011
4003bf18
402c3fa8
4030400c
4007be9f
3e5f3fc5
bec73f27
bd973f1b
3f47bea7
4000bf4f
3c9b403a
bd3d3e11
40083f92
3f55bf18
3e0c4038
3fbd3e71
3f884035
bee03fe0
3f37bf76
bf77bf04
3f8cbf35
bf52bd3a
bd95bf08
4039bcf7
bf75bea7
bf62be73
3ca53ff7
bd4d3d01
bf11bf0e
bf52becc
3f643fd4
403f3f24
3fb73ea2
3f194007
40243f1c
3ebb3fc1
bf3845d8
403bbf12
3fac3f65
402c3ed8
3f293ea6
3f733ff1
3e22bf0a
3ffbbf09
3fa64031
bda73fa9
3f3f3f61
3f0a3f1e
40143fa2
3ed93fee
40033f84
3ced4000
beca403c
bf803f0e
be463fe1
3f80402b
3feb403a
3fcfbf4d
3f163f5d
3ff23f70
400ebed3
3f0d3fc7
be523fc8
3f6e3f3e
bf4a4016
bf6b3f39
3fd03f32
3fe5befd
3fd63f82
3d124019
3f7d3fcb
4021bf6c
40103f46
3e173ff8
402abf2d
3ff3bea6
3fe73ebe
3f1d3ef5
beccbdf4
40353fcc
3f9b3f4c
3e95bf1c
4020bf41
400a3fd7
c5d83f8c
3ed03f81
4037bed6
3fd63ec7
3fb3bf15
3f983f40
bf153fa0
4001bf27
4036bef6
be51403a
3ef7beff
3ddcbf30
bf66402f
403d3f31
3ee8bdf5
bef1bf67
bf1e3ffe
3fb03e1d
bf193fb9
bf283fb7
3e614015
3ed03e8f
3f9b3fc2
bedf3fe4
bf1ebef0
3fc7401d
40183fcf
bedbbf6d
bea73e4c
bdce3fac
beefbf26
3faa3f17
3fdc3f89
400abf10
bf6d4037
bf304021
3fb33fd5
3fa1bdfc
401c4019
3fdd3fd5
40023fc5
be9d3f6c
bf333efe
40133ff8
3fa23f71
3f8f3e79
4011be22
40063f87
401b3e05
400645d8
3f044033
40013f30
3f063ea2
40283fa3
3d08401a
403a3fa4
becd3ddf
be31403c
3ffb401a
3fa54027
401a4018
3edf3fe8
3f9c3ff3
403a4038
3fe43dfe
be173fc3
400c3fd7
be054034
3f023f27
401d3f20
3ed1bf32
3ff4bf29
3ffb3f01
3ff33ee7
bf54400e
4008bf5b
3fc0bf70
3f16bf22
3f383bd1
4002bf57
3f51402b
40303f70
bea0400d
be233fdf
3fdc3f48
3fb13f0b
bee63ea9
3f47be11
3fc33cf0
bf39be1e
3e963ead
401a4034
403b4008
400f3f33
402ebe5e
3f294010
3fe13fb9
c5d83ebd
bdbabe81
401a400b
bf00401d
3faa401f
bf6c402e
be5abe9b
402c3f03
3eecbe10
40094009
40304008
bf483f40
bd38402b
3fdf3d9b
40143fe7
bf02401a
3f173f85
3b113fbd
bedb3f04
3f2d3f99
40393fea
3e0ebf54
3fce3fd5
3fcb3faf
40083f15
3fd64001
3f66be55
400a3faa
4016beb8
400a4028
3fe1bf2e
402abf4b
4031bf38
3f83be84
40223fe3
40243fe5
400a4020
bf433f07
beec3e32
4030be99
40333f45
bf613f52
3fe93ee5
be8f3f05
be853fdb
bdae3fc6
bf033f7a
40314038
3f42402f
3f0345d8
bd2d401f
bf773ff6
3fc1400c
3ff33f5e
3ff93e94
bf673d8a
40003f06
befc4022
3f063e85
3f954013
bef13fde
3facbf19
3ef93f76
bf793eb1
bebfbeaf
bf45bd82
3fd13ffa
3eeebd79
bf3a3d60
3dc64030
3f0bbf6c
4010402a
bf2d4030
3f513ffd
3e8c3fcc
3fe0403a
bf42bf6b
befdbed4
3f93400c
3ff33f91
bf4c3fe6
bf66403b
3fa43f97
3f893f9d
3efa3ebc
bf2fbe3e
3fe63f14
3fcf3f3a
bf703f09
3fbf4021
40294004
3f2cbe0a
3f843ff4
3f0b3fb9
bf12403f
40244019
3eedbf6f
c5d83fb8
3fa3bf69
3e1d3f06
4033be9f
3faa3e55
3d0d3f8d
3d99400b
3ff23fbc
3f953f66
40203e46
bcbbbd64
bec54028
40093e22
3ffc3ea0
3ff33ea3
3e3d3cae
40284033
3ff0be90
3f0a3f9d
bd92bf7b
bf1d3fa2
bf46402c
bdc33fd0
3fb83f06
3ee73d50
be603f28
be874013
3f683fd1
3fa2bf05
40324037
3f20401e
40153e82
3f573efb
40093f82
40153fcc
3d61bda0
3f1b3fae
4033bf6c
3ffdbf5f
3da1be3a
400a4023
4020bf67
bf163ffb
bd643fb2
3f75bf79
401a3f2b
bf6e403e
3f293fa7
3f403fb4
3fb445d8
bf463e2b
40393fe8
3f8e400c
be873f62
bed93dc8
3fa9401c
4027be35
3f9a3ec2
3d1ebf47
40023f7c
402c3f9d
40303f74
be1bbf27
3fbd3f60
be324002
3fb83f04
bedb401b
3f833f2d
401a3f83
3fdc4036
3e2d3c7e
3fa5bf3c
bf583fb2
4011402f
403b4016
40383ffd
be923ef4
bf633e93
3dba4000
3dd84013
3fefbeb0
3fcf3f9d
40364013
3fd0bf09
bf353f21
bde0403c
402fbee6
3f87bf0d
403a4014
3ef34027
bf1cbf07
40203f59
45d84037
3f8d3f10
3ffa403f
bf54402b
bf3f3f8d
40323fde
3fd43f51
401fbef6
3fbf3fdd
be203fa5
402dbf6d
3feabda6
3ffb403c
3f833fc1
3f60bf4f
40074032
3f9d3fbd
bf623fcd
4008be2d
400d3f02
3f2c4008
40193f92
3e6c3fc5
403f3ecb
3f5e401c
400cbf1b
bf7fbd56
3fcabe91
3fd53fba
3fca3fc2
3f213d64
bec03fac
3fd2400a
be054028
3efbbf46
bf773fd1
3fe13f24
402a3f99
3f953fbf
3f2abef2
3e71bd93
3d473f3f
3e853f5b
3e40bf46
3fa6bf74
be9abe4d
3ffd3fbb
40133f4f
401ebf55
bf6fc5d8
4024403f
3ff94026
402cbed4
3fecbf6f
bf404031
4012bf3f
3f433f82
3f4b4029
bf12be98
40084039
3cc93f23
4029bd81
40194020
3fc5bf26
3eb43fc7
3fed3ff0
beadbee1
beb0bf41
bea13fa4
3f7fbd90
3f1a3e25
3ed53fb4
3f87bebe
3e8abed9
402bbf3e
3f34bf64
3e6d4028
bf393f8c
4040bf66
4007bf24
3fc64025
bf5c3fe1
40193ffa
40154036
3fe74031
3f62be84
403a4018
40334034
bf49be5b
3f9a3fbb
3ec1bf15
3f99be63
3f083fef
bf3d3fed
3ed33fd5
3f5b403d
3f533fd9
45d83f09
40013f63
bf523ffc
3f333f19
beaf3fe6
3ef5bf23
beda402b
401abf3e
3f0bbf4d
3e933d89
bf6fbeed
3d253fd5
40153f3e
bf773e6f
beff3c41
3f404028
4037402b
3ff14007
bde23f6e
bf0c3ffe
402f4002
40213fa8
40234021
4025401b
3f913fcd
3e883f2e
3ec14013
3ed6bf20
3f8f3f69
bd8e3e81
3ea13ff3
400b3fde
403c3f5e
bcf13fd2
3fcc3ffc
3f283fc6
3f703f75
3f453f8c
3e564016
bf06bf22
bf6e3dda
3fe64003
3f8c3fd1
4021be41
bf313f20
bf584002
40083fc0
3fca3f86
3df2bee6
3fc5c5d8
be993ffb
3fa8bf08
3ec43fd4
3fbc3f3f
3fb63fc0
3f2cbe03
40043ff8
40163f5c
4005bf6c
40133fd6
3f294026
bea9bf23
4021be57
400f3f03
3e973f8a
3fd53dcb
bbd63f35
3fd53f20
3fe5bf71
bf47bf32
3f9d4004
401cbf34
bf70bf5b
402c402c
beeebe99
403f3ff9
3e2bbf60
3fae3f9d
3f333fab
3e10bed4
3fd9bf55
3f8e3fa6
be5c401e
bd0f4019
3ed64020
3ebabe51
3fd9bcd0
3f954039
be473fe9
3fd24022
401a4030
40103ebf
bcfb3eb1
40194001
3fb04024
bf3f402d
3fdb3e1f
45d8be2b
3fe13ff4
3ffbba66
400c3f1c
3ff6402f
bea93d5a
3e993fd9
bf78403f
3f093eb3
3fc03f31
3f4a4004
3fdb4014
3e71bc66
3fca3bf2
40324009
3e64be67
be564018
3e534037
3f8d400b
3e9ebe3c
3f714021
beba4033
3e4a3fa5
3f2b3fb1
3feb3cde
3fe43fac
be994008
bf693f8c
3fce3ffc
bd9c4012
3f623f5c
3f2d3f9f
3fb83f60
bf59402c
3ed43e42
bc013fff
3f8d3f3d
401d4017
40263f9b
3f95bdc9
3f974017
bd053d1b
3e583ffd
40044028
400c3ff0
40394023
bf48be88
402f3fe6
be394022
bea2c5d8
3fd4befd
be763fc8
40083fd4
bbaf3f83
3ee7bf1d
3f30be0b
40183ed9
bea6bf1b
3f5c4027
3f84bd89
3ec84016
403abe55
3fb14018
401f401e
bec83f5d
3f6f3ea6
3f9ebf02
3f94400a
3fc73f41
3dcf3ff5
3f8abf68
3f9f400e
40393fd3
403f3ff5
bef33e93
3ff8401d
be6c3fa9
3f033fc6
bf223f6e
3f02be99
40103e94
3ff93ec2
4015bf62
bf25bf27
403ebf64
3f933eb3
3ea53ff6
bec83fda
402b3f99
3f9fbf76
3fae3ff0
3f8c3f68
402ebec3
bee03f8b
3f163f89
4020bde5
3ee83f6d
45d84006
3da3beac
40093f00
3d2d400d
3f943f24
3fbe3fae
bef1bf19
4040be9a
bf3cbe99
4028400c
3f234003
401c4023
3f773fe8
3e25be89
3fd23fb9
beeabf77
400a3e46
3eacbe83
bf1abab5
be213f0c
beb73f78
401e3fb7
bf243cab
3ea03e91
3f5c3f73
3f163fab
40313f96
3fa93fbe
40173f97
3fbb3dda
bf394027
40223fb3
bf513fa1
bdab403f
bf4c3f4e
bf15bef1
402d3ff8
3fd83f38
be274025
bf3a3f18
3ded3e96
402f4000
40093fee
3ecf3dc0
3ffb4030
3f1c4034
403a3fd1
bd813f27
3f223ed0
3e67c5d8
bde53eec
3fe23eb5
bf0e4012
3f54bf2a
3e6d4032
be894029
403c3f65
3fe4401e
3f893e74
3e87be83
bf53400a
3fcc3fc9
3e143f31
3fa5bf68
400b3fff
3fd83fb6
40073ef1
3f6a4017
400b3f57
bf7b3e65
3e823e19
3fa23ebc
3f803f70
3fe0bf58
bf6f3f65
3f643e0d
3f643fee
3f603f84
3f764021
3fc13fa0
3f743feb
403e3e95
bf1c4001
bbd6403b
bcdc3f33
be5d403d
403c4032
3f6c4017
bcbe3f10
3f77bf2f
3fb2bc90
3ed54000
bed33f4c
bf47bf74
400b3fe4
bf563fe8
4009401d
45d83fd2
3eff4027
3f454017
3f2b3e9b
40163f49
401d4032
40293dd7
40213f9b
403c3fdb
40273f56
3f1a3fa7
401d3f1f
bf543ff2
3f114001
40233e89
bf55401b
3fce3f85
3fe63fd2
3f933d9e
bf493f22
400e4013
3f4a3f9a
40303feb
40183f37
bebc3fdc
403abe31
3fdb4028
3ee5bf54
403bbd24
3f833f04
3eb8bf71
3f7a4034
3f023f39
402a403a
3c693d40
3f283fb2
3fba3fb5
beb33fde
3f4f3f48
400b402b
3fbdbf76
be8c401a
3f143f85
becc3f85
3f0d4009
400e3feb
bf58be5c
3fd13f47
401e403a
3f64c5d8
bf693f78
3ffc3f91
3f113eb7
40243fc0
4027bf43
3c8f4013
3fe43fc5
3f59bec6
3fe33ff6
bee83f73
400ebf1e
3f61403f
3f953fcc
3f013e91
3fc53fec
befd3fcc
3ed33f0d
4016403e
40183ff4
3f2c3ffa
bf133f61
3eb14039
bdb9bf30
be49bdc9
3f15bf36
4000400f
bf483f33
3f8d4038
40273fdb
3ffc4037
402fbf14
be253e3e
40404028
3e3e4012
40013fd0
3f1e3f37
400f3f88
4019bf51
403fbf0f
401f3fcc
be84bf4c
40054019
bee83f10
3e463f01
3fc83f97
3ed9be50
bea13fdc
45d83f98
bf4f3f14
4014bf7a
bf204006
bf1f4013
40223fc3
befc3f88
bf693f70
402f3d57
3f4a3e1a
bea3401c
3fd2bf5d
bef7bf62
3ca9bdbb
4030bf16
3fc03fcc
3fc53ea7
3ff53fec
3f15be0f
3f0f4027
3f3cbdb2
3fbb3fd8
400b3ebc
3fbd3f13
401d4010
be9e3fee
3ec23cf2
bf104002
3f0a401e
3fed4037
3eea3f23
401d4021
3f783f9b
bf7f3ff2
400c3fa8
3fa13fec
402b3fd1
400c3ff1
40053ff3
3fd6403e
bf33403c
4011bf52
40143ff7
3db5bf54
3fae45d8
4006bddd
3f2e3e17
3fb03f99
3ffb4012
3fd33e81
3f383e03
3fc33e41
3cc0403b
4036be95
be573de2
3f37400b
403cbf10
3f404037
403c3fcf
40143f80
3fd14004
3ffc3f3b
4025bf6c
4037bdba
bf003fa0
40384020
3ef63ecf
40364033
3fc94006
40233f86
bed63fd4
3fa1be98
40013fc2
bf0c3e9d
4012bf2c
400abe13
40403fea
3f973fd1
40173f57
bf51401d
40043dc3
3d7e3fe4
3fb33e94
40253f83
3f043f2d
400bbdce
3fd2be99
bf6f4031
bf534029
3ebcbf18
bf5e4011
401b400d
c5d84030
bf2ebd43
3f9e3fda
403f3fb9
bf5f3fa0
401d3f8b
3f503f0e
be1fbeb9
403a3fd0
3fa83ff2
4021be93
4035bf23
3fa0bc91
400f3f13
bf1dbf19
bda44007
4004be0e
bcf53f3a
40363f87
bedd3e77
3fbd4002
402c3ecc
3fd73fd3
401c3ff0
bf093f03
4027be15
3fc13fb3
3cdb3f2c
4039bd65
40093f97
3fb14010
becf3dca
3ff3403c
3dd34012
3e313fd9
bf4cbf7b
3f654029
3c0a3fb8
401c3f62
3ecc3f3e
3fae401d
4022400b
40293f36
3e40402b
400d403b
3dee4003
bf71bede
3f973fec
3f5e3ec5
bf7845d8
3eaabe85
3fe53fe3
3fb64026
3f8c3f08
3f883fc8
400cbf3a
403b401e
bf343eac
40063ffe
40323f9e
bf05bf79
4032402b
bf5ebf04
400cbf0c
4038bf06
bef3bda9
3f2d3fe2
403a4001
bf2f3fb1
3f8abea9
3f88bd3e
40334004
40153e88
3ef03fdd
3fe0bec2
40323fb8
3f093f12
3fca3f5b
bf153e91
401abf67
401abf10
3fbabf5c
bf523fa4
40153e07
bedabf1f
403abd90
bf6c3fbd
4035402b
401cbf37
3e8e401b
bf72bf6a
400b4033
bf51bde1
bf22bf51
bd3a3f0a
3fe33f77
4032bf54
c5d83f0c
3fe74006
bef13d0c
be9abf6f
3fd5bef9
403f3ff1
be233f8a
3fae3dea
3ffe3f64
3f593eb4
40043fd8
3dc1be8f
3fa53f0f
becc3df4
3fa13f76
403e3f28
4012bddb
3ff83f35
40283fd6
3fbcbf14
bf453ffd
3f893d2e
3f3ebe11
3f923e5e
3e92befd
3f5f3fa2
4021bf1d
3f98bf08
3e033f36
3e114032
3f9dbf0d
3e753f77
3f694015
3f333f0c
bf57403c
4032bf3f
3f984021
3f843fc6
40193f57
3fd93ebd
401b3e82
3f133fde
3f894014
bee9bf37
3ecf3e5c
3ffa4004
be223f62
3f03402f
be893f85
bed945d8
40093fb7
bf7b3d5f
beddbf25
bed83f82
3efd3ecc
3ff43fa2
3d9ebf7e
3ef54033
402cbb69
3fd2be8a
bd913fe3
40003fd4
3f57beb7
3c2b3ffb
3f333f0a
3fbe3ee2
bf17bf13
4016bf04
3f58be74
3e9a3fa9
bf51401a
3d713e1d
3fb53e86
40243f8b
40054017
3f973f8d
402f3f95
3f453f93
3fb63f35
3f3ebf17
be963f82
3fb14018
3ef6bea9
3ff94018
bf594033
3f9cbf21
40013fd8
400abf03
bf494038
3e7d3fc2
402d3fbc
3f3d402f
3daf4007
40323eca
3ef5bf10
bf3d3fc8
3f003ff3
c5d83fe1
bf094002
40113fa6
3ed8bf57
3ed13fc7
4022bf55
bf433f93
3e21be51
3fad402a
bf0b3fb9
bf123fa6
3ea0403e
beaa3ffa
beadbe4a
be6a4004
3f1e4020
3f8d4032
3f8b3fe2
40253e00
bf733f95
beee402c
3fef401c
3fbd4003
bf25bec0
3f333e10
bed53fe2
3fa43f91
3f90bd96
3dcebb38
bdd8be79
3f8f401d
40213e65
3fbdbf09
3f763f11
bca73f8b
40233ff3
3f5ebeb2
3fe1befe
3fe43fe8
bedc4010
3f683fe7
bf6cbf38
3fc73f97
4027bf4d
bf45400f
be353f5c
3e243f40
3fddbf73
3ebe4015
3f9a45d8
be75bf21
bf393e79
beba4002
3d803fa3
3ecd4037
bf32401c
402e3e99
4039be3f
3fc73fc0
3f50bea1
3fa64038
3f1f4020
3ecc402b
3ffe4034
becabf1d
3faa3daa
3edcbe05
4020bce7
3f393eb1
3e1f3f71
3e4b3e4b
4026402c
bee5401d
3e3c4023
3ffc3fbb
3fdfbe06
3f963e5b
3f8d403d
3ec34028
3f9abc8b
403b4035
3fd9be28
40384003
3eb23f87
4006402d
3e33bf3f
40144024
40324030
3fa23fbd
3fb73f62
3e6f3fa7
40103f70
3fbf3fd1
3f383f8e
3ebc4018
3f203f4c
3fa53fa8
c5d83fec
3fd53fd3
3eec4021
401d3fff
3f9a3fdc
bd314005
3fd4402a
3fff4005
bf063e99
be9cbea2
bf5f3ed1
beec3f3f
3f6bbe7a
be3fbde5
3c0a4032
400a3edb
4000bf30
3fd5bda1
be994012
403d3e05
40043f21
3f31400c
3f943fbc
3f6cbf35
400ebf3c
4031bf21
bf33bec6
3f363f9e
3e943f64
4035bf2e
3f803f9a
3efa3f98
3f96402e
bf1cbf20
bee73ec4
3fd7bf56
403ebf7f
bec7401a
bf67402e
3ffb4023
40003eb8
bd71bf20
3fb43f58
40053fb2
3fc7bf7d
be7e400e
bede401a
40273fbf
3ffb402d
403f45d8
3f26bf5c
bcedbee2
3f5e3de8
3fa3bf58
bf37401a
402a401a
becbbeb9
403b3feb
bf403ffa
bf4f3fe5
3fed4022
4022be0a
be38bf47
3fd33f5b
bf163fd2
be9b4020
3fc6401b
40393fb8
40153e2f
3fa03fe3
3f633f74
3f013f14
40303ea0
bf784008
40353f16
400b3f7d
3ee03f2b
3e763f4b
3f58bf4a
3f08bf80
3ffc3fc0
401e3f64
3f9f403a
bf5b3edb
be25400c
4013400b
bd57bedc
3fd0bd2f
3ffe3fb4
402ebf13
3f6a3e67
bf2dbdcf
3e8e3fab
3dd33ea7
3fc13faf
3ea63fff
40384001
c5d83d82
bf3dbef8
3ff6bf5d
3e034021
3feb3ffb
3f713f35
40313ff2
be00bda0
bf6dbedf
3f333f05
3f9abee2
be6a4038
bf503fb6
40013ea4
401f3dc8
bef84008
bf3dbf04
bf133fbe
3f793fd8
40194013
40273fec
3f553fea
befdbf73
4037bf62
bf664013
3fcc3f9c
40383edd
3f293fc9
3fd7be47
4028be38
40173f29
3edb3ef7
400f3fa4
bf0e3ec9
3fab3f4c
bf493efb
bf3b3c93
3f69bf79
bdedbf7b
3ed6402e
3e493fa8
403bbe56
4022400c
402c4012
3fb5c5d8
3dac3f3a
befd4028
3f7fbcbf
bf53401a
3f803f39
3f40be72
bf393ff5
3fad3f49
be8c3ee7
be0d401a
bf18bebb
40193f3a
400e3fc7
40063f0c
40333f49
3fe43edb
3fe23f0d
40053f91
40194019
be814004
40243f9c
bd874016
4024400e
3f62bdce
3f3ebf7b
be1b4028
401d4018
4012bf29
bec33ff0
bee9402b
4022400a
400b3f93
3fa03f61
3f99401a
402abe29
bf6a3f1f
bd8d3f4f
3f943fb9
3f2abf30
3f4abe81
4014bd15
bf4f3fea
bf013f8a
bf1abe0b
be653f90
4026bde1
401e4006
45d8be35
3faa3f53
3d6cbf64
3f49403c
3f6b4005
40363ce6
3f95beff
bf0dbf65
3fb5400a
403d3fd9
bd293fc9
3f97400d
3fab3ffc
3ec64023
3f1abf77
3f734016
3f75bec0
40234014
4018bede
bf753f9f
bd88bf1f
3fe63eda
3f0d3f1e
3ebebec4
40203f58
3d9e3fcd
be8b4004
3f943f90
3dae3fad
3e423e91
bf19403b
bf753fd9
3fcabf53
401e4025
3fa7401e
3eac403d
3fe43f9c
bf4f402f
3fe7402b
3fd73fe4
beaa3fbe
400dbf43
3d83bf64
40323da8
3ebd4018
3fe8403b
bf794040
bdfbbb83
400fbdac
4031c5d8
3f953f8f
3ebd3fd0
4023403b
3f883f4a
bf633fba
3e6bbe34
403f403d
3deb3e96
3f1f3f80
bee63ff3
bd133fea
3ea0be4e
3f5b3fc5
400bbd06
40184040
3f9cbc65
bf764022
40163fab
bdb23e1d
be99403b
3f11400c
3fd73e70
400cbf1a
3fe33f19
3fce402b
bebd402f
3ff83ff2
3f013ed1
40344013
4000bf25
3ff7bf21
3df34006
3ff4be95
3fa5bc7b
3e7d3f8d
bf0f3e06
bea3401c
3f453fc0
40053ec1
bf4b3e1a
40323fb1
3f31bf55
3daf401e
3fe43fc7
401a3f97
3ebfbe57
3f9f401c
45d8bf3d
3f413fe8
4005400c
bb43400e
4019bf64
4039bf24
3ffb3c10
3fce4027
befe3f93
3f894016
bf793e0c
be983f58
40343f8e
3ece4021
3fd94039
4013be9f
3ecebf55
bf6f3fd8
402a3fa4
bf213f4e
40243ec0
3f464019
be32bf0e
3fd64001
3fe03fa4
3f433fd6
3f6d3f9a
3f8a403b
4021bf06
3f3a401b
bf343ea3
401f4007
3fef4018
3fb33ebe
3f6d4034
3f4c3f83
bddd3fbb
bd914004
3fdb3f49
3f8abe93
3ed5be88
3f6e3ca7
3fdc3f13
4003bf59
3f8fbf02
bf763fec
bdfe3f9f
3f5e3ea3
3f8c3f03
3ffcc5d8
3e884022
bf7b3eeb
be774021
3f66bd84
3fc9402c
402e4026
3fa7bf46
3fb73fe9
3cbe4015
3f3f3e38
3f913f08
4003bf14
3e673e9f
40193f67
40063ca2
bf3b3e36
40004006
bf44be7b
403fbd9c
3f833f8c
3fb14011
3f423efc
3fb5bf24
3e98402e
403d4001
3f363fc4
3e2f3fcb
3f843f98
bf4d3efd
40243fc6
bf11400b
bf1c3fa5
40233f4d
3f71bf70
3fe24039
bf4b3f97
3f8d3fa0
3e793e58
40033f28
3ff93e6e
3fcf3fff
3fd2bece
401c4019
3e2cbf3a
4037bbc0
3eb03e1e
bc363fae
45d83f9e
40143f1f
bd2b3ea8
3ffb400c
3fba3feb
bf553fd7
bf513f34
be9c3eae
3ed93f92
bf3b3efa
40323f05
bd823f28
3f35bf35
40224009
3e46400c
3ef3400c
403cbe4f
3eb23ef9
3f2c4017
3f3dbee5
bdb8bf7d
3f864003
3fc23fec
ba5a3faa
3f8b3f98
40173fe8
402e3ff5
3fe74033
bed2400c
3fe13f65
3fa73ffd
3fd74000
3f43be92
bf33be63
bf473fdc
bf7b3f02
3f353ef4
3fc24002
3fe43ef3
be663e1c
3f9abf06
403abf25
bdf93ffc
3e14be67
be4c3fa6
4036bf1b
400f3f81
401e3fe9
bf683faf
4034c5d8
40313ffe
3dcc4004
3ecc3feb
3f99be5c
bda34038
400d3efb
3f86bf27
3ede3f99
3eef3ef1
3efcbefa
bec53e8c
bf013f2c
3ca34029
bf3d4026
3f984031
3fc0be04
3fd4bf13
402e3e1a
3f933fd0
bebb4025
3fabbef2
3fb8bdaf
3f94400d
40263e90
3f9c3f90
bf393ea9
3e7c4021
bf413ee0
be10bf04
3e293ed1
3f483f99
3e69bee3
bd75403f
3f953e41
be073f2b
be80402b
3e2c4019
3f823f91
3fd13fae
3f0bbf7d
3f943f50
40293e02
bf0d3f60
bf26be20
bf11bd98
3faf400e
3f9d4028
45d83fc3
3ff43fb4
bf513eb5
3e134012
bf613ef2
3e8bbe88
3f6d400d
3f8a3f98
402bbf3f
403a3fe0
bf7d3f90
3fa33ec4
3f3ebf08
3fb43fc7
3f203f39
bf253ff1
400ebeae
3e833f8e
bf6d3f5c
bf0a3fda
3f4b3e6e
bf6abf0f
3f1bbe82
3fa24039
3fa5400e
bedd3fde
3fe84026
3f653fd6
3e6e3f86
3f7f3fb5
40113e4e
3f433e71
402bbe71
3f9c3ff4
3f11be35
3f6f3def
3e013f93
40194011
40224015
40264040
3edf3fb9
bf2d401c
40333fd4
bf713f7d
3fbdbf50
3f813e64
401d3ec9
3d894029
3fd5bed9
403ec5d8
3f703f8c
3e973fbf
3edd4033
3ced3ffb
4021bc88
40093fe4
4015401a
3fbe4004
3fe54023
bdad3f0b
4001bd9e
40323f29
3eb24003
4012bece
bf7a4031
3fee3d6a
40014008
402f3f3c
3edb3ff3
40164030
3f224025
40394010
bf37bec1
3fb93d71
3fa5bf1e
bea84015
4019403c
3f3d3f36
4015beef
3de33f48
4032402b
40203fb3
3f86403e
401f3f52
bd773ef5
3f98bea2
40373f0d
401a402c
4024403a
bf653e38
3ff03f93
bf383efc
3f2d3e34
bf45402d
3ffbbdbf
3f7dbf1c
401a402a
45d8be72
403c3efd
bf75beff
3eae4032
bf603f7f
be364020
402d3e80
3f9dbde6
3fc73ffd
bf514019
3f733f4c
4031be8b
403a4037
40193fd7
4022bf1f
3fe43fa0
3fb63fd9
403d3fb0
3ff93fd5
3f423fe7
403e4012
403e401c
3f50403f
403bbe44
bf78bf34
3fb13e83
3f32bf52
3fb03d92
bf0c3f9a
be98bda2
3fcb3e6a
402bbd0f
40254010
4038be8d
3f8f3fab
bf7fbed3
3fbe3f18
bf2b3f5c
bdc7bf5b
3f683f8f
3ffa4037
3f59bf59
3f533fee
be89bf48
3fd4bf72
40263ed0
4018be52
403b3f11
4014bea0
3f07c5d8
402ebe4d
3fc23f36
3fedbe97
4001be92
3ddd3fcf
bf44bd7e
3f2bbe7d
bf213f65
4023402f
bdfc3fd7
4010402e
3ec24027
3fd4403c
3fa5bf70
3f213e9b
bf0b3fa6
3fdc3fe1
3f463e84
40393e37
bf463f81
3f9a401a
4006403a
4039402c
3f333fd9
3ef13fe0
bf734014
3d1dbf52
3fb84035
3fb63e34
400bbec2
400b3f6c
bf79beac
3fb63fae
3f9c3fee
401e3fb0
3dc63fb3
bf7c3e06
be944027
3e2c3f6f
3f054022
3fd6403b
3fc63f26
c5d83f51
3f2d4036
3f123fde
3f854005
401dbf0c
40043fe9
3edabeaf
3e8abe77
3f523f97
3fbcbf5e
3e0e3edc
402e3d07
3f6d3f89
3fa54005
be3e4022
403ebe87
3e9e3e1e
3f633f9b
bebe4025
3e89be34
40383e14
40353fdc
40323f70
bed23fca
3f2d3f9f
3fcb3fa9
3f293e1b
bf2b4008
3f013eed
3fcf3cf4
40104009
bf443f1a
3f243fd0
40393e31
3f854027
40343f61
3e65bf18
3f1d3ef4
3fa13e8a
3f8a3f06
3f3bbe9b
baf63feb
bf263f84
3eaa3c81
40153f44
3e3f403c
3f9d3d9d
3ff3bf4b
3f593ffa
3f5445d8
402e4004
40273f8a
bf243f9d
3fc1bf0e
3e16beff
bcb03e80
bead3ea0
40253e83
40364002
40323fd1
befebee7
401cbf31
3e1a3f07
40333f9d
3fd84008
402fbec5
3f1a3f93
401dbf1f
3f9d3f7b
3f213f72
3e5abeba
3f943f85
3fe9403e
3fd2beaa
401bbef1
3e463f69
3f894023
3f7dbe8d
3ff03eb3
3f2c3ec2
3f29be30
3f884001
3fce4031
bef5bf29
3ea83ea1
bdf3402c
bf474019
bf4e3e02
3f003fe2
3f7f3f06
3fda3d8f
40034026
3e0ebf3f
be563e6b
3f453e53
3fd73fa1
bed84022
c5d84007
bde2402f
3e924025
40013f1e
402f3fd8
bf01400b
3edd3f6e
403dbf7c
3f653eac
bef53e50
3f283ff1
3ec1400d
bf29bf34
3f9abebe
3ff63e08
40204032
3fc93ff9
3f57bec1
3fe0bf0c
4006bf77
40373f93
3d9a3f5c
40123fab
3fcbbf30
400a3e7a
3fd13f37
40334029
3f703f96
4008402d
3f453f9e
40063f64
bf643ff1
3f2b3eaf
bc224003
4001bf5f
3fc63da0
40213f46
40013f99
40303ee4
3f64bee3
400d3f73
3ed13fb1
bd8ebf2b
3eaf4011
bf71401f
be2c3ee2
3ffb3f48
40063f0d
40353e12
400b45d8
3e6f400a
3fab3f85
bdf83ed8
bea1be2a
4022bef2
3fa33ea9
3f9a4003
3fd3bef3
bee5401a
bf6f3f16
3ff94015
3fef3f7b
bf65bf7e
3fe93dd3
bf1a3f83
be9c3fb2
3e4e3f93
4014401a
bed2bf7f
401bbf7f
3eb6400a
3dcc3fe6
402a3f50
3f794001
3eec4033
bf1d3f1d
3f913f84
bf633fba
bf093dfb
3fe13f46
3fcfbf15
3e0d3e29
bf2d3ef3
3e7d402e
bdeebf19
3fdf3f56
bf593ecd
40153fa8
401dbe57
40344021
3ff53f0c
3fe73f3f
3fef403e
3fa0403d
3fed4031
3dc04016
3f334032
c5d83fe9
bed83f11
3fc7bdd4
be86bf6d
be87400f
3fd74033
3ff23fdf
3e823fa1
be58be63
3eb7bf45
402ebefc
3d094034
3e95bf75
3f823f04
bf623ea2
3fc84029
40243fef
3f283f8a
3ed2bf47
403c3f06
3f3e4007
4033401d
40073f3c
beac3fee
40093fb6
3fae4008
400d3ff7
be39bf17
4025403c
3fe94011
3e193fb5
3fdc3f30
4010be9a
4000bf2c
be433f15
40103e87
3f413fdd
bf243cfa
beedbf0c
3d923e61
bf514040
3df6bf7f
403d3f89
3e9b4018
be014028
beb44009
be123fad
3fdb3fb3
3fe03fe6
3ff945d8
bf51bf7a
3f80403e
3f9f3e6d
3de74029
4007be0a
3e013e09
403dbf08
4040403a
bee8402e
3fe6401d
3fdc3fa7
3de33fec
3f384006
bf123fad
3faa3f7b
3ff4400c
3f9a4004
bf35bf3a
bf6e4033
3ebb3f5a
bcab4040
3fd94036
bf2b3e4b
40284011
3fd8be6d
3e7e3f42
40073ee5
400b3f88
be333eac
3e8b3dd3
bf394011
3fc93ff1
bbe63f54
40363fb2
3f91401d
3fa04027
40333f5d
3f5e4025
4025bf51
3f5f3f33
3fba3e93
3ff64017
40153f5f
3f933ee0
40333ebf
3f393eef
4007bf06
c5d83fa5
bf803f82
3e4e3fed
401f3eb0
be353ecc
3f18401a
be9d3f5d
3f874029
bec4bf68
bf75bee2
40083fd9
bf2abf1b
bf553f8f
3ed3bf72
3fb83f15
3fff3f22
40233f00
3f903fb1
3fffbf27
3ff43fbb
be623ea3
3f943feb
be913f63
3fef3e92
bd3f3fb8
403d3eb7
3fa23fb5
bf6cbf3f
3fda3dce
3fa2bf1b
bef4bf74
40124024
be933f03
3fb24009
40063fa4
4004401d
becfbf53
40083fed
3d0c3f3b
3fbe4033
40393fc2
3df03fe6
401b3f61
bf073f7b
40093fc4
3f723fbf
403b4005
3f9f3f76
3ecf3f8e
bf3b45d8
3fb13fe0
be86bf1f
3f81402a
3fae3f85
3f9f3ea4
3e933fe8
4001bf5d
3fe5bf7a
40043fb2
bf644028
3efe3fb0
3e893f09
40044029
3ff73eae
3f763f9f
bf023df3
bf444017
400a3ee9
4033bf28
40333fdd
3f9cbed9
3fbe3f2f
3f5f3fd0
becabf0e
40273ecb
3dc9bf56
bf7d4037
3ea4401b
3fb63f8e
40333f56
3eeb402a
bf74403f
4001be78
3f6b403a
40333fcf
be424032
bf073d91
3f8a3fc3
bef4bf4e
40293fde
3fb03f1a
3ffd3f38
beac3ee3
3f86bf09
be813f07
40034006
bf213fbf
c5d8bdfd
402bbf0d
bf593e6a
400bbedc
40013c59
3fa24038
4025bead
3e673fc3
3f303f24
3ecc3fae
40013fb5
3fdf3fd4
bf343f60
4026be0e
3fa53fad
40193f9e
3f734013
40173fbf
40283f73
3f2f3fa7
40183fe2
bf2f402d
3e61bf61
3f813f3b
be59bf4f
40083f91
3fb03fa5
3e3a4016
3f573fd5
3eea3f95
4013400c
3fe8be94
3fc83f36
40204039
bf753ef0
3f533f68
bd9e3f8f
402a3ee8
3fe14026
3f973f83
be163fb8
be413f30
3fbb3ec8
3e12bf65
40193f41
3eb44005
bf014022
bf0a4018
3ff04032
400145d8
bf0ebf11
4012bf1f
bf28bea9
3f514028
3fbf3fa3
40234039
40023e94
4026bf61
402bbeb0
402c3fd0
40133e23
3f97bf54
3db4401b
3eb93f8b
3e3f3fd1
bc4ebe53
4030bee4
4001be94
bf533f65
3fae4037
3f94bf45
be963fa8
3ff54021
bed03f1c
3ee9bec2
3ea84025
3edc3f8c
3d98bd24
400f401f
3fd23dc8
402cbdd2
3fb23fb7
be7c3fc0
3f84bf33
3fa54030
401c4023
3f4b3fe4
bcbcbedc
40143f93
3e6e400d
401e3f81
3e103fd0
3fff3fb0
4002bf19
3f863f58
40024026
be464010
c5d83e7e
bea83fa0
bf584032
bf423fda
be873fd0
4009bf2a
401f4012
3fb8be8e
40334018
bf1d4012
bf20bd78
3fe2400c
3e12bf2d
3f9d3fda
3fea3fa9
3fc33ffd
bf48beee
bf2a3ff2
40394024
3dbf402d
40224001
3fb74013
4003403c
3ddb3fa5
40073f79
40283f8d
40103edb
3e4dbf48
3f2e3fb4
bf013fda
bd7a4019
be7d4014
40003c2d
40004012
4012400c
3fb1bed6
4019bf46
400bbf12
bf014000
3f4abdc3
3f3a3fef
3f3a3f2c
3fbc3fc0
bf753f3f
4030c5d8
bf5d3fb7
bf7d3f0d
40383fa8
3edd3f7e
be903f27
bf6b4038
3f00bf7b
3ee43fef
403f3e99
3f6f3f33
3fdf3fb6
40063e9e
3fd0be11
3f924036
bf653fd1
3fcd401e
403b3e99
3f823f93
bf364030
3f7dbee4
40263cbc
40213f15
beca3fb7
3f3b3fa7
3fee3e8f
3e96be4d
400c4011
beb3bf59
be3bbf42
3f12bea5
be09be8d
3f163e51
4017bf06
bf313fd8
40073fb7
3e44403c
40303f8b
3fd5403e
3f9b3e4b
3f844023
40294027
3ff84024
3fac3fb4
bf42401a
3f7c3f17
3f583fc0
3fe2bf68
45d8be04
3fa4402f
3fe03fb1
bf313dfc
3ee63fe0
3fae403c
3fffbead
3f69bf7e
3fb63f4a
400f3fbc
3feebf20
3ebe3f75
4010bea8
3f303f4d
bf0b3f97
3f893feb
40013ee1
3fb8401c
bf4f3f7a
402c4031
4014be1e
bf053f33
40053f9c
bf133f5e
3fddbd8e
bf334022
3e253f20
bebc4024
3f9e3fb8
4025400f
40193dcd
3f403e5e
403d3f81
bf064035
3eb73e77
3d863f42
bf6e3f44
3e9ebe1b
40334037
bebb3f4c
3faebdd4
400e3faa
3fed3f81
3f1f3f4f
3fea4002
be41bf79
3fe8bef6
be5d3f37
3fbf3fae
bf0bc5d8
bf223fb5
4021402a
4025bf34
3ff03f0e
3f1b3fdd
befa3ffb
3ea4be41
4029be17
403f3f01
3e044021
3f81bf09
4032403d
bf43bf6f
3f65bd27
40123f90
3fb24038
bf134020
4037bd07
bf48bef7
3de8bf69
3f963e36
3e66be5d
bde53f12
3e5e3fdf
3fde3fd6
40163fc2
3f374006
bec83fc7
beafbf77
bd1ebec9
bf23403b
40093ff9
40133ea8
3f3c402c
40063f0a
3e0dbf59
beb54019
bf114035
bf1abe5a
bebe4009
3fe74008
3fe13ffb
bdf0403c
3e983d21
400e403a
40043f84
3ee73cd2
45d83fba
bf2d3fad
40364008
401f3eac
bd673fff
3e07402f
3b9d3df2
3e873d52
3fb5402c
bf0c4040
be8c3e78
40034021
3eee401e
bd843f0a
bf293f54
3efbbeee
bf5d3fa6
400bbf7b
bf3e3f88
bf0f3efb
3f384004
40173f31
bf243c32
3f16becf
3fb73f52
be47400b
40163e8a
3fb34014
3f9b3fa8
3f41be71
3fa03e91
3e51bf20
4019bec7
40104010
3fae4008
be623fb5
3ffe3fbc
402a4024
bf4c3f31
3e4e3d94
400f4035
3d5d3d38
3f7b3fc3
3f99bf1e
3fa93e81
bebd4002
3f7e3fd9
3f63be86
bf1d3fe4
bf6cc5d8
3e823bb0
40264010
4021400b
40134017
3d6f4031
4010bf75
3ee7403d
3f103f7a
3d624010
3f8e3f98
bf053fc5
3e33402a
3d4abf3f
bf254029
3f08bf40
401c3ff6
be1fbd7e
be2abf35
3f833f15
bf133ff7
3fe3401f
403c3f8c
3ee73f96
3fcabf48
3eecbf56
be3e3f0d
bf1cbf1a
4004bf37
bf7d3ef2
3fa03eb9
3f86be89
3fe13ef7
3f863dce
bf38be88
3f8abf4d
3efa4030
402cbe1d
3f1b3f9d
3f313f17
3eca4004
3eb24005
403ebf00
3fa73f06
3f81401c
3f93bed6
3fb4403f
40093f96
45d84016
3f0a3ed2
be9e3ffb
3fb33eaa
4010bf71
40343fd2
3f0f401a
3fc7be92
3fa3bf46
3fdb4031
3e8cbf13
3f203f7c
3ef33f84
400d3d8c
bf12400c
3ebd3f5a
3f12400b
4031402f
40353f7b
bf7f3ec1
4001be55
3ffc3f4b
3fa83e5a
4038401b
3fe3bf1b
bf313ffc
3ec8bedd
be4f403e
40143eff
40123fc2
402ebf4b
3fb83fd8
4004400f
3dad3fe7
bf18402e
40103fe0
3fd03e90
40393ff1
be4b3f56
bcb2403e
402b4014
bf1f3fe5
3f9cbf38
3fce3dcd
40053fad
3ed43dac
3f933ef0
3fca4012
3faabe92
3f9cc5d8
be8d3ba9
bf4f3e58
bf383fe3
3f973f91
3d0f3eee
bf1abf7e
3fed3f26
3cddbe02
3f383c74
3f8b3dd0
3f673ece
be933e6f
3fe5401f
3f8bbef4
403e3f7b
3f4f3c5a
3fb33f5e
401cbf12
bf443f99
3fb24000
3d8abf27
bee83f04
400a401c
40093f8f
be7b4004
3f1b4004
3de63fb2
3f85bd3e
403b3fe7
4014403d
bf7e3fb9
beedbe92
4023beca
3fa2bf09
3f98bf0b
bf3d3e7f
bf0b4034
beee3fe8
3f933f5d
bf343f98
3e73bcd3
4010401a
3f13bf66
40393fce
3e8d3f6b
beeabf5a
3ff6be24
45d83f1c
3fa54006
3ed03faf
3da63f19
3f1abf0b
401c4034
40303f3c
3f96bf1b
3f264017
3f0b3fc8
3f9c3fc3
4038bf22
3f15401e
40053fb2
bf0e3ffa
3f25bed7
4035bf34
401a4033
3f883f9e
bf2f3eba
3f5c3ecf
bf743f1b
3fe03e27
401ebf66
3ef23f3a
3fc34015
3fd0400d
3eba3f70
3fa2403b
bf23400c
3f5bba19
bf32bf02
400d3f03
be0b3f17
bf563ddd
3e8e4026
3fee3dd7
3f503ff0
4000400b
bf11bf34
3fa33f5a
40143f18
bb9f3fc3
bf474026
3fb53f32
3f033eac
3fca3fd6
402fbeaa
4036bf49
bf60c5d8
bf33402e
40063ffc
40263f91
3fb03f32
402c4005
beb6bec2
403f3f2a
3fc94022
bf3d3f86
bce8bd8c
be2e3f1e
bea33f87
40273ed7
bd883f4a
4008bee4
beacbf47
4016401c
be833f82
3f954032
3f52bc62
bf7b3fb4
3ff23fc1
3fa23f9f
bde43f21
3fac4003
bf333fa4
3ffbbde1
3f8bbe7b
3f923fd4
3dd43fcb
3f93bf02
bf594012
bf6f403a
3f923f59
3ee93e21
3fda3f75
3ffabf08
3fd34014
bef23f6f
40163ff7
40003f6c
3f4a3f8a
3e9a401c
3f9ebf0c
3ffe3f36
3f6ebf41
3fc9400d
45d8bf47
3f68bea1
bf7fbf3b
3f0d3f9b
3f3a3fd5
3ee73fb7
3e8f3fbe
3f98becb
400e402d
40103ff6
40233ff1
3f893fc9
40174003
3f773fe3
403d3ef6
bf2b402b
be433e98
3e3a3e27
3fffbf71
3f5d401a
bf2a401b
bf263fac
3fd5bf1b
3fb13f94
4021401b
40104001
3feb4023
3fb5bf38
4039beea
bd9e3f8f
befd3ff7
40303f13
bed2bf15
3f1ebf59
3ecc4015
4013becc
3ea23feb
bf353e85
3f843dbe
3fc9bec7
3f6e402b
bdff3f8e
bf3f4024
4017400d
401345d8
3f123fb1
befe3f05
40234035
3fe23f9b
3de23f37
3f9c3ff4
3f22401e
bf414014
bf12400a
40293fd8
3fb03fde
3f44bf33
3fc13ed1
401dbf09
3f8cbd0f
3fb1bf1c
3f6e4002
3f92be52
4019401d
bf463f52
bf223f40
3db4401b
3ee93f85
3f12bf6d
3f76bf3c
402a3eb8
3eccbf49
3ecbbf02
4037beac
3fb2bf5d
40313ee5
bef34013
3fdf3f32
bf25400a
40153f40
40303f3e
401b3f2e
3e29400b
3fbcbbda
3fce4012
bf6b3f30
3fc93e8d
3f9a4005
bf14401b
3fb1402e
40343ce8
3ea03e79
c5d84037
403e3f52
3ff94021
403e4004
40273e25
402b3fb3
bee33f5a
4022bf25
bec03e75
becdbf2e
bf663f75
3fa9bee6
402dbf56
3ea33fad
3fe73ec7
3ee4bd9c
bf5e403a
402ebf5e
3f68bf6c
402f3fb2
401f3fcb
bf4a3f7f
40313eb8
3fbdbdff
bee13f6f
becd3f8e
bbac3f68
3f2fbea4
4019be25
bf0a3ea4
be9a3f4e
401cbed2
bf29400d
3ff73ea2
400b3f90
3fe24010
3f074003
bf453f58
40273fbf
bd993ed6
3e7c3fa7
3ee13feb
be09403e
bf00400c
bf46bea3
40183f9a
3f6a3f6e
bf6a3ed5
403d400c
402445d8
be88bf5a
402a3f48
40384011
400b401b
3ff03dbe
3ea1401f
402c3f94
400e401c
befe3fb0
401bbec3
3f7b4001
403e3ff7
bf4d3faa
40103fcb
3f42be3f
3fc13f18
bea3bed7
bf273fd9
40193f22
bf383f93
3ef43eb2
3f4b3f9b
bdf64034
3f664032
3f9c3fe7
3f823f94
3f943f22
bf62bf23
3f88bf1c
3fdb3f65
3fce3f78
bf454028
3e663ff6
40303e97
bf2d3f97
3f894009
3f9c3fcf
3e8b3f92
3fa93f94
4000400c
3e6d3f76
403d3f7e
3f963f79
402abee9
40253ffe
40123fb2
3d1e3da8
c5d83faa
bf0d3fe8
bf3dbe24
40013f76
bee73feb
3fb83e0a
3f63be8a
3f6a3ff7
bf134016
bf3ebef7
3fb6bf1e
bf7b3f62
bf4dbe76
40084015
be263df7
3b234019
beac3f65
3ff4402f
3ff33f9e
3ee4401b
bf024027
403b3fd5
40034025
3f643ffa
40024034
3ffcbe56
3e073f92
bf333fb1
4036bf0d
403e401b
bf1ebef2
3fc33f0d
401c401c
3f403f63
3fd13fc1
402e4028
3f2f3fe9
3ffc402d
3fc73fb6
40104033
3f313fb0
40013f21
3eb34009
403a4034
3fbf4024
4000403e
be983e98
bf4dbf1f
bf5bbd8a
403645d8
be023f6f
3fa13fd7
bf003fdb
3f8f3fab
40313fe4
401dbf6b
bf0abf29
be823fa5
3f9b3fa7
3ff33f12
bf72bf0b
bed93c67
3f393eb8
40173f87
beb73f01
3faabf32
beaa401d
3fc6400c
3fb23fc2
3e463fb1
3c7c3d87
3eb73f7e
3f8ebf05
3f8a3f44
3fd53ff4
3ff73f3e
403d402e
3fdf402b
be47400e
bea4bf24
3f38bf3f
be58bf62
3f493fb5
40053f83
40264010
bed83f06
401cbe61
3ebbbdd7
beb43fec
401e3f33
bf06403e
3f213eb2
3f16bf52
bf2ebf24
3f3e3d33
bf5c3f8a
401abf36
c5d8be19
3fc24018
3ca9be89
bf683ee6
4031bf69
bf3e4011
3f18bf1c
beab3f9d
3fdb3f63
bf4c3f28
3fabbf11
3ecf3fbc
3f214025
3f923f74
40003ee5
3fae3f30
3fcb3ee2
bf7a4023
3f894021
3f333eda
3fd53e1a
40083c8f
401c4020
3ed83fc8
40144008
3e0fbe67
3f3e3f3a
3fbf3f05
3fcb4033
3fb2bf4a
3ec73f3d
3fc84030
3f9fbe8f
3f8c400e
3f663f78
3e484026
3f5f3ec9
3fae3ef2
4025bf2e
3eab3fc0
3faa3faf
3fba3ffd
3fd63fc6
bda03e4b
40124039
3f873fb3
3fc74031
3f54401c
3ffa3fdf
bf0e45d8
bf503fc3
3f9a3ec0
40353f67
4014401d
3f063fff
3ffdbf36
be993ec3
3fd6bf69
3dd53fdf
bf09bddf
4031400d
40323f36
3fa13fe2
3ed1401f
bed44035
3f03403e
bf4dbe76
3e923f09
400bbdf5
4010403f
4017bdc3
3fac3f14
4007bedb
be103ea9
bf0b3ea5
3f4c402d
3ef13fae
3c814006
3e1abf0c
3fd8bf1c
3f7dbe63
3f6e3fff
4001bde3
3ffe3e9e
3f63bd82
401a3fb7
bd34bf1f
4005bf0a
bf50bf35
3fd13d36
401cbf77
3fa8be77
3fbb3f83
3f38bf1e
3f8c4002
bf793fba
40193d5d
c5d83fa6
40023ff5
3efe402b
4036be24
bf1a401a
3fcd401d
bee1403d
4031be2f
bee83e8e
402b3f53
3f2b3f61
3e2ebf3e
40263f03
3c72bf20
40343f1f
be2dbf51
3fff3f63
be8f3fed
3f3ebf7f
3f473f4f
bf7c4002
402a3fa2
3feb4038
40074025
3ffb4009
3f1b3f8c
3f213f89
40363fc1
3fa33fbb
3f5a3f76
4016401f
3fb74021
40343fd4
40034035
be823ffb
be4f3df6
3fd13ec2
bf504006
40094024
bf464022
3f904029
3f3b3e99
bf364011
be143f88
3f85401c
3ed03ee0
bef6403a
400b400e
3f08402a
400045d8
40303f3c
3e8d3f97
3f834002
40244022
3fbc401c
3ff6400a
3f124019
400c3f03
3e5f3fca
3fa0402c
3fcb3fec
3fd13faf
bd243f36
bd82402b
3fd13fcd
403c3fa0
3f1b3fdd
3ffe403d
bf5dbf3f
3fa73f48
3e863fee
3fad3fe9
3f9a4002
40173d9e
3de33f62
bec63fba
40323ff9
40083fa3
bdf03f1a
3fbbbcb0
3fc33bc2
3f543d14
40283fb4
40353f57
3fba4025
3dedbed3
3fff39df
3f753e0a
40203f7b
bd88bf55
3d573ff0
3f9b3e26
3f8dbf19
bed33f6e
40053f0a
be223fa6
bf514016
c5d84034
3ef24034
3f863fa3
3fafbf29
3fa0bea8
3d843ff2
402e4012
3fd54011
40024036
3e9e3f48
3ffb3cbe
bda9bf78
402b401c
be9f3f84
3f7f3fba
3fc93fc0
be99be5f
40173fd4
3faebe9e
bf2d403d
40063f81
401f3f10
3d79be11
4004bf37
3fca403d
403fbefd
becd4032
3f083ffe
3ed1be82
bf403fb5
3fac3ee2
3f8d3f7d
3fc73ef6
bec9bf7e
bf3b3f81
3f1a3e19
bf583f10
bf37402c
3fb8402a
3cc3bebd
3fe23ed8
3e23be9a
3fed3f56
3ed8bed0
bef83fbf
3ff5402e
3fdd3ed2
3e813ed8
3c423fd4
3f5b45d8
402e3f9c
3f9e3f9c
bf543e99
3d7cbe51
bec7bf4c
bec33f7b
4005bf2e
beca3fd3
bead3fab
3f8fbf09
400d4029
3ebe3f27
3f5e3fc2
3f333f6e
3deabf06
bf4a3fb1
3ec5bf5e
bee1402b
3fb1be17
4006bea4
3ecc3ff7
bf5a3c9f
bec9bf80
bee6bf7b
401a3f1e
3fc43f83
bf6c3fb5
3cf84039
4033beb5
bf4c3f31
bf16401b
403b3f20
bf353fb2
403f4034
3f154028
beb33f5a
3fd0bf7d
bf674013
3fecbf4a
3f78bf37
3e96bf58
3f1d3f1d
45d83fe6
3f8ebe9c
bf1e3ffd
403b4030
3f2fbf15
bed63ffd
bd893c1a
bf0e4036
bdff3fe5
3f5dbf1e
be9c3fd0
3fce3f69
be8b3feb
3d81beec
3f463edf
40113e8c
3fd84005
40133fa2
40194000
3ec04021
3f70be88
3e933f8f
3f98bec8
3ff73e6b
be5a3e19
40283ff2
3faf4029
3fcd4019
3ec84004
bc234016
3f993f5f
3fdc3efd
3e62be38
3e29bf7e
3f973ff1
3fc0bc77
bf1b3ef0
bf08bf15
3f413f58
3f36bda8
3fa73fde
3ed83f2c
beac3f02
3ea03e67
3fd13f56
3da44020
be1abf58
bf75bf2b
4002400c
bf00c5d8
3fcf400d
3f6cbe3b
3f47bd92
3fde4014
be473f46
3fbd3fe4
bf47bece
3ead3f84
3dab3f67
3f3f3d58
4021bf59
3f9ebe19
4013bf07
400b4024
400d3eda
3f45bef4
3f733f88
3f31401c
3e6c4021
402f3f91
bf344008
4004bf4d
401e3fda
3fd64018
403fbe9c
403c3fdd
bf42401d
3fbe3f89
3f97bf19
3fcd3eb2
3facbf2c
3fe8bec9
be503f48
3dd6bd21
3eaa3fef
be3abf7f
3f883fc6
3faebf5b
be9c3f61
3fc14021
3e263fbc
3f17bf0d
be09bf39
401d4010
bf543f6e
3fcfbe8b
3e65bf6c
45d8bf5e
bf153f09
3ffa4036
402a4014
3ec73f9e
3ee03fe9
3fa7bdbf
3e843f95
4034bf3d
3e6b3fee
3ffa4003
3f1a3eee
3d943f42
40314031
3f0e4023
3f7dbf66
3fe84005
3f87bdc8
3f743f22
bdaa4001
3fddbf27
be24beb8
3cc53fda
3fd73f3d
3fbabf2e
bf18be7e
becd402b
3f444025
3fe64014
3ea54032
3fbb3ee8
bf183f2e
40233f8d
bdd7bd07
403bbf36
bf5f402f
3e5a3f9c
40103fee
3fcc3f4a
3f93bf5f
3f6cbe29
bf193f28
3e8c3f6c
bc6a4003
3fe5be9d
403f4010
40304008
3fd23f3b
3d333fea
3fe3c5d8
beba3ffa
3ffbbf0e
3ff9bf59
3ffe3e9e
bee7be53
3da0401a
3f9e3f11
bf273f1b
bf64bee7
3f03be19
3f383dfb
bf084014
3b143fe1
bdfb3f4c
be5cbdff
3f594032
40063f28
3dd03e90
3f49bed8
403a401e
3f2c4005
3f81bdcd
400f4008
40323f74
bef2402a
beb93fd5
40183f2e
be2d3f90
403bbe17
3f313f8a
3ff4beac
40174018
bea53f9b
40123f48
3faabf6c
bf493f3c
3fde3ff9
3fd83fba
bec13fc9
bd6b3faf
3f6b4006
3e613fa4
beb73fae
bf514000
403f3f7c
bf423f0d
3f993cf0
45d83fa1
3f244025
bea03ff9
bf4bbf79
3faebe04
40263eb9
bf113eae
be0e403e
be253ff5
3f843faa
be253fd7
3c5c3d27
3d663fb6
bdf44016
be4cbedf
4027401c
3fbc4009
3f024020
40303ecd
3f733e4a
3e1f3fee
bed53fac
3fc6bee6
bf4d3f45
3ff13f95
be81bf20
3fe43fe5
3c48bde5
bf213fc5
3f01401a
bf0e3f52
3ef6bd00
40374030
3fcfbf17
bed14003
40104006
3deabf52
bf22bf17
3f9d4027
3f8d3fb0
3f7c401d
3f783f08
bf4abf29
bea03f39
40173eb4
3f2c3fc9
3f873ece
3f973feb
bf113f73
4025c5d8
be9b3f74
3fcf3e69
3fcd402f
3f6c3fef
403c4023
4038be52
bf033f11
3bbf400b
3d9d3fd0
bf1bbf02
bf4b401e
be904032
3f25befd
40253f93
3eb53f06
400c3fb4
4016401d
bf0a4002
3ea64022
40053f57
402b4027
3fe6403f
40093fd1
3f92bf3d
bec93f35
3eccbe94
bf783faa
3f0d4028
3fe7beff
bd53be7c
3f3abe1f
40034017
4031bf72
3ff94012
3f63bf10
3fd6bf0c
3fa04022
40173ea3
bed9bf10
3e524034
3e41be87
3dea400b
3ecc4028
be84402a
40284030
bca94021
be173fc0
45d83f94
bf343e77
4038be0d
bf6b3fed
3f903f57
befebdda
3f9cbd6e
401bbf63
4001bf72
3d843f84
3e15bf68
3fa3bf68
3fa53f05
3fed401e
3fe7bf02
3f9cbdb0
bf453fe8
3f7abebc
400ebf18
bcce4023
4003be88
3f81bf50
3f753f77
3f673f94
3f6a3f33
3f053f9b
3e1c3f73
3fec4000
40204033
bee23f87
3fde4007
3efc3dba
3f9bbea5
3f013f51
3ffc400b
3fbd3e16
3f664021
3f01bf6c
400dbf20
3faf4037
3f343f12
40253e19
3f003cbc
3f6e3f86
3c7f3f30
3f99bf43
3effbed5
4002bec1
3cf0bf68
401ac5d8
be95bf13
3f87bea5
3fdd3f15
3ef5be4c
4031bf71
bef14029
bef3bf33
3f9bbf59
402e4010
40393fd6
40013f5e
3ff53ff0
40003f07
3f533f84
bef43feb
3f3e4037
bf323fdf
beebbf25
40393fbb
40023fea
beb5403d
bf27be9b
3d83402b
3fe8bede
4020bf57
bbc53e65
3f923f3e
4006bde5
3ea24001
3f6f4005
40353fcb
3f70bb32
bf6a3f9d
bf42be78
bf123fa5
3f86be33
3f93beed
be87bd21
3e9a4005
bf6dbcf0
3faa3fc0
40293ec2
3fb94030
3f033fe4
3f1b3f65
bd233ecf
40373f25
45d8be64
be643fac
4031bf18
3fdcbf13
bed53fe5
3e6a401e
3f223ea5
3fc73f43
3ff0be15
3ff7bcdb
bf0f403f
bd56400d
3fa53fb2
3f7b4038
3ff2bf15
bf753fe1
400b3f41
3d8dbf49
bdae3db4
3e9c3fd3
402ebf67
bf2f3ee7
bf5d3f8a
3ef6bf5d
40244013
40303f6d
bf10be41
40273fcf
bf2c3f3f
40343efa
402bbe92
3fc7be4d
3fd63f0d
3fac3f8a
40093ec9
3f3a3eb2
3ec33f3d
3ec33ffb
3f453f31
bd17bf69
3f3f3fae
bdfd3edd
beb03f6a
bd1e3ab1
bedd3f2e
403c3fb2
395a3e07
3fc83da4
3fc43e44
403ec5d8
3f153fc3
be3c401a
40353fa3
bf2bbf24
bf623f3f
4011bf59
bf3a3fea
3e5cbe9a
3d9e3f5c
3e904014
bed13fc2
400e4012
3f82400e
bf6c3f32
401a403a
3f163d42
40013fc8
403f3f1b
40333fe0
3f954025
3eaf3f53
403d3f73
be104039
bf15bdc7
bef93ffb
400fbee9
be264034
3f0b4023
403cbf3a
3f3b3fc0
bdde3ec1
3ef53f18
4012bf7f
403d4025
402f403d
3eb83f47
bea73ef3
3f7f3ed9
4009400a
3fd33f0e
3f91403d
3fd93fb8
3fdc403d
3f62be38
3f073d97
3f57400b
3f443ff8
45d83faf
3d1f401c
bf0bbf0c
401f3ff4
3fa43f4f
3e84bf6b
3fdabf7d
3f6f4006
401cbf18
4017bf6b
3fb43fbb
3e383fd5
3fe7be29
401d4021
bf41bf64
403bbec4
be5e3ffd
3fbfbf54
3eb53fa3
3f7abed2
40264034
beaa4013
3f884001
40043bee
4027401e
3e6d3f84
3f073fc4
bf514010
403c4018
3f953dcc
3f463f49
40013fde
3fd33fa1
4039bf0a
3eab4031
3ff94014
3f9d3dc9
3c95bda9
be783fac
403e400a
4012403c
3f4ebf65
400d4004
3e1b3ffe
3fd745d8
3ff63fd5
3f64401a
3fad400a
3f923f13
bf3f4000
401b3cf0
402d4025
4029bee9
40063f7e
3eed400d
bf7bbe42
bd4c3f8b
3f883fe1
40043fd1
40233fbc
402f400b
3fc73f9a
3ed33fa3
401b4039
3dfa3fac
3f99bed4
bf1dbeda
3eac4020
beb73fef
40363fe4
3fee3f9a
40323fc9
bf194001
3fb04034
40133fb5
3bc4bde3
3e8a3f53
3ffc4014
3e73bf39
40334016
3ff03fde
be823fa4
3f013f49
3e253f9c
3fb03ffa
bede3f8f
40353f3a
400abf33
3f843fba
bf4e4015
bf80bf5a
4006bf78
c5d8400f
400d3f2a
3f763e2f
3fb8bda6
be273f5f
3f2d3f98
bede4022
3ef64004
4012400c
3f4c4005
be343fb7
3f3a3f0d
3fab3f8c
3f704007
401f3f51
3f94bf48
3f98401f
bf674001
3f123d8f
3f524015
3fef3f51
3ec1bf3e
40343f86
4015be96
4015bf48
3fd44030
4031403c
3cc1bebb
3fab3f8c
3e35be00
40293fc4
401a4022
4010beba
4021becc
4035bf18
bf323fbb
3f594025
3ffb4026
3f063fb6
401e3fec
4026bdac
bf44bf16
3f7a403f
bf583f83
3fa5bf44
3f973f99
3f9d3f68
3fff3e81
3b854012
3e8e45d8
3f69beee
3f053f71
3ffd4003
401c3fa6
40323e9e
be9f3fba
bf643f9f
4030bf3c
3fd13f87
3faabe53
bf084032
3f5cbf2f
3f473ff8
3fba3b0e
3f05bf3b
3ec63fbb
3dcd402e
3dda4000
40353f47
3f604039
3f693f20
3ec73f44
3ff53f05
400f3f83
400f4029
3fe13f8c
bf263f64
3f9dbea1
3f3a4025
3f8e403c
3d233ffe
3fe74024
3f073d9e
bf1e3e8a
40243e10
bf403fbe
3f1a3ff8
bd51bf1f
4023402e
3ff43e27
3f543e02
3eb1bf24
3e574031
3fe24012
3f193fdc
3f6fbf33
bf79bf69
c5d84022
bf5c3f16
be783fd5
3fbabf7b
3fb43fe2
40323f8c
40283f0b
3ece3f93
3fc4be97
40104014
3fae4026
3fbf4005
401bbeb1
3f29bf7e
4013bf3f
400b4021
401f3fc7
403e3e4b
40304006
bf04bf3a
bf31beb7
40253dd3
40193e6e
bf0bbe90
3f4b3fa5
3f8c401a
402d4038
be0e403d
3fa43f00
3f814025
3fc93fcf
bf2e3f3c
3dcb400d
3fdf3fa6
3fbabf39
3da73fe8
bf6c3fb1
bf683fc9
3e174025
40284036
40113fca
bdbd3f5f
bf2f3fa5
bf59401e
bf403fdd
40103e93
3ed74024
3f933d70
3f7b3f8a
402445d8
bf2b3fde
bef83fde
3f93bef6
400b3fdb
3f693f88
4024bf1d
3f013fa4
3eb33f2d
3eb03fd8
bec4bcfa
401e3f92
3f15bd86
3fcabcc3
40094024
bf04bf6c
3f97bf45
bf523fe6
bf574028
4013bf0b
3f1c3da0
bf4f3f03
3f974036
3f774003
be47bc7c
3f79bf52
3efabf0b
3e764012
40013eee
40303fa7
3fe03dc1
3fe54001
402a401a
3eca3fcc
40383f28
be9e3ef7
be17bf3b
3fae401d
4002be89
3fdebf7a
402abf44
bf753f9a
3f963f87
3f1b3fb9
3f913f9c
3e2f400c
3eac3fdc
bf503fba
c5d83ecc
3db13ff4
3ffd3f56
be71bf4a
beba4027
3cc5bf50
be404003
3e81bebe
3fdd3fe1
3f103fa5
4037bd21
3f913f34
400abe91
3fa14018
3f053e13
403c402b
bf204024
3e89bf29
402e3faa
bed63f5d
400b3e6d
3eb5be11
becb4020
3fa33fb7
3fd93dfc
3ec64001
40013f8a
bf2b3fbe
be01bea3
3fa0bf06
bf1f400d
bec63fb9
403fbf80
3e8b3f35
3e2f402b
3eedbf70
3fafbecb
400b3fce
3f934014
3ffa3f47
3f49bcc5
3f843ede
3e1fbf3d
bee73f69
3ed73e89
40334000
be534017
bf29403e
4034bf3b
403545d8
be163faf
3eadbec2
40263fd5
403c3e71
3fe3bf17
3fee402e
3fa33e93
bf4a4009
bf264000
40043f6b
bf15be5c
40263db8
40383fd0
40173e94
bf13bee4
3f19bf1f
3e3e403b
3fb6bf02
be7e402d
bd4b3ed8
40173f6f
be89bf52
3f1ebf29
bf5b4016
400f3f0a
bf7c3e98
bf5fbe5f
402c3f10
3f56bf73
40033fe6
401c4011
3ef73e43
3ee44004
bf513f20
3fe7400b
403f400d
3f87bf52
bef64022
3e78bef7
3f023ef3
bf1a3fed
3fb3403a
40153ec1
3fc83fbd
3f264033
bf273fc1
3e283e44
c5d83f8e
bcb03fad
3d763fe6
bf463de2
bf5a3f39
3fbd3f61
40273f27
3f233f96
3ff03f67
4033bf7e
3f034004
3ff63fd6
bf6e3fbd
bdb33f77
401ebebd
3f74bf61
bf1ebe23
4013bf5d
403e3f97
3fbd4008
401f400c
3f82400e
bea04033
3eba4008
3f203dc8
3f0e3f21
3fd04032
3e9f3fc8
3fef3f92
3f223ccb
bf6abed3
3e333ca7
400f3e32
3f433fd7
40263eda
40384002
400d4013
403f403c
40304001
4005bf47
3fab4013
bd1e4037
bf78401c
3fb04039
3f10be39
3f8e4006
bec33fca
4027bdad
4036bf56
401f45d8
3f88bd7e
4021be73
3f4cbe47
3f534020
40263f8d
40293f5b
40243f85
bec03ffe
40134028
4011bf53
4018be22
bebb3f84
bf543f13
3f5f3e9e
bd2abf21
3d26bd5d
40333f65
3fad401f
bd1e4036
3f96401e
be2c3fd6
bf4c3da0
3fea403e
3e9a3f32
3faa3f86
3f37becb
3fb63f72
401d4012
40404034
4016bec2
3ea3bef9
3ef5beb4
bf383f25
3fb63f1a
bd9a400d
40253ff3
3e20bf61
bee13caf
3faa3eba
3ef4402e
bed53f0a
bc26bf6e
401bbebe
bf6fbd8b
40004027
bebf3d13
be104004
c5d83fbb
3fe34033
3fe1402d
3fddbf48
403cbf5d
3ff74039
4028bf3f
3fa74005
bec5beb2
3f4e3fe3
bf083f0d
3fa1bf55
3f204025
be873ffc
40393f4f
bf383ebf
3ff33fe7
4039bd85
3ead3f0a
402c3f64
40174006
3f1b401a
3e1b3f53
bf4abf51
3f893fe1
3f603ff4
3f81bf44
4040bf42
bee4402c
bf4d400a
403abda0
3ec0401c
bf4e3f4b
401e3fdc
3f0e3da6
3fc44023
be873f48
3f993fe6
3e09402f
bf3dbe91
3fe2403c
bf00be60
bedd3ff6
3dd9bf40
bf4ac5d8
3fa03fdd
40083f30
3f364022
4019be7f
bf433fd7
3fc5bf7d
3fe6bf5a
3d9b3cca
3faf3fe1
403a3eea
40093f27
bcd13f49
bed23ea8
3f9a401e
bf78400c
3fe1402b
3ffabe9a
4031be90
3f24403e
bf3d3fc2
be923fa1
3f2a3fa2
40283f44
40013e92
40013ba1
3fba4000
3fd8bf36
3ec2bef2
3ed93f96
bccb400e
40163f8f
3e3e3fd3
3edcbf0f
40304013
3fefbf29
3f963ffa
3f603fef
4029befa
40103cca
40263f5c
3f823f62
3fb3400e
3fc43fbe
3eda3fc5
3ecebf5d
bea7bed9
befd3fe4
45d8bf20
400c4026
3eecbf54
bdb73f28
3ff33f0b
40133f84
be0c3c84
3d3b4030
3fd64038
bef4bf4f
be3b4037
3edcbd48
bf314040
40294009
400b3fdb
3fff3ffe
bf593eab
40214013
3fbe3e0f
bf6cbf64
3f88be0e
4004403c
40343fd7
be904022
3f38402b
3fbe3ef4
bf523e6c
3fe23f14
40373fd3
befd401d
bf5bbed8
beb13f80
beb13f08
bf0dbe96
bd8c3e5d
403d4038
3f1b3fc3
be803fa3
3fb43f5d
bf3fbf7e
3f8c3ff9
3ff3401e
40323f92
bf713fc0
3e4d3fd5
3f86bf69
bebb3dab
bec73ff0
3ffb3ebf
3f80c5d8
bf293fd4
3ef03f7e
40213f12
3f243ebb
3dc3403d
3e093eb8
bec5bf33
402ebe06
bf463f4e
40183f5f
401e400e
3f3e3fc3
3fe73f35
bee53fdd
be884039
bef03fe4
3f09bf79
bea63fbf
3fbc3fb3
3fdc3f48
3e073f44
3d443fa5
3f4dbf2d
bef53ec9
3f4abea8
bf553d8f
3fc33f61
3e1e3f43
40163fe4
402a3fc8
bf413f41
40133fe0
402d3fb3
3ff3bf12
400c3ffc
3f08400d
40343f88
bf513fe6
40403fc1
bf23401e
3d293f95
bf5a400c
3fda3fcf
3f923fe0
402b3f1a
3e703fcb
be9b3fef
45d83ff5
3ea7402a
bf533f0f
402a3f50
3e914010
3e783ff1
bef83f1c
40163f65
3fccbe2c
4021be4e
4023beef
3f8cbf4b
4039be61
40203f02
40004030
3f614008
3f583d15
bf4a3fa8
bf043f9b
3f923f0b
401a4022
3fcc3fbc
3e5c3ef2
40183ef3
3f6f3faf
4036bf29
be683f9f
400cbe8a
3f73beba
3fb73f0d
401d3f72
bd873e8b
3fffbf73
4035bf2b
3eb53fe6
bec04008
3f97bf44
3d4b3ff0
becb401c
4017bee8
3fc03fe7
40353e70
3f76be6c
3f9f3fb9
beaabeb0
bf543f8d
beed3e33
401fbf51
befa4006
bf80c5d8
3fd8bf0d
3fd94023
403e401b
3ea8403e
3fa83fec
3fd6bf63
3f00bea4
40003fef
4028bf3c
bf2f402f
3f45bece
3f843e23
3ebd3fd0
bed2bf4c
3f9f3f90
bd9abf1a
3fec3fd2
3f91be08
bf74be95
3fbe402b
3f893f9c
3f223fb2
3ffc3f9f
bf4f3f41
3fa33edb
3eccbf0b
40374024
3fed3ff3
3fcc3fcb
3f723fb8
bf073e95
401d3e2f
3e853e1d
3f2f4004
bebd3d97
3f5cbe1c
3ffa3ee7
3ed63e3a
3f263e87
3fd73eea
3ea94017
3fab3f74
40183f9a
3fbbbdcf
bd523f72
3e573f4c
bf79bf1e
45d83f88
3feb3d8f
403f400d
403a4033
bf063fdb
4032bf3b
3f9cbf69
40353f0c
3f2c4026
4021beb0
beb8bdaf
3f353fe3
3fb73f87
bef9bf08
40134033
400d3f75
bce13fe5
3e84bf35
3eb43ece
3fb2bf45
40133f8b
400b4011
3ef34004
3fea3f83
400b3ffc
3fcf3f5b
3f973f00
40083ff9
3ce5bf68
4003bf1b
3e643f3f
40334006
bed43fb3
402fbf00
4015bf27
40253f5c
bf663fa6
beda3fca
bf743fd1
be95bf15
3f813f28
bf443ca8
bee43f9e
4000bf52
bdf1bee1
bed63f40
4003bef6
3fc63fca
40353f55
3ff9c5d8
3f723fa3
3fb63f92
401c4037
40013fc5
3ffa3e35
3f0dbf43
3f76be01
be884030
4034403a
3fc53f2f
bf3a4024
3f39400e
3fdb3fcf
403c3e17
3e04bf13
bea93fbb
3f844006
3f68400c
4023bea4
3e92bf31
be093fe8
3d84bb91
3f8abf01
3fb93fe5
bf29bf22
bf024028
bec2be9d
3f3f3ff3
bf283fc0
bf083fb0
3fa23dc3
bca4be8f
be5d4019
3fafbf7e
beed4032
3ff84021
3fd63f90
4006bf2d
3f62400a
3e75401b
bdf1bebe
be914029
beab3fd0
be344027
be8dbf69
3db63f15
3eaa3fca
45d84037
4034bf44
beb9bf1f
3f83bec0
3eae3f36
401f3f9f
3ef2be14
bf13bee1
401abf15
400b4012
3fdd4016
3f113f88
bf564020
401c3fa2
bf6e3e54
3e33be58
403d3fcc
bf263ec9
bed83fd6
bc143fa1
40283cb0
40394035
3fdcbe04
3f2ebf41
402c3ff1
40403f78
40374014
3fc44035
bf603fc7
4035403d
3ff43fe8
bf5e4017
3eca400d
bf793fc0
40074010
bebf4031
3fbc3ea6
3fe63f97
3f94402a
3fe93fbd
3fb83fb6
be314009
3fdf3f2e
3f18be67
3faf3fc8
3f97bf69
40203e3b
bedcbf0a
40033ff5
bf29c5d8
4003402b
3fce3e53
3f6b3fc1
3eedbf41
401b3f76
3eaf3f41
3f673fa0
3f66402d
3f484032
3fb53c24
3fd53ed9
3f353fef
bf7ebf16
3f6e3f21
3f3dbf70
3e6e3f9b
40143f84
3fb8beb4
bf333f99
402c4008
3fe4bf67
3e2c3fcf
bf6a4010
3f763f9c
bf26401b
4018be4d
401f3f5c
3f493e84
3fd93d70
bf0abd1f
bf0d4009
3e8cbf2c
3fdb4007
bf52bf1f
3e973f92
4025402f
bebc3d6c
403abf7d
400c4034
40033f2a
becb3f88
beb13fdf
bf63beb8
3ffa3e7e
3f543c95
bb10be7c
401e3fcb
45d83f6b
bf543fd8
3f193fea
40224023
3f44401b
3e8d3fec
3ea94012
3fd83fee
3d233da7
400b4009
3f9d3ff9
bec83fcd
bee34009
bdd5bed6
402b3f26
3ff43fae
3fbcbe9a
400abeb1
3f9a3eda
3f773f22
3fcf3f02
3e9d3f92
3fb83da0
3fd0bf56
402b4005
bdfa401e
bf6b3fc6
bf233f9f
40243f37
3f2a401a
40384015
bf4a3f87
3f3e3f4a
bf7f3f75
be96401b
401abf7c
bf543edd
402c4015
beaf3d5a
3fe63fe1
3fd44034
bf0b4010
3fba3f52
3fd24023
3f933ff2
be413f1b
be4abf08
bf203fa6
3ff33e4b
3f6fc5d8
3f6cbe4a
3eac4019
402b4004
3fb14008
3dca3fa2
403d3f3f
3e99bf6e
bdd14019
3f533fd1
3fb13fd3
bdb03fd8
4004bd61
be85403a
3fe14001
bf673eb9
bf28402d
bf59be9f
bf793f99
3f9d3fc4
3fd93e12
bea94039
40263fe0
bf153f39
3fcebf68
bc884020
40133f11
401a3e50
bcf34021
4012bf3f
3f2a3fd4
3ff6be79
4020be71
40333f8e
3f9ebe0d
3f8b3edc
3fc2bf12
3fc43fc7
3e6c3fd8
3fa03f8f
40064005
be7ebd04
3ecc3fb6
c5d83f9a
bf673fd3
40063fd6
40014018
401c3f45
3e7d3f8c
beb73e4f
3ea83fc2
3e394011
bed44036
3fbd3fb7
3e2a3fd6
3feabe58
bf2ebc0b
3fe4bf1c
bf16bf75
3fa9bec9
3feb3fb7
bf1dbf18
4021bf20
40093f1f
bebc3f6a
bd12bf22
3ecf4029
3df7be59
bf263e87
be133f1c
4040bf54
bf5dbebe
bee23ea8
3ea43fad
4009beb1
beba4014
3f73bf6f
bd81bf5b
4018bb27
40324020
3e5b3f94
be083e32
3fe03ffc
3f884027
beeb3f84
beb53fed
3ff23ec4
bed9bf4d
bf1f3f83
3fb43df1
40363eba
40083fab
3f4145d8
3f634031
be11bf36
3f8a4007
3fdb3fc2
3f18be5e
403dbe00
3ea34007
3fc7bd91
3ef93ec8
bf413e91
3fcc3fe7
bef4bf60
4023402c
3f41403e
40023f81
400a3fc9
40263dca
bf113f0d
bf1bbf70
3ff53de9
3e8f3fef
4008403b
bf1a3de2
3fdd4024
bf713e72
3f6a4007
3faa3feb
40313f96
3f873f43
3fb93f29
400abdae
3f913f4c
3f373f90
40084013
3f15402b
3fcb402b
bec8401e
bdbd3eeb
3fef3efb
40083f4a
3e4a400b
bf1d3ff3
3f154012
bedc401c
3f723fd1
40293ecc
3f123ff2
c5d83e76
40054038
402fbeaf
40233fde
3fd4bee0
3ff13f0a
be6cbee3
3f49bec9
3e663fc4
3ea0bcc6
be0d3f92
3fba402b
3d56bf17
4030bed0
be90bea6
3f5c3de1
be99400f
3f9c3e56
bedb3fb9
3c743fe4
bf343f63
3fbb3fb5
bf3c3f84
bd2d3c2b
be063f93
bf233df3
3fae3fc5
402c3f49
bf154028
3fa2bf3a
be2b3e92
bf683fd6
3f053f8f
3ff93f05
40363f09
3e2bbf04
403c3f57
400a4035
3f9fbe80
3f98bf55
3ff6401b
401a403f
3fee3fb0
401dbf4f
3fda3ff8
3fb33fca
3f9a3f5c
3fe04015
bf0d4031
3ed645d8
bef83ef2
3fe64018
bf093fc2
402a4033
40233e77
401d401d
bf4b3fc9
403abf47
3fea403c
402f3ff7
40283fd5
3fe73eb9
be513ff9
be93bdcd
be2f3ff2
3f393f9d
3f9c3caa
3ee8bf69
3ef53eba
402e3fde
3e5d402e
bf65402c
401c3fd7
3f934018
bf2b401c
3efdbeec
3f9f3f9a
bee2401d
4008bee2
3fa83ffa
3ff54031
3f883ecd
40114007
bcc03f9c
bf6b3fda
3fa1bf63
40113ff7
40183fef
3f4c3ffa
3ed9bf4d
3fbb3db4
bf224019
bef43fd6
3fbb4028
3f3b3fc8
40363ebe
3fb1403a
c5d8403e
3f943fb0
bb5e3f12
be974032
40393ef5
bec33e6e
bf31402e
3e923f5f
3f90bc61
3fe83fe8
bed13f83
3f4e3fa1
3e743fd7
bf253f44
3ff53fe3
3fc63ef8
40193f80
bf38be1e
3f4f4031
bef63f06
4014400f
bcaf403e
3f8d3c8e
3fcf3f7f
3eaa3ed3
400a4018
3fa33f8a
3ffabe55
3f62bf50
bf49be23
3f243f7f
4011bce5
400dbf54
3f464024
3fc63ef6
3dea3e7e
402f403b
3f804017
3f643fd0
40303f52
401dbf55
bf593f43
401b3f25
3e923f6f
bf6a3e38
3fe3be11
3fc13f16
401c3d3e
bf1c4010
3fa945d8
3fa23f43
40234018
3fa63f3c
4013400c
3fe44038
bf6abde0
3fce3fa1
3ef7be4a
40203e62
3fb94030
4026bdd4
be0f3ebf
3f8f3ea6
3fe03faa
3f183d17
3e843dc7
bef33fcc
400dbf5b
401cbf5b
400e4027
3c503f1c
40224005
4033bece
3fe53f87
beb03ff7
40193f59
3fa14031
bf033ed2
3f85bf60
3fa33f76
3e703f7d
bedf3fdd
3f883ff8
3fc44037
3f163fdc
403fbebf
3fd74016
bf0cbefc
400bbefd
bef13ee7
400a3fad
3f393f49
3ef74034
bee93de4
3f8f3fe0
be3a3fb4
40253ea2
c5d8bd39
3fcbbebd
3fd3be20
403d3f99
3ff73fb1
40033faa
3e5e3fb7
be653de6
3e423f2e
3fbc3dd2
3f34bedf
40123f65
3ebbbeb4
3f1d403f
3fc73fef
bf153f69
bf283f80
be153eab
4012400c
bf0b3eaa
3ea1bf72
bf0b3f5b
403e3f51
3f59be12
3f5c4024
3fcabe10
40163f08
3fa33fd2
40203fcb
bf733f1a
403ebc30
3d39bea9
3f083f59
400a4024
3fdb3ffe
40023fc4
bd46bf46
3f6fbef3
3f4ebf3e
be683e66
3f533f2d
bf103f70
40213f29
402f3ee2
3fc1401b
3ffabf0a
3fc63fe7
bde8bf4b
3d504014
400645d8
be15bdd2
bf363f59
3faf401a
3e4d3e6b
bc8c3fcf
bf423fc3
3d8d3e4f
3edc3fa7
be1bbf39
3e6a3fb8
3e8b3f31
bf273f87
3e843ee8
beb04031
3fc54031
bf0bbda6
401cbf67
3fa44013
3f83bd88
3fed3d5f
3f343fa2
3fbb3fd4
402d3f66
3f1b3f21
3f9b4015
3ffe4016
4018403d
40003fe4
3fc53f3b
bf48401a
3ff8400c
40174017
3f53bf20
be753f8b
3f433edc
40113f97
bd2a4002
3f9f3fbb
4014401d
3fc13fcf
3fe33f3f
403b3fba
3e803ff9
40143fa7
bf0bbeaf
bf4a3fbf
3f6ebe04
c5d84034
3ed83f83
3f41401a
bec93f1b
40323fe3
3f77bf73
3f1ebe57
4012bc96
403a4008
3f473fe0
3f78bf65
400c3f42
bf4d3ff9
beae4021
3ec73f4e
3fe23fc6
3f94bea2
40253f8a
3fa8bf02
3fa23fcd
402c4039
3fd83ef8
3f953fd1
3f0d4022
3dadbf6a
402d4015
3f4cbf46
bea3be15
3fc14000
402a4003
4028bf01
3fa04010
3ee53ffa
401b3e73
bf74bf7f
bec13ff1
3e024021
403f3efb
3fdd3f14
4008bea4
3f0abf65
3f4b3feb
40253fbc
be7f3fd6
3ff93fff
3fac4018
3ecf3fd4
3fad4012
3eed3fb8
be9c45d8
4009bf16
3eb03ea3
3fe9bf5a
be0f3ec5
3fb2bf1e
3fd2bdc6
40303fcc
4035bf3f
be35400c
40253f32
3e8a3d1b
4022bef9
4012400b
bf42403b
3fc63d8f
3f9fbf10
beb64002
3f94bf4e
401ebf5c
3ff24040
be59402d
3ec7bf02
3f88401b
3f404025
3f874009
3fdf3d81
3fc14017
3ef64012
bed63f86
4028403c
3ff73f49
40003f3f
40293fda
3debbea3
3c493efc
40053fa5
4015bccb
3fb33fec
3f593fa0
39d73f5a
4008401e
3fbe4029
bf54be83
3db23f25
be0d403a
4022bf7b
3fbc3e5e
c5d84008
402b3fc0
bef9bf7a
3fedbf3c
bf553f76
bf0fbe68
40004007
3f303f6b
bf303f4d
3fd53e8b
3fcb3e53
bdfa3f91
3ff63ea3
3f8b4024
3f9cbf57
3f854027
401dbe43
3fea3f44
3f2e4032
40283f95
401f400e
3fcc403c
3f5f3ea4
3f373f2a
4000be3f
3fa24036
40104019
401a4009
3f204018
be523fea
3fd33f24
3fc93faf
bf393f54
3e623f8c
3b4b3ef7
3f39bea8
40294038
4009400d
be0b3fa9
3fa73f6c
40124001
3fd1bea1
3ff7403e
bf303ca1
4014c5d8
3fb13e5c
3fb13e65
bf213e97
be14bf31
3ef03f91
3f373fd5
bf7abf7c
401f4004
3fb53ff8
3e8d4036
bead3fb0
3f264021
3f803f0e
3fa1bf01
3f7a4020
3fa7be76
bd373d8e
3fde3f7c
bf024034
3fdebf34
40174003
3f973fde
be86bea6
bf3e3fb0
bf0f3f50
3f224005
3f1cbf69
be45bb28
3e57be31
be0dbf47
40193f41
3f8e4036
403fbf68
403f4018
3e8abeeb
bf64bf2f
3fbb403e
400f4033
bf01bf45
becd3f7e
3efe4020
bf043f74
3fcf3f1a
3fef3f8e
40063ff3
bdd13fce
4022be15
45d8be73
3d64bea7
3f884028
3fe24016
402d3f8d
402f3f0e
40113f51
bf3a4009
be9e400e
bcc6403e
402b402b
be983f36
3fd33f21
3fe54019
3fcf3e3a
4020be94
bf6c3faf
40123f5e
4003bf5b
3fa63fe8
3f733fcc
bf7b4030
3ff53e38
3fed3ffc
402d402c
3f2b3f5d
3f8d3e15
40184009
3fd1be87
3d053fda
3fd13f4f
3f53400f
be7c4004
3f733fb6
40383deb
bf1c401e
3efd3fb3
3ea8bea3
40273e3e
3f364014
3fd73fe3
bf654029
bf47be9f
3f113ec9
bdbb3f23
3fc53fe3
4024bf65
400f3fb0
be173e92
4007c5d8
3fd4402d
3f493f9b
3f133f00
bf573fc3
4029be20
4016bc9b
bde74008
3f933f87
3fbbbc9c
3eb4402b
bf113fa7
3f963e65
3f373fbc
40274036
4037be79
be7e3f07
bf4e3f12
bf0d4013
3f94be77
400e3ecc
3f96bdf5
3e183eb8
bf6b3fce
3f503f95
beff3eac
bec73e84
bf0bbf6e
3ee34039
3fda3f5a
3ec2bf1e
3f673f95
3fe14039
beb73f75
3fd4bdc1
40293fdd
beee4010
3fde3fb8
bdcf3f28
40293f2e
3e4b3ff6
be464021
40373e40
40223fbb
bf173fee
3f01402f
3ffa3fba
3fa1400a
45d83fc4
4034bf19
be30bd9f
3fd03fcc
3e9c3f89
3fc73f2f
bead3fcc
bf143ed6
40013e74
402a3fc2
3f223fc9
400abca7
3f4f3f83
403abf38
bf283f97
3f873ec1
bf17be8d
3fed3dc6
3f47bf7e
bf7e3fcb
40184017
40363fab
be123fec
3e503e90
3f10400d
4008402b
3fb84027
3f90403d
3f583f4b
3ebc3f24
be2a3f16
3f85be5f
3f1c3d0c
401f3ffc
40084005
3f10be88
401e3df6
bf153f72
40083fa5
3f50bf7f
401c401e
401a3e90
4023bf74
3fdc3e86
3f813fdc
3fb23f6d
3fa43f9d
3f08bf64
40064015
3dd8c5d8
3fa9bf5a
3f9f4024
3e443e4d
3e383faf
403fbef9
bf413fee
bf783f43
3ff03e3b
3f9e3ed1
3e7ebebc
bebc4001
be9c3f92
3edd3eb8
3e484029
400d3e01
bd7a3f8f
3f90bf71
402bbf7c
4010401c
3e9b3fa2
bf063e1a
3d2d402f
4018bed3
bf37bebd
40113e3b
3fcdbf38
403c3ffc
3eb63fc1
3f16bf37
3f183cb7
4027402c
bf2f3f29
3f9f3f04
403d4000
3fa53f4a
400c3fbf
4023bed2
3d953f76
3fb5bf26
3f7fbdf0
40264016
3fc0bd58
3f793f74
3de93fee
3e88402d
bf5d3fff
3f493f4d
45d84011
3df43fc2
beb63fc7
40253fb6
bf524035
3ff74032
3c3b3e99
40393f61
bd0b3f51
403cbf49
be5c4034
bf4a3ff4
3f863f8a
40373ff5
4010bf44
bf613e49
3fe1bf78
3f88bf30
3d783eab
40183ff8
402e3f0e
3f003f0d
3fd9bd4c
40303fec
402bbf36
be97402f
bf523fe5
40323f73
3f3e3f98
3fbd3fea
4028bf5b
3e08bf0c
3f434009
3fb93d86
40213fe0
403b3f50
400e3fb3
4002bede
bf0cbf0b
bf393f3c
401b4018
401f3f58
3ffd3fee
3ff84035
be063fd2
bf544001
beee4017
400a400f
3fd93fa6
4002c5d8
3f893f98
bf6c4031
40374031
3eb1bc62
4017400e
3fd23d4f
401bbf09
3f6a3f7d
3fdb3fa2
3eac3e3b
4039bf43
bcfe401f
3dcd4026
400abe62
40213f82
bf6c402b
402f3f8c
3eca3f82
40314030
3f7bbe94
401cbe2e
3fe0403c
3ff23ffc
bf193ebe
3fd0402d
bf213f06
bf08bf79
40154023
bf2f3f7d
400a3e9e
3fcf3f2a
3f6c402b
3ffc4002
be1a3fea
40393fc2
3fce4013
401a402e
bf623f2f
3f8e4031
be273e3b
403f3ed7
3e33bed3
3f903ec9
402a3f20
bf09bee5
3fcf3f83
4033be30
45d8403c
3fb33f93
bf7bbf77
402d3d5a
40123fd1
40223fd5
bde73f77
bf384016
4019400d
3fd3bf49
3f4c4039
3c46400d
3e9f3dd7
be80bf77
3ffa3e95
40253f62
becd3f99
40134018
3faebe9e
3f543ff2
3fa43f79
bf213db2
403a3fbb
3f9f3ff7
bf1f4012
bf393f31
403c3fb3
3ff7400a
3fe73f3c
40394035
3f884035
3f9c3e53
bf3c4016
beaa3f9d
bd203f91
3e2d3f82
3f343e1f
bee7bf4a
402f3fab
bee13fa7
be503fa9
400d3f88
3ff5400c
bd9e4034
40353d73
40303f46
403d400c
3feabf22
3cb9bf00
bf24c5d8
400c3f76
3ec53f81
3de6bf0f
bc9e3f26
3ef43f3a
40013f20
bf1dbdb8
403b400b
3ec23f8a
401f3f1a
40183ecc
4003bf15
bda1401d
3ea23db5
402e3e98
4001bf38
beb84004
3e88be88
3fbd3eae
bf6c3ffb
400ebf35
40254004
3ea83fdf
3ed2bed5
3f993f89
3fac3f0e
3f8abf6b
3f833e9c
401f4037
3fd9be52
be86bd28
3f9f4015
3f2e3f18
3f8b400e
3eda4016
bf4a3dff
4015bf09
3fc83fa0
400c3f27
4025beba
3fa6bf34
40074009
bf43403f
3fe84011
3f9b3f96
3e554004
3f79bf15
45d8be9c
bcedbeeb
4016bf7e
4017400f
bea8be7f
bf663ffa
beee4021
40103f73
4033bf77
3ee8bf54
be98bf2d
3f703fad
4007bf5d
3fc4bde0
bf083fb0
4039400b
40133fb4
be9abf45
bf4abf75
beee4032
bf163f30
3f063fae
bf353fde
40294030
be9a4014
3fb74034
402a4036
be993ff3
3fa1be68
3f68beb2
3f40402f
3f4c401f
3f8c3f49
4004bf01
3eddbf43
bdc23ff0
3ffc3f15
4034beaf
3dedbf14
bf383f03
be6f403e
3fff3f01
3f80bf10
3f7a4034
401f45d8
40363fbe
bf1dbf2c
bf7e3f4a
be8d4026
3eb23e16
4003402d
40103fda
bf253fc9
3ee23fcf
4032bf48
3f44bf77
3fcc3f8f
400e3fab
be843ffa
3f174032
40213fa0
40133fd5
3f473f9a
3f3c4031
40273f02
3f6c4009
bf04403f
3f153d38
bdcb3f71
3ff53f70
bf5dbf21
3f103f7e
40153ff8
40043f8d
3ffc3e9a
3f0d3f6b
3ff53ff2
bf3a400a
3b85400d
402a4031
40223fe9
be6fbf38
400a3f92
3fa53f51
3e6c3fb0
3ea53fd8
402fbe0a
3fc8bf11
3fe9bf74
be6f3f23
3f3e4002
402dbf2c
c5d8400f
3ed8403c
3f5e4003
3f54403a
3f8b3c9a
403e4012
40183fa5
bf1cbe45
bf4b3fe4
3ffdbefb
403b400a
3df74037
bef13f9a
3fd03fb9
bf11bf22
3fc63ee8
3f663cdb
3f9f3cf7
4014be96
3dc0bf52
be893f24
3e234005
be9ebed6
bf07403f
bf384033
bf1f4010
3dd7400c
3f5f400e
40223fd6
3e9abe7d
3f733e5e
3cd3402f
3f573fa9
3fd73edb
3e7b3e82
3e64be23
4006bf63
40063f97
40133fa1
3f39be7f
3ee93ff1
3e403f52
3f18bf38
3f3d401d
4010be01
bf0ebf50
403e3e31
3f863faf
3f753ee6
400d45d8
403f3f9b
3f314021
400ebf01
4015402b
3f693f42
4029bf46
3f76bf1e
bf603f02
3fff3fff
3fc13f28
3f0d3f4d
bf6d3f8b
3f393f54
400bbf5d
beb53ffd
bea1bf4d
4012be1c
3e7f3f2d
3f913f0a
3f92beab
3e4d3ff1
bf5f3f21
3f68bf5f
4022bf4d
3f0c3e25
403d3f25
3fe5bf00
3fa93fe4
3c934036
3f6b4040
3f543ffc
401a3fbc
40024027
40313fe9
401cbd8d
beacbe74
3ff8402d
3fdd3ed2
4027403f
40383f9b
3fe8bf2a
3fd03fc4
3fda3f36
3f92bdfb
bf163f86
beb13fea
3faa3f25
c5d83fbe
bf093f38
3eb13f54
401c3fc2
3ea0bf0c
3fd6bce0
bdf73fa8
403fbf60
403f400a
bc5e3fb7
400b403c
bf363e84
3fd9bf3e
bf484034
3fcdbf66
3d5a400b
4014403e
401d3f89
bf60bf78
3ff43f7f
bed43fe0
3fc13f55
3f4a3ef5
3f313f26
4017bcfe
3fe4bf50
3f9e3e1a
3f9c3ffa
3f124009
3ff63fc9
3f983ef5
3feabf23
3ffa3ebd
3f1ebd43
bf763f96
3f073f13
bf59bee6
be4f3fd2
3eaa4017
bf153e72
3f93402b
40343e9b
3f854002
3ffa4019
bf664014
bf253ff1
be3f401d
3f24bf1e
beed4024
3dee45d8
bf73bee5
be313f53
be91bdcf
3f443f32
3f73bf6e
4027bf6e
be5cbe41
402e4026
bf65be61
3ef64037
bea54035
402a3f97
3f35bf12
3d52bf32
3fb4bf0e
bf00bec0
40103f88
bf293e38
3f343e6c
3f27400e
3f583f17
3ffcbe81
40053ff7
3f2c3f9b
bf653f6b
3f93bf5a
3fb73e36
bebd4018
3f803f82
3f583e99
3f223f6e
3f153f1b
bd584027
40213e2d
3f1d4007
3fad4037
3f38bf73
bec53e08
bea5be5d
3f313f2c
be88bece
4023400a
3fd3403b
40183ff7
40043f92
bf48bf15
40343ed8
c5d83e0a
bf7b3f45
bf6a3f0a
400c401f
3f8d3f3a
3f863f87
3f5b401c
bf594016
40273f03
bf6ebf19
40033fe1
3ef23fdb
40023e7f
3f8b3eac
4020400f
4014bf23
3e703f13
3f1b4021
3f183fdc
40104002
3f3b4035
3fb93f1e
3f843e87
beee3fa0
40183f55
3eddbf22
3f583fc4
3fa4401b
3f01bcef
3fb43da0
3f52401e
3fb73eeb
400c4013
bce8bef5
bf193f9c
bdb7bf63
bf0a3fc7
bf1d401b
3fbd3e67
3e5e3ed9
3e0cbf78
3e9fbf67
40063fd6
3fdc3f39
3e5c3c1d
3eb7403e
3d4a4038
403a3c94
bf15bf4c
bf4245d8
400e3f99
3f8f3ff3
bf0e3f26
bf223fdd
3c07bed8
4005bf01
40143fb5
3e2e3f7e
40374007
bf4d4018
4020402a
3f953ff3
3e5b3fd8
4017400d
3f62400c
3f61bf1e
bf263ff4
3e604004
3f703fc4
be2cbf2a
3ddd3fbe
3fc93fe0
3faf3f7c
4030bf22
40144032
403abef1
bf0e3fe9
bf643fec
bed2bf57
3cbe3fd6
3ed43de7
3fefbee6
3fd03edd
3fec3e71
3ded401e
4033400e
bf1cbf52
403f3fa8
bf56403f
3f57bf17
3fc43ea2
3ef13f0d
bf7e3d46
3fb13f92
3fe2bebd
3fbd3f93
403d400d
c5d84026
4036400e
40223f94
3f60bf73
3e42bf07
3fbf4000
401a3e1f
be45bec2
3f963f73
bf75bf6c
bf433fe0
bd873f6f
40284021
403e3fec
be424014
beaa3f4a
be823eb9
40303e63
4010bed3
3f403e15
40053dd4
3f8b3f9d
402f3f06
bf55be90
bf6b3fd3
bf4d3f3a
3f6c3e35
3f963f2e
bf6e400c
3fac4002
3f813f39
3fb33fc4
3d8ebf0e
bf4cbe9d
3fcf3ead
3f6a3fba
3f973fd1
3eee3eab
3ff03ed6
40343b66
40063e6f
3b8cbc68
40084008
bf1e401d
3f603d99
3f673e61
3fcbbf43
3f58400a
3f7b4021
403345d8
3ef93fea
3f9d3fc0
3f91401b
3e8b4031
3fa64010
3e02bf05
400a3f57
3ff84040
bd9c4036
3fde3fea
3fc9becc
3f813ed8
bf194021
3f80beca
3f75bf44
400cbccc
bd3abf57
3fec403a
3fba3fae
4030be68
bf573fd8
3fe33fda
bf774009
bde8bd21
3ea44030
402f3f12
becdbbd1
403d3f97
be8fbf1b
40163f2c
403e3ff2
3fbbbf20
3ff83fbe
403abdfc
3f263faa
40133f93
3e623fc8
3fff3fa6
3dd4403d
3eef4026
40113fc7
becd4000
bf634017
403b3ff6
400cbf54
4018be69
4039be89
c5d83ff6
4033be2f
40333dba
3de84022
3f9d403f
3fa63e8b
3f5f3ffa
3fff3f2e
bf11bf1a
3f6a3faa
bf634015
be19bd3b
40043f2f
bf2fbf32
3fed3fa5
bf243ef2
40383fba
3f9f400d
3ed34039
3eaa4036
40303fb4
befabf59
3f94403e
3fc83f87
beb03f7b
3f4a4015
bf683fee
bf223fcc
beca4005
beefbf0b
40333f75
3f4b3fbe
3d993fb2
40144014
bf7e4004
bf463fc6
4029401c
402d3f0d
3fbbbec3
beaa3f8d
bee9bf65
402cbf0b
3f8f3d93
bcbf3f97
3fe83fa2
3f953d96
be6cbcef
40153f6d
3eb83fcd
be5a45d8
40134016
40363d8c
bc314003
be8e4025
3fb73f8a
3f974014
beec4031
3fa3be1c
be863f88
3fd53fb8
bf7f401a
40383c1b
be46401c
be0b4019
3f9b3f00
40003ff6
3fd0bf5e
3ffa3fcc
bf283feb
bf5b4028
40233fb7
3fce4006
3ec93f98
3e073e9a
3ff2402e
3ffa3fd3
be1b4035
bf6d403d
3f88be94
40233f64
40053fd6
3ffebea0
3e243f7d
402fbd09
bf113fa3
bf4a3f19
4037be9d
40213f72
40104031
4029bf1e
3fb33f9c
402f400a
45d8bf66
bf633e5c
3ff74023
bf4f4036
bd393fde
403f400d
bf7a4020
400c3f7d
bed93e23
bf414006
be933fae
3ff04028
402e4011
be9e4028
3f6a3f73
40253fce
bda7403d
400b3f95
beecbed0
401e4013
402c3f08
3f493ee6
3d823fd3
4005bf17
beb34022
3fd3bf5a
bed53f92
bf1f3f8f
3e82bde2
40343cf8
3fc0bcc7
bf2a3e09
40253e27
4000bd93
3f5d3ed3
3ec64026
401e3edf
40084022
3fb2bf5f
4012be3b
bf6a4018
4015beff
400a3f8b
bf493db8
3e174008
bf2ebe29
3e743f27
3f22be53
bdd94036
3fb6c5d8
3f43400e
40353fc4
3fe1bf33
403d3f90
3f703e1f
bef9bece
3f463fd9
4038bf5f
4009400a
bf45bf2a
3f85bf03
40104016
3f9cbf3d
3fcf403c
bf17bf53
3f524039
3f5fbf3b
403fbf51
bec8bf0a
bdbabf51
3e8e3e40
bded3f19
3c033f85
be2b403f
bed73f61
be93bf5f
3fc1be01
bf21403f
be8ebf77
3e3a3f7f
3f283d81
4001bf50
3f6e4039
bf3d3ee2
402a3f55
3fff3fa7
403e4030
3f183f00
400fbf28
3ef33f30
3e623f6d
403c3ff6
3fd24005
3e4a3e85
3fe53fba
bf733fb7
3f623fff
45d84006
40183fe2
3fc9402b
3ec73f32
40233fec
4013be3f
3e8e3ec7
3ee7be5c
3fca4040
bf544010
3fe53e88
bf113f82
3faa3f89
3f8b402d
4003bf4c
3fd9bf5d
bf423ed8
3fa8bea9
3fa2bf6b
401d3ff1
40403e4b
40033fd9
3fa9bee5
3ebebdfc
3fe73fdb
bf313f02
3faa4020
bf4f403a
3f374030
3f19401a
bea33c79
3ee0bf40
3e903f88
beea3fed
bf803f80
befb4032
3f424039
bf624033
3f2c3f98
becd401c
3f5bbf37
bf4e3f91
3d883de5
40333fa7
3f583f57
40093f06
3fe24019
bf373e8b
bec83fdf
3e84c5d8
bf244033
bf24401e
3fc53f16
3fe73f61
3fd63fcb
bd1d400a
bf19be26
4021401c
40163f77
be693e9a
bf173e3e
403bbe4b
3fbf401a
be6b3f4c
3e363fa8
40344022
becf4036
3f523ff4
3f23401d
bf3c3fd7
3f3ebe06
401abe44
3fb53fd4
3f97bdb8
3f5f3ef4
3f313ffb
40123f86
be0f3e79
3f89403c
40014020
403c3eb4
bdca3fb8
403c3f45
3eab4018
bf02403d
bc08bf4f
4036402a
4006400b
3fde403a
be1bbedf
3eef4022
40123fbf
3f8abadf
be423e6d
bf1abf35
3f883fe5
3f024008
45d83f22
3fdc3f7d
3f36bda4
3dd6bee9
401d3f94
3d133f9b
4006bf55
bea8bf08
3f37400b
3f004026
3f064018
4004400b
bf5f400c
401abed7
bed53fd4
40103ef7
3ead3fbd
3fe5be89
bf06bf17
bf164020
be4bbd84
401b3f84
3f3abebd
3fd94035
be9a3fa9
be833e5e
bf753cab
3f913dbb
bf7b3f9b
3fe43dc0
3fdbbf09
bf3a3ffe
3ff7be3d
bec3403d
3e933e6e
bf483f85
3f8c4012
3fb3be7f
3fcdbe38
3fdbbf01
40393ff9
3f04bf7b
3d803fd7
be9b3d0b
3f02bf7a
3f123f80
3f7d3d6b
3f2c3fbf
40193fea
4009c5d8
3f8d3fc5
bead3ef7
be6c3fd5
4027bed9
3d3e3fdd
401b3f7c
3eec3ff2
bf7a3f9a
3fd63f11
3f37403f
3f6bbe62
bf0dbe82
4002befd
40123f57
bea43f0d
b897402b
40313f91
402fbf08
3f9a3f27
3f733fd9
3f573f0d
becdbf56
bf283f98
4036bd8c
40393eb6
4027401d
401e3fe8
40163fb7
4008403f
bf3e3e6a
3c104026
be7d403e
bf3b3f83
be14bbe7
bedf403f
4008bf41
bf673f54
403f3f74
3fc43f34
3fa5403c
bf243faf
be713ffc
beebbf57
3fca3f57
3f833f62
4032bef0
40123fb6
45d8bf0d
40063fb3
3e153f72
3fab3eae
3fd2beeb
3f333ff0
3e85bec1
bf47bede
3f883d80
3fa5402d
400a3fde
3fa83fd8
3fa43e6b
bf583f8f
402d3f95
3e893fea
3fb83f0e
bf1c402e
3fda403d
bf26401b
3fec400c
bf053e9c
3f933f2d
40193fa1
bed73fab
400a3f08
3fdf3e24
3f673e53
401f4009
400e3f90
3fe8400e
3f144021
3ff4bf1b
402b3fec
bf39400a
3d484028
beed3fd3
4016bf00
bf254011
4029bef3
bf0b4025
bf41bddd
3e5bbf7e
4035bed4
3f83401d
3f713e75
40234029
4021bf2b
4019bf80
3f68c5d8
3e863fef
bf003f33
3f813f92
3eb0bc1d
3f6d3d35
3ecb4020
40253fec
4002bd58
3e923f8f
3ff93ef7
4006bf6b
40023e8a
4018bdc5
bdd6401f
3f324034
401e3fb5
3f823eed
3ff5bf6a
40293ffa
3fe43eca
402b4016
3e33400b
40253e31
3f283f89
3f833f84
3f5c3fcf
3f323da6
400bbe05
4035bea9
3fd43f99
bec54034
3f923f66
4036be4c
3f333fe0
3ee93fcc
401b4004
bf05bf66
40073fad
3fd7403a
3fa54017
4030402f
bb2f4009
3e483fb4
bf3a3f2d
403b3fae
3f7fbf53
be993d9b
45d83f7d
3fabbf19
be73bf11
3f963f12
40233f29
3f1b4018
400abc42
3fc63f99
3ff33fff
3de7400e
3f5d4007
403a3ebc
400a4028
3f663f7f
3ebc3ff5
4026402e
bf353e66
400dbead
3faf3f6f
bf6d4023
bf04be8f
3dff3e95
bd8b4000
40173f26
3ff74039
bf6ebd05
402a4034
40343fe5
401b3f78
3fdd3fd9
3fa2400e
3ff73f98
3f1b4006
3d2abf2f
403e4013
bf104029
bc143fb8
be613fdb
400d3f6e
3ed34017
3ee6400d
4001bf64
402c3f33
bf05401c
bf75bf66
402b3ff8
4004bebd
4009bee7
be883ff7
402cc5d8
3fe43fe9
3dacbf5b
40093f0a
3f27be41
bf753dc2
bf7e3f54
bdf23f78
400e3f1d
be5bbf45
3fd53efb
3f5e3f95
3f9e3faa
3c5d3f0e
402f3fec
3f8a3ea2
3fad3f83
bed0bf4d
bd913fbf
bf26401f
bdb03f7a
be743c98
bcb03fba
4038bec8
3eb54037
be023fc5
3fa93ebb
3ffc4029
bf123fef
402c3fca
3fc53ffd
3fdd400e
3f3f3ee2
3f9e4019
3ef0bf1d
3f963fc7
40234037
3d86bdec
bde44003
3ff23ff6
40153e3c
3f04be64
3f0c3f8c
bdaf3fcf
3f863eec
3fae401d
3ff3400d
3f933f5b
45d83ff1
bf273fa6
400d3f98
3fe8402d
bd314001
40243e75
40164031
be944019
bf5f401f
3fb5bee3
3f073f93
3fc1be01
bf3c3fa1
3fe13f44
40114010
3fa73ff5
bdbebe87
3fdb3fbb
3f29400d
be253d7c
3f813f59
3fe64015
3ff44013
402e3f12
be4c3fd9
3f93bf51
4034401e
bf103efa
3f11bf34
bf663f8b
3bb53fc2
400c4018
3f9a401c
3fbabf4c
3f233ffb
40363e19
4022bee9
3f013e9d
bf1b3f1a
40183feb
3f6a3fc0
4038402e
3f9b3fde
3f7a402d
3e1545d8
3eea4040
bf7a3f84
3fdfbe88
3fef3fec
40224022
3ff4bf48
3f2fbe8a
3ec33f47
3fcc3eac
bf573ffb
bf49400a
bf543fda
40113f55
3fe43f20
3fa93f33
3fcfbede
3ff2403f
3fb73f57
3f464019
3fc63f1f
400dbe78
bc5b4038
bf033fc6
bedb3f9f
3ec1bf5e
bdfb402f
bf404016
401d4011
40083f8e
3d91402e
40023ee7
3f96400f
3dd13f99
3f0c3f0b
bf1e3f87
bf03be50
bee53faa
40103f47
bf16bf67
3f9dbf4c
403a4015
bf15403c
bef33fa7
bed64034
3ff93f01
be383fad
be8b3eeb
c5d8bee6
bf293fd3
3fff3f25
3f194003
bf054010
40233f27
bf6e403b
bf0a3fba
4013bf6b
bf184012
3fcb4015
3fcf3f78
3fe13eb9
3fb13f7c
3f243fce
3facbf26
3f953f84
400abeea
40223f16
bd8d3f05
40183fc9
3f9abea7
bf3b3fc4
402d4031
3f89402d
3f373fd6
3eec3fd7
bf363f23
3fe8bf30
3fda3f7f
3f8e3fe7
3fe53f9f
bf363f7b
403c3f92
40103fc2
4029be8e
3ec4bf0b
bf78402a
3fbc3f17
3f713fcc
3f823fcf
3da84000
3f6dbf43
400f402c
bf5d3f9d
40064010
3f4cbf69
4023401d
4032401d
3ebb45d8
be99bd44
3fa0be0a
bf723e96
3fbe3f99
3df73f61
beb8bf6b
bcb43e8e
40313fba
4008403d
3ff03f20
3f3d3f4d
3fc54007
40233f42
40013ff7
bf72402b
3f983ee8
bedb4027
40264026
3ebebefe
40213fec
bf7d3e82
3fddbf51
bf713fe1
403ebd5a
3fdfbe09
3ee13fbd
3ef73f08
3e413ffd
3fabbf5a
40213fad
bf1d4003
3fe33e0d
3fcdbf1f
40383f6a
3fd6403f
3f623fe6
bf0e3d25
bf253fd3
40344020
3ef43fd8
40224027
3e644009
3ffa3d6f
3f8d3fdf
3d853fd6
3fd1bf5a
40323f24
c5d8bd50
3f1e403c
403d3f4b
40363f1f
3fe03fac
3f86401e
bf6a3ff4
bf653faf
4016bf4f
3fadbf78
3f353fad
40223efa
3f9dbd5c
401c3ed3
4018bf4f
3e593f90
3fdb3f44
3eaf3ea1
40263e85
3faabe7d
3ea84028
403e3fec
3ef53fc4
3f3b3e41
403c3fc5
bef24015
3eaa3f5a
400d4010
3fd84012
401c3f89
3fe93fbc
bc62be9b
40383f60
402f403f
3f9dbf11
4030bf2b
3e393f17
400d3fc6
3fae400e
bdd4bf05
bd2fbea8
3e2fbf19
bce23e5b
3f903baa
400abdd4
3e944023
3fe7beb8
3e574031
403ebe92
401f45d8
bf1c400b
3feb3f84
bef93f60
3c6a3f29
be863ed4
40174011
3e683d93
402e3e8b
bf3a3fbb
be68401b
4036bf50
3f24bead
4027bf1d
4006bcaa
3f6abe08
3ffbbeeb
4038403c
40093fa0
403cbf28
40253f01
3f8f3fbd
bf1f4005
40364036
40164004
3ee53ede
3f7cbee0
40273fad
3fd73ff0
bf153fcb
3f904003
3fbf4030
3fbc3fe4
3ff7bea5
bf313fa3
3f2d3fc0
3f6d4029
bee4bf3f
bef1401c
befabf69
402d4004
3f6e3fc6
beb7beb7
40353f7a
3f903f3c
be6d3fca
40264005
bf183fc4
c5d84015
3fe04034
403c3db2
403b4036
3f1c403c
3f3cbe6d
400d402c
3cffbf2e
3f8b3fb5
be45bca5
3e2a3f95
40093f8b
3ff94000
40353fdb
3fc44030
beeabf06
3f55402c
403e401d
3fa8bf28
be1b3fd3
4003bf1f
402a403d
40303f7b
4013be94
3f843fce
3fdebf13
3f0e4025
3dc43f71
40073fe9
3ee5bef5
40053fa5
40023fb9
be50bf3c
3f79bf5b
bcf73f32
3ec0403a
40193e56
3e253ed1
3fa53e5f
bd82bf55
be233fed
3e8a402b
40293fb3
3f333f7e
401f401e
bea64035
3fb7bf11
3fa93ff0
bdfa3fd2
3fef45d8
beccbe91
40283e9d
bde73f14
3ec54008
bf13bf07
40273f14
3fdc4023
bf30402b
4009bedd
401cbec6
3fa73ea9
3f763fe8
bf5e3f99
400e3f8e
401cbd50
401e3f81
3ff43fa5
3f43402e
3fa24025
40173ef4
40124020
bf213fe8
400c400e
bf493fde
bf67bf6b
3e943e03
bf0dbe5b
3fbf3e2b
3f3a4004
403b3e07
3f963fda
3fc03f2a
403b3dbc
3c8bbf6b
3fc23eef
3feb3fcb
befc3f2c
bb753fef
3f023eef
4022be6f
3f813fbf
3fb7bdf3
40243ff3
3e734034
3fe33fef
3fe93c41
bf2e4028
c5d84022
3fbc3f92
bf0bbf41
bf353fae
bf113f9c
40243e6d
40213f20
3f873feb
3f713e7b
3f8e402e
bf5fbf3b
3df34036
bddc3ff6
bf063f9d
be933f6d
3fb53ffc
4009bf79
3f70401f
ba3d4010
be86bee4
3f74bf77
3f243f91
40244010
bde14038
bf003f3a
be3f4008
bee83f05
3e574034
4027402a
40023f19
3ecebf5b
3fb43c6f
3fee3fcb
3f31403e
3f03be8e
3f16be8e
bf7bbc5b
3f9f3f5a
bf473e61
3fdcbe19
bf1f3f41
3f9fbd92
3fe23fb7
401e3fa4
3fd03eb4
40213f75
3ff83f2a
bebd401a
40204039
400b45d8
bf7d3fb4
3fa33f93
3fc7beaf
3f3f403e
bf483e3d
3f483ff4
bf0b4015
bf103fb6
be8a3f0d
400abd96
becb3f16
4018401b
3fd13feb
3fd73f65
40054002
3fe53fd9
be533e39
3e384031
40304009
3e55bf73
402bbe2d
3c284009
3e8d3fa3
3fde401a
3edb3de4
3e344030
40303fa5
3f7e3fcf
3fec402b
bec84002
bf17bf3a
3f723f53
402c4017
be163f22
3f904004
3fb53eff
3f773f23
3ed9bf6b
3f3cbf52
403dbeaa
40394015
3ff64012
4009bd6d
401d3f87
bdb5bf5a
3e143e2f
3fa5be37
c5d83e4b
400fbf22
40303f3e
beb63f5f
40293faf
403c3fb7
40323ff5
bf73403a
3fd7be03
3fc23fa9
40143d3e
3fe7be81
3ecc4033
3ee44016
3fc0bee9
3f28be56
bf363f4c
402a3f43
bf26402e
bf0f3ee4
bf1d3fc1
3fd03fe7
bf1c3f36
4021bf3a
3f884003
3fa43fe2
bed33fc3
be82be84
befe403b
3e16be4a
3cf5403f
bf21bf76
3d08403b
bef83fab
3f1abe57
bddabf33
3f5cbf6b
be314028
40303f0c
401f3f25
3ef53f8d
3fbb3fe3
402fbf62
3def3f45
403dc5d8
40243f2b
be234005
401cbdbf
3e8abe8b
4029befb
3fd33f11
40113f98
3f96401b
400e3fdb
40293fa7
3f8f3f63
3fefbeeb
403d4018
3ffe3fd2
402e400b
3f313f93
403a401c
3fdc3f10
40314013
bf58bf3e
3fc44035
3f2e3e9f
3e903fed
400f401a
beba3f95
4010400d
beeb3f96
3f284017
403d401d
bf45bf7f
40273fd7
be07bf6d
4011be20
bf213fff
3ff2402f
40273f67
3eb73ff2
40013ff5
3f454028
40113e0b
bf7a3fa7
400d3fd0
40223fb8
be613e1d
3ed4bf5e
3f5f3f3f
3ff5403a
45d83fe7
4011be22
3fb03fde
3fd83f8e
3f834004
bf023f95
3fc03fb9
beaa3fc7
3f89bf00
3fa83ed9
bf23bf47
3fb44001
3fbf400a
40313fde
40313eb0
403d402a
bf6a400b
4037401c
bd0f4007
3ec7402d
bf734009
402d4003
bdc53f5a
bf203fdb
4017be86
401c3ed8
4007bf1e
3fc6bf16
400a403c
bebf3e1f
3f0a3ea1
3f943fd5
bf4bbe97
40154016
40093f79
3fa53f5d
403e3db1
4006bec7
3fb8bdbe
3f19be8e
beafbed6
3f2d3fcc
3dc13fd4
403a4008
3f5e3d8c
401b3fd9
3f123f69
40084029
3f393fca
3e96c5d8
3eb94009
3fd73f09
3f96403a
bf0dbeec
3f213f9f
3febbf24
3f223e84
40403fc6
3deb403c
3f903ff5
3fa13d58
403c3f36
be2f4008
40194008
3d833ff1
3ff7be84
3e293e6d
400dbf6a
befebf44
3ffa4014
3fd2bd9e
403d4006
3fe33fb2
3fedbf79
3f77400f
3f94402d
3f72bf14
3fee3fdd
40234003
403f3fbb
4040bf1d
40093fa8
bf5d3ef6
3f624011
3fd3bf6a
3f2b3de0
3ff83f8a
bf513fa7
bf263f0a
3e90bc8c
3ffc3f86
3fb43f59
3fc33fbe
401f403a
bee43ff1
3f913f6b
3f5abebf
45d8400d
bf43bf68
bf34bda3
3efcbf36
3f903fac
3fe6be6a
402a3fc0
3fda4035
403cbc91
3fa0bf20
3f1b4019
3e754012
bf293f87
401f3f48
3f923ef4
400e3f3c
bf694014
be5e3fcc
3f134017
bf1ebf20
3e093fbf
40273f60
3f0b3f8c
3f9b3f4e
3faf3f84
be2a3fa2
3f99403e
3e16be62
40234023
3de14021
403d3eb4
3e723fe5
3fe53d3f
3f05403f
40344001
402c400f
bf0c3fff
3fb43f42
4038bf02
4015bf73
40214010
4039bf13
3f573f0e
403c3fae
3fa0bef5
bdc74007
3f5ebf14
4004bf0b
401a3f93
3ffac5d8
be80bd82
3ff53fdf
3d8c402d
3f2c3ff1
3f24becf
be62402f
bf77402e
40034025
3fb3401a
bf6a3e91
3fb14037
4029be08
403ebe86
bef13f2f
be944014
4007bdb3
401b3e43
bead3e94
bd863de6
3fc0401c
400f4032
3f2b4040
3fae3fcc
40293f0c
3f153fbf
bf773fac
bf55bf14
403a4022
be894012
3ff84014
bf553ea7
bf163f88
3e243f14
3f1d3fe2
3f443f8f
bf47401f
403b4032
be0c3f62
3f553fe6
400b3f1e
bee53f37
402abefa
3f9d4018
3f873f44
3ec64019
bf674012
402f3e03
45d83fb9
3fd94036
3fd4beea
3f0d401d
4010bec9
40403dfa
403c3f81
bd9a3fe4
3fd43fcd
bf3b400e
3fe13ff2
bf483fa2
3f44403c
40243fd4
bf73be73
400e3e90
bf3a4025
3f8c3edc
3f773db2
3fd83fb3
3eb6402e
3fd73f26
402d3e3f
40273fa4
400d3f9a
bf1d3e55
3fe84030
40283f35
3f6ebc93
bf083fa0
3e6d401a
beef3f3d
3fd3be0a
3ff1402d
4024bef3
40093fe9
3ff2bf7a
3f7cbe96
3fcd400b
3f1d3eae
3fb63fcb
3ecabf2f
3d463fe3
bdd43e64
3f873fea
bf0c400b
3c93bf55
40003f41
3f344004
402ac5d8
be143f2c
3e6c3fdb
3fff4024
3f09be0f
403e3ffd
3f373ff8
4033bf4f
bdc54028
403f402b
3fbdbf59
3f073fb3
4015402e
401dbf08
3f4abf7e
3ffa3f91
40133f06
3fe03fad
3f3a4017
bf403f5d
3fcb3f79
bc93be96
3f72bf3a
40063fd3
3f643f98
4038403d
bedcbecd
4027bf06
40303e2a
bf0dbf3e
bd823fc0
bd8f3f54
bf663f97
3e943f82
40293f85
3fc8bf3e
40403eba
bf68401f
3f873ed4
3f033f74
3fcd3f27
be8dbece
3fba3fb3
3f803faf
3f663f30
bf573fea
be46400d
403ebf39
45d83f98
bf18bf09
3fffbd9a
bedcbc7e
bd4f3f88
40254021
40043f9b
4022402b
3fae403d
bf523f09
3ee2bf2e
3f7cbf36
3fbebf63
bf163fd0
3f843f84
3f913ee1
3e3fbdad
3fd23f16
40313eac
3fbf3fde
4038beaf
40284034
3fa04006
4021bddc
3ed43e6c
bf074025
bef03ff2
bd6d4037
3e293f22
3f6f3ff0
3ffe4034
3e213fc6
bef6bf58
3f2d3d7e
3fd33e0a
3e314031
bf174034
bf31bf37
3f303f3c
3fe34023
3e6dbc80
be803fd0
bf0a3f8c
bf543f7a
3fc54032
403fbf49
3fc8bf1a
4036401e
3e98be19
3f81c5d8
3ead4029
3f22401c
3d3d3ef2
3fc84011
bf2a4021
401c3ee8
bda04023
3f573ff2
3fe83dfb
bf6b4014
40103f6d
3fb83efa
3fe43fd8
3f643fb0
3f75bf5e
3fe53fd1
bf5bbf10
3f443fe6
3fac3f34
3feb3f3f
3f2f3f9a
3fe53f35
bf324025
3f453ed4
3fbc3e0a
3fad4033
4013401f
3dcb4016
bf5c401c
bf1d3f8c
bf773f8f
4035bf7e
40294021
bf504003
3fb03f1a
be6c4010
40363e2e
be243fb0
bf0f4032
3f784036
bf1d3f3a
bf3bbeb2
beac3f9e
3eefbf44
3fd13f0e
40273ff3
40153f15
45d84017
3f663f36
3f684007
4012bebb
40093e95
bf60bf5f
3f98bf31
3f4b3e94
bd053ff0
3f763fe0
be99bf0e
4038bf73
40184011
3e2ebd8b
3fbe402a
3ebb4035
befe3f89
3f433ed3
3eed402d
3fe53e9a
3e52bf14
40033fe1
bf673e74
40364015
3e2e4030
3fdf3dfb
3f953f31
40013f3a
4028be8e
3e763f6c
bf2c3f7e
3fe44007
3fa23f67
3f473ff2
40383fde
be16be11
3fbbbf0f
be873fb8
3fab4001
4008bf6d
3ef7bf6d
beecbf75
3f654014
3f383fbe
bed63e41
3ffb4039
40363fd9
3f014001
bd15bf4c
be2ec5d8
3f163fce
3f373ef0
3fb13f6f
3f6c3fc6
bd5b3fef
3f4e3f9a
bd02401e
40273fd0
3f913fd0
3fc33fde
402e3c4f
be114008
401cbf36
40253fb5
3ff5bf2e
3fbe3f3c
400d3f95
3ed3be6a
4030400f
3f964016
3f8fbdff
40014037
3efa3ef4
3fb23eba
40173fbf
3f8e3f9f
3f0b3fea
402e4037
3fc44024
3ec0402a
bee34036
be59bed4
bde03f86
3f61bf42
3e053f92
3eda3fd8
40043edd
4037bf05
3e6a3f8a
40174006
bf51400b
bf1ebe3e
c5d83eb1
bf6c3f3e
3f894013
bf073f9b
3f373ff7
401fbea1
3fcebf0d
3fbd3f55
bd384021
4008bf0f
bf733fac
4014be24
40163eeb
bf1a403f
bf22401e
401e400e
3f964000
3f11400d
4009beda
3dcfbeb1
40383fa9
40393f56
3f34be0e
3f2dbe46
3ff03e25
3fc94031
3ffbbf4e
be493e41
3d82403e
40223f99
4034bf6c
bea84005
403c3eaf
beea3feb
3fa3bf20
bf773fd0
3f193e56
bf5ebeee
400a3f60
3fc93d93
3ff9bf27
3fae3f67
beadbeb2
bf6d3f4f
3f383fbb
3fecbf6c
3fde3fcc
401a3fcf
3fdb3f5d
401a45d8
be8abe70
3f953fad
bf17bf07
bf583db0
3f904014
40013d46
3fad4018
bf10401d
bd2a3f87
401b3fd2
3f034014
3f853f75
be893fd1
3db93ea0
403a3efb
3f97bf5b
3f893fcc
3f83bd2f
3eda3d94
40034037
401bbf17
401c3e9a
403e3e89
be9d3fa7
3fff3e91
3f5a400e
bf62bef7
4037400f
bf1b4039
bf11bf1c
bf363f96
be5f4008
3ff64023
bf214007
3ec6be82
40303f71
3e763fe7
3efa3fd5
3f64bf42
be993f9f
40104028
3ed03ec3
400d4011
be183e08
40343ee9
3e5e3efc
40103fa8
c5d8bf2c
3fd53f6f
40374015
4009bf62
3fed3f7a
be13bf61
3f97be7f
3f8f4040
403abf77
3f9e3eae
3f923fa3
3ff7bf12
3e993f1c
bf763f94
3fb94032
403b400d
3fea402c
3fe5be56
3e88bf49
40394011
bf43bf2c
bf443f94
bf48bf13
3f64403c
3f363fc7
40114036
be034036
3f313dbe
40114037
3f013fc4
be84bf2a
4023402c
be703fa8
3fa23ea6
40073f6f
3fc1bf6a
3f4f3f0d
400b3e05
3f6f3f18
3fcc3f5f
3fd0400f
be914019
40233fe4
3fcabf7c
bd94401b
3ecebeb3
bf5e4025
40093ff8
40383fea
3dbd45d8
40273f82
3fb73f8c
bf303dd6
40213fd4
bf56bf0b
3f77befc
bf564006
befa3fab
bf084006
3fb2bf4b
3f093f14
3f88bf01
3f9e3fa8
3ef23ea2
3feb403c
401c4031
4000402f
3f96be4e
400a401a
402cbf1e
be73402e
40053d85
40143fe9
3dcc3f56
3f5b4000
be4fbf53
3f903fd8
3fd24039
bf303e04
40064006
be724021
3fd43fb3
3d7c3fc7
3f993fad
be8f3e73
3f1a3fde
3ff5befa
3f8fbf5f
40373ed5
bf49403b
402ebdd7
3f073e42
3f6b3f5f
3dda3ed3
3f8abe67
3fc93e92
be813e54
c5d84027
3f5d3e51
401d3ff5
bef93e84
3fc24011
4014400e
3ff1bf05
3f3dbf23
3f8d3fba
bf6b3f88
beba4037
3f9a3e96
bea73ecd
3faebe37
bf583eb4
3e213fc0
bec7403b
3fcebea2
bdc0bdba
40303fee
3f40bf2c
3f04bf00
3e0bbf72
bf344032
3f9a3f19
402e3f8c
3ea13f80
bf09bf72
bf643fdc
3fdabcd1
be313f15
be23bf08
bef0be64
40183b19
bf75400c
bf2e3fbe
3d7cbea9
3e833efe
402f3d44
3f863f78
403a401b
3df9bf5c
3f964036
3fc04035
40143f87
40064019
bf444005
3f973c83
3f953eed
3f8a45d8
3fcabef2
bf3a3eeb
be974010
3f644013
3f093ec2
4011bf41
bf7e3f69
4015becf
3fad3fed
3eb64002
bf6d4007
bf603f4e
40323fcd
40153f0f
3fecbe4e
402abf75
3eafbf75
402ebea9
3f814015
bf4e3e64
3e05401b
3edbbde4
3e503f8b
40004020
40383ffe
3ff7bf15
bdae3fbc
3f66bec8
bec73f7c
4038bb7c
3f7c3f39
3debbf38
3e9f3f37
3d133ed5
bf6d3f44
3fbcbe7d
403c3e81
402e3ef2
40043f25
3b8f3f15
40343da2
3fe53ff0
be5e3f40
3f463f08
bf3e3f73
40013f27
3ff33f50
c5d84032
3d93bdc7
402bbf0b
3df64005
bf493e91
3e093f67
3fdabd54
3f0f4025
3feebf5e
3e684003
40343eb6
401f4013
40083fb3
bec0be90
403a4007
bcab3f07
3f7ebdeb
3f6b3ff9
3f0e3fa6
3ec73f0f
3ff93fb5
3ed0bde4
4017bf23
3fd13fee
3fe43f41
bcd0401b
bdc34025
bf3f3fab
3f5b4001
3f7f402a
3f2d3f82
be5a400a
bec53f2d
be143cbc
40254023
3ff83de3
3e0abeb8
3f1dbf7d
bed63e87
40293f94
40214031
3c743f86
40193fa1
40333fc1
3fcd3f1e
40093f95
3ff84017
401c4040
3f2b401c
3e1f45d8
3f834009
401a3fec
3f8a3fd6
3e603f8e
bf7a3f08
402bbd61
403c3f5a
3f953fd1
402a3f91
becf3f1f
3f22400c
3feb3fc9
3e5c3fe9
3e9c3ff5
bf053f91
3d97bf6b
3fa7beab
3f843f61
3f3a3f40
bee23fc5
3f2d3e26
3ee03f3e
40124009
40134010
be8c3f41
bf2d3fed
3f5a3f3b
bf593ecc
40233fe3
3ff54011
40314024
3ee9be7f
bedbbf02
3ecf3ff2
403c3fe1
3ff0bf73
403cbea2
3f873f5a
3e833f5d
3ff73ff5
bf043feb
3e86400d
40083f46
bf3bbef8
3f623fb8
be513fe0
bf07bd25
c5d8400c
3ded4037
400e3e62
bea64029
3fd33f87
3fcfbf1c
3f184021
bf5d4002
beb73fcb
be823e4d
bf79bf4d
3fa63d9e
3fdfbe53
3f1f3ba0
3eeabf3a
bd573f39
bf394024
3f05403c
3f0b3ed7
be61bed8
bed13fcc
3f084024
3fe04031
40113fd8
bf25bf22
4003bef6
40184000
40273f4c
3ffc3ff9
bf22bf3c
3e034031
403a400e
bdd53ea1
3ff03f3c
bf083e42
3f7b3fcf
40053f1f
4009bc5e
3e953fbc
4019bed3
403e4006
3e953f1a
3fba401a
4005400c
bf7a3fbd
40323f1b
3ff24012
bf57400c
3f634019
403b45d8
3cd8bf20
3eae3f88
40294033
bee3400c
3f473f68
bf2a3fcc
bf673f44
40023db3
3f383fa1
402f3ea9
3fa03f18
3ff24025
becbbea6
3f4a4016
be934004
bf233fad
bf414005
3ddf3fdd
402a4025
beab400a
be98bf4c
bf0b4006
3f2f4016
3ebb400c
3f593f84
40183c90
400f400d
400dbf62
3da13f70
40113f2d
400bbf70
3fd0bf6a
3fac3f2a
3f663f8a
bcdc3fb5
bf0f4034
3eec3f52
3ffe3a6d
3f753fae
3fe33fe5
3f384013
3cad3eb5
bf353f9a
bf2b3f16
bf703f93
3e2e3f57
3f453e11
c5d83e50
bf103f0a
bf7a3f5b
40284002
bf084033
bf153fb1
3f68bf54
beafbf08
3f6b3f60
4039403c
40073feb
3fb33f9d
3eed400f
3f95bee7
403f3f33
3feb3f2b
3f733f77
3fe24034
3f603f0d
3fef402d
bece3f11
3f153fd8
3fd43f91
3f964004
402d4004
bedb401a
bf014022
3fbf3fbe
403b3f9d
3e193ff2
3f7b3ee7
3ee5beb2
401fbe33
3fb13edc
3f773ee8
4005bf28
3ed63fad
3f873e93
4016be05
402d400a
40123fd9
4024bf72
3d2b3f62
3e28bea0
4012c5d8
3feb4037
3f073eb4
400a4025
3f9bbe3b
bf4e3fa9
bf0c403a
40194024
3f023e8b
3dd33ff0
40053f45
be54bf6a
40073faa
beae3ee1
be4abf50
3fba401e
3f71400e
403e3feb
40073fd9
400b3f3c
3e084012
beb13e83
3f4f400a
bf4dbf6d
3f963f78
3f6d402e
3f8ebf16
3ff5bf25
bf7f401b
be823f19
40093ee3
bf343e6e
3f2abef7
401d3d0d
bf2abf1b
3fa03ecb
3f2e3fbe
beb5402c
401abf27
403d3fbc
4010bea3
3ff64015
bf1e3ec3
bf604027
be86becb
40093ddc
bf803fce
403e3fb9
45d83e6e
bf7d3fa0
be523f60
3ebe4037
3f48be14
3fc64015
3e5d3e85
40283f93
3edb3ef3
3fd83fcf
bf5d3eae
3f3d4035
3f9bbe02
bf1e4032
402ebf1b
3f83bede
3f55401c
3f8fbe0d
3d69401b
40013ebd
403ebdbe
be62bf2f
3d7f3fc6
400c4029
400b4032
bf74bf30
be4a403c
3e783fb7
3f593fdd
3fb93fb4
bf70be3e
3fc7be91
3f593f01
bf5d4024
bd133f59
4008bf35
3f814008
3eeabe01
40273ffe
be313e61
40044028
3fc33ea9
3fd83f5a
401c4008
3d883f8e
3f45bf55
40203f8f
40204021
3f953f6b
4005c5d8
3fbf3f48
40404028
401a4013
bf293fa7
bf283c8b
3fc03f50
401d4014
401a3f1a
3fa43f42
3ff83ea7
402fbe50
be853ec3
401c403a
3fa94001
bea1400d
3dea3f90
3f7f3f4d
3f59beb7
40113f35
bf063fb4
4026bf41
3f9c3eef
3f893f64
bed63fdf
402d3f8c
3faa3fe7
40144018
3dd23fe8
bf663e5a
400f3f40
40174022
402d3e8d
3f9bbe73
3fda402d
bf0b403e
3f063f28
3d663f8a
40313ec8
bf2d3f3b
3f3fbf6d
3f203f4a
3fe83f9e
40153fff
bf523e91
403ebf3f
3bb24039
be643f44
45d83ff8
be803fee
3e834030
be4c4029
bf143fae
be82403f
4001beb2
3f60be67
401cbec3
bf353f3b
402c4011
3ec53f89
3f814012
40064023
bf4c3d7e
3fa23fe4
3f73bf47
4013bf60
40133fe2
4017be60
3ee4befa
401a3fca
3f15bde8
3fae4002
40024020
bf643f96
3ea3401e
3fa0400e
3fae403b
3f3ebed0
4027be89
3f8fbe73
3d1a3eb6
3fe83db0
3edc3fdb
bef53e40
bf644024
4006401d
3e003ea5
3eff4011
3fde3f05
bee4402c
40193df7
3d4f3fbd
bf153ffb
3fe0bec3
3d113f8d
400dbef7
3fab4007
4005c5d8
bf623f64
3ef1be7b
beae3f6b
bd823e6d
400a3f35
3f83403d
3fda3e91
bec33ee3
bc2bbeb9
bf4f3f23
3f93400a
400e4015
bf6a3fa5
bf043f90
3fe13f7b
3fc43fb2
401c3aaa
3fa63fb5
3ff9401e
3ff8403e
3fc33d5b
bd293fda
3ed5beba
3f7abc1b
3fb03f81
bd1dbe31
3ca6bf0f
3f304035
bf0c3fbb
bf403d5f
3f4f3e9a
4037bf3b
3fb53fa0
401b3ff9
40333ff8
3ffebf57
bf503f70
3f963db5
3e923f16
40184003
3e6d4027
3fb7bdd3
bd143f46
bdb63f85
40123e78
402abf51
3fbb3e0c
45d83f09
3f9a3ffa
401d3f47
40264012
bd11bf4b
3e793f87
402c3fcc
40373ee4
3f72beae
bf324024
becfbd8b
40343f33
3fe3401b
400a4004
bf2e3fff
401d400e
bf563e9c
bd364011
3fb0be76
bdc63ff9
403c3f12
bed43ed7
4005bf0a
3f74bf4a
40143fa9
40074036
403c4008
3bae3f47
403b4001
bdbf3f5c
3f543fb3
bf4bbf2f
3fe33fa2
3faabe9e
3fbfbf64
3ecd3fbe
3f6c3f9b
3f7d4040
bf593daf
3f8c3f97
3ff33e6e
befc4024
3e7abe1a
402c3f05
3feb3ea2
3fe54033
401a3fab
bf1a3f17
400b4017
3fe6c5d8
3defbf29
3f163e8a
3f213fbf
40254034
40333f06
40223f87
be253f93
3f273f89
403c3ee2
bee6bea0
3fe4bcce
bf06beed
3fe9bf53
3ffe4015
bf07403f
3f573f98
403bbecf
4015bf46
3f303fb5
bf33403b
4030402d
40163f98
3fbd3fa4
be753fd9
40003fad
40363fe7
bd69be8d
3df23f7c
3fd2bf10
3fd8bf60
3d5d4026
40244039
beae3c85
3ee44008
3fd0bd98
3fa0bec1
be4c4009
bf1b401b
4003bf6b
3fd8be25
3fe33f6d
40293fca
becf3fa1
3dad3f3a
3fd9403c
4004be79
40014007
45d8401d
4015bec3
400c3efc
3c903f82
40163ef7
3faa3fa7
bf013e98
3ef23e6b
3fb0beb1
40113f45
bf5f4002
3f863fd7
3f803fb4
3fb3bf05
3fc3be4a
3f464011
4015bf02
4014be93
3f65bf65
400c3e39
402b3fa0
40343f10
3f78401c
be303fb9
400b3fd7
bef0bf05
3fabbe45
3fa33f4b
3eca3ffc
401b3f41
401e3fb3
3f7b3dc6
bf794011
3e463f68
bf54bf1b
3fa3bf32
bf684006
3fee401c
bf313fb3
40013f87
400ebf46
3f433f58
3f8dbf62
bf2c3f41
3fab3f68
3fcabe1e
402cbf6c
3fa83fe1
be94bed4
3f4ac5d8
3f9d3ff0
3fd94039
402fbe80
3e52bf4f
befa4030
4038bf80
3f2d3f96
bca8bea1
3fb53fbb
3ebc3f88
bf143f34
3f323eee
40273f5a
3f084011
3fc23f23
403dbefe
403abe2a
3fe53f1d
3f194027
3fc24035
3e254004
401bbf25
beccbf04
3e163ff3
3e9ebf78
bf804024
3f0b402e
3e183f72
3fef4012
3f82bf70
3f173f8c
bf3f402d
3fea4014
403e402e
3f2e3f41
3f92be13
3faa3f85
40233f23
3fbd3e9f
403f3f0e
3f4e3f86
3f8e3ef3
beb93ea9
3fbd3f38
403d3f33
3f093fbc
4015be32
45d83fec
3ff13fac
3e743f11
3feebe90
bf623e68
3f5bbf02
bf523fbd
40343fea
4008bf19
4035befa
3fb43ffe
3febbf36
bf13bf51
4036402d
3f373fe3
bf7c403f
3da84019
401a4014
be69bf28
3f5f400c
bf2f3e78
3f8d401b
40344017
3f74400d
beb53e3d
bf1d3feb
3f96bce2
3d7c3f1f
3f52401f
3f7b401a
3e64bdbf
bf544016
3fedbf62
3fc23f88
40383ef4
3fc8bf66
3fcc400f
bde5bf6a
4012be15
3fa04013
40293fb7
401bbdcc
be823e9b
401e3d9b
400945d8
bf20bf5f
be31bd07
befe3e9e
3fd9bf3d
bda33eff
3eb24037
3f824034
402c4013
bf053f5c
3edabde4
3fdebf0c
3f48bf26
3defbf25
401d403e
40063f87
3fa9be90
bed13d0d
3f70bf19
3f023fef
3fdd3fa2
401bbf31
40233ef8
3fce3fed
40063fc9
402dbe0b
4007bf54
3f27402f
bf673f96
3e293fbb
40253fd3
3fe43fa2
3d6c3f38
3d9fbe05
3f10be86
403d3fe3
be33bf46
3f173f63
bef9bd47
bf733f23
3fb23e2b
be273dcd
3fcebf13
3ffc3f91
40323f5a
bf774032
3fb03ffb
bf15bf0c
c5d8be44
bf0dbd05
40053ed6
3f4f3f25
3fc23fec
40043f05
3ffd3f81
40373eb6
403ebd58
3fc03f3a
3fa13f80
3f863fd1
3ff63f28
3f983f24
40163d89
3fadbf06
3f443f32
bf563fb3
401c402b
3f56bf04
3ff84028
3f86bf61
3e67403d
3fed3ff7
3f5a401d
3f4e3ffb
3f98be7d
401e3ff8
40043fa6
3f353e58
be6b3f99
3eb63fbe
402a3fa0
40054011
3f943fe0
3e54be09
be413fa2
bf093fde
be3d4037
3f2a3fe9
3e753f81
be86402a
3ef23fea
3d8e3fd4
be023fb4
3fb1be41
3ff93f9a
3f6c4012
4029402c
402845d8
3d2f3fc1
3fc63f26
3f89bec6
3eddbe72
4030bf7a
beb6be01
bf1c3f8d
40184017
3fca402a
bf4b400a
bcd4402a
3ee74026
be673f88
40333f33
bf373fcb
3fd0be88
3d9b4007
402f3f91
402c3f5c
3fa53fb1
401e3eda
be4e4036
40293fda
3f834007
4001bea0
bf493fae
3ebabd95
bf73bf25
bf583fec
40153ff6
3f28be0e
403cbf76
bebe3fa7
40374001
40204003
3f384011
bec0bf7f
bf13bf48
bf61bf30
4020be59
bd12401c
be0bbe42
bf0abf1d
bde93e34
40133f14
3f57402d
402cbeed
c5d83f78
3fb5be6b
bbd03fb6
3f783fec
402c3e3b
3f973db4
40093cab
bedabf3f
bf25be07
3f57403e
40013f23
3d673f45
bea4bf6a
3f0c3e1e
3fb2bf7c
40333fab
3ff7bf79
be853fb4
40333fe8
401c403d
3fa93ffc
3eccbe2e
be943f44
3fb2be81
3da73fda
3ef54030
3fb23f8a
bebe3d2f
3f293fd1
3ee13f8a
40213fd3
3f01be93
4018400a
403e4006
bdfabe9c
3f9bbed5
3f9c4012
bf61403e
3ecabe0b
3fc3be8d
3fdd4037
3fe93f0a
bf1f4015
3e21bebe
bf17401e
bf11401f
bf4c3f18
3fae402d
bf1b3fb3
3fde45d8
bf39beed
3f254016
3fd9be82
3faf3f35
401c3f8b
40273f6f
beee3f9c
be50400e
4000bf32
be80bee2
3fcdbc5b
3fc64024
3f524012
3f714025
3ff53f36
3f8a3db9
3ed33fc7
be4e4032
3f1c3f83
40233fc8
3dafbf01
3f853f82
3fa34018
3fb44008
3fd33fb2
3f243f88
3f123fc0
3f983f12
be29bf56
3f9e3fee
bea4bf0c
40304006
bf1f3f67
3fac3fbe
40113fd7
3f0fbf64
bf01be84
3f3f402b
3fc9bf5a
3c7c3f77
bee7402c
3ff34003
3f863fc6
3f2b4027
bf76403f
3fefbf51
3f813fc9
c5d8bf20
40344009
3f873fe1
3f9c3fc9
be063fac
bf7d4008
3edf3e58
40114034
bf1d403c
400abe4b
3f653ed2
400dbf78
bc013f16
3de83f8b
bf153fd8
be954025
3e25bf37
3fa63fb2
3d6ebf4e
40054008
40163f08
3fb04015
4014bf70
3f393ef4
3ffe4029
bf214012
3fcd3ff9
bf503f0a
3ffe3fda
3dd33f08
bf214035
3f9c3fcd
40353fdb
4030bf1f
3ee93f98
bf0dbd8e
4031400b
3fac400b
3de03e5e
3fa03f23
3faabeb8
40294021
3ef43fed
bf2a3f72
4020bf3d
3e0fbf73
3fda3f83
be203fcb
40203dcb
3fd845d8
3fb53f06
3cd14039
40243f1e
3eb53e84
3fdd3fd5
bed43fb1
3fb4401f
bf613fa7
bec23f97
3f3e400d
3f964007
bf783e46
3ec5bda5
bbe64008
bf6e402f
befc3f96
bf093e87
bf31be62
be9d401d
3ffc3fd4
3f33bf70
be6e403c
40133f10
3f1c3fba
3fbe402d
be893f2d
3f4b3d3b
3fe3bf5e
3fd73e43
3f2d403a
4015403f
4032bf09
3f313f8d
40133f29
bf7b3fb3
bddfbf33
3f3f3fa0
3ee3be54
3ea73d3b
3e813f86
3fd43ecf
3ee3bf5a
3e89401b
3faabdaf
40014025
3fdc403f
3fef4006
c5d83f96
3f25403c
bedcbec4
3f8dba87
3fb33fc5
bf03be58
be99401c
bf333fce
bc894016
bf2abe7b
3f7e4014
3fa13fa5
3f9fbf60
3f2c4002
3e9bbdbf
3fa94005
be38befc
3c3b3f39
40014004
401e3e0c
40093fb5
3f683e34
bf394033
3f054006
3f96bef9
40193fcf
40163fe1
3fb3bf5a
40184002
3e75be2f
400f4034
bf183fdd
40243fc5
bee73f43
4012bf54
be55401f
3ec84004
bbd54010
bf303dcd
4017be5e
3eb83f65
3f5e402b
bf54bf04
400e4015
3e733fa0
3ff93fc2
4005bf16
400bbea0
bf473f9f
3fec45d8
3f1abeb3
bf1c3da1
402abf06
40064037
bdaf400a
401c3faf
3fb34036
400bbf4d
bee04006
3f873fe9
bf02400a
3fa3be44
be874003
3e253fc4
3f6d3f48
3fe33ed2
3fb9beda
3f593eae
3f534009
3fc4bf66
3f5d4009
bec43f99
3eec403b
40204021
3ef5bf2e
3fdebe19
be16bf6f
3d324024
3fb03f52
3f993eac
3f733d02
3fba3fec
3f4dbf12
3f1bbdef
3f883e9e
bea74022
3e7f3f62
bf14401c
40403fe1
3f9e4003
3f23bf2c
bdd4402c
3e834039
3ff53fcf
3ffebf41
40133fcc
bf5c4018
c5d83fa4
401dbefb
3fa1403a
bd99bdcd
bdddbd27
40283fd2
40353fe2
3fbcbf10
40203ff5
403c4009
401a3f25
3f7abea3
3f2fbf66
3f363f45
beb14040
befa4013
4022bf77
be933f9d
bdf6bf30
3e21be21
40013fa1
3f0ebf54
40244005
3fbb3e49
40033eea
3f193fad
bf0d3f12
be2b3fb2
3e15be98
3fdc4023
3fe04017
bed63f69
3f71402a
3f4d3e89
bf1f3fd4
40243fea
3fe63f6b
400b3fed
40353fd6
3ebebe30
bf694039
3f6f3e32
3e27bf2c
3fa63fba
bf7c3fd7
3fd43f45
4008be12
3fd6402b
3f44bd91
bf3345d8
40194038
3f973fbd
40283fe8
40064030
4027bef5
bc403fd4
becc3d8c
40064028
bdb7bede
4019bf02
402c403a
3f1b3f53
3f92401a
3ff14034
3f033fff
bed34012
bf794007
3f23400a
3f9b4033
3fed3f58
3f9f3faf
3fcf3f87
bf464008
400bbf1f
402c4025
3ff73f90
402a3fc6
bea1403f
3f14beb0
40383fde
3fde402e
40283ed1
bf484000
40324018
3e09be6f
3d88bf59
3f31be0f
3fc9402b
3f813fef
3f83401a
3fbc401c
3dcd3fed
45d83ff5
400e3fdd
bf1e4000
3d1d3feb
4020403f
40213f3b
40383f99
3fbebf07
400c3f9a
bf6f3efa
3f3b3fb6
40353e7a
3e043ff8
40093e8a
3f5f401d
3f924034
be0d3eb9
3c64400d
401e3fb1
3fc63f82
3fd7be41
3e6d4003
3f2f4009
3e7c3f11
401cbed7
3fc93fda
bf1f3f96
bda04025
bccc3f56
4001bf4e
bf74bf23
3f883f79
3f7cbeb1
bd973f47
bc1d3f8f
3f0d3fca
bf37403d
40133e74
3fefbefa
40214032
40203fdb
3ec8bf00
40354028
3fd33f86
3f40403e
3f453f60
3fa3bf6c
3ffd3fbb
bf523e93
402ac5d8
3fab401a
402bbf2f
400c3e8f
3f803ece
3ffcbeb0
3d5a3e96
3fc43e20
3e4c4025
3f4e4031
bed73f89
beccb9fe
4011401d
3c903fa7
400a401c
3f9b3ec5
3fed401d
3f974011
40243f7f
3e52bf32
40203f3b
3ff63fb8
be8a400c
3f7f3f1b
4013bebf
bf433f5f
bf2e3f9b
400bbf6b
3fe23f99
3fa14022
bece400b
3fbf3ed4
3f2d402b
3fb5403c
3f3d3f84
bf66401d
3f71400e
3fc7401a
3f4b3f37
bf1e3f75
beb7bd8a
40303f74
bf4d3fd4
40193eab
3fa23fd5
4024bdad
4030bf01
3fc63cd9
45d8bf09
40084018
3cb4402f
402a3e81
4033bf7f
bf573e73
3f233f91
3fd6bf7a
3fb64013
bee43fb3
bf303f83
4004401c
bf08401e
3faf4035
bf69bf6b
be97401d
4005bf5b
3f9f3ffe
3ff33fa0
40173fb8
3ec33f1f
be84bdd8
3fdf3fca
3fab3f3d
bf70403f
403bbf1f
beadbf32
bf013fb0
3f983fdc
bf604034
403fbee7
3fb1bf74
be053f1c
3f154001
3f3abf29
40083ed6
4003bd11
40263f7b
bf783e32
4013becf
3e99be4f
3f9c3e08
3e9e401e
3f8c4020
4029bc52
3f9d3f97
3f043ede
3f77bf29
beab3fc0
3ec5c5d8
40313f45
bf323ea8
3fa34036
3f54bf3f
bf183f82
401cbf6e
3fbcbebd
3f75bf23
4023bf51
402c3f4b
3d9f4035
3fac3fec
3fb13f85
40143fba
bf443ff0
3fbe3fac
3ec3be8a
3f4a3ff5
bc873f27
3e874008
beb9bd1c
3f8ebd05
3ec6be4b
3e0c3f2c
3e7a403e
401b4028
3ffcbe45
3df74017
3f553f4d
40314030
be894037
bd0c3ffb
bf32403c
40073f0f
becf3fd0
3cfa3f4a
3f823ff8
400e4007
3f7b3f5d
3fee4024
3efd3fcf
3e84bec6
402b3ff7
3fabbf24
4033be65
bf59bf6a
3e76402f
45d8bf7c
402f3f72
3e323ffc
bf7ebe83
3f293f2d
3fb73fbe
3fcf3dec
40103ff7
402c3f9b
3e2a400e
3f253f4f
bf143f90
bf0e3f3a
3fce3ffa
3fff4015
40313f20
4005bd2c
4005bf7e
400f4020
bf5dbef3
bef53fb8
3fae3fa5
3fad3f8e
3fc7beb1
3fa04040
3f9f4005
3fb5bf5c
4008bef3
bf743fa0
403fbe9d
3f873fd4
3fc03fc1
be78bf0e
bf714008
40043eb4
3fd53f31
3fd93faf
3fdd3fc5
403e403b
403bbf17
bf593ecc
3f874026
bf1a3fb9
3f9f3fb1
3fb73fae
bf143fc0
4031bf42
3f04bd7d
40353e16
401ec5d8
403d3fd2
402e3c9f
3ffd4023
3ec4bdef
3f0dbdb8
3f803fb6
3ed6401a
3f733f33
4020bf01
40173fd4
403e4038
3f9b3fc8
4018bd83
3e4d3fa3
4029beeb
401cbf0e
40203f90
403f4013
3fa03f6a
bdc43fcc
be02bf57
be8c4031
4010be74
3f85bee2
beccbf1c
3f9dbeda
402c3f82
3dc93ed8
be923e50
40103feb
4006400f
3ffc402f
bf333f17
3ed8bd02
3f103f52
3eafbf32
4021401a
3ecd3f13
3fc64022
bf11bf07
40234040
3f283f4d
bd9bbd90
bf303df4
40023fac
3f83bf07
3f343fc8
45d83f96
3f98400c
3fa33e9f
40003ff1
bf353fba
3f9f3f83
bede3e2c
3b063f96
3fee3f48
3e323fc2
40274001
3f05becf
4030401a
3f5ebf13
bf604000
3e423faa
4002bf0f
3f843f18
3f234002
bf40beee
3f313ff3
bf2a3d82
bf0abe89
3f48402c
403c3fe2
3ebc3f83
403a3f35
3fb03e9d
3ff73e93
40183e9f
3f2b3e10
be80400c
3fec4020
3fcabe97
3f57bed1
bc2b4035
4036bf28
4013bf45
3edc3f81
be74be28
3f883fb1
3fe13e2e
be613f96
3fe8bf59
3fc9bdd8
3fe33f60
402a3fae
402e4014
3fc0bf46
bf3bc5d8
bf4fbf55
3e133e15
3f893f7f
4012bb9a
3f9e3f5e
3e8e3e93
3f47402e
3f2c3f5f
40383e94
4028be92
be42bf26
bf35401f
3f8e402d
401e3e33
403c4023
3ff23e28
3fde3ee2
3f8a400e
40323f8d
3fecbc1a
3f19402c
40243ceb
be823fd2
3dac3fd4
4024bda7
bf7d3ffd
3fd03fa8
40313f83
bf05bebd
4037befd
bf343eac
3ff03dca
4005400a
3f6b3ffc
3f3d400d
401c3fe5
3f444010
3e96bf00
bf083fcf
bddc400e
3ff0be67
3fbb4035
3fa74002
3e40be2b
beeabe9f
3fc1401e
bf1d4000
45d84008
3f963f16
be753fb1
3fd13ffd
3e953f8b
bf193fd1
40213e11
3f43bf68
4015bf5d
3e443f36
3e61bf4b
beedbeef
3f633fa9
3faa3fde
be1c3ef3
3fe2bf16
bf643f25
3e293e6c
402d3f74
3fa23dd0
3fbd401b
3eb64026
403f402d
3ff5401a
40174032
40213f23
40223e74
beca401d
3fb13f96
3f093f9c
40024012
bf254020
3dcc4006
3fb23ed5
bf60bf08
4028bf3c
40113f1f
400b3fcb
3f39bf4f
3f2abf73
3e5f3e5c
3f3d3e32
3f5a3f47
40204017
4024bf2b
40194023
40133f95
3f11403f
3f8d403c
3fddc5d8
3e1b4019
3f913f37
3f2f3ff3
3f563edb
3f8d402e
4034beb9
4007bf3b
3f92402f
bf06bea6
3f743ebb
3ffb3fc4
3debbefe
3e833f5d
4031be60
3fb24024
40363db5
3f99becf
3f384037
3dde3fb5
402b3f01
3f6a3a35
3fcb3f3b
bf034012
bf7e3f50
3fc04022
403fbe2b
3f93be29
3ffd3fb9
40173fd8
3f8dbd19
bdfe402c
3f9c3f84
bebc3fbd
40113fd4
3fa9bea5
3f51be61
3fedbd23
3f9c401a
3f7a3f23
40383f3e
4005bf33
3f32403d
bf0b3f80
3f9bbf31
bf2ebf59
3f903fb6
bf403ff5
45d83fe9
40383fdd
bed94027
3f96bf2c
3f9e3f1d
403f3f9d
bf0a3f0b
3ecebf79
400a3fcf
402cbf1d
403e4032
3f59403d
3ffd3ffe
3d8b403e
40143fd3
4023bec3
40223f45
400d3f03
40133f47
3ec03fd7
bf73bf75
bf3a3ff6
3f85400d
3fb8bd8c
4019beec
bce4bed9
3eca4040
befebf7a
bf59be3a
3fe0bea4
3fedbdbb
bf34bf04
3f73be2d
401f3ff1
3e123fc3
401b4019
400f3fa1
bf1bbf40
3fbdbeff
3ffa3fb3
3e2cbec2
3ed73fe2
bf56be36
3d663f30
be5645d8
3ee8bf58
3fc0bf19
40133f7c
40183fd7
bec33f8a
402ebef7
3fb6bf33
3f793eef
3e0fbd7b
3f863f34
3fa2401a
3f11be38
40014016
3f50bf44
40204033
402d3fb4
3d9d3fbe
3fe83e8e
3f43bf7a
400e3fda
3f7c3fe3
3f98be3d
3f0a3fae
401cbf5f
3d59bf4d
3f693fd5
40214025
3f423fef
40264014
3fc9bef0
40133e8e
3ebfbf7a
403d3f24
40063fe2
bf15401d
3fa1bf19
3f0ebede
4003400c
3fd84020
3ffd3fe2
3fb2bd58
40183e01
3f95400f
4028bf4b
3f8f3f75
3f523df3
3eb53f36
c5d83fb8
3f553f70
402abf4d
3f9f3ff9
be12bf03
3f8c4022
403d4021
40003fc6
400b4028
3f3b3fec
3e513fdb
403f3f88
3f9f401e
3f223fcb
3fb43fe7
bef7bed6
3ffc3fd3
400e3ebb
4023bf38
3e4e3f84
be543e95
4021403a
3ef23fae
40213f0a
beb73ff3
4002402c
3f48be34
403abe11
40404034
3f2d3dda
40033f81
40113f15
4008bf03
bedc3ff0
402d403c
3e95bdca
befd3f0c
be33bf79
401d3ec8
3f14bc3f
bf6c4029
3f97403a
bed43fb9
3f81bee5
3f03bc95
4017bf74
3f0f3fc3
3f8f4036
3f85be5c
bf5745d8
401f401e
40383fc7
3f65bf67
3fc8bec7
bf66401b
bf70be1a
bf773fd2
3d8c3fab
40293e00
bf4a3ffb
3e9e3fce
3fcfbf7d
bf35bf28
3ff13ff0
3fbd3e79
3f60bf76
3fdc3f60
3f524026
3ed4bf0d
4038bf65
bf754031
befb3e86
400e3f2b
3de03f97
beb43ef3
40333fc2
3ff93e89
403fbf13
bf4d403c
40213f00
bf19401a
3efc3f6c
3fb5bebd
3e323f21
402e4019
40053f18
403a3fff
4025402f
bd8e3fb8
3c1a403d
3ce53f79
bf44bf60
402c3f65
3f2f3fee
4020bf3d
3fcf4028
3fa73f79
c5d8bebf
3e0a4035
402dbf17
bf23402c
3fa7bf4f
bf733fa4
3e853f79
4031bf11
403a3e4a
4023bf43
40163feb
3f513fff
3fef3f5c
402e400a
3fb03fb3
be4a4026
bdca403b
3fe03f8f
bf183fe8
be49403d
3ee33f59
bbcfbf32
40364013
3fbd400e
403f401d
bf2c3fe0
bf114030
40403fc6
3fe64007
3fe33f1b
3f73400a
3fda3dc1
3fc43f88
3ffebe85
bf65bf70
3fa43f82
3eea3ff4
3fe83f95
be0bbee7
3dcf3f74
be1e3fca
3fa23f97
40033f8e
3f67bf21
3e7f4008
3f533dd8
3fd83ed1
3ea3be45
40384031
be7345d8
be783fc4
be1c402b
3f473f2f
400c401b
3f974015
3d253f27
3e1f4000
3fd0bf73
400b403b
bf393fb6
bf3a4001
beb43f1f
40143fe6
3fce403d
40153fe8
3ffc3fd4
3e323fea
3c394026
bf653ece
400e3edb
3ebe3f96
40083f49
3fc33fe1
40223fb7
be67400c
be613fa3
3df83f54
3f5d400f
bf243f1f
4032bcb0
bd97400b
400c3ff2
40203de0
bef93f93
beb33ead
bcbd3fd9
bf5d3fbf
40313fd6
bf33be58
bf2f3ee0
3d3d3eff
becd3f66
3fb1401c
bf743e69
bf46bf24
40313e3e
40104037
c5d8bf5c
40003fde
3fb23ef9
3f08bf79
bed53f2f
3df03f4b
3ee63e3c
3fc53ff6
3ffb3f3a
3d0bbe27
3fd43f38
3fd63fc8
4033400a
3f5b3fb2
be693fdf
be45400c
3f86be57
401e3f8d
3f633e36
4026be68
40333f90
bef8be05
4028bf1a
bec23ff5
3ffbbf37
40233f8e
3f804019
3f66bedb
40333ef1
4012402d
3e753f3b
3fe53fbe
3ff44008
3f00bf29
3fca3fef
3f1fbb54
bebc3f7f
3e77be71
402b3f87
3f7e4039
3fca3d8c
3f054010
3fa3400e
40153f61
400bbf4f
bf50401e
4030bf6a
40023f5a
bebb3f7e
3f9045d8
40233fe0
3fee3f45
bea64036
3f523fdb
bf353f0a
bebf4029
3fd43fdf
bf30bf1d
3f2c3f8c
3ef2bf52
3fc03f86
40203ff5
3fcc3f30
3eb64028
bf703f14
be563e47
3fb53f60
3ffc3fd5
3fbd3eba
3e75bf7f
3f4c4022
3f153fe7
3e6d3f4d
4019bdca
402abf35
3fbbbe2c
bf2e3f8b
3fb73f86
bf5d3ce2
3f713fc6
bf733fc4
bf063f92
40093fa4
3e1c3eac
40253ede
3e593f86
40163fea
bf24beb9
3fb53fe7
bd4a3e79
401dbd43
3fb94006
3f243eed
bea93f6b
40173f86
3f883fb3
3eb83fa4
c5d83fea
3ff73e3c
3fd73f41
4003bebb
bf5d4009
3ff03ff3
3f8c3f60
3f8a3f15
3fe04021
bef23fd4
be5c3ffb
3fe64002
3fbd3fef
40233f42
3fc13f91
3fa8401e
3f0e3f53
3f863d9c
40353f55
bf4e4013
3fa73da6
3ef34028
3f0c401a
3ef13ff3
be084004
bee43fae
be894018
4000bf7f
3e31be30
3fe83f01
3ffa3f5e
bf45403d
3f923f36
bf273efd
3fa53fa6
40033ff1
bf7abe52
beb14023
3fba4009
3c8e4027
3fb13f34
3eeb4000
3fd33fc9
403b3fba
401e4029
3d42bf7b
40163f76
3f2c3f74
3fde3f29
beae45d8
3fd4be26
beeebd14
40043e14
401e3f9a
4021bf7a
402c3f5d
3feb3f93
3d643f62
3fb5bf24
beef3fb4
3f2f3ebd
3f973fa1
3ff63f17
3f78bf16
3fd03db2
bf0a3fb2
3f453fcf
3fdf3fb8
3e154006
3f954006
40304014
3fbe3f5b
403e4029
3e1f400a
bf0a3fc9
3f4b3fcf
3f063f99
3f914016
3ecb3fdc
3f373f8e
403c3f93
40373f14
3ffabf78
bf4c3ea5
bd3fbf7a
3f333ce6
3fc2bf3f
3ff6be8e
3d413f19
402bbe8b
beadbf03
3fb5bc10
3f944000
3f83bf7c
bed73e33
3fb43f55
3f9e4001
c5d83f0d
bf133f99
3f3e403a
3f873f65
bead4005
3fdb4018
3e643f9e
bf5c4009
3ec83f76
400bbf59
3f663ef9
400a4039
bee73f5b
3ef13fa1
402b401b
3f5a3fcc
4023bf1f
40104034
3e4a4032
3fea403e
3ff33f12
3fba402f
402b3f95
3fecbed9
bf243fcd
3faebe12
3e67402d
3f8f401a
3f9d3f1d
bed2400b
3e97be84
3f8bbe4b
3fd74006
beb94037
3f7abf25
40343f3b
3fb83f07
3e3fbdae
403a3fc2
3f854009
3f543eb2
40313f1a
3eb3403f
40103ef0
3e8cc5d8
bf2b3ef4
4001be25
bf6c401d
bf79bcce
40013e32
3fc3400b
3f55be4e
4005bf4b
3de13f47
bea5bf3d
3fec3d9a
bf263fdd
402e3fb8
bf5c4027
3f9c3e16
3f924033
3f314029
3f74402e
bef93ffd
3ece3f80
bebf3df5
bf17bf51
bd73bf6a
3f5cbe24
4030bd75
3fc5401c
bea7400c
3fbf4017
3f75bf3b
bf164021
400e3fe4
be2b3fd3
3fc03fb1
401f3f51
40283fc9
400d3f19
bf19403f
3f843feb
3fcb3f87
40113eb2
3f8e3ef4
3fb8bf26
3fb2bf47
400d3f83
3fa93efa
3f9abd5d
40373faa
45d83fb9
bec74009
be77be03
bed33fb6
bf3c3c62
40343f98
3f5b3ee4
3ed7bf50
4004bf03
3fbb3dfb
3f253e3c
be4c3fb2
bf643f96
3ff5bf4a
400d3d11
3e3cbf4b
3f813f73
3cd24031
3fcc4035
4010400f
3f9d3f0d
3dcd3f8a
bee53ef9
3ea2bf01
3faa3f9d
bf153da6
bf623ff8
bf7c3d9b
40043e16
be0b3f04
400e401e
bd68400e
3f0fbf41
beb9bec9
3fb33f08
3f044006
3fd14030
bdb43fea
bd5a3f50
3ffa3f42
40304023
3fa83fb1
403f3fc3
3f1d400b
bf1a4002
40263fb1
401d3ea1
be99bf14
3f183f66
bf7dc5d8
4040be06
3f913ebb
401a3fee
3f7b3f9e
bf6e3f90
bda13cf3
3ef2bf20
bf49401f
402f3f4d
3fae3fbc
3fef3f20
3f163eed
bf763fb0
3f1b3fda
3eb6bf43
bf34bc98
bf4d400b
bf363f96
3ffb3f6b
bf3b4018
3f4d3f8c
3ef54031
3f9e403b
40043fa6
400d3f5c
3f783fe5
bf4cbeb4
bf133fb1
3fd04002
4011be95
3f923f72
4033403c
40153f9c
bf42bf71
3f244028
bebc3e84
4011bf6a
3f18400f
3f8d4015
3fa8400a
3fe0bf19
3fd3bf66
bf383f3f
3ee03f39
3f4c3fac
3e0c3ea5
40333fa2
45d83cf6
40073f28
4000bf27
3f59bf05
bc484008
bf063f18
bf213d3d
3ff53e0b
3f543fc1
3f7fbf43
40153ed0
403c403e
40333fa2
3f013e8c
40283f79
402a3d79
401e3e96
3fe5bef3
40093ef1
4004400f
3ddd3f21
3ffe3ffc
40204006
3f8cbd87
40223f4f
3dcd4021
3fccbf2a
3e87400d
3fe2bf05
3f913fb3
3f7d3f51
400e3fe4
3fca401f
4023403e
bf513f8d
402cbeac
bf023f77
3fe23fd7
3bd3403b
3fd63d5d
4032403d
3fa9bf7c
be49bf75
4008be8a
40323f99
40133fdb
bf6dbf1e
40183cb9
400a3f96
403bc5d8
3f91400a
bf6e3f15
3fe53fd2
3f084029
bf753fcd
3de0bf03
40173f09
400f3fd4
be973f34
402f3d9c
3fb03e56
3e544017
3f793f87
403e3fc8
beaf3fd8
3e5bbf34
3fa63f91
402cbf7d
3fe74007
40373fc4
3f633fb2
3fb5bef2
40313ec4
bf423ed0
bed43fa5
bf103ec2
3fd4401b
bf263f5d
bf44bf64
befc3fd9
beae3fc4
beb03ff3
bf4dbe76
be903f22
3fdd3fed
4010beae
40193f7b
3e223fca
bf724016
40053fca
bf19bf40
bf2dbf3c
3ffd4009
40063ff0
3fa7401d
3f864022
4035bcd7
45d83f94
4016401b
40033fb0
3efa3fab
3f5c3f5f
3fe3401a
3ffd3fa6
403ebf6e
bebd3f63
bd7c3fd8
bf6a3fd5
40394007
40033fbc
bf61bf1e
3ffd3e31
4031bdb5
400f3fa0
40213ee6
3ff73f81
3e6dbd98
3eb73ee9
3f003dbc
40393ed0
bee63fcb
3e943ded
3f8e4002
400a403e
40183f16
40194007
3fe33cba
bf7d3ff2
403dbf59
3e953ed8
4017be8b
bf68be4f
3e494014
be62bf24
bd184018
3ff53e61
40353ecb
bf3dbe48
4012bf19
3d993f3e
3fff4038
bf4fbeb4
becf3fea
3fd03f4c
bf41bf19
bead3fd6
3f2cc5d8
3fad3fda
bf14bdda
bdeebd6c
3f39402b
bf384011
400b3feb
40273f64
3fb93fa8
3f7c3fa8
3e314018
400f3eeb
3fd53f2c
3f403f1b
4037bf2d
4005bef3
3f883f13
bc984010
40304001
3e1d4021
3f0ebf61
bf4dbf6c
3fa13f42
40263f96
3c663fef
3ee83f3f
4021bf56
3f91403f
40254019
3f763e4f
bddd3fd7
402fbdbd
be17401e
3f783fd7
402dbf25
3f6c4008
3fea4017
3e75bf1c
bdcb4003
bf1c3f62
3f4c3fcc
400c4035
40153f9b
bf593fe6
3f8b3ff5
3fbe3f99
3f853fac
400e3e8c
45d83e95
3fc44014
be663fe6
40273f9e
3fb64003
bf163f1d
4025be1c
3f103fbf
bf503ffb
3fa93f7c
3e9fbf12
bf6c401d
3fa9bf1a
4039bd1d
3ff1bf80
3ed93e45
3f794031
3f03402f
3f764012
3faf3fd8
3eed403f
be893fd4
bf5c3fe5
bf323e4d
3f12402b
3f92bf38
3f433ea7
3f963ff4
bf3a3fbb
bde54004
3ee3bd62
3ec33f97
be763f30
3fe23f32
3feb3e79
be473fd6
bf294035
bf213f76
40063fda
3f9abe81
bf563e3c
bf6c3f05
3f7b3faa
400ebf1a
3f2b3fbb
bed13fbe
403a3ff6
403bbf0d
400cbf14
401ec5d8
3f374027
4011bf79
3f0fbf3d
3ed13faf
400b3f04
3ff64006
bf743fc0
3fbcbe9d
3eca3f9b
40274027
403d3f2d
40144033
be5b3eac
3f9e3fb2
401e3f3e
bebc4021
be1f4040
3f8d4001
bf083f87
3f983eaa
3fa5403b
3eef400b
3fda3d7c
be343e6e
3f754033
402d3f22
bf563f6a
3e53403c
bf093fa5
3fbd403e
3f1cbf11
40383fb7
3fa6bf53
3de34027
3fc4bef1
3fcdbe30
402e3fe0
bf703b67
3fa13e88
3f3e3ff9
3f51402c
bec53f31
3e48bf50
bf7d4022
3f8b4017
400b3f37
bee7401b
45d84009
403a3fd3
3f294028
40193fba
3fabbead
3f543f9e
3fac3fd8
3eaf4039
3f0d3ece
3ffe4032
3e9b4011
40333f58
40043ed0
402d3f46
bda8bf80
400e3f04
3fd04010
3fcf3fcf
be963ffb
3fff3f7c
3fd43db7
3f273f02
403e3ffe
bf493f17
3fe0403a
3e97402c
bf7c3f8e
bf01beab
3f82bf1f
3e9b3f7d
3e833f58
bf133f88
3fc93df2
bf4d3ff9
be62beb4
3f9e4021
3f453fe5
be604009
3deebe84
3fdc4018
400b3fc2
bf51befc
3f883fa6
bf00bd75
3ffcbf7b
403fbf62
3fa73d2f
40133fee
3e154019
3f5bc5d8
400a3f53
3ff83fbf
402dbe38
3fca3f0d
3fa63fa5
bf434014
3f3e3f8a
3f923e9d
403c4003
3fec3e80
402d3fd5
3fefbf6a
3f1a4040
40293fa6
bef33fa8
bee54023
4012beeb
3fc63d01
be69bf74
40163ffb
be8bbe6a
bccf3f8e
3f69bf4e
be7a3c96
402cbd03
3fb13ef8
be284026
3fd93fa9
3f203ff5
beee402e
3fce4015
40033e0b
40214026
3f3c3f8b
3ef6bf59
3f193e5c
40133fb3
bf0b3eb0
3fd43d45
3fdbbe6c
befe3fdc
3fb53f4d
c5d83f8f
3fabbf5f
4029be34
3f103fae
401a3fe9
be363fd2
3fe6403d
becc3fa2
3ff9402b
40353fde
402cbeec
3fa63f62
3e453f0b
402a3ee7
be6c3faf
3dc23e4d
3f873fb2
3fb33e46
3f564001
3e024029
40284019
3efdbf2c
40053e99
3fa43e41
40283f42
3db13ed3
400b3ff6
3ebd400e
40004021
3e0abf4c
3fd53fb0
3f163ff1
bc1c3fc8
becc3fd5
3fbdbe9b
3f4ebf13
403e4001
3ef4bf5d
3fa73ff2
40003f82
4018401c
3c88be12
3f7a4029
40043f80
bf03bef6
3cd8bee0
bea73fac
3f573f73
3f2f3f96
bf2f45d8
3ee93e30
bebb3f9c
bf454035
40273e06
4004402f
3f664039
3f8bbefd
3d8bbf64
3fd53f7c
bd90be3e
3fdf3f54
beac400e
3f863eb5
3cc93f89
3fda403b
bf193ffc
4015befb
3fce3ed0
3fa34005
3e6f3ee9
3f23bf1b
3ebe402f
3f71be3d
3f903e87
40154008
3f0f3fd6
bed73f9b
bf013ff2
3fc73f8f
3d8dbf27
3e9d401e
3f9a3f02
4023bf25
bf6fbed2
3f424025
3e993ea5
bf183f69
4038402a
3fea3fc5
3e423fc1
3fa9bf0c
3f95bf19
400e4021
3ff33f99
401fbf27
3fef3ff4
3f353f05
c5d8bde3
3f60402d
bf5b3f97
40233ea0
3f414029
3fac3f00
3f81bea4
3f8a3fb2
4018bef8
3f9bbea6
401e3ee8
3fc0bf45
be883df8
4017400e
3e75be6e
3fce3f24
400b4003
403f3fc1
3f603fc2
3f144037
3faf3f99
3dcb4033
bf793e5e
40183fcc
3e58bee0
bf0bbe1d
40243f42
3fa54018
403c3f40
bef2bf0a
3eb63ece
3f994040
3f55400b
be453f65
bf6dbe25
bf523fc8
4001bf6d
4009bede
3ea63fe3
40133fd4
3f43403b
bf0e3fcd
3fb93e97
3ff4400f
3f843f38
401c3f9f
400cbb4f
3fd1401d
403f3f3c
3fca45d8
3f00bef1
be9e4010
3fcc4004
be47bec3
3fcb4002
3f6c3fd3
3ec53fa7
3ffa3fe8
401e3f8a
bf63becc
beb3bf47
3eec4024
3ff8bf68
3f88bf23
3f24be8d
3f45bee2
3f77bee9
3fa34011
40103ff1
bf733f58
bf213fc9
bf7c400b
bea9bf58
40053ec9
4035be5e
becd403c
401f4037
3e69bf1b
3fa63e2f
3f873e10
bee14004
3f4a3fa7
bd643f91
40353f1e
403d3fa7
3fa43dd1
bf12bf46
3fb03f44
beea3f7e
4039bf04
40093d62
3ffd401f
3f62401c
3ea23ffd
3faf4035
3f963fc7
3ea0bf60
c5d84030
40093f8a
3f413fc1
40174011
402c3f5e
4026402b
3ff83fb9
3f41bf5a
bf17be49
bf1bbf2a
401e3fd8
40353e00
40014006
3e02bf6d
bdd8400f
401e4020
402e3ffb
be9c3f7e
402a3faa
40194014
403a3ff6
3dacbf79
400c400c
40293f97
3f7ebf6d
400d3fc2
3f163f71
40144007
bf1d3f94
3e3a3f40
3ee23f6d
3f273f21
3f7b3f0e
bf18bf6d
3ffb3fe5
beec402b
bf153f4f
40133e8f
3fe13eb9
bcab3f74
403abe3e
bee23eb1
3f934037
bf2e3fc5
bf3fbeb5
3f9f401b
3f324002
3f783f69
3dd73fd8
400245d8
40063fdf
3f104018
3fc33fe0
4023bf51
401b4032
3e64bf53
bf5a3fc6
bf1e4018
3f4a3fbf
be7c3f15
3fe8402f
bf54be2c
3efcbf59
40283fe2
40293d66
bede3f95
3ecd403f
bf43be8a
bd14401c
3fe2bf50
3fb43e0a
3ff6bdef
401d3d57
3fe83fdd
3fec3f1a
3fb1401e
401b3c8b
3f26bf3c
3e883f85
3fc4bf05
bd6b4033
3fa84006
3d84bedb
3edd3fac
3f5e3f16
be983ff6
bf25be0d
bd673fe2
3f8c4001
3fd23f70
bf764019
be754010
3fd84004
40113e03
3ffd401c
3e873fb1
3ff43f67
c5d84017
3e904036
3dedbf72
3f86401c
3ff33f8d
4022401c
3f8e3fac
3f094037
4021be41
bed83fe1
bf48bf03
bf1a3ec7
40043fe4
400f3f66
400b3fc3
3f9c403d
401b3fb7
3fa03f10
3ef6bf56
3e913fdb
3e693ffd
3f7b3f76
3ff73fcb
3ff33fcc
3ffbbf68
402a3f6a
bf3abf5a
3fbf403e
3ec73e6c
3e7b3e59
3f713f93
bf543f89
3e53bea8
3f883fa4
400a4038
4012bed6
3e723fca
beab4028
be9b3ede
3e963da1
bf0c3fa5
3fa7bf6b
3f043fcf
40124039
3e45bf21
bf4b4034
3f823fe6
3fcc3fe4
40193fb5
400b45d8
bc55bf62
4036bf56
40183f9c
3ea9bf6e
3dc1bece
3f613fa7
403a400c
3efb4039
bf6f4028
be513e70
3f863f0d
3f064036
40273e5b
3ff5bf20
401e3f14
3f833f56
bef14010
40133b06
bde63f16
3fe1403b
be8f3fc3
400c3fea
3fcf400f
3ec23fd1
402cbd76
3ef2400e
3fdf3f23
be713eb8
3f7e3ed2
40254001
40123f9e
3f9e3fdc
bf3abeae
3f433f59
be9f400d
401b3fa4
beb83ff6
401abeb9
402e4011
bea33f97
40133f70
3fa13fa6
3e3bbf38
40283fb2
3fe93f56
bdbb3f72
3feb4002
c5d83f9d
bf573f00
bec2bf7b
402c4006
3fe34039
3fd93f9c
bf754004
4006bf36
3f513fc4
3e9b3fdc
402cbf3c
40103ee2
bf6e3fdb
3ff43fd4
be414019
3f9e3ffd
3fdd3f25
3f4d3d39
be863fed
bf323fbd
bf0dbf4a
3fb23f7d
3fe84010
3fdd3f63
3fcf3fa1
40093fea
bf1e400e
3f5c3edf
bf733f9a
bf2cbe10
4006bea8
3ff1402d
40283d09
40023fa4
be973f31
3f06bf75
bf1bbf73
bea23fbe
40263f86
3e933fdf
40343eb2
3fff3fd4
bf543fca
3fc13f0c
40363d98
402cbea3
3f5d4001
3e533de0
402d4030
3ffc45d8
3fe4beb7
40253fa9
3ffc4003
becf3f38
40353f9e
3f7e3ec7
401cbf7d
3eac3fbc
bf60bf6f
3fe43da3
4038bf56
3f09bdf2
403a3e50
3fcd4012
40053f90
4033bf4b
3fcf3f97
3f8b3fc0
3ef93fa9
befb3f61
3f503df8
4015400a
4015bece
3f104037
3f83403d
3fd5bf06
3ef0bd22
402c3ea3
bf4e4024
beba4033
be89bef2
beb14032
3ff1401e
3e753f82
3f78402f
3ff53ff5
4032be10
3fc63fd4
3f5e3fd3
bf4c3fb5
40353fa7
3f9e4001
402e4011
3fa53f91
3d5a4017
40153fda
3f803e60
c5d83eee
bf2e3ff6
3fff3e51
3fdebf31
3fa83f28
bdc83fd6
3fae403e
3fbe4000
3f67bf40
3e414028
3fb33f67
be6c3fa7
3fea3e32
4001403d
40183fe4
3ee5400a
bd7f3d3a
3f373fd3
3f8c4039
3fea3fe8
3fc83f7d
bf6fbf7e
3ff4400c
3f21bea7
40133eb0
3e85beb6
bf7fbec8
40233eee
beb8be83
3fda3f8c
beb03f31
401e403e
3ff2bed8
3faa4009
bde5403f
3fb2be80
40363fdf
3f854008
3eeabf49
bea34031
4030bf5a
3fd93ef0
be633ff4
3ed13ff7
3ec0c5d8
3fe53f9e
3f30bf61
3fa23faa
3f004040
3e9ebd43
be2ebf7a
400a3fcb
3ed33f94
3fe64017
3fe04008
400d402d
3fe43fa9
bed0bf44
3d17bf24
bf58bed6
3e7cbeda
40174040
40073f8c
40204020
3fa2400e
40013f66
3e1d3f21
bf064024
3f993ffe
3e273dde
3f7bbed9
be953f77
3fe5bf5f
bf3d400a
3ed9401a
3feb4007
4019402d
3f91bf2c
3f7d3e49
bed8be45
3ec14035
3ee1beef
4006befd
3fb43f74
beeb4023
3fe53e01
3fb3beba
3d143fad
4035bf50
3fe93f9c
bf453efa
bf473f86
45d84004
4025bf1f
3f8cbe63
3fdcbe4f
bcff3faa
3fea403b
3fe84012
3e9d3f34
be04bf61
bf104034
402c3fed
3ebd4022
3f42403b
3ffbbd5d
40153f67
bf3a3fbd
40333fc4
3f8f4021
3f30bf12
3fa8bf59
3f943fbe
3ee53f54
3ff0bdce
3f0a3f8d
bf7fbe84
bf4b401b
3fd04014
bf0b3fda
3f233ef3
3fcdbe9d
3f9c4020
3f5dbf31
3f094011
bf00bf04
3fd5bf65
402a4007
bf6f401b
3f223e07
bf7cbe6d
3f29bf46
3ed2bf55
3e1e3fe2
401b3ed1
3f173fe3
403fbea8
bf6b3f8a
3ffcbf52
3fff3e29
bf604033
3f90c5d8
3f98403b
400e400d
400a3f68
bd0b3f1e
40123fe1
becbbf5f
3fce3f58
3e8b3f85
3f1c3f2d
4037be5e
bf17be37
3eefbe67
3f1a3fe1
3fa73edb
3e9c3fad
bd893f8d
3f863e93
be6d4036
3d2e3f48
3e913e6e
bd0f3ea5
3ee0400c
3ec43de1
3f863feb
be123f17
3fe23f62
403ebf62
3f4c3f98
beff3fc2
3ff93f8a
40094000
3ec24024
3f883fca
bf084022
3fcd3eaf
3f64bf16
bec63f38
3fcc3e95
3efdbf43
3da63ef0
bdfd4011
3fbf3e8d
3feabf47
4021403f
3fb8bd29
bf4f3fe6
4005400a
45d84028
4038be61
3f7a3eac
3ef43f98
3e083e63
3eec403d
403cbf00
3f9bbefd
3ebb4031
3ff3bedb
40323fb1
3c523ff0
bd8b4002
40254017
4027bddd
3fe7401a
3eedbf1f
bf5e3f6c
3daf4005
bf734022
3f85400b
3fc5402b
3f124017
bee23f77
bf263f6a
3e0c3ec8
be2e3eeb
4019bf4d
3f563fcb
3fc33ffa
be42beb1
401c4031
3f774009
4012bcc4
3fc6400f
403a3f7d
3f8e3f4b
3ebc4015
bf7bbefa
3fa94014
40283f57
402f402f
3f99bf49
3f613f8b
3eadbeec
bf1abf68
3ffb4033
bf6bbdcb
3de73fe8
3fb7c5d8
40333e8a
3e5dbd0e
bf173e34
40173dfe
3f87402d
40233f46
bf01bf01
3fac3fe0
3f32bf39
3fe5402b
3ffc400b
3f004006
3ff0402e
403f3fba
bdba3ec8
3f084010
3f5b3f8e
4000bf02
be204037
3fbe3c45
3f9dbf1b
3fb1bf16
3f993f90
40104022
40363f17
bf073fd1
3eca3fff
3ff5401b
4008401f
3fcd3f9c
3fe3402d
bdab3f1e
40023fb9
3facbef5
3f2ebe8c
3f2e3f51
3fd44014
bf613f08
3ca1beb2
40283fa9
3e873f73
3f83401d
3dce3fa3
3fcfbed2
401fbea3
bf504029
3f133fdf
45d83fd4
4035401a
bf433f85
bdba3f22
400cbefa
3f53403f
3fb8400d
3f47bf03
3fb63fe9
40143eed
40063f4a
40083ec2
3e013ed8
bf494006
be723fd9
3f603f78
3fc4403e
3e08bf42
402a3faa
3f68bf07
bee3be8d
bf023f12
bf43bf39
3fdebf32
bee83fa8
3e493fa2
40073fd1
bf2e3ec3
beb63f9c
bdce3f8e
40243f04
bf58401a
401d403b
3fb73f73
3f804007
40304008
3f1c3f7e
4025400e
bf2b403e
40123f27
3f83bd05
3f1d3fd4
bef1402a
3fef4022
3efa4027
3fb7400f
4028bdaa
3fb2bec7
3f9c4009
3e83c5d8
bf29bf2c
40374007
3f54400b
3ef2bf29
3fb63f5f
403f3f76
3fa8bf25
3ed94022
bf104016
bf7cbf46
3f18403c
40084007
3fd24006
bed63eba
beb44010
401f400c
bd9f4025
3f593f6f
beac401a
3f91403d
be864030
3e473f3c
3eafbf1b
40313f3a
3fe1bf49
3fe8bf27
4000bf19
bf634016
3fbe3faa
3f973f81
3f7dbc03
3e6abeda
3f133f66
3fb94004
3cc44004
3f6b3fa6
3fb03f01
4037be88
bf603f84
40124003
bf15bf0b
3fb33d61
3f1e403f
40274028
40133f67
402d3fe2
bf26402b
45d8bf13
40293ffd
be743fa1
3fe0bf74
3ef8be1f
3f283f85
3fb74005
40393ed3
bf443f08
be8f3f9e
402a3fbf
40013f58
bf07bee0
3d8bbf1d
be34401e
bf6cbee8
3f1c403f
3f44401f
40373eca
40253e5a
beb53ebb
40323f18
3f013cb2
3fef4040
3ff3bc8a
3f2f3f6a
3f34401b
3f63bf70
3f1f3f92
3fed4025
3f4e3fb5
4018401b
3fba402f
403e3f0a
bf513f6c
4010be06
3ebb3faa
3fa9bdd8
3f674001
4038bf51
3f153fa2
bf5d3f8f
3fd1bf74
bd983f10
3fc53f93
3eb44008
bdc33fdb
3fab3fcd
40094028
3fe5c5d8
bf4f401a
3ec43f51
40354036
be7a400e
3faa3f4b
3fbdbf46
3f46402d
3f6c3fab
400e3f88
400d3e1a
3e2a402b
bee63c19
3f924038
3faf3fc4
3fa63fa9
4025bf7c
402a3f26
40214025
3f893fdd
bf5c3ed2
3f19bea4
befbbf05
3fb94006
4020bea6
bb93403c
3f893f96
bf5d3fe5
bf27bf2d
4026400b
4031bf3e
403e3e5a
bf6b3f15
40294006
bc34bf3c
403e4032
3e733f6f
3fc74038
3ea73da1
40033f13
403cbf4a
3ef24016
3fc1bf29
3fcebf2f
3f6d3fe0
40174019
3fd5bf57
bf3f3f7d
45d8403f
3ffebf02
beb24005
401cbda7
bf693ffb
3f6bbeee
bf46402b
bf5dbe37
3f5fbf54
bdbc4002
3f9e3f2a
be6b4003
be183f6f
bf49bf62
3e0c3ee7
40063fa7
40223fd6
3f7d3fcf
3f87bf3d
3ed4bcea
40003fc3
40013efa
40173f08
40234002
bf703ebb
40074014
3f953b8b
3f1d3efa
3dccbd9b
3f013e01
40243f12
40034035
3fa84027
be6f3fd5
3f463fc8
400d402a
bdcabf38
3e484027
3fc4bc7b
40313f1c
3fe64007
bf3abf55
40213edb
3f944032
402045d8
3fbcbd7a
3f933e3d
bf324014
400a403c
3f744011
3f2c3ef7
400f3f4f
40153fbb
3f743fbf
3f30bf0d
3cef3f2d
bf643f3e
3f273f5f
400c402b
bf52be21
3f38bf51
3d8c3f77
40043fa3
3f17bf23
40143efd
3ff43eba
be903c75
3ee94010
be0d4003
3f9bbf67
be47be89
3f9fbf4d
3e11bf0a
400e3f1e
3fb94016
3fa63fcf
3f3bbef1
3ede3f17
be273fb0
3fbb3d25
be4c400c
3ef1bf6e
3e9b3f84
400d4006
3ff73fa7
3f04bf22
3fd04029
3f1e402a
3f0d402d
bf72be0b
40113f36
bf703fbb
c5d83f2e
3feb3f6f
3f443e1c
3ffb403e
3f5fbd8f
40243fe9
3ef2402f
3fbebecd
3f9a3f7b
3fc8bf18
bcafbd48
4033bf73
beaa403a
40093f02
3ff0bf68
3fad3fbc
3fc84004
3fd93f86
40263fcb
3f47beb7
bf1ebf2f
3e554010
40383fbc
3f8b4013
401c3f5e
3fd53fb5
3fbd4024
4008bdf4
40253f1a
3e954023
3eba4029
bf714028
bf453e6e
3f5f3fbe
3e8f3ffb
bf2e402e
be3f3fc4
3d663f46
3e043f59
402f4011
403b3e54
3fa93f54
401e3ff4
bec13fd7
3ee5bf00
403e4018
403cbeff
3fb73f2c
401b4028
3fa845d8
3ff4bed3
3ef13ff7
4004beb5
be843f79
be8e3db5
3fe8bf51
400e400b
3fd74007
403cbf48
3f893f5c
bf053fe4
40183f4c
40123fda
3eb03eb5
bf713fbc
403a4016
bf0f402c
3fbbbf7e
beb13f97
3fe83fc8
40373f46
3f1abf32
401c4004
3f40bf2c
401c3f18
bf303f3c
3ed53fcc
3f4e400e
bf4f4035
3f8f3fee
3f13be8e
3f8a4039
3fd1bf1c
3e27401e
3f633de5
40163f99
3f2a3c91
3f0f3f7e
40323fcb
3f044012
4034bf24
3fef4001
3fedbf3f
3f41403d
bf433ec3
3ee44018
40083f69
c5d83f93
bf7a402d
4029400b
4015402d
3f8ebf4d
401e3fee
401dbcc7
403f400c
3ffa3fe7
bdb73ee4
3fe8402c
3ff0402a
40123e39
3fb63faf
3f413fd3
403e403b
3f323ffd
3f7bbf09
3f60beb0
3f333f66
3d8e3fd6
bef83fa4
3fa2bd5b
bd2d3ff4
3ddf3e9c
3fed3fca
3ef04016
bf4b3f58
3fee3e9a
3f70bc2f
402cbf2a
403b4014
3fc43fce
40334031
3ec13f1f
3fcc3f8b
4027bdfd
3ece3fcb
3f833fe2
3fc63f92
4020bf80
3fc63ffe
3f96bf61
400c3fe1
3fb73fc6
bd85be6e
3f88bf14
bf12bf80
3fe93e33
bf7c45d8
4010bd71
3f4d4031
bf7a3fe1
3f214006
3fd44038
40334026
bf4c4002
40093f4b
3f5d4008
bcb3bdfa
3e753ee6
4036bf4c
3f663fca
be894002
3f9b3fdd
3f293f9a
40153fe1
3f863f27
40213faa
40043f9e
bf4e3eb0
403c3fad
bf35bee4
3fb53f86
bf643e23
3dbb4026
401fbe90
3fc3bf4b
3fa33f1c
3f434040
3f39bf17
3fb74026
bf36402f
3f783f2b
3fc8bf32
40023fcf
bef83edf
3f3c3fea
3fb23fce
3ea73f3b
3ff23f32
bf133e25
3ec73fd7
3fa84007
3f3ebdac
40393b02
bf7d4024
c5d83f9a
40033ea2
401f3f82
3ed4403e
bf244038
be04402f
bea5bedc
beb43f81
403b3f61
3f704001
3ff43f57
3ea74029
be4abe1b
3f163fad
3f50402d
bf06402a
3fa43f93
bdae3ea5
bf134014
3f7d3f5e
3e623fcf
3d9d4007
3f813ee4
3f1a3e8a
3fa74033
3f463f5b
3d9d400d
3f9f3fe0
3fb83fac
40043dd6
3f2e4014
bf30bf5d
3b3d4034
bf693f4a
3f83bf58
bf493ffa
3f9d3d8f
3fa2bf0f
400b3f9f
40103e94
bece3f13
402c3df1
bf0d4020
3ff6bf71
3f073f20
3ef43f71
3f884038
3f984004
3f763f98
3de745d8
bf7e3f23
3fac401a
bef7bec1
3f463ef9
bdf2403b
bdfebf0c
40393f1e
3fe83fad
bd67bf33
40203e43
bf153fb8
40403f86
3d95bd8a
3ed0bf1d
40374028
403e4023
3f563d55
3fc33fc1
3ecf3fc2
3e933f18
3f09be74
3e19402f
401b3ec8
be0c4034
beda4038
400a4037
402cbed3
3e893ff1
bf064011
3f7f4009
3e65403f
3f373fcb
bf673fc5
3e953f7c
be6f4003
3fb53fed
be3bbe6c
400f3fb9
bf5c4017
3f424039
3f823f2a
40054022
3f694032
3f6fbf19
402bbf3c
3d714023
3f3d3f2b
c5d83fdc
bf4a403b
be023ffb
3fb23fd0
40143f9e
3fedbf62
40313f0d
3dab3f79
be96beca
bf6a3fd0
3fef3fbc
402a4038
3f0b3fc2
402a3f24
bf2e4011
3f5fbf53
3edd3fc3
3f134017
3e923fe9
bf1cbe97
bed4be8f
3e84bbdb
4017be97
40264016
bf253fe7
be3bbeb1
3fa5beea
3ee14038
bea4bde9
be02bf18
3d65bf12
4025403f
3ff33fb7
3f5bbf3d
be4d3e39
3f904036
3fb6be8c
3f9a3da0
4028bf7c
4034bf24
402a401f
40374008
3fad3fbc
3f9dbed3
bf784023
3fb83fd5
bf053f7f
3ef0bdff
3e623f2b
3f7245d8
3d4e3ffa
3fb14033
3efc402c
bf694006
3fc03e9f
becabce1
3fe63f57
3f7b3fcc
3fb8403a
4027bc58
40214038
bf063ef9
3fcc3d3d
400f3fa5
3fbb3f65
3ff43fae
3ff33fd5
3bb44032
3f583f97
3f40bedf
bf533fb7
bf7e3fa7
bf4e3e76
be8b3ee5
3e27be6b
3e963f1d
3f813f50
3fa8be30
3fef3faf
3d203fda
3f7ebf02
be4e402d
3fd93f7d
40193f06
3fd6bf1c
40173ffc
402c403c
3ea54027
bf074025
3ea3bd4e
3fbf3fc2
403c3fe1
4039bf64
3f05400c
3f2b3fa8
bf553fab
bf5e3fe8
c5d83f37
3e9e4040
3f6e4013
40093fe9
402b3fd2
3f5fbf2f
3fcd4030
3f853f32
3f673dd1
3f4b3f44
be5f400f
400fbf4c
3f133fe7
3fcf3e33
3fcbbeec
40133ff0
bc8c3f89
40093e8d
3ff94010
3e253f77
40273e82
3fde3fae
40384014
3f463f90
bc3ebf2f
3fa44007
bf384008
bf6d3df1
3ffdbd19
3f683f9e
3f564016
40303f8c
3fcb401c
3fc9beab
40003f33
be9e4029
40373ea7
bf3bbf69
be6b4020
3f76bd90
3d334024
3f193f28
bf103ff4
3f763fd7
3fa33e11
3ff33fb2
3ea13fdd
40314025
3f833e90
401045d8
40324008
3e963fd3
3df33f4c
3fcb4027
bef74038
3e863fb0
3f8cbf77
3f0b3f8b
3f9e3fbe
3fe4beea
bf0d401e
3fc33ef0
bf58401d
3ddfbec5
3e7abef3
40114037
403fbf59
bf1c3e7c
bea34018
be7c3f21
3f2c4027
40313fc7
3f1a3faf
3fa5402e
bdb94009
bede401a
bf773ff6
3f6b3f2b
3de63e31
3fd4beea
40123ffd
3f7abe20
bf763f9f
3fb04031
bf18beb4
3fcd402c
4029bf1b
3e65bf6a
bf794035
3fd53fd3
3ee73f9d
bf6d3f1a
45d84040
3f9d3ff9
3fcebedc
402ebebd
bf693f81
bebc4031
3f9a3e40
bf72400e
3ea6be8c
40003ff9
401b4027
3f2c3f22
401f3bc0
3ff4bf0b
3eca4014
bf353f74
3fd63fb5
40043fbd
bf19401b
bf193fc8
40003fa9
be6c3faa
3feb4031
403c3fca
402a3fd7
bf633fc2
3fc13fac
bf0cbf71
bf113f85
bef54005
403e3f5e
400abf66
3f3a3f74
bf5c3fa8
3d33bf37
3ef64037
3fd6402d
be1a3fb9
bf333f01
3f98401f
40023f91
3eff3f90
be74bef7
3ec63f26
3fa23edc
4027402e
3fdc402b
3e2abc05
3e823fbd
be3bc5d8
40213ef1
3f2fbf1e
3f703fab
3facbf43
3fd03f6a
bf803f80
be8b3ed9
402bbd91
4010bf73
3f0f3fe5
3fd4bf69
3fd83ee0
40363ffa
bf794030
403dbf78
3b9b3fc2
40373f47
3f863f5c
3ff8bf42
3d8cbf61
3fec4037
3f9e3fc9
bf1ebec2
3d643fc3
3ef94038
3fe4bf6b
bf2b4024
40283fc2
40343f86
bf353e28
bf31bf7e
3f113e11
3ff4bf58
bf423fad
3f184014
3fa63fe8
3e913f7c
40373ff1
3f983fd5
3fa03ecf
3f014023
3e9d3fd2
3f4c3ff6
3fa6bea7
3ea0bee5
bf3ebbd1
bedf403d
45d83ffb
40283fd0
bf67bead
bf4abe91
3ea73efa
3fd23ecc
40213f48
3ff4403c
403c4008
400e4019
4024bf0b
3f653f0c
3fd63f77
3f804005
3fef3f79
3dca3f85
3ea0bf06
3e003fd5
3f0b4037
3e98402a
be113eba
3f233fa1
bf724040
401d3fb7
bf20403e
3fea402a
beaa3e79
3f504017
3fe2bf75
3f883fc3
3f1f403b
40003fec
4010becc
bf173fd4
4024bef5
40323f2e
bdfb401a
400f402d
40074024
bf393ef9
be273f91
3f914039
40064028
3d6b3f1f
3f25beaa
3fb13f17
402cbf76
3fc34003
3dc8bd9f
3f8bc5d8
3fdf4019
40114010
3ebc3f65
3f8d3fdf
3fac3f09
40173e32
400b4007
3f02be37
3f853fd4
bf0e3ec6
3fc44002
3f3c4009
400fbf3c
40133fec
bc153f1b
bf063e80
3f10be74
3ffd3ff3
40074010
3f0d3fb5
40243f72
bdb63ffa
40083e0c
402abdca
3f02bf5e
401b4032
402d3fd1
bf6c3ef4
bf544004
4032403b
4024bf31
3fd6bda0
3f5e3fc1
bf5a402d
3f903fd5
401c3fb4
bec44022
3efabf64
beb03ee0
400ebe3f
3fb63e4f
40093e9a
3f043fda
bf5c3ebb
bf013e7f
3fdc4005
3feb3fbd
45d8be1a
bd553f9d
400d3fe3
3e433edb
bf764009
40273e27
3e964032
3e9b4033
3ee6400f
4008403e
3d764025
3f9bbd85
3f423f3f
4011bed3
bd143fd6
3edabd4f
bf5c4010
40113f9a
3dd53f9d
3fa83f2f
bf0a3fb3
bd6e4017
402ebf55
40363e38
bf28400b
bf493f58
bee03fad
40264013
4015beac
bf6c3d6c
bf293ffc
bbd9bf2b
bef5402a
3fbdbe8c
bf193f35
3e643f76
be59bf74
be833f93
bedfbf63
3e894013
3f223fe5
3f303fce
be733e93
4001bf6c
beeabee8
4023bf4d
4010400b
bef8be76
40243e79
4022c5d8
3f86bf79
be1f3e90
400c4037
be2a3e72
3f973ee5
3d90be4a
40083fba
3f033e0b
402e3f04
beda403f
be5d402a
3f8e3e8d
3d893fc2
3ed83f93
4005be40
bf563f57
40053e51
400e3f39
3ff23d02
3f623fc3
bf7d3da1
bf50bf07
3fae3f20
4026bf14
3fb43ef6
3f57bf45
3fb13d40
3ecd3f2d
3fc9bec5
3e793faf
3d4d4007
4024be51
3ffcbf1b
3f963e73
40113fcb
bf65403f
3d793f46
3f27be43
bf5b4008
3f833fa5
4016bef1
401bbed4
3fdbbf38
3f774025
3fa64004
bf723fca
402a403c
45d8bf6f
3fbc3f85
bdd83dd9
be8abf7d
3f7e3f6d
3eb53f13
3ff6401d
bd444027
3ff53ffc
4018bf1e
3f044026
3f423fe9
3f663f17
bf514009
bf134012
40203f9e
40253f29
3e1ebf51
3f463fdb
3ecf3fec
3e393e9b
3fe3bda2
bc8abf73
bebfbf34
be84bcea
3d6d4027
bcbcbd33
4016400e
3fcf4022
40153e84
3f90401e
3fec3f53
40353fdc
3f263f7a
3f48401e
3db0bf71
3f653f29
40393e35
3eea3ebe
3fd23f95
3eb13fc7
3f863e2f
3fc2bf77
3fe0bdc4
3ea23f29
3ff7402b
3fa2bde5
3f924023
3fd03fe7
bea8c5d8
bf72bf47
3f2a402c
3f123f68
bebe3f8d
401abe2b
bf29bd2b
bee73f2a
40223e26
3f073f1b
3f3b3f81
3fea3f28
bf52be74
bf4bbe15
bdc13ba2
40203fc8
4019bf76
40393ecc
3f2fbf7d
bebb3f97
3f0e3fbf
be323f33
3ff7beab
3fd23f82
3f203e2f
4011bcfd
3fd6400f
3fb53da6
bf0b3fdd
3fdc3f20
3fd24027
3f4e3ff5
3f35bdef
40163f39
3edb3f34
3ff44013
402fbf67
402e3e9c
40063edd
401f4005
bf21be72
3f8d3e8c
3d3a3f6f
bf043f45
402bbdb2
3fd8bf33
3f34becd
3e963f8f
45d83f67
40013fba
bf223fe7
3f9d400d
401abf18
3fda3ea0
40264030
3fc7bf6a
3f053e10
401cbf6b
403f3fd5
3bde3fd9
bf21bf1e
401e3ff6
3fe03f00
4025bf43
beef3fd3
40294014
3f154015
3e5b3f6a
3df7beab
bf223f1e
bf724035
3fbf402d
3fff3fa0
3fb43e82
3e1b403c
3fffbc6a
403b3f8f
bf153e23
40204012
402c3f6c
3faa3f87
3f814004
bf7e3fca
3d753fa4
3f18be45
bec83f2a
3eb64007
bf01bf72
3f9fbf62
3f40bf2a
3f5c3fa7
be033f8c
40364018
402a3e9d
bda23f07
3f8abf20
3e143d98
3fc5c5d8
bdfabe24
40283fbd
3f3a3e91
3f2f4036
3f20bf7d
be223efe
3ff03f11
3fbe3ec9
3f143ff5
bcb43b2f
3f873e54
3fa3bf53
4036bf0a
3f913f6e
bf394029
3f7bbea1
3f0b3f33
3f893fd7
40103f89
3f0e4008
4000bf0a
3f79400f
3dbf3fce
3e49403a
3fe13fde
3ff6401e
3f313e02
3fc83fa9
4030401b
3f0abf3b
bf473f94
3f40bea4
bf124027
3eed4034
3f7f3f4c
bf08bea0
beb93f62
bedbbd4f
40133fe4
3fad4023
3ec8400e
bec7bf19
401e4031
3fe7400b
3dfb4004
be854009
bf6c3f47
45d83f40
3f32bee9
3edb403a
bf7cbf45
40373f34
4014401d
40143e41
bec04031
40194025
3f853fec
3fbb402a
bed1bf6e
4006bd10
3f59403d
40033fde
3fc8bf43
3fed3fa0
be27bf07
4030bea5
3e50bc23
be893fde
3f983f6d
3ff0bf4b
bf6c3f0f
bf144002
3ff43e0b
3f113fc9
bd4f3ffe
40354005
3f4c402b
402c402b
40263fd1
3cbc3fbe
3f754033
be073fad
3ed93fbb
3f1e3f4b
3e8e3e83
3f923ffa
3fd33ed0
3fdc3fa6
3ff03fab
bf2bbe1f
3fd23de6
be0d45d8
3cc53f8f
3eabbf1b
402e4028
3f8a3f5a
400a3ff2
401b3f4b
3dd64010
401d3f61
bf7a3f08
3cc33ee5
4020bf49
bf6d402c
400fbf2c
bf2c3f8b
3d323f9b
be81bf37
bf044021
3fb63f79
402f400d
40243fa0
3fc33ef5
3d9f3fd0
3f99bca7
3ff73fac
3e8e3fcb
40233ff6
4026bee7
3fdf3fbf
4019402a
3f184021
3ffe3fc7
3f2e3fc1
3ff53ea3
401e3fc8
3fa43fb2
bf784029
400d3e9e
bf1b402d
4028403c
bf1c3f4c
3eea402c
bf653fab
beb6beac
402f3e9a
be3c3ec5
4020401f
bf183f32
c5d8bf46
4012bec0
3fbe3e36
be814005
402d4019
40143d10
40044033
403fbf65
3fc73fc6
40103e1c
bf173f84
3ff03e85
bf6a3fbf
3e43bf11
be934000
3faf3f59
3fe54006
403b3f1e
3f8e3f3c
3fba3fb3
3fa34032
3f33bf4f
3fc2402b
3f913f89
bf623f56
3ff0bd25
402b4032
3f20be25
be903fc0
beb53fc7
40373db3
4033bd0a
4006bf62
40283eb9
3fb84038
3fb23fea
3d76402c
bf5f4021
3f59bf55
be7a401c
3e1d3e8a
3ee04027
3f883f3d
bca5bf12
40353fd3
4024bda0
403c3fc9
bde63efa
403b4013
402645d8
3fd1bea9
40023f70
bf1d3ff8
3f714032
4016bef3
bf153fda
3fb24003
3fecbf52
40213fef
3ff03ee1
40193ffa
3f0e4031
40243ef1
bf6f3fd1
3e624009
403dbe74
40213ff4
bf1b3ff3
3ffc4003
3fe03fdb
be30bf21
bf58bf6e
3f7cbe98
3fd83edd
40214029
bf2f403d
4037bf33
3f15401c
3fd7403c
402e3fa0
3d73bcef
3fcc3fb4
beef3fe8
bf264018
3e5a3eae
bd873f0f
bdc4bf04
3f913ec9
3f85bea1
be6c3f1a
3f863f94
bef93f03
40343fb2
beac3fe7
3f80be8b
4008bda0
4013be78
c5d83fb1
40133e2c
401c400d
3fa83f81
be243f26
3fa23f5f
3ff2bd91
bf723ea9
3fc43f8d
3f8f4007
3f653ffc
3fd43e7b
bd493fed
3fa1bece
40303dca
3f993fe5
3f3f3e91
403b3f8b
4013be88
3ff93fe6
3e6a401d
bde23f0d
3e9fbe21
bf723db9
3fbabf3f
bf65bf5a
40244005
403b4005
bf4d3fd3
3e503fce
3fa9402e
bf083f66
400b3f83
3f03403a
40284011
bf0dbf39
402cbddc
3fef3fb3
3ed8be27
bf423ff6
bc6a3f57
be93403e
bf2c3ff7
3e863fab
be2cbf18
bf6a3ec6
be50bf11
3f523fb0
403d3f49
401a45d8
3ee8be89
40374015
3f813fd3
3fd53fec
4017bf28
3fef3f97
40093fd6
4003be06
be8d400b
402e3feb
4032be8a
3f98beb2
402a3f88
3da73e57
3f9e3ea4
3f4e3fb9
4026bef8
3ffd4039
3eb43f6b
bf4b401c
401b3ff3
3fd73f81
bedfbeb2
bf113f82
bdb33ed7
401c3fdb
beab3f1d
3fb03ffb
3f9d3fb5
be683f49
3e3f3f94
3fb63f4f
3f003e05
40243e3a
3fda3fcd
400a4039
ba473fdd
402d3e9d
3f693f2f
3ff03eae
bf26bf65
3fdcbef7
be7d4023
40053f4f
402e3e44
40183e98
bf073f47
c5d84011
3f8ebf6c
4014400a
3f59bdfc
bc424014
be344016
3e993fbe
40213fb7
be093f51
be22bf7e
40133ff6
3ffc3fee
bf67bf16
bf3a3f08
3fe53fbe
3fcc3f7b
3cd33e18
3e693f8f
3fa13fd6
3fc1bf1d
bf733f75
403f401f
bcce4021
be963fb1
3ff33f85
40053e4a
3fa03eac
40033f50
3f3b4028
401cbf7d
40154036
40224007
bf67bf43
bf1f4021
beeabf7b
3f57400c
3ff1bf56
3ef43f23
3fa04013
be7e4034
40214038
bf123f87
40223f40
3dd14032
bea1403d
bf323f1b
4039bf02
3ebf3e53
40183ef9
3e3145d8
4031bf69
402c401c
401a3f80
3fc6bf48
3db43ffc
3ea23ede
bf6ebee9
3d63bf50
3f653fa9
bdd6bde3
40323f89
bf72bf3b
bf5f4040
3cbb3fa4
403d3f29
3d6fbf35
401b3fbb
40024018
bf0e4032
3f683f99
40173e40
4007400f
3f653f98
3fa23f9d
be313fa0
3f85bf15
401dbf55
40334021
4028403f
bf713fcb
400dbf4e
3ec34030
be823fe5
3f533f4b
bf3f402a
3f993f21
3f9f3fac
40133fc1
3ff8bf13
beae4021
4021bf3f
3fa34028
bf524014
3e5f3ff1
40313d51
3fc6bf4e
3fa23f81
c5d8be77
3f4f3ee3
4020be5a
403c3ffd
3f303f4b
3fca3fc5
be5b3fc8
3fb6bed1
3f193dab
402c3fea
3fc1be4e
bf014011
3f1e3d97
3fae3ee0
3fed3e06
3fee3f22
bc6c3fe8
3fd24037
bf09bf23
3fdd3f60
40324039
3f923fbb
bf53bf3e
402f4036
4001bf11
bf353dc2
bf153f37
3fbe3ce0
40263f4f
becf3aa9
3f1c3fda
3fc5bf4a
3f33be94
bf774028
3f02bf80
bf6f3fa0
40023f92
3fbabe20
3f893fd6
3fd43f04
3f53400f
bf363f63
bd483fde
3fcf3f9c
bf5c4031
beac4002
403f3ff2
bf534019
bf0abd44
3ffa45d8
3f84be2b
40044038
3f323ffb
402a4032
3ff23c82
400d4013
bf043fbc
4040bf46
40103f7c
3ff6400b
bf18bea4
40013deb
bead3f95
3fa2401b
3f674033
403e4012
3fc9bf75
3e063fef
3dcbbdb7
bf1b3f53
3f223e3e
bf5abccf
3f8a3f9a
3fa33ca3
3fbb3e5b
40163f18
3f02bf7f
3fb53fed
beec4001
4017bf52
3fb73f92
3f4d4005
3e90bd4c
3d4e4005
3e7b402f
403b3f6f
40363fa5
40144023
3f4e3fea
3ed0befe
3fd34002
3fa6403f
40114001
3ff94003
bdd5bf7c
40233fa2
3e893fde
c5d83f96
4007bf44
3faa4026
3ee24006
3fcb3f7c
400d402d
3f17beca
3f8c3ffa
3b07be93
403fbe74
3fecbeb1
3f49bf0d
400e3f2d
bbbc3fbc
bf714012
3f8cbe8c
40083fc0
3fecbeed
bf253e86
40203f88
3f9d4006
3f4b402d
3fea3fb5
bf783fae
3fa3bf10
bf4fbf6f
40224020
3f3e3f63
bf434019
3f4abe19
40283fdb
bec63fba
3fb34019
3ead403a
3fc1bf17
3e6b3f31
3e34bf39
3f983e9d
3f373f2f
3fb34038
3fd64027
beb3be3d
3d6f3fba
be9d3ffa
3ee9c5d8
3fe9401f
3fa93f48
3e444037
3f114032
3f2c4017
bf70beee
3fb24009
be4a3fdd
4005bf6b
bd2d403d
4029be99
bf6e3fce
3f77bf45
bc2fbf40
bf704040
4039bf3c
3e474040
40073fdc
3e5cbf6a
3f813fac
402f3f53
40203f0c
beae4025
3fec3f2e
be21402f
befebf6c
40373f7c
be2b3e52
bf094022
bf1e4010
3fe94007
3f9f3f64
40143dd6
3f963f4f
3fc93f56
40163fe5
3f9e3f37
beff3efd
bd7abf08
3fdfbf18
bd614006
bf6dbf2d
3e6ebf00
40184007
3f823f99
401b3fd1
beeb4023
45d84037
3fffbcd0
403a4002
3f3d4009
bf053eed
3ee33e16
3f0b3fb8
3ea9bf58
be913ffa
be773cc7
3fffbf37
3f8b4012
400dbee1
3f833f95
3fb8bf6d
3fba3fc4
40294012
3e0c3fb5
3f304021
3f373ff6
3fe9bf57
3e4b3e3f
40123fef
400f3fb1
bd853f9d
3e523d97
3f74bf2a
3f884023
3f8dbe67
3f09bf25
400b3f84
bf313f85
bd9a4027
40333e1b
bf3bbf3f
bf1d3fa9
3ff73ffd
3fb73f48
3f7a3ed8
bd1d3f45
40193fc1
bf6c3f54
3ff83f8d
3c09be4a
3e9a4021
3f0fbf5f
3f7f3f9e
beeb4026
400d3ff9
4003c5d8
3fc3bf41
40204019
3f3abcfc
bf133fd7
40093ff5
bf023f8c
400f3dbd
3c9e4004
bf01bf7d
3d83bcc5
3eef3f32
beea4029
bea63fe4
3e2e3f4b
3e1a3fd5
401f3fcf
3f3b4035
402f4018
3ff63fb5
3f9bbea4
40323f9e
3fe53fe7
3dd64009
bf6b3f98
3fecbf52
3fb03eef
bf2e403b
3ea8401e
3fb43fbe
bf2d3f6b
3faebf5a
3f7c4028
3f13bf07
40153fad
3f6fbd38
40093e89
3f873f23
3fea3fec
3fed3e0e
3ed7403c
400f400b
3fe84028
4012401e
3f9d4014
3fe43f20
bf1dbf13
400e3ecd
45d84007
3fd23feb
3ff7401b
3f92403f
3f69bd2b
3f883f4d
403dbee9
3f9dbde6
bf5b3e0d
401cbf2a
400e3edd
3efabe1e
3f02400a
3cacbf37
bca44033
bf563f54
bc513f41
4000403f
3ec53f18
3fee3ff7
403b3e53
40023ff3
4040beca
3dabbe1f
3fb9bdc4
bef73ee9
400f3ef3
3f984014
bf11bf11
402b403f
3faf3f1c
bf673ffa
400c400f
40303eba
401d3fe6
bf4e4022
3fa13fa1
3ed94030
3e3ebf03
3e453e18
40234006
4015400c
bd133f6a
3fdcbdbd
be7a3f20
3ff5403a
40123e8b
beb83f38
40113f4e
401ec5d8
400a3faf
40073f4c
be23bde9
3fecbf04
bf16bf10
3f093fcc
401bbf2c
3f9e4019
4028bf16
3fca403b
3f253f1e
4012bdab
40354020
3da83e83
400c402e
3f74400e
3fb04008
40013ed8
bf603f80
3fb83f97
3f683df6
4025401c
3e5b3fe8
3f093f23
3ffcbda3
40093fdc
3fa73f41
4038bf4d
beb1bf73
3ff63eae
3fda3ffd
bf353f27
bf7fbf14
bf5abf36
3ffb402d
bed23ff9
3fac3fef
3fab3e90
3fce4008
bde6be8f
3fb23fcb
3f103e8a
be98403b
3f8a4038
bf783ffc
bf42be8f
3f6b3fa1
45d83f54
40233ea8
3f463f55
3e83bf7a
402e3f06
4006bf22
3f3f3f44
bde1bf6d
3f3b3f1e
bf703f80
40223d61
3fa9be5d
3ef63e66
3f37403c
3ea9bf77
bdd83ec3
3ef13ff7
3faf3e9e
bd08bf60
3f01bc95
40144023
402fbf65
3e8c3fb2
bf7d3f59
400a4007
3ff5bf58
3f883f98
400b3fa2
3f89400a
40323dbf
3fd1402b
be644021
403a402a
bf12be53
be344015
bf75be91
bf283ed4
3f8b3f99
bf264004
bd4f401e
bd09402f
be603fa3
be094032
be563e77
bf564005
3ec94000
3f633fc9
3e88403a
3e86400a
3f39c5d8
3f9e400d
3ffcbf59
bec83e8e
4038bf0d
be8d3fd2
3c57402b
3fad3ef7
4020401d
3fb84027
3da5400d
be994001
bd054030
3e73bd1a
402f3f6e
befd3fc5
3f9f4020
bf3e3f9f
3fa53fb2
be863fc6
3ffd4002
4038be84
bf243ea8
3f5abf58
beffbe8f
402c4019
3f493dca
3f42bf7f
becdbf43
3e413ff3
bf4d3f74
3f5abf4e
40093fff
3e9a4011
40043ce2
3ff3be64
3faabf15
400e3da9
bf6dbf05
3f61402f
3fc14027
400e4032
bef0401b
401b4016
3f883fac
3f24401f
3fcf3f86
3eee3f02
45d8bf53
40213fec
3f2c400c
3f353ff5
befebceb
3fcf3fd0
40073fe4
3f8a4023
bf43bf66
be85be12
400e403b
40343e5a
bea44022
3f8abf04
3fb23fb5
3e843e8e
3f884040
bf00bf14
4004bce0
3fb94034
3fce4039
40233fc7
4003bf75
3bc53fc5
3f86beac
3fc34036
3fb13ddd
beb53e90
3c3f4036
3f67bece
403b3f77
3d17bf04
3fd73f84
be37bf66
bf423f0e
3fcd401d
3fff4038
400c3ffb
4024403d
bd68bf4e
3e7ebe9d
3e883ec9
be88be9e
be55bdee
bf7f3f79
400cbe8f
beb63fd5
400cbf79
4022bf43
3de6c5d8
396c3fb7
3f59be88
403b3f10
40313f44
3ffdbbdf
3f633ff1
3eda402e
bee43ff2
bdfd402c
400fbee2
bf6a3efb
4023bf29
3c13bf23
3f2ebf0f
40213f21
4011bf06
bf3f3f3a
3f71bf2c
3f433f71
3ff9400e
3eab3f9d
bf5e3f85
3fbcbefe
3f15402c
3ed54000
bea2400f
3fbbbf0b
4019402e
3fd53fc1
3f3f4028
403f3faf
3f1fbe1f
3d17401e
3fce403a
3dbf3fed
3f933ebb
bea03f31
3e053cd6
bf23403a
3fb63d01
40083e07
40113fcf
beb7403d
3fd5bf6a
bf603fb5
400cbef3
bf794026
45d83eb9
bebe4032
3f533d2c
3ed43f9e
be663f97
40083f99
4005bf37
3c2fbf27
3ed84010
3f114011
400b401b
bef83fc2
bf28bd8a
3f18be83
bf554005
40063eb8
bf7b3fd8
bf413fb9
3f983f5c
40253f87
3fd14035
3d943fef
3f6e3d7e
3f794014
3f66bf4f
3fbf3f43
40204021
403cbf49
3f8b3fb9
3ff03f4b
3f783f6d
40003f81
3f264008
3fa04029
be1ebf2a
40203fc3
40213ff0
3eb3403b
3f95be63
3f68400f
3e733f07
3f234022
bf6c3f9a
402b3ffb
3eb44034
bf19be88
400fbf24
402f401e
3edd4010
3ff2c5d8
400fbf71
3ef73fed
3ef43ec6
bf6cbf6e
40373f97
3f243ffd
4012be69
be85402c
402d3f7a
403b3ff2
3f8a3fac
bf494039
bf6d3f79
3f79bf11
3feabf17
3f21be55
