// case 008 massive_act - per-element peak partial-sum magnitude (FP32)
// 16384 words, 32-bit each, little-endian memory image
4dfa9815
46d36691
4694e4db
46e1d3bf
4727b22a
46af5b54
472fdb16
47882b86
4707ce56
46e9ebb5
472a6e49
47159d92
4672d59b
46c83e61
46f69a84
476e366f
47293282
46d02616
471a7a7d
47112a5d
47d1679f
46f38ca4
4770589d
4716ff0a
46da3178
470bac3b
46fa9e24
46e39bdd
47b08115
4758d368
46bbc9e0
468d41a9
46f5cfe9
4722341a
47653c92
471d8b4c
47f49e22
47082113
46fd8e57
4728ea90
47270194
470bdde8
47a61dfb
4718ae98
474ecb88
46aa748e
47a8dcfd
4774e3bd
47341190
46cee330
46afee69
46d6b881
470ee18e
47026b64
46c52fa7
47aa58ce
472b402f
46d7291d
47019dc0
47402477
480a89a2
4799702c
46e38ccf
47284dc5
4783fe45
4735be90
47faeabb
46edab53
46f035d6
46ccc2ca
47484c20
47493380
46d0ed99
47a7efa3
47a58c27
46e45250
470844e1
46d78e3a
46a1cfc8
47890ff4
47a94ced
471acef6
47ab00cd
4793193d
475aa5e7
4746a4bc
47457499
4717ec86
4799e814
471aa22a
47798964
46537210
46f70e5a
46eee102
46eaa582
47131899
479cff73
4dfa97e1
46ce73ee
46d5ffa9
476d608b
474d1bfc
47119562
471e6176
47a71574
470245e6
46d659df
478ecc14
473fa542
4661874e
47199a07
46c472bb
46fa3f88
471be084
477e2fb4
473d5541
46a0a8cd
477ecfcb
46f46961
46e11835
4690da3b
475d246b
47304e62
473de70e
4710f70a
47207979
47105927
46ec9a14
46d98338
4dfa9821
471a203e
47485338
472f7570
46c3330f
46e219eb
47514e51
476a5907
477445e0
47256e86
4755930c
46f36b94
46a8776c
46f731e6
47375286
46ed60db
46a29fda
471bf498
46e6c585
473b3230
47452579
4715ec06
474cc57f
47224edd
46e51e50
470a02d3
474aedf7
47909398
46f2d6a4
4796f891
4712d3ad
47859ffe
471f52a2
47157def
46d491c5
469df6a7
4758d349
476428cb
472fd55b
470ad0f4
47156e70
471610dd
470481f9
46f9a656
47064c1b
477f2690
475c3b41
474eced8
46fdbfbc
46b48fa8
47205551
47692acb
471f124d
46fab807
46c87ae3
471035b1
4734175e
46c7ed9c
46ab45de
470b51ab
47452990
471d4777
476ad355
477241df
4702f7ae
472b6f71
470bf8aa
474e98b2
46e0e804
47245e57
46cf8f4b
47305ba6
46e8fec1
46bdef6c
46f12ca4
471e0e32
4778ec69
4788c175
47622ac2
47268504
47252cc0
474ac8b3
46941ed0
468c5de4
473301b7
46db2f10
4700d0fb
46b50640
471f9547
46b9bed4
46c242f5
46cfb0ee
477b7dc9
46ab065b
4762df32
46fc5e4f
4730f232
4dfa97e1
474842e2
47518469
476dea4a
4698857b
47811858
470f2e87
4722ecd9
46d5debf
47a87e8e
47057e1c
475022ee
46e3b0fe
46c5a793
46f43aad
4785bbe9
46ce2061
46a5e2d3
466aa74a
470161c6
4748df55
46f24733
46cfc778
46e66566
470f38e5
472f115e
479f84af
47191779
46ee41c6
479d4b33
477c9e48
470c1d4a
4de3d024
4743bda8
4720b78b
46fe3cbf
4718e3bf
46ef2399
46f8de8a
475ffa68
47370af0
470fe3e8
46f18037
4681d670
47351239
474ed82c
47941ed5
46fb6ae4
476fed56
46d6c6c3
473d0b0d
470aaf10
473f2ed6
47a3a04d
472c8229
47767ac5
471efe10
4689005b
47691c58
479c420d
479852ad
473f4b90
4726f4a4
470a826f
46ba8226
46a6fed8
479c237b
472a16db
470a993c
476a1c68
477401d5
46f405cb
47934253
46a0b54a
4724e47a
46cb4074
469e3983
46f1e74d
46daabca
4761bf40
46c887dd
473dc2db
46bdaeec
47503564
471cb724
4743dd34
46bddec8
47868fb5
46357cad
477378fa
46920d4a
469d9d65
472a894f
4713a693
469f35dd
474ef989
46c5087f
473614f9
47a39041
4714de06
468ed7e6
470b0ee6
46f7b18d
46e4eab5
46ff771b
46beef12
47bc90d3
46b35d84
4766219b
47545eef
46ee54db
47209b96
47c7ff38
46e180b3
4746c269
476f7d4d
46f1bdcb
47c6c414
46d6ddc5
46e49131
46d1725f
47202cd7
46f5630c
473aac23
46b2b2e8
479946d3
4737bc87
47870f5b
46ec70c9
4de3cfe3
46d124a5
47226ade
47665241
46c01005
4689c4f9
47029bda
4757896a
4736ceec
4785af69
46c6e06d
4738e4e6
47867ac6
47847cc3
47ba0f05
4708ecf0
47bd8040
476a18fd
470db2ff
46fa6680
46fe300e
4720ee0a
4729a1ee
46bbe38c
46c02f40
474d421f
4725406d
47440165
472c0364
470a8f60
46bb78b7
4706eb52
4dfa9824
46adfc3a
4741a692
4701398f
4781ba60
479cf4f5
478f4276
4707620e
46b00cb7
47b659eb
473c1ad3
476de603
4706eea3
4705be56
47451d36
47cb3017
47106463
478c2787
47385c4d
46e03f53
4759142f
475a3b7c
4721d1b6
472cffce
46b0f47a
46ebd368
4740b05a
4778179b
47592ba3
46f58f8d
474ad07b
470a0937
46ae2446
46df8774
46da81eb
4757ba85
46d85d8f
466002f7
46d9e3b2
47064373
476b0c82
4728ef2a
46f4b069
4713b8f4
4730f3b0
479aafde
476a0cf8
46d1edd6
47aa49c1
46b6e460
477e7537
472547de
4790f4a5
4700e37b
473689c3
472b950e
470b8836
46ac438a
470f5136
46a23ead
46cb398e
472e6a5a
46bd8581
47b646dc
47b16d2f
47cd4260
471ace7e
46f26908
46c93acc
46fc1741
46e2969c
46749091
4733efa9
46be4b28
47894575
46b4c59e
46ef6ca6
46b46302
46e1dcf9
47278122
47355db3
47012cbd
4785425b
47be2dd2
4745a662
474bfd06
4785a5ec
46be50c6
471128db
46d48e30
46a37c78
471d80d9
470f6606
470f5f46
4716a8a3
472351dc
4722f57d
4dfa97e3
465a7835
47861d5d
478e1aa4
478e4fe7
474998d3
471f68fa
4676a38a
474bd7a0
47074876
46dedd27
470f4c27
46c4f5bf
475852ec
46b2b3a3
4728deed
471eab64
47110097
4735ed03
474cd313
4749952e
4724e175
46f5b684
471b1d68
470b3ce6
46bea49a
47190030
469bb14a
47912bf1
47968ba4
473ffabb
470b98e2
4dfa9819
47449915
477e693b
46a9b673
471eb407
47458663
4775cfa5
472cbd08
473654b4
476c72d2
4701e634
472c6d0b
478727f5
46df3e25
46f54238
47455a8a
46c52773
47428fcb
46f50ae6
46b2f6d6
471573c0
4723dcaa
4737199a
473e0240
478091ec
4724e65f
46c6c21f
471f6214
4799f177
4781b29e
4702ec88
473a9020
476de42e
4707dd81
47131ba4
47969617
473b4269
46e5b4bd
468f251c
475586f4
4721b951
46abe61d
4719e925
46999514
470fe7b2
479a8c91
4789b931
472b0806
4755e01c
472a80f4
46fdae97
46aea0a2
471f6ba0
4780dd81
46a0826d
470cd826
475fc77f
46a4f3f5
47a0b1ef
46e6c935
46ce6040
470362a3
47b56e05
470d73f4
477034db
47a1383e
4709bc03
4769b4cc
47405c19
474ea022
470a3401
475f956a
474add89
4721d620
47a46581
476e47c4
46f41be4
46848545
471a1853
46ec614d
4712be36
47be4e8a
47923fe7
472a7dc4
473f8942
472ed2c9
46e7b11d
479a2f3d
47501590
479a6cf3
4714db48
46e801e8
47256d9e
4694ae86
4725bed6
478550d1
475fb011
4dfa97e4
4756d552
4714db3b
474325ab
46dfba68
475ea127
474f4075
473799cc
46f34938
46acf3d9
478afee4
471b722f
470a7bd4
46f500c4
46eac11e
4702731d
4718615e
4706130b
46ca8a42
46ab5e00
473bb386
47263db0
470835f0
46eaba57
4774cc3e
4749aa5e
477ac5fa
46dd90e0
475cbb90
479273bf
475fec5c
476940b3
4de3d021
46f87aa5
4728c708
476f8e77
4707ccd7
47a5371e
471da5fc
4733f0f5
46bd1f41
47219d07
46c349e6
47399870
4782a7c9
4682c360
47146ed8
472074ff
472b4352
46f12815
473aee84
46eaf11e
46f666f2
472b173e
47356901
46bb4e4f
4743ee1c
46b5f838
47360783
4702509d
469e81ba
47856892
476adaa3
46d93957
46caadd5
46aeccd3
47492f00
474794c5
470b47f2
4716ec7d
46d44509
46ba83a9
470af979
46f9f404
477444ca
46c3b82d
46c6789c
46df85d0
473d6cb7
46d61624
46f68540
47033103
46ddf08b
46bb0fbf
475adb03
46ff8994
4714a5ad
476bf54d
474734ed
46c4eb01
46b66004
472a6998
47036b07
46e8d2de
47718ff0
4775b1fa
476c22ab
46ad2a91
47871b84
46f4764c
46df7497
478e754c
471d6608
46e2a8cd
4710c846
4700fc11
4731440c
46d8f57e
471630bc
4792d8fc
46fd6628
47380bc9
471bddba
478094aa
47482090
477fcc0d
476af314
4746bbb0
47295a83
47144da4
4742bc76
46e4ae29
472b72a2
47607733
476311fb
47383aba
47877abb
47096337
47690a62
4de3cfe3
46ecb77d
475f9f73
46f35e9a
471c7437
4782a5aa
4755548a
4723b276
472c0635
47423446
4711cb3f
46d7e5c5
46a7ec4a
4733c887
4725e43b
469dc549
47643ec0
470141c8
471ad618
474c6fee
4730df04
469e637c
470b853e
4701f1c1
471cea52
46c9ae9b
47758876
4786d043
46be4e55
461db722
4717fb07
4704270a
4dfa981e
477f44f3
46ae2429
46ddc41b
46e9154a
46fd5973
4780a7d1
4745bba6
47bb5696
473fc226
4728e887
4734cbc7
4736c88a
474e5498
46b999e0
477270d9
47099ff5
4741c91a
474fbdf7
46fabe33
46c5e991
4703173c
46639b90
46e23109
478cae0a
46ef3752
475acfe3
46a9a1d5
47a703db
46bb7e25
46c55b32
4713ce44
46e56176
472db57d
47482b42
47a73de9
46e24bce
471d37a1
46a94c36
470d7cc2
46e63f96
46992232
472e0cb2
46c8d070
46e999f5
47154853
47230003
46d2f4c5
46ae056d
46c292e8
4712fd44
4734a886
470bea1c
46c2084c
473c3561
47107b85
4712ba1b
47641513
46b977ae
46dcae3e
47549f12
47014d7a
46b8a483
46d0af9d
47977cc5
4712c1b4
4726bf9d
46ef13eb
4731b3a0
46b634f8
47480f6c
46f7aafd
468b8f10
4798efdb
476223e9
477fcd84
4759c395
4796de88
472a0b27
47c74c1c
46ddac03
47b3bd79
471b2dd0
4736a2e9
4693c0d1
476a066d
47127fdb
46a0e2e3
4749b0dd
46ee42e5
474334e2
46bf884d
4715b405
4701edba
47811cb8
472cc383
4699b5d4
4dfa97e0
470588c2
470ec897
4731ca7f
474b9739
46ccae33
468fe303
471353f3
474fbb99
46699dc3
46e0f2fb
4753ab8c
46a94a4d
46e86eab
472efff8
46d08958
472f3b68
475217df
4737107e
479e998f
4726012c
47076d38
47326a81
47501b9f
470d53af
46ce036b
476ae9aa
468ccd7c
47362dd9
471dbe88
4704d68e
4739ce07
4dfa9821
46ddd9d9
47b0de96
4779232b
474a1a4c
472349ad
472dde08
477eb4b5
47512d02
4687ac4f
4742099c
4703b2fd
4731890f
47208def
472dd2be
473680a8
475bdc80
46f0b777
47420fa9
473b270a
47275766
47d41694
4721363d
4775ae5e
4736ec63
47514c09
47399977
47040186
476c3da8
476c28a8
47c0b8a4
46c4e058
4725ab4c
475e461d
47039a8c
4762d104
4759c170
46b9fa3b
473b288f
473cf6f2
46dc42fa
476cffcc
47b6f12b
473c4568
477a0634
4750b31a
47d71e77
46cf4260
46dc0fcc
46f99d27
47196637
4721ef8e
46eed645
47dabe8d
4725c5a1
47292a69
46fcd2c7
46b48062
477978c3
46969d9f
470a9acb
46a6a738
4664292b
4748ec4e
4720f9d2
474889dd
46bdc996
479b36c1
47939e02
476bb276
46e84473
46cc06db
472a51c4
476b6335
47087773
471bbdc2
46f74359
46d37b54
474e5a83
4704e872
46632709
46c0e7dc
471d8958
46feb10a
476c6a9f
46b53ba9
4748c368
472074d0
4751496e
47984055
4717c476
47b06226
46e4b8c9
471e2f82
4732b4b8
46cb4176
4716e669
4dfa97e1
472e306f
47603222
474af99c
46f2f250
476f0a67
474e8cb5
470f75a6
471a4a28
46ecdcd5
47666920
4735eb67
46e68b79
473b9542
4738db3c
478565d1
4714a97c
472fc9e8
47632891
473fff9c
471f5cac
47130801
47037681
46d82d5f
46daba54
4734f27f
476258e4
47600689
471a0652
469f20a4
4714859e
47392ce6
4de3d01d
46ecad2a
47116ac4
46f49c7d
46b7154a
46dbe7f1
4781c06e
4705ffed
479de3d5
46ad1b54
47426bab
46e5d1a5
477c6f39
474d6e47
46bb60bf
476a2ab7
47031765
475dc552
46bfb84b
470e094f
46b46b4f
46e001d3
4757687e
46e30307
474dac4f
47250305
46ebcd67
4763925b
4786680a
46ff9929
477ac7d7
46e80fd5
47006295
46a12103
4717d7bf
46eb4345
470f98af
476eb7b2
47933680
46c70da8
4754ae56
46faeb04
46f0709b
479e0cad
46edd5b3
4723bd36
479edd62
467f53f3
46d288a2
472a3621
47992da9
47597447
479dcfc4
47080e54
47190616
470557df
46dbf6c9
470116ff
4727a513
47344842
47899788
47cf8dab
46ce120a
4708e958
47259dc0
4778f50a
47488354
4797aac7
479e8ff0
474e043f
47d3ffe6
46dd00d7
4783f43a
471fcad0
476a8ebd
46b89eed
46f823cf
46ec27ef
47892975
474cb542
46fe7f9a
46e6c695
47352dfe
46f9cc55
4710d8a4
4697fcd2
4749b6c5
46fc6311
471579f9
467e6cd8
47433115
46e7faad
47ba0a43
473737df
468ca5c3
4704ea29
468f049e
4de3cfe7
477b5e69
4730de60
472b8151
46e365ed
472d5aeb
4692a03a
474262e4
472e5fae
46d31975
478d5ec9
4709e914
470ddb64
4711d6d6
47725cd6
475533c4
47865dba
473a29d3
46f3b5b6
46ad79db
4729785d
4788606f
46a3e664
46e46710
47745834
46ed6f7c
472e4758
4712fc05
472129f4
4747a92a
471e3ef0
46a98e3a
4dfa981e
46c5fe72
47185ccb
4753084a
47293951
47556d00
46c98d47
46ee85ff
4748ae8a
470d94e3
47455ad6
479299e5
4746d6a9
478b962b
46d9b2e6
47b70d12
4712cc09
471c7672
4758d921
4733f775
468684ea
4773ba89
4722ed1a
474a0f22
46f8a6b2
46ea0eeb
4766cd6e
47828981
4757990e
47846a04
47638e25
479020bf
46c428b8
46eeb40a
470d92e1
4745baef
4723780e
46b8821d
46f8da34
46d560ca
4751ee05
47650a31
4711abdf
47241aea
471c034a
46fc1198
47548414
47dc0cc4
47683255
47af9476
46cab5e3
46d6878a
473579ba
475d2862
474abd64
470433cc
47239896
4721b652
47178dea
46fabc96
474b0633
46c383f2
470ba349
47665dd9
4748a92e
470a4b90
4736ec65
468405ea
477c6dc0
472ad155
46d378b1
46fc6b11
46cbeed2
4742d5d4
472edbff
46fc98de
473d4303
4773bf2d
46f7dac2
4771c6c9
4765a4da
478ea0cb
4719f803
471dc963
47a29329
4720316f
475f229c
4710f776
475b6b50
47559529
4710656b
46a68cd3
47a57be8
4792c5c3
47106cfa
46e6ce56
46ccacae
4dfa97e5
46a27676
475444d8
46bc2cc1
4733f018
46c49725
473ffa30
472ead73
4780f3b1
4730506a
46ebaf89
4782daae
470c7c72
4766b17b
4705217c
47b3251c
471faad5
4703b41e
47470006
4742f5de
4739b3e7
471aa492
46fcf7e6
47077c29
46cb72ca
478153dc
4713c6d0
467d3df0
47a5c515
468d76c3
4782baeb
47428167
4dfa981b
474114e3
477478da
46b2b624
470bbbea
470f7565
471c24c8
473f0c18
4709dab9
473c9974
471b158e
47b95cb2
469e61cb
476f70dd
4749aad0
47627d32
46fad1a9
46cce360
4747b6ef
472bd06e
4791a794
47ae80c8
479e6c14
46b0dc78
472cf4a7
478774df
4751cbbd
46d009dd
478bb40f
46cb50ea
46b80fff
47821906
471562ba
4733252d
46e87d3e
4754e1c2
473168f7
473bd891
47c7ada9
46abd647
469c18a2
474869fa
477849af
46b9eaed
46800e2e
46e48701
47152ed6
47b1ad5a
478487d3
4753b1bd
4761a66b
47508c38
474b3dcd
47021ef3
473b4ac9
473397ba
46a32fb0
46d4e20a
477e1524
47405c53
468e18d4
470adeec
46d54946
4795cf94
46dae614
471486fd
47122d69
46b92b54
4688ce07
47a94e24
47739cd8
47082f34
46c74530
4713c871
47951701
478ba10f
47643428
470a2b2a
47b2c3c2
471d0bff
470d2967
4751213a
47331dcd
47c92690
470943db
46706f79
46ed6b77
46ea2ee8
47117b62
472ae30a
46a299ea
46bc6587
47745f8f
471ccc04
4720a27d
47158507
473a406f
4dfa97e5
473ebafe
478091a2
470423bc
472a7aa9
46898510
474eefdb
4754cc91
4713c331
475ec5cd
46d50636
46d4c509
46eb9d94
46c14be0
47b49e84
47a95f5c
472d1c62
47390e2a
47849704
470ab210
4747a48d
46da82ea
476c6e4e
46e491d7
471eaaeb
477f372c
46bccaed
47230e58
475d3479
46fab6dc
474af598
4721d4c3
4de3d021
47b7d00f
4674c126
470cd483
46ed2457
472a5cd0
4761c01c
47ca2516
47814a1c
47cf1653
46b6f6d8
47cef5b9
470e44f5
471f6e87
47065016
470f0986
477ee420
47199bf3
47abc295
470ab2d3
46f3158e
470e89fb
47a725aa
474de9ed
46a06682
47923fa9
47531ac6
478cd0f6
46f85f51
4710f64e
4740b0e8
473f0c46
46f3fb95
473bb628
477573e3
47a83b5a
47993832
47991789
47bd75c0
47249ac7
46f71603
46abc989
47380135
474202bb
4737ea86
471dc9c7
4683f0ed
46bb945e
46b26982
470bfc18
46d11ccc
47436dd5
47516029
468a3b16
47b44730
46e85564
470a878b
46ccdb2f
470015c4
471a2300
4773fa90
4712d924
46c61882
471901bb
4785073c
46e02a8b
473d1f36
471bf0a8
473131c2
46dcb869
47880da8
46ccd6a5
46e279d7
4720558d
46ee819b
4768026e
46ecda08
469d486c
4739fd82
47669086
473a7f8a
4733dc0d
471bff82
46eabd4e
46fa0985
470b3ef3
46cbae5d
469316b6
4722274c
47671a95
46f00555
46eceda7
46d6ea6b
4704716f
467369f9
470c839b
46c20b79
4de3cfe2
46f01c5e
46efef48
477c91f1
4713732e
46d3d954
4707c8a0
4731e8c9
475b6e78
47ec2acc
46d00cc0
474083fc
471002e0
471edcbb
46a076b2
472b0aff
47803d31
47262949
477663ec
473c98b5
46ab5f92
47103148
4737fa99
47114eb4
46f855fc
46f8f499
47a792ea
46d1c3a2
46fc04b6
473f87c5
46ef0d81
470ce025
4dfa981e
476addad
4749f41f
472cad41
4724e7c3
46f58d71
477ce8bb
4743be8b
46a70f5d
46581569
47bd1876
471030d2
476a6cf4
47360734
47330d08
478b2e61
47023375
4727991e
4796e005
4743d66c
46c91b0d
470ea828
473c14e4
47383c76
470a47cd
46fe6f06
476e30b4
46f597ac
47a0c68e
470aed25
473cceea
46e85996
46cc48ac
478fef1f
46d9e15a
47465afe
469124c0
4697e870
4780bd41
4702ce0f
471b6422
473696b3
47137d5c
47a3170d
474f5be8
46699575
46d41b05
46ee4763
47207498
46a7c569
46b3fcf6
46d1657d
471adf52
4716645a
471b7d73
4723b2e7
47967e20
4706bf27
478dba14
4702756d
46f41285
46c8626b
46fc1b1a
474236a0
46d47a67
471c39ac
4782603e
4727902e
4708f50a
471ffa80
46b54a21
476eacdd
46a96f3c
4709c6e9
46d23451
46a569e7
46e1b469
4751cf5b
47e9f38f
4732906f
473efbbe
46a924b0
471d5752
478a13f4
46dc1a86
4707e7d8
474d6795
471d9d34
47416d1e
47a99a6c
47c10b03
469dc1d3
46e4f963
46f0712e
470574b2
473c640b
4751379b
4dfa97e2
46fe1362
47a4dfae
4729e4ef
472beb12
472a6b10
4685f75c
46a5e7ac
472bc29b
470f26b8
479101c5
471467d2
4702ad35
474d58d3
47058aed
46a42cfd
4780a328
46c2c472
476bfc6b
46bf5fb5
476e50c9
471005d3
46ea1a14
46c5a173
46eb68cb
4717ae28
46dde4f4
471c99d1
47120195
4703d7e6
47204c11
46afd6c6
4dfa981e
472ae4c1
46df3ddb
4703b7af
46fa6288
46e33e55
470bd4f4
46f6e6f0
4729c124
47594cff
477f5d05
46f62a90
47927983
46d0b0c4
47ad50e7
46d04400
46f53824
4734a312
46b2625f
47206a76
4755a8d0
4772f2b0
47772ea9
47b5ee96
47678f12
46dcce92
476e1483
46b380ec
47ac0504
46d26a91
4712a2ed
47a2ecaa
474662bc
4723e37e
471837dd
4739260d
46e7251c
478ecd0b
47186a5a
47374a37
46c8d473
4707bf88
4780a266
472e5b3a
4711d611
472a3e91
471a225c
47209c9f
47316a47
46e6e6a5
469cd2b2
470af427
477bb9af
46f42eb6
47113d4b
47474ed3
46974f0e
46e1e5f7
47942d7c
479fc546
4773fd27
47082237
46a437df
473eeddb
46e3736f
47ab9c7e
46b89781
46ac6ab5
4723309b
47123453
47532650
4771fc37
475ee934
470357ee
46a7799b
46d5125b
4792fae0
47188946
4733d803
46951695
471fb9a4
473d64dc
46c541b1
471d2cc1
4703e050
4706b36f
47638051
46e96f73
470b2b73
46ffb38b
470f876a
4726990b
4707d0b6
46da5df5
478bbf34
47523656
46d97c2f
4dfa97de
4767e7c0
4683a5eb
46c994c4
46daae90
46f1750a
47592f3e
475bf680
46db67d9
47c5b35b
46f65c32
47a5bd61
47a025d9
46dcd250
4793dbda
474a0d8b
4756519a
46c9f696
46c5101a
46bf486c
4721fe0f
47524b12
470ff961
479cac17
474cbe76
46b211ee
46e7ac4c
47367fbd
47746fb5
46e312a5
472ee7db
4682d67a
4de3d01d
46b4b6a4
473cc9fd
47577ef3
477b2388
47426cb6
468cedd9
475ed11b
476f69ef
472a073d
46f23cb4
46e23d06
4718cd82
471f3521
46bb459b
472d578f
46bd5ef2
47a3c3d4
46ec02d0
46ff18c6
46e12ac5
476e0f10
46cfb97f
4765e49f
46a2043b
476e75d5
473532b8
46ecffe0
472f5969
47376de7
4748c444
4791560d
46d6203b
4721c018
475c4174
4793f642
473e0899
46f2aec0
46d98f6c
46fab4ae
47119727
46f42955
47517ff3
470a278b
4752452b
46c771e9
46eab2af
46d876b1
4716c919
4786de54
47302f0a
476468b5
46e28977
46f01a7b
46fedee4
475c5cf1
4745867b
46cd7db7
46e62b9f
46bd83d7
46a26044
47453b4f
46cb0a42
4726ca64
476b7671
4769208a
474841aa
47187c8b
47592dd6
4786061d
4719faf3
46e2bad5
47672f82
46e55932
47087406
4707c8b3
46d4814a
46a2226c
478998f9
46f08544
46d9e6ed
4716f2b9
46fa4373
47117ba8
46f9587c
4788c9ac
46f8afd6
4780165c
47505771
46d53506
47095298
46dce0ad
47045981
474c41be
46da8e01
47717fb4
46f086a8
4de3cfe3
47010fcc
46c9da8a
47422f18
476cb1e2
475e191a
47180858
47877f70
47781f96
471c822c
472d69bf
4688ec4a
46ed95d5
474c203f
46bae88c
4781b045
46e105a5
471b8281
4755e0a4
46f06e30
4709b9f8
475d0d9d
4700992d
476d2fd2
470f024a
47935cc8
47128b0e
471dfc92
476ffb35
4782fe75
46f38cfd
477e1527
4dfa981d
47383e62
473f1da7
470332b8
472151a1
478780e3
474616d7
46fa2655
47262649
46974ae4
47242645
4714cd7e
4746cd40
470e1611
47881d6a
46fd4900
46d4199a
4795c529
47893d72
469a22b8
46f5e915
46e12efd
479a8767
4780cba4
472ca15a
4721be1d
47745dd2
4775f6e5
475b52bd
46d318e2
47229e0a
47474a32
47027689
472a7ab3
4709103d
4757efe3
4707a7e7
472f2017
47958ea9
4681b789
46e4155f
47229382
470394cc
479829be
4687ae03
471dae37
4781148f
4727cfe2
472ddf7e
4718bd0f
474ce79f
4754675e
46b61628
46a92855
479644f6
467931d3
4719bf3f
46a1d9e1
47975725
468e2f17
4781d43f
471e881b
46bf448c
46dc6538
471f8871
474b89f5
4783c5b4
475024b3
46debf1e
473b2517
47452435
475d473a
4716bb5e
471f5fe6
46dbd27d
46b919a5
4744c1a0
473bc82a
47a2a8d4
47597fd1
4751a776
472c6672
471998e9
46c9becf
47acb5ac
4737fdf0
479cca0a
46d6da1c
4794381c
4747aa95
46e6ac1f
4716bef7
475592f1
471525d0
46faf0b5
4737817f
46b67bd5
4dfa97e1
473425f6
4731b47c
472a1083
47483d71
478f81db
47807d26
4722246a
46fb139b
46f41cd1
4791884d
472bd0e3
46c68969
4732acd8
47387f54
478e52b7
46b64522
4779d6d8
4790929e
472e3db5
46f0d5dd
473aaf62
46fc40cf
4753d453
46ff14ed
46e58246
473943a2
47983e0a
475c3fda
468c6a23
471a07c7
475af5c6
4dfa981f
47c127b8
47113185
47909586
46a85ee7
472d385b
46b6fb19
46c64975
478844fe
4761d80a
472d2375
4798fc2b
47440cee
4710c647
4713ac3e
46c58080
46dc4f77
46b41354
46f4c9a7
471f27ba
47814236
472fb16d
4717a2b3
4763ea96
470f198a
4717bbf2
4702ed7f
46e4d002
472fbf17
46d04579
4774d849
46abafa1
47384383
477ec17d
4717bafc
470b696d
47133d0f
471bf0d0
478a794a
4783b4ad
46b50a09
47599ee3
47155007
47021ed9
47762506
478d79c0
47c38a56
47ba8431
470ed659
472801b7
4667713e
475e4dc1
46d96376
46e2c7ea
470d03dd
474e19ef
47818c03
46dab731
47395da3
46ea536c
472dff89
4752eac3
47517597
471ca4ad
47549c69
46e2531f
47516ea9
46bb38cb
470859c8
46b6f3e4
4739ee4e
46a9c39d
470a2720
47b9198d
47133087
46b8a05b
4778368e
470568eb
46ff753f
473d766b
4761f1aa
47184b4f
47527788
47193bd9
4785b59f
4740b26f
47820e94
47b4b08b
472c2d3d
47077681
471b85e6
47207645
47c7041e
471be730
473a9178
471d5369
46e4fd60
4dfa97e1
46b2e696
4742a859
47a91ac7
4738cd32
4736e68e
46b323c9
470da1eb
473ea08c
472868f7
46faf555
472454a5
476c57d2
47929e85
47686619
47840c0b
4725c95d
47135b85
4746667b
46dc33f9
47915179
4726f36f
472c4bfb
46e2e62a
46e45730
46960cf7
476bd8f6
47529c34
471386de
46e77d00
4713b0a3
473fe395
4de3d022
4729a311
46f89a71
4667c147
470e798d
47445402
475ba048
46b15c33
46f9cdae
4715678e
472dd7bf
471ba421
4748bd47
473718c6
46641ed3
4693375c
46dd1ab3
474c722b
4786aaf4
471567c7
474a2276
46d80db5
476f786c
4792246a
47037c74
469d3625
470203ad
46d41747
47222441
46c30a8c
46f1375b
477c7190
473ca44b
47302d70
471ad683
46fab819
47307223
47809ea9
47160201
4799ec96
47134d29
46b6a53e
477825c9
46d4e42a
47050aaa
470ee8a3
46cd1ae0
471e2558
46e10cc9
47484fa8
46cff9e5
47547562
478fbe1e
46b2e554
46ded383
46c01b34
46c3a22f
46ea27e6
47758122
4696276c
469ee6fa
4719538d
470c9c17
479916de
472ea779
4774cfba
478018d3
46ec9d25
472855b7
46b9c869
47c2bc00
46c88952
46fbcc79
4722d396
46ca5af0
46e20b17
46b9e177
47a9f623
4754f5c9
47393dad
47457f6d
46e81c9b
47a16f78
46e9414c
47874987
46f3087b
46df7ba3
47163226
46a6c512
4714d362
47a4505b
474f1d38
47923e19
4727ff56
47231a35
479478a3
478fcaab
4de3cfe1
46f2eac3
4740820c
46d875d2
474f0d93
47258a22
474efb48
47256963
46d75eba
46e19865
478f1bc5
47016ff0
46c9198f
4724db37
46e90af5
468e427a
47452e26
46a25a5f
47345e7e
47388a01
475e7e58
47476fa3
47bb62ad
4756f5f7
471c7ae6
46ca7823
4709536a
477b6c66
47569c04
470cd05a
4708a5b2
47120cf7
4dfa981d
46f02a14
4734fc5b
464ee27c
4746d50e
473b766e
4751bd34
46da33aa
4785edd1
46d7ece2
46b66420
4742e59e
47910942
47190f9e
46a0ff77
47864a5f
474d64d9
46fbe381
4711a95c
475c8d05
46f4435f
476275cb
478b3b40
472b8e40
478b752d
46e50d45
46b96fe4
47310ac3
471f72a1
46aa3344
47a95859
474e128b
476d47d4
47056ceb
47854ae2
47974a51
46e0889d
4734c313
475a3d99
474dec87
4734304f
47622a47
47a1cfee
47020163
47419738
472eb5bd
46cf89fc
47193f03
4722252d
47061e02
468542d0
4737d6a8
4727abe9
47321a07
46e1dcef
47160f53
47554cb9
473c70e5
47474da6
46c2854b
47379aca
4719e691
4791129b
46daddb8
4718870c
46df5e08
478657a1
46a8c3b0
470ded7e
474d2745
46ff0ce9
470ec388
4722cd93
47264645
477fd904
46f0bab3
46d27c44
47162b41
46d8d920
46f44ad0
47a55b37
47459152
46a4e3e3
47097aa3
4780d3fb
46aaf384
47985b2b
47d71b73
4781064d
47196196
4717318a
47990581
4758bd7a
4729e092
475a6939
478aeb63
46c1721e
4dfa97e1
46d05afc
470930cf
46f5ed3a
47b45492
47032f02
46b2c205
471e64f3
46df1617
46b2092a
4774008b
4793d395
4789bbf0
46c1582c
476994f5
4701781f
46e0c637
47497551
46c55e77
47b6811c
478e5acf
46efe994
4723851c
471b3573
47514270
4756fe1e
471687d6
47864b01
47047f9d
46810ad3
46efb345
472b2803
4dfa9820
46d4b3fc
47a9d149
468e023e
470ed794
47025503
47be7e12
46efff0c
4710c686
46e1f48c
478bba05
46e6c471
4710a26d
470f523a
46e56fb2
46de2e99
47b7267e
46e54f6f
47872b7a
473f5d88
46fa44f0
4674ae7e
478d5f8d
46e00048
473a6318
46e06657
46ee9575
46d0d9b5
47065286
46974678
47111fac
4700d51d
47b3bfe8
46d6f9bc
47728734
476307ef
4723ecd8
4777622b
46860886
476c7bf6
47a2dbde
47c8c321
470dda53
4780bc02
4705b704
47f97276
471d40e3
47204a91
46dc9953
472f1667
4785bc80
47809db2
472315c9
46cef06a
4731b013
46e9bfd5
470696cb
472c8307
470dc4a1
478c3874
478fb7dc
47b667ed
46be8941
47134b1d
47240592
47510511
479c8578
46be60af
474302b1
4787be09
47133d15
47288471
47930f31
476469e5
46bba2f2
4732d2ad
46ba128d
47109a32
471750d6
474df5ea
4748d340
46fcb1ef
46f7475b
46aceae5
47b0f4a8
470ea6da
473143b5
46fd63d9
472fe7eb
46cc10eb
4794db77
47179dce
47233526
47837dab
470f4b09
47150935
46e417e1
4dfa97e2
476081e9
46c85910
474a0069
4737923a
475d1089
479d4c70
47059730
4728d5ed
473c0b97
47b6a0c6
46b38074
47a4b08d
47384375
46d68915
46ffa192
47351fe2
46c006bd
473602b1
4729e979
46a0f1ac
4759def0
47a302a4
471533ba
47326d33
4697eb5f
46b6fce1
474f540c
478da486
470b5e28
4711c28c
46de04e3
4de3d01d
47072575
475bef94
46f14980
47061f9d
472184f5
46ac4af0
46c051bd
474b3b46
46a0102a
468bdbec
47594e01
4729dd62
470dc9f8
473a8ec9
4750f7e3
473d65ec
46d33191
46dd1cb1
47748996
472569f7
4739dcf2
471596bd
47081840
47499984
477847ab
47105423
4773fdba
479b9c81
47461b21
4760135c
470b40f6
46fbab9e
471b4df7
474870e3
479a63fb
47753a6e
475a2a59
471bf21a
46a7f03f
47777b59
47589888
46c376f6
46d06e0e
470a5b70
46b8e184
475f68ba
4701d052
47006ea1
46bd47c0
467ce7b8
47b5a23d
46c16303
46ca147d
46e75a57
47502efa
47974069
4704549e
473a9092
4747da0a
46f8c4ca
46f6b838
46956fb8
469f6150
47605646
472bb5f3
46f21887
47ae80a8
46b17f2e
472fdf02
4799ec74
4722d324
46fbc44a
479799bb
46fa51af
46aef223
47006ceb
46fa21ff
46bdcdf3
469c0d54
47030681
473249c0
47628147
47d732c3
47835ce3
4705e9aa
4708fe2c
4720184a
47358700
46d047ef
471bc36a
47849b9d
475c7fb9
47331b40
475cb1b7
465a70e0
46e723c3
4de3cfe9
478741b3
47bdf44c
46a9ee1e
471ed10f
4701ac2a
4754e0fe
473a9eb6
47548480
4704dc64
46df05cc
471f2544
47a4bc50
46cccad6
47076f9e
473f0762
47051636
46f49f6c
4708a4e6
46bd991f
47297c9b
46b0fa1e
47965019
476e8681
471a3fb5
4703b9e8
479075f2
46c9e0ff
47882b44
475ab5a5
47045399
4759a0a9
4dfa9821
47268779
4749c78e
47618fa3
46adedbf
479b4705
4734657b
478b62c5
47046e91
4779f369
473f5489
4707ad63
46eba8fc
475a9e39
46aa35cc
46b1f0a2
46c1a85e
46bb56aa
46ae976b
4763ecc6
474bd641
47829e89
46a7c3f9
473e33e4
468baf95
47793684
4786c939
46f4e1d9
4728f673
4775ae76
47b351f5
46a6f718
473c93f1
470935c2
468dc7d5
474f432d
4699223c
4737ba15
46a4513b
473654b3
477bef03
469ae042
46e897c6
47436edd
46733e6c
47640063
46f287fd
470d6d89
473c2cb3
46ea6a7f
47727fa1
47854f5e
470ec922
478acdf8
46cd3b86
476c727a
477b1ab0
46e25c22
468b4e2e
478a0822
475df7a3
479170a3
46a2bde8
4736548b
46f6cb9d
47189ddf
46c45f13
4749a4e3
4771b647
473ceb85
46cc97ab
469fc30b
47593865
46fec53c
471853aa
475baefe
46acee69
46eb6db2
4790ad8d
472da642
47441e0d
46b2178d
4790544c
47275a7a
46e35eaf
47348504
47438a07
4734b08b
4701fa3c
4716c9cd
4727e2c5
47012564
46ee3742
46a331bb
471664ef
47ae508a
46d2c5a2
4dfa97e0
478711d9
46f6f015
46b1d35d
4758fe5b
476a5e14
475c198d
47620f18
471ae5dd
4682c29f
4790df37
47478ce8
46eb24ad
47244b4c
46defd33
474c060e
46d4e172
478595b1
46dab27d
475554d8
46e0acca
470e6819
474a9256
4732ec66
46e968f0
46c718c6
46b3481d
46ffedb6
4700dd61
475b548d
4725175b
46c6ad22
4dfa9823
4725711e
4720d16c
46df3b77
469455b2
472007e9
46f1775d
46d92333
4703a141
4724cc87
470fc7da
4704f2cc
474c6281
46eb4be0
46e88fdf
46f7941b
469c7d59
46ed9e19
473f887c
4720c068
4702d4ea
472c82a7
4712c6dd
46e8a87c
469ee9c7
473201de
47509cbb
47162588
47049b66
47096ac7
47535451
470bf2a8
47913a61
47127428
478ce0ce
471c7601
46fac55e
47716db0
46865e90
4739986a
46d724c0
472a79c9
4715cb83
46ef37b7
479c070d
4791af6f
46e2256d
46ed0744
46c8c11e
4786d26a
46b265bc
46b231e3
4726e974
47634518
47926031
475b7590
4769abea
47838967
46bd179f
4702619a
4782b644
47c702e4
473c272c
474d4528
473585df
47558cbe
46ff81b9
472a6834
468facae
46c6a68d
4724dd72
46af7e2b
47471232
4783cd39
46d0b304
46f7867b
46ed1a37
476d53cf
4721f210
46fbe599
470a6bee
4788e945
477a57b9
471d584f
46c80989
46e45502
46d84e66
475e4fa9
46a14866
46b46768
46acffaa
46c4f2d5
4711075a
4756a50b
4750a29a
47172320
4695bdcd
4dfa97de
46ba72c1
470fca92
47088f35
47683b45
479a82a6
46abd172
478e3547
46ec269f
4796475f
46a38cd2
471a8538
470b7110
4784e40e
472151d1
46a613be
476b6a2f
4679a439
46920bc9
4733fd32
47a29df9
46b0da6b
47880994
46d9051e
4724f517
47060812
472f3cc7
47366d4a
471265e3
46dae2cf
469bdaf6
470009b3
4de3d020
476874b7
469342d2
46c374dc
46efe4ce
471aca56
47139773
46ffd93b
47124cce
47438791
470a5d44
46afa9a6
46e28434
472fe9ab
46ee3c98
46a52199
4709fb0a
4779b8d6
479725f4
473de022
47130d34
470366d4
46f805d0
475a9c24
476f83fa
46d48572
476e3977
472a5fde
471222f2
473282c8
46d6b38c
473cdd57
46e890e7
46983a7b
4753e3e0
475c4f05
478dd00e
46a25702
46f4e689
4734aeb2
4686b457
4734511e
471543f2
47825c95
46ae1a36
47489748
470ca6b6
4766069c
46f4a1c9
47d1658a
4713cf44
475f8f74
475c71a5
47984ccb
47172d1e
474e3524
4656ee52
479c6dbd
46b33dfd
46a6b8c8
4721ebfc
47351b17
471a52db
46d23747
471ab5c0
46de2275
47377833
475f6f57
46a76668
471147cf
46a594bc
46d19c74
46f0e026
4789e491
470e5806
4717cc10
46a96133
46bd78af
472e7d7b
479854a7
46e273f0
4751cf3c
46fe12bc
47095f1b
47bf6f27
474c510e
474a2cdc
4707158b
477afb22
47abe923
46e46c5d
473ac3bd
47029889
4739bfea
471fa0b1
468d62e9
47849ea0
4de3cfe3
46e2ffea
46ae5113
47d16580
4758bd3d
47038775
4734f151
46e8ab78
467a02ce
4756955d
47578bcc
46960c7c
46e80bee
47875577
471a6104
4704c31b
478b87fa
476a4564
47223673
47766267
4769e858
47716603
47897ed0
46f3bd61
4714432c
47462c15
47329439
46993a77
46c62055
46f121c0
47189491
46dccd99
4dfa981e
4724e2c4
46f1d95b
4720c948
474be760
4750d6b3
47319964
479606cb
47032fb8
46d057cf
469d8bb0
471f0ccc
478bd613
47554c9a
469bffa6
478f37f2
46f4a5bf
46a3b939
4786fcaf
46ee6b77
479fac40
46f823fe
472a7188
4739aa53
47567fbc
4782a1c4
46f79233
4776463a
470bb2ea
471b7902
46cbf4bb
47911cfd
46828921
46d4b7cb
4798c541
4731828e
47afea47
46bc799e
468f7007
46b44e73
46f4deb2
471c5239
46f76cd2
4786bb37
46ec277c
47586eea
47072ebf
4792d3f5
47305653
47a54fe3
468d97cd
47540424
4751d527
47026ed1
474efd4d
46e9cb7a
46855545
4760bfda
46fa88fd
47461871
478a0699
474a7bfe
47071ae0
478ef31c
47baa0a3
471ef6e7
4738ec6a
4784c46b
46deb5d6
47541cd1
471ec2b9
46992a73
474e3517
46c68a69
46d4e7ae
4782c82a
4727d227
4706109d
473d1a42
471a4a93
47170db3
47014c14
47516dda
4710cdb7
47423e22
47663730
479b26b2
47922db2
46c6b62e
47c7b597
47060b44
46fbd696
47637951
474d68bc
471c9984
47c2848d
46a39495
4dfa97e7
468c6b3e
476f888d
474b1f25
46f91072
47cfa243
4685073d
471c59fd
47814d45
470cda4d
4702b3e5
4776e853
4712eeba
46cd2d56
46d6a931
46c1966b
472b7202
47a5e418
47b9a67a
470b0bb9
47106fb5
471d9a8c
47311efb
472ec090
470412bd
477de73c
474ff119
473003c7
470b551e
47396bfb
47161e6e
47407b2b
4dfa981a
4733b542
472a8b8c
4771ae42
475f4d3c
478f1449
470e25f0
475e6522
4730a901
4738953b
4748452c
471adff4
4732dd16
4728f287
47567293
46937057
474c289a
46fbf8eb
47272f32
474ba09d
475b49f0
471126e8
4731c366
473063c5
471185b7
470a026c
476c49f9
47406831
4702a51c
47493dda
479dcabe
46a88db2
46d9154d
4738ace5
47009d8f
46d9abcc
4731fda8
4710f32a
47157323
4719b7dd
470ba589
4701740d
4726fc4b
46f9ae25
473e5fe7
46a60f3f
47600b5b
47cac9a8
4701f679
472fc681
474c06cf
47a26eec
478dd164
4720d607
4711590a
47e46f97
466185d6
4772d2d7
475ec515
47694b81
46d77664
4724044b
46f02735
475ff0ba
475cec57
4700ea20
47394e1e
476a1319
472c1b17
4682491b
47488bf2
4736a8cd
4702e18a
470c2cb3
4739ea49
4793afb4
47d2452a
4725cf2d
4702b53c
46cf9fce
46e0926b
46c24edf
47040341
47b2bda2
47553540
4712e134
470f99a7
4734b85f
46f1656f
46a5d343
46b4781f
474eeaf2
475828f9
473e9dfd
4788f5de
4713d583
4780a13d
4dfa97e1
472d2fd3
4731989f
4685ce28
46e09864
47156571
4700e54e
46df6c71
4703d55d
47057c94
46e56d19
467b9e49
473ad7a0
46e29177
46d7a7ae
476eefd7
478fdcd3
472c73f3
478a8f62
46dc9629
46b7706f
47259f3e
46dd1b6b
472342f4
4714a563
472f9f00
478592f6
4730fbe8
47094f88
4737d736
46d97ec6
46fd8c82
4de3d01e
473ff29f
47543742
4735f7ce
4724f137
46b00116
471bad1d
46ce105c
470f2da3
46bd6d58
46a1a4db
46dd6187
471fcc9f
4774cad6
477da106
4756cb77
4700754c
4720a5ad
46da223c
47d4bf69
47600e4d
471c956a
47370afa
47842625
46a9d864
46e6b146
46c98a98
47281d4b
47707ed5
47308b03
47026a45
4739249f
47065f7f
46d63821
4749aaa1
4713e866
46c771ff
46d4d093
46e05ac2
46e38d7e
4734d2f0
46f4d971
4696b3af
4707c61b
47364ad4
476a330b
46aec991
4737c373
4705c0f6
47cf5e0c
47185a9b
46d6c3bf
4777d586
47605fa5
475e042d
471dc3ba
46aea2f5
4704759c
4706ef73
47af9b39
46fd2b57
4714eab9
4735a9fe
47665451
4706aaa4
46a9c095
47168894
471cc89c
46cb58ff
46887f8d
470e957b
46ea3eec
46c57a7d
478b0115
46fc3a13
472dfe8f
470a292e
473e1b79
46fd8cc0
46e2e603
46ea4c9e
476c0db9
469f8e9e
475b4818
473be29a
468124c2
473fe684
4725cc67
46e08223
471b02b1
4728639a
46fad44a
46ffc774
46f626e1
471c86ac
46e93213
47034cb8
4de3cfe4
47029655
467ab989
471892e0
47771e0c
4724e7f1
46ac3975
472fee70
46e88587
47958263
47ad7246
473669e3
4734d480
46e5c92e
47a08037
47620af6
46fdbf84
472bd436
47180008
4707273d
478fa6e4
47b5546d
47cdfdd5
47787b5b
47853323
47345186
46f56f8c
479993b3
472b37d4
46c4da24
47058550
4697218a
4dfa9823
46ff5d0a
47120696
47675375
4761efad
475dab9c
4780b5c0
4711806e
46c32ca9
47299d29
47200049
477f25fd
470f5557
46ccd294
478b7c41
47668bce
476a6db2
47be9c6c
46ede98f
47003310
47255451
479aeb40
4767eac2
4709b960
472a4c4d
474af304
478fe48e
472b7619
46bb1649
4747c9b7
47178809
47c0386c
47173e82
46ea4de4
472ec409
4733e1a2
46cc9bed
4754aa3a
47a22bf3
47429e47
46dc4041
46c9cb00
473f7ab9
47364c17
4704c912
4694afd9
4725f661
46f4b444
47359b6f
46fd8aee
472b1dda
47227239
4722c98e
470b84d9
4715185c
475e9007
4722e0ff
476485d7
4760db84
47222b53
46a72a25
47ab5041
47819e8c
46c82255
46e88c5b
477b3167
46d2d625
479811cb
4784ca1e
474ed3ac
46d00b84
47235bd8
46c24efd
470140f5
470e1d49
47c9b9a9
476136f1
476b2b86
470c29a9
47a70fc7
4758acfa
46c72310
473b045a
46cabda1
47285ead
47f000eb
474445ce
4745f9fe
4725a837
4716bf4e
46ce0df2
46ebe43d
473c8244
471253f3
472b9e4f
476dfebf
46fd793c
4dfa97df
47850361
46583cc9
46ebc2c0
46ed4f5a
4734563d
4741f051
4776f0a3
4752756e
46adb144
476c38aa
472ea848
46b8e956
46ec3f33
471b5239
47335b0c
474f79d1
4683d62b
46ff04d1
4798257d
47151bda
46a6514c
471f302e
4765a9ee
469129b3
479bd7d6
46e66af6
477a8f6f
47d04e69
475dc7c7
46d58835
46cfa459
4dfa9821
470d3e9e
46c821cd
46b9295d
47b14b9a
475b3df2
4704fa2a
472fc237
478a8095
473eea97
472e8c66
46ed3f87
47240e5d
47173238
474c7a55
4763bb67
46d859da
478845b5
46bb83fe
4784a957
47800579
47653d59
47391fcd
470c175b
473b0f44
46f0967b
479a788f
476f5b01
46cd4d0f
471afe7c
46e8e8d9
47271832
47512966
47728f61
470d01fc
47b46b9d
478a2cb6
4755a380
4698b094
4790b260
46a6d9bc
46f90e43
46c4ed89
4723c2d0
46eb2679
46c94f45
477c7633
47154c60
46b70348
4775c0c0
46d7cf98
47945d59
4718630d
47139c87
47af198e
4799d494
476eb126
46d6a67b
470684fb
47167b78
46fb2517
46e1645f
470ba3fe
478808e0
46eb49b2
47052ae7
4781716f
472f915c
47099f22
4773625b
4713a003
469c66b7
470c3a67
473f0db4
468e723d
46d427a2
4791a842
46ec0572
46dd1499
469b97a2
474cee1d
46d6b6b9
46cc1db4
476859a4
478af720
4716b94d
47260242
471dbff0
47743861
470fe425
4750d87c
46f07a13
46b65668
46e86965
47961bf6
47386184
47aa612c
4dfa97e2
47135b81
473001cf
479de307
4714d693
46bab6e3
469c332a
4765faf0
469d2db2
473379b2
4702b13b
478a0950
46bbcef9
4666a35c
473aab8d
47273c3f
46adcb0d
46ebf286
4768419f
47517fa0
477b6108
470dea0e
477662c7
47248976
47456e79
472c442f
470b8e89
47845e79
471470c0
4668ed7a
4702d53d
47713670
4de3d01e
47d3aff6
46be310a
47769fae
46cec22f
467e98b7
472ce436
4770a4a0
47640dbf
46c699e7
47012b25
46fa2764
4701ea1f
47a53da1
47589a9d
46e0b5ee
469b1250
4709bce2
471e552e
46bed5d8
46bcee02
47084623
471607e8
47a7656d
46eff1f8
4753ce93
471ed677
46d0049c
4722dd97
4761a271
46bce1a6
46a5f8b0
4783d565
4723ac11
47138513
470a5d28
4729c5f5
46e4ec7a
46cb0810
46d030cc
4729111c
46ea43fb
478bb192
46a0b03f
4696cadd
47085ea4
4779fc32
470ea2b1
472e012b
46c63657
46ffc3a9
471a6f02
46f659c1
46ea6527
47372b4a
47755b5a
4688afd1
47ad718c
473b5b3a
47bc4d09
4709035b
470320b9
47748b1f
4727c554
46e2d4fb
4712f86b
46c9db0a
47253777
476026ac
47149c75
478cd3e1
473a3a3d
47921d98
473869b5
46c37704
46d7594f
46c9951e
46ea998b
476b03ec
46fc83cb
46c1c72d
47225202
47833645
47209c5e
46de730b
4704247e
47036460
4776c649
477bdab3
4784cfd6
479375c2
4712c0d0
4732958f
473fbeea
46de15de
47172791
46c77844
4de3cfe1
475a660d
472f79b2
475b59e2
4733bef4
469f4d9b
47ac1135
46b26b94
471c02ed
47572366
4728f44d
46e448b5
47358417
474e2b9c
47760277
47968752
472e83ef
46e865fc
470885ac
472f985f
4738879a
4768711c
46ea2161
46d601e1
46fcd835
4712de4e
46f4c7c1
4714983e
470457ab
4701fd85
472dae7e
476ba80d
4dfa9820
474c89a7
47985633
47047490
47901493
473105a0
4790d28c
47a23a82
4702af1c
46fbcd3b
46b3adbd
46ac5487
47038af9
4704f689
472afbca
470de078
4684e6bf
463dd237
47512af4
47838948
4765f266
470e3345
47829cb4
46ca0c97
46d314ed
4753e5eb
4707f2fb
47721082
475e6408
4751dd13
475a8222
471068f6
473f98c5
46c415cd
4744e7f4
46d89530
4717a3dc
471f5d44
47659f21
46b01363
46fb7b6d
46e6dcaf
478b0b0c
473a6c32
47450114
47633dc0
472c5dfe
47c61a69
46df51ad
478a2e6b
46eeb400
472ac1bb
47377e14
4783a3ae
471d1562
46dcf205
46c75605
47aa5377
47801912
47b5b7f1
472955f5
469f978c
47068df3
4720122c
46b148e0
46b1f8a4
4797784d
47009bb4
475a4a79
47500ec8
46c5a8dd
46f8897d
46b2bf66
469c7700
4711fa77
475e880c
46ec21d9
46f9eab7
478c70e3
4732711e
4717b5c6
47402849
478916b1
47280eaa
479d9b9d
4698ee5f
46b99a4e
472fcba6
46a18c94
472cf564
470541ea
474ec485
4719948b
46c06f6e
471e7b7b
46cb0a24
474228ae
4dfa97eb
46b967d1
47176763
47956841
47b6e6bb
4712eff8
46ec8fb3
476e608c
46ba8e34
475e3df2
4710579b
4710c3f5
470a1d4e
46e7a8ca
47368e8d
47199056
47157f5c
4719f947
46ba7a19
4760f2dc
4711ac31
478f3b47
470e148a
46ad8fed
46cbd4bb
4717e0f6
46e51a75
473d9728
46be46ec
46bfc1b5
47032edb
470cf182
4dfa981f
471dcc95
4729347a
469092ce
4777ae29
470bff67
470af800
4723786a
4691c854
47101f27
46f0ac8d
46a472eb
46f6b97e
470fec82
471cd503
46eb6b4b
478e4a9d
4715445b
47c0ef2c
4773e46d
47a0f3b2
479a898c
4752a710
471a943f
474f19f2
477f475f
4684c785
46cc84ed
46bb3456
46cc75d1
4787db5d
46c493f6
47360e27
46fa639f
470b6951
479fa504
475520b0
471102ff
47a984d3
472c238f
4771eab6
477c0111
470d773b
4711333f
4709b257
473ea3a8
473e1c37
47197a0c
46a07117
47577104
476ea659
47169274
46eb3f24
477fd6c2
46c0ac16
471868b2
475dcefd
47154809
471ac135
47436d77
4740bad0
46ce28dc
4702ac44
46e821bc
46fd6214
474a3b5e
473e6bd0
47061228
47b79701
473ac790
47256d0a
46fcd1e3
470b9c8d
470a6333
4710ee2d
4706b44e
4724da86
471ec785
471bcc1d
46f61f33
46a877d7
46eea573
473fd313
4732772c
473f0810
46de3f59
47531f6b
47249a85
4722f169
470434ce
476d81b8
46cece22
46b49e90
46f5943a
47419103
4712a7b2
46bf1392
4704459c
46f0a701
473d168a
46904839
46f99280
4718480e
472b9370
476ca5bc
46f67d99
47427e0a
46d11f6a
46c76de4
474730e4
479b755a
469ae9fe
4717d65d
4782772d
46935275
46ba0e90
4729030c
4794dfa0
471bd89b
46a72609
46beb8ec
4788051e
476eb9b2
4722fb59
472e33ac
47033269
478334d0
46a4ed5e
47740550
4de3d01d
473b0d64
470d984c
468b79b4
477b6eb7
46b5a9f2
474f5d39
471d6951
470b8538
4772ad39
46ab0473
47472d4e
473146a1
46b0f516
470fce01
470dce99
47122c51
46fafd38
4699d8f2
46d2ed8d
46cf4065
47ab8ce2
476607ee
4725dbd7
46c1a390
46d11c16
478bb4a5
46df3c90
472de6f7
475d3e21
475f4366
470a861e
46c28a2f
46d042b0
46c7f832
478f000d
4784afd3
46e6f2dc
4778cfc2
46d260d8
46abce13
46c36339
4744f210
4737fd85
46abb593
4745dd31
473b975c
469fb4fb
46f797af
46b4ad89
4683727b
46e7987d
47c1d5d6
4748f203
471a9e55
468e71a1
46e3c030
4736fa4f
470c8bbc
46dcbe9e
472259b8
4755c9db
469f6521
4727b7fc
46f53ab6
473c4d56
472ed958
46cbfc46
4767dc5e
4761958d
476bf0ad
46c68be9
46d09499
470e9dc9
4761b840
473655a1
46d9beed
4744c83f
4712a80f
47336503
46927689
47362ed6
46eaf35b
476d8316
4745f041
474f1e96
469e6403
4706e6eb
471cf112
473707fe
47c82c37
4711031c
47515bb3
472cd802
46f652e5
472da37d
4731009d
472b4116
4727cb95
477260ff
47020ff4
479cc9ed
46b0d1b4
479d68db
474087f7
470eddc1
473ec56a
471b8d4a
471ed76d
4782efc3
4644c243
46ee3de4
472c662f
46f7cece
4748faf9
4781fbce
475e1f85
46a6ccfa
4725a950
471087f8
46e688e2
4793ce3a
470fe443
46fa34fd
46c8ab5d
47047280
4785f7b2
473f5c68
4737e5c0
4dfa981f
47085e4c
46f483a6
472d97bd
472195e2
470ffdd5
47a8686d
47637cce
47479411
47718ee4
468b2ead
47475a84
46b13010
472fb1d8
4761d41d
474dcf25
47564acb
47998837
46fe52de
472c11d9
47600140
469df236
4741c650
46f9297c
475d5eb7
46e8a208
478ffb09
477a238c
46a062ff
46e6e334
473973ab
46fcd0a9
46cc9c11
46978466
46be0889
46b92bf8
4751c86b
46e7e6e9
46d247b2
47c33f6b
470debe3
470149b0
46b64344
46fb2a7e
46d0cf16
478f1842
46e7cc9e
46e1bc43
46b44e2c
4728c172
46c8bd51
47210717
4700efb7
478128fc
469b4e6d
46f63b48
47ad7d0d
4716623e
4714516a
47314926
46d56174
46ced444
47151664
47395ee3
46e0e53c
46a1e7fe
46c62760
46bd7e47
471b2ac4
47842005
473c69f9
478bda4d
471d0baf
47a7c23b
478fb433
47397112
47587b7e
47838e94
4793ec31
471746a1
46ffc506
46e5e877
4702d3f7
473994d2
4798fb44
470c5de0
470292da
46c4a015
47011564
476ee389
4721bfac
472161e1
477172ba
4708697b
470cd4e2
47a768f5
4717d447
4711b92c
46dbb858
472ed3aa
470bc808
46fa28db
475dd6c4
464a3eaa
47375534
46c5ca20
46f130f9
468f83fd
4708886a
4799f5a2
474fb0c7
475bff56
470ed517
472f8cc8
474ced5a
46d046ff
4731d73a
47630d7d
46d7aa8a
47a7f943
47446d9c
4785ad86
4786838a
4789bc37
46512d36
473fa65e
47538190
478bfce0
4750d2d4
4de3d021
4743d7a9
4702284f
473848df
4718e921
46c1e1b8
46fa5c06
477aa315
46fec6e1
46d2e47d
4762e7fb
4720ff72
46f8848d
46d82167
47456286
4680bbe4
469a4dcf
470aa472
471407b7
4731b09e
476d0ba0
46c7e4a2
46beac70
47297b61
477f3c60
46ccf6a7
4796bd3a
476d9f1f
46deac46
474c7c1a
47842481
47223459
4681a8c6
47100a51
47064991
473426d4
468b4fba
4783b41b
4692a4db
4733f8ff
477a84c0
469194a5
4792a74c
47774698
46ad84ad
4735580d
469b1f9c
4757a097
46cbaf05
475a5117
4732cd89
475eb8a1
474b728d
46f65f70
471e7fcb
46cc5414
4718e7f5
4747b8fa
471396ab
47245c54
471a8109
4757895d
46a0a886
473166bf
474f0cb8
46d62105
4709ac54
476f4946
47851b9f
4702cdce
478a81a0
46f92601
46c9ea54
471557fb
4679a6e6
46d2a2b9
472c1896
4747fb21
479d5178
4782227d
473d8f53
46f5c9f6
472655bd
47218a21
46f1ad1f
46ba86e1
4773d2d0
47697aeb
47455123
479c00f4
473164c0
4754dd03
468030e7
468b7675
476c57b7
473ac54e
46f6ac4e
46e19200
46fd682d
46cb858e
46c41f51
46e80e70
47208d82
47a07d94
470abbd9
4751a71e
4717ca0e
474ede49
46f37b53
46f4c1f0
472f89f4
47a5178a
471b95a5
475bfc02
46b0f80f
46df1615
46c2b71b
470ba74f
47283462
46f7e29a
4742db00
46c96cb1
473fdeaf
476e08f7
46fc4fc8
471418d0
477295e1
470aa901
474c4af1
4de3d01c
472928d3
46fdc04a
46a7ed24
47326d3d
47336075
46c49e01
47379a91
46ef6ebf
46d3e435
475f33f7
47027575
471c33b0
46c0731f
46867ea6
470eda7e
47176cd3
46ff465b
4669b65c
47480e6c
46e820d4
467523d2
478aaffc
47887790
472b2855
47288fda
46f1196b
46c62e03
469abe49
4734edf8
471b9777
46ae7949
476ad97d
46c10b53
4742f604
4711fc8b
47394b6d
472eaa9b
473049f2
47309546
46e50cab
4707a320
47c54b62
46ca81ae
47486dec
46d4041b
475b2af1
4701ee7b
47085f3b
475c8e64
47939e2e
4704b220
4733e9fa
4719af34
46dabf97
47bea86b
471db0ee
47b6bece
47214aa1
474e4d80
4723b24e
477fcfc1
4723fcf9
473fd02f
470f7bb7
4717053d
4736ab76
46fcd891
47011e84
472f7786
470f2d8d
47851740
47863196
4787852e
472b5cdc
47041a12
47449ee3
4730477a
46db6bf2
47240d55
47365944
469dde12
46b5ed87
46c07428
46989b48
46c48b08
46efb34e
478af434
4795bedd
46caa788
4713c8b5
4747b814
475e022a
475d724c
46cd19fa
479d6cea
479cb331
46b7a6d4
46ba09c0
478093f9
4701e12c
4728e1bf
4723ca19
475a1844
47349ebc
4717ff1c
4792bdd4
46dcd02e
475acbc7
47533b0f
47073480
475f0c0c
46c2a262
46af5369
473ff91e
474afb48
47160b16
46dfcf21
4749053c
46f58001
47c54c6d
47d602b9
47789757
477e8d34
4720105f
46f2ad03
47a02d68
4723709c
46bf2abc
4dfa981f
46b9dcdd
470f035d
4698ea26
470bb16d
46e13436
47266a7e
46a41455
47b0111d
46ed8640
47450435
46837c39
478104bd
4772d9a4
4747ced0
47f9dfa2
46be0983
47223c6f
46e73528
46e4c82a
4734291c
4748c71f
47a976ae
4703f79f
47060739
471d7dee
46cb7a79
47878997
472ff37e
4765d002
4730050a
47312516
46dfd58b
4712d832
475efb6c
4723797d
473d4219
47108b2c
479fe213
471bd115
46e76f95
47155912
46915292
46fc5137
47a41add
4737c466
47070867
475e4ed4
46ca7be9
470e5b58
46814e85
4711aa63
473400e6
471b05cd
470e40e1
475f2657
471c41f4
4717758b
470f1c01
471440ba
4702f99b
470dd144
47227e01
47804e5b
47dba889
4707484e
4796877b
47094a95
471aa40c
475a7c42
47d37a07
47094de8
47d00062
473cd929
479c9f1a
478553f2
4738ab4d
46e7cd35
4720cd3c
4722b886
46944348
47085019
46bed691
4710945a
4722f84b
475fba3c
46b5c9a9
471d7238
47866268
46dd215f
4732a24b
478d8f84
4776f417
46fac51e
47086fa0
47028b6f
4709282c
470397c1
477eb16c
473fe0ec
470e21b9
470a2a0c
4704d5b5
469a0655
474b7ecb
46a3ca4c
4756b0d9
4716eab8
4738d67f
47838afe
46e7b3ff
46afa476
47a7613a
46e7b8f0
47075cdf
472b47b9
46db72ac
478e03ac
47148169
46ba6a42
4716e31f
47285f9a
479fbe03
4683ea01
46b6b5d3
470966f7
473e2612
4739c62b
470f4d65
4de3d024
47202c6b
4738812f
4703735d
46f2e92d
4753ff06
46e81d81
470106e8
46b99747
4737e25a
474f5bec
474961bb
4713cd25
4719dcb0
478284dd
470ff60b
477ea679
47291800
46bb20aa
46db4449
47386517
46f0ae98
471a4068
4712fb3f
471e656e
46d690a3
46f6fb26
471fd027
4734d931
46e0513c
47682018
4790e3fa
46d6639d
4746b1c6
4734b5dd
46bb6843
47a5827f
46a0b7a3
46ae1dab
46ef01e9
474b6d53
4728672a
46a41318
4752e27e
47535549
471071a9
4701cb1d
4682a9c3
470cafca
4751181b
46979b53
4732a695
473aab2e
47404865
46f97721
4710e917
47072c08
47454f98
46f5ba3f
472cfeb4
4707f06c
474e2edf
4681f9d3
46d8c341
47032559
471f1d28
47a2031e
47519295
47307d4c
470c34f0
472b5b63
46e62c4f
4702dd3a
475822e2
4731ccfa
46c8e99c
47462868
47067792
46eebc5e
47840a35
475be6bf
46f6da62
4712e27d
46f60162
4711986e
47f87533
46b4b787
47074791
473b2ec9
4721602c
4703f0fd
4718a7e9
47330724
471b7dbd
46f6a431
473b8e12
47474df2
476edfc5
468665dc
46bd3467
46f252cc
479efdf6
471c0b57
4727df17
476205a0
46ed5a87
47148c09
471c5ae6
4715b6b9
46b82844
470473d7
4703a834
474f1677
473d2b8c
469f22fa
477740aa
474a90a8
472b6457
470d82ab
468b7d10
471f345c
47acef22
472790f5
4710f0bf
4700a47e
4783f551
46cc6344
471146ec
470600f7
4de3d021
46dd2e53
4760da2d
474e37cb
47051704
467f3686
46a6e9ff
472442d0
470dc951
46fbbd3e
473cc954
46da86b2
46ac7e81
47678edd
46aa7919
4729a8d4
46f9ab4e
47567b1b
46e3642e
46d6bc41
47b0c230
47866c93
4739f02f
473cc1ca
47632f27
479edee9
46fb6505
47724e82
474abbbd
478ce67e
475d2cc5
46e2ab8c
47ba1109
46dec13b
46f6c688
471e578b
471c87ec
46e6c890
46b57ca4
4751fed6
4727b0db
46ed7acf
471b8173
46ff7c7e
4780a408
476815ed
479cac32
46e5ad9e
475c995e
47673576
468f789b
46b069e6
46996f90
4741b3b9
46de1117
471f2389
46dcc5a4
475a5476
4736c9cd
4702f7ab
471bed9a
46f7962b
47062900
47543070
475c9a0f
47017e02
471b9bf5
470e956f
46e06175
47917e57
471f5525
46d9f0be
4737d250
46fad460
46f924fd
475aa08b
475f1fcd
46f04673
4710c91d
47690b1e
46fb4341
47632c22
46a596d0
4702322f
4783f3e7
4769da40
47499f76
47840e0e
475bf335
46c93fed
473e9f02
46d13806
47b6cb9f
46c7fa11
4723f4eb
47a122ad
46937fd4
47463f88
472f6bbe
471ccc17
46bff6b5
46f57569
476be179
471d6d09
471f9ca4
46dd4cd7
474fcff5
46d9fbd3
475e7153
46944b4c
471a5b23
47a44209
470cc917
473f13d3
467031e7
46916427
470a5215
47900021
46fff8a0
471431b7
4751a715
46ceb873
470425df
4782f9b2
478f7ec2
47058146
471458cc
474adab6
47810246
4dfa9819
4781135e
47027b57
478cbc48
46eef53f
475ec4b3
47a17586
47847ee5
47bf8e0e
472080ef
470d7a06
479b3920
478cb38c
476bd628
46becda4
4745fee4
47829c21
46d04523
470b4e42
4729378a
46e30b72
47abbe72
47948fba
4768dc3f
470153c7
470fc08d
470f6a2a
4792429f
46913f30
46f8b22b
47804744
4714fefe
471f3dd7
4814881d
4703a83d
46ac790e
4726e57e
479417e3
4698af78
46d1ed8f
469da84c
47515042
479c0178
477c22a0
471e9529
470f030a
46c34f7f
471c7e89
4692abb9
470d6cb1
469574ea
471bd3e9
46c1c97d
4736ad11
46fc1db1
470ae23d
471767cf
47492c5d
4722f083
476d8c82
479fca60
46eaec64
47020acf
46ef3ffc
46a8e805
47925ff8
4799f146
47764321
46de6335
4730d70d
47199588
4771463c
4780366c
4722ec92
46fa43b3
475154bc
46a92b14
47636b30
470057e0
477112c2
47499d4d
473d80f5
478d5dd2
470c2709
4665bb34
471ad2f1
46bee4eb
47479427
470230fe
46e4582d
470ef619
46d47804
4715eb4b
46ec9e24
46dcdba5
47c3e669
46ec5dbb
470b66bb
46e78dad
4705bb60
470dc77c
478cddc8
47610685
46f54aa0
47416b67
472bef0d
46ce8913
4738bb2a
4685f639
4703bf70
46d8616c
471bea9d
46e6f6ca
478937ea
47904881
47724e13
46ba3679
46eb90cc
4752c323
4767351d
46ceafb5
46f53578
475c7948
471a3b86
46f139f1
47158cc2
474dbda5
47540c40
474a9fae
4de3d01e
4712ed63
47135a88
473078d2
476ad5df
472a7d42
474a2a00
46bced42
46c6882f
4726575d
4794eee4
479338ec
472347bb
47388133
47118dd6
469625ba
4729668e
46cb3bd2
47adb468
4736a572
470980ae
4745289c
4701af2d
4737f794
47542612
473425ea
4755f9bc
4740de55
46e69ba2
4703c947
4713af18
47002efc
470a2944
469d3bf3
47090bb6
4737368c
47051d16
4779fcf3
4785a765
47740aac
4761f840
476b7c50
46d8131a
469fbf98
4718ef80
4695d563
46ae5179
474f2eaf
470f176a
474ae653
467973b5
4755645f
46b697d5
46c02c6b
47356b4c
475f17c0
4794656a
47181975
4730473f
471798f9
478ebf74
47529422
46d2dbaf
47c156ec
473d097f
4712986b
4742d6cb
46e8e9a2
46986c9b
4759e767
47455504
47364097
47543cb8
46f9b9a0
4711dd4c
470f873f
47581775
46f6cd89
477014bf
46c15cfb
4778585c
47be109a
47206066
474a8659
46f8772e
46cc193e
4751cf64
46c8e4b6
46c5d33e
47408fc0
46fc9676
47136df5
47c4d4e4
46e67d5b
4736e56e
476821dc
46a1bb64
471acd00
46e49634
47637ce5
471e8631
47913d30
46d299aa
46e3f6f4
4771a513
4735f5ab
46bbaf3f
475f557d
46b082ee
4743f2d3
47264d83
474630d4
472e3288
477a70f3
47412e2b
474358d7
474cc27a
472e2f2e
46e8e411
46c07a96
468cad62
47110a4f
470cf2a6
46c786f2
46efc9b8
4728b997
47054c73
474155da
47a019d8
4de3d021
46e2725b
46c08e50
477300ff
46d17f1c
475c313e
46ff0706
46bfeaf1
473591c2
47462748
474ac1c1
475c9b79
476d4eb5
4700ad46
470d73e3
4720b4ea
47184be0
47898f00
472ca07c
46a83d8b
46c613a2
47361fcb
472ff98a
47c2344c
4740fa4c
471013e0
46d25e76
471a1b80
473a8211
4734981b
46ed8f2c
4733487d
4735b4ba
46a1b320
4733cfd3
47967f0a
47a1f13f
4767120e
4662fecc
46cc0efe
471d1622
472623eb
467a61e1
479b73a1
46aebf55
470c6515
4755fb05
479acedc
46ef70ed
472193aa
477bf484
46fe56c9
470d1493
473d0f63
4711f362
4740944a
4744a75c
47a2156a
47309388
477490b8
47b60de5
473ebfc9
473cdfe8
47349134
46b63c3e
46ef30e8
46acad9c
47349d4a
470de0e0
47a1f2ab
473f4797
478246b5
47a4e35f
470af0c4
4702ed3b
478f544e
46f1f452
479b4708
469e76e5
473a67ac
47528a25
46e64cdb
474dc9ca
46dbfd0a
47254911
4738b448
46adcf2c
4760cea8
47845937
467921ce
47150482
470d4c32
4759fdf4
46fc9e14
46db1a73
472524f1
46f42e2a
47a1e10e
46a413e6
478a4275
46cc4145
46ae6b6e
471307d5
467e4c48
470f1451
47440f77
4733b8b5
4727d4f7
47b5f05f
4710624d
479d2dc5
46e9de02
47846592
4770c2ef
46e36380
46a0fa46
46e9cc2c
47511544
47189cc9
46fe53b1
47938bb6
4730fb81
4700946b
473b2975
474f59b9
4752e794
468ad406
47a09793
46c3e17d
4dfa981b
4724b28b
4737a939
4745fe7e
471119ce
46ba5168
470e5dcf
46f614f6
47035019
47385f3d
46c93f5b
46da1f8e
47945fd9
46f29db8
46aa3d68
474eeffb
47308fbc
473816b7
4758ddc5
4799108a
46d366de
46b01fe1
475390b3
47ae64a6
46b451a3
478893d1
47491052
4738faa3
470e27d4
4734503c
46fa8486
478589e7
4751cd45
470d28dc
471443c1
470199df
46ace428
4724c288
46be4df5
469e371d
4730d9ee
477b23bb
46c200b6
46b6d5a7
471aaa72
473ce3ad
470aaa71
473ba443
46cccd12
46ccdf06
46d3e6c4
46f5fd1c
4715a2de
4759976a
46f116ba
479099cd
46873ee4
47177fca
4724a8d1
4798cd80
46beb4c3
474f1177
474d368b
47090e59
4789289a
47d96211
47427b61
472b3c4b
474e05ee
471de9d6
47982822
4741d822
4759a5ac
46f33f6a
46fabb52
47a7b274
47c9f291
4714f8a7
4745d18f
46b64bf1
471f142e
473541f2
46ceff03
46d07904
46cea987
4761e033
4715d622
47319a05
46d1102a
47261555
4778f8de
4707ac90
47828e05
4737686a
46b773e7
47650830
4708bb74
47a1f014
475adabb
472611b5
46f7ba98
46f9c405
4727698f
4677c5eb
46bc33a4
4694b7c4
47408459
47409505
46bcf9e5
473eb2e0
4774b64e
4745fddf
46df99fb
470ba5a2
473be663
47340097
46eb4d73
46d4451b
46f16d67
471ba047
467b3a87
468b3c6f
470ca190
4769b2f0
471ac183
4711df93
46ba9195
471cf947
470406ac
4de3d01d
472c8195
46d1dbb1
478268de
472eb7cb
46eefd41
46d453dc
475a5fce
46920953
4694340c
47146e7a
47372114
47840ac3
478541de
46f23cbb
4777d650
46a02347
474a3399
47829624
472eefca
46e56cd7
46f6fa48
471c292d
46dcb08e
477bc66d
46f5f7bb
473d6789
47086a6d
471856f4
47042b0e
4709c03a
474ee881
46a69e63
476d26af
46e49899
474732b6
46ebe6dd
477d2a9f
479a1b76
46e318ef
46d0fdd0
47090b62
46f8caff
472b7712
46cf288c
472b9abd
46bea386
47166cc8
47714720
4771bd51
471d430e
46fca8ee
46e5bd25
47382319
4723cb03
47031c41
46891ac5
46fc0d3f
47a5d932
46d1ce88
4733f1e7
46fdfa2c
47120372
4789ba79
46f07d7c
468d256f
47832958
473d88be
470392aa
46c57bd6
471ac6bc
46e8e10a
4784ca0e
46b3eebb
47b541a3
47244124
47078e74
46bb0f06
472edca1
474dbe67
46cde8d7
47289dd6
46fb7d53
46b8262d
47304e80
4703d45f
471866be
4733dbca
46d08018
4667956e
46f64a49
472eaa4b
47657100
46dc5a63
46dc1859
46a19e77
468aee1e
478b4a42
46e8c4be
4710892e
46e49c9f
46ca92df
46d9ce4d
47671bcc
474ff26c
46c581b4
476624c0
4766dca0
47b70612
47779c66
476a27dc
4725f0d0
4706ccda
473a6a8e
470f750b
46b33418
472723c6
46d51067
470a5f9a
479443e8
47336673
47507b66
477a9977
473647f1
479b2241
4740c1ed
47408816
471c126c
4737142c
4de3d01d
47159343
471ff830
4718e605
4762abac
4708994d
4759e4da
46e83190
46c150c4
47102e87
46b37b7a
46bc90a3
46d8646d
46b3a2ec
473aea71
473beb4f
470a5385
46b28aec
47110d76
470eafb9
4754d924
47274673
478eee9e
468d6699
4787385d
471b80a4
479d9bb6
474ac8e9
46f5b2c7
476eb620
4703e8cb
4795b4b1
46ccee82
46e9d19e
46d72f2d
468449e0
4708aeb9
47286f72
475681f1
46bd3f8c
4704f70c
4767f53e
4745e3fd
473c7a63
4673d988
475dcbd4
470b6816
46ae7100
470a6194
47582ffc
472d16ab
47207ff4
47506513
46926c87
47649788
46d8a170
46e0d1fc
46b3aca1
47060555
4764dd65
46fa1952
4720e749
47176c15
47a63966
46fcc968
47889a2c
47263490
46d711a4
4683c0de
47125add
47276c8c
471de7ca
47203034
46cc6544
46fb8d82
47030b50
4753ce0d
4793381b
471ff97a
4786ce40
46c02619
4701f038
4702c560
46d85338
46974b99
4721e304
47646aaa
46e075fb
46dceeb6
471deedb
477250e9
47e054ff
478b70f6
471a2f11
478396e8
4708116e
473c1a9a
472ca9eb
46a4d402
46ecc8e7
471a2c9d
47573dfd
471d6b29
47398e69
46c7d290
4792e878
470e493a
4706c611
4710ec85
47515381
46fed740
471be206
47aa87f0
47368dbb
470050e3
476a7cb5
47805d2a
46c7a4d3
4737133b
47264a83
4776f8f7
46e9f851
47391025
47d8ea26
478403a3
470fee48
4713f06c
478045b3
47172782
4dfa9820
472337b1
46d897c9
472a008d
4723c652
4705600d
473a72bd
4784871e
46c11029
473b08e5
47058e23
470eaf26
46c37f69
463e0056
47966ffa
469fda85
46924d11
478c4277
47776691
46e088c8
47009654
4751abac
46ece72c
472446f8
467dfc5c
47938ab7
4744cf06
4747b60a
4699cbd5
46fdf343
46e3489a
476de990
478eb516
478becf3
475ec4a0
4715709b
473a4020
46c95eb7
4798871a
470c77e2
46ffd3f6
472b5752
478b8ca7
470c5664
472b8b49
46ff6449
46dc6904
46c38f02
468c42ad
46e15db7
47024ec5
46efc648
47474da9
47433504
47451924
47267f53
46ebee9d
4796397d
47c297ea
47efa179
4798b3cf
46d10b7d
467cd722
472ef6a3
47a56a4a
46b92ad6
474f3fd9
471669fe
46f1db86
479c08cd
4770edb2
477b3a83
46b16a24
46de1be0
4719b9c5
46b74619
46c8b83a
46d3799f
476eb385
473f8e8a
468b4394
46c1c3e9
47819036
4718f19a
4757e493
475409e1
47376d37
477d282f
472bf848
46df0bdf
46e76c6d
46ac258c
473ea0e9
475df909
4788b269
475de9c8
473e0007
471d10c0
46ff95e9
4735878a
474bd99c
46e05131
479999b6
46fc16a7
46d68d7b
46e5d6f2
46d53cfb
4746992e
4717735f
47655f95
4720503d
46fa9a0d
46d2ef21
47748198
47e270b6
47126791
46960693
4716a509
46b82975
47405e27
471ee854
4755228c
4713843f
47a79b47
477862e4
46fbc19e
4710d9e5
46ab8b4c
474a4fa8
4de3d022
4788d1a0
46f0bf0a
47273712
476a51dd
47a37db2
4735b3db
47750450
47b79f15
46867bf8
46d73f1d
46dca2e9
46de0bef
468d656c
472988c8
4717f212
47751ecb
475a8e71
4704a5f8
47983823
476102e9
471bd447
473aa399
4774a085
470e04c1
470bf689
470354d0
46db7c85
471f27f3
47624355
4708d9ff
479fad50
472cd039
468a0a02
47b11f24
4722b550
47bee0a3
46fce6fa
475c55bb
47399162
47329de3
47a55346
475074a5
46c6997d
46a8bdd7
47812332
470222d5
470dd1a8
474d3e87
46df50fb
47294722
46aafea5
46a4fb04
47417563
47744bc2
46e59324
46ac54da
473daca3
47489313
475405f1
474ce427
478175e3
476d8063
47372a30
47191a69
46e4a94c
47579487
474be332
47207c0d
46aef49d
478e8ad9
4719a490
46f60fb7
479e8410
46b9a973
4700e085
46c791be
47123d88
476e6413
47795f43
46f5c465
4790f2e8
46ca2a2d
46f61290
469d7bcc
4721bb58
4725cca7
477bbff9
468efa88
46ef814a
46f66df2
46a73a3e
4702e6d0
46d4f697
47a0b0c7
469cc65f
475baf3e
47212e4d
4774f734
47354332
47538755
474fc3e1
4730a61d
475ecb22
471dbfc4
478375f3
47231164
4737b620
47574a82
471a7dad
4766a318
4733f59f
472a3acf
4708e5b9
470101e5
4719e68f
46a896e9
47b6ca11
47a0bcc1
478c9150
472b3c83
4770ad0c
46ed2a4f
47a3cf66
472a4479
47203b64
46ad2fec
47277cb7
470d27a5
4de3d01b
476d2bf5
4714dd10
46b144e8
47170a67
46b56461
47502340
4717afcb
46df3faf
46f7ce93
471e7962
4688267c
46dd1407
47699409
46df2057
47437bc4
46e74e08
4713926e
471ca198
46e59577
4702f3a9
4754ae19
47373cf5
478ac212
470bb238
4725e87e
46c9d8ff
46e806d3
46b7c451
46e4b6d7
4769c3fe
46e5ecce
470123ff
4753b330
46e1b046
46ca732e
47056276
46c2f465
46986663
468a893e
47757c1f
46aada01
46f27738
47589c65
46bba19c
479f89f9
4696e02f
468940f5
478f99a6
4762452a
47934859
4730d5d2
472c10e5
472581be
46ce8ccb
4754c910
46c3f9aa
46eeb547
474c2500
46f1cadf
477b9e1e
4694e1f9
4778b925
4714ef2e
4712d781
47270117
478dacec
46e2d046
4712828e
4706cc61
4683b18f
4734cb27
478233b8
47e542f8
469c67b7
4720910c
4717e151
4703116c
4695f455
4718dfd7
470ece6f
4791ac87
47239467
4700dfee
46dae255
47488325
4752ee14
4723f107
47ad4e47
47c67554
4783ebcd
470396a1
470e32ad
479a2681
46c8c0f5
47c9c83f
46beca97
472bdab9
4729820e
471696fd
465cb1f2
472aa9c0
4736cbb3
4751e72a
472f410a
4715d45c
46a65147
46f7d1ee
475835cc
47023582
4731609f
46bfd227
475082e2
4743cca6
4731b4b4
47702cbc
47921fe3
4703d7cf
46e87c15
4725ad1f
46d627b9
472876f1
46e6afc9
4730c394
472bd570
47793a83
471c3771
479cd2de
46ec9cc9
4dfa9818
46bb1dd6
471acc59
46b72f66
47a3e73c
471b93d6
46d0c359
4774e5a5
46effce4
46de7be4
46c2ba95
471fb412
46c8e093
4757a8b3
478976fc
4707bc76
474d065f
4700fdbf
4709e850
470620f7
47653d66
478bda7d
46cc149e
476f4959
47622abd
472065ee
46cb1920
47145b50
47a82901
47086d28
46ff5171
47864d81
479fa523
46c845d4
471036d6
471dd2a0
46fe4173
46ea5ee6
470350bc
47902934
471026ed
46646c6f
46fb7925
46df89b2
46c5e678
46e3f7ab
479c9270
47f5d36b
46b2e6d3
47c8bc9e
470605ea
469a8dfc
47820534
4772acb7
47439616
4748a5fb
46c5ab1e
4784f2a5
47412f85
46fbd8ef
47200d25
470d29dd
471dcae8
4778d6cb
478976ba
470fea82
47b3b2d7
46cbbd13
4722d949
471680dd
470effcb
4710b58d
47178888
472629b6
47822cbb
46c625d0
473bb41a
47ac368e
47717eef
46b02fdf
4699eea8
46a4d69f
47720000
47385e88
4727633e
46fa8497
47964393
4731b002
4732e888
47558456
47bbb18a
469e2d03
470c12b7
46935523
46c7129d
46dc4e29
477b26b3
47165011
47618ae7
478234ac
472700ba
47620b04
4728c83e
472fefa3
47853db6
479a332b
4713a062
46af0f73
46b26e3c
47333330
47749fcd
46f74e20
4792726c
47570271
474132ba
46e03029
475b2162
47907d79
469fe20a
47171056
467418ac
473452ed
4749bc0a
46da2edc
4757c4ef
4750b5cf
47265f8a
4728aa86
46ce0354
4de3d025
4742ec4a
467b2ef5
46ceba3c
477c4d3d
46e980b4
4764e9c9
46c39091
4746c82c
471f73c2
469a4d03
477bc7e1
46de24b8
47328d8d
46ba8a5a
46edd106
473fef2c
47314407
476ec968
471a1907
47a75214
4717f63d
47978dab
47321620
47af870a
46c0a266
4720cc8b
475cb4c7
474f2908
471881bd
46a5b50d
47102f21
4727bc45
47921d6a
46cdea11
471bfc5a
47988791
47ba2839
46bde3cb
474bb544
470fb4bb
47318400
46c39eae
46e879bb
46a0a294
4742a07e
46a6b4bc
47004171
47bcbafe
46f7a823
476d688d
46fe769a
470121c5
4740adc8
4761ad5d
469302b4
4676a11d
47802cc6
4721eea6
46e95011
471fdf0c
46d4c6d7
47773b5c
470b2528
46e68e19
4738bbfd
47543905
4780cc3a
46da7f8f
47ccfe61
47158e0d
47965bd6
4727273b
46f07fc5
4717ac4e
46cad29c
46cf480c
47150d92
4745e703
46a1ff7c
47821e5f
473de4c0
46d3a89d
4769bb9e
471d1ac6
47395ffb
4725e3f3
46db9fa0
46c854a5
4747c277
473a053a
47266051
46901017
4720f4bd
474a6171
47853ee9
473ca0ca
4702551f
473a2122
465efe38
47926eee
47434979
470c9f2b
475e2032
46ed079c
476e7876
472ee428
46f6149e
47ccdd12
4776ffa9
46e5f004
468a6b1a
46e1ebcc
46f66a4e
46b1f73f
46de54f9
473ce4f1
4779a97c
46ef7d21
471e2ec1
47379129
471aac9a
47154c94
471519c5
4760b482
4713bf37
471482ec
470586c3
46b8c389
4dfa981f
4770410d
47ca0c6d
47b40bf5
4718a1c8
4782eb82
4716538d
472131df
46d90145
4721449e
478a1f1d
4713c2cc
47a56fe3
47018e2a
46c3986d
46da1a90
475c9ae7
47a5df13
46ed083a
47360743
47312607
4710fe48
46a684ec
4731740e
4702991a
4745a51a
464d0b24
46d6d3e2
473d62c3
4761ab29
477654ac
47a335a9
470b378a
4730e4e9
46c2dc16
46c1cd9f
474a9141
476908de
473f0973
4775e5f9
46b0943e
473ea23d
47bdecd8
47a067df
4798c206
476251bc
46fb865e
46e3bb7d
471503d0
47056f74
478b3e73
4729af5c
46cee7d2
478044a9
47132774
475fd277
4736f817
474685f6
46f4311a
4701aab9
470cdf2b
46f86254
475a5e91
46a1a738
473c2012
470ea8c6
47a49fad
46da5f61
478e6328
4725982c
476b4828
472c9ec8
473aa1a1
473b4241
4720499b
473d2882
4761955a
475eb122
470875dc
4746c5d4
4756e4c7
4737a250
46b34690
46ed012f
46af40ca
47399792
47a1d967
46c784c1
47314f38
4753106e
47b1bb8c
47162894
46fa8d6d
470d5477
476dc3d5
474200d4
46bf982c
47432d9e
46b04ee1
4726fc5c
4733d8e1
477b5a2b
4765c81e
4717c2c6
476d8289
47324afc
46dbf549
474023da
47098e70
473b4a35
46f51b84
47217a25
4746369a
46bf9773
470f6421
4792d3c7
4737d2b8
47042053
4723fae5
475bc6b6
47b2e87e
477bcb9a
47323988
46c7324f
4764a4f5
478801d4
472441a3
46f5f393
4791a80d
4dfa981e
46a17d33
47290e71
4789d4d6
4706023b
475e209f
47427fb2
46e00478
472b53f6
47509fd6
47198321
46ed9418
471a2ce3
46df9e73
4767b4ef
46ff5b02
47091792
4727151f
4711ff2d
46d15849
4781737b
477c9f98
46e058a6
46f5bc48
476f4929
470d394c
47135f73
47a5d815
474920f0
47719daa
470c0bdd
47998525
47522a07
479fb549
476d9a2c
4749793d
4728f43c
4725f814
468c2e34
477f0732
46c6f0dc
4728561d
46f37e42
4780d13b
469df5d9
47441b21
4713956e
471c6615
47799781
4705bd2c
468650ae
46a50082
471860a5
471e0d29
471c4b56
470ddd75
469a4393
46ef0f89
4761df97
4762c734
473668b4
4715528c
46d5db92
46cc0a60
4705a722
47426dcc
4708009e
4741a7e1
4775ef45
47beb667
46ea90d1
4714ec55
471f5ef8
471a22d4
478ad8c4
46d54c4f
47199711
479c15d0
470d47c9
478bf50a
46e35a9d
474f93ce
46deda4e
472eb66d
472477f9
47719f3d
4721d433
47517d05
4741ccf3
472e46c9
47100a1e
4710c6ef
47061e5e
4716cd2b
47054965
47477ab4
46eca6cf
4700ea09
46b06381
47c60b89
4798a5c3
478128dc
47acdb06
46c076b3
47c3079a
4754a152
47525b80
471830be
471e7077
46b0edfa
471a38ca
46e35962
47285cb1
479b2d6d
47299e5d
46bb7c1c
472aed1f
47a6fd08
46e3e1d7
46d141b7
469fec7b
4782ba19
4697f919
46a9cbe6
474badc8
47834519
469bb620
46d68664
478c3b7c
4de3d01e
47298a94
473b52d3
47894c1e
476988c6
46dc56f4
47105497
47432c5e
4735e0b8
4737919a
479465a9
47470889
47842b2c
475e5f52
472e3f45
47474fc5
47b79811
4790b9a6
4759ce59
463985b3
470134e6
46e3c8d4
46aa2ff1
46a5c53a
470c9d0b
46d2ff88
4772d435
46c3a8ed
4748c573
47332670
472f8b21
471b2857
470f3285
46d6c05e
4708aae8
469d7d1d
478f92d9
4789f2a4
46fa4dd8
4779e4f9
46dbdd6b
471e5653
46bae2fd
472c8a75
46ef515f
47388d4b
47121659
47198c21
46c6e8d7
4722cad0
4752ffcc
471ffc89
47402f81
473083f2
4749d74d
478d77bf
46f6d0e4
46944fd9
46cb953f
472cf546
470eb772
46f7976e
46e75487
46d3efe0
47312c41
46ca4dc2
46aabe6f
475a094c
476306ef
470c2d09
4731bf9b
46c43b8b
47af4686
4708c515
46edee07
4711d79e
472fa017
46cbc5a3
471f1eed
476b5609
469ebd10
47358b1e
46c844ce
47013395
46b552a7
471e6178
47822226
47158262
473a7cd4
46de0c88
47559d4c
471bf932
471137b4
46aaf48a
4707d68f
472181a6
469ef51b
478641fc
4743255a
4716b83e
47cc2cfa
472f5e6e
4712b62e
47aa05bb
4780b2de
46e84144
47675962
47144246
47442174
473873cf
46ffa104
46dc4ba8
47361e5d
46e7b48a
46ea256c
47160e5e
4756ffc6
46a590a7
470d67b9
478d4720
46dec40d
47982b5f
46f14a7c
46e84544
47b4075a
47830d28
46edb507
47b44c08
47517011
4dfa981c
4738c602
46be44c3
47118fa5
47196c49
472699a1
47328188
475ee015
473285d9
475d5386
47257a22
47226b41
474c8d51
47b600c0
47a5d2dc
46f066d0
47848801
46c3e931
477b5cd0
4782294f
47346fe9
47817701
47a48bcb
46e9517d
4716398e
479b1cc3
4739a511
472facdb
47185320
46e0f61d
47b1ddd6
476189ff
47046044
473bdd95
46b35ab5
4717d673
47a25828
46b7851e
46b72a5a
47636d63
470d8bbc
472017dd
47164f46
470c4ac0
47878a9a
46b6694b
473fec22
47842592
47a8292b
47452c8d
47436eaa
46eaf81c
46be9a42
4728a4ba
4709c6dc
47977975
46b20dcf
46977372
4781f492
46be3b34
46b9d2c0
46a17409
47081e00
472ce311
4741ac9d
47105713
474d7762
47753607
46a874f1
47afc115
47046afb
473275dd
47115383
476f19e4
46cd8da7
46d96417
46b21310
46d33ba0
46f40e91
4772fb1e
476ac79c
46d48961
4743c8c9
46d46d78
470cd7c6
46f10f29
479608c4
474c0c5a
473645c7
467f5205
478e9f79
47ab3c4c
4703d062
472ed584
46ef6a40
4762e187
4750e545
46936836
46fc61d1
46c1f11c
477ac692
46eb2a2d
46cdfb1b
477e13ea
471cf993
468a9068
4728ff16
47585434
47ac0101
4706232c
475570a5
46cf1750
471c4b31
46febc81
473348bb
46fddd2b
46b26919
467651da
4734795a
471ca4f9
4772c94e
46ee2db1
47676c9f
4771a55f
476c57e0
46c61d79
476b525c
471592af
479d3f52
4dfa9820
476ef572
46ff9e94
4684a7c4
46b27096
47215b57
46cee6bd
472d82ea
4730b0b8
47235c79
472811b4
46a66b40
47bde760
47351650
46b76021
46bb976e
46d4ae11
47871d92
46cbc0b1
4730bfa6
478931a6
475d87a5
47e86ba1
4753c160
46d41029
46dd2551
47e7f1eb
47470d7b
475f7d7d
4739472f
4767777d
46f0c26b
46e833a1
477fbf94
46f4f402
46cab5b4
4718b865
479bc501
4706fb2d
476b7772
47123869
47403e4c
47130997
46eb2b5d
473d265d
46cbb1e8
47499092
468beeb3
478a0f18
47aa9db3
46547665
46a0e259
46b021ac
46ad1a64
47764bd9
47188608
471c5f94
472f621d
473c62b7
475e4a70
46bdccb8
471ae0ef
475cad2c
4723ac66
47743f5c
46a28b98
471e34e5
46e34d74
477588e2
46dd5d82
46b66418
472d0e23
46e05bdb
47be872e
4724b1d7
46fef6df
46b1ab9d
4702323c
476cbb25
46d41202
4728de9e
47a23298
4731ea11
4751b6ed
46d6f1f6
46e54e14
4726baa3
47dd276d
4720c6a6
47440fb5
46a41d47
4798ec67
477d906f
472e72df
478bff56
470df5b2
47140934
47879007
4718c52a
46f6ee07
46fcab06
46db2b14
470b79c4
4742fe43
469f2880
47399a2c
46f150ab
47871123
47806cdd
47429d8f
470a4108
46d8007a
471875fc
477e5b4e
46e79a5e
46babb27
470bfba4
4700ddfc
47539ec5
478cb285
46c84bbc
4726c4c2
4685bc02
4744b64a
471d9a64
476d250e
4695e0a4
4705fa39
47103487
4de3d021
4708b429
471da20d
4667fabd
47851cb3
46c19eb9
4763f42e
470f1c62
4692e9e3
476aa605
47c3a69a
4748f7f4
470eb68b
4707a0e8
4788c95c
46b2fbb5
474dc4c0
4739abb9
47020e88
46e85827
4780a384
47807a7e
4746c565
46ebeca5
46c71fff
469cdb85
46b2527f
47821771
46e466ad
4755a32b
46eca36c
4748a12a
473c0455
46c80068
474f4200
47311f77
47052a18
47842949
469fbc1b
46fe479b
47a4bd22
474f48d8
471c8d3a
46f14770
4706151d
46cde4d9
46feb085
473c5b46
46a19636
4715eb3a
4701b3a3
47037aa9
472c937f
479b4ce8
472d7ca9
47c0221d
46a91c6b
4766e01a
47329099
47767183
47728df6
47239cb3
46fbf6e0
46b96f02
477b85b5
471c404a
470092a3
47c9c3b6
46f523a8
4751f080
4784ef87
472cd27f
46e0bcdc
4683f76e
47a19531
46f4ea57
470a1e24
47241b51
47d73d2a
46bb5a74
472ab77e
47945def
468af1fd
472b6b7d
46bac704
478e1719
46c33707
47820f42
46bf5ad5
4715aca5
46e5da7f
47c73ab9
467b4eae
47318b77
4765293f
4776a683
473c3138
474581bf
4737be5e
4741ac06
46f754d7
47234fb5
473614e0
478dc5b5
477772b9
4711e2cb
47379f6f
47a5ea6b
46d21c63
4717571f
4692a9c8
47146edb
46d3a38e
46fd5246
46e2da84
47169010
46c1d522
477fe505
47176fe1
46d12703
46e6bbcf
46f82f8c
4731e73c
477d9b70
46b7d2d1
46bc1a20
46dd4ecd
4757f08e
47093c45
4dfa9820
46bbbaff
46d50d9e
4713ada1
47422386
47902c94
46bec879
47408f38
46a7fea0
46917b30
4720861b
46d8c266
4705f384
478a78d2
47aaf5c4
4798f75b
475d9940
473bd2df
47012c3f
476712df
46cb19be
46efa902
46f1e5b4
47079ca9
46e402f5
471cb9c2
4762cd70
4730cb4d
46bb5e25
46c531ed
475b73f0
4729d9fd
46f275bd
472c427e
470b382d
46af2615
471ad48f
472ff5f9
4788407b
4760122e
47866b3c
4714b023
47067d2d
473537cd
46c97d0d
46acce09
476ba384
475ddefb
472073aa
47a7b1ad
476ef541
46b56305
47d2b9b0
4734c941
46fe67bb
4723a244
46b1c22b
46f58a3c
47767b80
47a3bc45
471b9fb5
473e79ca
46848bba
46ea7a34
47602e13
477e5bd1
473af058
479f5359
4780d673
46e5ed8a
471894ea
47631ab8
475a4ab3
46ae6533
474d9c78
46fc5b9d
4717908f
475a5a5a
471b2816
46d7002b
46d7b03c
46b5a8b8
470810a3
46ea1c73
4724e7a0
46b5f788
47641692
474ca37b
478dd2c5
479b0428
473e37ec
46f1ca1d
46d79c27
469ccb53
46e858f6
47bf39bd
46ee2db4
474b1874
46cbb7e4
47d8fd84
4711b772
4745ff80
46a3c90f
4743bba2
46ad7b72
47395017
46cf4505
47445ab2
46fc1ada
4710836c
471d02d8
473707ac
4723ba20
47988ffe
4698a721
47450993
472d36f3
471b2520
4794ff5d
4709a899
466889f7
4719135e
4740631c
479f69de
4748fc70
474e2647
47120b13
47637d8f
475f0a3d
4dfa981c
47123bec
4704850b
47a0dcc2
46e577f6
471e0560
472afd39
47c8dfd9
474202e2
4713e3db
4717cf18
46e2429a
46fa12e9
4747db58
47a69082
471985f6
46e695ac
476f4aa9
472b48dc
473ad8a0
46b7d73b
46bae597
46d2b38a
4714abf2
46cb5a38
471a3043
47155528
46fd7f24
46ec3c59
47c24c4a
47097fb9
46c77ed6
469c3c0f
47502ef9
472a84e5
4790754f
4748315d
470878a8
478b117f
47122164
4717beb1
4713c152
473b1c4b
47a1dc73
470a5a56
4798f8a6
46a747b9
46f0e97e
473dffde
46e20e29
470e1c96
470714e4
4727cfd9
47160c2f
4727b853
473802c1
47abe1c9
4713dc48
4709f940
469c8441
4757c58d
471ddbd2
4731ef18
47610721
47318634
4710ef85
4708d3f0
47e7a37b
471fc020
46f834cb
4779e7d9
4737b2ad
4726edef
472898c3
4726d7f7
471425eb
477ed630
46e31383
47403d04
46badac9
473ffa03
47251c5a
47111e83
471056a6
47ca1aea
46449975
475440ac
478f2013
473c8420
4736b129
47510d90
46d53238
47a3d0d9
46c4705c
46e95ab9
4702e9d4
46e7f28c
473ec49c
473d4be5
47816b0d
47ab9f11
47203583
46f625b9
46bd544d
476cbad7
474d13b1
47488eea
46837bc4
47734506
475cbee0
471780fc
476fe13b
475f3888
46bd8eb8
469d52b3
46e1f28e
4709d1ab
470ba2ef
46f53afb
47196f2e
47883b25
469fb7ce
4739749d
470f2bca
47cfa2c5
478da5c5
471e302a
476108b8
46985f62
4de3d01d
476ff43b
46f57589
46e131f7
473e765e
4701e3af
47b05248
478a62f9
472cc030
46d93752
47954fac
46f927bd
471c3619
46fcc146
47195cd3
47712572
470768d5
477d106f
471ad654
46ef1823
47aeb17f
4726e0bd
46c7234e
47a22fae
47218810
47460432
4784e214
4778963a
47188fd2
472b084c
4739ba8b
47646d0f
47771f25
4715c9f2
47094bd5
47890f23
478c63ec
4707bedb
47371469
479e8bed
468dfc4e
470815bc
47707bfd
4718c6b9
4697923f
46b6b02e
4700fde7
4720017f
4773e7dc
46c7d4e7
46c937fb
47090533
471a99c4
47577309
473121dc
47a04b5c
470b7c01
47190f1e
470a9459
4746fcf6
477a6cde
4745b779
4783a175
47053239
478ffecb
46b06d50
4776238f
474d5f9e
471f662b
4753d40b
47616cef
47591e60
478ac464
475faea9
46b37fad
47827513
46d18c30
471efbf0
472e18ea
46ce9204
47850bda
478e1a7f
47420be7
478ba1b6
47a25993
473ab220
469f2654
478f6dc3
4785de74
4704b375
473446c0
47063af9
472520a8
47904723
46aef86f
4700e329
4732de59
46b7f4cf
475018f6
46e33aed
4781128a
46e885e4
47231570
4708dc1e
47bef193
479c91c7
475037cd
473a09ca
46d9f148
46ea54f1
46e1d236
4768a825
47618901
47333a9f
47098138
46dfc522
4786fff4
46f97366
4767a97b
47397979
4742352f
4711b9d7
4789f418
472d02da
47065de1
4771c929
468e5310
46e17da2
46e07398
4dfa981d
46cc4c3a
4706b45e
46ec1dc4
4714d050
46ccab15
476646e0
4727e379
46b90364
4771d235
475db033
46ed363c
479c3cc8
4755aa4a
4714b757
478308d2
474d448a
478e41d0
4719ab51
4705508d
46c45d05
46c24b17
47c2ea37
46cbef22
4723d582
471a5cb8
474db8c3
47abd60d
4716f7aa
46a77e1a
46d7ef97
474ebf0e
46cbf830
47a1419a
47239d74
46c2a47b
469c3f80
475dbb6e
4719c713
46b811f7
46c2c8ca
46cbe794
47520c0a
47ae7f5d
472a2505
46d37aca
4756330f
47486a14
47def2bf
473367e0
47134a41
4686c018
47757f3d
47317f26
47045a2d
4711a50d
46e46b2b
471fc4ae
47532770
4757ed6d
471d0128
479f4883
47248661
4708f6db
466c7c4a
46e466a1
471dc2b3
472ce5e1
47519f38
4713fc0b
470092a5
47064fe2
47680e54
46d0792e
4713064b
470d2408
46d351f1
4725650b
4712d002
472a50f5
470631eb
46eb487b
4780dd7c
473a7753
47128648
470b04aa
47302813
47605ac6
4783b5be
478d7c08
4768f32c
47593b1e
4735ad20
4743126c
46b7e75c
473ec60d
472ab864
470cae53
46e30678
46b39d74
47710664
47b77a62
473b83ac
473466a6
46b2270e
476c3dc9
4798b901
475ba179
46c9ce7c
46e09685
47022259
473ac5d8
47c07df4
4750cfb2
47313fe0
46dd4daa
476a9f8d
47051a44
476ac8c7
46c65e8f
47918882
471f8fea
469b2b78
470efcfb
47778ef2
47243151
471d4768
4713dcf8
4738d4af
4dfa981e
4696bce8
47bad478
472785a7
46f9c219
46fc3313
476be1b6
478a7f93
47118e4f
46f20e13
478684ea
475a426c
470b30a6
47112464
476c467e
4719d3bc
472a2421
46ba5694
479db445
46ee9d4d
46f6f794
46b6cc88
47440d01
46c66886
472e89da
47a2493d
46e2969e
4740cc98
4710fe84
477897d8
4722dd3b
470f705d
46d65e3e
46c701a7
47116e83
47486082
4741f63c
474984e1
471a51d3
470fc02a
479ae8a4
471552b3
4713ebfa
4702a5b1
47579a52
472cc87c
47611bfa
4730e925
4786dd40
47267985
47b3132a
47400821
46c392c6
4780f710
474dae20
46f25459
46f6d753
46da867e
46de7b19
46e51e2a
46c57ea8
471864c1
46b4f716
46eec5cc
46e3af61
4702677f
46d28ed2
47570833
474129d6
46889953
476d8486
46e5648f
46befbdb
470b654f
4789970c
46c8a0c4
473f5241
4749e658
47564d11
4724d94c
47870c25
474c63d7
4737f8e0
46d6fa6b
4712e61b
475240ec
47887a95
47942e26
471478c8
479d4d12
4777e028
465effe6
46efc7fa
46e64698
4733ff1e
47b4b28f
476cc9ec
46cd85c8
469d1a44
46fa0390
47b9716e
471a7986
473b1d6f
4765deda
46e25924
46f1f8ee
4789690e
47269f21
469a0072
475f7b1f
470a5d79
47189054
47710bff
47324b44
4779fa90
470c9e34
47163248
4723ae2a
4719c289
476034fc
4695ea3b
471b5606
46c20133
47e656ea
473ea829
478cc49a
46b1e261
47663876
47032dee
4de3d01d
473b4370
474c62e9
4784e6f8
467bc93c
472186b6
46a67d71
4738473a
479cf169
47836752
46cb42dd
46ef28ab
470a7d6c
477214f3
4721e026
46c520d6
47543875
478a7977
4796a275
47176359
479037e7
4754ea4c
47c4d45d
47787bea
46bdf804
47527087
4692118a
47892e4d
4731617f
46dafb62
46f9a09e
4771d905
46c4ff9c
46a84fb0
4708b3c4
4720193c
46b5d12e
46d846e5
46d855ce
47428cdf
470a56ce
46f381eb
46de4086
47489182
478fda66
47185e93
475d5e4f
46d0f5a6
474e525f
47164948
46ecc2fd
46bce18d
47489b62
47188a9b
47a1159a
46daf639
473bab87
46af4cbe
46a6baf5
4734cdcd
47244dac
470eb16f
46c2e736
46b7a1ca
472dab13
46ed244d
46d6a684
47091d80
4707510f
46b0d712
46aa954c
472b1217
46a2a2f3
47531929
47cb6d07
46af6423
46f72521
4730e540
47a208b2
47344e83
4730d699
472b4d97
471afd01
4722d9f2
4788f1e8
471e3735
47302aee
47c45fa4
46dfca63
471055c1
4765ec43
46aad2d4
46fe9420
4706124d
47000ff9
46acd80a
4770be2c
46bcdbca
46cd4d5d
4710f0e1
478d342e
477bf104
469f3404
471b4d39
471c8801
47149490
476cbdb5
47327a33
46c011f8
46e9d061
46e4fc73
46e1d0e3
46d58206
4797e565
47138b23
46c6d841
4730ef70
47d7cb02
47477906
471b4448
471f7731
46b9de11
470f7708
468aaabf
474c1501
47b73653
46e585bf
46d0086c
471f9cd8
4dfa9825
473ee46c
47075d56
4708bfd7
474e13ab
471bb426
47797889
47076250
47138997
46ee2d75
479e0c7d
47578b36
468e9f8d
4740972c
475746ef
468d0efb
47156c6b
46d44412
46b33816
479bf589
474fb182
475e8554
46d34a5c
4707f5df
47494208
47539c1d
4759f309
470ecaf5
46d5fae7
4726291d
47888408
46bead89
476c82f1
47adf804
473fe923
47da8470
46fb9580
47407fc2
46e026c7
47218afc
46f7f9fe
47d07a08
47a1ad79
4784200c
474a9844
472eda4f
478bf0d2
47725b6c
474321c6
46b4447a
473f620e
47415801
46b31ab7
47d1bd74
47944ce8
47790469
4761d7de
474a004b
4791641d
474ae8ec
46e4f2dd
47389498
470cd890
473b491b
4769359b
4720eb28
47659816
47906383
4700cfb7
47908d5d
4784b8b3
46de0cc8
47144832
473fb54f
472885ea
46c03c7e
470b6f2a
473e9972
4762fba2
47922782
46bd3946
47082326
4772c3e1
46d6f99b
4713e70f
47330b51
47ab68ea
471a7638
47013711
47a089a5
472283a0
46d1517d
46d25771
4711ae53
471333fd
46efe144
46ef3b08
478f7399
46d724cd
47299bb2
477aebba
471868b9
47a58378
46f12264
4719b1c9
47231977
46a6d9fd
471e21b2
46d90687
47297c34
46c7f02f
46e50b23
47539a59
470f2726
46ea144b
470d214e
47741388
474e818e
4739412e
46de60df
47a6f92e
46ef4f8c
47728f1e
46b61050
4725f174
46be436c
466da3f5
47913407
4751219d
4dfa981f
47457c0f
46ad9a52
478abc12
4719e1e4
46e23351
46d62b99
4744e6ea
46c315d6
4705de93
4721e582
46de6f4c
476e212a
479809a1
471d2df9
4726f6f5
476cfc24
47149602
479fe2a2
477f3a04
470f67e8
46f501ae
47079480
4754ff23
470652c9
46edbed2
47d6c6c2
479ddf0a
4785c0c9
46f10a30
472ca6fa
4682ecb7
472034b5
4769a1e9
480a3b95
4702f0b9
4713bc3d
47026544
47213da9
47d3260b
47640bef
475d2a00
478dd06f
471f6296
4732ad10
47768978
47591c8a
47559856
470df6a1
47466352
46ab9ffe
47482894
47826bd6
472024e1
47925f0e
478d1114
478ce6d3
479f7665
46fbd431
47258a03
4706ab11
464cf5b1
47411e81
4736f0b3
4706e571
474cc1f2
4748a9cd
472a5798
471bce2e
471121b5
46be7f8c
474406e8
46f1a86f
46c2edb4
47659bc9
46ded8ce
4733bbb5
46d6ccd4
47066216
47054bcb
4704238d
46e4135c
46b46024
472deddc
46e45755
47c847f1
47758a52
4692e2b3
4771d811
4736c2dc
46fbbb54
477f1944
46c26e85
47fd3e55
474ea5fc
472c4f6c
4737162f
470bee62
46ec2c96
470c453c
4796c01d
473ae144
479318e7
471b3063
46d12d3e
46b89358
475e2e01
47999b64
4721b44b
46f10f70
4723fda7
471aa7f1
4747a7df
478d3dc0
475ea991
46b7e7f9
4789f53c
4778e70b
472c97e3
46c0123d
477dbd99
47481fce
470e48be
46fe2951
47229e9b
47303298
471650b6
475bffa6
46e3aac8
4de3d01d
46931793
4743ce76
470e247c
47193a57
46dc1c48
471e604c
47338db8
47a2fa7d
47224622
46c87c66
47b13c5e
469261b6
46c05afb
479c2af3
4692271a
46f2e396
4795b08d
47128a3e
470145fb
46fd4c57
46a61d7c
47ad2a3c
46d45dca
47580727
474d89cf
47211a54
4705b513
46e196f0
47327227
472e1af8
46cebd6d
47542849
477b757e
46b569b7
4746490c
47080228
46ddaeff
46c25121
4746f9ce
47394009
46aca046
4748375f
47400763
46eecaae
46e88c92
470c6c2e
475263f3
47babde1
4786d18a
4741b481
47097ac4
47125405
470500d0
46e931f5
474eaab7
4717bba5
46c46d5f
4783cc80
47500d0d
473882b5
47921d05
4791e7ee
473b33fb
473533f0
46d6f79d
47775a76
46e6d743
47024483
476a95ca
46a7d219
469c82b4
46959a07
4704efac
471aa826
470187e8
47094dae
4725f42a
47161cb9
47a0740e
4739538f
47113511
4787e42d
47067775
4708135c
4738e695
4732e297
4789284c
474e226f
478bbaa4
4752e2de
46fc1d67
47083728
4740f7de
473918f5
478c7a99
47804ef6
4751655b
46eb4ace
4794f373
474e01ef
47668771
470bb9a3
47112247
4784c8a1
46d54e99
46f8ef01
46cb22da
4750a013
471c6e9f
46dc61d8
4720f7dc
476f85e5
47038c8f
475405da
4763f2f5
46d77b3a
4763330f
470ef5c8
47217361
472ccad6
472bfe4d
46e1ccc3
475fd72f
46a4d02c
46dc6d77
474db593
46f84d0d
46c37605
4dfa9821
4712dd2e
46f4b280
47a31d5d
46ebc40f
46db8f3d
47538ed1
479d8c1a
46fdde67
47187239
476cbf1e
471152d4
4770da3c
4721e938
4706f262
4695f1d0
46fbd34e
46bbe2b4
47973052
47a26626
46f4020d
472aa4fc
47033f28
46ffdf2e
47145c45
46a6fd3f
46d3388b
4722485e
478fc0e7
4713d863
47408314
46c56bac
47438ced
47b1cfaf
47112f92
474d2ee5
474ca27d
472d97b8
46fba44c
46c0b608
475eb8ce
4702710c
472a9cf6
47307878
473a5807
4775f8b6
47a53d10
47400c6e
4722c43f
477240de
479a3cf4
47975083
472de8d7
46c61407
478f05d7
47156b90
4755832f
46c510dd
4796e692
47593cf4
46cd8281
47969b66
47801a53
4724e136
471e2201
470c7e01
46f91017
47062c9a
46c02bf8
46e1bd37
47af7d34
471110d4
4785ba17
465b54c8
472d20d3
47a25efd
474e1bc4
471d7922
46e40d0b
470ccc8a
46f4f771
475289d4
47860e44
47a642a7
4766c54e
46c967c2
47478c1f
4708f46e
4752c92c
47581292
475fed40
4696b60b
473f8546
470bc8d6
470bfd3e
4701a7de
472b48d3
479a94cf
46c297bc
46b2368e
46965956
472c3e33
4749b7fa
470cd59a
476a6c03
46fdc117
4709e37e
47a18d34
4728d275
4748a1ba
46f7db53
46bdcc92
46c96a8a
46ac5a92
46f73f44
469efa13
47258d84
46fe803c
472eeb4a
470b6527
472f3ad8
47245b22
4730c626
470977f4
46ab0153
4774b2ee
474d8179
46c61cc8
46ba3b82
4dfa981d
4759e7f2
47681aa1
46b54662
46bcd184
47834bc4
46fe9bc4
4719f0ef
46f7b322
46950be3
474ce545
47580c4d
46d8a8ea
4723ba12
46b3d35e
46e0e19c
4739229e
474fdba5
4705b806
46fdcde8
46f97139
47007d54
47c74a6f
4737b6a7
47054ec5
475bfda5
47863b1f
476881bc
479aa2f8
4743a04b
479b40d2
46e99b53
46b01382
4704e808
47622eeb
471980c2
46ca9475
472aa9f6
474bc239
46bb7ee1
472faa3b
46f69ef0
471ba53c
4748818b
46c1c5d4
46ba2f2c
46e34666
472d6a65
469d0fac
47af9cc9
47462cbe
4763d485
4728fd3e
47251aba
4724d415
477fa6b6
46bd9b13
4730267c
46e26b43
46e3855d
473af0d6
47270f9a
475fa43d
46ab09fb
47862a3f
475c4b5c
46b259ba
46fb388f
46e7b60b
47638fd4
4711ac54
473987b2
47611690
46cd9b1c
470c9871
470baf9a
470ec423
46a67e7a
4744d5da
46d77fa8
47628a4c
46ac50f7
47751232
478264a2
477c1921
46cb41ba
4726fece
4705cf90
472232a1
46c9af99
4722fa80
4786d804
46fb7f3d
47547556
47138067
476e499e
473c5091
46ba8d9f
46f58701
4710036e
474ad9d9
472bed96
471b22b3
4712c38b
4797cc36
47011ca7
4741a473
4701a40c
46e075ad
470858a3
4715e0cc
46f3ff9f
472b9d42
47374dcf
4753681c
47150bb2
479b9621
47358a86
47104eec
470f10b6
469f9a6f
46b5d58d
478c023d
4799459b
474e9d9c
47825dc0
47426fcc
470bcd65
477d442d
4de3d024
46afbf29
47717ce2
46a1b38f
46f87861
46ed0615
46c675e4
4731ece3
47a3bc7c
46d5ed6e
47025baf
46c32ffe
475d4355
469b46dc
471bcf6c
476c5252
470ae91c
46c54e15
4782c067
47093168
474200a0
47a28a9a
47a48548
474fc844
4725fb78
4717e553
46cfbde9
46fd63f6
473eee25
46e6f1c0
476df996
468af720
470d27e3
477a7f03
478e6402
466bf63f
47d6421f
47448d0f
4734cf57
46f11229
46c6bd78
476ec646
46ac9f63
46ef1eaa
4742f868
4712da45
47a03eae
47374e07
478eabed
46e54366
472adbd6
474b16c3
4721e62f
4703147a
46d5f9d0
46a0543d
470f1983
46a77c39
4784b5bd
46b8f6ed
46a1b967
4712d733
47201273
46f52a16
468fe766
4701bb99
46e45daf
46d84677
4745614a
46b94a4e
475323d1
477efa98
47a0667d
46dda3aa
47a3ed51
4796e7e7
4716e954
46d13fe5
47461efb
479181d7
47859cc4
467e676b
475d1ac6
476cdb05
46ebf741
46a2e694
47ba0655
472aa5a9
472e6cf8
478f5137
46fbd7a6
472f251e
471f5d30
474dbd14
47158ed6
46c4be71
471ff418
47609688
47013762
46c58f10
46b76bc5
46daaf6f
46fc9157
474ca7e0
47807b23
471ffc16
47463996
46fcdbff
47ad692f
479edf26
4710784b
47effb3c
471ea31e
471bd8f1
473332d5
475a4bcd
475260f3
46e127e2
46774860
472948f0
4718f22d
470cb65f
46a76cf4
46bc23b5
46e29b4a
47249941
46aade8a
46cc4e65
47924431
4dfa981e
4785a3b8
47432c54
46d71998
4731bd38
4708488f
46bd2241
46fa333b
46e3c25b
478f139a
4712c68d
479238e6
4782f1e2
46d26a9a
46ff0c54
4705ecdb
478723e4
4764893e
4711a1b6
47088040
46ffa12d
4709cc2d
4797f6ef
470c7ddd
472a3021
474680ce
475109c8
47454770
476c051e
471b09e7
47470669
470e76cc
46e81ce6
46902155
46b208dc
47291ba0
474d8ac1
4783a293
476bb1e8
47439c10
47cffaa7
47967d37
47b80caa
4682cb33
4692ce57
46e144af
474b34c8
47e85bef
46ea57e0
46ba36e9
476c8093
475e0d9e
46dfe767
474eefe1
470720f5
467e1368
4761967b
47155923
471cfb87
46aefae2
472ffd97
46bf9f7b
470548d9
46daa815
471e86b4
46b145ed
473cd2ef
46b43893
472aeb5e
46fbaedd
4725912f
4746e2d8
46ff7454
4706be95
47372102
47400a21
47585717
4789370e
46c91992
46e61675
46fd874f
46bbb669
46f5244a
4750fc34
46ce6a32
46a9fbdc
4705fbe4
471ed041
4758f160
4707cd68
469f6d3a
46e13660
4731d412
476fa864
4782f064
471e1b02
474f4ea1
47088449
46ec9bbc
472edf26
46f1d5b9
47372587
47055a19
47900204
46b682cf
470f9861
4793ba1e
46f55f7f
469f8ac1
477d7d8b
4727c5b2
46e40a13
473d6d6f
46dabeb4
476f2e0e
478550d2
474ec4bb
470be47f
4797cb0f
474b1184
4644b59f
4708b665
471ff03f
46ad35d3
478c9005
477558a4
46c659e3
4737b2d9
473f1344
4dfa9820
470840d0
47621fe5
471a8db2
472af014
4767fbf4
47367252
47715bd9
470415c6
46d2b29f
474440e0
470fca1c
46f7a196
47627cbd
46e68fb0
47718382
4796be17
4726f02a
46e22d92
4784233f
470db50e
46a7db38
47890bb8
47dbd68e
46f36d1e
471c4348
47582f7f
46c47290
46ba0347
468dce0e
471b5337
47317c07
475bdb02
4760937f
47801f91
479085ba
47177792
47352065
47802e7d
46bae233
47113a68
470054e3
4792860e
473f7885
46b1b2e5
46cb435b
46d771cc
4718b14c
47421b2f
473431d1
46bd132d
46943844
4721c1a5
46f3d6b3
46cbaacb
46bd3fb9
472db3b7
470c87a1
46f65b13
46b5d411
47272861
46cb58e1
470afc7c
47855e71
476c5bde
474f4b3a
471868ef
47c87c36
46d15515
4707016e
478153a7
471a23cd
472e795e
46d00b5a
471fe85a
46a7d194
47186fd9
47c7dc1e
4701794d
46c0add6
47631bc8
4704ac8a
47918379
470f7e85
47290035
4718628d
470e7dbd
46895fbd
472685a0
46c2b6c3
47071c8d
46ed4996
46d8d750
46bcfb08
46ca1dcb
4799ecf5
475e875e
47e9745d
47142251
4697e5c7
47015e96
46fc27e3
47367902
4716412a
470a77c6
471945f7
47833a66
46e365f5
46f70646
4728cc5b
471123be
46a3b699
4711d918
4779d526
4710f2b8
478b0e28
46b755a3
46db9e28
47d0215e
47057c12
472f51ad
472886c8
470f1c86
470eb910
46e870d6
46d1ac14
4645ced5
46926d11
46e28fec
4de3d01e
47249eba
470f2257
4731f0b3
47147ff9
46ec8903
46907ef4
4692095d
473b6f73
47276310
47477ba8
471e93d2
47301f10
46ecf3cc
47051cc2
47589de0
471a785a
47303dc1
47113f6b
47804d6e
473c350b
470d3f90
46df5722
46e8873c
46c85ff2
46d78e88
46ae21f6
470dd4c2
4766cfb0
4749d5e9
46cd7455
47887e8d
479a0bc4
4702fb75
46e8da3a
479d816e
4702d259
46e61c08
47832297
472d2a7f
4777c2d5
470cf015
47ded5e0
46f0c68f
46c64bf3
478797f5
46752051
46a1d4dc
4727236f
468583a0
46f56318
47398236
47598114
4719e806
4765b638
46e2cae4
4772f6b3
478673e8
4729571b
47fb5e09
477e7cd9
472642da
477a6c12
4703d0c7
470b8a2d
47a00d3f
46a437d4
477997d0
46cfebcb
478a2474
471ca679
46b1b54c
46cca0b8
46eefa29
4705eb73
46e851b6
46e5f81a
471b58da
4706faa8
47834cb1
4721dc53
478238d7
46981346
4764c607
47045722
47031331
4780eabe
473f5674
46cef9de
46f58959
4703b4e5
476abe33
472fb900
47599b44
479d327b
47074045
46ae70b7
46f1e392
4779b77e
4797c563
47676ae5
4767a6fb
4706d61c
470307da
475cdc51
4712adf8
46aa24f3
464a635d
46d5dc29
46954d96
4799f124
46ffa6ed
46fa3feb
4733bca1
46d3e417
46c8c9fd
470f043d
46c276d6
46ea803e
47654b22
46aeacab
46fba177
470cb42e
47945431
47727aaa
46ce392c
47473b76
46ac28a6
475133f1
4dfa981e
471b6e0c
478499de
470026c6
470bc61c
46abe671
46eea5a8
47596485
46df7909
47717758
47a49d7f
46d1b209
4701ad41
47289a2d
46e7c382
46f6e553
47091c71
4724e2cd
46f694f5
46f48039
47bd1bf8
46bdf898
476cd8df
471efc78
4714bc36
46f180c5
4733742c
471cd0db
47695d87
4790457b
47940742
4718a4ed
46e25d6a
4769c575
46b3ef07
476a6932
47076db4
478a7b9d
46a9bb83
46ba18f3
46cf1a9d
47606b9e
47341204
4723e23f
46a2d27e
46e2d20e
4747ff85
473cb547
475bddbc
46cbd00b
46e64a85
472c6a6d
46d56fed
46eba2ef
4784e13a
474ff271
47186492
470da9ce
46edec19
47394859
4742ccae
47a01d80
46ccacc9
47b26d33
473fe3d2
473bdf76
46afd2e2
46d53739
4683c361
47932d7b
46df8909
479a6366
47227534
46debb4f
47175417
4756f31c
46e6e8e0
46b4976f
4743f3b6
478492db
4721615f
47445a9d
46e226b3
4774782f
471b8d11
46c5cfb3
46c8fd9a
4787cdf8
46d27364
47115b31
4727e2e0
46e8b8f0
4712402a
475e4859
47425aef
474ca5e9
46e4b753
474004a4
477419dd
47b0cd14
475db0fc
47498767
46d4acab
475cfd13
47314418
46bad2b4
470c115f
474b280b
47142e5f
4692866c
4711cc8c
470f20e9
475ad6d7
46e7ce06
47049cac
46e4f171
472cfe60
46cce16e
475824f7
47449784
47b9d7bf
46d3ced8
472633a3
46f39cd6
46cb55f6
47514277
471320cf
475e07dd
4785e63c
4dfa981b
47155580
472906c0
47257106
4774cccf
4787543a
46a6fbda
477af884
469478c3
47b779c2
4706ca24
46e8828f
46fe5194
47050c34
477c9dd7
47108e87
47b60019
477bd38e
46e19bfc
4749ff68
4734f502
472b1351
47084d24
46ca5a4d
4787775a
46e5e8f3
47af204b
46e3b7c3
4756ab41
471e0ba0
4727d1c1
47375672
476c12fd
471b6840
46b99cf8
4729af37
46fdd9d9
47796c52
472b217e
478422ce
4764518b
47233452
46bd3234
46f02b43
46bd5421
46d45ea2
472cf112
46c88d7f
471db356
46bbded6
46cfd83a
473d208f
4738c766
4793af49
46b9b394
471493e3
4716430d
475d154d
46f5ba62
46e922c4
475be93b
46d02dfb
4732c713
4790d3fe
472920c2
476f1338
46f9de22
46a2587c
4717d7c2
46cac659
4796a296
4731698f
476250cf
475ea30b
471f3888
474c2282
475b90c8
46a0d11d
4787babf
46dcd6b5
470d527f
4712f287
477213c0
471d3896
4716636c
47400f02
46ddab72
470174f1
46b813f5
4788c1b9
477bcee9
46ec2719
46ca295c
47731a91
4709b222
46dc3143
4772f243
470aa6ef
4740a84a
46c9e0a5
4754b1d5
473ea9cc
46b72681
47114167
4716f967
471688d3
4705dc93
46b73c74
469d329d
46cf9cf8
470599aa
470f7e4e
47002d33
4721d4e5
46f6b83a
473955ce
46d55f0f
46be3c6b
46e52f8b
47634dca
46b13904
47297faa
4716a593
47008831
473502c8
469d1ae4
4777ada5
4789c19c
46ed0edc
4de3d021
479597e8
47364b4a
47084a55
470ac932
4777de49
46cb3432
4758b320
46b489e7
4768fc64
46dcc409
46ed8494
478f0f07
47873211
478b3a33
46ee4547
47a5d87d
4717dfdf
473ab91f
470e849d
4738192c
47b72697
4705c4ab
4703bd81
47722313
47816299
47419725
46bda9db
476cf92d
47a4776a
46f348ce
472efa60
46f249b6
4791f0bf
47cd5d76
477ecd23
47020ce2
47048cd2
47204423
4794cd55
470508c5
47467663
479f89df
469b886d
46c8032e
4718e3a6
46f2cfe3
470e4ba9
46f0fc74
46c4d978
47acdf65
47300f1b
474233eb
46d83aa5
476834c4
46d73903
46eba647
47a666b2
4745be1c
469ce2b5
470b613f
474448fc
47342e7b
47482801
473bc7ca
47dc6c10
46c7833b
471a60bc
4703c749
46f3b087
470d94b5
475f1f05
47566a41
47279b4d
473a3e8a
4713813f
474d0839
472bf96f
475a17d2
4746312d
476b8d6e
474071b5
473dbd68
4760824d
4700572d
46b2f7dd
4782185e
46e250e1
46fbdd4d
479b4f50
46c6c4dc
4719990f
471bd12f
47733966
475c676b
46ce4284
47042767
475271c4
468faaad
47a89c86
46d2f6db
4714b6ea
47787eb4
472d0048
472297d3
47206151
474211f4
47b85aa4
47a2e7f6
474f2545
4735c5d0
47469907
474a8ca0
47789425
47526f94
476e1ee9
468df29d
46ff8bf2
46f8114b
46ef6eb0
470506bd
477ac703
478ab3ea
47bea75e
47261bb0
46be5317
4730c713
474c8e3f
46a6dfd6
4dfa9820
46b1d0fc
4703ff68
46d086ec
46e73e1e
47e909f7
474e3df2
47044901
46eeddcc
46a8afed
46d81dd1
469c74d4
475e38da
474743d6
46dd4af7
470b1769
4796d581
470b24d4
472caa25
4731e027
4716e621
4791f205
470a6fd6
46a13a60
4780b9de
47144afb
477d16e3
4787852d
46c31e0e
4780c3f4
47203abc
46ef4f32
47455fa3
46c4e3f4
46aefcee
470c8055
474efe72
4782a46f
46bf2de2
474e573f
472ea122
468c0691
477abe94
469aa957
473ce682
46b7511b
4709325e
4709d06c
471c7f2e
46e6b245
46881872
46fb79a0
470832d7
47833de5
47ba428b
47a38580
477667f4
4756ce40
46d4bafd
46c1d752
46bbb749
4741703c
4708a8b3
475bbedd
4765ced1
471bd809
46e77b73
470c991c
4790d017
47139506
46edbf5b
47125480
4763f1dc
46ca4f5f
471807b9
47174f07
469930b0
4725f8b7
471b76e5
46bd8e90
46cb717b
471627f1
46fa1161
46d05eaa
4756bcb3
4742ae17
4708e427
471f1210
47114c7c
47071a34
470d4d22
47a7f2db
47153602
46ae760f
472f3dd4
46cb842c
47154186
47497d15
4756e47a
473795c2
47142866
47913ff9
470e64b4
46e7f37a
470f6686
473cffe5
4738e99b
47b73728
46d3767b
473d7f2a
4700d7b5
46c01dea
47189186
471ea308
46a70e34
46b7d487
46c49839
4709e0c3
47388183
47582cc7
47012f53
475300cd
46b88d77
47808bff
46c7e8a6
4747cd27
470148a6
46e10f15
471917d9
4dfa9823
471822ec
46d250f4
472c0709
46d43dac
4716ae38
46bf8805
4704b153
47084f6c
46dd3f3c
46c04ee9
46fe71b7
46fbba1b
46aa3e00
472ab6b6
475566f1
471a8334
46dca3cd
47639888
472c0ab5
4781723b
474ffdff
47b6a27e
47981198
47271428
4734312b
479084eb
46af927a
46f437d6
47370f01
471105d0
475b2994
46f36210
47052652
4727acfd
4736a6fa
471ac142
4760e9f6
46eb7671
4723f31a
474ecca0
472030f6
46b5f602
46eb85be
46f44ded
47b6b5ab
46ea4faa
46da8a82
46e8a983
47152009
470032cc
4713e081
47096102
478d7b1d
47011392
4665f643
46995ad5
46f4da3c
47171d57
476b8138
47851a9d
4701806c
474a7f94
479ec191
47525efe
468b2f38
477a649b
46d2b9fa
4744d8ad
471de23d
46d67440
477f9495
474e7894
470be209
473c817f
47260bec
46837afe
472b515f
478088aa
46ba9fe3
46df28fb
46d524d2
47a2a5cd
479e741d
474c9e31
46ecef66
4798f908
46d47c51
47331a86
47c913c9
472c6c8d
46d6a42a
467cd1e4
473919f7
46a4ba51
4747cd37
472b53e3
4707e344
478d07f2
46e07860
472791be
46d6b9fe
46f2a4bc
46c80142
47390884
47458451
473005d9
472755fb
47109bc7
474e0586
46b1c6ce
4703066c
474d2949
47661c84
46d69dd5
470987b2
4745ecc8
473868da
4748583a
471c721b
47465648
4749304a
46eceb9d
471a9f9e
46e5b168
46a47bc6
4786c140
4782eee4
471d4e4e
4de3d019
471cfcd5
468b2dcd
4711b4b8
479cda82
46e88d6a
46da406f
4731fb58
4734903f
46d0d4c0
466098bc
47304cb1
478e5319
4768e912
47627307
4733469d
474e5f71
46e7ebc0
4704bd96
47863730
46926c90
47189ff0
467a9c0d
46c47c2a
47123b02
46d079ce
46e22c8a
47a6c858
472e1449
46c1b5e6
479a1658
4777bf48
4731fe95
46efca3d
470af79f
46dd08af
470595a9
476c5bde
476c9ad4
475478bd
4733487c
475aff5f
474b3a7f
4701f3d8
47931fb4
47543062
4793d12d
46e39d68
46b80be5
46c102e6
47cad9f7
47a2481f
4774601a
474feede
47410b50
474a2f1f
4778adeb
46ff457c
4774b7da
473e5c1e
46e80c61
4686335f
4789e393
478599b8
473cee37
47554b94
4681b770
46d51859
4720f4fb
46b8d263
478cb07c
47452827
471a1583
475fed18
4696b4ac
4710a127
477b18c9
4799dca8
472361bd
46b138c6
47a9a624
47361b84
47b10618
47910f34
472c3c85
46d2ee74
47047112
47aca32f
470af9d2
47919655
47521abe
46b1a343
47461129
47a1a5d5
46c8574b
46c4cda8
4759fc85
47013a79
47143132
46e8edc2
4785746a
476c4d63
46508bd2
4700609d
47a8ee35
46ed4e5a
4767eaeb
476b6a86
46ba3151
46a5161b
46b23806
47129fb9
4797a746
474bc960
47685528
46d2d234
46f6d5e3
47737bbe
476c57ad
4735fd9a
46dab758
46b770d5
47570126
46a78cbc
4742b664
472d7469
468ee06d
477a35c5
46bb03c5
4dfa9817
46fde249
4781fc74
463d4248
4748131d
46e55348
47976a0e
47103a7f
471ae4ff
46b6dc72
474dfce6
47799d30
47ea57af
47794329
46e771c9
4704459f
46c3d75e
470d3088
47a173ed
471cd55e
47690b8c
473d0111
46db9361
4760d781
46f031e2
4710e473
471b4518
46d6a83f
4768b3ad
470f98e8
4769b622
47678474
46bbb72d
46f76a8b
46b7ec6f
469c7dc0
47258e68
471d905a
473aa4e6
46f7af1a
47208d5d
46c9081f
46c45d29
46b06ebc
46ecbe4a
4777a3b4
47867c54
474a86e2
479097e2
47012447
46bf0b4f
4783a3b2
470b2a85
46f6e73b
4713fd34
46bb755f
474ab7c6
476f3fc1
4680c035
472d4267
478cbda5
46d23b44
473b720e
47307d93
47c35eea
46b23153
46b43c94
473f5641
47b99619
4708d194
4780425f
4703704f
46d031b3
47364783
472b16be
46e15e86
473b8666
46cfe115
467a9ab7
470f53e8
46edc861
471f683a
47b0775a
47575690
473bde70
47600c7e
46ea980e
47b36d5f
4758b4e5
473356fa
46ced65b
4709f92d
47005c55
4731c406
4774fe1b
47905db5
473e8b45
46eb94c8
478cc856
47200906
46e40715
46f520a7
46ecfcb1
4780ed37
475ee2be
4742f0b6
473f9f91
46dd191c
47252198
46fcc989
474ef420
47398fac
46c281a0
46b06f28
475237ed
47a70fc3
47836542
477d4aca
474388b4
46e206ff
473d6617
470950bf
472c246c
47123021
46594da8
46c37f32
475983db
4716bb76
47b455e8
4dfa9821
473a23d9
46eff2ed
473279b8
46cdb08b
46eefdd3
46e6d6ce
470aa410
46d70d80
47497c45
4731ff88
4701feb0
473269c1
46c8e2de
46c12d5f
47bf84d1
47032527
46c24814
4707b35e
47c47259
47742e58
475444cf
472ccbf8
4690a74b
46c79027
475d34a7
4760f849
46a714a1
476cc028
4715d0ac
478e29b8
47377a3e
4730744d
4776fc7e
47978f2b
4702d8c3
47865293
4708bf5b
47561fae
470cac93
4710bad9
47378c59
47494cbe
46ec8bea
46a8b904
46ae2bde
476350c4
46b2f84d
476bf052
47758c35
47216d1e
4788a5c6
4773e96f
474cb353
470090ae
47a6e71a
4707bccd
46a99fc6
468252cf
47bbff32
472895ec
4690b01d
4772fa6f
46ddac24
478750f3
478a25be
470a5442
46fa6c36
472decaf
46cbaa7b
47663863
46b12b20
471dc7e0
47170664
47032f64
4771bbc8
47112995
4798517b
475dc04c
478dfe23
4738b9d8
47029ad9
47199f9f
46e271af
470109c2
46f9c424
4723a673
470e316b
4770187b
4667c40e
47aec59f
46ed94ec
46a3e4c9
47e24fff
4725cc9d
46c89688
47646dbe
471a8869
478d4ffa
470734a8
478b5788
46da0d1f
4736ede3
4701ad6d
4730eb0d
473ad1fe
46f1ec8d
47314753
47bb2a42
47244599
472ffe1f
4775ea42
46daf0ee
4719e5f3
46c176c0
47aba43d
46c84527
470bcf96
4727a883
471f8590
46e786f8
476841aa
47897b70
4725db12
46d894ea
472da2e8
46a4cc47
46ece06d
470bbad6
4de3d01c
46cb0869
46d57de8
4724225e
4702a381
47535397
475a621b
47434901
46d0b018
46a42d9d
47234747
46c18bc3
46a939a2
475ff2cb
46c59ecc
472f974b
46f43482
4786ec76
479276cb
4793f4f1
46e5eb65
472d83f8
47ae669e
47a257b2
470516e7
4713330a
47213acb
470d811a
46e85be5
470fba14
471ecc76
475cc3b3
479dc05d
4771547d
47314ed6
473912d4
473518e6
471edc01
47b09e53
472d1f97
47638425
46e986c7
4729e08e
46d72373
472b113d
4642a84e
472beb9c
472f1c44
47364af8
47670f21
47052e9e
47457fcc
468fe808
47227584
46fd7273
47196127
4708b55e
470a3bef
472d1b0a
4782341e
4783c418
46b4e758
47634fce
479e91bb
472e2b31
470a56ba
471c5eab
471093ab
47693546
47c7b6b2
4793ea58
4701e695
47070518
474b8042
477e348a
470fee25
46974890
471ee19c
472e0413
46df90af
473a3aef
46dd1918
46e29ed4
46cdc574
4757eb22
4680724f
4717a28c
46f840bb
477f068f
4703af08
472288c4
477f5ab5
47190d03
476e0b00
47832b9f
47357869
47476942
46e0c6ec
46db3478
46fbdbfa
46a79204
47240bfc
46fcb98a
4669f5ab
47748903
4733bef1
47346f5d
46e3b624
474f4a96
4749c058
470fe9b3
472f21f7
47169584
46adc8ba
47aeed32
475875df
46ec0dd2
4791cbb3
4737bf76
4697379d
475a94c5
47487428
46c1231b
478a5d0e
471e37d6
478681e1
47d9a398
4723d8af
47acf1a4
4dfa981f
4757d7b8
47013bae
47782f9d
47182101
4756a2e8
47706e0e
4752a6b7
47779685
471d00f5
47197948
47d6d9f0
4714fdb1
4745910c
46d777fd
46d9d72e
4703d9a0
46b8cb2a
472468fe
46f8ab69
46d982a1
474a1b88
4720f79f
46cd33c9
4794b7a8
470f36b5
475bf8ee
46b51b3d
472d7333
46dea9cb
476343f6
475f9711
47015c71
475076f6
47262b06
470ac178
46fc8820
4781c092
46d1291a
471ef50d
46e9572f
476b3b06
4763bc8d
46d4ed4d
4701fb2c
470359c3
46dffa64
4717d8e1
47257a2b
4784c9f9
46b2e3c9
46ae9b5d
47192ca9
46ad9344
47921e27
479c60f0
47e124a8
472e6dcb
4712e705
46ca8a90
47405eee
47c5621a
46a9ecec
46f993cd
468c01de
46ca449a
47b42043
47a425d9
4696205d
46f80ab5
46a14ee9
46e156bb
47915ca8
474a063f
47122f8d
47302dfa
4791825b
469b3085
4759b9b0
46d878bc
4723a451
471ffea0
46fb77a0
471464ba
47056dba
47bc2634
479927b6
475de75f
46e5a95a
472d8a90
46bdc1e3
471adf0d
472140eb
47526460
476208bd
46955fdf
473b4e19
47270fd9
471ec401
476301b2
4781ab3b
46e9ef22
46b07f75
47699730
46fceb12
47415a5b
4727c014
4701b8da
46f1bba4
470143b8
47a35d31
4736ccdf
477da523
46ad63de
474a8ca4
477bda54
47733ddd
46c9b827
46fb3dd8
475d418b
473600dd
473256ba
47bd5d05
46d00e62
46e6864b
47908c8e
474c9a16
470bcdb7
474a4f5d
4de3d022
46acd2b9
46cccad1
46cc6375
47760394
47683f18
4731b1c0
46c0c584
46eedc1a
46f8c76b
471a30de
476944aa
47172506
46dc194d
4757f9d6
46e85f65
475546fc
4754241a
4790fe68
467ed5d7
46f2bdbc
46dec1df
472594de
479700c4
475a7322
474167f4
4723858d
46d57a45
4745ba38
46f187fb
4705af4b
46f3f646
46a7aa9a
4724a212
479024bc
4753dd6f
46e24500
46ed1bcb
471d7de9
46c94f1c
47705962
47554042
472be2cc
4704aced
472ed0be
471349c8
47cc3804
472278fc
471328b1
46d948c5
47150ec0
4747e767
4701f480
469c7cbd
46ceae0c
47066065
47655ce7
46b5670f
47826e4d
47706bda
476edc1e
46e646f2
46c2d4de
4767b8a0
46ca08da
47a2de89
46cbd1a5
47026d5c
473ac517
47215fed
4715bb1e
474de6aa
4765b99b
46a0d85b
46e07f1a
46cea05a
470bbe55
474ac8a5
4762b46c
471f6407
4775cd4d
468c5ca1
468ac191
469ef226
4798a71e
472b1e25
471e1344
4717275f
46879b11
4781e994
46fab529
46e9e9e7
46ace85c
470f7b22
46db7499
4684197f
467220af
47169646
474d9568
472fc1a9
46eb5830
46b0a52c
47098a33
471c92fc
47143acb
46e03a2c
478d0bc3
4728f8b0
475cc3e4
47762a65
47719878
473feb84
46e7e6cd
47296592
473a12f8
472dbae5
470346ca
471e5aa1
47054fa0
46b69778
4771ccb7
4744013d
4785e94c
46d98fa5
469c637e
475909dc
4750f6e0
469bd144
472e2d09
4de3d01d
478c0008
470af461
46d3e619
46bf96d6
4725542b
47289d6d
4720e8b5
47945a77
476e3709
46c03854
478f2ddf
46997de2
4717d619
471e1cc2
472b364a
47744609
472597b1
475ba62e
470304ab
4777745d
4746730e
47818826
47263534
46f018f3
473a7c69
473b6e01
46effe42
4762f02e
46aba478
474e4f01
470a757b
4796da21
476be74f
469334aa
4731287d
47edcfea
4721b7da
4702128e
471e283b
47bab3ec
4719eafa
47c45403
47275285
46eded4d
4790386d
475d81ec
46d7b481
477e0a61
46dd3558
4701a085
4750ffe2
47499096
473dafc8
471db7a6
47049702
46ab83ac
4724c363
473ce0e7
4700de1d
46cbbb5a
472c56e0
471184bd
478f4b89
4762d2be
46eb63c8
4704f4c5
478326c9
46c4a26f
47011b5a
46f27918
471fb3ac
477dcbd1
479a965a
47717cee
4718c6e6
46f521be
47153615
46dc44de
478726f7
4774281f
47338259
47487fbb
46f7b840
474a0a52
4709945b
468a82a8
471c36ed
4709f3d0
46f3e8ca
4790ae96
46ecae19
473ed3f4
46d9d25a
47287b83
47610ee9
4705a084
47069794
479960e9
46adb30a
46c9941c
47233b80
465b470b
470b5c6e
46f5fcf2
473375cb
46d118ee
46cc8980
46d06786
46c59d64
46c00062
471dc953
46ca8498
470fbf8c
472db838
47474fc1
476c1700
4725f620
46e91a5b
46e4a499
4717a456
473b652a
46d0713d
4660704c
46d5cbaf
46cce7c2
47b48cb6
4715085d
478d91f9
4dfa981d
477a9d57
46f580cc
478584ff
47163eb0
47127f54
4750761d
46f9fb98
46e8ec6d
4787bc5e
470d28be
4729c1b7
47acf2a8
47523a75
46d42bce
478caa5b
4718f8dd
46c26448
4787d68d
474a48ac
470dfa9a
46a889ef
46baa3fe
46da18e1
46cfaa16
476b0895
469fd8fa
47644e1c
4779a11c
47343ff4
47a806d1
46bdf1a1
46a18e03
47360efa
4736abcf
4717aafb
46d9902e
47500490
46bd0020
47630ea1
475602e1
46cca375
473daf25
46fca03c
472f6ee4
46eeb441
472ffdd3
4709aae9
477fda2f
4704eaba
47027816
47638bfd
47270565
46a59129
472d2925
4698ab26
4703aa74
47190588
4782b2ac
46d9f017
46f89d78
47b439f1
478145f4
475eae16
46c6e61f
4702c634
47d3300a
4682a204
4691be6c
46b7a8a5
47426628
4789b61a
47132aa2
4784e34d
4719cd76
4769cdab
472cd680
4733ca88
46a66c06
475a2302
46a1ce01
46b8d8e0
472f5059
46c6a42a
475fff6f
478cdb55
4706b9da
46dafb8c
47196e22
47b0249a
47090b59
46a1f6fd
47083c57
4746a1fd
46a6e928
471e4b4d
472ce3d6
473976ba
47068a6f
4722190d
47533fcf
4711dd89
46d30aca
471604b7
470f1e4d
472c4d95
46892b2b
4737172e
473d0ee3
46dd0831
47409287
4745e4bf
47190aa7
478ab425
46fc68f7
46f9ba69
46e7b2ed
471dfa0e
46dc1658
47529feb
4702281e
47008cf4
46d6a96a
4713349a
46c4522b
46b1c7f9
463410cb
4781f9b4
472c3d2a
4de3d020
46d00293
4702fca7
46f4c555
4738009b
47619e7a
47ae1670
47425b94
46c66d17
478ebb90
46e0f980
474d08d6
4709c254
47475a50
46f14c10
46f20388
478cebf9
477abdca
46f0b58e
477c4c35
46ad3cd2
472133ed
4701b368
473cb024
477f5b3c
47538474
47139b04
46f7a54a
471d8ef1
47a302d7
471c39f4
474f48ce
46f17448
4749d50f
4732a1ad
46adb3f7
46f94e28
4708e668
46f9a9bc
477676d3
46940520
47962148
47587822
46f19f9b
471505b8
476aa223
475f45d8
46eb7bef
4797c80e
475d150f
4733228d
47c509f4
46892b6f
4706f8eb
46faa780
479fa5c8
4791b56f
472dbb75
478ec361
4759a3ea
47c2031f
47b87297
47017762
47695155
471357e6
473f9039
4701188e
47bfcb21
475455b8
477a5613
4750ee07
4710d21b
472fe099
473157f2
473afe5d
46be8ff2
46fdf1e5
469c0d3d
4710b2b3
4746adb9
473e95f9
4709e089
46b5d7cb
478a4f03
4785f5c0
47823b4b
473a072c
47855857
476be406
4732ca45
4756d75b
4748fcce
4698bac2
46efd933
46890f1a
46ed53c7
47618d4c
4743b3af
478468fb
47721261
4705f7b6
471a7dde
47228f91
472a2d28
47176409
4787358e
4701ac69
4722da48
47257de2
46b23f4a
46913eb4
47953a47
471884c7
4750a24a
468c63b5
473817c3
47c9bfcd
473e69e3
470d4992
47af81f2
4713c44b
471a8e4c
46a4bf62
47791ecb
47104411
472d27ed
46232a19
47131ef6
479ffb69
4de3d022
472e20b8
46a4f176
472f17e9
4710f00c
4772125b
47237eac
47535e87
47989bec
4784c5c6
4796002e
46dc6c24
473f2c77
46dc185f
470a6d87
47641264
4702c43a
4752433f
47b66ff6
46ae5bd4
4782465b
47923d50
47002954
477272fb
46eebbf4
4754eeb4
47abcd86
46f06948
47994f28
47a8c450
47903c9f
46fd7d95
46c552ed
46a41deb
46e923a9
47a9f2ce
475759fd
4720e4a8
47a994bf
4743d85d
4743a155
46f1b28e
46fecb0e
476b9f3b
476c1c27
471c656b
46c90ed9
470f4917
476e6e5c
46e5139e
46a5cf49
46f45eb2
46f21bbf
46ac6d0c
4684c419
47409749
47109474
475ef053
4797ac34
46d717f6
46d18243
479db35e
472439ed
46e896f2
46f58cb3
47d2266f
46d8a1fa
46e167c2
474b696f
46c3a32e
46d44ef5
46fdee6c
46fcc207
46cccbd9
472e4962
47c2d2a1
4789f5bd
474be119
46da4504
47239caf
4748d9c8
46c9d8ca
477c4b1b
47480291
4730d810
46ec04ad
46fb0139
467e1276
470a1f91
4781712c
4710f06b
46ccd56e
4716fa1d
47181600
472c1c96
4732c82a
472481d9
47854651
47343a00
46e2bc9f
469a97b6
470f9a55
470bfbdc
472d9372
470ec4a9
471dc02e
4773340d
46debe30
478a1db5
478d35fd
473bf7c6
46b38bd3
47659de3
472c3e32
47a65243
47150d97
471990c7
46c5e498
468d7bab
46eafbef
47719011
475e74de
475c2dbc
46f31a92
479b2e20
47ae7093
471122d2
475b0407
4728c614
4dfa9820
47017727
4741e5cc
47221032
46cd7f92
4777e331
4792692c
470a5e76
46eeaaa8
46562e98
46c5c4c4
46dc3672
476cdb91
46a201b1
4704429b
474622ea
4669fbca
46cf2a76
471d77b4
47448f2b
466e24af
4735e08f
46d9f884
475c2446
476939fb
46ab89ad
472222ca
47188ad0
47167cee
4715ffd9
471b64bf
46ca2564
47161eae
47c7e083
471402df
47122a50
47282b49
46b5b76c
4766cf3a
470adfa1
477122bf
47063f81
478e2c37
4701f83e
47b54019
4791311d
476a73cd
46d3b75e
4798a4cd
4722b944
47b96e50
475dc32b
4715b56f
472687d3
47969b30
46c3a026
4783d114
47afe914
46f8cf92
4749ef9f
4781befe
474dfecd
47475bb5
477ef210
473c6a7f
46e755fe
473babea
46f8e000
4761fbe2
47909eb4
473a532e
46a88f17
46a13e9a
4766d904
46d269b0
46aff27e
46f2d53e
4740caa4
477571bb
4773aed8
468d2acb
4735f72a
472d87c5
472a3c4b
4736fb86
46e71c24
47117a38
4742dbd0
478b2e79
47afd9cc
47bf8c73
4732d6fa
46ea62b9
474639bc
46c87835
470d9b79
46a4c34c
473b33a1
4783a34c
475bb95f
46e670a5
4781c4b6
475af315
47693e5f
470a99dc
4712e53f
47656ee9
474bb855
46d8b5ba
47088816
47638a7c
4695acde
47969fa3
47a96ee4
4745cce1
473109e8
477453d8
4783ebab
4738b969
465f38fe
478629d5
469e90fe
47884bb0
471a80a3
46e18d28
47e7f6a3
46da278c
474c11cf
470b0ec1
4de3d01e
4786ab90
469eb85c
46a267c8
46fd3002
4733e09c
46fbe15e
46f559e7
4710cab4
46c3e271
4713d951
46a7b029
4794f056
479dc8d8
479fe9ac
4789dea2
46e9018a
46febf64
47b6af9f
47151ef2
470d5c1a
47ab2592
472f1f0e
470eb166
472d8797
46a59e03
47401e88
46e1816c
4724aeec
470f3345
4761c300
47074ec4
46bcb6d2
46f62ec4
46fdf85c
46dea4c3
4727404b
46e09cbb
469c5207
46b1dc79
469d71cd
474e5220
469381c5
47436a2d
470adcfc
473792eb
4789eac4
477dd409
4701d8b1
47a00c38
47003056
479538a8
478687a4
470f5133
46cbb661
47081398
46b5297c
4789a9d3
4758566e
47799b7b
46d39087
47142522
4697f8ac
46f797ea
474bed58
471baa67
471c4560
4682c9ca
47309149
46ec2097
4710aef1
471c32e0
47b5f9d0
478028d3
476e2e97
4765ab1f
473545bb
478d10aa
4683ef33
47385641
47932b0a
47726af4
46cd4502
46a56f72
47832155
4763dbac
46b0abcb
479a719b
4717e465
469c6518
46c146a9
4711be27
4761e5eb
471a40d3
470a8a03
474f7f59
47309f17
472fd3d3
46e0195a
46eeb884
46b48f34
47a53694
46d2d807
4799249f
46fce7b1
478c32fb
470d19c7
470aee99
46c14f0a
46f000a0
471a9de3
46f2822e
472b54e3
46d36444
4782e0ba
47499ea8
4709072d
472a1936
46ab8a76
46ec17f9
46f4d4ee
465acbe3
46e97d87
46d1fc9f
46b1655e
46f9d13e
473520b9
47be75f4
471a98f8
4de3d01e
46e387d9
46c520f9
4685d672
4769c8dc
46d13976
47231c7f
4698e2a1
47069bbf
473dc471
46dde9d9
47329ae8
4660a6b9
4783e4c2
473df876
46fedd1b
474cc2b9
471f803e
46ca96ea
47786402
46bec836
470c410f
46a03449
473eeadc
4723604c
476bace7
46ac464d
46c2aab5
467ab525
47999057
47068294
4712d503
4746d837
46d7e7eb
469c3283
4745ae84
4736237a
4727b9d7
46a9dcc6
46eb2d2f
47896666
47a2dd03
47ac2eeb
472d83e4
473c68b6
47092f69
470d2adb
472b5889
472909e4
46d94c34
47848c1c
46fb314b
4711faf7
469387b2
46bb9a88
46cdecf8
4756f1c6
47466c9f
470b98f1
46dd98fd
478ee799
470f0506
471b2536
4744df6d
46a96bda
473f59fa
46c12214
47640b77
474741a7
470518ca
47389be5
471e5ad7
47369fc8
471e4f5e
46ea3617
46c61f9d
4725ced2
471d522e
47161990
47087ef9
474237e1
47869753
47123743
46e09f69
471d5494
47124382
46dcc3f6
47378d1f
47195111
471af68b
47f87233
46de2efa
4735cd4e
472e462a
47003f02
47909f95
46b2fed5
47440544
471ebd61
46d5ed4e
47934de3
4714232d
471d723a
47629275
46ef04fe
47140ae7
4781d324
472a845a
478174cd
46e019a7
4700f890
47846edf
46e39b95
4709c41a
46baa6b2
46ea0e28
47611ef9
46fb506c
4720fd5f
469b28ce
472c2c6b
476d07fe
47cbd4f3
47240a03
4723bec1
465ee59d
473529c6
47378cf9
46f6a44c
4dfa9825
477af3fd
46fa2e1e
47436681
475a2611
4715df67
476117bf
473b103b
47c78363
476710ec
4785ba41
4726dc8d
475bca53
46d07e4b
470854fb
478ef8b2
4718e9da
47d2a18f
46e8daa9
4789070c
472a1d58
46b563e6
47000c89
476288dd
47149f88
470737ed
47376ec6
470d3bd4
4749b2cf
47a5b2ea
47074024
4725f4cb
46e1ba99
47763ee1
46b1f020
46b7fcac
4769ebe6
4721dac4
4744fab2
4730fd8d
472648ea
46e749d3
46e71c85
474763a6
477d84b5
476464c9
472c2b4c
470a5d27
47062ae6
46b2c8f1
469d2aec
47140fbc
47632ffa
470eb117
47769a55
46a842e2
4717fd96
476086c9
476e26ee
47410471
4698054b
4734c462
46d0ad50
47a8c5b7
4791a096
474bea74
47224eb3
47098ffb
479eb968
4733b549
476d3728
47142f19
47402b37
473f29f2
46ff0151
47165aef
46decbd9
46fdacc7
46c4f3d9
46dc1581
47266c5a
46fc6eb8
4748e0ad
46f1470e
47378108
471cf9d6
46d94d9a
4783a087
47443bdd
47096d95
4701bd71
470cc4d0
4759ae74
47a26228
478cceca
472c2b55
4748f06a
474dd45d
4731d577
46e73271
47540c74
46f8ee8c
474ac06e
46d74dca
46bef70a
46db9abf
46a4765c
46e9f8bc
47430d3e
4710887c
47110c45
47191092
4745a35e
4709c355
46e5f2eb
47347eca
4711c3ab
46be75be
4715a4ec
47b13a18
46bafa04
47a324c8
4752b072
46abb201
46ea528e
4757dc9b
474464a1
479e28a4
4782796a
4de3d01e
4744ada5
46d50432
47a1181d
47445438
468824ff
46f36457
473872ca
470b6e22
471c68c6
474c74d1
474a03f8
47910f51
46d3745c
4704748a
46da4530
47440fcf
4738508a
46ec1d9a
47251a4c
472b3230
47114735
47af4eb0
46e5da5d
46f8c587
4704600c
47280d93
474c84c5
46ed5fd2
47797b6c
47429e1a
478547e3
46fdde60
46c25aa0
46fed3c9
470a9053
4798334e
470951bb
47364dbf
47218535
4782ac56
46c10f54
46ad15ca
47039d9c
4778d68e
46a7f232
47014282
476957c0
4719449e
4715b47d
46f753dc
4791cde5
476d66e6
4751b996
46821039
474347d3
477c012f
46fd23cc
46c5648f
4732270c
47726a83
46a31f8b
46d1b39d
471cfd62
46e91f73
46eb8cd3
46cca0c0
47250fe3
4701ab38
47378a2b
46eba8ad
470caf17
47218be6
47549fe0
4744dc3b
47507d89
4708adb5
476902d2
472f4f84
475f6e82
47172972
4730e0ba
46f5f93d
470436e7
4760a7d7
471caf3d
47a02da1
4712a306
471d025f
46cd405b
472eb09d
464df571
47734ff9
4719d394
476be30d
471f6a90
46e3e923
46d8760a
46db006b
47658a83
47248fcd
46eeace2
46a8ce6c
47b8f76d
472c74d8
47554e5b
478e0ab0
47367cef
476d3909
4721ea52
473a8028
475b1e01
46db95b7
474b1e60
46de4834
479d155d
47106424
46c6b16c
477e1d57
47027242
4796d2f9
47201f02
470bcac6
477f8ce6
46b0d3a9
4789541d
4738527f
4755393f
4747ce72
4de3d019
47320c61
470c051d
471dbcc2
478a6717
4772d565
479882cf
470f1811
46b6dd53
46c9b575
471ec66e
47b80aec
46cd37b9
472012aa
46ac8dc1
47069805
47198ab9
4696e68c
4720a595
47882721
479c2725
47164147
46ef2c3a
4743e245
4772bd62
4781f180
478303b7
4748d81b
4713f09c
470b5888
473df631
4790c54c
46f28252
46e93518
46ffc4e6
47526920
4773cd28
47429719
4756e3c4
46e49bd2
468c928e
46c99920
47598194
47177551
4693fe4e
470f6e54
46b2c1e6
47a8e03b
479e878f
4701a23e
478766a4
46cc514d
4737c081
4707c8e3
46cdec8a
4773a5d1
4723670a
470842d0
47812576
472cb995
477aadbf
4746808b
478e0530
47139b9c
474f9023
47220b72
47615b1c
475ecb52
4763f06d
47315400
46f56b8a
46edcc2b
473ecc12
46e4ff3d
46c7955d
46dc76a4
4749ddb2
47012820
4734eb0f
46d59ac8
471f9d5f
472415bf
471fe956
474196d7
4793f0e5
470ef68a
471db8b3
4780fa73
46f4e007
46d30ba1
475c5537
46aa0a41
4737ca40
46cbc2a9
46e02ae1
47174895
47226719
46e27453
471d9bc8
4706d9a5
46cfe3e8
47588f7e
478f6b48
47a066cf
4700e30c
46dad437
46e6b98c
4703d7fe
4793abab
471e42e4
47963ca1
47649943
46fc574c
46ffe096
46e0f287
474b1205
475a81f4
470ea7d6
46ed8d4f
4708c002
47793ca8
471710b5
46f639c9
4789b457
4730cf3a
477552e8
478a6aac
4773ee47
4717a36e
4dfa981e
46d35522
4746ae96
473825bd
46ef7b80
4697351a
475d732c
47140cc5
46fefb35
4689ddde
4715de5d
479dd488
4784b6e4
47828248
47432608
46d75ec8
4762a7c4
47c834ec
471123ec
4788ff05
47822fc3
470d8f39
474fd3df
4776ea8b
475d0736
470c2454
47a86bcb
4716a457
46c24c94
471aaa9e
46c54413
473d7591
471d28b8
47220cf2
46fb074a
46d7763f
47631804
47126c81
46724870
47a1bb72
4799659f
46a2ed1f
46a0fea5
47aa8352
46f94c46
4706ae48
47061816
4710228b
478e2c17
470242d7
4783c6b4
478de8f3
46e1762d
46dcab12
47944ec9
47957d33
47184c9c
476a6ad3
46ed8b92
4693721d
472732e7
46d3563e
46df8e3a
472f80dc
472e2234
46ec6616
47349375
46bed6ae
46bc10ce
472a4d1c
474d7278
47bd7c40
4702010c
476f6b3e
47962679
46d64f73
476b4cd5
471434b0
4750eff4
478bdc6a
4743f192
473f254a
46938c9e
46b7fbb6
46699612
471f476f
47227855
473133bb
475fc608
46f6ba25
473e3d70
469469f1
46db970e
4777e71d
478eb1cd
4718a55e
47317900
46f92801
47965c11
4741c4b2
47249e03
46fb4d1e
47af1e99
47490d24
47378727
46a9d824
477a4a95
4748fefe
46d11e51
46b300a7
4785debf
46ea9649
46fdd77d
47063e38
4721b928
4730cac8
471ff875
46ed6c5c
4708d046
474ba5dd
47585d98
47167226
46fd7dee
4780a9b8
47456a28
47629482
4781b4bd
46eb56c5
471d0a4a
4de3d022
4709f41a
46cd6699
46fac1b5
46c21c46
46e9842c
4751ba96
470ab6bb
476c1b7d
470e51cc
46fb521b
46ff9730
4716bd6e
473377a6
4738d9c2
46ae734f
4795a8f7
4729f992
470f1ca8
470950ab
471e9b28
47669a9b
471dba6c
47422d9b
46d998ad
479f34e6
472e0d22
47bfbe83
46f91c5f
4705b6a1
46f68ad3
46ef3f8e
46b8f3ab
47023f83
474c4e01
472d1e33
472db6f6
47835ab5
47886a85
47456048
46d1b10c
4732ae12
46ec8434
46aa548c
477bb152
46c95388
46b4db03
474576af
46c44933
47a669a0
469e7bbe
46fb186e
46f1f0be
4725405d
474c7ef8
47837050
4785deb8
4719b295
4781c84f
47174b2c
479f95d2
474cb89b
47117fc7
4754fa8c
472afb04
47466b66
4746db2a
46c35350
47411042
4700a4e2
47884ce3
4738d117
4710989a
4758c48c
473f5b3e
46bf571d
474b33c2
471ee7f4
479d541b
475868ad
470e90ac
4762ba84
46b404d9
47944c29
46c0c48e
46adeedf
4794a38b
473cd35b
46c0feab
476f3060
4772f043
470a4c88
46ebc231
4771c654
47078fb9
47814be0
4733e6e3
47abb201
470baec3
472d9c81
475237ec
476ea8fb
472f76a9
472a9abc
47c2a05f
47479e72
4749359b
4718623b
4701943e
46e22cf5
4742ad2e
46b655b6
4740dc0a
46efad7a
473d58b8
46f8b4ec
46ba4d86
471556ff
4751ce8e
46914302
46a3cda8
475fa64e
47a8ca6c
4720d920
46ba38d9
4723d999
46e60e89
470adae1
478e6f85
4de3d020
46d25238
471d72d6
4700dcae
471486ec
4734a8e8
477a9089
47463966
46fa3159
47415691
46ca1043
4732e272
47a6a520
471a8385
470809b6
476f1646
46fc7362
4739c434
474630f3
46f9749d
471457b6
46b7f4b9
46bcc7fa
475c1fc5
475165ad
4733ae49
477e6c6a
4726788b
47bb0d9e
47671b86
46f91f40
46c83f02
470b46cf
470cd896
478c9fb1
4758125a
47050907
471b31c9
47bc0974
4698feb2
47069d9d
46d1344d
46e01a75
4754a156
46df46b2
478edca0
46d0fc0a
4710c0d8
470f37d1
47700855
46f09fbc
46bb6664
47362c44
46b755a1
47220af0
4694d684
470c092b
4805224f
472d7350
47a6ac0b
4786fb91
471885b2
46d23870
475c7611
4711d855
46dba6b5
4693691e
472599cd
47153baf
47b3fec7
473299ba
4772f30d
474d5435
46bc0f67
478a3145
470cd06c
47835507
46d85a27
46a05a01
4726451c
46e0a7bc
47a52984
46afa295
46d1789a
46ed8b25
47007fae
46d4ca12
47030ff8
4718020b
47069ad5
47872c7d
46af3ac2
470569e0
4709d219
473bdd71
4717eae7
47162a7c
473580be
46f3a49a
473ed875
47058a39
473a06f9
46d1cfc4
46ed6170
47772460
470f9f97
473bc2a4
46ed6fb2
47004fbd
4776dfb5
47641806
46d576d5
478403c7
47211638
46de4326
4709c99c
46c0b0ac
46b53b3b
475d7107
46b9480e
46e13f43
4704a542
46aaa138
4779cee3
46ef6a36
46ce3c27
4694c8fc
470bfc04
47182fde
4dfa9824
4714cde2
4716b0a5
4720da56
472e15ba
470a28b3
46d2e499
47896e42
4782706b
472c8e73
47b0daa0
4763e968
47327772
474265f5
46d07b32
4764af4a
4788da92
470711ea
4778407d
470ca76f
4793f323
47101cda
4770d766
470d407d
47010ed1
47dab79b
47324000
47641830
47433169
46efe257
471e52cd
46c9c356
46fa81cd
46c20c94
46c95114
470baf0c
47961e09
477dd11a
46ccfd0d
474346dd
47290524
46e37593
47039918
46ccce4e
46e6dbc0
476a83db
47736b32
4770a572
46c42eb4
46964a97
4784895c
47c6fef6
47073fbe
47839911
470d06b3
470c9bcf
47320f9d
47790121
46ab7643
4719fe53
474da3c1
46e60ccf
4796bcc9
473ef269
47a39407
46ebb5dc
47bcd367
47a355c5
46c6323a
46e3d62d
46e4f9c2
46d4c97e
47039a7f
46bbd6ee
47493501
47576a29
46b0000c
46e64f10
46fb5091
47117353
4723fc81
4721489e
475b88f7
478b8752
475e238b
4746108c
470189b9
474e68eb
46cc28e2
477df7e3
46ede504
476443a7
4780b877
47307170
46d84352
46f25e8e
46ede97c
47c37865
46b07560
47491c0e
4717beff
475f42df
46d3df7f
46f14b1e
469407a1
47615226
46f3fbed
470ea29b
47587817
4730f106
4745f172
47a2f3c4
47759d6b
4722c769
47a8a484
47702824
4709feed
4722431b
478b957e
4748ebd5
46b12940
475168f4
4701ca3d
477aba05
46b2b262
4715c5d8
475621df
47091f0b
479e4477
4de3d01e
46bffb34
47381a4c
4719a733
477fcdf5
4700888d
4718b365
470f9ce9
470c193e
46252e9f
468afc1f
479f45dd
46cf9b3d
4735d05d
470114c0
47011a19
472fc465
4786b189
472b0109
47317afe
4705fdcd
475d5b89
4748532e
47462d8e
47973211
46eac128
474460d0
4712fad6
4695ec97
479a893f
46e14169
470ba285
4dfa97e2
478e608d
475873f1
476cebc3
46f2e38d
46cdfd64
46bd7c27
472a9223
47449370
46965f5c
46d08d7a
47a0897d
46e1731a
46c62255
47908074
46fb65b3
46ce037f
472e5eaa
47226cb2
474266f4
47538739
469e94e0
4791a0ba
473e2f17
4725c252
47881736
469b3cad
472cefa1
46b2b03c
46fa38b5
47666bee
474c0105
47008d98
46d7e7fb
46d0a6db
4774cdcb
4795f2cd
46ba1a2d
4710b719
475cebf6
47af6c8e
474b153c
47b036b3
473f901d
47827ea3
4703ea02
4770f16c
47868102
46dabf82
46ae7ec3
46ffef74
474395ac
478aa386
46cb68a3
470fec73
4760adaa
4747637e
474477e9
4753b955
46cc0048
47ca1192
475c8e1a
472c30f4
46e3cf7c
46797fd7
4709d115
47880db7
473669e3
47441470
47244682
475eafab
46f95831
46c0b244
47560770
4713f9bc
478ed861
471a09bb
4730105a
46fd641d
46c67967
47ca3d9d
4720e610
475b6184
478c1831
46d1375f
4723a4fb
4785f532
471ecb74
47a268cf
47827a8b
46d3d564
46f9dc7e
47820fe1
470bca8d
46eb6ba5
470ee673
47a9659c
4dfa9827
4779dad6
472aa150
475c8bf7
47494c04
471fddac
46e543e7
46859767
478630ac
46fab1c2
473521a4
4766068f
471e99e0
470afb0b
4735fd48
47028177
4716e007
47182bb7
471ecbcd
46b17772
46df9561
46b233bf
4781dacb
471b95e3
471b29d5
479317ea
46c34da0
47057d93
47a58ba6
474a0a01
47850de8
470166f2
4dfa97e3
477007dc
475ca871
47720985
47126505
46fb52c4
46e8a19d
4761d5b4
478f4a69
4785f278
47710064
4704f77c
471fa6a5
4705cc77
470815e1
4707e102
46bdd640
4723ed8f
47193449
471e60c1
46f60b09
468af423
46acb675
476604b8
470d8027
46d42144
468b02fa
47a99ec6
47409c85
46ad6251
4725510b
46c3308f
46dec419
4731a4f3
4732e46e
4731faa2
47080f20
46a47c6d
47015b5b
46ee6e33
47b15594
46ff734d
470d4260
470e0003
46b7cf0c
46ab462a
479b1293
475a2aa4
4718e5e0
47145395
46ff375e
47abfbd5
470707cf
4686b690
4780419b
476311ac
478837c1
470549f6
46f024e8
46bee0a1
471308b6
475ee6e6
47c4ca4a
475dc628
4710f4f1
471f8ee4
470809f8
46e82848
4775a006
476286de
46f4ea03
47291cbd
471126fd
4700f0ae
470d25ae
47053515
473ff8a0
46de06fb
468688fe
47900f8b
46e38c7e
4746c356
46f296c9
472d5f7a
4717fa99
46ba3653
46ac7665
46ac2fff
4716c640
468e7c30
4799504d
472959cb
47371d95
46c9a201
468a9dcd
46f79ec2
46b4a10e
4dfa9821
47b4f99d
473c96e6
4790eda1
4721d461
478deb95
473181de
471b9ee0
471b0352
46a1a087
46c75272
4712e979
46eb4523
46e27d86
46bd6b73
4728bf65
46672b1b
4713915a
4754b5cb
4776cc04
4726ac4a
4711a09a
46f517de
470f5d62
46a7cd35
4775691f
471304ea
47779597
4742ecc0
469bdeb5
4725d88c
471f1088
4de3cfe3
46eb8923
470b5f85
47036f3c
47123e65
46c51a5f
46d74214
46f60192
47573763
470fccde
46ce6867
4744c723
475d750f
46ce40b0
46bde68e
473a7d1e
470e7caa
46e32cd6
46ee9e60
471872e6
4735046e
47121b7b
47509cc9
470906c5
4763e735
468d4371
47690362
4725aea1
4771a804
478a9185
46cf38d0
47421930
47b765e9
471ad2b9
479bd227
46af997a
46fe37a3
473c7796
470bebee
469edaea
46df342d
4741a3cd
4708f97d
4743b0c5
46b38c4b
46888330
476838ad
4716b5ee
4709b0e3
4709ce66
4729276a
477f8efc
471a54bb
46ed54cd
478c4bfb
47334998
471d9bb8
475b2b8d
474507ee
4750b9b4
474802a4
476c0b69
468ed489
46dc4116
4713d47b
4706ed38
472ea63f
476a10fc
474216e2
470e3f5d
47041219
469e213a
46ca88e4
4791940c
47629122
46d35823
46c83a20
475a0811
4707be49
46e46343
473b0e90
47359ddf
471dabae
4765ae50
4790cd5b
48048203
46842054
46ec74a6
4728a7d8
4707c6c0
4797ff80
47208f68
46a4f1e4
47549ef8
47278d35
47251fb6
46f7e63e
4de3d021
47340e32
478e55ee
46fc475e
473eac7f
46f52888
470aa2b2
46bffe4f
476bbb14
46e22062
471133f8
47a028cd
47165112
479d59c8
4742e1bc
472c4a37
474d2fb5
4757ee15
47101975
471c456b
46ab3729
47827ae1
474969c1
476343c6
478e3fd2
4721fc78
4748f82b
466eca63
47400558
46f89a82
46ac98b8
47060a61
4dfa97e6
47266fbf
46f3e870
47875b64
473811f6
47024cd1
47998ffd
4708f246
46f973c5
4718a0af
4794e571
47648fdc
4706004e
46920e39
4778dccf
4773f50b
473ecf91
4751795a
474daadd
4765a5f2
47079b5c
4700ca03
471cc59c
46f83d7e
472b4943
46e3790f
470c1703
4779ab8b
47610f24
46c46920
47038248
47130d8d
474034db
47335cac
46b3f10a
4699b0b1
46b3755a
471490f8
47adb89b
46a3ce2c
46cd23c5
4713eb3a
475ac879
475fc887
46e01101
47a91a56
477e053e
46e7b904
479fb679
47418804
47522df2
46ce04a3
471b8fd0
476b3694
46e77fea
46d96416
47240821
46dee653
471a0dca
4712e51a
47490826
4783783b
46e8fb38
46f08408
476cd3dc
47358c02
47a189f1
47659517
47c38c4b
4739d859
471edf01
471149ae
479b7ae9
4716b7c8
4792b318
47807e2c
4712b075
4779224b
46e7b2ba
46c26fbb
4731c13f
473e9952
4705432f
47b96e9a
472af65d
47322e09
469269b2
4700d5c2
46e563f6
47279972
4700520d
4782f4e7
470aa03e
46bdf706
474d49ca
47410563
4728d735
4dfa981d
46c221e5
46a301ef
46f05a93
475336b0
46e5a8d1
4738cf69
46b9323f
4732ba5a
4730d27c
47030953
47014127
46e7b3c3
4743c103
46fac9e2
47034172
4741f966
47023031
474f0253
46e90eb0
472619ad
46c308bb
470174fe
46c4f7b0
474ba5b9
46fdf218
4717c554
46891a5d
4780ea3a
46ae1b20
47461ff5
46fe7408
4dfa97de
46edd2b2
474e7822
4753998a
47a19595
470d00e4
476f653c
47003705
470ef6b5
476b0495
4666d8c8
47117e80
46b75209
470cd8e8
46fb7299
47204b8a
47154b50
47680daa
46e74308
46a2deaf
47516682
47026994
470d35aa
46e37717
47875881
46c68533
470c3330
46ff16f6
4787d782
470fbcea
4714abd9
479a12f3
4718ee61
4698361f
4720fbcf
470a5b75
4783a483
474b447b
46b125ed
471ebc06
47036154
4782de95
4728b5e5
46d23a2c
471420b1
475ce2f8
46e5aff4
46f794b1
47134db8
476d576e
475c5b53
4729d254
46d03f7d
474f63f8
46d190d1
46edbcf5
473b8987
470d5250
4741d16d
477acd8d
473c60c0
47952d84
47a8f5a8
472fb163
477d0a9b
472c1bed
46d741f7
4706d436
472d9ac0
476f191a
470aaee9
47a9edbf
474f72ed
469b0f4e
4781051d
47594f25
46c62d6b
47a2bfe8
46b47afb
46cf27e8
470fbfc3
479aafb0
4740781c
46c3bc13
4779b106
4788c232
470affe5
47537adc
479014ba
477fae09
4708665e
470fa07a
47895024
47080703
474710b6
46bba111
47463cad
4dfa9822
46b83009
477a9ad8
468a5d17
47691698
47543b52
472812f7
4701a5fc
4779e7fd
47158c5b
473470c2
46eb2c44
47536caa
472b10e4
46f14cb4
46ea050a
46c4505e
476f62d7
4720e9dd
468bf4e5
474f251a
4700316d
46af1b2e
472c9388
477b0191
4708cec7
4760381b
47210afe
46d3e889
46add930
46e39d92
47306ae7
4de3cfdc
4702e675
4783e0d4
46b7778b
474e5ea0
46eb80cc
475640ef
46b0aa5b
476d6942
46f665d6
473dcf48
4741351e
47224ea8
472d75f9
46a3b636
47221d31
46903a1b
4709f0c8
4728bc88
47314d21
4715c689
47439f42
47613921
471a175d
47618977
470df2b3
46e2f8d8
4740d018
46c2c9f6
46fa6b9e
47032a61
473a18f1
4705a9b1
474bd3da
473d08fb
46918766
46f67e58
475830c8
476dbddd
46ab8d8b
4784b5e6
478ae5d6
470ed9f0
4785ebcf
4731177b
477144e0
479aaa67
46dfbc15
4716699b
47061d1c
46e4bc6d
472ab980
47394b8a
46bcd0a0
47813ce7
475bfe46
470f3e12
478060a2
47993c50
4772b37f
46e87a9b
4728b6b4
47162d4f
46ed2c97
4708a70c
46a0bdb1
470a4fc3
472ddada
46fff47f
47869f97
4766062a
47a1d2e3
46ca1ed3
4703a507
47a179cc
46ae3a13
4724f4c1
479a4242
46f328e5
4719ce77
47734414
476f6ec1
46e4a745
478f29b1
46767ac8
46f29d4e
46ddc455
478395de
46a9624c
46dd3782
478c31cb
46a81e8a
475f1ad0
47020a02
46b46007
4727389a
46ffa8a2
4de3d01c
46fee6e3
46b12502
475ab96a
476f90d9
46e5dab5
478eaaec
47a02770
470413f1
47025a11
46b8136f
471212b6
471d6d91
46e36891
473961c9
47502cd1
472992bc
4793a4a8
47319f1b
47758f62
46cbb729
46d0f87a
4727bd53
4745071c
47ce1ad7
46f3fb75
4721484d
47291717
46e25b1f
4654ba12
46c5007f
4701c5f9
4dfa97e3
47c8b945
470290a4
4702a6f9
46d54549
46ed45e8
47006709
470f125c
475745ff
472a2275
472ac240
470b2815
46bdf83a
47a53a85
4699ec81
46ee1473
472fe193
47ad8d54
47573889
47832459
47586232
46d5fff2
46cbdb77
4743bf90
47b3ffc7
4701b621
47386b2b
46d90ae6
478886f4
46f9c956
46b09bfe
47371b6a
4780537f
479c0ce4
47172490
46d76bf6
46ae96a5
46fc9f12
4753f775
476dd507
46d4dda8
469906a8
4714fcb2
46f6ce36
470fafcd
478732cc
46d3488a
46a969eb
4706ba99
46c1ae19
478999c7
46e36191
46d6d66b
470980f6
47238a05
46cd33e1
46ba3b6a
477d00df
47342f24
473cadbb
4770f38f
47146206
4704d1b1
472bdf37
478c467f
471256d3
478817cb
4722d173
474f675d
46b8a448
46f86fde
47998b20
471f1059
47178e26
46e4ecd1
47026f65
4716fd81
46f22c7e
471e8026
476a7fb1
47450161
473280b1
468ddf80
47480bc9
47334bbc
46aecc56
46dc4872
47310efb
46c3d868
4706e143
476be44f
4732d41d
4742bfdc
46d6603e
47414a93
47875ac8
46d4f92d
4dfa981d
4784d220
471ccdbb
46deb37e
471435d6
472f0d96
473b50ff
47336434
46bc2cba
46933f9b
46e20d40
4735dfee
472417c2
470ed757
4784cd77
47104451
470ff778
46c4bb19
47228db0
46f8c887
47873b75
46e7f554
471b9b68
4759154d
46f96794
4716e7bd
46ed3141
46f7ee98
47175202
4702f2f5
478d2085
4786350c
4dfa97e6
472ab761
46f04008
479f5434
4700c93e
474bcd48
46e04c60
46e3c9dd
474c7afe
470ae7f9
477bd7fb
46d95409
47411873
46eba303
47abaed4
471b42fc
46ff6827
47191949
46c4c7e5
46c62e86
46f52951
47a9dc37
46d4ca93
47156ed7
4747e343
476f6f90
47328a8f
46e7fcbc
474da13f
4710465c
4747fd65
472dd33b
47adcc13
475d80dc
4714890d
4782a666
473bc899
46ed21ff
4717b823
474e4b4b
47405026
4748131b
47d2de18
4781ed81
4773294e
46bb9ebb
47722d7e
46c7ac2f
4715098c
46f06d9c
47283492
469bd086
473018a5
46a10706
473b21e4
4709d471
4754a85a
47282cc6
46b5aafa
46f9748b
46ab1e5e
478cd46b
46e6a419
46f0b8dc
470e1d0e
470925c4
472084bb
4744e3fe
4734e48f
477af443
47431623
46fa3fe8
471f0341
470ebcd2
46f42574
46eb1fe6
46c5dc90
46ca37c3
478d2dbb
46db4ca1
46a83304
477749c0
4730a369
47526f5c
4745cd9f
47582d20
472a2cd2
47e4b2a3
46eadd8c
473f1664
46bc5b53
478d3791
469e0963
470db034
463b00d3
47ae7903
47051d35
4dfa981e
479f123e
46ff2f6a
4767e314
47065fae
473330fe
46c98bfe
478eccd3
4746c35f
46c28977
476482c3
474a25e7
46f6de6a
472952f3
46e9b737
474fdcb9
47686df9
471e8ced
46c5f575
46e7417b
46b0d9c2
46990b93
46d9b64f
473f86fa
474f3a17
468decc8
4754e1fa
4663a499
4711a060
473a9f75
471a97ee
470d42ba
4de3cfe3
46937b57
46e0e86d
46acb244
47358e81
470a9f0d
46f4ac66
4776594e
4799d96d
475819c4
47913f6f
4733f062
473ee71c
47448ce0
471b6d4f
470b37c5
47474d57
469cd2ff
46bfc85a
474d92f8
46cc1ea8
47158b93
4716e3a5
46f4c28a
475110d9
47411c50
4708b252
471250cf
470ddd16
47271b87
46ea7ae6
472a74cd
46a796a4
4729bfb0
46dd02c6
47671b2f
4775ec0d
47714675
4735abe5
475cca96
470b04ea
46d44634
46a81619
47df66f7
46b1de7a
46b58941
4706f8e2
46c2cb92
46fb06bc
46fdd3cf
47cdf3dc
471318c7
471c5cb7
46a78fc2
471498d6
466b753a
479659c0
47186c23
46c68fdd
478c76e1
47009acf
47556911
4720a4c7
471fa4d4
470c9658
46a2711d
478c837e
47a9bd74
474ba0fa
475becde
474eb376
479d82ed
4700698d
474ade24
4708c103
470f4b40
46b7dd04
471ce849
4718f426
46fabdb1
47a219c2
47582845
47185660
4694cf82
46c4314f
46fb2a91
473ba567
47452111
46b462df
46d8bd6f
4740de83
470a72c4
475104f1
46dca9d7
471a445b
46f184ed
46dd72d3
4de3d01a
47163030
4781e092
472d881e
47363166
46a8475d
474aacba
4725dea5
47485147
4774c923
47c9fc44
474e5470
46c9e587
472b7923
469a2f32
46d0e61c
479f965d
46b62234
46c1e24e
46e22cee
46e2f931
46b0571f
47402f66
4734ceee
4704c2fe
46a207c0
47208408
4756d406
47250131
47ade217
477bce8d
46a844ef
4dfa97e8
466f7066
4775f0ce
4742bfc3
47211eb6
474af961
4708a4f6
473c776f
46ecc131
4704e956
471016ea
46ee84b1
471f4dfe
4787a828
46cd7b93
4797af30
473cbf0f
4793f70b
47977800
474fd4c8
46cb3e38
4704bb1a
476b6d2e
4758f73c
470e2686
46c74c81
47075e9e
46d3bcff
4744c43f
4771cb9d
472a88de
46d086d2
46f81d45
475a7e66
469a802a
46d70be6
47551894
475ef6a4
473253ea
468875b8
47231838
467e09a6
4796ec58
46906d6b
477bef4e
46dcdb52
47422724
47640db1
46e9c565
471f6ee1
4742e423
46fcfe7b
46cd4d24
4795467b
479b50f7
46e120e5
478d09dd
474b9b31
46d86508
47498d5f
46d8efd1
471a84bd
470adb3e
4701f5a0
47bf92e1
4710a070
4782000d
47433ebd
47442c8f
468d19b8
4739ade7
46e3da1c
46753453
477dc40c
4734ac85
47582615
4754d067
479954fe
47326636
47032bc7
47753a40
46c6b6e3
46befe17
474307d1
46c0ca98
46b2eb95
46f1fd74
4766985e
4740d79c
4731080e
475569d6
47051423
47791350
46d61c19
475ffc9e
4729a840
471feff1
4dfa9821
46aa4fe4
46f1c7ec
46e1a189
46bed3e2
4770473a
46828067
471f7b27
4694a121
473dca03
47510ebe
470150f9
469d5bbd
4778760a
46b30d36
479737f5
4724eb4e
478e033b
46adc8b3
472d1ddf
472b23ef
4710d325
4791cb69
4717ebd3
47482160
4759822d
4691a043
47382d9a
47930965
47212946
479f7a55
4714d369
4dfa97dd
470b49a0
47633318
46b0a717
4784a2bb
476b8714
46532078
47389ee0
471e9782
478366d8
471788ba
4744251f
47097b31
46c4590b
471b5c4f
4712cf33
474f4aac
46e434e2
471f97d0
46bd9e1f
47a24553
4766b57c
4731dd86
4708f187
470ec023
4788d270
4734e33c
478b7771
47872e90
4723ad36
473b99b4
47261f39
46fe7f57
47333c28
47152aa7
47021cf8
46e783df
477f2564
46c0f6b6
47951a1a
4706f9a4
47406c4a
46a648da
47567b67
473133a5
47186a58
4784ac13
4702ebb7
475f5205
47767311
47331b4b
47155fe1
46fc9621
46950806
467ffebd
47013d00
476b1fb4
46b51eea
47b6796a
472b3906
4780e1c5
474fb713
470ead1e
46ce6ac6
47909dfc
47287ebb
46bab5f2
46ab0dfc
46a055e4
474b369b
4702d39b
4711fadb
470f126d
471a46cc
46d5a423
46e8f9e6
47762651
472a545d
474b8f0a
4705b56b
478643bc
46dace59
474c1c67
47c0c340
470ddb9f
477da649
46bd5169
476b5caf
46a61c9f
4784515f
46abd59d
478de7a1
46d48f45
46e7e763
46b0e828
471a64b9
4796244b
4dfa981a
46ebe023
471a6193
466c9c51
46a6ce13
471615b2
47805569
4737ea9e
475465dd
47a3a350
476a05a9
474193c7
47356a95
474fe1c5
47a6968b
46a183f5
477ef273
47077abe
4796b5a2
46a79138
479f3e0b
46b4ab6a
4773612a
46f3f06c
470ab1ab
47654af3
46f5c8af
46c39d0e
46b2dc3b
476b4396
4736b6a5
478a444d
4de3cfdf
47a47cd1
470822ec
46ffb1cd
46d63cf1
47406f9d
473c87f0
475f5637
472a0180
47a2532f
46a8f486
47d829da
47900874
46d2e00a
47445596
46e03551
477a1706
47119772
4796a77f
476480db
47dd4182
4741b273
4707c49e
46d90553
4703c271
477972a2
46f361c2
47cf6fef
4736c5b2
474378a6
46ba0e82
4727f2b3
46a69c58
471ab1c2
47b9ee60
47066fe1
4713c032
47830a4d
47104636
4777ceb7
472297bf
478077df
4711d52b
46bb1dd4
47922c0f
46cd62fd
46ab59b1
46a923a4
46d07125
4711748f
4792467b
472caf82
47515acc
46b06bb8
4742fc2e
47279629
47120776
471e9b59
4714aa14
46f18e6d
47af21d7
4701459f
479b992c
47243fa8
476ae3a4
474b1225
46b62692
46e4143d
47610793
470e137e
478853be
472fc6d1
46ed2c7e
477bc83c
46cea49c
47581971
46863e9d
470ca24c
47369216
46e54773
46fbfc5e
47134c49
4689d2c2
4755291e
4727ff40
46967ea3
46f010e6
46b71899
46eae627
46913df9
47020c1f
46f9fabc
46c6a950
46d953d2
46d98ab2
4777e5af
47586a6b
4de3d022
46ac71a6
471466d9
46ec456d
46e40585
47150b91
46ff9b72
46b70098
475379d8
47b7a6db
471ebb20
475f014a
47004f9b
474b84ec
46f41c77
46ed9833
477ab86f
47739f49
478d5758
4792f94d
47579710
46c2da64
46d003c4
476f3f42
46d04d38
476504e4
46cec8a8
471d7e30
471e0257
476a7743
4743841d
47545fa5
4dfa97e7
471bc5db
46ee0e9c
4750c9aa
46fb6045
473b68a1
4728be3d
46c7da2f
470ae863
46ae9629
475bba86
47352e6b
46ca55bb
47a2468b
46ffdc0c
47806b31
4711bf8b
471620d5
46b2ff4d
470602dc
4718a629
46fe6017
47302e45
478fbb54
473a63f4
46acc250
46c1103f
4707baca
4782181b
473ee65e
475fdc2f
473a7f56
4712db91
475e2b74
4716e087
479e239b
470c1e89
47774cb4
479c6183
473ea66a
46a8cd37
474491db
46876c88
4783ed04
471e19b3
4758b1f7
4709b25c
4737bdf4
47822929
47338c53
47a8294f
46b4bd27
46b9cf8a
46f34062
47762cf3
4716be0e
475dda49
47540a2f
46e724f9
46f1a26a
47018646
47189753
477638dd
46ee8e47
46fb5939
474d317d
472f3494
4733225b
46f54d44
47126954
46e3d7d4
46fd517e
47553a49
4718f188
4713d80c
475a31e5
4792f705
47130024
473010ac
470eed3d
476580a9
46e860fd
464f7b42
479dcfd8
472541ec
46d32f40
46b42dd1
471f71be
472706c1
47ab60ff
47e44119
479df4d1
4715ac5f
469ef36c
46fb02ab
471ab292
47887797
4dfa981d
46ed547a
46eec852
470a5a30
471f1d8a
4774dff2
4711a06f
471719ed
474063fc
4716f28e
46e4ab9f
47283e0f
4718762e
47a0bcbe
46bcef19
46eb80bf
4730df05
473d4c3f
46d2d656
4702a6c5
478d1e9c
47711d00
46c752a9
470418e0
47217045
477968a9
46e2692c
471f966e
47d2941c
473347e9
4732b2b2
47345d18
4dfa97e4
4765ef26
47a60799
46f73360
47107932
471fdf02
46dabd34
474d80c3
475959da
46ffa548
4733fef6
475eec3b
471878eb
46cdd62f
4734fdd4
47382f9c
478774ee
478e2391
46b0b7e2
4702f5df
47747188
4793ade9
46f34c41
47248433
473d7254
46bc8193
47424530
474e3cf3
46eccf34
47329d35
474a7d98
474a8133
46ed5ea2
4720b715
474ec44b
47566791
46c8fc0a
47488160
46cedcf0
46c0d233
4771228d
46dd0cab
46c359f5
47863eaa
46e753dc
46b5a9c7
46f6601e
4708afce
46eaffa7
46c7f078
46c2da5d
477ea0c4
4740814f
4751638d
46e34c7f
46f233d4
471310f7
4764787e
46f648de
472a0b1a
4702e685
46f4e224
478d36d7
46bba73a
470dc965
472353b1
46d51bc6
46ccdcef
47444d04
46c4c593
46b6dbe5
46fa51c7
47724b30
4726da14
47381c6b
4713027f
472d8b8d
470c5f1e
4791696d
46abdd92
47789c33
4700078f
47562784
4734bd0c
471d7d8a
473f1c1f
47148bdd
477f8c34
4726cdb8
4710d8cc
476d6db2
471b685e
476b07db
47840d88
46df6eb8
46ece173
46a68f36
4dfa981c
46b96892
478b6193
469406f2
47264a4a
46bcbc23
46bbe61c
478f44db
46c0d208
47b9de8a
46aa86ae
470374ca
471f45df
46cc4a28
470f5271
46e1d260
47b81ae9
47094b16
474951c5
472cdb8d
473a1790
4714d380
46ff555a
4700d908
46ffdaf3
47294406
46a87ded
46e5a44f
470e9c3e
472a581b
46fec735
46fb763c
4de3cfe2
473fd7c3
46c49814
479a4784
475030c2
4788a252
472f8fe1
475adcf3
46e8ee8c
4704b70a
46c5f3ca
471a9f71
46a2401f
4731c106
477ee424
471fd727
472500c9
4759741b
46e0f4e8
46f3a985
46e84ff5
47dd9d06
4704f136
474933ed
471eb176
4760f5df
4699e47d
46cd0801
47389e43
4721c852
472e304c
473f3968
473ab691
476a0eca
46ef6760
4717031e
47961ece
4734273a
470ca0f5
4704933f
474edbd0
470d4ce3
47356d83
473e18de
473c3d52
470676f6
472aefb2
46eb657d
473c0839
474303ed
4744aa9f
46cf70d8
4706bc99
47b1664f
47428a9c
4707342d
4799c1be
47358f3a
46cd0d5c
46d6b75e
46ec3a07
46a470b3
46f648f7
46bf7f26
472f65e8
47107915
46d9b199
473ef4b4
471a44cc
475fb505
4771fe3e
4783acf5
473265e6
479de9de
479ecd94
4709bc75
4726c5b5
47a02d1f
471c46d0
47b0df4e
471c41b3
4704d0e3
476d3dbb
46c1ad65
474d59ef
4685dbc6
476d1e04
477618cf
47111548
475e84f5
4759973e
4714018c
46e9ebdd
470d2c5f
46e30818
473564a0
46f806a5
4de3d01f
47248ac6
471cd757
478bc114
470eba78
47987d69
4772a031
47152f65
468d29db
46c99910
469e8a36
4710fa40
47305090
46d3c52f
476ef91e
46fd9dfd
470f079b
47552a79
4715d99a
46bf70d2
472edb3d
47aad96c
471812d1
47955fc4
46c6902d
47a96005
468007f1
4730d63f
46de9a2b
46ca4cca
4751cc08
469e55f4
4dfa97dd
46e0bc0d
46d7666c
46fdbe41
4703168a
4759715b
473dfbe3
47086a1b
46a8a9f9
47416b90
468fa4c2
4771ecb6
471439ee
47a7fdc5
475b5be6
4718978d
46df9bc9
46ab1433
4717453e
46fd2eb5
46d3fc1e
46e98158
477e8f8a
46a71d93
46c8a27c
47005d77
4739d938
47c4839d
4719f51d
46e3882b
47102f19
47129a1e
47148abd
47202f14
476f2182
473e5286
474813d5
46c08b73
478e5bcc
475145cf
47282a4f
46b7f94f
470acba2
47a94ca5
47820fb7
46a8b81c
47ae97e2
475fd0d7
46a9e1c0
472b69d1
471efd5e
472d6d2f
47040f3e
4722799e
46dcf5dc
471382bd
47a74209
479a9cb1
46ea9026
46b6e0f0
4726aba5
471b3397
472f0536
473270fb
46fa05ff
471f79e5
4744a286
474db32c
4735f9b7
4721d5ba
4718d5f3
47473fb2
46fd8274
476f5b78
4701bca6
46b2b5b5
46faf028
47690b8e
4704dab1
46a22460
4755cb3a
46b836ad
472e081a
46c4b8e4
473ed9fe
46a909eb
47a598cf
46e7613a
47c2ca8e
4729fcad
472a90de
47078e9b
4724ad93
4789bc13
47561e43
478e7a76
4738a476
4dfa9823
47061305
470e6165
47157257
47156591
4761c0be
475eead9
47391958
46b91c4b
4773751c
470aae72
46afac56
470f8683
4796e004
470572c4
4769f1d1
46a80f8b
47455917
47b86b22
46d45c95
46b75836
470b855e
46b01732
470489a4
4744ba9a
470a7fb1
470f0c3e
474623b3
47455d4a
472438ce
4744ec1d
46f8cd71
4dfa97e4
47a5abd5
46c320cd
46b87b2f
473783aa
468a0cf3
46eab168
475131cd
4709e1d1
4773ad16
4757a8ff
477b5857
472f170e
47354bdf
4734ef2d
4702cbe4
4705dd18
47306135
47020ef0
470ff610
47288cc6
471a1940
468ae824
4721191e
46a45e19
4723c5fe
477c13f9
47068020
46dcc39c
47240751
472dda0a
4719081b
47208d79
4771fb43
478033b1
469b5350
46b31685
479b4d69
4707822c
46dd4472
47a45204
46dec132
46d6a8de
46b202c5
4775a5eb
47328bb3
47483f9a
472124e7
46d6b58b
46fdb06b
47415124
471adcfc
4743984a
476a69cb
470a7a4c
4710f714
46f4994e
46b14173
472300d3
4740d16a
4762f57c
47063fcf
47d7dae6
470318d4
46adcf99
46b9b8e9
4723ab51
4703cf31
4730584b
470eaefd
47a21bc6
46e19fda
4752a1d9
46cc9c95
46e18d8f
470f60d7
470bb963
466640b0
47330d49
479feb24
46a558f4
474423bc
473d2ec7
46ddc891
4799eca1
478187aa
479b39b2
47aaf78f
471b6fbd
473282ce
46fc0b63
473e9578
478851d3
474d3171
476de1d3
47334b12
46ed6518
4dfa981d
4701aca0
472ea79f
47110820
47556338
47578e08
471f8732
47318e64
46a5485e
472909d6
46ace8e4
477a7c54
476c5776
47c6889d
46f900f8
4713f20f
47042302
4790589b
471548df
470b5530
475de5cb
47973278
4721d83f
4712ebee
46bcb8a3
46ab13ee
472ad94c
46fbe7dc
4710d36b
469c5d45
473291ab
47203b08
4de3cfe2
471e9991
475d4de0
46bdac1e
46cc42e8
4733ba55
471328c1
46b466e2
4681d58a
4786493e
4752cae3
4765461f
470fbdf3
47895143
46d1668b
4729f4ea
46ddf586
46ec425a
46cc22ed
46c359c7
47118e79
4721c2f1
479cbe04
47093ba7
46a70412
471c468d
4714856b
46b6e9b7
474ff072
4736b749
46d0b7a8
478fa069
473af699
46b512c6
469cb0b5
474c5955
4716d8f2
4749de23
47700f10
46d6b20f
4713b38d
46d2ad31
46d36be1
4693fd50
475ba991
46f6f0e1
4724e2da
46e98cd1
474ab78a
46d02b5b
4692eff5
472e69a1
47408a40
46a5f141
47373c77
46b233a3
470533fd
4717ed19
46e3249c
4705aafb
46893fc3
4735f5d4
46f08738
47395e33
477c028c
47101b50
469a1511
471a5a46
479e7d04
477db35c
470f8762
4707b4e2
47305f19
4703f4c6
47a0495d
4736ac15
47300413
47249116
47b8007f
477ef439
46c480ea
46aafb41
47d815fa
473aa0e7
475c9242
47106692
472d140e
46ff09df
46f220b1
46948484
478caddf
470b96d0
47249d2c
47128fde
4683b45a
477b4045
470b47a1
4de3d01c
472dd72f
4701ad30
46a9c477
46c0bb45
47133203
46f1fb3d
472c017d
46f915e8
4724d9d5
47a99f9e
470a1318
46c6c841
4795f8eb
46fa82ff
47241bd2
47273c28
46f1c82e
472d4483
47385bd6
4783f6d0
46d760f6
47867e25
46de8531
46a2f4ba
46df3e84
4693cd49
46f4aaaa
46f2973a
472c62fa
46e3e313
46eb961c
4dfa97e5
46ebc391
46ae2722
479ea1ef
4704251b
4753c4fe
4789147c
46d10f26
47323b45
46f379ce
4708cc0c
475d2822
46bb43d9
46ca8612
47048c19
46940b1a
471bdf4d
46fa4738
47252d6b
475d6cf4
477abd2a
471fc3ca
475fb685
4727467a
477fe38f
4703ee37
476548ed
471c358e
4700c819
4737468b
46e81b99
478cc952
470185c4
46e6d7bd
47d0f6fc
47b3c756
46c09292
46c267ae
474b77b6
47521c1b
473304d2
46b96ba6
478d23ff
4730f8e3
474f1057
47118c42
470e0b5e
471633cb
4757b9bf
46a03f3f
4772ad2f
46df4bda
472919c0
470bcf60
46a6f5cc
469269b5
47498e8d
4777780b
47752e68
478c7644
46ddfcbf
47339905
47192cb1
46c3108f
475c5fcf
46a6692b
46f0faa2
470bc6a9
4727a578
477329e9
47519aa6
4729a82e
47b1c7dc
47913eb1
46d90e55
47685466
47246f20
47391a2d
46ac512d
468a7f6a
4732feb4
4731b5ad
46d2eb27
47023b09
46f9fd16
46df723e
47323f6c
478a1326
47096c88
47896896
468b2aaf
4747b49e
470d5ce6
47050aa6
46d7a89e
46d455d0
472c9e30
4dfa981e
46c6ed51
46986365
4786ae10
4781d506
46bb5323
473328fe
46a9c29a
47111012
4651d573
471ec5d4
4714fad5
46fd80f2
471f9aa5
470af79e
47764bf5
472a6af2
4798ac92
468b1382
473424bc
47590ce9
46d702f4
4681f521
47342330
4703d513
4726a7cd
4681845d
475d5a55
474a96f1
46f24333
47399e06
4693b1b4
4dfa97e1
46903afc
4787c7f1
4735d1f6
47217e01
473a3406
46ecb7a0
46bda934
47281c93
471df5b4
474ad5d1
47259130
472c56a7
471affad
476b6fb7
47adc8af
475d48a8
46ad8b98
4728cbf3
4715922b
46fbceb5
47199ea6
476fb34a
46d643d9
473927e8
470dfb4e
475d743f
46fee922
472437ee
476bd243
4770a8d5
47ce174c
47256f3b
472d2a8d
46d84e61
477ccd69
46a16951
475c36a1
477cccf9
46f438b7
473a0088
47883bb9
47526250
478e344a
477f4a33
4738b677
468eabb8
471b1082
47295605
47251959
477e8ca3
47c8ceaf
4733a00a
4701a5cf
470067ea
47016335
46d469e2
471bb6d4
46df0b57
47068dbb
475abc3b
47a6cefc
46aa199c
47659b9a
46c30f3a
47107267
47010662
473122aa
47460507
4737fdcc
470950f3
46b73b48
46c16f70
4725a367
46d78c95
475b7248
475cff7a
47a876f5
47699696
4709cd24
47854829
475cee7e
479089f7
46be8954
4749cb92
472d6c08
46cad032
46f2046c
47413890
4697d5bf
476b3067
475828dc
471b757b
4712b20e
46db5aaa
46a79673
4708037f
4dfa981e
46dcdae0
473abc14
46d0c4de
475a8005
47a3e81c
46f04ea3
471a830a
46d1ff9c
46af9354
478ffbbf
4752e89a
477fb40b
47a4f729
46e55a3a
4741d0bb
47023a5d
47150c5d
46f37cff
47190097
47493ec6
472356b0
47aa709e
471461d2
470844a0
464bbf6d
46f18d71
471884e9
47c00467
47637e90
46f00d91
477b16e9
4de3cfe8
46d576f8
46c02fcc
46e45ae6
4761cdf0
472b118d
4694e046
46c09df5
46f3073c
46973032
46b40d9e
46984e03
4771f3fa
4700eeba
476b90ba
4708b009
4734a740
4788d8da
47292a6c
46de7eba
46c73073
47386878
47a1d41f
46ac790d
4770b40d
47926866
46c50dd7
470b96a1
4713d43e
479972b3
473740e5
46e7e226
4744ae1d
46cbb692
473c304e
46ef9752
46b2b432
4799a94b
46e884aa
47315a70
469b9681
47034356
46cbf67e
47322c8e
475045cb
47692bf6
4736d4a0
4702b477
46a38882
4768ac92
4766b204
478a562c
47835162
470e825a
4717af00
46ce72c9
47b19ee4
470bce3f
46daacf1
471f018a
4678ecdc
471ab019
46f311d9
4752070e
47ac58d0
47ade924
470784ba
4682a634
4705e594
470480d9
46dbab13
475bc475
46dee2f4
46ddbf08
4735d193
468e0b11
46ebafb4
47055dba
47696e22
471ac9f4
4742bfa3
478ef8f4
4716cb60
472b8391
4768cd8e
476ea431
4723eb71
47038c2c
470f9acf
471f1ad5
46fe119c
475737f6
474ae713
46bc5a3e
4761ccdd
47293065
4785b26d
4de3d020
47698ce0
473e2e20
470507b0
4715a89d
46aea227
4756243d
473fd781
46f337fd
46a7e6e8
47083a6f
470bfd75
46cf3d57
471d6195
46b01eb0
46d91220
46e3cc2e
47846e47
479fd043
471a0fbb
47990c0a
4747b251
477374c4
478b681c
474ca331
46bdc4ce
4707b0c0
47402b97
47387a78
474687b5
47a1d08e
46cbaebc
4dfa97e4
47444cc1
472992ac
47211bac
471a19ef
471bc438
47307ec5
47b18c94
46f16a3e
47882cb4
4708cfa8
4715cb1d
47a4204c
471981d9
4695ef92
4771f434
471bf60e
46a77ef5
4722acd0
4709d1ec
47001bba
472e49f3
470c6f57
47613d34
478dcbae
47008a27
47c04c54
46d68129
478a1597
47035909
475a90ab
46fbd2af
473dcbb6
46ee160d
476a0496
470c02e9
46f8c49e
470f46cf
470f8e4c
4738f995
47453db6
46ac0c91
47cbd049
478207fa
46950266
46ff32ca
47111e1f
46a1a47e
465ddc58
47049b9f
46ed909f
475a5a9a
473b91c8
47060d97
4712278f
472660e7
46f596b4
471041da
471c8753
47be9b9c
46ea5918
47529145
46c7efbe
47167ff1
471f69ec
47334bc2
475207b8
4722a84b
471ea5ba
4711a2c4
470a1dc5
478e1ac0
46ab881a
46dcb42f
46b6a67f
47053577
46912a2c
47a8282f
46ed16de
47464dc8
47a7be97
46d7ed2d
46ddec3f
476262db
4703dd8b
47a31052
46a9ed81
475c5c69
4712a950
474b42ff
4745e449
47264d04
46f1ebf7
471336af
4721dd9b
4718a302
4752168f
4dfa981d
47ee9523
473496da
4707daf9
47147609
46d64e66
479b7c6e
4798a343
47287c57
46fbeca7
476714bd
479eecb3
46b1b21a
46f66c07
47192fcb
473054b6
47183444
48030524
47341832
4759eb6f
470484d6
46a34859
46cb1ca5
474f097c
4772fd75
4760f19d
46bc97bc
47922c93
47330890
474a50a6
475e586d
47568e72
4dfa97de
470eab57
469f1f67
472825d3
469e97b8
474f8b26
47045206
470192f5
4739dda6
46dfe1bd
475b84a0
46c862b1
46fcbb91
4763f768
4697eb21
4759c7fa
46d1703a
46994de2
471d7aff
46e078bd
46cb2fad
4728feab
4779f430
470c2cdd
47138c6c
46954105
4784158b
4696b0e6
46fdd47e
4787cbf2
470ece61
4727f2af
476c181e
47b759f1
472a9061
4739ab59
46b8f084
46b9cfe2
47a73c98
46f73ee9
475c596b
46cd2ed8
479b0f77
46930701
47edd7ce
46c859c7
478456fa
46d7f369
47271852
47164139
47115280
47a4a4b9
46c5c2b9
4738e5bc
471e51b8
478f4159
46d4914c
47583088
46d9b41b
4797087c
47a0389d
478e0b5e
47463990
47040864
47a303ce
47104f39
47447e3b
470c017b
46a3b5c0
477e6c57
46f06701
473a8ab9
47127435
47e2f0dc
4782c966
472849a1
46f66741
475620d3
47377bd9
470d1ab8
46ec413a
47a0da4c
46f1549d
470b531e
46ac8082
46b8272a
46aef1da
46994ffe
475f6c8e
4705ca8b
4736fdfc
46cda873
46f87a98
46bdb491
470ff506
469e6cef
470254c5
4dfa9821
46d59e24
47202505
473d3bca
476cdddd
46c2df11
4709ce83
471c5eae
46f8a028
4790002f
477d8b41
46f21326
47024a9b
46f5af93
47134a51
469f2af5
46ea88fb
46c4445d
47079f0c
475c32f7
4703e247
477eabb3
47001e14
4749e0fd
46908757
46a62533
46f24278
47899adf
4685d1cc
472a3b51
470b179e
47330b2f
4de3cfdf
4721622e
46fd4cd2
477b67f1
47581733
47584b6c
472682c5
46ff4f40
46ebc764
46e3dfe2
46c03889
469efc5f
475739fd
478fb90f
468f2c23
46e66bbf
47944c70
4795a63f
4799ea33
46dda556
4772d827
475c028a
4696159b
472d6383
4774201b
47541217
47083863
474d0f6b
46f1db13
46e3e1a7
46f010e4
47828d19
4698b5cd
4741f2ec
46c42b59
4747d03f
47488195
47186478
46b6f682
4734a088
47427b7c
46ce9aeb
46d2a1e3
4731f6d0
471d0a5b
47d71ed1
46e5a9db
47407aa8
4759e8dc
47310d2b
475f7921
47393bbf
47086c85
47200647
4704f946
47873599
47132da8
47b75a2c
46eba31f
46b9ac0e
470d2f8e
475b6b85
4764b7c5
46a4d402
4705e32d
46afbf25
46dd7554
472f7f36
472468f6
4717e8a7
46e1159d
46e88f9e
46da39ba
4701fcf9
46f3783e
47ad7ce1
47214346
4704ec35
47351e42
47015b9a
46a4f41d
46a88f8f
469ed6cb
4702b89f
47060ae2
479f4a47
472173e5
478981df
46bb5d96
4793b061
469d127d
4752e319
4787fe45
475bed79
477dc92d
4730cbc9
474e2939
4de3d01c
47c9ecca
46da3bdd
4756e156
47264852
476b518b
46a9b51f
46a46c4b
473d608e
47133bc7
471a222a
46f02d0a
46f24a22
47783b60
46a28c47
4721ef82
472a2411
47766a73
4757756b
46c6fa3c
474c59e1
46f098a1
479eec79
46cf67d6
46c696be
47c287d0
475e81cd
472f620d
4796b7c5
47536296
472429a6
4714dd61
4dfa97e5
46e944ec
46d53a7a
4772417a
4747129b
46c2e15f
46cf5186
47491b05
46bbf33f
46d735e3
471c80d4
47475277
469e6ab7
46cf0e51
46c959fb
46ae9bd1
47215e4a
4778e26a
46ecee78
474a11f4
4788a1da
4792cfe6
4730347c
476131df
47313081
4723a7d2
47244041
46f5055d
47aaa8b9
46f21267
47348035
46caeb94
4724b837
46991b05
470842b5
4705976f
478af27d
46dc8b58
470f28f1
46b6ac9c
473d0187
473a67b5
47355885
47838271
46d2207d
46b63cc4
469cb0ea
475901e0
4726060b
479e9659
4723cb45
4758ee3d
4702da6b
46a3b11f
474a808c
469625f8
46aa7035
46aace3d
470b87cc
4700c5ac
47163ea4
47199bc6
476240a8
47091a6b
470576ac
46e35fe2
475e626b
47795691
4712aace
474075ab
47962c10
4706fcaf
474228ba
471e493e
4700ebf5
4725d262
4761c5b0
4727ff60
4742137e
46c94e3a
474fb6da
46e18975
47711f77
47caa7fd
467e77dd
46d186b2
47475548
47b689a8
46aa6375
47b1c394
46c862a6
46f14bbc
47065289
47ead801
46896cdd
47a682e6
4723d77d
4dfa981e
476c108d
47a68ab6
4709c8dc
478e4811
472ee6d4
471ae43d
4766d204
4720bd70
472dd1b0
4759aaa8
46cfd77f
471e3aab
46eba1e3
46e34e7b
4726c47d
464890e6
479e7251
478348e4
46f09793
4757038f
46f825f4
47871c9a
478663cf
472263cb
47a058ed
47a2234b
473c4d60
47549fb8
473e41f9
477e6ce2
473e5de5
4dfa97e3
4727c757
46fe79ea
478d5fb1
4766c50e
47612326
47609034
46aa75b9
4742927a
46b6b322
47009ac4
471dc82b
46fd4d82
4756cfd4
470e17a8
47159dd9
46f1b4b3
46d87e9d
477650af
46f89c0e
4793a497
47051eca
4772b187
46b1498c
478b1574
4714b1a3
472a26f8
479530e3
4763430e
471d9289
472f0d27
47303b92
46d64a7e
4759de19
46dc1ce6
472c6766
46dedd63
471a847a
475106d8
479a7bb0
472f903d
4731d2b1
469af778
4704121c
478ba415
4739f4f3
473c04b1
473c05c1
47a37910
4718d4d5
462e33cd
476f3760
47b429b2
4703e569
47126545
46c25baa
46bcde4f
46ce3d53
476d8100
46a26e16
46eed5ba
473a7e09
471cfc08
479ea34d
47b01837
46ac1613
473d68d3
46e708e5
47b2e103
47765cee
46b1f41c
470185a3
475b0c20
46c1df29
474ac82a
47468c5f
4791ddd1
47187baf
47108db1
46a9edd2
478fd908
47701734
46b8fa62
4783f890
4727553e
471e7533
470dac06
475fbde6
46b42c76
46c93732
471cd4de
47ac0c04
471f8d3b
46ad44c8
47547429
476fcfa6
4785ba65
4dfa981f
4791888d
46b51b5a
471726d2
46b55dfc
47044560
475ae07c
4759bd7d
4740dbf0
477f1fb4
475e56d6
472f9f22
470f2346
46e926de
4739550b
46ee8c9d
47aabdd5
47564714
46ea1879
4748498d
47284cdb
46fc141b
4726b6c7
477b96b7
470a5d59
477ad0f0
46ced6c8
47d7647e
47201305
477254a2
4762e1e5
472e7034
4de3cfe7
4722cc09
47375613
472b20f6
477cdb20
47057a13
47097bd8
47329a9a
46bbe277
46533818
46c1099e
474b9428
46fad975
4756e79e
4750e485
478fb53a
47391e55
4707b562
47691e38
47a63ec6
470c9307
46b9366a
4717100a
47594540
469e4e8f
471a3e18
47495444
475447f6
46c49ac2
472895d7
46c0bd08
46e9b02c
4719d874
46c0762e
4741e687
46e4415a
4735d2e4
46c7d51a
47437651
473c898c
47661b51
46867837
46cd4ec1
47442358
471a44bf
476f3ac4
46f7657d
46a3e4c2
47633db0
478d9f1e
46c807d5
475b5083
4745bf24
471d51ae
47147811
47555418
472e563f
470bcd2a
46d7c2ef
478d84a6
473b9dea
47b1ac5b
46f80afa
47336d77
472a3834
4727aa2a
471334e3
4718a560
46b2347f
475c926a
46bfccfa
470a02be
47233fcb
47a4e55e
47801a8f
4799ef9d
47322e71
46c2267d
472eb9d2
472c4d74
475e9c57
47628da3
474dead2
47498d60
46e14540
473dc785
474395a0
476d0aec
47866b1f
472dc477
47819eed
47105f2b
478363e5
473653a7
4761521b
47597147
470ebc2c
4de3d020
4771152d
46eea869
4694a11d
47974f37
46f89ec8
4710efca
4744f2cc
472434cc
4726e208
475227cf
47bdccf4
472184eb
4717af1b
46c4ae6d
46e1ba7e
47a67b7a
4701a350
470e6856
46c02fbe
46b93a72
474379dc
46d1bafd
4709921b
4774e8bf
4797f566
470551a0
473c8628
4712f9b3
4757c485
4799ae61
46e6b034
4dfa97e2
4765372c
46e7c53e
472b7d95
46cdc96d
47321d5a
4781167c
46df145b
473ecfb7
4717165a
4752aeb3
4761501c
46eded90
4708d0cf
471ad09a
46ce833d
475f69da
4720ef93
469ee304
4734046b
4762f3cb
474ab368
4756f565
46b300bc
4790b5c2
47551f62
47316aa2
474571a2
46d1a454
470daa78
4739d1ab
47a917d1
46fd9bdf
46e4aa1c
474087ab
46aafefa
473b4ba4
478594dc
47835d6d
46ea96a0
472d6c5f
46e324c9
47123d3f
472a4045
479d68a3
46d3822e
46af9df6
4745613c
4770c826
4705bb12
46f4c327
46e9b8fd
474e6d62
46c60be4
47bb791f
47481e4b
4712c60f
4767e667
46bb4908
46e385d6
4733a6bf
475eba94
47ac1fd7
470da68b
473f3532
4752ed42
4716a307
47c77306
478bf170
470da93b
475dfce9
4732cae3
47176faf
475a87a9
473f05e5
47809ac8
47080e3c
474e3dd8
46d9be7b
474947c6
46d3c4e7
479bc028
46f982fd
46b5a6ce
46b712fa
477043a6
46e4e444
475e587a
473035e4
47358773
4760ce49
473232b5
46ee85e5
47158590
46cfb588
4715d199
4721a964
4dfa9821
47a171da
474b8eab
4717e6e5
4783e315
471dbeec
479ca015
470771c0
46aa6869
46e8fbbb
46f16e13
472109f5
46d949d8
46a21907
474bc600
4722ddfc
472f7d85
46dcd181
4779f53f
46d654c4
46f84ddc
46f1fd99
46d6bbe6
46cc4aaf
471040ec
47093dcb
470f2cc1
469ba4ca
47bab4b6
46e1601f
46ca276e
47256918
4dfa97e0
475868b6
46f7646d
471221e9
47a6bf87
4745e999
4676f1b3
474ebfde
46deedc8
46ce8012
471c42cd
46f44cf2
46958272
478a012c
4767feb4
47334b3f
474fc24b
46dcc58f
47540723
478b20aa
4778e1fb
47681539
4757cc01
46c44022
46a0956e
472f0c66
4708ac25
47270038
4747302f
47814d6a
470c0270
4723f6ad
47324afe
47459ea6
47bd43ae
47c58c3c
47066bcc
46953bfd
46f67464
477bd256
46e4f13d
4792f412
47247355
4736b0c1
474e327f
46fe472d
4733c303
46a552b4
4719d6e6
4714989b
4706c947
47834a76
46ceaa8c
471479a0
47534df2
4787126b
478f038f
46bf7b81
46b8659e
47249908
469cab2f
4763260e
4759fde5
47891f39
47268c4a
46ab38d8
479802f4
4682d160
46b75478
471581bf
46f7a3de
4739ae6a
4702ce90
47025c20
46a503b3
472fb3f2
47846b13
46de11f4
46b424ae
46c51c4f
471c3035
474074b3
46a0e81c
47191d63
4702162e
4769820b
470a0a68
4787921b
478c5a63
4746d620
474707c7
46dfc193
4775fff1
46d521a5
473a34c8
4733310b
4754b7e0
4dfa9823
46ef786d
476b0da1
46c8c5fa
474a3637
4718d13f
476220f4
46ebe213
47016c33
4739f59a
471cb271
47d648c6
46e86997
4706fcdc
47a165c1
47791088
47944df4
4723f718
4716533c
46afbf6c
478333b9
470c7894
46f82dc7
4702f912
46be5060
47121f21
469ea9c8
471d0960
4725e9d5
474a453f
4783149d
470533af
4de3cfdf
4706dadd
470d043f
46e2d7da
4715acf7
478c48d8
4738a639
46e5eeab
474a73a1
46d1e74f
478a15af
46d6edeb
46e6673b
473f4e90
46f9a344
4733b395
473ec65d
4762a3ea
46d8602d
471b9306
474c2399
471826e3
46f8569a
4779a9ab
4743bdf4
475a6d07
46c9047e
46d3ece7
47411b43
4770f7f1
4731b56b
477b7941
4783506e
4703607c
472f40e1
471cd968
47a1ee30
471fa1fb
47012f80
47934646
46c9a927
476c9583
47a26696
47516a78
46e8529b
47186b0e
4758c7a5
46af670e
46d93de0
4787599c
473facf9
4727fc80
4781c697
46c5558a
46cd7bd5
469598a6
46ffe6bb
47238b14
47166226
4788cf2c
46f8159e
46dd681a
478ff079
472446f7
46bf722e
46d0c573
46bfa2ca
469ab31c
471f6bbc
47158fac
476aa5f1
46c6572b
468e9201
46aa56d0
46d61c10
47211ef4
47612208
46db8434
46ee4bc7
472cda1f
47610fe1
46fd2877
472a1ae7
46d13b40
4779a3c3
472a50ac
4746b56a
47365058
474985b4
4713ac3c
477c9397
4708801e
46aa7e3f
46697f5b
4766a34c
4769567e
4793dfb1
4de3d01d
479ad6c6
47897b82
47244e1f
470937b3
47511470
475859e1
47148639
470477db
46b448a2
46ebad07
470ca465
46c9b091
473d2e20
467a5e54
471c17c6
472b6ab3
471c7c7f
474d75c8
47185f14
477d0c56
470c5ac3
4718dd7b
4686198d
472bb714
471dafa8
46aca790
47bdf206
471f531d
46f88209
47376f5a
46e181eb
4dfa97df
4784a572
4761be83
472ea48f
46ec4825
475df871
476d57ce
478a9d77
46b7a7a2
46aa3ee1
470f3076
46acfb1d
478a03fb
475423a3
4742ce7a
47180515
47655ea9
474391c6
46cf5c93
47936b1d
46f4e16f
46d7c725
47488ac7
470bd3bf
47557648
4786a76f
46b26ef0
46de07b5
4710356e
47248efb
46d5464c
46f4fba9
46d149d1
46c8bb29
4725e2f5
4733b772
47046a71
4716f815
4794bd70
47578cb9
47130d84
4744157a
478dc95e
46df4147
47537437
46fd61a9
47638550
46de177f
46c130c2
473d326e
474fa72c
47365d59
473cabad
47243aca
473ae9ae
47511096
46b5cfe3
470e0493
475313c3
478118d7
471253b8
46ca7619
4738f96d
476f7078
46f326e6
470cf4ff
476c43e8
4734cb09
47741922
47865c71
4784aa55
4758a722
477bb213
46a854a2
471b8154
47062567
46f80b60
46f4922b
4706748d
46846715
4732be87
471071a2
479b8c4c
46e2ed51
4793911b
471e6b9d
478f1861
4716fe6f
466b047d
47314313
4727aa03
4735d6c7
479d1959
4705ff42
46d90395
47339cdf
47369a68
4dfa9820
