// case 008 massive_act - C[128][128] FP32 expected, row stride 512 bytes
// 16384 words, 32-bit each, little-endian memory image
4dfa9815
c611e9db
4694e4db
46b7a569
c72488f1
c615bab7
4718771c
473fe7a2
c607b18e
c6e9b622
4701f0d2
45c9cedb
45096350
c69186fe
c66adbb8
c718db41
c727089f
4565651f
46f47516
c6bbbbfb
c7aab8c7
c38fc643
46386117
43ab0bbe
c55200a1
452c6a7c
46ba907c
460357c3
c79eb047
c7586a96
45407b31
c51bc3f4
c5ddb112
46f0362f
4600908a
46a05932
47f49e22
470325d5
c6e51d0c
c688f1df
47270194
c5c21df8
4791fb6a
45dc4e82
c74ea2fb
4597db3d
c79531dc
4774e3bd
c615d0a7
4687fab5
c65bea62
c656f0e9
46e7f486
46d56d83
c672e5d6
47aa58ce
c6a035d3
c6af7f5e
c5caffae
46efd470
48075bd2
4799702c
454aa80f
c7284dc5
c68112a4
c7029f5b
47faeabb
46edab53
4681694e
c6b73cb3
c70445d4
4706e796
450db6f1
47a152b9
47982152
46b3c7ed
45b53665
46b8bc0f
4601821b
c77a003e
47a94ced
c70cdfe5
c7981de0
4793193d
47513372
4719a077
4667c8c5
4717ec86
4799e814
c4d7e5b6
c73571a8
4614350a
4698c34e
45c9fc3a
c52a2909
c642c9a9
47934228
cdfa97e0
464ffab1
c5420340
c66d50cc
460a3054
46d82adf
c642decf
c79b97d6
4665922d
4687cd8a
c774e7bd
4714f3b6
43c1bacc
46fcc2b2
c6926b26
46fa3f88
46ac7fc1
4754a6c0
c70e2213
45ade02f
477ecfcb
c577a76a
46650baf
c5f4ffdf
c73fdd40
46647116
c6bad423
461845f3
45af69bc
460a875a
466d8a1f
c59777b2
4dfa9821
c67753b2
c71d91ae
c72f56dd
46b9caaf
44ad87ff
47514e51
c464aafa
46fd7711
c695d7b0
4744504e
4500990c
46206376
45b4de0c
47227421
c520d353
c658724b
46adf47a
4621cad2
c5a9c38c
c711fa73
4517decb
46b4b54f
461a57e7
46e51e50
c6cf9a26
c7434846
47909398
c604036a
c77f247f
c5a23fca
c7577d2e
c5ad2176
44c4b744
462659cd
4644053a
c70b5476
47156a10
472e945c
c6bfb5fa
c6b0b7fb
c70143dd
46a292a9
c6506d95
c6b0cb79
c721b978
475c3b41
c74eb734
468b1986
c65e656f
c720416b
c722416e
471f124d
46627007
c3a98d73
468c69cd
47115406
c627ef17
44e116e4
c6fd9b7a
c663acf0
46e96258
47273c73
4752f8c2
c6260295
46ebcf55
c683cebc
c74e7a9d
46743a22
470ead5a
c505e267
46019622
46e8fec1
c6a15b53
46c584cc
46b3a694
471cc158
4788c175
4711077f
46fe5575
47252cc0
474ac8b3
45cbb75e
c58b0d4b
c7160715
46cda0db
c69d87a4
c516aaeb
471f9547
45ef4391
42f240fd
c6bcd054
c77b6f1b
c6840543
4762df32
466f302e
4730f232
cdfa97e1
474842e2
c7196c69
46deab1c
c5f5279a
4729b6b7
46b6e458
4715b8cb
c4fbd927
479893e6
c6b6928a
c33846cb
c5042e4e
469ce373
c6f3fd96
472bc384
4685e71b
4621f910
c49a0d8d
4635ff28
46afc3d2
46a7ba60
461f59ec
46965ea7
c621ff67
c6f4173e
479f84af
c5d5df4e
460d2759
478fbc1f
470e081d
c5192b72
4de3d024
c6c28cb3
47097714
46f16708
465994e1
466175ea
c6141896
472a7e7e
4662b79a
c70f96af
c2296987
462eb435
c734d055
474ed82c
c7941ed5
4670188d
46b78cf8
c56467ff
c7315157
c70a9eaa
c6e4d387
476baed1
c6d84fc6
47767ac5
c56ddde7
c5d8fab3
c7691c58
c734472c
47918410
47012470
461faf77
466b9f21
46b661ff
c4b8cb5c
4732e6b9
c70f0367
c61ca1d2
c75a2fb0
477401d5
c635e8f1
47872e8b
c5c05062
c65f463c
43da6509
c62321d9
465d8063
46daabca
47147401
457b4058
c71f531a
c66cdc31
45303bb1
c6df9f35
464c654f
46497d6b
47368156
c634870d
47079852
4630fbf1
44d3b139
c72a773a
c7109f58
4693f349
c7450e2d
c5071f8c
4721462b
47897729
46a68085
c68e69d5
43e8b328
4686e3cc
c6d48d12
46332f89
c5259291
c7b518bd
c622071f
c71eec05
c74744c2
4657d616
4712dc69
c7c740a9
c6ba610e
c7468c89
c6bb041b
c690842d
c7c6aaba
c5129620
468d6d9e
c572504a
45958a71
46f5630c
c7102098
c6901a63
4791864b
c6fdd6eb
c729bd1c
458c28c6
cde3cfe1
43fca3c5
c4ef9017
c7662039
c56be4c5
4622f516
46ad6a0b
c72124f5
c6799a2e
4761d50c
c6833ec9
46620f94
476e5171
4739606e
47ba0f05
c708a9e6
c78fc08b
c76060eb
46d8b7a3
4693cee7
c5f72274
c6d1b4aa
4725d54a
c6bbe38c
c6ab10b1
474d421f
4725406d
46e5bcb2
4656f81f
c60c73b1
45a60438
464981d9
4dfa9824
c4f0781c
c6afa480
4701398f
4733f36e
47933868
478f4276
c5c4d562
c64bb2b4
47b316cf
c710ba61
47107450
c604b5bd
4705be56
c742fcff
47cb3017
c6d80a0b
c77ab4a3
c7100efa
c6674aee
c73951ca
c6ef7522
c6b850ac
472cffce
c69e61a0
c50128c0
4740b05a
c72ab464
46f44b45
45142ee6
c7315f7b
c66a6f2c
c5f8bbf9
c527a7a1
c6aa6188
c752b88f
45edb3d3
45e5db58
c6d997db
c6046e81
474f0d35
46e5b761
451295ec
c6539078
47232dc2
479aafde
c728717a
c6a74aae
c7a5adaf
4691e4b6
477e7537
c4ddad5c
c790d6d8
46cf83c0
c617f9be
c6a19cf0
c6d830b1
c3a56702
c683da8e
46094cca
4681f1b7
c72e41fa
46bcf18c
47b646dc
47b16d2f
c7cd3678
46504b12
c6200bba
c6ac6229
468dac94
46641f9b
c62c4071
c726f44d
46be4b28
47711b9e
46b4c59e
446b2b06
c6b44183
c5f14976
46c10c6f
47146f72
c6ff7032
474ce215
4797db10
c74585bb
c6467b91
47303ec0
c5bf0813
c69e6028
c6676db4
c5501ebd
c6367957
c6fbcae7
46b4dadc
c6a01c56
470b26ba
c6021075
cdfa97e3
45f6e374
471e5cc3
477c2c98
c72aee0e
c7496416
c71f5f12
455975d1
46bf8854
c6bccdda
c61ffae2
c505011c
4697594c
c738b70b
c6abc01a
c728bdd2
c6a8a879
47110097
46f04ae7
c637bec6
46f1bd9d
c52ba66f
c57034ff
c71afce1
45f84220
44818a10
c710fd82
c5941523
c773b0af
c7968ba4
46f558be
c6bf4fa8
4dfa9819
c703390e
c7040458
45807692
470cde7c
4723fd31
c71c85e6
c69ef17d
470063db
476c72d2
46da03de
4722e18c
c7807293
460f8fda
4682bf58
c5e24ab9
c63fa29f
451e20d5
460aee54
4613fecb
c4a62a4c
47151899
c6f8945a
c73df53d
c6e6557f
c6a02e26
46c6c21f
c608d495
47447701
46a5194a
46cb37dc
46e95bae
464a3e93
c707cd59
c6ea8e56
c7969294
c73b376f
c5a0f754
c5dbdff2
475586f4
468e07af
c60dd45c
c6d9c5fa
c633fcad
463a964d
c79a83b8
4785f09e
c72b02a9
4755e01c
4657ee61
c653d495
46aea0a2
c637b77e
c74ca4b0
c69797c8
466a7e57
c71cda49
c33a9d3c
47a0b1ef
c621316c
c6cb1f62
c7035931
c79bc74a
c6b596c5
47089bce
477bb878
c6961c70
c6e6c530
4732c6e5
c707339d
c668b030
c6edcaf3
c710d0c0
c685cf91
c7697352
c71b629b
c5f0c249
466ddd0c
c6751f3e
45824a7b
46254894
47b30aa4
c79239a5
c696a4ac
4716d8e7
46f31ba3
c5cfa2c5
c79a2880
c6ab3ad3
4794cb8f
45263a36
46afa5f0
c71b65c3
46480006
45f05a0a
c77f2f49
4738edf2
cdfa97e4
46c43ec9
c6d31192
474325ab
c60f76db
c71806cf
469db972
45a458dd
45d13dbc
c67dd022
c72d2f7b
c71b6b73
46c1efb3
c6890bec
c6dbaed5
c6043cc9
c5dd1689
c706066a
46878c19
459b706e
c630ea17
c71f0462
462a5e5a
c54219c2
4700672b
469b306e
c77abb0c
c63f1063
4751c728
479273bf
c752c11d
c7563b81
4de3d021
c6d34b44
462d06fe
476b8c2b
46badcb0
c729389d
471da5fc
c7089615
46bd1f41
46bcebaa
46242a8e
46d3e920
c737c462
467a0269
c6db35a1
c7204e12
472b4352
46e0b0c7
46994d2e
46d0c906
46c62388
c7242780
c735439c
4521ab89
c73eafcd
46804fc2
46d0adda
46d9899a
4594e7a7
47856892
c65cc5b2
4676791b
c6c9e187
45c24b0c
4713373f
474794c5
470b47f2
465b9642
457e8e64
46884704
c6ff2902
c4e19fea
c6fafdb3
c51c80b9
468d7eb6
c6afae86
46f89c33
c4cd605e
45e27fb4
46fa79fb
46b7760a
c6269e37
c72e0093
463007b4
470af22b
47496761
4733164c
c585c96f
c6587a16
4707ab39
c5531ba5
46935408
c723009f
47067cba
c76c22ab
c6ab0268
c7868795
46b71e10
c5147d1e
47727858
46cd328b
46b276ec
c703fc71
46e68706
c70c3719
c473cf98
46d0233e
c7820462
46ef42a5
4718a7e8
c69e996a
c74c93c5
c71f53de
c7396fca
476af314
46e0abe3
4675158b
45af7d03
46f79a42
46ba1e6c
46c64aab
c74fa93d
45ccc5c3
c70a13e4
c7412804
47096337
476572a7
cde3cfe1
46ecb77d
c75f943f
44f48e33
470a6584
4722fc1b
c75522e5
45f77711
46c7cec8
c585420a
c6901313
c5f2400b
c58f364e
c6b847be
460587bb
460b59f0
c764071e
46f2bb1e
471ad618
c68a761e
4695f43c
463343e4
470b853e
45e1be5a
c63beb4f
c5d68d21
47758876
4786d043
46be4e55
c60d144a
46a38811
457b70c4
4dfa981e
c6c14e2f
c59640df
c57710d1
45ea4eee
c674ea61
47331f89
4714f86a
c79c5b36
465d1c63
c6d46332
c6af73cf
4736c88a
474e5498
c6b78e88
4722bd6a
c6e6c60e
473a9947
c3aa592d
45a822b8
c6a50373
c65dc6c9
c5bdd904
c5936722
478cae0a
46ab16f0
c75a9fbc
45d4cfc8
47a703db
c4913114
c6ab2f28
4713ce44
c6e52f14
46180635
471724c6
47a73de9
458dd05b
c6b6d69c
46077233
c70d7038
c69b5d8b
45d01f7b
45c51a77
c6a22ca0
45e22946
c71545ef
c6e6282a
46c3112a
461b6dd8
464734bc
c70e0362
4699eac1
46e80521
469fffdd
468b82b5
47081856
465666c6
47571238
c608babf
442f417e
46994e73
c53bc453
c69cbd1c
458d3506
c78054ad
4712c1b4
46188e17
464257cf
c64e53ed
4669f4cd
4731c248
c5ce4f73
4682ddb2
476fbb2e
c761fdd7
c77fa0af
4759c395
478c8f9b
46adf57f
47c74c1c
4619de65
47b3bd79
44cb0efd
c6f3ac56
46706de6
470a62e6
45f940b8
465ee843
c70fdc0a
4666ffe3
46e2d746
46853332
c715a0ea
44fb268a
47729390
470f2715
4644b68d
cdfa97de
457d14e0
c5b8ddff
4731ca7f
c6b7c035
c6825973
c5d1eba8
4688c5e4
474fbb99
c4548a51
c5f09576
4727b395
c5aab574
c696d0f7
c704b4c2
459e9b02
472f3b68
475217df
468a7374
478cef6a
46eb8bad
46c9fbe3
46b3d20f
c74fe297
465dee05
c689c774
c73df505
46654852
4704afb5
471dbe88
c69b3bfa
46f7975d
4dfa9821
46782e28
47b0de96
473e28fb
c6edb839
47220ace
c63c5b51
474974e4
45b6e3b8
452255a0
c5666732
4703b2fd
4720a732
46ec0cfa
46d3a13a
c7156439
475bdc80
c67bdaca
46c480ae
c715d34f
47066478
47d41694
46c7b15a
4775ae5e
c6c1e979
471a58b7
47399977
c5928765
476a1b25
c7601a96
47b44f66
c619369c
c4f8083e
c7252b8b
4617d207
c58b2bf9
c726215b
c4bdd058
473b288f
c52dd018
46dc42fa
c76667be
c7a2c636
46440fe5
c766caba
473ae453
47b66e4c
463944f3
c63716dc
c67570e3
46b9317b
47196683
c595bdfe
47dabe8d
4725c5a1
c6914295
c68a4ce9
46b48062
c6ad707c
c6969d9f
45e9ed11
4695f05d
c566e397
46e55831
46adcaa7
4730be3b
45870e5c
47866bfe
c6fdfc25
4737f688
c6e82455
c5e8bf04
472a51c4
465f35f1
464d1fbf
459bd51c
c61b5935
46a3c6d3
c6b47652
4667a734
4605966d
469c76cd
c71d7b13
c62084fb
472091cf
46b53ba9
4748c368
c69a9827
4751496e
c77bdd07
46d2d243
47a30ea8
c4ca2ebf
c71e0db5
c732a4bd
c5f73c5e
c5cde408
cdfa97e0
46ba1bb2
c75d0b88
c6252636
450fce17
c6d98568
4702b72d
46b5122d
c6a83849
4684e307
47031771
46345453
c6e68b79
c7252ec8
4738db3c
47597f75
4626e3e9
c5e37988
c64037ac
473fff9c
c6f9e88e
c7130801
c6c36f48
c612f85d
c6da5e03
c6af064b
c75bd35c
c71e74ff
c6f98958
469f20a4
c7144e0d
46c95f7f
4de3d01d
46a79a5e
c6874809
46f49c7d
46643924
c6d221e1
4781c06e
464a6244
474e5629
c69cb978
c74252f4
c6233925
45d57ee2
c74d57b1
c64dba3c
47024146
c6db2513
475dc552
46aed19c
c6454cf8
c69556c0
c6821cd8
46945ce4
46c670e3
c6a04567
471f08e6
c65a0bb8
466f84af
47729053
4688b984
475b8f53
468a5970
c5615104
4692eec4
470351f2
c6a19f0a
c6a019ed
c72391a8
47933680
467db62a
46a4459a
4644b4f6
c5ab99e9
4776a03f
c68d32b2
c72375a9
479edd62
c65a89fe
45ea5a17
c72a3621
c76f707c
464f5380
47886328
4676c5cf
465e859a
c597280b
c6394250
c5f7f311
459368a4
c7340f63
47009003
47cf8dab
46ce120a
470253b1
46ad8cfb
4778f50a
46bc5969
c793d8b8
c79e6572
c711e501
47d3ffe6
c6b9ef4a
4727e461
c69ffdde
c732b16a
c4f9478a
c6edfa61
c69cdbf3
c789286d
c73aa623
c644d7ee
c621d84d
c652dc8b
45c49f89
460497bd
c5cef955
4749b6c5
c5e68447
45fe8b09
44d80e88
47433115
46e7faad
477aaf9b
4531614c
c59679dd
4613f0c8
c5403352
cde3cfe4
c75859ab
471d556c
46c56981
c5f8b156
472d5aeb
c68e1e29
c72eb97d
c6a7cead
46873d42
478c97ab
4526a8f9
470ddb64
c61b8ee3
47377d6b
c6c8970e
4759d871
c73a29d3
c6601407
c52db794
4724661d
474c23e9
c6a3ba43
c68f2f46
4761acaf
c607f580
c6adb8ed
c6bc696a
4708bbd7
46d1f77e
c63dac22
c62c993c
4dfa981e
c66a9a20
c70d55db
c7143ece
469c1b77
473ccf85
c662d141
c6ee85ff
c5f9232d
470d94e3
47455ad6
474c3438
c6d0c15d
47037e23
46786f71
4798d017
c64801c9
46376e69
4601f708
c72412b1
c650d0ed
474843a6
469f2323
c70c9201
c698beeb
45191b95
45057aa7
47624b1a
c6337565
c7313141
c70554f6
c7900263
c5a7072a
44b4df5d
4601da71
c6cad5ed
46cee59e
c5ad400e
46d56cb1
46d560ca
c73d35cb
c764ef67
c349f59d
46bdd142
c71bb72d
c5af65cb
4700f4e8
47a5c38c
47146acc
c7af81d0
46cab5e3
466e5990
c7214b90
c6e60f76
46df1387
c65f88a9
46598da7
c697675d
c70e8717
460284a9
c50eb83a
46b6e521
c56bfa24
47665dd9
c70c4a3a
c6802545
c6e7b37e
463b84d9
477c6dc0
46c1d555
c6d33962
c6a0bfc1
46372b56
46dabc99
c58f6038
455a15c6
46484143
4740cadc
c68433c3
c6a6c579
4616275e
46adbce1
46bb6db5
c6bf211c
47a29329
4709776f
4715bba3
c710c8ca
c708670d
c74ef6f2
c703d87b
c69f24ec
c7895e73
c792b5b0
46e4e14b
463b6700
c696a3b3
cdfa97e4
4682ad3b
c74119b6
461392e6
c72e0303
c6b9cbdf
4718d0ef
c6880564
470aa4c6
c7300eaf
c6ebaf89
c782c9ae
4657cb71
c70a5296
c704f9b4
c784680e
46f040b4
c606d85e
4716dbe2
c742f5de
c6308b14
c6ecc482
c69c9c03
46806cf0
453203a2
46c82593
c713c6d0
c66ff88f
c7a451d1
c68d76c3
4753896c
c73f8c69
4dfa981b
c73e5048
c70492f5
c4f3d575
c6f3f505
4699a02f
c661d07f
c73f0c18
c709dab9
c70f5808
c71120fa
c7a65c8b
c69e61cb
c6c0c17c
473f3498
4731c50a
45f22c67
46681e12
4599d611
46b3a4e2
476d5e35
c7ae80c8
476a66f9
4671c4c5
c6f1c9fb
c760b66a
c751cbbd
460fd46c
4752f6ff
46cb50ea
c6b80fff
c73b8fb4
4428c9d6
46a28159
4485a1b0
c74a496e
c5c65b1c
c715e837
c7b67cb7
c673e13f
42d36630
455850b1
c588602b
c6aae5ec
c5e1448e
46134013
c7076ca3
47b1ad5a
4780a1c6
46b9bf9c
c761a66b
c7096268
c61bab59
c6d65903
470e554d
46b95810
c6a32fb0
c6538b14
c7500266
c7405c53
c67d6742
47093df0
4593bb15
4795cf94
46b594dd
c65e7125
470fee29
463ac8f4
455a6a71
4785edd2
c75e2083
47082f34
c6c3a9ef
449e9e8a
4650371a
471a89ea
471849ff
c6f7ca85
c7b2c3c2
c69cbcd1
c604b113
473cf483
469315b5
47c62ae3
c5368250
466ef6df
46af472b
c59d8600
45cd1513
46db8483
451e7cf1
c6bc6587
474b28b5
46da7e2e
46dc82bb
c3695960
4694e2c1
cdfa97e5
46b2ac65
4747ee45
c665d174
c6beebd3
c5efac8d
c74eefdb
4750547f
c6ebcb02
475ec5cd
45ab7b8e
4631c7a3
46eb9d94
45bb5348
c7b49e84
c7a95f5c
c680b538
c6eabfb0
c7172250
c70ab210
c747a48d
c4c4b922
c755b35a
c678ec5b
c6f92d4a
c6b0c241
c57ab06c
47230e58
c64351b0
c6880f1b
c747e805
466b31be
4de3d021
c79de1e4
c5383f2f
c6d20adc
450c6e8e
44ff6fbd
c74b1c95
47c66b66
47002019
c7cefdf6
c654e002
47ad38f5
470e44f5
45d5fbd0
c5c5e04d
c70ec1ce
c6f5afba
4684d7d8
47abc295
461ffb34
464eb69c
c6d747bb
c7882463
45f5f2eb
c675ddf5
47755173
c6a4a767
c74f1550
468272b2
4659c667
472d7003
471369e6
43e2aa15
c72be621
475ee39b
c783c5c6
c727422f
47991789
47bd75c0
4616ba05
c667a424
45da65f5
46e394e8
47145a91
c72506a9
c71d98d1
c683f0ed
43de6941
4586d5f5
451ecd3c
46d11ccc
c7434f5c
46fee409
c5cf00c4
479aa366
467491d3
c70514fb
4679364f
c61e1682
c6c75dce
c757b20a
46854db2
466eef5a
47164652
47359fbd
46e02a8b
c685eb3b
c69525f1
46b03733
45fc5291
c725104d
c5c7e20a
46846b18
4605b22f
c632d2ba
471b5597
c6654277
460f3b5e
4739fd82
4697e91b
46e43a76
c4f0e953
c717d6ff
46acad40
46e4619b
c6c7a1cd
c68d6fae
466d467e
4722274c
47527536
44994046
46eceda7
c663db44
4685d4d9
46411da4
46e92201
469a0a2a
cde3cfe0
46f01c5e
46efef48
477c91f1
c6229397
45e5a02e
c5965eb6
c731bcc3
c6f889fc
47ec2acc
46d00cc0
c6f2fd42
46e1d1f5
c71eb4c0
c6892b4c
47041d1b
470a1e10
c715842a
c76d5fb6
46dc768c
4296bacf
c70946de
4737fa99
470b397e
c4eaac23
452d55a8
4786021e
46d1c3a2
4698e050
c706f8fc
44c3fddb
46edab6c
4dfa981e
46d70e8b
4749f30c
c72c9063
46668ee2
46c7168b
477ce8bb
4731a268
c69b5c21
462451af
47a61fa1
c634f6e4
476a6cf4
4692cfb7
47330d08
c78b24a7
c617af21
4727991e
4796e005
46fa87bb
c670c502
464312ec
4570e903
47383c76
c5fb69f5
c648f813
4752f578
465644c1
4763ede1
4706af76
46d41bf7
46d6c4fe
c685f1c8
c70b6f37
45e76995
47465afe
44e99301
45caebd2
c780ae31
c4fad663
c689579c
46c0b85f
47137d5c
4791e348
46f560cd
45a3e236
46ce3cbe
46ee4763
470fd180
45b8a214
c5a824e0
c682ca9d
45b2a7d2
c64f451c
c66a55df
46eba644
478de6b0
c6ba0ca0
478dba14
466c2fee
46f41285
45e3dbb8
c6a99e70
4605eaa1
46494c3d
c55deaac
c765786d
c5b916a8
45901489
471ffa80
c65fd548
476c37a2
46a96f3c
c5d4615a
c6632030
45d55477
c54942fc
473579b4
47e9f38f
4682a387
c73eed92
c6a8d47b
c62d6240
478a13f4
c6dbed2c
c6a4dd29
474d6795
4630a08a
c6f53399
47a99a6c
c7a1d95d
45de673b
467db1f2
c61eeff5
c661b2ec
c568bc0b
c7511d71
cdfa97e2
45e07458
c791cd51
c6903ca2
46c07ddc
c72a4e76
c613e6e9
4517ad55
46a86514
c70f03b2
c746d6af
46e94417
c7019d75
c5e1775b
c28c0f77
45a050da
46c79ae2
c6b7d849
c75579ba
46bcf8ba
47252278
471005d3
c6ea1a14
46c5a173
46858843
c60458e6
4492c85a
c6ae1ee0
47120195
468407f6
4557c5e6
c62929bc
4dfa981e
c66c4871
4698c889
4703b7af
46d44bc4
46d2b4b0
470bd4f4
c6f47647
46ffe5b9
c71fea2d
47670b98
4558ea3f
c789d8ed
c5113f6a
47ad50e7
c5f5c03b
c62ffbea
470f8e49
4633679a
c52ddb27
c6d2484e
47304d1b
c6cc756b
c7942277
47678f12
46893ba8
c706c8c3
c527ccc5
c769d4c0
c6be8173
4604167c
4793c8b0
c6b6f606
4700a6c9
4584d817
46fc8604
c6baa02b
c7887c68
47181efb
c68352d0
c46392aa
c6ea4d99
4725085e
46b02ecf
c538a807
c6da1188
46ea9e80
47209c9f
46d1f409
c6d2e2ee
4500fdd1
c4d4cd8d
c6815b9c
c651d3d7
c67bb1df
c6a57113
c5ded6cb
c6825f1f
47942d7c
4775220c
4773fd27
4658922a
4686d5fe
473eeddb
463418cf
c7a1a701
46158854
46a1c516
46eefde3
46b6a395
47532650
4711098b
471f31ef
470357ee
c549dfc7
c6283e9e
c72f5ea0
c706d8e2
470e0cf8
45fc15d2
470f0c1e
c6b56c22
46bf431a
466fad0a
46d74d2d
c5ef2223
c72a4e7a
45f3529e
45fde23f
c6ffb38b
46cdbbf7
c6abc2b8
c6de5662
465b097f
c76d7bd0
47523656
c64c94fd
cdfa97de
c74a2cfa
45c36f4d
c4054c4d
c66ad87c
c64bda66
c73c6a7a
475bf680
c63999bc
479fae79
c6bd3b26
4798af1f
47a025d9
c59d70af
c793dbda
46e81136
473ba08f
46c9f696
c6be338e
c66429e1
46e60a1e
c7523eea
c69113e9
c79c9463
47390451
46530ca5
4609c04c
4711b844
c7014378
44b5e564
c4a9f092
c5d524a5
4de3d01d
44457d45
471da0e4
c7574cf8
c73831c2
c6bc8cfc
c4af1780
4714f566
c76f69ef
c701ae2c
c44ffe82
c504e8e6
c6e34765
45fd0630
466692e0
c72d2455
c6bd0c67
479dedbf
45c740eb
c6944fcb
462886cc
c7658bd0
4530318b
c765898d
469c3bf2
476e75d5
c6948701
c690cc85
450c0b6a
c704ca05
46ecf411
47884e9d
c6bf2dfa
46df6907
c74778c2
46ca3f0e
c7263534
c694e72a
c61b4a0b
c5e0a937
c6b28c6d
46b36987
4469d405
c293b862
c72ea528
c6743675
463cbdcb
4593d13d
c68d0090
c78082f1
c6c97ad8
c7337a84
46bba8c2
c6b9f021
c6a93bf1
471f5227
4745867b
43ac20d3
46e62b9f
460c004c
44369588
464f4cea
c64e07bd
c60ece35
c60941e4
c768e2dc
472026dd
c673bd82
47592dd6
4765e83e
c719dbe7
c63e57bd
c766f562
4693ef7d
c6b6533e
45426bbf
c63399b6
c6a1f6df
c7898eac
46baef42
46d9e6ed
4693706c
c6efcdf8
c6cd0792
c652901a
c788aff0
46a0c855
472a4caa
4749e3b1
4616aac0
c6eb4b5d
46dce0ad
c6a640de
46a3c337
46416294
4722d217
4651cbfa
cde3cfe3
c6ac11e4
c6c44dab
47373d2c
46f46f67
470c437c
470aba2f
46339173
4741817d
c5bf8aa9
c6f336a3
45d48838
c637c760
c70d7dcc
c5d4df6c
4748e401
c6bf02a7
c69f63f4
4755e0a4
46ac1960
c6aef94e
c6ffeab3
c687bb20
46f7350f
c662420e
47293f86
c62e896f
4671f552
c716b539
c782f2c1
c4bf9126
473c2c03
4dfa981d
471ca71b
c6ccf08f
c7030943
c53cc96b
4750bb8f
c71be863
c60edb37
4711078c
c62b7d69
47242645
46d0e01e
c70701f5
c6125ba3
c73ca4c7
46984603
46d4199a
c795b868
c7658e79
c5f8bbf0
c6aacbc5
c6e125d7
479a8767
470ef6cf
c71a7b1e
46e8de80
c7744a96
47465546
c70858b3
c6a862f8
c6c7b4e8
47143498
45702d62
47209e6d
c708f066
47133272
45c12067
46edf037
c7715641
451cec5b
c6bdbb06
c7227b21
c6db677c
c788c1a3
460b9652
46e1376c
c7810203
c727afc1
c6c5cfef
c6575ca4
c51d7801
c73d07a7
c57c56eb
c5838b89
4789a82c
c50c36b5
c6f62eb9
45aeb07d
c7974bed
c4915aa0
c7648429
44f97151
4621ced8
45982437
c5fa4b0b
c74b720f
c783bd92
44a63946
46aed9d2
4707c43f
46e1946d
c3688084
47097f20
46ac43ca
46dbd27d
4644b956
c55eba27
46cdb1fe
c7a29cbe
47597fd1
4622d107
c7206a59
4608508c
4534b257
c7aca22e
472055ed
46c1a40a
c6a06d2d
c75e4900
4617c839
c5d7931f
c68634c4
46e7b8c9
c6aa418a
463e9f15
c6a54282
46b67bd5
cdfa97e0
c73425f6
46e0aef8
472a1083
c7130300
c78d0fb9
4729ac54
c6adfe85
c6fad268
46d84b81
c791884d
464340b5
c5ffa76d
46ac39e5
46e63ee8
c78e4bb6
c536fd72
c6fe3285
475c89ac
c64e8a04
c689ae83
c6ab3f09
c67549fe
46d6b3ab
465ffdbb
c5b094ab
46f01f00
478f591d
c75c3fda
463b5a84
4715ef30
46b1fcdc
4dfa981f
c7c127b8
c6bc866a
c7909586
46023f40
c72d385b
461e1df3
466d4eb0
c69b56f1
c761d80a
c6cea0a4
47661d21
c6cd6af1
c5f12a75
4668e742
468caa32
c6b6f941
c677c5af
c6807f80
415a0420
4761516e
c6debdb0
c700f435
c763ea96
c6cb127d
c6e87713
455bce40
464a37cc
44c1f94b
c6d04579
4759b8a9
45e63f27
47384383
c76a7ba6
46a96682
c6e52c83
c70133cf
c48cbd1b
478a794a
471f5193
44e8a63f
c7599ee3
4631f820
46915c95
c75ee151
47754513
c7a119dc
c7ba8431
c6df8a56
c72801b7
4664033d
c71a35d7
463b1b2f
c48c2f22
c6833030
c65cd2db
c7818c03
c5ad0cbd
46451139
4595ed88
46954183
473dfb1a
c720bbd7
c660316f
c5d5185b
4689fda7
46dc9d94
c59fa656
c6a7d3c0
c64ae9f6
c63653ec
46a9c39d
c70a2720
c7b728eb
45fcc97c
c5844238
c762e8e2
4674cacc
46a057ef
4716eec5
c75c3986
c6c5a42d
c7527788
470cf359
c74031a7
c709ee99
c75f0061
c7b01f02
c6005500
c6a9a0cb
471b85e6
c6cc5bd2
c7c7041e
c66a54a8
c73a9178
c6d843ce
c6d39c3f
cdfa97e1
45a1fa41
470f18a7
4783896e
4738cd32
463a25bd
c53e0c44
c5a89ff8
459031ad
c69de747
46840a38
c6fa29f0
46e783ab
478302ea
c723b91f
c77c0abe
4725c95d
c6f55c4a
c6fd6d91
468fbbd6
47915179
470ae8f3
c5be182a
46b66878
467b1800
458da4fa
c75efd35
c65db351
45d0f94e
c62ddab7
c6fc5514
c7295551
4de3d022
4729a311
c6f89a71
461b1cc8
4707252f
46fe5eaa
c74780c3
45beff28
465cf270
c6f2ea40
46b5a9f7
c6ddd7d1
4748bd47
c3e6ddf4
c4ee8507
458b29a8
c59b0f30
c717d320
c709f3c6
c6f6330f
45618120
c694f0c5
c761a8fa
c74b4841
465335e8
c5419549
45d01e57
c6959820
47222441
467f83a9
46385020
c71c0b27
472bdba1
c72ff6ee
c6daf6d4
46d588a9
c59ace71
c7472fea
46e4f59c
c799ddd7
460d942d
46a52ae5
46476a83
c659d292
46927778
c6b98ed9
46cd1ae0
c71dd346
c693bb32
465b83f5
c6cf984e
46da68d1
c78e5800
460fbf7c
45b594f4
46c01b34
c68dc09d
c6def23f
c744bdc7
468a3ee8
468be714
46d9f4e4
c606ed64
c7692cfb
c700169f
4774cfba
c6d7295b
c654e232
464b968a
4597712f
c7c29a99
444b2869
45a64bd5
4720f5bf
44055708
459c860b
c5be076a
c7574cbc
47210742
c6f0721c
471adc8d
c4e5e173
47a16f78
4614df56
c77ecae7
c68f64f0
c5d8e8b8
c7161dde
4534dd5c
c6a0ea0e
c7672cfe
474f1d38
47681d64
43f23aec
4616bb0e
c728ff76
478fcaab
cde3cfdf
c6cab193
c6c60ac5
46cd02bc
c70ba3fe
47258a22
474efb48
c72548ea
467e9bc3
46e19865
c736c757
4585a29c
45f7906c
46158b3b
4659ec16
4628da56
472f8cc7
c601d46f
c721d413
c732e0dd
c70f73ab
c67dd0c7
c7b544e2
c739c496
c67c58e9
c6c24c73
c63246a9
477b6c66
47569c04
46d76c2f
448c5a4c
c5ce71dd
4dfa981d
467d2737
46c5833b
c6184aa2
c7347f36
c712c054
474dab99
46473226
4749b79b
469035cb
463d4a45
c6a91c90
47910942
46de1128
c606f900
4773338a
c680e011
46c09e6e
c59a6fd5
47119f99
c6aaf73a
476275cb
477bf05b
472b8e40
47817b0f
c6b15101
4642c3bd
46bbfb51
c6f77276
c5445302
47a95859
c71da7c5
c76d2d57
45861d0f
47854ae2
47974a51
451a6b80
46fd1144
47153a2a
c6a2f43c
4734304f
475df87d
47a1cfee
c5b0bac3
c7417b9c
c7250083
46a5268c
c6b00cff
46d7d81b
46f19b51
c5ea4844
46f29755
c699865e
469dd139
c684b498
c64c6276
474a3652
472a7230
47474da6
c6b82a2a
47379aca
46ca4459
c7277bb5
46526a0d
c5bdf20e
c6ac920f
c779d368
c58204bf
469353df
466f6069
46bbef1f
4524276b
c6a249ad
c7262025
c76d0862
4675b4da
4618dacc
c6f09d97
460e9938
46f44ad0
4791cf7c
c6d2a00b
45c6b0ce
46f5813c
4780d3fb
469be244
4762d5f7
47d71b73
4781064d
c6972ff8
47101e42
47990581
c758bd7a
c729c31d
46ec3536
46ce26e0
46158992
cdfa97e0
c3112bfa
4494c1dd
c33cc0e4
47b41497
45e36cd5
c673ba92
44f00296
469f0db2
46182971
472ae723
477c2db6
c789afea
465b1da1
c7192e77
c5271050
46e0c637
46c97b0f
45d09dce
47b6811c
4748e6af
4603aa12
4723851c
46db2a1f
47514270
c72a26ee
45ba13a8
47864b01
c7047f9d
4622ae46
46e8d5e4
472b2803
4dfa9820
c5bd7277
479565d9
c60efac5
46f570db
c66d10f1
47b1a9e2
46ac35d2
46f89e92
c6e1f48c
4788d8bc
46cb03dc
4638f725
45e7bcc9
46c913b1
c5c155a8
c7a7132e
46e54f6f
c7404845
46a0d652
c64fb5aa
465e2568
478d5f8d
c60648f4
c7382926
c4920248
c6b58dff
c317d782
45948484
c58d07cf
46a8d066
4681b90e
c7b3bfe8
465fedfe
c69ac341
476307ef
46657208
47179406
c5e3187b
c76c7bf6
47a2dbde
47b17eba
470dda53
4780bc02
4518c269
47efe838
471d40e3
470d4c72
c6427742
4724a18b
47833ed2
c76a0ca7
470ae40a
46cef06a
470f62dd
c52da8c9
46b25d14
472c8307
4699a16d
478c3874
474c00af
47477f61
469a5a37
c62d1d05
472328bf
47510511
4765c872
c6020e19
c71d2a9f
477c317c
4640ce22
46fe2e20
474ba7f2
c75ea3e3
c58170e7
4732d2ad
46ba128d
47109a32
46e93431
468544f3
46ed4dcd
c6232da4
46f31009
c5b31716
c7b0f4a8
c70ea6da
46b4123f
c69f2e9d
471ddf8f
c671da5d
478003c3
47017af8
c7175136
475de5c5
c535b938
45ca36f1
465ff3df
cdfa97e2
468839bf
469a2bfe
46d231f5
c719d635
475d1089
c75592c3
c2b5f4bb
c6531ec0
473a6a45
c7a06d2e
c610c91d
479807b9
46c75903
460ea292
45ddd65f
4711eed6
4622dbee
c6d54add
c6b8e327
455425ff
47589857
c7a302a4
c6fd9555
47326d33
4629833b
4600327c
c72653b0
c78da486
c6cdf68d
c69d7151
45abdbb4
4de3d01d
c5bd0b2a
470fe25c
c6b9ab7f
c60619a6
472184f5
c604a4e6
c6c00abe
c73affe2
467404aa
c39bd5dd
47594e01
45abef44
c6bf8e5d
44e38c62
c6fff5a1
c667f9d0
c52fe834
4681f2a7
46f652e5
472569f7
c7178c1b
c6947905
c707bf13
46ee3bd2
c71eab52
46b3957b
c719571e
479479a2
466ddcc9
c75fead1
46b1c13e
46e693d2
c7005ac1
c5af8ede
4790df3a
47396b64
471d0a7d
450d7308
c658b769
c729cc0d
46f0361c
c69fd302
45ef9e04
c5d6cbe6
4646895f
c7039c04
c70192e7
457c0bc8
46013ab2
c525f753
47b04592
c5a73a3a
c695f86c
45ddcf4d
c721c412
47974069
43a27071
470fcb9e
468e1604
c665507e
44e1d0b2
c60cc2fb
45c8cad2
c74c1587
c70d16ee
c6545083
c795e9cd
462afab8
c6def482
4784bce1
c722b20b
c5f43fbb
c797754a
46b7f63b
44b98dc6
45be7b16
c6575125
45c3556d
4608baba
c685362a
46b83fa1
c700b358
479313d8
470c5398
466093a7
c7020022
c6a1b1a0
46853e37
c6cffc7b
46a30daa
4734c614
4748b494
44f55f27
468084fe
c659bd87
45b77813
cde3cfe6
c71d3504
c788b0a6
460b8608
c6e1b5d8
c6a4d4dd
4754e0fe
47371d3f
46f02d53
c4613ce7
c69dd6f2
c670264f
47a223d8
c68cbe58
46ffc8ab
c6ba0f08
467b068a
c60ecc31
c6aa6b57
c687caf3
46b8dd99
c52b6013
47965019
c6a15863
c6bbc17f
43e9ccb9
c7906939
c6ba90b7
46598d80
c75a9fe4
c6f728ce
47278b9f
4dfa9821
c7198a86
4737d9f8
4757e180
c6adedbf
47568b6d
c73458c2
472dd92e
46a38e3a
c71d900f
c702708e
c6e6263d
466458e0
c6b9c843
46139679
c6851964
c687cd5c
c6bb40da
44fcabfe
c706fe4f
c67055bc
475f00c4
c6a7aee9
472df5c1
c5dcc0f5
c740efcb
4748582e
c6f4dd4a
c539548a
c7759a51
c7b34bb9
c55b3de5
c51b8db2
c606a639
c68db109
c65c6270
c5fbf970
46d628f1
c4b6c701
c6210bc6
c77bcdd6
c5b83889
c68943bc
c7434dd4
c5c13cfc
46a4f085
467f6eb3
c6b8e9aa
46e5c025
c6609ac0
4736c032
c75480db
46e19a6d
c78ac8a8
468c765c
c759215e
4715f0ff
c630f1a7
c629049f
c74f432e
475df7a3
47858fbf
c600e2f7
4606df09
c6f6b1fe
46a1e3e6
c61d66fc
47343cb0
c7231ca9
c73cdbf8
4615402f
c690c3cd
c736e711
c6feb0d9
46886f2b
4749d89e
467798f0
c69768da
4772b315
c59f200e
c71b65da
c67cd03b
c7904977
46c15068
469b0fce
c71b1911
47154ce8
c655d659
c68b08d9
c716c9cd
c727ce9e
47012564
46187719
450447a8
c6ac4348
c748cde6
4593263f
cdfa97df
c78711d9
c6d4f394
c560be6e
c6dbf717
c7450f96
470e3767
c6d8b3f0
c699d356
c40f7bdc
4523c741
c723ef26
c66270b4
464d56eb
c5ede14b
c74c060e
46a7dbc6
c7563c90
c6b4bc12
4735c0e2
c6e0acca
468f3f71
c74a9256
4732ec66
c67c99d8
c5a5ff77
45f8672d
c643c354
4581e41d
4713e7a7
46022d77
c679ba59
4dfa9823
c725711e
c677ec55
46565531
44e4a5fc
c72007e9
459f736e
4638a992
4682f91b
4724cc87
c68c341a
445786e3
c7443017
c674b175
c64a4c2d
c6f7941b
c47cc8fd
c6ed9e19
c6af5564
46106336
c601c8be
c72c82a7
c588804e
46e8a87c
c5cf985b
c0fdbaf0
46bcac77
c6c1be60
c7049b66
45e3a210
c717e0da
469456ed
c7913a61
c64724f1
c721da52
471c7601
46fac55e
47716db0
c4f59850
c7283043
c6d724c0
c72a79c9
c6f6cebc
c6d3b0d1
c79c070d
4769096b
c5cfff8f
45b20987
c6180d12
4780b49b
c6643fab
c626957b
4726e974
474f4b1c
c7926031
472b9cb5
c769abea
c77f8a62
c493374f
c6d80d23
c74e0b8e
c7a51aed
471988ef
c719120b
c6f198c6
c732a459
c6b30de5
c6966a4a
c5ca2ee8
462a906e
c724dd72
c6af7e2b
c73c3654
c779ba0e
c4280424
c6f7867b
c6ed1a37
476d53cf
45b00094
4660a056
470a6bee
c7626f20
c77a57b9
c693e83f
c6c80989
4677ff63
c5d087eb
4716a975
c6a14866
462f199f
45697ec9
c6c0d112
c711075a
c6d35fa5
c6e60454
c676508c
c4bf34ce
cdfa97de
c61da27a
45599e28
c66bce27
46dc3349
478ce147
c604a9c8
c78e3547
45b13ee7
c76fa9d6
4636c7a5
c4fef2fb
c6b79b94
c72db8f1
47155d82
46a613be
47397eb1
c42bff08
c64df48c
c72e5e30
c78d7c1d
4681d316
c71217f6
c6985ee4
45b92d9e
c57cb5dd
45ceef06
c6eaff30
c648169c
c6bc2d0b
45d41a11
c5003f9e
4de3d020
c750c04b
465131b6
c5ae14c1
c62b27f2
4703856c
c468806a
46244297
46635e22
469c1ecb
45562088
45e7921d
469afa6f
c671ee9b
460ced2b
c6071a10
c5b233bf
c7747cc2
c78ff425
473de022
47097ce0
c66765b5
46a82666
c71a6305
c712f37b
c5a3ce47
476c6832
45789444
46251d2a
c68373f2
46d6b38c
46048954
c4669e5f
4548b0ad
4591e4b9
c649721b
c785ac0d
454e3462
c62ec390
4734aeb2
45588ba3
4604cb3d
c71506f2
c769059c
449c2cf0
c748694a
4632da6a
4754400a
46573831
47d1658a
c708c0a4
c732c230
c75c71a5
479014cf
c697406c
c7063d3d
455227fb
c7361c3d
c609b3bb
45528fe8
4721ebfc
47351b17
c71a143b
c6814bd2
c6e8904c
c68f7830
47377833
c748a5cd
c5b54ecf
46bcaa4e
4488e0bb
46bb2dd8
46ad621e
c6d94d5c
468a0352
c694c517
45ee6287
4635b2a0
46e5a787
c765aff1
c66e8169
c6d14d4f
46691b98
4678c9fb
47bf6f27
46ed532a
c749ff70
c4f84f1f
477afb22
c7995401
c5ca87bc
471c87d7
47029889
4739bfea
46087ccc
467b98e9
47849ea0
cde3cfe0
45b6ff54
45d58786
c7c0e2fb
4758bd3d
c64a81f9
4733fa1e
45f1ae09
466dbc71
463faf53
c736eb86
c684bd96
460c58e2
c7459a41
45fa2ace
c68800f8
478b87fa
46a94905
47223673
47766267
475990f4
46c31fcb
c731cc67
c604bf28
c55b0967
c736b8c3
470680c3
c685e0e3
458d8455
c6f0ec32
c5f9dc8a
4687466b
4dfa981e
4724e2c4
46c43763
46839ac5
c6ae7bcf
c725df65
46e0dba4
479606cb
466eae85
464bf03b
46268224
471f0ccc
466929a9
c747754e
c68e98fc
c78e4f19
451cc63a
46a3b939
474ff664
c519beed
c76f58d1
469a65eb
c66568c6
46ac8e77
47206b23
473ccfe3
c641243d
c6da7452
c533e8ec
471b7902
c6cbd23c
c7911310
c670ec62
c69bd759
4798c507
45cab14b
47afea47
4557e2f9
c631ee46
c6867f8c
c6e182c0
c7121a07
c4cb873a
46aef962
454f833c
47586eea
c696eac6
4789725a
46e6aaf0
478d8efa
c6874ab6
472a7b66
473ccaa3
46891783
4735f48b
c5db0455
c6852e63
473720f0
c6d682eb
47183802
478a0699
c72a2a21
c70716b8
478ef31c
c79fac79
470bc0b7
47048f92
c784b684
c5eaebaf
c70040c7
471ec2b9
46992a73
c6c9beaa
46690f61
4688540d
4721996b
c727afac
c5eb29ef
c73d0461
c52f4b34
46c6e2c7
c6f5a6dd
c66b1420
46663d3d
c7010936
c5c2f680
c756b3d4
47922db2
467d8bf1
47c35e5c
c6e048db
4593de02
47637951
c729d6a7
c65c7a41
47b685fd
46168d44
cdfa97e6
446cee69
476dafba
474b1f25
4566b10c
47c28cd5
4493ce06
46ca73b4
c7580b39
46c11ea9
c613f289
c732da7b
c712eeba
46264ce4
4697d038
45eb5683
c69798b3
c7a5e418
c792a4b7
470b0bb9
47106fb5
45d67bcd
471e52b0
4701ef02
468fb630
477de73c
c705e4cf
c66da61b
c70b551e
c7396bfb
46d6207d
47407b2b
4dfa981a
4733b542
46d12a5b
c73f51ce
c6e76f6e
47855253
c6a0f761
4724b1fd
c6c4efff
473257c3
4748452c
c71adff4
c718a18b
c699483f
c7567293
458e8e62
c6abd710
c56b519a
4722a7f8
c57ab4f1
c7116c02
c6927c56
c731c366
46afd13c
c62e9f39
c5a7d98d
c7312cbb
47234097
46a2a87f
47148707
479dcabe
466302d9
452b5f6d
4651c33e
46a2ab5d
469aa52b
472400db
c6ba0058
45dfa602
4651a833
c6a19ad6
c63b8bcf
c6fbb048
4670d0cb
473e5fe7
c59d57a0
4749b19c
47cac9a8
4569807a
c72fc681
c74c06cf
47a26eec
c74b4ac0
46f71a02
c70526fe
c7e46f97
c6199cfe
4772d2d7
c70c93a8
c7598bb2
c5a749a9
4724044b
c542ae70
c6e5c22b
c7307768
46c657ea
c70a45fe
476a1319
46ed16b7
c5c03ff7
47091db0
c5c2b419
c57b9e8a
470c2cb3
4678809e
47885ae2
47bf9ec4
46acb003
46328aca
c5cfa2d2
c6a85d7d
c62ecc30
46e5cf7a
47b2bda2
c7074058
46ffb1c7
463d49dc
c6e94caf
46abc10c
c6a5d343
c6427b54
46f0e8de
c6c8b7e0
c69fa05e
4788f5de
c55870fd
c77f1646
cdfa97e1
467480c6
c6d3e60b
c67a765e
460532da
c60e7842
c69f6a69
c5d71904
c57c78e2
c2691b0d
c5896245
c629637e
46d891b0
46e29177
c6c3b723
c76ec419
c78ded26
44c54f49
4766e2b5
4628a857
c5c448ff
46ffaf2c
468638cc
c71e0f14
c6f6bb8d
472407a1
475d7322
47076b7e
4681a281
4737d736
c6419c30
c6fd8c82
4de3d01e
46bec136
c6f80c9b
4735f7ce
c6fae161
c61e9d91
c61ae583
c6583081
462bb66a
46bd6d58
46453794
46b963e7
46eb0e72
c6f8a3e2
473514ee
46ea4125
46bd27b1
c72051a9
c6a0cadb
47980ea4
c72be474
c6e3a985
47370afa
47430fa6
c66db375
c6e2600a
c48d7714
c690f5e7
474027ec
45cec27c
c6ce4e37
c6d6136c
c6e017d0
469db9ad
46c53eec
c58b16c9
c6471f7c
c6d4349b
45b495c3
4684e253
47159a5b
c6f448fd
c5e8089b
433ef3c8
47364ad4
476a330b
460c9ac7
c6b36825
462a3d60
c7a43510
4606cb1c
4620d241
c736805b
47282c38
c73a8645
c67be9f1
c58c9700
c6ff2911
4691a3d2
c7af76c6
c6b00334
c62146ef
470b36a1
c7664dc5
4706aaa4
46430776
c703c7dc
4632f381
c681d30a
460a4951
46c603fe
c6e99f0a
c556f4d3
c754d24d
45c42b83
46eeaa52
c66061cc
c6f500f2
c6fd659e
c6da6694
c6049aa9
476c0db9
c6500659
c75b2041
c72aaa4a
45990147
4685fcbd
c71e2468
46e08223
c6baa1d0
c71c85c8
c6fa12bb
4666b28b
c669e8a4
c7111a9d
45d80c3e
463d9a19
cde3cfe2
c62b693a
4610d263
c6332afa
471a4320
c721f471
c61cbb4e
c72fc2ca
c4fa5436
c7957653
c7931afa
c73634b1
4734d480
46cf522f
47818b6c
c7620af6
46fdbf84
46577e24
45e012b6
c6de8b11
4780765f
c7b5546d
47ab80e7
c7785595
c770a415
c67ff3f6
c630a80b
c79993b3
46d0a96a
46c4da24
468d8aeb
c696e704
4dfa9823
c6f63325
47120696
c74e0f97
4744ece4
475dab9c
c780aea4
4580c1f5
c6b5440b
c6d7d55a
469f654b
46dc35e0
46cc4bd1
c6aa2fc9
c783df28
47668bce
c76a509f
47a309ca
c686e45e
c50d9967
c6ef81fc
c782cc13
46b80c32
c7099b8c
c72a4459
c5e6bc98
47527a45
463c3e05
46141b99
c70837ac
c6f9ff7d
c7c02a5a
c4e6959b
45479464
46b25dd5
472ae1d3
c6982f74
47095cb3
c7937086
c71707e0
c66a7601
43e4793c
c73172ae
c72048fb
c6b91786
c6877bd2
45198a74
c6f4770c
c6ca423a
c6fa8adc
472b1dda
46204f5f
45863312
c66b2f93
4613892f
c707ce87
46eccda2
c763f5a1
4581447e
c4e5b335
46261cd1
c7ab3707
c7819529
c57c169c
c58bee17
c76e9ff0
c5c70e0d
46ddad12
c784c29e
4645cebd
c6ba0127
46991b17
46915fe5
c5c70430
470e1d49
479cba9d
c7192eaa
46ffda2f
46d9cc9f
c75af637
4751c2d0
c6c6d878
c6744100
c4419706
c67063a6
c7efef80
472d15e2
c745e003
c5cf1eb7
46ae2e00
449aa4fa
456bb0cd
46f655eb
c7123830
c4fec264
c76dfebf
c66f9ea1
cdfa97dd
47850361
c5b2abf6
45ca5bd9
45a5a2a7
c592f980
c7072ed0
47441b28
46fc9158
c42c4d93
c76c38aa
c67ba00c
c6a2d901
c6b76015
4404474d
c7335b0c
46f1cc41
4534927c
450d065f
c798257d
c70f94bb
c6a6514c
46e52421
4765a9ee
c661a9b1
475f533b
c6e66af6
c74ac02d
47bf2663
475dc7c7
c655e16a
45ca9c60
4dfa9821
c695d6f4
42ccec54
458af574
47abef99
c749a743
45f3032e
46b106f3
46cb5e20
c73d184f
472a0159
45dd6a67
46f4aacc
c6990021
474c7a55
c74df2e9
c6629c7e
c76009a1
45c5286c
c77fd416
c7800579
c73ecd1c
c6fdeb97
c5e7f70e
c6a96a14
c6498ddd
c77d2d04
c7350713
4532b942
46812975
c6b7f8cd
c4f15fbd
46d1026e
c755aa00
c6a74345
c7940735
c697c921
c736a0eb
c5d70be3
c7614dad
44f02fa7
4521e486
46b5e71a
46ae264e
46e1630e
c6c94f45
c779db53
c7154c60
46b70348
c691a387
468d79fd
4781f03a
c6906a46
c628aa70
c7375a67
c75ca443
c71a816f
c68f9521
c670dbf3
c7167b78
4629db73
c6315330
c6f9c371
47369f2b
c62ddc85
c702f2cd
c72ef10a
472eaf0d
46534a76
47132f89
c69abdc1
c6821e0e
c6b25ed4
c73f0db4
c644b14f
45afc9a4
c791a842
46868e08
45a3d70b
c601847e
c6f5a338
c6c494f6
45383ec7
46976310
472dfcd4
c6d289b9
47001761
c5e6e1fd
46c13c0a
46bc94ba
c6905160
46f07a13
c688c559
c5f32a40
c7961bf6
46f11ccb
c7aa612c
cdfa97e2
c607b203
467bebb4
4793672a
47100b39
46bab6e3
4659a277
c765d132
46945e90
c6d7ad84
4702b13b
c7824002
45fdc6d3
c54c229a
c6adcdab
c6b25557
c59f2754
46ebf286
c670a518
c721777e
c77afbcd
c706ff5f
c6f0f8ac
46f013a9
46e3c629
c72c442f
c680bdc4
c6fd0d6c
471470c0
461653b6
462d6b9c
c7713670
4de3d01e
47d3aff6
46be310a
4751ccf4
c671ecb3
461cf506
c6d6302f
43e7b993
c7123ac7
c5d5701c
c588973e
460bdc76
c6bba605
47a53da1
c719d5c3
45c3e124
c60d5e05
c64bee90
c6da9c94
c63c3ace
460f54a7
46a150b2
46b5654d
c77bcf7b
c5f879a7
471d943d
c6c0dcc1
c5d4faca
c69e4034
c7045594
46506d9e
4690e7cd
c783a1c4
466c601c
c653fcfc
c6a600bb
c72985d5
c6a28922
466be4d9
c44d3cc2
c613f93a
46a05aef
c7062fe6
c5b182fd
c6335cc9
c64edd88
c7518932
c587e3c9
463fb680
45bf3781
46ffc3a9
c650761a
46f659c1
c5baa340
453b566b
47755b5a
45ad6eda
c7ad6c4b
c6863d8a
47bc4d09
c69058bf
4693bdc9
c7631c6d
46e22baf
c6d53c08
4712f86b
c52b48c5
47253777
c75fd13b
c7148990
474ed1b3
c700ee88
478c42c0
c646a2c7
465b952b
c64912ed
46c9951e
c69982d2
476b03ec
429ed09f
46a05f40
c71efbc7
4731f553
4668d387
c5927fa5
c622a7a1
c65a1809
474174b5
c706b4a6
c7056713
479375c2
47082d27
467dd257
c717da18
46b7156d
c69d38c0
465b5d7f
cde3cfde
c74e2f08
c71e9637
c6fc9bc0
4715e772
46803f10
47a60234
c616c9b3
471c02ed
462d1bcd
4604adb0
45efc7ed
c4f2203d
c728208f
47760277
46bc528a
469f0f87
c482ed01
469c4074
465c6d32
c722efeb
475e31d3
c5631c6b
c53dab70
c6901b65
c6759540
c6025eff
46985545
46b2b0c9
c701e95a
c6cb0f73
c715e71e
4dfa9820
47198263
474540ea
46e67e76
47901493
4719ca31
4790d28c
479a0cf0
c6ae3304
44e0b7f4
45f76e2d
c57ff36e
45e92303
4704f689
47049394
46dab5d2
c563c943
c56c4cca
46d08fbc
c737f32f
c7497d2c
46e88035
47829cb4
46ba416c
44a8e7d3
c6bb6dd1
4707f2fb
4700d57a
475e6408
c738bc40
c63aa5c5
471068f6
c73f89cd
466bb1c5
c72dde1f
46d89530
4717a3dc
c47035bf
c7658e97
c689fb8c
46fb7b6d
46e6dcaf
c789fc2a
470f9de5
47450114
476059ae
c68a7e70
47aa1e3b
466f4110
478a2e6b
c689bf8b
472ac1bb
47377e14
4781acb4
471d10e2
c32410d3
45afb8de
47aa5377
c711fc87
47a379d7
468d9527
c4f6e054
c632ff31
c7125c98
44f31088
4601c1d6
478b6f45
469ef28a
c7099571
46d68330
c6a64df0
c6b32a5f
460be183
c577d86b
46692ae7
46bcd7c0
c660f84e
46ac1f27
475744ab
c716c457
4698f344
c6de4b79
c708830c
c656136a
c75451db
46893ee3
462262d6
c7037c78
45de84bd
46a38f00
470541ea
c719391d
c6c4c7ef
c5ae3f04
471e7b7b
46cb0a24
46877b52
cdfa97eb
c52f2f57
c709e203
c7805742
c7b3c983
45fd56cc
4636ffb3
c73c6d14
46ba8e34
47538b9b
c63866fa
c710c3f5
4687e120
c421593d
46f6426f
470085d1
c6a19d46
c5f33a49
46322e21
474b9564
c4db4e47
476e2631
c69508e8
c65d052a
45e9399a
4708050b
c6b1c3c6
463b42a0
45ee422d
c64892a6
46eaf428
470cf182
4dfa981f
c6a8da12
469eda7b
45de9c8d
c74720e6
c69443bf
c6384008
4723786a
46089a88
c6919ac4
c62640fb
4632a66e
469681d4
44a50c99
c47554da
c4ac6802
c6ed31e4
4715445b
476e7119
c761b565
475b2e8f
479a898c
472456c5
471a943f
471dab72
c7615a22
459a8f2c
463730ea
468c496a
c6604c67
471de4c9
4628d974
4539c80a
46fa639f
c6814d80
479fa504
c6c80133
c672b64e
47a984d3
c5a82a8e
4765b23f
477c0111
4625b569
c59a6d9b
c65edddd
473ea3a8
c731a608
c6c1f6e2
45860dcf
46d2d3f9
c74518a9
46ec23c0
c6418976
46ec7f2e
c671e482
471566e3
c6cc5ac6
470409a2
4505c165
47085b4d
47186ce4
46898ab0
4702ac44
4621ff3d
469c1b1c
472d2610
473e6bd0
45c09378
4787cb9a
473ac790
47256d0a
c63d8490
470b9c8d
45b8ff0c
c67b6f57
455f89aa
471362b4
46bd70c0
4607cf29
c684db89
45de6e29
463b9bf6
473fd313
46e21ce0
c718850a
c679e708
c720d5b3
47249a85
c6ed3711
466799d9
c6d12518
45308b41
c5f41288
c5d56b82
47419103
c66101f6
4648e73e
c695425c
c65df70c
c709bbeb
c60b1ac3
c6763376
c5b38ed4
472b9370
46999e6d
46df0d8a
c6b5fa38
c651f3ab
43666dd5
c70a4bb0
47973596
c6345595
466a400d
c782772d
c5cc5833
c665640d
46fe0984
47812565
c71bc0d5
45dd37ed
c6be6136
471c24b7
c73a8f94
46ab0c31
c6d19c18
c6878f51
c7832462
c5625647
47740550
4de3d01d
c73afbf7
c6850774
c5a81a92
477b6eb7
c659e4e8
471d217b
4701dd2f
c58fbbfa
4772ad39
c584545a
47343138
46820ce0
c6b0dcb8
c6fc677a
c70da794
c687ee3a
46761339
c6198f07
c62d92b2
46575fcc
c76ce61f
47574cac
4522f923
c6c14ea0
45a8a7bf
c78b9461
46a6cc2e
472de6f7
c75cfbc6
c75f2816
46482970
c69588e2
c5035cd5
c3e495e9
c78ee671
c7849d97
46287561
4778cfc2
c63461e8
458a2cc2
c64092b7
c73d5b4b
c6d768f8
46abb593
4716308b
4711e384
4603d7d1
c6c359a0
4654aad3
453a0f35
c6d6cf76
479b1a08
47293920
c7051968
467b342e
468d699f
4721837f
c6f0f4ad
462c23e0
c5e7d31a
4755c9db
c5fbe4cc
46a22856
c6f4fa8e
4713cb06
471810d9
468a5508
46968f08
4761958d
471ba989
c6c622d0
45d7fc2a
c702ad8f
46519309
c5f13626
45dbb3f8
46d867b9
c63e9f8c
47336503
45bf7e3d
47362ed6
462b9336
475682e2
c71a52f0
c7376581
45a29e5e
46637396
46bfd890
46ef2768
479fbce9
4711031c
46d9bb01
469d9e4b
c6f14e6c
c6693dd0
468119b8
472b4116
46a2e1c6
c739165f
45e4d2e5
c79cba35
c6b08fc5
479d68db
c6cc39a6
46bc0bed
45e12c70
c6f38a7b
c63e8af6
c763169b
4639badc
464c3433
46995d43
c6ed096c
4748faf9
4781fbce
470e793c
c5d8ccbc
c725a950
c7108305
466a5282
c765c2a7
c7078950
c6f79653
c6c8ab5d
4605e974
4746fb5f
473f5c68
c737cafe
4dfa981f
c3e73d00
c6258b80
472d97bd
c6a46e70
c70ffa30
470507b0
c72df93f
460d3ee0
46e29397
4654950f
c746e75f
c4662361
46f02314
4761d41d
473da4f7
c73bde75
c7715659
c6a3c1e2
46d857c4
46da88a8
c68daf4c
46fb7e2e
46d3f88b
470c3698
c4ab28f5
c78ff0d1
c70dc018
c5eed0a0
c6e6b931
c71f1313
4554aa79
46590375
468d461c
c65123a2
c55b1222
46198a02
45d66fad
45b4bf57
c7c33f6b
45e7f11e
c6ae63d8
c5d80955
c6598d6a
c6b9baeb
c7644d19
c6e7a360
c6501e3a
4620974c
c716b4cb
c292d0c9
c6f77bd9
c52c9142
c7811fdb
c65070ce
462d063b
47ad7d0d
46e63c8a
4714516a
c7312ab9
c55ecb17
c6ce8f04
47151664
c7152632
c5a700a8
c635f497
467f9261
45f813e2
c4990e9c
477cc2e8
c73c4b2d
c78bccfb
c71cf4a2
c7780aba
c703eb79
469fed48
4750d121
4747ce6e
c793e35b
4685f597
c693df79
466dbba4
c6ed15f7
c653ac3b
c798eeae
c69ab9e4
470292da
c6c4726e
46146870
c76ee389
4721bfac
c704bd90
c7469439
46787fbc
460c5fa9
47a594de
46c255ef
46b8b8b8
c6309090
c7140c73
4655c2f7
c62fa981
c62d8d14
4524bf42
4729a7c4
c63a2ce7
46f130f9
46746caf
45b3ecb5
47582383
c54351e3
c73a6240
c54d5bbd
c65d8bb4
470d085f
46575886
c69d2ef7
c72ef6f5
4615d83b
47a7f943
c693e931
475df72a
46a870cc
476915a5
45e94555
c652a3d3
4747d689
c767e90b
473b8589
4de3d021
c735dd17
c5eaba1c
c68d8049
4684f075
c60996d3
46fa5c06
c72c54e0
c6fc98dd
45cc28c0
c74832ae
c4934ee2
c51660bb
464ece0a
c68b9239
4654a87f
468635d7
c6d688b9
c6933682
4731b09e
46d4861a
461794dc
45bc1409
c6081f51
4746ef99
439e71ff
c74680f8
c744ba50
c5e5d5e2
474c7c1a
c745bfb9
c7033808
c4f84d9a
c61edbce
c6cecc74
46a51bca
c4cad6b5
4783b41b
c5dd31a2
c705602a
c757943a
c59bacd6
4792a74c
c6514527
42357f9d
c628edb1
436c4cd1
46c674eb
c58fa537
474bd3fe
47211a4f
c75e80ca
c73b4cf7
c63ea5d9
46eef177
455b55d1
c6f7809f
c698bbc5
c43decc7
46c7491b
c68f73c7
4717328f
c3ae404c
c7131239
4735be86
c5986b44
460097d4
4718deeb
c742c61c
457bde78
471b30b6
c69d9246
c6ae0bcc
c6a4a768
c5961b52
46a8e6c5
465e7abd
c6744d76
470efbd7
4782227d
4728a6a5
462f4f2b
c5f4b22d
4682c8d9
c6f176be
45f92697
473effc1
c754c9ea
46c0be1c
c74649c0
c73073c6
c7024e53
45290441
c59c847a
476c57b7
473ac54e
45d861a0
46e19200
c632564b
c6321dd4
46c41f51
46e80e70
c6c243cc
476c84b7
c693bf03
4751a71e
4717ca0e
469af6ef
463ed54e
451bc3b4
c63239d9
c79509e2
47069089
4711348a
4440af86
46b8d87d
c6b45fd9
c6bb1a4c
c6d0b1f4
c6f7e29a
470cd0bd
c6770bca
c7276cd7
c729e9ff
4661a5ea
46f45f97
46e78e78
c6fb931a
c6debda5
4de3d01c
46819807
46fdc04a
c69d05fd
469854f5
47336075
c53102e9
464cf7f0
c696ee16
46af63f5
475f33f7
c64bdbf2
c63f858a
c5f35e1e
c542f49e
c5d546e3
468349cd
45e14d1d
4574c2f7
c687e65f
c6e7c63b
4430fcb8
c6a0e4cf
47623c2f
472b2855
45470ca4
44b711e8
45251b46
c3e4b29a
c6ff888d
c6156f4e
469b96b2
4731f7e1
c67eb77e
c63646ac
468d6628
c5cd9b8f
46752a9c
c7300236
c71099bb
42f1db0a
c6351cd8
c7a29fee
46c9be66
47486dec
4683dc76
c6816118
c65760e1
c68a37ab
4685c6f5
47939e2e
c6a647f9
c6608d1a
c6d2b0ea
468e0cbb
47ba9d6d
c65908ef
47b6bece
47214aa1
c710f12a
46e2a316
475987f0
c723b7ae
c7303970
c6cca2bd
c709d76d
4736ab76
46122bc2
46cf53aa
46f1851a
470f2d8d
c75c0469
4779f40c
46cb6efa
c6dd456e
c67eddb4
45a49ee3
c6cc5fee
c5f44e33
47240d55
c7363470
45042ba0
c424b082
c5c347ab
45ea0cfd
c6196dbf
c602c10d
c73a3a82
c76646d0
c4724df8
c6871fec
46aae615
c748747b
475d724c
c66d6f3a
4742fb6c
c771c026
459e1a52
45a4ae25
478093f9
c66b16fd
c67597fc
c6a17cd6
4748fdd3
c6c0698f
c62197b3
4792bdd4
458a8c67
47229410
472b3c19
467f3107
c712fc39
469bb28c
c5818ef8
46716842
4740b1a7
c701c476
46dfcf21
4749053c
c68b91f0
47baf473
47c5edc6
c76623cd
477e8d34
c649b726
463f8995
476a4196
4723709c
c32f284c
4dfa981f
4650aa67
c63f058d
c6986fcd
470bb16d
46559cbb
47266a7e
c60e6bf7
4786ef56
c5ad6470
c6e9ec48
461c3a7b
c754eee0
4772d888
471d8491
47f9dfa2
45dd4135
c710d7bd
c6cb586f
c66cbde8
46f48fd6
c7094dcd
47a976ae
4647ec7e
c61b3cd0
c6c4e9f2
44da144f
c750fed4
c66cb269
4765d002
46976176
47312516
45dd8f40
46b66a26
474d6d47
4723797d
472fabb8
46be7406
479b9670
4684ecda
c66bcf25
4703a31c
44a52207
c6261819
c7a413e9
c6918096
c6399ad7
473d4831
c546db96
46a1c640
45f2e980
4628abd8
c6c6356d
c6438715
46528946
475f2657
c6b3ad92
47160b3d
470f1c01
c6ea60df
4702f99b
c64924ea
46bd17b8
c7126b53
47d9670c
c6c74602
c76fd44e
c5d2e951
4635e281
475a7c42
47d37a07
c58a0eb8
47d00062
473cd929
c79c9f1a
477201cb
4687eb10
46af0c1c
46a83252
c7021fb3
c6338266
47085019
464f9e15
c7062eb2
46330deb
4733c7fe
46000fd4
471d7238
c722e5ff
c60af458
46b221cd
c7690dc0
c74b083d
c6160af7
47055c4a
c63bbb6a
c61aabc6
458c85fa
47245e27
471358df
c70dd8bb
4573f927
c704d5b5
4523c959
c5543060
452bc5f5
c739aae5
c6cdebb3
c717fa54
c73d73a4
46e7b3ff
45df934e
477933db
c6df46a6
44e57301
c723902d
c68c6433
c7867748
c68d06ae
c6ba34a6
c716e31f
c6c43223
479fbe03
4606885f
46911caf
c61d5834
46089423
c7006ffe
c6a1aca2
4de3d024
4710a8f0
c72606b6
46928885
45823eb8
4753ff06
c533149a
c596cd43
449a2346
471fcc5f
c6868827
c701f32b
c71384ac
469e5a0a
477a21bb
436e2ffa
4761bbf1
46cb13ae
c61dfa21
c5e71f24
4713ba08
45b645ec
471a4068
4712fb3f
471e656e
c5bcf4ce
c6969d3f
c71f7b39
46bb9e18
c6827976
47597db0
c790d03a
44f7569b
46a39c6d
c71e8db7
44d9c0d2
4787b711
46414872
c2c96d99
c6807917
45ce4255
47184684
45964484
4700c0e3
c72d4fdb
46a8fa68
4701cb1d
c63add59
c33f6437
c6936da1
c615a44b
c7326a72
c73a9f48
c589640f
c632a479
c6ca8717
45b719f0
461b73bb
c680a2f3
c7080980
4668c80a
46fd5442
c63c235e
45be1f22
c5000311
c684963c
c784e670
c743c0b8
46355953
c68e4e4e
46f54a9e
45fec7a3
46a67060
47506b45
471b90da
463fb102
c7090fa1
46f4de87
c6800201
46fb132b
c735bfeb
4627d9bc
44d8de9c
c6861a46
46311b4d
47ecae83
c6a15e41
47074791
c703f136
c6e833c5
c703d20f
c5c4926d
46657919
471b7dbd
c62206c5
470c80c5
c69949ef
47270870
462fd4ec
c527472d
46397ea7
c79efdf6
c6cb0c17
c6004642
4720e74e
c6ed058b
46ac5151
c5c49fca
c70241b3
455192bc
470473d7
44bdbf2c
47245f9c
46cd0a3c
c69ef007
45aae525
c70a9766
c72386ce
c70d6211
c6188ba4
c6e77fb0
479f7b01
45a486ce
4710f0bf
46d17efa
4783f551
46080f9c
45f5d978
c5158c94
4de3d021
467b8847
46fb779b
c74e0a79
46855f40
464a285a
c62b674b
471c3099
c6585545
c6a80038
473cc954
c633dc1e
c6965484
45fac124
42da81c3
46b4d2f5
c62cf705
475128a8
c6df9241
4674dfe0
47a2e3c0
c771058f
46c84523
c6b2d6da
c7537969
47928aca
c6814838
47356796
474abbbd
c78cca51
c5c17309
c4c0a8be
c7ae0679
45f37855
4580dfcd
c6cd7e8b
c6e48ce2
c69e6443
44f80a80
46b7cf63
461c7c9c
4679be9c
c68bb316
c6ff3048
4738cad1
c7245ed1
479cac32
463ef168
c73a2317
473627bc
c63f373f
4586ffce
c5b15a94
451f9a8e
c6a8325a
4595553c
c5b89168
4732b680
46cbc750
c660a746
c701ca1a
c638c506
c612b081
472e6574
472ef6ee
4690073f
46ad46c0
44fd68d8
c6c08337
478f6c2c
46c6ea77
c6a150a5
c71334c8
4604ad06
c5269cac
46c4e934
475f1dac
4684fabc
c6bc6ed2
47690b1e
c47c531d
4724a839
c5822643
46da26da
474997a5
4769da40
46be8a7f
c7735449
473d1b93
c4cfde82
473e6833
c55e7f2b
c7b6bb6d
c6c7c200
4605ffca
4734d404
44a275ee
47144233
c6f0ca1a
c6ddbc10
c68b98c0
c6b3ad7d
471c5284
c62f45d0
c7148829
46418025
c73f5bc2
c5fe230c
c75e5d4d
c4facf1e
46d0b65a
47a44209
c70cc917
44b45324
440932fe
4546dbe2
46906921
c76a755b
c6916ef7
c4aff021
c681e062
c62df829
c4465b46
4720b90a
478f7ec2
c6dfa412
465fa971
c6c90f07
4725b0fe
4dfa9819
c7767227
c299a3da
c78cb541
c6eeefda
4715754a
c78163af
476af9ce
47b85ff1
472080ef
c62e8815
478e1226
c78cab2d
c614cf26
c68c93fe
c72d8343
4684ab15
c626f083
c6fa34b1
c6d7d801
45c73dd1
c787063b
c79482fb
c752a800
c6de6667
c6a61aba
c609fb4f
4758d0c8
c63fae63
c6ca9d54
c7804744
c714e368
c71f286f
4814881d
45da54fa
c4f81ce5
46bdb346
c73272aa
c687daf7
444322d2
c6282f4a
c6999fb6
c7938d89
44db0c58
c71e7d26
c70ef002
c60f46f2
c5bd7396
46445abb
c5607fc0
c6955615
c59397ec
c6b157df
c7369752
46d30442
c5c2d1b2
c6d546f8
46b42a68
464b3aaf
c713a763
476645f1
4684e53e
461b55bd
c68b2751
c6047f56
c787b468
c78b20e7
47764321
c6de6335
c4f615d5
c6f49579
c73d9e1e
c7571575
c71eac04
43a96953
c729d65d
c6a28131
46f9f29a
c688aba0
c766994c
c5b4f21e
c700f6c0
c78d52fe
c60a4139
43ec6e53
c6918ec6
c54c8034
c74779c1
461ef561
46e4582d
c6a2f15b
c4c05b66
46157972
c5a0b78d
464585d2
47a82dc5
45f8ee95
468919fd
4685d4ad
46a2ab26
47087233
4785fa36
471a0576
c5c25672
460a42f6
c5817246
4676d8dc
c57f9f03
46327cb2
460ce97e
c5bcb322
c71bea9d
469bc359
c74a6379
47904881
c76053fb
c615ec56
c4d50030
c677d5b9
4767351d
46ceafb5
c62d5a4a
47039731
c6ec0977
450e4c7e
c5d9517a
474dbda5
c6e082c9
c74a89af
4de3d01e
c53377b8
450adbcc
473078d2
c743c3a3
46df4078
c724c110
c5a95751
45500d96
4726575d
47948cc5
c7873581
46c3ef63
471e8b19
470de05b
c64e5ef6
46cb72ea
c5248ab4
c73bbd54
4736a572
c6452bcb
4712bfa0
47016eb8
47248ce0
47542612
473425ea
c72ef1d7
c6f88f3c
45f5b5e3
c703c947
46471109
c6636ecc
45672715
c6109dd2
c69b77b2
c6846b2a
464f373d
474ec507
4785a765
473513f9
4761f4c2
c739b08f
c66c5b5b
45b7d242
c68f0e53
468c7554
c6920e42
474f2eaf
470f176a
c6e42332
4580529b
47363950
c6937875
45223fc9
47356b4c
474966ff
c7277b58
c6a69cf0
c623729d
c6fb0c4a
478ebf74
c508bbe7
45b005fe
c78e82ea
45443a21
46d6cc53
45ec68a7
46142995
c6227a20
c5d9eaff
c70a2b75
c714f083
c69b2115
c5a32f87
c6044a7f
46fece64
473fac02
c618858e
4766c392
c465333d
c777eb73
47b2dc73
c6eda429
47393a04
46f8772e
46cc193e
4738f3a5
c538420b
45bc8853
463c12cf
46290e52
c6fc447f
47c4d4e4
45153935
c720e21b
476821dc
c667ea99
c68d045f
c6707119
c7567cf5
c6a2c134
47913d30
c69558a3
4581c178
c7250db0
46aa6d63
467a373d
c6d82552
45c64bd3
c6bbaf52
c6b74fb8
c6e313cd
c57c3d9a
c7459442
472b1624
46ed7b3a
c6efc2bf
c6f3d40c
46224f73
c4a10655
c30b0d72
c70ed6e7
46f5b99c
46a76dce
46b9d106
43bbea22
468bfe8c
c712f5a8
c7a000d2
4de3d021
463aa8e8
c6c0193d
476af3d0
467d971f
c6fd5302
c69ae70f
461dafe1
c7355874
47176bca
c734955f
475c9b79
476bedd5
c5df98e0
4691b3c1
46aba85b
c603edb7
c7207854
c6835ca3
c5462a30
460604eb
c6642da9
472ff98a
c7aea032
c5ba4ef1
c54315bc
464dc66a
c5fde3ba
c7384cf2
4724473a
c68a7eb8
c719e7a0
c69c4984
c28aa519
c6a6375b
47191436
479a8878
4620f504
c58f7f06
46863a69
c66ddea6
464e5383
c4cbc505
c778fb06
4658eae1
4634709a
c71389eb
c77f19ce
460caf55
c680dda3
c75d1064
462f7c39
469f7071
c6b8d87b
c711e634
472957b3
c731f706
c79b1930
c70f7b14
47434972
c7b3a29b
c73e9cc4
45f13085
c7348923
469ee7e5
465bdfd7
46242e86
470fe5db
c6bbea5b
c789bfc8
46c15c25
478246b5
47a4e35f
c5ee6a3a
c6c64099
47676aed
c63339ff
4796febe
46637dbd
46a9110f
c6ac08fd
c6c44ee3
c701737f
c6041d09
c68a041d
c70daa68
463fc3c5
47350f45
47845937
467921ce
46b9491c
c5be3361
c708b3be
46c54642
46db1a73
c60400af
c5e17782
c7676016
c68a7aef
478a4275
c6a66a76
c54d7ab9
c676a015
4560218a
c403b019
455b35d8
4733b8b5
45fe6e78
c7b5ec05
46aa7aec
c77f21b3
c6914bbc
47846592
4770c2ef
4664a8c8
c612dbde
c5bfaa4d
c6c12e89
c6d33b55
467b706a
47217469
47181cd1
46176ebe
c712f82b
c741d4bd
c6e5601a
c5c9531e
47930d25
45f69350
4dfa981b
46062c2b
c36311a9
c62e21ac
45ac3fd1
4668168c
c7014c5d
46deb92e
c6b02ce6
c7384f55
4689583c
46da1f8e
c79181a4
c5746801
45dfc283
c74eeffb
c7000d6e
464718ff
c6ed557e
4799108a
45d77c55
c5405219
475390b3
47a68caf
469f34be
c78881fc
47491052
4725bb4b
45ab08ae
46c45a36
46f5cacf
475e83e7
c72ef60a
c60f9971
c7037373
463d453f
c607d866
c724b8b3
c616b42e
c56dfeba
472d1215
4763976c
c57130ed
c63b92bc
c69c41bc
c6eafb08
c65dcb2d
473ba443
c54b1e42
45dc8216
46cedaca
c6c46421
4715a2de
45cb6b47
465eebd9
c7650371
c66005e4
469d7c95
c7210eae
47619bf4
464245c0
c7085dcd
c74d1bdf
462320a9
4789289a
47d433b3
4723ca56
c6fd129d
4718af39
46b2c62d
4786a979
46d230f6
46e678f7
46502642
c6ad1948
479fedcc
47c9f291
c6293ea9
472a731a
45105b0c
c7092777
c6c3c69a
4676113b
c577e1a9
46a29d9a
468034f1
c6a3c7ca
c635f617
4462d91c
4725f239
471ec532
c7074ada
47828e05
46a265ad
c6891dbc
c764e523
46902ec9
c7964458
475ad9b1
c6dee906
c6f75034
46323c48
c5a9a864
463e6eb4
46422bda
46118a93
c74069ae
c6ab091d
c5457169
471b0580
c76e15d5
4731887c
c4d2e948
46e514fa
46cb8661
c733c693
46eb4d73
45ff3dbd
c6f0f51e
c6f07ed2
c4cefbf2
c528a326
c693a05f
4769b2f0
461235f1
c6c36773
c67d7afb
46a98c6b
46288343
4de3d01d
c72c449c
c5036ba4
478264a6
c70c9523
c648548a
c6d3b5c1
c6fcaf1b
c607c2ec
c685c7b1
c6f2eb4c
c6ac300a
477980bb
4770661a
456c5906
47345afe
45a2ef08
474a3399
4764dfd7
c6598e51
4570c115
46f6fa48
4714366c
4683dfcf
471af1fe
46f5f7bb
441fd608
46d36b75
471856f4
c6cc5f10
c7097f34
474ee881
4699b58b
472df319
c54cb495
474732b6
46a560b9
c731637f
4745cf7d
c6604278
44856df0
c6c7ef55
c6622ab9
c4ccd221
46cf288c
4724dfa6
46639617
47054615
46f1c0e9
472f698b
46548f06
c6832444
466d4d05
c737ec31
c70c2045
457ec479
46891ac5
c6f54ad1
c78b8724
c2bbcef1
c733c70a
c6cd67f9
c65c311b
4789b871
c58a76b0
4420698a
c77ea415
c73ab110
470392aa
c6a7f5f5
c71ac6bc
c442825f
47286f19
c571cd72
47b541a3
46fbcb57
c5e32f17
c63b0382
471908ff
c72bc3e1
45810497
c483b037
46da5dd7
469ae013
4318d102
4697a0eb
c6fc8073
46009612
c3733796
45c1b218
c67bc63d
471946f5
46e93f8f
c6601b31
c65a9b67
c68ebf69
c61e1a8a
c78b3df3
c6e8c4be
c4759b65
467cf4c7
c6031ddd
c6d965a1
47265bfc
46bc0c3e
c6c52f4e
c75faf55
47495cea
47b7050a
475324b7
47527c36
4725f0d0
46b088e8
c73a6a8e
c700d3b7
44b83e1b
46f55904
c5d52117
46dc04da
c6e41f86
c707e6d3
47507b66
47184263
44cc257c
c79b20b3
c7408f6e
c6d9ef12
469f5041
46ebfd5b
4de3d01d
c6c817b6
c4a88481
c6d70dc0
4723b73a
44d7b537
474eb5a3
c6c27bb7
c6117156
c665b53b
45a02aa1
44569e13
c6d8231a
45487bc2
472e19d6
c701864d
c70a5385
c6214588
46128291
469366e5
4754d62a
455ebce5
c78eee9e
c629e534
c75501ab
c6d8b008
c7352ed2
c6528772
46725cf5
4725a2ef
c703c70b
4741e7cb
c68a2c28
46e9c80f
46d72f2d
c6518de4
c7089ea1
46e102e4
47567cc9
462e8575
c6c2b76e
c767d560
45bea7dd
c6a57f8a
c631263e
c6e33237
c6d24cca
c68ebd96
452a14b3
47155cbd
471540a5
46c11220
c66390fe
457c2634
473d265d
44dbf85a
46b0974b
c66a679e
45aeadf8
c764ac36
44a10704
c5acfe8d
c6b7d4e2
479852c5
c6fc6929
4755960f
c66ca0e6
469fac71
c54f991f
c438f62b
46a5f167
c69d23f0
45e5edf3
c6411ea9
46ef50c1
46457ad0
c73c4732
c793252f
c70e3bee
c738e7af
45d4381b
4701f038
c581fb7b
467bdff7
454ecd35
45992cb6
c64e20dd
c5e3cbb2
c6031dd9
470eb9b6
477250e9
47e054ff
478b70f6
45db800f
c78396e8
46679e23
4728986c
c6648e3a
c6a4b980
c53f2c47
c6d00b33
470739fa
c6b95c44
465b4ac5
453ae3e8
c792e2c9
c70e493a
4706c611
468cdf57
c71f1d79
c6b162de
c60012b0
c74304e6
c72070cb
436b8c38
c61435cc
470340da
46781772
46e113b0
4708065b
4776f8f7
c60ef2b3
c69f5826
47d8ea26
4762c071
c620abe0
c699788f
c7803f1b
45f183b7
4dfa9820
c4de180e
46b0af32
c71d5dc9
47037420
c7055a9d
c71e3a2b
474a7b58
461d6f8b
471a2cd3
c6c8333e
c64cb15f
468b0409
c5810cc1
47420159
c5a69b95
c31434bf
c78c3824
4710800f
c50c1e9c
c5b26e5a
c71ed7a1
45eebf52
4615bcfd
463c3df4
4780e926
c7139ef6
4742a533
44bd7ba4
c6a8db82
c5fa2694
4511a56d
478eb516
467e6b34
c71a66c0
c603a463
c72dbe65
43446a76
4798871a
c650359a
46a91c95
472804a1
c73954a8
c70c462c
47064a3b
c69d2634
448d007e
c44abf7b
456ed350
c6e13215
c68fdfaf
452b285f
c6478aa1
c7432763
470bfba6
c6741fbf
45ab0eca
c7963453
c7c29189
c7ef9614
c798af12
4612115c
46569070
c71bfc67
c7a562b6
c566d277
c711446a
c67b82fa
c6c9bc30
c79c08cd
c770dcd3
c77b3a83
c6a69337
c6315053
465c6f95
c5c1659c
c672c911
c6d3799f
c76ea885
470835f9
463ade0a
466b10a5
c7192e92
c6db36e1
4757e493
475409e1
c70407e5
c77d11d4
47089a22
45c9b152
46127edd
c56afb3a
c56aa7fc
c75df909
c71de0fb
c72c8061
c73e0007
c708580b
c6aa6847
4629031a
474bd99c
44844fd9
c73a7f9a
466e88c5
c6b726cc
c631575a
c4ef0caf
c6f2cc5b
c6ca6769
c70e18f8
44a6113e
46ba1298
464c2fec
469bd951
47e270b6
c5fb31a7
45a2a534
c715c27a
43dc9ee2
c72b5c6c
c7062fd4
474d35c5
46482050
47872148
c773f361
c60f0f74
c5b240f3
c587770b
46a7d72f
4de3d022
c7309212
46e543c8
c688b7a8
47297b28
c798c9ff
c7024dda
c76b95c9
c7567e65
c59a437d
c6d70b69
46d8a11d
46aac9f2
4524db28
4709af62
c5ee20ce
c73e9942
c4b68de4
c6184ecd
47983823
c71adeb8
c58c248f
46e6bb7d
c7657911
463c7afc
46903695
46af5704
c5a06ff9
c71f0b1e
c7624355
c6ee6d4c
c7322b50
c612fab5
45919ab5
c79a8365
c6edce47
c78232d9
46fce6fa
c7231612
47399162
c72e7fe2
c7329713
c75050bd
46a277f1
467eb41f
47446f9c
45741c85
457c4a38
c6cdc7ee
460d39b5
462dee9e
453eeae1
c65ca756
c6a171c6
c766f3d0
c51f3574
46ac54da
46dc8643
43c2514e
4726d9af
46d01518
478175e3
475df09f
c6b10db9
45a799e0
46e4a94c
46df7a04
461b2ba9
c659153e
c644ddcd
47867a57
4719a490
46f60fb7
c770541a
44c55aad
46dba42a
c4eb5d42
c6cf5833
472fa9cd
c74f0175
46d5e6b9
c767f712
c68fdb4f
46911bc4
4653a6b8
46c857bc
c6e09854
c70c2d46
45e6d888
45fb21c4
c6da9b25
c672d913
c635ba41
4469d0a8
47a0b0c7
c6881524
c75b6ef1
46d26289
472b1c7f
4635db3d
c5c80423
446f688b
c7308904
46705afd
46c939a2
c7658847
c6737870
4656c251
c7192621
c709fd93
c7026073
c69af95a
c68fd0ca
469773c8
45ee66e2
4699fa23
4693e50e
c7b6b833
c78ecf3e
46876387
46c98138
c714cb7b
c618356c
47a3cb61
c6eb04cd
c7200da4
465ad42c
c61dd1a3
466daec8
4de3d01b
c709c319
46f711b3
c5b4bca4
c7170a67
45f62fe2
c74fe769
c6b0b395
c64e0c3f
c6890e7e
45a6d479
454dc6e0
c6474c55
47699409
46df2057
46d4535d
46dccea6
c62f9974
471ca198
c5968088
468f0560
c74acb76
471d2d0a
c764b832
c51fef11
c6969b47
c6a74a7b
46891482
c41b4def
45cdf63f
c73b82c2
c6e5ecce
46963d37
c7344a67
46a5e59e
46ca732e
439cd2a1
c6c27be9
448e51eb
c644a13e
c71e89a6
c613075f
46abfef6
c73df409
c5c7cf5f
479f83de
c537761a
45136aeb
4746c5df
47258b3d
47934859
c7196922
47242f6f
4711e14a
45aefcb2
c494b362
466ef5c7
c60e3490
474c2500
46f1cadf
c7524f16
46405a96
c778a963
45af1015
46892f2f
46d1f0ce
c73bc4ea
4649bd53
c712763f
c6e656f0
467c9c9c
4609385e
c756a93e
47e393e2
c536642b
471d90df
469ded28
46ebfdfa
c610bce3
46577b91
4622c43d
47846860
c6d0550f
c66a8e31
46add073
472019af
c6c0b1c9
4723f107
47ad4e47
47c67554
4783ebcd
c5c549f5
4500d2d3
475b6c7e
44a3149d
47c1fa33
c5686f0c
c72bdab9
c6c36444
46b00c2a
c5ad1fd9
4641b6ca
46fda08e
c751e72a
c5f2051a
46d3b4fb
46319996
c66a98fd
c7502162
c5424efe
c6d44a2f
46258d9b
46654509
46b0840f
c5c4646d
47507755
47921fe3
c61d2b05
c5c8371e
4725aa3c
46d3f737
46942f87
45c9e57d
c6f6e606
472bd570
471e1074
c6363c5c
479cd2de
4692fdea
4dfa9818
46b0b8b4
c6b9acf5
c5baf92d
47a3e73c
c690d1b3
466a7472
c74e95b0
45fa6e46
c6b9dd86
46507ff6
c4a3a5fa
46338e12
46aa511c
47735dd5
c53febef
c5966a10
c6516067
c6657119
46905bde
c729087c
47266ad5
46673c68
476f4959
47622abd
46a97d88
460adede
4712347f
c74b8cd7
c6b36668
458c7489
c773ef08
479fa523
46c845d4
465668a5
c5f29d43
46883a2e
46d2b04f
46d74c80
c783c80f
470c5788
c12f3747
c5d62947
4687b9f6
45ea11b8
46679091
c76193fa
47f5d36b
c634f8d9
c7a0fb57
4680eab8
c564c99a
47820534
c68b5037
c717ed58
c7488de7
46902037
c75573b6
c718297c
c6fbd8ef
c61239b9
4593aa90
464de1d6
c7674ca7
478976ba
470fea82
478ac869
4665200f
c6860621
4715e6a9
46275a05
4710b58d
46881ac5
46f36cad
c6eba5a7
467ddaf3
4721b8c8
47ac368e
4766b49f
45d5ebcf
4481e1dd
c4ae0fb7
47720000
46c9eff1
c6ffed1d
c6453eca
47964393
464f1f74
46b4b96e
47189372
4791805b
c61dc6be
467d4dc5
4619df7e
46506800
c6dc1d0e
475a0d91
c6e58959
c746bbed
47614fe9
453ebac7
c6f69b42
c728c83e
c72faa9f
4751071f
47662812
4653c2ee
c686459f
c6800149
47126b79
c7747a11
450fc69c
47890b33
c756e6ce
c6aaadf7
c6a01bcc
473ff440
478ea8c7
c6933a0e
45c03a14
c616396a
c704612f
c70c5cd5
c59d6d66
46afab04
4750b5cf
46c8afa4
46e5827b
46c27e13
4de3d025
c6c67c98
4551229f
461304b7
475fcb40
c6d83203
c6e20cb3
c6bbea3c
c6857040
46c77b93
45846191
473e692a
46355a96
470237b2
c6b4e62b
c642fbff
c6fecf37
46983fb9
47144302
46b2d93b
c7a75214
c54f480b
478b5cdc
c5a4994b
478655ac
c6c061df
44e5a3a7
c717003b
46be43c7
c7135af1
465bd59c
c7101999
46419743
c7920bfb
c67e85d7
47154901
476a8d9d
c7ba2529
461eeb3a
c558167a
c69661e2
45e922b6
c6c36687
c69fa9fa
46a0a294
c601212d
c66ff52e
c4e3109b
47a6a1eb
c3ba1e3d
c76d15fc
46ce5710
c6a8d5c9
46e8885f
c76176d0
45f05114
c50c8831
c75cb0a5
c6081af3
c5d7a110
c71fcb46
c65f415d
c7770435
c694d9d2
46d1d001
472a5cf8
47312d97
c780cc3a
46034eb4
4798e4b0
c5abf116
47965bd6
c72700a2
c6ae44b5
c683e178
46144c91
46994d32
c7081ad9
470be92a
45e64855
477ba35f
46e19105
468f1020
4752ccf5
c5c8d27b
c6d249fc
c698b479
45b9f1e7
45e3ff9b
46d26f90
47108d9a
47219923
46831698
4701705a
c74a4138
c760b20a
46564e1a
463df741
473a2122
451f3f7b
c7926480
c7324160
461c5b85
c71a022c
c615ce46
c76e506f
460f54be
c652b108
c7ccca37
47280cef
46889016
c66790ac
459abc03
45126cfd
c68fec21
c637db20
c69fd912
c769ca68
468d905a
46b03f54
c72cf11f
c662baad
45f66c9b
c714fe94
470df6a8
470a9ec0
46492732
c68db8ce
c6b851e9
4dfa981f
c7613a11
c7abcc4b
c7b3eadf
46ac083f
476c64b9
c6d36f42
46b3f5cd
4590d9a4
c6eaccee
478a1f1d
468f1667
c7a56221
c38badb0
461f087d
46ce7978
c6c9d497
4756fc49
c647943e
c7360743
c682c89e
459ee668
c6380104
c731408e
c69d3bfc
c745a51a
c5ef38fb
4562f89f
c6c4d5df
45582ff2
c7763819
c7a3274e
c6d5bd63
c6750ba0
c6759acb
c52a92a2
c74a8d52
c730ec7b
c6280825
4775e5f9
c645b1e0
c73bdc15
c7ae6c90
c7553b3a
c78e0b62
46bd23b0
46fb865e
c6d71013
c6ceb96c
46e63258
c7897e45
c712696b
c61056c0
46c88948
c6523c0e
4710570f
47089f1d
c7068ec1
c651e4da
c5bf9c18
c68cee71
461c120e
4734f2b3
c5f1fcf8
c70093fa
46a20063
c7a49fad
c5946e8a
478e6328
c725982c
c7012a81
c6a76d54
c6b54b47
4723eb76
c69411c8
472e2838
47445905
466f6778
c70115b2
c7349b1a
4714d912
c7379062
c4ad3d57
c5f52b23
466788bf
47399792
c7a1d523
c60e710d
469253ef
4753106e
473652fa
c6f01a98
45a967cb
c5ac6bb7
c73c9eae
c741e70a
46ab23a0
c724c1a5
464c0228
46fed5f7
46e59088
477b5a2b
c745f5a8
449bbb7b
466f074f
45f444f2
c6d14b03
47334b40
45b43bd9
4731317d
45b8c914
46e30d1c
4713562c
468112e0
46dc7f85
474386a5
4720f9f9
c6fca4fc
c697dd3b
c7113deb
c728c850
46d9de9b
46a74e45
c5ed1156
c7576453
c77d3220
c7033f26
c67f4ef6
477bc199
4dfa981e
468bd290
c6f4bed8
c789c83d
46cf01d1
475008f3
c6ef4a7f
4669fb96
c48f7a34
c705072c
c6a606d3
46975b40
c71a2ce3
46866363
46c1151a
c671f17d
46d8bf96
458e8e5f
46dd646f
461a7abe
472e10ac
c76b6546
c6df6fe8
46bcf0de
c76f4929
46a53e37
47054083
c78a9a8f
c582e5f4
474992ce
c7052b63
4782e628
c70f830a
47543f40
471e95b9
c74973fc
46bcce21
4686db9e
45de41a1
c77932b3
46a031e8
c7024b42
468e9f8a
47591770
4688da8a
c6d04dd1
461cd3e8
469332f2
c70ddb9d
46d14dec
468650ae
44cf00ed
c6bac1a0
c6b9623c
470cf1d2
46622914
c5c7d504
45fcca26
c7024382
c6e4f872
c6ffadad
4611cf06
441937a1
c62f583b
c6365785
4703ab60
c689d231
c6f5f952
c7563c11
c7beb097
45a2f44e
c6f2085a
c6ab76d0
c6eecdea
47682075
46a8a05c
c7135988
479c15d0
c6a68dbb
c78bcaf1
c6c88f1f
474f93ce
457997f6
c6af7077
c6be947e
c7715262
466551c5
c5f54a57
4741ccf3
c66ed07c
46b2e189
46910208
46b2c0d9
c6049a11
460d5ec2
47309e8b
46eca6cf
46804d7e
c582bd29
47c60b89
c761bff2
c74ba357
47ab7664
45c14200
c7b06c74
c754a152
c7419621
46469678
c66bcc9d
c69c14be
46f99df4
c58d1f1c
c65bdcde
c76d7ad8
470a6bf4
46bb7c1c
c71ae797
c75db4db
46116d90
46d141b7
c69f5928
4782ba19
4697f919
c4b88927
47094997
46f3be17
450ca307
46179995
c756f513
4de3d01e
46e36668
45e64ac5
c78927e3
4603a178
c5d008d9
46ff7391
c641f948
c6fa7e6b
c69d9be4
c789a3f2
c59a9140
c73527e8
c722e6a7
472e3f45
c6cbd8be
c7acf352
c73bbb6a
c71b400b
45468ad5
c49ebebc
46b5fd93
c68d7758
c6a2d624
c6b80693
46934d84
4737d2fe
c5e9bc52
c7387987
c6bd5fc8
c52a07d4
c5634ed3
46068145
c6c6d43f
46bb6a00
45b230f6
c789850b
c75b8407
46c7b3c1
c779bf64
c685cdfa
c5b85a56
c5283f7b
c6b8616d
45d2e218
c738538c
c257b1a5
47198c21
45f2a853
c7072edd
470ac46d
469b4ec7
c71fd339
c68a2b3f
c67d7725
471e3822
c58d5709
46031920
c5b284dc
c6750716
c7059dfe
c6bffd4e
469a1074
c64826b9
c6da5860
465e3e33
468a6644
c7537729
46735f27
46656500
c7020d70
45dfec92
47af4686
c6acccb6
466af7cc
c711cbbd
472fa017
c58bc8aa
c7189a88
c72ce548
46705ad1
47358b1e
46210dc3
c6967c4a
c5eee0ae
c708b544
47409737
c58beaea
4686985e
466bcb4e
c64ae307
c6ec2591
c6cfe7d0
c69c965f
c62aef26
472181a6
4531f007
c786362f
46e71dd3
c6908b33
47cc2cfa
460407c6
47054b78
47904053
c732f716
c5f10dc5
47675962
c685b0a2
c6f303ab
46e30c4a
46b19735
46dc4ba8
4721790f
c5b3e22c
46d7930f
46ebd901
4749b1c1
463a9812
c62c1ec3
478d4720
46529957
c77eb04c
4695206e
46e84544
47b4075a
472e907e
4674edeb
479fca92
47517011
4dfa981c
460eb8aa
c5d09f90
4644c469
c7196c49
46d8942d
47328188
47216b13
46efddaa
c75073c0
45a03845
46e3deec
47088522
479454f1
c7a5b683
4662e672
4771216b
45d146fc
477b5cd0
4781a9bc
c6c708fe
c77b1efc
478c83a9
c62f53af
c4ae27b5
479b1cc3
46eb8b4a
c6e2131d
c6a37840
c6908ee1
47b1ddd6
476189ff
46c56477
c70abd7a
462f3c56
c60b32a8
47a25828
46a79fd6
46323800
47636d63
c6b9b306
46e4c592
4508672c
c6e256f2
c7863507
4516a273
473fec22
47842592
c79502b5
c744f4fe
471c9df5
46941944
4341c11c
46c66393
4709c6dc
4792ca90
c59718ae
459ef840
46b75398
46872ec7
c570aa56
c6218288
45de9b76
c72ce311
4741ac9d
c4fa99d6
c542ebd0
4712d9e7
c68c073a
47ad2251
c6e94bbb
470b3fe9
47115383
476f19e4
c6c1f3e8
45bb4a88
449b23db
46094fd3
c68003a5
4725dd92
472347b5
46d48961
46e5b6c3
c6b0ba7e
470cd7c6
c69f9c6a
479608c4
c6e793ed
470a6e3b
461f844c
c70d0d60
c7ab3c4c
c6a60d83
469343ac
46a6bba2
472fa5cf
c70a10b5
c654d04b
46be0046
4514a3a6
c70309ae
4683fe60
46aa7b46
c708aac1
47155a26
c4fe06fa
46eed777
c73498f9
479ff6ba
44432be6
46feae79
c657b52a
46d27eef
c64ed192
46f7c218
c4a21776
4623ce84
467651da
c68b0087
466baf7a
c6d31eb6
c6708547
c70479dc
4771a55f
476c57e0
452d8c3a
c73f8ac2
c6b44f63
479d3f52
4dfa9820
476c07cb
44c450c4
c6541f78
46a37b0f
469c0033
4667833a
470cb44e
c7050ec8
c7235c79
c6c0b5e0
469d581b
c7a5dd55
46a55bdd
453ee7f1
465b9555
45480754
47871d92
c643b75d
46797c2b
478931a6
47366068
47d29588
4746c392
4667f6d4
c406e37e
47e7f1eb
47470d7b
c6a4465f
4739472f
c6dc0d5d
460ad1e9
46200454
46cf4a55
4686f90b
c562c543
4718b865
479bc501
45dea124
c6156fe4
46296470
46b3d6c9
c6d82410
c6754d48
c7212c64
c53478e3
47499092
4608bac0
c7849fa8
c798fc2c
c654178b
4599cba0
c6b016fa
4602eca1
c7344335
45b221b3
c6fc815c
46d86558
473c62b7
475e4a70
c6bdbae2
4600d10b
c743108d
4723ac66
47743f5c
45b25edb
c6b84fc1
46e34d74
47365c64
45a4d69f
45e63ec9
470c8c3c
c6cc833a
47be872e
46a11622
46fef6df
449fb210
c6fd3e4b
472be54f
c6b67382
45a007d6
47314992
c72ef54c
c7517f22
46a45367
465a262e
c710e93a
47dd276d
45313418
47292993
c647c397
47764a6f
4710dc8a
c72b18bf
475e0d7e
c70de18d
c7140934
474a3585
c5fc6ed9
c6a54e25
c6366949
46948e5b
c6d077ba
c63619f1
c653562e
c7399a2c
c683154d
467d4545
46f0e67b
46fa624d
46d954c3
4510e86a
4615119f
c72989d0
c6cff9f4
45451651
c6e4b0ee
465aa496
473c6ac1
c78ca635
46af69bc
c6f48208
c55e7283
c7445b10
46b2ccb1
471835af
c4983520
c6e61db8
c674d5f4
4de3d021
461295ef
46175d2e
462fc989
c78512bb
45c12f17
46a39b58
469264a5
c543c068
c6c414c6
47b716f7
471b2f13
c4eb9e0a
455aac0d
c788c95c
c3cbcfdc
46690a79
47297fe2
c495de31
461b85d3
c64be310
46bb37af
c64a2337
46caa5e6
c50b4a8c
c5ff5b16
c5c480ce
47821771
c6a5a15a
4688901d
c6c3771b
46cbed07
46641e6d
c6068ff9
c70e709c
c5a2ccf1
c704f460
c7842525
469fbc1b
c6b477d2
c7a4b5e9
c73812d7
c6e4ca83
c6cdb23a
46fa9b30
c58374d9
46b931ed
c646fbe1
463733a9
c5c953d7
46e253d9
4690af59
c70f6dee
4788432b
45cba027
c7c0221d
460ccfd6
c766baeb
47329099
c70b9ee5
c7289161
46cfb67f
45802976
c5a7cb0d
4710f572
c6b40866
46b9684e
47c20a6b
46275e4e
c737ce74
476f33bf
c72c8bdd
45532cea
c60facb7
c753336e
c6d9bf90
c6425109
45b1112f
c7d7297d
461292a9
46fbd73b
c7690dfa
c610131d
c6ab6dda
45fc7b56
478e1719
4648432e
46e309ed
46978024
c5c7b3e5
4681a0eb
47c427e5
c60c7374
46656541
47442585
c76dc8a1
46bd1db5
46b610cc
47104853
c6ff68bd
c6f726a8
c6b02008
c635c6db
47343ec7
c71e4a53
46865a3d
4527a180
c7a449b7
458db818
4633aa10
457bf8fb
47146d0e
c558daee
4654187e
c6df3678
44c995f7
c690d7f4
4708bf3a
44c7c66c
445954ad
c5001309
c6e2b7f1
c72176ce
47596734
4655ba81
c6bbad72
c422c1a0
45b0fa92
44968def
4dfa9820
c54f7a65
c5fab55d
c7139ee8
c60b7239
4775df22
c486888a
470f43c7
c563410a
c42fd271
c720861b
4553734d
c705d394
472e0911
47aaf5c4
c76132b0
c72e2803
c712ff4f
c6330242
476712df
4685a80b
46efa902
c4ce0baf
46ed29e7
c5b300eb
4674a4f0
c762a7c2
4730cb4d
4670af02
c68edd82
4596024d
447d9a0a
c682ce64
c6d14132
44eb15cb
457f56b7
c6882ccc
c72fd906
c770ff2a
475d3b10
c740ae6e
459e6807
46242b4f
4704b58b
46c97d0d
c6acbe79
476ba332
c75d9841
c681ce05
4720bb43
c73eb513
c68c512b
c7c8eef0
c69dc8f5
c5a2ada9
c68491f6
45abae65
4606ae68
c7601011
c7a3a94b
c688b086
c707fad0
45ac9a96
c63f62ca
c75fe290
c77dd3c5
4685664e
c79f3cda
4780d673
453aa672
c7186d3b
4712dc0c
c75a4ab3
462bd64f
c7201613
c51371d6
c714cf03
4743079e
c640520c
c59c5f2a
461354ca
c6464a3c
c70810a3
46a78d8b
c6a829a8
4553a730
4736fccf
c74ca37b
c78dd2c5
477451bc
c7168335
46e230f1
c6d79c27
c64d6799
c6861704
c79204b0
45eb61b3
474b1874
452c3a94
c7b98334
c6b4a856
c745ff80
454cd534
c65ee33c
460a8b95
c705a70e
c2ee65c6
47132708
46604190
46aa525c
c70c5540
c6b3122a
46dfac70
4796f1e4
45f14866
c7450993
c715e829
46f9a3ec
c7883d80
c6cff258
c53ace13
c5b3b9e5
c740631c
c78dbe7a
4735fe23
4738d264
c6dfadef
47637d8f
47468085
4dfa981c
47123bec
4629ac21
47a0dcc2
450832d5
4643d29e
c71e21ab
c7be7d0b
c6f32398
c6d397b0
46ee45ea
c60dc0c5
c6e75f2e
472fb0be
474a4eb7
471985f6
45e3f7cd
c6ca205e
c6f5f1c6
461ec953
c53f82d8
c5a5d4ca
46d2b38a
c6d2fac0
c46485a4
c71a3043
47155528
451811d7
c57aef58
c7c24c4a
46062c78
c5e5742f
4601cf7c
471be443
c6aeef74
c790754f
c748315d
c6b66706
c787d7dd
c64809cb
46e6bee9
c713c152
c719a9a5
c782ea97
c68d5ef9
c75bb5ad
c65511a7
45d7fd81
c726c9f5
c6aa2607
46a5680f
c5b45fed
46c9abbb
46d50b3b
c716d617
46be679c
47abe1c9
c6fb191a
c63e9aef
c55c79c6
c721e6d7
c6805eaa
4731ef18
4703a8a5
46b4d0d3
c6f5074b
46f7744b
47dee680
471b77f3
c6f6e41f
c779e7d9
47110784
4720b908
c6e41a89
c682fb50
c5e93cd1
c67ac51d
45452d5d
4643da5c
c6ba833e
c6ac5dfa
44960656
c6a7af69
4682703d
47ca1aea
c5fbd769
47188cfd
c7818691
c6c4f172
c6598f0c
470bac5e
46261823
c78a13f4
460365a5
4529ff90
46ef1196
c6a8c46b
c7284f3a
c6b55325
473e85c3
47ab9f11
46a8a6b0
c64188cc
46a6ca5c
c75573ac
c53ceca7
47411d65
45de1c18
475f834e
46603d08
c649d8c2
46f6ca94
c703c387
46b63252
c621f24a
c6cf9bfd
46b9d1d9
470ba2ef
46d0e36c
c5f5ce40
47883b25
c59811df
c709260b
45b11639
c7affedf
c60d890a
468caffc
c6ff3064
c650e888
4de3d01d
47111d5b
462e18bd
46836bd4
46ff9b31
46855082
c7a7c2f6
478a62f9
472cc030
c650dcca
47954fac
4411c6cc
46e770d6
46fcc146
c6f8a209
470ee0d5
c686298c
c77d106f
c621852d
4167fdf0
47a5af62
46b98651
c4b9d986
47a22fae
c6e403f8
c71750dc
471ba30e
472b36a7
46a3f939
c6e71cbf
4739ba8b
47646d0f
47771f25
c541caa1
47094bd5
c70f180a
c7290e70
467bf88c
47371469
c79c94a5
c616f455
44e193d3
473021ac
4718c6b9
c63601e7
4626e27e
c6859a91
47048560
4757091f
c674ccfd
469d5b05
460e10c8
c71a66a1
c7574299
c69922df
47a04b5c
c70b4b97
c68e436d
46cf6217
c639edbd
476fa87c
471ffd9b
c7837291
46ba2c56
c7388fa1
4650ed79
47340435
c6c93f6e
44fab017
c6bd471b
471ec46d
47591e60
c75da551
47105f63
4594f5c4
c756fb14
45de4740
44426e13
c6c9a9fd
c52ccfab
c756478e
4764fd23
47420be7
47866340
c79f8e61
46e28861
c5fa7442
478f6dc3
4785de74
46b351ef
c5d7fede
454fbb9a
4670f7b1
c6ff945e
4643a108
46297931
c6cbcd96
c6459d00
c75018f6
45ef655e
c7578d8b
c602299d
47231570
c5abfb66
47bef193
479c91c7
c70823f4
c559cc92
c67919a8
4648b7ec
c5658c48
c7514622
47618901
46e6a681
46e1203b
45389717
c73be3e6
4658a3cb
c7679826
4736f1f6
4740a986
44ad39c3
c741e98d
c5362549
c5b62760
46e1fdf3
c52bbd27
c6987196
4556bd8b
4dfa981d
4441f000
46854a67
46de8415
4692cdc1
c68132de
4759e625
c68231b6
45b8dda5
c74c8b94
46cc8238
4674e08a
c7923d27
4755aa4a
c5340324
c709d848
c6d75b79
c74f46f1
c6df5868
469f5a00
c530e512
c56c0aad
47c2ea37
46cbef22
c6ab5f2a
4525fbfc
c6b6e320
47a28bcb
c6afecb6
467e2ec3
c4d38c3b
474b0a0a
c6cb94c3
478e94f8
46ff467d
c60a15c4
469c3f80
4752f80b
c5ba84aa
c62e617c
46b2f30c
4596947b
c72e7fff
4792c278
472a2505
468f5f31
47340c96
46e92d2a
47dbb1cd
c67b1c33
c6ce3664
45954a09
47757f3d
47317f26
c3426f8d
c6d204ad
c693398d
c50b480a
473aa813
c63795a2
46f3d882
474de3d0
c715f06c
4599eb45
45177450
46e466a1
46ca8fba
465b1c20
462a4d4e
c713fc0b
c6882d9d
c63ac86f
c7493d9f
c6660d77
c61a4fc6
468b456b
468c8a01
45737f4f
45a80c06
c712bf7a
c67215f6
4661e084
c7409f1c
c6e4d9b6
c6b98d24
c70b04aa
c67647cf
471210e3
4783b5be
46cedbc1
47078b54
47593b1e
c6d189dc
c5a96fce
460d1b55
c73ec60d
46bb9c1e
c6b94221
c6e30678
c5f90f49
c7238a87
47b77a62
473b83ac
c70af0df
c5942590
476c3dc9
4766a0ae
474e5a93
c5efeaf1
45c24ed9
c68ba857
472f0996
c7b74ba7
4599ca1d
47313fe0
46dd4daa
c746d22a
46adf752
47221847
45e158da
c7918882
c6dae0d6
461461cf
47050308
c748aa1e
c6f280e6
c6c1cfff
c6b3fe10
4725a695
4dfa981e
468f3b84
478762ba
46ec8da0
4653e0cb
c5a58697
476be1b6
4746e647
c6d14591
4686c649
478684ea
475a426c
4652546e
c4bd05b6
470755d2
4719d3bc
44b452d8
463d7537
479db445
c66b48b0
c67b2f23
c617c235
c708d821
46470b7f
c5d0cc97
47401383
c639a6c3
46f0ce2b
4710fe84
474e6358
c722dd3b
c6cd1ff7
c5f92d83
469b7009
4622d9eb
c6ee4f5d
c710e9d5
474984e1
471935d6
44a9110a
477140d6
471552b3
4629f39d
4477f1f6
47579a52
452dc0c3
463fe779
472e3899
4786dd40
46202966
47af1450
47400821
45e37a47
474aaa2c
46a445e8
c6842cc4
c67087d2
c6bcfd6d
46de7b19
c6e51e2a
45a46572
c6cef398
46270d84
46ead83e
4532f2c7
4686782c
c662316a
c7118a80
c71ec825
452052c1
470ec36a
464eaa56
c6105391
46f7218a
c68a9578
c66ca42e
468dbc12
46cb6f0c
452433f9
4720cb0a
47870c25
c652d565
c737b667
4675f890
4653b9d4
472154a7
47887a95
c7942e26
c45ca4b7
c79d3db1
4708a1b6
465effe6
c66e5e8e
c66e8e9b
46cd6fdc
4783623f
c6e8ff3e
c67cda53
467b2574
c6bf464f
c7b95620
45807614
470b17e2
471906b9
4696d7c5
c488d3b5
46cadf89
470f709c
c634a9e5
c708fbba
45c19acd
46a0cb52
473b1e12
472a792d
c75eee45
4633a8cb
42bab202
c687e495
46f9c0d4
c75e14cd
c62bf3cd
c682ed1c
c48a20cf
47aea59e
c681fbe0
4723b044
c5c1ee13
c74a8bc2
47032dee
4de3d01d
c73b2894
47366aa8
c7473f80
4481a988
472186b6
4578987c
c7382dd2
479504fa
46e864a1
46cb42dd
467969c6
46799457
c771f014
c6a1d76c
46c520d6
c6bd206b
478a7977
c7967e6e
c6ca9c45
479037e7
46f71e02
4792b2e5
47430f31
c5ae78c8
47459160
c6207803
47892e4d
c6ea465c
c6d54716
4671c5b6
46469f48
4414ad8a
46a16daa
c651b728
4708211a
45f64fe1
c597bf67
c64a6dcf
c54e7c97
463172bc
c6ab2f1d
45c1afc7
471fce13
c785c902
c5bcabaa
c712c7af
c61f2283
454e5d00
468e26a8
c6041c19
459f56c8
470cb457
c69f5382
c7a0f996
45c66efd
473bab87
c443bfa7
46236feb
46a5dfd3
c6edf427
c7000c31
44da3a6e
c5404259
45a1b3e8
c682c9c0
c6be203c
c68a0793
c5da1000
4658cb0c
46aa954c
c6548f2a
c6059e04
c6f4f6e0
47b2ca3a
c64473f2
c619228a
46b6655c
c7831ee2
c64afe15
c72d8499
c72b2c23
c6d4dea2
c6d5dee9
4788f1e8
c5fdc5c4
46adc218
47b475e0
c5fdd1f5
c71055c1
474946d9
c61ffc70
c501c70c
463da825
46caa8c2
c682cbdf
c753ce7b
469af1b9
c664e578
44faa6c9
c77abfb0
c7592ba6
c4d6dc34
c5de51c9
c70197de
467dafef
c76cad94
45d54a6a
4680279e
c5038ce8
c6cf8ed9
c6867cc3
c6701f8f
4797e565
469f5f2e
c6400459
4440fae6
c7cd1e11
c7477253
471b4448
46e8b978
468369ed
46afd3ad
c5520190
c74c1501
47a5dd48
c59c9812
46912aa7
c5ea2375
4dfa9825
c73ee46c
c68f6243
c6852d02
474e13ab
46a5c64d
47507ae4
45dcc0ae
c5da36a2
4569a6ea
479e0c7d
46e6d0ea
4579dc94
c6706165
c7502c7c
c5849186
c7156c6b
c569bf8a
462d6908
c79bea49
474e43b3
46e55d3e
c68d1b3f
469e3a04
46d27cad
c7538650
c6e1ce34
c55da269
44862252
c72617d1
c7887af7
c68b94f9
47028512
47adf804
c69a48f0
47da8470
45a20c15
471d5e0a
c4d73a06
c6a32c43
c698e80c
47b187a3
c7a19d36
c78416fe
4657da91
465150c5
473ff61a
4770212d
c673667c
45483c57
471ffd4e
c6dc6fb2
c6b2e32a
c7a88576
c7876fd3
c732299e
c761bd64
4669cd26
c791528f
c680e7eb
c4ea752f
c245f827
46351cab
c6210e82
c6bce844
461fc3ca
4718d7ca
4752c4fa
c6d8883e
47095d14
45017aff
45d62b8a
46fe645e
46a5848d
472885ea
c644e51c
c694d1b7
471cfda7
420ee3e4
47905e9f
c647af43
c6b1242f
47428856
c663ed55
c698a1d5
47330b51
c7ab68ea
c6339fd2
c5542b8d
471a737d
46706885
467af172
45968de1
46902d5c
47001488
c63805d0
46ef3b08
47789e98
c69d9a60
4650178f
c6afa91f
c71868b9
47a58378
c6038cff
c6c1cee8
47231977
c5abd3e1
c702293d
c5a6a7ba
c7229fa2
458fd75c
c69258cd
c717d405
c70f2726
c6ea144b
470d214e
c7741388
471451f4
470f2c06
45096089
473c68d0
4648bf43
c7728f1e
c6056011
4725f174
c5d32099
46379fa5
471df274
c6c93334
4dfa981f
4648f194
46567300
c78abc12
45dbe775
4616b071
c5efb71f
c5b7ab4f
c6756a00
45f2e5df
4667bedc
c6a913b0
474c2abb
c763493b
45a79d93
c6902e0f
473b98a6
c6b1ca5c
c76f7364
477f3a04
46891504
4620d7e8
c7079480
c65517c8
46b474a6
c6ca1d45
c7cf7208
47286833
46f528d2
c5fce3e3
46f57963
c649bb8e
c60713f6
475a6284
c80a3b95
c702f0b9
4705acae
c69a7df6
c7213da9
c7717017
c75789b9
471348c4
c77d11a7
45637950
c701f6f7
46a2237c
c5ab6670
c7559856
c6739423
470edac1
c6093109
46bf0374
47826bd6
464c15f5
476588c1
c78d1114
478ce6d3
c75399ad
c66cf805
c7258a03
c68c413d
45e903a1
c704c9db
464b7a48
c6647e25
c6c39e5d
c7187027
47192ed5
c54c7957
458adb59
c3325493
4721dadb
46f1a86f
44a02ab1
4736256b
c61155b1
c6b913ee
4637a1b8
4684ceda
46b5d0d9
470268cc
c58d2919
c68bbf76
c66c3bf3
45acc274
c7c828c5
c775731c
4457880a
4771d811
47041f64
c5cb9ee3
477f1944
46991cd7
c7fb50c3
c6fceef2
472c4f6c
46e59dd2
45e616e2
447536e4
c70bf938
c76c3c17
46e6671b
c703514f
c71b0d54
c6d117af
c6ac29ca
475e2e01
c694f28e
c6088268
461eba7f
46f17c98
c607af1c
4747a7df
c74f7977
475ea991
c47c413c
c76470c0
45d1d5ea
c5c65361
c68a9404
c730f2f2
c747faa8
45ac1d66
46fe2951
c644a621
46f88313
46a38621
c5c4f053
c6a09e68
4de3d01d
4591c377
c702865f
c61c4022
4714f9a7
c53d1b7f
c7022820
c61a6ff4
c7a2fa7d
46b5c02b
46afd2a2
c72d011b
462310a6
45d6b6c1
c7884a2f
c648863d
45919700
c782c41e
47128a3e
46bd8996
469123ac
c6a5abf7
c7867874
46723a04
c717ede7
474d89cf
4711fda4
4680b298
46805f82
c70dd0a7
472e1af8
c5c973c8
4688395d
4741a9b9
c6700fbf
c745fa6b
c674200c
458f73b7
46992cf5
c6c707d5
c7392e08
467fc200
c7417133
c6da0165
4692f574
45fa9dc1
c66b49e5
c7365a5a
c79b8391
4786d18a
c71fe14e
c5ffac0e
4636d515
470500d0
46e931f5
471f26ae
c7177052
4699b627
c7788c05
c70feb95
c72b2cfb
47921d05
4791e7ee
c729fe57
c6adae96
c6970e9a
476f1fed
4685dce3
c65d572e
476a95ca
c562d345
c5d766d6
44ffb2ca
46ef6a25
46293b96
470187e8
c5848bd1
c6ba1186
c50741be
479d2f27
c699ea65
c41819c0
47173ef5
c66ccdcc
c66b63a1
c738c9eb
c68bdc04
4779196d
c70bb897
4764994d
4750a753
46fc1d67
45266fb2
4740f7de
c6e5d719
c7661c03
47709524
472786e7
c614648d
478802ae
474e01ef
c7665715
c660d2cf
45287448
c7364c84
45b2afb4
46f8ef01
45a2c1f2
c71e425e
c482cdb2
464423ec
46a65c60
4708fb58
c69d24a2
c709a6fe
4732bc5b
46aca04e
4763330f
4648651c
c625e20b
c6c33ed6
c6f545c8
468f39b9
475fd72f
c68c8afd
c5cc11d4
463c16df
c5a6278c
45980bc5
4dfa9821
c67aad33
46f198dd
47a31d5d
c6129ad0
46db8f3d
c70af0e6
c7658bcb
46dbb1de
c71064b3
47336f38
46de23b9
c72f536f
462a4181
459f4162
c68798e9
468d151f
c64dfe50
c7589c86
47a26626
c6a70064
c71b2585
46c95189
46892d12
45f485a0
c4029608
44b1e1df
47198bc9
478ea482
428244aa
c6f6a24d
c529cc20
470cc4dd
479d948a
c7111125
47464935
47355a1a
c6cdb05f
46a8ce97
468983b9
c7472057
467dc01d
c692e62b
461d389b
47046384
4775f8b6
478c96d5
c684f43c
c68b2645
46dd0f35
c792704a
476abb35
46c43de3
46c61407
47872a41
46e1ebc4
474ea6f3
c693d0d3
c78528cb
473a0f32
45564c9d
c7710a64
c74f260e
462e8ffa
46ff3519
44474fb7
46aec5dc
44eb9ba4
468f61f0
46e1bd37
47a3a966
463aa44c
463992df
c5bb53ac
c6e800d8
4742a8fa
c6ca6dc3
4554fca4
c665d984
470ccc8a
458df753
c6207129
476bae56
c7a642a7
475b9e27
c5f8e1d2
47478c1f
46fb132e
460486a6
c654d02c
c6f044f8
45dc056e
c71837eb
4673d696
470bfd3e
c6eb9465
472b48d3
479a94cf
c5fff47d
c6af9e53
45845e3d
c72c3e33
46f4278e
458a46c9
47468635
c5b5894e
c6bae786
47a18d34
c725df9b
c6ce5e8e
46f7db53
c4ee636c
4694aeeb
469cf158
46ad2498
c66f821b
c5f6dc77
46d5fbac
472eeb4a
459f54a0
c72f3ad8
46767666
465ab0d3
456e3251
467ab2e5
c7480f3c
468f08c7
c532ec86
4678c60a
4dfa981d
472feb66
c723f2dc
468ba22e
c660deb3
47340191
456fc945
c5c86902
463f9687
c685302f
c74ce545
c6875a96
465684c8
47148005
c575299d
c642b46b
46f7915d
c6d648fc
c60ac3fb
c6f92914
c6923152
c5a688fc
c7960d3d
c6a77507
45fc6c97
c70ea11a
474dc6f8
476138e6
476967ca
4743a04b
479b40d2
4619f7db
465aec35
46e3dbe6
c730647f
471980c2
45320b5b
465618a8
c71fd4cb
465d5d28
c5d7c122
46f69ef0
46f8c608
c70684b0
c610c232
45a92a2b
c5ec7311
c71f8a75
c586a45a
4799fdb7
c715c847
474c160a
c6b03b9d
46dd7425
c6e84563
c744b959
46050986
460868ef
c5de7b59
c65b2caf
46cac4e5
453a1ee7
475fa43d
c5de281c
c785fdd8
c75c2b03
c62c32d0
c58e9faf
462bfda7
47638fd4
c60360b2
c73961eb
c7126aac
45e273ca
c6b98676
c6f9953b
c578b0bd
4645e2d7
c7275cc3
c6c031da
47628a4c
45831854
46a7969f
47811e71
46b51db0
c605bcda
c6895621
466bcf2b
c708c947
c5f05250
c6981dd1
4786d804
4609bd4c
c6a9f16f
46121fc9
c72543d9
c73c0c0e
c48398e1
46ca6e46
c3ffa594
c74abea2
45b4eb66
c7086aa1
c71293a8
4797cc36
46be3cd6
c7417175
46d13212
c6cca8c8
c66d000a
43ae826b
c4917569
466b40f3
c7373842
46856526
47150bb2
479b9621
46b39a05
463014b8
470f10b6
c5952bec
46a1f16c
c73a9e7d
4749ffd2
c7137737
473934c9
c7422945
4646a703
4759b3e9
4de3d024
469fb31e
47476d5a
c639d6c6
c6ab2a11
c699a506
c6c5bbaa
4713bfd9
c7a3bc7c
46a5a2c3
4684baee
43e34a93
c74f17d4
c57de898
c6db6976
474f1634
44c6e842
4628c7a3
c782a5d2
c6e1b5ec
474200a0
47843f66
4786080f
4715d7c9
46fde1aa
c508dc6e
c6cf320b
c5dfbbe8
473eee25
c625fa80
c76dbbf0
468af720
470d27e3
477a7f03
478e6402
c645a4cc
c7d62767
c5b41e7c
47084432
46f11229
4511b5c9
4765ea1a
45934d7b
46cf0dba
4742f868
462fa7e5
47a03eae
c6db0c3b
c78e944f
c588d674
c72a90b1
c7481dcc
c69472d5
c702d0e5
c5fdccd6
c6860f96
46caf30c
c65f3cd7
4784b5bd
c6166305
469071c0
c67b5070
c67baa81
467c268b
45e1eaac
c6a1887d
c64b493d
45489cf4
4716be20
c6b597a2
c752eeef
c77efa98
c7a05089
45c5d435
478414c6
476e9a53
c630068d
4603c0c6
470bba80
477a406e
47859cc4
c5194c87
c73a0d38
c7539dbf
c62f63d4
c5342644
c7b6b958
45051c30
c5a92c10
477128fb
c6559c42
46a71e26
46b2d51c
c74d9d54
45f24f1c
4682f564
46a698ab
46b3a3e0
c572312e
45acbfc3
44521727
45819be5
46854fb9
47432b09
47540e6f
45c75b7d
c74628ba
46fcdbff
c70d4fb4
c770ed80
c6a5d84d
47ca35bb
466d4320
46ed3931
47130acb
46db0808
c752350d
c590b08a
c6774860
470496bd
46558edd
4608ce53
4669af02
c601e902
46467234
46bd55dd
454d0513
c6851ec2
c7922ec5
4dfa981e
c785a3b8
c743020c
c6556933
47128e61
c701741b
45811bb9
c6dd40d6
c69f6200
478f139a
c702f65b
c72eb1ba
4752a2e2
c444e69e
46d6f277
46fa9cee
c6f66310
46a443b2
4689e552
c5d9cf55
c61f86c4
46d6d55e
c797e4fd
4601b83b
c6f5b0d3
c719664e
46cac51d
c6e8dd69
472f781c
c71accb6
c6c6d2b1
c70e4f42
46b0e3c3
c6809ae9
4534253a
c728eda7
c74d82f6
c727503e
c69e4f2f
47256e52
4796b045
c742d8a4
c7a2b6e5
c39b5680
c6927a94
c65425ae
c491bc91
c7b14bc2
c6ea57e0
45865890
c6a23bdb
475a61a5
c3f880a4
463cd12f
4700c8a1
c63ad9de
4761967b
c70b5ecd
46deb2b3
45a05705
c70be035
c6b3ad7d
45ff349d
c60d99cc
463e06b1
44ff3821
46fc9203
c3b235d1
466b4c7e
45c4e3b5
471da7ea
c6948147
46814cf3
c58056ca
46b23a20
c6b0ea35
c66f44f0
474fd284
46c91992
45b5ae16
46acb928
c6bbb669
4517b441
45fd899f
c67820fd
c6318c5a
c52733e8
c706bf3a
4733317e
46827b52
451adb8a
c545e6b9
c728378d
46e908f9
c750f638
c6b9277b
472a014a
c57ad3c7
c510be68
c6fbc6cd
4615cc98
c7372587
46ae5ade
c78e7a41
4605fc92
c70f9861
4793ba1e
c6a41338
42913cd0
476870b3
c6cf466c
46e28a0f
c72f2d85
462d70c3
c7458e58
c78550d2
c74757e8
468f4e94
c741d498
c6b541e4
c643c406
453d71df
c6f4d0ce
4666a25e
c6e6219d
4716d955
c68511cd
4701b570
c73f1344
4dfa9820
c5a5c3f7
4733f0b1
c718c976
c72af014
c767fbf4
c7367252
c7605b1b
469bef8c
45a84c9f
46c4d404
c6097f8a
46411cbd
c6442e6b
46e68fb0
47718382
47455bbf
c706acc2
c6e22d92
475a86d1
4666995c
c6a7db38
c7890bb8
47b547de
431f42d8
46dd0dd8
464c4fc8
46c47290
46963fc7
c619a842
c5a4bfa0
4650b742
c6c7156e
c745d409
c7801f91
c73f9c14
c6cba8e5
c6d8786d
475dbc37
c60ea05a
c677754b
c697cc65
46800e9a
c73f7885
c6913a86
45a01f64
c5c5d685
c58c4354
c68c693b
46ed5b25
c6bd132d
c5c06a88
46e88f3e
c5f40c08
c4076d63
4651ef45
c72db3b7
c70c87a1
c532e880
45bdf5af
468b2218
45eed31f
45d721da
c73d8211
c730dd5c
46c3299b
460fd06a
c7c861df
c59ffe8a
463ac823
471824c2
44e80835
472e795e
c69afcaf
46d1925d
46057353
c630886a
c7c7cd7b
46912782
c69fa1ae
c61eebde
c631407b
c74ea04c
4706708a
44f43eb9
46bee87d
c702876e
462041d2
c6356b1d
c681900c
46784231
46bf1810
45bdb97a
c67f1f15
c592b97f
4799ecf5
472d7afe
c7e95d8f
c6008122
464f291f
c69c2396
46fc27e3
c73647ff
c7162287
46b550d4
c655cfa4
c6bf8255
c640c9ee
46d37ecf
47094092
47034bb8
4417e59e
c701f44a
c7529c94
4439bfe1
c757ca86
c505f431
c6a00e66
47d0215e
c5973737
c714cf12
c7163cd5
c6b0ecf2
470eb910
c5286845
46ca0c8a
460edea9
c53ca53b
c6d9cdec
4de3d01e
470b28f0
c6b3f10b
4731f0b3
44a9c259
46ec8903
4646bcd0
c6070e41
c6c7bf9f
c6a56f8f
46efb7b3
47173169
47301f10
468b849f
47051cc2
470feb0c
45a340cc
c6ccc166
c6057241
47804d6e
4668f24f
c70d27cf
c6624d03
46a043b9
c5f25146
44ac241f
4648e168
428f8efe
c6fbf7fc
c7038965
c663f923
476a7193
479a0bc4
46090876
c5542148
479d816e
46bb30af
45badc4e
c78006da
c6447251
c777c2d5
4599b1c3
c7a0e3a3
c65d2fdb
46c64bf3
474947a1
45aba3e9
c585c2b6
c6b4e4bc
45fb7fec
46688c0f
c71f3edd
c73de484
4719e806
4765b638
461f2c41
c75619bc
477d7980
c5a96651
47f3e3e4
c7194830
4605fe82
c7253ac1
45e74436
c60725f3
47a00d3f
458c68de
c77962eb
46b79089
c742d3f6
c69bfbaf
46881efa
c63e9be3
46eefa29
c628241d
46a6075c
46e5f81a
471b58da
46245f61
47834cb1
46f0c913
4777eda0
c5ee4145
4764c607
c654f186
46b4e0f4
c7797f9f
c6844549
c60b9e41
468d9668
c680992b
476abe33
c719d57c
47599b44
4795e133
c6c30119
4439539d
46a19a1b
4779b77e
c76ab974
472a8203
c6a4da3e
c6977881
4408d58e
c7165c80
4712adf8
45c5e27b
459d6d49
44200410
4444ff78
c7831b20
45606f2b
c5a3aa26
472c9b11
c66ca0e5
c676501c
470f043d
46b581a4
c62bb6af
474d99f2
4680275b
46c7f501
c681296f
c75c373f
47727aaa
c622a525
4737b144
45c8f4af
c6d95452
4dfa981e
461b5b12
c7478c1a
46d12188
c49bdf95
46815fac
c60200b1
47540422
c479638f
47717758
c73ff6a2
45e2478f
4696810a
46a9c96d
c6c567ed
45143b2f
45c3d461
4637561d
c6d62a80
44f156df
478baacb
c69ddd2b
476cd8df
c6df2070
c6d80f30
c481a380
c6f5571a
c69dd4a1
4629c37a
4766ce35
47940742
46a04d4a
460144eb
c769a7df
c60e2420
4745c548
c6f4014f
47714f59
4488981e
c6ba18f3
c5cf5133
c6dc0885
c6a255b3
c6a74d20
4543836c
c599b444
4747ff85
46f2d361
c6a8ef7f
c603599d
44b54b74
c6b4ef4b
46d56fed
45365761
4784e13a
461b5a7d
47176313
470da9ce
46edec19
c71beadb
4742ccae
c78362c4
46871858
47b26d33
46ff33c2
466e4709
c6acc011
c6912412
c4afa46c
4731a6e0
c696fb8f
47768ba4
c711f438
44df32b5
46961ecb
c6a7e30d
46e021a4
c5db8895
4721a950
c78492db
c6bf3fe3
c65ab6f3
c4da5813
c761979e
47044adf
462df299
c538966e
4763780a
46bebb4b
46504b4a
470fc767
c5b2cf08
c6b13997
47499824
c5dc5921
46c0efa6
c5d1c8f6
c70361fc
477419dd
478e3420
47183d01
47296d70
46d4acab
47458b62
47314418
46bad2b4
c668c55a
4744b82c
c6906e68
4614075c
c5c276d3
c70f20e9
4703b8be
c6e7ce06
c608f447
c694f17f
465b3612
c699d51f
475824f7
c6f8a524
c794ba33
4626b903
c70d698a
468af2d3
c6783476
c6849747
471320cf
475e07dd
4763e264
4dfa981b
c68a6fd9
47097cea
c1e9e1dc
c562fe77
4787543a
45dfa685
c738acd7
4608337a
47b779c2
45a0ac1f
468a27ee
c5cc098f
42f387dc
46e8179f
47045c4b
c78e2920
46b50f16
c65e9cb7
4729d2af
c72f9011
472b1351
c6834ac6
46616afb
c5817184
c5aa3fe1
c7af204b
45ef3712
47177d8e
471e0ba0
c69a6d1e
452aa0b6
c72e62b4
470e9e70
c43d6422
469526b3
468090ba
c725736b
c6aacb24
c74520aa
4764518b
47129072
4637a3e1
c6077332
447df7bb
c547256c
47064c0f
46a6ed1e
467e909c
46647200
c5f1055e
473d208f
45d89415
476f28d9
c5211469
c6615a42
46b27c1f
c71df2a2
c59d6ea2
c6e8e7df
46daeb50
c5bc4352
46f93e3e
4758ac7f
471e08d0
c749a65b
46143a58
c67964ac
4531485f
c4ea7f30
46f742e6
c613f5f4
46f96bc7
4749b49c
46f298dd
470790df
475b90c8
c588e3c6
c73e2dc7
c6dc4e0c
457fc581
4701d98f
47660080
c71d1ad0
c6a065eb
c73fec79
4652c01c
469bae8b
44d2b2e1
c783a279
c70b9ce6
45814cdb
46ca295c
46da4a73
c611d402
46b65ff1
4772f243
c6c1a843
47340047
454d432c
c7396bfb
4716f3d5
c691a56f
c68c1345
c6cea3bf
c632bfe1
465753fe
469ec310
c534a5ca
4614bdf7
4646563a
4698e20b
c6c43eef
46938c0b
c5567533
c72edeb1
c6b48588
c6b4fa87
46ab4261
c74a3805
46a54716
c6d46ae7
468a5b36
c6feb660
c733d281
c549440a
c75469b3
476b5e9e
c6815484
4de3d021
476a0475
46d4daf2
c6dd5116
c6ae7fd3
4757600b
c6cad1f6
47184288
44d5189a
c768d76f
4695fed1
467aa644
c78efe3f
46fda6a9
c726b22c
46ee4547
4792feb4
c56daafb
c6f95faf
467ac44e
460716da
478d554e
47005de1
4643e35a
c73f8e6c
4747e33d
c6be6605
c52d98aa
47529e4f
47a4776a
c6b003b6
c63903f9
c694a30e
47648034
c7ba1e9c
47329a28
c61cebbf
46809f6d
c62830b7
4743e30d
c665adcb
c6f2eafc
c7952e73
c69b886d
455af07e
c6f6ffd7
4582e834
c6be193f
c52b0f20
44bd1f15
c7acbf76
c69da4e7
47351ea6
c6b7417c
c7681349
c498aa69
4572b81d
47839ea4
47210ec6
c52bde5f
468cf82a
47189591
c72c3566
454eead4
c6986a10
c7dc6c10
c6226702
c71a4144
454234ee
464b3303
470d94b5
c719a12e
c705d1b6
c71b480f
47048d7a
c7136ea6
45ce29aa
46a57b7e
c734b3b1
c7262734
c50bf8a3
c6fefc38
c6f3714c
c760824d
c67bd46f
c6b276d9
c71014cb
c5ea480c
c6aaaf6f
c780a52d
c594640c
4719990f
46e7d29f
c7732ebc
4739fe83
440bc875
c6330290
474b2a32
454575f7
477e93fe
458b72b8
c61ab177
c73b9a5b
456bc767
46620d36
c5c7cba4
46ab4631
47a2550c
478c9049
c74f0e84
467507cb
46a0126a
45c08a48
c68730ea
c71f8536
476e1ee9
4586884a
c624b1a2
c61ea315
c6047910
c6f5ca50
c75da9a0
c744e2e2
c7be96ef
c70d39ff
c5e77e68
c71686e9
c6d5ac57
42fbd517
4dfa9820
c1a0c604
4603b95e
46d086ec
c580c397
c7e8f886
c620eccf
c6b83794
46eeddcc
c5152c0e
4553d1cc
43fd7c8a
46a091c9
c71852f5
44ddc79d
470b16e9
470dbd04
c5879862
c718f24a
c6b2cba8
c6bc0ef1
c781f1cf
c6d675f0
c5775d3f
c780aa3b
c6fb9a13
c778eafe
c7877e83
c66998f3
c76c9f2b
c56e95b6
c69a735e
c6e415d1
46c4e3f4
468ea0ab
46e2bde5
c74efe72
c754fc84
c61e9aab
46f61358
4680c572
453e9f4c
c73d3bf4
c61d77ec
4738d69d
4599f9a5
c64e2794
46c17e16
c6d53b73
c6e64f9d
c67df147
46fb79a0
46d5e924
47485ca1
c7ba428b
476bca03
c77667f4
c7557ad9
c6d4bafd
c58aea79
45b0519e
c72af017
c6a923e5
c75bbedd
c6d8d6ff
c7158964
45af6826
c6664bc2
c790d017
458542e2
c6d9733e
46aeb615
4713d7ae
c60d4948
46de9db6
46fad2f3
c67bd3de
c7070f95
c638dd7b
46970b51
c63600a9
c71627f1
46fa1161
462f2b5a
c7241bd4
c716c6d8
c708e427
c7183f6d
46abc5cf
456c8d0e
c4d40ded
47a6c10f
c4bf7888
c581e40f
c72f3dd4
c29af234
c689ec89
4745e469
c697e8cc
c73795c2
46f7d9cc
471d2359
4640183a
c649a3e7
c53f2a2c
c732c0ad
c6e21421
47984552
46170a1e
c70e3404
468595ef
4493cfcd
c639c63e
c6971e1d
45dcbd87
c61ce0cb
c6b0c071
46cab59c
c4460851
c714c3a1
468f7b73
452228a0
c6b88d77
c7808bff
c60b4601
46264e5a
c6984087
c36d60ce
c71917d9
4dfa9823
471822ec
45b121cc
472c0709
465dca68
451ae354
466873bc
c69d4846
c69d28d6
c63a7bf0
45aa8e06
46a3a4d1
46f14561
44da6bad
c72ab6b6
c72a91e3
c65bcb10
c6dca3cd
c7315444
c6e3c379
475cfb0d
4715c520
47a497ba
c761f289
463ef1b3
46a74729
478fd0e6
4610a0ff
c65763a0
47370f01
44b46423
47293914
469693a6
c7052652
462f0986
470083e6
470616c6
c65789e2
465c2100
c634210d
c73994e6
45a999e4
46276dd6
c6afb1bf
c69905cf
47b5be0e
c4bbe5f6
c4c10411
c6b18f61
c7152009
c6ab6ba7
c5db876e
c62c0d82
477714f4
c64642fa
4656411f
45bb513c
c6182b49
c6ebb5cb
47544fc3
47851a9d
45f6ef28
c735b5ed
c78f49a6
47002f66
46518ac3
477a649b
46d2b9fa
470ba6bd
468eabc5
c60402af
46528eb7
474e7894
470be209
c4e8237f
c6eeac62
45d7683d
46e7f432
47384db8
c59b4c83
441b9ee9
c6563014
479333fd
c776ef0b
474c9e31
c5ab5b8d
c798efbb
c5217164
4706fe3b
c78f0358
46acae11
46929137
4561f09e
c702c185
451623e6
c7437f66
472b53dc
c707d352
c7551ee2
c60e5654
472791be
44fd5246
468a3091
c6a52a31
c721d230
c73b0565
c61e4ee2
471fceff
c413214e
4727d83d
4597df55
c652092f
47303512
c6186d24
46b67a5c
46d3ae27
c73147c9
473868da
c6b75275
459ca5d9
c70d51c4
c72b9c0f
469ec393
c702dc6a
c6c74cfb
46a47bc6
c786a0dc
c753e186
c60c84c3
4de3d019
c65f186c
c4ec8e12
469619fd
c75cf531
c6c95848
461c069e
c69502ae
c6e5c861
46c698d5
c4afb042
c7147999
c773f6f5
c5f89ed8
c70ecbcc
471a571d
c72bdd7c
45938aa7
46607f6e
47546f88
46926c90
c6f28cf7
c5ff2f5d
46c47c2a
c6e87fff
c630e0fa
46ae9544
c736a4f9
46a7f492
c59574bb
479a1658
47686025
c731c1d1
c5104972
468daf8e
46cd23b7
c674157d
c63c3ffb
476c9ad4
c6677f64
c67a8d6a
46280c47
c71b1fa4
4701f3d8
c76f82ff
c74f788a
c720dd82
45f944b0
4624a3e6
46a420a1
c7aad4e3
47a2481f
46afd73a
474feede
47410b50
c6d0b4a2
c7789f0e
c66351e2
476609c5
472d13c9
c641408f
4686335f
c788d82c
478599b8
473ced52
47554b94
46587547
c5c082ec
45c66be2
c699be12
c7738a3f
c65dc024
4713fae3
475fed18
c5c7f699
c5f785d2
471f754f
c7802983
4694c082
c4fdc308
c7902a2d
46e6cd2c
4789698c
c73f2ce5
472c3c85
c6ab15a4
462c77d4
47909d2c
47009c6d
46412844
c68a1e50
c443422f
473c4416
c73d219e
c5228e3f
44037518
4704dc76
46cf24b6
462729f9
c69abb0c
4785746a
4729bef4
44ee230a
467c0ed1
c77d52eb
46ed4e5a
4767eaeb
476b6a86
4541677c
461dfd08
c68578aa
469ef2b9
47582ffe
4710e5cf
47477f10
46d2d234
459eb424
c69de226
475ba432
46f9993a
45c9bb9d
44266995
c69ff704
45ec8f58
46e7d12c
46e8209d
4533cf06
c74dba81
45b046f9
4dfa9817
c6998297
46cf6f56
463d4248
4748131d
45c1b5b6
c76c7c17
46fa71a2
46c7aee5
46018022
c727756b
476b4049
47e33e12
47794329
c6b1807b
464ed5ce
464ea0c0
46e50afb
479df0fe
471cd55e
47690b8c
c73cf709
c5b42379
46901cf9
46f031e2
c6bacd11
c6fa1924
c65eaa3f
475543de
c550de5c
4769b622
c4ae4b86
459fb903
4529b026
4687076d
c5818d78
47178210
470d060e
47381cdd
4415b717
456758d2
c69b56bb
46c45d29
c5a02286
c65b7e38
474282cf
c7141d9c
c6eec0d8
47787972
46914536
43be608a
c714f651
c4876c95
460213e7
45476bec
465759f4
4673b4c6
475ec7d7
46699d90
472d4267
478cbda5
45a849f5
c6ee1085
c7307d93
c7946a69
c687cbbc
43202f84
c71e08f5
c75a86e5
46e2f120
4780425f
46397947
45bf05b1
c7364783
c6d41c02
46531c0d
c6b421ce
46cc367d
c4aef0ba
44d8a8fd
45a2220f
c68ef27c
c7935f36
c70bb226
46c034ef
47600c7e
46ae1399
c7541aaf
c71e0d8e
c70c3ff1
c6094b9d
c6a1e755
46a7dda8
468ea6eb
c735611b
474d96b0
c6db0c4c
c6e12298
478cc856
46874470
c5cda8c9
c6d1ebbc
46ecfcb1
c700dcc3
475ee2be
c708c096
473f08be
4668135a
c691de68
465cc7fd
46991321
469c5f0c
c2b2afc9
45f6d365
46dea780
c7751e81
c5deb362
47635d22
474388b4
43a1585a
c6e3eb77
c5e26409
458f7ffc
46e176c0
c5fe3dd7
468822e9
c733d1e1
4671cc5b
47adfcc6
4dfa9821
471a9eb7
c6cc1ffc
473279b8
44f825c5
c63f2952
c55de331
c6513e84
46a155ef
4733331d
c6960b68
c6c13ca5
4706927f
c5b26cf8
c6c12d5f
47b51c49
c6c1689b
46b19852
c6f4eb77
47bbad8b
c7417bf7
c71c96fc
472ccbf8
4605b050
c69b3e7f
c7064fe9
c720bf76
46a714a1
c76cc028
467ffac7
46f7ff5f
46e2e6b5
46d9cc8a
c776fc7e
47978f2b
4702d8c3
47615c9a
46842b92
449091fe
46e8bf71
45e8d2a4
47378c59
46c5be8e
462d74de
c6a50022
c601b1ef
46f06082
46259243
476bf052
47393c96
47216d1e
47653604
c7739adb
467461c4
c630b4c2
c7988906
46940531
469fa7f4
c59217c4
c7b5ccc8
c6bada49
464f3e46
472868b1
459304a9
c7659865
471af9a3
c52ab0ad
c6f2caef
46f31b1a
45e13cc4
c720bc71
c6093005
c684a536
47170664
c3efe088
4771bbc8
45a35e53
4798517b
c75dc04c
474572e7
4738b9d8
c7029ad9
c7196a4f
c66d4588
c4269628
46803b51
c70f9a3f
c70dddda
c70d3b6b
c5d15145
c7ae9ac4
c614907e
467b83be
479aa6a1
46a8f775
c6962408
472a9b4a
c6871f95
4789a433
46877d70
4782e22a
c6238cf4
47282e91
c6dbe827
c632e405
47151844
c691e11e
4626fa38
47aff329
c7242155
4711fe09
c775917b
c6da9a84
459de62a
c6b514b7
4798dbfa
4685e706
c5a12b02
c71cc6a7
c6e7810a
c6322e56
c721f1a0
476c27ad
c7258c37
c6d857c7
46112885
46a4cc47
c53ffe1e
46f720fe
4de3d01c
c5e22f94
c6d538d8
c7176f33
4702a381
c752f9bc
c75a23de
46e0861f
46d0b018
c55dfd3a
470eb9b6
c4bc1e6f
c66f48ee
4681efff
44822a9d
47227db2
c6b36bd4
c786c251
c7924e62
c7815e35
4681d955
46bd385d
47a56f3a
479606a1
c704d3eb
c6a0b659
4650ed40
470a8cad
c6e85be5
c583fb3b
46e90380
c75cc3b3
476fe118
c718e8ce
470510f0
46a8f053
46d2d308
c6565820
47ace3d6
467b1fd9
c5beca63
c649e1a5
c729b237
c6d72373
461b5d8d
c4cdbc12
471cccdc
47267d6f
c736382f
4683d6a2
c69345d6
c7456ad1
45f7f740
4544c437
46fd7273
4709ae8e
c6e332ef
44b87742
45fc3bd7
4701bf99
4743ebd7
46b4e758
c5ba37c6
c79e8865
469b8edc
c67d92fb
c6ca5648
c5cec509
c7412285
479a073b
c793dd12
462032c8
c5ae379a
46fdd50f
4761379f
c6d7f139
451e1661
c70cc5fc
c65bc332
46df90af
c73a3aef
c503154b
460e41f8
46cdc574
46ec1ac6
4615e4cd
c6d62293
c643c18c
c7460bbc
449f40a4
c6fdaaae
c7022a10
46a00412
c76e010f
c78328fa
47357869
c6e2350e
c6336576
c5f3afc0
c6fbbc2d
c63fa240
c723f49a
c6884063
42e7e5b0
46b8953c
c6529438
c7346f5d
468e668e
c71fcae3
c749c058
c5668646
c700593c
c69c00a8
45dbac20
478fb044
467203c6
c6ebe64e
4777cca2
46404974
c680b440
c75a734b
c744c89a
4560d981
c7768454
c71e37d6
45d9cd59
c7d99e03
467f9656
478296b0
4dfa981f
4757d7b8
46ca2b01
c7338755
45e54d62
c6c9dccf
47679e2d
47307587
c777735a
471d00da
c7196881
c7ca0c42
c6ac1ff4
4745910c
c5ae18af
c646dfd5
46905188
c51c8777
46b73a95
4531c247
c611d1d8
46f861d6
c68a82f8
c5afdff5
c76e8011
4522e821
c64418da
46b51b3d
c617919e
c6de88ab
c76343f6
47361470
46f37b4a
c5e2f5bf
c6fb4082
4665683e
c6e24da4
c7180883
c6216975
c66a7b2d
c6a444af
c722e838
c749296c
4541082a
c5793094
c6cc450e
457c1591
c6cda361
c692f90c
476b1b2f
46b2e3c9
465c2f62
c6e4679f
c612f60d
47921e27
478438a6
47e124a8
c6c58f4c
c6208797
c632c8a2
4591ac1e
47c5621a
45fe61b0
46ac551d
c653455f
465df041
c7b0d073
47a425d9
467ff3b4
45d57281
4607d79b
463b99de
47915ca8
474a063f
46cd48d9
c7077b40
4782078b
4640477e
4723c0de
46754f22
c70ecf22
471ffea0
c644d4de
c6ea676b
c31a153c
47bc2634
c74cee78
c75dd1b0
c68bc885
472d8a90
c64e8159
46e63c5f
4685a1fa
c71c9a6f
c75b5ba0
4676f48b
47251f3e
46ffdb24
c6a3b3c4
c705206d
c6e43ea5
4688cb13
c5ce7d93
c7327869
c6ef4e9a
c4cea254
4610a5b2
c688494b
c635be1b
46c81297
c7a34932
46b87def
477da523
46816bce
c7179247
4758382c
c7732193
c6aab649
45182a95
c6f1cfdc
473600dd
466325b2
c7bd552a
460ede69
c5f33d6c
474985c7
474c9a16
c5a83ad7
c6dc3635
4de3d022
c6610df5
469a4ba3
46ca9123
c7268b51
c7038d76
c6a33b9d
4687ef3c
c62d1d87
46e04dea
4710fc28
4728cb5c
45f568b7
46d17837
474d2ce2
c6939b9e
470d4b45
c7044ffa
c790db03
c5e1bcf6
46b5f2b2
465882d5
c72568d8
477a07ae
c7205923
4738185e
c70bdc52
c625227d
46cc5c84
c69d03c7
c68494c4
c642bd07
c6296ed8
c70a280a
478d22fc
c753dd6f
c60d85bb
46437ad7
46cedd14
c64eccc1
c74a9d90
c71b006e
c6f76335
c677a322
c70f81fe
c682fb1a
c7cc2785
46f96fc9
c67d6d46
462d6558
47150ec0
473b1c45
4660c3f9
c557568d
46bfb801
c6a9f2a9
c73bf4c0
45d0538e
c74ca625
c73edf92
c74d7485
c5e04632
c69659d4
c713ea15
c2d557de
47a2de89
46a2be85
47026d5c
c7076455
c7215fed
c6da77d5
46e81a83
c6c2f8fc
45a9e74a
c489e2e0
4407d55b
c687243d
c73d20b2
473094b1
4698f050
c775c01c
461d7873
460acbeb
45ae1829
c791477c
c72af735
c6d196f6
468296d6
459ef517
c7431b63
c5a96491
c669a4e2
c56bedfa
c6e07cde
c6db3753
464d6003
4660ae31
c70dc132
c6982587
c5d73baa
46cdce8a
455e907b
46e68fd9
46d7f531
47143acb
46b223e2
c75be6be
45e566b0
475cc3e4
47201572
c7719878
473b2f34
468c70aa
c7269443
46db3690
47085868
c5e24017
47076d62
c69be55a
461cc7de
4763b0ce
46bf8854
4785e94c
46978526
c66e2b4f
473f18be
472954ab
45cf1c3a
4713ba20
4de3d01d
477e0052
c68c5a99
4574c4b7
468cf587
46ce1f34
47289d6d
4720e8b5
c78f79a3
47334e37
4529b7c3
c783c3f3
46997de2
4717d619
c5910651
43a7619e
473dfd71
c5a6eaa2
c6ea6ce4
45bc8288
c71cbec2
c72d0f50
c7817d28
47263534
c4a94062
c73a7c69
472dc5a7
468b3477
4762f02e
44e687a6
c6c8f37e
4688a9d6
4796da07
c719102f
c65b6891
455e4a22
47edcfea
471d0096
4702128e
c5864755
47a11557
c6bc7a67
47b9ca5e
46d226e9
c642c8a3
478cb79f
471640fc
460aa02a
c7504f13
465e61ae
4701a085
4750ffe2
4692e2e3
4736459e
c6e5b2b7
c6c52ab0
c6531c4c
c61dee95
c71f8f09
46a0f45c
4527124f
4706f1b0
c63cc899
c728c04d
472dde19
44d263f8
449033fd
4771ccfb
c6c4a26f
46637671
46976431
47098bd2
4750ddc2
c795377a
c702b067
c6ab7437
44a2ba47
449e4e65
c6724051
c7871ed5
c735a8b5
47338259
472784c4
462a011d
4748d7e5
c70981f8
c4c37adf
46cca59f
47021f78
c6869c32
c7347695
46e72f96
473ed3f4
c5ebe405
461ee480
471eecf0
c6e7ad31
47069794
4771e962
46a8f20b
469875fc
40ad4560
c4de2657
461c1333
46f5fcad
c6d922b8
c6406547
c59eb110
46d06786
c5b2038e
46b1315f
471830eb
467b3b1b
470fbf8c
46a144d8
c6e37236
c76c074c
c6f17fb4
c5a3ede4
46750b31
46761699
c72e3b77
c5920d42
4594ee11
c4ce147e
c570cebe
47972aa8
47005079
4789c68a
4dfa981d
c73957a8
4642a21a
c733c936
c6589add
47127f54
4750761d
4641ec23
4609014a
c784ad8d
46c945a5
46c2b118
47acf2a8
47523a75
469d7cba
478caa5b
4677f8ca
461c0042
477b0a10
474a474f
470dfa9a
469ce111
469974f7
4640de92
46cfaa16
46bfe48f
4653bb3a
47286e62
4769fb99
47343ff4
4780cee3
c66f3e27
44a38b4a
4712d8e7
46c65938
45dea385
4691cb0c
4710c46c
c532de95
c723e352
c71fc4ab
c59cb3c1
c6d53b7f
c6d4ae4b
c6e60dad
c63b4ec3
472ffdd3
c7097040
47048554
c704cd39
c6dbbddb
c744dec4
c60d01fe
c641e461
468955a7
c66dd5d8
c6a21ff4
c4c62bdb
4782b2ac
452007ae
452694c8
c7b439f1
c73b44b2
c6195aeb
c6c6af71
c6cabc7e
c7b71769
454b06a0
4682dbd4
4661fab8
47426628
c7534289
47074c4a
4781028f
46595cdb
474c6882
c70afafd
c705b152
c68393f5
4712096d
459cf5b6
457a7f16
46ea785c
c6927d2c
46d10d90
478815ca
c688e991
469b4a1d
46a515d3
478eaa72
46b37071
c6075e56
c7081577
47060102
c4efcdf0
c70ef762
c72bdf98
473976ba
47068a6f
468cd746
47432e6b
c6115049
c68ea4d1
c6acc6dc
46b1dca3
46f8787e
450469f1
c7209901
c6823b20
c5d10f53
c60992b9
47248a1e
464dc83d
477e4539
46737de3
46f7afc4
c694fd1d
43899443
4538ff99
474bae2a
c6250e23
461fe485
c5d2f360
46f26263
42f45c51
c6b1a5c0
45b64717
c54746ad
c6e5dcbb
4de3d020
c62a3983
c6b10eaa
462c7a6e
4738009b
471af9b2
47ae1670
45600c61
c6490cb3
47781de7
460a8fb2
46dd20c5
c5b993f1
467cb0ae
c6ccf533
46a54915
c77c8eeb
477abdca
c595e096
472b38bb
c5602b24
c709a7bd
45e0ec61
47259ba8
c7004e17
c75364b8
c5d866ad
c6216ba0
4700f5b2
47a302d7
46946c2d
474f48ce
46e0fd3b
470fdc26
47159d45
46457c38
c51273f5
4614297d
c5d2ade8
4725a079
c53540ce
c7962148
4732407f
c65244a4
c714d297
475c4632
c709ae5e
c5c853ce
4747eb54
46f3a378
c69c03b5
47ad23a1
c66bdea2
c602ab09
c6b56f7d
c79f8b31
c74b8a31
472dbb75
473bfce8
471674dc
c7a1a43e
c7949350
c5936f50
474b5675
469fa496
c73a204e
c5d71ec3
c7a2f157
c62e5367
46ec0838
c73c9ad5
466140d2
c7152dcd
4686a5b0
46b2bc1f
c5894fc3
c6805f6d
c69bd994
4705fd14
c6ced23c
c6d0b37e
c6543c57
c6a10677
c70b99eb
4785f5c0
47823b4b
4665beea
c785427b
c76bb3aa
4719b4fc
47255df9
c725ea72
c585f646
c69398d7
c5cc2562
c6ba29e3
470ffdbd
c6c516f5
47784f00
471e0a13
c6d2dfd0
c6923a75
46a625ca
46c15175
c6195126
c787186f
4623d3e1
4219ea48
47238c69
45588cdf
4523eb82
477f11a0
46d93424
46f245de
4635ab14
4555ab1f
47b14046
c73b3c7e
c6019483
c7af81f2
4704ff90
45e4ddf7
c5e83cc3
c778e128
c6ad03e5
472d27ed
c60a9bd0
c704d130
475d8727
4de3d022
c5914716
c6a4a3a3
c72ed2ef
470ff6e3
46cedbf4
c70ace4f
c753500b
c771fe5d
4784c5c6
46d1fbde
46ab26cb
473f2c77
c6a3bd61
c6041db2
472ee092
c6240dcf
c7521517
47885c99
c68b510f
47315b5f
c775905b
466bbd20
46c85a7e
46064d6e
c754eeb4
c78a5460
c633795e
47925f48
473e9841
472ccb23
c6fd7d95
459ca4e6
454b6f6f
c55979d1
478a07e6
c65267a2
46baa7b8
478e6db1
4743d85d
46fdb0ef
c61f52e8
c6dc6096
46846e6a
4737faf9
c71c48ba
4534680d
c6eb431b
c76e5849
c6023bed
4525e8a6
c663e3d5
465742ec
c659d907
c4cb77be
46a9dfc5
465123ed
c744a4ef
c797a034
c60562a1
46181d45
479db35e
c6c72ff9
c6e313f0
c5946e4f
479409b4
c578c701
c6838267
46db6474
c62d034c
c5f3c02c
c6fdee6c
c5504c4a
45f9d1a5
c6b8b8b2
c7c2cba8
c6cc408c
c74bc75c
468fc4ec
c5c7d02a
46f91892
c5fdd914
c75ef13a
c703ba68
c6aac5fc
c6d5c7f7
45d13ca8
c44e256a
c7052f86
c7654783
c692c5c4
c6b4cfba
4614ba12
c52cd61b
c6c8b994
45cfb4cf
46e81033
47665238
47343a00
c6497dda
c684235c
469bfff4
46ab5163
472d9372
c6af9897
471512a0
c773340d
46c82efd
c734f8d3
476a485f
46f15b3d
451d4272
46ec9fab
c72c20ef
478036c6
455669a5
47012492
c40ac604
c5911ffb
c68ddf4e
c74d7d77
467fb7a5
c75c19fe
c6341023
c76939ce
478e3f1c
45833b55
46ac1c8c
46374c55
4dfa9820
45637675
c67466d7
c676c6a0
4512b51f
4713dfb1
c68aba5d
c60afc73
c6ee6588
463937e0
c63827b8
c63ed3dc
c75bad18
4652e7d2
c6e8d381
474622ea
460b5f01
45e41994
c71d6b8f
c7447bdb
c50e565b
4735e08f
c6d9c6b4
c676c2fb
c65bbea3
c5e27b2a
46fc0cec
c3c1b11b
43681fb4
c6e0f515
c71b64bf
c5ffe48c
c63c95e6
c7c50ead
462e6f1f
46951193
c700437c
c5910c68
4763c4ba
469e4550
c7710444
c70620d9
478e2c37
4701f83e
c7b5158c
c791269a
4756f08f
46936a68
c71b6a7f
c6adca45
c7a02a27
c62662c4
c70ea166
472687d3
47969b30
46c3a026
c74004c8
47afe914
46b04ce9
c71009fa
c69a28b2
46ebee75
c72bb791
c74cefca
c692a079
c68cf9d0
45bda573
c6252403
4744473e
c790981f
47060aa2
45af715a
46a13e9a
473b9e29
46758e5c
46769beb
c6434a2b
4700c8b1
c7756bb0
c7735699
4643ed45
c735f08a
469774b5
472a3c4b
4659bc3a
46e71c24
c7000511
c66f214c
478b2e79
47afd9cc
47bf8c73
c6b1ad08
c624290b
47179b31
44aa7293
46e126e0
46a4c34c
c730d4f8
476c8473
47567332
44fdeca2
c74a45c6
475af315
c768ff7f
c56f4331
c6b618f3
47656ee9
472ee19e
c636549a
46a23c07
47638a7c
c6907c66
c76f7099
c79b9179
4727d14c
c730c14d
47623fa2
4773f0e5
4721561f
c50bd2ac
c771ca39
c593c7d0
c78429d5
c5e0f4a9
46c5c312
47d45a29
c6b523b1
474c11cf
c70b0a6c
4de3d01e
c74dbe65
c5546265
464606a5
c6daf645
46e911e3
46fbe15e
c66ed437
c646de87
4656a6b2
c713a382
c65d0e1c
4794f056
479dc8d8
c781695e
c745098e
c6b61432
445d66e9
479268ea
c6a7e76f
45d1ff45
c7ab0bc2
45b81e00
c68d4fe9
c69a9835
c6a1a6a5
c6d25e47
469a513b
c696d73a
c44446b8
4761c300
c6803df0
45b1ccb3
c6746326
c5e104ee
c6dea4c3
c726a3a6
4692cd00
4518fcb1
c60d7de6
4610e78c
472dea82
4666f7a8
c7433c9b
c4f626e6
c7261ce3
4789eac4
4769ecab
c701d50b
c79e7fc5
c69d11aa
c7581734
478687a4
c6bff31d
c6839026
c630fb19
46b5297c
c7838f7b
c70f9609
c738f53b
46792870
470b1529
c34a0865
469c27c3
c6d4a5c5
c64bb0d7
c5d85035
465761a5
c65bb039
c4994f51
c6996c39
c7187a32
47b5f9d0
c70db0fa
c755e555
c74256bf
46a5f029
478d10aa
45d9f5d9
c701ba20
c79065ee
c715eac8
46b61e9a
430e2d0b
477ea2dc
47052c44
45c19c9b
c781ca79
c4a2539b
4691d254
c627ef45
4711be27
c721c015
466b2a30
46df7d46
470de617
47156e6c
c6b92d74
4682ada3
45e1f84c
469125bc
c6c191f4
46092284
c6c93823
c6fce7b1
c77ea1e9
470d19c7
46fdb721
4568d773
c609b271
46e947a5
c458e24c
46f54d90
466b361f
476a709b
470f14da
46fbf73c
c699c89b
c529251a
c66ca2b8
c6f49460
463ffcf3
c69933cb
c64aeb6a
46936c2d
c393fd23
c70f1989
c7781279
c690144e
4de3d01e
459daec2
c57bb76f
c657eef4
c6e48188
c543cde6
c633b444
4528aec4
c5e745f4
c62e0937
c5fbfec3
47329ae8
45c431ca
c749a063
c7174c7e
c5eec743
474cc2b9
471f803e
c5e9dcc4
4745ae3e
c69dc192
46d501fb
467fda00
c73ed090
c7234619
476a90e2
44eb776c
c3add9c1
4675c9f4
c73b2b0f
46b6f412
c6a1ef92
471b8c00
c5674d83
45c7380e
471286c6
c6e92662
4727b9d7
4568206d
46796197
47843d86
c775fac5
c7ac248c
c7108ea9
47169d24
4619f42b
465b6697
472b5889
c56ebd2f
453c8f69
c726a368
46c1819d
46fb76fe
460dbcb8
46bb9a88
c68b141b
4722e098
4496b38c
c61415e8
46dd98fd
c6519160
c70a5413
4526ed1b
4744df6d
4624a0b7
46867847
4642c82d
c742de56
c69544b4
c5e3c17d
c70330a7
46a44223
c70b9ac9
46542235
4621e434
46026e10
c6eb90e3
c685eed6
45941704
c7075da2
474237e1
47869753
c6f83569
4656b24e
c54f6143
47124382
46917ef0
c657cb15
47195111
471af68b
47f87233
46de2efa
46e9cf3a
472e462a
c700300a
47587e7c
c5bae8c5
47440544
c6a1ade5
45d2632f
47934de3
c6c4916b
c71d6690
47629275
c5a954b7
467343ae
c7394190
472a845a
c7816de0
455250cf
46037800
46499ecf
4650668b
46189011
46baa6b2
c667bc6f
c69519b8
c6074182
c711b45e
44e2498e
46fc66ec
c700127c
47cbd4f3
c6f0889c
4714d4b7
451d3f05
c7352313
47001446
460d294a
4dfa9825
c738981b
46fa2e1e
472fda34
46ebfab2
46b20b36
476117bf
45c1ff7d
c7a38915
474318e9
4752c4b1
47027e30
c727ecb5
c5def8c6
c61584db
c78ef080
c611179e
47d2a0e2
46e8daa9
475f1fcb
469c2436
46b2cb43
c6b28ad0
476288dd
47149f88
c67defc5
45bb724e
c609f813
4749b2cf
47a59d1a
46821ea0
46bc7294
c6654b97
c73b7a1c
46a02b62
46950fa4
47199628
46846d17
47444d63
47022bd6
47060c76
c6e6d192
c54d62d5
c7475261
c77d4739
47607362
c71431d9
c58971c2
c7061000
c5ad02f3
4507a344
46eae53c
47169b0e
c64abb59
c68172b1
46a842e2
46af9a48
c71504d5
474cff36
46ce085b
c5ef6565
4676179d
46955b0e
47456536
47831380
45d6715c
4653d0e2
4689d622
c76ed8ba
c6ac67b7
4701533f
462b220e
463e82dd
c6f027a9
46748d1b
c5ab8f11
46be2efc
c5fec28e
46a55cb9
c4167bea
c703ace1
4632ea4c
4710f071
46f1470e
465cfb12
46831a96
46d94d9a
47722df3
4700cdb7
c7010bad
43d73016
46d387a6
450a33c1
475fdbd3
47813e0e
c68f3ec3
c748f06a
c72af187
c731b89e
45a611ce
474b4ec7
c677f19f
c63b674a
c4988912
45c4d6bf
c4e258aa
c65be8d6
c626b1c9
471897cb
c68ab9dd
c6d5f7cc
c710e1d6
c677662c
4505a751
46e5f2eb
c4ae7d12
c6a39092
465d3fd9
46860cb2
c7b13062
c581c593
47a324c8
47458796
4305ffdb
450f2a80
c7428cb4
c7084bdf
c772f7dc
4749544b
4de3d01e
c6946fb8
45b524a2
c7a101c2
47445438
c592cbe5
c611ce18
c5b0c1d5
c69bc96e
c71c266b
46b945fc
c6d91064
47910f51
c6b841bd
46a4cb4b
c56c7e30
470e91e3
c62759e4
45311480
c70a462f
c72b3230
c559bf98
47886fec
c673f798
c6f87c0f
4601d87b
c6f3d0db
c7286932
46077ccd
c72a6622
46cbf3fd
c70dc8e9
c6f86286
45d245a4
c67dae23
c66d4a5d
473d01fe
c6f8c411
c73619bc
4704863e
4782ac56
c6c0dec8
45e7ad44
4628caaf
c778a853
c535587a
c6321148
472ecf93
46b42b5a
c702eac5
46536cdf
c7599777
4728137c
c72fa98c
c616d9fd
c595965b
c77bf0b9
46fd23cc
c619eee3
46489d1a
c7726a83
c618f03c
c5effcd8
467abc01
46d03442
c55a3752
4643fd07
c6d9265e
46036029
c72bd378
c6dd67f7
c707d37c
c66d18d5
c75458fa
46f63fff
4706ab5f
c6da9a62
476902d2
46d494a7
47223d63
c621e2bf
c730a635
c6f5ceab
c70428c7
c75659e7
c70895de
c7854c27
c5ca4dcc
46de2990
46833bf0
c72e833e
46167348
c72abef3
c719aa48
46f9f1dc
46fe656c
45d66c72
46011290
46b129d9
c6ef6163
46efdff6
461dd050
c6726df1
47b49f1a
46ea0eb0
47554e5b
47788e6c
c72c6c00
46c0b052
c6b30723
46dd9fee
473f8787
45d113c3
c73766f1
c6b71b73
c76aae25
47106424
c5fc3580
46d5a270
47027242
47921572
47201f02
468537d5
c77f50f8
c6b0bbf0
4780fb29
4738527f
4704d4a4
47177dbf
4de3d019
466403d0
467de9df
46bbb08c
c78a60cf
4717176c
478075cd
465b9b20
c6a7f64c
45eb7ed5
46a35400
478bbbf4
445796ff
469f061c
c6ac1227
c55373bd
c6e9bc84
46033ca8
c6f2b9f1
4744fe0a
c792efbf
46fe19d0
c5a02efa
4586a72d
4772bd62
c781f180
478303b7
c6a2ce2f
46e4b176
4622cd58
c73ddda9
c7897c98
c6b1a57b
44513d04
c6b441ee
46cd0feb
c75df860
c727785f
46d1e34e
46658617
462943d1
46ae7872
c576172e
c3f0c9c0
c67a1bdd
c70f619f
c5173c94
479160a6
c77b4145
46f7a10a
c777d4ed
c6b57a8c
c66c50ae
4446dff6
c67ef00a
46b10188
46d3a7a0
c668ff0f
c76eef8e
c70baa88
c7528bfd
c6837091
c76c8d4f
c6e190ca
474f9023
c7220b72
c6f986b9
c4ad7a50
c717897b
46b03ecd
45a005b4
460b59bc
c72eaa25
46e4ff3d
c6bb9d81
c57fc29f
470560c3
466454b2
c6c308e6
458c659d
c6f814fb
4705d583
c71fd738
c5b60e26
c742ad80
470ef68a
441142e0
c7761bb4
c68c3d5a
c607a192
475c5537
4632cdc6
46ca9a04
46b2b405
465c7a9e
46ddc29c
c68449a1
c644adcd
c71d8f62
c6e6b07b
4643ada0
c6e393d1
c780913b
c7987756
46c50b7d
c595ebcf
4695f651
c4aa54c7
4789db7f
c71e42e4
c7963251
473409a8
4507dfde
46265cf7
46e0f287
43b7a336
47353c5a
46a104ca
46ed8d4f
45a6c873
47793ca8
c7171007
c6959fd5
471c5d33
c6e1b295
c763902a
478a6aac
c773e59a
c7179948
4dfa981e
450bbcec
472afc08
46ecdabe
464adfbd
c678e4db
c75d6568
c65b6605
c69af634
c689c0d2
c715d525
478a66aa
473e4e76
c7827b6b
c68536d4
c6d75ec8
4702d596
c7c829a6
4689c6b3
c76ab31f
47822fc3
c6463ee6
c708eef4
c6d967bb
46bb1313
c6c52d36
47a86bcb
c5d2297a
458d10e5
c4705787
c6b2bc3e
46fbdd6f
c50e2394
466a40fa
c6d80ace
c6a57b28
c7239cdf
c69ac5c5
4657b3c6
c76836fb
c7995c87
4521db3e
46a0fea5
47aa8352
45f5dc88
c59960f9
c61fd912
c6d5d792
c71f507f
c6e4f046
471e0a5c
c76d2278
463bcbc3
c52bdc09
c6bdf131
c7957d33
c51a5397
476a6ad3
c631a891
465e36fb
4673af02
c6244012
46957222
c706a1a6
46c63d9e
42ebc689
c66f9336
469c16cc
43a54542
4705d082
c5682d2b
c7a2bc12
4702010c
c75a6ae3
47687fcc
c6d6285e
476b4cd5
471434b0
47113ca5
4770e425
46c8b9b4
c5d79ef0
4538485e
46a163e4
c601606d
46948c79
c64b140a
471d0513
c759faae
445def3e
473b4dbb
c6629ba3
c5f18143
c6fa94dc
478eb1cd
c5a40b72
47135ef1
461f869d
47965c11
4741c4b2
c64d071c
c6479d48
47a9190c
c73fd1c2
460ac269
c6a9d824
4744ae59
c744d57b
c5f3a4a1
46312e5c
c7009ae0
46b01873
c5d8dadb
44d2b3e1
c71ee44c
45f04406
46814cc8
46ed6c5c
4708d046
46c1706c
c7580503
c6a88a84
c4b8f35e
4780a9b8
47456a28
c713ba4b
c6edf446
c6abf752
46aadadd
4de3d022
460ba54a
4692889a
c6fa3f07
c673995c
46a02e86
c6a51aba
c6a30fa9
4758f96d
470e51cc
c6727616
c6b75006
c6908a63
466d4af0
46f737a5
469d412a
475d6162
4662e588
c4269437
4666f7b6
46019924
473c3490
c6d50a47
47422d9b
449ddb33
c783b144
46911149
c7bf99fc
c6a71d34
c56a02f7
c68e513a
46aa953d
c6b8f3ab
46e1a51e
467e3280
46ec4027
c6b71c1a
4748f990
c786c210
46f8048f
46b46793
471cd7c3
43e7b3e1
44f24423
c73badae
c6ac6bcf
44235cb2
474576af
452c3aaf
4797a048
c66eee21
c6d732b6
c53c13f0
47080c81
c7353d06
c75da89a
c72b79d6
c6d51ec4
c76a43d8
c52427e6
479f95d2
c4e2b6d8
c579e419
c736896c
46c09410
c736705f
c69291b7
461af3aa
c728fa12
c61945ef
c6c59370
4738d117
c6c8d94c
47551e84
c73f4e6e
466b276a
47419c84
c2b83870
4743f38c
475868ad
46854ddf
474dbab2
c676fa10
47944c29
c6327d46
450dae39
c7852562
45faeffd
46368791
c74a008b
c772baab
c69b2448
468db89c
c740b8a8
46c623c4
4709a855
c70b2deb
47abb201
46f5c861
4529cb1e
c63212e1
476ea8fb
c6a21d0c
c69e6abb
47a64b1a
c7172e7d
c73cbc4e
4718623b
4635efaa
c1eb15e6
47361185
c58c5f87
c6c2b116
c68062ac
c71ab13f
c6d649d3
c688fbbc
46a0b55a
4751ce8e
c690bc7d
c64b3007
c73ab45d
c740d6c6
c6a7643d
4644d755
c6bffdc4
c5f3e8bd
469e36db
c72519c0
4de3d020
c586f1e7
c6a948d7
462a495e
453d98c7
c70b08df
476433cf
c51345d4
46f5be87
c741149d
c6203b08
c63bcf4e
47a6a520
471a8385
c6845ec1
c6a97af2
46ac53eb
c6994698
44960100
46a08cde
c6b6b570
46875935
45c43b26
47275c7a
47059fe1
c6dd5c11
476dd01d
46f830cd
c7bb0d9e
c766da82
46771a65
46c83f02
c6922d03
46eef358
478c9fb1
46eb6129
c6f383bf
c4d783f8
c7bc0354
46889469
c702c0fc
46a427e1
46a1f539
c6993a94
c6a2867a
c787ad23
45e10026
46e19e3f
4600495c
c72c731f
c6673df7
c6bb3524
c60f1b1f
45e1fd72
46a41ced
c6164572
c68697c2
c8035931
c52e5273
477a28e0
471efd02
46a92fc2
44dacdab
47344fe0
46ac2f62
c69821ba
4693691e
c6769c6f
c6d1b791
47b3fec7
c6fa7f44
472499cd
47164f69
c65a5d87
c69bb40d
46004525
472db24e
c602e47f
c398cbb4
c72631a1
4698d7f9
479a01fb
457a86e9
c50fe6e1
467b864b
c533fe3b
467b2b2b
c6a6f406
4718020b
4693d9d9
4756d392
c59bbd74
c6ad7709
466b36c1
4730cd98
c62ff635
c585627c
c6873aab
458b8260
c7026493
46a868c5
c72a1c9e
c466e5d2
c6a62ad3
c727fce1
46899d20
c6b413df
c612b43b
45eaf08d
471de2a2
c74e502f
46d576d5
478403c7
c6e17a87
c6c3bf9d
c5b20775
c55b3aa2
46901850
459b5951
c6687b64
46a7a74d
46e390db
4604e02f
47282c71
c5b71399
4684d7c3
46399de8
c6b71d03
46f944d4
4dfa9824
c46d4cae
c61f7299
4720da56
472e15ba
47006113
46923710
47896e42
473d0e62
c72c87f4
47670f2f
45a3dd93
c65f839a
46dfe0cb
c6b4928a
c764af4a
4784e473
470711ea
4702f3e8
c70a19f0
477b2e49
c5da08be
c6a9c1ab
46ef21ab
468025cc
47b3801a
46706be9
c6e2e88e
4714296e
c60757e2
c60a1b63
46877955
46fa7e0f
46b8601d
c4287ed0
46ee150a
477b66ab
c77db365
4603323b
46e14f31
47290524
c616f74f
45c10925
469aa587
469b9f67
47531ac2
c75a7759
47488b0c
c63254ec
4608906f
47574315
47c6fef6
467b3ae8
46c5c91c
c6754e6b
c695b061
c6e71f60
c6e1072b
c517fd74
45748a73
46a0f0eb
45277e52
4796bcc9
4565080a
c799ead1
46bc04cb
474a3935
c75733e3
c6a0a69e
c645d616
c5b41c4f
465d3eae
c4e6caf6
c5d72e6a
47493501
c74da284
c65d56ed
c6d20d7e
46fb5091
46467289
47028d6d
c71db83b
473fe4e4
477db3b2
46ccce75
c7459cdf
46cf1180
4724afeb
c6808971
472fdd99
c66b90f9
c6bd82fc
c780a93b
4626a6fa
c632e859
4693d3d5
45e81076
4793bc28
460b55b7
46589675
45a6cdd5
c6f3d126
c6938808
c6f0d96d
469088d3
4726a7fb
4614eb05
c6265946
46ebf244
47200ba2
4745f172
4793bc09
c6ae957d
c533d22c
c6f14252
c72b922c
463416c2
46a1a8df
474a3f91
c502ad36
46401837
472b4da8
46c009a6
4743b6c4
c69a9f75
c63baf95
c755c5af
4680818d
479e4477
4de3d01e
441152c2
c7380873
c70293b5
c77fa171
46de43ac
462f1958
c7008abe
c6b2ffc6
46252e9f
c4732f17
4756b03a
45371b3e
c735ab21
44862666
c61c5b27
c6f3afb6
47455896
465a1648
c73152e3
45868629
c6d508e1
c6f12eac
46e4bb57
473deb67
c63b7abf
c74460d0
46f881ad
c6781ce0
4797dd10
c695ad17
4581caeb
cdfa97e0
c7090783
c7583412
c76cc085
c55f3103
c60b5c21
c672f4a3
4703fb6d
46cd31f0
45b1898c
c64d347c
c7a070aa
46d042fc
4682c1c9
471f2b68
c5e8e68b
4501be3b
c70f72c7
44fd7614
472ff5fe
46d6c834
c5e9b9b7
c73a713a
46ebbb7e
46acda0f
c783e411
c665a201
467c502e
c4e0e3d3
46d1885c
47532442
468cc2cd
c6217199
c63bbfc4
c5f55877
c75ac43c
c77e4339
c626389f
c466659b
c7567495
c7af5724
47475539
c701d576
c73f6498
4769d6db
c6125edb
4744aba9
c73a0a6f
c5d8ae13
c588ece1
c6ff86ef
c6b867ca
c78a8aa1
c6b89981
470fec73
c7607e35
472f5126
4577830f
47143314
45cf1ca8
c7ca1192
c745e90e
c72c0623
46a07638
c60ac691
47035f0b
c77c119e
46102428
c743e82e
c6cd3015
475eafab
46abdfd1
c584430f
c755d037
c6f6d94f
c78ed861
469f055a
4625f483
c685b68b
466d37cf
c7ca25ad
464a6636
4605a1d1
c75bfeff
c6d0c00b
46e2c416
c72fac1e
c646bed6
c7a24d9e
4724f424
c45d2cc2
464002aa
c7820507
c5923984
c6cac561
4707d1c3
c7a94ecb
4dfa9827
4709764e
472aa150
475c8bf7
472095ef
c59f928f
c5d06018
4467aa59
c6dc0e1d
462a559d
473521a4
47235112
c6c421c4
c6cd0838
c52dda8a
4691a309
46b252c6
c68458c2
45e49b06
c6b17772
c48eb72b
4676a086
46c79d22
c6908e5c
4706047b
4754d615
4691f181
c6ea0eaa
479f1453
46bc1534
c784fe41
c64c8859
cdfa97e2
477007dc
47269efc
4760645c
4668c889
46fb52c4
c6df9508
c761c6e3
c76abcf7
c785f278
c705c3bf
469aacab
c53f63cb
45e304f6
c59647b1
c661103c
c5c906f1
c723d8c8
c5df0ed1
46fa7647
4682b449
4604be83
c6a74381
c72cf5cb
c70d8027
c48274ec
4598de01
c7a99ec6
47134edb
462ae337
c5e8c3e1
c4d74043
468e7d07
46cf1ba7
46643ad3
45a9d309
c65038c0
c5d3124b
c6147067
46853996
47a219e5
45114081
c59fd353
4684b2b9
458ad705
45956630
c79b0a5a
470ab277
c718e5e0
462e8a29
c6dc1d6e
47979a02
c706e373
4586d28b
c70de54b
c7481ad4
c78837c1
46b13171
46820b75
469afede
45ab2e72
c6e5502e
c7c4ca4a
c732b3c1
c6bfaaee
4614a4aa
c6e4fb2f
4615dcb1
46a91b78
c7336c5d
4303c763
46ca5e43
c63e5c0e
c531a54c
c6c9a273
459d2b0f
c73ff49a
460310da
c5c53432
c79004cf
c6369411
c70be9ab
45d37eb8
472d5f7a
46c5cd79
c644214d
45dd3dc3
4636d4f8
c6bef94a
44f55b07
4737a38f
46e7481a
47371d95
46c9a201
458aa648
c5d6b44c
c6b46199
4dfa9821
c7b4f004
47204c9a
c70fc2f1
c6d29d9d
c78ddaaa
c72c470c
46be475f
4703a1bc
46572c04
4634e13e
c68b2167
c4715f75
c6e26484
c4bc6dfb
c6b295e2
45e703f6
46553e9a
44eb2560
c7053733
45112308
c6dcc594
c5f095b4
46960ca2
46a7cd35
4775691f
c6fc345a
46b8ceb2
c7053dec
c66a539f
471670b5
4642e921
cde3cfe2
c595968e
460d31c1
44ba2d0d
c5f9b19b
44e29404
c5c1efb2
c60220f4
c73cf7e8
463dec87
c5b6567a
4744c723
c740036b
c6ce0d10
45c93d2d
c64041b5
470e7caa
46e32cd6
46c6962a
461caea4
470d4737
47121b7b
46a5800a
42ac971a
47007f07
c63a8cf4
4718e01c
46ec78e5
c71db7ac
c7676c89
c59ea6f4
c714d729
c79d682f
c6b0b52c
c777c025
4622c63d
c6fe25d5
46d6efab
c7098839
c6242066
c6422580
c6f10997
467a64ff
c743a5f6
464e72b2
46888330
c742e37d
c710b8d6
468b9323
c65095c9
c66a61a0
c71a1949
46a809fd
c5bc16ec
c78c4016
c72ae2b2
46c98dca
c7146a58
472d3808
c72b2852
474802a4
c61f3930
464a0260
c6b78bcd
4704ea9c
c505c92e
c6fc2fb1
c6e307aa
c6b41f30
c6865ace
c66fb358
c6699b57
46973861
c74b0995
47629122
c5cff80d
461a7987
474d2822
c707a78c
c3e00d1e
47153dc7
472b48f1
45fb53c0
46b6ef4c
4790cd4e
48048203
45a44e9a
c66d704e
4728a7d8
4586e950
c797fb3d
457bb4ed
462eeac9
c7408ea0
47278d35
c6d4abb6
c621ff55
4de3d021
4701141b
c7154cfa
46ef017f
4504c194
c6b17a82
c51c5dfb
461b564a
4751df9c
c6e1bd06
46cfe49f
c78c5fec
47165112
c788c0e1
c6a9af6e
470d12dd
468b3688
470c65f0
c569cc7e
46246e47
45a3d6b2
c7826125
c6fab406
c7083988
c547107f
c6e5f881
c68b9f74
c61229c0
c72ab870
45d73920
c6ac5319
c5a0d0f9
cdfa97e5
463f635d
c6d14467
c774ae81
c715d6b6
c7022bbf
c790c29a
461e9c02
468043b5
c7189622
478659ef
c752dc22
465b0e51
c5ebb295
473cfb18
c7291dbc
4703170d
46d85af0
c70b11de
476203db
c65ea8c5
46f5a83a
46f7e1fe
c595bf72
c6c35098
462278b4
46743ec9
4779ab8b
c7429608
453f555c
c59e4ab7
41e6b779
474034db
c6604e5d
c5add1be
c652b051
4543fa34
c6f9c31d
47adb89b
44b63520
c62089dd
4626c046
c70de290
c75c5eac
c69b1b5b
c79fb10f
470d0261
c6bc10f8
479adbc5
46dfd5f4
45dfccb1
46bc6b33
468c2045
c761cf9d
c65b7bee
45b4d38e
47240821
c694d34c
46f229a3
46b3c2e2
c7490826
4783783b
463c624a
c69f2263
c76ca4ea
472cbd32
c6dcb07b
c7200330
c77c407b
c68aba79
c5f1158c
46c6cadf
477824aa
c6a1ba83
c734fe76
4744cf7e
468b4c54
473e3a86
c3acecf9
c62127ae
c5468cd5
46e1ed01
c640bed4
c78001ce
472af23a
c6903048
468080cb
c626fd5e
c5ee7417
46c4e80e
462ce6b0
4741a838
46dc2ed3
c6bdb7b8
46d0cc7b
c669c428
45945479
4dfa981d
c65b5a9c
4644c413
c6eff841
471c8d49
46537203
4732353e
c55a6ef3
c6b8863b
c6bff700
c689281a
46b648a9
c6a307ae
46bfc8f9
46d7ca28
c64ebbf3
46978e6c
4551e83c
473200a4
c6d3ee04
4707a61e
45b5f022
c3475d8c
457b7549
47226e04
c5aae20b
c6b7fa48
c6314ca1
4780ea3a
46ae1b20
4702b0a5
c334a2c7
cdfa97dd
c576a8a1
4710d7ad
c71dcae6
c7a190ab
c59e1de7
47413f63
46958491
46da67f8
c76b0495
c5db3dc2
c6a8b508
466dfe2b
4484ba34
46aaad1c
46961f24
467c87ad
47680daa
c49c227b
45b5c096
c70eadd7
466d71d9
46d2d7fa
4652607e
474f1fa5
46292739
c61fb341
46ff16f6
471104ed
46daf95d
c6cdffd2
c73de185
45831a4a
463fdadf
461527aa
470a5b75
4782684f
c68b9d97
46912027
c49103f9
46bdb8f7
4780aba0
4728b5e5
467ca5f5
471420b1
475199de
c69baf14
c6f78420
462f96e2
c72de225
47388302
46e8780e
c596852a
474c268b
46c4ec31
46edbcf5
473b8987
470d5250
c741c3f1
c73ef1a7
473b0b8e
47952d84
47871930
46f9e75c
c729c235
c6e438b4
46636237
4706d436
c712e6af
476f191a
44ac349d
479b9afb
474f72ed
c5ac81c3
4717f2f9
4680304f
46742aa4
c7882f6e
c6a99813
462a36c4
4556aecf
c7925ef7
468bc6ee
46467a90
c727ec37
47546025
45ee0527
47537adc
46b6aaa4
c7628e22
c68a4d85
c67b2071
47895024
c6430674
474710b6
458c2c0b
c6942560
4dfa9822
467be0ac
46d8b8c0
c61b18dc
47691698
45b2012a
c6c9f0c5
c3216cc2
c779dd4b
469a63ac
46d66669
46b7d910
46e8340c
4631f8ff
c5c9358f
c23c379e
45dab694
c6bb650e
c6a42d17
c67e957e
474f251a
c6082682
c50bcde4
472495fd
c74d5305
c5be5e2c
474f8627
45bc4617
46929af0
44b5fe03
461e9f3e
462d1adb
cde3cfd9
4702e675
46d6bd49
c51108b3
c5480802
c6955be8
c71708a3
c690bf60
c76d6942
c63c5778
4517650f
c724264c
47117189
46905d1b
45d7a908
c61e1b59
c67c7e16
44707a18
c7288272
c68f8d55
c6624078
46de32bf
47546eab
c6a3f305
c6f84f63
46c90245
c6920c1d
c6f8a893
c5273910
c68c9529
c702ef27
468bff02
c6d35ff8
4680f41a
c73cf89b
c65df10b
46a616d8
c7581e1f
46788600
c4d5485f
4777fdcf
c78aab92
46e1d2f0
4785ebcf
461e0cc8
4744feac
c79aa1e8
c6119ccf
c71616d6
c5a66c5d
44c3d4fb
c72a8ec3
47370f93
46a9e05b
c78134ea
475bfe46
c6f3f239
475de768
c7993c50
c715e166
46716866
4495d931
45c66f8b
c6c1719b
c515c39c
46a0bdb1
46bb66dd
c6a7a20c
c6e849f9
c7869043
471b99ba
c78c6123
46a723c4
c6823866
47842f3d
c69a13d0
c6b87571
47884491
c6200ca4
c6a4c30c
4751f628
47217ec7
465c55b4
4770064c
c526aa8d
c6f0fab9
c63c6aa8
c6d5ac2a
44144a13
c6dcf3da
46e39d7e
c62d1789
456b459e
c701f82e
c6b3aca4
46412c7f
c62c6a80
4de3d01c
c6feac7a
46b12502
c75a5b1f
c74b8b9a
46bf3e11
475eb799
4741ace4
466b15c2
c571a74d
4611b628
46d07e18
46904772
c5d7d47d
468099d2
473480b6
47077224
c75d9dc0
c63b605a
464e31a8
c6cbb729
45bca3aa
c71a81c9
4669bd75
47bcb2fc
c6f3bd01
c717f38a
c670941f
c6e1e156
c5cfcb99
433dd1d3
451aac88
cdfa97e0
47a28ae1
c6b82676
c7028583
c636427e
c56d81f5
46456a98
c611e390
47107843
c6d38969
46d4df49
46161596
c5e514e6
c73782a6
c5118113
c68c9ef7
c7090583
c78d3f0d
c71a510b
c7832459
4727102b
c60cdd9f
464aa758
468adf54
c78c4479
46002419
460ddbed
c605a4e3
c7860bbf
c681b376
c2a03697
4579dcab
4780537f
c79c0312
4651c03c
c6d6fb20
c5dc7001
c6fc2094
c753d118
47099882
c6af6d65
c698b257
c6f0a40e
4696b16d
c68d7b74
c7873298
46a4fbd2
c6a8c8a2
4706ba99
c6438e46
475616d6
44562bf0
4656bdf7
468976e1
c71fc890
c6cc9a5d
c6b9f091
c77d00df
46903ba3
46c64f5d
c743b4a2
c6d0f657
c704b387
c6cf8c88
476aca34
46626613
c74b8e4b
c7229992
46e05f6e
c628cf83
c68ff8d7
47872069
c59387c1
45dd5d3f
45e5cf21
46e6d07a
c716cacf
c5711942
c5360213
c76a3c33
c744ff6c
c73244ba
c5e3f43a
c72b5a5d
45d38321
c55e4d46
c37ff77e
46d8f9b4
461f843b
c48266e0
46225a0b
c71080c1
c631505f
45cfbd19
c7259e32
c751a369
c66b5de0
4dfa981d
c7648e4d
47150b3e
c57e144e
46f62ac8
471d8a7a
c73b399f
c724d873
c5bbf367
468a6d9a
46351168
c6c9e393
c6e93d8a
468847e5
4779ad2e
c6c1e183
46bb6346
c6c42dc0
46cc38fe
c5c657a5
c73b5a8e
44c06526
c6cca82b
472cb022
c621e490
c6a319ee
45bb9585
462cc3bd
461d23a6
463b4bb1
c761fb04
c744191e
cdfa97e6
467d5f32
c676591e
c72aa750
46bd0225
470c8c08
c62e5423
4508c310
46cbcb95
45e65384
4684a9f5
45f2490d
456a311d
463113a2
c78e2690
471b42fc
c5663438
4706c883
c6c4c7e5
c66729a9
467e50b7
c7a9dc37
c6702465
c6bdcd70
47260806
c76f6431
c6c337e3
464a0d2b
c74d93a6
4710465c
c740524a
462bd17c
c7894bf4
c75d77c9
4714890d
4700959d
c51e34c5
c58b55ed
c70782f8
4520a9ac
c6945616
4747cf6b
47bedc02
c781ea71
4760242d
c5814cd0
c6b77e9d
c69a7a87
46fe816a
4631fb90
c66dd256
c4f32ccd
c70f64fd
c49dbb3d
c724d5a1
c639ff9d
471952db
c6d94cb6
c6b58620
c5194e94
c66e7e9d
c78cc7e7
c6441354
c675ff19
46ef52e8
469c6d8c
47109c66
c73ed8d8
46b92346
c7456b1c
473892aa
4585830c
c71ef8e8
46a17bde
c679a733
c6c9020b
46c5dc90
c4b7eef7
474c967b
44826edf
468bac99
c72701b8
470147e6
45feedf8
472948a1
47225071
46c82bbe
47d64c51
c6a49304
4677e5f4
467210de
c710ebfe
c69de62c
42a123ad
c52be62f
47ae7903
46e20c97
4dfa981e
c74bbe25
c6616b35
460fd188
45f4d2a3
c7332441
c5c6aea2
c78ec6f1
c5d2ae1a
c6b535d7
c727a893
c7400a88
c638369b
458d9ca1
44f5351e
c74fdcb9
c7685b20
c5e785df
467e232f
45f10d73
c66589f8
46990b93
4692ce76
c6c62b34
474f3a17
45b4df6f
c59b7eb4
c597cf05
45d49eb9
c72bcfe5
471a97ee
4615ea69
cde3cfe2
c42723ba
4615945c
c6ac6227
4611e8d0
c40baf1c
c6f43181
4719a15a
c763f743
c718b61c
47913f6f
467e9a62
c73ce4a7
473791aa
c7095b9c
c6b0c5e2
4743efb6
c581d87d
466911b1
473061e2
46040115
c6ae3010
46f951cd
465899d9
472c2c1c
46c773b2
4708b252
454424b3
46fca9d3
c6eacff5
46b29fdd
4727f7ed
c697118b
471a3a1e
46dd02c6
47671b2f
4765b9b5
46ae2ae1
46ac935b
46cc199e
c6f8c292
c605fb41
c5ea1d7d
c7d02fcb
46b1de7a
41d659e3
46a06109
45e43c85
46e4a535
46fdd3cf
47cb2f09
4615cb85
4613629b
46076dab
c6b790b3
457af181
479659c0
c6867f3f
c6b48453
47803713
c6280c4f
c7556911
c707123b
c684d2ae
46f7d876
c69c23dc
c783eba5
47a9bd74
474ba0fa
475becde
c73ca7c1
478869f6
c3cdf2f5
467d23fd
c708a013
45c7b2d9
c6197348
4676f493
c67a3287
466d7739
47a219c2
47582845
c70b4c9d
c625716c
452e59b1
c68c77a9
c72c0d45
4739877f
c697b470
c6b35b37
c6e69c0e
470a72c4
c6692237
46ce4860
46fbdf21
c5db879f
c6dd6340
4de3d01a
47162d8d
c6e2750e
c6ee6d58
c63ebd82
c64bed16
c64b485b
c56f0c8d
46f16562
47339c23
c7b4f1be
c5918027
4610b2bc
469729ba
45a6d783
46939ff9
c790ed07
c4996058
c69604e9
c6c893e5
c6d7c7ec
c612c0f2
c6cbc1c9
4715d3ce
46abb997
c5ff5997
46bacfb9
471c5de6
47250131
c7a89e23
471608d1
4645513e
cdfa97e6
45fbf8f0
4775f0ce
46cf44a4
47211eb6
45fdee42
c70886aa
473c776f
c6c2c987
c6d0b782
471016ea
c65f641d
c5566dd1
c73b9866
4698e4db
c764a99b
c70dd752
c78cbadc
c730029c
474fd4c8
46b1c8dc
c547dece
46bf8e21
46bacabf
46b6c927
46c74c81
47075e9e
46b9243b
45c91927
4756d3e1
4620f5b5
46aa93cc
46243182
475a7e66
c66526f6
c67f4c90
c6c76cbb
475ef6a4
c7206344
c628f189
46b90db9
c5289de2
c7938332
45696356
477bef4e
4674f2ad
c5165816
c7466480
4599a52b
4709462a
c742d0c9
461ce5f1
c4df57f6
4777726a
c788fea0
c6c78a0d
c741b618
4727173a
c6d822c1
c5fedece
46005992
468f21d6
46ad83a7
c6fe800d
47a38bc7
4710a070
4737f368
46bf05fd
461ff08e
46157a00
c5946537
c67e711a
46753453
c6a1e737
46fce524
c73ffa9c
4744fa82
c74b157f
47326636
47021601
c66d4627
c51fd394
44af1746
472d1a4d
c5ee4356
46ae210c
c6289c49
4766985e
46948e26
c6b2152a
475569d6
46afbdeb
47649192
44d8d9ea
470621b5
c7062931
46a99393
4dfa9821
c5bb351b
46d0213f
45b7e343
c644cd1f
c6dff007
465e7d13
456327ab
44c37087
471b0d42
c7510ebe
470150f9
469d5bbd
47520ab9
451d4a8d
474a5115
46aebbb9
478e033b
450bb2fe
47262b88
45b872a0
c6594764
4791cb69
c6925cd6
464b2723
c71fc460
c5ceb18a
c6843969
470a5c1d
c65a8ea1
c797393e
c6118efb
cdfa97dd
470b49a0
c70f11cd
4668206b
476bc168
c728cc76
45b1d961
4709d835
46cc89b9
478366d8
c6abbd98
4703e2b0
46466333
c4f076bd
c71462d2
47049073
c72240e0
c5bcc935
c71a5c1a
46808602
c780b32c
475c73df
c713da80
c527633f
c5f6f200
4788d270
44f68aa8
478b7771
c7855c9e
c4f93286
c6f560ef
c6647ed0
c5a816c3
c70bc60d
44aa76aa
c623e5c3
c5b66671
477b354c
45812626
4741cf79
c67dfdf4
c5c22c77
c69f9e73
c4d5ab0f
c3cbeec2
46ba224e
4770830d
c6f9014f
c71485fb
460ed134
46eec23c
c138cf88
c67a52e5
c66df0cb
4623c525
46a8d57d
47524094
45d1af54
47aa1095
c6efcb06
c74c6a19
c74fb713
46aaf028
c684e26c
47219136
463e99c2
c507e4ba
45485dbb
c6120237
c74b369b
4642ebb2
c6414b90
470f126d
c6b5ddb0
45b16a81
46800030
44f85db6
c6401c9a
474b8f0a
463e9d88
c760cdd8
c68fff16
474c1c67
c7b23d7b
470ddb9f
474ec2e7
c6349798
c731fdec
c349d5b8
c71baa16
46826214
478de7a1
c6772d79
46c26aa3
45f4b720
46d5f5b5
4729165b
4dfa981a
c5b223d6
46b662db
45b9d5c3
c436b80e
470909c7
47805569
c70ab2ba
472a13fa
c7a3a350
476108da
472bcb18
c690d79e
46c03167
47a6968b
4631bd68
4753ea03
46c7a716
47963eae
43217e2f
476b4ffd
45863f2c
4722d5b5
c6f345b3
c50a3bff
4761e79d
46172a1e
c587b950
c5c2d5be
4486b5cf
c6a430f0
c77bd8c4
cde3cfde
47945cd6
c60417e6
c6b02c5f
c685fd0c
c6885cdc
473c87f0
c7256179
c680cb4a
47a2532f
c6788d9d
c7d829da
c780064c
c284e26a
4710ad15
c692713c
c779f022
c7119772
c79188da
4716a2ca
47c05c4c
46f15102
c64968c2
463fee7c
468204f1
c77962bb
c5c48ef9
47932602
46547253
c6ae3317
c58699dd
c68cc950
c59fdbf0
44b233c8
c7b9e2e1
4678ee80
46144f46
c7715364
c65c8bd9
c77787e7
470bd64d
c7582c93
45748ec1
c6bb0b2a
474ce8c2
c655ed40
c4859922
44973618
c543769f
c68c4ec1
46e4dd21
46ff2a41
4738eb9f
c5388c3f
46e93dca
45234295
c6c4dfdc
c71e7569
c6b8285e
459a5e7b
47a98b93
44dc00d2
46fd46ef
c72428ba
c751983b
c74ac5f7
4625fe00
46ab7d7b
c760b95e
445b792b
474ffc25
c7054d04
c60a2d95
c6408f8c
461006bd
c726175c
453774c5
c672351f
c6cdfcf9
46e54773
c4ed4804
c70d47fe
45e0d3bc
46c7ed67
4727ff40
4610f13d
4699b6b2
44de4a0a
46185673
c676dd9a
c6fc7856
c6f980b1
c6914f7b
45ae93fe
45f90d54
4735ce23
470302b5
4de3d022
c6ac4d82
c66dfe75
c62e1d89
46e40585
463c8594
46467c67
c616df1f
46973fc0
c7b77f84
45d17fc0
475f014a
458770a5
4713bcf2
c60d833b
46c6c804
477ab86f
47739f49
474901cf
c78eb432
474bd3d1
c608b363
c693fafc
471ea30b
c64b94a2
c5950845
46116cb6
c51b2b08
c6c8cc5d
474b664c
46e8b963
c696beeb
cdfa97e6
c3b7adc7
45bca272
472fb163
c62045e2
c6b2f527
c6591abf
c688f252
46a06a0b
c6067e89
c6dfe7a8
4689431a
467ac94c
c72d9b22
c6ffbf19
47556ff8
c711bf8b
c6caa5b1
c6509edd
46aca4a3
c68c417d
4644a9f8
c64a8bb2
c78dcc94
473a63f4
4555688b
c68a41fc
c688560c
c6b3337e
c73eba52
c6cad00e
469298f8
46e02489
4704f074
c52ebc15
c781fdf6
45bf0abe
473125f8
4771c843
c707db33
44274b18
c70ad214
45cb88e3
c783dc1d
461b30c1
c758b1f7
4421ec30
464dce6f
c75c280b
45d6d514
c7a81bb3
46561a77
c5bae01f
4658e5d5
472c9185
4687ff65
c75db3ef
472281df
c6ccc01a
45ae0a65
c6b4c283
4555f030
47048448
c6d35e47
46fb5939
46c8c558
46f0fbc9
46cbaede
c6e9fb95
46940f38
46818272
c677db16
c7551506
c718ba2c
c68a79aa
47538c2d
4783c916
c52c4a68
c72ff137
467289c0
c733481e
45e42d42
c5a80abc
c77ffb43
46d670cb
c6d2d099
c5924254
c70a2286
c720c9db
c784c037
47ad3f61
c79de152
c70f7bb1
469ef36c
446efebf
c6bb5e16
47355a43
4dfa981d
c6ed547a
46a34063
46a809eb
c6c3e13a
4730fc48
c71173ad
c6d00059
c68e85ad
4716f28e
c4a8b415
c6f8a71f
c7184a2c
470f9630
c6106afb
4671da0b
46c5b04d
46276416
c5a26c53
c63bdbdd
c73ceb04
c6487097
c6b2e33c
c70418e0
c689e4c0
46e9b45f
c481d00f
46da1740
c7d2941c
46a5f156
c6f612f0
472db264
cdfa97e4
4765ef26
c7a60799
c6f73360
46ea9efa
459b41b4
46b0716a
474c6dd0
c704369e
c60048dd
c6af4b7c
c75eec3b
c6df6c78
c60a3952
c71a1d21
c6ca20ec
476fb866
c763641e
4653f6d4
45985786
c7747188
c784454f
c669e83b
4681bad5
c73d7254
45600d0c
46eb1f73
47234200
c6eccf34
c680b9e4
c71dbfa2
c73a3cf8
c6ea715e
c6c613c0
473366da
466a6df4
4369eb59
4738a7f1
44515f77
c61a663c
471ef691
c597fbf9
c60adac9
c7863eaa
46500536
c62e1b7a
465409f8
c704d1bb
c6eaffa7
468f8737
46235eb3
c701d24c
46a1fe24
4751638d
c6e1d794
c6af9233
c71310f7
c7282452
45506c1a
46717b97
c702e685
4692b386
c78d36d7
c6bba73a
45c2a5de
46fbfc55
c60ba0ab
c6ccdcef
c728884f
46040ee3
c660f658
c6a4d855
c7071580
44cdddd3
c727d248
c6ba502f
46cae0af
c58cae02
c7752f1b
c6abdd92
c7789c33
c4d52015
46f31359
c71f1b2d
c70c7419
4688f2af
46b74bb0
473e9d0e
4585ff2d
4710d8cc
c72b0551
46c871f8
46d1196d
476b0710
46cd4759
c6a98647
c682e4db
4dfa981c
46391c33
47761cc2
45037458
c71523a9
c6694ca9
c5ccca20
c78f44db
468352e7
c6e0969f
c6072cf1
c6a35d06
46a5218d
469af2fa
46ee7d95
45f56202
c7b81ae9
c3e46b64
46e9105d
c65114af
47291108
c6b9e3ec
459dcad3
45b3f8ea
457551f3
c6cae82d
c542e978
44c8bbdc
4690e371
c695e58d
c40fde83
46bc6343
cde3cfe0
472782db
46c49814
479a4784
475030c2
4788a252
c6dca5b1
c6fe9c67
46015615
46967184
46c5f3ca
46c0412f
c3f2b057
46ce978b
c77ee424
c6ac30d3
472500c9
c7373e79
c6e078b4
c62cfbf6
46c2d1b9
47dd9d06
4685be2c
474933ed
458fd744
c7423d55
4649b157
c688643e
47389e43
4614a8fd
c6fe74d2
c73f2977
473947a1
c74b7562
c5432817
c64891d4
c79605fc
4734273a
46baf75f
c6b1f7fe
473b8cb8
c6e2be63
4664c65c
45c4258e
47205128
465207f4
46f2f9e7
466e932c
c6cf633a
472164ac
c718f104
441cc9cc
c6904e36
4795d13c
c7425298
c6dd2c1a
c78ee126
47358f3a
c6104c70
c646ed1a
c6ec1c81
468fa0de
c6f5acd5
c672d38d
c55c9266
c5a8fe60
c6d98bb7
c6cd748e
c5dbc04a
c73e8485
4745394d
c725f1af
46d3ccaa
c78959d7
c77e2962
c6f14248
46e35274
47a02d1f
45aa4e9e
c7963677
468c8b3e
4641654b
476d3dbb
46c1ad65
4730df1b
4494c6dc
476d1e04
c6ca7f68
46cfe26d
c75e4f20
473538af
c6eb961a
c654724b
c523d1a0
4611de58
c70cf703
c6d1698d
4de3d01f
c68bef39
c70e6471
c7828f94
c701ffef
c7987d69
c4eca98a
c64ee3c0
45e8a553
46bce6a8
4622942e
c6c56812
47305090
45b5f49c
476ef91e
46945458
4621c613
47182419
c703999f
46af6afa
c70768eb
47a0c758
4702c176
c7475bd7
46961f55
c75df95f
44f5a728
c7038c8d
46c34ee8
46b09551
c6734100
c69e123c
cdfa97db
c68fb245
46a5dc05
46fdbe41
46eb269f
c707c1de
c73deb16
46fcf7f4
45bc2eee
47416b90
4645fe3b
c74512e4
4620b654
c7a7fdc5
474c64da
c50cb1c2
c5abbdf8
46994b21
46a7c062
c69d30f5
45cb1abe
46d88040
470bb4d8
459f5e62
c53dee44
c5f9c591
46ea7fb4
c7aaaca4
46c54ccd
c62fc243
c6e5b053
c5b14da1
c4511240
c6f858d1
471c2b94
473e5286
468eafe3
4631d698
478e5bcc
c6a1d945
c6dccdeb
46b25f80
c6f26187
477c80fa
c704ebb0
c45568b5
47ab4bed
475fd0d7
c67c5f7f
472b69d1
471efd5e
c6163dc4
462ccc5d
46ef5dd2
45d8477f
46ec6ecf
47a74209
c780d2e9
4694a4bb
c6b6a295
45ba0b1d
471b3397
472f0536
c6a2bf27
46cdcdd6
470f6e22
4744a286
c720c2c3
455c10b7
c6dbc5c3
45ff099a
c6a00433
46fd8274
476aaa33
c649272e
c649c8dc
453b5c80
c714cf13
46ae0890
c6a1cc73
47071e69
46833cd5
c6b36e6a
c69d2d2e
473bc8c5
469bd31a
c78962ed
4602a694
479d5aa0
c621afd7
46be0e69
46ed4917
c5f08250
471ae1ff
470d1bfd
4725ec55
c73873e8
4dfa9823
46ddc552
c69994ac
c7153f5d
4663b2c7
4761c0be
473fc2e2
4545d6c4
c5d65193
c7734466
46ba708a
466b74fd
470f8683
4796e004
c6e5c96c
4769f1d1
c65391eb
473adb8c
c7919d7f
462b0f53
4680d23a
46e7557b
46b01732
46843b5e
c705e0ef
c6e516de
c6f1f950
c7004eb8
47455d4a
c6a498cc
c74216eb
46bc866d
cdfa97e4
47a5abd5
4628d587
43e4d4e3
c6bd50b8
4609da56
c6eab168
c7253446
454e760f
475136e9
46e38acb
c77a44f3
463b526a
47354bdf
4734ef2d
c6ae1e62
465b7562
47306135
47020ef0
465fd896
c6c12175
458106ce
45ffe461
c6ccca95
c587b75e
c71d3ba6
477a253d
c7068020
457edad3
c6f07ad3
c6ee83a8
c6835508
46c39a9b
471faad1
c752acad
461cf673
46ab7394
c6f38655
45ab1ead
c6648e1f
47a45204
46dec132
468e427c
464baed8
4775a5eb
c70c7c20
47483f9a
472124e7
4639b05a
c685973d
46984feb
46d0a3b3
c743984a
c76a69cb
461a501a
46f73a77
46e94296
45b8f11b
c682b4c4
c740d16a
c701a2ef
c704cda5
47d7dae6
462fa3f0
c62d3303
45e3648b
c6753327
46d47267
46ba9276
c57ef7fd
4783523b
45322107
4752a1d9
464e5d88
43e840c2
4698bc1c
45d46e12
c5305c55
47330d49
c78c9095
46009529
4732ddb9
472625ed
c6576f3e
47585732
471e5e3b
4750557c
47aaf78f
c6fbb6ed
473282ce
c4409f89
46eb4cde
477fb7d8
46bfb1fa
476de1d3
47280236
c6779ebe
4dfa981d
464b6968
c69503aa
461a9347
c6d709ad
46d6ae63
46d1d06a
470eb1a5
46768fd0
46de4b8d
c674201f
4721115d
c633264b
c7c6889d
c6715ee4
46eead11
c7042122
47774d2d
470c4f62
43426619
c75da357
c754c79e
46e1d694
c62ad8df
c5e67a2b
46ab13ee
471b186c
c667fbe1
c6da1bc7
c40814fd
468c3067
43f2623f
cde3cfe1
46f2eb7c
47437772
c62784b8
c61ade0b
c7020951
c610ab48
4633ffd1
45aa9e36
473be771
c72c96f4
475a8c6b
c6e928ab
4725d498
43dd0b24
c729bc52
46932ff4
465e8fd7
46cc22ed
4679b6cb
45eeece7
47100c17
c79cbc12
46c7198d
461a7809
471c468d
46fbaa58
45aec350
c74fe75f
c7367ad0
c53bce40
478dbf58
c7361ff1
c53f1105
c61e37de
47001bd2
c6e495d7
4749de23
476e3404
4685daa2
c707f5e2
c661f63f
c6d334d1
c5817029
c7421529
46a11634
45ec30f0
c5054dfc
c7196c7f
c63a2d6b
45a5b09f
46a2e994
c7343c09
c6a580f9
c716e707
c67821f6
46522da1
456f7345
c621ab7f
c6fd7d3f
464ab19c
46c66eaa
c4ffc012
473636a8
474e0c22
c6eb1168
45c48235
471a5a46
470e33be
477db35c
4709396b
c5ace557
47203c28
467a85d8
c7a0336a
c736a250
470e5e3f
c6215f78
c7b0461d
470fb172
c4c4d21b
c5358af2
c7d7f836
c60c2aa1
4745d571
458aa991
46ea15f4
46990bf7
c631b805
46783f74
470e8512
c6f72f32
c6d0de62
46c0ecc7
45bdccc4
4770c165
c6d1067c
4de3d01c
c72db1f5
462c76f5
c6a7afee
46691678
c712a1de
46333b2e
46df727e
c6f915e8
c7249c21
478c71d0
c6da53e4
c6c669a0
c7399c10
c6c1fb7c
c70b3f49
c69da74f
46f1c82e
468b970a
c59d238e
47393c4c
45f52996
47478e7b
c43c5d53
c5c9cb50
c6479993
c63d76f5
46f4aaaa
c6629fde
c705399f
456409d7
c6e2aaef
cdfa97e4
c5a6af1b
c6478f84
479ea1ef
46808f00
4753c4fe
c751127b
c5dbcc7f
c71345b7
c63a2701
c7058b29
c5cda705
c6bb0500
459f53b1
465efb10
c693c755
46a29d63
46c5ad5d
47252d6b
c75d3fcf
47523223
c71fb673
c75f8b6a
47018509
c6085276
46d1f46a
471cb505
c6b6ca36
c6722201
463c71e5
c698f851
4720e41a
c5a88ecb
c4ca695c
c7d0e117
c7b3aeb1
c6a2a0e4
c6a2f602
c74b4f7f
c6a43816
c6ebb469
c665a3a1
c78b4318
c626c185
4734347c
c7046ef5
c70de3e5
46bc44b5
c6de5b3d
c692dbe8
c7587693
c6946a45
c6195bd7
c68c01a4
c54d8b51
c5e572a8
c7495f1d
c7757cec
c775122b
47678f4e
c61109c3
c6c78b2f
c63aae9e
4666473a
47198584
441b2393
449ae169
46bde9a8
4630362b
c648b531
c7096de8
c663a183
479b2c42
4723f7a8
46777e10
c721399b
46eb996e
c712bf03
45b02956
c67e9bf4
c732f1aa
45c0393b
c6c3ccc0
c568f311
c630bdbd
c6cfae31
c7323074
c77bce5e
c657a573
473257b4
45954134
c7478d17
c70d5ce6
45d854b4
c69ca182
c6d455d0
46eb6912
4dfa981e
c5df318b
c618c797
c7838e3a
c763eea6
c69a8ec5
469e5c05
c55f28b4
c6eebc83
c63e05a9
c68a17e9
c6fbfd86
46bd4110
458f9f33
4416f74b
47180902
458605e9
c792106f
c5580943
c73424bc
c65c17fa
c6c8ffb6
c632ff27
c7272674
c6cbd349
470aa4c4
c5189674
c75d5a55
c7307439
c6f24333
c7105c23
c693b1b4
cdfa97e1
c67ac0b3
c75b3b54
c67552cd
c70d1d56
4735f1db
c503066d
44cb908d
c7130f08
45e36117
c74ad5d1
470cad98
46cd734e
45fae425
c6941316
4798b2f2
475d48a8
c5ea82cd
c728cbf3
4625ec39
c6b0471d
470108db
c75d582f
466c29ec
46c1ec75
c6989bb5
c70c081b
c5313536
c63cd3a2
c7190fcc
c770a8d5
c788ebc6
469555d8
c72d2a8d
c6d84e61
c77ccd69
466887b9
c73fa8b4
c749bcb0
46a1c6cd
c73a0088
c72c402c
c73566bd
c78e344a
c77f4a33
c69acbd7
c66002dd
c66b9287
460082e5
c70c1c44
c76b73cb
47ba4c11
c6de3e0e
46bb5400
c5c0d534
c6ae1a3e
c68e439a
c6c66954
c67a1e5e
c7068dbb
c747963b
c74453de
46aa199c
c71b6a2a
44d30ee1
c6da1265
c61766b4
c72387da
47460507
c6f9d678
46b0b9b3
464bb5b3
46c16f70
c6cf42ea
c613a933
c75b7248
469ac238
c7a876f5
c72cff66
46c83b70
c7745955
c6919d56
46ad0ba1
45cf2820
473a7d85
454995a3
c4c64c52
c5b9a3b0
c6aaa3ba
c5f4b7a7
c750c39e
c6fda939
46f18b7a
46cdcd8a
46d86756
459ae61d
c708037f
4dfa981e
4608cfa9
c70d66bb
450873d1
473d3e60
c7a3e81c
c6ea63cf
c69953a3
46b7dcf2
c6abd427
47855e6e
c73d9a05
c7507705
c798af19
c6e4f013
473c22b5
4607fb7d
47150c5d
c6502cf2
46bc8f1a
46abce87
c7232d06
47908e10
471461d2
c6d712a5
c5fcd908
c5e66f83
471884e9
47babef4
47637e90
46b9f86f
c6b8437f
cde3cfe7
45b6a033
c6374791
c5766dfa
4761cdf0
c710146b
c65d4811
4630931e
c5451353
46237a46
4696fc0b
4646b194
4722402c
4700eeba
c6cf66d6
46c40fd7
c4c6de25
47869dcf
c7291419
463357bf
c5db1cd9
c6fde9cc
47a1d41f
466dae9e
c7445f9f
4788a07a
46a6f790
c6a9e6f2
c713b432
c72bb995
46f31096
c691f6fc
c744712c
c554c2cd
c624dcef
c52e8362
c6aeae97
c77f54a6
c690e9f9
47315a70
46988514
45a46f5f
c5e4708a
46cae92e
c7028482
47140371
4736d4a0
46dea9bc
c5817274
c7401f9c
c729e035
c69452e1
47835162
46cd758f
c711ad45
443fbc1f
c79ef2fd
459e8c2e
46daacf1
46dcc4ea
465330cf
46785712
c45d9a88
4752070e
47933bd3
479c0db0
c5ad0c2e
46186264
c64ca1cc
46c9f3ef
c66c3c57
475bc475
45819007
4680d2ae
c69be517
465ee75d
c6bb8211
c5d4969b
4743e4d4
466e1326
c706f5df
c7804b70
c6386b12
c6eee1b7
c6ff1d37
c70cca68
46b5b2f4
47038c2c
c693a057
463c6aad
c69b6829
c729ed85
c72bf1b1
c6a68f14
c72dcd4b
465d33db
4674eec1
4de3d020
472bb53f
473e2e20
46b1046a
c68390f2
46a0e277
c6dc782c
c6e8c587
46bae7dd
c6a756fa
459ab2b4
c48c7c94
46cf3d57
c6f4fca2
c541a0c1
c507c5e6
c347cd00
47846e47
c730a2b6
45bac85a
c7215ab3
c747b251
c77341fe
47557de8
474ca331
c571a2bf
46c953b2
47402b97
c5f9ac46
474687b5
47a076a6
c6cb9015
cdfa97e4
c5af5629
c6985935
c68e9732
471a19ef
c677be2f
46fa3b41
c7b18c94
45b27603
4702c801
c667cefe
4701aa63
c796a249
c700b007
45dc3493
4771f434
46827aba
453382f7
c6bd63bb
46ce4055
45bf6931
c614aac2
c690e327
472c4004
474d4972
c4f6a6d4
c7a9fa89
c58306e2
c75deafb
469ad7a6
472dd04e
46569cb2
46a4ddde
46ee160d
c691b15a
c69979aa
46b4ba65
470f46cf
468654d7
471a3203
46f8c155
c5b17b67
47cbd049
478207fa
46950266
c6ff32ca
452cf0b4
c65416ea
c5e045d2
47049b9f
4699ce70
471ffde6
c66da362
46f25643
c6def3c8
472660e7
c6796073
46d628f1
c6e0cae5
47ba797c
c6c68e65
c73a76b1
45b298cc
47167ff1
47024ebc
c713a60c
c707e26b
c6b7d379
46f88782
4711a10b
c6c8d194
c78e0df6
c4fa1191
46cb35cb
c63ab671
c681a468
459c07dc
c7a82330
c605a303
c69fd7c9
4788957e
45858717
4698fb9c
4735825c
c5874a14
47704ff0
469a84b7
45530854
c63ef548
46633399
4745e449
46956353
c6f1ebf7
c5692f89
46f5e8d2
45962f43
c6888a76
4dfa981d
47e7308a
4578d16b
c6e69a0d
466ca314
4671e642
c68b1357
4798a343
c530c3b4
463562d8
c5452bed
478bf5cf
c600edd0
c4b1936b
46bd7829
473054b6
c6349a7b
47e868ac
46f8a4d0
c70fd8d8
c5da4356
46099187
467d4219
46ef4667
465767d1
46d27f36
c53ce045
47793f46
46855ec5
c52d9b91
c5db2653
47568e72
cdfa97de
46e3af86
45b2777b
c72825d3
469e97b8
c6ee2f3b
46e8a815
470192f5
c66ee77c
46bef581
c75b84a0
c6766b43
46197246
c730acee
c42248c6
c7131700
c5b1671d
46994de2
46ba5cd0
463ffee0
46c4742e
46fffc22
c756649b
c5cfbd7f
c5b1a8d0
46142b86
c75f38bc
4622c166
4615261f
47729b9d
46ab30d3
c66329d8
476c181e
c790cee8
46d88e1d
c71eb201
c67a1394
c6071fef
47964f19
465a5112
475c596b
46cd2ed8
479b0f77
c593a438
47edd7ce
c58682dd
c7839f22
c6adf029
c602f6c6
45e3dab3
46d29300
47a4a4b9
c5c4ea67
c72536a0
471e51b8
c6f43785
c53d5b0a
474d67b6
c6d9b41b
4797087c
47a0389d
477efcf7
c7463990
460ee532
c7a15fa7
47104f39
47447e3b
c6eb60e0
c6a3b5c0
46c7cb65
46a25f19
473a8ab9
c5cb7a91
47e2f0dc
c75ad484
470da242
458f7d95
c70490cb
c6543674
c6d18689
c6bde03c
474b8208
45755470
465c7648
469b12a9
46b8272a
c68006c6
4482a7e2
c749d919
c5956839
c6a82a33
46ba697d
c61c83e8
461b2ae9
c4dd9f58
4690da9e
c70254c5
4dfa9821
46d59e24
46234e03
473d3bca
c7356252
45612960
c6af6998
46f902d6
c53f8f0d
478f11eb
c729ad8c
4675f8ae
46a9ebc6
c6ab7fd4
46ddd22b
c66aac81
c6ea6e61
c6a0a330
47079f0c
c737e72e
c494f9ff
460af2f0
c5f451e3
c6a35c5c
44432692
460c9bee
461e3168
47899adf
c604350d
c6b2117b
4661b98f
c6434e16
cde3cfde
c7147c30
460ef0fb
475cfaab
c7580197
c7559152
c698432d
c5ff27b6
46be5618
4631f803
c6a1f03b
c5933038
474f5b41
478fb90f
c68eaa02
4635a1be
47894e2d
4795a63f
4799ea33
c5abd60a
46abe042
46cdecc9
c61b2fa9
4711c521
c73ab7f9
c74284ba
c6ba1ac5
c71cc85d
4606677d
c5c76ee2
c6ef9b63
475d8694
c69855b0
c6fa6893
c67bc2b7
46df7c7b
471e8a02
47186478
c6b67ef3
46b159b0
c7427b7c
c5dc0b4e
46d04b72
47268c19
c58183da
47d253de
c5f83c49
c7106750
c6b6eea2
c724ed58
4658b09f
46c6f9be
46072a60
c6cf0cb3
c68c68e4
47873599
c7130348
47993e2f
45ad0124
4543082a
c6c64706
c72715b6
47579b29
c5cfda16
4705e32d
c51edd64
c6683423
465f517c
472468f6
46b07f19
44dc4791
c6e20600
c599f676
c6ef32f1
c6c6baa2
4755e4a9
c686279f
c5baa55a
4720e14f
c56f5d7c
464fbd33
46522f9b
462126f1
c702a9e9
c51841df
4739087b
46eb0080
47481496
c69a9e2f
4793b061
45aae70c
c74d0350
c787f01c
c6af5e8c
4724f3fb
c7029f5c
c7409053
4de3d01c
47ae7b8f
c6c61732
4749cee1
46697249
47144480
c6a941d9
c5bbec02
c717634f
45e3ff88
c53431b5
45c3aa1d
46f24a22
477072ee
c6643102
467e558b
c72a0d76
47617356
472d21be
c6798f9e
c74bdb6a
c51fbb90
46d0f159
c54fbfa5
c621c668
47b1ceee
c6b62efc
c6c10e5e
c796b75b
47536296
c6240cdd
c71223f5
cdfa97e5
46700e13
c63339c3
c772332b
c6ee56ed
c640c265
45eb65c6
c741df79
46ae8c5a
c5ba0d81
46f7372a
c7474a7c
c6113199
c64806d3
c69a43f0
c4949a8e
c715db92
c778d673
46707b8b
46b45a17
4788a1da
c784d15d
465e2993
c667ab0d
c6fa1c5d
c71b422b
c6f524eb
459928ef
c79e4077
c6c385a5
470d38a9
45fbfb65
4724b837
4635e3af
c5ef5e28
c69badb9
c752c473
c6b88313
45472d98
469e201c
4733b0da
47359788
45f33e47
477b2423
45cbb0f8
c69a6953
4622bc4b
c717eaba
46279c8e
c79e8f76
46f3cea1
472050e0
c702d405
46a3b11f
472494b5
c601638d
4522d01a
c69ada5f
46e9732f
c6856975
c681f5f0
c708c7f5
c6074152
c6f6097e
46ab81b1
c6e33737
475c669c
47474573
4701ff11
c6b1ef62
c7962595
c6b08771
474228ba
46436c1e
c700e2af
464219b9
4761c5b0
c6dd8a6a
47222b84
4654738f
c69ed332
45ec945d
c76ba468
c7bd3376
c61997f7
45d1feff
470f6f00
c74ac431
c3ba977d
c7a0c47c
c6311f46
c6376423
c6434cbe
47ead801
c5a230c9
c78a2ee8
46645d0b
4dfa981e
c7551656
c78a4324
c5218408
474f3776
c71e6d44
c7023c60
c74b0069
4720bd70
c7225931
c759aaa8
c600c6be
c56f2e88
4693f288
46455130
c726c47d
c615e1f6
47712b3a
47577035
c6d8d5f0
c757038f
450fd410
c72e7fa1
c78663cf
44218916
c7a058ed
47a2234b
46b9b30f
47549fb8
4705a183
46e770e4
c73e5de5
cdfa97e3
4681cf61
c62c1353
4729efe8
4721921b
c7244c37
47609034
c6aa75b9
c652b906
c5e69a92
c6512740
c55fc096
46979b46
471179ca
46f9ed66
450adbcd
46bb7eab
c69fc256
c77650af
c6bdf012
4779f5be
c6bb546b
4772b187
c6b1498c
477cfdac
4466ea60
46542470
c76f0363
46e0542c
4712ae16
c71aec4e
c633e203
454c6fdc
c7144bb4
4687b98b
c705e633
c6d813fc
c5d5e45a
c73dcfca
c78f24e5
472f903d
468c8d40
c5c02984
4636c868
c76fb1fa
46d44424
c619a58c
c702c4d0
c79b78bd
4718d4d5
46061c13
c76f3760
479051ff
465e6fa4
45549643
469e7fc2
46b9c817
c641e5b9
474d3ac5
461b4980
4623ff13
c73a7e09
c698471b
479ea34d
47ae2c31
4672915f
47392640
c6d92bba
c78ed26e
c7095e1f
c5631398
46223a47
4704f723
c68c6c09
4598cfd2
c459da8c
c71cd1ea
46b575cf
c7108db1
c6a9edd2
476c4cde
472c0816
c5231944
c783f890
46edc14e
c62a652b
c6892796
471363f2
4687e198
45c5a1d7
47033809
c7943057
46a3f55f
45aac093
c74efe6a
c741413c
4785ba65
4dfa981f
c791888d
4671a8df
46c4b499
c68008c8
c64ea417
46faf549
4759bd7d
45536c52
c74d5c57
473b47e8
458e54f1
46450d6f
45f1ca88
464b9244
46ab071b
478e314b
c70f395c
469c1e9c
46e5d809
c727ffb9
c6d88df0
c679fd19
c7202a1d
47096bc3
c7775bc1
c5452339
c7d75889
47157c53
c772118b
c6e9596a
472e7034
cde3cfe4
46f9fede
c57525bf
c63811ef
46fd8133
c5f4671f
4658786a
c7328df7
c431391a
c5d74fe4
45a331bd
c74b45f9
c6e85f46
468ef79c
471af041
c74caf0a
4682e362
46ff6627
471cf90c
c7a637d3
467cf991
45bc31e2
c6850e98
4718ae22
c638689f
c541bf5e
47495444
473f8a3b
c60e8371
c4d3e3ca
c60a5564
c6e16473
4719d874
46523afa
4741e687
c69e3578
468be259
4689f724
47437651
c6aa52df
471a572c
460e09e0
46950d65
47214672
c70f9c21
c70c62c2
4661552e
46a3e4c2
c728a598
4752e8ce
46bafb1b
c5690074
46ee9281
c70d4194
c62a4172
46e60423
472e563f
c66b1f02
c69f733d
47868ac0
4700a060
47b032b9
46edc00d
47254e5c
c6d28eaf
c719f659
466fa6c6
4672bb2c
46b2347f
475c926a
46159ebc
46af6669
c7212eea
4767dd91
4745982b
c7883262
46c121a1
c5902cdd
420614d9
472c4d74
474a4358
c75c5341
474dead2
c693e5f2
45f268a1
473dc785
c68d1b3b
472a6799
475ea21f
46c14179
47800942
c6877ab9
477d902e
c70b0155
475cd93b
471989dc
c69c7cf8
4de3d020
c71fc4df
46eea869
c6940f39
c70b09ff
468ba786
46c95344
47348af9
c719469b
46af8858
473f8bca
47b2977b
c6ad6a1d
c6efcff7
c6c4633b
45ee53e0
c7a12ab4
4700238d
c5433411
46c02fbe
45df3420
46f46073
4655f8c0
4705e4f3
4774e8bf
472f7686
c70537cf
472584cb
c69f612b
c70b464e
477d6f96
46710b7b
cdfa97e1
47042a37
460c2b94
47095642
c637479a
c731f813
46fe565d
45bf64fa
473ecfb7
469c1ef8
473b9c38
c6c7873f
c5907453
4708d0cf
471ad09a
466d7499
475851a2
c6d276ef
469ee304
c6e1686f
47197623
46da0862
c69f0fe4
45b007b3
4790b5c2
47318b45
c6222ff0
c7040fbd
c534472f
45fa64d3
471d5880
47a917d1
46c02705
45c2d2e2
46d02395
45a4dfdf
46ea7814
c73f5c3f
475c249a
4604606d
472d6c5f
45680c9e
464a3f33
472a4045
4786ac30
46d3822e
44cdefb6
4745613c
4770c826
4705bb12
c5fb7426
c64fc95c
c5ec4388
c6522712
c793b33b
4715721a
441e2e98
46ed58cb
469d7a1b
c6cf0cdd
c71ecc63
475eba94
47ac1fd7
4495c89e
464b7d8f
473af375
c4fee61f
c7809765
478bf170
45eb9849
474967e2
c6f5b699
c672b023
47495c57
46aa41fb
c74313ab
c49f85bf
c74e2d3c
c69aa8f1
469491b0
4389f0c4
479bc028
c6d257ca
4455fa1c
46b712fa
4751f8bc
46a76aa1
c73567c5
471d42f3
c69879c2
c6c8d121
473232b5
460b9308
4709bc0a
467eea8e
c68ae50d
46b500a8
4dfa9821
c781f05c
c70e71a5
466e9ff2
c7437e57
4684fde1
478e53ff
c6484b1a
c645d6e4
45ae7d33
46f16e13
46fd79f4
c3f7d90c
46a21907
c654bb29
4722ddfc
472f7d85
467f5d0d
c73cce6b
46ba584f
45fa74d3
c620cdd8
46d6bbe6
c66992d2
46764c23
c3479368
469473a4
4662ac5b
c7a62eaa
461c2a0a
45e83f80
46ef500c
cdfa97e0
4705c218
46e6dbfa
46bad668
c7a6bf87
473d541b
c66bc3cd
4703b893
46580b75
4649b066
c3433cac
c6a6641a
c5573c76
478a012c
c767feb4
46a37b4a
46f470e8
c4cddef5
c7002dbb
47861adf
4778e1fb
471cb153
471cac08
c5c9e268
c443890d
c5d0b0b5
c63c560d
c6d032e7
c73ef321
c721fc51
468d9ca8
46a34087
c4788917
46f66bde
c79a3455
47bb2231
c7066bcc
46344265
c654c7d4
476f8386
c6a81819
c754eaf0
471d7dd2
c6c2cffe
469cc2cf
46da1b94
46abbeef
c68b0911
46d2f504
46b7df7a
4694dd0d
c76174ae
c580c126
c6dfd237
c6b3af13
471d5171
474d5cd6
455413d3
c6004c6f
c5fb46b3
466c20b9
4738e88e
471a5827
c705c85d
47268c4a
468fd505
47761fb6
45881fd8
c6322113
462e8828
4634c1fd
c6876dda
c6245a93
47025c20
4636d442
46dbf890
477364f3
45fe9e77
44dc6da3
46c51c4f
471c3035
c7367301
c68b8ccb
46f10125
4653e9b2
4769820b
453c0866
c72fc9a9
c77cd34d
c6a7c7b6
c7068fe2
c67c3185
47663557
c480fba1
465d56ff
c6a0f44e
4754b7e0
4dfa9823
c5105d69
c722788a
462af291
c60d0461
c6d5f431
47214e6b
c6cda074
c5beedfd
472ff61b
46447220
47b65c5a
c6309db4
c706fcdc
4789b9cc
47791088
477c72b9
c70e6b26
c41e2ed0
4641ee7e
478333b9
466ffdbb
46f82dc7
c6ebd3db
c4f889f6
46a00b50
469ea9c8
461348e8
c4851bc4
46bb781c
476b21d0
454d505d
cde3cfdf
46d73e68
c5b31dd5
c68d1c93
465e5fa5
c751df00
45108432
466fb6c9
46eedde5
46735127
c7879917
c6d67014
46a210db
c3042888
c51f7d3d
c73383ac
c73ebe42
471fe289
c5b9dbab
47076afd
46a8ade4
c718034d
c6f8569a
47362c03
470710ed
c75a57e9
c61cb339
c6444f33
469f298f
47450fb6
4704d78b
4718ca10
476a9174
c61a4578
3fb70c28
46f37831
477da07c
c53cad41
c62363ae
c79332d3
c633d9fa
c711ace7
4710c9ff
c735e23c
46e403f9
46c6cbce
46ab02e8
c457dc9f
46a0fbab
47799e03
c73f6723
c6c23a3d
c78145f1
c68b9c8d
c62225b9
c5aadaab
c62da6b6
c68d13e8
c70a51df
c761dc06
c582e4d3
c6dd09dc
47409c24
c70da994
466a286f
c677db09
44195b5c
c51e075f
c6c3e99c
465d4ee2
c73137ac
c68fabd5
4688d87f
45634044
c6d5a75d
c6e4eb6e
c73ddb8c
46d0d1e6
c691c577
c72c9b25
c760f5ab
c66938c7
c70a107d
4599d4bc
47125416
46353782
47121592
c7365058
47140faf
4629ffc2
c73a9e63
c7083ed8
46250683
45ba9587
c750267a
c7375df6
473ced52
4de3d01d
c79ac9c2
47897b82
4609aa5f
c60f5c3c
46fbcd89
c734db8f
c6879379
c7045e6d
46455d2b
c6eb877c
c6a3331c
c69b5dad
c6b79cb0
c58fd652
c657a8b1
46e7b092
c71c62d4
c6f5dfe9
449008dc
477d0c56
c6d933fd
468339cf
46658d7e
c72bb714
46de2eae
46a51c7e
47ac6f19
c71f44b0
46bebfdf
c6f1de83
c4a6b255
cdfa97de
c77ae456
c75fcc6c
c6ad000c
c634eed6
c6c55775
c735fafa
c7822082
46ae3f45
464a1030
c6c9a3da
c6acc4f1
46d7f53d
c7541102
c59699c2
c69bc4cb
c5f93e0d
474112f2
c6cf39e1
470f0836
45fc523a
c6c8a0bc
c711eabd
c6ca1cbe
46c5be98
c7869750
c5ef5b29
c455c077
c5c38808
4716c768
c6d5464c
c6f49646
c5e581a0
c6c8bb29
470ac4d7
c71fcd2d
c7041533
4580d926
477ab430
c6b2cd93
c525fc27
c7440610
476bdd5c
c60636b9
46fea7d8
c6dcb306
46fae127
c68f674a
c52f1279
c73d22a4
44c8514d
c7364d68
c71897d4
c72439e6
c73acd75
46d3de2d
c6209a76
c66854c7
46c33348
c7325966
c6a52dc1
c54c3ee6
46a2f097
476183f5
45b3f954
470cf4ff
c72fe52c
c734a708
47741922
c74eaf50
c6b9e037
c637fab0
46a9e87a
44d9873c
c707d826
448be50b
46f60579
454e0ae5
466f04f2
c67d9c27
c6cbb087
c68a614a
479b8c4c
46e2ed51
47282276
c70f8beb
c70bb574
46bd0657
c66a9d2e
47314313
c72786de
46eb2d04
c7997ab7
46d39c58
c6d8d550
47073965
46ccb554
4dfa9820
