// case 004 k_multiblock - A[128][256] BF16, row stride 512 bytes
// 16384 words, 32-bit each, little-endian memory image
40d1bebb
3fc9402f
3f22be8a
4004bf52
bfa33f90
406f3f99
40ee3f89
3c32401f
bdf84017
bf9c40a3
4026401a
3ee8bf30
403540b9
bdba4002
3f7abd8d
40b43f3c
410c3f98
bf754007
4084bfcc
3f254016
bffb400f
40ecbec9
3fb34071
406b4095
401740b0
bfd43f9a
41003f78
3fa54042
3e4f3fa6
3ffd408d
40943fba
40bb3faa
400fbedd
3f04bffa
40463f58
40ea3c81
be2a4030
40174028
40313f7d
be7cc013
bff43ec5
3fd13fcd
400c4004
401640b0
3f0d4040
403c402a
40dfbe54
bf7740a8
3f8140e3
408c4085
40933fd7
c02d400d
3f80401f
403e402c
beb8410f
40873fc9
c0013f7f
bf0ebdf6
4022c003
3e63c038
403c402e
bfdb4080
402cbc96
bf11408a
40a740fd
c001befd
c03f4059
3fbd4059
400040d1
404240e8
3ff2bef3
bf8f4056
40123f90
3e51bf95
bfd0407d
40c23f05
3e1b3fec
40294081
4014c00d
408f40c9
bfc64010
bf964075
3c0f4055
407d40a4
401d4086
3ff1beb2
3fc03ffa
400a404b
408740bf
407b3e81
bf08bf71
40e53f37
3fb14013
408040d1
40083f83
408c3f63
bf71be8f
402c403b
40533fbf
4098409f
401a3fb0
bf133f9b
bcf5bf57
3fb93f99
bf074069
c00c3f95
41094085
3da34046
403c3ea2
3fb04030
40bbbe70
410c3fb6
bf31409b
3ff7bf98
3ff440e6
bfa73fea
3bc04024
3fef408f
4046403b
bfdd3f1b
40aebeb1
41063f96
be223f1e
402940de
3f9a3f1b
40b34019
405f4003
3f9a40a1
3ff54006
3f45408b
40823f6b
405abd47
bf713f71
3ef9408f
bfab4005
3ff53fe0
400c3f4d
410e400d
3fe23c18
4085bf9e
3f243d4b
40b1bed9
40083fca
3e9fbfa1
3fc240a9
40913f23
3fbb402d
40dbbed2
bf7840bb
bd174070
401dbf59
bf173f9b
4102400c
3fd63fa4
3f27401b
be7240a0
c00b3e46
40953f25
3e9c4061
3fa7401f
3f8140ca
40dc3f20
4090bf88
400ebfce
402d4006
4014bfc4
40b2401c
40edbd7c
bf303fb2
3fa740d8
40823f91
bf984006
41053f23
3f304092
406c409d
409c40eb
40de3f55
40e73e20
bf3ebf53
bfb9bfc3
40794066
bf3abeec
4066bd1e
be0c40a5
3ff0bf9e
40a0410e
40bfbf58
bf2b4040
3f3a40b1
3f8cbf5a
bd4c4061
407e3ee4
bec73fe1
3fd83ff6
4083bfad
bf61c005
bff84001
4107bf06
400e4042
3f2540b9
3e994069
40b33d98
4082bfa5
bdb13fb7
3eccbf44
4033407f
3f8dbec9
40fe4007
3e2e409b
3fab407d
40b8408a
407c3db5
40bebf93
be1f4097
3f81405d
40a5bf75
c01d3fae
40b03f97
3f1a4081
bf8b3fa4
403c406e
406c3f34
3fed4068
bd163e42
3f9d40c5
400f4065
bc983f68
40e33f37
3e59404c
be7abf55
bef7bf93
3fd53ee3
3fdd3f97
3f5bbe6e
3f88bf34
be884106
bf9b3f22
3fb7bf28
3f7e407c
3fb63f20
3fd5409d
4049bf75
3ede406c
400c3f4c
4081becd
3f2d40bf
400e3f8c
bf8e402c
3ecebeca
40193f6f
bf60c00a
3ff94037
bf82be52
3f6d408f
402f3fd7
4073410e
409fc013
40cb4014
4068bf60
3f8a4067
bf4ebd28
3fa940fd
404a3f93
3fafbf99
bf5b4090
3fcc3e68
bf7b40d4
403a3fed
40694081
40124053
bea24037
3ef9bf89
40b1bee3
40d0bf94
bef940c0
408fbfdf
bf4a40ca
40e23ff7
40bf400e
3f3a4094
3e294067
bf864080
405ebbd3
bf8f400c
403c407f
be5c402f
bf50c00b
be903e5c
403a4003
bd2a4053
3fd5400a
3fe5409c
c01ebf3d
40ef4031
3fafbfdd
bfa4bf62
3f0a410b
bf803f40
40f94065
3f814010
4049bf8f
3f86be85
c008bea0
bfb44023
3f833f3b
be80c004
3fc040a4
40d6401a
bfbc3ffe
be8d409a
400d40ad
40503fa4
3ebc3f94
bf6b4041
3f92406c
40563efc
bea1c01c
bf7c3fb1
410c408d
3fb2bef7
bf503fe3
405dbe6e
3fb53fab
40cf4074
3f734007
406040a1
3e374087
401d3ea7
3f8dbfc0
bf69bde2
4078bd17
400940af
c013be99
bf594003
3f22bfe4
bebf4086
beebc010
40b5bf52
c0273f76
403240a3
3eca4017
bf42405f
be6e4000
408c3e43
40043f53
be4740eb
407340c6
40c73ece
3f673ee4
bf243ed3
3f6840ad
4069bf74
40aa3f9b
40873f89
40324060
bf8340a4
bbc93f84
bff73e1c
c03a4069
3fd240b5
bf89406c
409740b7
40303fb5
40623f7a
3fb8bfb6
bd5540d7
40bbbf77
bfc0bdd4
401dbf97
40013fd8
40264084
402540eb
be6a3fa5
410e404e
3e92bfab
407d40e7
40124084
bdcd401b
bf684076
3e9abfce
bf7640e3
40943e5b
3a94bf09
3e604026
4085bf7d
403e4069
3fe6bf8d
bff9bedf
3eb23f56
4106402f
be9d3f8a
400540e2
bf30bfbb
40903e35
410b3f89
403c3fe4
405540eb
40784109
40883f15
bf7a4064
3fa0be16
3f443fe4
407b40ec
40e63fb6
408c4054
3c16bf10
403640a0
bfc540e7
bfc04004
3ec73ed9
bf36beb1
bf65bfe9
409b40cc
409f401d
c01ebea7
bf38403a
3e964039
bf8b404b
40de4018
410a400a
4021409b
401fc004
40b14048
40c33e28
3fb14088
be22bf6c
3f4d3f2e
40364087
3f1e3f9e
40ec408a
bb96409f
bf9d40ba
bf5fc017
c0013f2b
c01a3f25
3ef2bf3e
3f6f4083
40124012
bf9b4039
3fbbbf49
3f2c40b8
40153fd0
bfffc032
40993f5c
40ae4060
3ffabfe0
402cbfee
408cc02c
3fddbe6b
3ec1407b
bd2e408e
be3dbe09
bfc7bffe
40933ebd
3fea3ffc
400dbee1
3f9940cf
be234096
be5f4010
beb8400e
3f8140ad
3d2640a0
40ab3ecc
3f92403d
405a405c
3ff84022
4063bf89
bfd83fe9
40413f1d
bed94046
3f7040b7
408abe91
bfa040b0
3e303ea5
40e93fc8
40304016
bc40bf07
408d40c7
bed83fa0
bfc73f11
401dbf30
bf3c4072
40bc40a1
3fe84009
40f94079
401abd72
405cc013
3dddbf64
bf9a3fc6
41074068
3fbcbffe
404bbfba
40613df6
408c3f89
40374047
bf7f407c
407640d5
3fd23fb4
3ec93fc2
405e4065
403c4032
bfa740e4
bfb3c013
3fef3f89
404b401e
bf7bbf94
402c4012
3f9cbff6
40aa3f07
40754008
3fe8bfe4
bf6440df
3f983f88
bbed407d
4091403d
40753f18
3e8340b8
bf823ed5
400140bc
3fef3fcb
3df3bfac
bf35bfde
be3b3fd8
bf1c4107
c0183e2b
3dbdbf47
3f88407c
4048404a
3fc240a3
40304012
40283f43
400cbf56
4057bff8
bf8f40ed
3fd53ff6
40b73fb6
40023ffe
bfae4095
bfdbc011
bfa04019
40a3bfaa
402a4025
3ff340e8
40a240d4
bf2f3fc8
3f6f3f96
3fc2bfe1
407540bb
40313fc9
4062be58
3fa64041
3e9540ad
3fbc40a1
4015c03e
be6f3fa4
4072bf68
400cbfcf
406d40cd
3f8d4066
40e54038
40b24061
40314064
3fd84064
40bd40a6
3f023f41
c012be9b
beea3fec
407abfc4
3fb14093
40733f4a
3f31bdeb
401140ae
3fc040c6
3ff240e4
bee6be08
40ef3fc5
3f7a3fdd
3f0e407f
409d4103
bf4f3f92
3fa5bf00
40404000
40274086
4042bdc8
bf7c3b9e
400d3ff3
3ffc402c
40044098
40004104
bfde3fa2
bff54027
3fd73fe0
4035c006
bfdc40fa
c0183fea
41004032
3e8a400b
bf8840b1
40b53ed8
406ebd29
40ca4040
3f703f34
bf844080
409c40f9
bfb84001
40323ed0
be9c40b5
bdb6bffc
40493f14
bf923f8f
3f53be75
402a4079
3ba5c004
4033409d
407d3fc4
bfcabeca
3f1f3ff9
4086bfe3
bdaf40c3
4067bdd6
bd914031
3fbebfcc
bf993f64
3fed40ba
40623f66
401a4026
bf0b40a7
3f5e3ec9
406b3f99
bf5bbf68
4083bf89
40163ea3
40763da1
40414036
bfbfbd8f
40283fea
bebd3fed
3fe7c003
bf74410b
40564021
bfaebe89
41013fba
3fdfbe16
405f3fd8
bf684079
40393f78
bf2c4009
3fa23f4b
3f523f95
4085408d
3ffb3fe2
40d94030
3f433f8f
4075403b
bf8ac01b
3fcebe16
bdd7bf2d
bf483f70
4007408d
3fb9bf9b
bfce3cb5
c03ebf88
3f94bfef
408440a7
40a64030
4080bed1
3fa74053
bf6f4081
bf184063
3fec40cc
400b3f6b
40de4017
402940c0
403fbf4f
bfa43ec3
4087403a
3f824067
4020bf7b
3f574049
406abdcb
40654030
3fc93fd6
40274058
3ff5406a
bf234104
407a3f11
40ee4084
3fa0bf9d
400d40e9
40694023
40d13fe0
bfee4085
401d3f24
bf12405d
409140b1
3f623f30
3f873f67
403b3dcf
bf0c40dd
bcf54032
40833d21
bf1dbfbf
403c408e
bf2640c6
4004be64
3cec403a
4097407f
4007bfb8
3e4ec01f
4098bf2d
403e3e78
408a4039
3f5dbb6f
bf7b3e29
40a540e1
40c83e15
3ec63ebb
3f434098
bf1c40d2
bf9a410f
3fdfbf30
40a6bf95
3fdc4078
bf793e54
3ee44095
c01fbf63
4082be6d
3eb64095
4066bfec
bf1d3fdc
4084bf76
40883e4e
3fb940b3
401dc009
3e8abf2b
bfda4020
40fd3f30
4018bfe4
be21beda
4090c007
3fe3be9a
c02abe91
3f84bcfb
bf3cc015
40a240cd
403e3fb5
4096406f
bd0a3d80
bf473fbe
406ec011
405b4020
c0174029
3e324014
3fe2bf39
401dbed6
3f2f3fe4
40043e8b
3f404006
4053c001
4042409a
bf873fd7
bfe74041
beb44031
408340da
3f0a40ea
bf423f79
400ebd69
3faa3c12
40043ff4
4088bf93
3c6f40da
40163ed1
408bbea9
3f3e3e6e
408f40d8
408ac00e
40c34003
4029bfbf
40083e9f
4039c006
3e0340e8
c00d403c
40a3405a
3ff740ac
bf724081
3e01c00b
bf49be8e
40aa404b
3f064097
4036404e
40a14103
40913fce
3f623f84
bf1b3f77
3dcdbfce
bf4c410b
40bf3e34
40424051
40144093
408240cb
408640aa
3f993faa
c014bf23
3fb4408e
4044bf9e
bfdfbfc1
405a3e06
3ffe4052
3f2a3fe7
bf2cc00a
3fbc4107
c0083f3c
40f13fe6
bf6e3eea
3f4540a8
bfb6405a
40153f16
40fa405e
3f88bd27
405cbf99
beca410c
40d23eb7
405d3e26
bf2d406c
408d3f90
bfa4c02d
406a403d
bfa7bf86
bf62bfec
3ff24023
3fcc40d7
3fb73f8b
4055bf75
3e853fca
3f69402a
bfe23e83
40ad3ea3
40a1403a
3f9e4096
beaa40dd
bf46c020
401b3fa1
bffa4042
3cf9403a
4066bf1d
bf8440c1
40d04029
40e43fed
bea84069
bef1bda5
405cbfbb
408e3f1f
40e73e45
3eb03ebb
3dbe40a7
3fc140e0
40edbf77
404a3e86
401040a0
401a405f
3f8c40a5
bfc33f84
4082406e
401a403a
40893ead
be9540ad
40a33f67
3f84408e
4002be08
40583dd4
405140a5
3fe83fd6
bf83406b
40303f49
3fee407a
408cbf2c
40814005
bf38bde0
3f3040bc
3ec2406e
40714097
bf2d4004
bfbc3ea5
3db2bf04
402ec01d
3fb44079
3fc03f88
40633fa3
befebf9b
3fd83d1a
3ff04086
bfa94015
bfee3fa7
401c4042
bfaf409b
3fc93f8d
bea1406c
40724027
3f53bd28
bf2040ab
bf69c00d
409e4060
40a3401f
bf014036
be8f4042
408d40c7
bff84107
40cc3ec9
c038bf45
3eebbff3
3ee5bfb1
bef340fd
40ce3fb4
c018bf78
4039bfc0
3ed040c7
bf6d4110
408a3f84
40364023
400bbfb1
3fd040d0
40ac40e3
be203e40
c013bf24
3f243f75
403f3f0a
407e40a6
3ffb3ee2
4094bf27
40323f7a
3fac3f8c
3fc94089
bf803ed7
40d0408b
3d15bf96
402340a9
bf5440d4
bfef4011
3f094072
3f194084
3fd0405f
3da53fde
3fe6bf23
40dc408a
3f4b3f1a
3f84403e
40ba3f1e
406cbe94
40ffbe45
3f8e3f27
4084bef1
40ae40e6
40b2bf42
40e6be1e
3fa54011
3fbb3faa
4086bf97
bf4fbe93
41024059
3ffbbffe
401c4099
3f9a40f1
bf863fab
4097408b
bf6f4058
3ea140dc
409b40ed
4016bf11
410f3fd2
3fa9bef4
3d803ea3
401a4088
40d4bec8
40674072
3c8abe95
bf743fa6
3f4540d8
3f56bf7e
41073f99
400e3f9e
3ff840c8
bf8040d1
bf824000
40394079
bf5a4014
3f5c3f75
403840a6
3f85bf47
40d5bf51
40134004
40483fc0
bfd14085
409bbf0a
be903f05
3eafbef7
bf2bc01c
400740ab
40603ffe
4006bf9b
403f3fc0
bf34400d
407b3e84
bf16bea5
3fca4004
bf284008
4086401b
3ee03fd2
4019bee4
bed43d65
3fa64017
bf6c3f92
3f84bfd3
40e83f1f
40fe3f8c
3fe74063
3d4f4022
3f2b3f85
3f64400b
40eb4065
3fff4087
4087408a
408840bc
3f3b3f99
40783e57
40f3bf9a
400b403d
3f954022
3f8bbf8f
403e3fa8
410d3fa6
bded4019
3f1c4051
408e40bc
bfa4bf19
4092400e
3dc64032
bf6840d6
404140ab
40debef7
4109bf82
3ef23f23
408440b7
3f663f88
40543fef
3f993ea6
be43bea7
3fb84094
bf4dbffc
40573fef
40883f6c
be183f03
bf7e409c
4012407d
4095bee0
40e13f98
3fb04045
4009bf4a
3fc84055
bfaa3fc5
3f9b4001
3f14bfbf
bf11bffe
408dbf97
3fdd3e3d
4051405c
bf224069
3e4fbfa7
40b7408a
40b44015
bf123f0d
4019bfaa
bef64090
3fa3c018
3f083eb3
c0164025
bec64068
406540dd
40724102
3e86bebd
40b5be76
3feabfb5
4081c006
4063be29
40a33fed
3f7bbf98
3f67bf85
be22bf9d
3e8bc026
3eaf4018
408d3eed
3f56bfd4
bf1340bd
bf41bfd2
40923e4f
bdbdbf80
bf28befa
3f8b409b
bfb840dd
3fb34034
40abbf25
bef54094
bf01c019
bda7410a
3ff84018
c01f3ec1
3eca3ef7
3f984051
402c3f7d
40e14018
4098be3f
402ebfc1
408f40cb
40543f27
40313e03
bfc94061
403d3f86
405e402a
3f053f95
4083403a
40284039
402c4035
3f933f74
3f8d4028
401e3fa5
c02dbfaa
3ff43f58
3fed3f16
409dbe06
40304030
bf94408c
3f14bfe1
bf9740d5
3fda40b5
3fffbf61
40534080
bf104090
bc06bf61
409b4018
400bbe26
40bf4089
400fbf0a
bd0f40e9
40ad3e9e
405d3fc0
3f2b3e16
403c40ac
3fb5408a
bf79be1f
3d813fa1
3ef4bf3f
3f573f40
402c407f
bfa5408e
bf1cbfbc
beb03fdd
bfdc3f1b
3e9c4080
405940b2
4011bd2c
3ffa3f91
beed408c
4017bf8c
3f9c4067
3e8e4041
408f3f83
40863f67
3f554062
401e40e3
4089bee4
40a7be80
4109bf63
403140b3
40714024
3f8f3fd1
c00c3e8c
40524057
400a3fcc
bfae4081
bf4c3fe4
40c53fcc
404e3f04
bea64011
406a3fd4
404840ce
40793edd
400f408a
bc0c3e8c
3fe0bfcf
407dbef4
40213eef
bf374080
3f32bfa0
3f82bfde
40abbf8b
40763fae
3fe44055
3fb3bf8c
40283fa2
bf5bbf6a
409a3ff9
40e34046
3f8b40b1
3fd54048
bfdc4051
3f10403a
410b4031
bf3b40ba
40614071
4003c00b
bfe93fbd
40624019
3ffc3fa6
3f754041
3fcc40ee
4029402d
bf314066
3f1e40af
3dba40cd
bf6c3fe8
bf393f3a
c02c4020
3f40408e
3ea43f6f
be7d40e6
3f71beb6
3fee3f9f
3de43f16
4081c008
40aa40e3
bf8abe86
40784020
be744061
40093f9f
3f444085
bfaf3f9d
41003e87
3f094097
bdba3f5c
3fc0beec
40de3e44
40863ffe
3f9f4086
beae4072
bfc0c002
40e13fcd
40da4065
3f92bfe8
3ec83ff8
3fc83f7b
40be3f80
be98be90
402a3fa8
bfb73e59
bea9bf88
40803fff
c03d3e5d
400a4081
bf513e18
3e9340b7
3f39402d
41013fa1
40264087
4038c00e
bdad4091
40ec4001
3fe44038
4010409d
40664076
3f4640b0
40d53f58
40074076
3fea4030
bf003fd1
40b9c013
3ef8be1f
401f3fc9
be1d3eb7
408e40a7
407d3fc9
40a6bf26
40de3ef2
410f3e8f
3eff40b3
3f5840eb
40af3faa
40d03ff8
40543ec0
bf1c4089
40004012
bf71410e
bf89bf0f
3fcb407e
3f88bfb2
3f4abf2c
bfb9bfa7
3f59be7f
40e73f55
40284099
408f3ff3
3f8e4090
4032bef0
410d408e
bf6440a2
40313f38
bfa5409f
403e3fff
4093bf98
3e81bf9c
40084024
bff83f84
40c0be9a
408a406f
3f8340a0
bdd63f1a
4059410b
40e24027
3c44400e
3f754085
40653fa4
409940df
40cf3ffc
40d2bef6
3f5f40b8
40503f96
40ad409f
40bb4015
40f34046
becc40b2
3fca4034
3faec018
3ffc400f
3fc83f75
40183f10
40384084
403040a3
bfce3df6
3fac4089
3ef2bf16
bf19bf50
bffebfcc
40843ef0
3fb63f9b
3f083f09
4084beb9
408e4034
bff53fbb
3f4a406f
bf1640a5
bf594075
3fe840e7
40cc3f63
3f9e3e77
4007bf9b
bc45bfeb
3fce40ad
3f7fbf0f
40534089
4012bfba
bfb04069
bf92405c
4084bf31
3fe43fd1
bf624015
3f4e3dc9
40a240f3
40b7400a
40ee4060
3fb5bfdc
401e3f4a
3f50be72
bfbc3fed
40b8bd79
3fcd40ab
4051402d
be6e40ad
3f713d94
3fdcbf88
3f003f3f
3fe2bfc4
bfddbf63
40623d97
40fb405e
bf2440b0
bf56bf85
3fabc03d
4065bf4b
bf8d3f4a
3f1640b1
3fa44072
be283fb8
40d63f0b
40bc406e
40143f92
401cc00a
3fec4026
40403f92
c0083f53
bf1e4018
bf924096
bf37c017
c00dbeec
40ac3ff7
401140bb
bf3940eb
3fc43f91
40c13fee
407f3f47
bf71bfd5
403a40a6
3f5dbff2
403ac035
3f0a3fd0
41094023
3f994045
40814038
40aebfab
3fd63f25
bebb3f3d
4033bfef
bf8a400c
401240af
4026bf35
40ac4078
3f153e78
3ec540c9
be68408f
c0033db5
3fbdbf82
401e3ffc
4036409c
40a140f2
40b33fab
c03e4068
3ed1409b
3f9d4003
bf023ea4
3fa3400a
c0063fe6
3fa0401b
40764061
40854046
40c14002
410ebf68
bf6b40a1
40563f7d
bfcf4006
4097bf65
407a400b
bf08bf99
3febbf44
407840ab
405f3f02
c00f3f51
402240b5
3fba4025
3fcc40cb
405e3fe5
c00a4063
3f8c4086
40893f32
40a24002
bf88beba
bfc2404c
3ebc4078
3feebf88
3f33410c
40be3f5a
c0073fd7
bdc34044
408540da
3fd7c006
40e5403b
3dfebf77
3ee0bfaa
bf8c40e4
409dbf36
40e84013
3e1ebd12
bf5e407c
3e0fbfc4
40be4047
3e3f400d
bfaf3e6e
beac4096
bf1a3df9
3f52404d
bff04024
c019bf43
3eee408a
4084bf9b
405040a8
c018bf14
bfcc3e85
befc40b0
40584036
bf63400c
400f3f66
403a403d
40323e2b
bdda40dd
40844100
bfbb4013
bf89403e
3f993f17
405d40d3
4085c027
bfda3f39
be4a3fab
3d5c3ecf
404b40d7
bfca40a9
40943f35
40a0403d
3f854001
be84c00f
40774092
40ac4028
4066405d
3eb4408e
400e3eb0
bf8d4046
3fed3e90
3fd33e8a
40103ec9
4083bf6f
3f38c022
40c03f97
40b33f90
3d1940bf
be8fbf20
405dc025
40e0bf65
40c13f3e
3ff240b2
408240b7
3ff34104
407540e4
40d83fe1
40433e48
3f8d3f7c
4059bfa6
3eb84023
bf9abf6d
410d3d8d
bf6cbf5b
bee24048
bfa640a1
3f4f4000
4081bebb
403e40bd
401f3ff5
3fb940ee
40d2be33
40ce3f9d
4032bfe8
4082bf35
4048c028
40aa3eeb
40543fe6
3f71bfb9
408b40ca
bfd540c4
408b3d7d
3fb14020
3fed400c
407f4015
40974105
40b63e2b
3ffa3fc4
4008409b
bf80bd25
bf834104
3fb34001
40954000
40373f04
403b40cf
bf33404f
3f233fd1
3ff3be8d
3fe63eb2
bf513fac
40654005
3f993dce
befe408f
bf534042
bf8340e0
3f9e40fa
3f2ebea3
410d3f0e
be6440b3
3ccfbfad
3fa840e6
40bf3f28
4107bf08
bea23f08
404d4011
405940b3
4091bed7
40ed4063
bdf73ea2
3f453e0a
4047410f
bfa73fac
3f974084
3f523e19
bef840ad
4068401c
40903fee
40793cd0
3ed23ed1
3fc34087
3fc34021
40cbbdfc
40c5beef
3f9abff2
40383fd5
40b9407f
408d3f09
3fc64023
3f8abf1b
3e9b4084
4041bf45
4035403c
410d3fe0
3fdcbe27
406a4085
bfe8bfe7
40744033
40153f1d
3ee3408d
40883eb2
40843f9b
40853f55
40a64066
3f84bbca
3f8540ea
3f1cc006
bfb03f4d
410e4036
bda0408f
be64bfc2
400d410a
be35bf73
bfc14082
3fbd4033
4050409c
3d1f40b1
409d3fc5
bf3a3fc2
3f354047
3ff840cd
bda63e41
40da3ff0
4041408e
3e8f406c
3f81bbae
402b4087
40714035
40b73f35
3ee140b3
bfb1406f
4088410a
40194024
40da3eb7
bf22bfbc
3fec3f62
3f8c4071
be553e33
40b83f94
bf963f42
3ef13f24
3fde3fb7
bf6740e9
bf2ebed3
40f0403d
3f66401c
40203f1f
4032409c
3fd23fc0
40494062
3fb44086
40754051
40af40db
bf28bee0
40a23db0
3f0e3fcd
408f3f90
40964039
4091bf3d
be6c4062
3fe4bfc6
3f5140b2
be663fd1
3f2e3f83
bfc2406d
3f944039
bfbe4090
40a1beda
409a3e8e
40bd4044
bf624037
4003402d
40953ef4
bf15bec9
be3e3f30
3f844098
beda3f5c
408fbfa0
bfe6401b
c01d3f93
40174089
3fa3400c
bf9dc038
3f683e23
bfeabee0
bdc640a0
3fc23fe5
3fab4103
40d24011
41033fe2
400cbf55
3e844098
402b40bc
3f44be8b
40bb3f1b
3eb340a6
3eb1402a
be19400a
c0123f7c
bf02bf88
40293f1d
3f0540b7
bfb5c03e
40b53f02
4015404e
3d223fe4
3ee040e3
40983f58
40d43f82
40d83f0a
3f624087
3f1d4089
3f8a408f
4092401e
4032407f
3ff7408e
be2940c9
40b24066
402fbea2
40c04018
402c3ff2
3fa0c008
3ea94002
4035400d
bf563f94
3ec53f81
4064bf1b
3fd3c03b
bef33f5f
40df3fd4
3fd240ab
bfaf3fd4
40b13ec9
40cd3d39
40b1403a
3ffd3f82
3e2ebf01
4056bfaf
3d644032
beb5bee5
3f323c34
400540e3
40a040aa
40e83fad
40bfbf9f
3fc54015
3f964012
40ab3fbf
bf763efa
3f61406e
bf57be0c
400940c9
40994107
c01b3e96
40043f52
3fe94084
3f97bfb1
401e40a7
40ac3e20
c0274011
3fb140a5
408c3f96
4032401e
bfa4c019
3f393fde
40fc4023
40144091
40363fc7
bfd940c8
406e3ffb
3fd03deb
4003bfb4
408240d9
3fb1c029
40b54035
4054bf5c
3f484086
4087bca2
3f96409f
c0123dc1
41073fd3
3f913f98
401abf67
40403cca
bf8bbece
40893e45
3fee40a5
3e353fd9
bfb84022
40cd3f8e
40f9402a
3e93bfbd
3d2340cd
40a4c005
40c53fa4
40324029
bef5bfce
3f333ff9
40783f0f
bca04013
409f4086
403a4024
402c4078
409a3fff
bfb04024
3fe3402e
3e74bfdf
3fc040e7
40a0408b
4086400c
bf1a3ec6
bf774027
4088406e
40544031
bf323fac
407dbf34
402ebf91
bf3b40ad
401ec011
3f96bf06
409a3fea
402f4091
404cc014
4071bddc
4077bf43
40253ff0
bf3d4014
bf4ac00c
3f8d40c0
40e4be83
c00b3f82
bf33404c
405f4001
4001400c
4033be52
c0304014
bceebff3
4025c00e
406840b3
bfb44010
40f73ff8
3e99bf69
40513d81
3fd83ea7
3f69bf0e
410dbf88
bf4d406f
406bbf3d
4089407b
bec63fdc
40bb401f
bf764025
401ebeca
3fab40c9
bf633ed4
40ec3ebb
40243fae
403dbee1
3f9c40fa
4059403f
410ebe85
3fc43f23
406a3e96
3e3bc02a
40a53ffc
4041be39
be253ee3
406e40f0
40944101
40cb3f96
bfa73f90
4009402d
3e9c40ee
bf4fbdec
4037403e
bf70403b
3b5b409e
3f733e4d
40814029
40c33f4a
40663f5d
3d863fea
408e400f
bfd040b5
bd983f08
40e84003
bcfc4049
be5e4009
408e40fc
40cc403e
4074400b
bf6bbf90
40334027
400f3f58
409fbebb
404b3f9c
c034bec4
bf034017
403f3ffd
bf2440bf
40c03f8f
bfb33de7
bec04079
3fe840c2
3fdcbfcc
3faf403c
bf644056
3f563fb3
3fd63fca
bfa33ff2
be124025
bfac3fae
3f02402f
4035bfbc
40ab40c2
bfef4037
bfbc3e81
bf713efd
4045bf46
bf873ee9
40783f94
40283cc9
3f8940b0
3f2d3fd2
3de14100
bf313f8b
40a6405c
401e3e1a
3fea3ffa
40633f91
bfdfbf24
40d34025
3f9340a7
40493ea0
40553fcd
408c4005
41024067
becc405a
bdd240c9
40ae4109
40ba3ecb
bf4d3f8b
bee7bfee
404cbfc3
bf783fb6
3f21bf56
40d7400e
3eb24089
4084409d
3c8a406f
40843f9b
40c03eb3
3f954064
402140ee
4011410e
4063bdb9
40d34010
3e913fef
403c4065
bff13f96
407a400c
3f88bfbc
bc27bfb0
408c3f33
bf1b40ae
40b94026
c0293ff2
3fa1bffa
403740a5
be9a40a0
3eee3fb6
bf30408b
400640a9
405440ba
bf97bf98
be464030
403f400f
400bbfd3
401c40ab
400a3e1e
40ad4026
40a4401a
4013beba
3d844008
3fb5bf60
40a0400e
bf9c402d
403c3f91
be7140af
403940cf
40683f1e
bd9d3eb6
be88bdc9
404c3ee2
408e4035
4081bf61
40d43ffc
3e5dbfce
4052c000
3ffa40c5
40ea4006
c029407a
bf4e4076
408ac01f
3fe13e48
3fff3ecd
410d4042
3f5c40a2
406e3f05
407d40fd
3f03bed1
3fce4081
3fa53f31
3e41c01b
3f5640cb
4049bf40
c00e408a
bf3240af
3f963e76
be6a40e8
40563e01
40bd4021
bc91bf9d
3d964066
3b8a4004
40bfbfc7
40a84018
4091be84
3f8240af
400040ef
4098c03c
bd57bed9
40a4bfb9
3fc03ea2
3eed40a3
40974109
bdfb3fc3
40c3408f
402a3f90
3fd93eee
3e383f9d
403c403f
bf73bf71
bf5ebfa5
bfbb3ff0
40a74104
4034be30
c00f4088
40264085
3e9340b1
3fde4104
c0073f7a
4109bf96
3fe4bfa3
3f9bbf89
4060400b
40dabedb
c019406f
40034031
bed13f56
3f4e4059
3ff43f9f
40f14056
bf0440a7
404c404f
408c3ea5
40e63e52
be8a3eb5
bf763f03
405c4058
3f22c000
c0043f7b
bf90bf4d
3fea408a
408840ce
400e4102
4096bf71
3f67bf82
bc06bf90
bda840b9
3dc04050
4084400a
3f414018
beb33f9c
406abc45
40ba4091
40ba3fb7
bfab400f
3fff3dab
40464059
3ffe408d
4091403a
3f8dbf8b
40273fa8
40844041
becf40ef
bf15bf3f
3f4d3fb3
bf7a3ee1
4066bf95
405a40c3
bfd0be8d
40a1408b
bdd9bfc1
3fe640c0
40bdc029
40d43e96
3ef74083
bf544087
401ebfa1
3feabf9f
40cdbf02
3fec4067
bf5e4015
405a40a1
40674036
40934008
40d7be9a
4007bf90
3f3a401a
3fd7c01d
407c400e
bf89bf64
401140a8
3fa43fc5
3f6440a1
c0113ecc
3fdf3e29
3f3cbf80
3eef4069
3f83c002
40bfbf66
4102403a
3e6b40b2
3f883fbe
3f4e4108
40203fe4
4046beb0
401240c0
bddd40ad
3f94409d
4032befd
bf3a4038
400340b4
3f314095
3f404069
40114107
3fa3bf0b
3fa7bb27
3fdabf6c
3fb64093
40064061
40003ee4
3f76405b
4002bf8b
bef43fd8
4022bf24
40a24026
c00d4078
3f5c406f
bf7d40ed
40443f28
40a53f81
41074089
3f23bf31
4023408e
406c401e
405c3f3e
40a33fbb
3bffbef4
3de04055
3f17406d
3fda3f02
401e3ffa
3eca4026
40803f8a
406b3fa6
3fa3bc6c
3f763f86
3f52bd5b
405940d9
bff53fd6
406d3e74
3f884039
40373ecf
bfb2409b
3fd540d1
40e6be3e
3fe23f95
3e31408f
4081bf8b
3da44078
3f754018
41074008
4018408e
bfbb40bd
400440ce
405abe31
40ca408c
4003400e
4025402a
401f3f76
c010bf51
3d9ebf2f
40053e67
409040b7
409640d1
bf2f3fba
4026be1f
3f3cbfbb
bee93eee
402e40f0
40364023
40883ce1
400a40ad
403640db
bf6e3f58
40033ea4
4107bf8c
3ff7bff2
4056bfc2
4093408a
3fda3fee
c03f4018
bef840b2
3fcebf3d
40203f4d
40483f8a
3fff3c24
4007408d
3eb84099
401dbfd0
408a3f86
3f16bf41
bdfebfd8
3f6440b2
409c3f9e
400a3f8f
40a9beb2
3fbf4025
bcc8bfff
bf524102
3fe93f2a
41013fbd
3f8abf12
40854071
3fae408e
409d3fcd
4096bf5f
40223f54
bdb63fd6
40b0bf8c
40e03fbc
40293f90
be5a40a0
405540c3
40a5c00d
befe3f00
40a23f7e
3fac3ed4
40484095
3f8d4053
bea94017
40a94075
403e405f
40893fc5
40453f79
40513f05
408a4071
3f874082
400740e5
bffd40ec
40cabf2d
408dbf09
3f4b4082
401bbf50
3f9240db
bfce4037
4097401d
40ea4084
4007bfcf
bf333cbd
4074bff8
be7fbeb9
c03abf4d
3c9f408c
403740cd
3f64408f
40cbbf22
4054beb5
4034bfd5
408640d5
40b84057
40983dc0
40343fcc
3f034012
405140be
4088410a
401d3f21
3ea23f68
3fae4066
407b4063
40984007
40a2403c
40963ff9
3f2c402b
40053fe7
4092c000
bca53edd
40944071
40304092
3eae40e5
400bc00f
40e0bd96
408fbeb0
3ff14057
beef40d5
4086410b
beadbf5f
4102bf4e
3feb3fa4
bf7440a6
be934084
3f073f8e
3f25405c
3f58404d
3e954026
400940db
3eaf403b
bfa14052
bf663fc7
bf4540dc
409f3feb
3f943fed
4105404f
4036407a
40264081
bfbf3f89
407a3f99
40953f0e
4038408d
40684001
406bbe9f
40a63f89
4018bfb7
beb4401b
40484074
3fe3be28
40954012
40eb3f2d
3fa54040
bfb040bf
40abbf02
c01a3f73
c0383daa
400abfe6
40253fee
3f8d3e41
bf50be24
40623f48
4003404f
404ebfa3
4078410e
40c8401d
bfe93ed9
3e88403f
4002400c
3feebe38
4003beb1
404c3fde
3fbf4078
be72c006
404c4034
bfaa3f3f
40ab3feb
3e9d403c
be9a403d
40173ed9
bf093f51
401c3e75
3e974011
40563f17
40a54042
40e3bf1f
beb04084
beb9bf68
bf67bec7
408d40fd
be244038
4016bf19
3f9fbffd
3fbebfd2
3fa540d3
400cbde6
40ea4029
4029409d
408440a6
408c40f6
40e14009
40db404a
3f12407c
3fdd4036
3f463f10
408abf97
40b1401b
bf894049
3fbb40bd
40874085
3ff44104
40c7400e
bef6bf04
40154037
4031404b
405140f9
40873fa7
40e94046
3f8040a0
4084c002
408cbfff
bf813fcd
406dbbcb
bea34083
40014022
4086c00f
40134007
3efe3f9c
402a3f15
408440eb
40153f11
3ea0befa
bfd03d07
bf1abfe5
40843f49
40babf56
405d3f91
c0244089
4039bfb3
3f8c408e
be193ffd
bf85bec1
becb4082
4032bff9
bdbc4030
40a3bf79
3df83e88
3f163dc0
40153fb2
402a40a5
409a40c5
4040400f
beeabea4
3efcbfca
3f4c40ca
bf9bc01a
408c3f82
bf3a3fda
40044084
3fdb40af
40183dcc
bfd64026
40d64080
40273f7e
404740de
bf2fbe66
bfe43f40
3f623f50
400e402b
3f3abf31
40404107
40a3400b
c025bf24
40033fc4
405ec012
406d410c
3f4f4013
406c4080
bf4fbff3
4084408b
407c40a6
40d5bf49
40c23fd5
be5e4012
be5c3dc5
3f324108
3ffbbf04
40c8402f
3fc6be39
404340b3
bfce40fe
3f9c402a
41034087
3fddbd14
40064018
403a40bb
c014bef7
3f0f4043
bd2c406c
bebf40c0
40b53fe4
3f24beeb
40b44056
3f30409b
bfac3f3d
bfba40bd
3f373f84
bfac3fd7
3f383f54
bf5d4062
40894017
3f903fb8
408b3e40
3f0fbfa5
4065bfa2
40843e9f
40874034
3f76406a
bf794024
3e0abfb6
bfecc03e
3de04000
40af4054
be313f88
3feebf1b
409d4069
bf3b3eae
40233edf
40254090
bf19bfd4
40bc3efb
bfa64007
400c3fd6
408ebefe
bcf74055
bf2ac003
bea6401d
40663f9f
c021bf94
400e40bb
40834034
40b3400f
40b13faf
c0304085
3ff54031
3fc44036
409d4007
bfd4400c
402b408e
3ffd4011
406bbfec
beed40dc
4063bed0
c017403b
3fef4007
4001406c
4062c008
4020bd61
40033fb2
bf214091
4046406e
3f31405f
40b4bf40
c02b4038
3fb73fdb
3fd7408f
3f1940af
3fcf3e83
41074083
402d3f96
400a40c1
bfd84027
bfffbf7e
bf694040
3ee3403a
3da9bffd
3f994099
c013400e
40093fc3
be07400c
40433f9b
3ea640c5
bf943c9b
40953f9b
404040b4
406840ea
40a340a8
40053fbb
bfb94055
bf163ff4
3fce4020
409840db
c0144037
40524066
3f76bdd6
3fc1bf38
401ec020
beef403c
c00f3fcf
3fd23f66
4021bf0f
409e4007
bf853fc5
40b5403d
3fc34080
4025406b
3fd54023
40d33fdc
407e4036
bf203f87
4085bea8
3f454082
3e98be79
40c2be24
3eba3eb6
bcf8404e
408c40ce
3fb73fac
bfa54047
403bbd64
bf3c3fb1
befb4038
bffcbf25
40763fd4
bea53f14
40654033
4032c003
4018be17
40683f46
3fa5409f
40814068
405c40ae
bff93f17
3f48be0f
3f46400e
be24403b
beef408c
3fae3fc1
4002bf52
3f21409e
bfbc401d
408dc02c
40a2402b
bf39403f
bebc3f43
3fcc3fde
40a240c9
40da3f08
40344072
3e173fb5
404a404d
3d433fc4
3dfcbf75
c016bf37
3f79bf9f
bf1e3f84
401a401d
40323fe5
3f773f43
3e5dbfa0
4028be95
4065c006
401cbf6f
bf5b3f02
40f83d1b
beb83fb2
3fcabe9d
bfadbffe
3fbfbe14
bfad3e18
3f643faf
405a3f82
406f40a5
402d3fe2
4059bda0
3fb840b9
bf96bf25
404540f0
3f3abec4
40ac4087
4024400f
408e3f6c
bf6a3f09
3e493fcb
4026bf3e
bf5e40bd
3d3abeea
403140f1
40f04006
c03ebee5
4032408a
bd2b3efa
bd5740a2
40623e8e
40f3bdca
bf443eae
bf87409f
3ff640d7
3f623ff4
40eabf85
4013bfa0
3f00409a
3f55c005
4043bf34
4089bfb5
be7a404e
3f9f4044
404c4084
4012bf1c
40a64000
3cf540a9
4014408d
bfb74099
3f2dbee4
410a3ffc
40163f74
bfbe40d4
40093fd3
bef1403a
40103fa8
3f8c3f9e
408940aa
4005401b
408dbebc
40dbbfb8
bf5fbfd1
3f01408c
bfbc40ce
bff93fec
40c33e7d
be9e4099
3e93bf71
bf4140b0
408fbec0
4098be1c
bf6b40a8
40223e23
40474091
40423f36
3ff4bf6e
bf0c405a
40423fc6
405d40c3
4082bf05
40a33f9c
4037bed8
bf0d4068
bf4840f5
40bcbe84
41054017
402f3f98
408e3fe2
3f29410a
bd8fbf63
3f9e3d23
be323fd1
40904030
4072bed2
400c3d38
4015bf78
4007bf48
40524092
bfa54007
bfa2bf26
bfcdbea6
beedbf2f
3fc240d0
3f2140be
4063be91
40e53f94
400f4023
405bbfa0
3e4f4108
40b24013
40823f87
bee23fe2
3f03bfe5
bfb34092
40574013
3fdf4022
3f1fbdcb
4067c012
3ed53f97
3ead4029
40b14055
40244005
3fc640ef
401840fe
4082c011
3f263c3c
4002bfaf
3fb24066
4080c013
bfd33f54
40dd4036
40a6bf34
4026409b
3fad3e37
bfee3ea8
be8d4029
4101bec4
40123f18
bf3d4009
408940db
c00c3fbd
3fe3bfb0
3fd9bce6
3f60c001
bf89410e
40083e68
4002404b
400940a4
401d4025
400e4089
40d23fb1
bf394087
402f403a
3fd63f66
40803ff2
40e53db3
40d04004
bf784036
3fef405a
bd8d3dcc
40603fb1
c01ebf82
3f01402a
bfa33f95
bf5e3fc0
40893e99
40524011
403d3f16
bf0a40b2
40b4bfd0
40cfbe22
40803ef0
bed14049
4046c012
4025405d
402c3fb4
40963f9d
40263e52
4044bf12
40b4403b
c00abeee
40d44047
4026409d
bef440e4
400c40cc
3fbe3fb1
40d03f83
bf654038
403440ef
405b40d1
bf97bd8d
40e83f18
4025bf79
4050407e
3e3740cc
bf683f4e
bfa34042
3fcd3edc
3f91409f
40903f56
40b43fbf
bf05400d
3fedbeb2
bed0bef3
401840a3
402dbf6a
bf0c4062
beeb4092
408c408e
409440d6
40914003
40d3bfb4
bda94081
3fefbec0
40b43f2c
3cbc4007
41063f30
bd0240a3
bfaa40ab
406f40fd
40dc3fb7
41093ffe
bf7f4056
403a4099
bff6403b
4053bf6e
bff04029
4019be1d
3fb5409d
3f84bfa0
40bdbf5e
40793f53
3f4a40ae
408c4010
403a4082
3e6e3ebd
40e83fb6
3e50408e
bf1e40c3
40b83fbe
40b4bf2f
3cb0bf74
bf4e406b
3f324075
405e4098
402fbec9
3f91bebf
be4440ab
3f963fce
bff84002
bf883fae
bfd43eac
3fdebfb1
4034402a
401c3dc2
3fac3fd4
408b4003
4101bf4c
bf2a4011
3dc7bfd3
4061bf62
40424009
40a0bf75
bf3fbcfa
40024010
3e3340fb
bf9a3f4f
40363e0a
4001bf74
bfae40ee
bfbb40c7
4028bf61
be603f8d
bf78bfb1
bf223f9b
3fa04002
3fedbe74
bf2b3ec7
40224095
bf944019
402fbfb6
bfd03f37
40b2403a
4003405f
40273e84
bf55be38
40a7bf52
405e408c
4009be21
404240d6
40543fab
3f5cbe85
bf1d4084
3eef3ff3
bfbbbf7c
40864034
40d24004
bf964080
bf6a3fc8
3ee6bf5c
40b4c001
408a4013
409cbe2d
be92400a
bf81bfdc
408a410a
40a54003
40fbbfb2
bf67be9b
40464035
3f2140d0
bfab3fc8
40da3f17
403dbfe9
bf1f40a3
40284055
40bfbec3
4022bfac
3fb14043
40873fd8
40804104
3ff9bde1
40e34059
3fc240a6
40134094
40b33d87
40074021
41084014
403fbfeb
3f4b405f
40a13f08
3f823f5d
bfbe4077
3fbc3ea3
be9b40d7
bf5cc020
4087401e
beb7400c
3faa3ca0
bf843fb4
3fee409e
407c403e
bd8abf69
3f8440b5
bef2bf2d
3fd8bf2e
bfb74006
bfc64036
403a3edb
bf52bf1c
3fbf3cf1
c0183fd7
3dd3bf06
be7a405f
beb040ba
bff24082
bf3bbdbe
40ed4033
bf1a3f21
40214060
408d40f1
bf943fb6
c02dbf6c
bf4d409d
407b400e
40a140d1
bef8bf54
4098400f
3fb4bf9f
4078407b
bf0b410f
3f293f3b
bff2be05
bf313fe1
3e99be4f
bfce409c
c014403b
4048404a
bf7140ba
3fd44027
3fef3f50
4085402f
40bd4018
4109bf87
bea4bdac
406fbe41
3fc140c0
3ffabe0d
40cbbf43
bf22bf46
4089bf56
bfc340ce
3ebabea7
bfd53f54
bf5940b1
404640bd
40524110
40dc3e4f
40864013
3ebb401e
401fbfa9
40b73ee5
40833ff1
c01abf8b
bf683fe3
407b4098
405640c4
3fdfbf20
40b24009
3f5340b3
bf883f0c
3ff5409f
bfac3f3e
bed0408a
3faf40bb
bf8d40e3
407e4107
40d73ff8
bed43f50
3fb23de9
407d3fe5
3fdb407d
3f89bf67
3faabfb5
bf6a3f6b
40533fa4
3f0940ae
40ec3fcd
bf0a408e
3e48406e
40244072
3f07409e
40aa3f60
4032403d
4021bf1f
3faabfa0
40994002
40244018
40f5405e
3f9ebf99
4090bf6d
bf7c4103
3fa74022
41003fe6
3f5cbecb
400e401a
3fae40ae
40a73f0e
410bbedb
3f89409a
bf1d3fe8
4075bf10
bf87bf17
bfd43f91
4006beab
4031bfba
40b540c1
becdbf03
400a4086
be99be4f
bde2bf8f
bdad40a5
40084005
3f614023
3d9dbd55
3f8a3f29
bf8f3d6b
40ea3fa9
c023bf62
3fda4059
4024beea
40944099
bf8f3fa9
40834070
3f34bdab
40734087
40484094
40e53db5
be523fed
3fbf4056
404b3f93
404040b3
bf553f19
40474002
403d3e37
3e23bf8c
3d6c410a
bf203fee
40374059
be2740a0
402fbed3
3f9e40d0
bfd63eb4
4109408e
401c40a4
406b40bb
4089c03a
c01d4007
410d3fc7
3fee4057
bd91c013
3f5fbf4d
c01abf43
4004bf72
beb3bf0f
400740ae
40b9403c
40c13fd7
bfefbf64
c0014072
bf3340a1
bf8840c1
4079403b
beb33ff6
4107bfa7
3f5240b7
4024c014
403c3ffb
3f013f86
c0363fe8
4017405d
bf28c001
40b24049
c018bedf
3f074062
40253fe9
3fca40ca
4006410e
401e402b
beb4bf96
be963f0e
bf0d409b
408b404f
40c23fdb
c03ebccf
403440a4
40104021
405dc020
bfff3fd3
40d54002
bde3bfa0
bf783f97
3fae40d8
40993efc
3f153f0e
3fbc3e51
3fbb40d5
405c40aa
4066bf09
40923fc7
40153f9a
3fa0bfc7
bf3940b5
bdf9401f
3eeabdf0
4003bfda
3f8340df
bf883f37
3f284021
40c2405f
3ece3faa
bf9240ad
bfec3fae
40ecbf4d
4104407c
bf423f88
3fdebfde
bf823f87
405b3d56
40763f87
3eaebf90
3f95401d
3d2540fb
40b54030
bfb64062
3ff9409d
4049bf88
bfc940b5
400c3f7b
3f81406a
40334030
4039403a
3fba4092
3ff63e9e
3f154019
40383f40
40364012
4013bee5
407fbd0f
bfdd3f0a
bf244098
bf214062
3e5cbfb9
40bd4012
40df3f06
3fc140be
3fd340df
40183f67
bf03403e
41084012
40363fa2
3fccbf6d
3f9840c2
3fb23e50
40303f10
bf67400d
3fc33fad
3fe1403a
40b53efc
3e7ebf0c
3f954020
3e9dc006
40364080
4004beb5
402cbf6f
4004bd83
3c884024
401a40be
4089401b
40dc3f9a
400ebfc3
40843d9c
408d410d
3ff54003
c028be83
bf0b40b3
3ffcbf89
3ffe410e
40c0be86
41054083
4034bf44
400840a4
3ff140f6
40ce3fe6
40f1404e
3fe14010
4004bf56
401fbd80
408b401d
40d8400b
403c4001
3f7d3fb9
402fc009
4077bf9b
bfb53e6e
bfe34057
3fb93faf
4029bda6
bf89bd47
40dcbf66
40e4bfa6
4007bfa0
40054099
40a740e0
40acbea9
40ed3e02
403d40a0
407640b3
40813e4d
4090bdb1
3fe44004
3f023fc7
4056bfab
beac409c
40c73f21
bfa64021
3e59407b
4046409e
408e4021
be723e84
c0024010
bf52bf80
be9d3ed5
bfc8c005
3fae400b
bec1bf7e
3fbd3f3f
bfb5c006
40af40de
bf783fd8
40f9402e
4005bfb4
3e824035
3fd83fa3
40cebf06
bf37406f
402340a9
40643f1b
be353ff5
3f4a4004
40b4bf7c
4013bfa4
40523f6c
bf7c4110
40d14019
bf48407e
3fd63fed
4087406c
bfc63f4e
40df3fca
c011406b
be1440a8
4046401a
3fd640eb
40883fd3
40383fc2
3f5d40ab
401740f0
40a5c027
c0013f31
40e23fd3
3f4fbf78
3e97bdf5
3ef4be8d
c01ebda2
40653f6e
bf2c402f
bf2b3d80
40303fd8
401dbeb9
c01ebece
3f63bfac
408b40b5
bfcf4101
40c8bf05
40693ec0
3f7f402e
408bc013
40743fb6
40eebe48
3e1bbf1d
3f583fce
408a40e6
3ff84012
3fb33fde
3ff64078
403f40b1
3f71bf39
3f3f4043
40a1bf45
c01abf2e
3d8a3fe7
bedabeab
bfa0bf01
3f854032
40fc3ead
3ff53fb8
bdee40da
40be40ec
40654037
4049bf86
3f434041
4006bf92
bfab4082
3f4e403f
3f4a4085
3f094099
4075bf68
bf744084
40124011
c00e407c
bf7b3f32
408a3fae
bf013faa
3d373f80
40884011
3ecbbfb0
bf604027
40793e6e
408fbf5f
3fb3be0d
401a3e3d
bf6f4037
4023bf4c
bfc740ad
40723e31
3efabf89
3ddb403b
401c3fef
40983f07
40d53ffc
41013da5
403c408a
bf254029
bffa3f2a
407a3f3c
bfddbfac
3fdc4035
bf8a40c2
3ff33f22
400e4003
3dc8be41
bf0d406f
400e4015
3de83e6b
c0133fff
3cad4084
3fa33eb0
3c80be4e
404d4110
c0104030
c03cbf1f
bf30bdd3
bf1240ae
bdb6bfdf
40ac4017
4092bf07
40034005
bf5e400b
3fe03f05
bfd44039
3f23bf28
403b40a2
3d183f7a
bfad4061
bf873fa9
3f91bf6e
403d40b7
40483fff
40b7bfeb
40ec3fcf
40f43fc3
3f5b406e
3ec6405c
bfd9c00b
40cc400a
40ef4088
3fafbf8f
3fcd4029
40943ef1
40d13f3d
be3abf39
403a409e
40134060
40353f86
bfb8be9a
40f8402c
403fbf6b
4077be5e
3f06c03f
40c03fac
3f8c3fb8
beaf3fb7
40894002
401dc010
40cb3f07
3f66bfa6
3fb7bfe4
3f54402b
402840e2
bfa53fa6
41103fe2
402bbf02
3f853f9e
4023410a
40af403b
bfcc4020
4032405c
3f96bf37
bfb6bf98
c01e3ee1
bfef3f07
402c409a
40623f7d
406840e1
40bc3e27
c0253f8c
3f94407a
3f09407b
3f64bffe
40cc4007
3f5e407c
be2440b8
40713ea9
40a34087
c0193fb0
40cf4021
3f894062
3fd03fba
406dc029
40ee400f
40403fb0
4031bec4
3f84c00e
bfa04103
3e6d4020
404f408b
3ff2bfff
3fd6409a
bdbe409f
40e13e33
4000bef9
41033f8e
bf6bbe65
3f8c3de4
3fb94013
40a04018
40943ea6
3f3abd58
bf9c40e3
3f6e3ffe
40ebbf45
401f405c
3f32bfd4
3fe8bf53
3f88bfc7
3f873f53
404c404c
3fec3eb2
402040e7
bfa240d2
40703f00
c02d3f00
be2bbfb3
405940c0
bfcd410f
be853fa4
4038bf10
be69bf81
bee64082
bf10405d
40813f19
40be3e6f
3f65bf35
3eca3ff1
3ebd40c5
bf1ebd26
40d54009
3fee4036
3fbf3fcd
408c4105
40b9402d
40993de1
40103f08
406b4088
bfb5401c
bf97bf2d
bf5d408a
beaa400e
bf7f4089
4018c02f
406b3ead
3fd34031
3f85bfcf
401040d6
3ffabf7c
40e93de2
40a6406a
4029be8a
4075409f
405b3fd6
404b3fa7
bf8f3f56
403f3f4c
407240cf
40963e82
40a23f3e
405f406a
3f4c3fef
404c3fb8
40ae40d2
bfbf3f9f
4058bfb5
bf28be05
bf84402d
bfba3fe7
40e53fab
3ea34018
3fea3f0c
408c40e8
3fe13f32
402d4020
40d73f6d
3dd7bf5a
be4e4029
3fee403b
3f173e07
c005be18
3faa3f17
3fd3c011
40c0402e
4065400d
bf664072
401b3f6a
3fd9bea7
40904108
3fe4bf1d
40f8bf15
bf163f96
bf6940ef
3f4d3f9b
40d34017
404c400e
bd133f6d
3f98bfeb
401740be
3fe04023
4069bfa9
401840b6
3e9040ac
406f3fb2
bfc6bf13
3fa14030
3c9d3fad
3da13fae
3ff3c002
40893f8c
40ec4019
3fbe4013
3de93fc2
3f903f13
40614011
4078405a
bf204036
bf99c008
409b408f
40d04005
404a4004
bf60402a
403cbf27
bf3140ec
beeb40fd
40a83fda
3f243ef9
3fab4013
3f35bfba
406a40a9
40c54022
40293e6f
3fa540be
4089bff6
bff0c034
bfc13fe5
40cf4003
bf52405a
403d3ee7
bfc64012
40e43ff4
40e04063
bf114090
4080bf4c
40ba40db
40143fe2
4081401e
4014409f
3ea04097
3f3d410f
408f401d
bf144007
3fe840a8
bd52be93
3fe940be
4017403c
3fb43ffb
402fbfb2
bfa53fc3
bff940d1
400e3f55
4018bfaa
403bbfae
3f9840bd
3fb14055
3ff63f06
404b4030
bf703fc2
40894055
3f9c4052
40ea3f01
3e984086
3f9a40b8
3f29400d
401d407c
bfa03b04
3f874051
3f10403f
3fcf4088
bf564103
408a4009
3ffb4087
bf404088
40813eac
400e3fe6
3ff04013
40f43ff5
4029bf6a
be944008
408e402e
3ed63fff
401fbed1
403f4012
3fa93e70
403f4101
409fbf43
40d83f9f
bef63f6c
40193f9a
4065bc9d
405ebf0f
3fffbf1a
402e40a0
be743f20
4084408d
40813e96
40a83f74
3f7dbeec
3e48401f
bc04408f
bfcd3f87
3f053eee
3e8b4033
bf27bffc
bf0d40d3
40523fac
40824084
400dbeaa
3f9dbfec
4015410b
3f9a3da4
c01c3d17
3fc43dff
4021c014
bc514015
40d63ff4
404d4025
401b3fed
3d20bf89
3fff4046
bf603ffd
40f23e0e
40164039
3f7340c7
bf9840f6
40ce3f40
40354032
3f8a3ede
404c4011
40a13e80
40783e7b
403f4054
3d8c4061
3fb940ca
bd8040b5
3fb64013
bff3bf42
3f4b409c
bf3a4093
bf9f40e9
40763e82
4098bf58
40254080
3e824007
4055c00f
3fafbe9d
be824009
bf4ebfbc
3eb440b0
40214093
40bd401e
3df4bef2
40154026
3ffd40a3
406940d0
409140f7
409e401d
40963ebe
4027bfef
40874085
40a63ff9
40ca3f84
bfc2bf48
402d3f82
bf0e403c
3fcfc024
3fccbd86
bfd73f68
3f6f40b5
407140c5
40bcbfd1
409bbe8c
40df3fd3
3f9d40ab
402f4080
4089409e
40653ed0
40c03f59
400bbff9
3ef53f29
40004010
4098be91
4095bd6f
3f944054
bf003f75
bee140ff
4018400f
bfafbf92
3ff44098
4069bfc7
40304110
402ebf1e
4104be65
402e406d
be79c002
3fa33ed8
bf88402f
bfca3ea1
3ea74004
401d4093
3f10be92
4054bf4d
400d3f50
3f4a3ff4
3f99406f
bfb240b1
3ebe4028
bfc4bf41
3f4f40a0
3f1b401b
bfbb3fdf
40853fe6
40d1bf8a
bde94089
bfb0bfc1
405e403b
40d3402c
be7e400d
3e944067
404440a4
408bbf8a
3fb43ee7
bf2f404b
bf3f4025
405f405b
3e894086
40cb3fc4
403f401d
3fb84029
404dbfe5
bfa93fac
4091bf16
40894085
402c40be
3fa940d4
409a3f5f
3fdb3fc9
3f2fba3f
3f9c40a8
408040c3
40a1bf96
40884027
4077402a
3f964090
bd9040a6
3fee3e53
3f49bd74
bfbe4049
3e903fff
3ef240d0
3fe24060
40d3bf7e
bf34bf3c
4022bf12
3f03befd
3f933dd9
bfb23f83
c028bfba
bf20bf27
3f19bee9
40b24100
40ca3f8b
c0004051
3fe7bdc0
be36bf59
4064bd2e
40583ea1
40824089
bf453f9c
3f5f3ff3
405e3fd9
bf983eec
bf7b403e
be4cbf8a
3fd1bf58
404340ef
3e8f4106
3ded4028
bf943f76
be2bbfac
bf3340d6
40a03ff1
40913fca
c03d408c
bd0a3fba
bf1f40c8
3e8c405c
3fda402a
c02d4060
3f92bfd0
3fd240e9
beb640cc
3ff43fd0
40a3be17
bf483d42
be033fd0
402c3ead
40063e92
3fb3bee3
bed8be77
402f3eec
bf97bfdd
bf633fe7
4081bf23
4002bed6
bf694050
4079bf24
3ee2bf14
40e73f5b
3f2e3f36
402b4010
401940c6
40d13fb3
4091bf59
4040400c
406fc007
40b24096
40c83f57
3fd2405f
3fc7403a
bf9a40ac
407640b3
40afbf03
40783e5e
3f244082
4033be32
40a3bf0f
40e04022
408ebf36
bde54091
bf46401a
3ffac017
c00e3e22
3e6ebf8a
3fa5408e
3fd040d2
3ffc407b
3f364004
beb2bec2
4037bff0
be9bbe56
bf764101
3ff93da2
bfcd4045
be183f1b
40564001
40a4c039
bfb0bf39
40ac407d
4038bd33
3f8340e0
40783e9f
3b5f4021
3ff13fed
3f654018
bf8b40cc
401b3fbc
40c93d19
40dabf91
3fe440a4
401abf0e
40bc40c1
be453ff3
40f73eb8
3ec5bf4f
406f4055
40884100
bf9b3f8e
3f8c3fa5
bedc3f80
40604030
bf063e40
40a93f01
40bd4066
3f9f40ac
40543fcd
40ba40c0
3fe13fab
40bf408d
3fc24027
404040c1
40003e62
40e83d81
40014017
3cef407a
3fcc40d9
403cc003
408e3e88
3f48402d
3f7940a2
3eae40a7
3e7e4011
3f5cbed9
3fad4086
3f164068
40774029
3fd54102
4061bfc3
40bfbee6
bff1bf3d
3fe83f28
be194067
4083bf2a
bf654003
409e3ed9
3fdc4036
bf1f40bd
401cbe4f
4066bedb
3f7b3e7f
3e6a3fda
4082404a
3fb1c00f
40e83e75
be65bf58
bf193fab
408140e9
bfb5bfb3
40843ff7
bfb9400d
3ff4beea
3ff5bf1f
bfe2403b
40df4015
40873f4b
bf7d4088
40833f0c
40633eab
bfc53f2c
4049405f
becd3edf
bfa1c007
403b3f42
406c4021
bdc03ff5
beff3ffb
bfbc4089
402340c8
40a54012
3fe44025
3e9840aa
3faebed3
bf68bfef
3fddbe36
40b03fd6
403c4043
3f023fcd
408940fa
40e2400f
40bc3f40
3ede3ec4
3f9a40e4
3ffdbef8
40593fc7
40404087
3fa44040
bf58be2e
406c410f
3ebd3f39
c0314062
3fbabf24
4028be4e
4011407e
40343ffc
40c8403c
3e81405e
40844019
3f704050
bf443e02
403e3e8c
4032bf30
407dbf7d
40b43fde
4089401d
40353f3f
3ee4bf8f
3fdfbf92
3f9340f8
40923fa7
40c44077
400540b7
401b40a6
bfc23ffb
40aebf7c
3ff34086
3dd5409f
3f9140c6
401040dd
40a43f82
bf0a408c
3f4f4070
4011bf0d
3ea53fd0
40773efc
40943fe3
3ffd4030
4022be4d
406b3f1d
403d3f1e
bfee4006
3f54bceb
be06c019
bfb33fa3
40ec4033
3d43be98
bf533fa9
406a4061
4014c03d
40c8bc75
c00ebeff
3e964056
401240de
4047c004
40df4031
c0394085
4021bfc0
4031bf06
3e904064
407c4028
40ff4051
3fff404b
3fd54088
409640ac
40a64040
3f2e3f1c
40e8407c
3f344093
408d40bf
403940ec
3d1cbecf
c03f3ffc
bda24035
bf8140cd
bfd64019
4061bf51
4107401d
3fd840a7
3f733f8b
405040eb
407b4004
4107bf82
3fcf4034
406a407b
40bfbf16
c00b3e4a
bee6401c
3efebfc1
3fe5bedc
3ed63f42
40ac3f81
410dbf29
3fb1409c
40124087
3ec140c3
40a63fe5
3fa8400d
bf4d4038
befc401d
bf9240f3
40cdbe84
40fb3ce0
bee04036
40733fa3
40863fbb
c01e3eee
3f754022
4025407c
bf4d3fad
bfcf40db
bf6e3c97
3cecbcae
3f504032
3fce409a
3fadbf4f
bf07bee3
4106beeb
3d92be80
bf1a40ce
bf1e4031
40b1bee1
3ebd405f
3e043fbd
401abe8d
40943fe8
40e2bf5b
41094014
3feb4089
3f944038
403e4107
bef03fbd
3f2e3faf
400e40ba
3fcd409d
bd3740c5
401a3fdb
40da407e
402340b3
4082bf64
407cbfab
407a402c
40d63f4d
3f3d3d15
bf0340ea
3f8ebfc3
40bc3d88
40e4bf49
3ea2406e
3f8b40a5
3f663f3a
40314013
406e3fff
be003fe8
bed2bfee
bfd84035
3faf400b
3f814085
3f9e404a
3fdcc006
404c40ba
bf773e02
405a4026
becc408a
3fc24007
40bf40c7
40e43fa7
c0113f24
3f393f40
be494053
40bd40cf
40ab3faa
4018400b
3ff0bfdb
406a40e9
bfd3401d
40babf1d
4096bf59
400b4079
406a3fd5
40833f54
3edd403e
3f8dbe43
3f2c3f4a
bf0fbfbc
40b3408c
402f3fa7
407d403b
402e40af
bea74048
3fce3fd1
3ec24037
3fac401e
3f1b4008
402c405b
3fbe4089
bfda3ecd
3ed8be16
bfab3f06
bf5d3f39
402540dc
3ecbbf9b
bfe63fa6
3d324031
403540bb
408840af
40074063
40a83fed
bf914037
3fca4045
bf91bf7e
405a3f21
40ac3fc2
3fad4003
3f3c406a
408240d7
40033fce
4090be9c
40b4408c
3f2a40a4
40094018
3f8640c4
3eb7400f
40bc3f44
4028bf98
bf97bfab
4037c02a
3ebcbf6f
409ebf97
3ff13edf
402d40f0
40a440bb
400b3fcb
be3b4052
bf384056
404ac00b
3fe33f90
3e743f28
40c73f17
be8e406e
4054bd0c
3fe640eb
beb7bd99
3e813eba
bebc4088
bd29c008
bf3440e5
3f09bdf2
c01a405e
3ec0405d
3d9f40c2
bf4740a5
40013fba
4094bfab
40374058
3fbf40c2
40183e90
bfc13fe1
40ea400c
3fa34095
3f903f97
bb6fbfd3
40113f2d
40d83ffa
3ea23f04
40844003
409040c9
40854036
4095408c
403c3fed
3ec040e8
40933fa8
40453f9a
40164077
bf75409f
3f56c007
3d02bf43
bfccbe8f
bda53f71
403ebfaa
beb940e3
403d40c5
40ab3fa9
3f8d3e97
3e59bf43
bf193f0d
3ec84026
40c64025
c0214009
bf4d40b0
3fa73fb5
409c4019
40d5bf3a
c018401e
be1040a3
3defbf2d
40ae40a3
bfa9be82
3e314051
3f163fb9
402c4081
408ec033
3e413f8a
410cbf4c
3fbf40b7
bee5bf03
40a84089
40e93de9
404b408f
3ff23fe6
400dbdf8
40874026
c01b3f16
40b33fc0
3fdd40ad
bf384026
4045c025
40eebe90
3d8a4040
bf6640b6
3e94c002
40bf410c
40933f97
402b3f98
3fb53e59
401f4090
40274071
bfda3f29
c0163f49
40974018
402540b2
40283d64
4006bfbc
3e97bf63
40d73f44
3fcebf6a
3fc140a5
4083be3c
40e54002
3fad402b
3e3dbf0f
3f5b40ad
3fb73f48
40d1be27
bf3a4054
3fc2408a
403e40b1
bf84bf49
40d83d0e
40e1408a
3fab408d
3fa74076
3fb340be
3fe03e66
3e82408c
3d214090
be6540ed
bfc3401f
3f9b3ff0
40834083
bf584080
405bbf74
404040d2
4021bf18
4089bd58
be773f2c
becabef0
bff3c001
407e4028
4011408d
3f9ebc90
403740e0
bff240a4
40c43ed1
41074028
3f6bbf66
3f8f40a0
bfeabe8b
40c54003
bf1e4085
3f803f2d
40023fb6
bf254093
3fd33f3d
bfb13e9b
bdc840a1
3f9240cb
401740a9
40dd3cde
403d3faf
4022405b
401240ac
404740a6
3f07bec2
bef8bda7
3e1240af
400dbf92
bfa7bf96
40e73fcc
3f0b3e33
3fbabfb2
402840b0
bfc1bea9
bf7d3f9d
3fac3fd8
401c4097
bedfbf93
bfe83fa2
40aa3ff3
40db4037
3f984038
bfa240c4
409b4051
4034be6c
c00a3ffd
3fc8bfaa
403e40c9
3febbde9
3ea8bcd4
3fc63ffd
3db7bd4f
3fa5bf01
40a94032
40573f80
bee53ff3
3f713bae
bf9d3fbf
3eda3fd1
bfd93fce
c0043fa4
3f81bfaa
3ff3bff3
3ec54059
3faa3f08
40583f67
3fbe40a8
404c3f93
3fdf4055
bf2e3e82
40d3bf85
400ebe47
3e6d3f4f
bf0bbe5f
3e82be6c
40b13e5a
bf394094
3e8a3fa7
3fe13e4b
40b14019
c0143fa9
40053ffb
bf654008
3f8a3de8
bf5fc00f
40d3bec2
40b34044
4017bfe3
befe4008
407240e4
bf584035
c01a3ecd
3f1abf28
bf6f4014
4022409c
40a93f3f
40bf3f15
3ff4bf0b
400e405d
bfeb400e
40de3fc2
3eabbf42
3f0d4018
3e49bea8
40473f04
40e93ed9
3fa8bf88
3fba3fd5
40044040
40bd40f1
40cb3f23
40253ff2
bdc1bf34
40774029
409a40ae
3f413ef0
bf2cbf51
3fb840a4
3fa04075
401940b2
40843f7e
40be4073
be82bfe2
be53401f
407ebe87
3e0e3f8e
bfea3f27
40324025
bedf402f
3fa14004
c0023dbc
bfcf3ea5
3ef7bfb4
bda04007
404cc010
406b3e39
40febf73
3fa9404a
4078c00e
4050c034
40863f9b
bf4abc1d
401540ac
3f18bf8c
3f9440ab
bf63bf6d
4051403e
be653c17
4033bf57
4095c020
40633eb3
bfc83c2d
3f9b3fcf
4063c00b
befcc00f
3d9f3ff9
3f49407c
3e7cbfe7
407f3ff5
4099c022
3feb400b
bfa43fd5
bdef40ac
bf8fc01a
40493d97
40c3bf66
3f833e18
3f16405d
3fccc002
40b13fa9
40af4037
402f3f95
3f233f17
be3f3fa9
404ec01d
40dfbd8f
4009400a
bf64402c
403b4076
40b3c033
bf0b3f5a
3f293f95
3c8ebe6d
401340cd
407140b3
402a3fcf
bfd13fa1
3f2a3f23
4067bfa0
3ec3c03d
40323fd0
bdfebec3
3f834024
bf384028
3e94bf3f
3d863eb7
41084003
401dbfdd
4017bfaf
3dc84103
40093fc0
40963f2b
3fc63ed8
403740ae
405e4062
40663feb
c0133fd0
bf61bf85
bdf440e6
403dc010
bf64401a
3e753f99
bff93e15
3faf405f
4077409b
3d80c040
40d4402b
407abf8a
3f88406f
4089bd94
bfa6befb
40cf3f0c
40ce4082
4004409d
4024bf5a
bf953f8b
bf59402e
3f3ebf26
401b3f85
beafbfef
407a40c5
40963d8e
40de408e
3f70bee6
3e3e40bf
409ebfd9
40324004
bf9ebe13
bed0409d
400c4027
40b940cc
40d83feb
40b53fda
3f0f3fe6
bf9e3fb6
40c0be79
bd9f3f3d
bff7400e
40043f79
408440a2
bfd040ab
3f9e401c
410c4083
4015bfce
3e9e4095
bfa540e7
bfc73f89
410a405c
3f81404d
407d4086
408f3f9b
bffcbf24
40ccbefe
bf12bf05
3fb03f7e
bfb140c1
bfe7400f
410cbe75
3fef4003
407740a8
4086405f
40734033
40903ff1
3fdc409e
3ed440a0
3f793ffc
beb33f33
3fe23fb6
3f083f7b
bebe40d6
40813f99
404e3e6d
c0354082
3fd7bf64
401e3fb2
bf50401b
40d04012
4106408b
3f72befd
4085409d
409bbed4
40d64010
3ddb3fdc
3f843ffe
4063bfc7
bff440dc
40c23fe6
3f91404c
bf7fbd45
3d3f40bc
3fe0403f
40884026
408b4075
3fdabf63
3fb53e36
bf5d40e4
40ae3e71
3fea4058
3f433fb1
40853f9b
3f0b3f52
40273f17
40f64020
be2b40b2
3f163f27
407440cf
40073fd8
41073fd2
bf493fa4
bfabbfc8
402040f7
40d9bed8
40b54043
3f6e3f1e
bfbc3fc7
bfab3f0c
40e83ffa
40bd4019
3eb4bfa2
3fcc40e3
beda400c
40c34012
bd7d3fd0
3f56bd00
bfb740ad
409f40d0
400d3daf
40633fb7
41033fb1
3e9dbe5e
40224006
40bc4102
401ebddd
40efbf33
bdbb408d
4060bfc4
3e0140e0
408b3d9f
3f55be3c
3fb54067
403fbe82
40bc407d
40ef3f81
40c53ce6
3fcfbf8f
402140c4
4084c009
40334016
beea402e
3fdc405d
408c3d4a
bfc640d8
408e4018
40624002
bf1840ac
bf6d40e7
40ad4043
40dcbd5d
41024003
4020bf93
bf824085
bfb43f8e
40963f48
409a3f82
4024bffd
40394094
4001402f
40a93fd8
bf54bd81
bf7c401b
405240c1
3f724015
40583fed
405c3fc4
403e3d4d
406540c1
bd4a40eb
401abf4c
409dbf05
3f71bf4c
be1dbfed
3fee403b
be47bec9
40193fed
bf05408e
3f53404b
40014044
40d03fa5
3f86405d
3fe9bf87
bf014093
40a84010
40003fe9
408e3f0f
3fc14070
3dba40bd
3f9240a8
407d3f26
4107be83
403b4023
bfbd40aa
400e3ecd
40e33f9a
406f3f8d
40384053
40073efd
bfd73fe5
c001403b
40c9beb0
3fa840bf
403f3f13
40453f86
40874037
40ea4060
bf06beec
bfabbef6
3f6b4058
407a3f50
40b2bf21
3ed74074
3ff44090
4027bee6
40a13fb4
c0153fa3
403f3e96
3fa440b9
402b410f
bff73e1c
3ff53edd
3f7140ad
bf533f99
bebe407c
40a94011
40ae3fa7
be6b3f23
406f40d7
4076405b
3f2bbf00
40ed407c
3ed040b6
3fa740d7
3e013f78
3fbfbd26
40e6401e
3e0c40b9
3fcc40c6
40ba4028
40e24015
40ddbf1b
bf54405e
3fba3eda
3f234109
40cfbf57
bf8cbf3e
4010bf45
bf97c019
406f4049
40bb405a
408c3e04
bfaa3fed
3ff93fea
bfa64085
40a5404c
bf9fbf6f
bf3b3ff6
3fa13f00
3fcf4002
404740f1
4015400b
bfee402f
bf564023
bf0640c6
402fbff7
40ca3e06
401c4023
3fcb40aa
3ff1be82
bfa74038
40324004
402abfbc
bf1d4090
bf934069
bf6340b1
4085402a
41004035
3f41bfcd
3fd240a2
bed4409b
3fd53f21
3e4c4082
3fcbbeb3
40323fc7
3f994102
409c3f23
40ca3f8d
400b403e
4087bfa9
3e93c03e
409c3fef
40844004
4012407e
4087408f
40bf40b2
407dbe87
be233edd
3fb23fbc
400240a3
40794108
40743ee1
bf8ebf16
3fb7408a
3ff64005
40493f98
bdc53f8e
40fe4052
bf734054
3ffebfd1
4066c02a
c01a3d22
406d4073
3f144036
bf9240c3
400340a8
bff53f77
40c3408c
bf7cbf16
407c40d2
402c3fe2
40a23f67
bfa44078
beee3f51
3f693ffe
4015c037
40733f4d
3fedbf59
3f6340b2
bf44bfe5
3f2d402b
405e3fa0
41024054
3f88bf9e
406340a3
3ef64063
4007bf10
3f1fbfa2
403b4047
bdca3e89
3e9d40f2
3f9f4019
4098bf8c
bea8400d
406b3f2d
40af40a8
40c4bf14
40983ff5
402f40a1
4063bf5b
407a3fb9
bf123fe2
bf833f5b
403a4049
405d40c1
bee64101
3f9d4023
40bd3f0b
401dbea5
40304065
bfc340e6
40cb402c
406c407a
3fba4042
408b40ec
407a410b
40953aad
40803fbc
bf5b3deb
407a3f87
3f60c033
40eabec4
bea03f01
40134008
40504037
40b940d8
bf8f402b
bf3b3fa2
403bbf37
403440be
bf873faa
405e4096
40b83fae
410b3f52
bf724034
4080be4f
403a3f9f
be9b4027
3fac3e70
bf083d34
401dbf70
40264095
bfa53eb4
40223fe4
3f524043
bfa34093
3eb73d8d
c00bbef5
bee3bf1a
4024becf
bf3c3c6b
405d40ad
3f6e401c
40dc4084
bf6240ba
3f0a40ce
bf95bf00
3dae403c
3fef3f9f
3fac3f39
40243fec
403c401a
40cc3cc2
40bd3ca5
3fe2401d
406940d8
40a1c02f
40094010
3ffd4037
bf654082
be8d40bd
bf7440b0
40e43fa9
bfbf3fba
3fac3f6f
40813fd6
406f4107
3fcd402e
4105bf9b
be8a3f96
40574014
3fe740dc
c0113fb7
3f63bf3c
bc63400b
4082bff9
4075410f
40753f6a
c0093f88
bf104006
bfad3ebe
bf024002
4073be77
402fbf9b
3fe64078
402dbf66
4018bfe6
409dbf2c
3fdd403d
bf54bf5b
40784018
40924084
40ad3fe6
40b6408b
bd5e40b9
bcd540ee
3ecc40d0
c006401b
c0113fac
bea54003
3f45402e
3f574048
404e3f60
bf2bbf98
3f864046
3f91bff8
bf21410c
400c3f43
40a1bf89
3f0ebfa0
408340c8
bf103e52
40a33faf
3ff53f90
3fcc40a5
403740a4
bebec02e
40ddbd9f
4035401b
401b4089
bde63e9e
bf293f4f
be733f1d
410bbe23
3fb43e5f
3de040e7
401abf87
3eaa4023
c001bfa5
3ff3403d
405c40e4
bf6640df
40c53fa5
40fb3f9d
bef1400f
bea6402c
408abf47
40b13fc2
407cbd58
bf22bfc9
bd9e40c4
3eb43f42
3fac3ea1
40e54081
bf793f13
be31bfc0
bf4c409a
3e093e5c
bf433da0
41084025
3f81408d
bd814093
403e40d9
bfedbe22
4032be75
401b402a
401d4095
40934090
40073f08
bf604016
3f44bf72
3fe83ff9
404b4023
4006402a
3fdbbf1f
40003fe5
408dbfbb
408f4081
409a4021
bfa1be2d
befe40b6
4011400b
bf53403b
4098be32
3d643eb2
3f37407a
402e4085
3faa40b6
bfb03fcd
4095be8d
3fa6bf89
3ef2bfb1
3fb14087
bf024018
40154034
4006becd
bef34032
405d3fc2
3e8dbee0
4062404c
403e4081
403e4041
bff1408e
400a4013
40a8bde1
3f73bf8d
401940d9
bf393faa
401b3f3c
41054089
40024088
408d3cf6
bea640e0
403d3f82
3ffe3e9d
3f0040b1
408cbfab
3ff33f04
bfe0beff
40ed408b
3f073f45
403f3fc8
409240a3
408e3f09
bedf4073
3fd7409a
3f163fbf
406540cf
4094402d
40ff4020
3faabf89
3f47bf8f
bf254110
3f9d3ea6
404a4090
3fdbbffc
3fc6c018
408240af
40c23f6e
3f26408b
40063fe5
408440ad
40593fe9
40a43fc8
c0064066
402c40bf
399a3ed7
bfd0410a
3f4e3f98
3ed03f9e
3fc73e20
3fdb3fe3
3fb9bde0
40acbf44
c01f405a
3fd53fac
4083bfa9
be8cbf09
3fe33e81
4027bfb4
bf1a400c
401f40b9
40af40f4
bf3e3f08
bf83407e
3e943f7e
40883fe1
402940d3
40043fac
40b93f98
3ecf409a
be0f3f68
40874101
4090bf13
3f733ec4
4040400f
401b4087
bfc13e1a
40e64009
40a1bf8a
3f924015
3f5840df
3f094106
4070c040
40ab3fef
bf95407a
4033bf3f
406bbfaf
40364073
40743f07
404c407c
3ee5bfe4
40074033
4093410d
3f3cbf0e
40d5bf64
3fa64099
bf863fc6
3f4c40f7
40c13f31
40ca4022
3f9e409e
bed0bf39
bfd7bfd5
403b3ff5
3f0f3f62
4002409a
3eeb4066
4084c007
40803fa3
400c3ed2
3f0c401a
405940d3
3fafbfc5
40c4be39
40e13e85
3f61402d
408540c1
4051bd51
402fbd62
40d13e7c
40204078
405fbfaa
bf94bfb6
3f87400a
4045bee6
4016409f
3f9d40b7
bfb240a4
40aa3fd4
be74407c
bea1409f
405ac01c
3f8640e8
40bc3fd3
bfcf403c
401fbfec
40463e30
bfb1bff4
3ee63fbd
40213e9d
bef14046
402bc011
bee34091
405a3fd8
4101406e
400f403d
3ed43f14
401b403a
bf96bf1f
410d3fc9
bf52bece
3e5dbe04
3bdc40cc
bfed3f2a
41034014
3fee40a5
403440a4
407d40f4
406a3f8e
40dd3fc6
3ee240a1
403a3f1a
407dc00b
40a63f14
40023f25
3f9dbfee
40894072
3fe9402b
40a63fca
bfe2406c
3f134010
40654026
3eed40bb
beaa3fbc
40e44077
4027be58
3ff34048
3fbac021
bf62bf28
bffcbf3b
3f6c4062
407c3fe7
40714100
40da3fd3
4081bfa3
3eac3fa3
404dbf98
3f8ebf5f
3f8f402c
bfa3401a
bf413fd7
bf5e3f1e
bfe84079
408fbefc
409c3fd1
40343fbf
3f7dbe80
408640a8
40853f80
bf8a3fa3
bead4094
bfa04014
3f953fb4
beb73f24
bfc13f53
401e4018
bf94be9e
406340fb
40ce3fd1
c0213fbf
3f993f16
bf303ec3
405b3fe5
406d4056
401f3d8d
40c7bf69
3f0e4068
bf09bf46
3ee74029
40d6bf13
bfac3e0b
40294082
3e8cbee2
408140d2
40bd3fba
c0084073
3fe93fc9
405d3f0b
40894083
40254022
40e93fbe
3eb3406d
bd79c000
bf29c006
c00d3fa5
3e9e400f
3fd54084
408e4098
408d4106
bf954013
40973f93
bed34090
3fbe40b8
400740a7
40183f9d
40df3f4f
be7b40a3
bf75bec1
407bbfa1
bd61be8f
40563fc7
3f9340b5
408e3f72
408cbe5c
c0033fb2
40c14048
befe4019
408740dc
bf114026
40813fec
408f3f59
401440a6
be8dc00e
3fdd404a
40ab3fa7
41014086
3f34404c
3e7840b8
402ec01c
bf533ff4
406b4084
3f104059
3f643e06
3f324094
40c13eb0
41073fbd
be873ef8
40823f8b
bfff4004
40cf3ee8
bf7c407f
bf40405a
406140a3
409440fb
40033ff3
400d3fe8
3fcb4076
406640b6
40ae4081
bf863f06
40ad4056
3ea54068
3f2f3e15
40a44050
bfc4bf74
40b53ff6
3fcdbf3c
3fb63fc1
40b5bfec
bf2e4029
40f34075
3ed24080
405640c4
3f62c015
c00b3f71
3dae4083
3f5fbf5a
bf9b4089
3fdd40f6
c01d4033
3fd83f95
3e88bfc6
be7440e0
407140db
c012bc7f
40a53fb3
402a4083
3e3d3f0a
3fea3ff2
4036403e
40adbea4
3fe4bfdc
3f8fbfd1
bf894089
40bd403a
40b4bf7c
40184070
bfbfbfde
bf3a3e73
407c3fce
40ac3fe8
3f094096
bf99404c
bf8a4097
40bb401b
becb3faf
402b3f83
bf7f400f
bf09402b
40964039
3ece3deb
3fed408d
beca4081
3f9b40bf
bf9f40d4
40733f88
40993f71
40293eb6
40173faa
4059408a
40d53ced
400a4060
bf4d40a4
40533ff4
409740bc
bedd3f98
40be402e
401b40bd
bea0bfde
408540ec
40883fbf
40df3fb6
40153fd1
bfb6c01c
3e6240ae
bee33eff
bff63f1f
3e21bf65
3e613f42
be8340fa
40ad3fec
3dc63fae
beb640a3
40043fdd
3eb240f2
404b3f02
407abe43
3eaebee5
bf80bef3
3fd24050
40833e4a
40903ff9
bf6a3f02
403e4054
40b240a5
3f943f05
40f8bf86
3f553fff
3fbd3f89
bed33fee
3f51bf5e
bfcc3fd1
3feb3fb0
40803fef
40a6410b
409a3f90
40ba4056
3f854005
4019bfdc
3fb24052
bf3fbefd
40813fea
40064050
bf36bf9b
4034bf68
bfc23ed8
40383f02
bf4cbf18
401cbe12
bfa94102
40803fec
bfa53def
3fab408b
3f3b408d
400540eb
40cc3ee3
40c54086
3fddbfc1
3fc24075
4086bf58
40873f70
40c34016
3e85bdd7
3fd2403e
40be3f60
40c33f18
bf453e43
3dac4023
3f2a406a
40ba40b8
bf92403e
c01a3f35
3fb7407c
3df84075
4006407e
3f983f7d
bef94052
3f88bfe5
3ed340df
408c40af
3f913f0e
be8b3f25
3f154085
406a4068
bf5b3fe1
406f4007
3f864039
3f8c4096
40224096
bec63d25
40393fd6
40fd404f
be494061
be6e403a
3f5a408e
bfd03f42
bf993fcb
3e4640ba
3e4940b7
40bd3fc3
bcc3bf2b
40f13f0e
bf354050
4009bf98
3f3f40b8
c0153f6c
40c93f98
41063f96
3e3a408c
bfae409f
40114070
bf12402d
c0233f00
40334083
be74bfd7
402a408b
40a93cde
bff0be8f
401c4058
bf684008
3f8940ed
40adbe27
bff74004
3ec2bf86
408f4003
403d4086
40a04021
404b403d
3fb5409b
3fa23dc3
bf133fbf
40524012
bfac4075
40134016
3f2abf0d
40bcc026
3fca3f58
410b404c
403b4088
3f503eb4
3dc740e8
40834001
3ebf3fea
3e193fdf
4018be26
bfaebeb9
40e9bf22
bf803f8b
3fbf4096
bf91408a
40b14018
3fd04015
409c4048
3e6d3fb2
40803ff4
4065410a
405e3e07
3e8d4047
3f9340b8
40604096
bf14400a
40ec3fc8
3fa7bf19
3f0c401f
40393e92
40b140ce
3f303f53
41093f06
40243fc5
404740bf
405e40f5
40533f01
40c6401b
3fbc402e
bfadbf59
403f4039
bfe43ecb
4109bfb4
3f8940b7
4012bfc7
408c410f
40a34036
bfbf3f14
3fba3e50
3d863f1e
3fdfbef7
40954021
409fbf75
3ff640a7
404640ab
40b1bf0e
c0043fab
40c44000
be683fd6
3f884087
40194009
40a94024
bfa24050
4034406b
3fe940bd
4003408d
c00ebec1
3fa24087
40363fa2
4038bfe7
bf663f8f
3fc43f3c
3faabf59
403abfe8
3f2a3fbd
3fb840b8
40e74022
40a6bf8a
3f9a4032
4006bf65
bf2040f7
bff5bf53
bf104076
3f7a40af
40284032
3f4a410a
3fb63f85
4084bf7a
3ef140aa
3f9f3ffb
4016bef7
3ff93f89
4084406d
bf744036
bfaa40c9
3fea40af
bfc2bf0a
40103f6e
4009bff8
bf45bf99
bf803fcc
40594095
c0163fda
40fe4060
4018bfc5
3ef0400f
bf76407b
40953fd5
c002402b
3e58be71
bf48bf45
40b13f2f
3f803d4c
c02a3f8a
bea440ae
404e3da3
4087bf97
40c1403c
bf19bf93
bec5408e
40893fbe
40bd3f04
40a53fda
40c6bf8f
40364062
3fe8408a
40bf3f52
40c23ec0
bf4e406a
bf6540b9
3f8f4084
bf333f81
402a3fd4
41074065
bf6c4083
be8b40b1
3fc8c02f
40994024
bf8bbf42
be83bfc5
3e863d89
407fbdc4
40db3f3a
3f104014
3f3abe64
4071bf04
40b63ff8
40953fea
40c3404f
3db1bfd5
bf10407d
bf364082
bf9c3fff
40f33f9c
3e963f20
3f93408d
3f0040fd
40c73fd1
409f3ed9
bf1b3fb8
3ea24029
bd57409a
40813fc8
4022401d
3faebfdc
3d8940b5
3f40410c
3fd9bdfd
40bc402d
3ed94016
bf133e90
3fe640e4
3f70be20
c0344070
400e4044
bfae4099
bf9e3f93
3fbe4016
407f3dc0
4001bf13
3fe7bdc7
bf7dbfcf
3fd9be6f
bfd8bf93
402dbf3d
40334000
40a4c00d
407abf32
3d88407d
3f3d40af
3fb13d62
bf45bee3
40ecbd21
3f803fc7
bf31bf02
bf6640bf
40af4090
bfb73e24
40babcb1
3fa03fb9
3f8840ee
bf8c403a
40963e6f
bfc74054
bf37bffd
40183f0a
406f4077
c00d3fbc
bf86403c
3f27bf25
3f3abdc4
40853dda
40b74015
40913f45
3fee408c
40484097
40aa40a9
3e493f9a
3ffbbf05
4020bf84
40873fdb
401e40ea
4087bec0
3fbfbe2f
bf5c4009
3f74bf06
3fe440b9
400f40f5
405cbe0d
3f964016
3fc44048
4039c008
bf9e406c
40903ecb
40aebf8c
3faebf82
40314044
bffb40d1
bfe24009
40d44089
3ffc409c
3de44088
bf123f8b
409f4019
3ec83ed6
bebc4002
403ec004
4007400e
40383f5f
c0053e05
3f8dbe55
bf863f80
40b14002
40c73ece
410ebefa
40313f04
3fec4093
40a6bf7e
40e33f8c
c02bbf90
3f13408c
bf823fc4
40b63ffa
40c33f21
407b406d
3f6840a9
3ea73fbe
402abfdc
3db33fb7
4110becd
bf47408d
bf533f56
4093bfc1
404d3f9e
40ccbfac
402940b4
bfb23fea
40a8c00f
bd283f2b
bd8b405d
3fdbbf12
3f8f3fde
bfce3f50
3eb43f42
40f9bda4
bf1e3ea0
3fa53ff5
3e4b40ad
bf2c3ff8
40b54086
3db040b3
bf43405a
402dbeba
40c54026
c00c3d9b
403c4077
bf84bfe5
40a4402e
40923fa3
c008404c
3cc23fcc
408c40b3
406840a9
4067bf5d
40753ec4
bc5240ae
bf5940cf
3fbb40ba
40bdbf0d
3f483de1
4000bf76
bfaf3fbd
40883f88
c009beb3
3fb6bfb8
400740a4
403cbf24
40884007
be153fc4
402f3fe3
bf3a4003
bf6e40bf
408f410f
40e7400f
bfffbd26
bf2540a9
408040b3
bf7740ec
bfe43f7e
40d03f91
3efa4088
3eb2bfc8
bfd240bd
bfd9bd36
40e5403e
be90bf38
3fd840d2
40b44106
3ea03ed9
41054038
3eb640ba
3fa34031
404d3fc2
3f934011
40c93f42
3f383fff
402240c6
40b840e4
3f593f29
402cbf86
3f82bff9
3f9240a3
3dc440b3
3fc94018
40b7bf95
4107bf90
3fdd3f49
bf98bf28
bec44019
40d4bf54
410f405f
401c40bf
3fef4078
3fd44101
40a33f1a
bfc54080
3d80bf63
3f3cbf13
3fc8bfc4
40b9be40
3f3d4087
401f40a8
402e4026
40ad3fb3
4061bf74
bf443f99
bf7b3f23
3d3340c5
bfc23f3b
40be4008
40a43dda
bedf3ea2
bec9c015
40094110
40dbbe57
40ea3fbe
be80bfb0
bfbdc00a
4001406a
4088bf25
bf12bf8b
bd2f40b0
3ff14051
40343fe4
bfb8bebb
40114060
bf443fa4
be324022
3ff64023
bf45bdd0
c006bda6
3f884019
3e1c40c9
be4f40be
40aa3fd8
3fea406a
3faebf84
3e7940db
bfd7be80
c0173fc5
405f4089
be1540a0
40083ecb
3f8bc039
400d3f08
40d1bc73
3e484002
407f3f45
bfc13f8c
c01b3fec
40c54010
bf59be96
bfb2408d
409840a4
408a400e
3f953f37
40383f07
3fca40b6
40083fc1
40e23ebc
40694072
be7640a3
3f9c40d0
be0d40a3
401b4014
4100bf01
3ff23cc8
3fda4055
40bb40a1
bfa8bf7f
40babfa8
4010bf79
3fd33fbc
40b54027
40553f0b
4062bece
3fe8408c
401fc011
40404105
408a4026
410f406f
bf3b407e
40354032
40adc012
bfa53f86
bfaa3fa3
bf35bf3c
40874081
bf8340c4
40b2403b
40babf60
be7c3f6c
3ebf4021
4032408c
40d0bf61
c0354060
3fea4090
bf20bfc1
400d4086
40914013
3fa23f34
401440bd
4072bef5
3f324106
40ad3f45
40c7bf70
3fc8405b
4055bfcd
407840c9
3f0abf3c
409e3f3e
3fda3d8e
403d4090
bf333fe8
be38bfcc
40143e4c
40cd4019
40383fbd
408b4099
3fc1c019
3cd13f81
be854023
3e21bf6a
3f95405b
bfc240d6
40903f57
bfff3f80
3d26be99
bfbe4040
bf9340c9
bff43fbb
410fbfac
3f313fa4
40313ff2
bf0a3e9f
40a73feb
40e5bf8a
bf5abfb1
bf1fbfdf
40404106
40363ed4
bd4b3ff3
bcbf4016
beaf4073
3fb64072
4067403b
401e401f
3f0fbf03
408c3f5c
40014089
40ac3f3d
40904038
3f40bf85
4022bdbf
3ea9c00b
4033bf78
40524047
3fb340a2
3fc240ca
bef8400f
40723f6e
bf56402d
3f354050
3e40bfd0
400f40d0
bfea400a
40064086
3fe33ff4
402c40d9
3f9a3ee4
40be3efd
4004403a
402d3f98
3fe54045
409c3fd8
40023f23
befabf13
3eb33ee7
bed9409d
3f814019
40e0401a
3f80408d
3f723fa3
bf373fe6
3fff4041
40b73ffa
404f4084
3ed13edc
4082407b
404a4052
be9d4002
40924039
3e5d3f9c
bfbc40a0
407f408e
40ea3dc6
bfae3fb5
bed64089
be28bfa7
400c40d3
40dc4007
bfce3f1d
3fe74074
bf9040e7
40763de5
bfaebf22
401c403b
bf073f82
3daebf83
3f5740e7
404b4004
be8abfa2
bf4c3fea
bf4c4065
40334089
401c4014
40c6405f
3edabff2
bfaac015
3de940eb
40313faa
3ed7400f
bf72407a
3f27bf8e
3f8d40bd
400d3e35
be8d403b
3fa34003
3fcb408b
be0e40c4
3f763e9d
4003400c
3fed3eeb
bf0a4038
40444078
bfa74015
40e9406c
3fabbfd6
3f5e408d
4079bff1
40ea3f8e
40cc3f06
41084020
bf0140ad
3fd23f56
409d4032
40d5bf38
c027405f
3fc3405e
3f504013
3e66410a
c011bc89
410abf6e
bcd43fe2
bedc3ee6
bfce40df
bfb74036
40714032
bf42bf1c
3f10bfcd
3f3b4107
3f573fb5
40de3fb9
3f843f66
be58bf8b
40ae40ee
3fb83fb7
bff04008
3e474037
bf923e48
bf4b3ffc
40e2be7f
3fb34079
bf55bf87
3fac40c9
3e944010
c006beaa
3ff93ead
3ed4bf2a
bfb04098
409640b8
40883ff8
3fdc407e
403bbfea
407840ef
3e9b3ff0
40903f99
be7abf5d
3f90bf97
bf5740b9
403fc022
bf593fe9
bfac3fd4
40053f8d
bfae408f
4080bf3e
4068403a
40aa3e53
403d3f46
406940a8
408bc03d
40ae4025
400b407c
403dbf43
bfbc3f3c
40ab4104
3e834032
406e4024
3ff74070
403840cd
406d4023
40923f1a
be3a3fcb
3fde4080
3f2d3e33
40404097
40923f84
bf033fcc
3fcb408c
bef94031
bf844084
40c03f25
bfd13f1f
3f34bfd7
402cbfc5
406240d5
3f24bf05
40bdbe99
3f483fad
bf9ac016
40bc40fb
3dd63fcf
bfe63fdb
3fde40a4
3f134090
bfb4401f
3fe03f7c
4051405b
403c40b2
3f384097
40b7410a
40404008
3ea4401f
403e40b3
401bbd83
406e40ee
3fc8bf72
c0033f85
40083f10
4020407b
4015410f
404e3fe8
bfe64076
40194008
400440b0
408b403d
bc544013
3f934088
3f36bffd
3edb40d9
404040c0
40a8bf3d
40ba4085
3eab4040
402540c1
4030c027
405f3e5b
3fe6407f
3f3e4022
3fd94034
408a406c
3f99403b
40a5401e
3f95bf3e
403f409a
40354062
40673ea4
40d13ec9
40c3401d
3fa6bec1
3f8e3e0f
bed840fd
40ac3de1
40b84033
3fcb3fea
407c400c
3fa540bb
40433ff6
bfff4088
4008bfb9
400e3f84
3f23410e
4007401b
408e3f9b
bf3c404f
401c40bf
bfb44005
4008403c
bfba3fd2
3f743f28
408a3f6f
bf8b3e61
c00a3fc6
40183f94
bf7f4061
3f0040df
4012408f
40d44003
40c23f98
400e3f9d
408e3fa6
bf8d40b0
c01bbe93
40903f7f
bf16407c
4080bed0
407e407a
40624018
40c63fb9
40204079
3fdc40b8
408cbf4b
4089beaf
410c3f78
3e0abf2b
40473fc4
40734084
400f4018
40b0bfb9
3f4940b3
bf8b4041
3f8ac00a
3ebabf56
3f6c4080
403c4093
406b40c9
3f66bc65
40d2bf5a
bf1a3df3
40063fcc
3fccbfaf
be8240e8
4097becd
40eb403b
3f964068
bf8540aa
40af40fc
4031401c
40063f4c
3ea9bf86
3f5540b2
bf714106
3fafbf55
408a4002
bf523fc7
3e6140e2
407540da
c0183ef2
bf044006
3e1f3f50
401640ca
3fed40b7
40da3ea6
40afbe68
3f953f1a
3ecc40d2
3e19bfee
40e53f77
40434082
3fdf3fa4
3fac409c
3fff4079
4019403e
40ad4062
bf4840a6
3dd040a4
4080407f
3fe33fe1
c0264005
3efb405a
3d9f3f5a
4068bffb
40da3fa4
40f73f4e
3fd3bf18
bfa340e7
3e6c40e5
40ab4017
40c53f05
3c7f409c
3d76403f
bfc440f1
4093bf0f
3dde3f21
bf483fc6
40603fbe
40ab40b6
401040cc
40e23e98
3fd53fe2
3feb4062
400c40bf
bfc74104
3fb43fe7
40a63fa9
3cf9bf4d
40783f6c
bfcd4082
c0074013
40c34013
3e663da1
bf813fb3
4081400a
40c83f8d
3f0e4087
bf3a4069
bfb33eb2
bee140fa
be6fbdb3
3f9c3d50
3fe7bfa9
bfaf40b7
3f8abfbb
3eee3f58
bf223fbe
3eb1bfaa
3ea54096
40a240d1
bf923dc8
410b3fd3
40164034
3f7d40c9
4096408b
3ed73fa5
be0d408d
3feb3f78
3f82bf15
405e40da
3fe53fb2
40f6408f
bf5f3f78
40304079
beea40ed
bffb3f19
40c0406a
3fcebf80
3fb74017
4089c033
40833fd9
40c84027
3f1e401f
3fd8409b
3f4340d9
3f8c4001
40533f21
bf7440bf
3fc6c009
3fe3c035
bfde4029
3fc0406f
3fa1408e
3e984083
4057410b
40afbea5
40d7bf45
be374080
406340e9
3fa040c0
3f7fbf3b
40f9403c
3fd640bb
40794046
bfd340ac
40a03e0c
c035408f
bf773eb2
40133fd2
beeb3fcb
40bdbed7
3f303eea
40373f69
402b4097
bed7c02d
c00f3ff6
4046408c
4008409d
3e454042
40a7bfd0
4030bf66
4059bfa7
bf224025
405940ea
3ffb3f60
3e47403c
40b1401c
401c3f4a
3f6a40e9
409bc01c
3fd53fe9
40e74029
3f994040
be6a3fce
3ef7bfcb
40ebbe9b
bf284032
3f4b40bf
bee7407c
bf743ed2
40df3f72
40b44089
3fdc3e91
bf62400b
400ebfb9
3fc03d26
bf904004
3fae40b5
3fa240c2
bfdc3ce0
40ea3ff4
3e5ebdd5
3e8f3fa7
4027bfc3
40ab40cd
3fef402c
3edf4020
40d6bf8c
4027400e
403d409c
40b5400e
406ebe59
c00f3d41
3f204057
3f3b40d7
406e4032
40c73fd0
4060bf43
3fbe4082
bf57c007
be6740d1
3ffabf09
4020404f
3f9340af
4069bf07
405bc034
40cabddb
404e4016
be044060
40844086
402740c3
bf913ffc
3e7f3f4b
bef7bfbb
408b40cf
4029bff2
3f4a3ffe
40cb403b
3f223f01
400fbfd4
3eb44094
40ed4012
3f4c4011
becc4065
bf794039
40504018
40cabf77
405f404d
3ff0bfcf
3eb93fb1
405cbf95
3f45bf6a
bf893ff2
3f03409e
408740d5
3e9840f8
bfaa402b
40d94069
402140b1
3fda40a4
3f474105
3fdf4035
bf9c3f84
3fb4bf4c
3fd83fa1
401540ee
bfa23fd2
3f07bfa1
3f9640a7
400140b9
3fa83fc1
40b2bf42
40fc3fa0
3aa33f72
bf57bf1b
40994006
bff84031
40f64066
3fa64057
bbeac004
bfdb4009
bfe34029
40d23f3c
3eeebff0
3f6140a8
406bbf7b
40204001
404abfba
3eeebe48
4059409e
402c40a1
be3d3f97
404f4014
402c4066
3fa7bfff
bff13f97
40b3bf5d
409f404d
3ff54098
408a4045
400b4096
3fe43fee
bfbd3f7a
bf37408d
bda3bfc1
408e410e
40ecbf79
4107bfbe
3fe2bf2e
3fd4409d
40974109
40a6400c
4093bf90
3fa2404d
3f0e4058
bf6940cf
40bd3e3f
c0234007
3f143fdd
bf7d40c7
40973fa5
40e74038
bf7b4003
403fbfd3
bf173e26
bd363e76
40e7403d
40444065
3fdf3e2c
3f34beb2
408740cc
3f5f4033
4099406c
3d473fc1
4060bfe6
406840d7
3fefbf2b
40003fe7
40f83da6
403c408b
401ebf70
bfc5bf56
4005bf37
4059406a
3f4840c0
3f11bf10
408a40ea
40b23fcd
3fcf405b
3f4a409f
bfb23f88
408640b8
402e4035
40984065
3e6c4005
bf2d40a2
409c4086
40c44003
40f34088
be2dbfc4
3f644090
3f4340e7
3fc13e80
bff13f85
bf71bd47
406940b4
40a33fe3
409fbee0
400c3fb7
bf14bf52
405a4065
be93c00b
40d23f29
bfe93dff
3da4400e
bfa14044
40b53f87
40c33e9b
408c3dfe
3f96bf2a
3fba3ff6
3fac40d0
bea43ede
bfecbf0f
3fb5beb7
3fd2bfa7
40883ff8
409c3e55
3f863eba
4032bf4c
400f3fae
4082406d
40b4bf7d
405e3fe4
401b3d02
bee64061
bf1a4071
4085401d
bfce407c
bec9401e
3fe340c7
3f914092
40953fc4
3fe03eab
40384024
40074015
401240a9
4038bf2f
402a404b
3f9abff7
be4d4025
bea340e9
407f3ffa
3f5b3fb0
be95bfcd
bf4c3de1
bfeebfd8
406abe44
3fbe4083
3f1b3f12
bf3e3fc7
bec440f7
40a94012
40cd3e47
3f9ebfa0
bf82401b
bf8f4094
40a03f9d
c01e3e7c
3fe64085
3fd0bfd9
400f3ed3
40bd403b
402abf8c
bd95bf2c
3e9140a9
3e8f3fcb
40b23e6d
40b23fce
bf764045
bfaa4060
3f4540e5
40083f0a
40fa4086
3f08409c
3f8e3f15
4016c027
40773f7d
bf94403c
3e4b4018
405f3ff4
be194016
bed73ea5
4089bf8e
3e2d404b
404c4008
bfc04021
40863e1a
409c3fe6
4005bf77
3f794080
408540c5
3e283f36
40d9be9b
40063fe0
3f31405f
40563e23
408bc020
40e53dd8
3fce3f0b
4034be67
400540de
406140c4
40a03f4a
401e3eed
bdeabf91
bde840c9
3fa040ea
40eb3f97
40e83f4e
bec640bf
3eb9bfcc
bfb240f1
bf473f9f
40084037
403e3f9e
406fbfbb
bf9abf9f
40b13f74
bfb4bf38
3e934057
3f9940c0
409b40d6
c00ebee0
40343f4c
3fea4085
bfa540a5
3fde3f84
40de3fbd
40d03f8f
3f063f21
bd79bfb2
4073bfe9
bff13f84
bff54052
40084065
3fac40db
be864088
c0183dae
bed2bfaa
3fe640a9
4017beea
bfbc4073
40a33fe7
4013402e
3ff43faa
40394065
3e3b4067
3d7a3f9f
40393f89
403d3f4d
bf754091
404240f4
3f5cbd9b
c02fbe91
3ff24011
402f3fea
4023bf0b
3f3f3f9a
3fd83f37
bf424098
3f1abddf
beb3404e
bf974024
4042be09
3fe63bf0
3f804024
3ff33e81
40873ffc
40403ea2
400cbfd6
3f94bf4b
407fbf93
40cb4025
bfe0bfac
be0fbf1f
3eac40a8
40b7405d
3f674011
3fbc3e15
bf713fcd
bfbb3ffd
bf2f3e8f
40b53fac
3f8dbf87
3f8440a8
401a3db1
bf3ac023
3f893e63
c03c3ffe
4036400d
bebdbe96
408640e3
409e403b
40a3be06
be6fbf50
bdb53d48
3e803f86
3effbf72
bfb43fb9
3f8ebff9
4064c014
3efc40d3
40df400c
be954021
400cbfe3
406fbf3d
40b03fe9
40823faf
bfb0403c
3fe4bf1a
be8940a0
407d4104
40a63eb1
40aa4041
bd77beb4
403ec01d
bb973e0e
40b23f6a
be803ee7
4007bed4
40073ff6
3fb33fd2
40ba3f24
40ed3f56
40404085
3fc1bfc2
4032409a
3f624025
40863ff6
410e4021
402040a1
4077bed3
401a3ed2
40c83f51
40f83fed
3fd7bd9d
bf37c007
4095400a
40a1bf02
40e04042
bd4b3f8a
bfab40d3
3fc7bfad
3fe6bebb
40014043
401f4063
40874052
3d8b40e5
40c83fc5
3eb4404c
be8d409e
4043bd59
40b6407f
3fb5be69
bfca408a
40253e59
bf4540ef
409f40ae
c004403b
bfb2bed8
400c4096
3f9cc006
3f9240e3
40c54003
40ef400b
401a3f2d
bfb84008
3eecbf6e
bfe43faa
40ea4051
3fd0bd1e
bfa540d3
be3c40af
40d64016
3db13ee0
3ffcbdd4
402a4056
3fd73eed
3f783f56
4059bf0c
3f723fa8
3f3540b5
4051bfbe
3da44022
bf644057
401fbfdf
3f5a400b
4039bf94
bf7d3f5e
41043e1d
402ebfc7
40633db1
bfb93fc9
40873fb4
c029bf20
3fc2408d
40633f94
bfe440ce
40c63f7e
410dbf0a
bd834092
bdd73e79
40a840d0
c0004006
410a3fbd
4010bfa5
bf924084
3ffd403b
407f3c94
3f233b2c
bf3b4012
407d409d
40b34082
40623fb5
40f83dc6
3fb94006
be8a4080
40044024
bfa83fec
beb7bea0
3f2cbeba
405dc00f
408240cd
40b3401c
40e44005
400d3f82
be924092
401b40c2
40043f0f
40f9bf8f
40004074
3c68407d
40a0c011
3e433fcb
40d5404b
3f48bf06
408fbed8
40853e72
c00c400f
3fae3f59
400b3e9b
bf704080
3fc23f6b
40303ff5
401e4062
bdc83f6c
bfa640e1
3f70be66
3fc040d8
3dd2bf01
3fe73f31
3fd04094
3e92bf90
bffa40ee
409c3f9d
40d03f31
3b27408b
bf0740b6
4043bfd1
40ee3fa2
40993ebe
bf31bf53
bf12401b
40864088
3fb93fd4
40d84087
bf2ebec9
401840a3
bf8140ae
407dbbc9
40acbfb7
bf56bff4
4036beea
40af4009
3f503fad
4100bebc
3e2940b4
408b3fb3
401140bc
4009bf26
406abeea
bf4940a6
3fadbfd1
408340f9
402f4030
41013f39
bef1bfb7
bf2bc016
3ff240c9
40d3bf65
40a3bfb9
bd8a3fdc
3fc14087
406d408a
40e74011
4087400e
3e3640ba
3f0b3fd4
405cbfd1
3e464009
3eff3efc
40114080
402cc012
404b4083
40ad3ff2
40f13ff4
3f784068
40404091
405440b2
4046402d
c00a3f4e
bf5f4089
3f2740e0
402f3fb0
3fdf4023
bfd0bfb8
3fbebee0
3ed3402c
40143f96
bee6bea2
40c33f3a
3faabf4c
403a40a2
4021403e
40e7becf
40e43f52
bf3f3e9e
3fff4088
bf844095
4064402e
40b4402e
3f97bf50
3f673f63
4053bffc
3ff23f88
406b401b
3f2f409a
3ff13f05
40413f33
40673fa3
40de3e42
bf2d3e89
406c3f35
3e9c40be
404f3fc7
41024009
3ff9bf9d
406ebf86
404dbfe5
3fdcbf44
401abfa7
40054077
bf5240bd
40864086
40813f9c
bf823f10
3fb1bbf5
4021c018
40aa4012
c01f4016
bfeb4038
3f7f3e13
408c3e98
3f19c00a
4021befa
bfd4bfa0
3f804096
3f213fde
408b3fc4
40074009
40c14049
bc10bfdc
be57bfb7
3fb440d2
bff73ef2
3f5bbfa8
c0283fe0
3ec9bf11
40683f25
40ad40e7
c0023be2
400c3ff7
3d5dbf85
bdd4401a
3fa74106
3f363fd1
41053ec9
3de53fb5
3fce40da
402040a7
40c33fc6
bfedbdec
bf5d3fb2
4064c010
bff14094
40eb3f95
bdee3f6d
3f8f40b7
3fb53feb
40b44028
3eb7befc
3d7a4085
3ff1bf26
400e408f
bf574085
3f224028
c013408f
bf483f0e
40483f04
407940bd
409b4031
3f75401a
402ebf3d
405dbf0a
406c3faf
40d23da9
bf94bfb3
3feb4025
4007407c
bff140d3
408b3f86
40aa403f
40073f8b
3ec2be6b
3f9bbe70
409bbf75
40a24018
bed1be39
3fc03ff0
401f40c5
c0123db4
4060bf56
3ffb3f83
3fefbfa5
3f9740a0
40cb3f1e
c03b3eb0
403a40a0
bf1e40ba
40a540ff
40803f3a
3fc53fc6
400c40b0
40163f5e
3edc40ae
3fd2beb8
bfe94080
3ddc404e
bf7440df
401a4023
40cf4033
40b44077
402fbfdd
3f56c014
404e402b
40073e49
40e44008
bf1a4041
3f5340e7
40b7c015
4006bf25
403d402e
3fa23e9d
3eecbf53
be69408e
bfb5be8f
bfba4083
4037409e
4028bd7b
40494016
40983fd6
bfc03fe1
3feb402f
bfba4009
3e3240f9
40bb3f0f
410e4088
3fa03f78
bdc73fb6
40973f3c
40e34023
409d407d
3f873eb3
3fb340bc
40b44104
408e400a
4089bf97
401d3ea7
400c4096
4049bf92
40163ed5
40c54058
4006405c
408640d1
40be4086
40c84014
bfa8bf91
3f984068
3dcd3e74
bfd640bd
40304018
41083ee5
3f6440b0
4089408a
3f87c01b
40ac3fbf
40e4be31
bf513f5f
3f773b2c
40173d28
4099c00a
40913ef9
40cd405d
40013fe4
bfbf3f72
3dbe4084
40e53f93
40864081
3f88bee3
3edc4064
bf9b3f84
407e3fc7
3fd8408c
400a4019
3f6bbf3e
408c410e
40b54025
40e4be36
400dbfb1
3fc23fbb
40af4102
40ae400e
bf953f2d
40043ea7
408c4024
bed4409f
40b1bed0
407ebed0
3f5640b6
3ec33fa6
bee340dd
be903f8f
3fbc4023
3fce4052
408e3fd6
3d3f4106
40cd403b
40e6ba0f
3e7740b7
406d3f03
bf264092
40b13efd
bfe33fff
4009408f
bf3d3f8d
3ffe4095
408bbdeb
bfc1bfb4
3f9fbe70
401540d8
40b8402d
bfdc4024
bf674050
3fa0bf40
bf94bf9f
beeebe7c
c00c3fd1
3fbb3efa
be8f40ae
3f6a404a
bf9e40e2
3f3b3f31
40804082
3e7abfb6
3ff2c013
40bec01f
40483fb9
40d34022
401e4095
bd033f99
bef8c01c
bf8e3eb4
40673e2c
3fa63ef6
409040eb
40a8bdc9
401d3f8f
bef13f8c
bf513f7d
405a40e0
3ef1407d
40be3f33
40e53ebd
40253fb5
4029bf92
3fe23f33
bf8c402e
40cabf96
400a3fe7
3ecd408e
bf39c035
40d6bf0f
410d3e12
3ea54016
40563f6a
3eadbfe3
40154024
3dd34001
3f8540bc
3f0a40a6
407640c8
406f400e
409c4036
3f84402c
3f46bf78
4079410d
40783e4c
be90401d
4025bfff
4088c006
40a540ac
c015be7a
40cb3fc4
bf1dbf55
3e67be85
40ba4046
3ff63ede
c0393fc5
402940a6
3fd83f42
bf683fe9
40823f96
40b1bec2
3fce4016
3fb3bf93
bf754060
402abeaf
40de3f47
40e2405e
be184043
4071408c
bd9fbffe
bfa5bf30
3fb3be21
401e40bc
be4f40e7
401440ae
bf91400a
41073fcb
3ee3bf5e
bf8f4030
40a84064
3f0b3fb7
40de408f
3f9d4084
3f7d3f6c
40abbff8
40363fd0
408d3fad
3fa34040
3fb7bfd7
3f304089
40ac4015
bfc53fc2
bf214052
bf6a409d
3fd24085
40923e0c
bf7bbfbc
bea6404f
403cbfdb
40973f36
40b03fb9
40623f7f
4023bff6
3f01404c
3fd4bf2a
3f89401c
bfef3ff4
3fc43f05
3f7740b4
3eb9bfa9
40ab402a
40b03fd2
40024084
be0ec005
3f82bf12
408e3ffe
bfc2bcdd
400fbe69
bed64002
bfbf40be
3f843fdc
403d3f51
3fd04098
408c3ffe
40a14071
3fb54037
407a3d13
beebbe8f
40864061
3f8f3f48
40ac3eba
bfab401a
401d3cae
3fd940c6
409040b4
40c14040
405dbee5
3f9a4017
3dbb3eb9
3f3340a3
40693dc5
40c84072
400c3ffb
401a401a
bf70bfd8
408cbf14
4021bf36
bf7f40b5
be3140b0
bfdc3fb5
401dbf62
40604088
3fd03f3d
4073402d
40bebf91
3fcf3f5d
40cf3fd7
4032bf97
3f993fd3
3d8140fe
bf1fbec9
404f3e34
bf3fbf16
3fd83f0a
40794085
40d8bdb2
40d1401d
3ffc4082
3fdabf37
40a34053
3fa33fff
40efbfaa
400dbe18
4046bff8
405e40b9
bfa53fb3
c0043edc
402ebe92
3dc340b2
409640b6
3ee2bf43
410f3f8c
3fabbff6
4003c01e
40b04103
40b3bdc7
c0204010
400c4047
bf6dbf0f
3fdc3ebe
3f954097
bdb84024
4098408a
403140a1
40014091
40943fde
40683f80
40ce4064
401abe27
408040ee
3eac40b8
40d94022
bef9bfbe
3fc13fd7
3f924095
400040ee
c0053f28
405c3f69
bf1540ac
bf9bc010
bfb5c003
402a400e
40c33fd5
bd953d3f
4064bf85
40a0408f
40edbf2f
40f24056
3f133f27
403ebf52
405bbfb1
407f3f77
3ee74078
3feebe22
3ff73fd2
be024036
bfd14034
40d1402e
4028401e
bf6f3eb1
40a64109
40ca3fc3
40994051
3f124093
be79403e
3f4ebffd
40373fc8
40954007
4020bf79
403640a3
bf484069
3f4b3f4f
410c407e
be81402f
3ffc40a5
40adc02e
3fc14032
40c74035
3f93bf92
406a404d
40203fd5
3fa24034
c0263ff8
402c40aa
408f3d61
405c40bb
40c43f97
40e4404d
401440b2
4085bf7b
400ebf6d
3eaf3fa4
40c3bf8d
3fb2408e
3fe73fe9
40ae4059
40b7401c
40d94026
3ffa40ad
3f1840cc
404b3fcf
40b34000
3fdcbee1
40293f8f
bf023f9a
bf5e3f7d
409d4023
3ed2bfb0
3d6d3eec
bf9f4022
bff3409a
bf913f39
40f14070
bd8940a8
4031400c
40343d49
bee53e4d
4105bf8d
403d40b2
405340b1
bf403fe8
40ab4028
3e9a401b
4012402a
401dbf2d
bc6d40cf
bfe33e5a
be734000
bf12bfe0
3eed40b9
3e89bede
3f84bf4a
3fda4006
401b4079
4083bfea
be7940e1
40d94036
40e03fc3
400a40b2
403d40cf
3e60410e
40a2bcee
405cbf92
3fac4055
3fc3bfea
40464099
bfabc03e
40dc3f35
3fce3ffe
40344086
3f923f98
3feb4109
40a43f9f
bf8e3f79
3f884043
bf004022
40a13ecf
405c4017
40cc4051
3f243d2d
408c40c1
3f884104
4023401f
bd403ef8
bf41bfcc
be704053
4088bc5b
40153e9e
40a23f53
bd9ebdf9
bfb84021
3f82410d
40bc3ff4
40dcbf1f
bdc03fb3
3bda4006
404740cd
40043fa7
3f984063
3fb84085
401f3f46
3f5f40ae
4080400b
40ba404b
40123e9c
40223e99
40964000
40ea3fb9
40a33fde
3f93bfe2
3fd1c011
40b34102
bea44001
40be3ed9
3f324060
be8d4026
4070bfcb
3fbdbf01
3fd04033
bf52408a
bf514061
3ff84031
4094bede
409b3f5f
40203fd7
40354083
bf924032
3fbdbf47
40d53fea
3fed3fef
4084c01e
3ef7407b
40d73fdc
c01bbf61
3fe440b0
bfa6408e
3dc93f04
bff13e89
40fbbf69
bf5d40ab
3fc13fbf
409d409f
40bc4003
410e4067
40283df8
3d2dbeae
402f40be
403bbebe
bfa5bf02
bf404015
bf8ec002
3f7e3ffa
bfb33fa7
3fe3404e
3e19406f
3fb5bdd1
bfdebf81
3fd33db9
40994003
4034406c
3fcf40bc
3f12bfff
bf753f16
3f9b408e
bf78bf77
bf2e4038
3ed64081
3ffc3e43
bf883f03
3f8140ac
bf673fc8
4068bfb3
bfc03ffa
4108bf1a
3fb43e8d
bf4b40ef
400140f3
40c4401c
c01d4001
bf124083
3fd34091
3ef0bf90
40d7be0d
bf2c4084
3f473eb5
3f1440eb
401b40ad
40734037
4012bef3
3f5a3f72
404c40a6
bfd1409c
40803fc5
bfa23ef1
40a93ecf
401ebee4
3eeebfa5
4088c025
40c14021
3fb14033
bf793fc2
bf4ec00f
bf2840d0
3d34bf06
405d4012
3fce3f8a
3fdc3fdd
3fd140dc
40d84007
3fed4089
bf21408f
3cc34030
3fe53fff
40b43fb5
3eae408e
bf11beca
402d40e7
3fea40a5
40923fce
c009bf90
bebc3f6a
40863f4a
bd884036
bf3e3fc7
4097bea7
bdb03f9e
bf4a4077
4082bfbd
40094010
c00a4003
402f4003
bf704007
bd2f4080
401c4015
40f43fe4
3f284052
3ed5406f
bfcc40f3
4098bf50
3faa4055
3dccbd57
400b408d
409340c3
40ea4025
40763fe9
3f634007
40644082
3fd540fa
bf6d3f9d
3f294062
3ee4405a
40313ef6
3e8b404d
405dbf55
3fc6bfa5
3d5b4063
401a4096
bff24076
bf863d28
409cbf5c
3f034083
bfb040c9
40934030
40ef3eb0
c03d3f87
bec44087
3eb14072
3fea40d3
3e6a403a
bf5e4089
3fe24095
3ff6c002
bffabf3d
3fdd3f48
3f94bf2f
3f743fb4
40813f49
401940bf
3f9f3ec5
3f4c3e13
400fbfea
be8fbeb3
4032c027
406f3f4c
40573e43
3fa63f89
404a3d63
3ea84102
bf624005
bf5c3fdc
400340bb
3e7e40e0
bc0940f3
40c0400e
40fc405f
402cbe72
3f39408c
404c4097
bfd54003
40763e59
3f4a405c
401e40a6
40ba4004
bf23bf41
3f4a4090
bef93f9a
40353f23
409640c6
40443f49
40ee4009
bf37404c
bf2cbf14
bf01bf31
3fc73ef7
bf303e43
3ec2409b
400440ab
bf044104
3eb5bd6c
bf02406f
bd2b4064
408a40dc
3fde40a2
3f6f40ce
bfc9402e
40854086
bed13eaf
403f40ac
3f874094
3f9c3e99
4003bd14
3ffa4046
3febbf0b
3ff8409b
4045402f
40664024
3ef0406a
bfadbdbf
4096bfc6
be023ea8
bf3c3fd6
3ef73f3a
3fa7408d
bfb6bfcb
bb5b3ffd
40123fca
40013ea7
402b40be
40bc40d9
bf51401c
41063fc7
40234007
40094083
403940bb
403e3fcd
40f54001
3db23f82
bf4740e8
405d3fad
400b3fb2
40c8bf8e
4034be8f
bfb53fb6
408e4099
bf8f3f51
c00b406a
bcd74099
4089409e
40bfbf6b
bfb33fce
bfa03f92
3f304055
405f40ab
40bdbf67
bf7c3fb9
409e3f85
bef94015
bf5a409f
4080bfcd
40abbf14
40e64017
bf683fe0
bf9bbfe2
40594085
40444004
40c33f5c
3ffb40a3
3ff440d4
bff240c9
3e374016
4103403f
3f934070
404f4081
3ff3bed7
bff7bf33
405f4007
bf543fe2
4065404b
bf8e40b6
3d0f3fbf
41003bbe
3fedbfed
402640c5
bfb340a8
40954017
40c13ffe
bcb73e83
4042bfbe
40bf3f63
40ce3e05
40ae4013
bede40b3
3f8440ca
40b13f21
3f423e4d
c00c4088
3fb940a4
402e40e6
405f407c
bf653ff4
40914047
3fcc4096
3ff43e07
408b4060
3fae4024
40dc4025
bcd73fe6
40224032
3fd240e8
40a63fef
3fd9bf7b
400b40a0
bea94094
3eb4c025
403a3f60
41044044
bf05bf83
40813ff1
404d4085
40ce3f26
40dfbf24
3dbc3d0d
bf45bfa4
4088bf36
be29402e
4096bf7a
bf194073
3f8240a8
bfd5c00f
c01c3eac
404f3ecd
bffa3fbc
3f8d4082
3f72403e
bfab4058
bfd2be8e
410f4015
3fe140bd
3f8a4091
409840c7
40053f88
40a03f25
3f893f90
3f42bf83
3fbe4104
40bf4036
40d53ed4
3f2e3ff7
40543f97
bff43f24
bf77400c
40ca4072
be2dbebf
40223f37
bfc240e5
bee93fdb
c00b3e42
3f444092
3fbdbfa2
40bb410e
40b4402c
3e373fe0
3efe3c94
be953e84
3d6040ce
40e1401d
be84bf90
bf233fbe
400d40d9
40883f5d
40d34018
3fd9be75
400cbe84
3f12bfdc
40b54037
3f203f9d
40bf3fb0
3f883f70
be804024
401fbece
c0013ecc
bf7f4023
40253eed
407a3e62
bf864062
40ebbe75
410b3f0c
40253f62
3fb940cb
4003400f
40a53f13
40003f20
3fe8409b
404a40d8
409b410e
40044011
4035bead
401ebf1d
40344027
3f21bdee
40854001
bfa94081
3fc9bfc6
4074409c
bf6c40ca
407d3fc6
3e3cbe94
4021bebe
404a3f3f
3e6fc036
bdc4bf7a
be81be81
bee540ba
4011bff0
40b1410c
40d0bf47
40da3e73
be413fb7
3ec34043
be0f405d
40f03f90
3f8d3fdf
3f3d4017
bfb940cb
3ee53e92
c00d402c
408a3e44
3fe1bfd0
400d3eda
407640a8
40da4020
3f913fe3
40314007
bf97c01e
40ad3f66
bf9c402b
40b54067
bf75be2d
40854030
40a4c011
3f923fca
4040bd9e
4016405c
3f344084
bf9cc001
40ce3fe5
40e74048
bec84083
406c4062
3fc340f7
40e43f9d
40c93ff5
3f464078
3f153f0e
4082bfee
3faa3ff3
4043408f
401a409d
3fd3bf82
408540c2
40563ed2
3f3e3fa7
be99bfa8
401d4020
3d62400e
bfa340d3
40acbeba
3e47bf2a
3f85408d
408b40eb
bf2a4107
3e773fc6
3e1f4043
3f06bf4d
40204006
4098410d
bf3e3f57
410ebf31
40323f33
3f9f40d2
bfbbc00d
beb63f2f
3fcf3f6f
4011bfa4
3f4cbfed
4099409e
40c14026
40853f9e
400d4032
40454097
be67bef3
400b4009
4029406f
3df04096
3fa240ef
4009408f
40a63f53
406a401d
4009400d
3fe6bf9f
40993f86
40e1bf52
40a5408a
40124082
3fc74008
bf9c4092
3f303f48
408b4059
3e8440a9
402ebff7
3fb14105
406b4036
40cc3f24
3e9cbff1
3f17bf93
3f84bfcd
40bcbf15
40f8bf89
3f113f6c
3fb6bf4f
40824057
bfc5bf5d
3faf3f34
402a3ff7
bf34bfdb
40243f2b
bfa03f8b
40313f96
3f074058
3eb9409b
bf5640bc
4071bf40
bccb408f
401140af
bf724028
bf6d4008
3f864036
c02cbf88
3f2140aa
bf5f401b
409140fb
40923ee8
41043ee9
3f7640b6
40694072
bfd2405d
40d7bee4
4024bf3c
400c403a
3e8240ce
40423fdf
40c8bed1
bfab406a
3f8d40ba
bf873f8d
40ad40d6
3f5cbf61
c02cbea6
be29bfd5
3f513f80
3fc84091
408c3f74
40b73e7c
3e89403a
40014037
40064039
3f57bef9
41044075
3ecc407b
3f9e409c
bf89bf19
405bbf4b
40f24012
bedf401a
bfb94058
3f4a4105
3f8a403e
bfb14062
4021407f
401d4037
40b03ff3
bfc4bf33
3faa3f7e
bf3b40ab
4014c00b
beaa405b
4072bf83
40cfbf68
40eabfb5
40223ffb
404e40c7
3ffc4000
3f5d403b
3f16bf97
3f12401e
3fa1408a
bfc140c0
3e2abf39
4079bf2a
403b4066
3f20409a
408440db
40653fb2
bffc3ff7
3e82408d
4014bf94
3f7940d1
402d3e5b
40424080
401bbfbe
bf5040e7
3fc03fcb
40e8be9e
c0143fb4
40373ed5
407d4029
3e8540e5
3fad3ffc
4022403a
3fe0bf31
3faf3f7c
bfb7403b
c0064029
410d3f41
bea5bfb9
bf9a409a
bfc640e8
bfb1bf13
3df73fea
3ed03f68
4042bfb0
bfdf402b
40a63d3e
c0044018
3f8e3e3b
bfb1bf1d
bfc340b6
bfa33fce
3f323f15
40153fa7
3f7d40d2
3f44409d
bfa7bedd
bfec4008
bf3c4065
4045bf8f
bf2d3f31
bf813ddd
40fa408d
3cab40a1
4075409f
3fd840c7
befebf3b
bfd5401a
3fe33ffa
40124030
bf5abfb5
be9bbec1
3f20bf80
40314098
3cc14020
bec43e13
3fb63f1b
4008403d
4021bf3d
40884081
3f0ec00e
bfad3f7f
bf84bdcc
40023c23
4019409d
bee240e7
408b400b
40eabf2a
3f813fc7
4064be18
bf50409d
40e13fdb
410f4022
3f8b400b
3fc1408f
4085408b
40ca3ff2
40183e50
3f81bf6e
3f153f8b
40a5c02e
40e4401a
41053f9b
bece3fb1
bec54099
4055bfcc
4083bf64
40bfbfb9
3f384095
401440ca
40553f6f
40223f9a
40f6405f
3f3fbf3b
3f8640f0
40a04083
40154033
40e74002
4035407a
3ec3bf23
3f48400c
c00f3fc0
40193e99
bea740bb
3f25bff2
40a94090
408f3fb0
40a34051
bf0f3fc5
bf1f3fef
bf7d40a3
407540f4
3fadbf02
3f33bd82
befabe04
beebbfea
40bdbf1f
40a93f2c
40ab3c2a
3f874072
4060405d
3ea7bf4d
40ab4033
4105bf79
40313df4
3e47beed
40424045
bfdebf1c
40c3bebe
3f8d3dfb
40324003
409f4008
403d4017
40ad3f60
3fc24085
407e4097
3f0dc040
4029bc92
4108408a
bebc4026
401ebfb5
408c40c2
405e3f16
bfa6bfb8
beac4086
3f3840a8
3eb6bea2
40d13f9b
40ba3f8e
bf173e94
bf2abe0e
3f5abf64
40e93ffb
3e983f83
bf7d402b
4027bf8e
40814062
bf873f95
bfc63f45
3f553fde
3ecdbf85
409240b9
40123e24
400bbfa0
3d4c409a
bf7040dd
3fd6be42
bd794030
c0384001
3fe84081
406e4092
408fbee1
40d83f44
40ca4048
bf0a4085
403b40eb
bf5d40ec
40833fa7
40d53fc6
3fc93ffa
3ecd4099
408c405c
40dfbc3e
409e406d
403d40b8
402b4044
40534070
408dbe7d
40da406c
bed14093
3ffebf1f
bffe406b
c0163ebb
41084015
3e044017
bf6740c9
40b4c01c
3fc73fce
4087bfb4
bf593f7a
407e4050
3ed4410e
40943f1b
4099beb3
3fa33ece
bf883fd3
408f405e
40c1beec
3ebbbf3b
402040b6
4012407c
40b5bf82
3f94403a
c033402b
3f723fd6
3ff540c6
40b24084
408cbd46
be3bbf41
bf113fa5
3eb2be9c
405e40ae
409abeca
40e6408a
3f33bfb5
3fc9c007
400540d1
40203f65
c036403a
3f794083
3f194066
3f284107
bfef3f6b
3f51be8e
3f9c3f06
3ef34093
406040cb
be9cc004
40c13fa4
c02bbf4b
3fb03f5b
bf804037
40a14102
be984036
40e4bf9f
bf2a4082
3f533fbc
401f408f
408fbec7
40eb401e
40214069
407240c4
405e40ae
bf544028
40f9403c
bf503c52
3f3b4050
40403fac
40244020
c02b405b
be89407f
4008c001
bf3e4032
40093f60
40193faa
3fdd3fd4
3fef40af
40a040d7
404abf1d
bca4bf40
3f46bfd5
3f01c009
bfd140fb
40e63ed8
3eda4072
3f3a3f8c
3f89c00a
3ee44002
40504003
3b943ef0
3fa2bf2e
4073be3a
3f793f81
3fdcbef3
40203fce
3e013f68
40293d5f
403ac031
40a4be0e
3fffbfbc
3dbb3fc6
4080bf6d
4093405c
3ecb4023
3f3d3ef7
3fff408b
4033bddf
4093409b
40133dc7
4080be5f
400a402b
3fff4017
be2cbce6
becb3fd9
40e4be66
4019403b
40363fe5
40294001
40edbf79
40864010
3da340aa
3ff640a5
408abf4c
bf963fc4
40bb3f7f
401840a4
3ed64082
40a54044
c0003ee4
40b8bdfc
3f2840b3
40523fae
40a2408a
3fb93ffb
406ebfb8
3fb1bffb
40483ff3
bfe0c01f
3fd44027
40334008
3f0d406e
3f424030
bfcf400b
40803fcb
3bbb3d51
3f444042
3f9dbf81
401e40e6
bfa3bf6a
c010bf9e
bf3bbfa6
4013bf19
4065bfb3
40213fa7
40b83f04
4008bf64
3f76bfd0
bedfbf9e
40e93e2d
40c23f9b
40363f50
bfbc403e
40204089
40774027
bf86bea8
3fdebead
4022c003
bffb40ca
3fd14016
bed33e9f
4018bf93
3fcd3f79
4015bf01
3fe93f14
bf943f9f
c03fbe77
bf293fd0
4007c00a
3f92c024
3f023f35
40bd406b
3f383faa
4032402c
bfc440c1
40894034
40e3408c
4023408f
bfbc3d93
bfe94039
bf17bd54
4069400a
bf0dbfda
3e8f40dd
408340fc
40663e93
4062be74
40304036
408440b2
bfaa410c
bfda3eee
40554069
3f3abeb1
40864047
bf663fb8
40c83dac
40adbec1
3f9640af
3f204098
40733f7e
40ba3fb7
3fa74005
3f06bfa8
3fa940a5
400c410f
3de44033
c02f3efb
401b4088
3f5440dd
3edf40fd
40b3bf30
3e183fbd
3f2b3f98
bfbbbef1
3ff63ebd
3f293f6d
40b6bf49
bf0d3f2d
bf814076
3fd14106
3eeb3f12
40f33fda
be1240ab
bf633f48
4056bfba
40973fe5
40dd4082
3f403ea9
bfa53f33
403a4100
40e3bece
beba4011
3fcb40b3
bf1fbf1a
3fa5bfcc
40714004
3f2d3e15
4039bece
407a40b4
40753f4f
bfeb400e
3fa84052
3fab3de9
4044c004
3fcc3faf
3f61401f
beea3eb5
3f9240a4
405f4088
bfde406d
be4bbe16
410cbf88
400d3ff0
408340a5
bfbd40ff
40ec3fc4
40843fd8
bf24405c
3f8640cc
40ba40a5
3f43403e
4081403f
3eafbfe0
be3940a5
3fc740aa
402f3f4b
40b24077
3f933fa7
400b40d5
403b4108
40e43e8f
400e408c
403b40c0
40623e0b
40b640cb
40f03f4b
410e4022
3d67400e
3fd840d4
3fb03eba
406a3f3f
3efd4082
40343e5a
bf7240c4
405e403f
40a23d40
4087bf9a
3f953f3a
400040b9
3f91c01c
40b54013
4024bf72
40324090
bf4a40bc
4067bf2d
bf10401f
401fbf51
3fbb407e
bf623f77
bf633d61
40203f98
40d83fa4
40d14082
40053f8c
beeb3fa4
bf564092
be703efc
4095beba
40183efa
4014bf3f
405340f5
40bd3fdb
3f813ddf
3f824079
bbbebf59
bf6bc039
40ab3f8b
40f24079
40133f8e
3f4740ad
40163fc7
40da3eb0
407f3f5f
3eab4026
3f3e4024
40814090
3fb43f0d
40013e2c
3ed8405c
3d603ea3
3fd34055
4004bf4d
3fc83f26
be23bf33
bf55408c
bfd03e49
c00f4005
3fed4088
3fd640b4
3f69bf13
3fda40f7
bf413f34
c01abcce
3e484065
3f9e4032
bf8b40d2
40d73eee
40f8bf26
3ffe3e62
400dbe85
3fe7409c
bfe4bf48
41003ed2
3eb94053
bfa7408d
3e104107
bff83f7f
40733fc8
bd58bf7c
4084bfad
409fbe37
bf4d403d
410b403a
bf033ff2
406140e4
3fdb40d1
40d74004
403f4051
3e8e4019
408540eb
be0d40d1
3ffa402e
40543ff4
bed5bf57
406f407c
3eed408c
bfb73f37
bffe3fa8
3fc73eea
40674068
bea040ea
40a63fe9
bfd7bf9b
3fb640ae
4076bf4f
3f934073
40843fbb
408d4058
400940c0
3f6c4032
4081410f
40a5401f
3fc2408a
3ea9407a
4066407f
3f0840ba
4003bef1
40b43f8c
401cbed6
bfb94025
3ebd40fa
40aa3fe6
409bbf61
3e3f4025
bfa83fee
bf45bfa9
3fbe4022
400ebf2f
3f94bfe9
bf6b40e9
bdd23eb1
402a3f41
c00c4088
3f5b400b
bf694078
3fc53f75
40be403d
40f63e04
3fa13fe4
405c40af
bedebf35
40bb3fab
40a13f30
c0224007
3fb3405b
bfa9c01a
404340f9
40b5bf75
40c1bf3f
bf733f96
3f2e4074
40af40ad
40c6bf26
40a83fc6
3fe0409f
3f4ebe55
40153faa
40543ff9
40213f1c
3ef13fc6
3fa340da
40bec01c
3ff0bf60
c00fbf91
40283bc0
405c3f96
40744038
40633fde
40e23ffc
bda4406c
405f4024
3edc40c3
3f01bf7a
410d3f91
bd34400c
bf01befd
3ece3fe7
40d43f89
401b4038
3ffe40ab
4051c01d
409fbfcb
409c3e78
3f8e4012
4014402b
3f3ebf98
409a3fc2
4053402b
bfa1406b
3fe540a6
bfaebcd6
407e4027
bf7d3e97
bfa03fa1
3f45407f
3f5b404a
bea640dd
40ed3f68
3cec3edf
40263ebd
3ffa3e22
3f824100
c0103f65
bf7cbe72
40164091
3f4240cf
4021409f
c0163d55
c03e4003
3fb53ea8
3fba40ce
bf563f87
bf9ebf55
bfad3f07
3ece408f
404b40c5
40b33f7e
409a402c
c01a4082
40384046
be86407d
409abf8f
40bf3d11
bf5d3ec4
40343d7a
3ecabf42
40914107
3ebd3f87
3f773ff5
3ce3bfcc
40623e74
40914109
40113ff9
407c4011
4028beea
40823fb3
4010410b
3fea3fed
3fa64046
bf354085
bfa7403a
bfd4409a
bf923eaf
40424012
3eb03fb7
be644095
bfaa40a9
bf8d3f6c
3ff0beed
401fbfac
bf77be7a
401d40f1
40b0bf6a
c0283ffa
3fdb3fc9
3e4740ba
407b4021
40d04020
4002bea1
3fb2bfc3
bfa03f5e
3f8d410d
bf743f3c
409a3fc2
4006bfaf
4090be2d
40b8403d
bf103e19
3f3a406f
bfdc408e
3fb93fbc
3e15405e
40144081
3fab3fca
bf314086
3f9d3f12
407040d9
be98c029
c00abf34
bee84007
3f2b3f21
3f5240eb
bfc0bf0a
40d94020
408b407c
3fc14082
bf1240d5
be944027
403b3fc0
40d84011
3f0a40b0
40244014
4011401d
40ce3f11
40cdbf96
3fc14007
407a3ea3
40be4050
bf953fe6
40773d9e
bb084063
4074409e
3edc3fbd
40424036
c03a4052
3ffabfee
3fa540ca
4012c023
4059bf76
3fc8beb4
3f19be41
bf3e3f47
408fbeaf
bf043f10
41004015
3f2b4043
3e0d408a
405c4072
3f2c4026
409b3f3e
3fcb40bc
400e40de
3f433d47
bf933f8d
400d406b
3f46be5e
404dbfde
bfca3fe0
3ffabc77
3eacbf95
400c40bb
3fb14097
3f8640ca
40303e42
40ec3edf
3fcf3fca
40363eeb
be034040
40a63fac
40e93f98
401fbf82
405cbf3d
40213ed1
40a8400a
3f8dbec1
3ec04095
404840b0
40a340b1
bf433f0a
408bbf85
3fc6bf70
3fa24073
40184006
3eb43f8f
c03a4063
4033409d
3eb240d0
40a94052
be773f47
40ad4034
bf283ea9
401cbfbd
40a7410e
c0184031
410a3f0c
3fddbfb5
3ef6401a
bffc4064
40133ef1
c0264049
bedabf41
3f6b40af
40b6be00
40893f86
40973f5e
3f58bd61
bed5bf0f
400f410e
40b3400f
bfb64029
402cbf1d
3f13bf6d
3fac40f5
40e03fae
bf86be80
403f4090
408a400f
3f0c4086
40713ff4
403b3df9
4006bf25
bf8c407d
bf17c00f
40893e06
3e68402e
402a4093
3d9c4076
3f9f3eac
3e4540ec
40913f96
bf053f5f
bd82bfd4
bf5b4002
40b040e3
40e63ffb
bf583fe2
3f384022
4081bd96
40ac3f84
bf664033
c0094020
40374027
bf2f3fe3
40133e62
3cc23f3e
40d03e71
3faa403f
bf9f40cd
40bd3ff7
40ec3fc9
c007400a
bef53e5c
405d4019
409a3fcd
4062be06
40f23fee
400a3fcc
404840d2
bfc040dc
bf533faa
3fdc407c
bf7e40aa
408140c3
3f5a4037
40a8bf56
40a74000
bf2e3ed5
3f9c40b9
407c410c
40af3fd8
410abf41
3f2f4092
bf414061
bf6abfe2
3fd7bee5
3f413e26
4021409d
4069408d
3ff84024
4005402f
40b2befb
400140ae
400abf83
bbaf40bb
40963f43
3f874005
bf3c4012
40883f5a
40a24099
40963f0e
bfa94014
400240b7
3ff6402e
3e524049
4083bd2c
41104044
be8e3e82
402a3f97
3f3e40f7
bf03bee8
c0253faa
3fd0bfcd
3f433fb0
bf28bfaf
40bc4028
3ffd3f2f
3f3c402c
4006409f
bfd4408c
3f90401d
40ca3ddc
3fb3bf97
bf524056
bfc24106
40783f98
40db4068
bda23fac
3fe1bef8
bf9e3fc3
40d6bf6d
bf6b4011
3fd74047
404c4029
3f864037
40df3f9b
406abef9
400f3ed1
3f7d40a6
bfaac01a
3f9c3f63
bfd9404c
3ff43f2a
4088c004
409540a6
bd084016
40d8402a
3fbc3eff
401e40d6
40bf3f95
40da3e89
401a402f
3f6e40aa
bf4abc92
bdd6bfb5
bf434024
bfcabe09
bf7d3fca
3ef64065
3f873eb2
40433fc4
40594042
403240b1
4021bf4c
40884082
40d03e02
3f0abf6e
3fcf402f
3f1bbf8c
3fb2403c
405d406a
3ff63fae
400c3f22
3f234068
40294088
405f40c8
c0063f85
406d3fb4
3faa4000
406b4072
409b40a0
bf8f3fb5
40da4075
bd6c402b
3f8540ec
40b53fab
bf1f4005
40b1bec1
3dba409e
407f4095
40ae40ca
40e4403a
3fdcbea7
3f373ea9
4033bffb
40174024
40023dea
bf39bf03
be063fb0
3f993f06
bff440d3
4084bf6e
408b3faa
3ef33f86
402cbfd2
408dbf18
40a8400b
3f6d408d
3feb3fff
3fb8405b
40b23f98
3f8f3e77
bf4e404a
bee33fd1
3f424092
40893f53
c00d3ef9
bfdf3e93
bf7540b1
4080bf43
bdcb410a
40dc3f31
40313fb8
3f713f53
bf053fa5
bf4e40ab
40da3f0f
410abf8e
400e4072
3f8b3f24
40914062
40bdbe09
3f794043
4019bff4
3f184010
404840a5
4009402c
bf9e4040
3f40bfb7
401a408a
4084bed7
40b64031
408a4073
4028405b
befdbf21
3ec840b8
40c0be58
4063403b
3febbe8b
bfad40ad
bfee3f08
3ff5be5a
4103401d
40263f87
40334077
408140fa
40154019
403a3fcd
3f9ebfc1
3f8b4056
3f6cbdd4
4074402d
bfd8402a
3ed24016
be08c007
407c3f85
404abe9f
bdd94063
bf433eb2
bee73e2e
bfa5bff1
3f88bf0a
40f8402d
3fdf3fe7
3fccbfa8
3f183f8f
3e1b3fb0
bf8f4018
3f24bfc1
3ecc40c2
40883f5d
40b4400d
410d3fb7
bf463fd7
3ea53f21
3e3d410b
402a3f6e
be323f0a
bf274045
40254043
3f793fc1
40b73f8a
bf884067
4015bf84
4030408b
400cbfe5
3fe53fae
c0023fe2
be643f5f
bf1640a3
3f88408f
bf3240c6
40b73f98
40a33fba
bf58402b
3f76bfeb
be97be4e
409b3f70
40943f49
3f903fa2
408040a2
408240a9
beec3f65
40f8bf95
3c8abf1c
4018bfdb
3e9cbfb6
40cebf5b
4083bf4f
3fa1bf0a
4088c005
40be40b5
bee7403d
40c94045
3da7bf97
402b3f73
405d40f3
bf48bead
3efc407a
3f9bbff5
bf0d3fac
4084be5f
4020bee2
4105407a
3fec3feb
400b40ac
4062bfaf
40e83f52
4085406a
3f7f4033
bf8c405a
bf184075
bf063fd3
bf40bf84
40174026
3ff440b6
4094bf5a
40e4bec7
408b3fc4
40023f69
bf2d408a
40993eb2
3f4f3fb3
40cf4083
401f4015
beb63fbb
407040c8
40973e7b
40c43ec4
be9e401a
3fac4086
40a83fc8
40903ff5
3f8abf90
401f40b6
bf35409b
3fdc409e
40e03f87
402c3f1f
3ff23e45
3f8640da
bf12c00c
40d33fd2
405abf9d
bf484027
403a40e4
4034be46
bf2e3e86
bc823fc6
400dbfec
405c4043
bf644065
40963e37
40814082
40114025
3dec40c7
4092409f
40d83f53
be9c4013
3f403fc2
4086bf82
406bc029
40bd3fc3
c01cbf54
3cb6405c
3fe03e98
405440fb
40863e8f
40c84088
4031409d
3fde4039
4068409f
40bcbf17
4104408c
3fe5bfc4
3f55406d
bfed4109
c0193f49
400d4081
3f59bd10
be5cbf45
4007c002
40253f19
c015bf87
3f153fa4
40724098
3fe5bfcb
40444014
40c8408d
402d3f5f
be08405e
3e313f5a
40af409a
40cf4006
4070bf00
bf393ea1
404b40b8
4040bf91
40e13fc3
40be404e
3f4b4028
405540ed
bf77409d
408a4029
3f8e4040
40404059
401540e7
bf114109
3ff93fd5
40bf3f24
3f0b4051
405340d4
bfe4bf13
40833fc3
bff2408d
402e3f51
405340da
40ac3f32
4090400b
40ca3fc7
3fec3ec0
3f8f40b4
40b93ee8
3fe03f6b
40cf3fff
4028bf65
3fbdbd9f
40b2c029
40ac3f88
40a43e9b
3f9840b6
befc4022
408a3fba
3f953f1c
c00cbf52
3fdf408c
3f45c00b
bf8bbffe
40c63e7b
bfa24065
4013408f
bf82bfb6
40a7bdd7
bf76be71
bf2e408e
40293f67
408a406f
407fc02d
4001bf0d
40e93f9e
3f8e404e
bfa5407c
40673da7
40e73f58
bedf3ff3
3f774070
404e3f9c
3f174102
40c5beca
befc3f87
4001bff5
bf03409e
4064401d
3fe33ffe
bfbb3df2
4031402c
3f89bf9a
4059bf5a
c0054038
bf803e14
bf5240a2
4062405f
40a63fd1
bd613f1a
3fbfbfaa
3fd5bede
404a40c7
bfc33f4b
40273fac
bff1bf2b
be324090
3f5240b6
3f55bf2e
40bd3fc1
40c7bf4e
3f9f3fa1
bf90409f
405d4099
3fcd3fe5
410abf1b
40263eb8
408b408e
402a4066
40a53f72
3fbe4075
3e06bf87
bf8c40ed
bf8abfd3
40c0401f
4065bfb1
403b4084
3fac4096
402d409e
40efbef9
40c7404c
3fe63f95
3ef6bf8f
bf92bfad
3ea4bf66
40094043
3fc2be1a
3fde4076
4087408f
408bbedd
40a34088
3fe83fef
bfb340e5
3fb8410c
40543efb
406e4009
400e402f
bf5b4060
bf9640cb
bf88c02d
40a9be88
40a73e77
3f783f67
3e3440cf
406840c1
40ed3ffe
beedbf1c
401e3ebd
bfbe405f
3d0a3f65
c017402e
bffe3fa2
3f683fb3
40793f94
3f66c003
40e63fa7
40b6bf4c
3f7540bb
3fb7bf0e
4089c021
bf87401d
40fb3e3e
403a4066
4006bee3
40a840dc
408c403a
40853d3e
3f993f93
406fbfd0
40bc4068
4038402f
3ffebf87
be474049
3f584015
40bc410e
40dbbec9
bf833e98
3f9c40ab
40884049
409b408d
405d3f4c
40c9bf19
3e9ebe2f
bef740bd
3fcc40c8
40ef3f84
3e20bfa2
bf6abed1
3fdac010
4000bfbe
406f3ee7
40eb3ec9
4024bf4d
408740ef
407f401e
40b33e93
41093daf
40254090
bfaf40a1
3f963ecc
bf263f38
bfa8404b
bae6405f
bf4c3ed5
4000410f
40343f77
40d34089
401440a7
bfacbf5a
408a3fca
bf58bf69
3f79407e
3f853f88
403abf99
40b64017
40893e59
bfb73db8
3f9e408b
3fdc3e8e
3dd9bdc6
40cd3faa
40973d98
40384026
be4a3ea0
3f8d4042
40de3fb5
bf79beb7
40373f92
3fb7407b
40ad40a0
3f4e3e5e
3f9e3ee3
401f3f94
4035403d
408e40ac
40b03ff1
3f8b3f22
bf09bf1c
bfbabd2e
40b940d3
40ccbf46
bfc64048
bf27408e
3ffd40aa
405740de
40c83ddc
4030bee6
3f024078
3b9440bb
40824087
40493fcb
3fe63ff2
be4d4081
40474041
bfb94090
bf213f3d
4089bf37
3e014061
bf8f4034
bf3f4034
40d84007
3f2a4022
3fe5bfd6
bdf7bfda
3fdcbfb0
3f6c3e8e
40c63fb2
bdf84051
3fb8bff9
bf8a4088
3fa74101
3f8d4023
409dbe8b
bd1a3fb5
3ff23ec6
404bc001
c0133e5f
410c3fac
400e409a
4068bfe9
40b33fda
3e913f8f
401c3ffb
401dbfe6
bfb640e0
40ae3f39
402b3f9c
40e93e92
beb4bec1
403f40ce
40bb3fc5
bfb03fbc
40e64062
3e123fd7
3ffe4081
408a3fe1
40523ffa
4029be14
3fae3f27
4047bedb
404ebf51
3fcc3f57
410bbfbf
bf63be88
4001406a
40903ff3
4069402f
bfd8bf86
4034405f
403cbe40
3f3dc009
3f693f3c
c03e3fbe
40174004
3fba3fa0
3e773f01
3e3a3e9a
40a2bf82
3fef3fbf
400940dd
407bbf4b
40c43f0b
bdf13ea2
3ec94041
4013bf84
3fd5408c
40893e93
bfff4036
3f083e97
4084be47
be204013
40a93fd6
bfe64057
be3a3fb6
400d40e0
bfa4405c
c00b4028
40acbf0a
3fb33fe4
40254090
bfbe4108
40973f7d
403d4070
3f73befd
4010bfcb
40c040dd
4012bf3a
40f33fc7
402e4076
407540aa
4074404c
409a3f88
be88401e
3f03401d
4011bfdd
4052c03e
bfcc3dea
40db400e
3fc9409a
403d40c9
40aabf82
40aebf22
c02e401e
3d0ebfc6
408d3ff9
401a4007
4078401a
400abf3a
3e29be7d
3fe2bfbf
40a1bfd1
409c403d
407cbefd
403b40ab
bf804044
bfa7405d
409f3e73
c02e4050
bed940b9
3f334064
3feebf70
40b23e3e
40654084
bf23bfb7
401fbf7f
bfb73e94
bfb23fdb
40c83fc7
3fb93f60
3fdf3f09
40b44110
bf7b3fbd
3e254031
40263daf
3ec63ec2
403f3fff
bede40db
40d23c9a
4099bf9a
3fcd40b0
bfbdc017
3fd340e5
4041bf27
40d4401f
3c703e89
40814080
3ffebf5e
408fbddc
bf264047
3fa2405c
3f933dd3
3f8740db
401dbeb6
410a3f1e
3e953f1f
bfb33f28
bef5410b
3fc13fd5
404d4069
3ff24055
3e45c003
3e3abf8d
c0193fdd
3faf3f1e
bdbf3f74
bf7a4083
405cbfbd
3fafbf72
bfe4bf0f
bf664038
3e66be8b
3f973fbc
40bf3ebf
40123fe7
3fc63fe5
3f44c01b
40034022
40c63b55
be5e4083
401abf06
3dd1bf48
bf9840f7
40eb3ecf
40febf2e
3f3d40a0
40153f5d
bfe33ff4
3f79bf7f
40d13fe4
3faa4010
408d4074
405840d0
403a401c
40e73fb9
400d3fea
408340ec
404dbf7c
bf6abedc
40eb3f7d
40054013
bfa1bf9b
40a54090
3ed83ea4
40c7bfbe
3ef23fae
3ec840e8
401a3f50
3f0c402e
40934051
4016bffe
3e1840c9
403bbd4b
408d3f9f
40f13db8
3fb53f91
bf814057
4028c039
c0073ea7
405f4006
3fd6bf2b
3f3540c2
3f3e409d
402c3fe0
bdff3f94
bf614003
bf3a40c0
3e963fdc
409a3e15
402b401d
bf7f4043
40723eed
408a407d
408a3fb7
40e63f3c
3fd23ef9
3f553f8a
40ba40ad
40f0befc
3fb6bf9f
bf573fec
3f83406c
40a240c5
40a13fa8
41043fa4
3f173fa4
4089bbde
40c04008
40e44032
c039bde6
3f204083
bf063e84
405dc00b
bf174002
3fcb3ee1
bf243f74
3fdebedd
40434101
bf98bea9
3fa13f9e
40223caa
bf54408b
407e403b
402340f4
bfa03f61
3fc1408d
3f68bfc3
406c40ba
bf0c3fa0
bffdbcd5
41073f93
40283f0a
bf85bf71
40863ff7
402d3f93
409cbfa3
3f89bfac
408540a0
404f4092
3fc53f55
3fc54065
bf6d40b0
3f5340e8
bf78bfca
c00e3d59
40983f40
3fe0bfc5
3f084096
40bc402c
c01abf5a
c00e3f99
3f7f40a1
3f8940de
3fb63f2b
bfbf3f24
bffc406a
3f56409f
408f40da
40ad4032
c0114009
401b4054
3f764045
bfac3f0a
bbbb3d93
40883f93
c03bbf81
3f51bfd0
bf21402c
3f7440c2
40b83fa0
bfdb3de8
be9fbeaf
4028c01f
bfdbbfb2
40583e85
bf443ffa
400a3fe9
bf8fbf9d
bfb840bc
bf8a3fbe
410fbe78
4018408f
3f6a3fa5
3eee4056
40b8bedb
3ff03faf
bee94057
3f2f409a
4094c029
40263d93
3fbcbf4a
3ed53f85
3f1140b7
bfe540d7
3f833fda
4030bf78
40254022
3fea3fb2
bf6040c3
bf4b4040
3f4b3f9d
3fc5bf02
3d9ec00e
40b740da
3a1a3d7f
40bcbf89
3f10bf90
3faa40bb
406540a1
40993ec0
be994011
3fabbfd3
bf1740bf
40084087
bf9d3f9e
3f85bea3
3e5bbf1d
be95406e
407f3e1a
405f4019
402b3f78
3fee4094
406f3f98
408b40a3
40823fa1
3fb04082
3f4a40ae
407f3fc3
40a740a2
c0043e09
409fbe83
4029409b
40163fca
409b410c
40883ef3
3dbd3ffe
be34bf98
400a3e70
40634085
bfe7bf1f
bef7bf8c
bf303ede
3fda40d1
bf884000
40054029
40e54005
40013fdf
bfae3f2f
bd0840b9
3fdb3fb1
3fa63f99
40b93fae
3fbe3f23
4082405c
409a409c
409b4022
40c8bf33
3ff13f9b
3d6140bf
be1b40dd
bfa7bf75
41024041
40113f71
4049408b
408740e2
40b43ff1
3fe93ffc
3fbe401e
bf9b40b1
bfb1bf25
40b93f9c
408b3f21
3ff2bffb
4070400e
408fbf88
40913f2f
bf5d3fed
bf15bffc
bf543ff0
bf94401d
bffc3e85
bf284015
bd72409b
be3fc019
3feb3f2c
3ec7bf6f
bfca404b
400940b6
40333f7a
4080410e
bff0bec3
402c3fc6
3f18bf93
401d3ee7
3f88c01b
3d414015
be1bbfaf
3fdabdde
405f3feb
3e9d3f95
40093fdf
40cb3fd3
402a40aa
406b40c8
40a43fda
bfd8bed6
3ff73fde
3febbf2b
4048bffd
40953f10
c0183ff4
409c4019
be6a3fd1
3fce3e3c
bf3940c5
40cc402b
40c83f07
40044014
bd64408e
3f80c014
be753f31
40303fa5
3de5bfef
3f814042
408cbee0
3fda402a
bf844000
3e4ebd43
bf074016
3f4940ea
bfb63f82
40b84074
400c408d
3fef3f7b
bfaa3e21
40b53f9f
bfca403c
3f773f7b
405f40a3
409fbf72
409c400c
410f406a
3fe7bfc0
4018c008
4076409e
402f3f39
c0343fee
3f91bfe0
408640c0
401540e8
40be4020
bfc34042
4001408f
bf8b409a
3f3a40ea
bf803fdc
be30bf60
3f603f28
3f83bfe2
40aebe4d
40a2bdc9
40d0bec1
3fa3bf9e
4063bede
bde64106
3e9c3e5f
40f83f65
beb04063
3f0dc005
400c40c3
40a1befd
40183f74
402c3fda
3f66405e
3f9740d6
3fe93f32
40ff3fdd
bfcdbf60
40184035
405c40ac
409c3fb9
bfc0400a
c02cbe8a
3ea2bff9
40884081
40a7410b
bd33403e
bfd04044
bdca406a
bf5ebf8e
bf1640ef
409e3eb7
3f6d3dd7
4036400b
bf3540d1
3f7440c4
40b03f14
3f414047
400a3fe3
405d3e9c
40833e84
40884002
bfddbf4f
3f13bd29
bfb24005
4040c02f
3f18400e
bf9f3dee
bda9bf21
401b40a5
3fc5bf7c
bf8fbe6a
40ef3f8a
3f80bde8
bf5dbff5
4059c008
40624002
c020bf9a
403bbfc5
401040c8
4051bf13
40953e89
4087406d
402abfbc
40434031
3c9e40a7
3f373ff2
40a0400a
be883ead
3e57c01d
401cbf24
3ffcbf3b
40ee4038
3ebd40b9
40873e91
408e40d8
3ee13fd5
40804085
3ebf4040
bea73ffe
409f3f28
40c63fee
4029bf47
bf673f89
3fb840b5
3f2c3ffe
401dbdeb
3fb63f3c
3ff7403e
bee0407e
3f8a40fd
bfe2bd7d
40ccbf44
be20402d
be933fd6
3f70bfba
40b83f64
404f406b
bf45bf98
bf9040d4
3defbff6
40b34019
4027bfa8
be4f40b2
400fbdf4
400cbf71
400a3ff9
bf9cbeaa
3f494091
3f923f76
401dbf7a
bfb73fd9
bef04086
403c402b
bf773fe3
bfee40b9
3f68beee
bfe0400f
3fba40a8
befe404e
bfd13fdc
bfd7bac8
3fc23ec7
be2b40a6
40473f16
40924080
be5f3e29
410e3fcf
40013f1f
bf19bf66
bf90bf0b
bdae3f41
bfc03ef3
3e6d3fb8
bfa9bf93
be3b405c
bf93be0f
3f9b3eca
3ffbbfb2
404dbf21
403d40f1
3febbead
40cbbf87
3fa24058
3ffa40d8
408c3fe7
40a9bf89
40a43ff5
410b402c
3ea9bf80
40473ea4
409c4067
40b43f68
3fce3ff9
400c402a
bdddbfe0
40a540f9
bfbd400f
40a4bf2d
402940a6
3fc44098
402940ad
40a4bf72
4101bfb7
bf444053
407740d6
bfbcbf68
4074bf37
3f993fc0
3f6e4035
bf4cbf39
bca040bf
40674015
4004bf42
bf0f4031
3fad40a1
408340a5
4079bf5a
410c404b
3e55bf79
3f4c401b
40bf40ee
3f6fbeae
40acbe3a
40253fc1
3fd840cc
3f7d3f61
3f9a4029
c0384021
400c4076
3c7f40d2
4060c009
40073fc6
3e94401a
3f85404d
3fedbe18
bfcebebe
bf2b3fcf
bf89402a
40334051
be39408f
bff74031
401ebf16
beb9bf73
3fc74072
3fb43cd7
4032bfec
40aabf7e
3f2f408b
3fb53ff5
3fb24092
bfdf4088
40a34032
40f64016
402a405b
40373fc6
40a44091
40a0bf79
3fb5400b
401c408b
3f0340ee
40074023
4088bf7d
3f9d4087
3e694061
befc40a6
3fdf40f6
c01f3f46
40874082
403bbec1
3ffcbecf
3fe63d29
3f83bd36
c031bfa9
bdb33fc9
40484093
bfcf4107
40793f0e
40723ff1
403e3fc5
bf4e409f
bfabc011
c0073f70
4090bfb9
403bbf6a
408040c3
40bf4099
bf163ddd
bd9ebebe
3fd63fea
be9d4068
401dc011
c0133fcd
40cd3a1a
bee23f52
40393fed
402f409a
bf0d3f9d
40264088
3e4f4074
bfa0bf4a
3fc8404c
40bc3e68
40b73e59
bf31404d
3fed40af
40a1401d
40843ffb
40503f49
be2540b5
40183ecb
beb54094
40b23e8b
40693ff4
4078407a
3ffb40a6
3fa5405a
4005bf8d
40e43e16
40834005
402c40bb
3e3b40ce
3eb33fea
4089bde9
40c24045
beeb3fa5
400f409f
4086c025
4089402c
bfdabf85
40223e9f
3fea40ac
406b410b
40c6be62
4075be9c
3f693fdb
4035403f
40a9bf51
40e94009
3fd4406e
40364077
bf653fda
406740f6
bf3c3fbe
40fb4081
3fa5bf9d
3ff04089
407d40ac
406a3feb
3fa63f94
400e3e87
bf86408d
3f9540c6
40584025
40564056
3ff1bfcf
3fc0bfe5
3ff83e2b
40844039
40873ff2
40353f1e
3f3a40c0
402440f3
402d3e9d
40983f33
402dbfcb
3f0d40b6
3d944074
bed6bf7c
3f573fbb
3f1d4034
be954088
3f983f00
404ebf21
40573fef
4012bfe2
bf883e6d
4022c002
be843fd7
40993fe2
3fa8bded
bf57bd99
3fba3f41
400f3fdb
40c5400b
4010408e
40414037
4004c02c
40bb4007
40a0bf8c
4017bfc6
407e40c8
3d3f410f
40ed3fa9
401abe81
3ff0bf6d
4004c01b
405f4098
bfa03f6f
40f7be1f
400d4042
3edf40d1
bec34093
40c43f0d
bf444070
bf22404e
be00bf13
40bc40d6
3f183e3e
3fff4032
3f61409d
bf353ff2
3f4cc01d
40dbbec1
3cd5403b
3f2b3fe1
bf98bfac
406f4106
40e24030
40ab4012
bcdd4014
4024404a
40a140ce
40ea3f07
405bbfa1
4030405e
3f124026
40bf410a
3fbe4025
40373fdf
403f4066
4041bf66
3e313fe8
405fbdc3
40c34086
3f234083
400dbfe2
3fa03e7f
3e884018
3fb04027
befa4035
3fb44029
406bc007
3fa0409a
408c3ddd
bf6a4075
bf7bbebe
beddc00b
bf0740c3
3eb23fe2
bfbfbf03
402ebfcb
4043407e
3e9fc002
40973f93
c018401f
bebb3e84
bfb54051
3ee340de
3fc3bf50
410b3fa7
3f964018
be8640dc
409c40da
bf1d400a
3e6abfb2
bd40400b
3defc00a
406440c5
40abbede
410cbe5b
403a3f81
3f923f82
3fcb40f7
40853f50
bf8a4012
3dba40b9
beb34027
bfc24088
40d14029
410d4029
3f633fe9
40464075
40403ea5
4011bee7
401fbdf9
400f3e08
bf9240a8
3e1a410d
40b23e92
4101bf18
3d6140b7
40893d0c
4035bed3
40e73e0c
40554089
beeac000
3e743f9a
bf8d40a1
3f2f4005
40cc4049
bf024011
408340db
3ffe4109
3fc23fd4
405fbd8e
3faf3eec
bf4c40a6
40123f12
3feebf63
41084083
3fb03f94
3f81be97
3f8a3f3b
407bbf0d
3e854046
403140b5
3ff64097
40433f25
40cc4015
40a9bf43
40283c8f
40333e82
bfd540f4
bda04011
40e04016
4015406b
be62406f
409c4078
40d64023
3fdb4035
3fa6bfb7
3d8340d5
40994060
40e43f57
4077bf47
bec5bf83
403c4008
bf3dc024
40d0beb4
408f406f
3fce4006
3ff4bece
40294066
bfa83e82
402e4088
bf42bfdf
40084014
404d407d
3f093fc4
40d4beda
40214080
bf6fbfed
402dc03b
bf20bf2b
410fbe42
3fd44044
400540a9
402abf95
40d14008
c0304043
3f2e4094
3fee3ea3
401140a1
40e3401f
40444083
3f48bee1
3f6c40cc
407840f7
408e4028
40d0402b
4073bf84
bf394098
bebf403e
40bd40be
3f8b3f3b
c03e4066
3f89bfa4
4089bff8
bff3bf18
40dd3ef1
40714064
40253fdf
3e9b3e8c
bf983ddf
3fed402b
3edc403c
3fe04057
bf3a40ea
40484060
406b3ff7
40cbbf71
bf30bfb7
404840ed
403f40ce
404a3e99
40f13fed
3fe44046
40703fd0
bfd240cf
3d8c3f3e
c036bf56
bd0c40be
bf1abb3b
beb33f67
40d33e6f
c0404022
bf6d40bc
4074bf4d
4004bf99
40b9beae
40ba3f35
be9dbffd
408abfa0
bf47bf86
3ffb4023
3e603fea
3ffe400c
405940e2
bf184036
40643ec8
3e99bfbb
4028400e
3f8c40da
3f0c401f
40e33feb
3fbe408e
bf524003
3f98406c
40a34102
be323fe4
bec8bf5d
403f3fa0
3ed840d2
bfd8bebb
40d03fc3
3ed0be04
4024bf25
3eb33f72
40af3fd6
40cfbe59
40e03f20
3fb5bfba
40623ec7
40344052
bc94bf7a
410dbe84
bf13bf1c
3e583f34
bf3e402f
40dc3f21
bffb4088
3ff93e66
3ffc40c8
bff5bfbe
bf9fbf5e
40ce4011
4009be65
3fa440cb
40bbbf39
4047bebc
406c4025
3fe94092
3fa040e7
40343f87
3f73bf6f
4047bfac
3f514095
4074bfa8
40874102
bfcc4034
c006be79
400f4078
4018be4c
3fe740bc
40573f94
404f3e10
40283f89
3ff14087
402c4108
3fbcbf6f
bf91bbcc
bf4a409d
3fc64022
40bd3e86
40c14020
40d6bf1d
bea14099
40324090
bdaac01c
40b0bf4c
3fe7bf62
3ffd409c
406a4088
bf92402e
40bd3fc0
3f1bbfc0
40dfbfb7
bef44095
400bbfbc
40224085
bf7c3e63
3ebb408f
3f0f404e
40724021
405840cf
bf7cbf19
bf85be95
40064052
3eda3e40
bfcf3ef9
bf1c3ff9
3f913f23
3e94bf14
3fb240b8
40a840e0
40863f5c
409d3f63
3f583bd1
404ebfed
40413f3a
40d43fac
40934085
3f503eb3
3f313fe2
bf55bd4b
40994016
40023dcf
3e404066
407bc00b
bf7a4095
404d3fed
bf923f5a
40314081
bf2d4031
3e6f408f
bfd7bed1
40c9405b
3fbe40b9
3fbd4070
3efcc013
bff73e5c
bfffbda4
3f0ebf8b
4031c010
402f4104
bf5c4019
c0353ea8
bec33faf
4017402a
bf5540c4
bf9c3f66
3dd1400a
40004008
4006406a
3fb23f90
40b33fa6
40143f8e
3f96409b
bf9b3f35
bf8140e2
4028403c
3f8c3e96
4000bfd0
4042401b
40a63f92
3f8f3f9f
41043fb1
40303b32
3f6ebf0e
4046408c
40603f7a
404d408f
3fc8bfa9
3fd740bd
3f1dbf05
3fcbbe05
c00f3ff0
beb64084
3fefbfed
403e40b7
40d4bb84
bf713fb4
beb04015
bf6e40c1
409d3f4e
4070403b
40bbbfa6
3fc04060
407a40ed
bfe5c01a
40963f08
41034016
40274066
3da340cd
40a4bfdd
3fc5bf6f
408e4010
403f40a0
4054bef6
3d88c005
4045bf0e
3fd0408c
40393fa8
bf9840c3
bfd7407e
bf2b401a
40574061
4014bf21
bef84025
3fa2bf0c
409a3fa6
3fa53fd3
3fe1404b
408b4091
402c4014
40804011
3faebf6d
beeb40af
3f633ede
bfc9410c
3d1b3ebf
3e2c3f84
3f89bf6b
3fda40a4
bf913fec
40aa4065
c014be4b
40b33e65
3fd34009
408ebf75
3ffb409a
c0123e96
c0384013
bed83fdc
405d3f02
40a8410e
bfd3beca
41053f69
bded4020
400b409e
409140ca
4043befc
406a405a
3fc7401f
408fbf25
40c0c01b
be0e401e
40943fa2
3fbd3f74
bf783fa1
4060bed2
40a43fd9
410ebf1a
402a40bf
3f57be9a
bf2140f1
bfc93fdc
40813fbd
bf57bf0a
3fe0be33
4098405a
be883ff3
c0044060
bf28407c
3fd4c001
3feb4010
40d8402a
bfc63e96
3ee9402d
408a3f1f
bef5401a
3f6bbf29
c02b4015
bf16bf11
408b3f55
403140ba
bf62bf59
bf383f8f
3f404086
bf2f3f8a
4079bf22
404fbf4e
3f48bfaf
bf2940a6
401e405d
4086409d
40aabeb6
40eabf8e
3ff1bf12
bf69c01f
3fcbc010
bfdbbed1
40b8406e
3e393fc9
3faf40c7
bfc53ea8
3eca3e1d
bff24048
401e40a8
bfc0404e
bfd740c8
407e402a
3cce403f
3f1bbf88
3eea4023
bfc540a1
40e73f37
406fbfbb
3fa5bea8
bfa840a7
bed13fe9
408bbf2a
c031bf05
bf38402c
3f7e3e27
3e9d3fae
40e13fd9
40c44034
bf25bf57
3fe93f03
3c9dbf79
406d4034
3f03bf80
bedc3f44
3ee94094
40a54012
3fde4022
405f3e16
3feabe24
402040c1
3f81c00f
40aebee9
bf23406a
bf513e58
40533ecd
40ae40e5
40a0403d
c035bf62
3ffe4085
3fbb4084
40514101
3e49bf7a
40fc3fbd
bf1abfac
3fbc4061
400a4069
40dbbe47
bf313f13
3f2c4098
3f48bf81
40ab409c
bd2e3f0f
3f59bf75
3ee2401e
3fb64067
40523ffc
3f513fcd
40214005
3fff4038
3ed43eb9
402640ef
40a73d09
4062bf4f
40174057
beb3400e
40873f0b
bfbebf17
40c64024
c0393fdb
3ff1bef1
40134025
40494084
bf363e53
40943f95
3fb840a7
3eb040bc
40b940a1
40b23fb7
40c33fe0
3e2c407d
3fb840af
409740f2
40353ee5
4108403c
bf03400a
4018bfe8
40c040cd
bf603fcb
4077406e
3fd840ba
3e4b4047
bf1a3fa4
3e633fce
3fa6bf87
3f9b3f45
403d3fa3
40764046
40364011
bf9e4064
be9f408c
40324056
40b13f9e
40693ff5
40003fdb
bf4d3faf
bde23ff2
bfe640ec
40b4be72
3f543fae
3f8b4041
40723fd7
40adc025
4035be9c
40c63fa3
3fc94088
3f59bf9c
40953f2a
bedd402b
404e4049
be983f2d
3ff34001
3d7e4097
bfdd401e
3e434061
40384031
bee04004
3fd0c028
3dadbf0d
40803fc6
400abfcd
4090bfe6
be38bf4f
3f7abf0c
40813f79
40163fe2
40323f98
40b14092
405ebc26
40ba3e8b
be5c4078
408b4041
403e3ee9
40914006
41083ff4
3f733fb7
3fdebf2d
404f410a
be873f99
403f4067
3fc8402e
3f5d4073
40863fb9
408a3f88
407e3eff
bf0e4095
be81c012
3ccfc026
3f33400f
409c4073
3e17403c
408f40d6
402e40d9
3f963f31
bec9404e
bf13403c
3fbe40e1
40944070
40133fcc
4078be08
3fe74093
4005bedb
3ff540f8
40ca3da0
40d2bf1d
3ff340ae
4065405e
be9d3fa7
40dc3fa7
bfc94011
3ffcbfa2
3db33fe3
408f40ad
4045bf0c
40793fb4
40cfbf17
3f7f3ebb
400140e1
bed7bf9a
40d13e8b
c01e404f
3ff53fdc
4085bf2f
be654096
4058401c
3ff13f9f
3ee4bd9b
bf803f52
bfb140ee
40a54038
4029bfbe
3fbe401b
be8e4053
3e374108
40c63ed5
40dc405f
3e22409b
bf304055
4050c027
40a63fa4
3ee2406d
bef5405b
4053bfac
4095409a
40503f7d
40183f95
3facbffa
40593ffd
403dbf81
40403e9e
4054bc9d
40383f60
3f944081
403c40b1
40563ef9
bf03bd4e
3fcdbfaa
4084c003
400540f6
be37bf59
3f1bbfa6
3ff13ed6
408140e8
40a940f3
40e73f1b
40954025
3fec3eb5
4082405e
404d3fe0
c018bdd5
3fffbee3
3f4b405a
bf19bfa3
3ee440ba
407bbef5
404c3f91
3ef1400d
3debbf38
3f2140a7
bf57bea4
4094bf3a
bf11bfce
3e643f26
406dbfe7
40e63e82
402cbf2c
3fd3bf6c
405f4014
3f963ff4
40673eac
3fe73fd0
400d3fe0
bf43bdba
bf334017
409dbf7e
3f354002
bf143f6b
400fc01b
40a43c21
3ebd3f2c
40f83fe7
bf343f08
400bc01c
3e7c4064
40bf403c
c026befe
3e5d3e8b
40883f3d
400e4044
3fa23fd8
4058403c
3fb9bfb5
401940a5
bfcdc01f
bf9ebec7
4097402d
bf34409d
3fda40d2
bef8bfad
40634035
40943fb5
3f9d4057
406d40c8
bfff40c7
3fc93f3b
bffa4014
3f133fad
bd0c40aa
40b2c02e
3f89be97
40ac3d02
bebc40ba
3fbb3fcc
bf90bf9f
405e3fc1
4095407e
40143ff3
bf06406e
408d4055
befa4107
40c2be73
40893f40
bf434075
406440c7
3fbc3fdc
40d73f44
40c43ff4
bf2f4058
40084062
400f4075
40dc4035
408a3fb5
3c904045
40763d1d
40aa4090
3edf3f2a
3f94bf41
3f113f60
bf4ebfbf
409540d0
3fdd3fcd
bf04407d
4017bddd
3daf3fae
bd33bf7e
be2bbd0f
3ec8402d
3f9a4008
4079405b
3e7cc013
405b401b
40d34049
3e394088
bf18bea1
406abe67
40a33f54
be7c4042
be7c4080
bf2c3fbf
40ab4094
bff1bf4e
4107bf77
40163f15
bf534023
3eedbc77
bd0a3f86
40a8becd
3fc2bfb5
40854058
bf8840c7
3f813ecf
4108bef3
40344037
3dbcbdd8
3f78403a
40e1bf77
40febede
3fe24021
40594089
bf07bfa3
3ec93fbf
c0233f83
3ee74093
bfbfbed9
404d409d
3f833f3e
bfd4406e
bf71bfcc
40283fe6
bf5c40c9
40b0be82
41004078
3fd03f02
4067bff6
40c0bfa9
40ba4038
410bbf0c
3f1e40ac
407440a8
3f08bfbc
3ee83f49
40ccbef7
3f854094
4081beb7
bf16c021
bfe53ff9
41053ebc
bf17bea1
3ea3c009
400540d8
bff3bf3e
c0033f8f
3f85bf44
402a4034
4089c026
40e43e8d
3fb33f95
be85400c
3f9c3e87
bfe73f31
4057402a
40933fa9
bed9bf18
400fbfb0
4039410a
bf893f02
40ddbf34
bf514091
3f99bdc0
40ae40ed
40d7be74
40604005
402a403c
be263fb4
3fe2bf00
40e73fb8
40ed408b
bec5becf
be1440e4
3fcfc020
3f783fdc
40ba3fc4
4002bfe3
be2b3f62
40aa401c
c0194024
3ec7405e
4098bfbf
3e8940a2
407ac008
404a3f3b
bf99bf18
c00f3f70
bd1340b4
3f4040d2
3f9e3f74
bfc33f45
40c83f8a
403ebf0f
bf874081
4048bf9a
40c54019
3d674024
3f0bbf9b
bee7404e
3f3040e9
405d402d
40a0bf5e
3ea0401f
407b4072
3ead4021
40d6bec7
4092bfb4
3ed63cf6
be96409f
bfb040d1
400e3f09
402a4058
3fcd3fbd
400a40a9
40a0408d
40c54027
40d24070
3eaa3f52
bf17bf75
be90c01d
40c04002
bfec4073
3fed40b8
40833fbb
4030c008
40b7bf78
4045401c
401a3e4f
bf954030
406a40e2
40353f58
40e7befa
3e8bbe01
bfb140d1
402740fd
40734038
c03e4067
bebbbe86
402d40d2
be1f4103
407e3f82
c02bbfbf
3ebcbd4d
407b40ef
3fe9c02b
bdf83f62
bc814089
bf0a3f30
bf8c3f90
3e304024
3ff73f6f
40c0405b
3ed84026
3f143e2b
409f410f
408e401f
bf083f0d
3f5940aa
bf8d407f
bfa64001
4031bf37
40283fea
3f833ffb
40704004
40344041
3fb33f40
40964061
3e9240b4
3f5b4027
3e8740af
be16bd16
bfd04029
beb540af
405740a2
bfba4058
40b8bf26
3f874042
3ff34061
40893f03
406f3e82
4037bf48
41033fc0
3ef9bf15
be0d40b2
3f313eb3
bef23fe1
bd9dbf75
bf26405b
3f2440aa
bf574005
bfefbf3a
40fdbe99
3f113ea2
bf994087
40ac3f74
406f3f4a
40f73dd7
400ebf1f
3f424052
4085bfad
40c53fc5
40074015
3f8f3f96
bf4940b9
bf8940b9
bff9bf44
3ee6be9b
40063f08
bf11bed9
3f8c40c4
402b4109
3e94403a
4057be73
be874083
408ebef7
bf9140f9
40da3f33
c01f3f26
3f3d407f
4021bded
3f90409c
40a63fd2
40393fd0
3e394088
bf5440c9
bf75c031
becbbf2c
bf514022
3ff83f8d
40353da0
403040a5
c020bf5b
40b4bef4
3fe4bfec
bf6e3e05
3f984048
c0193ef3
4107be5b
40353f63
3ed93e8b
40934054
406d4021
40df4038
4007bdd9
405240f0
40b740a6
400a4033
40a54025
401e4034
3e8b4046
40c0bfa5
40ecbe3e
40f7408b
beaebe8f
be79bd94
40964106
3b063fdb
40bcbfb2
3f4a3fd3
3f383fe2
4071bfc8
3ecb3f8c
40b43f9b
3f774097
3fbe3f73
3fd23daa
408e3f9b
bf684018
3fdb3ed6
3f6340d9
bfe53f85
bfdf3fa9
3f234054
3f904093
405440a4
bfd84001
409a401d
40c84053
3f6a402c
3fa34095
3f483f51
bfc13ff4
409cbf4f
3fbf403c
be554010
40684053
bfed3fe4
bd4ebf3c
3f183fac
3f1abfbd
4098bfb1
40a53f6e
40763faf
3f20408f
3f8e401f
bedebf1a
3faf4039
40e43faa
3fa24019
bc303f71
3c9a408a
3e9c3fff
4101bf9b
3f363f5f
3ce84023
3f943f30
bfbd3f0c
c0303fc3
bd71beca
3fbf40d0
40673ff5
40e63efa
402f4087
3f9e3ff9
bf904069
3f88bfc0
40763fda
40084070
400fbf34
4060408f
4074410f
3ff8bf80
3fbdbf8f
402f4005
beea4067
bf07c02a
402f4024
40ba4021
3f8d4043
bf943f94
bfe34107
40ce4022
bf55401e
400440a2
3fee4018
403abfc2
40c0bf24
3f98bf12
40fb4046
3f18401f
bf7d407c
40b74084
3f37bce5
40d7401d
402fbfba
3fbe3fb6
4009bfa7
bf8d402d
4083bed0
bc6e403c
3f1140de
3cb64080
402d3eff
bfef408a
4023409c
bec840b6
406b40dd
c0173f33
40a3bf89
3f3ebf9a
3de240a8
3dcc40e0
40af4014
4033405c
40033fbc
408540b8
bfacbd26
40ecbe99
410a400f
be804093
40624041
bff73f87
40c7bdd4
410d3fb5
3fc2bf1f
405ebee5
3f7340f4
40c33f18
40df408d
bf1bbfa8
407bc011
3fa940e2
4091be73
40924069
beedbfa7
3fc93e2c
40a7c004
3f9a3fd0
40d4bf63
3ea340aa
3ef340e0
40aa409f
40edbdb6
bec1bf13
be99bf14
3fc73ff4
405a405e
405d3fe2
4103bfa1
bf07bf3c
3fb340e8
4031408e
408f4030
40e93fb6
3fd240a4
bf6b40c4
3f34bfe7
bf593ef3
3f364086
4024407e
405f3ff3
407bbf45
40213f2f
be774051
3f3940b3
3fffc020
bf3c40de
3f1cbf6f
bfa13fcd
3fd4409d
408abf81
403840c8
3fe03fc9
3f5a4081
3fc63ff0
4085c002
bfe84078
40c13f19
3f2bbd85
3f9d40b7
4036bf7c
bf8b403c
bfa13fe5
3f844085
3f84bf01
3ff840ce
40af40c9
4075bd8f
bf9f407c
40143ef7
be9f4077
bea14100
bf57403b
4081402e
bf653f7a
40734083
408b4054
40d3bea8
41063ff5
3f8d40c0
3fb23f03
40443fa7
40be4032
407a3e24
bf1dbcab
bf4040c9
3ff4bf9e
405a3ede
3f94bd2e
3f6c40a4
bf30bf06
3f99bfb0
40dd3ecb
3f08bf87
40174088
bf41bf4e
4000408b
bc1dbf58
40823ea8
40483d12
403e3f42
408a3e87
3e23c007
bf834010
410b4075
3f5e405c
3f8740d5
bf544017
40babf79
40e83fbf
3fa93fb8
40873ee5
404840ca
40bc3fa6
40af404d
beaa40af
bf793f67
3f3c4102
4025402e
404dbf35
be124066
40904059
be7740eb
bfb4bf7b
bf03407d
be0fbf8f
408d40cf
3fd440ac
bfe24018
410dbfb1
3ff53c40
400f3f4f
3f1d4056
bebdbf05
40e34000
bea9405f
406a4016
3f9940bd
40dbbe01
c00dbfa9
40053f67
403e402e
bfbabfe4
3f163fa2
40df4057
3fe24097
be944047
40a8409a
40cb3fb0
40ddbf8c
3d6dbfcb
bf8a4036
4058bfd7
40de3fcd
408a3f85
4019401d
401540a5
40794091
40d93ee3
bf323d0a
3f42bf48
4086bf94
bdd7c019
401a4000
40d53fe5
4038bff4
405a3fe3
40463fa6
bfd8bec2
c0343fc5
3fb74042
400ebfed
3e5ebfb8
40b83f64
400bbe65
3f6f4097
bf353fa7
40abbf3e
bff64022
40184086
4021bf9d
bf9340c2
404440e4
c00b4008
3fa53ea9
3edf3e8d
403140aa
3f303fac
40bd3eac
c0354076
bdfd4075
3eb9bf34
401c40f5
bf693fde
40dc3fe3
3ff23f0b
3fe94095
bee8bf20
c0133fe5
40b33fd4
bf0f40b3
4030bec5
bfbbbf7c
3fc0400c
404bbf7f
beb14055
3f6d40c8
bfd24029
40843fe9
3fdebf3e
3f87bf47
bfb740d8
3f4c3f67
3efb4026
40c04052
3ffebffa
bf883edf
3f1dbd53
40e83ec0
bf903fd7
3cc34080
3ff9bfb7
407cbfd3
408b4086
408c3f8b
40534034
3ece408c
bf3940a7
3e4a40db
3f623fb6
40f9bfad
402f4089
3ea140c4
408b40d4
40814013
3fa9405e
beaebfa2
4031bddd
bf8640e9
40cd401d
40ce3f9f
bf334019
3fe4bfe5
3ed540d0
3fc6bf08
410a4082
4017bf9c
bd07407c
4097be29
bf82bf2a
3da74050
3f133f0d
4076bf39
40ac40b7
40cfbf6b
410bbe76
3f534020
3e46402c
40bd40c3
40843e25
40914030
3fed3d84
40884024
3fbc3e15
40c24014
bf06400d
402b40b4
402f3ec4
408a3eaf
c013bd80
3f24bee1
3dd23f12
be9e40cc
3e804101
40c93f26
3fbe3f40
bf62bd28
401840d7
3fab3f94
4054bcc4
3efa4040
3f1d3fa4
bda53fe8
4024c018
4012bf43
c01abdb2
3ea93f1c
bfac40a6
409e40c6
bff73f63
bed2400c
bf27bf71
406140e0
405a3fef
40904012
3e564021
bee5bfa2
4024bea8
40a7c02b
bea33ffa
3ed14002
4033406b
bfa0c003
40353fe9
3da9401c
4034bf25
3f76bfa2
4057409b
40164016
40d4be58
bf6b4088
3febbfa8
3f124021
40733fc9
bef0bd4b
410f3fd5
bf68bfd7
bf16bfa0
3f3e403f
40d04005
3fe5bfba
400c4074
40083fba
401640e8
3faf3fe4
3f593f96
bf04beb2
3df4405b
40893fa8
bf673f69
407a408c
3f663fe2
400e4045
3fc4402f
c0184007
40a9be86
4019408a
40284038
400940b8
40aa3fc2
40d73ee7
bf16be35
401abf38
be224011
40b63f7c
40eabe9f
bf5540bd
be3640db
3fe9c000
408b4006
befcbdb0
40d74084
40304085
bf714082
3f88408f
3f433f94
bfa73fd4
3fdabef2
3fb8c00b
3ea54087
3f2b3f9c
c01e3fee
3f1f409c
3fae40e1
40a140da
bfdb3fff
40df3fa7
bf4d3fdc
3d4fbfb0
bfcc4016
4086bf3b
3ea84004
4005bf37
406d4080
bfdbc039
40a54010
3f734078
401e3ee0
403d40c2
3fde40e1
bf124023
3f964012
3fddbf3f
4082bffe
bfa84106
bfd94006
410a4040
3f363fb8
be8340dc
bff340fd
be163fd5
c00c400f
3e2b40ab
40123d54
403d4013
408c3fac
bf3c3f40
40304011
408c408d
404f4082
401c3d2f
bfbd403e
3e934019
408abf3f
bf983ea0
3e43bf25
bdd03fbc
3f4abff1
3fe2407b
bf1b402a
40ca3ff7
3f834055
4039409a
400b403f
40853fe8
409b3eaa
c0333f54
3e35408d
407a40d7
40b1bf5f
40c34021
40f14054
bf473f85
3f6a400d
40a93ff5
3fa63f23
c0303fa9
3f0dbf8c
3ed2409c
408240b8
40303fde
3f9a3d24
bed7bf89
3fda40c1
40603fee
40af3ebc
3fe9be0e
be4c3f21
bf5a40b6
3f2e403a
bfc9bf3b
40123e87
4017408e
bf0d3f99
40c0410f
40c4bf37
40d34043
3fca3fd2
40714092
3ff44077
401e3eba
404b4009
bf0b40b0
3e2140d4
bfbf40d4
3feb3efe
c02ebf9c
3f55400d
408540d2
bf914022
3e2f401d
3f7b3fb0
401c404b
bd6940ab
3fb64095
3ec63fe3
bf893f51
3eafbf64
4007bf97
3fcc4026
3edfbed0
40b23fb4
3e323f9d
4081bfb4
4096c005
4030be66
40804069
bd644094
4075407a
bf84bfa2
401dbd81
bfb04028
40934046
bd804050
3ffc3da9
bfc2c022
c01e3ff7
3bf64038
bd654090
3fa3401e
bf634104
40953f0b
40823f9b
bf394089
408940bf
40ba3f23
bfe1400b
3ff63f61
bf3a3f8b
3ec840e6
407540c6
bfa24012
40813fe0
3fb74003
3e03c003
409c4071
404a3fc6
409f3f3a
3f033f47
3f8e409e
3fa7c01f
402f3db2
408a4015
3fd840a7
3fd4408e
bf08bfa8
bfd4401e
4107407a
400fbecc
3f4cc000
406040b5
bf1f3f26
beb6400d
4005bf36
bf45bf27
bffebfde
40ecbebf
4070402f
bf3ebfee
405e3fb1
bf83bfed
407d3f73
40864088
3fa4be8f
40734028
3f2440e1
3fcc3e0e
4021401b
bd113ef0
3f71bfd4
3fccc001
407cbc4d
3eedbb7b
bf1b40b5
bf9c4001
3f1b40df
bf9e3f20
c0274084
bdfc3ec2
3f8c3f9b
40934107
408a3fe0
403dbf6b
be213faa
40343f69
bb3240b6
c0083f24
3f9f408c
bd5440be
bfaec005
3d3140a2
40683edf
40a14042
be91bfa9
be9d401a
3fff40ea
3f04401b
3fe43f23
3f8fbf97
406a40d9
3f41be51
405a3e3b
40853fac
403cbf4c
bfb9bfad
3f26bce7
40dd3e09
bf693fb4
bf4b3f84
400a408c
3ea64025
3f2d3ff1
408e4087
3db0bfd6
402640ba
4069bdd1
3f3fbf0d
3fca3ffb
3ef3406b
3fd940da
bf564077
be31bf70
403f4003
3f834060
402dbf0d
bea54005
3f943f63
3eccbf05
bf75407a
3f974051
bfc2bd9f
40edbf7d
405bbf2d
3f013eef
3f734035
4043c02f
3fd63e66
3f93bf1a
40afbf7f
bf78bf84
bf03400b
40103fc6
402c4033
40973fc9
bcd03fe9
3fce4018
40b5bfdf
40ba3fa1
bec5bf32
be5640a4
3c4e40a6
40763ff8
bf573ff2
bcfe408b
3f644039
3fb740c5
bfef40eb
3fc03f3a
41023f62
4000408e
bf35bee7
407dbeda
3f813fc7
3fd04030
3ee13f63
408a4067
40bb40a9
40bd3ff0
4101401b
3fa140b1
bd8640d8
40473f83
3f50402a
3f8f4023
3fcabe82
4023408b
bfe5405a
beb93e1b
be9f3ea2
bdfbbfba
40643f1a
3ed24077
3f4bbd49
40324007
3f21bd43
3d6b40c6
402e40eb
40da4030
3f12406d
3faa4083
40803da0
3efe4083
40b23fc8
40e53fa0
3fce4068
4083400e
3f6340e0
400e3f1d
40b43ff3
bf26be82
40184074
bf573ffd
40a9be0b
405a4057
3f7b3ec9
beb140e9
3fce406b
4030403b
41064063
3dac402d
3e46404a
403640ef
bf07bf48
be33bfbf
3e61bff1
3e9540d3
40ac3efe
4082401d
bfef4083
4015407d
400bc013
be09410c
3f9d3c84
3fe9407d
bf044080
3f8c3f97
bf65bf9b
3fd33fc2
40133f07
3fc0408c
bf8240a6
bfbb40d3
4090bf53
4098407b
bdd5bf48
3fe740d9
4097bea0
4073be7e
3e834011
3de14099
400b4074
bdae405b
40ad3ebe
40f3bf98
bdec3f6c
40364051
40ab40d9
40c33f7b
40803e1c
3fa6406c
bd92bea2
401cc040
404c3cc1
bfc9407a
3f86bcce
bfb6bebc
bf1a4005
40a7bf06
4090bfae
3eb340bd
40134076
408b4102
408b3f50
40cc3dfe
3de93e42
3e1a40a0
3fa140a0
403f4066
40adbe41
bdf94039
3fb0403a
406b4038
3f854105
c0143eed
4109bf84
40123fa4
3fd0bfe8
3f8b40ef
40b8bf01
3f97408c
bd9740bc
3f3c4041
3f19bfbc
c0033f9c
3ebb407e
3f0340b8
3f6c40ab
405bbff0
40a0403d
41043f60
bf7fbfdf
4027beca
3fe54088
40753fd3
40d5bdaa
4014bf94
401840d4
40813f67
3f503faf
40444032
bf6440ac
404c40b0
3fea40b9
3fe53f94
40a2bfa3
3fb64013
3e13bfba
bfa3be2c
40654013
3fdf3ed3
3f373f69
bf35407a
3f784106
40c03f57
40a0404e
400fbf92
40134064
40624068
3ff9bdf4
c0233f55
3f29bfd6
4056be41
be85410e
4091bef6
beda4057
401dbfbb
40464092
bfc03f45
40e5bd4c
4031bf47
40223d9d
4082bfde
4010bfe9
bf273f31
40a5404b
3f923eee
406f4035
bf3d40a7
40233f35
3fab3fe6
3f0b40a1
3fb740bc
3fb040b5
bfda3fc2
40cf4008
3fbebe48
bd9fbea0
3ed140e8
bf963e2d
3ea5406a
3f9d3fd2
4000bf51
409ac025
40b33f6b
40f84086
bdeb3fd3
3f95bf93
4073c037
409d3ee4
bffa3f90
3fa83f8c
bf0dbf1e
409840a4
3e313f1d
40b3407b
bedc402c
4053bd84
40af3fbd
bf974032
410e4063
3d814090
bfaa4018
bf37406c
40663ea0
3f6a3f07
40184004
3f543fb6
4065c003
402f402a
40824026
400d4009
bf1c3f92
408cbfd9
4016be0a
3fd24038
3f6a3f38
3f84404a
3fff3f96
40893fa1
4085404f
bf183ff6
407240a4
40bf401d
3de0410a
4076403c
3eb23edc
3ea53f52
bfab4091
4019c016
40924026
40024065
bf023f50
3e0bbf80
40a04108
409d3fee
4082bf85
40063ef5
3e8d3fc6
3f25401d
3ff84031
40743f43
3e5b40b8
400b3fb6
406abf82
bfc5be23
40343f15
3d8b3fd6
be6d408b
3f94409f
c01ebe6d
41064081
3da93e4e
3e613f82
3fb33fde
401ebc40
bee04077
3f253fc2
407dbe98
bf504017
40cfbf78
c029408d
3fa7bfdc
3ff440d3
4089409b
bf8abe2c
40cebf76
3ff8be54
3f25401f
bf7a40e9
40793f8e
c00dbf85
3f4840b6
4051c001
40a53e33
40293fed
c0133f5a
bf02bf7a
3fb040a8
3fc940dc
40da400b
bf70bfbd
3f573ea1
bf9bbf91
bfdc408a
40a8be68
bfffbdd6
3dbf3fec
403140c9
bfea400d
4008bf40
3fd0be12
402340b6
3f9ebea2
404a40c1
3f943f86
3ffb4042
3fbe40b5
40703eed
bebcc02a
c018401a
40864089
4037bff9
4031400e
bfc43f80
3d924027
4035bf86
3d0d408d
3e5040b6
bf9c40cc
4038bf50
40f54012
bd31bf9d
bf0b4090
bfa7bf40
bf763ead
4040bf6a
40023fc3
40063fc4
40513f6e
3f933e91
41084066
be6f4029
4089bf94
bfd53ea1
c01c3f8b
407dbedc
bd9240bc
bf8240db
bf344108
bffe3fca
bf76408a
4006bd15
3faac002
40a4bf81
3e7e401a
3fcf3fc9
3fe440a9
3fefbffd
40624074
c0064013
40ec3f9a
3fd5409a
be6d3f79
bf9f405c
40c43ff1
3feb4086
3f6e402e
4082bff5
bfeb407e
40b73ffd
40b34072
4081408a
3fd5404c
3f61c01b
3f943ebf
40193f84
40343ff4
3d944013
bd0cc019
4047c017
406a3fd5
c0034087
3fe8401a
be55bff8
bf784037
40ef3e5e
bf1c407d
401f403a
bf613f5e
4088bf7f
bf163d51
4044bf84
3d3ebf3c
3fa94085
bf34410e
407d4022
401c4042
40113f83
bcc54092
bf25c019
3fe83f57
40c0bdb9
3f013f05
405540aa
bf4240a1
40c0bf50
3f403f79
3fb0bf61
406440e3
3fcbbf1c
bf14402d
3df03faa
3ffc3f48
bfab409c
3fab3fa5
40e93faf
40933f94
3d8abee7
407540b8
40573fd2
4071be99
40e7400d
40364068
407ec01e
406040b9
40473f8a
3ea93d28
bef240a6
3fcf3fa9
40a6400b
c0143fb7
40993f39
3fd83ff2
405540a5
4021bf6e
bfa4bb4f
4058405b
3f833fff
40864098
409640fb
40c13fea
3f273f93
bf464077
bf6c40e5
bfab4080
40643fbf
c0173f47
3fa140bb
4006c012
404540f7
40efbe8c
3f88bf92
3ff0be68
be874000
3f8340f2
3f793ff9
bfca407f
bf40bf5d
403a409f
3f3f4065
408a4015
bd7d3fa5
400d40a8
4079bf86
4086c00b
40c43fd9
c0284036
3fd33f96
40163ffb
407e40e2
3f7fbf37
4103406c
3ebf40a9
be1c3e81
40693eea
409e3e86
bf7f400d
40314066
3f74bf29
40744035
40cabf61
40ec3f14
3f3b4025
406540ad
406d3f84
40c33f1c
be333fab
400e4001
3f6cbf04
403e40e2
bff63fdb
bfaa3fac
403c408f
405740d2
bfce40a9
bf144014
3ea9bfa9
bf0a4089
4082bf91
3fddc003
3fe6c022
3f273f4d
3f79401b
3f77bf4a
bde64007
3f743f07
407e401c
40673fd0
3fb04024
405f40e0
4069bf93
bffa4015
40f03fec
3f973fd7
40854037
403640ca
40653f9c
40754078
bedebeff
405c40c4
bf284064
3fd83fa9
40f94044
3f1e4092
403440e6
3fe7bf81
40324007
be8f3fb5
3efe3f37
4004bfb0
40603fb7
40673f0d
3f6d4049
3fb740a6
406d3fe8
beb13f70
408e4031
4106408b
3ea24074
3ed540c5
3f38bf3a
be0b4019
4109403a
be834006
40303f91
40bd40c2
40ba3fcc
3e853fd4
3f6bbef7
bfa940c5
40ba40c1
401a4022
40fabf9a
3f574062
3fbc4038
40363f70
3ef6401c
c0364090
3fa03e0b
bf9dc010
40a13fa1
40c74005
bff03fd0
402f40ba
bc8740ea
3e1cbfee
40eb3f9b
3f82bd11
3e333f30
3f8740cf
3e1f3f34
40b93ff5
3e304063
3f9a409d
40603ecb
3fb440f7
bfec402e
bf3f3ff9
4008400f
402f3f7c
3f2240e7
404e3e68
3fd74027
bf453e96
3e9740e9
402640b5
3fcfbf5f
bf54bf85
be293fc5
3fa54088
3fa54059
bebb3ea0
40304021
3e6c3f5e
bf5240d6
3dfa3ee1
409d3f34
c030bf80
bf483fd0
bfb7403d
3f993fd4
40adbe40
3e324009
40314091
3f173fda
40b03fc2
401b4004
bf95bf6e
be153e81
400cc007
be843f46
3fa93ff6
40844017
3fb0beca
bf773f8c
401e40af
3feb3fb3
40c6bfb3
be8d3d9b
3fb63ff3
40b23fef
3d993d52
3f1d3eec
4021400d
40144035
40a240e2
40d2403f
bf304011
bebc4011
bee9402f
3f3440da
3f9240fb
40b83f4c
40ff406b
bf103fb6
40534012
4093bfc2
bfd9400d
3f9ebf46
40294083
408fbee4
bb44c025
befb3ffa
bf993d35
3f463f8c
40324083
40714108
40e73f88
409d401e
401c402e
40823f63
402ebeb4
3fcdbee1
40124032
be313f81
4020bfed
409b408e
3f644002
40b24088
bf244083
403d3ff1
4003bfc8
bfadbf0f
4018bf8e
3f0440a6
4028bfe6
40153f96
40aebd38
40eb3da2
3f943f5a
407c40d7
404340f8
40a33fea
beaa4049
bec44095
40694084
40743f59
3f114011
4100408e
3eba4082
ba5e40ac
40ba40a7
40d8400e
bf724007
3fedbee7
bf5340d2
400d3f7f
401a4020
3f504007
3f894068
3fc340ea
be613f87
4011bf80
3f84bfbf
be13405e
bf8b40a6
40ac40d4
3fa24031
40bc4085
3f73bfea
4043c013
bf4f408f
408ebea3
40a14031
3f114032
40484087
40684084
40d03f99
40a3bf37
40204070
40004032
4081408a
c0003f88
40a04049
3faabe0c
4009bdb8
3de34101
40b1bea9
40c54045
40214065
bf7e3fe5
3ff54092
403b4012
4102bfb6
bf264075
bfad3ff0
3f143fd9
bf44401e
3f954011
3f6b408e
bfad40b9
40253e1b
bffe3f10
4089bd2b
3fe2408e
3f80bf65
407fbfeb
bf3b3fd6
40563e0a
3fce40a8
3cb6beeb
3e034110
40e84008
3f403fab
3f1ebe52
3f4b40e6
4091bfa7
3ff4403a
3fc73efd
3ea13fd4
40594081
40be4094
be80bf4d
3f01402b
3fd93f4a
3f82bfd6
408b40ba
40ad407a
40494001
c03b3f9b
be213eff
3f6a409f
4005bf9f
3f5fbf3b
40944085
3eacbf58
405040d2
3fc340cd
c01e4017
4085bed7
3f4640b4
40084071
409a410c
40143e40
3ffa4058
bc3840a0
3f8540a0
bfbe4095
c01abf4e
c01c3ff6
3fd2bf6a
bfa240b6
4063410c
3ff7403a
bf1c3fa6
3faf4050
4030406b
40bb4003
40c64026
403e3f40
40044083
403a4035
3f824078
3eccbea9
be9d401c
3ea8bfa1
3f7f3ea2
bf4940c3
3e62403a
408c402c
3ff53f57
401a40bb
3ff94071
4096403f
40d24039
3f3c4099
40004087
bf3fbf5e
bf113f30
c00d4048
bf583f75
401c40cd
40364043
40373f4c
410e3f98
3fc3bd56
3e2240ab
bdcf40bb
40c83f90
be5d4081
3fa2408f
40844092
405940f8
3f973ff6
bfa3406a
bf6cbfed
400e3ff4
406b3ebb
3f163f53
40f64081
bf27be9d
3f473f61
406a409d
40b13f5e
407f4050
40143fa5
4054bed9
40a440f3
405e401b
bef8402e
3fa340af
bf824050
3ebac024
bfd13f80
c0084044
3fc3bf2e
407c4095
40af4097
40ed4039
40b14088
3e313fa8
3fc5bfea
3e0940db
407b4001
400fbef6
3efe4026
be32bf15
bf0d4082
bf353fd0
c02f3f81
3f2e4057
be9f3fc2
4086be85
bef8bf6a
4062bedc
3f7b4081
bf0240a8
bf8a40fc
3fb53fd0
40c63ec3
3b363ff3
3f254084
409f4086
be693f0e
40e2bf06
400bbf86
bdbc40a5
3fe54103
40133fa8
40ac4024
3f64402a
3fbe3f15
bf8d409b
402c40c6
408abf58
3fdfbf63
3fb840be
bf9cbfe2
3f50404c
3f3d3e95
410d3f55
3fd93fb4
402440e8
40bebfe0
40b53f96
409f3f49
3f4340b0
402d40c8
4094bd45
40c13f04
3db13d33
403e402e
3fbac005
40a84013
4090bf71
40dbbedf
3f9d40a8
406c3e37
be96406d
408d3fcd
40b3bf02
403dbf13
3e12be89
408f3e47
40233d86
4084406f
3f81407f
3fc840d0
40bbbfc0
40563e39
c0134087
3fc13f02
406540ed
4077410a
3fb54033
be5a4075
40353d36
3f5640de
bfebbc8f
bf473e9c
40af3f47
bda3409d
be94bfe8
3fb240ef
3f6e3f96
4090405e
bf504019
400c4007
bfc33f89
bfdabf3f
40104003
3f604085
408f3fb3
bf5ec00d
409b401a
40023e9a
403c408f
3f563dfe
403e4095
3d8a3e6e
3fe5407d
bf613f15
3f9e4009
3e9c40f9
40bf400b
41004039
3f47bea3
3ffa3e1f
bfce3f82
40c94012
3eae4080
bf373e61
403a3efd
409840a1
40ee3d9b
40ac4042
bee1bfce
bf60408f
be883fb8
c00d3fcf
4041400b
3fd7bf8e
bf403eb9
bf91c027
40a5bf7a
40ce3feb
3f0940a9
40843f1d
be16bfdc
40c2bdff
bfa34010
bf0e401e
3f2f40a2
403bc03b
40a93e92
bed1bf06
3f263ee9
bbcd3f67
bdd940c6
400f3fd4
bf8b3fe3
3e834053
402e3dc4
40a54041
bfb13f8e
c0224029
bc0f3f5e
bf96402c
3fb04084
404c4025
410d3fbd
4028bf2b
4089bfc3
40863fab
40b94021
bf3c3fa0
bf463f83
3fdbbe90
40a0407b
be16bf46
40f53fb5
3ffabe78
bef240ab
401140ce
bff6be27
3f953fd4
406c408a
40334018
408e3f8b
3fbdbfdd
bfaabea8
c0003ed1
40083f89
403040a5
3f8740e4
3f84bf24
40b33f3d
3fe84030
3ff4bf96
403b3feb
3f103fa5
c0014031
be97bedb
408fc00e
4092c01c
40ac3fc2
404fbe5f
bee7bf9f
bf993e40
406a40ad
40d8be89
4103bfa0
40394090
bf813f96
40404104
4029bec5
3fc53e5a
3fdc4044
40873f91
3ffdc014
bf563f4a
406f3f40
40324040
401d408b
40a4bf42
bfe84031
bff4402b
3e9240ab
3fb0405f
402f3fb9
3eaa402b
406bbe96
bef740b0
bfadc00c
3fdb40a4
400f3e3c
be883fcc
4033408e
bf79bfa2
3f573f1d
409d4040
410bbfa4
3f9bbde8
be973fb1
bfae3d48
bf8bbeb4
40863f5d
3fb6bfde
403abeef
405540c0
401fbf7c
40db4046
3ec93fad
3fdfbf86
3f8340be
40933fd6
bef44088
3fd0409e
4018c005
40114045
4051befb
40a0402e
bee0bd52
4090409b
3f83c035
40264000
4012bf6a
3de94096
401040e3
bde7c018
40b43e05
4016407b
3fb640b4
be9e3f26
40b6410e
403f3ef7
4109bed4
401b3fb2
406140d0
406a3f3c
bf3a3fec
40d54017
3fc64078
bfa940c0
bd49bf60
bece3fc5
401b3ec4
3fa63f11
beb14072
bf97410d
40534006
40d8bfb2
bcf9bf50
3fa5bf76
becbbf03
bf0ebeb3
bfcd3f36
3ead409a
4070401c
3fddbf6f
40333f8b
bfbc407f
3f87bf8f
3d8240a2
be2c4038
c0043ff6
40c24011
3f833f0c
40743fbb
3fdc4079
406940b7
bfac3e36
405e3fad
bf73bf37
bf183f95
bd56be72
40ac401c
404bbf0a
4000bfeb
bf8040d8
40984039
40063ef5
40b1404f
3f4b3fdb
bf473d2d
4081408f
bf4fbede
bfbabfab
bf2a4026
408e40e2
3f44410c
40453f57
c0293fd8
3fe1bfd1
bf1a3f9f
40bc410b
4038beb8
c026406c
bf7a403e
bee440d9
409640ee
40d03dc2
3fd93ff8
3fed3f99
4068beda
405e3f11
40b4bf73
3fa4be14
bf30bf22
3fe43f0f
bf894088
3de0401e
3f2f404f
3ea14067
bf9c4098
3f2b3dc4
401b400d
410ebd4c
bdf64090
4085bf87
bf424045
40d0be79
40704056
3f8dbb62
3fc93f9a
40394081
3ef0be09
403fbe9d
40044073
40024046
4008c013
40af4008
4051407b
bf6f4088
405840e1
3f9c40d2
40203f0b
4053be6f
3efd402f
3eab401f
bfc63f3f
3f7c3f29
bff04074
bed4bfd5
be3640cb
bf1840ab
402e3ff9
bf28403e
bf13403b
404540d0
3fd340f9
3f513ebc
40e84001
be1e40a4
bd214081
40354056
3dd14004
3ea6bf9c
3f1e4096
3e89bf19
40bbbf62
bf823f21
4083402f
3fd0403d
bdde405f
406f4001
3fbd3f86
3f1e4026
bf0c4083
3ed94041
bfd240eb
40863efa
bf89408c
3de94027
bfb240a9
bf3740c7
40503f0b
4009407d
bdaa3f5b
407340d2
407c410c
bfaa4006
40e13eb8
bedabc10
3ec1403c
405d4016
40dabe9d
40c73d40
3fff4051
3f78bfdf
4073410f
bf683f0b
40aa3f2a
3f0f40ae
3e2240ce
40be40e0
bf95bea6
bfd13f7f
39b43d95
bee34089
bf83401b
403f40b9
3eaf4009
40bdbf81
beeb408a
403e40a7
3faf4097
3ed03e75
410dbf09
3e71bf4c
bf11403a
bf9fbfdc
bf6a3e3b
40e04024
3f174083
40373e38
3f40bfab
40823f50
40fb405c
bee240b0
3fffc01a
bf63409c
3f01400a
40863d3e
3f6e40a5
3fb440c3
bfb640b0
407b3fad
40a14085
beac408b
3e5d3e17
409940a5
402f4038
40f93e9a
3f7ebeab
40824032
bf55404a
3f9bbeb9
40893f08
bf6fbfef
bf4540db
4088bfa9
40cc4035
bffb4083
bf214013
3fbbbf64
beb5410f
bff5be23
3f524089
bdf94068
40313e95
bf0440b5
40ba3f93
c0364026
402a3f05
3fe4bfcc
bf9ebfb1
40203f1b
be8c4037
bed04095
3fc8bfd4
3e16bfdf
40e33fb8
40184007
befb4040
402440c0
bff0bfa1
40d1403d
3f30bfa6
3fa2bfff
4073bf6e
40483fb3
3fdc401f
c006bfa8
3fefbf56
3f6abfa6
4046409e
40ac4023
bfd9404b
bf1c3fa2
bf414081
403d4101
3f07bea3
c013beaa
3e9fbe4b
3f163fe8
406f4009
40823f0e
40fb3f9c
3fb74043
bf0bbff7
407dbe6f
bf9a3f86
4098bf3b
bea24039
be1b4054
40af4099
bf1c3f74
3f354032
bed63f2d
3f9c40cf
40924087
40824012
40353fd8
3fa84099
403f3f73
3ffdbfd8
40b63f8d
4073bf50
3fd2bfa8
408c40da
bf134099
c009401a
c0313ea5
3fdd3faa
4063bfdb
bf0840bf
3fa0bf03
400abf97
401d3d85
3fad40e8
403fbf98
3f9b3f9f
402e405a
402a401c
40224084
bf53bfb7
40b940f8
c0144023
40634043
401e3e43
3fe14058
bfcb40b6
40dcbf2a
40cdbe1b
40223d56
405cbfa5
bf4b4105
bfc63ed7
bf52bd9d
3fc63fff
3fe6c013
3fabbf8a
40614010
3f713fc4
401e407b
408c408e
405640ca
40d0402d
bf504034
3d8f40ab
406b403a
40474092
c018be96
3dfc3d3e
bf633f82
3f28bffd
bf993f31
402fbf48
406c4038
be6bbfc9
bf93409d
400d40ab
bf8f3fb3
c0033f13
3f1040be
bf224001
3f78406d
40854035
c0043dee
3fb1400e
4046be92
40383fa1
bfedbe87
3f47bf81
4022bc17
3fe740e8
bf76bfdc
3fd73ce3
3f0e4085
3f0040b7
408240b5
40b1403e
40b94032
3fcc408f
3f353f79
3dd040ac
be84c005
3e5d3f22
404d4034
bf704069
401e407b
40a7409e
3fa2bf5b
bd813f6e
3fadbffd
4023409a
401a40a2
40db3f12
40bbbf4a
403cbe90
bf2a40cb
3faa403c
3fbabee1
c0213f12
40304005
bf6940a0
407340c0
3f053f7e
40d14049
3ecb3f0f
401e40d3
bf1c3ef6
40aebf49
4107405f
401b40b8
40293f8d
4076409a
40b9bebd
407bbfb5
40273ff8
3fdbbf16
4081c039
40d63f3d
410e3f3e
3f71403c
3f9cc013
3d6c40b7
bf96402d
bf93bf93
3ee74063
3f9cbfd3
40a13fdd
4009bf6f
3ddcbf72
bdcc3f88
4073405d
3f1a4080
40b34038
3fff407f
3f823f81
3f8540b5
40443f58
bfe93f0d
3e643fe9
3f22bf64
4056407f
403f4106
bf133fe8
3eb7bf78
bf7f40ba
405a40e6
4017bfb5
40b63f94
bfe23f9c
bf69407e
bbdd4037
408140cb
4086bffd
bec5be12
40ee3fbb
bf51403e
3cd440a4
401d40d7
40693f4c
c02c404c
400c40ac
3f913dfe
3f9540d5
40bc3f9a
bfd2408e
40033f9c
4068409f
3f263e1f
3fb43fe3
40494075
4009bf96
bfb1bfd6
bff04042
be8c3ff9
407f4010
3fc3bfd0
4011bfb5
bf9a409a
c00c3f5b
40014085
3e643fe1
40834099
40a1c031
c0103fe5
3ded4087
4037400a
3f4a40c0
403940d0
408b400b
40e54084
bf33bfa2
bf5d3fa3
3fa1c014
3fd33fa4
40984067
3f96bf9e
4078be38
4028bd1d
beea3f2f
4098bf6d
bf0740a2
bd83bf74
bffe402b
3ff5bec9
40833fdf
3e96bff7
400a403f
3f3d4091
3f3f4038
40693f72
3f093e11
4004406e
3fd8404a
bffc402e
4047408f
3f833fe7
bf71c01e
bf8940bc
40d54015
40964017
3f433f43
405840b6
3ff540a3
406a403e
40d23e87
bf364004
3fdf4062
40a8bfef
4075bea8
3e4fbf7d
bef740b1
3f48bf1d
3ff64100
3fc93ff5
40edbfb4
3e103fa8
4080402b
bf2cbe69
40cc3ef4
40d24013
3fe8404d
3f0fbfbc
40024101
40414028
40834077
bd87bfe6
408b3f49
bf8b4106
3f0a3f1f
bfb9bf9a
3f8e3fed
3e993eda
409c4062
4044be4a
3e76bfc0
3f2dbd98
404b40ec
4053402e
3e7a3eca
406b4089
3f8440b5
4073bfe6
3f603f39
401f3eb5
c03d400a
bedb402e
3fb4bffd
bf1240cd
bf3cbd66
406c3f90
bebf3fcf
3ffd3f6c
bfb4c037
bea63e30
41033f0c
bf98bf09
3e9bbfb1
40774084
bfdcbf78
3fab3f38
4106407a
3f2740a6
3fe33f11
bf7fbf9f
bfa0bf32
3edf3d54
3cb640b8
40354036
bf1f404b
4058bf4d
403a3fca
3eb5bf0e
3fce4092
3f5f3ed8
4078bec1
40f0bf97
3f7240b9
3c233f2e
404c40f8
407c4036
3cecbf18
3fa54042
3fb84076
bf8040b0
c0124003
40a6bf2e
bee0403f
40263fe0
3fb140b9
40954039
3f85be95
bf22bdf5
bfb440ac
40533fca
40e8402b
40d24074
3f13bfa5
be8f4006
bf8040a8
40be3f8b
3fdb406a
bf57be42
40253e49
409f40a3
408cbf23
bfba3f04
3f86be9f
bfbe40dd
40674100
40b34001
c01abf81
becb40a2
4018408d
bfeabfef
409e3fc9
402c4077
40083fa3
408640d5
403740fd
4042be30
bedc4046
beb94065
40784078
beacc025
3f973fc1
3ff83ee9
3f4f3fc9
407a4017
bf504096
be98400d
40e2beab
be223e11
4053bfcb
408b4083
40933f18
c0353f9c
40393dfc
40893eb1
bf8640a4
bf84bf38
c03cbd70
bf5e401c
3f4bc014
408b40a4
40dcbf07
40093cf6
3ef13f13
3fa2402f
40b9bfb5
3f81bf04
400c3fba
3f8c4077
bf403fa6
3f8340cd
40323fba
be48bd47
bdbd40a3
3fbcbf91
40be40ae
3fc63fac
3ff4bf2a
3e074004
3fa0c011
40a5409c
3fb03f7e
c0254039
3f5e40a8
bebb40d5
becb40a8
becc3fd3
bfc64066
40044005
4028409e
408240ca
bfec4038
409a408c
402f40ae
403cbfa3
40b040ca
40c63f4f
40ebbf82
bf1c4011
405e40dd
bf494053
40434051
bf353f1f
c008bf7f
400340bb
4024bfc9
be13406c
40b4bef4
40a4bdf5
3cad4035
3f21408e
3cc4bfe5
3f9fbf0d
3fc13ed1
4040bf91
40013fde
40af40cb
bfeebf71
40db408c
40173fe8
3fd1404c
bdf4c015
3fdebe8a
bf8c3f14
400ebf07
404d3fb1
bf7d40f7
40c9bf4b
40d44057
3ebf4087
bf2540a0
3f78bf97
4004be9c
40a34011
3e9b3fa5
bd6c406c
40a24009
3fd64010
3f063f75
3f0d4098
3febbf21
3fa23fa1
4061bf1f
40dfbf19
3f1fbe84
3fbf40dd
409e40a6
40244038
4061404e
3f6540a4
408bbed5
3f7cbfb3
3f1e3fd2
c02d401c
bef4bf29
3faabed0
bfb13fca
40ea4016
402d3ff4
3fcdbfac
bf404056
4086bf07
bf0b3f68
bf983eea
40203ee4
408140e1
3fbf4057
bf33bea1
40ef3fdc
3f583f5a
3f7bbf46
40a3c038
bf833feb
40a94079
4006408d
40294041
3fefbf9b
40cc3e09
bf74bf1f
402fbebc
4048bf3d
4011410e
40c5bf02
403f4090
402940a1
3ede4082
beb7bff8
40633f7e
bfe33f9f
3fd3406d
be403e50
4092bfbc
401f3fca
bf193fce
3f9340a4
40103e8d
3f50bf61
c006bf80
406d4059
3f0940b8
405fbff3
406340f1
406b3ec1
408b3fad
3f144018
bf983f06
3fecbf13
40b0bdff
3f554042
bf223fbf
3f5f40e9
bf75bf4b
4080403f
402d4081
3ff23e84
3ff540cd
3fc9400c
be1f3e21
40074083
3c9fbfb1
3f18c00f
40714106
40d8403e
bf5b401f
be9540b0
4050bef8
4089bf73
3ef23f26
bf1c4022
3fcebf99
be4dbfab
408a4078
40114056
40d6be7a
40013feb
bf1ebfd4
405c40ee
407f409f
40353eaa
bfe03faf
3fa140ba
3ca63e8b
408140a9
40513f9a
be53bfa1
3fde3e94
4065405b
bf58beea
3edc3f56
4101be05
3f943f65
3da8bdd6
4010bff2
40d7403f
bffbbf7b
3f113e7c
401140bd
3fa83ff2
3f773f6a
3ffe3fb8
40134094
4001bf43
404c4049
3fbb3c71
4039be6d
bf504086
3f8940e4
40b240a2
bfab3fe2
400e4079
402f40a2
3e993fb5
3f8fc023
40c54026
c0033fe3
3fc740a4
3ff74073
40b140d1
40aa3eaf
bf893fe7
bdcb40be
bd6a40cb
401fbfce
3fc43f36
4095bf8d
bef9bb84
bfb0bf84
3f9abfbc
bf233f6d
3ec8401c
3ee33f6b
40113fdc
40883f7f
40874007
40a7bfba
3fa8bfdb
402240ae
3f06409c
be76be2c
3fca3f17
bf3840be
4085bd13
3f2d4007
c00b3fb2
3f8e4090
40123fd5
3c5f40a2
40164103
40dbbcfa
3ce03efa
3fd3409e
407640a0
40ab4100
3f813efe
40afbf53
3f46408e
405a40a0
40653fc1
c013be37
4101bfbb
3feb408f
bd4e408f
4090c032
406f4035
bf8bbf9d
3f53408e
3f7240ef
405d40ed
3f423f96
40e73fd4
bf414095
404cbf49
bfedc01f
40d5bf6b
3f45401c
3fd040a1
3e3f40b9
bf7340bf
3faa3dde
3fab4052
3fa2be27
3e21c011
3f76410f
40a7bd9e
bff9be59
400d4016
40514030
3fca3fdd
3f7fbf1e
40b5407e
3ffa403c
3f274039
bf9c4103
3f763fed
bfc4408e
bed53f29
3f0e408d
405fbff9
bfa14109
40963fa1
41084065
4024409c
bf973d29
403b410d
40e53ec4
3f8c408e
4034402d
3e4d3f1a
3fce3f19
40053ffa
410f3f87
beccbfff
3fcc40a4
bfd1bf8b
3fad4022
bfdcbf61
3fd940b4
3e133fb8
bdb440d7
bfe0bf4b
40a1bf91
403c3f0e
40904086
3fcebf98
40d23ff2
3fdd3f2b
3fbc408a
408c4051
405f4061
bf75bed3
40ae4054
3fdfbfb7
be9c3fa8
4098c01d
bf763ff1
40b93ef9
40323f89
be41407c
beabbfd4
3f643ea0
40533f7d
400a40b8
405d40b1
3de8c022
bf43be72
c0233f7b
40393fdb
4022bf6e
bec24087
40a73fe0
c03b3f4c
3fa54077
3ed34095
40ab402a
40913fb6
4097402c
bf76bf85
401ebed3
404e40b4
40d9bee6
beaf3f2a
400e4042
4081be8d
3fb240e5
3f89bf18
40a34079
402b4094
4015bf96
3f8bbfb7
40744019
4060408c
3f4dbec0
bf46bfca
3f4ec02c
40c13fb9
3f52402b
3f9f40b1
3dd940d9
408340a0
40703d97
40edbf67
3fbfbfd2
bda5bfb1
3ff140b8
3f6d3f32
41043eed
3f9e4060
bf043f82
be6740dd
3fc74006
c009bfa0
3fe1bfeb
3fedbf09
3ff940dc
40dfbe37
3fdfbf59
3f324083
407ebfbf
3e973f47
3fc43e3c
3fc13fab
401bbc05
3f414081
3f7d3d84
40b73ffa
3f064035
bebabf76
400bbecd
bf26be32
409d3fff
be9b3d52
3fbe4088
bf633e26
3f3440e7
bf194039
bfdd407e
3f98409e
3eb2401a
408b4093
408c4015
40e54016
3fd940a9
bfa53f48
bf6abfd8
3f16406d
beed4038
4061400b
bee040b2
3f6940ba
bfad40f3
bf903fe9
40714049
3f9d40bf
40843fda
409b3fd9
3fa43fc5
40273f4b
bdaebfec
40723f8c
bffd40fb
406a3f6a
c00b408d
bf0f3e60
bf8c4046
3fea4009
40cb3ed2
40d5bfa9
400f3faf
403dbe65
404440ce
3f8dbdde
40f33ff4
bf5e4085
401c402d
bf93400d
40e0be15
c0053f67
3f08bf1c
4027c00f
40654045
c0033fd5
40c94049
3f663f90
bf094065
bffe40e9
3fdb3fec
4074bf58
beb84075
400a40ef
4095bf10
be523e71
3e394035
402fbfe2
bf09bee1
c000be86
c00c3f17
40214051
4000bf1f
408a40cc
40b14079
3f8e3e75
40b8bf8d
400dbf1b
3fcbc013
408540fb
405d3ef1
410cbfb5
bf594071
bf77c00c
bd3240d8
404a3f42
bef9bf84
bf763f17
3f864072
40124102
4016400d
40bc3ed8
3fdd400e
3f064084
3ffc408d
3f754010
bef43f74
403640ba
3fecbf8f
3fa53fbd
be8a4010
c03d403d
be8a3f3c
be9a40ec
3fee40c1
c0013da1
c02a3fc5
401e3e0a
bf07bf42
409340dd
3fba3fbe
40e6beda
3fb24013
bf884064
40ae4013
bf384025
405cbec5
4039bf21
406d40b8
3fb9c036
4024bf0e
410e4056
3f8d4052
405a403f
40b840ad
4091bf10
bf334024
3f7f4024
4059409d
4092bf76
402b4033
410ebf53
3fbf402c
408e40c0
40aa40e5
3f8d401f
40f3402f
3f98401c
bf8040cc
be4e40e1
40c23f3e
4000bc89
3ea73fc5
401c40a5
3ecac010
bfe54005
40b7be68
c002be51
3fc13e1e
bf0abf7d
40584089
40e33ff0
bfffbe98
3f9cbe96
4088408f
beba4028
bff83f9c
c0223ed8
3fac4099
4080bfad
bf9b40ef
40ef403f
bcbfbf55
3eac3f25
bf794053
3ff1bf8a
40904019
c0234053
bed13f46
3ff34047
3fe040b9
bf2bbf12
40834024
3f124078
401b3fee
bfc540b1
3f9dbe87
be9f3c99
3fea4036
3fc24060
bfa5405f
3e92403c
bfab403a
bf424006
be263ed8
3fc340a1
c0043fae
c0264066
bef540ae
bf623f06
3fd8c02a
40a54002
41014053
3c264053
bf9b409e
40a34073
40edbf3b
41034032
bf343ec0
3fd8404d
401740de
40703e93
40bd3e54
3e8d4008
405840dc
bfd44097
bdb83f52
410c405d
3eed40a6
404b40dd
bfbbbe33
be8f3ff9
3fd3bfb3
be684005
40134057
401c4019
409d3fe4
40a8401b
3ffd4082
bfa4bfd1
3fa54100
bfef3fef
40383fee
3fb44095
bfaf3f4e
404440a2
40503fd2
bfb44072
401dbfb8
3f884057
4007407b
3fc33e56
403a4001
bf454023
400740bf
bf1b40f7
bffe4039
3f9e3ff5
3e2bbf92
40544018
40bfbffa
405c400b
406b4035
3ffa40a3
408f40e9
402f4007
40cd3f2d
3ef54090
bf333d4c
4017406f
408840d1
bea6400c
bf873ffa
be623f97
bf81402f
bf97408a
3f48bf29
41093f31
3fc13ffd
4019bfa3
bff1bead
40ee3fee
40bb4067
401dbd92
bfb9c004
bf98409d
404e403d
41014087
40193d15
408240bb
3fd0bf67
bfcf4032
c02e4012
400b3f06
40714085
400e40b7
bff3403f
bfebbf1b
3f09bd1a
bf5e408b
403c40d3
bfe240ce
409fbee1
bf9dbf24
3f1740ae
3ffc40a4
404f3fec
409cbd81
409f3f57
402bbf9a
3efd4060
40b640b1
3f9f401a
40a8bf39
be853ef6
4052bf3a
beee3f90
40e2bf2b
bf814069
3ff940a1
bf3b40cb
3faa4056
40363f26
4007bf55
bf574095
402e4012
bfc73e07
bfcc3fa6
3fa54012
3fc73f8e
407340a9
3fe140a5
3f83401c
3ea6403c
3fc6bec2
bf4440e1
401940fa
40b9be58
40cd4017
3fd83f7e
3ebcbfb2
400140ba
3d524031
40854035
3f3b4002
40014066
4019bf61
40d7bf02
40ec4050
40183f9e
400f40a8
408bc03f
3fc73e9f
bfa34002
3fbcbe9c
3fbc408c
401e40da
3f3f3f5e
406f3f3b
be8fbeb0
bfbec010
40544016
3f893ffa
3fd94047
bf6a4041
3f194054
be8d3fdf
bf8e3f8a
4108be3a
3ead3f03
3fd4406c
3f0d410e
404e3fb3
bfdbbf84
3fe1bfb5
bf4b40c1
3f0abebe
3f774022
41013f26
4005408d
40824070
40abc03b
bfec3f67
402d407e
3d7c3ec5
40893fbb
bf8340a0
40c14025
40be405c
3f21402e
bf6d4019
bf5840f4
bfa13f2c
4067bfae
3fdfbf2d
bf294056
40144067
bfb33e43
c01c3f7e
3f0e4020
4039408b
4060c002
bfe5bf3e
3e373ef3
3fc5407a
408abe49
403040b1
407d4036
41004078
3f9f3feb
404cbf76
3f97c02a
3f8dbe7d
bf66be87
bee54099
405f4057
bd683f75
3fd84003
be6cbfa1
3f80405b
be3e40b4
405d40b0
bf4ebf72
bfb23f12
3ffa4022
3f7e3e9d
bf644097
3fefbf57
40e8bf27
40d2bf11
3fd7bf47
3dad3ff1
bd5a4103
40a13fa9
408cbf24
401240bf
bf7d3f8a
be9240fa
40293f55
410c4086
3d914062
bf10bf81
4070bf7d
40173fb4
4005bf51
3f9f40bf
3f3140c3
beac404b
40e83f72
3f9e4084
40114026
403640a7
3f073f81
40aabe82
beadbfbd
bf50bf7e
3f544067
3f894055
40223f13
40af3f64
3e854086
bf19bfd7
40b53f69
3fbb3e87
bf323f93
3fd5bfe3
bf343ed9
40924081
bff5400e
410f3e60
3ddf40ae
408b4027
40b73ff2
3f453f4f
40bb4033
40103fb3
403240db
3f9540ac
3fc13e8c
3f803f22
3fc0bf75
3fa3408d
4057404e
40c9beca
bfe8bdf7
400f3e72
3e9c40a5
40564065
40e63eef
bfc03ff4
bf414047
400a40c4
bfc8bfff
40083fa2
410e405a
bee93fc0
4084bff6
40a240b5
3f993f4e
3f513f91
40293fda
3f973fd8
bf3640e0
c011bf3a
40b74072
402140a8
bf8d4070
3f5d405e
406a3fa5
4105bede
3fad403d
bf9e4076
405240da
bf7f3eba
405bbf20
40203f74
3e9b40c0
40854105
3eb73fd0
4110bf3f
40203d7d
bfaabf95
4096bc8f
40153fca
bfbcbf8f
3f90409f
408fbfb2
3f2d4110
40653eb7
40b74081
bdc5bfd4
be8140f0
4013c020
40424014
3faabf32
401040a3
3efc4040
4088bfd5
4024bf5e
c03e4055
3fedbf9b
3dec40cf
4096c03e
bffe402f
4053bf92
bf1dbf3a
406840d6
40a9408e
40d0401f
bfaa4034
3fe54026
3f9dbf54
3ea44075
409f3e84
3eae3f36
c03d403e
3cc33fc5
3fb9bfd7
407fbeda
3fab3fad
4105be3e
3ff7be98
bfbf40d5
409e409b
40c23fca
40e93ea8
401e40a7
403740b0
40a1bf03
3e3cbf52
40ec4085
3e343fb1
40283fd7
40794051
40193fe3
4036bf9d
400940b9
3fc14095
3f7d4022
40e53f74
3ebcbf43
40164040
40814032
3fba3f70
bf663ef4
3debbf2d
401740a7
bdfa3f05
bf1e40fb
3fd3bf32
40cd3fff
3dd0beea
3f7e4004
40954107
40e3401a
3fc73fe6
3f303f2a
40464045
bef54106
3f994031
3e8b3f8e
3fb740bb
3ef540b7
40a53f9a
40453fb1
40153fb2
3fb240b6
3ff1409b
3f42410e
40543e25
40b8be90
bed640ac
3f8b3fb8
3fe8402d
3fa54027
bfe8406f
3ffa3fc8
406c40aa
402540d2
4012402b
40d53fb3
3f873fa0
403740b7
3f6b410a
40b73e9a
40fb3fa9
beda4033
403440a3
400940de
400bbf4a
bf0e3fec
3fe4409f
402fbda7
403b4051
40e64007
3fb9bf3e
400b402c
40784011
407c3f39
3f8f3f39
3e343fdb
3f854095
bf1a40f0
40a74097
4009bf46
40283f98
3f29408b
bf764070
40aa3fde
4082bf6c
3f914033
3fe04020
3fb140d6
3f58bf8f
40463f4c
c00e4003
3fd53fd4
4045c010
bef7405e
40c34021
40f5bf70
3fb13ec2
3f9a3f8d
405640f1
4033401f
40833fe5
be1bbff9
3ff040d8
4060becf
40e53fc9
bf994023
bf173f96
40473fcb
3fc240ed
bfbf4038
40e03fc3
3fdf40b6
405b3fc5
bfe5410c
40b44033
40a2bf3d
407c3f87
4009bf44
4040beb6
40a63fba
40023f58
4067bf22
401840af
408cbf00
40bdbf88
3fc2bf14
3ffbbf21
4019bc33
bf81bf93
402c40ad
40e0bf78
40c73f3b
40034092
beb540b4
4086408c
3eea3f25
410bbf7b
3f9e405c
bf99bfad
be09410a
3f9a3e22
40f6408b
4005bd5e
3f46bfde
bf82406a
c0203f8a
402c4006
3fb63f6d
401e40cf
bf654002
40363efd
40264081
3fd6bfa2
40884030
bd1a40ba
40963ffe
be454079
3f3040a3
40803ec7
3eaebfc8
40b8bec3
40ac406b
3f25406a
be874014
40793f96
40d93fd7
3fc03fca
403c3f9c
bf413f81
3f7340fd
4082be7f
40853f5b
3e0c4058
be4bbffe
4025c00d
bf07400c
40b03f02
3cbf4032
3fca4037
40b9c01f
40613fa4
c036be85
3f7d408d
402b407a
40873eb3
3f4dbf29
3f30408c
4020bf06
4068bdd9
3fc9bf65
c00a3fee
400f3f8f
4013bf65
3f00bef2
bfcabfcb
4088be7e
bf1b3f7f
bf2140ad
406fbfc7
4010bfc1
3fde3fc8
40bc4064
3feb3f7f
40673cff
408640f0
402a3fe0
c02c4086
3e84408a
3f594091
bfe63fcc
40953fc3
40db4045
3fb34091
bf4340a9
402540f5
bfa83fa3
bfa9bf5e
3f273fab
4035bf7c
401540d1
bfffbe95
409f4055
3f5ebea1
40653faf
404840c9
3fbc3f8b
c02d3ce8
3e7f3f79
407440d7
3fa0406e
3ff93edc
c0034022
bf514032
407940cf
409740b1
40cabf12
bfc54062
bf334040
406440ae
3e174034
40db4029
3e313ce5
3f464071
3fb1bfed
3f7f3ff2
40aa40bd
40d63e31
bf91be65
bf0740a5
40424060
3fc5410f
3fde400d
4010bdd7
400e4029
bf9640c4
4024c00d
40b23ff3
c02f408c
400d409c
40803ea4
3fd1bed9
40c54011
409f3fcf
3eb9407e
be25407a
40123f91
40783faa
406f3f29
3f37409c
403940a0
40a6c01a
409b3f91
4045403f
3fb13ef2
4028404a
bfa2c00b
bec14026
4101bf86
bec4bf81
40093ff9
40614101
3fbb3f8f
40863f45
be283fc4
3ffe3fe7
be124103
bf8a3f0e
c0393ff2
3f0a409b
400f402a
40004082
3fb6bdf6
409e3f19
3ffc3f3c
408740d0
40ba3ec4
405a3cea
40a33fdd
3ddb40ac
bf2f3fc6
400f4104
40873f4a
402abfb3
be2d40b0
406a3fce
bfee40e7
40994002
41064028
bf7ebfee
3ed74015
3fab408b
40a23ea4
40a83f64
3fe13e3b
3f7fbfb5
401640dc
bf793fcc
c02f3db8
3f394056
3f424084
407b409f
3f0a4030
3fea3f8f
40364034
be6b4001
c000c034
3fa8beba
40c5408d
bf1fbfaf
3dea4090
bfb240c2
3fd44034
40ef3f5c
3eca3f67
405640be
4068407c
3f8a3fc5
bfdcbf09
3f8cbe5b
40823faa
40653fdf
3c4a3ea2
4041bf8e
bd3440b6
4083c009
40ab40c5
40403f8a
41033f6f
40334034
4082409b
407b40c1
40db4018
40dcbe3a
400fbfc9
bea740e6
40a1c03a
408c3ff9
be02beea
4010403c
40743fd0
40b64096
3fb13e59
3fb63f9f
beae4090
bf484083
3fee40e0
4068bf3d
40fdbfbc
bf3b3ecd
3daf40e8
3f3840c6
40ae40e9
c0033fba
400a4074
400c3e83
4019bf95
405b40ee
bf05403a
c02f4015
3fb0400d
3f60405f
3e253ecc
40b43f09
bf9abf55
4004408e
40503ffc
3ff640c8
3f5dbf05
405b404a
40004018
be9240ad
403e40a3
40e13fe4
bf92be74
bf3a3e78
40224048
bfd03e09
3ff2402f
3f333fbe
3fcb4014
40244098
bfe74104
bff6bf71
c008bf38
3fe740b5
bf71407e
408840c9
3f993f99
40143f7c
4015400c
40724045
40a8c003
40df3f90
c0053f9a
3fbb3fdd
3fe9bfa6
3ec0bfef
40edbf1d
bec4bd37
be963fc6
40394054
40054080
be2fbea8
3ef94006
3f904088
4085401e
3da23f28
403abf45
40b74018
403fbff9
bf88bfa7
404a410c
4022403c
410fbf1c
3ff83fb3
3fba4001
40b84022
407f3f4b
41033fe7
3dc74014
3f044008
bf4840d8
3ebb3fe8
bf93406d
40393f78
4002be17
406b3e2f
40abbf5e
3fbebe8d
3fbd40b7
3efe40d3
409b3ea5
bfae4011
40d43fbf
3cff409e
4011beaa
3ed54089
40a33fed
40ac3fb3
40354006
3fd140e3
bf8340ba
40cc4019
40453f52
401b4019
3fa54016
bfaac027
40ac3f79
bf9ebce0
bef03fb2
bf343fa0
3fb1bf97
c0123ffb
410c3fc2
403e3ff2
40193f98
40183ff1
40954008
3fa44059
400f4096
408f3f99
40193efd
3f9b3e92
c015bf9b
3f3e4000
4082bfef
40b04104
c0033f9e
40d63f0c
40224068
bf01bf96
3f023f95
bf6e3f59
bf03405d
3fd54048
3fee40cb
bf0b3f69
bf69403f
409cbe07
405b4026
4026bf8c
402840ca
4015406d
3f8a4008
3fec4017
40323e7f
be9940b0
be01409b
40834027
40de3f27
3febbe96
3f4a40ce
3fe2bfce
3f8cbf59
bfd14030
be10401c
4006bf32
bfd34036
40ed3f9e
bf174018
bf3f40a3
bdcbbfba
3ff23fd9
4085bd3c
bf4c3f48
bf49bfd4
3fa9bf0d
bfcb4035
c0183f85
40a43d71
3f4fbe10
3fb940ef
406ebfa3
40724003
3e413f0f
4024401e
bf1e40c6
3f81402f
bfea3ed0
4102400f
3f85bf87
40134084
405540ef
3df83fe8
bfe43fce
402440ae
40893edc
401b4103
3f6dbf43
40acbd43
bf083fb9
3fcf402d
4045bfec
bf45403a
3fa13ff9
3fc44093
bd90bfa6
40a43eed
3f3a3fea
bfb8407f
40004025
bf83bf49
bfd940f7
40dbbf70
404b402b
beb340a8
3f623feb
400e3f36
3dd24025
3fe73e01
bda8bfab
4061bfd8
40884100
40b03faa
405d3fd0
3f844084
beb73fee
3f5e409f
3ff53f82
40b1bea2
401d4049
bdf740a0
bee9c010
40d13ff8
bfed406d
4006bfca
3f1cbf0f
bfabc00a
be62bd71
40f7407b
bf16bf65
40834056
40533e17
40e8401c
be603fff
401ebffc
bcefbff9
bed24101
3ff13feb
40ad4034
3f6340a3
408dc018
bfa240d0
40c43fed
40a4bf19
bf74be96
bf9540ae
407bbfcf
40e7bf4c
bf68bfbc
400c409b
406840ac
bfc33ed7
3fa1bf2e
41044002
402ebf34
be5b3fbb
407b40c5
bf103f73
be343e88
3f8abddf
3ec23ca8
bfce40b3
40c23fa1
bf41bfb6
3cf9be40
3df2bf56
beba403a
be9c4030
403a3ee6
40243fc5
be1b401f
bf9840e3
408440dc
4044400a
3f59405e
403c3f6c
3e6f3f51
bf823eb7
3d883f97
40d5bfa0
3fbb40ad
beb840ba
4091bf52
be9f3fdb
403d4086
be854023
404d4013
40b040c1
40ea3fad
3d893ede
bd85bde5
3ffb4054
409f402a
3eda3fe0
bff03f5a
3f1f4088
bf91409a
404f3ee3
40d84015
3eb7401f
bf2a403d
3f8f4054
4000c003
40803fff
407d4062
4004bf4e
407c409e
402fc038
40463fc3
40c3bf3b
bf3a3df0
40663e7f
3fe6410f
409e400e
bf7f4042
3ed43e8e
408940b0
407d4105
40ab3fb6
c0154050
bf69be16
bfa13fe4
403d409a
40974016
4087be83
40124056
402540c6
406ec015
4069be03
c0133fad
3fb0402f
400940a5
3fc94094
3bf73f97
bff63f06
3e8e40a5
4008bfde
bfc540ea
40e63fff
3f31bf29
403540bd
40843fff
40a6c02e
40354030
bf363e6f
3fc640b3
408ec007
4036bf37
40883fdd
bf913f37
400d4031
407440e5
4095c015
bf953f5f
40d0bf0c
bf744019
3fd5bf4f
400cbf9c
3efe3fc5
41013f6a
40353f9b
3f7b400d
4022c014
40053f9a
3f68404c
bf0b40bd
3fae40c1
3fcf3ec0
bf83be4f
410d3fb6
3fef40ac
404e3f25
401e40d3
3d3bbe2d
3ff2beca
4035bf8a
3fc94025
40a93ea0
3e99bf5a
c03d3fd9
40234075
bf894016
4067c02f
40604000
40b74035
bee63fcb
401bbf59
bf61402f
402e4035
3e79bf0f
40213ed8
3fae3fec
401e4029
be25bf56
c001bf1a
3e523fc1
bf514014
3f4940e8
bff3402b
bfc53fe9
3fb5bf01
3f623ff8
bd8dc00b
3e2e410a
c0083f9c
40b23e9b
bf0ebfd4
3f843e0f
40b5401a
407c3eb2
40c54077
3edb40b8
4039bf51
405f40b5
40ee3f2c
40e0407a
bf493fdf
3fa4c00c
be263fb9
c0013f27
403c4022
3f8b3fb5
3e30c008
40804110
40bb4013
c022403a
bf573ebb
403e3f8b
3f63be15
bff23ffb
40acbf1c
3f383faa
408740b5
40054039
bf614035
3fdfbfb6
be383f8d
bd944029
40a640e4
bf833eef
3fba3ff4
4023be53
bf88bf67
3e9d40c7
40213e74
3fb93e8a
3e2abf0c
4083c002
40a14088
c01b403c
410cbf6d
3f0f4006
bfb63fa0
4088bf88
40843cdf
3fb44018
bf783f09
bdea408f
40344012
40a13f9a
c0324035
bf5740bb
40444010
40b9409d
c0084039
bf0a4063
bf1abf64
bf58405d
40a7404c
3f943fe0
40e14086
3f9e4064
3ea0bc8c
40074101
bd313f7a
bf9d403b
4023bebf
401d40ea
409c40a1
40ad4010
bf4c3fe1
3fa940a1
3cc43eef
40264105
bff93f68
404abfbb
bee340bc
406e406e
be85be9a
40af3faa
40d43f89
bd3f409f
40303f67
bf2c3fba
40c23f0d
bfb74024
3fdb4099
406a40b7
408fc009
c0203fde
40a2404b
bed84019
3f1d4084
3f913d56
3f8e402a
40973fe5
bebdbf44
40583f9d
bef43fb6
407f3fec
bf2b3e34
bf3ebfde
bfa03f0d
bfbabfc2
3f23bf7c
410e3f3a
bf5c40b3
408f402a
40374061
4038401b
bcc5beb0
