// case 004 k_multiblock - B[128][256] BF16, row stride 512 bytes
// 16384 words, 32-bit each, little-endian memory image
40bf3fe5
c0253f58
bf024085
40413f23
4068bf39
40e6bf74
402abe62
bf224060
3fcb409b
409bc02c
3f35bd70
c002bf3f
bf6c405d
405e4051
bfa1bfc8
4088bf6a
40e54027
bf7240b9
bf163fac
40ae40ac
3ff2403e
40a74015
3e7d3fb8
3f32bffb
bdf2409b
40ec3f15
40f03f82
be6f406b
404c401c
40a0bf33
40033d0a
40053f54
40303f63
3f1240c6
4092beae
bf263ffc
40613e5f
403f40b5
404a40d0
bedd400c
bf433f89
40ca4007
3fda401d
3f6c40bc
beaebfb6
40bf3f1f
4058bf33
3f2c40a3
be894051
3f803fd9
408f3fa6
4088bef8
beef4099
402c405e
3fbb3fdb
be5abf07
4096bfb7
bdb13fce
3f8fbea5
400f405e
40c44015
40ea3f15
3f43bf37
4063bf93
408e40b0
bfbd3fd3
40a3bf6f
bd573cb8
3f744074
407540a7
bef84039
40ab401a
bee940aa
3f8740ae
4092405a
40c8400f
be71bfa4
4001bff7
bfadbf8d
3f913ff2
bfe43fcd
be7f3f14
3eb0408a
405b3ff8
3f9fc004
4099bf2f
41043d16
40313e31
406140bf
403abf1b
bf803f03
40933ffe
3ecc4065
bd4c40d6
4002bf4e
40423fc4
be213c73
401abf37
4038406b
40af402d
40ac3f6f
40ed4014
bf6ebf30
3ed43f32
4022c02e
40973eb9
c00e4048
bf073fc3
4048bfda
bfda4060
bfab3fba
4101bdf3
401c409c
bbb7400d
409d4089
c0184027
40d24021
3ef54013
3faa4096
409440bc
bedd3fa9
40893f8f
3f4240bb
40044077
408840d8
3eff3f87
bfb53fc9
beebbff1
3fde4092
40503fbc
3e4c3f50
40654036
4092bfb4
3f9f3eb0
407b3f29
40ad40c7
40aabeb4
40fdbf13
3ff5be9b
405b4086
3dabbf5a
bedfbd45
41024024
bd364063
401740c6
bfab4018
bf263feb
c03a4065
be16bff0
408cbf35
40b4bd3c
bec63fd9
4001bd83
3f343fee
3fc44056
beb8402e
40c3bf45
410f3ebe
be903f8f
3e58403f
3e1c4086
40293f0f
40f43e95
3e894021
bf7d3fb4
40a44095
3f863ff5
40d63e8b
3f703e83
3fa940cf
403140b1
3ef93fab
3fafbdff
3fae4034
3ece40b1
40bc40b0
407d3fd2
40fe3fc5
3fa240ac
bf8940c9
400fc020
bf9a402f
4108be03
4033bfc7
403e4019
bfb8405b
3f113f9e
bf983fc6
3fc9bfe4
bfa440d2
4029bfb6
40e73faa
40913f9e
3dd640be
4068408c
403340be
be8f3f68
407e4085
3f464057
bf9bbf8c
40b140c7
3f91401f
40aebf9a
3fb1bff9
408740c3
3fe83f53
bfcd4016
40a34066
3f503ff3
4080bff5
40293fb5
bf9e3feb
40b34087
bf3c40a9
40493fb7
409a4006
40d73f38
41034028
bf6e4096
3e6d3fba
40a44081
40b8bec2
40c33f11
3fc8400f
401240a6
40a5c005
409a3fed
40533f0f
bf6e408b
400c3fd9
407d40ea
3fb4403e
4018407c
4035bfec
4037402f
3fed410f
40b83f35
40a1bf9e
bd43402c
3fd5c001
bfa2bee6
bfa13fa8
40a7400c
3f8c40be
be123f9a
bfa2bf3b
bf883fac
40743fc4
402340a0
bf4dbf25
40c040d6
40c93f85
4022408b
3f1c3fc9
3f43bf22
403abd93
402abfaa
40e0befd
3f983fcf
3f8140a0
3e8140c1
403abeb4
40843eea
3e994013
bed3bf8d
3f513e84
bfb0c01d
40d23fe9
c02e4087
401d4033
3f0b4053
409bbfa4
40c5bf65
bec43ed6
3fe04090
bdec404a
409e40b7
40a74009
410a3f9e
3fcd4094
3eaf40ba
405f410f
40b23e7a
40f0401d
3d183fac
3fbb4096
be07c005
40b73fc5
40a63f54
3f80406a
3fdabf04
4061bfa0
4084be2d
40a13e3b
3fe14000
40404099
3ebd40c4
4085bf0a
408dbf92
40143ed7
3feebfd1
3e894090
bf8fbdf4
40d43f44
401a4094
3f3a3f53
bff8bfa3
3e8d3ebc
3e4d3dfe
3fedbf95
40864075
40933f25
40aa3fe8
be15404c
bf233f39
406240ad
3ea7410f
c01ebe89
40c74064
bc874017
3fabbfe2
4087410a
40ad3fd7
40734016
bf1940a8
3ee44036
bff2bf7a
407e400a
40aa3fda
403140bf
3fff40c0
bf1e3e40
bfafbd59
3fbdbf59
bef5405c
be8f402a
40964082
bf194004
40fd4041
400c40a0
bfb93eda
bff640a9
bfad3ffa
408a3fb7
3fcb407c
3fe54082
403c40f5
bed23edf
40933f20
402d40aa
408740b3
409bc018
4095bf42
3f284055
40063edf
4008bf02
40b540e2
40e5bf07
40d6408c
4026405b
3d693fee
3ff93f9b
bfe23fe5
bd344082
3f84bf77
405bbfe1
bfce40e2
bf1d3fbc
3eba406a
4027bfe5
3fd03f2d
409740f9
40913fb1
40f5bea4
3eb63fad
3fecbe58
3e4040e5
3ee04023
4106402f
3d383f5b
bd8440e3
40a7404f
3ffb4011
bfe63f68
c0294055
3fd74097
3f42bdfa
40b43fde
40aabea1
be893ee4
bf26409c
3fb54093
40ad40e4
3f8e3ede
c03abc44
3f844059
bf1abff8
408e4016
3fcd3ddc
4106beae
3e1c40aa
4054bf92
bff140b2
40803fd3
c003404f
402640a9
3fe8408d
bec93fb0
3fac3f88
bfd7400f
3ff03f15
40743ee1
3feb3fc0
40a24039
bf903f7c
3f77bfd1
3e093e6d
bfff40b0
40c93fd0
4100bf0e
3ffe4093
3f833f5e
3ec640b0
bf21becc
bf93bf57
400ebe43
3d24bfd3
402140b2
3fd83e18
c0004035
3fc93f85
3ef24095
402d4033
4020be90
40ff4063
bf0240a7
bfba40ad
3f9c3f97
402f3f3b
409c404b
bf3e3f68
40623f56
bfd8408a
be273f2e
406abf8d
402240b2
bf35bfb5
3ffb40d4
4094bf46
406f4082
beb4bfd8
3f7740ad
400240b9
40063f96
3ffe401a
3fc13f47
408d4082
409a40c7
40d7400b
400ebfa3
3f023f7f
3e514061
40954104
bf863f3f
4091407e
bf383f4e
3ef84067
4005bf27
bfd33fa8
40eebecf
4006bf81
40173ff5
409e3e4d
bd973fef
3ee7403d
3fe24051
bf0c40ca
407e3f5c
3f2f3f98
3fd73f0a
bf0e405e
3f4abeb6
bfb540eb
be44bdd7
40f5bf8c
3f9d404b
400a40bc
bfb040e2
40303ff9
bf81bc0d
3feebf2e
bf2f40ee
3f86bfd2
40cfbf60
bff94026
4016bf81
3f13bf1e
4033c003
c0043ffd
4019407c
40334019
404f409b
bfaf40bc
bf88402e
40973ee3
bda34049
bfac3fc2
3f79bfad
40f0402b
c0344066
3e33be95
be0d401a
bf81403a
3f1240ab
bf1f3fd6
c01ebf5e
3fce400b
404e3f6c
406c3e38
4074bf75
bf814082
bedd4091
4014408f
be83409b
3fb44017
bf12bf85
3f21be55
40803ff8
be273e69
bfa73fda
40873fd7
bf5c3ffb
400f40c4
40a1c030
3f53bdd9
4108404e
3f9e4099
bef73f6b
40a94086
4097bf38
3fea4003
bee84035
401340ab
40a240b2
40a9be5a
40a03fae
bef740ba
be5140e7
40af3fb6
3f86bf71
40614080
3ec03f2a
4062405a
3d9840f6
bf403fe8
40f24015
401140bc
bf984086
3f90c00b
bedcbeea
4083bfac
3e91406e
3fb73f86
409ebfbb
bfec3dc8
406e4068
bed4405d
3f32c01c
3e4e410f
40913f04
c0104070
be8f4063
bded3fdb
4034bfd1
40933f4d
bfb43fd3
3fca3ec1
3ea4bfbd
3fbc40da
40ed3e30
3fcb4070
3e714056
3d6d40d1
3ff3bfea
bc023f38
40544003
40323fef
40704091
400b4103
bfc83e46
3f9d4082
3f103fd2
bfa240c0
4079404e
3d983f4d
40e94031
bf144066
bf7cbdd3
402640c7
400d3e2c
bebb3ffa
403c4074
bf304035
3f7e40e1
40c73f7a
bf1c3ef4
3f8a3ff3
402c4095
404540eb
40b3be0e
4104401e
3e45be3e
4060bf43
3f493fe1
bf943fe0
40b3404a
beb63ffb
be12bfac
4048400b
406abeff
40fabf6b
3f8740bd
bf16c00b
404e4098
40bf3fa3
409abf8c
40363fbf
3dd44084
40a43ec1
c00c3ed5
bf734087
3fc94094
408b4063
402f410e
bffebf29
bfc74069
bcf24088
408940a6
3f5dbe6a
3ff83d7d
40513cb0
4086bf9a
bdb23f27
3fcc40b7
40c0be43
400e4028
c0154074
3e583ef9
bf7140a7
3fdcc039
4081402f
4069bf30
be3b4008
bd0740be
bf684081
bf63be74
41063fa7
3fba40bf
401cbffc
3dcf40a0
40c74023
beafbf42
3ef5408d
408fbf44
3f14410d
bf963ffd
3e8e4062
bf0dbfaf
406fbf47
bf6140de
40d1bf66
408c3efe
3f653fce
3fed40be
be1940cd
3fdabefe
4041bf3d
3f5c4059
404840e4
3fd4c02d
40df3ff0
40c24035
bf4bbf89
3ff0be51
40b44101
40e83f09
c0264064
3f07be79
4026400d
402740ab
40933ff0
40c73e68
bf10bf5a
40083f77
3f88bfd2
402c3fb1
bff1bf96
bf32be56
40084099
3fdd4105
3f0f3fed
41034047
402d4029
3dbfbf3c
bfd840b5
bfe04031
40ce4015
4009bc80
40164036
4086c03f
c01b4026
bf20406e
40263e80
3ef84061
40124031
bfde4006
c02e400b
400240b2
3f063ff0
40623f8c
c01a3f57
40d33edf
40234084
bf8c405c
409340a9
c004be01
c014be33
4019bf22
bf973eb2
3e96408e
406e3e95
3ef53e6a
be6b402d
4087bf8c
3f9b40f2
40aabf31
bdf34048
3fff3f55
3fa8bf54
bf78406f
405a3f98
3c553e16
3e254067
4077402e
40973fbb
407e3f18
3f3a3f4a
bf5b3f93
be4a3f3a
406740d2
40864033
40c83d48
bd8a402f
3e8bbe66
408740c6
4052be0c
40713fd5
3fc6bff9
bf6140de
40804059
4067403f
40203f5d
3eff3ffc
40723eac
409a410c
405bbef9
be133f3e
3fc83fc4
bf5940b1
40694024
402340ef
c003400b
bdb93ed3
bf343ff5
3f9f3fd8
40b73e35
4045bf3b
402f3f9c
401d3bc6
4040bff8
403e408f
40b33f5a
4090be3f
3ead4042
40424007
40873fd7
3fc53f27
bf5cbf4d
becdbfb5
3fd2bf68
409340a1
40933fa4
3f9abf69
4040409c
406f40a4
40464000
40973ee8
40d74024
3feb40bd
4004402c
40844022
406f4019
bcdd3f8e
3ff1bff4
408f3fb3
40a0410c
bf494017
c017407e
3f4d3f9b
3f9ebf11
bea24108
3f8f403b
c0213fea
bf314062
405cbffd
bfebbf9c
bec73f0d
bfc1bfbf
3f2dbdb6
400abff6
40523f57
40173fa6
4094bf8b
3fea40a4
405d3fbb
bfa640a3
bff3401a
40ed4080
3ecd3f82
bf8640a2
3f5ebfab
40b4be02
3f85bef3
3fec40ac
be4140a5
3f564067
407abf46
bfa83bba
40303fee
4038402f
40a2401b
40a4bf71
40054084
3eadbf7c
404f3eca
401dbe34
3c113e28
3f08404c
3f0740bf
406f4088
bf02bfcd
3f313ed7
40e7405e
bf083fa7
4049408a
40a64068
bff83f95
40dd3f3d
3d92408a
4040bf1f
409f3fd8
407bbf3d
bdef408d
be5bbf1c
407240d7
4019410f
40823f1c
40813f87
3ff74094
4005405b
4077c01b
be973e9f
3fffbe9f
3fe340be
3f9f4095
403cc00f
3f5a3e07
41014023
bcff3fdd
3fc1409c
409e409a
40ae3fbb
c009bf0c
bea340bb
40074086
3fd8c003
3f0abbd1
c0363fd3
bec6bffc
3f05bfdc
be8340ef
3f263fef
406d408d
3fe64014
40114066
405dbff0
40703dd4
403ebd9e
3f67bfb0
3fbb40a2
400f3e18
be25402e
bff53f59
3f0c401b
3e4e4074
3ff0bf7d
402e40a5
40134038
40c3bf39
3f9a40a7
3f1b3ebf
4015bfdd
bf9a4007
4105407f
3fcf40a9
3df9407f
3ec8bfb7
3fd53f18
3fcd3ed5
3fd340a3
bf7e40e6
40af40cb
402b4026
410cbfb7
3f3140b5
be9e4067
407a407a
40af3f31
becd404a
3fde4094
3f034015
4016400a
bffbbd02
4103be20
bf5d3fee
3f0a40b7
3e7640ab
40e43fc3
40aabe3e
3ef5c000
3eaabf95
3ff540eb
40d0beb4
bf9a3e73
3f16408f
bfbcbf2c
bf8240c5
40d4401b
4076bfbe
40114092
3eb44065
40824087
bf374010
bf5dbd89
40173fca
4057bf5a
3f9840e2
40334020
40bf3fcc
3fe8be1a
bf9b3ff3
4092c010
bf4a4020
3f9cbf64
400cbdc0
3f0a4031
3f934084
4099be01
4075be82
40263fcb
be864022
3ffec00d
bfb63f3f
c03ebf22
bf0440a1
3e954020
3fa64086
c0063f04
3f103fda
3fb53f1a
befb4088
4062401a
40c73ff6
bec23fdf
3fa7408e
bf65401e
3fbe3fa6
bf4f4019
c033bda4
3f513f1b
bef940cd
4075c036
3f0f3ff5
41083f93
3e7c3cf9
3ee34039
400140f6
405dbec5
bd944078
3f7040b2
406f40d9
be94408c
be8ebf32
c03d3f8c
402ebe98
406bbf62
40a4bf25
40303fbe
408cbe8b
bf603fdd
3f364005
bfef3f0a
40453f3c
c0043fb4
3e893fbc
405f4074
40464043
40293fec
40e7407d
3fd9be8f
404940cf
be8540d1
3d24bf7d
40934061
c0124037
3fa74087
400b408c
40a440ce
40e84009
403bbf98
bf6ebfbd
bf9640d2
bf08bfc7
40a3bc3f
40ff4070
bf2140ba
4017bfdb
bfc640ad
40b2400c
3ed3401b
3ec63fbf
400b3f7e
400cbf04
40a43faa
3e00bf88
3f95402a
4024bfe1
3fe840de
c011bf60
3fd1bfb4
3fd4bebc
4041be97
40b5bfc6
409b3f47
bf7c403e
40263d98
40013f96
3fe340c8
40924036
404f404c
bdc84085
40524076
40b140ad
401cbd63
4105404a
40214020
4033be60
3f864021
408b3f3b
c03e4007
3f993fad
401fbea0
40024100
40cc401c
410a3e02
befa40b0
3f714000
becf40ec
4016400b
40314063
3f7140b3
407640d8
4035bfb0
40a43fed
4105bf69
3fd03ee8
3d89401b
409dbe7d
3fd3bdbe
407f4068
3e483deb
3f0e3fcd
400140fb
3f88be82
40394089
3f594079
3fc340cc
be9b4096
40694040
40a3400d
40254045
bed33f94
406d40eb
40b64038
41003e6f
3fd8bf5b
bcbebc4d
bda84046
bf62bf60
bfed3f93
3fb74017
40494033
3ea24071
40d23f93
bf403b48
3cf240bb
4047c00b
40ac3f25
bff53fcd
bf2f4017
beed409d
40314089
bf66bfa5
c007400d
3e81401d
401ebbb9
408640dd
401bbfbd
bf073f3e
40384088
3ee64089
4060bf83
3e15bf82
40bdbf07
40c73e23
3fea3e18
bef3409f
bfde3fd2
bfe73dab
bf82407f
3fc1bfcd
3c82409b
bf2a3f8e
3f223ef5
bf5e3f62
40144083
403f3edc
3f4e4081
40074011
40d84077
bf5b40b3
bf703fbe
3e6e3fca
403b40e5
3ff43f3f
3fc03f8c
3fd9beec
be913ed2
40813ff7
40e94038
bfb94069
3ff6404d
401c40e5
bf8c4102
40984036
4037bf32
3fed407f
3f2e3fdb
3eef40e2
bf9a401e
4099406e
40234032
3f863e1d
40b0bf7c
40114023
4053bf48
3e833b1a
40003fcf
40053f2f
bf97bf36
3e4cbe5f
401440a9
3fcec00e
401f407f
3ffabe82
3fe5bfbe
400f40bd
3f823f2f
3d94bfb2
bf97bf30
bf1cbe05
bc13beb7
404140b2
409840d6
4053be3f
bfed3fcf
401dbf6b
3f963f88
bf23bf5d
40d4beef
40f64046
40313e5e
405240c6
40ae401f
bfe33fa5
3fdf3d30
3f974008
4007c020
bf8b410d
3fe23ff0
40763f18
3e634056
405140a7
3f78bfb4
bfe73fb3
4068bf31
3e4a3f90
4076bd65
3f363fd8
4084bf38
bffebe5a
3e6940bb
bfb240d4
4019bfd2
be173ff4
40d03fa7
3f1bbf21
bf81401f
bc233eb8
bbc2bd21
40f93f05
3f513e4c
408abff4
bf4f4109
40844032
3e0b4082
bf5bbf91
3e04405a
bff6407a
c011be2a
41103f7e
3fde40a5
bf123fd1
bffd40e0
3f65bf2d
40ca3fa9
40284039
3f8240ad
bf654108
bfa43fbb
409ebf81
3fe43f9f
404bbf1a
3ec040dd
beca3f73
3f574080
3f8e4061
3f0ebff7
406a4062
3fc14004
bdbf3e79
3fb4408d
3ec53fd7
404f40de
3fe93f52
40c23f84
3f8940a5
3ffe40eb
bfeb40ad
3f043e39
40f53e98
3ffbbfaf
bf1740d9
406c4109
3fdf3ed7
c03b400b
3fe74055
be60409a
bf5f40b5
c0034023
bf913edc
c03a3f58
4027beaa
40773ed2
3e004105
402b403f
3f8ebfa7
3f9e3c85
4006403a
40a8bde8
40434021
40f4bf6c
3fd33f05
3fc6c00d
40093ed7
bfb43f79
406fbe29
bf1abf56
3ffc40ec
3f63bed5
40d73ea4
4031bf20
3ef93fd2
408440ba
40bd3fb3
3f764037
407e3f9e
400c4061
3f1dbf85
4056c004
40ee4033
3c444003
3ffa40a2
404bbe55
40bd410d
40233e2a
bf36be66
3fc73cc7
3f20bfe7
bfd0bf80
bfa6bf2d
3eed4036
3f7b40a3
3eac408f
408640b9
4050403c
beb03ffe
3ffe40a4
bf2d3f10
40983e22
40e03ebe
41084086
3f46bfac
403d3dd4
403f4089
3fdd4017
4110bf9d
be4e40b3
bf8440db
40073fb3
40e64000
401e4068
3e5fbe51
407f4059
bfae40d7
40ec3f98
c03b3f6c
bf463f47
3fa840db
40b340c5
c01c4007
c012bf49
beda3fd4
4063bde1
40a54044
40eabec1
40bc3fc8
402bbf23
406240cb
bf17bf13
bf4f3f3f
3f7c404c
402c3ecf
bf9a40b8
4060c005
40a1400a
bf42bfbb
3f2bbfcb
3e54406d
3f9740ff
4098bceb
c0234002
3fe53fbd
40523f03
bece40b3
bf7c402b
404e3f79
402c4024
bf6440b2
404940b2
c0203def
3d834006
4022406d
bfa03f0a
4015bf9e
40024036
40b63f8f
3fc9bfee
408f405b
be8a40e1
3f814005
41034034
bd464044
3f9f3f17
4043bec0
4016beb8
c017bfb9
4032bf85
3fec3f48
4071410b
bfeb3f60
bfa84058
40103fbc
3f1b40b0
3fc2400c
bfb83e9c
bf32be02
befa4095
3f1240b7
4088bfdb
4017bf5d
403bbf45
bff0bf83
3fb44029
3f0c3fcf
401540e1
402a3fca
c029bf85
3f6dbf88
bf0c3fae
40633fe9
40203fcf
beb84032
3fa3bebf
40773fb9
402040f7
bfdfbf17
40df4070
403340ba
4066bd78
3ff2bf8c
bd803fe3
3d06404a
3fa3bf9c
bf22be8e
3fc540bf
40debf3f
3fd3bf14
bd73408a
40083fd3
3fb43f97
40503e4b
40b8401c
40194037
408d4014
40384015
40a43fe9
40904083
3f963f98
3e3640d0
3f4b40d9
40543fa2
bfff3ffa
bf68bf64
bf94bfc0
3e06401a
40a23eff
bfcf3e49
3f93407b
4019bf39
406a40d9
409b3e49
bfda4037
bdba3eca
40854009
3fa540df
3f8d3ed3
3d7cbdf9
400ebf8e
3fec3f59
4096bf14
3f983f85
4108408f
bf414025
3f8840d6
bfcb4001
40ca3f90
40803fbd
bf56bf56
404240ca
407ebf99
3f3abce2
41054070
3fc1bf0c
40864012
3febc013
bf03bf3c
410bbd09
3f824063
3fa840cb
40af3fdb
bef0bf44
4091beb7
3ef63f19
3f9c3d39
bf9d4082
3fc23fd2
409d407a
403dbf6e
40064082
bffe3fbc
3f433e4d
40ed3e9e
3faf4022
3fbf40c4
bfe63fdc
408b4027
40e7bf5a
403140b3
3f4640ae
bfc63fbf
40ee3fc2
40ae3fff
bef33fa2
3ff4bf30
40253fa1
4077403d
40e24081
3fd03f36
3f174030
bfd5bfcd
bf354010
3fa1bef9
3f0abfdd
bf8e40e4
406740e1
409b3f8a
406c3fea
bec53fb9
bf133f82
406f40d0
bf78bf71
3f643f8f
401dbf8c
405840e0
3f9b40a4
40a73fea
bd753e33
c02d3ec4
3f6abffd
bf414085
3fa640b7
bdef4038
bd6dbf85
3ec5406c
408b4057
401dbedf
400f3f54
4084405c
bf5d406a
3fefbf8a
40b840be
40844034
40983ff4
3fbc40a8
3fc33f40
40b63f93
401e4026
c03b4044
bf3f401c
4072409d
be54bf6e
40753f80
40e94055
403c4005
3ffd4002
406e4009
40423fa7
be8f3fe2
3f213f9a
40744036
bd2d4110
bfcb402c
3f244081
3ebe3f7e
bfa53f40
3e8840bb
40943f90
3fd33fec
4027bd6d
40853fa1
40bc4102
c00abe09
bfa9bf31
3fd8408e
401f4009
3eb43dae
407d400c
40c13fa7
bf29402a
3f9cbc24
40bf400e
40be3dbf
40b64000
3eedbfa8
beebbf8b
408940c8
40a1402f
40e7bf1f
400c407f
402b3fbf
bf9940ac
4040bf6d
3ea14023
40354093
bf444001
bedcbf92
40af3f33
40d7bfa6
3f81409a
3f0e409b
bea3408f
4093bd84
4076bf68
3e9e4045
3e72bdcb
3f6a40d7
bf704008
bf3cbede
3f9a40bc
40323fe2
bfcbbf92
409bbbf1
405cbf30
beb34058
4078bf37
405a40b5
c018becd
3ecf4067
be454049
3fd9bf94
4052bdcb
40873ff5
40eb3f5c
3ffd3fe8
bfc0becc
3ffb3f0e
40bf3f3c
410dbf0f
3f29406e
405e404d
bfdf3f39
bfd44038
40c63f09
3e27408f
3f763f04
3f2340d1
40b4400a
3fee3d76
bf02bfd5
3ff540ee
40344063
40683fc3
40f5404f
3fd63f5f
408840a2
bfff3fef
40b8bcbd
bda9404c
4035be96
403640a1
40a4bff2
bfee3f9c
c01b4085
40ed3fca
bf3140b2
40753f10
40b640c0
408d4018
40323fce
3feabfee
bf9c4049
4048407d
40254002
3f5a3f73
3de0400a
3fafbfa9
40b94097
bf38bf0c
41043fec
bdd63fe3
bfa640bb
40353ff0
40474019
40babf09
bd04408b
3ffd4056
403d403d
3f333e81
3e434014
3cbd3f81
40874021
bd8c3f81
3f774027
410a4088
40274094
3eba4013
402bc029
406ebf30
40914018
bece4088
3fc13fd3
40af409c
40bfbf3f
bec23ffc
403abf98
3f2c4096
bf78be61
40c2bed4
bf01405b
3fc44071
4064be11
3f394002
40863fbe
410e3e2e
3f843fb3
402ebfec
401a3f7f
405d4028
40d04012
3ea2bfd9
3d01bf4c
3fec4088
bdfe4012
3fc0408d
bf21bf67
404f40ca
3f7940df
bd96bf02
40a1be74
400b3ece
4066bfa7
be91bf96
40013fbb
c01a407a
40174095
3fde3fa3
bed540e9
408cbf00
3fd34085
3ef4bf44
4075beca
3f08bc0d
40e93fab
406c3fe5
3e363ecd
bd95401a
404c3e7b
405e402a
c0223e8e
bf49bf98
be894036
3f7140d0
404e400f
40b5403f
3fdd3fbb
40724036
40654010
40eabee6
410fbe61
3fe13fb8
403d401e
400a40af
bfcf4004
40df4074
3e22408d
3fe33fd2
403740c6
3ea1bdd1
40134049
bed3bf7b
bf3740d2
3fb64080
40ed3fff
40e93fea
bf0b4053
4029407a
403340c8
c0054033
409e3f97
401940ba
3f9f40d5
402d4007
be90bf28
bf394047
be3cbedd
40494097
40a9c015
40a5bf5c
40f84041
4006bf40
bf8a40b9
405a40cf
bd23bf2a
40b8be5a
3fe63fca
3fde406d
40413f18
40113fe2
405b4003
c0023fcb
3f80bdf7
3f2e4008
bf0d40ef
3ff13c3d
410b408a
3f4d4024
bf90c01c
3f93beaa
40784007
40263fba
bea44064
4061bfee
be9b3fb1
40933ffd
401abba1
be82405e
4000402c
bfa23f16
bfbcbc90
bf76bf3e
40124096
3f5a40a9
40ac40ca
bef3403e
c0364069
3d8b4010
40694061
40bb409a
40203ff0
3f924051
40034022
3fed40e0
3fec4086
3fd33f98
3f8d3eea
3feabf2c
406240a6
bfcdbfaa
40b8bdaf
bd3fbf69
3f9940b5
400240bc
3f5140c5
4080be4b
bfb53f47
bf203e31
bdbbbe19
40bbbfa2
bdbf4037
3f854081
bf4ebf03
beb84097
bfa640de
3f7cbed3
40334083
bf71401c
4061bfff
4093bf97
bebd3ec1
40abbfa9
bf733f43
4067bf4c
4092c037
3fa83f39
40e23ff3
3ebd4014
408c3fc1
3e424037
40923f55
40afbc84
402b407f
407b408e
3ff6408d
40b2bf43
40f84003
3fbb407b
4006c01e
407f40a1
beb6bf1a
4109bf67
bf764085
405240aa
406ebfe5
bf9dbf6e
409cbfa5
3e5cbe52
3fa9c01a
bfe6bfbf
40ba3ffb
bfd3bfa4
4014405c
3dcfbf7f
3f913fcc
beae3fd3
40984074
3fd83f0a
400740b1
401940d4
40bcbefe
40f54087
4036bf10
4071408f
bf8f4058
bf1f402e
40f74089
4008409d
bf8440c8
40394109
4096bf52
bffd4042
4039408b
400c40ee
40b63e79
3db13f07
40d0402e
40053ffe
402e3fd1
403bbf6f
40e8bf5d
4095403c
bfb1bef6
3eefbfb7
3f7240ac
407a40ca
4029beab
4097408d
3fc33f1d
4053bfc2
3f5dbe40
3f454036
40673e4e
3d83bf39
3f9140af
bd2f4105
4091bf58
40d3bf44
beeb3fd6
40444010
3e71bf3d
3fee3c4b
3f443f65
3f043fc7
403ebfa2
3fd440d6
bf8d3ffd
bfeb3f3f
bf00bf94
3f6c40d0
40594083
40b33fbd
40ae3f49
3f9d3f5a
3f7cbfb4
3f9c40ea
bfcb4001
408b4084
3f2cbfe7
be1740eb
408640d6
40e93d8b
40e84014
3ff93e05
bf2a3f45
40bdbf75
40e1bf1d
40be405e
4035bfd5
408d40a0
3fec4067
408ebe32
bf814001
3f8bbfa7
4078c00b
3f9f410c
407f3fca
c0194038
3f833e33
402440d4
40973e34
405dbf19
40a3be70
40133af2
406040c6
407b40ae
3f163fdb
40bd4042
40193f60
40054003
4086404d
3f363f4e
bfa8402f
3f1cbf25
bf9e3fbc
40b8403e
3fe03db4
40b13fe1
402bbf8b
406cbec0
4045c02c
4006bf0c
4066406d
3fbf3ff0
407940eb
401ebfe9
bfd73fce
40323f33
3fa8bee5
40454056
400a4036
404f4036
40213e81
4023407d
bfb83d1f
3e8f4056
40563fd5
40753df0
3f1bbeba
3dee40e1
408a402d
40bd3f1e
3ffe3fa3
3fc4408d
3f8940df
3ff440da
40b94019
40723f91
bf5140b9
3e3c3ff5
3f98404e
40efbeeb
40d7408d
3fedbfa2
bf2a4023
409f40a1
4081be1a
40184030
40084003
3f11402d
400440c0
bf304022
bf4dbf2a
bf483fd0
be6f40cf
3fbf40ac
3c473fe6
c024bf83
3fba4047
3f9640a7
408ec011
408e3e67
beaebf52
40e0bf3c
4038bfec
3f244035
bfd840ce
4096bf1b
bfda3fdc
40214095
3eb9c000
3c6f3fc1
40383e6c
40ecbf6e
3fd0401b
bea23f06
40723eb1
3f1b3fe7
40b6bd48
402f409b
3f004066
4054409d
40193f87
40b5befc
402fbf77
40234034
3ffac010
40db4033
3e65407e
3fc540ad
40054016
3fac4087
40683fed
4073bd81
3f76bf1f
404640e3
400440db
40d8400f
408c400e
3f94bf8d
bf11bef0
409f3eb6
3fbb4004
3e0b3fd0
3fe73fdd
3fdd3fc8
401ebf8c
3f23bea2
41043e9b
4018404b
3fe940dc
4059408b
40b9bf12
3d993ee8
bf4c4015
4047bfc9
3fec3fa0
4096be6b
4003be53
3fefbfea
4000bfc4
403a40f2
40eb3fc3
4095bcf6
3edebf55
3ea840c7
3e914104
4024bf0a
40394051
bef440b7
4038407d
40513e26
bd213f4e
c0114041
3e8040ab
bee8bf8d
40b84060
3f23bf4d
3fc8408c
403c407a
4087c00a
40abc02c
40c3403c
4031bfb0
be38bed9
3f13be13
3fc440f1
403abf0a
3f953fe5
3d22bf1b
40244099
3fe13fea
4091401d
3fb34005
be223fcc
bf3fc003
4023c010
40933f88
3e324066
3f6dbff3
40574066
407a4104
bf163dc9
406f3e82
bf7d3f6a
bf5240ec
401ebf56
40984023
40da3f93
403f40b9
bf9ebfb3
40ba3ff9
3ecebd6f
be134051
3fde407e
3fe83fac
40a2c033
40b13ff9
c0283e6e
3f38409f
3f9140ba
bfee40cb
be5fbf6a
3f194087
be244039
3f874064
3d66be9b
40b6bf61
40934035
b9a7406d
bf3040ba
3ee84013
4012410b
409e3fb5
3e8e4054
3fe6bed9
3f29bf72
3f0c3f83
40833f8a
3fff407d
3fdf40a8
3f9540ae
3fab40ff
c00ebf0c
4077be5b
bf07404f
407e4007
40554011
bfc64012
40febd8b
3fbb400b
407840da
40123fc9
40a84039
bf8b3f6d
bf3dbff3
3d9b40d6
4022bf34
40ac400e
40a9be96
3faf40bf
4031404c
409540d6
40e43fa9
40fa402d
4019406f
befe3f4c
3f693e04
40054017
407d3f57
403b4077
4069bf9e
4028be9d
40994007
3ff23f41
3f8e3f12
3fb4c020
4089407b
3f343e27
401e4017
3de1401b
bf42c007
4074c029
406a3fd1
3ffa3f84
3eac3ee3
407a4071
bf594076
bfc0bf03
c029408a
3fd14095
4057bf9d
be8cc004
4070bee4
bfa83f96
400c40bb
3f3f3e9e
4000bf6d
bff03ffd
40ad4034
3fc83f88
3f14bfad
3ffa4080
3f75401e
40dabfa4
3fbb4080
bf21407e
3f8d3fb0
bfca3ff7
bf8d404f
3ef2bf0d
4059bf35
bff14076
3f893ec3
be4e3fb9
3f6040b2
408c4024
3f87408e
beb93ffd
3f794014
402b3f9d
be943ea9
3fb1405f
40c83ffd
3f443ef4
402540a7
408a40af
bf6b40dd
bf08400f
3e2a4068
3f9c4024
406a3dcf
3f0c40ba
3e2a3faf
400b3ea5
402f40af
bee03fd9
bf964105
bf8b4030
40d53fe6
bed13f5a
bf5040dd
bff23ee0
40333fdb
4106bf92
3f58bfab
400640ed
3f77bfe8
40c8bf1d
c036406d
3ff53f84
408d4088
407340c0
bee0402f
40774062
40633dd8
4018bf11
40163d47
bea340e7
bf744008
40954060
beaf4063
40274046
40b84079
3fa1be92
3ff2bf4c
3f483ee2
4020407b
bed7becd
3dbcbef4
3fb2bedc
bef640af
40143e79
409640bc
406a4022
410c4088
3f843efe
400d4096
bcfdc002
408f401a
41074023
3ffc4086
3f91bf3a
be324018
40c63fc6
401ebec7
bf013f6e
3e904031
406040e4
40b23f60
407f4025
40193fb4
40854029
3f913fa2
40b93ffd
4008bf24
bf203fdf
404bbf4a
408d40f4
beb13f81
3fb33fb9
3fbc4062
bfb1bebe
406d40bf
3dff4019
3e884081
3dd540a3
408440da
40a94019
bfa33f26
3ff13e6b
bf15bfae
405f3f10
3e31bfee
3f2d3f86
40fbbfa3
3f9f4054
40423fbf
3fba4103
3f823fbb
bf42bf95
be1b405e
40394091
3f234052
3f70bda7
40e73fcc
400f4035
3fc040bd
401f4017
bfc13f40
bec24030
3f943f80
bf064032
3f71405c
40d6be86
3ef94024
400740b4
3edd3ed6
bf91c012
bfa43fb1
bed04028
3fcdbfdd
3f3d40a9
408d40e5
40563d2a
40d5401a
3fd33fb4
404c3f1f
40324100
bfbe3e48
40ba3f7f
4003bf6a
40254077
4021406f
3ff03ef9
40183f42
3ffd40b0
40354081
3fb2c00a
4034bcfb
40e94040
3f7d4038
bf894080
bfbf4044
3fdc4014
c03d402e
3f98402a
3fb24091
bf9c4094
40b53ff3
bffe3f9a
bf793fe0
408d3fc9
403140c2
bf884011
405c408b
3e7d403e
4080405c
3fcf4077
40033f96
40da3f91
4004bfda
3f8bbfa3
40893f00
40bb3fb8
bfdf403e
4001bf79
be95bf9e
3f144034
40044042
40e44038
bf89bef7
3ff63ee4
404240c7
3fdc40f9
409ebf17
40ff400b
40194049
40473f3e
bff9bfb0
becf3f67
c030bfbf
bd02409d
40224081
40b6409d
c0154028
40d73fc9
3ed93cb1
3f6d4053
40b640bc
40a7402e
3fb6bf9e
be14beca
bf953f01
409b40ea
becfbf47
c03ebf0a
40173f86
403ebffa
bfcf4009
bf923f85
4101bf9b
3f683f75
407e40e2
bf1840b6
403b3ff7
bf704055
be263f99
bf99404b
401e3eec
c013bf20
4018bf31
bf52400b
3f764096
40b340b7
402dbf0d
3fc94047
401ebd9a
4078bedf
403140ae
40eabf2c
3eff4018
be9f3fde
3ec0bfb5
40b240a3
3edd4009
402d3f14
3eed4066
409040d7
4014bfb3
bfef3fdb
40ed4084
bf0c4014
3fc1403c
3fbfbfff
4098bf5d
40b9404e
3e664096
405d400e
40a43fe2
407c403f
40f7bd1b
403040b1
bf8bbf8c
4065bfbb
409e3f57
3fbfbe98
40164032
3fa6bf58
409ebe97
40d3bf38
bfb13d25
401c3e44
3f893e93
40b13feb
c0033f3b
40ecbf6d
3e60401e
40363f92
404f40ca
40714003
40723f26
3ea33fc5
40814084
bf23402c
40d53cd2
bd38bfab
401a3ed6
3e2e40c3
40a840c2
bdd83f2d
40b83fb7
400b401b
4081bf96
3fa64098
40a73ed4
3fd8407e
3fdcbfe4
3f88c006
3f714108
40c9be42
410e3fd0
3fb6bf5c
3f08bfc3
3e5fbfc4
3f914016
3fe94045
be44bf9f
be414090
bfaa3e76
be963f9f
40903fe8
40f93e31
3f6d3fbd
3fe33e74
40434105
408d3f02
4004bf3f
400c40b4
bf924041
40bfbe85
40cc4030
bfe03eaf
3fb440c0
bf8c40aa
40094007
40d33f9e
40724008
400b4090
405b402d
bf5440bc
4092400c
bf15bf84
3e933ebc
bf42be55
40bb4108
406f3fa4
bf343fbc
3f963e88
3f253f81
4001bf94
3efe403c
bfa7bf16
3fdb4070
40293fe7
40b2bfb8
409f3cb8
3ef64008
400cbf9c
bf9540c7
40284091
3fe64017
40663fdd
bf60407c
beb73f5f
40513ed2
3f803efe
c0373fe9
3faa40b8
bdf23f98
3f653ff1
40c13fc3
bf883ff0
bf7f3e81
3fcfbe4e
4091bea3
3ebd3edb
40523fd5
3e84bf5e
3dae3f21
40933f04
40893cce
408dbf33
40293f98
4077bfca
407f4034
40184003
4086400f
bea940a6
40464072
3fbc40ce
40d5be85
41013eb2
bf073d51
bfae4040
3fb640b1
c0073f9b
40984084
3fb73fb5
404e3eb7
40a140aa
c00b4010
401f407a
3fc63f9d
405f405b
3fec40f0
409dbeac
40f94042
4033406b
40484088
4031406f
bfcb3f82
41084009
bf643f9e
befdbfaf
bfc8c009
bfbc4035
4076406f
40103e6e
4009bf79
be3740ee
c0193f8c
40efbe92
403c40a2
40824012
bfa14089
40ac3ee0
40753f89
bf77bf2b
3f6e40b5
4066bfad
40853e4b
4089bf6b
bd09400d
3f09408e
bffd4108
40d24008
bfb74056
3fc440a5
bf3c40dd
404e3f93
bfeebef9
3f944030
401240be
3fd240bd
40aebea0
bf84401e
40943ff8
4029bf9d
3f7d400e
404b3fac
409040df
40c34013
4077405b
401b3f42
40853fd7
bf3b40ad
3f973b23
bf9ebf70
3fab40a3
bf6e402c
408abfc5
4026befa
400c405e
40033d95
406340a8
4092408b
40e23fa1
3fd74050
3fbe4029
3fb740ea
403b40c9
3fa7400a
40f4408e
bf1e4084
40253fb1
4004bfbf
405a402c
409bbfab
bf0cbf9a
bfb43f98
bff8bf71
3f823bdf
3e9f4065
3f543f98
3fcc4057
40854037
40d83fb6
4078bf24
4002bfa5
4077401a
40634104
40ac4038
40fc3f9b
becf4034
406ac00a
3f9b4035
c00d401e
40cc4059
be97bde3
40333f21
4055bf70
40cb4023
3f264025
403c40be
bf704056
4050405c
3f294030
bdf54001
3fdf40ba
3d973f9c
405f3f82
3fcabf14
40ed4041
3d86bfeb
bf8440ac
bfab40a4
40aa4004
4079bf98
401f40b3
401dc014
405540dd
c0013f97
40453f84
3ecc4084
bf4e4060
3f1e40ed
3fa33e97
4104bf57
3da74090
404d3ec0
bebac015
bf624038
3fbfbfa3
3f033ff1
3fac40d9
bffb4092
c0063f98
be834006
40394032
400a3e1e
4033bfed
3ec63f96
4041407b
3eab4034
bfa74096
3f564109
c0153f2d
c00abfbc
400940b6
40904030
be5b3ecf
3fe23fc7
c03d3f1a
bed23e2c
3fc54094
bed94045
40d83fc4
40b63fb9
befb4084
40653f86
40ba4109
40413f41
410e3f28
3ee94032
401540d6
409a40a9
40a23feb
bfb33f9a
400cbd8f
3f30404b
40953f36
bfde4032
40903f58
3cd53e65
3ffb407a
3ffd4106
408c410e
3f7ebe03
4085404e
403040b8
407b40dd
3faf3edd
bf673fe0
40a8be12
bf6040a4
404a40a5
40333fc0
c002bf28
40acbeb0
3fb83dfd
be36bd0e
40a2bfd9
40193ffa
3f974072
bee5401b
3f734086
40b34045
403abf70
3f794087
400f4051
bf1f4077
40b740fc
40193f83
bf75401f
3f7bbf10
40874016
3e1e3ffd
c0084007
41013edd
bf69bf41
407f400b
406940a7
4077bf26
3eb34000
bf38407c
408b405e
40824073
4078bf6b
bf214026
3f093f81
4088405e
409fbfb6
bffc3fa8
40774042
be613fc6
3d874091
40053fc5
3ecbbe9e
3e464065
3f684037
bfa73fad
40843f44
40d4bf17
40d53ffb
3f77409d
3f1f3f4b
40854107
40c3403f
407bbf0d
4010408f
bf374046
bfee406e
40c4bebb
402a4076
be85bf82
3f9bc00b
40384080
3f9a4012
40594020
401140ba
407f40eb
404e3f2f
40824011
3dc04049
401f4071
3fa0bfc5
3fc7404d
3f374020
3dfc400a
3fe33feb
bebc405c
3fb24085
c00f3f53
bf254031
3f1d3ea1
bfa13e7c
3f99c00f
bee83cb2
3da4be6b
3e3a3f2a
bf884005
bfbe40ca
40713ffc
40043ff9
403c40b7
3f574090
4089c00c
40be4012
3d143fc7
3edbbfe7
3ebd4088
3f463ec1
40adbf44
407d406d
3f7b4029
bf17be93
bdfd40c0
3f643fb7
4075405d
bdc14086
bf9540da
408d3f7f
bfa13f50
40dc3fb7
3eec407e
408c403f
406b4009
c01dbf66
40b34085
3ed94045
bf5840b8
403640bf
3f884002
4107bcff
bfd04083
3f953ed4
bfbfbf7e
4064bf88
c00a3fab
4088bf31
3f2fbfd6
3f4a40c2
40bb40da
4022400e
bffa3f99
be2c4063
4085bfed
3f0b40d7
bf244008
403b3fd4
3cfe4039
4015401f
408a40c7
402d3dc2
c0023ee5
3fc44036
40864039
408b404c
3fee4028
410c403f
3f2e4089
3fd640c6
4053bf44
3dec3e92
40b0beac
be50be9d
bf2d3fe7
bf683f03
40264018
c0194073
403a4002
40714009
3fc1400e
bfb63fa7
3f90bf2e
3decbfb3
bf06bf84
bfbc405e
40d23f88
40c63f83
401940b1
404b3f68
405f40d3
40ebbf39
bfd33fe7
3f494015
3fe5409d
3f9240f8
40d84024
40ca407f
3fef3d99
3fd1400c
40bb40cf
4016402b
40d9bf8b
3f944083
3e0abff6
408d4030
40be3ff8
405cbf59
3f9bbf59
40043f8a
bf1140c8
40c03f35
c0224087
403b3f4b
4030406a
40aa40de
40d83edf
40884083
beec4087
3e2f3e4d
408540ac
bf9fbdf7
bf004087
bf3d3f3b
3ecb40a8
bdb9408f
3f893ef3
40553f17
401d4015
404840d4
409b409e
40aa3eca
40d83e75
bf683ff9
4036408f
3fc0bf5f
40bc3f53
40e6402c
3f22409f
3fa53f64
bf85c039
bfa9bd92
4086be8e
4017be23
bd2e3da8
bf95bfde
40ba400b
41094012
bee04040
40813f48
40b3bf36
3f6a402d
40d93ded
4013bec9
408f3f4c
3fa4bfc4
40173f79
bf83408a
3fbe40b0
3f1dbf6f
40b740fb
40c74003
40b1bfb0
bb603f5a
408a4092
401c410a
3ffdbee3
41094013
bf17bfe7
40303f8d
405ec012
40b340c4
bfa54001
40e5be4a
40074099
beb040df
bdfd40d4
3f8f3f10
c03e4033
3fbf3ff0
402bbfb3
bdf43fee
40eebe0c
bfdd3fa8
be9dbf50
3cc13fa1
40a2bf9c
4081402c
4105beaf
3f954049
3fec400b
3fcc3eac
40af4028
40703ed8
be6c4079
bf27bf0a
3fa73f02
405b3fb0
3f804089
3fc24091
408440d0
404b40a7
bfbe4006
3f944074
3fe8bfa6
bf313f87
bfa9bed8
40a43ed2
3e434027
402d3e94
40753fd3
4015be62
40503f86
bfadbf4f
40014036
3ecd40ae
403240b9
3fe2bf13
40e1404a
3ff2406f
405d3e96
408cbf23
bff63f5a
403bbe6f
3f30bec5
406cbf87
4044bf23
3fe93e9a
3f66bf7e
401e3f2c
40414079
bfc140b0
3e83bf09
c0363f58
40184019
bf08401c
403740f8
3f3f4004
3f4c407e
400cbf4b
3fe53fa2
405d40cf
bf9f3f0b
40c0bfbc
4004bf90
40634008
bf454025
3fb5becb
40dc3f85
3f4e3fe5
408040d3
4061403e
409dbee2
40b1407a
3f2dbea9
40034070
bf0e4076
40ddbf7f
c0193f8b
be03bec1
408940dc
3eba409e
40dc4002
40ca4022
bf48bfa6
3fd44058
408240ce
40013db7
3f0d4090
40284067
bf2340e7
bf0c4084
407f3fea
4064404e
3dcf3ebb
405f40ca
404a40e5
3fb4bf13
40174035
bf6a40aa
3fc6c003
405140b2
3f8d400a
400e3ff4
be8c4036
4012404e
3ff0bfa3
40bd400d
3fc6bf29
3fdabff0
3ffbbff0
405cbe93
4012bf43
40abbf70
3f59402d
3e0540be
403940e2
40c43fb9
408abf4e
3fd93f8b
4002405a
bf194092
40b4bfd0
40493ee5
40913fc3
3ffc3fbb
bf2d4000
402c4083
40b2401c
c0184056
3f864092
bf1c40e2
bf65c00b
40303fb7
40de4079
400d3fad
40183f74
409940e5
bfc2401d
bf4ebe04
40293fb9
bf4f3fe3
40bc4107
be1d3fad
3fe3bef5
4030bef1
be483f10
40b44000
bf4ebe46
4100403a
400840b0
3ef4bfc2
403c4006
c01d3fef
409abe6f
3ee6bf6f
40094026
40334058
be863ea2
3e883fe9
3f9b4061
3eed40bc
bfec408b
bfcb3fcf
404dbf08
4001409a
bdb54006
4096c034
3f913fb1
40504007
3f45bef8
40423ef4
4019bd59
bfab3ffe
40d0bba3
4008bfa6
3f7fc00d
3e6940d6
40133eff
bfb1bf6f
3f013fed
3f8d3fb1
3ec74004
3fcc3d0b
40f73ff0
bee54034
404340d5
bfa74084
402fbe16
409a3e58
be94400b
bfb14061
408a401d
3ec0bf5e
3f693ee2
bd793f5d
3fbe403c
3d0c40ec
401bbf76
406bbf82
3edfbeee
3a5bbfb8
400c40c7
40ea3fac
408a3f2b
3f89bfea
bfae40c4
400e4101
be2ebf7e
41004062
3ed0408c
408340af
bf4ebf2d
40a43f05
3da73fbd
3fe53e95
be7940d5
3ebc40ec
40be401e
3fdbbf87
40354081
3fbd3ea7
4095bfd8
403d3fd3
bfd64044
3ff73e6d
3f0f40aa
40693fe3
bffebed6
41013fde
3d4a4011
408940b8
40744102
bf51bdab
3f913fba
3de3bf84
3f1140e3
bfc040c0
3f6a3fc7
41023e6d
402640a3
407c4091
40a63fe4
407fbf41
c01f3f37
3fe74046
3fcdbf87
406a4044
404cbc0a
3eb03eff
40db3f4b
bec94022
bf9f4078
40254071
40314025
40b3405f
4002bf73
bf92bf8f
3e8f3ef8
405cbf55
40d03f4d
3be54044
3eeb4084
4085c037
40e93fef
40ff408e
3fdbbeed
3f6c3db8
bee340ac
40894038
41054016
3fbd3d9a
3fbf4094
40b640d9
3b97bca6
41043ea9
3ebe4046
3f65bf84
bfe03fcb
c00f3f46
401b4051
3f164092
3ff93f7d
3c14407c
3f16403d
3f803ff3
bef4be8c
40844035
3f5ec02d
3f27402b
408dbfab
403e4078
4014beb1
400f4084
beba4006
40c04012
be6dbf79
bf4e409d
40894057
c01a3f12
40e93fb0
402840bc
bf0940a5
40a640a0
40673f2a
4063be31
bf50bece
bfbd3f52
3f3840c7
3f883f0e
410abfac
bf24404c
401b40dc
bdff40e9
3f2d3f4e
3e76bfaf
bf07409e
3f53c00b
40084031
3d6f3f2f
40244075
3f21409f
40634084
40054110
c000bf76
3fd24078
bd8a3fa4
bf654009
bf13bff0
bde4bd8f
40673f5d
401e3fb5
40244024
3f40409c
bcc33fa8
40fc4035
bf05bfa2
405f40af
409e40e9
3f843f4e
40c8403e
3f504099
bc0040ca
3f4940bf
3fa8bf19
be653ff3
3fe33f49
bfb74064
bfb6410d
4025400d
40b24082
bec8408b
3f6340d7
40be4086
bfb33fe5
40833fbb
3f7940a0
bf6c3fa1
3fc13ffb
bf563ff5
3fa2407b
bf61bf8a
bdc04082
408abfd2
bf60bec7
40b13ec6
4038bfb2
402440cd
3fac4049
c001beed
3fff4003
3fb4bfe2
bf4bbece
3f08bfe5
3ea5c02b
3f5f3fad
40a44005
bf14409d
407e3fa1
402c4107
40914012
3ff54041
3e903fcd
402b40b1
3fa740b9
3fe23fb3
3fd8401f
3fb540ba
40763e86
3fd840e5
3fa73e91
c02e3ee1
3f7940b9
bd7dc005
bfea4036
40693fd1
40d9bf96
4018406d
3f3a4085
bf5e3f40
be2f3fca
3f284042
be6dbf78
4063bf3c
bf953f61
40e13fbe
4104bfb2
3ff9408a
40873ff7
3f174096
4097bf7a
410fbfb1
403e4099
3e833fa1
408f4067
40a03f91
40c04015
402ebf8f
bfb140ee
40a34097
400c4033
404b3f69
3ef1bfd4
bf943fe0
bfcb4074
bfab3fc1
40853e40
be1a4093
3eeabf09
405f3f6b
40e53f91
3f90404f
40073da4
3f48bfa9
3f7cc020
3f444038
3fe9bf91
4010bfc5
3d1b4049
400abf0c
bffcbf73
409abe6f
403d4087
3fc03f72
4082405b
40cd4006
4050bf60
40323f87
bf86c00c
3dac40c1
3fa2401d
bf68bf98
3fe6405f
401440a1
bf833f56
40e73f93
3f603f8e
bf1e408a
3f8c4086
3f68409b
3f0c3f4d
40c24064
bca44061
3f9b4031
bfc640a5
bfccbddb
41003f06
402b40ba
408b40c6
3fa34037
40e94001
40a53ede
3ff1bfcd
402c3f4d
40864054
40ca3f38
40504074
3f8cbfb0
3f0abf84
4064bf99
405f3f8a
c0053ec8
3f56403a
3eb74085
408c410b
400bbf74
bffcbf08
bd7f4028
405f409c
409c40f2
40e4bf41
3db3bf90
bee54076
3eaa4099
4096c00a
40583d7f
c0163fe9
bf50bd0e
3ed140e1
40564047
409c3e00
bfd4402c
40403fb7
bf4ebf6e
3fa8bfdf
40b94106
bec8becc
40ecbf83
40084003
402240b9
400040e1
40abbf1e
407d4075
3e2a4044
408f3fa3
be493f9f
408dbf4b
40a6404d
3d17405d
bfc0404c
3f844015
bd49402d
4046408b
bf7ebfa0
404dc002
bfd43ecb
407ebe8b
3c1a408c
be3dbe59
400dc01f
407e4096
bdff3f89
3ef9bfb3
3f763faa
be8140b7
bfc5409b
409f3ee0
40ca4086
400c40b0
3fd940a0
400bbf7d
c01d400f
40f0bfa1
3eb1bf90
3ea840d9
bfb240ca
40c03f5c
3fb53fb4
3fe44072
402dbff5
40804108
bfe13faf
3facbdbc
401c3e2f
3f6c408e
bff04106
40aa403b
41014063
4031409d
bf4f3fd2
be96c00e
40af3f1d
be6cbe73
3fa23ebe
405a4031
40aabf0b
40e34002
40fe3e95
40003ec9
40243f1d
3ff04106
40ce4023
40fbbee2
be3c3f6a
bf85bff3
40934102
40bd3fbe
40d84001
3fffbfc2
bf9f4081
3f973eb7
bfaa4038
4036bf77
40284080
3e2fc00b
40ae40b7
3f843f8e
3f6dbf10
be8abff1
406f40a5
40af4085
40263fdc
3ea33fe9
bdb2bf66
401a409e
bea440ce
40d63f34
40ef404f
3f844097
3fb3be2b
bfde410d
3f083f18
40f44032
bebd3f7b
3fe140b3
403740bf
3f6b4009
410c4074
4003bfa0
407b40bd
407e4082
40d2bf48
41103fb2
3fe73ef6
4042400e
bf833ec2
3f853fa8
40c4bf82
401c3f83
bfad3fed
409f3fb6
40a24002
408e3fe9
bda33fba
be8f3fac
40b440a5
4097400f
3f4f4081
3ebb3f43
3fb84099
401540c2
beb04009
3f203dc4
40ca4077
3d5e409c
3f0e3d8a
bea84091
40943fa0
40844057
3ed7bd97
40373f8f
bfc2be86
3dc84010
404bbf1d
bf20bfea
4083400c
40613fdf
bfe6bf1c
bff13e74
3ff3bf9f
4066bff4
3f253dd3
bfec402b
bfdd401a
3ed24076
406a400f
3fb54013
408a3fe3
410b4008
3e0b40a4
407840ba
3e8540e8
40e13f5c
3f9c4012
3f65bfef
bf5c3f9d
4039c00c
40d43f4d
40bdbf54
3fa1bf9b
3e1940e4
be994086
3ff9bf78
408a4051
3f2e407d
3fc140e5
407a3f42
3f533fac
40c43d3c
3f61404f
3f883fe2
3fc240f7
40c23fa4
407cbf29
3ec6bf5b
3f2640b9
3e923e1f
40843ca1
4091bf7d
4025403d
401d3e93
3f3d40de
3fa93f4a
3ce93f18
3ff6bf49
bf9b408b
bfdb4109
3ff24011
4103bf8f
3ecf4034
402d40a2
beb540ea
3fa43e75
40783eca
3eddbfc9
40053fec
407f4081
408e402a
40a8bf8b
bf13be72
4003bfbb
be45c03d
404d3f66
c0273e78
3fec4078
3f6640d0
4070406d
40444025
40944060
3f6c401f
3f563fcc
401540e7
40613f61
bf08401b
4017408b
be803f18
bfe640ce
40e5bf2e
41024016
beb9400b
bea740d1
be033fdd
4074400b
bf473b38
3f9c40b6
40053fe6
3f4940e8
3f9f4018
40a13f9c
bf5540b8
40823daa
bf9840bb
403d3eff
c02a4085
be6cbda1
400a40a6
bfc24061
bfd13f65
408c4067
bf17405f
bf94bef4
402f401e
3fdc4000
400d3f8b
3e26bff4
3f4cbf84
3fc0bf94
40a7401d
bfdf3da9
403ebf55
3ec9bff2
4016bf9d
40b640fe
40d5bf2c
40364089
4012409f
becf4035
405dbf93
4038beae
40e03f28
3fd5402a
4028405a
4043bf21
3e943efa
40f54034
bf443da2
401e3eff
bea34055
bf9f3f72
40f54010
403240b5
407a3fc8
3f51403c
40ba4017
40c43e09
bed23fbe
bf77bf88
3f7140e4
c0133fe8
40b2beb7
3f3f3fe6
3fa43e41
be803fb7
bd124014
404b3fe9
bf444000
400a4070
bed84025
40a53fb3
40e63f30
be3a400a
be0140b1
406c40e9
40bc400f
400dbcf7
3fe140c0
3f87c00f
40bd4075
bfa6bd29
40fabf68
3e98bfd0
400840c2
403140e0
40d13f24
40f3406b
4001be9f
402a3f4b
bf833f74
40964000
3de83fd1
3ccf404d
40834049
40a140e3
40d0bf4b
40844039
4038bfca
4090bef2
405cbff2
40bd3f8d
c038bf62
bf733f7a
bf0c3ee6
bd1240b7
bf514021
410e402a
bdc3404b
3ff0407a
407c4060
40b83f7c
41084033
4035bdf8
3fa14077
405440ef
3dd8be83
bf944063
4018bfd7
3eec40c4
bff94081
402b3f16
3f913f83
be2abf86
3dc0bfd2
bf50bfb7
403f4013
3fd03ff3
40404001
400d4084
bffac019
40934005
40e34062
3dd040bc
bee23feb
3f4440fc
3fa84020
3f98bf99
3fd73fe4
403ebe91
3f394094
40aa3fad
3fb83faf
403f4086
bf18bf54
beb7410b
bfe83fa1
c0213fbc
400c3f80
be5ebefa
4052bfcb
40923f84
3f00be26
3f6f4092
4040c011
bf85bfa1
3c18bf3e
40c1bf13
3e993eb1
3f82409b
405cbff2
bfea40af
40ce3f13
bee1403a
3fb63fdd
bf7040d1
3f4840ff
40a93d9f
4090408c
bf3d40b9
3f69402d
40714066
40913f3a
3f56408b
40183ff3
400d3f68
40553f9b
4041bef3
bee7bf93
bf78401d
403b3ea7
bfd5c004
406e3f9d
40b34083
3ffcbfe6
3ea2bf2f
408fbf87
bf36bf56
bfbd3fe3
3f8a402c
40493fba
3ff740a6
3e05beb5
3f1b4072
3f88bf46
40403f6b
407a40d6
40043ff1
3f9e3fdc
40224079
3fafbf52
bdaac01e
bf39403c
3f2c4051
4029bf40
3f95bf65
409abfda
40823f02
41093ea8
bf464081
407cc018
40bd402e
bfe1bd90
404abfac
bf7a4099
3fb0409c
40a8bf85
be043f95
bf394082
bf6a3e4c
3fcf3f4c
406140be
403c3ea5
41093f55
bf6b4068
bdee4041
4016c037
bf283e45
3f61bf49
3e8bbfcf
3e573c82
40b84007
3e8f4038
40164076
3fb34027
3f9740a5
3eab4050
bd75bf47
4050407f
3fd23f13
beae3f82
4048c026
40033f84
bfa4408d
bf1240b5
bfa54087
4077c033
40a5400e
40c93cd5
3daf4072
402340d8
3ef4bf2f
c0043fc7
40ffbf2b
bf74bf35
be2240d2
bea7bf1a
409abef1
40d44076
3f8d408e
4022bf6b
bf66bd8a
4033be8f
40f63ff1
3f9040b7
40753fc7
40ab4107
3eb43fbd
4098bf46
3fd0bf87
40034066
40974075
40bebf3c
3f77bf87
3f6b3faf
40084051
40be410e
4049bf35
3fd94034
3f4c3d53
bd8740ab
3ffb40ee
beea3f2d
c03b3f29
4035bec6
bf8d3ffb
405940bf
40ae400c
c0083fac
409abf46
3fd24089
3f703fd1
bf9f40a3
bedc4025
4029bcee
bf333e8f
3fe5bf85
402ebfbb
c001bf04
4034bed4
3ff03f6d
3fcf40d9
407c4078
bf7a3ff7
40aa408b
3fd3407d
3fa93fc2
4029c034
40d43b20
41093f0f
3fa6405f
408bbfa9
bfca4086
40bd3ee2
c0353fcb
3f0940bd
3ffa4088
3fa640ce
3fd23eb8
40f2bfaa
bec1becf
403b4012
40503eab
40213fac
410e4020
3fb3bf63
3fd83f39
3fe34110
40934014
402dbee4
3f45be32
3eac408b
bfe84087
bfca400f
bff5405a
3f5c401d
3fbd405e
40a7409f
bf1a3fd3
3e23bfaf
bedf3fa2
bf22404d
4032bfea
3fa63e6e
40813feb
3e6c3fb1
4056bf5c
408d410c
408cbee2
4014400a
403a3df5
401d3ff1
40b840bf
c0063f86
4065bf95
3ff94011
400b409b
40bf3f05
c0073fd2
40833ff6
3f8b3e40
405240af
4031410c
40c24036
40fa3e0c
403f4078
3fc740e8
3fb23f43
3f10bed0
4110406c
3f8dbf8f
bf9940d6
3f58c02c
3ed0beb1
c033bec9
3fd63fd9
40363e3c
40a740e5
bff0403c
40084061
3f8ebf6a
3e14401b
3f474028
407e4023
bf94406d
3f893f1f
bf5240df
40094067
40c33fcc
be4f4070
bf03bce1
bec1bfaf
bcfa407e
40043f38
bfda408d
3d98bf8f
3fa4406f
bfec3d94
bfe53fb7
bfd7bf06
3ee14007
406cbf68
bf4a4110
bea7403a
405f4090
40294054
bcae40a1
bf7f3f08
40d24009
bf7d3f72
beb83fc6
3fd7bff9
bfff40ce
408d4008
40a2bf57
c0193ecb
3fe43ede
3f16bebe
40404086
bf84403c
40404046
3f664010
3f7f400c
40373fce
40b63f11
4070408b
bea53ffa
bfbc4092
407f40b4
40714001
4050401b
3fa54017
3ecabfb0
409d3f4c
40344040
4020bf9b
3edebeb4
4057bffa
bff83fc0
bfa03fe8
409e3ff9
4011beeb
3fbc4059
bfd240fb
beba3fc2
40683f73
bf53405b
3fdd40d1
3fb3410d
3ff23fb4
401c3fb9
3fb93f90
3fca3f98
40593efd
bec13f78
40894016
3fb33ff4
407a4088
bf2f4043
40663fc6
3f52bf51
3fdc40bc
3f424053
40264082
bfe14008
bfe23fc8
bf4340ab
401e40dd
409c40cc
bf9d400c
40c9400b
bf35bf03
408d40dc
4071403b
bf023fa0
c016bfac
3fd2405a
bf3c40c9
3e2740ce
40edbf34
c02c4051
4025409e
bf4b4099
40a54097
40733f1d
408a404f
bec03f0f
4088bf7f
40ae40c8
406abf55
c03c4030
402b4093
3f9c3e33
3f5940fd
3f9d3f95
be033f58
be45be0e
3fecc007
3fd74090
bfcd3f25
402d3ec1
3fc4402e
40894040
40a240fb
402d3f02
bf044088
bf694027
404540db
400e40f9
40053fca
3fa54040
3f574059
3f6e4004
40944018
40b73fd8
bfa84055
bea5be7c
bee040db
407c4095
40963fb3
40e43da7
40033ebe
bdac3f2f
bd454082
4073bf16
40f1bfa7
3e374080
405340d2
bf9240c3
3fe23fe7
41033fa9
bf433fd4
402bc012
40bb4080
40a73fc0
4030bf5d
400b4077
4063bf63
40be4052
40193e4b
40ae3f10
3fa54090
3fb0409f
3f843f66
be8f4096
bfb93f95
40353fe3
3fb0409b
bf684030
3f8d410b
bf354018
408a404f
40294022
bf95402f
be2f40ff
c01b3fb4
40f6bfb7
3f8fbf66
3f54bfcf
3f1640ba
bfb73fb0
40503f8e
3e1e4081
408cbfc5
409ec020
4088402b
3fdc4040
3f964049
407240c8
bf6c4110
40dcbe56
c02c4087
402ebf95
406a409a
3fac4105
40bf3d89
bfd0403d
3ffc3ff9
40393ffe
40aa404f
3f13bf48
409bbf91
3f8f4054
401c4024
40bcbf81
40d13eba
bfcfbf99
40203f3e
40854047
3e10c000
40d7bdc7
40e1bf2b
be054014
3ec83fe8
bf2e4094
40943f92
40fdbf7d
3f46be34
bf24bfb5
3da240fd
c0063f07
410b4044
bf24bebe
3f9d40cd
4003bf2a
408e3fb7
40c0400a
3e1f3ffb
402d40e0
bd104009
40bb401c
4088402f
3fe3bfe4
4044c017
40ae40ff
bfee403b
40e94044
beb2beff
4028bfd6
3f9d40b3
40a43dac
41033f98
4011bf8f
406abfc5
404fc02e
40b7bf6d
4104bf06
3f823fff
bf124082
3fb440a5
40de3f56
410f3f99
40354068
bfc04096
40854105
401b401a
40b63f9a
3fe3c000
3f6940a5
40253e00
40c33fa5
40bc3f77
3f79408b
be75be10
4080bf9b
3f523fb8
40a0404a
400a407a
3dc5401a
3f893fbe
40b9bf1f
41074040
3f8c4062
3e6f40ce
40183f31
bfff3fbb
40d93fc7
3eac40ab
3fb840e7
bf94c00d
c0104029
3fc8405b
bec23e76
3eac40bc
400e40d3
40094028
40b14086
3f8d3f9e
40053e4d
40bdc033
bf05be86
3ea73fe8
4080bf51
3f6dbfa8
3fb3bfec
40964101
40d94035
40684012
3f344002
3f92be85
bff03fcf
bf093e8b
40d8407d
3fe740af
4045bedd
bce9c008
bf903f99
407c4064
400cbf93
bf843f83
407a3f9b
40c23f2b
40e6be9d
3d69bf25
4025bf4d
3e98410b
4023beec
40afbd7a
3fd540a1
bf4f4067
406b4002
be55be62
40cfbf8e
3fe0bf3c
bf5c3fa1
3fa9be41
407e4024
404bbfb2
40264029
3f953fd3
bdfc3fde
40d24031
410cbea3
3faabf9b
3eff4043
40994105
bfe1402e
40ac4012
3ddc3f8e
bf7ebe01
bfcd4078
407c3fa7
40123f94
3f89bdc9
4034bfe5
bde94066
40503f81
40dd3fc9
4039bf04
bf664089
3fcd4088
40d03f99
3dbabfa6
bf034086
bfa1bff7
404f4072
409d4010
40e44058
3fd8bf85
bfa0c01d
40bbbf48
40e2bcc8
3ffe3fb4
beb03f85
3f9c40c2
400fc022
bfe03fce
408b3fd6
3f863fb5
3eafbfd5
bf10406c
3a2dbf0e
40bebf44
bf6c4056
3f6b40ed
409640a9
4064be8b
3ffb4059
3ed8408b
bf8bbffe
bfa7bfce
bdc54028
40c83fa4
bde9be1c
3fb940a9
3eae408b
3fa43feb
402a4000
4031407f
be263fde
408c40ce
409cbefa
40924012
bf424076
403c4081
3ff440ee
bfb73eb8
410cbead
be843ff5
3e8540e2
40a6c014
40dc3feb
c01e405e
bcd4bfa7
3feebf73
3f2740f8
bfe73ff1
40fbbf99
3faebd01
408ac005
bff73f8e
408b3e98
bf27404b
be894003
bf5040cf
bf974099
40483fc1
3f354022
3fa74054
3f6a4007
3f393fd2
3fecbf8c
40143f85
bfd04082
3e5fbfb3
3f6e3ea8
40633fd9
40c34038
408abfb6
3f11bffa
3f823fb4
40243ff2
40ce3feb
bf23bf7d
bf603fab
407a3fc3
3fe940a6
40003fc1
40e54001
3f9d4090
4025be7d
bd73bf9b
40ac3fa8
40f7406b
3f51bf08
400d3fcb
3fe6bf1c
40a8be29
404b4049
bdb540b2
408d408b
3f1d4098
402ebdbc
3f4ebf8e
3f4fbf94
408ebef8
40a74097
3f693fef
40ec3f2b
3f913f82
3f9ec006
bf4bc012
406ebf5c
40debf5e
3f5540b6
40893fc0
40b63ebe
40ae3f0a
3f9d403a
401bbf8f
bfb54096
3e80bfcd
40d13f5a
4011bfb9
bf6dbf23
4083406f
40a24094
40dd3fd9
3f1d4088
3f4540ab
4023be84
4050c021
3f903dcb
3ff6bed5
3ee2402a
40704075
403d4074
3ffdbf28
3ed63fa4
bf4b4084
3f883f9d
40b44043
40c93eb4
410b4079
3fbe402e
408740d9
bfef3fb3
bf3b3f88
40bc406f
403b4089
3fd040ea
bfa3400a
3ed03e3b
40a7bf98
4022404d
be2ec010
bf88406c
3feb4020
3f973f2b
3fd7bb00
40234031
bf99410f
40a93ffa
40434086
bee63fcb
407d3fdb
bfa0bfee
be8f3fdd
40a33e96
bf78bded
401cbf92
3fb8410d
40bfbf17
c0314028
bf0f4071
408d408b
40bec020
bf8bbe82
40aa3f90
3fcd403b
3f1040a0
3fef4052
bf4c403a
404bbf87
3eadbf0c
4085bffd
401340a0
40a24017
bfd64068
3ddc3fe1
3f3740db
40703f91
3f914029
3f614087
4008bf58
3e6dbfe4
40b6bf99
3f8b4057
3fa53f03
410ebee5
400dbf96
404940bd
3fe8410f
3ee43f23
3bf04027
3fec4067
4049bf28
406d4009
40354003
3ffc403e
40273fa0
bf263db0
bfb54024
40e73f61
bf404086
3f753f9d
4031bf9c
4086c01d
40b2bf4e
40b8405d
3f3c409d
3f0140e9
bef4bfc0
bff84005
410abdc3
3f2e404f
408b3f51
3fb4407e
bf923f8e
40cc4064
401abf28
3ff63f10
3e084044
404e4004
bff03fe3
3f7abf9d
40654027
400740cd
40c9401d
40edbfbd
3f2f3fc6
becc4084
3fbd4110
40623fe4
41053fbb
4016bec1
401c40b4
bfb640fc
40b63fd7
bfdbbfb8
3ffdbfa9
bfb240c0
3f094001
3e773ee2
401ebf2f
bef540aa
3fa1befe
3f8840b6
bf913f00
40bc404e
be483fb8
3e6b404b
401e406e
40af402c
400d3f22
400f4043
4029407b
3ed03ff4
40d13efd
40ab3fec
3ff83fab
beb04025
404e3ffa
bf4c4018
bfb7bec2
3f76408c
408640a2
407740aa
4089bee3
408ebe0c
3f913f2a
4013beea
408e40ac
40bb3f51
40c0bf47
3f8dbfe3
bf9640cb
bf28407a
3fcebe69
40ef3f8c
3fd9407e
408f409f
bfa2bfc5
c016bd9f
c011403e
bd8b4081
404a409f
3f3340f8
40a43f48
bf85bf6c
3f4b409f
404d40b5
be7a3f93
40eb401a
3fae403e
3fcb408d
3fe340ad
bf5340f8
40c5bf3e
4098bfbd
3fc63f38
3e99be8c
bff33f69
bef7bf3b
3eae4089
3ef74064
3e8e4092
beee40cc
40c83f9e
405cbf0b
400c3fd0
3f873ee6
3f35406e
bf8d401a
40eabf18
409b4026
3fc24095
bee5c012
3fda4060
3ff14038
41054080
3e41bf9d
408cc012
3e9140ed
40eb3fab
3f7bbf49
3c454009
3e4c3fa9
3e834083
bfda3f9a
40b1400f
bf05bfdf
bf0b40af
4072bf96
40d13f98
41073ff2
400340ab
3fa74014
bf27c028
409dbe98
beb14050
bf533e9a
3ef73f53
408b3f1a
40903efa
41094075
3fc9bfca
bfad40d4
3f8abeee
bf0e3f9a
40234014
403c3e4e
40454012
40b0c003
40b23ff3
407abfae
3fb6bfcc
405b3fb1
3ed5bffa
3ffdbf7c
409ebfbb
bf39be2a
4072c00b
40684086
40d1403d
c0273f47
3f16408f
3fb640d4
bfbfbf95
bfcfbea3
3f3ebf28
40143ff9
3f423f91
40823fc8
bf0f3f0e
410dbe35
3fdc404f
407d3ffc
40014093
40e8bf5a
40d3408c
400e40bc
40654082
404dbef9
3e593fdc
bf143afc
3f7540bd
4030409b
bfcb40a9
3eed3fca
bddc3f9d
bf603f90
400c409a
bfda4107
3eeb3ff7
407f3fcd
3f3f40ad
402040ca
40b53e90
40b7bf0d
3f4a3f39
bd89bf10
bf15409e
bf7e3f1a
40d53e1d
40264029
3ea5be13
4037bcca
400b409e
408fbf25
40f03f89
3f5040b4
bfa74013
408440a1
3fb33fe7
c032408b
3dd93f88
3ff7bfc3
bf95c008
3fff4000
40f5bf9d
3f7e4097
bd9a3f44
bf453f00
c00e3f67
40753ff8
bf70407c
bf33bd74
4073bec3
404abf35
3da8402d
3fbf407c
405440aa
bfb24079
40aa402a
3fd6bf7a
bed8bedf
4070bfdc
bd9c4056
400b3fb6
bfae4003
bf5e4098
3e1040b4
407340d9
3fa240c4
40d53f4a
3f523ff7
40183ffb
bf4340e9
bfa640ba
4030403a
40e94043
3e89408b
be8e40ed
bebcbeec
3f94be48
c00f4081
bf253fb6
bf8840ba
bf94bfc6
40d1be62
3fce3f99
40393f71
3ff13f61
40243ff4
c0143e8f
40bebeb5
3f6e40b5
bf4c3e3d
40ae3e1d
401cbe23
40503fbd
3f464088
3fb33fd2
3fa440e1
40e8402d
c0324028
3f5ebf50
3df740b9
40a7bff7
c014bd69
c02f3fdb
bdf24090
bf5d402b
409c40e3
3faabf1d
40d34024
40064096
408e409b
409040d6
40c5bf52
410bbf45
4015beab
3ff34091
bfc6401d
403c402a
c03e4067
3fad4011
bf96bef7
3f774105
4075beb8
40474047
3f13bfba
bf203e33
40ae4026
40e3beac
4055408e
3ffcbf16
3ff94090
bf4fbfb0
bf273e52
3f043fde
bf02bff9
400b40b7
40724091
3f93bcf1
400fbf5a
3d27401d
3fc3409d
40a540e3
40a9be99
3feb4087
401bbf59
3f844021
3fbd40de
4074403e
c03fbe2e
3f634061
3f903f83
40bbbf72
bf394016
40b3408b
3f1b3fd3
3ff4c01a
404ec017
40b63fc9
3fa5bf04
3e9f3eb8
3f67400f
beee3fa4
be8fbe49
40944014
3fc63df3
bf0c3ff0
bedf40bd
4015bf55
bfd53eb4
3f9840ae
406dbe40
3f064094
408f3f28
3f4ebe4d
bed84091
3e8a3f84
beb33fb7
3f73bdaa
4105bfb7
3f5a3f1b
401fbf95
be8bbf71
403b3fa8
410abfa3
3d1c409b
3f7d40c4
3f68bfc6
3f934037
be1abef8
3e2dbea0
3f974028
40433eb9
40e23fb9
3eac4016
4007bf78
3fa4405e
3ee140df
40b0c00d
3fb83f28
40ae3f56
bf7a404a
be8e3f38
3eeb4029
409b4035
40cc3f0a
403d40b9
401b3f12
40214088
40064001
bff0bf98
3f2fbe9b
40653f99
40b0bf83
4031bf34
40873ebd
bf2d3ff2
3fdfbfcb
bfa53f99
40d83f79
40e63ee0
3f3d4009
bf2e40db
3e4e40de
40c1bebc
40123f79
4010bfd4
3f90c008
bfbac014
409f3fb4
4086407c
bf3fbe1f
3e1e40db
40b1bf3f
402e3ff8
40d9400e
3f9b3e0a
3f6b402b
402b3fa1
40bebed3
bf41402c
3f27403b
40404080
40bcbf8c
3e86400a
c007bf14
3f8a3f80
3fab405d
409d4104
40ec3ea1
bff3402e
4035408f
3f833ffd
bfe7403d
40983f33
3ff6be85
3f973ffc
40133e02
400b40f9
bd9b3ff4
3fdc3dd5
3e204063
408240ae
400e3feb
c0073f68
410a404b
3fda4006
bb853f84
beaa4026
40cb3ec2
bfb24008
40373fc2
bfbe3f8d
40b640f4
400d403e
40bd4068
3fb8be66
403d4035
bf8f3f43
408b3ffb
4085bf43
3de33ff4
4063c012
409540f2
40cc3fd0
40d83ef9
3fda400c
3f94bff4
40974024
40e04027
c03ebe0e
3e2e3f1e
bfb240ad
3f983fb6
406abf76
402b3fc1
bf7a4042
3ed4bfe5
4095c00f
be63400b
4027404e
3f0a3f85
be93bfe0
409bc027
bf4cbf14
3f354009
402a3e5c
404a3e82
4027bf4c
bfc34001
c0073e29
3f084092
40344082
3fc83f98
3fbd4012
bf32407d
bd2f4082
3f2e3fa0
401140a9
3f353e5d
bf64405b
3eef4079
403e3fbd
40743e4f
4050c023
4037bb1c
40a9402f
bf38409f
3fecbff9
bff6410a
4059bf30
c00c402f
3fee3e73
404ec00a
4061bfba
3f1a3f65
40efbede
3fb5408c
40493ef3
401b4035
bf2f4039
3ff1bdea
3f44406f
3f7240ba
40bb410a
40c2bf5f
4107bfb6
3fc3403f
40503ed7
4041c038
bead400c
40103fbe
3fab40b5
40693fbb
408b40ee
c008402c
bfeebf58
be10403f
3e48bfb0
bfbf40b9
3fe33f70
40d9bf58
bf464017
3f893f98
3f504020
40c94035
c00f4066
3f8e4096
40593f26
4094401f
40b7400d
408c4037
bf684086
3eecbf65
3fd24023
3f833ff6
40d5406e
3ecfbfdf
408c4042
40bd4106
bed13ede
bfb1bf5c
4039403b
40643f4e
be50c017
40123fd8
bf893b94
bf284076
402a4012
40a040b1
bf65bf05
3f03bfbc
bf204038
4066bfc5
be934014
40933f6f
400fbfb3
3e9f3f0b
be07406d
4061407e
bffa3f0d
400e3cdc
3ffd3ffb
3f104081
3cb43efd
3ed7bebc
40ea3f0c
4004406c
40133f21
402740c0
40af4015
40ce3f59
bf5abf0f
3fb93f08
3f7cc038
bfd14002
3fed4028
be6c406a
be5bbfaa
40534070
40953ffd
40b84082
3ed53fa8
3f7fbf92
bfcd4094
40e54005
bfdb3fc2
bf59bfd8
3e20409a
bd2c40b8
40a93ed2
410a3f47
3f5d4082
3ffdbf5e
400e4103
40d64004
40b43ffd
be9b4079
4085bf0a
4076bcc1
40bfbf42
40f14042
beaebff2
3ec1403a
3d3a3fd3
3fd63f8c
c001bf83
3e7d408d
3ff4400e
408cc025
409d40e8
3fed3e2f
40ecbf02
3fca4099
bee6bfbf
bf5040df
40ca3ed4
400b4055
4002406c
4060befd
3e934074
bf573f0e
bf9cbf9e
bf5d3e35
3fad4064
409e40b4
40ab3ede
406a3e7b
3fce4094
408a40e9
3f75404e
4066400d
4108be90
bf1c40b5
40583c77
bff33d76
40403fba
4092be34
3fc94055
4083401f
40913f06
40bfbe1e
408f3fda
3e2c40b6
406d40dd
3fa7bf61
409a3ff4
40b74082
3f2abfab
400dbf7f
bfc44073
bfe0bf08
404c3fb7
403f3e52
3e8c40e7
bf6e3ef5
3ff23ed3
3eb74020
3f43408d
40653f36
bf57407d
40a24004
410ebf47
3ff9bed2
4063c01c
3fc2408f
be693fda
40be3f04
3f83bff3
3e853fe5
3f5d3f3c
40cc3fec
c00bbe43
403b3f87
be81bfd1
408940f4
40874016
4100bfa2
bf65bf0f
bf9bbf4f
408940ee
3f2f3ebd
403b3e04
403d4057
3f8840b8
3ffdbf4d
4055401e
40063fb3
40214081
3f674037
3f063ffa
40cabf12
c03d4087
40293e82
3f733fb0
bf6940c8
40dabee8
40854016
3f8abdc4
3e11407a
40a040a5
40413fdb
bd063f35
401740a5
3fdd404e
407abfe6
c01d3f99
402e3e7e
3ff74039
bf103e38
4050c031
40ee3fed
c014bf9b
bcdf3f91
3d9cc000
409140ba
bdb94038
3f5d3f84
3d0640a5
4006bfb6
4096bfbe
40493feb
be0c3fb6
4038400d
3e5ec015
40acc016
3f804030
40863f59
40333e2d
3fcf40e2
40863fe7
40d33f88
410e403d
bef73e14
408240e2
40bc4072
40183df0
41023e6f
4011bf33
3fe040a4
bf1e4044
407dbd09
c00fbea3
c03c4035
3f87bfaa
bf673d2b
40b440ae
40d63f5d
3ffd4007
3d7bbff2
403f3f33
3e6d40d7
400fbf18
bf95408b
bd783fb9
406cbf83
3f8b40e2
40b13ff4
bf22bfa6
bf61401d
bf31beab
3fce406d
40dd402e
c038be69
40374026
bf81403d
40acc015
40033fad
bf92bebb
40013f5c
40123fe7
bfdd3f70
bfa14005
bfdd3f5e
40384090
bf844056
40b43e7b
40b6bf5b
bf943ff6
3eb33f21
403b3f49
beeec03a
3e32be48
40db4051
3f783f16
40704075
4011c03b
bf693fa5
40064089
3ecd407d
bf794037
beed40a5
405c3f89
bfaf4046
3fa0be5a
3f3d4024
408e4086
bf63bd47
40f14088
3fb7bb59
3e11bf2d
4067409f
3fc33f16
bfff3f81
3fb7be44
4007401f
40ac408f
bf8c3eb9
c0373ee2
4025bf6b
408b3d6b
3cfdc026
40b53fe7
bf843fc7
3fdebf3d
bfbec010
3fe540f9
3fd43f86
3fdb401c
3fa2409f
408740b5
40894107
40893f1f
c001bf43
400a402e
400ec004
3edbc03f
3f823f1e
3ffd404b
bde1bfae
4065bf0d
40a93fd2
40423fef
bfeb4019
40163fb9
bf50408f
3fa340b7
40873fac
400dbfb0
3e75bfff
be1b4090
407040df
40853fb9
3ffebf39
3fb3bf7c
3d42400b
4028410a
3f22bd25
405abf41
40124065
bead3f41
3ff73f85
403d3fd5
40c3404b
402b4084
bf3ebfdd
bfcf410e
40913f97
41094079
3fb5bfa2
3fe240cd
3f53bd10
4072bf79
40d2bf73
3f533f09
bf01bd30
40663fc1
3f6540e0
c0154033
40dd4053
4009bfe7
40123ed1
4025bd16
40d23ede
40c34048
40273f16
408f40e9
bf183fdf
c00d3fc1
41074015
bdfabf67
4046bf3e
409340c2
40b4bf3a
40633fc8
3f1cbfaf
40774053
40a7bf38
3ebf3f68
40564070
3fbb4094
bf72c002
401bbfa7
40933fb9
40174072
bf1a404e
40854079
3e35bfce
40ef4037
40c43fe2
40053fa4
3fe6bff5
406dbfff
40de400c
3f2fbf21
4002409b
4076407e
4083408f
40ea4019
bf483f4a
bee7407d
3ec53fac
3f68c010
3fb1401a
bfa33f63
3ec63fa8
400c404b
407bbfbd
4023bf02
40cb3f62
3fcebed0
3ed83fc1
3f8240b3
4034bdf1
40834064
be85bf97
405040ef
bec0bf07
40a23d8c
bf9a4084
403f4020
be2ebfc4
408740ce
40e54001
3fc43feb
bed03f81
bf814059
404140f3
c0083f8e
c031be5b
3f2abef9
3fe6408f
bf0a40ba
40783ef1
40e23f10
3fa43f60
3f56405d
409440bd
409d400d
bf893f22
be06bea4
bfb240b1
40b0bf5e
40314023
40d1408e
40363fa6
3ef14032
beef40b8
bfd5bee9
bf1c3fcc
3ff74079
400940ba
3f8540a9
40533f0e
408f3f1d
3dfb4084
407240e7
408b403b
4026bf4b
40f8bfb7
403dbfa1
3de140ba
bfc6408b
406c4030
bf1d400b
bec13fb2
bea9bec5
bf214021
40be3f85
40a94034
be873e50
bf9dc002
bfc24085
40603fa6
40273f82
bf1d40b7
405440bf
40ac40a4
4056bf44
40b7bf95
401cbf1b
bd8740ad
bfed402b
4029bf6f
c008403b
4083bfa1
be2dbe28
bee74065
40ac40a6
40a24013
40e4bf9b
401b407e
3f3740b8
4003bfd5
3f78bf43
c02a408e
4007bf66
4041bf16
3eec4015
40a53f3b
40833f1e
4011bed6
40894086
40b040f2
40804012
3fa64081
3f7440ac
400bbf5e
40aabfb2
40acbef4
401e3e3d
3fc84021
407f3fb2
40a6408d
401f403c
3e8f3ea0
400840b0
4086bfb6
40183fa2
40793e2a
3ff93ff3
402b3e8d
3f094093
bfa14104
40ca3fc2
bfad4045
3f8c3fb8
3e914081
3ce840c4
bfe63f35
3f914086
3f76400e
408e40a1
3fc3bf13
401b3fae
40de3fcd
3fb84037
4070bf19
bfde40bf
bf9e3f7f
3fd7405d
3f57405c
3f843fb9
408740e6
3faf4024
3e883e88
bef2bfda
3f7f3f9e
408f407c
40dc3f80
41063f31
3f214022
4073405d
3f833e44
402abf41
40a94080
403a4096
bec2bf36
40b4405b
40163f36
40ae4003
3ebd406f
40264077
bf5940a1
403f3e42
bfe93f89
3fb0bf83
402c408c
40b140bc
bfc83f32
c008bec6
3d9e3f7b
40623ed8
bddc405b
4059bf3b
4103403e
3f253f54
3fe5c016
bfdc3f7b
40393ff2
3e943fd6
3ff7408b
3f1540c1
404dbff8
40213e64
3e82bdcc
3f3c4091
bf45bffe
4080408e
40853f37
409ebfbe
3f484045
3f98bfc5
40a340f9
3fdfbe36
3fe1bef7
3fc1bf55
405a40d0
404e4098
3f063e4e
c034bf7b
3f964004
3fe83f7c
3f7c3f78
bebe3f8f
c0004006
beb8bfd9
3fa8beea
3ecb3ffe
bfb1bf0d
bff74081
3fb9bf59
3dbc40a5
403d40cf
3f9740d0
40333df1
4015bf6c
3fc0bfb4
403c3fbd
403f3f8a
409a4040
3f85bf2f
401e4094
bfa540ae
3e19bfdd
405cbe52
3f2c3fa0
401340a0
401540dd
3f32bfb3
40c74013
40a44079
3fae3fd6
3f8c40a3
404140ef
40a4400d
40dd3fbe
be3e4096
4012408c
bfa140b0
3e663f3a
40d83f02
beff3f0b
408240b3
3f2ec02c
bfa73f71
c00d403e
bf36bff7
3f5b4024
bf8140e3
400bbf1c
3f9b3f89
40223f3f
3fc340a5
40af40bf
40cc3f92
3fce3ee4
40173fd5
be8b40ab
3fcabf8c
40963f90
40184003
3fd8402f
407a4005
bfb840bf
3ec43fb6
4079407f
3dd5bfab
4058c000
4058bf40
40c54027
4102bf08
3fa44067
bf0b3e19
3fad3fdd
bef63f0e
bfb4403c
3f4b409a
40864067
bff440f4
3f5b3f2c
3f214019
3fa540a8
40403fc0
40864049
4067bf2e
c001400f
40223e2a
4010be95
40a53f55
3f83be78
c03ebfbe
3e5e4083
3feb3fb8
40224104
4089bedf
bf86bf2f
3faf4066
3f3e4072
407c40d9
408e3ec0
40e04082
3fc14097
4017409a
3fb14101
40e43f35
3fdf3edc
402e4014
3f813fc4
40b9c034
40ed3fe0
40e94081
3fb2bffe
3f474007
bfcd40d7
40c93fc7
40963ddd
3ee24034
bf2f4013
400b40c0
3fe5bf48
40964063
bf77bf01
3f5d40d4
3f024109
40e94032
bedf406c
3fcd3faf
be06400f
3fe140fb
3fbe402c
4046405b
3f9740bb
40104051
bf0b4040
400c3fcb
40643e7a
3fa34085
bf143ff3
3f7f410d
bfa440e2
40893ff8
40e7bf5a
3fe8409d
407c40a3
bc894106
bff14016
4064bf45
3fc840bd
4020bf95
bf7fbf8d
40e7be8f
40283f07
3f76be37
3fdc40b2
40b240d4
40a6be32
40ae408b
3f8a408e
3e5340ed
40b94003
3fe13d17
bf87407d
4009bf3f
bfb83ea8
4096bf03
405abef8
bfcebf4a
3fedbf62
3fa64098
3ff140b7
3e8e3f9c
c03d4033
40404075
bed14056
3f0f3e90
bf90402e
40b5bf3f
3f8d400a
3f8c3f02
402140cc
40d53f38
c0363efe
402c40a5
4061404b
bfe74087
40883f8e
40b1bf70
4015404d
bf48bf4a
407c4022
4012401b
40b1408f
4005bf8b
401abfde
40b2409a
3e954027
40913f42
be25404f
406d40f0
40a63fa0
40f03f88
3ffd408e
bf394031
3ff240b5
4099bff0
c0034013
3fe84012
401bbf9b
405a4000
400b4088
40d93ffe
40e44047
4024bfc4
be69bf6e
409b4080
3ff5bf50
c01f3ffb
3f0bbfc4
40224012
beb6bfef
40173f82
410f4081
3f33405f
3ff53fca
3f2040d3
bf06bc95
3e24bf87
bf51bfed
bf7540ed
3f8a40ab
400abe20
4069ba30
3d363f9b
3e9e3fe1
bfb33fb7
bf9e3e4e
4035403b
40234019
3e9a4086
bfc6c031
3fdc3e03
bfb04022
3dba4094
bf7140da
bff340bd
40823f04
3f9a4033
4024409e
bfaf3fab
becb40d9
bed5bef5
3eeebdf0
4022409d
400040bf
bfe2bfdf
bf403fd3
3fed3fb9
bf644052
3fdb4086
408cc025
c0013fff
c00f4055
40034059
403440e6
3f9c40ba
4006402e
bfb0407e
40774010
bf003f06
402740eb
402b3f9b
40cd3f95
bf593ffb
3f733fc8
bf864076
bf9540e9
4025be21
c01f3eb8
403c3f65
3f3040a1
bf4a40ca
c001402b
bf93403f
3f7f405b
3f4c4096
be24c00f
40dc3f56
410bbf17
40043fec
40854082
400cbf9d
bf30be33
40844047
401fbfe4
3f48bf1f
bf9a40f7
4080bf06
c02d4014
4032bfa4
3f9b3fb2
407340bb
be0f3eb3
c030bfa4
3faf4002
bead3f99
409f3f9a
bff44036
bfb0bf72
bf403f7e
beb4401e
3e8e403c
3fb13ff4
3fcebf20
40183fe6
408e3e2f
bda3c013
be2dbf7a
3f9f3f09
40233faa
401c40c1
bff0408b
bf6bbf2b
40a33fc4
3f333f6c
bf3f40b8
bf05befd
40e43dda
40de3e3d
3ff44098
3fc44045
bf673f66
40bf4022
3e97bf38
3f9f40ac
401d40ad
3fb7bf69
404b3fa5
40783f68
3fa24080
3ef140ac
40bb3f9e
40e23eac
407b407d
40343fc8
401d3f25
4034bf42
40823f62
403b4086
3f2a4068
3fcd400c
bd324108
bea23ece
3fea402c
4011bfba
4015408d
3fb43e82
3fe8403e
c0293cd7
400f3f73
406d4091
bfe8bfc6
40524016
40d23dd8
3ffbbfe3
3fff3f07
40893fed
bf81bf0e
40b63fb0
403e4004
40824027
40173f41
40bd4027
bfa43ee6
bed54049
401640ee
bfcdc024
40e33ff8
410a3e9d
3fb94075
bf8f40ef
409e4068
404d4025
41074055
bed9bed5
bf74404d
4068c00b
bf08be8c
4088405e
402bbff2
40443ffe
4031c02b
be3b3e22
40e1be95
3fe3bf96
3fcbbe7b
bf754085
3e074018
40ad3f30
bf8f4080
3f38404f
3f97bfa3
4029beb7
40983ffc
4043bb68
be703e7d
4059405a
bf644046
40b8402e
401f3efd
400a3f9b
404940cd
bfcc4074
40a13e9d
409b404f
3f163f54
40883f2b
4049409d
406cbeaa
40e9408c
3efe4045
4046bf31
4003bff4
401abf69
40223fc7
3f5940ab
bdd74034
bff4401d
40db3e0c
3f343ceb
403f3e88
bf2840b5
40bf40c4
4088bf40
3f8d407e
3f33bfb1
bf9d402b
3fd84087
409e4016
401a408d
3fd14050
be9b4026
402740f3
407a3f84
3fa23f16
3d50bd9d
bf38c007
3ec33fde
40723ff4
404fbe39
be4f405b
40334065
40b640a5
40ea3fdb
40f0be6f
3fcc4092
bfb240a0
bff7c011
40153f74
40c7bdf0
be82bf9b
40414097
3f1f3fb4
bfd14008
4101bfa8
40054089
bf7ac01c
404c40c6
40afbd39
40bbbec5
bf48bf13
4001408f
bf6e40ff
3fdd3e53
40164053
3fedbfad
40833f59
40b44108
40df3fa9
bffa4040
be7cbf5c
bfb14029
bfb9c00a
40b03ff8
40ebbf6a
4029409f
3ff4bf76
bfbc401f
4087bf55
40db3f85
bf5e3ed9
3f73bf4b
bfcfbdf3
3fb93f9a
402d4068
4015bfa0
401c406e
40ac40ac
bf863e20
40593eb1
bf0dbf70
bfae3e01
401c4092
40083eed
40f74047
bf51be9c
3fa1bcf8
3fc93f27
bfd9402f
3ea1bfa5
3f85bf93
3f8d3fcf
401d40fe
3f934013
40d64032
3f74408b
3fd840dd
3efa400b
c00bbeea
40134081
be2a4071
403e4045
bef140d8
40ee3ff2
40d53f8e
3ff93ec3
bdce4040
40794053
40964028
40f03f82
40d23e0f
be17bee1
4054bfe8
bf06c014
408c3f25
bf0a3fd5
3fccbf85
40883ff1
4039c008
404e3e03
4000bf09
403e4094
3fa44080
bfae4092
bff93f9a
3ffb4017
3f26408e
3fe83ff3
3e8b405e
bde9403b
3d00bef8
3fcd4009
40464057
3f9b4104
3eb1402d
410f4019
3f9340b9
3e904084
4094c015
bea03f8d
be894007
40274097
3f0a4043
40a740b8
40c4befc
40874026
3f66bd5e
406d3f90
3d274104
40bb402e
410c4046
401b4075
be423fcc
407a4019
3f443ed1
40b84053
3faf4083
40124059
404e3fc2
40a14039
3ff5405d
be284083
405940bb
40673f0c
3fae3fe4
3fbd4086
4027bfae
3fde3ff4
400fbfbc
40533f4d
bfda3f96
3eab4099
402ec00e
40b7c02a
bf983ff8
40344068
3f4bbf48
bfbcbf35
bf793fdc
40723f75
bfb9404f
be003f03
3f5040b0
bf2d40d1
bfaa3fa3
3e973e8e
3f834008
400840b8
3ed940bd
40a33fce
3ea7bf28
3e79be08
407740bb
3ebbbf54
401d3f77
40903fc3
3fa8bd7d
3faf40c2
bf78408d
3fc93f7f
beeabfb6
bd37bfa9
4007bc4f
3f0540d6
3f18be0f
40654080
3f99bfeb
3f914003
408c4105
407f4015
3f17bfbb
403dbfbf
406a4094
40bc3e55
bfc84021
3fe23e23
bf043cfe
bfaa407a
3febc017
bf91bf7a
3f1fbea0
401ebf10
407c3ceb
4092bfaf
40d33fb4
40e0bf9f
3f4ebfbf
400a3fcd
bcf63f17
40d14036
40073fb0
4027bf05
3fa0bfb7
3f4040ec
bf2c3f3d
bee7bf78
c023bfb9
bf3c40b2
4068401d
3f814070
40943ffa
40a24062
3ff94033
3f783edc
be583fbf
40c83f7e
40db3f79
3fd040b7
3fcb3e69
3f15c020
40a73f93
4068bfa6
40354081
403f40cf
3fee403a
40bd3f90
3fc2408d
4033bed4
40864094
407840b9
3f333faf
4101bf7c
403d4012
404340d8
406d40b3
4064be99
bf2b3ed1
3e643f4e
4066408b
40bc40c2
3eb13fe3
3d20401c
4038403d
3f7e40e0
3f92407a
40ac3f9e
40b4bf8f
3ea64022
407dbfa2
bf5e405d
40193fc1
408b3fee
3f3f400e
405a405a
400b40e8
bf6fbeeb
be484082
3f873fee
403abf2c
bf89407a
40e64019
3f1a3e69
4008beaf
3fe04096
402abfdc
3f94be0d
40fb4075
403840b8
bfa4bf70
3eaa4011
c003bddd
40c23f82
bf6c4025
403d408d
bd9d4056
40823e9e
4054404b
bf7d401b
402140b9
bdf240d3
40dcbe32
3fa4bfa1
3f95bfd7
40453ffd
3e4a3fc2
40d7be88
4007400e
3fd94092
4052bfe2
40b94070
bf97bf0e
4092406f
403b40b8
400a3f4f
bfa240ee
4076bf73
4041403f
bf263e9b
bd9cbf88
3ffe3f1e
bf71401e
3fde4048
bf3a40b0
3f334098
3fd43f9b
40a94025
c02b4078
40354098
404cc008
3faa40a3
bffc3eae
410ebead
40273ffe
bfb73f6f
beab40ac
3d93bf4c
401f4066
3fa8bfc6
4015c000
4087be6f
3f294030
3e963e7f
beda4085
bf883fca
3fbe40eb
40a14024
40c64085
3e5dbf4c
40153ef8
4089409e
409a40fd
bfe1401d
41053f36
40194040
3f40c01b
bf8bbfa7
3f413ff0
40af408b
bd08bfb7
3fb84008
40153e6a
3fbbbdcc
40be3f92
be9e409a
4018401e
3faabeca
409b3fa7
3ffa3e84
bf274043
405540a8
3f0c40e2
3fe94012
bf254001
bec940b8
bfb7bfeb
3e9a4002
40bebf56
c016402f
3ff4bdde
bfb240d5
409f4084
406f3f55
3f953ff1
40083feb
40294099
401140e1
bfd93e89
40f7bf1e
be493fca
bfa740e2
40804003
3e24bf5e
400d3f44
3df93eef
bf183edb
3f45408d
c0083f3e
be8d4057
3fd2bfd4
be824012
3f6b4064
40d2bf0b
3fc9bfb1
be06bf38
4046bf5e
40043ee1
40ea3fc0
405a3ff0
be673fa6
408940c1
bfb34012
bf41bd8b
bfb03f17
bf35bf96
402e4003
402840c9
408d3f37
bfb64054
3e3a4086
3fa840eb
40be3ee8
40b04032
40bfbec1
3fe94013
be1fbf99
3ed23c62
40014027
40c4402f
3fad3fd9
408ebebb
40923f2f
c0053f95
40eb3f54
403dbfd0
3fd3bfc3
408f40c9
bfdfbf33
40954062
3f8abfa8
bf8f404b
401d40ca
bfd4401a
40aa4087
3f8940ad
3fba4096
405340f6
409f402d
4068bfbf
be28be82
40153f71
3f66bf70
3e6e3fc7
bf853fa2
be6240a3
bf8a3fd2
400640a8
bec93f96
40aabe14
401a40bd
bf6a401e
bf9c3e89
40b43fae
40d03f86
403740ae
bf533ff7
40453fcc
bf5e3fb9
becf3eef
3fb4408f
bf873d61
40824001
40a44002
bfb43fb6
3f9b3ee6
408840bb
bfeec00c
bf413fe1
4026408e
3ff6407d
402e4082
40453fff
40974071
3fd2401e
3eb8bf40
be303f5d
3e483e4b
404a4103
c0073eb9
404b4021
3fa5bf2b
3d8b40bc
40bcc016
3f3abf25
bfd44067
3fe7bf9d
3ffd405f
3ff33fcf
404d3e8c
bfcd3fb9
3f6ebf86
404f40ee
3f01410b
40873e67
40983f01
3ecc4065
4067bfe9
40a640a0
bf3b3f8b
4095bedf
3f03402e
407dbfaf
404e3e9b
bfa24020
3fa13ff6
3f48bf64
402c40e6
3fec4015
40b74037
40404025
400fbfbe
401940a2
3fd24084
3da0402e
410c3e2e
3e283f80
be934091
40a13f01
405a3fc6
40a43d06
3fb54073
bf1f3fc9
4096be4b
bfc23e80
40bf3f61
3f7a4005
403940e9
408c3ea9
409f4015
c0063fc8
3fce4093
40774096
407240de
bf9e3e6e
3f823f45
3e66407c
40254063
bfd53f58
40db3f15
40c6408c
be9bbf96
406f402b
401e40bf
c0033e9a
40ae3efe
3fe53f10
bf8b4027
3ff24087
40e73fa0
410c3f25
400d3fca
3fcf4012
3f11400e
40913d4c
3f0abf20
3ee6bfbd
406c40b1
400c40f0
3e94be44
4020bf88
bf66bfd6
40624018
40913f3d
40c13fbf
bd27bf11
3d514049
bf8640b1
40384106
c0163ea9
408e404f
40084022
3f42405e
401540c8
bf304015
409a3c68
40094090
40423faa
3f553e68
3ff8bd32
c0264021
402740b9
3fdb403e
bf943e76
40913fe8
410cbeeb
3ebb3f92
3ccf4039
4063c037
4066401f
bf863f9b
3f1440a3
bdc14067
4094bfb1
404cbf52
40363d76
3dec400e
403e401b
4004409d
403c3e44
bf743e85
4084bf96
3ff8bf24
bf903e45
bfcf4029
c01a3da6
3f7a406e
bee6bf59
3ef63f78
401c40d3
3e7a3cc9
40543ea3
400c4012
3fd74099
4061bfb8
c00a4032
40cdbef0
4035bfa5
3fbf3f35
406abfaa
bf6e4036
3f90bed4
4015bf63
bf3b400e
3f7fbf2e
40953f5d
3f4b3f6d
3ff53e93
408f4047
3fb840e0
40d53e13
40913f97
400b3dda
be8b40a8
40c03f2d
bf963f91
bd5a3f43
3fbf4055
3f9740bd
3f76bee7
3e934021
40d13fc4
3f70be3f
3f4dc000
40683f75
4052401c
c00b4043
3f4a4088
4051bfd5
406a4081
40b94035
40b94000
401b4030
bf994022
3cdf4009
bfe5402e
406c3fc0
3efa3fb8
3f4f40ad
40033ffc
40efbeb5
40fd4069
be263f4c
403c3f93
40353fd3
bdf1be50
bfee4041
3f99bfaa
bf2d40a4
3fc5bef9
40434025
40d24016
3fed405f
bf213f9c
406e407a
408dbf25
40fbbda6
40024011
406d3f44
40244054
4099bdb3
c0083e38
40254087
bf593f13
407b3d09
bffb3fbe
40f04028
3c6bbfb9
bed44083
bfdc3fd2
bf843ecd
3ee23fee
40164063
3ec64098
4098bfc8
bfbe3fd8
bfecbdcf
3fe8be3a
402fbffa
bf1840ba
bc793ec5
c007402c
3fca409b
3ff33f8a
bfd9c030
40d0be98
410f4033
3f52407f
4058bf88
3fb240cb
40524030
40df407a
3fd8be0f
3ff340bd
bf8bbf2f
3ee4bd8d
40ea3fc5
4033bf56
3fd1c00e
3e8140b4
40bb4026
402a404c
be96bfa4
bf674072
40a740b6
40734015
4083bf33
c03a4028
4038bf18
3fa24043
3ffb3f85
409b401e
404e3f41
3febbee3
3fcd408d
402d40e3
40ce3f86
40404016
3d584089
bf7f4027
3f463fba
3f874019
40debf0b
3e573fd8
bed34096
40b7c001
408c3c0d
3f2ebf2a
40164051
40854023
3cf0bfcb
3fd13f8b
3f664044
3e353f82
3fc53ec6
3fc9be5a
40a13f9d
bf8f3fc4
be8340bc
401d40e3
3fa140f4
40bdbed4
bfb93f37
3f934064
402540ab
408d4074
40d6bf5c
3f893e04
40014029
4015be27
bffe4102
bf0b3fed
41003f79
400b4087
401bc01d
40af40a1
408e3fb7
407b3f76
3ea73c40
3e7c408b
3f1a4050
40d33fb0
40aebf7f
bef44067
bf883f8e
bfd0bfbb
4072bda7
bf024071
bf26bf41
3facbf1c
40664086
c00c4022
bfa3bf14
400e3fd7
405ac013
3fe640cb
40674006
40823f9a
3f844073
40303d86
4088bfc1
40c84019
bf14bf82
4004bcd3
3f924098
40514075
bf0e3f7b
40bebf99
beef4089
40263fac
40bf3ef7
409b4023
3fa8bec3
3f9abf08
3fc24099
be5540fb
400d3e9f
bfc4beb0
4004bea3
40334050
3fd14027
3f2fbef1
40013f00
3f16bd49
408f4079
bf9940c7
400dbf6d
40324076
3fb5bf1d
bf223f46
40a13e94
3ec43f9f
c0084052
40163f4e
3f8240ee
408c3f18
40054029
40223ed1
bf6d400b
400b408c
3faebf41
3f993fde
3e5dbf9e
3f1d401e
407d40c2
bf51bf0d
3dc8bf22
bfd9404e
3fff4042
408e4082
402f4096
40e93f68
4101408a
3fa4408e
40393fa3
4036403a
40b74089
40e44026
404a400f
3f723fd6
408640c2
bfefbeae
408abe4e
40bc3edd
bf293e62
3fb440e4
403b4040
4012401c
40d8bfbc
400140af
407940d3
4059410a
3f504030
410ebfa0
4005bf7a
40404000
4010408d
40833efa
406fbed4
4004bfed
bda040ef
40a740d8
c0033fcd
3f043fdc
401dbebf
3fe04031
bee940ce
bf903fa4
402d3fb2
3ff9bf6b
be9e403b
40ab40bd
3fb53f85
40f54015
4029be01
4059408a
408140cd
c01d4030
bfa6bf81
3d90bfaa
4067bed4
bff5bf78
40bdbc12
bea5bf8c
bcdabfbf
3f3f40ea
409ebfc3
bef33fed
c033bf27
beb9403d
401b40c3
40314083
40e53fbe
3f8b3f82
3edc3f8a
40823fbd
4013409e
bf8dbe0a
bf6a4039
bf6b3f0b
4020408a
400cbf77
40a0bf5c
3f42408d
4037401c
bf1a4043
401c4039
be1f402b
40724071
401240b9
3ff0be3e
40933f94
3f88be63
bf203f0d
3ff24094
bf3640d4
bf89beb1
4066401f
40babe11
3e623fe2
40873fc2
3eb74030
40db3fe9
3fed3f8d
3e46bf93
bf7c3f3d
4035bf57
bfa83f88
410cbf7d
40274089
402e407d
40b940a8
4089bf36
3f524054
402b3ef7
3fd6407b
40304089
40d8403b
c006bf93
4013409c
3ec140de
40894101
40c94001
4075bf7d
3ee5408e
3fe3bf81
bf95bc82
408e3f31
c032408c
3fa9bfb0
408c3fb8
3e6b40a7
bfcdbef4
40073da8
3ff13fbe
be7abf9b
4011be54
3eca4018
40ea3fad
402c408d
bfa3bee5
407e3fd6
bfa2403d
40d43f2a
40c8bf8a
3fbb400e
408c40e1
40bac002
40de3f14
403e3de4
3f33401a
bfab40bd
beb740ea
404cbcad
410a401a
3f8e4089
bf884015
40763fca
bf994019
40934007
402e3e9f
3fd83f86
bf1440c0
c00b402a
3f9b3fcc
bf163e68
408340e4
40af3fbf
3fecbec6
4051408f
bf27404c
bf803f56
bffe3ea9
403e4015
c0023f08
3f2f409b
40203fb7
3ee4410e
bf6a3e6a
40f34084
3fdcbfb6
407abf91
402d3f72
40a53f8d
40e4bf8f
3ffe40a9
400e408d
40644108
bfb33fd1
40733f98
3de6408f
40623ffd
40244098
40d33fe7
3e8b4032
3feb408c
403940d3
bd2040e1
bfb83f48
40a73fc7
4035406a
40854096
bfa240cd
c0033fdf
bf3cbf1c
3f5c3f9f
bf5340b4
bd5b410b
bfc7bd11
bef24043
3f97bf46
3e8c3f2b
be0fbfa6
40013eae
40ee3f15
3e87406f
408a407f
bef2408b
3e443f70
40ec401c
3e25403a
4048c001
4033c013
4036bf42
3fea4015
3e96bfa9
3f6bc003
40b34029
bf034037
3fb7403a
3e1340bd
404640e7
3f76403f
40d23fb9
3f9d3f46
be1d3fcf
4013bfc5
40874104
3f8cbc87
bf45bf87
40203fa9
3f5d40c0
409d40e8
4063bf5a
40a64033
3f87bffe
408f40ba
4087405a
4037bf29
40db4052
3f974072
40334076
3f6a40f5
bf3f4019
40ed3f6b
3fcb4068
408d40b1
3eaa4035
40a23fd5
c03a3fef
3fe2406c
bfac40b9
402e4080
3fc0be9b
3b863ef0
3ec7bfb5
3e034087
4073bf53
bfe4bf73
4100bf4f
bf0e407a
3ef5408f
4063bfcc
4005407f
408bbf3d
bfec3fbb
402a4071
3f0440df
403c40de
bf773ef7
c02d3f8e
3ffb40bd
404640ec
405140c8
4079bf19
c035bf7e
3fa4bfd9
3f9f402c
bfff40b0
402ebf5b
406a4069
40033fdc
402a3f30
bf39bffe
3e054012
c0034089
3f1bbe8b
406540a8
4070be1d
40e53f9b
410b4029
401a40bc
bf99400b
3ffa3f86
3f9c3fab
4076405c
bdc0bf60
3d4e40db
bfa840ce
40044037
40604080
4009be0d
3f274027
40b84007
bff9bf1f
410b3ede
3f86404e
4021409b
40a53f08
40d23f94
4058402e
3fbe3f49
4067bcf5
bf603dea
be2a3fb6
40ccbf4f
3fbd4004
4025400e
3eb93fe9
be13be0b
4096bf69
bf5a4082
bfb2bfbe
408fbf21
401ebebf
40ae3ebf
3e354020
40143d97
bfeabf01
40aebe80
bf62be45
3f7c408a
3fc6be26
408f4105
c0114031
404fbf4b
3f9b4080
beb040ae
3f83c02a
3eeb4034
bfb93ed8
3f7440b5
40413f82
4040410a
bf353f89
c0154084
3da24091
403a405e
bf13410a
40be3fc2
40843fa3
3efc3f6f
bf2340c4
40b440a5
40d03ef2
410e4023
3fb8408e
be3e405f
40a23fd9
40df4002
40cf4008
3ef540a8
3f714098
3f97bfc8
40533fc6
3d81403f
403ebf9a
407b408b
40973ef7
40e4be3b
bf133fb8
401240bc
4081404c
bfba3f8e
3f7cbe2b
c0294085
bebe409f
3fa64086
406440fa
403dbe57
bfb0400d
bde63f2f
40543f15
3e6e3ead
bfae3fc5
be52405b
bf4e4029
3fae400e
3d4a3d88
bfaa3f0d
40963fba
40e53f88
3e61bf62
40004049
409f4052
40893d83
bff03f3e
bf5abefc
3e09407a
3fdfc024
3eae3fd9
3fb2bf6b
402940bd
40133f14
bfd73f98
c0033f20
410b3f85
3faa40b7
bf873fc0
403740bd
40853fc5
403ebf31
3f684045
bf9e3fbb
40a53fd4
bfdc3e54
40f3be4c
400d40bc
3fa1408f
40ae4014
3f78402c
40b0bedd
bf7040a5
40494066
40b740aa
bfae3fe7
40f43eb5
3fc53e31
3fc240b5
3f3c401f
4097400d
4029408f
beec3f23
bf98405b
408e407e
3ff43eda
40f13fa8
bf0a3eaa
bfb440b3
4011c014
40d83fa1
40fa4082
3db13ec9
40434015
400ac020
3fdc3fba
c0143fbc
3d8540bf
408d405e
408dc015
c01b3ffd
40f54032
40144017
3f084097
bf8d4091
be103e16
40d23fc8
bf3240a7
3f843fbd
404bc008
bef23f29
40d8401d
bc44405a
3e6b3ffa
bfaebeb4
3fe7beff
4043bd19
bc6540b9
407040af
bff440ea
40843f9b
3fb53fe1
3ea5401d
bf0040c3
4012c005
4019bf00
bf083f3b
bf7c408d
402840a9
3fdb4062
bdb7400d
402f4054
3ff84018
405ec015
3ed53fa8
40453fa6
40b1401c
3e7b3f3b
bfaabf9a
3fb74080
40e1bf41
40143f90
40204049
408f40a1
40abbf22
40853f3d
bfd53d94
3f8c3d7d
4018405b
bf984062
3ff9be7e
4104406d
3f933fa9
4076bd8b
4012400d
c00c4035
409a4079
3fc0bfba
3f8c4011
bf27401e
4070bf37
be7a3f6a
3ff94059
404bbf55
409240db
be683ff9
40703fb6
c033bfbc
40343ffb
405540d0
be853fa9
3f3b4027
40874015
3fd0bf53
408b3ef2
bf8040b9
40e23fe1
40703f01
be8d4082
40813f8c
40103e84
407cbf74
40d1bf59
403ebfcf
bec3409f
40bebfbc
be5f3ff6
41063ffc
3fb04096
40883fba
408e3eb7
40b43ffe
40b9bf88
401b3fa3
408240bd
bfd7c036
40debe9c
401e408b
3faf3f70
3e673e7d
40ac4024
40c54024
40a5be0f
bf66bf84
400040cc
bfc5410a
c01a4001
41094076
3fdb3f16
bf53bf8a
bf18bfc5
40ef4009
40a73ffc
3f394079
bf88bedd
408c3fb0
40e3bebd
40d43ee7
bee4bf91
4047408f
3eba3ff3
40193f63
bfffbf1a
40084015
bf8d3e01
bf0a4104
c0184003
c02b3f41
bec84057
bfaa401b
bf3240ea
bf09bf0e
40ddbfa4
3f2a4085
bf384080
3f864082
c0123f0c
4099405f
beecbfbe
bf7e3ff0
400240be
3fdc3fbd
400e3ce1
3f823f95
bf4b408c
40994074
40d83d52
40c6bf25
bf734080
bf203dd8
40bb40b2
bfaebf06
40d34088
3e1940b8
403740cf
40563f9e
40e53ffb
3fdfbeae
3fadbf20
402abfad
3fc7bf6c
40a83fe4
40b5bf7c
bf334020
4028c005
40b24012
40604005
40273ec0
3fc83f1d
3ebf40d8
40864097
40e53fe3
4089408a
bef0407c
401e409f
402fbfe1
40274033
4030be4b
3fc64039
3d27403a
405a4070
bfdfbe8d
40e73dff
400bbef9
bf2740c1
40154073
403b3f17
40213eb5
402e3fa3
405abe94
407cbf67
40c83f60
41054076
3ffc4058
be69bd88
407cbff0
bfcc40fb
40c7402f
410c3f30
3f98404b
4025bfe4
bd80c005
c01c4014
bfa43e8b
402e4091
405d40ef
4092409e
40bc3ef8
409a3ee2
3f72bfc1
408e4003
4088404c
404d3fd5
402c3f8e
3fc3401f
3e1e3fa2
4035c026
40d0bf7e
4089406e
402740be
3f114075
bf014105
3e5d401a
40733fee
3f87bf82
405dbf7c
408b3ff4
40b03f9a
407c4016
3dc740b6
40654062
40464074
bf613ec9
3fc6404d
40193fbe
3f4840b7
bfec3e93
3f6d3f48
40d5bf66
3f304072
3fd1bfe8
406b40f3
408f3fbc
40b94071
3f04bfb7
3fec40e8
40be40cf
bf024024
40c64017
3e8e409e
408240e3
bed5bfce
40d43f89
4062bf86
be7ebfda
405240b4
bf4b40c9
40a03fbb
c0243fe2
bedc3ec5
400640dd
4052bfc8
3f5cbf51
406d407e
3e2c4096
bf1b4091
3f04bf3c
c0153ffb
3fc44087
3f7e4089
3f74400c
40234014
408f3f8f
c0223f5e
bf2a3fe3
3fe64050
404abf2f
40853efa
40ab408e
3fa140ac
403d3e1f
bfa3405b
40a33fb7
4095bf5c
3ec64089
3f9f406f
40184109
407c3fc1
40ea3f11
bf723f8f
406740a1
3f81c01e
408a3fcf
3e9f400a
40184082
bec5404f
40a9407d
4022bda6
40123d09
3f264092
403f3fb3
3f883c37
be5ebeb1
403f3ed9
bf6440a9
3fe440a4
4064410e
40123e13
409c405b
3ff54050
40144095
40854095
40c23f78
40c83e94
bf303f9f
3f36be0c
40b4bff8
3e674005
3fd74023
40054073
3f2bbf6c
3e604020
3f993f3a
bfed4022
4051402c
4014405e
3fef4081
40374047
40164031
40883f37
bf1f4021
403d4096
3f2840bd
bf8bbeaf
bfc3bf85
bf7e3f7b
400340c8
40893fba
3d193f66
3fea3fa7
3ed54012
3eee3fd6
bf29beb6
bfc34032
40bbbd00
3fc8be5e
4081bd48
bfcd3d14
bf064013
bf7d407d
3f9540b0
3fc9bfb7
3fee40c3
40b33fcf
4061bf85
bd07bfd8
bfae40b0
4089c039
bff5be56
40774049
3e313f40
bf40bf86
40ad3ea1
40a43e3d
3fd7401c
3fa34086
3f3840b4
406040ef
40eb3ca9
405c403d
3f8b3fc5
bf92408d
40a440e3
40983d8b
4102bfab
401e40ac
3f89bfc5
3f7cc00e
4083bf66
40c74078
3ed540b0
3efbbfda
be17409d
40de3fa4
401f3ff2
3ff83fc1
3f854084
40ad40a7
409c3fc0
40203f38
3eabbfa8
bf8840ac
40b84105
40a03eff
beeabf61
401140b7
befc40b7
403940cb
40c6400a
40c64025
bf2340a6
4027405a
bf9a40ad
3fbe3f6f
40c8400d
3e44be03
4004bf05
400abef9
40a7be47
410b3fd1
3fd54047
4075bff9
40873ffb
40a33ef6
3f0fbe71
4019bfc5
40413e1a
be4540f1
40703fbb
40c4bf27
4030bf93
402c40e7
3f814030
be9b3fc3
410a3fe0
3f7240a9
bf4cbf4e
408cc029
40a93fbf
410a3fba
bf2c40b9
bed83fce
bed4bd5f
40cb3fa6
40febf71
4002bd2f
4088401e
bda6c00a
40083fbe
40474084
3ff33f0c
3ef7bfa8
408abf87
bf8d3f68
40624077
bf5cbea8
3e233f4a
bf94c037
3fe13fb9
40e24017
405cbf1b
3ebbbe0e
3ff53ff2
3ff03f3d
40a93fb7
40b9bf86
3ffa407e
3fcf40c0
407740ba
40ec3fb1
c01c4021
3f934029
3f4a40e2
403cc013
40bbbbed
c023403f
403f3f3d
3f3440db
40733fc7
40dfbf7d
bfa03e66
3fc84016
408240b3
3d7140c3
bfa13fe3
bec6bf1c
bf2cbd86
3eee4078
3dc14106
403fbe28
bff8bfa3
3fc2400c
3f424056
bf374074
c01f401a
40ba3e8d
bf2fbf51
3fdbbeda
bf5d40e8
3f7d3fb0
3ed73fde
beb74057
bfac40bf
3f123f93
4010401d
40ba3fad
bf4e3d9a
bf8c3f0d
4003bf88
409ebf2d
3fbe4089
3f50bf58
40553fff
408240c3
402d3fcf
bea5408c
3efb40a0
403b40dd
3f04c00e
40de4007
40a13fbf
3fc93fb6
3e963e23
400640f7
bf484006
40b73f3a
3e134024
3f454088
bf48bf8a
40a83ed2
40c23fe4
bf17407f
404f40be
be3440b6
40903fc1
bc894083
400b3e65
408f40c6
3e9a40de
bf6cbe88
3ebc3f08
bf133d76
3ec040a2
40373f72
c0083f29
40a73fe1
bf784047
401240be
bff540d8
4088bf2d
40cd4082
3fdf4044
3fdd4082
408b4109
3f493e75
40f7bf8d
400f3f5d
4018406e
3fa53f97
bf093ff1
bfcfbfb8
3fa0be8c
bee3bffa
4093bfe3
40513f47
bd9fbe44
3f903f86
40173f02
bfedbfbc
40a7be5f
bf37405f
3cda40be
4069403b
3fb93f99
40624024
be7f3ef8
3fed4088
bf8e40e6
3fb740e9
40b03f44
40bbbeec
4018bfe3
3ffc3e43
3fa04037
bfeb4013
40fdbe73
3f4040a2
403440ec
4034beb4
402c3f42
bf903f6c
40aebf0a
403c40bb
be0540de
40564107
bede3ff6
40eb3f3d
40133f11
3f144097
bdea401a
bce3bbad
409dbf97
3feabf4e
bfb740db
bfe94005
40cabf31
3f533f99
3fec3fe9
3f3c409d
40ae4086
c0003fa0
3d384087
3e3d3fab
3f9440b6
409840d3
c0173fb4
40ec404e
bf5a40b9
bf8abf94
3fbe404d
4056bde0
bfbc3fc4
be574090
408540c3
bfb0be71
3db93f44
40cabfa7
3f503fbe
401d40cd
40be3fbc
3f8e3e98
3f1d3f70
3ee83f25
bf8a3faa
40414098
40a13eda
bfc74079
be8e4042
400940a2
40423f91
3d35be0f
40bc402c
4016bfac
4047be59
403c3e38
40143ffb
410f3f4e
3ec040c0
bf96bff5
becd3f57
be293fab
4093408a
3ffd404d
4037bf8e
bd63bff0
407a4030
3ed03f85
3f903f58
403640b1
bf00407a
3f13bedc
40f8401e
beb84006
4026405d
bfaebd86
402f4025
bfed3fab
3ed13eb6
3f853ffd
40aabffc
40d1402d
bf984033
bc16400c
3f494085
40b1c005
c0084031
bf263f38
3fd03f7e
4042bef3
403340d5
40713fc6
4103bdef
4015407b
402e4053
3e37bfb8
40ea3c52
c02e407e
3fbb3f36
bfa53fab
40994017
404d3faa
40eebe7f
3ffb4018
407d40c4
bea7c02a
bf94bf63
4090402a
3e923e35
bf2440ae
4069410f
40a73f10
c0054069
3ebb404a
40864090
bfe53f08
403c3f5b
400d4015
3fb64082
3eba40d8
bf153f86
4017be32
40cc3fdb
3f904059
bfbfc00e
be1a4002
3f403f14
40913ff0
41053f59
bf2f40b3
40374095
40a540df
409f401e
3f63403c
3ffbbf08
3f4a3ed8
40b9bfdc
3fc4401c
408d3f9c
3f9d4024
bf3540e7
400e410d
40b84008
406b3c33
4013403f
3f20bf29
407c3fa1
40c74031
bfbb3f50
403e3f65
40584025
bf4c3fef
402f3e61
40ac3f8d
3e843f90
4083be99
4059409e
3fe8403e
beb6408b
3f1340a3
407240bd
3ef040f3
3e3a3f2d
3fcd400e
3fba4085
bf78bfdc
3facc03e
be3e4004
410a3f94
3f6a405d
3ee74073
4024410e
40923e28
be5f3f41
bdc03fce
3ff33fec
40a3bd8f
3fb54035
3fb34049
40093fa5
3fbb4083
3f8940d5
c0104014
3f03405a
400f4082
3f9bbfac
3e4e4021
40973fed
40cf4040
3fc340a8
3fadbfef
bfce4106
3ff93fcf
4101bf9b
3fe4409c
40553f82
3ef3c00e
402e4015
c0363fda
3f823f4b
3fb040a6
40464027
40ed4005
40d63fa2
3e4c4041
40193ff9
406fbd03
40d84006
405c4041
3f31bf91
3e334020
bfe53fdb
c0153fb1
40e0404e
3ebc3eec
3fcabfcb
407bbf27
40de4020
40124086
bf5f4084
3f9bbf34
4042410c
4009bc81
40e5bf82
403d4097
401d3f0b
408e40a2
bf6a4006
c03e3eb2
3f1f3fb6
4026402c
3fa4c037
4080403a
3f6e4080
402840b9
3fb5c00c
3f0a4099
bfedbf37
40493e79
3ff440b5
40724013
409c40aa
bfbd403b
3f6b4047
401d404e
40653df1
40464108
bf43bf12
be734025
3fb9bef5
3f3140c9
3fecbf85
bfb7bf11
40b9401a
3fb24064
bedabdf8
3eb03f0b
bf7840b2
3f8dbeda
40da4028
401c3f75
3f563f15
bf0b40bc
bf73bebc
c001404b
3fffbd08
408bbf42
bf8440ad
405b3f11
408a4087
40243fc2
bfa43fbb
40454098
c00b3eea
bf79bec1
3fda3fbf
3fd240cb
bd9f409b
3f103fa2
40a0408d
3ea1bf9b
408140e9
40824103
405a4008
408d403e
3fb9bfa5
40014093
408140e2
40b13e4a
4089be85
bcbb4076
3ee540e4
40484029
40b3be66
40e14012
bf76bfb2
3f27402c
40b4409b
40c93f99
4019407b
3ff0bf71
40834064
be5f4109
40b23e28
41053e68
4029bea1
3f1d3feb
bf87410f
40803f70
404b3f87
3faebfdf
3f65bf43
bf4940bb
409d3fbd
41003f27
400f4089
bfaabffb
3fd540c0
be5d402f
bf553f00
3f544099
40473e87
40814101
c01c3f56
c010bfaa
4005bff0
3ff84040
bfd3410d
4057bef0
408c4044
3e05be02
408340a5
3f6d4108
bfc4be9a
40cebde3
be3540b1
3ff640b3
40604091
40a93f66
4070bf52
3f443fcf
3e814017
3fadbfbd
bf1cbf2c
40cc3fab
3fce3fe0
3ffc401c
bfe3400f
409d401e
3fb24029
4015bf49
bf9d4010
bf7540b0
3f36be0e
4014404f
3ffd40a4
408c40dd
bf81c01b
3f30bdf2
407ebfa1
bef6bfdd
400040a1
40963fe6
409a3d8a
3f6d400a
40213f02
40193fd9
3f9f4107
40a93ec9
41064053
3f863f59
be694015
40b6bf3a
3f95bf64
410dbf89
403c3fa2
4020bf85
3fad410a
bf93400f
c03cbf94
bf03bf97
3ef04095
3fea3edd
3fcf4032
40d24027
40b03f37
4001403a
bf544034
3bbd410c
40bcbe56
40534067
403ebfef
40584016
3fb940ac
3f2e3fd0
40aa3fe1
3f4abf2f
3de7bff7
409e3ef6
40e1be64
3e924046
3bc63fe0
3ff24002
3f41408a
40d73f4f
40a6be49
4002bffb
be353fe3
407a3f8d
bfd53f58
40ed4085
3eff406e
bfa13faf
40063fa3
404cbf60
bfc64046
3fccbfbb
406e406a
bfef4058
40c8bb9e
40c94018
401fbfe3
4015bfad
4089bff4
3ea13fb5
408fbf9a
bf09409f
4030407e
bf504064
3f223f2d
3f27403d
40093f16
bfa13f54
403a4085
40e23de3
40213fd7
3f614018
3f7c3cf0
40364065
4000be50
3fd33f8a
3fc13eb4
bf69409f
404ac036
4051403f
40053fda
3fa1bff1
407a4092
3f594099
c0154009
4017bea8
3f9fbf24
40004022
406340ce
40a63fc4
bea24085
3f424080
3f8940c1
409640f0
40ea4005
40a33ece
bead3f8b
bf7e3f2e
3fbe4052
3ff53fd4
4102407b
40224091
bf4f4087
40854084
40ec3e7b
41094057
3f7a402c
4022bff9
403bbe89
40ee3fa9
3fec3f8f
3fec408c
3ff93ef2
403540e8
4089be6a
40b6401f
40334045
3fc8407f
40a83ce4
4085403c
4105406f
be8e4037
3fb53fc0
3f804103
bf52401c
3f703fe0
bf273f9c
40173fc0
3ef340ff
40314031
c00b3da5
be964095
4066bfc9
3fdd410b
bfc84015
3fd73fb2
bea63e50
4005402a
3fae40b7
c0183f94
4006bfbd
4036407f
3d1cbdd2
40503ffd
409d401f
40ba4086
40b14043
3f1140ba
3f3b40b2
3fdb3fa5
bfdc3fb0
c02a3f7a
3fa3409a
bfbd404a
bfcb40c3
bf7b4001
40ef404c
3ead3e01
3fda406d
3e19403f
40a33ff0
40024025
400440a2
40894002
406b40a4
3ead3f6c
40a63f1e
3f4940b9
40894076
bfdfc039
bf974025
3f89be88
40063f7d
4034bfcb
4055bf2b
40e93f68
bf9ebf99
3ebe40ae
be5140ef
40314108
40d64001
404f4083
3f2c4094
4005beda
bf8b3ecc
bf633f83
4100bdb5
3f9a3e0d
3fd8408e
408740dd
40c23fe5
bf3a4060
3f524090
3fe740c5
40b340e5
bf613ec6
40d2406f
403d3f8d
3f7ebfde
bfb94069
409e3fa6
c008bfaa
3e854084
bf694015
3fe04015
4088be83
c013407b
bf72becf
bea540c1
4066408d
40453f72
402b403d
3fe8bec0
40413fb7
bf114067
3f7f403c
4101401c
3f44beda
3ff040ec
40a840ed
40663fc3
4100bf29
3f8640b7
3f144005
40933fd1
bfa93f84
bfefbd7f
403a3f93
40853f7f
bf45c040
bf0f3daa
c0074053
bf77403a
3fe740be
3fe54077
be773fca
4106408c
4009bf0d
3da1405b
40a64063
3faf3fb9
3e233ea5
be1b403c
3e5240a4
bf4e4107
40e73fec
4009bfb8
3ffb3fe3
40863ff8
40adbf97
408f3f5b
40ae4054
3da63f88
402840bb
bf28bf8c
40663f96
3fb03f73
3fdd4067
4001400a
3fd840b6
403a3ee9
3f8b3ca1
4028405d
407a3f67
3f0f40fa
409f4014
40654011
402c4090
be4f4036
3fadc00a
3ed23fce
41013e39
3f2b3fe7
4084c018
3f8440a8
3f25bfd3
4018bd5c
40e5bf88
3ffb405a
3fb34060
40a2bee9
c013bf6d
407b402e
3fc140b2
405ac01b
40754006
40783e64
4058beba
3fa5be81
3f94bf18
bfbec02d
40af3ff2
407d3f91
403f4055
3eba4077
bfc1c020
40b44032
404f3fa4
3fae4078
401ec00d
beec4053
3fd83eaf
40e84005
3fe8bfbd
3fcbbff7
4090402b
bfa93e5e
40e84010
3faf3fcf
3ffcbf9c
3fd23f13
408e4014
41044067
3f8cbf9c
403f4096
3f59bfc0
3f01be39
40fd406d
3c6a40bb
3fa8409c
bf5a3f0b
bfeebf0f
40d63e06
3ee44017
40783f36
3fa0be34
bda83fc3
40833fcc
3f93409f
40313f8f
40a83fd1
c0123fc5
41014046
3e90409f
3eea40b8
3f0ec012
40013f38
40fb4088
3efe3e63
3fe13f92
40944105
bdd33f0d
c016bfaf
3fe43ff7
3f953f8c
40a7409c
c007bf13
40b94085
3e83bf9f
3d9b3fe2
3fe63d12
40acbd7f
40da3f37
4020400d
408d40b0
40814105
404e3fb9
c01d3e59
40334066
406a4079
4089c021
bfdf4038
3eae4010
3f984054
3d4340ec
3d9a4091
be99be8b
be283f40
be233ef8
4029408c
40abbf96
3e8d3fe6
40c63eb3
400d4004
3fb3402f
3f4c3f76
4082bebb
c03a3fce
bf2a3eb7
4048bffd
bfd340a5
bf014003
bf523f02
bf0fbe0a
4085407d
40703e4e
40d0bf45
3f0b3e1d
be44408d
401f40ba
3efc3e49
4098403b
4037401e
3ffa40a3
bfb340be
400b3f86
40ba402d
bf4c3fd1
3f64401f
4030bff9
bf2e40b9
406c3fb6
408f4029
410d3f3c
3f203ffb
401a40bd
3e803c15
40b83cf3
c0173d4a
3fcebfb3
40894011
40923fae
bfe34002
3f20bf36
bd69bfce
400a4047
409f40fb
bfb63eac
4100400e
be06bf76
40563f27
405c40ff
be753ee6
be0c4068
402e3f8d
400b40a0
409f3eb1
beb43e77
3f074059
400b4056
beab3fb9
4068404f
40483ff8
be654054
beb8403c
408b4070
3ee540a2
bf2e3f5c
bfab3e12
3ea8408a
3fa840d1
bee8c02e
40503ff8
40c44067
3fd73fdd
405240a2
3f564075
40c5bf43
3ff6bd73
3e1a3eb9
3fea40a0
3f8d4103
40953f7b
3f104088
3cb4be0b
3d1b4092
bfac3fcf
409b3ff7
bf4a3fa9
40373f8a
4030bf6a
bf8c3fa3
4013be58
40e9beab
3fac406f
3f543fe7
be994063
3f9bbe62
41003df8
3fd43f6b
3ed940ce
409cbf88
40a84028
40a0bf88
bc144082
4087bf14
bd88403b
40b64011
410d4048
bdbe3d8f
407340eb
bffe403e
bfbabd83
bf7e408f
bea740ad
408240b8
4098bfd5
40453f38
40183e16
401a404a
40354072
402d4006
40d83fc7
410abf38
403cbfc6
3f634033
404840e0
404e3e4c
40d94002
40223fed
3d413ee7
bf37409a
409abcab
bf8c3f17
4033bd96
408540e4
40254057
40da4027
3f09be42
3f453f9f
3fc44006
3cdabf79
40613f15
40e94019
bf2abff1
bf594098
3f04bfc8
40b9bf35
4041408b
bf39bf69
be0f4051
40263fde
3fa0bee0
3f3c4021
bd103ee7
403b4078
3fb64023
bfba3ff3
3f574037
3dd83fa5
3f8e4090
40894045
4062bf01
c0143ca8
c01f4057
401e409c
3f0ebe42
3fb8c034
3f573fe1
c00d404f
3fc94002
bfad40ee
40ac3f78
bff64003
40613fe9
402e3fa0
4082409d
bf32400d
bf83be82
c0104003
bf6cbfda
bfbebff7
3f39c002
40194024
bfef4001
bf3f4008
40894066
406fc03f
40513ed7
409b401c
bef83ede
4042c013
4012be9f
bf0f4024
bf9c3e9a
3f28bf21
40663f93
4083c002
bfe5be7f
40803fff
3f56406c
bf3a40b9
bfca4026
40b43fe6
bfcdbfae
403f4076
3fad4074
bf5abf8a
40263f9b
3fd03faf
401440be
3ed540eb
409fbf0a
409f3f1d
40df3e9b
bcee40a3
408e405c
409f410d
40c14011
40fa3ed8
beee408c
4032406b
bfe240b1
40c43fd2
be6d4046
bf80bf79
404440cd
401abfe1
40a03eb9
40973fa9
4025bfcb
405c3f52
406dbf6e
4032bf1e
bfdabe59
3f483e19
bf00c00b
3f6ebd92
bffc4037
c0263fef
3f194008
3fbb40e3
4098404a
40473fc4
40aabf89
bde44062
40894092
bfa840c8
407f3d93
4110403c
3fed40a7
4059406a
bffa40fd
3f953ee4
40c4408c
401d404f
3ffd405f
40964101
40483f61
40ad4077
bf554022
4000bf6b
408a40b1
bf0a3e79
3fcb401d
3fc4408e
3fc53fc7
3f833f70
40b93e83
3fbe3f7d
bdf93ee8
3c9540a1
bdcc4006
406d3f28
c00b4089
bdd73fbc
3ed93fbd
408bc018
bf0f4003
40174064
3fa1400a
406e404b
40184049
3e19bf24
40e04065
4030407f
4034bfa7
40bd4109
3fac4046
40a93f5f
40f04088
402d3daa
407740b8
40ab40ab
40a8401b
40074081
4011bfa8
403dbdd6
bf2b3fd8
bf353fe2
c00e404e
be544050
3f6740ea
402f3e29
40e73e81
40e1bf8b
3f80403d
bdad3fe3
bf60409d
40533ea5
40e03fd3
40193f6d
40634003
4043410e
3ffdbe63
bd383f21
bedc4030
3eecbe09
be8b4047
40103fdc
400c403d
bf4440a8
bef73ecf
bff1bd8f
400c3fc5
40a9bfac
3fb73f9f
bfb83ec0
400740fe
40c83fae
bff4bbc9
bf27bfdc
bf484085
402fc026
40603d04
410d3fa1
3f66407d
3fc44051
40934065
40393f71
40dfbdc5
3ef4bd3e
3ec0bfb1
403940ee
4001be99
bfb33e11
3f173f7f
402e40e6
3d193f37
40ae3f74
40a53ff0
3fcd3f60
3b9240ad
4044bf1a
40ed3fa6
c0363f78
becebfdd
3fc13df2
40864020
409d401e
c013bf35
3f1fbd09
3fccc00e
408ec038
3df1bf67
40524068
401fbf83
3dc83f8b
3e04c014
40343f90
3f973f61
3fbc3ff1
3fa9bfa0
40083ec4
40d53fd5
405c402e
3edc4085
404d40e7
bfaf408a
bfe93f82
4092befb
3e0a4080
3e7fbf77
4092bf17
bee24029
3f82bf0c
3fdc403a
bf203eca
40283fac
40873e52
bfba402c
3f003fca
bfb4bff1
40ac40ae
bf4c3fb2
410f403c
3f21401c
bfa8bed4
40323fed
40243f63
3fb2408f
3f8a3f40
3ed3bd4a
3dbc4069
40edbf3e
badfbf95
be84bf9b
bfb33fd0
bfc440bf
407c3fc3
41053ec6
bf394086
4017401f
403e40d8
bfd43f6d
40ac3f00
c0363fc0
3ff83ee2
40024015
406c40fd
40eb3e94
40afbf77
3fe53f63
408940de
3f5fc03c
409d3fbe
3ecdbec2
3f774002
4040bf96
bef73f9c
40363f25
c01b3eda
be404056
bf06be81
be413fba
3e544001
3fa6bf4e
3ef73f76
3e0e3f68
40b7bfb2
40bc3f7c
3ff7bf74
3e81403d
40224094
3fda40b0
40ec3f19
40ffbf1a
3fba3f83
403abf97
be6bbf9f
40ea401d
404e3ff6
402540ba
40374088
3fe2c03f
3f413fba
c01e3f01
403f402e
3f193f36
3f56bf95
3fd9bf58
c00f3fa9
3f964046
be7bbfd4
3fce4106
40113f85
40994043
402d3fac
4078bf54
400f40c4
40dbbf55
c0354088
3eb440bc
408c40a1
bf1f3ffd
3f8c401f
3f284027
3f96bf94
3feb4099
bfe9409d
4015be35
403f3f6f
3fc1be94
40603f97
40ac3fef
be424028
406c407c
3f7bbf8e
bf4940e3
403c40bf
40863e17
3f353fe9
401a3fac
4076bde4
3fd240b3
401e4028
40c53e9d
4016bfee
3f33400d
bfd04006
40774040
40cd4003
4037404f
befabea3
bf9b3f38
4017be4f
4094400c
3f9ebf8d
40854073
40ab40e8
4089bdcc
410e4085
403f4082
3fb64091
40a6404e
bfa03f6b
40a8405c
bcccbf92
bf49bfd1
409d4105
bed03fbd
c02bbf7d
3f4b4045
406740b4
409c4022
408d3fa3
40d63fa7
3dd740ad
401f405d
bffe40e3
3ee63fdc
bfa5bea1
be8940a1
40714024
408c4039
4036bf05
405a4016
3f0ebfd5
3fbe40a3
400b408a
c0023de9
bffe4011
4035bfef
403bbe91
bf094033
403a4109
40ea3f9b
41033fd1
40083fe4
bf3f409e
4084c028
408d4008
3ffa4060
3f8140ba
40604023
401e406e
bfe63c9b
3e36404d
4016401a
bf73400b
bfab40ad
40c83eae
40c84071
3ff04031
3f6f4007
40844029
3ee74022
40c9be7d
bf633f70
be8240d6
407e4047
4059401f
3fd63fb4
bf7a4082
bf20409e
402940b5
40b24009
c00f3fef
3fa940a7
3fb0407f
4068401d
3f6c3ff6
c0274053
3fc2bf57
bfbcbfb8
bd814038
40babec3
3fd1408c
3faf4095
406abfaf
bfacbed2
3dc03fcc
40233eb1
3fd34014
3dfbc003
3fee3f25
bf1e401c
be9a4031
40133dbb
be9e4053
402b4102
3fa5bf33
4095bf9d
40134089
406c3f92
3db6bf52
3f613e43
bfc4bf6d
3fd240a8
402a403d
40b93fdf
3f3f4030
400c3fca
3fb0407a
401e4009
40a640a5
befd3fbe
c0013f32
3f9fbfc8
bfa240e6
40244030
40724020
bfee4087
beea4020
3ea5bf7e
3fa03f1f
3fc93ffb
4087bf9e
3fb74083
3fb04066
3fa33f4e
40debef8
bfbe3e98
3ff0405c
beca405d
bfda405b
40b5be93
3fea408e
40194034
40593ed1
4004bf8c
3f9e3f97
40dc3fb0
3fb4bff8
3f43bfe5
3dd7bf9d
40bd3f19
c0013fb9
bf634070
40823fd0
4087404a
406d401c
3f974034
4022bdc0
400140bf
3fa64082
3b953ebf
be38408d
3ffa3fbb
be4c406f
3e9f4074
bfb0bae8
40d8bd88
4011bf6f
bf23400d
bff340c8
40c8bf76
40d7be56
bf69bf9f
401540b0
40014005
40863f89
402c3f98
40ccbe8f
40103ff4
bed9bf36
40b6400d
40253f64
410bbee1
bee740bb
beaf40d7
40a7be79
403c3eec
3f753fc1
beb0bf7f
40703fa2
40403fbd
40bf3f41
40fd3fa4
3f9b4081
bed63f00
40b140de
4036403f
3ead4082
bf33bfb7
bf82404a
bf0640b0
3fcf3f7f
406c4084
402b3f4e
3f33bf99
bf133e94
40ef402d
40c8405f
400040ba
40764035
bfef4091
40a8bf74
409f4029
bd923ec7
404840ad
4081403d
c00a400c
3f7c3fe2
4040bfd5
408040cd
bf85bebb
40c93ff9
c02fbfb6
3f9e4001
bfa44021
be8940d0
4039bf08
40d03d00
40254058
405d4030
bfe03fe3
3f9b3e1c
40443d47
3faf4037
40213f73
3fc23fb9
40d9bedd
40ab3fde
be244082
3f4140ee
409e4021
bf693f8a
40c9400d
3eb0402c
bf8abd8b
408f3fa0
bfbd4029
41053fee
3fcc404d
402940d4
40bbbf46
40c03f5a
bfe6beba
3f97402a
3f2940c7
40b1410a
40aebf41
40e23e86
3ff54094
400f4088
3e7b3fa7
40b0bf7d
3f6d3f08
3f53bfd4
40673ea6
3f964015
c00e403a
bf12be70
3e934009
bfb9bf47
bad03ee6
bfdfbf44
3f8bbf83
bf6fbf6b
40084044
3f2f403a
bfb93e97
40ee400b
3f22bed7
40264065
4072c02d
4077bf4c
40db407a
3e1d3fae
bf86be5f
40be4029
40164017
402fbf2f
bf5b400f
3f804014
3f0d409c
40a63f50
bf9c4023
3f98bf7e
409040c0
4029bf5d
402f3def
402a3f3a
3fbb40c0
3f78409a
bf744059
bf9a401d
40a2404a
bf3440a2
3f2240a5
40304090
bfec40d3
c0133fd0
c028be92
3fde403b
40284090
bfb740ef
bf8e3f3f
40323ff0
bf433f4e
4043404e
3fd14080
3fd73fe7
bec84029
403c3e8f
3fb2beee
bfa840cc
3f163ff9
3e854015
3fbe4087
3eae40e6
4005be8b
40c0bf3f
401d3df9
3f2a403e
3f133de4
3e9c3fe6
3fc53f20
40cdbf64
3ea54074
3f9940ef
bf08bf82
c01f3fef
bf31404d
3fcb4086
bfa4bfcb
bfcebd84
c01c4015
3f22be2b
401e3ef5
3fbc3f45
bfca3f9b
40cd3fd2
40184075
400940a7
4002bfd5
3fcf40bd
bf8d3fb4
bdc0402c
be3b3f9c
3ec0bef7
3fe33f6f
bfaa3f3b
40b34076
bec440a5
402e402e
4023bfdf
40e03e64
bf39bf94
bf154048
40043ff1
3eb3bff5
40bc3fe2
bf19405b
3fccbfeb
bf8d40b0
405e40a9
bf16401e
40c7400e
402a4047
3f98bee5
bfc33ff4
40443f16
40c03f13
3fb04020
407b3fc8
bfd64104
40d33f53
40da3f24
3f07be0a
4019c013
3fe13f25
bf80be8e
c009bf93
3f1ebe99
bf9c4027
3f98410f
40b23f8a
c0324001
401f3fab
3f7440e4
bfc640b4
409a4026
40ebbf32
40193ffe
40883f38
408b401e
4087402c
40a04026
bef34096
405540c4
40a1c034
3f3f3e01
bfa5bf6b
bf1c40b7
bf9f4007
40653fbf
408f3fd8
40e14059
4021bd2f
4028407c
408940bc
40993f64
3e3b3e92
3ffd408d
405f3e95
409dbfb4
3ffbbf2f
c0154087
3f7d4099
bcb4bf82
bfc7bf76
40c23fa7
c037bf1b
3dd03fbb
3efa3fdf
3fed40f0
400ebf94
40633fa0
41073fa1
3cc54066
403bbffe
4010be58
40ba3eaf
3fa13f13
be0b40ac
bf53bf0c
bf564065
3f8b3fe0
bff34058
bf764027
bf27bf9e
40a53fe2
bfa64030
bf3e3ff7
4021bfef
3fcd4098
4059401c
3f1cbcce
3f3d3fe9
bd30be03
bfbc40ab
4072c037
3fa03fe4
bf103fa8
bf6e3f88
3fb94044
3fedbf45
be00bf12
408c3fa7
3f933ee3
3f93409b
bfa640ff
3f623fb4
c00f4019
bf0ebfcf
3e7dbe91
3ff63e4e
3ff94004
40fd4074
3d833fb0
3f38bfda
3fa340a0
3e5dbf47
4029bf9c
be80bffc
3e7040aa
40904103
3fd13f29
40bf3fa8
3ffbbfaf
bf9dbfbe
bf15404e
bd8b4006
40febf04
40373fb7
405440e6
40a94056
40473f62
3f844090
3f8fbf59
3dbb3fed
bf9a4084
401c3edf
c012beed
401cbfee
3f1640ce
400dbf57
3f2e403b
bfaa4086
3f9c3f91
408840df
bfecbf30
3ff23eec
3f2f3f5a
40023fed
4010bf53
40b8bf2c
bfd83f57
40bd406f
4024402f
bd86bde6
409a4082
409b400a
402b4001
3ea33fc6
40814011
40bc407b
3fe53fca
c01abfa5
3f594097
402e3fea
4026be9c
3fb13f91
40074052
3f00403a
bfbc40bf
3f8840ee
40c23f36
40c43e69
400e4055
3f8e40e1
401c4014
40e44036
bf074069
3fb64031
408640da
4045406c
409d400c
4075bf7c
3fb44042
4090bff6
4097bf4e
bc1a3ff0
40ce3f8a
3f783f92
3e9540cf
40a9bfb3
40b4bee2
40a13f94
3ebf40a4
bf9e4030
408b40ab
40753ff8
bfd6bfa2
3f63402b
be05406a
40493f2f
4022403e
bf53beb0
40d2403f
3f6f4039
404f40a9
3e284049
4031402a
41023fa7
3faa406a
3f15bed2
40944104
bfcd3f8f
40533ffa
40353f27
3eaa401e
3f3140f0
408cbe88
4041bfaa
3ff5bfb3
3f814097
407540a8
3fff3f64
bf8a3f36
403bbf2f
40433f48
407dbfda
bf5fbf02
bf433f17
40033f4e
bf3e40db
409640ce
3fdc3f58
c01e3eb8
403340a2
3f273cab
bfdc40c3
4010bf27
c021404f
3ffc3f18
bfa3bfcf
40bc4102
3f603f68
40b5bf91
3e0240c0
be3e403b
40b6402b
40663fda
40d0beb3
bed03f94
bc8040be
40264095
3c81be05
3f59be5e
4030bee1
40234004
3f084054
40824004
c0044089
40293ff2
bed5be9c
400a40dd
bffe3ff6
3f87be1e
402940a7
402dbfb5
402c40c2
3f153ee6
408fbf8e
3eec3f70
40303d7d
4008401b
409d3fb2
be81408b
40103f66
be8640ae
40b3bf4a
40953f8e
bf9c403d
3da940a6
404140ba
4001c022
40d8403d
40d14061
3f1dbfbf
402abf28
3f99bff0
c013401a
bf90bfa0
3f943d95
3f95400c
408e4023
bfdbbe9e
409a3f57
3e874067
403f40dd
40314065
401c403c
40d23ffa
403dbfd9
3f734007
40a0400a
40e13f98
40983fc8
40323f28
3fd4bfb7
405e407a
409cbf4c
40c0408f
bf3dbf65
bf64bf86
409b4082
406f4014
3d81408d
3d073fab
be093fc4
40b34102
bfa5bab8
40aa3cfc
3f1abe63
bfb340d4
409b403b
40d6403b
c006bf10
3f86bf28
406ec01e
be9240d9
3f8a3ff1
bfb4400d
3f09405b
bebf3f94
bdd13ff1
409140c3
3f1a3ebd
c0393e99
3d283fb3
403940af
405bbf1b
40ce4025
4098405c
40374089
401b3fae
bff240a2
40ed3f8c
3f7c4001
bdca3fa1
40474085
406abe90
40dd403a
402b4057
40353f15
406b4063
bfcf3f96
3fca3e0f
3fae3ea0
3f573e2d
bfb8bfc0
402c3f95
bf314028
c026be98
3f0bbf87
401ebf3a
3bc3c03a
3fa0bf1d
407a3e84
3f98bfdd
3fcabf2d
40473f8a
40963feb
407dbf88
3dd1bf6c
3fa940cd
bf7e4054
bfe3beaa
410b403b
beed3d1d
3ec2408f
40b4bff2
3ee8bf5d
c0224027
3f91bfb8
3f003f9f
be5a40cf
3f9a3f98
c006be2c
be5d405b
4025bf99
40bc3fa4
40debed8
40664081
3e1bbf95
40464094
40a540f8
403b3f56
40574041
bf7e3fb9
3e15bf92
3f36410d
bf703d66
3fc54002
be3d40b7
3d5e4097
40a9bf6f
40b13fb4
bfa84012
402e403a
40264016
3c5440d1
bffd3f21
40033f80
bcc13ee6
4014407c
40623fb9
bf8d3fd6
40c43e83
3dbd4032
408c4056
3facbd9c
40e24005
40d73e5e
bed5bf91
bedb40e2
4017405f
408b3f99
40f44056
40183f66
3feb400d
401e40a8
3f444030
402a4016
bf3c3fa2
400c40cb
4066c038
40b33e94
4048403d
3f123f6c
40084022
405d3f1f
bff2403a
40e93da8
beba40aa
405440d5
bf8640df
3fe83fff
40ffbf1b
3fccbec3
40003fa5
406b40c8
400f4022
4065400a
be04404e
bbc04033
3fe4401a
bea83fd8
c0083f43
40fb405a
3f2fbef5
406c40ef
3f8a40e3
40cc4017
3f8c4013
3d6bbfea
4007403c
3ec73f2e
bffbbf1c
4016400b
be13409b
bf24bfb4
bd2c40ea
3f9abe78
bf533f84
bf6d40a3
40164069
bff93fcb
40523f98
c0194031
bf63bf79
3f84409b
3f09be9a
3f624030
406abf15
3ed33fcf
3fd84084
3f6540f2
bf953f7d
3ffa4087
403d403e
40863e9a
4083beec
3ec43f16
40483fe0
4003bf9f
40033fbf
3cd1410f
405a3fe9
40d1bea9
3d2040b4
bdea3fe6
40b8bf7f
40bd3ff2
3fb34019
3fe73fa5
3d014056
4082bf98
c00d403a
3e49bd5e
402c4094
3f6f4058
bfd33fe1
4072be3f
40f73e4d
3be34069
bef93ff1
4046bd9d
40ce4031
40b1bfb0
4006bf56
3e5740df
3e4c40c1
408ebf66
3ffc4087
bf11401d
404cbf2d
3ee1410e
40033fe2
40b14077
3d913f71
3eb8bfc4
404b3ea9
40573fda
3f44400b
be823e8c
be5540c0
407b4074
c0133f3e
bf104030
3f1e4021
401d4022
3f3740c1
40c8bf4f
3ffd4040
3f713f8f
401a3f8d
406d3ff7
403d4013
3ecb3f4e
3ff0409a
3f5240df
40844008
3f8e3fb1
c0374067
be923f6d
be68c01a
bfd94012
40d9bf02
bfa74043
be88bfd4
4077404a
bf2240a8
404e3f9d
bf9d4079
4010409a
bf99bf26
3f40bfc6
4013be63
40fd4083
3f0abdbf
3df24086
bf9e3f3a
bfdf403a
406c4082
3fafbf34
406c3f84
bf4b401d
40463ea6
bc263ff9
3ff53ea5
3fba40a3
3f874102
40b84006
404d403a
3f3740a7
40263f58
bf8540b0
bda640a2
c007bec6
bf79bf57
40153ff6
3fd64032
3ff33f13
40243f5a
be953f9d
4040402f
3e104094
401540f7
40e53cdf
3f954014
3f1f406c
be2340c1
40993e96
403abf15
409f3eab
3f9f40b6
beb740d2
409d40e9
4073bec6
41003edc
3fbd4008
402f3e78
40b740ad
40e93f91
c024bf83
3f9e3e71
3fc440a1
bf1f40cd
40913fad
4091bf3a
3ff74051
3f25bd92
bc9c3ee8
bf943efa
40e63f7f
bf7140bf
402c3fa7
4073bfb9
40944003
bfcc4070
3f86bf95
400140ba
bed2bff1
bed04032
bf704087
4031bf8f
3f364095
4028c02d
bfe93f1e
3f3b4056
beb54096
bf44bf9f
3e3ebf4e
40e2be66
40ef3fa1
3fad40af
3ec940bc
bfae40c4
40963f7e
3f84401c
bf35bf9f
3fe64075
408cbff2
400bbd98
3f92406d
bea93f49
402b4057
3e9c408a
3fa84040
bfe44052
bf7c3f4d
40003de6
40054016
40ce4016
40dd4062
bf2f402c
bf9fbf3b
bff1beba
c0073dd9
3fe24006
3f573fd6
3f8e40dd
3c97410c
bf194001
41073f74
3f36bf78
bf4140cf
3fa4bf0d
be333fae
40e03f6b
403a4082
4073bfcf
3fc64078
40ebbf0d
bef93f83
3ffb4022
40503929
400dbfd4
3fd5400e
c03d4067
4002bfa7
4069bf2f
40114095
409d3fcf
bf89bde0
401f4093
40834033
403b3f0c
40b23b49
40e6400d
bf083fef
bf144001
40a040a9
bf8f3fa9
41014075
bf07bfb5
40874025
401a40bc
408cbf74
40ec4069
3ef340a2
bf45be60
3f3840b4
bfe1405a
40293fc3
40fbbf4a
401a3fd5
4074bfed
be7c402f
c008bf7b
bfd04025
3fb140ae
bf17bf0e
40493d35
bea84034
c02bbf27
3ffc3ee3
4027408d
401d3f09
40b7bd05
c0213f22
400d3fc7
401a408b
3ff34052
bfa23e8b
4057408b
400d3afe
3ed83f4e
4022408c
3fa83f14
40834049
40024008
3e27c009
be784015
40c23dfd
410e4043
3f89408f
3ffa404a
3f0fc009
3fe53ffb
410a4041
4039408a
40133fba
40884096
407bbf67
410f3f7e
3feabfc7
bf89409e
4028c00d
40c8bcf4
404abf99
401f402d
408740b3
40ae40a6
c00a4017
408e3fb4
40324012
407bbf46
bf4ebf66
3d834018
41023eef
3f3c40b2
3f5e409b
406a40f6
bce24007
405c3eba
3db7403e
bf9f40a3
40be40d6
401d3e88
3fff405a
40333fda
bfa84090
bf82bf31
3fd83dca
40e6bfb2
3f31bf15
407d3ecd
bfb740ae
c003beaf
40fa3faf
bf6f40ab
3cf74077
4026c01a
40573fda
bf294084
4020bfed
3f394005
3fc94091
409b4004
bf2cbf6e
3fdc3fd3
408c4099
4069c02f
40b1bf51
3d84bfba
4033408d
3faa4084
3f4abfd2
bf483f90
3fc5bf00
40094064
bfbbbf9e
3ec7c012
c019bd57
bf1a402a
be1abf5a
3fc740d2
40a640de
40d6bf79
c036bf90
401a4098
bf993e4b
bfbe4024
3ec93fd2
40c0401a
bf693f47
405040b7
40343f50
40903fc6
4049405b
402b3fe4
403cbfef
4015bf1c
c010402b
40123f4b
3fe43f59
40523fed
4081bf64
40ea3fa1
3d63401f
403a3f14
3dca3f32
3f6840ab
3f5bc016
bf34be5b
bfb8bf02
3fa03f71
3fbc40a9
bfba4046
3ec93ebe
40ad3f84
3f154015
400940ca
408c4068
3eab3fc0
40f7408e
401e3fe4
406a405f
40b1403b
4043bef0
3faf3f84
3fdc4081
bfa73f42
40bb400d
40d7402b
3f793e10
4024407a
3fecbf64
4031bfce
c01dbe96
40f1400f
400b3fbd
bfa140a2
be974002
3e89bdfa
3ef1401d
40223eb9
beda3cdc
bf2a410b
40e9befd
40dc4087
4037bd9d
bebd408a
3fdf4100
4060bf67
4100401a
3f6a4002
3ed1c001
3fc4401c
bfdd3a34
40e04024
3e8c3fb4
3f07bfb3
40023f22
bfdc4003
405a4090
4000bfa3
4056403f
bf1b3f9e
bfca3e92
bf904025
3f25409d
bf7a4058
4006405c
c0133fbb
c0363e4c
3ef63f98
406940bc
405f40cd
3feb4039
40f94049
3e3b4071
bcb84091
3d4cbefc
40e53f0b
40a63fe4
4005bfd0
bea63e8a
406e4079
4099401e
bfdb406f
bbf6beb3
40054086
408f3f04
bf1b3ea7
bf143f04
bf504024
40653e53
3f114081
bf0f3f73
beeb3f31
be40408e
3f9b40e8
be9240ca
3fe3bf5e
40693f8d
beea3f03
40684060
403340f3
4092bf48
c0103d02
3e8f3c67
bd543fae
407d4081
be543ff8
c031402a
403e405c
3faebf5b
bfc840da
3f934009
bf894022
40084039
bef14022
3f413f54
40c84009
3e65404b
3ffcbf76
3f3f40b7
4044c026
bf72bd14
4084bc4a
bed13e67
bf2f40cc
402940f1
3d83bd37
3febbfb6
3d12bf88
3f2140ab
408140bb
405040ae
40cd403c
4045408f
3f0f4056
404dbe87
406cbddc
c0114005
bfd03fd7
bf22402d
404a3da9
bf4dbee1
406fbe7f
c0304004
3fb73fc8
3ece4093
407c40e8
40b9be9e
c034be5b
3dcf4077
406fbf71
4011c02f
404fbf40
4058bf66
bf494025
403a40da
bfc84063
be2e3f5f
40dd4090
3bc3400b
3fb54069
401f4104
40353fb6
40a23f9d
3fe93ec8
3f4b40c0
409840ee
40d73e35
408f3f8a
3f6dbfe0
3f1d3fb9
40953de6
40d8bf1c
40d03f9e
403940bb
3f623f67
40af3f87
3f06402c
40e94060
3f46403f
40163f9e
40a93f48
40884010
404b4029
3ff2406c
40614035
bff9bef1
c0154004
c01c4023
3e5a4003
bf814026
3fa8bfb3
40543d98
3ec8406d
bf41bf26
3fedbfe5
40b640d8
40653f64
41094090
be4abfec
40223f08
3f67bf77
bfd8be67
40a53fde
3f66bec1
3f853e99
3fa4bbd3
40b1beb1
40154054
403740a9
3f693fb2
4015bfa6
bf2e4032
40ffbfbe
3e6340a3
bf4a40d8
3f0e4104
40b33eef
bf9e408b
40153e3a
404c4096
befd40cd
40443fad
3e9dbe4e
400040ba
bf674012
40ac4090
40d9bf12
40bf3e90
be8340a7
3f4f4023
40a14073
40423f68
3f993e94
40274088
3fb93fc4
40ad3dcd
3e5e3fea
401e3fe2
402c40a9
405640bb
40b34010
40a9400d
40d4405f
bf203faf
40334070
404d40c3
3fd44007
4108404b
3fa740b5
bf4bbfc2
4015c018
c00c400d
bfe2bf0f
402840b0
40633f3b
bf7740cc
bf07402d
bf114018
407fbe3c
4003bffa
3ff43fb3
404b40d3
4005bcd4
bf72408d
3f344054
3f91bf94
be0f410b
40a9bf60
41034081
3e71bfc5
407a40b3
bfad3e9d
40873d91
bf05401d
be8b4049
3fbdbf8b
3e994079
40af3fef
bfe8400f
3fe5bebe
40834067
bfb9bdc8
40bd3faa
40a04083
be8a4082
402b40a7
40b24109
be263e7e
c00ebe7d
3f5cbf5b
3fc8bf69
3e97bfc0
40cc3ff2
40c63ed6
401f3ea1
3c7f40e3
3fad4069
409d3fb6
bf95bf7d
3ff54018
3f63bf11
bfb14047
40173f55
40383fa4
3f4bbf13
3f64c00a
beb440f2
bfc1bed9
c03a407c
3ff2bfde
be15bfdd
40b2c034
4027be3e
406a4006
4027408b
3fcebf5b
403840cc
bf804008
41003fca
3f324054
bf874051
4095c00a
3faa3fcf
408abf9a
bf7dbf62
406e3f19
40a540eb
c0163e96
3f424084
40384089
40154094
40afc038
bfec3ec7
bfe5bdb6
3fe0bed4
400040a5
beb740f4
40134036
3f84bf78
be7c405d
4015c013
40b5c01f
40be3e20
c01d402b
3fcb3fde
bfa33fc4
bf6a3f6d
c0094020
3fd2bf89
3f4dbf8c
3fa040eb
bf11c01d
40b8bf52
c03d3e8e
bf613f37
400e408f
bf753e8f
40a13e88
bfda4075
4015bfe1
3f1ac01e
401b3fc6
40083feb
c0003f1c
403e407b
3ff2408d
40a84103
40a43f92
405a4002
3fe440ad
4022403f
4051bfe7
40d23f80
40a63f90
3f14406f
40664093
bfe8bf9a
3f874006
40284038
bf0fbfac
403240cf
3fc040f2
be58bf26
40d74025
4034402a
be82bf4d
bf403fc4
3f443e64
3ec63ee0
c01c4084
3df440ad
3fdc3e8e
3e9a40ed
40d0be82
3f86bf3a
3f8140b1
4090bf2a
3fb8be8a
40404001
4091408d
be8a40a2
406d4091
bdb5410b
40a3bf4c
40944059
bf5a3f19
3f0c4095
40504109
40a3bf7c
40bf4072
3ff3bfcb
bf323fb9
3fd9bd3d
40b43fff
3fc94003
bda54057
3fd640ab
408ebf8f
40854006
3fcf3eff
4021bfb6
408f40da
3f00bfe6
40aa3dd4
408fbfb8
400a404e
3d5140e7
be9440be
be773ffc
40863fe6
40163f9c
40803c2a
40344028
4087400e
c02cbe0e
40213f43
3fadbf97
3f5fc00b
40de403c
40e2bf16
3f8bbfe4
bf864090
3ed8bf39
40d3bf2c
40493f33
3f7b3fff
4069bfba
3c344020
3e2fbf21
3e1d4064
40043ff5
3fdb40da
40414084
bfb0bdf2
bfde4024
3fe13f48
bf91bf3e
3e4d410e
be653fd6
3fb53f6a
3f6f4068
3f46be76
40224106
bebebde0
c03cbeaa
400f3e6e
3f6abf62
40924092
40523f88
bfa64064
3f0f40bd
400b40b2
3fbd405a
3f213e63
4070405c
becb3f59
3f3a4087
bffd4069
40353f9b
409f4019
3f89bfa0
4016407e
bead3f37
3fdabf45
4090408f
3f364092
3fad3f6a
bfe84030
3ed73fe8
40043fa5
3f1dbf3c
beb940df
bf6abfc6
3f573f10
410dbf6f
be4a4099
3f913f8d
bfa340ea
bf48be9e
3dcabfa1
bed54094
bf65c00f
4054bf9e
40ae3d81
3f9f408a
3fa43e39
4045bfe7
3fd03db9
beb73cd0
40c7406e
3fd640bd
403cbd11
be653f7c
bfb84095
bea1bc6a
3f803e25
bdf6bf52
408b3f98
bda440fe
3ff83f01
4088bf19
40083e84
3f423efd
40974068
3f86bf3c
408c3f8d
3f4dbfdd
40674062
407440fd
40993f81
40963fc2
bf2540a6
3ffbc018
3f7b40cd
be58bf46
40504072
3f093f32
408540ab
406e3ea5
409b4039
3f8f402d
3fdfbf5f
40183f8e
401c400b
401f3ea3
400d4061
3fd540a2
bf1a40c4
4053bfce
3e3a3f99
41104028
4017bf4c
bfbd40e9
40994014
3f163f22
40323f80
bef4400f
3f0440e2
beb740c6
409a3fc5
4049bfae
be0dbf8d
3ef4bef8
405e3f9d
be303de0
4101be1d
3fc24091
beb740d1
405a40d7
40883f9a
40c2408f
3fd84025
bf714068
bfb04108
40bc3fc3
40ebbf5c
bf75bf8d
3f5d401f
3f4c4072
c0133ff8
40e74010
40164057
3ff43fc5
405ec033
bf4a3f86
bee53eb9
401840aa
408c408f
bf3ac037
40cfbed4
40df3ff1
3e0d40bd
3f95bf0c
bf9c4075
401abed9
3f934089
bf373eab
3f97c009
406c40d9
40ba401a
408d4090
400fbecb
3cc13f94
3fa2403b
3fdebf4f
40c83ff2
402f40a2
408f4070
401e4100
4000be66
40663fab
bf364055
400ebe8c
bea23ff5
bf9b3f89
c00d3fd2
3fe6407a
40794001
407640db
bf6d3fed
40a9405d
40004089
3fcb40e3
4097c037
3f89bf21
3f0d3f92
bdd4c000
40523f44
409ec027
c0003fb7
40cb3ea0
bedc409e
3f5dbfff
40a6401d
40a53f5e
3fa44076
3d943ee3
400340b7
409740a7
bf0c3fda
bf71be34
bf5b4006
402c3f1e
3ef240be
bf1240c8
40ee3d3a
bf483dba
401d4023
beab40b2
bfee3ed3
402e400e
40dd3d88
3f54be7e
bfaa40eb
40974109
3fee3fb0
bf92bf6a
3f0f4092
bfb33e2e
40b84057
40eabf3b
40ad408d
3f573f9e
40034015
3f0640b6
40b73f72
c0073fba
40314007
3e90c014
400e40c3
406e3f83
40c03efd
3fa840a7
bf903ee1
3ec2bfd0
c011bec9
40c5beba
402d3fd1
3f3ebf3d
3e734095
3e95402d
c005bf9f
be2f3fab
4010406b
4093bf2e
40e8bf6e
bf873e97
bf7a4045
3ff8bf95
3ff640e4
3f314007
40c44001
3fad403b
bf083fcc
406e4052
3ec3bf26
40974005
402fbedb
4051bf5c
405ebf64
c01b3f82
40e94037
3fa53e50
bf22c01b
bf424102
bff74007
41033e2a
3f804015
bfab3f0f
bddc4105
c0133e87
402d4001
3ff23ef4
405e40da
3f2c4037
3f824029
c021bf48
3d80bf8f
3fd040cf
bfc63dab
406c3fc9
40d0bf42
bf593f2b
3e734095
40a34036
3ffa3e68
bf12400d
4023bfc0
be8d3e6d
40724063
40cfbdc0
3fe04070
be4bbe98
4085bece
3d07bf9f
3fa4bcec
3f0e4008
3f51bed4
402040ba
406d3fa7
3f483f45
beb43f1e
3c9b408c
3fdd403f
409240c2
40434002
3fdd4074
bf7040a3
3fe340d9
bf6c3fab
3fdf4013
40cc3f4e
40104069
40894012
bfcbc03f
404cbe03
3ff04054
bf204047
bf20bf1f
40a5bf9f
bfdf3db5
40814077
3f6b40b8
4075408d
4020bfaa
4065bf72
406ebf43
bf3e4040
408f4029
3fd03fab
409a3e8a
40eabf1d
bc4bbec1
40303fb5
404ec016
409bbfca
40a5bedb
40e93eaa
3f8ebe8b
3da83edd
bf433f02
3eb1403d
407f404c
beca408f
3fc840c4
408640b8
4029bf29
3f37bf8d
beae4089
be87be7f
bfa7c014
3f493e3f
3fe04054
402b409a
40374072
408c406e
bf93400b
3f9c3eac
3fc8bfb0
4081be9a
40b03f6a
3fa6403e
bfa1bf3a
3f5abf4e
4037400b
bfcf3ffb
409c3fd9
40e84001
3ed640bf
400f40d3
40b340df
40393f3c
40e2bf8f
3ed840aa
beea3c81
40bcbfa6
40583d71
c0343f08
400f40a4
3fa6bf37
3e4b40e4
bf183ee6
40854051
3fdd40ae
406340e2
bfad3f50
bf983f5c
409e4025
3fe43fc3
bf0e4088
403040a1
3e283f76
3ef13f71
3f81bf33
bf00c00d
40864083
3e373f95
40493fa0
400cbf6a
3d27c018
3f3f3f51
40834031
3ebb4054
400640bc
bf71408d
bf7bbfa5
40b9bf1a
bf103f93
3e9f3fc0
3fc340b7
40893f69
be38bf1c
bfa4bf3f
bf1340a9
405640df
4002bfe7
3fe2bc8e
4097bef7
402f408f
3fd4be7c
3fdf3f4d
40ef402d
bf07406b
40013ea0
4009bffb
4089bfde
400a3ff1
beae3f7e
3ef9402f
3f023f94
3f4840e6
bf8c403e
40e24081
3fef40a2
bf9840bd
bfb34056
c0063f1e
400cbf2c
3f9a4041
406e405b
bf3040db
4081be5f
40db401f
400540a8
3f584054
401640b9
40e0bf56
bfacbed0
3f5940a5
bd2b40e9
be873fb9
bf973f04
406a3e31
bea03fb3
40873fa3
3f2abfc5
40993f2c
c0144009
40f93fb2
4008bf91
4063406b
40ac40fd
408a3df8
40d2407d
3f973faa
bf63bf5c
40093fd8
40a93f7d
408e405e
3e3840a0
bf9e40eb
3f073f84
40833f6d
40f5bf21
be164022
40094048
bf7140c3
40234022
40c13eb6
40204016
403640d8
407abff7
3f413fdd
bf594089
3fe940a2
bf6b40ef
3fcf4109
40dc3ff1
41064057
3e2f3f8c
bf17bf79
3fe5bf91
400d400f
40e63ff3
3f5fbfc2
3e424088
40423ec6
40b83f9e
bfb9403f
bedd3fcf
bfaf406a
3fa9bf9d
bf743ef1
c0203ee9
bf0ebfd6
3f7940a3
4045409b
3f21bf80
40eb408f
bde44005
3f61400e
4092be81
3f763fea
bf95beb5
3f5340b6
40223f87
40b340d1
40dc3fb8
40b5402a
40173fde
4085403d
40b04088
3f103c06
40c14038
40193e8b
3f063e22
bf35bfcf
40ad3e63
4082405b
3f253ff6
3f9dbfc9
4091c032
bfc23f88
41084019
4035409c
bf8f407c
3fbb3fa5
3ca84011
40ec4050
3f2940a1
bea04008
408e4069
40e73fa3
3f20bf58
3f5b40b1
3fda40dc
40144004
40b34038
406d4060
403fbf60
4017408a
40af3fcc
40b8bf3c
40853ff6
be5740b1
3f92bf20
beb5408b
bdbe3f9b
40da4059
3fe140aa
3ebcbfc4
3f6c4062
bfccbf42
40a63e3a
3f3b40b2
40563f99
3fcac03f
3e8c3fe7
40894003
3cfa409f
bf53bfee
4089bfa3
409b3f98
4107bf1f
bb094056
be0f406d
3ef8bf9b
409abf19
bed6bf79
3fd1bfd6
40614011
bfec410a
beaf3fa2
40a73fef
3fb4404f
3f413fd1
3fcc409c
4075bea9
404d3ff8
4101bf48
be354023
bf84beba
40b9bf6b
401c3ed3
c0093fb8
3fb2408f
40553ed3
bf84bffc
406f3fec
bf1f3f35
40123fa8
bf1e3f87
3fb23fa6
bfe5bed0
40e74023
3fd340bc
408740b6
40a73e08
3f66bf0b
3f53be87
4014403b
bfbc40b3
bf89404f
40483fe0
40dc4038
bf514010
3f48bfc7
3c5c3cbc
40adbe0f
403f402e
400540b0
3eaf3f0f
4043410b
be783f83
c00b403c
bdd4bf4c
40383f94
408c40ab
3b9a402f
3fdabfab
bf3b40b9
3f803fe0
40a63fd3
3fe7be40
3e1a4072
3fb0bf37
40313f95
400a4018
40ae3fb3
40754011
40203fb1
4048bfb9
bfccbfd2
bc9ebec2
408abf17
3ebcbe80
40874045
3fec40ff
40854020
3f643ebe
40193fc8
40254061
3fb4bf1a
404f3e00
3f324063
40393fd0
4084c00e
bfc5c017
bf883f8d
bf97bf21
3f6dbf87
40543fae
408dbfd9
c0083edf
409b4028
3f994078
40153f8a
3f9c40f4
40eabf21
3f883f27
4008408f
bf34409a
3f5dc03b
bf7a403f
40133fa8
3fe93ff1
3fbe4085
405a410c
40dd4039
bf60bedc
3ecd40b4
405f4091
4000bf92
bf9b3ee9
4044406e
bee8bdf6
4087bfdd
3fc9410b
bf0bbef4
bf1c4080
402d4078
bf15407d
beaebf70
3f334014
3fa44003
bf68408a
4062be78
406940a6
40ce4000
3ef2407b
40284096
40243fa4
bf1bbf9e
3f693f0b
3e8dbf3e
4014beaa
bfa540a7
408fbfac
40e13fe7
40cabf04
3fb940af
3f623ed3
bfa540d7
40904067
bfe0bf19
405b403d
3fe53fae
407f40e9
4053407d
3f04beae
40514075
bef5bfdb
bed2409a
404fbf32
402bbeb1
410b3e61
bd854053
bf9c3f22
407340d0
bffebf20
befebf89
beb2404c
bf6c3fc3
3f93be64
befe3fea
c005bf4f
3ff3bfc0
bf81bf97
bfee409c
3f263f51
3e3c3fb2
3fe5405d
4022befe
40a3410e
40d6bf55
4031bfa3
401abf2b
bf8d40ce
3f43401c
c005be08
40c93e8b
be96bfc0
3fc7408b
3f564021
3faf3ead
bf723f8d
be753f6f
40893fa5
3fbe4107
40784036
400b3f8f
3f5dbd95
40054032
3fc740d1
3dc23fb0
3ebebdbc
403e4091
be6f40c0
40af40a3
40e93fb8
40933ea1
be3a408a
4089bff3
401dc02c
409a4020
40d1400b
bf093ff2
4070bd39
401040ba
40903e91
40314022
40113e56
bf93be13
bf9040a3
40e3401e
c004bf8a
be473d05
40273f83
bfe840c3
bf304027
40d6bedd
bf5d4061
3f9540a1
402940b1
bf1f3fea
bebf4070
4028bff7
3fc54079
bfcd3fcb
bfc43f38
bfa2bf68
3f294085
3ff040ca
402fbffb
3fac4008
3f674084
40084027
40104093
bfd74085
4021bf5c
3f9a3ebe
40154023
3f663f04
4046c038
401d3f24
40b8bf41
3fdf3fbb
405c3ff3
be8f3ff8
40bc402d
40704026
3fd1403b
bde8402c
3faabf16
3fb23f72
c03d403f
3f023fa2
4036bffa
bfa33f84
3f4f3f78
c0263eef
3f7f404c
403fbfb9
bf4640f2
3f9d403f
40b53f9b
40263ffe
403640a1
406a4109
bfd9beba
40cb402c
3f91401a
400840c0
bd8a4091
bfd7c001
40a63f83
bf414011
bf0c3f69
4050bffe
bf4640cd
bf6d4009
c03dbebe
bf27befb
bfaabf9d
4085407d
3fdd4015
3ff8bf8d
3f5c3ef2
3f44bfa8
406640bd
bfee3fd5
40dfbe81
bf353ff8
40664062
bee44073
3fb84033
40d23f86
3f8740a9
bf3ebf5e
4070bfcc
bfdc3fa4
40c8bf81
3fbebd60
400c407d
bf7340c9
bf753fba
3f80400a
3e6f4061
40104041
40843e9b
408a3fd1
c00f4082
40243f51
be924096
bf7740e7
40b23fab
41103e9d
3f6c3f53
bf45c017
407c4100
40aabde7
bfc34033
3fe040a7
40844091
40a64103
40ba3e04
bfeabf72
bf7cbe6e
404b40a1
408f3f2b
409e3f8e
bdf53d41
3f8e403f
3f8240b8
bfc740c7
c008be95
3f6e4017
3f993fa7
40293f65
bfd0410d
4015401f
c0224070
3f98407e
beab400e
40843f09
bff84033
3fb73fe7
bf393f42
bf5ebf48
407c4093
405f4034
40c24085
bf78401c
4043409e
403a40c1
4037bf34
40fd4020
3fb13f41
408fbf90
408b4058
40ee3fa4
3ffb3f9d
3fe63f97
3fc9be03
bfd03ef8
40ad401e
be34405f
3f99405b
40123f92
3f84402a
40bcbf5d
40f44007
bf0d4068
3dcd4018
3fb840e3
bf8ebeff
40ad3f8e
3ffc3fc5
3dc13fda
40b53f97
bf37bf51
40d34008
3feabff7
403f4015
3ef53e6a
3fa73f8b
400f4064
3da03f24
4040409d
4063bf95
c009bf4c
40703f96
3e3e40ad
bfba40ae
3e20c038
bf923f89
bf8d3edc
3fe5400e
3fdc3fb5
404e40ea
404440c0
4058bf3a
bf423fa4
3f723d88
4071409e
3f20405b
bfae3e5b
c01b3f9d
4037bd85
3d4c40a9
409040e7
401e3f0e
3f0d3f8f
402e40ae
404440dd
bf913f5c
40ee3f8e
3e643eea
3fff407a
3f2140ad
408c3fa9
bf904036
41054081
40383f88
3eadbff3
bff240fc
408d3ff6
bfbd3f85
3f94bf43
3f04409a
40b3404b
bf443eea
bf0cbce0
3e093fc2
40894024
3e43c027
40bc3ebc
40793fc8
3fcd400b
3f804090
4070bcc4
3f3d4003
bf5a3fc3
3f25bfeb
403abfb8
3e423f15
40833fef
be6fbf81
4024407d
4039408f
3f3240ea
40a4400c
40b0bf1c
3f1f40a8
bf483e85
bfd04100
40134030
4109bec1
401640ab
3e9d4056
403640cf
40803fdb
40d4400a
3fe74017
405fbf6f
3e12409a
3d81bf1e
be0b3ff6
bcf9bfe6
3c14c01d
408cbfb1
40604031
3ffa3fc7
3fdabed6
40194045
40a53fcf
bf7f3ffd
bfb4bf1b
400e4089
406740a0
40bebfc8
406a3f8f
3f843eb6
3f9640bb
400cbf9e
3f4d40f5
be07403b
40a1408b
3ff03f4c
3e9340c4
40bb3fa4
be474018
409ebe58
3fbe403e
3f8e3e8c
bf2b410e
be6f3f91
40644079
402f3eb2
bf033df3
bf4a4063
bf3b403e
3f823fe8
3fabbf0e
40193ffb
40b340bd
408f3fa8
4095bf84
3f3e4055
4078bec9
3f944025
3ffebef4
bef93fc2
bed03fc1
3e89bf2c
40bbbfc7
4095bdfc
40db3eb7
3fa74090
4038405e
40ab3f71
bf2d3fa8
40993fd6
401dbf76
3fccc01a
400dc00a
3f68bf6e
bee93f83
40813f0c
3fab3f87
4089be68
406d40b4
40644028
bfffbf55
bf094023
4051bf9f
4004410f
bcb83f16
407f4077
3fe4bec1
40093fc8
3f73408c
be383fd8
c03ebfa6
3cd93ced
3f813ffd
3f76406f
40934013
4001408f
3de140aa
408f400d
bffdbe92
c008402d
bf074048
3ff7406a
408740d2
bd6f410e
403f3f98
bf3dbd05
4003bfaf
bd563f8b
408c4103
c005bd75
4004406d
be944002
401d4030
402440c2
4041bf0d
3f4c4083
3fda3fa1
405c40a2
3f513ebb
c020403e
40113f10
beac406b
403fbf35
4056c020
c0003fa7
c02cbf23
bf29bf1a
3e733fa7
40bd3f70
4046400b
40babf15
3f7f4028
400fc01a
bfcb410b
40b63f48
40964043
3f943f96
3f8dbec5
40783e0e
40ec401d
40bf4010
bd9ebe53
3fa4402e
40a640b9
406d3fb6
c001bfa1
40224085
bca1407b
404cbf6a
40eebec9
c016408e
bd1e408a
4003bfe7
bf8d404b
400abf63
c030be29
40344060
bf3940d1
40ba4035
40ae402e
3f1b3ffb
3f34bf42
bfa940c2
3fed3f88
40ea4020
400a3fa5
4024bf6f
40753ed6
409840d5
408c3d5b
40d1bea1
4024be73
40594099
3fb74046
4071bf51
bf37bf85
401d3f59
bf3e3fca
3f504109
3f85be66
41093f96
bf7abff4
bf49408f
401940f8
3f0e3f9d
c039405c
bd953f99
bf0a3fa1
bfeb3dc4
3ff63eeb
3fb5bf41
3f873fbd
4011bfab
40834085
bfeabf76
bfa33deb
4039bfec
3fab4040
3f11beb7
4026bf4b
40cc3fcc
bf00409b
bf5a40b6
40163e78
3ec4c038
40083f93
3f21bf34
3ff9403f
4030403f
3e4a40f2
3f71bef4
3fd33f02
403b4011
bf9abfb1
bee740eb
40213d17
3fb3bdc8
3fdabfc2
bfba4058
40613e99
40193fab
4049bf05
4005bf03
3fe540a5
3fbb4009
bc954004
40c6bf1f
40183fb2
bfbd3fe1
be773e93
408c3fd6
40ce3f89
40053ff9
4052bf95
40a1bfee
40303ffd
c0223feb
402640a0
bf70bd9c
3f9d4033
3e9e4024
bf194048
403b402f
3ece408d
beae40e6
3fd43e3e
40ce4025
3fccbeb5
405f40c0
409b40bc
40e93fa4
41063f91
be654032
beff3f3c
405740a7
40c23f84
3feebfa5
3ff6bf2a
3e6440c6
3f3d4108
40e54039
408f4037
3f2e3f7a
3e6140ba
beb040b7
40df3f32
40384000
3e5740ba
3fbf406a
bf11bf3f
3fb43fc4
3daf404d
be97409d
bf7f3eea
3f3ac015
be2f3f6a
c00cbfbf
4031bf8d
404b3fe4
40314095
402a4035
beae4049
3d7540a9
404b402a
3f89402b
bff93ff1
404abf79
bf3ebee3
40494057
407dbff1
40064014
c0213ed1
4030408e
4045bf6e
403a4105
40803fbb
410b401c
4021be01
402a4018
bf9c3eb9
40a73f8e
40b03ff1
40333f14
bf8440ee
40a2bf2f
3fb1bf55
bf7ebe92
3ec43ff8
3fa8c01a
3e434110
405a3f93
41004010
bee34041
bf9bbf38
408bbda2
3f1a3f25
41023ff7
bf674061
bf4a3fec
40054099
40b3bedd
40bc407e
3fa44015
4087401c
3e64bfaf
403c3fd8
40c83fc4
3f2840a3
3f5b4082
405d40e1
3ffb4029
bff53fce
40914052
3f6e3f83
3fa040ac
401c40ec
bf953ff4
c02bbf84
3e953f5a
3fa240aa
bf5f4076
406b401b
c0164021
3f5e3fab
3f8a3fea
4082400f
bf463fd1
40493fef
be08bed3
40323fb1
4037406e
3f833f93
40e2bd3e
bef74000
bf3740b8
3d8640c1
3fa73fa1
3fbc402a
be714088
3f7a3f9c
40364108
405dbf13
3f02bd5b
403540a2
3fec40be
40ae4096
40a54033
3fb13f94
400f407e
40553ea2
40144043
bfe5bf42
40653fae
3f9f3fcc
3efc40cc
40aac030
40593ff4
401bbf87
3f0b4039
40833f66
3f86c032
bfa53fc0
4087404b
40044096
40353fed
3ff740db
bfd63f83
4107406d
bf56409a
40883ff7
400fbf79
bcdabe88
410b3fc3
3fea3f85
406d40d8
bf264072
40dfbe68
40ee404b
403b40b6
3f8d4056
404cc006
40ed403a
bf5c3c7a
3fe040ae
406d405c
befc3ed7
c0074002
40814019
3fce3ff2
40893fd9
3fd440d1
40b63eb4
40843fef
402c4069
bf9a408e
40b33e36
bff83fd8
40664077
3e863f92
3f2b406c
409d40cf
4021bf02
410cbede
3fb1403e
401e4062
bff440b4
c00cbefa
4083bfb5
403440b5
408bbf55
4000bf98
40adbf69
410dbf21
bf583e96
bf7340cf
bfc34038
bfd3bf30
be9f3f83
3f933f83
4071404d
409d40c3
bf333fcb
c0344035
3f10408c
402c40d6
3fcd3f8d
40254003
40a8401c
3fe240af
bf314074
bed5bffc
bfc8bf26
40d2bf21
402040bf
406c402d
406a3f9f
406c4027
41054082
3f9cbf04
402e3f37
3f07405b
bf45be48
409b403a
40103f0f
3f4d3f05
3f6f40ca
404e40c5
405bbedd
40b73fa3
3e5a403b
4087401e
4042c00b
4037bcfc
40c74042
bec8bf0c
406b40d1
409440be
40913db6
bfea4041
40144070
3f854085
40b3be06
c00c403b
c009be8a
bf153f09
3ec4bf0e
40044043
40483f80
bfe73f9c
be7540b0
40153e2e
3fb1bf42
408b3f2b
40a8bf96
3e11bf2a
404c3ece
405040a1
bddebed9
3f973ff9
40063e4f
4018bfe2
bf534094
40d33cb9
3d114078
40014079
bf0ebd6a
bfa3bf22
40ecbee5
3ebf3f56
40064036
40843fc6
40784089
3fcb3f2e
40fe4024
3f803f0f
405b40e9
40a34101
40683e58
c0334084
3f48befc
be863fc0
3f3b3f87
3e614015
3f4ebfa4
bf0fbe2c
404cbf0f
be10c036
408d3fe8
3e29bf33
3fee406c
bf7740b7
3d7740f5
be023e88
3fa23fab
3ff7be85
400ac01e
3f904028
c016bf52
40c6400a
be86bf0f
40833e36
3fd74024
bfa23f42
c01ebeb7
bf713fd8
bf7940cc
407140d3
40013f46
40aa3f88
beabbf4c
3d763ff4
bf4bc032
40ac3ffb
40ef3fe3
3f8c409b
40333d97
3ea83f8d
40503e35
40c73fe1
3f4e3f6f
bfa2bf0b
409f4101
3f523fcc
c03fbea2
bf58bfc1
3edd40d1
3fd94101
bfd84002
3c34bfb9
3f5abf66
3f62be66
40804092
bf7d3ff6
40e7bf73
3fa43f99
3eb94097
bf64bfb2
bec14009
3f4d3fe0
3f70408f
3f0dbe10
be554068
407a4031
3fe53f86
bed5bfd6
bfb840d3
bee73f59
be3bbf6d
c00c3ff5
41024040
bdc93f6e
3fb040a1
bf04c025
3fd63f4c
be103fe5
3f484029
bf7440ad
402440a5
4081be32
40163ee5
40144020
40603fab
401840da
40ce3fcf
40383d8d
3f013fb3
3ec640bd
3f4abfca
bf1c3fb4
3fe2beca
bf143fe7
3f25404d
3fdfbfee
40e44035
3f874088
3f2a40c0
be4e4081
bfac3d2d
40a34005
bfcf406a
3fb44092
bf36bfe1
3f5140e1
3f5a4037
3fa63f0f
bf72402e
4085bfb9
407140af
c0203f07
40513fb1
bf703ec4
3fca4049
40813fad
400f4023
3eeb3f76
bf6dbfac
4011408c
4043410d
40e9bedf
3f99408a
401b4035
be133fd1
bec83ee8
3f4d3ca1
4010bf7a
3fc24094
3f94bffb
40b540cc
40403ed1
3d07bfa9
bf63bffa
beb640bd
bfe5400a
3f7c3f96
40c94078
3fe23f6b
bfbcbd85
bfd54068
407e3ca3
40acbfa3
4011406f
bf57c006
bf284059
3fb83f56
40ea3fa5
bcd540bf
3f8a40aa
3ecb4100
4038bf39
bfb9407b
3ef13fbc
bf0f40aa
4093c026
bf8e4029
3dbfbf94
401b40a0
be87bf6f
3f5c40af
40813fdf
3fc93f8e
3fce4088
bf143fd3
3fabc014
4065bf2b
3f6a4066
4029408f
400d3f02
3f5b3fbd
bfaebdb9
3f8ebf9d
3ff3bf86
3f82406a
3ff540c0
40be3ea9
be844040
3f044015
3f9f4094
beec40ef
40c33ece
40154036
bf40be5a
4062bf34
40a6410e
40d83e54
405b3e18
40074000
3fb7402b
401240a7
403b402e
40504051
bdc9bf58
407b3fef
bffebf8b
beba3e1d
403f3fd2
3ffdbf6b
3fd63f80
beb6bfd4
4053403a
3e893f7f
3f033f4e
3fe040b2
406640a2
c0004108
3efb4023
40304039
3fee405f
bf694078
3d873f82
4068bf76
40564060
401ebff8
3fd840ec
3f7a40d1
c0044008
3f7a3f45
be5ebf4d
4090c002
4095bf88
3e453f90
c0044060
3fbb40b2
400bc014
bf6e3f1a
4090bf38
410abfbb
3fd04096
bf3d4045
40adbfa6
40e23f84
3e68bea2
3e183e67
40864050
bf03bfc2
408b3d79
409e406f
3f90407c
408dbfb7
3f863ee5
3fbf3fba
408a3fcd
bf484062
be90409c
408440bc
40e63e6b
4072bfb9
bf55405b
3f90402a
402740f1
4087bef9
40ba403b
3e39401a
3f07404f
403ac010
408ebf12
410dbf95
bf7840bc
bfa94000
bfc2c02e
40274032
40ca4029
4032bf01
40023e56
4089c040
40e44017
40bd4015
400f40b7
3f8040eb
4005bf69
40603f76
40fc3e60
3f95bf20
40843fbf
40753eed
3e363e61
bff63e69
4040bfb7
bf8b4093
bee1c018
40ba3f5a
40e0404b
3fdbbfdc
3f9c3fdd
40bbc029
401fbee8
bf283ef8
40384021
bf4abf61
401e40dd
bf8a3ed8
bfe24071
3fe540a0
bf43bfe0
3facc01a
c0053f61
3d483f15
3fa04098
bedf4074
40b1bf53
be27be1c
40be3de2
3fbc400f
4069bf60
3f6a4105
40d93f0e
40b33e85
403cbf45
408dbfbd
3f764097
4023bef7
408f3ffe
400abf2d
403140e0
bf9140e9
40023f99
c027401d
3f5b407d
4020409b
bf0b410e
40db3f37
40514062
3f73bfa9
3f3f4092
3f7a3f3f
bfd640ec
4018be9f
c0113fbb
3f72bfdd
bfac3fee
40a84017
3f923fae
3f1f3f87
be8fbff4
4006bf45
405bbf87
3e874024
3fab3ee9
3fbf401c
3fccc003
406740c6
be393fa5
be264077
3ff44041
bf974026
bf0940b7
407c3f00
bf954043
3f6a4079
3ef4bead
40764101
40e33f7f
40e43f83
3e4a4007
406f4008
bf7d40a7
3f913f1b
40243f3b
3f454066
3f123f09
40304101
40b64025
405a3ef5
3ef43fc4
40634030
bfff40e3
40df3e62
bfbd4002
3fbc4086
4043bfcd
408fc03d
40903ef5
c0234050
bef43f1a
400a40cf
40afbf97
40c1401a
40963eb2
4026409f
40174092
bf97bfd1
bf9cbe99
407dbfbd
be6f40b1
3f004033
4024c021
40813e9e
bee14036
3ff83f98
3eac3ff3
4005403d
40d4401e
40114078
3fde403a
3f8ac004
bffa406a
40b0be10
40523f2c
3fb94091
bf81bf04
4047409c
407c4007
3fa0bfae
3f5ebfb9
4070bf8d
407440f5
40e94008
c0364065
bf37406e
bfb24003
40ab4094
40c9bf0f
40b8403d
bece402c
be35bf97
4025402c
bef0bf66
3e71408e
40074022
3efe40b1
bfb1c027
4096be91
409c4052
bf394003
bf69be21
40493eb4
40d83ef5
4095bed4
3fa9bf8f
3f50408a
409840b9
40753f8f
40373d73
be8b4025
3fc640de
40224094
40dfbe96
40dfbf8f
be9cbf5b
3fe94099
40a940ff
3fe7beea
40c9400f
bf014097
40274075
3f084023
409c3e0c
40a24034
3f88403c
403b40ed
3e563edb
402540a4
bf0abe49
bf08408f
401140ba
3e7e3f92
bfe3409c
40dd4018
3f974030
3fc6406d
3def3f8b
beb94019
4003400a
bfff3f7f
4030beb7
bf83bf42
403bbe86
40da3fad
40e84076
3f053fa8
40053f82
bef24103
40353f61
3faebecd
4037bd26
bf4ec017
40bdbfae
3f8c3f88
3fe53fdf
3f96408c
bfae40ce
bfde4077
c0093fca
40bb3f16
bf4f3f15
3f83bf22
409940ba
40e6bf20
40983ed0
bf2b4057
4053bff9
bf2abf92
40823f6b
3fea3fbb
3f68408c
3d7f4036
405f40f9
407b4014
4101bf9b
3ffdbfed
bfaa3f14
40ad3e44
40cd3fe3
40bfbf5b
bf323e78
404e40d3
40714074
40ddbb72
409a400c
3f55bf13
402a40b8
bfe7402d
3f84bf24
be76bf71
401bbff0
bf69406d
ba663dd9
401dbec0
40ed3f7e
3ff44023
bf88bf6f
40a340ba
40d13f4e
40914016
402040b0
3f4d4040
4063bf4f
40a63ffa
3f433fd9
3e3cbffd
3ff83f9f
40254065
40a83f32
402f4047
bda2c000
bfa73fa3
4030c00c
be88bf74
4104bf95
3e3d409d
bdec40e3
beef40a8
407cbf5b
4011405c
3fcf3e3a
3ff1c01a
3e7640e2
bf083fa5
be15bfa7
3ffd4093
3f2a3fba
4043beda
409e3fc4
410a4012
4022bfc4
3f583ed1
40543e91
bff53ff5
40f04009
3fe5404c
bfa6bf06
3ff2407e
40e93f60
be21bec9
3f9f3ff1
3e174018
40b33e69
403a4010
40b23fad
bf4c40b5
bf1640cb
40b440d5
bffe3fee
402a406c
3fe9bffc
4042bf85
4009bff0
40a8bf52
bf743fb6
40f53fd5
3e214075
bf29c008
40b740f4
4088bef2
40ae3f8f
4026402e
3fe44091
bdca40bd
bf543fb6
40d23ef7
3fc44088
bec63fba
3ff53ffc
bfd33cf7
40e44051
4011bfd8
401e40ea
4094c029
3f843fb2
40a7bfbf
3fa34093
bfb4bfa6
4083be91
3e5a3fc9
3fd73fb0
4011406a
402d40d7
40b5404a
407c402c
40b33f09
403c408f
4082be44
3f483f13
3e264001
3f864082
3f15409a
3fc440a5
bdf14107
bebf3fa6
40ce3fdf
bf08bf96
bd974000
4069c01c
40d34030
400bbf0d
3fc94066
4057403a
bfd8bfef
bfc53f46
c005402c
3fadbeac
3ecb409d
bf7f40e6
bf8fbcd9
40b43fcc
40194024
3f9e409e
3d9740b8
407dbf4d
4108403a
3f18bfba
401bbf27
401ec005
3f9f3fbe
4002404c
3ef23fbb
3f923fe7
bf04c00f
3f7b3f88
3f663f8c
40344035
bf79c016
3fe540ae
40bfbed9
40f9403d
3eb4404d
be9640a9
bf824064
40a04001
40883f8a
3fc1bfd8
4063403c
bee6401c
40a24025
40f93fc2
3db44092
3fa540a9
4099bf53
40a9403c
3f353c52
402d40a2
bf503ee7
408f40f4
408c4003
40fc3fe1
bf0d3f95
40844041
40b93e01
3fedbf4a
40f9405d
3f4fbfff
bf744082
40a6c022
bfac402b
40a43f20
4025407d
bed7bfa7
40a0bec0
40623f8b
40333fc0
bf26be4e
3fcfbfeb
402140ff
40813f62
408b3e20
3faa4085
3fc93fff
bfdc40bb
40df4027
4069bded
bf1abfea
404240ed
402f409e
be563ec3
40a43fb8
bf4a406c
4059bfee
bead40d3
beddbfb1
404b3f41
41023fee
40173dec
3d9240b2
bfc24101
40a04013
bf203fdc
3cb64064
40163fdc
4088409f
40c8bf0d
be0a4049
3f41bfab
bf8c40b8
40624073
40523fb7
40eabf19
bf754091
401a40de
bf5d400e
40c13f74
40f0bedb
beaf4082
4005408b
3fb9409b
4053bece
3feb3f48
3f8dbe94
beb240ae
bfd3c000
40393fcf
40fabfb1
3dedbf73
3ffc3fe4
3f88409c
c01c4029
bf91408c
3f304081
40754052
bfacbf1d
bf4c3f90
40093ea3
4032bd33
bf0ebe49
3fdd40ad
40323fed
3f78bf10
4012409a
408f40ee
bf093fe9
40a7bf55
40b8bfbd
400c408b
be7940da
bf8440a0
bdb2bf22
c0104015
3f3dbff0
3e4b40d2
bf2f3fa9
3fb4400e
beba3f93
402c402f
bfbdc016
40194086
40363fcc
40e03e06
403e4085
4071c000
4055bfa9
40cf3f26
bf95407f
bd963e62
405c3fbf
3fb9bf8c
c011401f
40dcbebd
3e20beaa
3f603f8d
402040a7
40a2bf73
bdeb3fcb
be793d82
bfaa40c5
3fb2c023
bf753ef9
410dbe92
3f864094
bfbb40e4
bfcc400d
401c3f9f
3fd64052
403a4028
400c4095
3fd14101
40d53ed6
41054084
40313df0
4090408e
bd0b40d4
401b401b
40b0402a
3e47bfce
401f406d
40a7410c
3ff83ea5
c01d4058
40224088
3f673e7e
4065c03c
3f8a3fcf
40fc3fb6
3f2a4000
3fd64039
bf4c40fd
3fd63ee4
406a4037
bf0dbe53
3f374085
bc52c006
c013bf4c
40b23eb1
3faa3f17
40074091
3e8340ba
3ebe400f
3fd83f26
3e473f02
3faa40b4
bf8a3f4b
be7d40a6
40c43fa4
bfca3ff9
be5ebe2e
4023bfd0
bfff405c
400a3fc7
3ec24074
3fad4003
401b40d4
bf96410c
bfbfbf73
c026402f
40284057
40443f7f
40adbfc4
bf7c3e50
3b0d4003
bcddbf34
3f8a4058
be26bf8f
40acbf4f
3ff6bfbf
3fb9bf86
3fe740af
3f48401d
40b73d14
3dd63fd2
3f9840b0
bd564089
3f0d40bc
bef63fe2
bf9c3f46
3fdbbe80
bf9c407b
3f4e409b
4053bf02
4005befb
be1f3fce
be8840a8
402d4053
3fb2bf70
40874066
3f3a3fd8
be3e40ae
40184110
3f713f28
c009408a
bf7bbf5d
402dbfe5
3fc64041
40e23fae
3d224088
3f8640ac
404240ba
3f2b4052
40b3401e
bd84408e
3e7d4084
bf84400f
40be3dae
4016401f
40f9403b
3fb34020
3f79bfbb
bf17bd9f
3f233fe7
c0134039
40334062
404f4096
bec93e76
4025bf31
40a6bf51
402b4021
408e3ef0
bef54086
40b04018
3fb43f26
3febbf44
4044c00b
bfc840d3
40c8402d
3fb14058
3cdd40b8
3ea440c9
404c40a5
40d63fe1
40a2402d
3fd740a6
3f8f40a9
40204058
40dfbf75
40204004
3fc34030
bf8040dd
40a1bfd8
bfa24017
befa3fca
3f9d40b6
403040e8
40104022
40863fe9
40953e76
bd474058
40514079
bf843f90
40e94029
40f74010
4029407b
4026c001
40994105
40d93e99
4108403c
3f833ec4
bf6c3e7f
3eea410a
40af3fad
c027bf8f
40213ff4
3f2a3fb7
bcd73ff7
4006bf2e
40263e0e
4027bfec
3f113f9a
3f19c019
409f40c5
402e4037
40e93f22
3f11bfd8
3fad4016
408a400f
bfeabf32
40d5bfb1
3fde3f42
3fc5c00b
40b7c003
40a13e46
3fe3404d
3fce40a8
bf7bbf92
bed74050
3fbf3e13
c001beca
3e963f4d
401040be
408f3eae
40813f80
3f33408c
402140ba
408f402c
bd49400d
409a4015
3fb73f46
bf5dbfec
bea3bf26
400d4074
bf7d3fff
bd943f97
3fd63f63
3f8740a8
3e54bed1
c01c3fd2
40cc4046
400a40b7
408d40b3
40193f59
40214000
40eb402b
4038be1d
3e513f83
400a40b2
40ee3da8
40ac4085
bee1407d
3f6bbfb3
3d024015
3f3b3fc2
40863f50
3def3f2b
3ff2bfa9
bfa240ce
40e74018
bf95406b
403cbf99
4057bf93
bfe4bf9b
40083f9a
be8fbe9d
3f0c4040
bf3a408e
40113f29
40a53fd8
4106404c
40113d13
3fed4012
409540a4
4023bef0
40a4bfa0
3ff4be11
4066bfc3
bf8cbf6f
bf554001
41034004
be823f8c
3f8f407c
bf9440bd
beea3de2
3ea84082
402f4050
bd50405f
3fb2410b
405c3eb2
3fbabf65
3facbe1d
be33be55
4068410d
4097bf62
40f3400d
401e408f
400d3ffc
40a73f84
3faa3fc0
bfacbec0
3fd7404d
4078404a
3f9ac039
bff9401e
bf933f75
40224004
bf86bd11
bf2e4039
401a3fe4
c005beb9
3f0bbf95
4086bf7c
40b4c022
4012bf26
bea6be8f
3f343eeb
3f434066
bf44bf1a
40cf3f20
40283e97
bee740a8
3fa2bf88
40b34057
40e0402d
bf42406a
401b3efd
3ef63ff2
408fbf33
bedf410b
3d993f4c
4078bf80
3fbd3da0
406d3e79
3fd4404f
40303f61
4082400a
3eee40b6
4082407e
40203e11
402abf5a
408abf34
bf533fc2
4050403f
40c040b9
3f4fbe74
40513ff0
3fa740be
3f79405c
40b940d7
40ec400a
40a14089
3f9a4070
3f3340e6
400c40da
40ca3fbc
40c34027
becebff0
402240ca
3f3c4081
3f803e17
4107be37
be003fc3
40003f77
4079bfc0
3fd5401b
41063d9f
3f704068
408a409f
408a402d
40c13e9a
40833fb3
3e0bbfec
3fb140b7
40a13f81
bfedbf42
4107bf4c
40363fbb
bea8bdd5
3e5340ab
400ebecc
bf914029
401d3f34
3e1240d4
bee440ec
40e43ec1
4109bf06
3fb1408f
400c40bf
40bc40d4
40cdbf50
410d3f5d
bf593f04
bf863fac
bf5940a0
3f7e3fc6
4080401a
401940a0
3f973f9b
bfc73fd2
40d5be5b
40ba3f92
3fbe40af
3cba4059
4028be84
40da3e1c
40b8bf79
3fde4069
bdb0408c
3f44bf31
407d3f18
bdf6407c
befa4094
406b40b0
3e8e40a8
40c73e37
40c4407e
3f2b40b7
bf313f5f
40694005
bf1c3f6d
40a73e19
3f804065
4063401f
4048407d
bfa1bac3
4090bf78
401ebf6b
403b40ed
40774003
40ae402d
40d2be69
3f7840b0
3f923e92
40184098
3f26bbf5
bfdc4040
bede3fd5
be434022
4010becc
3f7d4029
bf3abfa5
3ffc3f93
403f40c9
4076406d
40bb402b
bf9cbfbd
3fb73f41
4081bfe6
40243fef
409ebf47
be6ebeca
400d4089
401d40ce
3e4bbf94
3f9c3fc3
40a83fb4
40a4403d
4017402d
3ff1bf3c
bfd940d5
40e63efd
3faf3eb9
3f5a40b0
bfa64043
404740aa
3fa5bf46
3d773ee2
4011bf69
3f51c016
409b40fd
40d33f9e
bc55bec2
3fc63fb9
3c4a40e9
bf25407f
c01b3fb6
4014400d
be654064
402ec000
3fb94031
40103dc7
3fc8bf85
3fda40bb
3efe40b8
4034c01f
3f4d4032
40094082
403e4071
be404049
40643ffa
40653f92
40813fc9
bf603f8d
be9e3d99
4021406b
40ef4031
40f9bfb0
401640a8
bfbd4015
bff24069
3f01be18
3f05beaa
3ee53f14
bf4ebfe8
bfb240bc
bf2abf62
c0374088
3eebbf63
406a4021
40bc4108
402b3fdb
40853f4c
3ec93f61
3f453e48
bfc74054
40673f3f
be05bfad
4034bf01
3ebabf57
bf2540c1
bf5d3eec
bfc1406d
bf483fef
40743fd4
409140d9
403abe3c
3ff4bf88
bf5dbef3
bf9f3f42
40babfa2
40a3bf5d
c0104018
be9b4099
bea940d7
4088402e
bf69bf0a
40243ed1
bf3ebe33
405740c2
3ff54108
bf9a3fce
407f3f9b
3fad4097
3ef34065
3e8940ae
c0083f4a
40ef3dc2
402fbec6
3edf402f
3fb03f12
40babe84
40ff3f81
4000bf47
3e0d4042
40ac40f8
4038bf7e
40624011
3f3a4079
4051c002
bfdfbfee
402bbf0c
4099bf7c
403340b8
3fd13fa6
bff93ffd
40c33fd6
408c4035
bf2abed6
408fc012
bfdd3c3a
bf664004
4019beeb
3f91bf19
bf993f18
bfaebfe9
40bc3e0e
3f1a3fc2
bdf540a1
405e3f1b
3fa340dc
3e83401b
409c4089
3e614006
bf50407d
406a40dc
40204101
40ed3fde
40f2bef5
3ff43ca0
3f233f5d
3fa84039
40813f87
4095406f
3ea13fb7
4033bdf9
3f04be2b
4081bf6c
41023fcd
bf44bc14
3f273e99
3d8d407f
4081be4a
40a44015
40234090
3f4e40ac
40374064
bf743f9c
40764089
3f29bf68
3f0040c0
3f0a40b1
c0194020
3fb3bee2
3fb53fb2
406540c7
bf2c402a
40433fe2
4053400f
3f93bf8b
bfaa4079
40394019
bfd44026
401f4090
40354020
3f1140e2
3fc34100
c0113fe1
bf40bf1d
3ec8bfae
406e4091
3f0940bf
3f173f87
40db3dc4
be1c4043
3fbf40ae
40143f64
c003bf79
4021bf60
3e1240ad
40864095
4093c029
3e0b3ff2
40cb4075
3fc03f05
bf104046
3fc0c03b
3def3b35
3ff9bf9f
be2c3ff2
402a40a2
400d4033
406c3fae
3e01404c
3f8c4083
40684019
bf9c40f1
bfe93fee
40c0beb5
beff4031
3fd53fbe
bfe740af
bfb63f81
beae4086
bea23fa6
404cbf1a
3fc74080
406e4022
41073f80
401a3fac
400e400b
3fec40b4
4049be5d
40c04019
3ee04042
408d3f89
40a5410f
40d33fff
c0073f83
3f2f4017
408f4077
3fb7bfdf
bc4d3e9c
3f05405a
befc4090
bf26bf75
40a14100
bfefbe35
40a53fc5
3f073e29
3f82408f
bedc40e5
3f593fa6
40943e63
3f374038
be4fbf2b
4010c00b
40a14032
3f88407d
40194062
3fc93f37
bf12bf47
408a3e2b
40f73f9e
3e2cbff0
bf723e9c
3e1fbfe8
4091bf41
3fac4042
3f4ebfaa
40783ff4
40a240bc
bba5403b
40c33f7c
4100407c
bf52401f
bf86bf5d
408fbff7
4092be8d
3f60bf99
3eeabf5c
4053bfc3
bf44408b
be8d3fe9
40684017
4026401d
3e9bbf86
3fbebe44
400f3fea
3fef3f77
bd3d3d4a
40843fc8
409c3eb5
bfd1bd3e
409ebf8f
40134030
405940d9
3f48c02b
3f8cbdc9
410e4086
402e3eb7
3f11bfb9
40354103
402d4035
40de4068
3ed0404a
402e40a9
bf3b401b
3e7a3ffe
3f11be7d
be4b4056
407a4080
401040ad
405b3ff4
40a33fec
4029bfdf
4061bf96
40b6404c
406ebf4d
40553ef9
bf423f79
403740db
3f784106
3f79bf2b
40a04021
3fc5bfa0
404bbfad
3f6140d3
40cf3f5a
40cb4046
3edcbf5a
3f8440e2
400bc012
bf5b3ffc
40924012
3fd3bf34
3f98bf26
bfe5bfae
40853ee4
4031bfbf
3f84be8b
406e4089
3fcc3e56
40d6bf14
beff406d
3fc4405c
3fd74024
408a3fb3
40b34022
c0024086
bd8240b8
3fd84085
3f90410c
40b43f0f
3fbd4018
400a4043
3e6d40d6
40b14109
40a63f69
406c4077
bec2bf25
408ebfd2
405ebea3
3f4a402f
3eeb3fd6
3fcf40a1
408640d0
40513d4e
408c3f70
40a3405e
3fee40ba
4072409c
400f3e88
3fa33f99
40af3fe9
3ef54021
3f5b40db
bf68409f
c01c3fea
3df04030
bd75bfa9
3fd43f93
3fba40ed
3fb83fb9
3f803ea5
3f51beee
403bbf4f
3f484104
40bc3fc1
40f44086
4036404a
3fbb4050
bfd2410d
40083f5b
bfd24010
bbc14033
4078bef2
3fc440b6
40c03f0f
40794084
402640a2
3fbabfff
4082bc66
40a040c4
bfc03e46
bd8abd5c
be2b4030
3f8a40ce
bea6bfdb
40793c8a
3e9d4070
bf3e40b1
405040de
4070c012
405b3f91
40293ff0
3fb540b7
4087c01d
407b4036
bfc93ebe
40b43f8c
be3940b3
404cc019
3ffe40f8
c010bf5d
40b1401a
bf6c3f83
408c40cb
c0003fdf
bfe24006
40b44025
4027409d
3f32405e
407f4060
3f453eb7
40c4bed2
3ec0409d
400cbfe0
bf9b40e2
40543fa0
40213ff8
3f674081
3ebdbebe
401bbf09
bffbbf7e
c01bbdc1
3dc33f0b
40693e8c
40073eed
40993f96
41094004
bf1c402b
bf7640ad
403540e1
40b53fc0
bee9407c
3fccbf8b
be1abfa6
3fc84064
3fd03fca
c0244082
bf074039
401c40e9
400c3eba
3fe6be86
c006407a
bedcbfaf
405e4080
402c4012
40e9403f
3fd5bf0c
be853ef0
40243c51
bf823fff
405a3fce
41083fca
3f2b3ff6
408dbf4a
40ae3f45
be6d403f
40574078
3fae40b2
403b3eff
403d40a9
40a23eab
40e94019
bf233ffa
3f9c3ee1
40363bea
40243fe6
40e33f37
bf0cbed9
3f41be82
3f8440ab
beb43f4e
3fd0407c
4038bfdb
3ea43ec1
40a4407a
40633f1a
40363f30
4009409b
40444052
40b54082
40544001
bf19408a
4024405d
408d40bf
40114002
3fb73fd1
3ed9405d
3e96409b
3db53fc0
40ac3fe3
4096bf77
404c4072
3ee3bfed
40104023
40b340af
40bcbf7c
3fa23f83
3f57407c
bf8940e4
3f214098
bfa43f0a
40563f55
403c40ba
3fbe4035
bf92beb2
bf883fe7
bfc83f67
c021bfa3
3fef3f9b
402ebe2d
40ac40e3
40393ecb
401a3f19
3f73408e
bec940b0
409fbe79
40df3f17
40a94007
3f7240bb
3f0e40d3
3f8ec026
4015401e
40b83fc8
3ffb3f9b
4013bec3
3fab40c9
408dbdf0
40c9bf59
3feb408f
bf2a3d20
3e9540af
40c53eb1
bfd64067
be11bfca
bf3cbf99
3ec940a6
40554022
4101bf23
3f323e69
4051bf24
4067410a
bf083e9f
40604086
3f9d4083
3f4740eb
bf404081
beb0be9a
bf65404e
3ed73ef1
403340a7
bf9640aa
4092bf4b
410d3fda
be00bff7
400d40a9
4092bf9b
3ed73eb7
3faebe14
3fd8bf20
3f264082
bf1dbd57
4043be18
406f4008
3f913fa9
406bbeb0
4057407d
40d0bedb
c021bf3a
3f904075
408fbfcf
3fff401f
408c3eb0
4087bed4
3ec9bf95
40294082
403e3ee1
40ab3f9a
410cbf85
bf6d3e08
3f883fff
407c4022
bf9d400c
40f13f89
401bbff8
407f3e08
bffc3f95
bfbd3f83
40d6401d
3f9f40a1
40654086
3fee4021
3f5f4024
3f363f9a
bf064061
3fa740dc
40a64043
40a03fc2
3e213f2b
3f664053
bf1a3f58
40b3c001
bf944030
3f0ebfbd
bf133f92
3cdb3f22
40854087
40ab3e6e
40253d51
401d40b6
3fa9bfc4
407f4090
40933f02
3ff9bfa1
400ebf23
3d3cc014
bc6340f0
3fa2403b
40fe4022
4031bfff
403a402f
3a2440a4
3f964008
3eb7404a
40354012
402a3efd
4074bf79
be103d6c
3f203fc7
40223f04
3e2a403a
bf9f3fa8
40a63ff6
be5b3fd1
40554079
3e133eb0
bed3c017
408e40ea
bf863e78
c0313ee5
403c405e
4065bf2b
bfb33faf
40913ff9
40b6404e
402d3efe
405940f0
409540fd
40ce3fd2
4093400e
3f3440bd
3fbb40ca
40534066
40b23f66
bfd04082
bef7409d
3ff33ff1
40574099
3fc14023
40823fb8
40193cec
bf0d4093
40254028
40bcbeec
c018bee5
3f8140af
bf9ebf10
408940ad
409f401b
40983ff2
40263ec2
40673fc4
3ed53e93
40924031
bec74048
bdb63f06
be9a40bc
bffc4110
409d3e6a
40da3f95
3eafbf22
3f2040bf
405abf5d
406a3f21
40cd3f5b
3fa54036
bddabf99
407f40da
40cfbd7a
be9a407b
bd0d407a
3ec8bedd
40a74026
3ff64016
bec23f99
3f794083
402e40d2
be31401f
c0033ffe
4034bc8e
3fb34089
40194029
bf964058
bf60bf5d
405f3ef7
4024beb1
bfaa3f83
4047403c
40623f0a
4002bf52
bd34bdb4
40844081
bf394060
402c3f90
40713fde
403c40ab
3e98400a
40063fda
bfb54014
400ebf78
bec74086
40884021
409f4096
40b9402a
40973ea7
bf1a40a9
408cbd85
3da5405f
3fa2401c
bf7a408d
beba4020
40143f14
40193f7a
40b04002
bfef4078
bf4f4083
401f40a3
40be3f6c
4062be99
40eb407d
beb03f32
3ec740a2
40c0c021
3e92bf71
bf2ebee0
4002bfba
40293ff5
4006bf37
403bbf3d
bf1e3fbd
3e4c3ed1
3fd74090
3fe7bf5d
40e34032
40353fe1
401c4078
401940de
40453ff1
3f193fa3
bf98408b
3fab402e
405540a4
3f0b4059
3f12bf38
407c3ffc
40c8406e
3f9dbff4
3ef74008
3e71bde0
40dc3fb8
40743fb1
bf373db9
bf92409f
3f36c03b
40e53e1d
4063bf67
3fa34012
3d82400c
bf583fd2
40b33f0e
40d94021
bf02406e
3f4cbff4
3f81bfb5
3ee74013
c004bf1d
bf2cbe45
4044bf51
409fbfa4
c0113f1d
3dccbeed
401e40ac
4084404f
40ad40aa
40a0402d
410d4003
3f2e40a2
3f48402e
401540cc
3ffabf10
bfbd4026
3f8e4084
403a4055
40613cae
40893fbf
408cbfbe
3e473f50
bfa53df3
befec001
bf15bf77
40b34089
3fb0bfb8
406e3fea
406f4015
40703ec1
40f83ff2
3e0d40ae
3ea2402a
be9a40da
3ff13dda
40d14017
be643e98
3ff140d2
404c40bd
bf24beaa
40863ea3
bee33fc6
40344048
402940b3
4041400a
40a0bf8a
bf503ded
3f4d3f6b
3edbbe06
40a6bc81
40ec4016
3e73402c
bf3f4098
40194012
4092401c
bfd03f16
3f6ebf57
3fdd4008
3ff3400e
406a4011
403fbf07
3faa3feb
bdb940ba
3f664063
40e7402d
40ec3fdf
3e513e72
3f484082
409dc008
409e3e73
bf5d3e9f
400b400b
3e6abf80
bed0409c
becc403c
3e553ea1
bf1740a8
3fdb403b
bf4c40cd
40a53f3a
410b407d
bf653cd3
3f8240e5
3f34c00e
40c7bebb
bf3a4085
402640ba
408540e8
3fbb4108
bf4abf11
3f6d3ec8
3fdcbfe7
bfaa40c8
3f623ff7
40214026
3e8ebfbb
40083ee1
4032405e
40974032
bf893f20
40a53fe0
bf3cbfc6
40674078
40a1402b
40c9400b
be2e3d9c
bee2bf46
3f884008
3eea3fb3
3f55c00e
40c74037
4050bec9
bf4ebffb
3ec240ea
404140f6
40a0402e
400e407c
3f2b3fe5
408e3f71
bfe2bf6b
40873faa
bf18bf93
3f89bf67
404ebf49
406940d4
3fc23f59
4103bf6b
bf6a4083
3fc140b7
4045bdda
bfe2bf31
bf503ec0
402ebe07
4082c01a
400d4109
3fe9401e
40c53f99
3f304007
4033406b
bfd4c01f
40113f66
bb783e01
3fccbfd3
4018402d
40753fb6
bfadbf38
40f3403c
3ee740ad
3f74bfad
be3e4068
3fc24012
40dd3f22
40073faa
40274050
3efd405e
400e402b
bf7bbfa7
40024076
bfb84030
3f274066
3f8b3fc2
40be402d
40183fb9
3fb73efa
bdb44023
407d4009
bfa14054
40403f69
40543e00
3f89bf1a
bfe2bf4f
40983fe3
3f61bf05
3f8e4057
bfb34014
40ec3ff9
c0253fd4
3fc23e8c
3facc00b
3ffa40bc
bf9b4000
40a44030
3ffebf20
40704086
3e964105
3fb2bf13
40853ffd
3fd03f71
3e9abf93
40284084
bf9a402e
bfc2bfb0
3fc53ffb
be5a40c4
3f944061
40323e90
40913ef1
bf783f38
bf6cc00d
4029404b
3dba3fb9
400f406d
3faa4008
40743e77
402ebf4a
4016bf73
401a3f8d
3fe4bf07
3ff5bee2
be9440ae
3fb63fae
40384028
3f8b4005
403340a7
401cc02c
be813fda
40c54034
3f3a3ed5
bea44090
40a240e3
40a63e49
40ad4005
bd093fcd
3f123f2b
bcd440c1
bf473ca2
40a9401a
be293fef
3f2d40cb
bff440b4
bf1a3f89
40403d89
3f89be5c
4034bf27
408540df
3f3e4108
40024016
40bd3fff
3fb1bf2e
4037408d
40aa3f0e
4053401c
41014048
3ffbbf9d
40824025
4042404c
406f3f5c
410c4068
3fc4bff9
400c4034
3f2b405c
407e3edf
40953f80
40153fc0
bf6440a9
4080c015
c0083fff
3f243ffc
40174038
3d5abf64
401c4109
bffabf0b
3da73f3c
3fee3fd2
3c8740ed
40ac40f6
4088bf5a
410c401b
bed9bf5b
be5440b5
40b2408b
bf443e0f
40b9bf87
3f37408c
bfa4400c
406ec040
40533fa2
3fe9bf37
3e7940a6
3fc93fbd
409ac03b
3cf6bce9
405c408a
3fc23e67
bf5940b8
40593ecd
4099400f
40763fa2
3fef40b0
bf1f40bb
bf79402c
40e5be5b
3fadbfbe
3fdb4028
bf2fbee2
bfc33fc7
40ccbf76
40dd405f
3f323f7a
4021bf7f
3f83bfcf
40a03eee
bf8bbf8c
3f393f41
3fa240e3
bd9640d3
40ca3fbd
408b3ff5
400f40a1
4083408c
40a9bfa9
c00f3f61
c03e4027
3f2d3fd6
bf2a3f70
4090c034
40cebd1f
3faebf48
bec54007
bdd34035
3d3c4106
40a73fab
bf5fbe96
3f29be66
40113f24
4078bf57
40ad403a
40843ec4
3eccbf25
3e5a40c2
becfbfa4
4084400d
bfd24090
bf4040af
bec63f34
3f9e3fc5
40de3ec3
bf73bfab
4038406f
bed93f87
bfd7bd9d
40583fcc
40db403e
3f29409b
402e4083
3fb8bf41
3f0d3f1d
bf96402f
3fc73fbe
40353fb6
40b74084
40894010
c0064010
be45beb3
4015c01a
3d6bc000
3f764004
4021400f
3fd9bfa9
bde23f97
bf864104
4072400a
40cf3e3b
40ed4080
3eb6bff0
3f5840a2
408540c2
40723f47
beb9405e
3f6840ba
40883fc2
401a4067
40d5402d
40924072
3f0a4092
3ffebfe4
bf463f73
bfe53fb0
c01c3fdc
3f8240b7
3ee040ae
40b3c017
408e3f96
3f6c400f
be97bfa4
bedbbf44
3f4a4048
bec23d42
c0104000
3fadbeda
401740b2
3f2440cf
401cbe1c
40a14012
be864085
3e9140cf
3fd8be21
40543da9
3faebf54
3ff53fa5
40614075
409ac039
40a14009
4014406a
3f963f02
40743f69
bfe640f0
405c3fb9
4063408c
bec7400b
bf2fbff6
3fd3bfba
40c13e9d
bff8405d
4019bf4a
3f39bf77
3ed6c01b
406cbefa
40f43f59
bf7f40b9
3f35bf8c
bf80bed2
401c4004
c022407c
3e1b3feb
406c3ec1
407c4090
c01f3f94
c03a4040
3f32bfb5
3eedbfe9
3feebf32
40cf4022
3f2f4048
3f91405d
405040ee
be4a3ffe
40cb3f8c
40ac3e03
beb33fd9
bf663fcb
3f8f40fa
40c93f5e
bee24083
403d40b3
3fc64058
bfec410f
408e3ff5
3f103f1e
bf17bfbd
be8540bd
40a840ce
402ebf58
404ebf69
3fa13fac
4001bdcb
4089c037
40a4bf15
bbd23fd5
403abfde
bf213e1f
401e40d7
40ed3eb6
bef7bdc4
3fe7bd6d
3e0840bd
40983ff1
3ee34013
410f3e85
40113fed
bf4bc01e
400240b2
40a63fb3
bf8d3f87
3fbf4088
4015400e
40b340b4
40ba3f21
40f53dec
403cbe97
3f764035
3fa1410f
406f3fc9
3fa5bf06
40364039
403c3ff4
40714058
40aa3f01
bf94bf07
40c93fd5
3f45bf48
bf223eda
409b3f21
bf9ebeb0
400fbf8a
bf643fb4
40044041
406f406d
405d402a
c02d3feb
bf3b408a
3d5540e6
409540f4
40b93efb
3fab408d
3efe408e
40214009
bf43bfc8
40b7402e
4096bf10
401e4067
bf3a3fe4
408340eb
3fc34013
bfda3eeb
3fe43f25
bea240c6
406440fa
40a44026
bf91be07
3ea7bfe1
bf92bf9e
3e814066
3f41bf64
40cf3fc4
40234029
402740d3
400d40ec
3f9f402a
40c44007
3f7940a8
3f6d4086
401b40af
401cbf63
40f1405b
bdbc4048
40883f80
400840c7
405c3e8f
40833fbd
be4f407c
becabf94
408a40dd
40d33fce
3ff3407c
3fc440af
4065bf81
40bd4108
40903f49
40093e4a
3fec3f56
40864078
40903fa9
3e1dbe65
40263fca
bf5e4075
408340de
bfef40fc
bf11bead
4103403b
3fae408c
406040eb
bfe340e0
3fd04021
40a1beca
402b3f0c
be11408e
3fa0bfd8
40074026
bfa14043
3e233dc4
4072402c
40a8407d
40a83f24
4013bf21
40143f26
408e3f7d
4037c028
40ac3ee0
40934035
3fd040a9
3f8c4096
406b4035
40e63fcb
40313f9f
3f204015
be7340cc
40b14065
befb4033
bfe23fdc
bf063fda
4050402a
40754109
3f493fe6
405a3fbb
bf1e4039
bfb93fd8
3fb3bde1
bf844008
bff23e96
403040ba
3f9a4001
3fdd4061
bf52400c
409a3fe0
bcadbff0
3fee402d
4091c008
402e3ee1
41063f8f
3ea13fc4
40573f88
bf46bf1d
40c3bcc5
40e7408c
3de14036
407d3f21
3fb040c5
bfa240d3
3fc24011
40893f98
3f843f5e
bf9740e3
40623fcd
40273eaa
40db403a
403c403d
3f804081
bd0e40bf
40a53fd7
3feebf25
3eb23f47
400a4045
40083d19
3f363f8f
40ee4028
be5140a3
bfb2c00c
40604029
3fe4401f
4104bf5b
40384063
3ff9400b
406ebe2d
409cbec2
400bbf36
3fac4007
3d924095
3fb9bfd1
40954013
c00cbfb9
beb93fe7
bef83f40
3fe8be15
402ebf02
40d63fc8
3d4d4022
4014c004
3fb94080
40aabec4
4096bf57
3f7fbf6e
3ed94076
40a33f63
c01d4003
40e43e78
3f15bfe1
403bc00d
408f3e26
40d4bf65
4062bf26
be734043
405c4062
bfdb40c7
40293fff
41023f3e
3f14bf56
bfbf3f14
bfed3f4f
40acbf34
402f3ebf
3fbb3ef4
bfb73f82
3fe43f2d
3e7b3fc4
bfcc3dae
bdc13ffc
402040b0
406c3fe4
40e33f50
4096403b
be86402c
40643f5f
4092405c
c01d3e0f
40bdbf89
be9c3e45
bf9740a6
3f403ff4
403d3f78
4015bf53
3f043fb6
bf2640b1
401640fb
3fac3fae
40d8bf20
3f3b3f6c
407e40c3
40a440cc
be2a4009
bff83e92
bf32bfc6
3eefbf5d
40b34092
400cbea9
bffa4089
be813f73
4067bfd4
408d3e3c
40b23fc6
40a9408e
4021bfd0
3fbc40a1
40aac01a
409e3fa2
3ffc404d
bf41405e
40073fc7
402e40da
40d43e99
beec3fdb
3ed63f82
bfad40a6
40604106
40ea3fbe
3f313eee
4022bfa6
3ed73e76
4060407c
bf68403b
40903f0e
403cbeb4
4073bfa3
407f410e
4002bdac
bf5b3d32
bf013fac
3fed403a
3f1cbfd8
bffe4107
40214009
4073408d
be964085
bfb3407a
bf41c037
40ba3f6a
410bbec0
401a3fd7
bf3abfd8
3f98bf9a
40ecbf78
bfd93f10
3fa04047
bf94bf71
4072bff3
40593f6f
3e14bf5a
3fb94039
4084bfcd
4099410f
4039400a
40d74013
3f68bf83
bf653f2c
be36408e
40bd3ed7
40fb3f14
3f87bd45
401a3fcb
3fd14002
40c5bed6
3ffb4059
3d39405e
3f5c4096
be5940f7
bfb33ed5
40f2408d
403340a0
40853ff6
3fe540fc
bf3d4040
beffbe68
bd6d40bb
408d40ed
bfc14087
bf613fc4
409b3ef6
bf1b40a3
bfa6403a
407b3f33
40b94018
41044035
4035bfba
3f79bfee
404040a4
bf323f04
4109bfb2
bee73f0d
405c4062
40043fd8
c0073dd4
40e53eeb
be693fa1
4037404a
40024026
40094009
40fd404a
3f12bfcd
403e40de
3e334077
4057bf3a
c0014013
3fcf3f3b
3fde4009
40a1bfd9
40e74023
3f744050
3fd7bfa7
3ec3bebf
be59c00c
40b03f2b
3fd54065
3fcfbfeb
408740a9
402340e5
bf8d3ff9
402f403a
3fe33f84
bf8c4061
3ed9bf9f
be493ff3
40edbf8c
3fcebf62
3f9f40a8
bf28410a
bf0e3f23
40db3fe9
3a7c4035
3e853f5e
4018404c
40143ef9
4006bfa8
3f3a404a
3f9e4091
40af3f06
3fb03f59
c0244029
4000bfd6
3f883f60
3f53bf3f
bee14004
bffa3ff8
4028408a
40834094
bf56408e
c012bf4b
40f23e78
3f81bed3
3fde4061
bf95bdfe
405a402a
3fa5bf39
be8f3fcc
bf6bbfcc
bf3cbf5f
409740b4
40843f21
c0114078
3ffe3f97
406e404f
bec14029
bfd7be28
40553f9a
401c4091
403d400b
40784066
40a6bf44
41004042
402d4096
bf52405d
bd7f40cb
be474008
c00a3fcc
3fc63e46
bc994025
3ffb3eb4
40383fea
3fe44051
3db440a8
4066bee9
3ffa4010
bf993f65
beb43f8b
40254058
bec94044
3f5040c5
3f8ebf66
41084082
bf174087
4088c015
3edd4075
40cc3fcc
40174003
bef33f6b
4037bf9c
bfc8bee3
40c0bf07
40eb3f46
3fcdbfc7
bea24074
40823d39
4038401d
bfeb3fa3
bf734042
bf563d3c
404f40d1
3ff93f86
4015be88
3f1ebe88
bf3340c9
4079bf48
40d03eab
bfc13fa4
3fbb3efe
bf8f406e
40534072
40e93ea5
40863f6d
401ebfc1
3fdfbfcc
3fdd3fe9
40ac4001
401c3f8b
4004404b
4002404f
408d406f
bea2bed8
40ecbfa7
3f9c4014
3fc840f0
3fd54098
4080bec0
c00a403b
3eac3fe7
bf283f40
4088bf9f
4075be65
be45bf99
be7e403e
3f6640ac
403bbd91
40b5403b
bf8f3fcf
3f72405a
3def3fb2
40a840f5
40614005
bfe7408f
40343f14
bf1240b8
bef7bfd7
bfebbf49
40ea3f4b
40383f9e
4012c016
3f5b4057
3fef4040
c0323e42
bf7a4090
407140ac
bdbb40bb
40843f4a
406d4051
bf20407c
403940b2
409d4024
3f2fbf79
40df4029
3f25bfd7
3f34407e
40afc022
bf83bc22
40c5bef1
3f8140b8
404ec01b
bf614108
40434020
40a8406f
3f0640a3
3fa3bfb6
be9e40ca
40b4bf39
40c6403f
c003bf22
bf4540ac
3de9c01a
400b40c9
40293e9e
40ba400b
3db6bf71
beb74097
bf6f4055
3f80beb0
405a3ff8
40353fef
be564036
408d3f53
bfff3fa1
40b24031
402a3f34
405dbf71
40a1c019
402e4015
bfdd403d
3fae408e
408e4095
3ff140d5
408f3faf
c01c3ff6
401abde8
3ef1bd15
3f263f90
c01b3fe9
3fb44032
40063e4c
3eba3f0f
3f3f3f6f
40403ed9
4055bf86
3ed13faf
3fa83fe5
40b63f40
40403f53
3dd84044
3ffe4071
40564099
3f8b40fc
409f4012
c022bfab
3fb240ae
402e4070
4013bfa4
c0133fae
40114081
3fa9bfab
3f8140eb
40b94110
40a54029
bfbe3f5d
bea13eb6
4053404f
bfdc4051
bfbd3f17
4096becf
bf634002
bfb040ca
be9e40b3
4045beee
3fe0bf44
3f5dbf09
406d3f36
409940db
3fec4035
40864021
3f033f4d
be1e40ac
40ad410c
be89bf7a
c039405b
3edd3f98
3f7c407c
40684082
4084401a
40f04088
3f3abebd
bf6d40a0
bd614006
3eb0bee7
40d1bf32
3fa04072
3fbfbf79
beff406d
40e03ec2
4046bfa2
beee3f47
3ba23f98
bf5340dc
bf2e3fca
410ebf49
3eed4034
bf414019
4043bea7
bf9e3f4a
40c63da2
3fb9409b
3fbc4092
3f8d40b0
bf1c3f86
40a53f96
400c40ab
407140a9
bf56c025
40833d4e
3e734040
be94bff6
40744059
409c4074
3f0d3fdd
3ec13ca2
3fdbbef6
408abf42
3fc14037
40b53fe2
3fbabf8c
bf6c4050
3fe13e8f
3ff2bfa3
be9c3fb2
3fc54025
4024402f
beb53fa1
bf36404f
409e3fd4
3fac402a
bfca3f29
402c4052
403d40b9
40be40ca
c002403e
c006bde4
4024bf8b
40554073
bd9a4109
bfa33df1
40fdbd9d
bdabbfbc
404a4098
bfb83ed8
3fe5bf2a
40513f17
3fd6bf25
bf46407d
bf4540df
3f27bef1
3fc4405b
3d854020
40704087
3faa40eb
40994003
be9e3fca
3fe740b0
be9cc003
406040a1
403e3fdb
40c6bf37
bed040a7
3dbf4049
4069bf2a
408b3fce
bf343fc6
bf4d3e52
403fbfb5
3fd24055
400a3f37
3fb5407e
3f224054
404840c9
400440e9
beeb3eec
405abf8a
4034405a
bece4075
401c3fd3
bf70bd14
3c21403d
402a4011
3fdc40c0
40113f1c
40ed3fb3
3eff406b
3fe64075
bf7240d6
408abf84
408b3f5a
40fc404c
bf0fbfcc
3f57bf2a
409bbf90
bfcfbf48
3f9c4090
402f3f20
bfa0bfcc
3fd840b8
40bdbf1b
4108bfbc
3dad3ead
bf45401e
3ecf3eab
40e83fd3
400abfb3
40283ff6
400ebe8f
3fe540bc
40643f9c
bf653f9f
3f844041
3f5ec01d
40bec006
40bd3fd1
bfe5402d
bec740a1
3fe640dd
40464026
3d93bf6e
410d4087
3f9540a5
3fd54043
bf5f3fb0
4040bf3d
3ff84012
3fd2bfad
bf594095
4013bfab
bfbc3f05
c016bfb3
3f92bf43
3ebebf90
409840ed
c00b3eae
40d04015
3fa04058
3fec40a1
4081be34
3fc53fb4
bf873faf
beb4bf28
bf544072
3fc640c0
4089402a
bf46bf42
3fde4063
407a3f07
40bd40f8
be4a3f2a
40f74022
3e393fd2
408140d6
3f164034
408c4105
407f3db3
40f8beb2
3fd1bea2
bf0940be
40844009
bfa0bc47
bfd54016
40083ffc
3e844085
409a40bc
40c33e95
40b0bd12
bf3e3f8c
408840b7
bca640dc
40d8400a
bfefbfba
3f8fbf28
3ff940c5
408840d9
c00f4035
c0383f64
402c408a
408ac002
bfff40ee
40333fd3
40664056
bf4b402e
bf13bf2b
40aebfb2
40ec3f35
bf604061
bf52408e
404240a1
4068c028
3f5e3fae
bfb74060
401b3f10
3fdebfe3
4069bf4c
bf8bbf62
bfd5bd2a
3f4a4092
bf0e401b
40b340ce
40df3f75
40f33ed7
40113fd9
407340e7
402f40e9
bcb24003
40053f8e
be334082
3edd40a0
4084410d
3f98bf3d
bf2e3fbb
3f3bbfe2
400dbf39
409940bb
3fce3fd9
40e33fbb
3e104052
3f903c8c
bf0abf96
be81bea8
c016402d
40114060
3ec1c010
3fdf410c
bf3fbf4c
40ed3f3b
bf4a409c
bc743fc7
bec8c009
3fb13f98
41053f9e
401e4014
406b40bf
bec94096
40574026
c0153ee5
403d4078
be9c40bd
bf0d4001
bdfebc8a
3e88bfad
3fd0bf8a
bd09bee8
bf9440d4
3e293f8d
40ec4026
402a3fc4
40654050
406a40dd
4034bf23
bfe2be06
bf5dbe89
3fcc4079
402dbf87
40c13fe8
40f14078
3f674073
bfbb4072
bfd6407c
bfa83fbf
3e81bfbb
3fe93f21
3f1f3f26
bea540d6
3fb1401b
41053f86
3f234052
3ffe3e2e
40a4405e
40b54020
bf494083
be2a4093
40223fc3
40ae4022
c0013fa0
bfc1bf96
bf2e4048
3f124022
40be410b
40413f93
406f3f8d
be2e3e6d
3f21bfcc
4050bfa3
bffb4104
40bb3f0a
41083f5c
400740a2
bf55bf76
bf9140a5
3fc0befc
3fdd3fd4
bf674093
402d4086
3ffdbe09
3fb2be57
402f4006
3cef4092
405e40af
402c40f3
bf22be9b
41023f54
bc4b4026
3e79bf4b
403d3eac
40d3bded
40b44080
3f1d4044
3f6f3f78
403d4105
40433f4b
40213fe0
3fa34061
bfa44038
3f1f4107
3c283f04
40ff3f8f
40263f46
4063c015
3db140a1
409f3ee2
40e04065
bf683fb0
3f09bfc5
bf1d4094
bba63fbe
40e73faf
bec24039
40083f13
3ec9bfed
40133fc1
41083ed9
4020404d
bf994012
3fe8c00f
3fc83faf
c0314050
be5f3fda
40694096
40784110
c0013f86
c02c3f32
3fed3e7c
bf0c40cd
3f653fb1
40c2bf2b
40e3bfbc
bf6b409a
3fc040cb
bf2abf41
be20401a
40f3bf55
3fc9403d
403d3dc3
3fb8c00a
3edd402f
410f3f87
4010409e
402c3f43
3f84bff5
c01abf53
410e3f5c
3fbe3efe
4083402f
4035401a
4085bf59
40b4403c
3fa0bf19
3f133f90
3f80c03f
40643f83
3fe84062
bf0c40be
401e3fde
409abf83
409f4039
40884066
3f5440a2
3f6d4093
3fd040f6
40da3d70
40f74021
be904046
bfabbf31
403d4024
40d83e43
4080bf9c
bf723f93
3fe040b8
3f504082
bf123df5
3f904027
3e863f75
3fca408e
bf913fd4
bf84bf60
408b402e
3fa54037
bef640de
4021bff0
40e9be5f
3fe9408e
3d553f49
3e0940b2
401b4000
4086bf4b
40954039
401740bf
3e0f407c
3f2bbfea
405fbfc8
3ff13fee
40d13f18
400c3fff
405140c7
4059c002
3fc13ed5
402e3f90
bf70be08
4084bcef
bec640af
bff13feb
410f405a
3e813f6c
3fffbff3
408140c9
40cfbf41
40943f8d
bef13fe1
bf2b406b
40b3c030
40df3fa8
be29405a
4039bec5
4034bf93
bf9c40b1
40c13e9a
bfa5405d
3f7cbfff
3fa43f42
40863fc7
409b3ee1
408cbfab
3fdc3f9a
407f3c5d
bf51c01f
409d401d
410bbf4e
beb6bf91
40283f3b
40974057
3fc7bef1
40323fd0
3fed4041
4088bde7
bfc63feb
40424022
40e44065
be3340b1
bdd93ff6
4054bff8
bf823ee0
401f3ed1
bf73406f
beeb3ffc
bf64404c
3f603fc3
3e994038
3ef64001
40884003
40854091
3fc4bf6c
4024406a
400a4022
402040e4
405940b3
40ac3fca
4007bfa2
bf5740b0
4086beb5
40b44004
40cdbf4e
bed64043
bef1be84
bf284057
bf9e3fe3
4031bd0c
3e95be5c
40293f6c
bfbabf3c
3fee40c6
40e9403c
40834086
3fe140a5
407340a7
40a0bfd6
40b83e8e
3ed64013
bf34beb9
3ea9405e
3ed6bf71
40b03ff9
40a03f91
3f4d4029
40654092
be9040e3
408f4032
3ffcbe8b
3fb4bfed
3f8c409f
be353ec1
40ea3fba
40fc3f91
3ff73fe6
3e87be6a
bffa40d0
bf2a3f76
3e323f76
3fcbbfca
bf5f400b
bfed4102
3f7f3fd8
40e2bf29
3fae40b9
3f913ed4
bf833e84
4031be8b
40533f8b
bf414081
406840c6
409e3d64
404abf24
4096bfad
3f77406c
4081bede
40a640e3
3cb14080
40373fa2
3f1d4084
3fec409c
4082400b
3dc64071
bf7bbeb8
40e04061
3e853f06
bd8f4059
4098c005
bed0bf5f
4086bf14
3f584064
3f154085
4004408e
bf63bdf2
40ad3f1e
3fa13ff3
3f9240a8
bc074100
3f06402a
40cb3fe7
400c3f3a
401840ed
401b40b2
40423ffd
41054009
4028401f
404a406b
3fcd3fa5
3eaf402e
3fda3f80
3f203e09
40054079
bd55bf66
bec63fc7
40034025
40393ead
401940ae
3fadc012
40d03d92
bfa44072
40123ea0
bf68c01b
403240a2
bff33f9f
3ff24052
be1e4042
3f1f3fca
bed23f9c
40cb403c
3ffa408c
3fa83f93
3de9bf48
406340a1
bfb83fc8
40523e2c
3fb9408d
3fd740b0
3e8140e4
407a3f69
406f403f
3fe6407c
405a3d00
40983f86
3e0c3e6e
409d4049
402a3f13
3f4f409c
3f56c00f
40e63f2c
c00c4084
3f4f3f34
40223f53
40454054
407e4022
3f7f4067
4003bfea
3f974089
40674052
bf023f60
40293e51
beb34063
3f123fe4
40834107
40df4028
c02dbf70
403fbf6c
40804034
3fb2409f
bf0a3f89
bff7bf8c
400dbff2
bea24020
400ec036
4025bb3c
3fce4036
3f98408a
3f4bbe49
3f4bbff9
40954017
bf143f83
3ea84078
3e69beb1
40ab409e
40dc402c
40b24023
bf0140a9
3fd83d2c
409840f7
40d3bf12
410ebe99
3fcc3f08
40164041
400e3fad
3f343f9b
40b43f34
bea0bfbf
3f5240c1
bf323f0a
40863f64
40d33f87
be5f3f80
40383f61
3fd1bf3d
3fec401d
40b84088
