// case 004 k_multiblock - C[128][128] FP32 expected, row stride 512 bytes
// 16384 words, 32-bit each, little-endian memory image
44a6a273
447b9552
447d5216
446c00f6
44935212
446f9052
445a3c0b
4469bac2
447462ad
4472e70b
4481dc13
4480cdf5
448ac438
44946c68
4475fa47
449ced39
446ba388
44821f2e
448d3b3e
44825321
44999032
449de728
4460d1be
448e991c
4491b2c4
44a055f4
44747c0b
4481d857
449a2e82
44809d05
4495318e
446d7456
4481ecd3
448bd2df
4487675d
449282a5
445f4425
448e6ff2
4461f500
4457831b
4497f87a
447a27f2
44723fe9
4441e316
4486d9df
446948c2
4498e04f
445a564c
44687f43
446cf0bd
4496a154
44921661
444bc08a
44817684
444f3704
4491bb97
4481a7b4
44874e6f
4493517b
4480cb35
44a92c9f
448bc263
447d4cee
448dc659
4446014e
448c5675
4495132e
448f55b3
447f44e4
445af1b0
448d1b82
448013d5
444412a4
446b4f18
4461bb47
4495703f
447fee4a
447328be
448611c5
446b1601
44898f7f
448d0758
446b1bd9
4498bbae
4491b739
444e50fd
446eb481
4483f9d0
447fc2cf
44827e62
449b0370
444c0204
44593072
4473fede
44890cf9
445ad0ce
4481cbbd
4492675a
4449fe37
445d285d
4487013a
44765b6f
444fd5d6
44898e05
448429db
4487efca
444178de
4496318d
445a9d42
447da154
44aea39f
448e467f
44885f2d
448949c2
446de5d3
4491a6cb
44747814
4442aa98
44a0b9e0
4481725f
4485e35c
44751b88
449410fd
4490d08e
447ea307
448f2d46
44814192
44630a2c
4460a2c1
449ec5aa
448632c7
44642e32
442f1c34
444e7756
4461f766
442e47c7
447eca99
445fd92e
4477aea9
448525a4
445c55a6
44973eaa
444ec580
44653c6f
445aa022
4482dece
446a40c2
443b379a
44591f16
449a3f7b
44633c3d
4480fe02
448bc482
445464af
448cff04
4476b48a
447730b0
445767b9
444612ef
448f4e45
446c250f
4489f0dd
4486854a
44547abb
449b6a18
448da1c5
4481fc40
445c1bc3
44543b1e
448f2d23
446beb90
4465cb9f
4477459b
445122e2
449f7ee9
447c9c94
44542671
44832bf7
4428627c
44adef62
4460e737
44719686
4434d2fd
445e935f
4492b7e6
4479d6b6
448377fc
447a0e62
4478786f
449c5770
44712c55
448cbbc0
4454683c
448c3439
44ada3b5
44765138
44854e4b
447d836f
4469cd08
447946a5
44690137
4465f689
446d0a05
44714e4b
4469817a
4438ab5a
447d9537
44574b28
445ceb93
448600f7
444abb3a
4472051a
4485b818
445fee9e
4482a377
4479a67c
44624f5a
443b8ef3
44805988
44807edc
4425c12e
4478be61
4467e558
4462111d
44a5e747
449152bb
447785c0
44318862
446e181c
4469ee50
445b1dbe
4436fd52
4458a610
445c2121
4489b674
4480e349
444059e2
448fe2cf
447143a7
4493fba0
4473d0e0
44995e88
445ed2bf
4455a327
449f3cc6
44601dae
4485e33c
445bd359
445e5d8d
4487c67c
4469c75c
448b28c2
4491ee81
4461e39e
44986a5b
446b9e9c
4451cca4
446c6bce
449eb3f2
4439b7f3
44876d30
44840584
4449e0df
44929fdf
4443c98d
446f006a
447939ee
44491454
447c4b7c
4471ffc0
4473f6f5
44805886
445b0b58
448e7581
44543093
446409eb
445d839e
446564c6
44575a37
446fb74d
4475fcd6
44555b54
44488d56
449eba1a
4494dc4d
44507425
446cdda1
444fba28
44818690
447a5de9
445a566e
44730634
442a6b3a
4488a6af
4434acb6
44468de0
445fea40
443eb624
449391a4
444abe83
4484510d
4460b6dc
448138d1
44896bd9
44562e17
443cd7f2
444bee62
44880313
44707f26
4471d7b7
441a7230
445ba890
44590f40
44970c45
445d09aa
444c1f14
447f0093
4482ec5d
444c0a2f
445f7873
4482b0c4
44914f3f
4442b248
4493b6f6
44829ddf
4457bb85
44727251
446038b6
447ded42
44325de4
4465ea38
4453086e
4440be93
4458ec8f
44441188
4482dcf2
4455aa6f
4461ea44
446d2b12
44380de5
44908071
43f42f2f
442fe8aa
44895bd9
44354130
447e782f
445927bf
44558b08
4438884b
446f79ea
4483e9e6
44569f1d
4454ef67
4485568f
4445897c
444e0f61
44520f07
444e4edb
4469bb7f
446c42a6
4454f43b
44628bbd
442cf9bb
4490c251
4434eb3d
4468ce0a
448ffdee
44835582
4475a13d
448c9a52
44653646
4431ddab
443c65a7
44759c57
448d69ec
446c12fa
443538d5
445558f7
448129fe
444b5f12
4457d149
444f18eb
4450f4cd
448057cd
4479d816
4474f8f6
44970f33
444ac4d1
445e4451
445684ae
4474f917
44608685
44950b5b
444d2b2e
444599f9
4478aeeb
447d3909
448dd2f2
445f43d0
445e810a
4463afa4
447fb174
4499205b
445fd777
449097c0
4493abb0
44805e80
446721a8
4476de44
446f60e3
4450ab3b
4489a75a
449c2403
4458de96
448bd884
4455bce9
44610902
448c9a7d
4476d351
44652c9c
445d0de7
4480294c
447406a2
44488009
445a18f3
44574d87
447d0fb6
4454688c
4463b2cd
445b6bc6
446e364e
4440cedf
446d5295
447f3128
447603c2
44836e8c
445f1864
44920a05
4446a87f
447e8d10
4463b9b5
44897411
449931f2
4480493e
4477d3f5
446f11fa
4452d6f7
44a936b2
44476791
44877f7d
4482c15e
448650fc
449e10fd
44762d9f
4459e10c
444fdb16
443d8786
4453f639
4466f899
446671a5
447a702b
44519aeb
4492771e
44727fca
4452e589
448bc3f0
444690ed
444dc93e
44768717
447559be
44805706
44539f02
446e671d
442c2c2b
4485992c
44403cc4
44456657
44505e5b
446526c8
4484f35a
44838857
4485275c
446c56f0
4437f2f2
4433845b
444f3562
445a7534
448f534a
4445fc9f
44805c53
44268ed1
448a82fb
4474bdba
444a7433
44791f88
44487105
44824aee
4495aee6
44469888
4444ba9c
44774b70
448c199c
449f542c
444e1c9f
444b0b55
44744dcb
446f64b6
446a1c6b
44416eec
4471f35c
446f315a
4476f294
4461a28f
4489be03
4482b883
4454e3eb
44860cfe
444e577e
4468e8b8
445e031c
4487be71
4498ec81
44454ea6
44497ac0
4482dc72
446c4b2b
44a190b1
4489c514
446b0906
44793bf9
4454bc6c
446ab10f
4482639b
44772a87
4480ae46
446d2b6c
44963965
445dcfd3
447a79d9
445b7019
44720c0c
448c4957
4460f43b
44762c48
4460f681
4481d225
4495a547
446dbf8c
44972a7a
4482224a
4471c080
448d3778
44456812
44783508
4479a7d7
442e078c
446f7bd9
447de08d
4496ca6c
446bbdc6
444d8f34
4491eac2
4488fded
4483aef8
447e098e
44741352
448582a6
445066be
44774475
447ca39a
4491b4ca
449b93b6
447bfa0a
4495445f
4494378d
4467bf5b
446dfac1
4488854d
447a7223
446cbd87
448c5f67
44792ef2
447834d6
4482fee3
446be58b
441cd772
4485d147
44730fa3
4480b8de
44480112
4459d0b6
447fc240
4488e933
4467684a
446470fd
446260da
449dcb28
44373be4
446126a4
442c2980
445d5288
445368d8
44891a2f
44718687
445c81cb
443f8e07
44934635
444857bf
44854b6f
4456a061
441b33de
446163e9
444ad617
448d334f
445f448d
447d1d40
447d6390
44651d88
444b66fb
44884e58
442db1a6
449d43a7
447d4bbd
447ebc33
4459eb28
44747879
4485304c
44595ecb
446cd094
4465d4ca
448c1e75
4487faca
4480fd61
44833b8b
445c3538
446b9481
44853f5b
446c6d6d
447f230e
448127be
442b0fbe
447e2802
446de9b7
4447038d
44617d4d
44645321
444d11d8
44568cb1
446ff078
44193392
4464eadd
44354f7a
4440d83d
446c0cfa
44614853
448ecb1a
445d5a7d
4461fe5f
445d1b94
44542278
446abd51
44213093
446bac53
448815f0
444cea83
4455fcc2
445d08b7
4462ee27
4480a5d9
443ff484
4476fd6c
446859d6
4449fc3c
44773e24
4457d8c4
4492078e
44827041
446299aa
44564c5f
446eefaf
44885f6e
444c84b6
44559132
442ea86f
44444d81
448151f8
446756f2
44625bbe
44154088
44474c79
447a2109
447226c6
440434c0
446494c7
443f619e
446ccd06
444f3035
4481c624
444aba73
4449af27
4484d0fb
4488e4c1
44774282
44564526
4459319c
448bfd1f
4458b54c
446ec84e
44618e04
44632092
4486d8bc
445667c1
44370023
445fd982
4453c1dc
44838e9b
443d6395
44292634
4472e7de
444c620f
4476a58b
4448c5d7
448253cd
445fc908
447288af
446c53de
444d8c7d
4458ace9
443c9a9e
446de9e0
4492bb63
442b4568
4462fe74
4446cc1f
44583354
445a757b
446032c7
448d8294
44206a79
443b6daa
44807e2c
4454db69
4437a420
44678629
44439862
4483af9c
444e9760
44774cef
4463f4db
44324cc5
44916771
44601b33
444a3583
4475bdae
44356c86
44893fda
44414f19
4470054a
446a92d6
4428fb5d
445fc6bf
443c31c3
44745267
444d928c
445bcf13
44580718
4458460c
442f220d
445b1f7a
4487f68e
44728298
443b1c0b
446a3514
44589310
4487950d
440f1e72
44694e62
4444d0af
44523301
4485fe7f
44695cdc
44826345
44467923
446cfe17
44a58f23
4481037b
44646a47
446da94e
4482f446
4488897d
4482186c
4481c184
44839e9f
4457f794
449095b8
446357e6
448542d4
4488d9e7
448465e6
446c2a71
44454f4e
4495e890
448ba530
446564a3
44796386
44628793
44805d9d
4463402e
44574467
447801d9
445bcaff
443ed607
44718162
44615eed
44a07d9d
44613160
445bc438
4467cce8
4474c3b8
44954d84
446e872b
4486d1ed
44746844
4455af1e
4492ecaf
44676a75
44854f3c
44830ab4
44839c9e
44ad6783
447715b2
4484f4ee
44713dd0
44943bca
449a0044
446e1c3b
447c8d6e
44729f37
446c29e5
446186c2
445a11dc
445ca983
446b5456
44587ab4
448139e8
4464d338
44557bad
446b017b
446c1346
449f1bb5
441b9f43
445b958c
448c0c67
44260cb5
44691f23
4456628c
4463d7e9
4442b774
44903ba9
4473930e
444dab4e
447816a2
446a69aa
444c56ca
4492a319
447258ed
444727db
4431f775
446d0389
44862bac
4424e433
4485db7b
4473af8c
446954f3
44798226
4466046f
445aa248
448afdcc
448f23f7
4497e336
44679804
4494b40b
4475fdef
44626f7a
4480d443
4480e0c9
449eaad2
447d58ed
446ab617
447f99ac
4450782b
4488b5ab
4480befb
446abf63
448a6451
4476d456
4478f069
44a56348
44bce802
444b4972
448a68d9
446e9f12
44939db4
446c0721
447144b8
444f9bda
4478edea
44711d65
4491feab
448a461e
445d4505
446b23f5
44849c35
4484cea1
448a3a82
447e8c31
448d350f
4493a467
449d7a43
44876dcb
44849fad
447fd8cc
4474bc44
44abdb88
44909c64
4480a563
44818381
448a17b9
44887020
44801aaf
447e3423
44805206
4475285c
44979799
4462213f
44820468
4447d8e8
447821b9
44b2898f
442d025d
448d5a69
445ee671
449270bc
44a66a4f
44556f14
447db145
44613974
44a19d8b
44965cbf
44820699
447996f9
44857df1
4474f698
449ca052
446ef6f1
4486a81a
4484a195
4498280b
44a3efa6
446b135f
44859516
4465a609
4449fe2d
44b1e30d
44834379
445fe664
4483b9bb
4467a34b
449557b0
447ee79c
44871559
4472e370
44751555
4492626c
443cdfa2
4455f427
44688412
446d0c0b
4485b328
4438825e
448bd7b6
4442e2ed
4487f9e9
44afa9f7
4446a6a9
44709d23
448786ab
448593ad
448c5828
443e9100
4486bc1d
445fbb08
4485899f
44c514ca
443a4bd5
446d4fb9
445f7b27
4482625c
44a7b236
4480bca1
44924b23
4456901d
446bfc96
44c0572a
443f1d0b
447f9d7e
4482e10e
4487c54c
449260e8
448446ed
447baf7e
447ddff3
447a1e07
449add88
449326f0
448f2a9f
4455923e
4471eb08
448c6003
442f96ad
4486c4ce
44742e24
446a6498
4486b5dc
44813cfa
4476cd63
445122c3
44678a27
4457f0c1
4444a500
44308d84
444cd44b
44535eae
443169c5
44374c20
4470e579
4466ff63
44840a06
4440843d
444a15e5
44566e75
44632dbd
4476f5e5
44557a68
44893d89
446ba432
44626017
4489181f
442e1d23
445bb365
4465b5fe
4465c6fd
448f810a
44609222
443ae2ed
445394fa
44467ff7
4492530d
4478a07b
44740518
445f9a56
4453c672
44852e63
44431821
4460ab20
446e5757
445e9c79
4436dbf9
444d9d1d
44537678
44931c47
44520fd0
447a5d0e
443719c9
447d754a
4482f167
443c4517
447ffa53
444f4f5c
4479381c
446adeba
4478aa5b
44786d16
44547b37
445f8a47
448ddc94
446b1fe0
448ddc20
445db4e4
44710779
447cb9af
44796d93
4482aa0d
4449a961
44752d12
444d3de4
44362b0b
4442ba6d
444aae99
447de3e5
44516ef7
4451f092
445fe6ec
44332b35
444685cb
44700a15
4439dff7
44626719
446a9bd2
444c8483
444845ea
4466c8bc
4459d110
4460742e
4474c59e
442558ae
4432d8f1
446bb043
4440f922
444f4f2f
4481378e
447f03cc
4487a4b9
44333a09
444c319c
4472c515
4431857e
449cf813
4404dac8
445a32ee
443f4a7a
4467c32b
444a3efe
444fccf0
447dc89d
4472d8d7
442cfb32
4482a4af
444e572c
443a258a
446ad4a8
445c5bda
44953e75
443edfcd
44715767
444c66a0
4450e18d
44851f76
443b2f3e
446e7684
4469e1eb
4434fdac
44660355
4482a0b2
448ebb8a
4455564b
448d924f
447581d1
44809778
4471b885
44713545
44659443
44798bb2
4451bb62
448b5e39
4485acc0
44a008e2
448d7b68
446be4ea
4483c8e4
447f2d97
44857fbc
44817ddd
446ad5fd
44874629
448f69cd
44a7bd0f
445db214
444a6a42
447faf08
4482a7da
449368ab
446dc18e
445bf90a
4469757b
449eb7e4
44ab271a
443d2c31
44771ed2
4492bfc6
4473245f
44890abc
4457c5a5
445b88a4
4483f828
44500797
447d506e
4478a5a7
449af843
4474b4e5
444c3844
449024c1
44693cfd
448cc4c0
44569cbd
44823133
4486509c
445fb646
4463ff6a
44893310
4481a865
4468f584
447b1b2a
4493c930
44738886
4466d2ad
4460e477
4488afe6
44782f29
4482c132
4482af78
4484cd3a
44806606
4472b4b4
4469d242
4449cec4
4485583b
4487abad
445eab02
445dc1da
4479ea6c
44779e83
446b87fe
4470afaa
446f91b5
44770803
448fbc78
4445cdd6
445a05dc
448d0734
4465b6b0
447b6f62
447dcd0e
4461a4b8
44624b80
4469fc4b
44933276
44459006
448668ca
448f4678
443f7a70
44872d13
446919c0
44837eed
4473f394
4480d9e2
448505bf
448473a7
445f8071
44aa657f
442880bb
4492df35
448f3ec9
447dd2f2
443f74a0
44802584
448379f0
448083c6
4467c42b
446b44fc
448a50ba
448875c0
446b52b0
44831e92
44853953
44734680
44980bdc
443718b3
446efdcd
44788c0b
44a1ba69
44910829
448a5ce6
445c71a0
4482815b
44869dd7
446af584
44877673
44841c95
445a1b4c
4465f504
446196af
44842bb5
4483aa6a
4461b774
449f045a
4474599b
445fa46a
44897ac6
447343be
44af7bce
44905826
44880a32
448a4b5e
4463455e
44a585df
44682285
4486af20
448e1cde
445127a7
44a23a38
44649c8a
446d787e
44832c96
448a8804
44926f1d
445c5df7
44823c9e
445d1be2
4476ac36
448ca321
4467db5e
4491561b
4443c848
4469b1d4
4484c945
44821c47
445a3627
4465def3
443b8db8
44957a61
447091fe
4464a56f
44735e3f
446ae99d
44a30ffe
44819076
44784f7a
446e9fc6
44738a49
44a78600
448e4f26
4479bb9d
447a6758
44664b64
44958020
4485f662
44908472
448730f2
446cdb3c
448e8059
4445ee93
44634c21
44801335
446c2645
449a1884
44432d43
446bc34c
4465c482
44567706
4495067b
444b441d
44726eb9
4460bc2d
448cf144
4453d81a
4454bee1
4488e811
445844bb
44669195
448a62bc
4457cc20
4463c095
44758a03
44643e86
446ad593
4463e4de
447eac39
44298ce0
445f5509
448f4ae5
44688a1c
446c1f91
449d636e
444f8dde
44824ab7
4473423c
449726e2
446a45c5
44746a80
44a45ecb
44783da7
446b74d3
445fac62
447676b5
448e4f2c
444c16a6
44909bbd
44839753
44804f78
448658e5
4474b254
447e5d34
4470433e
44783db6
449de6f7
4470b481
4484e3b5
44626109
44a59a1f
4483cfc9
4463c751
4483bbdc
44810b9d
4466765c
448250e3
4455bab2
446ff612
4466d555
448f3b37
447f137b
4484cb90
4480667f
445e8a40
448c9bb5
4478dbbf
44813fdc
444ff4f2
44399a0c
448cecda
448b6801
4476aa52
446d8ce0
4455116b
4467c311
448b80f2
4480fcf8
448e1b61
44719f1c
442fd888
44713482
4494052c
448e0ac5
4439c6de
4461d6e9
448fcd87
445b4734
4471f48a
44445866
448ee925
44838589
442d1d3a
44859097
444909d8
449bb325
446b4f0b
4468f335
4492a6b8
448db13a
448115a6
4462cff0
448139c8
4483b69a
447dc5f4
449110a8
4486b11f
448739d4
448f6494
4476df15
44a3153b
4452fb8e
4479a92f
448f1823
44809c1a
447e355c
449058fd
447cb3f5
44587f65
44416efc
44937896
445bec0a
445477ae
445dfa58
446ce06e
4472e552
444bb2ea
445bba18
448913c8
446c53a3
448bbe76
4468beef
4444b84e
44a6e7d0
4442399f
44837b8b
448bee3f
44538e87
44897aa1
44891534
4492c606
4465123b
4434152e
44869295
445761c2
4494256a
446975e2
44560d91
44573bda
44544b42
449119d5
44752847
444579d3
44919a22
445de38e
44843d46
449206bc
4443a927
4494f695
447c0060
448567bf
447b7cf7
4492312a
4492aaf8
442fd043
447fb71f
44780bc4
446e9dfd
4488fa99
446283af
4496c2e3
446984ff
447c5d04
446b859c
446c3afb
44b180e0
44858750
4491c1e7
4497f444
44aa6150
44631188
44936e95
44897e71
44a3dab0
44a66848
449540df
4458ba37
445a6257
448a1ec6
44b9bb90
4496b3ae
44ab9612
44902d39
449523fe
44959b4c
4490bab5
449f0969
44a8587f
448a16f8
44acb360
447d88e1
449afd89
44a48446
4494c68d
44a6c869
44887576
44953d66
4479eb45
448bfa2a
44b341a5
448393cc
449aeb3d
4494eaad
4488f574
44b1595d
4484c6ec
449aa50d
44664a02
44990fa3
44b9b1ed
446013f6
449e585a
445ebeb8
44abdc06
44a4300d
44849763
4493f90a
44841858
4492b04d
44a85b14
446c9c6a
4488fb44
448421ed
44a51e91
44c063fd
448c9e9b
449c3d0c
44974dba
44a501c1
44bb426a
44869307
4478a125
44a28879
446d1d6b
44d03542
44859064
44703e0a
4497e167
44992f50
44aab42e
44940f2a
44a2b648
448ecb5f
4475a5ab
44a53b96
44800d14
448bb11e
44807f65
448a6fd6
44a1d1ce
4480d558
449e73a3
447abe08
446012f6
44c2a94f
44654855
449c5e9f
4499dd02
44937771
44b3db79
447d9921
448b4d90
444f741b
448b2f71
44c32ee2
442eea4c
4487f792
44848acd
44955c02
448e4095
44a1ab23
449262b4
448de0d8
447c5948
44e5948b
445c1620
44961c3b
44aae984
44a28140
449383e7
44954092
44b04f14
44873528
446e6ed2
448b22dc
44b0fa0c
449484d3
448c5de7
44708275
44abf2fd
44862ae7
449628df
448e2121
449202bb
44a68750
44548f45
44988137
445a6eb2
448f5be2
448bceb6
44508346
44805c19
446b03e2
448d4dc3
44727a67
44810b5d
447b0adc
444a7996
4499e2f9
4480a5bc
4456350a
4457fda2
444e7586
44737162
44708b19
44886cb8
44988fbc
44824dd7
449ead09
44855ae4
44650fbe
446ea122
44673e6a
4493cda0
444dad15
446e34c2
4448f829
447741b6
44917d1e
4469695c
445b2774
44799d38
447d37e7
4470f6e6
444a0840
447bd6db
448c4876
445bb363
4468b721
448190cf
44732354
44a41486
44675f52
449acb48
44887f24
4479bf63
4488ec88
4444a7a1
44614e95
446c2577
449e1806
44896b44
447fcf99
4497235f
4461ec5d
4479fc8c
4490552b
4466a71f
44801bd8
445177d7
44868863
449d8e7d
446185b6
4486349a
4467ab8d
447225b3
4454b6b9
4450098d
448ac2ef
446a6677
44886f49
44638abb
443929a8
449adc46
4470d228
4468078a
448427fe
4437efc4
44664ee0
44854203
44898386
44632312
447abf44
448083b3
44623522
448c83dc
4463254e
444ea2f0
44849282
44581c9c
445ec6fe
44808a59
448858ea
448d5eec
444c54ab
4489d123
44983688
444eb77d
449e2281
44755d35
445bd784
445cac90
446da8b6
448162db
44815dd4
44823a19
4484d113
4461fa5a
448aa549
445b3586
444e05de
4486887d
44703469
4488c2a2
44598fff
446d630b
4476b8eb
445527f3
448ee8b7
4458527b
446fcf74
447b5fe9
4473816e
44774def
44839d38
44727901
445d93d8
44967d2a
448420f3
44827c14
44843931
448e1f45
4480f757
445a5b7f
446d7e40
447248b2
4488677b
4496ed8d
448be17e
4493e6c4
4460ff13
44873e08
4485ee75
449861f0
44878d56
4493030c
44796bd2
449d963f
447a8a96
448066eb
447eefc7
448dac95
44aabd7b
447ba14b
4491cb98
445e2f33
4488f75c
44ac56f8
4482bc4d
44930306
4490dfc6
4457e4ae
4476c46a
44499edc
44619567
44765035
442d4042
44af2780
4468edc7
4490281b
44845c76
443cccbe
44861c95
446e6349
44871cc8
444fc1a1
448cad4b
446cc786
445fd37f
4485003a
448922c8
4468a3fd
449ab9aa
4494cd45
44a56829
448d1f5e
447169ce
4487d211
448ab7a1
445f0683
449648ea
4486de0e
44848386
44759802
448517cc
448102d3
4473e67f
4480a2c4
44703cba
4485d82e
445f8fcc
448ba49f
44891cce
447e0f3c
447b66fa
4475bf77
44853a75
448c7bf2
444e1606
448a064a
4462f7fb
4463b6b5
44554cb0
448cb030
44808e92
447a5450
44532c6f
44922ba1
4465c942
4487bbce
448a3414
4444b4df
44877696
448161d5
448cc6b6
44849ef5
4497925c
44b4595a
4479fff6
446896fd
4492ec21
44645e8d
449e6ddb
448845d9
446625de
44862f25
448e2b3e
448376cb
446df777
4470d0ea
4476496d
44a1d2a9
44a554df
445e2d13
4487fd5c
444dddfa
4459cde9
449493f2
44871982
448adf6d
449233c7
449a1b99
445238b9
446b7c6f
445b60f5
4491b473
449970df
443d053b
446f1cd6
44828972
4463459f
4493d5e3
446e4ada
4487ddf4
449510b8
448fb2f9
44b07caa
44721cfb
4485affa
44653259
445296e2
4483b1b3
4489687a
44808232
44946190
447e35fd
4490ae59
44569a7a
448386a3
44951fc6
444a0426
44762772
4477509c
4458dbfb
4489ca86
446cf98a
4480d31c
447c3c72
447cc46a
44902e16
447e20e1
4481bde1
4479ee1d
447a79ac
44713733
44816b0f
4469dd7a
44941a84
4463c22d
444b5f3c
4478fde0
448174bf
44624408
443013e4
448695d1
4452ea29
447cec22
446f784c
448287e0
44840ce1
448e9070
4494c16f
44890009
44918c0b
447f8c7d
446e7dd0
4493a5c4
448b109d
445f4b21
4495680f
447333c5
449f40c9
4481992b
4469d436
446dd1fd
4457fa45
4489b256
4436ccfc
447b7802
448a8407
445f36b9
447ba98b
44792fe5
448b82cf
4481efa1
44a88893
445c9368
445889be
446d12a9
44851565
4473a138
447d0787
4457be6f
447dadfc
4488ed6a
446cf2cb
448ee14a
4485e701
448d547a
444362d5
445bd1db
44a37cd0
4482fc70
4439f2aa
446cd071
446ca091
44a1dce0
443b3986
448be314
4468a408
4483e26c
44a1d232
446a529d
4476545a
448903c1
446f5a0a
447c52d4
4466715e
4471ba89
4484dde7
44738a6a
44859bc2
44567697
4482a2a4
4471d66a
448187fe
4488cae3
448a88a3
447b3429
4451ed5d
44b20c45
4470af08
4476b705
44888243
445fab7f
4486dc4e
446da6d5
448bbe33
449a1ce1
445c1fbb
448db15c
447c4c55
448edef1
44905669
44454a48
44550da4
4447b61e
44650dad
449e102d
4459c385
4481bf4b
446ded7c
448194ea
4492b765
445445ad
44782c23
44833bec
449810f8
4493333a
4453f0b9
448c755b
44703cba
448a4067
44ae6986
445dc990
448d04c1
44851ab3
4481f127
448f2b4a
4440a8f3
447dc62d
4485349b
446c14b5
4495cab6
4480ef08
44a2c1aa
448b5ebd
445760c4
44947e07
445e4c6f
448eea03
4475d0a8
447ecc2c
4458548d
44869cdb
44b3dcfd
44612a6b
44896f29
446e8796
446caa9c
44945f32
4487a32d
44812035
44804df1
448b8a94
4489f659
449ef285
44a2c976
44693c4c
446e537e
447a219a
443c33de
447c8f91
4494fb15
446a58c2
44608ecd
442ca811
447dd491
4492c23e
4470962d
448d8727
444e9d7d
446f48bf
4486a061
4444b01a
446dec2f
448d2d69
44479e9c
445ec09f
4480f216
44677929
4457179f
446240a1
4497b58c
44563579
449842da
447e4b9e
44655904
446b8fc3
44625469
44af7744
448e27e5
4490a5b7
44907576
445dbc51
44569550
448f6ad6
445bfb4d
44884fc8
44943419
449aeb60
44766cfc
449a86ab
4494c340
445c292e
449a3ff8
446e4c4f
449bee2e
449eae2c
444ac687
44a5eb8d
447c88cf
44841aab
449c0fcf
447c1722
44a400b0
446fbf14
4490e3d7
44984914
44b10614
445aca4a
448c7cfd
449216d5
44844b6a
4497934f
44859766
44863d42
4487ab47
44888442
449a019a
44836235
4499f972
44a7dff5
4460c6e5
44888a95
4481899b
447e378d
44a51181
449106a5
44a3232a
449b7f29
4498f333
4481929e
445b936e
44897cc8
44927714
447f1464
448aa1f7
447ee7fb
44a0a25e
448f01da
4499573f
4496b08a
44795f6a
44bbab1d
447d8d8a
44836ddc
44726cbe
447619a2
44a179ad
4459cd95
4486874d
448c25af
448936a0
44ad087a
446f3e00
448ae966
446ce319
44830512
448cd6a6
444ca0f4
4478ae58
4473699b
4465e2bc
44adc84c
447a75da
4487dc0d
449a5381
448fc0e0
44a5e933
444c11f5
4486a12d
449dab82
447ee210
449a2052
44898fe6
44820ee1
44828928
447814d4
4495ff06
448614eb
447c8bd1
449b125f
4465b07b
4499e005
44877dcf
449133d4
4483ddac
448284b6
4495962e
4458b3e5
44983b64
446b8c7b
44623f37
449fa42a
445ce3b3
447424fc
44955500
447c6333
448113cc
44797a8b
448c3d9c
44868d31
448d97c6
44aa4280
442870dc
4487fd30
44740e5c
448f2e23
448c0788
4497e70a
4498e30a
4488ace4
44745067
44c066e0
44697f73
448c2a10
448d83ca
448a8983
449c6747
448b0d4d
447e3dd6
4452b270
444e456a
446ffd0a
4483d0c0
4474ee51
448ba6ac
448984f1
448cb14d
4484dc27
446fe2b6
44a74696
447d0460
449f9325
449cf169
44a82357
448b10ab
4481dc9c
44953851
4484ee6c
448e24ae
447163dd
44a3e3ae
445e1268
448559b0
4495ee54
447ad234
449db2c6
4487ee46
4486c6a0
4496e433
448ab452
44a28d6a
446ba20f
4491e27a
44a568dc
4496dabc
44b6efb8
4471e660
449d8905
4495be12
4473509c
44b0ca39
447e46ed
44836e30
4465e363
446975a3
44a50000
449fb10a
446af8fb
44835142
4487dd13
448bb8b1
445001a3
448da4e1
44897b21
4486ed80
4475decb
449192fd
448d79ec
44a8c9a6
44877f70
4488a2ca
44852d84
44a7a47e
44aa4563
444ca7bf
44a3ad86
44860e06
449b1648
44b8ffb2
449535b8
44a7845c
4475e5a9
4487bd78
44a4d8cb
446e147c
44ab6ea0
445d822b
44a08828
44a89cc2
448ec70e
449af8c8
4472a151
449d3769
448dc333
4482eebd
448f1cbe
4479fbfd
44a22f2d
447e2fa1
446d2cdb
449a1978
4468ee26
44971d77
44981c8c
4459197d
44902699
4484b83c
44729161
4498246a
4484abe4
448066fc
44682c44
44a4efda
44769033
445226a2
449069ea
44966215
448d6e40
44957236
4497427a
447a1cd8
4479f4aa
44895426
449b03db
44826925
44b2f31b
448ec743
44916eeb
4479530c
448dcafc
44996a78
44875a77
4498c6b6
448cf9cd
44663f29
44a68e13
447a5a68
447284eb
448c415e
4467313e
44be58f3
4469a379
44649478
4490244d
447a4c41
44ab8429
444ceaf3
449a6633
449c57f6
448fb927
44626063
4460ad5d
44823ca0
4438ac7e
4478a789
444b1c52
44587ba6
446f660b
445260a6
4490a23a
446ba4bc
444c89e5
4447cef7
447f0b40
448cc9bb
448dfe08
445c7e91
448917ee
4470dabb
445f6584
448e9432
4462a268
448d2ec4
4475930b
4497176f
44562a9a
445c32be
448383a7
448608fd
4480d72a
448a51aa
44761620
446dfc11
449115dc
44bcab22
44886843
4468fef4
44774c39
44463f48
44680a17
447893c6
446b764c
445b993d
44046cc2
448f58f8
4464d581
44875d06
44832207
44597230
44803bc5
44815cb4
4460289c
44883a31
443d903d
44772f08
44716091
44700950
448eb896
448a4247
446f1f8e
4480572f
44936ee8
4486d277
446aa909
44550914
448e5b5d
4459dbf9
44845c09
446dfe7b
44886d2b
4479cefc
44906458
44751f66
444f87b4
4456c479
4478be41
448356f1
445560e3
447af288
4490277c
447498a0
448735a2
446db9c6
4462efbf
448d551a
44516a22
445a55b7
447b97cf
4438f770
4454ac8a
449647cb
443ea9a8
445dfd5d
447314f4
448a4666
444e4b83
445f24ec
447397e7
445c3fdc
44352d14
4483ceff
4450bbee
4460296a
447806c7
44932db0
44828175
44706d88
448d16ad
443ae493
44abe252
44678f7f
4476b56d
44875557
4482df28
4463f6f3
44749398
4491e5c6
445d0844
44780422
4483a329
4480472b
44739663
4465214c
4444d7a9
447e4792
44804219
4478f6a1
447a4c25
445b453b
448606b4
445306fd
443bab45
4466c261
447f8324
44801e46
4445c36d
44704b83
4443ab08
44433e24
44625756
4448a600
4477d799
44558d31
4462796e
44548f3e
4448fd34
4451d3a4
4465ccf5
448f3714
447a1b3a
44696bca
4480a1da
44509e27
445d6d8a
4470b9d3
445b72b3
4493ee42
4459af57
44622082
445ab91b
443829f1
4494cdc8
447f8d1c
4462ce44
4457b501
44494cd7
443d36cc
443ca245
443b9ac6
444ef84f
44700f05
444e13af
443665dd
448ac41c
44773aae
44753197
446bbcb6
446b7932
44611625
4489be53
442cf99c
44675460
443fc627
447e0dcc
445ff001
446da431
445353b3
446bdcdf
44709be9
44898842
44453a89
4479397a
443f6e52
44768291
445e281c
44790625
4481df02
445a2aeb
4483742f
4449d606
44339d2b
448363b5
44655ab6
44863493
4448018c
443451fc
44728921
442ec3ff
4437f7d1
446baafc
444b447d
443af5e7
4487912f
447b5082
4469102f
445ce563
443593e4
446b41cf
449183b6
4431f4ac
441cccad
4446e09c
4455f215
4470a603
4477fc97
4479dfae
4443e1f8
4458258d
445d07f0
445d3f4d
4458a3a6
448719e8
444d3478
448f089a
443d2d0b
44840add
44487c50
444c8aa6
44916268
445b9853
444134b3
443ed85e
444ef940
44546313
44696174
44795a7b
4494f1e5
444c9e46
446bf1a6
444d29d7
44568b67
44579bb8
4451431d
448bfd3d
4462253b
4472d29c
447dc1a0
44b3169d
444ec741
44809e3e
446e8d14
446a3e8b
446bc21f
443a1fdb
4483e687
4469e244
4454f9f5
4492557d
4462a6d3
448cfe9e
445041a5
44653a00
44a1ba8f
44574a58
446857f2
445bf4c4
448590d8
44a4a811
4456872f
4495592f
44662278
4448fe2c
449cf48a
443d0f81
4488dadf
445594df
443752f1
44611ae4
446cf851
4480e71a
445c3655
4449981d
448fe2e8
44596109
44867fd0
446e73d1
4482b03f
449f6a5e
445bc671
44326d4b
4448e355
445b9dc7
44aa6905
447503cc
4489c994
445ff8c4
4477d01e
4496d195
44517764
447329cd
446ce199
4476463b
449437ef
4483367c
448c8d82
443e8785
446fe301
44ba7e74
443e8c0c
448ab7a3
444033d8
4487d679
44acd46c
448a39d7
4469266c
44679be2
444d2302
44844031
442a71c7
446214cb
443d177d
447ffc3a
448482ba
4442c28a
445c97c9
445f8910
444f0ddd
44910920
443ce0de
445ede4e
448dde3a
44560e48
448f3bfb
44491027
4440ac17
44526060
449a3a14
44850a3e
446c11b4
4450f5e3
4481e7ff
445cc164
44910166
447e7327
44569f88
443a9987
4461e434
44a34ca5
441fefee
448ca4b0
44812178
446b4174
448491ca
445ef45e
447206ef
4484081a
44815eb0
44972a5c
444da20b
448bd9a2
444a05e1
44498ee1
44971bd8
4464e153
449b53f5
444a63a7
443cacd5
44969c72
444e8177
4484f9aa
4480ef8f
44734c36
449ac492
447a1f0a
44847e66
44887fdf
4491d755
446dec91
449fc959
4485d036
447c13e5
448d1f8c
445aaacc
446c9aa6
4492c1d7
443640f6
448f7e2f
448639a5
444dd929
44a04cda
445f4d40
448d55ef
447219cc
447c5d4e
446c6e21
4481d430
44a6f2b2
4493b2f4
447ce7af
4486c450
447c684c
44aae57d
4490dcb2
4484f2b9
448950a6
44594bd0
447f20de
4485c09e
44930c29
4491965e
447cb750
4491230d
44556cdb
447ac275
4473ba70
4482fcc1
449f83b8
4469db56
449286b4
447a7c77
448e9719
4491f2c6
4461da52
446ebb21
448d2766
448ff55c
448a8a74
447a8c3e
4461d7ab
446c7c50
447b7efe
44a840fb
4484309a
4487a2af
44a236aa
446ef63f
44a5dcb3
4486a38a
44a3fdd6
4493dcd8
4462bcf8
449c9dc4
445392ce
4462c115
44873695
4454c3c3
4487582c
4491764a
4474fe88
44738880
44462cbd
44991db1
4476612c
447612b6
44568fed
44744823
448f447b
447245cb
44994305
44389ca5
444c8375
44b9de6b
4442d8ba
4489e839
449006d1
446d309d
445867cf
4475491f
447230b8
4485efee
44681769
44a49965
44671987
44854da7
4474db95
445f29e4
4488a6d0
449005fc
4470dc9c
4493c6ad
44712fbd
44c7ea03
44654f14
44888452
44965f04
44914474
4475f54f
4479cb42
44817686
4472c64b
444881ea
4486da30
44835824
447ff5df
447931e2
446cfb62
4497d69f
447e57dd
448a709e
449097e4
447c0ed7
44a1520b
4468641b
445c4cb3
4444d7d6
4467c628
4485f0cb
445f8cf3
4437041a
441dc91c
4496b4af
44497535
447c58d2
444b27a5
44508543
44932e7b
4442472e
44704ba9
445a0256
4481b130
4480c7bc
445f6be4
4485e097
445d1f4e
4484c326
44954582
446848b5
4458601c
44478f14
444d4073
448a1c4c
4478f74d
44520aae
4435b5b6
447f697c
447c6bb8
445fc96f
44356b3f
447aa52b
443e12b7
4465c849
44558661
445633aa
4447ed1c
4444e1c9
4449910f
4455b39c
44445fd6
447340fd
4472af30
4419d677
443139f2
4455681c
44325812
44566a81
44677268
4462573a
448f6ebd
4464e993
445c2d24
446dda9f
445f2d41
446abb98
445f6ae5
446db725
44550d43
4462c1ab
44818a7f
44622e22
445fd763
4474078d
44773210
448952f4
4448f801
442f66cb
44643234
44279ee9
44620b7b
4437bfac
441b5db3
44806e7e
44355950
444eb4b6
4443e105
444462c9
445f58f5
4488f9ae
44487b01
442a6c4f
445f9d40
445dc9e7
44588ffb
44911ad3
444acbc8
445d8e12
445d843d
442cdf87
4454d502
443636f5
44541443
445e46f6
441df7f7
447f4db8
44625022
443f9941
4486178d
4435adce
446c3265
444c7d5d
4452ea88
444c7c27
4478a110
447a31cd
4474009d
446dacf7
44814530
44258b25
443cff2c
4473f0bf
4441ffe6
449739ba
4442bd5b
445d64ca
4446c229
443efe40
445efd20
445a3d52
446e6e64
4447da7f
4447e834
44716751
44a4a6a0
4466eb0d
446c5849
448c0743
446771c9
447890af
44764738
448c87e7
44971b18
4468fbb4
44826d5e
44823752
447d2585
449e3ed5
448dcbd8
44818ace
447f2f90
44881f3e
4489298c
44822b44
44867e50
447af65e
44997a22
44a4ae0d
447ca20a
44674317
449284d0
448ea24d
44a1e46c
4480891c
445885fc
448af0d4
4496b8d0
44b4af06
4475ecc1
4477c7c0
4474bdce
44792ebd
4492ef4a
44527324
44770e81
4494001d
446cc1aa
448ce6f4
4469e143
44ab4e86
448049b2
447395ef
44aaa01b
4484fa4b
4469be0e
447229b7
44759312
44811391
447fff42
4496edd2
448b8781
4479aeca
4493d93b
44584dc4
4496e90e
4485ea4c
445da5ff
4495fdd4
44947e14
4478af66
449bab01
4499a9f3
445f1b10
4485e227
449938ee
44835616
447bf647
44939a45
4466afbc
446c1bec
447b303f
448a6a70
44682e85
44809f3a
448319f5
446a91d2
446b73ec
44b5550f
446dee8a
446cdba0
4473261b
4425cbe9
4487145d
448fdbf7
448b90ec
4456ab24
446aac04
448b2a5c
446c84da
448ca80c
4489891b
443f92cd
44893f87
44570bee
44802417
446da766
449398cd
449bc061
448b254c
446ff3a9
44a00721
4437d058
449d9d8a
44959af2
4488023e
44676f13
446f69eb
44955c87
445e6ab3
4482ccba
4462fbd4
449f225d
4468cb42
4451ea1b
4476fb88
444375ee
448dff9c
44a7dadb
448d0c18
447243ca
44661a50
44927cce
44888a7e
44873be7
446a0842
4486254a
447168ab
446307bd
449069ec
449b6372
44866680
448caae3
4481ec4a
44871c75
44625e8c
44764e68
4494fd0c
444be13c
44822823
448bebf0
446067c8
449afa02
44852ae4
448cbbd3
448dfd08
44623477
44a1402b
447847dd
44a2a546
44953b00
444bf896
447e51ab
4440a16b
4466456f
4486d87e
449a5808
448beb94
4471fbb2
44819842
44555199
445b904b
44761f3e
445cfca2
449593ae
443c5719
446f9e24
44950443
44969157
447803fd
4483c8bf
445b9bd8
448c6c4e
4473d91d
4478941b
4473bed6
4430be84
44916e8e
4479b342
44a461ef
4477c834
4470fe6a
449163b7
44865418
44998ed3
449a62d0
447d8269
448d9f5b
4452c707
449b1b33
4477239f
448745b3
448e19e7
445750e7
4468429d
4479fa23
44688fd5
448a756b
445a6596
4485ec62
4448bad1
4491b6d1
4494cc1f
44853964
44846b3c
44428e70
448af44a
44559c84
44698359
44964349
448a7cfa
4463ccec
449055ab
44424f96
4451a0fa
4453aa25
4464c5e8
4482e782
447fe53e
4487c9b3
44540735
44599021
44a09a28
4487f044
447d54b0
448449fb
4423f074
448e6058
44473c0a
449c9d93
448646f1
445e5bda
449407ab
44513e46
446128e6
446b3a5f
448b310e
447b905b
446f7385
448633aa
4485a50c
44675a53
44927af7
4458d710
447569a4
4479102d
4483a1a0
448dcbfd
44631ce2
4499539c
447bb8a5
448d8502
4483b76a
444775eb
4468b1b3
4471401b
448f03ea
4440770d
4480c9b5
4466a6b5
4458abe4
448ee28a
44463f2d
448f7f62
447b9a97
445efd81
4485ecf1
4452d60a
4447b61a
4475aa3d
447582d1
44942fee
447b3f01
446b4d8e
4480481f
445b788d
444e6639
4462fbc2
447aab2f
445e2dfc
44470b71
443bf172
4464db78
448c0ef3
448a43c6
444fc9f8
4492f5d9
44513c5b
445f321d
444ff95e
447c0d76
4491ac48
4458ab16
446163a6
4482821f
44596cfc
44ae0f0f
444172cf
44617bf4
44740640
4456ae00
448533ef
4464efeb
447a444b
443d3e7e
44505e74
4480dee1
4488b691
44714160
44778ac7
4482f2b6
44a25720
447f4be9
448cf53d
4488c7cc
448ba31b
4487b93b
44816966
44845b7b
4464e035
445393b5
4465e56a
444f1553
44512064
446cd5b6
446d7692
4480458f
4463e126
4461c868
44860622
445d7396
446bac0a
446272b9
447961ca
447713c2
446a66f5
44863987
44567e1a
4458c821
44363b8a
448619e2
44688b89
441929cc
444eb793
446ae546
443f2928
448cd3c0
446b3d8a
44551d04
44508747
4443dee1
4474ff2e
445fb0bc
4495b842
4464b7c5
446751c9
44926b25
446fd3d9
442c0ea2
44728b38
4472670e
4461443e
44765f2f
448c6641
448b0173
4442b9d3
44943ec2
444ea59f
447b14c6
44658949
4473756c
449000eb
4448e822
44670fa4
448aa252
4467c99f
44943b68
44456757
445345b4
449437bb
4492b27b
44616327
44590d16
445cd240
443ead77
4481cbcb
444a5e30
4446d608
44273dbe
445ed962
446f4f78
446bb37f
445f2b28
448844e8
4450e1fd
44583b12
445aa419
4477e544
448558e8
4464a14f
4482f132
44489042
44591f32
4460596b
44496652
446d57c6
44980a51
44284076
448e2521
447204a5
4435432c
4491f1ec
44705985
4487feab
445d3ab1
44969e96
441ff509
446c498f
446208e3
4453c6e4
4480a097
44208647
445b6746
44651e49
446e4da8
44816230
44236de6
44815e36
44411568
447cf741
446a0afe
44628e7e
44237db9
4441c83f
443663ab
44933808
44471e8c
445cd1c4
4478cd0e
446e3ffc
4467cf41
443daa2c
444e5260
44701d15
4456e321
444ffc0b
44814762
44255472
447784ed
445518e4
4467b040
4481fdbd
446f7331
44816e5d
443c722a
448565ec
4465780c
445f48ed
445cdb81
44282da2
44533814
443a5d88
448419e4
446fface
44302bc9
4478c9bd
4444a970
44610b64
448bca6a
44536378
443293bd
44648525
4480023b
44504d18
444bf9fc
447a826a
442c3bdf
44630684
445464a9
445f7c4b
447e85a0
445c2f2f
4451dc65
44840c65
445bf38f
4492550a
445cc213
4455be0f
448f47ed
4482ea52
445fc9de
4451d616
44746218
4461e209
4423f70f
446feef6
447f916b
445f77e3
44684f45
447a86ed
44406ca2
4440ce7a
44577a00
44682dce
4464d6fa
446caee4
4493113b
449a10d7
44929223
44871a02
443cc665
446d8698
44560632
444f60a3
4491e6ce
4445bfac
4451626b
446d7cc1
44768c14
44a0b994
447db398
448c3851
44733bdc
447c11aa
448320e5
4444f65a
44880396
448a4a41
446aa3da
44893309
4461d100
4475ae43
448691d4
446d9ef7
44baacd7
444e7310
445f558b
446c40e9
4472ea6b
44a05459
44843cc4
44504c64
4438f94f
44823d17
4489525c
4433058c
44715f39
44826249
4487611f
446d8782
4469368b
4470c8b9
4470d65e
445978aa
446964cf
447c8615
4477c0d7
44621586
4470a806
449ebef9
44311173
4483745b
44979558
447ef704
4471ea59
445ec05f
44894ed6
4460d4e7
4460630b
44a6b7a4
444b0261
44827eb2
449a6066
447ae5dc
448478ff
4461b8dd
4472bb49
4450bd93
444bb10f
4485fb3b
44407d88
44807795
444e8001
44698eea
448e28a8
445f9249
4450cc35
4448febc
44632bd1
447ee164
4455ea7a
447a5621
4472c961
448e5b0f
44802df6
44581ce2
44955fba
445bfca3
44617862
4460d90f
4477974e
445f1100
4491d136
4489332b
44866b9f
443333d9
44639c53
4486dc9c
44631f1a
449551ae
4456f5f8
4488de57
445bbbd8
449577fe
448a958e
445e7f5f
44977d28
448902b5
4451eed3
44948b9d
445b8595
444e9641
444eee10
44883c70
44b17f35
442928ee
445d092d
44812a3d
4451be1d
4498f5dd
444a3a34
44731e86
448509cf
447a6be6
4467a480
4494c9a8
44a1b43f
44818171
44a7eb4b
446c04af
448ef4ff
44791d76
44866273
44ad9174
445dc8ae
44811ede
4486299e
448f455d
449e89bd
448b7658
44a50c86
4478fb2c
44821391
449d80de
446ee2da
44989cbc
4496120e
44862de8
4494e3f5
445e5b59
4490136e
447e7d45
4483185f
4497487f
4466142e
44849248
44866af0
448d0f02
44b31358
446d235f
44957994
449ce616
4476ad60
44993018
447e3271
44761080
44845f7b
4466e2eb
449486e7
4474ff24
44a852dc
448b0a7b
444a98e0
44b693cf
44794be0
4489835e
4479c783
44831ad1
447ad226
4457c331
448ddfbd
449edc50
4496f9cb
4498c64c
44651d6a
44935f9c
4476edfa
445ea3b9
44a0dd00
447350b4
448e26c0
447d6a98
449dbc56
4490208f
4486c5a6
4488428b
448b0b2a
447c1491
449f466b
4481dbd7
447d060b
44710097
448736f3
4491d60d
446c3405
4492bad4
44746af8
446cc396
44a9e6ac
4481cd95
44693407
445cf839
445a55d3
4498eef7
449aa81f
4480380c
446e3994
4487c952
44974aeb
444c3b53
44906448
448a6bd4
444c1552
447a7644
44899d7e
4494c123
446ad3e0
449149e8
44897dce
4490e086
448060b8
44ac757f
44451b59
44a512b8
448e8c1a
448427a1
44863313
448aa458
448fc0da
4476956e
44aec0fe
44580a26
449e1efc
449d476f
4463109a
448f8efc
445f7f9f
448d17c0
44bbcd20
448818e9
44851c68
44954e39
44856326
447f19fe
4463f242
44855ab8
446d466f
4476ace2
4446301b
445f2cdf
447395c6
4454a556
448f5e4a
44833d67
4472b2e6
448704b9
4467aefc
4488b904
4460f654
445307dc
4487f47e
44393329
4487ee58
4472c7c4
446bd16b
44868810
447587b1
447c0742
448c6eb2
4481f96e
44905a2e
4450f6c7
447366c0
44546b69
44561af6
44976e2b
4485bda7
446b34df
4452a078
448d1c4c
44863b9f
4454e946
4478bb00
446204c0
44975d49
44875ea7
4484a5f7
448acf85
44865bf2
44797f12
4480b791
4438984b
44713aa1
448cf6c4
446f0fa6
4481f80d
44585dd4
449bf5a8
44802e0a
4474cf4e
447ae685
444ac690
44906c2b
4483da66
4482ff8a
44871627
4434052b
44a16381
448c74d2
449aa9a8
4499b1fd
446a57e9
4491cd97
44426099
4461e5e5
4478fa7d
446b5285
44907b52
447d830f
4465b51e
4483fed9
444f3cf8
4476ad9c
447357d7
44794828
44871a9e
447134f1
443239bf
446a65ed
44816257
447ccf06
44565263
448edf62
4451cfe1
4445940a
447e5ead
44686b87
445c3f34
447d7758
448c64c1
443c725b
442e313b
448f1aa0
446725bc
445a6c10
4491002e
444b3f3a
448ed2e7
4465a9df
4484915d
4481658f
447219c1
44a29494
4464a3e2
446a8085
4494cdb3
445538d6
44250686
445d7633
44793e16
44ab2009
445025aa
445b5f56
444885f8
445b3b9c
448be2f0
44686307
449ac1f8
4481bf4a
44812bf3
44469203
44a66c14
44969561
44755a99
4465af55
4443e447
448b7b40
4452844c
445fa1c3
44965f7b
4432e92c
449852a2
44818c4a
448f5a39
449db590
448166da
447570f8
4475199e
448de1fd
447de326
446d3ace
44b37ac5
445bd54c
44879a0c
4485778b
445481de
449999cd
4462fed8
44846ec8
4481808a
445dbdb8
44982209
4470a99d
447a4175
44afbb0d
4461b45b
448da60c
447c6757
446ee047
446f4191
445e9c93
448c6267
4468ebd1
44551153
448482cd
44656c1c
44c022b9
44691d32
446b4e68
448c14bb
445e7173
448a5c13
445f616a
44876dfb
44834dc2
44356fc8
4498e3d2
448fba89
4493ecef
447a6643
44490545
44967a5c
446edaec
4481b94f
44591946
44769b07
44af2132
447997b5
44962314
444ac1a8
4467bd9a
44ab2de2
443a4005
4487ce74
4459d041
445eef5a
449a7103
4474f091
448192ef
449667c3
44835be6
449656d2
44610d6b
4470376f
449a5e19
4444b52c
448d0f8a
4475930e
449382bf
44994edb
447888a4
445c6933
445dbeba
448060a7
44910a54
444a1aa4
44a01aa3
445c2642
4466d005
446ac63d
448f3d46
449d9b8e
4456f7cd
445c3470
44883563
44800195
448aaeca
448d8884
445316c8
44850c2d
44935987
448dc8bd
4454a99a
449d0bdf
449769ec
4468ac8c
4482c96b
44866750
44a23856
44919cb9
44565482
448255b0
4472fa42
447905d4
4489f32a
44769a57
4481fb4a
44885901
44921b87
448ee5ca
449f9b8d
44559273
44857229
446ad157
44642dd2
447f17e8
44645afc
4480d280
4480e258
447f23e9
44851a40
44888556
44781396
4492c523
444cc2ba
444f1417
446596d3
448076e9
448e06f7
446fae0e
4487f0fe
446fad0d
44859918
448073f7
4466ffc3
4463ad52
448c592f
444daec8
44919150
4453d7b0
44831b43
4486d3a0
448fe358
4495c0d8
447850be
448fc74a
4440bfbb
44593287
447964bb
4480dbfb
4495bf05
444b4a97
44863f92
44874286
448ff8b4
4480450f
446d9a1d
445e3f31
444df442
4487cb3b
445ec35b
4468b461
44637ce4
4480afc1
4471b221
446be109
447f6f61
44856242
4495a120
44859546
448c747a
446b3bbc
4456ca20
44901772
446f99d9
4485be79
448a7be0
445c214b
4492e619
44890878
447cf9ae
4473312a
4450baeb
448d65c1
443992d4
4461c9cb
44547d4e
444081e9
44748ac3
443f2195
4474e850
44786554
4472eb0e
444cc7b6
444b67f9
44816c05
44434f7c
4454b30a
449c73dc
4458933a
44680e4d
444af7f8
447d0e4e
446f726d
4470c2d9
446afb3e
444b61af
4468fb60
4487dea0
446d48eb
447f259e
44888910
4489bd0a
448f41e3
4466a98e
44a1ad00
4463f0e7
44812fa5
44a115ce
448a66ec
4486318e
4456005c
4470e2a1
44797320
44492d72
4482d2a2
4490555e
4465fd74
4451bc40
4455f9b8
44722a69
446d6a59
4439e244
449385eb
44590284
44810c73
449736cc
449abe18
4480bbc4
44a308bb
4476be9f
44819db7
448bcd2c
448d4f14
44accf04
448bcb40
447879de
448f6bd1
446a0108
44a91f02
44851c37
4491c8eb
4480a1f3
4491cb7e
44acbaff
44817603
44a8d061
44863b70
44972ce5
448c0367
4499f566
4492a932
44925406
4459ab5e
44c739f9
44882a58
446bd2d0
448e455c
44833d12
44bacb89
4499f3dc
446bb48b
4474e689
44778e8e
447098bf
446f9c7c
44874d61
447f477b
448b86a8
44826d6b
449757de
4483f108
44b12559
449d2b62
44988bab
447cbb3b
447eeca1
4494f1c3
448c4441
44991f80
4469f34d
4483d424
44916897
44933b9a
4490d358
447c5b45
4499c450
44993e16
44816530
449bf835
44741d8c
449a8034
449fbcce
4481525f
44c75bb1
44841338
448871ff
4481ab46
448487f7
449bc35e
4487923f
449fe8ce
448de9f8
4475502e
44b39884
44990af9
44763730
4482589f
4474ae73
449b1a24
448f44ff
447bb2a8
447cd500
44848a37
44aad9bb
445b518a
449e061e
4475918d
444c77c7
448c478a
44989208
445110fe
44894ec8
448fd3ba
4453da99
4476116a
44909a3c
4485dca0
448b8635
44a55a9c
448b1e38
449679b1
44683eff
448f71dc
44911852
4484ceee
448408a8
4479be7d
4480ef65
44cd5f91
446ca0fb
4456cc8c
4471e15f
4457e661
44bb0d5a
44792ec0
44919bcf
44844364
447f77d7
44a3ccb2
449a6e62
448caa03
44849f8c
448fdde6
4481d4d3
44716080
4469aeec
442c9e4a
449494d5
44740080
447be6da
4483e69b
4488812a
444ec684
44743822
4462e49d
448509d9
4450675c
44671080
448b39c2
445bc364
4488bd98
446d3f7b
4474c5ac
448038d4
448e6892
4493753d
44935fd0
44753a69
446bff6d
44509235
449af870
448fb9db
4470e4ac
446989a5
44498bab
446d0d2c
448121dc
448af4ef
4475ff06
4462cd2c
44905886
4441bdc3
44870d05
444ee99c
44451eac
449269eb
44488f7a
445a6e48
4481217b
4472421a
446ac98c
444951f0
449a47e7
44670434
447a2bb2
44881b61
4455cff6
4481bacf
4479d298
446c2da1
4496db44
446e26cd
4482825c
44811b31
449a6d91
447c470e
44789e54
4489e359
44959a7f
44690852
448fb6e2
4487dad3
44893355
448e5ac9
448b0075
445c10da
446eeaab
4488d1b7
4473ea31
44784f92
44695a93
447024f0
44853a2e
4453a3bf
4491e3a9
44778c07
444cbbbf
44b83467
448d6eec
443a9e74
448e3b01
44487af9
4482dcbd
448d3e54
44505eb4
443da560
443b1e16
448c3f01
44620c37
44771d2d
4498ecb7
44335ace
446cd4fd
4495e260
44864587
4469f3f6
4480f354
4491ea65
44831a3f
4476d079
44add239
4422939b
4494cf77
448a1697
446452f0
448e16cb
447ce056
447fbd49
44747189
44848de9
44583e92
448c5535
4493c02d
44803525
4483b38b
4486a705
44648bc6
4496ae5b
44818c39
446ec454
4498fbd8
448f69d9
44552a3a
448695c7
445ee71f
445e8c7f
444c7c25
4463d308
447fd696
4484166b
4450e5da
4476b450
4426b9ec
446f5a1d
4481e6c5
4454c309
446d3a06
44505470
44928a35
4488802d
446a4eda
44311421
445407fc
44439338
44908686
44673789
44646259
443f5de0
444bad6b
4485a3f8
444b6c60
4467cb52
442cc08e
444a1d1d
448830cc
446cb320
443d324f
4431e25c
44664c34
4443de49
444a3491
446061c6
44505430
4460c900
443bd12c
446321d4
444a7c0c
448a213f
447399c5
4454fb58
4456202f
44732401
44607a0f
446cba1a
4465588a
443279d6
447a374f
44806236
446a3724
44655158
444e9e7d
449a17e9
44546c97
444c7097
446b5fbd
446609db
44828eea
446e89e4
4465f363
4496af7d
4446b698
44807ac5
444abd7a
447509ed
447b2cea
444be4bd
447543e5
44415355
445141ec
445ae90a
445180da
4478c82d
4463b3de
44502a27
4474cb1a
44806a59
446805dc
446785b4
446c8af0
44612bd6
4447f4a2
4486f40d
44442169
44280d85
44812547
444b1d1c
44481e3a
4437e0ba
445f9ed8
44206c5c
444c06e3
445758bb
447214e7
444c2886
4462a13a
444549f0
44802b53
443f7b5b
4488753f
445c40be
446b31bf
44905bd4
4447b06c
44249661
4489511e
44527cc6
44244b9d
445645dd
445c6261
448b36da
443cf750
4466a9c4
446678f5
4450990f
447ff063
44705689
44984dad
44430658
447fca47
444c85ef
44810ceb
446ec604
44188e5a
44534960
44167b63
4428ea15
4438ef55
4448dcb8
442d882a
4431f5f2
444f229d
445478ec
4452e479
445824d7
442c6e8c
4470bcd1
441f42ab
442da872
445057bc
44630ea0
443d54d3
44532824
444df05d
445ecef7
44324c98
44541daa
444dcbeb
44555df5
444c4fdd
445ccc76
4447b89b
442a64e8
444bfab7
448744c9
443e8b4a
446c5b11
44551434
4419edb1
440f2c7f
442e64e1
4456e65c
443e8d6c
44284f50
446c1fa6
443abcce
44700872
440707aa
43e0df49
44631185
443ee866
444c3dac
443995aa
444e42f2
445048fc
44268edb
446db6cf
445048f2
44476942
446fd5b3
442f9f66
448bbdde
44756897
442f7d91
4454511d
44297450
44784560
44661573
443f72db
442e333f
443c98f4
442403df
440b949e
44494f47
445d371f
442ee4cb
4406452d
443015f8
442b67b5
4439a045
44019afa
44713ce6
445cae64
44384fcd
445f0530
443252cc
441d2ecc
445eb04f
442a689f
443dc62b
4468d034
444e239f
442b2790
4443bdf9
44246f1d
442b3bef
44436fce
44509aba
4425c68e
4432b5df
444337dd
448290bb
444e3bb4
44665071
446365c9
4430e5ac
441ff1fc
4483ca4f
441b0071
444b118d
443c0206
4439522f
444d5007
448112b5
4457bf58
44296e33
44733d6a
44260a8f
4468d479
445b3d53
443372c9
443b07fa
441c4885
444f62af
44304e27
44393c52
446bed29
4453f60c
4480d16c
44930a5f
44a99915
4454a5f7
449164a6
4475f5c9
4492f9d3
4471be36
448c7e35
44746c22
448b76c5
444e5bfd
44a1f27c
448d642f
449de041
44a36818
448dd764
44a1c035
448a535b
447cb791
4492f523
448709fb
4499da54
445f3d81
4494b104
4485b0f5
44883707
44979d40
447a6535
448722fb
448e9877
448289a3
448f5f4d
446d5781
44a76dfb
449059df
449a0a75
44af80a9
44645310
448ac2ca
448a5c56
448f2f78
449f04d7
443dda29
44a6bde3
446b2996
448fde78
449b7533
447912db
448949a3
44513475
448e458f
448c96ed
448496b6
44636573
447702ca
4494b321
44c160b4
44866122
448fcc8e
44a6e50b
449a85a4
44aaf134
4481e674
4485c1aa
449d74dd
4481251f
449bd551
448c1e08
44958057
4473caa1
448484e2
449c98a2
4491058d
4489173d
4483bbf7
44888dcf
44a6a6b3
443854fe
44a4c8cb
44701c71
44954a52
448ae99d
44482b1d
4494ed16
44552ba2
4475d29c
44b2d369
4491223a
4489dec1
44a2fd00
44877602
448b8c36
4474157b
448a685d
44443ca9
4489a59a
44aa0542
4433da24
44821564
4467ac52
44883579
449b8dfa
44461780
448dac40
448763e9
44806606
44c5ff8c
445a178d
446ad348
448d05c0
449a24d2
44a3600f
449548b0
449c2ccc
44893e96
4483050a
44af6545
448fc712
448a4a33
4496b4e9
447c1229
4462abf7
4485f51b
4496e0bc
4488149c
447afb3c
44b6a479
44a33b2b
44ac620d
448e5da4
449d5e3f
44604b7c
447f7f82
4489be32
447cf36d
449eae90
44780dc1
44a02126
4497d35a
44766cce
44c0ff9e
448a3744
44a95406
447933ca
448f154d
449b97fe
44764016
44a9720c
44abd560
44a43b8a
44b76ec2
448923ba
4495e0ec
44a99696
44640505
44e7660f
44830e0c
448ec73c
4477a419
44950d93
44afc067
4498e798
4465e0c7
44954664
446e2b67
44b07f70
44556e12
44853a72
447db047
44943e55
4482cbb4
448a2501
449a950e
449d4262
44825398
448ec50a
4482e355
44968814
448f77e2
4482f1a1
44bec5b4
4489add5
4494a632
44af27bf
448c529d
449cabd1
448fa91c
449916dc
44b66224
448b6164
44afdf41
4487c377
44ac5070
44b34b47
448f4922
44b0f6c1
448abc8c
44b70eb3
447c1277
445faa73
44b74fcc
447b285a
44a3a791
44694e59
4486fb13
449c6a84
4496d53d
4486a00c
44886173
4485c7ce
449559a1
448ea931
44879491
4480e822
4485975e
449d52b6
4480c117
44b1b48b
44889339
445ef2c9
44989778
44933665
4480dc10
448e5dfa
449f4ab1
447e17b2
446e2b60
4492a05a
4497a32a
4483e2cd
44b23460
446dce0b
44a62a76
448c7745
448c84d6
44a5bef4
4498df4f
449cfd22
449428cb
44850128
44c284a9
446f014a
448831f6
449bb4dc
448b76e0
44ddd017
447109f3
448800ca
44817f93
448114c4
449fecba
44771be0
44a01947
44a86c2e
449c4872
446f2b55
44970055
449ad4c4
4467f52a
44883078
44860240
4494418b
448ae82a
4493cdc1
4486a9f3
445a6e5f
44830b66
448ca7b8
449bb09f
44a5eb83
44958911
44b1ab43
449fd22b
4482a506
44b1edba
448cf576
449e1ba7
44853954
4495a47f
44aa7869
4487bbd4
44881469
4499bfb2
448a879c
44a10818
446d46f2
4474c8f4
447dc84d
449fd9a7
44aff580
44842e4c
44730aee
448c2052
448fe144
4486c3e5
447338c6
446c7e31
44a66e3e
4486f515
4475c82e
447df8f6
44b6d8bb
44995330
447b014d
4494a1f1
44872ec0
44836175
4486a8d4
447062c5
44826c8c
44949c45
449ee9b8
44a5db6f
449d6114
44a099be
447ae68f
44ac0c35
448f5527
4475e7c3
4499bf1a
449910eb
448a70e8
44acd562
44967970
449e1261
448646de
44a2824d
448dcbd3
447887b5
449a7473
449008dd
448820e6
44864d1c
44867692
4491094a
4485383f
44888bed
449800b8
446c2cce
44d724a5
446e061f
448ec8c5
448cd700
44820d72
44946980
448c4b3c
4493976a
44708b23
447eda37
449bdc25
44798470
447a5add
4496f2b7
444b5ab5
449bf9e8
44866cf0
449783ff
448d7e11
449b71a5
44a691c2
44868324
4479c017
44a7d5e1
44507dc0
44a28b3d
4496c901
4495d7b2
448f26ae
447b4833
446db762
44613f30
44926c1c
4499ee68
44a9484c
44a84091
447b434b
4485975a
44847fc8
4481c5db
44a62c3c
448e4709
44980c66
4494ca11
447e0797
446ae26a
4486ce82
4461d847
44801236
4483e0ce
445b2b01
442bf4b3
44675ff1
44427251
4476dfa9
44544b95
443ced49
44749798
44813c32
44774f26
445afe57
446e258a
447b0cd9
444e6286
44902e45
4482b3ea
448d6da6
4467404d
444c8a0b
448aac35
444d1868
44905258
4495c132
443552e8
449c0218
44324495
4459c93a
448455ce
446f38c7
449fecd4
4459092e
44766e68
443a46c9
4429e406
4485d676
445c6d47
447fe4aa
445ab9e7
443140fb
449c316a
447bf174
44673ddf
4458afe9
445eac27
44889077
445f214c
444ac2f6
44744c09
441bb8d9
44818862
44706082
449ee636
44753e9f
44867dad
449a4463
44728cf6
44820587
44a1d495
4466bd54
448c5eac
4490ca9a
448bdd19
44707ae3
446aec8c
449b07d8
443e97e9
44829125
448244f7
447e1eed
44a1dce1
4449af44
445d0541
4486032f
446929f5
4468513c
4450dc4d
44849c7e
446c6469
447e2c16
447a02c0
44481726
4468fe11
4414b861
445e7ed9
44afc0ee
443107ad
4437631c
44558396
44638974
446cf9e4
444a7f6d
44959b1c
4441bb16
443cc77c
4463fa0a
443c5748
448b3a6c
44885eb5
444b7378
448e83f9
4460a114
44926f8c
4480eaf7
44677b97
449707b4
44831f31
4472444f
44601cbb
44419037
4463ec8b
4465c7d2
44813223
44846f19
4445ee69
4470fe14
445dda44
4461ff94
4471d936
445bc13a
44987f6c
44665c84
4470a5e2
448dc0d2
44a445c7
448fd26f
4488de72
447e6814
4482489d
4471e983
446e9ff9
448c2d6a
448999d7
448148b2
44725a08
4482df68
4489821f
44889019
447aa79e
44837597
445b94a1
44664d16
4487fd7d
4487c4d2
44a5f36a
4481b7b3
44927bea
44971e2a
4487f997
448e56a9
446603e6
4492be23
4480d947
448c979b
448950d3
4495231a
44938d23
449dedfa
44639770
448e06ea
448c3b5f
4475147e
444dd8c1
44842a27
44882e0c
4475aa75
44300278
448d12a3
44839795
44b55e45
4480d0cc
4487cca1
44690cc8
447a5ad9
449e5c21
4482040e
448608f8
445cb3b5
449d08ca
4489076c
44834bf9
448be5cd
4463d313
448824af
44a2838e
44818a58
449d9b5b
445e8e50
44a9d8dd
44ac862c
448df9df
448ff156
44565152
443aef4a
4477d195
447171f4
448c0211
448a9758
448c6bc9
4499b22f
4446c465
44826ec8
44802aaa
4486328d
44923853
4463c1ec
448c984a
4498143e
44842df9
4487f1fe
448f4b4d
448b861c
4452004c
44993496
4481c7ca
446ce652
44638d26
44859445
44778f7f
44962f71
448b769f
4484c0be
44552575
44724dee
44afe3a3
44828f3a
447e0235
449533b0
44813f72
44871326
44916e34
446c39a7
449a69aa
449f19bf
4499df2d
44944557
448ca70f
44812cfe
443d593a
4493117c
4488c44d
449b4ddd
44964e43
4479e33c
448e9ff9
448d1747
448e92a8
445f14d7
4481f062
44a8ef90
448d0b1a
4483403a
449247a3
449e9568
44806e5c
448ce5f5
447acdd1
44842306
448a3b95
4485d4d0
446f637f
446514df
4442556a
44849713
448e4e32
4444a167
447645bb
44815777
449ae5ca
447e22db
447a5729
44674088
448a2f63
446c0ac2
447edaaa
4474dea4
44888540
444aa2b2
44ab9c8b
445d38f6
44636636
446c8c89
4482bcb3
44a62308
446b08e8
4463460a
4455385a
4453907b
44a5e9e8
444af5a3
448ee03d
4463fa35
447d6433
44a0bf5b
44526ecf
44993623
44406aaf
4482a2be
446bafa6
44469d3c
448375d7
447c44da
4481b73e
445101d1
44850856
444cd617
4484c39b
44656ba8
44a8c13c
4435479c
44548bd9
448b3493
4496662d
448d52fb
447b00fa
44887225
44960252
4486b45f
44a0710c
4495611c
445e9d44
445cc3b9
445b8ac6
44495b2c
44837b07
446ada3a
448cc78c
44507f43
445da40a
446ef217
447d4808
44401138
4449df10
4475e417
444757d1
448caea9
44405468
447d4456
4490888d
44352720
44663401
4494417b
445787cb
446ed121
44574220
445fdbe5
4445b7d6
445d435e
446f8208
446c6a30
44628550
447c5004
446494fe
4487ef57
4476d10b
4468ea49
44849061
445cc2ec
44aab74d
44469cf8
4450c7d4
449a30a8
4486c328
448a4bd9
447ac010
448c6c2b
445c27ca
445a2208
449cd77d
44860208
4477de48
445fa011
446c5170
4467e1df
447a201e
4490af24
448c7dc7
446681a1
4480368a
447db243
449d9faa
448c711d
44a51bba
4477d757
4488a0fe
442b2e39
44801677
449bd988
447cdff4
44a115f8
444226e8
448018cd
449f4cb9
4490bbcb
449ad6f4
44821196
44692f0f
44849f63
446294bb
44854e60
44889a30
447159d0
44a260a0
448660d8
445601d0
448c3efa
44670a80
44c86409
446ea119
4481cefb
4420c835
4480b1de
44b78ceb
449d8824
44614cb8
44778512
447b9834
448be8ea
44598e1e
448adfca
445873f4
4489f74e
44801620
447c1564
44852d1e
447bf192
44859fc3
44806363
4479bfc9
44813864
44a32706
44804968
449769e4
446f1b20
448296a1
448f3dd5
448309df
449096bc
446c85a0
4484a246
44886073
44802b4c
4494fac5
44861afc
449f67f1
44867a00
447a156f
44a230de
4474555d
44a2b4e2
44599d62
444c539b
449634c0
4467b8dc
44a49576
444e156a
446631fc
44874b0c
4479ee5a
4462f448
44740005
44696044
44591cb7
4482311a
44714291
4458e836
448750ed
4493e1f6
447eab2e
44838548
444e39d2
44425ddb
44888436
447c215d
44899b9b
445cd996
44895c5d
4473d2f3
4481c632
4489132a
4479220c
4476d9e0
449632b4
44834fb9
44aa7a31
4464f62d
44898b67
448997f7
448e66cf
4487e759
445f93fc
444c2d55
44933243
447008d9
443ba11d
449535a4
44770475
44b9276e
4473e7ba
445425b4
448ac8e8
44596d80
44827320
446cb074
448a1183
4485445c
448a6c62
445e838f
448e16da
4474650b
44719e2a
448ce92f
4471428c
44781b68
4453e3f2
4487f026
4481cd43
445df867
4474a9c0
4488a084
447e68e0
449459c1
44954b9b
44682907
4496ae98
446ccb3d
4495887c
44720bf2
448c4f75
446490bf
448a441c
449be369
4471ef2e
4478c7d5
448f9f3f
44733f34
448d2f0b
448ffb39
44819233
447fcece
44893c3a
44bb9b60
444ce09f
446f6100
4499d449
44638c8d
449f9514
44554d33
445735d7
4487cd5a
44608c96
449bb113
4481222a
44a33496
44855b51
445897a7
44a350d7
445c15ba
449cb6e2
447fe1a1
444f19e9
44588292
4467a3dc
449760df
4499c6c0
44604197
448aa009
446af112
44901918
44808100
4466ac7f
448d62a7
4498bd5b
447e94c8
449b3c2d
4485283e
44806803
448f0b31
4481d9e9
445d1815
445bdb48
44914112
445f2657
4487d0a7
447bb122
447e66a0
4490ada8
445c13a9
4476d765
445e9d7e
44533303
449c46df
44619b4d
44847d78
44840198
44493d25
4484db8a
4478bfb9
445b03ec
445534b5
44529a2e
44895749
44554884
4480480b
447e9927
445ed38a
44780eb0
447fc078
4475c4fa
44810473
4472f7e8
4495dfc4
44868f25
4459afb6
4487b460
4447f778
449499ae
448fc001
4478627c
4482832b
447fce37
44909a9a
447273d8
44951171
44918fc6
44811fe3
44ac13b8
4475ab55
44806be1
447ae99e
445ca626
449f610a
448561ab
446590e5
44707742
449d58e0
4487806c
4492c24e
44594041
4496020b
449f7195
44842760
44726f2d
44985b82
4488000c
4483d58d
4470234f
4491d6ec
448e7fa5
447b6db4
44ad4d82
4477b822
4482d3a2
4498e901
448583e3
449e65aa
4493daa5
449f8e85
449d801a
448faf48
4483088c
448b7cad
4482aa6b
44997e74
445f32c7
4488ed9a
44697f23
4475315e
448f453e
449189c2
44805721
447a24db
44855e9a
448bd7a8
4460b0dc
4478d3a7
446ad8ea
448527d0
4448cc1f
4457a15d
4497fd0a
44a727d9
4499dcc5
447d1806
44543020
447ae296
44a02ef7
44701284
44898b50
446e0d0c
4489de74
4480611d
4490a287
446998c4
4496b191
4496ce4a
44994a8a
449d50c4
44822ed4
44811a14
44b376d7
449e1db3
448fa688
449e792d
4474ff84
44aa72f0
4481ad6a
4486967f
447b4f83
447495ba
44a22230
445f69b1
448b100e
447389f1
4481eb2d
448e11f5
447546ac
44952d48
446f475e
44981bf6
448065f6
4461bcfb
448a1622
44830846
44715fa6
44a43526
44819924
44936172
4484f37e
4493b7da
448c0685
448d8537
44a135fe
447dab71
44395685
449dcb03
44878046
4436c4bb
44922aa4
44534268
4493309f
44603af5
44a741b0
445984fe
4466c58d
44996d5d
4494d1c8
4487ab22
44954557
44650f9b
445f250c
4481c864
4492bffe
4491fbfc
4468f63c
448446f2
445779b3
449f2e99
4470389a
448bf97e
449d03d7
44747a06
44937c25
443fca4f
4492597a
4465a0c5
446eb4e8
447f2373
442b6a6f
4464c4a9
4442cd3c
4485c586
44681372
4454b436
445d9c09
4442ca88
4460ac67
4468a64f
44517f68
448db80f
4458d30c
4467eaf0
44442cb6
444eb2f4
44a429dd
443fee33
4482a1a9
447d3888
44464ea5
4493cb23
446278a9
445b08c2
4457643c
446bd191
447b7666
4441476f
4461c19b
44858a36
441985da
446e2e0e
446cb576
44413e3a
445d693f
4451ca73
4480d45a
444f1ed4
443985a7
444efe38
444d01d3
4497d64e
445bc633
444d0d47
448d4328
4459e229
44871283
443fa2eb
44840059
4452ea18
4448e6aa
44590c63
446dbb7d
445a0d74
4446bd58
444d8e5f
448bc108
4457cf35
4457607f
4454e491
446fb9de
44aaaabe
4446851d
448b37eb
444cffba
44406dd0
44545ade
4444668e
446c9f8b
445c6559
444502ba
446ed8f0
4426d089
445e5125
445f7210
4441d693
448dcac9
4445ab4d
444cccb8
44895a48
44387a80
4455797b
444b33bf
4441b16f
446ee80f
445fc048
444f5899
4417c542
4473cd5a
44739b02
4445c614
44841859
4465828f
446749b9
4436d199
446675d9
447864e3
4451aac9
445bde06
44841bee
445fba27
44680175
44555bde
441339aa
44512568
447caee6
446df167
44492339
4462ac07
44771677
4432f059
4461e638
442ec30c
445b997f
447f4a80
443eea63
4484a781
44328cba
446df66a
4449598f
445171ca
448f2b02
448234e2
44864458
445afe2f
44a53c96
446ff378
44860490
44862226
44834812
4486ebf4
4484ce0e
446150c4
445c6bce
445e735b
448acaed
448b9ac2
448c16a8
4496a825
448170e4
44b61c8d
4490b242
44841b56
445676f4
4472148a
44a5c7a5
447294b3
44989660
448b1b13
446eb3bc
4485802f
449a1094
445ca762
4471ca7a
447c4c96
447ed14c
448f886d
4472ec86
44612fe2
4484a566
4495df21
44690832
448d1ac7
4484c45d
444c9aee
4487409d
44320608
44a9ac6f
44842e67
44885f92
446c3d7e
44659496
4468628c
44664917
445978cf
448c32ba
446ee66b
446df892
445ccd1c
44878527
44b9ff09
4480b51f
446668d3
449c1bc9
44887910
44976229
446b9050
4470841c
449a9e46
445c9ee4
44b1c640
4493fce9
4483dd15
4491e6eb
447c9859
447ae4c8
449734df
448a06c8
448dbd6d
44618737
4481b2ef
44769f46
448706ad
444d53e3
44707269
44728f4d
4470c846
44a1678e
4464f871
443ee355
44a32e93
44873678
44913a19
448f7a40
447849a6
446c65fe
447c9a0c
44889563
4430b595
4474354b
44ac9e98
441f6257
445e6ff1
44844aca
4482998d
449e41d6
4457a484
446f03d2
4499934e
442e87a6
44ad01db
44407cda
44524a0e
44a1d29e
448dd359
445f7344
4499c76d
4494a4f4
4466627b
44561692
448b5a19
449dd692
4484c4d5
445edd34
4471f349
44866fe2
446fca53
448ef9cd
447b9cc4
44388c97
448c100f
4493c038
449a2de4
4470eb4c
449bfe24
446524d9
4476e23f
4435705e
446f77ee
44955922
4472b3e4
4469a38a
4460c800
4485438e
44916ea5
4471e6aa
447aa50b
4484e044
44596d39
44b33308
4459e6bd
448efd8a
449c7a6f
445bea82
44b2116c
447c6782
44956133
449a0493
44663e5d
44c07500
446fc262
4454689d
4460251f
446caec2
44a83422
44878f30
445388df
443edd64
4473cf47
44a8d515
4438c7cb
44851296
447cefb9
44838f45
446699dd
44734fff
448a6f68
44920efe
447e4c3d
4488c780
4467a344
44934ee6
4488db52
444e675f
44903cf1
44578b7c
448c8345
44889be3
448f6d81
448eb4de
445f4461
448f4fd2
44807836
4474f9fe
44c51fa3
4469236d
448bedc4
44860abe
448f1b72
448de590
443e7c55
44a302b9
44467be0
44544168
44aa0daa
44748bf2
448d2885
445a510a
4489296d
447e6281
445b28ef
4483af50
4462be91
44788acb
445bce22
4468b8d1
44437a9e
446da60c
447c21f8
448df7df
44516b2b
448aee88
444fd51a
4442d6ef
44619740
44647859
4471727c
447f70e9
44902446
445c3741
445826eb
447a8338
4475435c
4438d8f9
44bb8ce9
446fad51
4482cd49
4450dd83
4488c00b
44874a18
446a74f1
4496468b
4484399a
443268d6
448fce14
4469ea57
44455ab8
447c330f
44523f34
44a8c94f
443a8407
447831cd
446eabab
44859e7c
4494cd24
446422a0
44938072
4480aa29
446719ab
44413c07
447c4053
4476a83a
444a604e
449e0fa9
447921b0
4475f2ca
44575846
448daeae
446a4739
44495067
4438080f
44733024
4474d621
4492888d
44385c99
44652070
444eb74b
4479850b
448a6941
447e2e0e
448b4dc7
4461a921
44898366
44a0d43b
444ec35e
445db1e7
4482a3d8
4481c92e
448f845e
445d7a0b
4451683f
448769e6
448d0f85
4497891d
444a1566
446e824f
4491eb1b
44494f3b
4453d0ba
443ff97d
445dfd36
447e553d
443f82c8
448d44d3
4441f4a6
448f6767
44667df1
444fb6b8
44992853
444c2128
44694075
443f231d
4466b1fe
445e1f5e
4453aa10
44741fd7
4487b175
444e92f1
446aa6ef
4422aaef
448783d6
4488f24d
44534f34
4451abdb
4482453f
44759a09
448e043a
448217e3
4476f9c3
44720749
447b21c4
4435af82
447f1074
44864bc7
4465b63b
444c8cb5
444b1de1
44656ac0
44479ac2
4454c0d6
4460ee0a
444b514f
445513e7
44825e10
445268c1
445d9510
447999ec
44497224
4476e1f7
446bff72
443ab5fd
445b4109
44433083
448e7814
442be7d4
44497ef0
448b6520
4453acfd
44856fba
445bb94f
44684986
4486e785
4482c062
449d898d
445cb00e
44373829
449f2ca6
442cd611
44638583
448648f6
444e53e0
447df537
44662e1e
44984b71
443c7b79
44533757
44752eb1
44908051
4494e1b5
445988d9
44682666
4471cf9e
445eafe3
44829758
4449a2ac
447aab8d
44647336
4493b42e
44924fb6
4491a59c
446c0199
44874600
449fcef3
4474b9be
4477ba8a
44814aeb
4450bdd9
448629d2
4480e838
448ce3b3
4464bb9e
44892ffe
44a23281
4468ab19
449ad5df
44977efd
4480e2ab
449f9b15
4486d47d
448d934c
449fec59
4487d106
44afcf32
44a0a99b
4485fdad
44958f76
4480debe
449525dd
447da3de
4477f638
449729df
448c8323
448e08a7
445efc3e
448aedcf
448ae2f3
446bfc52
44873ec3
44784107
445a80f6
44652959
44814d39
448382b2
44a00968
4490a107
447fab5f
44318917
44830ba9
44854d12
44722129
446e047e
446e6acb
44873dd7
446f2126
44a1b90b
447fb0b7
4464fca6
4488aa8f
4487315e
4470e1a1
4489ea31
44587ba5
44ac14e2
448f6dfe
4487b3a0
44932bd5
444f3287
44a2dc85
448d565e
446b50b9
4488b997
44810768
4495cd93
447617e7
44862b24
448eb419
4456f688
448e73ef
4475ace6
446bcee3
44865b6a
448d774f
44708271
446fa05c
447f1676
447c1365
448d77a8
448d9dbb
445737e1
446cbba8
447898a9
4467e133
449be1a7
4454459c
44a88d91
4437209c
4476d6a9
4484b7c3
447bb758
444cf7fd
449d2d52
446c4200
449a2856
443f1025
449a2a0f
4470e573
447bd9f1
44ba8eea
4487ccc2
44433e1d
446f287b
44767968
4473b31f
4480b3ea
447aed10
44a645b4
4451c316
448e546c
44619f1a
44892da9
4485dae2
447b6eba
44976596
447dd063
44835ba9
4487bd32
44cd3ac7
4489eae1
44853285
448c40bd
4490ebb7
449e40af
446a3ad4
447ccc17
449ef066
447fcd21
44a3b860
448a1858
44a93a57
44a03fd9
44921e6d
4495e2b3
448e9786
44809fae
44a8e003
4496b0df
44bac3da
448e4372
44a03549
449ea490
44877d40
44bc0923
4461c5a2
44954cbb
44a403d2
44965025
44a2c51a
44927a71
448bd6e5
44bd4d30
44730796
44acd05e
449357e3
449865c9
448a7985
44839b86
449fa76f
44931c57
4486613b
44a2e36b
4480a1df
44d72abb
44948d07
4480a3e4
44929988
44867df4
44a72107
4484f7d8
44a2fef7
4472e516
449485b6
44b531d6
44a7e645
4497789e
449e880e
448ac12a
44b91d39
44a4155d
44aad5f0
448da21b
449c1141
44c68b9f
449b1a8d
44a66d70
447ec3f3
44879457
449a07ed
4476af91
44a33a43
44907068
446b5868
449291e8
446b046a
449ad1c3
448f424c
448b1e74
44a47037
4495ddd3
448c6b7f
44ac3cdf
44669f63
44a3d11e
44928705
448789ca
4497b43a
44a5c52b
44816131
448104eb
448c4ca7
4499f926
44826b58
44b67192
44881c8a
44708d36
44896258
446486cc
44cd35c3
44856473
449d8f56
4498528d
44785d3e
44a01865
449c90cf
4488a003
44a0434d
44abe9ea
44b53b35
448f7716
44b9d14b
44a1c0a1
447c404a
449eef5c
448c7573
44ae1993
449378d5
4457d07a
44a4c8fa
4484fdfa
449036a2
449a38fd
44982711
44b12d66
447e0296
446d7b14
448766fc
448ea15f
44709e0b
44a3a7bb
449bec50
447e7400
446e596f
44882526
447a13bc
44953a7b
446c0097
449d0c98
44a0079a
447a1849
44966fca
4468893a
44788a76
447d8a02
4489b144
449eeccf
4488d50d
44a948c1
44837fed
447570f1
44883830
445d2492
44a2801c
4498cf89
4488632e
4486d4f7
44865984
448d1b19
4491826f
4476000a
448e9fb1
445fa8a1
44ba6394
4457c664
448094b5
4447e31a
4479e8b5
44a3417e
44519ea1
4488e576
44809586
4481d301
449bddb7
4432ad87
447a4f44
44651636
446ad090
448bc3c1
44888b52
445d30ae
4488c267
44861b98
44ab6e7c
4489e735
446f9f1b
448ca582
449c671d
44a93509
4472b45d
446c067f
44a59491
4451174f
44a766ca
4491ffcf
444089fb
44907a25
44739e36
44643c37
446a7e80
447cad7b
448d1a67
44786137
4491fb34
444004e3
44569c67
446dd40a
446de9c6
4486d0d4
445252d8
449bc4c4
44468a02
44557416
449c0d10
44398a46
44507259
448f2f57
44758924
44966d49
4458178b
4480eaf7
447daf60
44843ad7
44b0137b
447d1074
44606f91
44859a61
44843c8f
44a48180
447817f4
44948776
447c594d
44687bf6
44b5cbe3
445bd948
4482351c
4480f6e9
448f2e54
448a1ab5
448469e1
44919294
4458617c
447cd637
4481848c
448c6441
448e76ed
4473ab9b
4468ceb5
4499bed8
446e1dda
44857b5b
448f727d
446d3898
448470b1
44967f2a
44a420d2
448d7364
449e3aa1
446efa90
44853436
4448ddb1
446ec4d9
44ae2c2c
4463a169
446db792
447bf6cc
448184d0
44ac160a
448c6303
4490a2da
4481c38f
448264a8
44921f85
447488b2
4484b018
44814a7a
4486983e
449370cc
44922b5a
4491e3af
4496b6f2
44803e51
44b5634b
4473de4e
4462a11a
44735f07
4478697c
44aa8312
448e9a69
447ab483
445f6e85
44915318
44820f03
4468ef64
446d2222
4482226a
4490ef58
4494f3aa
447f9931
446dbca5
44ad8910
448286e0
44805f1f
446c75b6
448df5b1
44900d2c
4472d9a9
448f1a9a
445d57b8
4488b10c
4492226a
4487a6bc
4498f1ae
446437c8
448bf5c9
449e16d9
44877707
448279c5
448b2e69
449cad27
448528b7
449a4b8f
44b65afc
44527503
448a936b
444ac446
4484aedd
449fde92
447f10ca
448b12ef
4446c624
447d2285
4498b8ae
44648fdb
44556752
4488fe49
447b8c4e
44964ac4
448a0a76
4447267f
44822e45
445a87f9
4489a0cc
445bc644
4483067a
448bb3a4
4477a028
44834fdc
4479ef21
448b9bfb
448e37e5
4499bc83
44580791
4472448a
448e9953
4493b18a
445683b0
44a94b40
44960c9e
44983486
4447609d
44962e40
44895c1f
4486b711
449d89ba
447e1d54
447de344
44a0ac1d
44641191
446dd344
447c1603
44835dd9
44c47923
445d39d9
4461f128
4492db5c
44757a13
44b49c63
448d8f4f
4480433e
4492fddf
449291d6
442f0cde
448e6a2e
449e5648
442e2d32
448f00c1
444cd739
447aba4d
448a98d3
4466ba85
4468021c
44584a05
444acae0
44823b9f
44872a8d
448436a4
445748ab
44684389
44671de1
444eb4a0
44808fe7
44596d4e
448a55db
447e336b
448c8ecb
449c7e34
44163768
445ad76b
44868285
44600d8b
449bf97a
4464b2c6
446fd0bc
447753c9
44849099
44b2c234
44619b89
445a44e9
44874cea
443b9ddc
447307a3
440e24a5
4481ad30
44714cc4
44083ac8
44a24ca2
443b4ee1
4490bd18
44773b73
4455e814
449f81c6
445edc5c
445ae9db
4490bee9
447c53cf
447f6503
444aa012
4499501e
44872f91
4469e126
4446fbdf
44749329
44949b5c
44849110
44583be7
44762d91
447fab0b
44533675
4481099a
44499f17
4463f079
446b9eaf
44812391
4465bba8
44675184
44a020ff
4456059b
4474b09c
4453ce9f
444b017a
447d9a46
446073b0
44815cc8
44797eed
4457261a
44943f38
44592c22
444c0cf9
4482efff
446240ba
446653f0
44708754
4467bb44
44736b80
445dbca6
448ba98a
4461adea
44643ef6
448cd292
44691b06
445be887
448aa736
447a49c3
446fdbe2
448021cf
44a0e404
445f017e
444c70fa
4496fa09
4453a765
44a8dbdd
4491f33e
447ab9e8
448b644b
448699ea
448d618d
443a8c31
4479063d
4477e34e
448fabca
44973a2d
442e0122
44749a1c
44562af9
4461d359
4476d8f3
4453704e
446ffa54
447e8443
4487c834
4467b1c9
4464f23b
44519cf6
4463bfb7
44728f6b
4444dd37
4431fda2
444dcb0e
4437159d
443d5b7d
44561218
444f55bb
4480beac
447f631d
445fbc39
443e6395
445ca5cf
444a2237
444c2a14
446586b5
44583a36
446b6ffa
44748557
44447f4c
448acac7
44336a34
444793e3
44733bd2
444c5a15
4465dbab
441beefb
44539324
4476ca1a
44353fed
4435bbd7
44372f3d
445b74b6
4446dd25
443ae8c6
443c21b7
44485881
4475f072
443045b9
445b196e
44737f1b
445d8f90
4458f511
4466a397
444aa810
4464b8af
442c9798
4444d331
445006f0
4431d2f7
445aa9d5
443d195b
44852958
441ef78d
44592787
4471537b
4457401c
44544057
4463e640
442d607b
4485113f
446df658
4473bc85
448ac42d
44541b39
4457ea6c
44487678
44329f09
445608f4
4437f491
4477dfd9
443803fc
447c3d32
44669115
442e3159
44248e63
443fe8ca
442cf979
440c5b40
44727907
4451d888
4436efd4
443d84e7
441fb783
444b8260
4471bd7e
444dad4c
441ce788
44366741
44525f4f
444381c6
442f9399
446cbdfb
4431b40e
4441290c
4470519d
444a6faa
447b712f
4489c214
442b1857
44652c04
4441014f
448a2879
443cb068
441b5fbe
446d874a
443fe119
44628033
446c3f2b
443836cd
443f0e0e
44439a9d
446ad939
447916c3
4439ce19
44432823
442dabdb
441f4fde
448545b0
4459821e
44848c59
443fb1fc
4456aa51
447192f5
44a4ffcb
44826604
44885838
44735fef
44879f88
4480a396
4460a561
449944de
4460b47d
447426af
4480b9d4
4483930c
449437f5
44938e9a
44881e6d
44a0beaf
446efa64
4481e6f4
446e0ebe
4488cdb3
44aa50a8
4485a730
449ce862
448732d3
444f5a0a
44a1da16
44842465
44a3315d
4475444e
4487275f
44869e98
446c2251
4496c4c9
448b74b5
44864fb4
44981c9d
44745b62
448055c9
4459e682
448097ee
4486a005
4463e16b
446969a8
448745ce
4484f2ac
449d2dce
448c5fc3
44708ff6
4473fc1e
4472792c
44ac8811
4467d539
44a59a79
44625b7d
44640978
449a710f
4493b927
44944cf3
447d5383
447ceb87
44a6cf62
448fd172
449dcc8d
4495b628
4491c5d5
4499276e
4476bb6b
448e2532
44872442
44992eaa
446bb6fc
445cd0e4
447cea06
44873a29
448a06a9
4482c916
4454beb1
44a03000
4428e9e4
4482ca21
448c731c
445d3cd6
447077ad
447a44ed
446802a4
446baf9e
44887883
4480f84d
4479e4cb
44944abd
448a9b73
44581836
4482dee3
448f6976
4457b951
449f49b1
449c57d2
446a40b4
445d7511
4485c29e
449f0ad7
44607fd3
44b31ffd
448d50bd
44820a4d
448efc38
44908f61
448476de
44824c86
4490679c
449210d1
44801de1
449c091a
448db535
443f4bea
449a21da
44641cb4
44aa57b0
44897bd2
446adcf8
448cdbfc
44810602
44685086
44aa5a23
447cd48e
449108b5
447fc7d9
44732ff9
4485ce6b
448fdf86
445c5098
447fcfed
445045fb
4484449b
44950424
447508c3
44374604
4457b4d1
4460e1a6
448de508
447d7ea6
447ecc66
447b9ba1
4447025c
4482e244
44835e8a
4480dfaf
44735e71
4466d974
449527b1
448c408c
448610dc
445158a5
4474e6ad
44901528
44905ca8
447cbda9
4481bc93
4452e071
449eb93f
4483cd9a
4477e26e
448d8570
44827072
448952d8
4451678a
4481ed77
44701452
447dfbaa
44a2ebc3
443d57e8
447b3924
4461cad4
44658f9c
44a73193
4467df62
447f562b
446c5edf
4454f1a6
447fd2c0
446bcc04
4457a36e
444bd549
448547f5
44b1ca9b
446157b0
44756eff
449e9d9f
44813ede
44a62abc
44547f56
44702809
446a0f8b
44489c56
44ad0a4b
4485ac80
4468daa7
448190e6
4483d8fe
448a1c5c
4480ef57
448ddcd6
44596b0e
44497582
44708dd7
44788198
447fb3b7
4458a0a7
447d6ac4
44910d47
444b859b
4490c030
44428bf5
444dbefd
44abff1f
4459377f
446e11ec
448bbada
4478ddfc
448b2e1c
445d9735
4484e2bd
4439dc1f
446bd82b
44a901dc
443ff7c1
44642f51
446cbf88
445bc5bf
44a6353d
448914dc
4476ac77
447fe265
4454940d
44bd64cd
44228bad
444e89c8
445e01e5
44898c62
449630fa
448beba1
447fe379
44805321
444b1db8
447709b2
447f5ae5
4454048b
4466e0da
4440e65c
448b38a2
447758d2
448b9c0a
447f4c1f
4456cf04
448041f0
44994538
4485c699
448fadc2
449f6cea
4487777a
446dad3a
4477d18e
446f4964
44a7247c
447cd3cb
449151cd
44a21967
44713ac9
44b4a518
447c9ef1
449a14b3
4483a3e6
44a500ff
44974ddc
4477f4e6
44751fd6
44970d75
449785d5
44b2cec9
448feb2c
44897c76
44838118
44810812
44bf11cc
447ce039
44741ef4
449275de
44810701
44be6c73
44857c01
44644120
4485e5ae
448caa06
44865fe1
4478a915
448202f7
448227bb
44902fec
4494e4a1
448cdb77
44767cbc
449e767a
446a5ad2
44962c3e
449016aa
44749dfd
4487bafa
446b7886
44b1b478
447689a7
449ad6c4
44962758
4498f0e2
44960928
44887934
44a4e40b
44ada370
44812c51
449ddd41
446ce243
44919245
449b5d3c
448dedf3
44b39e8b
4486e490
4496f5c3
44728b31
44544ef3
44886fd2
448440d7
448ef387
446006f5
448081d3
44b4693c
448e573d
4489decc
448a0d97
448952b1
44951fca
44a3618d
448d5d7b
447b32a2
448c10f6
448adfb1
4442879c
448686c3
4481d5c4
44841bf3
44997a37
44804a0d
447cab62
44a1202f
449a33b6
4494ee7a
44714391
44875a72
448a58f2
44848496
44871d18
4478a58b
449540b7
4459a279
44921e01
448be3dd
4492709c
4483893d
4485c86a
44793315
44c3265f
447172d6
44775ed9
448f87af
4492039b
44b595c8
4484ec77
447dfbd0
44848815
4487f716
449bcb8e
4488a541
4494c1c8
44a4d800
449013c2
444962c3
448e8519
44821251
444fdd1c
44949c75
445341a0
448dad3c
447f5a87
44675bd4
448a5c5a
447df4fd
446bb378
44735d05
447319f2
449725f4
44713ec7
448b91f5
4464c882
446f7844
44a79005
44561066
448b9f26
44652c99
44900650
44815f74
4467cb9c
44823422
448d98e1
4471715c
44861216
445e2b98
446731ec
4445310c
44822ed9
449ad3f3
44531404
447a2fa7
44979dfc
44379345
4478ca27
4469ab1f
4480ca5a
44978e04
4459f7dc
447f6531
44756540
44af718b
4463e89b
44602559
44a90919
446edc98
448cf7a3
44807fbd
44810de2
446651d2
44803adc
44946109
449dde2c
448eded1
449259b8
44758629
44932bed
44891b32
4452716d
44724b13
44705e54
44700fe9
448cfa57
4475fb19
446332ad
4488c57a
448e9179
445fa35c
4483e169
448e0347
4479480c
4471f0cd
448082d9
446dd638
4460fe31
445f1a26
448cdd89
446cf74e
445fcb33
44a1b526
44590452
4465dc2a
448bdedf
4465ae3e
4493aeee
4470c36e
446a261f
4469927b
445583ba
448790ba
44627176
4465a371
448a7b4c
44565c5c
44845a5c
446c1867
4489aaa9
4461ef0b
44910145
44945a98
44662343
448a2aeb
44a669d9
446a7712
4488a63d
44951e79
448b6b66
44459338
44653a5e
44871884
44586ece
44858faa
44893c77
4492b208
448a9519
4475ac54
445dc4ec
4494e8ae
445e1f80
448e3991
447c19f8
4482a2fb
4485708a
44aa28e4
4483c24a
448afebc
448707b1
445717a7
44a7410c
443c97f4
445d9391
44836e04
446c923b
448551e5
44735ee7
44935903
4487648a
44752099
4496f282
447f4431
4495c8a2
449065d2
4473078f
448c32d1
446ffb47
4481dd77
4495c9db
446e71d9
449d5fc7
448162dc
4465d836
44a829e8
4447981a
448a57a3
446fd017
447e8c61
449056f3
446e7584
44839f9e
447102f5
448e266f
448d7322
444c44df
4486661a
44582c4c
4497fab4
44402b50
4467787f
4492444a
44851cbd
448ac0de
44610b4e
443ab105
447c1ea9
446f8d6c
44878817
4484d07d
442af3c8
448a4d8b
449156f1
44a0e371
4493d0be
447a8af6
44a64217
446b2f10
44846788
4488fc2b
4485d2f9
44a31017
445323ea
448df428
449d2691
4456d322
449f9dbd
445bc956
447eb2a7
445f3cfc
44358fbd
449db7ba
44596ddb
448e0412
447af214
44808593
44573d5a
4492fde1
44560b82
445c9100
4491a03c
44266631
4460b307
4489773c
445da7e8
44625877
44a87686
44556f9f
44376615
443bb274
4476ab67
44619937
447f4f7b
4471c31f
442c4407
443ad8ff
4484debe
444910f5
447186e8
44768d81
4448960b
448be597
44444d1b
449aa45f
4483f6de
44687916
449b251b
446c0bdf
44518a9c
4481a906
443cb320
446a2284
4489342c
448c03e9
4490e7a4
44580d4d
4487d4e4
44654767
4480c232
447db8af
445caf74
44a86162
4459e77a
448cbf7f
448f67e6
44b34f9e
4497ed1c
4496337e
449ee2bc
44868b7c
4483e8ab
4473ca6a
448df938
449836cb
44867375
44a7ec71
4492ebe5
44a38482
4480fbdd
449eed6e
448280e3
447c1ba9
448b6ca3
448b2d1d
449c9bf0
4497b1ff
4490898b
44929f0f
44874f5d
44839086
4493ef03
448b45e6
44b09d7c
4488ee30
44884534
449bee08
44869268
44952de4
4496635e
448a94e8
44b72eef
44993d18
4480b14f
4491e4e1
44871b99
4489f359
448362b0
4481ff55
44a52553
4484a899
44c5f04f
44771d2e
4480d01e
448df3aa
44802c2b
44a5a61a
44837fae
44a51f1e
448a7264
44790793
44ac479f
449c056e
449ac2d7
44684b4b
447bbebe
44c2657c
448beec2
44948df3
44819849
44ac9bb7
44a7b1ee
448c4e47
448f20a3
448cc0bd
447ebba6
44a38e55
44446f7a
4494dac2
44854cdc
4494f860
449bb58c
44612d30
4495d954
448b74eb
44881628
44a59d1f
4480a406
44974530
4480e03b
4487b6e0
447ac730
448f0909
44943f07
447f0806
449893b9
448f6e7a
4495dee3
448dd6e3
4482d109
4476a6d2
44a962a0
449ccf57
4480c043
4489d559
448ec71f
44aeff74
4487a81d
44936fba
44942b7c
44850039
4494d5f1
44a3bd60
44818c85
4467b0a3
449d4a7a
44a7a1e8
44887d5a
44c1345b
448ec71a
447359a1
448746d2
44862d92
44bbf028
4482714e
4496ee14
449e8bec
4488c8bc
44952e2f
4496bf18
44962519
44aeb2b2
44865b03
4483f9ac
44817309
44b24a68
443baf79
4483648d
448f65c8
446fc60b
4488b284
4490668f
4452d8a3
4471465e
444cbb30
44ab91c9
44853946
447ccaad
44883bef
446970ff
44a76c54
445f6035
44514b19
4467faf5
448be971
44852797
446306a3
448aacd4
44689148
44818ef3
449e7484
449c0577
4464f836
4467ad32
4446c673
44867a72
448fbf51
4490dff4
446d35e2
44795690
44ade639
4466acde
447d77a2
4451044b
446bd1df
447e8f9c
4427960f
446afe7c
444ef344
4481c612
4483e8be
444d9b10
448b4471
445ab9e6
446fcfa3
4480750a
4481acc5
4460b2a4
444ffc63
44890225
44ac2e99
445c4a7a
446411b0
4481f762
4485fd4e
4481a02f
4445d632
44758346
449b5cfe
445d5e0c
44912f38
44853238
445c4d4f
4484e4b0
44628540
448f4827
44693c36
4479ead6
44807ef8
44370ed3
44732f16
445fb26b
4481b364
4482bda1
447601d2
447cea88
4451c21a
4497a5b7
446d714f
4458b7ea
449ce0e7
443a46bc
44814a0d
448a5140
445da7e9
448370f4
443dade7
44809567
44583556
444daef1
4498b726
443a74e0
4473cf75
4482e450
44613979
448a5353
44689813
445d60ec
448151b3
443f1cec
44bb7a3b
442a75f2
44432eaf
44920523
44861e29
448ea62c
44585790
4486358c
447de4c5
448270f2
44a4f83c
44859f01
44696d0a
447079ba
448dc62a
4479c0ab
4446cce4
4470c394
4475c90e
442d103d
44923709
446968a7
44895a3d
447cce8d
447624f6
447d6192
446f1e5c
44469ddb
444f7a68
448d1f2c
44753fe5
4484284f
447b38ee
4480503c
449bada9
44613424
449e6aad
4489578e
447309f2
4480a8f8
4460e83a
4487a442
449dbac8
448291f9
44912d44
448305dc
447ff932
44906e8e
44574f85
44b2e473
4466af21
446a053e
446c3e89
445772f5
44a18953
4471f280
4467deb6
4454e133
448bffa3
448abfbe
44595ec9
44670160
44868a48
4451329e
4468ac94
4476e1b9
4477cf04
4488eaa2
44849dbb
4466151c
44787952
446c54b3
447c8efa
444d9011
44a4b394
4482c542
445e2f94
449cd814
44821a87
448e03ee
44587046
44642e72
44980d29
4466629b
448662f8
445088c1
4493999c
4490d18d
448af5d5
4493f8ed
4459b69d
4496ab3a
4469f3a9
4444ec63
4484a4b8
44680658
44843fb6
442168ce
4473cf3d
448fb0d2
44810749
4475643f
446c4c5c
4451d5c7
4486c423
44584e45
443c0997
444df332
4469cb0a
4484a528
445bf153
4480ac61
446e12e4
44530b5e
449cccdd
445a6ddb
4457e9d0
44672608
448917f8
44874ab2
44734033
446e07d7
44595488
4417b146
448df44a
4487e469
4483bf16
4442df9e
4481f9be
4486deb7
446a0095
448ce594
448af4cd
4450dffb
44a6540e
446210eb
4446efbd
4466079c
447763a5
44b19e03
44434a98
4456ad94
4480916d
4456555f
4488d0ff
4473545b
448148dd
44891f89
448358af
4498b4c2
44846f84
4489de80
446b3420
44aaa172
447e07c2
449a6e08
446a53ab
4468d756
448afcf4
44897df9
448ed1db
44907305
4482a8af
44a0af35
448ba7b3
44970330
4487a298
44833d16
44b0d3ad
44825012
448f26cf
44894193
4488b742
44a3680b
447ccc35
44717b8b
448cef20
448c3d7f
44abf1f6
44831709
44822262
4482f967
4490db5f
44b583c4
445f9c6b
448657a1
449a071c
44636b7e
44974737
4472bee8
44871f6d
44879c49
445ad40f
44ae3357
445c3eb5
449d0318
4489e368
446bbfcc
448a32e8
4488a056
449ad3ee
4493a160
4491e928
44842c79
448394b9
44973fdf
44999211
4485752a
44a6de8e
447dbf0d
44a5176b
449b3f35
4439f7f8
448bc3fa
44a3fea0
4485d9a7
44a75db8
44841ec0
449581a0
4497a62f
448ba55a
44860b10
447b5c23
447e1b28
4484a683
4494f96b
448860f4
44928ca5
448c7e2f
4486b052
448bfffe
444f1ea8
4473759c
44b47078
444c0d48
447f534e
44997acc
4452f27f
447e590c
447db5e9
4486c273
44846b8c
449184f8
44960138
44655f29
448ab7df
4490be0b
4436bcb0
44937d47
44616081
44a571b8
4497cea6
4483f192
44aea3bb
4465c1e9
4451934b
4492448b
4480f6c8
44c1fabc
449bc965
449d9367
448fcaf6
449b21a2
44961b28
446347dd
44837d8d
448aa88c
4492ca2a
4493e347
44912688
4489e310
448be59d
4473627d
448e51f7
4478a66d
4493dbc9
448b4091
448c4873
4474b9bf
448c001e
448679e6
447be00f
448a1c5d
44610c83
447a2cde
446f11a4
444f88ea
448ace19
4479ede9
448fa04a
449fadbb
4485c943
44afb65a
4455bf39
448e5403
4472f153
448ac481
44921bb9
4484d67b
44a17f0d
44976cbd
44756c84
4490425f
444e725d
4493d431
449433a1
44737fb2
448fd391
4484212e
4489ba56
44921f42
4480e2a2
449856f3
446b7403
44863a8e
44724cb8
44687c7e
448c0acd
444dc1b2
44988164
4448446e
4483308c
446257dd
448cd23c
4481f6ae
443f697d
446fe950
448b36c6
448b6780
447d7bb6
446a8142
445bb01d
44a0b58d
447df43d
448aef58
448d2775
448e64af
44a18a85
448c8059
4495aba2
448bd1da
44824a2e
44901bae
44690584
4497e875
448f9947
4479d636
448f7c6c
446474e3
44627737
44632dd5
4463f243
44928cf7
44794a39
44825b49
4475ed43
44643c22
448b2e63
4451a259
446edf93
447427f5
4494eb4f
447846a4
446cb4f0
4482cb5c
445af696
445cd73d
44a12325
445ffb8e
4483b369
44577750
446b2de2
4488729f
448539ab
449eea79
4478f1cd
445a7c26
44830810
447b72f2
4490f106
44abb3e7
44607278
4495c925
444b0611
44b2ed72
44778df6
447a7c4f
449d857f
4477d6a8
448689e2
4481dc27
445a76e2
4485179a
4479bf9c
448e431c
448fff27
4481ce7f
449145b8
446be949
447f6114
446da3fb
4490ed16
449d45f1
4481c2bf
446e217a
447fdad5
448a5142
4484b5c4
447f879c
4485183b
44758cb7
445970a2
4483f90a
449631ab
4486c4af
444fce76
4494c8ae
447f4bd4
448c90c9
4477c263
445d83ee
44975226
4472cfa4
448dde2f
44577f8e
4460dfdc
449aadac
44479d0c
44948841
4472352a
444b1be8
4489b1a7
4469c085
4470062c
4475565f
444899aa
44763f07
4481342f
445e000c
449ebab5
44655296
448f4393
448b1261
4485c40d
44824f39
4471f16d
447dddf7
44849363
4463b876
44907790
4469010e
44c150dc
4472c4ca
4481a654
447114c0
446d884a
449df3eb
44582ee9
4474b3b4
446b45ec
446c455a
4495fa8d
448b085e
449c1a52
447092c6
4467625d
44aa78a9
447350b7
44962624
448e3ae3
44904203
44b84d28
44a0feda
449700e9
445e27f5
44685715
44844cbb
4429584c
447915b7
44792fc5
446f18ac
447e36ed
4480c5ad
448aeb84
44623dad
446a8ddc
449198e6
445b8d12
445416ef
448a011f
4447e16e
44959a4b
4473d55a
447beda0
445e2256
4472fd75
44817f90
44607369
44680321
44678c6e
4454a515
4491c9da
44848b48
445d49e5
44618d05
44734f5a
448fa7a8
4440ad7e
44a11548
44517252
4465948e
443973d0
445658cf
4454a97f
448437f9
44938a26
44894641
44580565
4491812e
44763d51
442effac
4497e6a0
4473ce08
44a50dc0
447100b6
446c9b88
448bd670
44832769
44846366
449325cd
446b808f
44a10583
44758266
4454d7a9
44792086
44a3e61f
444629b0
4480f663
4440832c
44858b8b
446929eb
44471619
444b2643
444e4a50
44554b1d
448fe9ae
448c180c
44649db0
449379e5
4471238f
447977c9
4475e3c8
44853a17
449c6442
4483c463
448f38fb
44868961
448043ba
44694560
4460c075
44990406
4487e9a1
44816c0b
4478b354
446f42e2
447cf783
448a45c6
44848578
4482fb6d
445864da
44936e04
443e3d5a
447a561f
44390371
445a499a
4470d93b
4430b2db
445819f8
44636094
446ba750
44842127
445f1d53
445b7e58
445c4278
4493ab4d
4487dec2
444cd615
44789036
444f2eaa
44610fb2
44acd446
446970b4
448bc9b4
447f9a94
4487fb7c
449392e1
446166d4
4467ef67
448e8276
44632b64
4497dddc
446fd2b8
4465eca7
4452c75e
446e607d
4482028d
44665945
4476b55e
445a7637
44430cd6
44784bcf
444fdfd3
44688de5
446bcd65
445d741f
4481b8a1
44250809
44a3982d
44549795
4436c768
44a3d365
4439a634
4488331f
445de8e1
4486cbc6
448d81d2
4458aefe
445dd0e9
4478a185
445ab5dd
44a855d6
443a6c07
446d02d5
444aa666
445fa939
44563aa1
4468b52e
448cd325
448065f4
445f50b3
44ad790d
445a53b5
448c8da2
448cfb5e
4499459f
4473063e
4464dfe2
44891859
443c7a20
444a5b46
448960af
446525c3
448b40e3
444ea004
4469214f
44903e8d
446eddc0
4474b5b6
4485dc15
44608e3d
448a7d5c
4463314b
44ae99c9
449e57cd
447a3564
448be836
4454bce8
44709486
44454610
449aeebc
44825c31
448e4642
44839e24
446cc204
44931940
4466f1f8
44885e85
4482a006
444dcd78
44a48e9d
445bf9a9
4484e322
4493d411
448aadd6
44a481d5
447f7333
444d5a7a
4489dd18
446ae7fd
44bf0165
4484e740
443d29b0
4481f593
447634ef
44b859d9
44ac5c2c
444fd17e
449b8a6d
44703d83
44820b23
445f2f37
448ca896
4484204c
4465e514
4447f1bc
4482753c
447af5b9
4497d81e
446c2259
4483f134
448ebe70
446bcc61
4494b274
4479b21f
4494fea7
448a5e31
448a4556
449583c5
445e685e
448e02ac
446b806b
44674bac
44910d69
44527847
447ec065
445c6563
449f2359
4491156c
44952086
44ad81a3
447d5fb8
448ad4c1
4462d5cb
443c5343
44aa2865
4457cbfd
44804b39
44902787
4445b58d
44833810
4483a9f1
446caef1
447541f6
4455f94c
4494e97e
44601d83
44778fb8
446a3ae0
44946d27
4456acbf
446a8229
449fdeb0
44352656
44546b61
44896cf9
447146ca
4474422b
4490cd9c
4496b297
446c69f2
4470fe29
4465dec6
4483fca8
443e0fbe
44b6ebc4
447f2758
4485b6d1
44808d53
448b4981
4492fedc
448ad035
44a018e4
446dc338
443c45cd
44a1a562
447c68ca
444f000c
449e59f3
44655cf4
449335f9
44685c75
44821952
44986d5e
44475e2c
44982109
44640ad4
446a4a41
448a79e8
448259fe
444e1747
4472ab3f
44486941
44599d97
446e9c52
4422a349
448b6f07
444f85fc
443b3a86
444ca043
442e5ab5
4462535e
44669a94
44660a10
448e3a79
44648f92
447d25f0
44471b70
44532ff5
4483fbe8
446bb279
448a59c1
44635675
447fb533
4459e915
442ccec7
443cd70f
44806690
446705c1
44522009
4464a2df
4472f412
44704566
444a4a8c
4486d6f8
444c6bd6
44577bca
446300eb
44267fcb
445579d8
446d86d9
443ddfdd
4484b56a
440fcdf5
444c0c26
444f9f89
447825c4
446d0f95
441d3b13
44811c1e
445ca4c8
44873c46
44612f9a
4451593a
447535cb
444091e2
448c0cba
444ac419
446fa87f
446adbe1
445d20c4
4450ddd8
4483d0f5
44578499
443eb1c5
446b1d6f
445c754c
4475d4ac
44624cce
444aa961
443ae508
445e631b
4440f1c9
443280c5
4446703c
44619ae7
44371a6b
442fb9cd
44576a87
44846498
444d5b99
4463efb5
446ce52a
443dea00
447d6237
44454f16
4446efc8
44720871
443d99da
445a2304
446b4701
443ba2e2
44359f52
44438035
447f46ef
441ebe5f
446c198a
445cbfae
44298ea0
4460b4c0
445d4768
4459728b
445bb105
445e5bbb
44738a57
445974ac
445df379
44941243
4446038b
446479d7
447979a5
4481351e
444d8307
44628583
447713f2
443da8cd
444cd7a2
4452acb1
44574f7b
448947e8
44383675
444d08e7
444037f1
445b600b
4461dfb6
4471ecee
445e427a
446817a2
44a0f918
448e2ca6
4492a19c
4487a993
449e1965
449e2a29
446062c5
44945b0b
4468fcf5
4477ae05
44ad2cb8
449499be
4492d75a
44974d1b
44982448
44b97771
446091ec
4478820e
44933d88
448a5407
44a6e595
44832f52
4495f585
44b4e451
44860717
44a8d827
44618707
44998538
44bf55c7
447cc503
44a97d3c
446cd6bf
4470820e
44a72147
448c6764
449ff5ab
445ef186
449c48b5
445afe71
4483ec4c
44856f87
44794ce4
44a593e2
447b3ec1
448cb875
44912249
449be7c0
447c2cac
449df48a
445c7b0f
44a5f995
449659b7
4491f38e
44912e1e
447e7a79
44aede26
4485d798
44925caf
44a2b083
448a17b7
44b6e23c
44857ab2
448ac21b
44a465c9
44730f2c
44a2dedf
448d4240
449f12cb
44a9b8c0
4488ae28
449bf4c8
4480f498
44618e2a
44858d85
448561a3
44aebe8e
4483bd7f
4491681f
44947aa2
446774db
449e9e2b
44819f32
44723bcc
44831390
4492215d
4472e0d9
446f28d8
44ae8554
44841f14
448aeef8
44a80af1
44630bd5
4486c18b
44823563
4487d403
4494bdd6
44744e9e
44ab555a
446b2b1b
44654e35
44a7b424
44732cb7
44925905
449af6dc
448f92b0
44a83f7b
4455ead2
44badb7d
447a5def
448b8ad5
44a4e5ac
446f56d2
449a42f3
4493d14a
448966ff
448bd806
4453f5d6
449ba8f1
44a52ec5
4481c383
44a77fcf
44745af3
447ee002
44827bab
447f15c1
449f2fad
448fa705
44831304
4481293a
44ab883e
4482fa04
447c4ae0
44807c55
44647cad
448ca394
44507235
4476872a
4462a106
4475ca42
449471fc
445aaf92
4487166b
44682830
444d9041
44857e38
4466ba73
4495f993
4464fd1e
449d6248
4493c7d4
44827d78
449ba267
446a5795
44774171
449fc7cf
44617396
449aea7e
448acbbd
4454cfbb
447c9b05
44723a9a
449c8c26
448b7675
447465a3
4491bb13
4483581d
4463ca5f
446f1a9c
4452b60b
4484af47
446f0663
44649b0c
449c390a
447ce0c4
44966da5
447b9f30
4477b9e4
44826ab4
4466f7c5
449be9ea
444da36a
44950613
4469b57a
44675be2
448e818e
44840bd2
4487fe9a
444a0f85
448a18f4
44996c01
446b8c10
44869053
44827179
4496d95e
449e617e
4495ffe6
449eb5d4
446ad9a5
44851b8b
44939a49
4432ce16
4488d2e8
446eabfa
447e7a87
448b40b9
4457e8eb
4480fd36
44607966
44644860
44826eaa
4423d984
4458ad19
44689388
446493b5
448496f2
4486650d
445bd44e
44586c2b
44943ca9
446251d4
443b01cf
4471b4dd
447aacce
444a509a
4499507e
4482ec29
4474b185
445ef54d
44817a4b
449aa3b2
447f66a2
448b9a85
448cbcae
446f3926
44821430
448594df
4483c50c
448272b0
4483a607
447c8eed
4443ba79
449672df
44452899
44440006
4489c8db
44711ccc
448c5f8a
44744956
44731017
4478f144
4455ab15
4479ffd0
446a5c54
448f73c4
4490316f
447a99d2
44764ed6
44874c3a
449c68fd
4452165b
4460019b
446186f4
447a4a62
44818242
44836a9c
445177d6
44820cd5
44439c32
448c14bb
44898f21
446f510a
44824fe6
4441c75f
448ed210
446690b2
44686773
447dc374
44777cd3
4494b8fd
4469a2bf
4485d5d6
448564ea
446d2eeb
4483ab9c
44935858
445946b4
447d46c9
443e1971
4470e088
446ddada
448da0a5
446e814b
446988d6
44893731
445ccb14
445b439a
44848dbd
444aac4d
44752b60
445d8d21
44841d5d
4454e699
44811ed3
4469bfdf
444f0506
44796051
445fd126
449a7968
4461af58
446e49ef
443c0e01
4468144b
447616ba
44a2504a
444b8465
446cfb86
448a90b1
44989625
44705751
4446abca
44623d67
448b9f26
4451ff4d
44a0bcda
448bd67f
4471dcd5
447b6aa9
448b4935
445e222d
446f3766
44843f4c
4463f182
447ba3c1
446687a6
446d90d2
447f2380
4471137f
445e50e6
44640bcc
446e8a85
44869800
44456826
445a1575
44883cb0
446dd944
4462278d
447d16e8
446fa43a
44501d23
444e8f16
4464332e
444d6311
4454bfce
448a5a03
442746a3
446fb1f9
445c419d
44741dac
44957e90
448df888
4488b3aa
447f43fa
44484459
44a0e347
443df30f
4484bf89
4497e36d
445a8d2a
443fd9ad
4473c77e
447f1be4
446f1424
445bf45c
44a83234
449b7fb4
447cb9e7
44405d24
445830ca
449fd063
447f4f3a
4487940d
446f8140
4446f55b
4489c069
4467db77
448c3fdd
44819087
4479a8ac
444aebc5
447952d1
4450fdae
44598f62
447bc30e
44453bce
447a0c6e
4482e1e7
4481b460
448af8d4
4478e8fd
4479c9b6
448ca9eb
4491ac7d
44ae1046
4461b068
447b4f12
448e3775
44723e76
448f24c1
446fb96d
44727453
4462fe54
447d058a
44a3a874
44814b28
4453b36f
445d4aaf
44700a04
44a3ee4b
44730b59
44579cf9
44554bb4
447986d7
448e94e4
445f464f
444db63f
448bf9de
44951056
44688d74
445443b3
44826712
448bd0e7
4483f90c
444b8e48
44721e3c
44823b1d
44891a7d
44728c0a
449ab76c
4460dbff
44642cd3
447d011a
4486c218
4497968b
445a1d2b
44967bad
4489e0c6
446d4753
4496bd42
44686cc6
449122d8
4493e893
4489b905
44aa5eaa
44334a83
448f954a
445feb96
4454918e
448b0e00
44507890
447c72ab
447d06b2
447990ef
448ff2a8
44655605
4459d3ee
448e71f6
44821202
448e6f7f
448ba91b
444abd48
446931f6
448f5c8e
4469fe8d
443f33bc
4485bda6
4463aec8
4437aaf9
445b1768
445efde7
4458ea83
4484645b
447d55d4
4437a9a9
44588000
4454b881
4494b2c0
445cc48c
4492e630
4474975d
4488fd32
442517f0
44840444
44679022
44606ea6
448d31ad
44709687
4454ba00
449b4153
445eb060
44274bc6
4481729c
44743770
4485eb60
4474b15e
4462a115
44a17716
445c08aa
448221a0
448fff1a
448e47ae
44848c58
4490d090
4474ac77
4498eeda
44930c6a
444e9735
44b8c138
4484f858
4481fd5e
4485fff5
4489748f
448a9a82
4468bc99
44882d09
4488803b
447903da
44934bd6
4488a3a0
448146e0
44886460
44880797
4479e435
4466a85b
4498ed4b
447ce248
4462c2e9
44a0858d
445b24d9
4455d730
4496ea87
448122bf
44a60530
4482242f
444d4021
4478ffa8
448bbccc
44b4c144
44506efb
444b5d1c
44a09c3a
44800eab
448c7f26
44704497
447f1f4d
448a2338
4437092a
4499ed03
4475fe1b
448b1003
448dd4f0
4445bcab
4488dea2
444e46c9
448aed55
44970e57
4470a14c
44505f52
44886a85
44920840
449c58a2
448528ea
449ad1a4
44958e59
446b1abf
44962ccc
447c9eea
447dbb02
4497334a
44662067
448cc6cb
4477226d
4489c91e
4480e912
4484e724
448432fa
4468f2d3
449e1d1c
44767202
446923d0
4483cc55
44807deb
448de299
445c94b6
4490fe9a
44908d1c
4468849e
44b62919
4468a258
447737e0
44938192
4485232e
4486add5
44894aa9
448336df
4477a38e
447bc0ac
44889b82
44479214
447ccff3
44a0b2eb
444a18e8
4459e32b
4485ecdf
4496cbe6
446d1921
4486b1b5
44945325
448b11b2
448091c1
44aa8a4e
446d8317
449153a7
44983d3b
44957440
448fd0c9
44939a6d
44924ad9
446a3c35
44947c1a
4477af47
44826f04
4480541c
44673379
448e1538
4463fad6
4479d7e2
447ca445
447247cb
447e20aa
4494504f
44918783
448328a2
448a02ae
4464edae
448d8b41
447dd634
444336bb
4444a9b2
44887b3b
4484d6ee
4491cb91
447391b9
446380f0
448046f7
44680bc8
449e9f12
445dcf5f
4463a9ac
44885864
4461458c
4481d40d
448a6500
447f29a6
44a3c7fb
4447d7b6
44820d73
4478d4d0
44836caa
449bd650
44536e8c
448d6893
44703712
447926c0
4489d218
44698c3a
4492a8aa
44785543
44832f88
44767fa4
4454c902
44962c74
446e9c9a
4482ee78
4442defc
44750538
44842ee3
4474a728
448d039d
44640767
4480f2ce
443b12a3
4482d4fc
4434ad39
4486cfbf
4437ce6f
4478becf
4486026c
44890655
4489660d
44814860
448a22af
446e46eb
4460ca6d
44868f35
4461204d
44a0189e
4467822a
448f2b38
44729922
4479e143
448f2b98
443e1980
4480b839
4460017c
446d5d44
448d0315
44418383
4458d722
446433c6
44602f62
4488a593
4446e66d
44580638
444b55d1
446970ee
4453122c
446f8608
447797d3
4469d82b
445d9ce8
449a7793
44344385
4439cbfe
44700382
44834658
448b4499
4476b07d
447d0d5c
44549ad0
445f1b2e
449c6946
443b5c38
445e2e8a
44944d4c
445a36ea
4499d7df
444a6202
44a5d50d
4477d19c
446ae0fa
44a29b1a
4468350c
4460d6a8
44846fda
444d322e
446a0e9e
44531b08
447c21a6
448a5bad
44541139
447095ad
446b2df4
44731073
447dd2d6
44561b54
4480c85f
4458f19d
44850e99
4465a1cd
44b20a6e
448f2711
4482e91c
4491c352
4481c22c
448a9f10
4481e1a4
449cc6c0
4489888a
44804c47
44945658
4478f4af
4487f7a2
44750906
448d1165
449f8291
447e50be
449f7c50
44829baa
44832631
44931bbe
446141a0
448a4c8c
448959e0
44834b64
44aa544a
447416b1
4487aff1
449ac8d0
447a62be
4486c054
44865fee
44abca89
44adfedc
4475742b
44b2dc76
4485c302
44412622
448c7f58
4473aa1c
448a02c9
4495895e
44526ce1
44a435f8
44874ecc
44abd1f3
447c9e76
4493dec7
4494e409
4478ae8f
44a907fd
445f81af
44817fca
4482f3f6
4469917c
44a4bc69
44803736
4486a7b3
446dd906
4478f46f
44a180bf
445d33dc
4483e64a
448ce31c
4495d77b
44923ff9
44916e9a
449a0a44
446e691f
44781312
449dfb88
44642a05
448b77b7
4461223c
44835d61
44865c4c
445b7e72
447b4e2c
448c4e41
4445b8a9
449169bb
44672ac7
445c9fcf
44845231
44579dc0
448ea2eb
4497f620
445ecdd4
4478b424
4485f137
4462e516
4463ce44
443f544f
448c21f4
44503aa9
448e0e4a
448e93ed
4447beed
448f6a47
447dca8b
4491cf07
447da9f8
446ab236
44809e8e
44894652
445dc48e
448c86a4
4471f291
4480b9cc
448babae
4477acaa
44338682
44943ac6
447756d9
443e2c7c
44a1dde4
4474b887
44a8b3cd
4498c8d6
44808005
44944dae
44773bc8
4489d4f7
447c36bc
4482c326
449af296
44707cac
4494e06e
449261d1
44a0ebcd
447ce98d
44a00854
44868a6e
448af0a7
4499a40f
448c43f3
44828f67
447ae08c
446e1628
4483361d
44889b17
4480b8ac
449f3484
4482c8db
44a59923
448880c1
44900ffb
44a808e9
447ec5a3
44afd799
448b0958
447fbc60
449de74f
447ccae0
4488c78d
44804a23
44834224
4499755a
4482d251
44730ece
448928ac
448d4760
44a09397
448ee98d
449bee98
445eb50b
449b1f18
44977311
448bf2b5
44a0fc6c
442cf65b
448c609a
449c6ec6
448419c3
44a19027
444dc9d9
449135ff
448ba389
44889533
44896605
447f1d22
44596a2e
4487e4f7
44871d4e
44a04b1c
4480c0f2
448429ce
449e3a6d
447ce501
449f2d60
44651db4
4489974a
4489dad6
4487221e
4490cd5a
4479eef0
448688e3
448c507e
447ef133
448ce5ae
448e9f7b
448d33b1
44a2eafa
4435a661
448cfdee
4479e7e6
4481f5ad
4487952d
44811c7c
4481c89c
447b71f7
44a44dd8
448b5c79
4485ba96
448cc0ab
44620436
4481a226
44acead3
44700fee
4492a03c
44658b1a
448a806b
449b1ecd
446d7d2b
44967c47
445b183d
447e606c
449f85a5
44534536
4479b433
4496be7a
44756e62
44997d89
446c2357
44ac7b32
4468f714
448b993d
449e5a62
4496c70e
44817d04
448bdd33
44835f08
44873e18
4456c955
449acabc
4484b148
4475e259
449767d5
44869ac1
448c8d71
448a205a
4488bf36
4494c3ad
4454cc36
44977cff
44ad8366
4497d98d
4468441b
448888d3
447a3949
448b4033
448bab1f
44457065
449a6dbc
445f625e
4481b10b
448bbc04
447cff42
449d89ed
447b8305
44906c49
448de0c0
448f8685
44a5c517
4471559c
4497f744
449272da
446ac22d
449602a1
4483a29f
448d4af4
4497c19e
44637e6c
44888fe6
44823058
4469b1da
44628aad
44568704
44a447f7
44937c59
4478406a
447aab9e
445e383e
448301f0
445bf3a1
449f2ca6
4489738a
447bc56b
447e89c7
4485d283
445fc56e
44ab7300
4474fb36
44a12cf3
447982ee
445a8e47
4496b825
44531b2b
4498b47a
444c1c02
4495bc44
4492d73c
445f6dc9
449bed44
4467ad94
448351f3
4495f783
446aa7ec
4499039d
44631168
44976346
44a84c91
44667d4a
4493e31a
44749fa2
44976b33
448383d2
4443caa2
449e6d8e
446310ab
44980951
446eb162
4456db2c
44a27927
4455c60b
44742ccb
448f1378
44620651
449619a2
448539b6
4482d026
44801b5f
446d10a7
448556f6
44678109
447fef93
44707a69
44507b87
449e2687
4454c383
44772c07
449a1eaa
448e2779
44829571
445c238c
448b0649
44854335
445dbe28
449c29d3
4460c98f
449fa1a3
446dc2c2
448416b7
44575cdf
4478a176
449c952d
446eb4ff
4450a61e
448280a9
4452fb9a
44680b0e
447c1eeb
44528c72
44b7f6b3
446e40ef
448da95d
4451ef53
44527b4a
448f4939
447e4873
446aa15c
449b6df7
445c9d42
445af372
44630152
448cd894
4463c3ba
44834fe3
447610f8
448265a0
4434dd18
4455e49c
44525dea
446b450d
445f02b8
4447f8d2
447fb1b4
4467e9b7
4471e3ec
4489298b
446095bc
4470711f
4489d6a5
4443857c
448479e4
448839df
446832ae
44854ef0
4451f990
4445d62b
4496d227
4473da0d
44767194
44918541
4437ff5b
4472a581
44787e2a
44928395
446e9d11
44794798
445daddb
443c8520
4452f6b9
446b6cda
4469e346
446ea6d4
441ef48a
4494047f
4456caeb
44673f39
446d8167
44456b8b
44632a71
4456463f
4498eb36
446d46ae
4472dac9
447266ac
446c8a11
445424e2
4467093d
447e5c2f
4484dc5a
449ab678
447753b2
44888bd2
446bff79
44a08d24
4483bc91
446328c7
449b8d9b
4452f325
44578ee3
4475725a
4426827b
4467c218
446fbd4b
447456a0
446b9649
44544af8
4451eecc
445cda8d
446caa88
44584070
444d0669
44947650
44448b6f
4489ae9f
44531708
445bc1ce
4486a9e4
44509c84
445f598a
447d238a
4463762c
444d5710
446b5851
4456bbb5
4466c117
4454a515
449373fc
4428741d
4445b432
4465c84f
446bde06
44801955
446ba263
4451b574
445e7c3e
44459a1c
4494fe56
44728c1e
449ab5a1
4490b807
4482e25c
4482ac6e
4479f839
44663dbc
444c576b
445f283a
4459457b
4461ff17
44853045
44591fd7
4463a8aa
446e7ca1
44445bfc
4461080d
44843e5f
447df085
446361ca
44a0e997
44891eba
449cec10
444a1558
44732525
449afa15
443e5e4d
445b0855
4471b695
446e8ed6
448576cb
44804b0b
4492506c
448c73bb
446761d0
44a3348f
444877d6
4454b95e
4471b1b1
445f875d
44a080e2
44659dc5
4498940e
4484764a
44676402
4479c1d2
442a74b9
4482d81b
449052e1
442b5002
44a0b75e
445a4e16
443a2781
4499ce98
4489ee0c
449ad1c3
445c0621
448f33a6
44755147
4448ebf9
4448b00c
444c1654
44682829
444a3cf7
4467e631
4484081e
447d6b98
4454fc70
446efa05
4449f069
4486a255
445e3eb1
4462c561
44828499
44510cd1
447ea063
445a48ba
449bf142
4470a725
44550f82
44927031
4462e13d
44865056
4463dec9
446bbcbd
447b0538
4484e1a5
4487b18f
448253c4
448cd91f
448c1e4c
445eaf0d
446d92df
44644a24
44661593
44ad86ad
444aa0c3
44897e6e
4487deee
44733b19
44602824
446c0cf9
444e04d0
444c3a3d
44834182
449e0041
443bb0f0
4474344c
443afa79
445815b3
44a68493
445e999b
4467a9a2
44408a7e
4464b53d
44491f08
44736d3c
44815a0f
4459eb12
4411d8b9
4496910a
445afb06
446467cf
44893cbd
44654a77
447c9856
4446bfdb
44baf0ad
4444a739
444ef818
4484c459
44601a9e
44888631
4474bcba
4439ffdd
447a1f3d
443f19a0
449067e0
44764b43
4443b926
44995235
446f3ab4
445f1e65
445dd404
445b5c3d
44adc09b
443e3af8
448af40c
446419f4
446a4594
44794450
445424ec
4468c2d0
44464120
44804e0b
444e3018
448275da
444369f0
442be174
4468daa8
4455411a
446fb8e9
44473f3b
4456e788
4467c5cc
4461a713
444abdee
442e3e15
44740d9e
4485c659
4461809c
444be84c
446ca8a1
4452980b
44808271
442b8d2e
447e10c5
446140ec
44593c15
4486cc8d
443be007
44699d1f
448c3595
443d80a3
44761813
4459bc29
4439d61c
441e7f8c
4433b104
445ff0ca
444542cb
441a3ae4
446afe29
44670130
449c1124
4451c747
44529fca
4451808b
442c0da1
448ccad5
44625116
447c1a5a
441f6a6e
4439f11f
44968b1c
4483827b
446c0c35
44577c83
444a860f
4486e6ab
4452873f
446a8679
443b4a2a
445da792
4489f384
447cf270
448afe9b
44232739
44421e07
447fdb50
445966c9
4448ea52
44533aee
44881739
44863eb8
4438adf6
445d5f3a
44620d42
44375ce8
44918294
4416d506
4475a6a4
448a3f37
443f9a95
446ff585
4451a75c
4452ac50
442757ae
448dc9f2
44570036
442b6d87
4439039e
44613b75
44237107
447dd266
44671890
4449ef88
442dd044
44367470
4484eec1
4458ea03
447582d5
445fa53d
444f9022
4449731c
446744ed
44670b7d
4483f406
44645b24
448717cc
444401f7
4480500a
446579d4
440732d7
44987b2a
443ff204
44689595
445ae5c0
443507ed
4481b040
4428c823
446f4538
447520fc
445d60b2
44523887
446faff2
4468bab9
448e4a85
4499eb92
44319fc5
447c4858
4450be88
447b3f55
4474c06c
4473309e
4465567d
44238616
445cd946
447c37f6
4476b6ab
44877de6
4486f6b4
446f9640
448013e5
44689ef1
446af782
448df432
4480d0e6
4487f734
448c4ce7
4493b59b
445b7eb3
44738c48
446f7084
4482f542
444ffcd5
4482dfb0
44794d55
4491aa25
448239ca
4462923d
44597418
4458ec8d
449a7554
445f8da7
447347ac
448336ee
44723a99
448a4ed1
444d781f
4482a5e7
445f63ae
448a18d0
4475cf07
445a53bd
44829fca
44668c01
446de0f0
445fc459
4446ff4b
4438d89d
4465cb2d
4481b224
4497d12e
44804be4
4460c214
4488fb07
448446b8
4474effe
4457ac5e
446fda68
44726c18
44774ddb
4497aad6
4462eeb6
44652a9c
4481e2b7
448c085e
4487bd57
4450479f
444275a4
444ceb6c
44426b2b
446c7eee
4465f987
44852b23
44568465
44860870
4442942d
44554368
446a0fad
4424d63a
4473c688
449a8c0c
443d40ac
4493c614
448b1bca
446a772d
4462f7e9
448279ce
44676fd0
441ebc9e
447249c3
44977889
44430a6e
44611ead
445e297d
444dcf13
444c3c16
4473ae79
448cf477
4468d70b
4480a68b
449f6999
445f6c23
44914b6c
44883921
448b4f85
44864a02
44814b80
44915bab
44419a8f
446b7682
44807840
448a1a61
448c4323
4435fa57
4489715b
446b791c
44419c6f
44697833
4467f50b
447818b9
4475e060
4431cbec
44729cbc
442a98a9
4460ff67
4430db22
442ad686
44275b37
44271243
44813577
4445c206
44518aa8
44488c58
4425c7cb
44824cec
44400ab0
4445b168
442eedde
444327b9
442aaaa6
44302901
4461fce1
448d16a5
4456b2d3
449299ed
443e4b37
444363be
44498f0f
443458f3
44806ae5
4438e0dd
44419adb
44152055
44114005
444afcd7
446dda5d
4438f26e
4468b618
444dd620
44678705
44312fdf
4427c869
4434212a
44398f50
44593fad
4449a42c
442182d0
444aef24
44478514
4426e6af
444edcd9
442c0517
44453db2
4430d094
445fb1d7
44311950
44617c88
44599ba9
44361d42
44640a3c
44294dd9
445cf32a
4432318b
444dc843
444bc6fe
44356196
4442f9e7
44529595
4442543f
44614d45
443f1eda
4439b4c4
443861fe
44310ffd
4441efda
444269c3
446a029c
4450f97d
4431be98
4446f976
44245774
443ed714
444329d7
44242b64
445983d3
44319b62
44298a34
445af3ea
444397a6
4466733d
4422f65d
442c1e0b
444d10e0
441a0e4a
44407c51
4459da06
4422f5f3
442fdd47
4459976f
443ad81b
43ff76d8
44791cf5
443b824d
4459e348
444e965f
4441249f
44611a84
44359414
445473ce
44344a93
445c6f61
44666977
44219606
442370fb
4468cd81
44413a40
44182c30
444e475d
444ace6b
449069c2
445f0797
44563658
44466f2a
44277cd7
44910a3e
44357ec1
444bb7ad
44669346
446d60ea
44699bf8
447f3d94
44a460f6
444f02cb
44a20727
44708a85
4489e16c
446bd7cf
447a3e80
4480cea5
444a4404
449541a9
448adf62
448c9034
448e7eea
4483a454
44875b59
448a8565
4480e50e
448a4fcc
447c70bf
4494e085
447d591e
446b4148
4496d2ce
447044cf
446f6d2e
44876142
4487c3d8
44842d19
44751643
4483d9c3
448c352a
4489c591
44990647
446e0007
448b524c
44a0e7e4
445ff956
44792e2e
4474ca0d
4444c11a
449f3396
4454f676
44a76995
446e88b1
44897849
4489c09d
445e35ed
44a716f7
4477a574
44890222
446b01b7
445795b9
448205da
445ba870
448b454b
44995ce2
445e661c
449f9bd8
44624f36
449d5805
446eb304
44656fc1
448782eb
448631b2
4484c841
4489fd5b
4470713a
449b031a
4481fa65
446d52c6
4472878a
44807325
44986e32
44822b68
445502a0
4470ee3c
446d6e30
4496b7ca
448d325b
4486547f
4479157a
4452cecd
44a9c3d6
446e3a26
4463418a
448afd45
4446a1c0
44914df7
44903e27
44510408
44798121
446764ce
447a7fcc
443fd5d0
445da83d
44ad036d
4413d3d9
44902447
44714c2a
44615f96
447ec71f
448414c7
449a9f16
44373612
4479755c
44ac86ba
444d406e
449b6342
4487f373
448394f1
44847298
448d5b32
4485761d
44711569
448ba0af
448a4297
4491f4a0
4466f25a
445e6568
4465a00d
44641cc1
445fb707
449118e8
447fd47c
448f75d5
4481776e
449d10f6
4498ca1e
449ec7af
448b92f5
4497ea61
44976c97
44839743
44a7d25f
44a3bdd8
448fb904
447ebfbd
448202ae
44991286
44ac75ea
449c3a48
44a3c075
4483cfc2
449bd952
449e1db8
44970901
44965549
448ceee5
44920441
44aa1bb6
448efa34
4499fda3
4499e6fa
44a2e0eb
44ad9311
4482254b
44b06842
4470476d
448af58d
4496a1e5
44948db2
449b10ed
4485d717
4497727d
447d22ef
448923cc
4493bcb2
4480b734
449d7235
4457fce2
448b683d
44b4fb9a
4495313d
44888493
448d3265
4454401e
449e1630
449524b6
4488bfc9
4499e1a2
448e033f
449a1fcf
44873a02
4494352a
44920e76
447fa060
44bc2f99
4499cd91
4492df16
4479355d
447529f8
44a66dcb
4480bc80
448561b2
44a524d7
4484dae2
44a41c77
446f71ce
447cb1b9
4497a22b
4492a32a
44b0e3dd
4476a5d4
448e5d68
448e48dd
44894fcd
448b3bc2
448d6888
449b0a15
4479f817
44b04c8b
44955368
445a7961
448c0306
4486489e
4480db22
44b4a5dd
4475f512
448c5aa8
4493a7ce
449d7d4e
4486213b
449163e3
448e7a9f
44827f96
446b98f2
44b3b302
446ced92
4481f706
44aa12ed
447e7489
44af36e2
44651b0a
44bbf22a
448a9bfa
448adda6
44c3082d
44984817
4487741b
44901800
448120fe
44ae1ca8
4486b14f
44a5a7c7
449e20d1
4484cae2
448e74ad
44716251
4485d004
4484b2c2
4488e33a
44b2b454
448350eb
449de748
44806718
44c9d072
448d60ce
447319fe
4459d016
4485b52c
446a4a0b
445cb157
448c386f
448a621b
447f9aa6
44b0536c
446983df
44a12cae
44817f7b
4487e66b
44ac7062
447d3a89
4480acff
4480b3ae
4478ee02
44a86a43
4473d845
44a29dcf
447bcf9b
446c2a2e
44894110
4460d128
447b8095
4491ae15
44745dc3
44887401
4472bf3e
44960722
44950bfe
4465dbff
4495cd55
449e0196
448891a8
446cbcb7
4473085b
44962092
447a54d6
4457e8ad
44758a2d
4485833d
44ada68f
4462ec8f
448d3f27
448dccb9
44865166
44a299b9
44665fd5
44ad8603
447a2d01
44900b22
448bec2c
44968427
44a2f12d
448d08db
449085b5
44ad7b7d
44767abc
4494d61c
44686870
448ceb21
44ae5e26
448d0a62
44950988
4490ed8c
44783e26
4480c022
4439c52d
4481907a
44765e7c
449361ce
44922483
4464769c
449dcb88
447e76d4
4473513e
44a8ac37
44693844
44763331
449882cb
447385d2
44928633
44553eea
445945db
44616abf
448ca276
4497f223
44666331
448708f7
44811b43
448660d5
44c14ff2
44894320
44585f0d
44745e41
44735b17
44b0cfda
44490637
4492f57c
4490defb
4480bf11
44a1277e
448c46fe
44762604
4492505a
449b9f6a
4498b9ae
44652fcb
449b19fd
44855f16
4458a698
4483abac
4484f102
448906a3
44722fae
4476a071
449103ae
4439af79
448f9f62
448aa8fe
4473c67c
449e1332
448d9a47
44964df3
4485cf3a
44af974c
444663d3
4456fadb
449f5819
44804006
44850637
443e9d3b
4420ad3a
446dbe3c
4479e073
44898d48
4489808f
449b0562
44965107
445a928c
449dd362
44871bf7
4461af29
4489c422
448d8d50
448ed1ab
446fe007
449387f0
44843e7d
44673338
44973a94
448e7104
4436bea3
448df656
44241b2e
4472cf82
447f8e53
4486e327
44952e05
44820975
44aa0608
445b84fb
4443d9be
447a873e
4484bbf3
448e1ff5
44496591
445a5dca
4479957f
4483352a
4485aacb
4450df23
447c98f7
446eb350
4474c008
44646392
44492ed3
443be657
44807e2e
4470836d
449e0b91
446a974c
446ea8e0
448c2ca2
44733034
4451ba9a
445efb61
445fb409
4498f3f5
445065f0
449836e9
447e27e0
44544087
44993257
44730748
4489173c
446efd74
447c4116
4488b325
44629c37
4476075e
447b9c37
446caedc
4485f265
44601a6a
4490936c
44442b70
44988d6f
44751bae
4458ddb6
447c8aa6
4433138e
4479e688
449ce506
44498ae3
4456aebf
4416c5c8
4484f72b
445fd6e1
446b356d
44ae9e8f
443aae6f
444a70b8
446523a9
4478ea6a
44886a72
44896306
448ebc83
448cfe92
44626632
44b25db9
444e2af0
446eee57
4494e386
44873c3d
44898a1b
446bbcbf
4480d42d
447cd613
446c0c4e
44a10e10
4463669d
4463118b
446547ad
446e2451
4481f1aa
4439d58a
4479ab10
447cec31
445c9721
44802f12
446a6dd5
445af96c
4479742e
444b4725
44677693
445ab87d
4456e631
443a68fd
445821b0
44732ae9
44530796
4481e198
447b4b9f
4482416f
446d00b5
448ae91d
44271bcc
44728a22
44a0a904
446215d2
445ff791
4488f568
447fd006
44a13ea9
44589b10
44324c15
448707b4
447b2560
44ad277d
445370ce
44365f7e
4454f46f
447f644d
4488413a
4473477b
4445a3ae
4452105c
4440d47a
448a11a1
4463fd5c
4456b574
445bcc77
446f3aa2
442d73f6
4455dab5
44788590
448be41d
44694b4e
4482bf7b
4460a240
441ee235
4472c3b1
442e5a0a
4460b712
443aea1c
4466ac93
4494a961
44561cba
448fba4c
445cd93d
4463a75c
449029ec
4466184d
4480a8c7
44491a40
448c81f0
44555508
44713069
44875cee
44374871
44812991
447ba105
445544d1
447bc4fc
445eda5e
4446a100
446b5089
4450484b
446e9681
445b7824
4473e721
4477a74c
4450050a
44691843
4463418e
44429506
44478de1
44527c51
444fb55e
443fa95b
448f8f97
443bc63a
44286db6
445d99b8
44368830
4443cc74
4483120c
4483adba
4456e378
444c4da8
447225f5
4470c940
443aefeb
44980d37
447083f9
4469dd68
443dbc0a
4485ebab
4492bcb2
446f58a0
447c6843
44865581
4466b5f4
446a7738
447778d7
44481afa
4465938e
44636bb5
448b17ed
445de793
4460030e
444e6137
44582280
44953afc
443867f2
4493fd2a
44660fb6
446c3839
445e8772
44645f23
44902e91
443147e7
44694cf2
447989b4
4461ea63
4451c59d
447564a2
447f7039
445b70a2
444baf4b
4480a2c0
446520cb
447a1cec
4456d15f
446ff06f
444add6c
445434e5
447d59f9
4457e74e
448628ca
445d3692
44631f8e
4480fa46
44514cb8
444ab335
44441ef6
445d899f
44573a46
44805539
4444f66f
44375169
4473bb85
4482cf9b
44494311
44637a48
4466160d
443c6b76
4449fe49
443bc490
43f58933
444fb998
44439126
44840a43
445494d4
447c5a04
443ce68a
441c902c
448b3820
444440da
446785b1
444ca982
44538a64
447a741e
44416df9
445fbc9a
44658edc
4471d7b2
447de5d6
445e0403
44880d91
444f2001
44499895
4486ce07
447bee84
444be9b9
446dad5a
44719a0c
44422fcd
445bbb70
443b231c
444beec5
44449423
44899848
4449d841
44332961
444a2865
447f5e56
44848be3
4464a11b
4458e613
44539882
4456b9f4
4486a138
4480ebcb
44225d52
44676ea6
4478549c
444ea075
44869ccc
444fee82
441cbb52
441cfe00
4446cd0c
44414cc5
4423f31a
4458e489
43f481f4
44881e96
442a915b
444f7cb0
446c6634
4450630d
44573308
44482146
441eb16b
448ec132
4414dbfa
446fb0f0
44805f93
4466fb76
445fbea8
444bf10a
44753e6e
447620a4
44524a43
446f4ae2
4478502c
4470ca88
445a61b3
44594a0c
445c08b9
443de683
448245d3
44556d8e
444bc15f
44557bd0
44a8d5b4
4498351f
448428cc
44808092
448bc4fb
448b5526
448309a7
447d6526
4485715a
44718ed2
44930de0
4484f87f
4492f83c
449de24c
4486141b
44a4871a
4484cf3a
449780d7
44926736
4485ce75
4492230e
448b5dfe
448d7d4e
44a5487f
44864d80
44a0539a
4497c4f4
448b6178
4494e636
448caa6d
448fb553
44768da5
4497636a
4497771f
44905984
4497d937
448fcffc
4488011e
4474e844
447435c8
4492d457
447a3c44
449f863a
44803baa
448e065a
449869bd
44b2b0bc
447b6e0f
4485d81a
447f70e1
448fde05
449b81b0
446182a3
4498d50f
44651d85
447e54af
448e6c7d
4495a7d0
448471eb
44652cf4
449a725c
44a318a7
4478fc60
447bab5a
4478ed26
44a61a05
449dd0c8
448e9ef1
4499717d
4487a0e0
448d2330
4473e218
4452d1c2
4481fb21
4470f3a6
4489f4b7
445244a8
448e9bab
448d96b2
4467924e
447d5cca
448927b5
446172b8
44738c2f
448d4208
44656926
445ee958
44851ab3
44610e18
446cf54b
44a7b1a6
446faf38
446ef0f9
447933cb
4493e4f2
448818de
4492d3c9
4492f19b
4480a63e
447a7246
44997a31
44733a75
44549b0f
44acd786
446aadd0
44a25c7a
4468801c
44a034e8
444ad64d
448b6905
44a6c758
448f38a2
446cf558
4487eb88
448ba0b6
44915e46
4485f661
447ac33c
44a2b244
4489966b
4497c5d9
448b3a0b
446441cc
44956d29
44860792
44a1272c
446a4894
448884b9
445829a0
4470c3d2
4474928c
44646d02
44561d2c
445556fa
44905c0a
444014e6
4450f516
44601151
446bf23e
4473bd7c
445d3d65
447222fa
44811fea
4467a780
449758e5
44858e52
44705628
44813746
445f7125
4482d0e1
44644e28
444d6770
446d11c9
44712408
44828453
444578d8
446212e1
44548054
44538e07
4452914f
4435d928
44776945
4490e5df
4445723a
446dfb1c
446630fc
4454fe06
44513753
444a139a
4489b53d
4469a9e1
443c4550
44743e28
444a36af
449c6039
445929a9
44576f13
448cb23b
44845fea
4492f3fb
44400857
4488f72d
446cf6cb
446cd1cd
4479f10a
445cf189
44809b4a
44768f35
446cd499
448e9665
4433cb57
446fc668
4462f70f
446f9144
44a91fe5
447078af
4478fd30
44558f5a
44471de5
447d6b0b
4443a4f8
44473605
4466dbe8
44580c47
445a2ab8
44328f7e
4460d668
44433c18
44632d74
44583116
4471caf8
44412187
4473fdb3
44522693
448ba887
4464a037
4452a585
4474187c
4463d7af
44759927
443a2f78
44444e0c
446afa6a
4449b3f7
447bf30f
446737c0
4423cff0
4468b8b2
44523376
4487d006
4442be52
445afa3e
4480b294
4444807d
443da521
4482d855
44579669
445ed0d2
4477772d
447d6eff
4428d3bd
44685c83
4467b672
4441f236
44611228
447d960f
44696c30
44843fd8
445498e0
44738f05
445500d8
446f2ea3
447baa0e
4469efe6
448a6488
446a6136
443b65cc
448136d4
449e9417
444c78c4
444b4c86
446410f4
4489bde3
443a640a
44838330
442c4dc3
44758730
444daaa9
449bb2d7
447fee60
44904e61
4472ea98
44852bb7
449c054f
44638c06
4492a720
445540a8
445de9a8
4490a837
447253b9
446f8542
445bc32f
44451153
449d10d7
446de53c
4455bb93
4466051f
448a73bc
4450eb50
4483fe26
44566f46
4476e06e
447228f2
448bd624
446a90f3
446f590d
4456ab79
44698733
44a5217a
44333a57
447106c9
447281b9
448766ef
448d0d7f
44502446
44872681
445c9363
446a9af0
448fc236
446a7baf
445a35cb
447cad05
446817d8
44a2ed4f
447d4056
44807c64
44736eb4
447f75bd
4499e6d2
448208ed
4460738c
4485caec
445dc6fa
4495a763
44867f0e
447307de
446549eb
446f791b
448b5237
44529696
44811fd3
448a2b3d
4468b1a2
448f07d1
4438a0c3
4453444d
4465addb
4452baa6
44820d9e
444a6c5d
448912bb
44864dea
4423a505
448a8e84
445410f4
443e1621
448ad231
445e9208
444f1dac
4446ff63
447acdbf
44600fe3
4476fb48
448429d8
4458bfe8
44658e9a
447f3eb7
445f4371
44981617
4474a9fe
44649765
445eab35
44603764
44aab041
44493691
4448949f
44864567
448b890f
4485f85c
4465810f
44809f50
4445185b
4471b6fd
44960620
44867d0f
4476a53a
4461ccce
4448420d
444076b8
4477205a
447b48ca
44763d35
44516cbe
448dc994
446a3282
448a2d65
44865304
446a06f4
446c8383
444114cd
4430fdae
4453ed05
4484061c
4464ea46
446cb0b7
4475f6ea
44622a5d
448f0def
4434c7f5
44802062
446e88be
4446fac9
447e939b
443a7070
448585a3
4473b034
44679d5f
44869244
44571ecc
44343fac
4495a75b
4469fbf2
44a907ad
44628bf1
4441b261
4468ae5d
4469354d
44b181c8
44864bfe
4455ad9c
446c9ad4
445648b9
4448e6b0
4466f85b
44513fc3
449011ff
446a8823
444331bd
444a3b8d
443878df
448d3356
443f754d
44803288
4448dd60
4437438c
44888bd6
445cee5a
44927c28
445e8208
445b3bfb
44879985
447cab55
4480d119
4457f904
4486ef8b
448dc980
446f10af
4485ec7b
443a3168
44770f4e
44ac556d
4472ec0d
44a13395
44521808
445a273b
44371675
4434bba1
449b52f9
444682fb
4461c13d
444bed3b
4450925d
448816e5
445998cd
444bb684
44852333
4441846b
447ff45f
447e98b3
443d62b2
44759589
447c4f4c
445e6098
44318774
448451db
445959ee
44385b00
449360fa
44539311
443b17be
44868dda
44903744
447715c9
44203d00
4486dd76
444bf2c5
4451f199
44971dfd
444b88ac
44725390
4465766f
4482128f
44854ae3
447e6fed
44818d99
447efe02
44201a0c
44a47078
445877bf
4442df0c
44634c1d
4481ab32
449d11fb
4444bc02
446b3329
4483f7e3
44650aa2
449c8c19
445b9565
44776c01
4483e0df
4433501f
4447279a
448a7389
448969df
4466f36d
449431a4
4447de4c
4473549e
445c49f8
4485d93c
448e20ab
446d3355
447c3147
446a7c62
4470d7e0
447ef14c
4482078e
44810a16
44819a3b
44765da7
448e2087
445e086c
447f6713
44853b63
4466660b
448bd96e
444a0dc4
444c1833
447bb882
44830d42
448d56bc
44819a58
446e1b7b
4483845d
44730328
449fa057
4479f7d1
44973118
448d20b8
444b154d
448a1133
4467ca4d
4459eb29
446c5a01
44464f29
44822201
446cc5ff
449299cc
44741fec
443bf8e8
449f023b
44579bc9
44956c1c
44690aad
447dec82
448e8e84
4481a6d4
444fe686
449534ab
448709a5
44a33276
447aa82d
4485d410
4485d8ec
442b635f
449f24e8
4478f2ce
4491923e
4483fae0
449562bc
447a7048
444df510
44777441
442b967c
447d10f4
44821dd0
444f01d4
44798804
445055bd
44970755
44768846
447db204
448bd860
4461af15
446bc22a
44a3a8a0
4442b882
445bc028
44631e40
446502bc
445867f3
446a61c1
446f40e3
447cec82
445fd9ba
447efe62
44503623
446f63a1
4489664e
44485525
4427d11a
446575c8
449f774e
4477ebec
4476fe91
44784339
4471bf4b
4477c5ff
44862602
4451d8ad
449343e9
44891051
448a0ddc
44694870
446f8a50
449e9edc
445d4d2e
448123ee
447ffe40
448bdbbc
4488942a
444e1ce3
4470ce19
446c6a0a
4485e62a
448baba5
446e1d1f
448a31c2
44829722
448f746c
4489e082
449a068e
448c8608
4498c819
44b95e2e
4476f8d1
449e12cb
447b21eb
4479ce3a
44804934
4473f66c
44746cbc
44993b86
447d0e92
44bb286a
4469c4a0
44971dd2
447cdfa9
44888a78
449a192d
447946c0
44939117
44acebc3
448a31aa
449d8f2a
446a3067
44855a62
44a6a744
446c6d62
44a1887a
4473d245
4467b39b
449dc49b
44987259
44a142d7
447ec91f
4485a8a2
4477d61f
4483ccba
449b650d
4464bd7b
44900f66
448adc7a
446fbdbf
449e3dd1
449deedc
4493b65b
448c24b1
444ecd87
44a716b8
4498874f
447e751c
44863576
4463f865
448b5716
4467cb69
449820e9
448fb1d3
448a1981
44b3b1c9
44910360
44855f8f
448b3ebe
4477eb14
44a07f34
44a24c0b
4489e782
4494845a
448003ff
4496df02
44732302
448238f5
447fece2
44722120
44b45b62
446d06d8
44640186
4492a292
448fa913
44a30542
4454cbaf
4484c9e0
447612af
44b3807c
44828215
44847781
448e990e
449aa94c
44997118
44b729b7
446b3d63
44815d87
4490f431
44876d03
448847c8
4469666b
44a5f7c3
4454ab51
445b7bb0
449984a3
446ea442
44812a7f
448f165d
4448a953
44a9c40c
447c05a5
44a1d28f
4497bf19
4489dc2d
44ba2c28
44738388
446ad39b
44882fe2
44876a3c
44733bd2
4475b42d
4479f38b
44a5c12a
446c5b86
4494503a
448ef097
449319cf
44810244
44874172
44c4cf64
4492473f
44935b06
4463e57d
448115a3
4461b85a
44496c4e
443d3058
44508d1d
44813846
445a435f
44610aa9
4466660c
445e0bf1
445fb4b7
4454db4c
447baea5
448ba1a2
4448f609
4476016a
44655c07
44794364
44919997
447489da
447dcb76
44721649
4475ad37
4476a011
4467883d
447fcdcb
4455eecb
445be170
44474c05
4469b135
4449c8af
445aeb01
44799182
448da2d7
4444f626
445a2f28
445c9d22
44551d15
4452f79f
444bfd09
446ba8dc
4463fd22
44552230
4474901d
4468a70b
44a19248
446cf4a0
44163822
44648602
448c3292
4483cb56
4434b467
447f6e68
448712c3
4446bfd0
449008d6
4466548e
4487d13a
4459df6c
446e156c
449f3533
4448735f
448fbea0
4482806c
44809add
448db5d1
4472a685
4480bcb0
444d0a90
448007e6
448d578e
44288fe8
44611c41
44766a56
445e21ca
445e3d55
445bccd3
4484cabf
445a54a2
444b79ac
44a5fa2b
4465918f
444c491f
4447d381
443b438f
4463ff46
44464b4d
44228482
447393f3
448d08f6
44542e21
4404915b
4460d4b3
44920782
44580b2e
445f7f92
448012ec
444d6205
447c637e
44744617
4477c1b1
442ea783
445f2d9d
445c66af
4453aa0c
44622c03
44808285
44474e1f
4448a5e5
44815da6
44898cae
44711681
449072a0
4465528b
4469591b
448bacba
4415a332
4488e4e7
446749e9
4448c6ab
448eebf3
4445cd6d
443bcf23
4485449b
4479218b
4488cea7
44504cb3
44752e83
448d30ac
44954d53
44403703
4486ad5a
446149d7
448d9ec8
4471a606
445a9c3f
44750487
448473e8
447aaf92
4483501c
445ea68c
448604ec
44870dfb
445558bd
4490f5d2
4489afe7
44482dcd
4482a359
446974b1
449a01c3
4476f6bc
44866e7b
4469e8d4
445bde0c
44a1c016
447cf5cc
4476772f
4477d12f
44523f82
4486b43c
445e03f5
44817f8a
4484345b
4447e1b2
449d5866
447c3779
448a2b0e
446a04b5
4486e2b8
448eb350
4426c1a9
44832a90
4467d7a3
4483b159
4483e998
44513067
446b48e1
44562843
4496064b
448e4227
447c1577
44529918
448ab8b2
4473bac4
44a6ee85
446de346
446a6e4b
449b2da7
449c4aa7
4492e841
446a2729
447d17ab
44911f97
4446517b
44a725cb
448afa47
448cd45a
446c4490
446e731f
44934e6c
4464d73a
4481fcde
447f4f86
4455e23a
44866d6b
443c79ba
4482c5dc
44744590
44691ea6
446a5324
44457ce4
4483fc3d
4450a715
445bb4ca
449be522
4438e173
446bd7b2
4486152b
4462e34e
445c2829
44539772
447807f7
445b0246
44650872
449829b4
44499529
44846451
44801acd
447b14ea
448cdb76
447a25e1
4484ffc3
445fba06
44716d24
44ad551b
445e4218
448d38dd
448b7e91
4479ab86
4487ea97
4480f8e7
4469e9d2
44461f50
445e9804
449a4c7f
44623aaa
447bc973
448763a4
4460e840
44680716
444139a5
4490de29
446ab38f
44646a26
449545c7
4479fa03
4485031c
448d985a
449b525e
4459b34c
446bba16
446641fa
44704afe
445b43a2
44698c19
4425e000
44636626
4470b4f5
449772f7
44760417
44689295
4471b67e
4493b870
4498ce74
44560e30
445db46c
44848d91
448a1299
447b01c2
4477c550
446f1c0f
44883686
445e5fd4
44994b07
44865732
444e8647
4442d3dc
446d7311
44ad9a01
447f6ad2
4476c0cc
44650aa8
445c803e
44820dab
445e4d2e
44597dee
44691a0e
44880e23
4459c50a
4475f5fe
4467b4b7
449d475e
446150b0
4493c6b8
445671f8
446db482
447d4c6c
4468e4dd
449a84dc
44653902
44846771
4489c4dc
4484f439
449dcbfa
44623fc5
448a03a2
4494b31f
448567cd
449ab2f3
445c38f3
44772bd1
447b75df
448281f8
44927c55
443aa18d
44710f71
4487fae7
44670341
4489cfec
447006a3
444e51bb
44905dc7
4468b4cb
447e8e75
445b5408
4463a6e0
4491cfab
444a23b1
4483e512
44750c4b
4471e6f7
4447efbb
4489c013
4473aaaf
444a2775
4496c3ba
44808d28
445a4cf8
4471b132
4459e7e4
445b794b
448eab8f
4495af67
4456ee60
44671805
4455234e
446e8e79
44651414
4491436f
4475a80f
44882ca7
4470cbb4
448503c6
446e65dc
4478c4b9
449111f9
4482e9f4
4464bf6b
447ec36a
444fcf4e
4435abc6
444aefd1
445449fb
44bd1b97
444d3d72
4458dcd7
444000ae
444e08e5
4497682b
449087ce
44704148
4485b0b6
4459ed5d
4435b2e3
44539e03
44780d4e
442bc724
4483f149
44483676
442aeb09
443e8fd4
4471ecaf
444f59df
443281fb
4463ba6c
4453dc13
44745abc
444f2aee
4450e3b4
44309029
444ce58e
44431f3b
44588eba
444c8a9b
446f818a
4443dc06
445902ee
447a1293
44228ee8
442e334b
4464076c
44636085
443d73ec
44383d72
4456578f
4412e749
444e3377
448acc9e
442695c0
4452f79f
445e4560
443ba6a5
4441e338
443ba1da
442d19e6
44473173
442d965e
4480d859
444542e8
44638532
446fb61c
4429ac72
445a8a15
44249b33
445eaab4
442824fe
4444e299
44374028
4422d7e7
446646b0
4455cc63
444249ce
4464e11b
444eea61
448bcdbe
443fd319
44330440
44735f16
445a920b
443c9744
44748359
444b4e1b
4435ee38
44769645
44525560
44417309
44351def
44606dfc
44568177
443da8ad
444b857a
443637d7
445a6d38
444786f0
442dd292
443f4b3a
4447655b
44463c11
440bf12a
445861dc
4448ea3b
4434fafc
44334279
4437f0e5
4436309f
442c4b4f
4438a7ca
44679b5f
4454ce64
44396c27
4477a147
4435e8f2
44691abc
4447ed10
4446f7c3
443f738e
44621d40
4466d030
444767eb
4438cfc1
4477abcc
4447139e
4468ef5a
4472e125
44505953
44468daa
44540fe2
445e134e
4436af48
444ff330
44424b7b
448c0dcb
448499e5
442a4100
4473d215
4428ae5b
4418402b
4481311e
4434d76a
443578f5
44647d70
449da3b4
4494f056
449c88af
44950231
4489ca49
44a491f4
44858ee1
44926800
44916768
4462372a
448c2437
448428c7
4487f1f6
44985756
4480bab7
44a3c309
4478d024
4486b501
44a86f99
446528b1
44a524ca
446c2346
448be811
44983e3a
4484684a
449d1ced
44640193
4495486a
44b24cb9
4454690b
44988cd1
4430e311
448021f7
44a59711
447bd49e
448cdc76
4487eb94
4480e68b
4484976f
44605485
4478b525
446de1e8
44a44d37
448026f6
4447315b
44a1b748
4482747f
44898e08
446e5f88
44575ccd
449f1a4c
448c40a6
448781a9
4483ee65
44722f05
4480f838
445c59be
4465e289
4483a226
4488095c
44a3821e
4484634a
447c75c1
4483ab1b
447d7b43
448b27be
44834773
4486c55d
4496ae76
447cf13d
44a4be6a
447dad7f
44766904
44930a1e
446ebfc9
44a86bfc
4455519c
4490a622
44a08b69
447c5eec
4495aa27
4482bb57
44887991
4486606c
449e48c4
4485c2b9
4467aadb
449d5846
449b182b
4484d6e5
44b1f088
44571188
447b6bf4
4487984b
448edd78
44810941
4484170e
448c56d1
446cdf2c
44419201
44a7f3af
446fea76
44606013
448c77de
4455cc0e
44aabee7
446dabdd
449bfd02
4475aeec
44774e32
44b33766
4489e75f
4481bb25
448adbb7
44847197
4489f71d
445c5464
448850b0
448f9916
447407e2
44954c1c
4485e47c
447ea4e4
4473bc1e
448661ce
44a4178d
44607908
4485bdd0
448b566e
44b87287
447da847
446701f6
444c6bd6
4465c33e
4476b3b3
4429d18a
44927538
4465e8cd
44862dd3
447ecb71
447c0c04
4473afa2
448934fa
445f9958
448651ca
44953942
4480cdef
447b89d1
44863402
4486973b
4472880b
44873561
446bcc77
447b7c76
44858b52
4484cb45
447a9d04
447a0eaa
4475c4a2
448a9ed7
447e7586
4489f445
44894484
445adf8b
4481c3e1
4482f401
4470e12f
4480ceef
446af2e2
4492308d
4495ef44
446441f2
4463f586
44839bf6
448d94db
44720d33
445ccae3
44928699
4464956e
44ad927f
4461d86d
448cf747
4473fa9c
447b0b6b
447a0433
447d8ccc
44921412
44830e7d
4482ed42
4488807a
44862623
4467c9de
448a8504
448d488b
44b0f7cb
449c43b8
448f65fd
448037c0
44859920
44664714
445cf98b
447b8e25
44866ee0
448f5546
44846c48
445e50ba
44953c67
44729d57
445c0821
449029af
444e329a
44547880
4486d3ce
444c7b02
4464c6b4
44607a3d
448bb0f7
446f5cf3
4492a744
446569d7
444c7e01
44592e23
44866152
446554ab
449d2f60
448a8de4
443d695a
443f21a9
447347fc
4488ac76
4468e282
44877491
444cf215
44561b5f
448fca7d
4483e904
44252093
4487b042
4483968c
448cf4e0
44706b33
4499f3f3
4470ece3
44367bbf
447e6ac3
4463d002
44872039
44665bd3
446676b8
4491611b
4451df2d
447d1e60
4492b1d6
445fad2b
448335a4
44904c21
44273de9
446a7795
448754af
44486522
4445201a
444123d8
4461ed21
44893b89
4469c179
44473330
44537ea8
4447c788
44704558
4473948c
44835e6c
4478425b
444ea4a9
44496236
444b4024
448118a7
4479f804
447bba12
446d989e
446421eb
447284cd
445a72b3
443a8e8c
44433996
448b89e4
448048bc
44504d4b
446004ab
443e2e47
44739ec0
447af9cf
44571ac2
4433e997
448b4ee6
441b873e
445b2c62
44355fd2
4454194b
44863958
44258325
447dcf89
44567b2c
44802159
4454fffc
442fc76c
445d6e4d
444794ab
447fc9d6
446b3271
443e0673
4460d124
444f83be
445ea90f
4474c209
44638796
4457f05c
444f84ca
44627690
4439c77f
4409dc70
444ffd17
4468f407
443171bc
449b5b0b
44899938
44590a9b
444559d9
446006ea
444b6e6c
446c5b97
44662c91
444b0612
44600544
443686a3
4474d93f
446b5465
443d690f
4473efb1
44325d24
445446d8
44791b7f
4434fc36
442d676b
4491b5f8
44532ead
447a947a
444a59d3
442063f5
44469cb7
442625ff
4425241a
4441120b
44398171
448bfba4
4420bdde
4451f481
44519477
446f8877
445cbd30
4435a1f1
44730283
44341823
44313dcf
449426b2
4418af88
4465b05e
4476fb09
44605083
444bcc15
44635b12
44705282
441de60e
44547f18
4472dd3b
446a7b29
44602cb4
44757bec
446822a3
4484e816
44561de8
448776ba
44348eee
446e98aa
4462f43e
447b4e02
44b33088
44854502
445ebe38
4484f5d0
44851eed
4480d2c4
4451cc1a
44aa9de6
447cd88c
4498fa63
447bb546
4473c653
449c5675
4453a655
44881749
448a4982
447bf642
4481f7fb
446ea5e5
44860262
449c5884
4482d32f
44a55be2
445ed604
447dee21
448b08d6
447c029c
44952b78
4484ff4d
44817ff4
4481ce00
4462b08f
449bb015
44a73606
446d63b6
448446be
447c903e
4474c5c9
4476534a
446cfc6f
44842666
448972c9
447e8674
44911a68
445bef4f
44852166
4442c914
44678525
44861c0a
446145ac
44958516
4450465c
44918e0a
4481f498
447ef33f
4487659f
44885657
44915ba6
443d03fe
447f3f3a
44974eb6
446d75c7
4483d676
4466d72e
4490f249
44923e61
446d7262
44946112
44521e92
4492be8a
44590b4e
444a819b
4497e01b
445e1060
446f80a8
44633f98
4460a96c
447f5334
447ca1cc
445ab278
446d489d
445bb022
4463e8d8
44884e3d
4451e623
4469a487
449153fa
447b26e3
44760f37
4472856b
4430fa1c
444e3ded
44a3d08b
447fee72
4449adf7
4473e5a3
44920dd7
44244118
4482e991
4481a1f2
4484e728
442a2185
448278e4
44743e56
4463bbf8
447eb5ac
44934ffa
4474ae4c
4479fe87
448c4ff5
448a43f3
4453c4fa
449bc0f6
44661aa6
445d2eba
44816a91
444e0bc5
449c727d
4459d00e
4444439c
4477a175
444839da
4467165a
447a84b7
4466e356
448ad34b
445f867c
4454525a
447300c9
449910a4
445fefa5
448deaf6
4472d306
44782ab6
448cfc67
446c4598
4477cdb0
446a01a7
44704ae7
44714307
4469be3e
447d1d63
447a1341
446f775a
4471be0c
447d058d
44913a27
4463d76c
4497d0cd
44882b55
44743778
446f1935
444c5d52
445e04cd
44887e35
44677316
447cfa5b
446ad21f
448f16a1
446bbcde
448e4823
44826b76
446bbaad
447a47d8
448fd6b6
44456633
4488718b
445f7d5a
44765bf5
4498a65b
442ad471
449ad3b7
445e60d0
448a2d25
4488bc9e
4450b6d3
448b947d
44830d00
449821c2
446d4cb3
4468e973
44746f61
446e5227
4454f1e1
4492d10d
446fafd0
449724b5
4486693a
448a7e7f
4496807f
44636980
4482af6d
448e69c1
4488f459
44906d9c
4483857a
4453f077
44635227
4464cd43
4468fff9
44535c8d
4463ee3e
447e29b8
443c790d
445ec5ed
445eb4cd
4482e7d0
4469a351
4461cdb7
44795dbd
445a6760
448b609f
4447c708
4460125d
4496660d
445b332f
447cb446
444dcf43
4467305e
447e3506
446893d4
44667566
4450b652
448142f6
4498a57b
443ec604
448c7342
447d0958
4484df29
4475e49a
44728e05
44932cfb
4451a6a6
4458b508
44aba5be
443a93d2
448c751e
4487ac71
4460e61b
44835b30
4489481c
447b2e81
442bdb9e
4451bd1b
446c965b
44954553
4491c7b2
44749fa3
4480e7f6
44941098
446fe859
44979984
44536305
4484a214
448b1a39
44922a84
449fe924
449f3fa1
449134b4
44898eb4
44a04360
44774790
447aca97
44888fbe
44806770
44a70c98
4456b8db
448f523c
449c0ba7
448b3020
44a15d61
448915ac
44892a22
449a16e3
447ee754
449f726b
448ea251
44978fb8
449865a9
448507be
4496b6b0
448a9372
44869c14
44ad6bf1
446607af
44b88bf2
4451ca68
44788dcb
449868ca
44993349
4493c84a
448265b3
449ed043
447259f0
447a9e84
44a4aa1b
4471c56b
4486309b
448633df
446c13e6
44a939d3
44a67b48
44a18e16
44821988
447b5a18
44a05393
44a59b45
447a6faa
449d977e
445bea9b
448a0bb1
4483411a
449e16fc
4494b2c1
4488133b
44a757dc
4495ffb3
448c67b3
44807cde
448dd73f
44b52414
449360b9
4495a2da
44992db5
4493c67d
44a9d2c6
446aa28c
445a86a9
4488eba4
44633366
44a6209e
44821bbf
4454f18a
448d12c7
448a59b4
4490b60e
44863d3c
446da965
446f2f82
449b37a8
443a8313
446436b0
447bfe11
44731af0
446f6889
44b13052
447eede1
44764dcf
448fa697
447539f9
445a14e7
448d6e53
448c5219
447069a6
444ada6e
448986a0
4483c968
447c3a9c
44895e06
445902bf
4494861e
446862a2
44aad52c
4486e9fe
449146c3
44b1a542
4476bd18
44663a3e
448fb1ef
445ae06b
448f3146
44479b1e
44a1e37c
44a352fc
4489b4bf
449ad2b6
44874ad8
4486cefe
44784f66
4486fdc7
44b4a5d3
4481316c
44910c2b
446ff1dc
44a32675
449dd0e7
446fc62c
44702148
44826fad
448fe9a0
444c8eb7
44910ba4
4483e0e0
447725f6
44906081
4480c11a
448f0043
446b75cd
4475ff75
4485025d
44832543
447c8afa
44834ede
44899801
4495d6d5
448249c3
44832ae2
44950ea4
4487e347
44990671
44734f3e
44892f5d
447593a6
447fda93
4480da4e
447079a6
44945b1a
4498ac3e
4456cef5
448ec5b4
44858f95
4486646f
4467ba0d
447978f9
4467e91e
447e14a3
446cf06c
445b7b07
44779eea
44ad6cd7
448c2cbc
448014fe
448067b9
446549f2
44a8b933
4483cbfa
449a8b6d
446cc042
447e0903
44a2cc34
4490d618
449643f9
44765560
44777d40
44b48b89
44652d8c
44a07c9a
447fe51b
44a58e00
44c17f7b
448efbd8
44a6e775
445c2ac5
4463e347
448ede20
4442ca49
44897b60
4497ba07
4481c296
4480f329
4480831c
44885561
447d31a1
448429dc
44ab2909
44882d15
448bbb8d
448b87fa
4455a0c2
449591b5
4484a8fd
4450bc88
4460c01b
449a9b6c
4492f599
447cdc58
446c135f
448f6066
446c87fb
44a39b01
44a4bbc5
443298c3
448b4237
4453fd51
44a01a8d
44750873
449b5378
44868db8
44880b88
444c2e4d
44840d35
4472b014
4481ec3e
448b3691
44a991d6
448110bd
44aac58d
44846898
44536682
448a1edb
448b7035
44ad8dd9
445ed091
44510d7b
44a4bf69
4458f9da
4491fb9d
44ba014e
4487ee01
44a90acd
4478603c
442a7139
4488358f
44a03824
445c6cdf
4466523b
4479fffe
448ce49d
445a933c
4480e8fd
4454f828
444856e3
4478b75b
4472cae5
44812458
448352d5
44777371
447af0da
446e1999
4483a504
4481f389
44822aec
445ef4a7
44a13e0c
4470e1a2
44532d22
445a1047
44693c1d
4490765c
4485f811
44537f3e
4454d08d
44823847
4492f6f8
4485a12a
44615eda
446eae5c
44693a00
4498dd20
44676022
448470a8
44553046
448354cb
44b60f6d
44476983
4479c276
445dd8b0
44831985
4493c8fa
44538eda
4470bd04
44683483
4480c079
447d0507
4476832f
4468803e
448561d7
445d3ca9
4476eb8c
445867cb
4452f542
448c1d22
44776369
4476769d
44629b1c
444ae036
448614d2
4461fb2b
449a3b83
448c302f
44518a8b
44698350
4471abb7
447703d4
447984ff
446201c8
44838bca
4459903a
4431eded
448424bb
4469adf3
44587682
445d6f3c
4481ce26
445ece59
444f49ce
44510bc3
44568213
44938950
4467e4bb
448971e2
44926261
444661d7
447960e7
446fdb60
447bc743
4438dfe6
44833a22
4495b3a6
440b8bd3
447cc47d
4440e351
4455f666
445a9226
447a4aad
446874a4
445a5280
446bd866
44b87427
446136d1
44666a13
44841625
44652aae
448d28a8
4473950b
4491c995
4443cc5e
44645af4
4489c839
448b8cca
4478f4e2
44837094
4473538f
4484517e
44655f7a
446521c8
44990f99
4480f247
44895cee
445dabcc
4480583a
44813470
44581f97
446591e1
444c9c82
446b477e
444c429c
448f5613
44492c75
4433c106
44635b5c
445113b8
44921c8e
445473c0
446b41db
444d529e
447d55b5
44916863
4465a8bf
447589a5
445ce1e2
4436f92c
448a51ff
44738d50
44760529
4440ffe6
4485578c
449548e6
44551bf2
44506826
442fc4b8
447ada08
44883ec6
446454ca
4488fb51
444c3ea0
4444ef54
446a76c5
4452052d
442c7f33
443bdb64
4488e38d
44401abb
445f8b87
444ca824
4487e3f2
4437b43d
4455a2f1
4469174f
444b41da
446a70b2
44524428
44443781
4423e9db
4459532b
446d1e05
447e16c6
4485747b
4446435f
44707d57
44779648
44685db0
44797562
442d1066
44817906
447be392
44857d25
44939532
44646796
4461ae23
446a8a4d
445fd638
44a22bc4
44551fad
44215710
446715b0
4465f166
446bc846
4458172d
4444d078
4486ebe7
443995a8
44599600
44852326
44523d9c
4452362f
447fa88d
44728ea1
446b344a
44846c2a
443c6706
4455a8d6
4458d33b
4447a5d2
4445b61c
444d7c54
4467ef6e
4425fc3d
4444241d
448258b7
445b03ed
4432167c
449b2831
4452ab83
4484a035
4453efa0
445175da
445cdade
444eab9b
448a5a98
445c9ff9
443516cd
447b7aa7
44615254
442b26c9
4464c64e
44481f2b
448b9233
444dd0f4
4480c95b
443d2947
44403e7d
448bad9f
44507bdb
44846c3c
44547748
4459aa5e
4449b8b0
447771ee
449c064f
44638610
44a24073
4464b93e
4491118c
44621c4f
4473d3ff
44973db7
4469cb57
44754919
44813f2f
44888bd6
449764af
4460d466
44917716
4494dc6e
446868fc
44a3e577
446e795d
44874bf6
4468f204
443afd71
449a1cf6
446018a2
445f0765
44808936
448378ed
44930cae
446e5957
447150f9
448494a9
4481be25
44b131c6
447ce90c
448f846b
4479c2fe
446ed792
448f77e3
444fda39
4485beb6
44927cc5
442ed1fb
44a8cea1
444bdf53
4494afcd
4485263a
4443d614
4494f11f
445cd5bf
44893efd
4481dbf0
447822db
448a11fe
44611130
448ed343
446f8813
446f1b22
449d9f8f
445266b9
44a0e239
448cf3cf
4456461a
447b1039
448d962e
44883bfa
44a025a2
448302c7
4477c0d8
448c59a1
448bab60
44548ffb
446acf48
449baa48
44701f88
4476abb0
446e0cd6
445b3f08
44a475da
4484514c
447c009a
448c733f
442736e9
449dbd85
4479ae89
449a6cae
448a5155
446a53ed
4480475c
4488475b
44913c6c
4472ff22
44611b72
44943421
445c4b4c
44878b89
4488e94a
4421ded4
4493bc3f
444675ea
4492de3f
4482a513
44412906
44898dc2
4462a86e
4449ec73
44919848
445e76b9
44974292
4491991c
44910732
4486af88
4489cce2
44a70935
4447a997
448dec2c
44852d3c
448d611b
448f6e6a
445b5b5a
445c10b9
44827764
44650363
44ac5dd6
4458acaa
4457f2f6
447cbc19
44563d8c
444e6e82
44697858
4449ce0c
444d4b04
446567c4
44447487
4449546e
443d8ca0
44443886
4464f97d
444fa0f2
4463d2a8
447cbbee
447e7e6e
4499e05e
44320399
446fd965
44621fe3
444bdb0e
447d0ff5
44571c54
4466a42c
447bf82a
4468ab4f
446d683c
446089a7
4447c009
448980df
444c30b0
44963640
444b99c2
444e395d
4484eef9
44748bc9
449277d9
444bebf6
4485291b
444db4e9
44626ea8
44812cb5
444feef0
443a7bdf
44226515
44312b55
4481e6e4
4459df53
4465a90e
4467bc24
443b9b79
446847a5
44548feb
443820c7
4451ec12
445afdff
444c571a
4462efe2
446a3caf
4466779a
445fd741
449e0576
446a8283
44412235
44386f49
444e3f85
44910103
445f1efd
448337c3
4457d70a
4457c833
447a2a28
4430a0a9
4412c9ff
4455e940
445c6a8d
448ab52a
443dd157
4448ba0f
4469d0bd
443a97a6
4461e4f5
44470c4d
44255b8c
445790c8
448530b7
442b1e13
444c4529
441eab24
446c48de
44542777
4481abfb
44433861
445065e9
4460e7f4
4461d1cf
4474204d
4442af82
447fe80e
443dcd72
4444af0d
445ce0d8
44535c5b
445f3859
446052a2
44315116
448a11e5
443cd122
4467eaa4
444822ad
4467bdfd
448ebe11
446677c7
44520fcb
447a1660
44461c58
445fec82
4448b2aa
446dd0af
447fade8
44490674
4482a364
444ee649
444a6134
4471ad98
44571dbd
44775efc
44509196
4475ab20
4482ef77
44a076ab
44981a0a
4466fda4
447cee9c
4439d216
44a05469
443d4e71
445e5f59
4462e1fd
446ffe03
44776c39
445debe5
44600dd2
448632e7
44661de2
446fa745
44804a5d
44624271
4463171a
447fb01b
447464ed
4471e0c6
447d6726
4470e591
446f1626
448a1a54
44592301
4448c595
446dd12a
44691908
4487fb26
446473f2
44740b82
44920f94
4451118e
4485f19d
44715d7c
444f7efd
445bf5d9
446028bb
448cc0be
44793ba1
444f414e
44781566
446f89e3
44b3f6c5
447de7e1
4479e98e
44906745
443fff95
44932dca
44725dff
445e019e
4459e707
445b01d7
4490e8d6
447d0481
448ccdd4
444f4637
4485f9ee
4490d8f3
446487a4
447511a9
445ca489
44915798
4496a8c2
447ab0c0
447e77eb
4470cb3e
4463211d
448d8062
44859ab0
4479373c
446dddff
44663ead
447105b8
445b9fcb
4463340f
447c54fa
4433843e
448af7fc
4459be18
445c1628
44532a64
442d818e
445ee77c
4486884e
4455ba46
446d0eea
44788f14
4452291e
44571ab0
444e0ee2
44820959
4461f0ba
4469d890
44901939
44565b49
44682d5e
444b7310
4497b92c
446c2772
44874f06
4485f107
447aeee9
4469b80d
4490957d
442f36c0
447d577c
448b83fa
44899f09
446f8d7a
448b88ea
446b8564
4431c5ce
4482a80e
4472b61c
4497d48c
448d67bf
44559318
44850b31
443e5057
44803430
4463d787
4455733f
446a7a29
4488f602
44738d9e
44905544
447e0346
440ae3b6
4453bee3
44560c7d
448932e5
444294d1
448ac80e
444381a3
4459cbc3
4457e0ca
4449331b
447c450f
4458d5c0
445dcba6
444ee4e9
443a363c
44435b43
44733eea
4484470a
4484412a
44800cd3
444a468d
446fdbac
446e1952
446fe50a
4486da91
44662a1f
4476506e
445c4bfa
4468f263
444e9a2a
447f1005
448bb8ff
44216457
44639356
449724c9
4466dd8a
44627e16
443f1329
445908b9
446de265
442cf0c4
44861d0f
447919fe
44826190
4450ff38
446b711f
44574b8e
444eaa56
4476f9e1
446e5057
44546795
444335f9
4479f5c6
447e6893
449985ae
446f8d93
44567166
448427f6
445fcbfb
4499690e
447b044b
4458f1db
448806d1
4471847d
448d6368
4462c3d1
441f4dc9
446bc5f0
442efd50
44634110
4474ecdf
4467f95a
4458b2c3
4438ab3b
44449ca1
4461e376
444c7faa
4423283a
44573fe9
4482638b
443c2d43
445a1e2d
444259d8
444b2cd8
448ea3c3
444a14b1
4472c62f
444e07d0
445cc642
4466749a
4454c775
4458fa2c
443bb3e9
4437a5ce
448afa6d
4424e39c
444b6c02
4459165c
4466ea9b
444e8671
4487b296
4463298d
4444f775
444d13da
44a67be6
443000a4
44430113
444d5ca6
446f591a
445aeadd
44833cad
44697c2d
44341750
44657d1f
447c59a8
447e8657
44433457
442fc4bb
4458f944
44531c56
447216b8
440f751f
4480b4b4
44726322
446b95bb
4476525a
447a902c
448b14f3
44489d86
4489740a
44711e0a
4450a244
443b43bc
449a6580
4477fe1c
446834fb
44833878
448cc1da
44995c6e
4479644e
447c31e1
44760edf
4485c3ad
449f2641
4465b51f
4467a93c
4491839c
4477d3bd
448fa881
44810fb3
446aaa0d
445a7032
4431b984
449a5eaa
445443ed
4449284a
44799af2
445f3ad6
44a8b961
44993978
44485e65
446e9afa
4480027e
44841f82
445f40fb
44723e38
445c3b5a
445edb0d
4457891a
447c120a
4445cb1d
449aac50
44633202
445c090d
448a0fcc
44837385
445d15eb
4441a0c8
4496d722
446287fd
4489d809
4489e349
44887973
44855e8a
4454a3ec
44705f3d
44985b9c
44673c56
44a2dd58
447a7120
4493772e
448cddbd
4472770d
449dcdb2
444be109
445b39eb
446f3d24
4432b48d
448b1126
4433d7cf
4483b5d5
445e3a4c
44390ec8
447b793a
446c6a6f
4488e41d
446bd14a
4450ca4f
44902613
4451a5af
444cef9e
446395a2
4456c455
4459dd18
44404afc
4486a6bf
44655a6e
44529fb4
4490e399
44840d8f
44705c8a
448e4f90
4494f108
44748d4c
443ad9f5
44633537
4477668f
4439432d
44801cf3
447362f3
447f6978
445700c1
448358fe
44671350
4443534b
447b2a08
447d4bde
4465d240
448b35da
44612f46
443d2930
44825227
446d9136
44b83775
444c4f0f
44803526
447d4eb8
446ccc27
44a82d12
44704a58
44801756
448c225d
44627200
44516298
4455dc87
448ffab9
44422903
44895b14
444c36d7
4473f9df
44355f7f
44503aac
4464b106
443b6f68
4458ff9d
447e6443
4452efe2
445ea330
447110cb
44804184
443ccb7e
44734c4c
443dec42
447a3cf1
44616806
44815a77
4455465f
445cca74
4445c308
4481c8db
446f19cd
44772557
4476ba65
445e34f1
4444ab9d
4455d538
44685bb8
4496d39a
445a4b91
448a7e05
44863f74
4437145e
447231eb
44456c5c
4461f3cc
446623e2
443692f4
4467d25e
44555bf4
447c50c9
446f3a64
4441affd
448314c8
445ea155
446cc01e
44642ef7
445ee7d0
44646e93
4475da0e
444c09e3
4494f002
4463c8b1
4493b8a5
44490474
446a4b79
448707f4
4428f657
44503fe5
444dbe74
4464c1a9
4493082e
447a7fb2
445f4c96
447bc9ee
4468061d
443b2f7a
445ca3ad
4464a92c
446b7214
43ff77f7
446148ab
4471aac4
44814f76
445222a6
444b7350
4472c61e
44205144
448ebc10
4465c7e7
444740ef
446e4eec
445436b1
44608cc1
447170c2
44600686
4465d3d7
444c96cd
44207417
444c462b
445b4aed
44868bee
442ae471
446e43de
446638e6
445afef9
447070a0
44434b38
446802ae
4448c9a2
442b8ec5
448951f2
4435868f
447f6a60
448170ad
446e7d9f
4479813a
4441bee9
4488f6ce
444231d8
444d0d85
448a34f8
444d65ca
445fbf05
4464e78d
44112210
44462bda
446fa1e5
4442a9da
44811b79
445d36ef
448096f2
44a71bf8
449d2f93
4489b664
446d356f
445cce6e
445e6238
44436471
443b7a0a
448065ec
44625f08
446dfa68
4459d511
4485d2ef
4486bca4
447d5198
4490e415
4479337e
44798ff8
448b4bcc
442e1293
44b44b27
4447e200
4490efdc
448d7427
4462af2c
449b8c9c
44798f55
44811446
44ad3bb0
444459b7
448ba332
4468d4a2
447b3cbc
449cd95f
4481b2f2
44686d82
44642257
447e7ed3
44943eb3
445d175c
448f26e0
446f2537
4473dd08
4457a61e
4463611f
4490d469
447ee2e7
444a98dc
4457afe3
4457f942
446a9716
4480043b
443faf42
44994f23
445de8a9
4484b089
4471fb1a
448197d9
4489f2a2
445db7dd
44a2a60b
44884510
4481cfd5
44857f50
4463711d
4468e24a
4485ef94
44707f98
447d168e
446bc157
448ca969
44606245
4458871b
447e9224
4459cf28
4497c69c
442200a2
446b6b75
448398ee
447a33e3
448f29c1
4468e9f3
44693ce3
4462c2fe
447629e4
44784dc6
442cb866
44688d63
448395ca
444187cd
449b5260
445a386b
4452fa67
448637d5
445e8ceb
4467ce56
447bd21d
447cf6e9
4456099b
4459427a
446f7a34
44658c34
445a7978
4482b64f
4439f6e0
44903a70
446953d0
4499f8b2
447e5b25
448833a0
44a2fdc9
44865e59
446aff38
448a8058
4450f677
448ba73a
4481fc63
44685895
449028da
44349888
448439d4
445fe927
445cb870
44821a3b
4450ea21
448e4839
4479b2d7
44801c2f
4479262e
4495b464
4481d453
447a0fa7
4475dc31
44568bc4
448f7e55
4462b1a1
44873476
446634b0
445a2b16
447220c8
4469c695
447e51ca
44632af4
4474c704
449a22eb
4451f35d
448704f3
4479da02
448f70d3
447924cf
44720121
4482f30d
4461c9fd
445abd6c
4460e8ec
445a4233
4484272e
4463d49a
443be312
44581e21
445dc378
4470f1a9
449228f7
44360302
44841bf0
4477ac78
44576eec
44668b33
444c4463
448405d6
44686521
44477d16
44825dee
4473e43a
44a1fcdb
4465aa06
4451a98a
44835c69
445a3583
44764ea0
445fb754
4482cc0d
444bc24b
444615fb
448afcc2
4464aca0
445f76d8
446ec493
44800bbe
4485463c
4471c1f6
446e7051
44787c9f
447d0a23
448be064
447058d3
447b9275
448779de
446945a1
4492ae52
446d21ae
44812b62
445e30c2
446ca18e
444a985f
445050b0
44831e36
445b4058
443e36f4
448f5f70
44413749
44722609
445332a0
4450164a
446bff8b
4483a261
44637f46
443c9860
4464d0b3
445e639d
44868648
44674ca8
443def54
4441622e
44711f0f
446dde91
4463e2b4
445f1480
44774584
4478e034
446bf097
447eea99
4470439f
445a0deb
4461735d
447b0b88
445a297b
4463034c
4482d1ce
448b18d5
444d3a79
446c1e84
445365dc
443247c6
4477f922
448756f3
448f72e2
446628f9
4448cd37
44629cb9
44426ef9
44859f57
4473ce31
44661186
44520736
446e1b80
4462638a
448fe544
44b07e77
4468287d
448b6d3a
447eae1e
44802f88
4498c88a
446e9f45
44833530
4478784b
44423d28
44aea3ac
448d7690
4482e4b8
448d93bd
4458252c
44816ed3
44938e14
44733a51
44855811
4472068b
44ae7a87
4484db55
448e9268
44770384
4468a72e
449ee8ad
448c3c8f
448e0915
447c0111
447ef0d8
44a7c1d6
44910652
448bc1e2
447f8021
4482fd1d
44ab539c
4467dcf5
448f4e5b
4463de28
44743f1d
44b07b26
444a991e
44867930
4477e778
449210de
448a68ff
446fbe42
4483cba2
447b95fb
44844ec0
4489790e
44807949
445f56db
44483725
4476e50c
44a55203
447ac062
4475541f
4479f5e5
448d0bac
44956372
44857fb8
44834b54
44858d74
444c527d
44a2879e
44872671
4491e0d6
4481c20c
446fd999
44659b61
4465a42a
448464a2
445eec34
44709c27
4462b974
44802d90
448631f7
447aacaf
4475f4f9
448db25c
442b401a
44a38080
4468ce81
443dbc28
44a0e270
446451be
44918bfa
44798882
44603a29
44866b61
44595e07
44869abd
445b59fd
446e2edd
44af2d3c
444b0ab4
4459397c
4471cdff
44873d3f
447a7a95
44849244
448f6367
4481a41f
4475be6e
44dabcb7
44417865
4471e7e1
448e425f
44653d9e
448b5547
447f444c
4479f782
447670e5
44697e9b
4474aab1
4478986e
44a69174
44841453
44834953
448e4129
4442eade
447d5fb0
4441195c
444ca70d
449a843c
4456d02d
449f7ce7
44850ccd
44841783
4483fadd
448d9a7b
44368d71
449723ec
44988dbe
445cb43c
4471ee2b
445b77b9
446c4d28
44926b10
446ebb6e
448b10b5
4457805c
445f1b93
4466cda1
445ff1fe
447cdbf6
44875c2b
44843544
44aa3542
44885fe2
4453628a
447e5d15
4493100c
449f6961
445d0be3
448a7978
442cc42d
4451a0a1
44a79edb
447863ed
4461cb0e
4445e3dd
445cfb69
444c97f6
4454f8b4
4477f3b3
4478a0d6
44609b98
447ab2bb
44449637
443cd76d
447a6958
44656c5a
448ac57f
443fa72f
445d0ad3
447e7c35
446058fe
449920cf
442bc1e9
44617036
4460aa42
4485044c
44a3d11f
443fe42f
4491e6af
4489bccc
448adf54
44a1f28a
44593c06
44848529
4486ae1c
447746fc
44872ee8
445b05ad
4496f7db
44800ee7
444e2aa6
449c4fad
4460bf2e
4478a14a
445bd7da
4458ad4d
448e55a2
4465149f
446a41e9
44506c98
444e19c3
4474b823
44670a38
443ca284
4443e543
44865eaa
4488af38
444456fa
4494bf7f
4458d4b1
4452aa24
44913362
445dc0b1
445f1a8f
4489585c
448d4a75
44806b28
443c9a63
4488efa8
4448d91a
445d739c
4495908f
4478356c
44a37c41
4480ff70
44919e1e
446a3ed8
444df753
448be63c
44684e59
445c6cba
449aef20
44686858
444f8382
4451ec67
44408d54
44a46480
44375d46
442922c1
4477c1d0
4453ee04
44897ba9
4473bfad
44506ce8
44895e57
447275fc
444fcb9d
447bd9f1
445e8405
4446a44e
4493ad72
446cd8a4
4483427e
44857299
444b5e8a
447bb4f4
4474cc69
445617cd
4472950b
44741765
44862a71
44647713
4452d480
44801b51
447a5341
44608756
4460bfda
4479c839
4482b8b0
446e1795
449bf5a6
443c7597
444de087
447a1cf9
446500d4
44878cf2
4456186c
44558a59
447203cf
448f6aae
44873558
444a1284
445bc475
448cf938
443c0966
44885f3d
4437665e
4454d684
448a3257
441e2241
44896fd2
443e04d2
448b3ff0
4469813f
442b467c
447ad6bb
444ddc0d
44784e5a
445e4625
444f9d3e
4479125c
44610279
44502f0e
4468cdf4
4465d7bd
449bb581
4458c45c
448b4f48
44622bdb
4443c5d9
448b1f95
4462c4be
447b26d9
4471b316
447d72f7
445db833
4467cdcc
44873564
4454cf2e
44483091
444ce7b4
4446624e
444fe883
4448c9d4
4480eeb6
4486ed53
444bf592
447c9fdb
44445701
444cda69
44a5e1c8
4444909e
4462b980
4484181c
4444931d
4477ccb4
44729431
447f3368
4450b179
447083ec
445f4cf7
44502065
445ddcc7
448f782b
4415b6a3
44618267
4463195c
44829355
44490f2c
44644f8f
44980f92
446a0e94
44563f5c
4487bb8b
4451d1ca
448e138d
448a3a62
447f831c
4466592f
4479d257
4483fc70
4443b512
44811d58
444b693a
448c5d7f
446c8d42
44520db5
447e8a73
443ac87f
44405244
44874168
445b1672
44767814
4465d72a
44831a03
447eb79a
4493c4c8
443febbe
44777b84
448a4b92
44741a7d
447ba3b7
448a5906
444e9fde
448cc319
446f3afa
44699919
446f240d
4458ed16
44993d56
44606fc5
447170b2
44944fb1
447043b4
449b03bb
4483cb17
447772ad
44a45f5e
446256ce
449cb3fe
447a64b0
4487b589
449a186a
4462a75c
4481c660
442a00ac
443cf508
449d2d5a
44634979
44906100
447d0546
449ac782
4478c689
4446915b
449a128d
445d89ca
44844a76
445c228e
44818abd
4483bae8
44816e85
4487b7c3
446ae906
445b7d38
4492ace7
448e14cc
44630ad7
4469d695
444c1ad3
44ad9ff4
4468cc97
449b1557
4470112c
44799b78
44ab8aa2
448dfd6c
447c1b3a
4487f40b
445e6600
4485fb9b
448882f2
44a02b0d
447b4594
447146c0
44996044
446ec461
4467d0f4
44804a5c
447775b9
448b7192
4429703d
446dc69e
448352e7
445d4518
44873914
4471cf5a
44908643
443ede6a
449ad40e
44450af5
44708e50
44997368
4478c891
447976f4
44aef287
445e5460
4485bc0b
44692059
444cd789
4481268a
446d1ffe
449ad938
44208656
44795ef2
445e24b1
44667586
445d96cb
449c4c13
445bd351
44842848
4452c810
4495ef54
445f1d3e
444c1662
448f1967
4487c4a0
4472e421
448ec847
443a69e8
44809fc7
445a393c
448c2530
44834da4
443eb6c0
4477a4ae
446a8583
4480aaa5
44913c6f
4482e362
44aa25e8
44808305
447cdb56
44927d9e
44bda0a6
4491621c
448ba9d0
4498188e
445b911a
44b2c40b
4486e436
449b30a9
44947a15
448c7642
44aa3b4b
448cd117
44a984b0
4491e229
4472f749
44a16360
44924700
44938cab
44a30fec
449380aa
44cc9354
44902760
449f8f23
449346e3
448cc584
44aa4e4e
44823cf4
44ac8e55
449b221c
44797c74
4475bd1c
44923770
44b12ae7
44b4045a
44804e9f
44a0c2cb
448e375b
44847cf7
4474950f
4479fba1
44a721cb
44a1a2c8
44837ded
449f1ece
4487834c
44d67e57
448ef913
448a6e0c
44a2eebe
4489130f
44cfc45c
448faf25
44a385ad
448e0fe3
4490550a
44c20b32
4490cb64
44a4388e
448d52ec
448e630b
44ba2ded
44943c29
44a96ad8
4491cef5
44a27645
44c2682c
44919278
4499d26d
448349df
448a9648
44b5c190
447826a8
449a05b1
4499cb8b
449b688b
44a3ef5b
4487a9d2
44926b40
44a08802
447e2ab8
44ba853e
447f0113
449b5bb5
44c63090
44721852
44a6868c
449abdf6
44898953
44985827
44915365
448cd828
446fb7b5
44915437
449f3877
4469480b
44b7eefa
44a7ef24
44800a15
4489e069
4489e365
44b6d65f
447dfeef
448dc64c
449f6e7a
448029c4
448f0ed5
4491a5cd
4476d475
44b4642e
4498eda0
44b3ac0f
4479315b
44b808c4
44893a17
447cdf3b
44aadb5a
44881932
44bf1ea6
4497c53a
44862f70
44b8301d
448cdb16
448ab347
449fcfcf
449caf44
44b138cc
449930d2
4493ad3f
448ea107
448efd48
4467dfa0
4464d368
447a652c
4483ce2b
44884b58
446caec4
443263cb
4491c311
447842e8
448bfa38
4482c456
448a9b25
44821ded
44551d12
44879591
447c2084
44533c58
44862dd6
4489238b
44867052
44859b63
447c8f6c
448e47e6
446e282d
448b71f5
44a57209
4462239a
44706858
443d1f9d
447b75be
447a53f0
4484138e
447e15e0
4447d05b
44960a91
4459d995
442e5115
441e5865
4459da18
449459b6
44481474
448a627a
44633709
4489c049
4492f9d7
445ca451
445ffe84
44711b86
44910a16
4467aa40
4472e971
445bb35f
4483f926
4479b650
448beb1e
4463e353
444e68f8
447d036a
4488914c
4466c8a4
4471d10c
446ea573
449a05c3
444d400a
449ba1f4
448bb7f6
4455cc2b
44941f88
4471c51e
449c943d
4463cf45
4448aa93
448b83cd
4459da94
446b06c4
44830089
444a0925
446b2ea8
4468271c
4462de0b
44599aa4
44962a06
44371af0
44400874
448dc256
4446f30a
446bed24
447a1699
4448f426
444da43d
445b9ee5
44670bc8
4455bd77
445d8793
448db613
44353b50
4443b81b
4463cd1f
448b75f9
4474e880
447d18dd
4487aca3
4454e125
445f409c
44af0f34
44564ce8
446f9ecf
4491dfe2
4459e119
44860215
4489027b
446c391c
445d6a7a
446d5711
448c7b68
448350c2
445febff
44400971
44745665
445d5631
445292f6
4469426c
448434a0
444f129d
448ad852
4477f1d7
4495ab78
4485cf0c
44ae02df
4463fd2f
4492f2d6
448a1317
44531cd8
449e603f
447476f6
4498b39e
448f7666
4482fb60
44b2d45c
447cf206
4489be46
448aef91
447bc81a
44b9ba58
448d80b4
448e14e4
44a06cbd
4484e861
44bb2d52
446ec9b3
449264d9
449ee6cf
446b8962
44c2e7c7
4483f383
44825f70
4486a4d5
4442f06c
44b27be1
4495157a
448f8471
44808293
4472d1cc
448c7bfe
4486e97b
4483e0f8
448131da
44887fc8
444ce5d6
447ea334
4490f56a
44aae7f0
4491cd8b
44873f02
44882c21
44842bea
44b2f95c
447d9a9b
44b079cf
447b19e1
449d687a
4496e499
44813cb8
44a77169
448ebe52
44987afa
449dd59b
4494ba6c
44b7f0f9
448873ad
4485fc53
449cbf19
446ab850
44b58950
44817458
449110af
4455b48e
444d682e
44a0c3fc
44831be9
449f2dcc
447df52b
445f1af3
44930fa5
448d4349
447fddac
448c6a1a
448ea0e4
4488c8c0
448f02b1
448db1b2
445889a8
44a1e95b
44a5da5e
447b303f
4492ef39
4485149c
44778ef6
448b6c38
448bd66a
4474af86
44aac603
449c9d80
448ab90c
44763168
44982af7
4489f53a
4480eea4
44990592
44a00c76
449bb629
4464025e
449969c3
449fb0ae
44849043
448abfe2
4486b52c
445caa2c
44a6d6cf
447ca0f9
4464e19e
44855798
44848636
44b36df8
4484f8a0
447a1fc8
447bdbed
4486dedb
44868f9a
448cd502
4491c1c0
4485a690
4490f789
44673818
4492b1fd
44719828
4467e5e3
44848540
44745855
44605c0c
446961b1
448971fa
447f1ea0
443db6da
44718c88
4478eeb1
448ffee6
4493fd79
449e37cc
448b6b8c
446cc3a3
4447ee60
44852d27
4481330c
44865898
4479d42e
4496af61
448b4733
4456af10
44727ab8
4488a9bd
44a44e50
447b14d9
4474feb5
4471c14a
446b3fca
449202f4
44af7cc0
445c95c2
4444adfc
44820cee
4467e5c3
44477390
446c7b8f
4446f398
448a3d43
444ab07e
44767e9b
44572d0e
44a423c2
4462c5b8
444a8422
448ce6ff
445bfae7
44766cbf
4461839b
446922a0
4453acb4
44547ca6
4490ee3d
448ce164
4478948f
4470d9f7
4461a28e
44904f1a
4482a4d6
445e54a9
44769823
4495e2fb
443fe390
4482021d
4484831b
4433049a
44894522
4451a9b6
4480a503
44688cd9
44814480
44822768
446cc411
4468fc79
443c2bc4
44930904
447b40c2
448d3642
4451e4e9
44734447
44b6bb6e
4459f633
44496584
448dd97f
44597f73
446e2663
448f1322
44840ce8
446bf5bb
444a0780
4495d1d2
444aa21b
44727730
4498bdf1
4459874f
44859d1b
44604f68
447ec889
447cd1b1
447f1b94
4480d841
448adb70
445ab3fe
44a35408
443fe4d2
448bd18a
44939b30
448fe8c3
4460278e
4492bf8b
4488923b
443ec94a
449d1a8a
4475711f
448488f2
446e4c46
444b08bb
448a4aa9
4458f33b
44790f78
448742f9
44615ddd
445f6e94
447f78d5
446d8215
44511cda
447e1c65
4440443f
445930ab
44985060
442dd4f2
44730728
44819cbf
4430c1bb
445d232a
442ee82d
44475e29
44708f23
4483fb82
446b6e85
44512262
44498b6f
44673a07
4460cb43
449718bb
444ea282
44884f26
445992c5
447c64f0
447750cb
4460319c
4480518a
4493b697
443fa0cb
448b8e1e
443cfa03
442e21a3
446867a9
4447d9ae
449436e3
44678684
4462fa50
443c8f84
4439b7ea
4460685b
445bf02f
446bfc68
441768ea
44560610
44639cd7
4462ecc7
4482be41
447276a2
443df4a2
448e1536
444b2cec
44417742
44408842
4407d50a
4468478d
4443f6cf
44aa3d79
445bb3b7
443a3318
448ba34c
446d9306
446e224c
44600e22
44578a08
44836955
446582a6
446c6822
4489846b
443a1717
4482fed0
443b8464
444a219c
4449690e
445fe3f7
446be01e
44563af1
44705cc3
447e097a
444b6a9a
446c9328
443ad905
44636112
44190641
448c7f3d
4461738e
444a7a7f
44403b57
44185a0c
44503813
448f6910
44660cde
442502c3
445e23d0
445a0ed3
445f8602
444d6ecb
4473dbbe
4414b245
442be8af
44573fcc
44437495
445e0dc6
449c1ddd
444785ee
446ae318
44384931
44831b7c
44553c2a
4455e955
448245b2
444982b1
444d2f0c
447f9dfb
44452b70
446477a4
44476bba
448ba9db
445eca20
442b20ab
448d6b5e
442ce56a
445f292f
4488beda
4486ee40
448d819b
444c8cba
445686f8
4469beaa
44973f31
446ca38d
44701ff8
448f9237
443c7ba1
44800ae2
446d8d3b
448488b4
4478958c
4456678e
44706066
44814183
44692163
446ca109
446a812f
4488341d
447a77bd
447b6069
448c88da
44543eff
447c7131
44721523
44963a93
44962ef0
4444afe0
4491516c
446e7962
4467adee
449482c6
44698bac
4478219f
44690ea6
4498e51d
44a3c39a
44397f8a
444ca362
448b6928
4448c280
448766c7
44519f44
44814a5b
447608ce
444a557f
4490c8dc
444def75
44a0df3f
44529946
447ea224
447b71d1
44634315
44a1c489
443eacf1
44767be9
44801635
4462df88
448b053a
4480ec83
44773ffd
447839b0
44692a39
44967ffd
448d70bb
4471c8d8
44847e50
4484136a
44aa47b3
44944ff0
448cf0d8
446f5c52
44734192
445b04f9
444a0e72
4477d174
4481dbcd
44802364
44651ba8
4454d0f1
4462bafe
445d7b8f
444bbe02
44867248
4461dabd
443cf028
44aed3fe
4429ccd9
44900910
4485b366
4461073f
446fef85
446e1f92
444a4f86
4443b7b4
4467356f
449c7177
444d1937
4491938a
447326c8
445e40dd
4472dab5
44824b29
448480a9
4461e50f
446d8252
4483f184
44649ba5
446cc1ba
449c6425
4465fa9e
4483cafe
4478fbf1
448be1cd
4451ff90
448b8bb0
4495471e
4438541f
44848f52
4481245d
44865c56
44961b73
446c4acb
447e4ea2
445c47fa
4473d9b2
44699085
44870606
4487a5ca
4492fa9e
445a25a5
446f27b0
447f0233
4452d60c
44788f06
443e31b7
444d2549
4490264d
4455e439
4430fd6a
446748b4
4441e3d2
448d7184
4469337f
44511e54
4476aff7
44440d9b
44555188
44811413
44508eb5
4472c5bf
44744fa6
44763447
447a7533
4486a221
444beccc
44513b60
44785d73
446fd782
44718b04
4456290e
4452830c
4484c906
44660fd6
446771e6
4454db10
444c6576
448d4a47
44607cc8
44543349
44233ec7
44640fb5
44956196
44223fba
44721668
44492449
4468f35a
44795b1d
44319f05
441ed6ab
44636ed4
444ae37b
4479ee95
44606268
4436dada
445bab6d
44847a12
4476e4e3
4458586e
444e6a66
448b6eb0
4476371e
44946e7e
447c285a
444d7a7d
447cfa71
442f019b
44985d6d
44635a6b
444d8110
4463e1d4
4441d42e
44878242
4447c795
445a2535
4448d481
442b1a98
44636056
442fd0b3
4483531b
444ccbaf
444f2229
445622ba
446d7ef4
4474bd27
440d6afa
44669dd2
449a0493
4452d4fd
4435e0b2
4486e678
444ed5a7
447d6bf7
443f7fd8
4456a376
4469d736
4434b411
4499f20d
44422a11
44548c8f
4446c56b
44504a5c
44459b77
4441072e
443ce652
447c5284
44386e4f
449ca019
444fb3f5
446bd192
447ea6e1
446cd1f5
4454f233
4468732c
444304a1
44395c12
4437159c
448199a1
4475ab84
44632ef5
446f98e2
444e5810
4454916f
4430d558
445405d0
445638a9
4444419d
44865e48
