// case 001 bf16_full_tile - C[128][128] FP32 expected, row stride 512 bytes
// 16384 words, 32-bit each, little-endian memory image
430da431
43136f6b
42db734f
4351eec7
42fcbc83
4337bcda
43183d95
42bf682c
436ba0c4
42cf76bd
43420222
42e39ed2
42a10e18
434cc83f
428b5d65
431aae82
42fa751f
42dd016a
424cbea8
430161d6
433a008c
42e56c6a
42cf15c0
4303c522
4312a993
43020d05
4295a93d
4322b2cf
42e76338
43083574
42ca88e5
4302d408
429c23ab
4326220c
4300c1fa
4382eb7c
4320d4fb
42c917fc
4359e79a
43177adb
434ff554
430e29a1
431d9e95
43314fb8
42d727b0
4344ecec
4327a55a
4331e786
43199370
42c933e9
434766f8
42ff8380
42c3700a
433d20ab
4275b8ab
43379359
4222fb4a
42d4f243
43187402
42c62873
438650f5
43034118
42e14e81
430d35bd
430dba09
42e69387
42f3d768
432a1e5e
43098a4b
429ad3c9
42e750ec
42e3160a
4334e229
430e0e52
42a925d1
436a791c
42cc5667
42a665ab
42c41fc2
43066c6c
433873ce
42a4b0e0
42d58b60
4334efad
42b80297
43709ea4
4312ac06
4307dc3a
43452c80
42d79eda
437b0e4c
431dbef6
42f46383
42c90a63
432a3071
43280dba
430a323c
43353d90
437eb65f
42e72f11
42a3b573
42df9b6c
42e1326e
4339ee5b
42b44187
437c2ede
42f3e9d7
42dcc471
42c05bca
4314f017
42e6a101
430efcb1
42b926cb
42bc7bee
43272f16
428f7df5
42f582fb
42f2ea57
4311bdd2
430728d6
433c351b
42f300fe
4304d9bc
4333981f
42caeb98
437b06ea
431c76e3
4310edf5
42adf0bb
42e900bb
42efb49a
42e17682
43268c79
41fcca23
431864e2
4275d3d7
4294e1e6
4294a758
424eb6ba
423a7b4a
429b7ea6
42c632e7
42f96c13
420f67dd
425f0736
4268fda8
42d0f4d3
434cd4e0
42e09440
42bc2662
42cae197
42da3ff4
428a9dee
4262e6ba
40b9a285
42660046
42968552
434d5b24
428ccc7a
43095763
42650a28
42d0f940
42d08799
42d91e4f
4328412d
427dd2b6
420ee6ff
4320d5d0
42f860a2
43266e1a
4263ced0
42870d9d
42b55710
42936311
43509b44
42ff22ed
42c38458
42eff3a3
41d38e8e
42be7efe
42a74e37
4135ad04
4284746c
42a382cc
430ab135
4298573a
4283942c
42af95d1
42d50a21
433ae23d
4272849a
430951e3
42a2892f
427c46ad
4270ccca
428b885b
4289f4ac
41d95bc9
42494738
42e9c932
42a4f457
42da6d90
43079a4c
42500d28
42f122a4
42908bb4
42befede
42cc28fe
42e48aff
41dce94a
42881481
c14bcd3a
42d0b8e9
43027b30
427a7768
42a8d9b9
42efa0be
42b79e8c
42d8e39d
4285554f
428ee8a0
4268d25e
433e16f9
4296396a
4331cc89
42c73ce9
430ee6a3
42c294ad
4220cd9b
4305a77d
42a598b7
42aa6a0c
426c12b7
429fbff2
42fcfb64
427a97de
42221785
4288d30e
42a87a56
428009b8
426eb6a0
42aa577e
42f178ce
4301c9e5
430a4ea7
42164944
4292d6a1
4338096e
41d4c181
429eb892
42bb24b6
42edf122
431dee4f
430bfbf2
430b24ab
429ed314
42f859bc
430621c1
4126ec90
430750bc
429069f1
431d4d8e
42d83cd6
4322ef4c
43239ea0
427457d4
4303f5ea
43131676
42d8789f
42c1aa53
425c32ba
4311b7ac
42ddc30d
4309b49e
42b50da2
42639976
43171fcc
42edd1da
431cd2d1
420d364c
42e2cf74
42848821
42aca9cd
4317c1b2
4250a024
433792df
423dbca4
431e996c
43111c93
43434561
42bbf05d
4315b3b4
4311b15c
43201bec
432a99f3
430bab90
42ed7fd2
4334382a
42f3ed60
43035421
42b21ac8
43153f96
431b8829
428cd94e
42b89944
432c2061
4312326b
423eb81d
4351ebc2
430328ea
4312c5a1
433e76e6
42b676f4
42d0f3b5
43001e5e
42c95a84
42eb6532
42c281f0
431c67b1
428328dc
4276bb52
43223de1
4280ee59
43176e6d
434ba5ae
42dbcc92
4268ec72
42cc3968
4308cd72
42b496d8
42f7f36c
4325f72e
42d3d7f9
428c0301
42942ffa
42ab7384
43621f5d
4297a47c
42ce119e
4301e717
432744e6
42e3d1cf
430ad1cc
43542399
42d823cb
4311eec0
433d29f0
42ea33f2
434b20ba
42ac1169
42edea54
42d74293
430ae528
433022fc
43381a81
42aceb81
42488864
4361afee
4313e322
43221e16
43153869
42a7893a
431a69be
42f8a303
429f0d93
43034313
4187d108
42c6fd79
42babada
42c5a924
43300cdc
42100e66
4307ddcd
42bfb926
42eb46de
42d023bf
4298f464
42e514da
43180044
4315939c
43126ba9
434fc16e
4301493e
43482af0
427418c1
4313323c
42a9db76
434e3344
42ce5ce8
430ae448
43024df4
42cbc255
4355c15e
4227400e
4341b16c
42b04a0a
430400a1
4320cb28
4270f162
42ec932e
42ceeed3
425c4e28
433a5156
43169301
43210f2d
42e51260
42c17a75
42918820
430d2387
42cad6b6
42c89b84
42ab4e32
430c0159
42f421ee
42d23312
42fdfa4a
42ad466e
43086f25
43070e9b
4324a538
4321bbfb
4321995a
431c1a8c
42c8e464
42d651fd
4327f003
432c9a35
42dbb830
42a19dca
42dd247e
42e0d6b5
431e32bc
42f58240
42c1f8a3
429dd13a
42f58cd8
43132334
43082807
42c1c1e0
434227e9
4246e7c0
434a79dc
43313540
4241142a
42885688
430db026
4314c063
4325ac3c
42d8688e
42e89bd6
42c55c44
4305ab22
431447d3
4230f7d0
42592d05
430c202c
43172447
43212ba4
4298a1b0
42e8b1b8
4301cfb1
42082680
430898b6
43394b01
42d4173a
429b0b16
42ad9b43
4360c3b4
42a0b44d
435e51d5
43104c3b
42be9d63
433a3f09
42a4095a
4343fac8
42ca325e
427fbc4c
42a62166
432c8ed8
4287a4c9
430c514f
42e84b63
42fc9826
42b836b9
42f56f8b
42c333e0
42c446b8
4316699b
42f35e09
42be6bff
43132212
41c28e90
42cd64e0
42dc8b9f
431abaa4
43193b84
42c7de25
434a4793
42c5e734
42d69d6a
4302e518
42c645d9
42caca15
430660a4
425c1848
4200aea4
43471100
43580ab1
43495e63
431e1241
4302abb1
42b1147e
428317f6
42d3dd27
429e7905
429f3f86
42b5d200
4255d07e
430f57f7
42d8a3c9
429953f6
c06f2ad8
42c13a0a
42a0adf8
42f9e215
42165057
42cc22c4
42ae9c3e
42d47f2b
42bc8067
42cfb41a
42a1dbb8
43142adc
42dcf462
430310a9
4293e1b1
4316a746
41aca8a0
42f9eeab
42890a70
429c110e
425f92d8
4236d854
43192936
42d9957a
42cce23d
4322b307
42e2ceb5
42856613
430f0e90
42a4bf59
42881a7a
42d0604c
42aa7088
426991d8
42788c5e
c19a6bde
4214eebc
423e6f88
430fde9f
428ebcec
4303eb28
429a38db
42f40b9f
42f423be
42a4518c
42ddcda7
42b255ba
4229a35c
42f95ac4
42a5cdcc
430b5579
42ef56d6
42b3bfc4
431bb9e4
4262f088
42929f6f
422046f4
42b2760c
42a48dba
42c6dcdc
42a3f91a
4219a8a4
430c33ca
4330aa72
420dce3a
428a0a1a
42c8c276
42e61d52
43425c60
425b4162
4354c976
42e19d2d
4261f662
42b368fb
42e4010c
4250a9f4
42c3b95b
42e61a30
428f4b40
411934ba
4369ede0
42f2b2c1
41eb7a80
42a57a4e
41fef98d
4246e75c
42260f10
419dc548
432b3ae7
4264f522
4267b520
42082cd2
42ef228f
432386f6
429b2534
4275eaef
428aa3c4
4294d6ae
42534b9d
42cdc883
43137562
413a55b0
42dadd97
4289e152
42b9837c
42cdb655
41eb0000
42e669a5
4211e2f8
41be3972
42932603
42073752
4294278c
42c7cfca
42895df3
42b74969
4287ad72
42d70919
42d0e532
43346587
432d7d34
429e8d42
435afa81
430c67b3
435b8345
431a1eb0
4307d203
435e9c94
42d419de
4330dd24
432bb396
43140ce4
43083c2e
4263337a
42f2e548
42852a86
430e6b96
42ce20e8
432e1490
439abf23
4302bf5f
4324fe89
42fe25f4
43779376
430a54c8
422abe38
434df5f9
43106796
435ccd3c
42e2a43c
43311e05
431bf620
42fac464
4354121e
435ae51c
4322641e
4318efc4
434c04f8
432bb4a2
434484da
42cf8742
4351a30f
433c7ce6
42c147f8
431d7843
4321d81c
430865a4
4310969e
43266a0c
4325a3fc
431ae718
434c523e
430300e6
42ab362a
4332e674
429d5186
4309db60
43241ebe
42a531c7
438d29bc
4319eeee
4369a67b
430b5bfe
4300712b
4329e682
429d4040
436e9af2
42c72bd7
43198df0
431ca696
430c3cbf
438358a0
430f9a18
42dad551
4381c7d1
430f9823
42754d34
42c50273
435ab698
437ecf4c
422066f0
43075bb8
433135ea
42f674be
4382db9a
433223ee
4326c518
43197c84
432db16d
43908e32
428f9d58
435adae3
42e5e6be
432250ea
42de643e
42feceac
434f4e18
4355f8b0
42c221a6
42df25c8
431abb3c
43302e40
42fbfc0c
432f5d26
42bd1dc0
431608c6
42c0cd5d
42af2db2
4332b1a5
42cd08df
4313feb0
4291ffa8
4322ef15
43642fc6
43042beb
4329a08a
42acec2a
42ec49cc
431b4943
42cdcb79
42f19178
433972da
4305ec83
433b2c20
43899ffc
431afd75
42a28495
4278b635
431686d5
42b21428
430ff22d
4329b244
42c24210
433113ef
42d6cce8
43495240
42d7cda1
431f3831
430f0af8
42951081
4325ee7d
42bf96f7
42b620a5
42c5133f
42efad3f
431a1cbc
43320a4c
4329895f
433e5d57
42e00259
428cf6ad
430750b4
42c72c7d
423a69ac
42ef01e9
429f7cc7
435e9eaa
42da0010
434d653f
42969154
430bef3f
42e7c46c
433b2fc1
432f04d9
431b0c62
43170082
43284270
42e265f0
434b2a70
4335d452
42b9630b
430468d2
42910cf2
4355fffe
432f5491
42c0c311
431d9fa5
42ad1fa4
42c44612
43144a34
4280457c
42f05090
42e0efdc
42cc3da1
43065ce2
43196e9a
42d5ab62
4308c8d2
430c7552
431300a1
432e814a
42b1d39a
42c9218f
42fcb856
42d3d304
430c1502
42ae33bd
426c73f4
42f40bbb
42f579b0
431970de
4338e111
432b98f5
43489da1
42c83646
42f98edf
42fbd79c
43070c1c
42b7edf0
42d81230
42d193ef
4328cf48
43007bea
430fb124
431b612b
4317e383
431571b8
4325b603
43060c1a
43091ff0
42f06146
435bcc56
43299c9a
433808b8
433c40ef
434effd2
42be0382
428a42bc
4335a7c8
42b119fb
4349095d
42bb6628
4309c5c4
43068843
42b649ad
425f87e1
42fe4d70
42c10d11
42e85439
4322375f
42a29fe8
43437199
42d7df7f
432f709f
428d0f5b
42f2ab6a
43296b0d
42c3dcef
430f6afd
43387923
431017cc
4350c524
436e9501
43524b30
4334cf63
42f33d69
42919fa3
4304c3d1
42ebc879
43160646
4286ab48
429cbc90
43756cb1
4311a4b8
3f8c3708
431041b1
42a70526
43076bca
430631c0
4313a69e
43057157
42de001a
432e54f3
4313b942
429a0f87
42da5e96
428eeafb
432363da
42942857
423ef8ce
4244be71
431e6cba
42abf43c
428e351b
42b2119f
42262c7d
43248fc9
425dec25
42c94250
42a807b8
42dc0203
42fb3b57
4321a10d
42a5bfe2
42b3a676
42e19290
42b0894c
4258e48e
4107692c
4286726f
42a9af62
434ae479
42b1035e
429e9ff1
432984b6
4226d39b
42f61360
42ac8166
426c8196
434e654b
4302801e
429e0543
42c4140b
42f4f014
435668c7
423b9187
43018cdf
43150428
42603186
425ab44a
42e80a76
c0f094da
42cf0fe2
429afc45
c1ce960a
c152f8c9
431c035e
c0463a15
428fd1cf
42dc9edf
4215c2fc
430354c8
4301232d
42ea56f4
429a2a80
430938e8
42d116a4
4268ae58
42834dcc
425ae35b
4246ae2c
42b26e64
4226b2ec
41b6da72
4313b592
430ec5cc
42b9a10d
431c4e8e
42c72494
42ef94e6
423dbb0f
428aa4a6
4306568c
42e60246
429aef94
3f992904
430c3f41
43387f2a
42e57279
4282a6cb
4268a115
42e898fe
42db96d1
421aa00a
42e91a72
4280350a
42252b5c
42a20270
430859fc
42dee19c
426e1fae
42e3e8ce
4242f2c5
40e4cd58
42ddfdf9
42a18a7d
42919740
43164530
42c2b6ea
431664ca
43078056
429ac649
43560ca3
431fa98e
43483754
4315d2ec
43a797ed
42ded0cd
4359dc3c
43139132
42f655b5
43937e52
429e348a
43665e91
432320eb
4317f155
438e1fdc
4245cce6
431178ae
4310eca8
42fdba41
431d5cff
43449488
4367ffdf
435d77e9
42f6c692
4323b067
431a56ee
43439010
42d41be6
430785f6
4365b837
432a7481
43159dad
43674aac
430da1f5
43401a3f
4312c3e6
43718389
43855869
4341068b
4380adaa
434bc12d
432788a8
438b2a56
433deb77
42f79ed2
43093485
432b7280
433df6a6
43285575
432828b9
430f023a
432a50a1
433e49e3
4359b5f1
4329f98f
42de3fbc
432995e6
42fc028c
42e6c3c2
43a712a7
428eb8cc
43195277
4354097b
432dc1de
4331bbf0
42daffe3
42fb126b
42d929de
4339e41a
4317b3d0
42895a97
42dda04e
431abc26
42f735d6
43732a5f
42abf513
43414ecf
43361ddc
4296086d
431e66e9
4323871b
43168bbb
42d2a260
4304e6b6
43714806
42ef76a7
435ba552
433e569a
4325a528
435156cd
42cb7fd5
437c95ca
42ff5a31
432ec62d
4309ede2
43612465
42c132d0
434e6aae
4350e946
437a45a4
43086c3e
430a4867
4336f42a
432852b8
43257efb
42928e24
43309118
432daaf6
427d4cc4
42bfc419
4307f301
436b2cbd
43257da4
42ae1bbf
431be1d6
433c3ca2
4301ca4c
4364b7a0
42c6cf2a
431fd6fd
4339db1b
4310e2c4
42bd8325
43679ff7
43810396
435a0f63
437fbf40
432b972f
432ea2f6
42766ccd
4238a739
42e5de21
430e0184
4348de12
42e8fe7d
4306df06
42f52b0f
429ed951
4275298b
429a2195
4203fba9
42bb22a6
42fdb03d
430c1a85
42d221ba
431dfebc
43044209
430b7c40
430dd483
430bf4f0
425e4168
42f0d312
42e79890
426460ad
426dd15f
428d6a79
42d5058d
430abe2b
42d1304b
42b1c564
42c54138
42b15615
42db0336
41ba885d
42be98f0
4311b8d3
42006d4c
41fc2c7e
42a423f6
42bce8aa
4313f74e
42e767db
425d6e2a
42f8551a
428ef158
42cfb4fc
42c6f8c7
4313a3af
43120d60
41d4fa06
42bbe747
42dd8066
424c28f8
42b48e46
42bd18de
431884b6
42e5257c
42c6d77b
433344b3
42d0a875
430fd3eb
420aaccc
42d7b864
42a7ade6
4068fb0f
4264c7ad
42e0f131
42c6bf54
4236356b
42262d45
42bc02ac
42fa1327
42905dc4
42cf730c
428ee80c
42f50ecd
430dd529
430e4b92
42d3e631
42ed6c03
423eac22
42a511e2
421ce8ae
4329dc81
430b5511
42a127b3
42c0fcf3
428c2f83
42f9bac1
429a9983
42937dfb
42d72457
42cc2bad
4309eaa3
4247b59f
42f02a26
42d2fc1f
43063083
432bdd6d
42b5efc8
42baf91a
42fff498
4301f1e3
429b1182
428d4271
42b23d4b
42bf5362
42652176
4140b854
42dfef29
42c6e2cf
429b285a
42d421b0
42b97cc2
42e47035
4344ce94
42d31f26
4238e4c4
43134308
41ac52f7
4289f65e
43077e58
43251118
42bc81a6
42928cb6
43004806
4312639d
4325291e
421bdd18
42db4786
42bdf77d
42e87711
430b2630
430c0a7d
42c32028
42b41710
4313befc
430d86f6
429ec425
42058264
433c42d6
42bb1401
428470da
430a7215
429dcb64
41ee7e74
4304f61b
434ab751
42e271d2
42adaa94
42ffe1c5
42dcb275
4301ad92
42861aae
43079809
42e9666b
42cb4548
42c13188
42aa67c7
42daefe7
433e63b7
425bfac2
4335fae5
431403a2
421aa46a
4327d5d6
43177895
4309f48a
43092d9c
42f1ba5a
431b141b
42ff29c1
430d3d79
42f1fe74
4326b7a1
432df38f
4320f745
43243445
43188df4
42a42b3a
430a294b
421620aa
4328ae02
4263dc61
428cbb84
4272e132
43044ddb
4361e26a
43060948
42c5d68a
42db6f7f
42c464bb
428eb63e
4318d95a
42fd2390
42ac7544
42892cd5
42ec1690
4220ddf7
42f28a34
42f18bde
42b83655
43184462
42aa1e05
42aaed70
42c35164
4288c610
435d5aa6
41c87a00
4262fcd3
42d32525
4332a24a
433b8624
431d6661
431eb223
4312b2ba
42c48422
4351e942
42d57c09
42de0ad9
42c74c69
43145300
432e544f
42ee52ad
43364f79
43316ff8
42c8db9a
42d6f858
42a8ce02
42e00724
42f4d986
42e1daed
4359ee59
42656082
42fc0802
42ca093a
42e1aefc
42b57f7b
42d9328c
429560ba
c16761cc
42c76cfe
42862c78
4317f3da
42f9d6dc
42800737
430685a2
43483fd6
424ec7d8
4289f851
42b904b3
428c1dad
435bf727
43068c14
431d0ee0
42e76c5a
4315c366
43010698
430e5c6a
43323c46
42e4f02a
4320a674
42dc5eb0
4311a234
42efb13c
42a05b5e
435375d8
42fffea0
43477ffe
42f36c6a
42a789c4
43141526
42ec403a
42a9dc92
434e8272
4308a0ad
4329f074
432896c6
42ed8c5a
432c0136
4311ff4b
42e986d9
42e77efd
42cbf219
43891a76
429cdd13
433380a6
4325131a
430174ae
431e2f86
431cb67d
433db3c6
4304ff2a
431fa86e
43825864
42f08da7
4336a1dd
431d18f2
431646fa
42d564d5
42bfd227
4350d124
42a8792f
42ad5959
43081643
42735922
430856da
432a4aa2
42dcf157
42afc46c
430d9858
431c9816
42c2b548
42dfff84
43241b82
42f17c85
436c49ca
42a5b3e9
42cc2580
43492b5e
42f40cca
422d4c24
4322a614
4308fdb4
42dc0c53
426268f1
437abacb
4317508f
42cfdc0e
42bb7e4a
43002fb6
430c5ce3
425d1c56
42dfe64c
42f5867d
432399c0
42c9e498
42adcab3
42dcb8c5
436eb45a
430beff7
42b38a7b
42f0fb56
42c7cd2e
431070f6
4312b7e9
4248de57
43379b35
42ce6d6a
43278ad0
42de3091
43022bc2
4336d5f0
43386350
4355bee8
42989678
4385762d
431337e2
430bd330
42680cdd
4301e1ca
431f18dc
430b65c8
42bca0dc
43260b2a
42e17124
431660c6
4264ce3d
4333049c
4358ccd3
42ea67f9
436a32ef
4296bc5f
42fb9f34
437f1524
42a8928a
43092036
431b1525
4316a7b3
4370e6fc
4335a57a
434f3129
43428a5c
42c43401
41b2fb54
433d6e5b
4315e0a6
430d42b6
42caf08c
43234eb8
430e97c6
433d621a
42402a0b
4342bf74
42c1199a
43243c4d
42ae0cc6
433487d5
43084d18
42d248df
42f37903
430a1bad
430effd3
4329db30
42fda330
43021b52
42ae2230
430868d6
42afaeb0
431e479a
429cd461
42a25cef
43150c29
42d931b4
42f0cbd8
430a5940
436bcdcc
4314468d
438a0967
42e330a2
435744ca
42e05c56
42fde790
430ed76a
4327ff4b
436a1150
42b2a69b
42ace64a
42c541f7
430668bd
436748dd
43084e0e
433652b7
41dd3ff0
42e975e0
4314c7d0
430a1a2d
4346ae38
43202d7e
430ec668
4323db19
42de4584
43648494
433816a3
42dc580e
42f82180
42f4d7d0
427d802f
427e8640
430a342b
43123a65
4324f974
4266db44
4235d6e7
431a100b
433c36a3
42ce106e
433b60ec
43396d61
42d2c24e
43438888
42a96733
43588721
432620aa
427a275f
42f5a800
42d123c8
42ccca19
438395a7
42f05608
42f211f3
42a243b5
434982a6
4352f092
42a3196c
43102a66
42b2ece7
434ccd24
4302d1ca
42a58165
437b9880
43264b56
429b9982
42bc4d93
4318786c
431b0279
42d5a412
429a8f56
434e589d
4309596c
4303a202
42d282e0
42e4e4d0
433864de
42cb01d8
4333322c
4324cac1
431486d0
43343dca
4337b85a
42d911dd
42454230
43238cac
42e306e4
42493037
430e1c73
433eda28
42f4ba4a
43445f05
42fafbe7
43296bde
42dd5476
42c00ff0
42916f2e
42a97d30
426cff98
42d7ddb0
42cec916
42990135
43070a38
4293fd0b
42b3ca07
43440320
42678892
434c699a
42993192
42a77f98
42d66fd2
42a64156
4191c9de
42f444bd
430597fc
429cc6d3
429607dc
4213eb4a
42d21d6e
428db3a8
42c4669a
42ca0f9a
42c57702
42c97eb6
4192c650
42fb8eec
430eb5ec
434956b2
42b71bca
43009738
42d08404
4304d4d5
4363d95f
4338846f
42c16404
43001b74
4253dd18
4318b131
42677668
426c2ef6
43320c56
4286f69a
42a29eae
42a1a508
432f96c6
43287076
42aa6236
42c4e52f
40ba0bc8
42f25b0d
425fd856
41d94dc4
42f6e725
4214418d
431d1bf8
42e6d5db
429d250b
420474de
42ab83c1
42701d50
4258cf58
42e6c370
431b5fd6
425f9c4a
4291a85a
42d1f90a
429ea2df
430de786
41d573f6
43362627
42835201
42dd9583
42ab313d
42274e03
431135c5
420c28e3
424e0634
4327436f
42efa2b6
42bf781b
4303f6b2
42afb96e
428c7581
429bfe5f
430d1c76
418c17a0
430318f1
4300bb8b
428393ec
42ee681e
42a4998e
43153e7d
436cdfba
42e734e6
42ee0cad
43088706
42c0a6eb
43083b30
c13b6386
4309af76
430c318f
42918864
42dcf555
42f54aee
425b83c6
43128f21
4201c93b
c10ed3a0
430454a6
4202f6ce
42e1f009
bed65d00
42d5035c
4308a67a
42e84e50
42cf6bc8
42ba0c94
430adc37
42e71232
432d781e
4332fbd0
432aabc2
42fee358
42733232
43031e05
42f5c5f0
42bf7360
42c4f5b5
42e4e4fb
42ea2829
42d3d238
41b5ad60
431a9180
4299554c
430613d9
42e1508e
42cd56bf
427f6185
4318c1a9
4298a3ec
42e0206a
428e22bd
4342d7f4
42d994ea
42ad5548
42b4441e
42baff02
42c36dd6
4295f9e8
43014922
42ed7da8
429a2db3
42886346
42d19492
43002caf
431745d3
4260387f
42f11f8a
42bc64e1
4313f968
4296af51
430c1cf2
42e5dac3
431f3b20
431323ab
4295a3c6
4133889c
42bab3d6
42d48717
42c68f7e
42baf9c6
432624a2
429cbb68
4297a2f4
43229ee0
42a2f320
42fd6688
431e7153
42f81d81
429dfe7b
429fc349
43391b5f
431f0492
42bab631
43064ce0
42ea6f38
427f089c
42a8e957
420a4750
42e3f610
429cc9ac
42bc2c48
428f7d52
429c35e9
430e8c98
42c83253
42273206
43009150
42d88146
42f6446a
4269124b
42876298
4318d706
41a927d6
42bd5210
42a0f08f
43046e40
43070315
42e0965e
42fb05c8
42cbbc94
42ea98d2
433acb80
42bf06d9
4321d69d
42adffa1
429c8476
428b90ca
42cd575e
4323f4c3
4309498b
42849548
42816217
42fde54f
430ccea2
42b534f5
42b13274
42c989c3
42a4151a
428f7b56
429400a7
429cc37f
42d55762
4286f1ba
429e0afc
425a61c8
430f88c2
42abb371
430c57dd
42bddc02
427b8983
42f29a7c
42b92de7
42a0237c
43084373
42ec48f4
42413618
433c2595
4307bb2a
42fd14ed
4282c566
41cd0df0
424906b2
4266b5fd
42996fb8
428d3b91
42d9a2ac
430763df
4299d5e6
42672624
42c3cf2d
42b244b1
429763ec
40a5d120
42aca4f1
42aa8548
420d1eca
424dfd36
425a55c2
42bbc36f
429f1a63
4288ac24
430313fb
41d1836b
42eefae4
41e716dd
42948518
42b0ee6a
421c6495
42f27fe7
4216e5bc
42913d68
42e86252
4305754f
42c6226a
43077c6c
42810332
42b59374
42dd8d79
42e2f3b4
427324a9
42dc4e7e
430a3cb6
42158a74
424809b1
41ebb799
42888f88
428f28e7
428cb9e2
42f1f736
425a1d48
428ff202
432562cd
42c5e17e
42873b85
4226f242
42440e8d
430291b9
42bbcca1
42a6cc81
423f1776
42c26b3f
42a5de05
427a4fa8
41f372ff
42422ac7
42ba9fbd
42cd4666
42ada23a
42a9b1f3
424f742e
428c6dfd
42fe6b56
42781aa7
42e86141
42efa86b
425af825
428db7a8
40f3e526
430b1ba3
4315bfff
41e42af6
4274abf5
42808324
4305d022
4315a993
42bdc136
42cd5b8b
428f59aa
4302cd81
428e926a
41f8ccb0
42a3e6b9
4212b88d
42a94c4a
427a42e8
42b5ce30
42cf11e5
42896670
42a60d66
4289a681
42efd314
42874ddf
42a629eb
42963c33
4226f823
428d864e
424e3b0a
4261cf37
42ca331c
429b6d74
42b017ba
42aa5acc
42810233
42dc012f
4293ce22
42f2b2a8
427122ea
4289084d
42d0fd21
4174b09a
42a7499f
42db0349
42b62679
42e83e32
43037446
428712f0
42b590d9
41ecac1a
42c33d00
428c8c38
42f1049b
42f233b5
42c1436e
431907f3
42bc1ad0
428fe102
42d3420e
42550740
42a217fd
421939b9
429c510b
4266b63f
426553b8
42ca158e
42c5a052
429e7ddf
42f7d72e
42ca7ff5
42c224bf
42cc45d2
421de726
42d96a84
429f38ea
42daa613
42a948d7
42fb6579
431364e8
428d1c75
41777a44
428457c7
42c44555
42d27048
432d94f9
43056b9b
426d4cb0
429a7c5a
42b8952a
41e34c56
433c972e
42f7fc54
42c1d49a
42ef6c3c
428e1cf8
428fa443
432804ef
42fe8076
42e7050a
411f5b82
41bc3063
42fe89dc
42aab8ea
4293a764
429a3f66
42d71b85
4329b026
43130afd
42ebec6d
4277dcc0
42870375
42927914
42ebeeba
4221ce12
42461a3e
430dba21
42caa38c
430d91e5
4290c34c
4140823b
42e552d2
42fdcdc9
42109af9
431df50d
427dae3a
42e044f4
42956a79
4272d10d
4344cc05
42bdab0d
42b98e6a
42666c80
42e107ce
43193bf4
42bfd5c3
42c4bee1
43057c66
429b0115
4327569d
42ec291e
428880c3
42858bdc
413efc02
43084565
428d0adc
427073ea
431ee906
430757af
42d0f14d
42b13b6e
42fc111b
425715b7
42eba7ec
43101ae8
42679d11
42b83b18
42caaa66
42f7c4da
42e47f90
42940e74
4301db4f
42d38a54
42a85770
42c88293
42afa7c2
4346fc39
42b586e8
4287d240
42e5b4d3
428a2843
41be5de1
42c5c2a2
42f0ad21
43013aca
42db8faf
430963ff
4319e239
42fa6528
4316110b
4325df34
4362f22b
4351eab6
431211c7
432fa100
43439923
43606294
428739f2
43342a74
42f69648
4322d988
432e9585
42feb0c3
42de5bc7
433e3df4
4352d663
42e104cb
43434f65
4388db7f
4325ef93
432f0e2d
42c756d5
435969a5
42a8627e
432c099d
4339efa9
42f62076
432f4c16
42c8f9f2
434761ed
42e4effa
4366374a
4339e3aa
43506ba0
434996c0
43400174
43501b6f
4340e5c2
43399dc9
43482a0a
430f8aec
42e26180
427b1822
430eb7c6
4336267a
43654724
433425a2
431abc0f
432c020a
433030d5
42aa9ba0
42db0d96
433b635d
4351bbd6
43395b1a
435b995b
431357ca
436d49c2
4330632c
433f2267
43204edc
429b106b
42dc97e8
42b2259a
42d68ac0
433b81c0
435f6bfc
427ddb80
425325d5
43650de6
4343513f
4304c280
4340a23a
4319c496
4343a52b
4324b8f2
4307cc85
4381260e
4316f42d
42d8149b
43198b5a
431452d7
42de4787
433901eb
4319c7cb
43113f7c
42eca2ea
4390985a
43781693
42f14962
431257d7
42ad16cc
430939f3
4303d10d
42e5c8be
436a925f
436399a1
430484c8
42b0fa58
43203e9d
433bab70
433eb354
43274e12
42f460da
432c038c
432d2ca4
4319ede6
4343f99b
42e68039
431ed54d
42c9fd00
42b2e92c
43728dd2
42df0639
43303772
42c9cdc0
43187c19
433dc968
42c659fb
4285700f
4345dce3
435208b4
43352dcb
42e7162c
434db87c
436a54ae
42c245b7
433707db
42ba15ea
43677620
434091a6
433a4914
4340ad86
42e84938
434d8422
4312b2fc
432461ea
43060676
43238612
4380fd75
431a28aa
43517782
431b82ee
431c82cc
436dcba3
432139cf
436ebbf6
4317f908
42f2f6b0
4321bc86
431a4499
4314a8a5
429cf357
43256260
43332b7c
4353018d
4326f25a
43306230
42d596a4
430b88e6
42fdba95
437fe0f4
4354895c
43014bdc
42db85f3
4307d8f5
431d5736
4385fc89
433743ce
4313e72e
42d74f65
4322893e
433d0f39
432fed18
43264161
43563c63
42725f96
430d50b2
43594179
43301492
43113cc2
434d2812
43036b2e
43143823
4388b58d
430299f3
433ac772
4315ef0c
4335968b
434be8e8
4329a50b
430af2df
43163e06
432dcc3c
434a3e93
42e5d076
429c2d54
42e26d1c
43334bd5
42ffe82a
42f85ca4
435f1df9
42fe4e23
42cbd03a
43227034
43278b44
43433f08
42ee89ae
42f8bd01
432f2cee
435a7cf4
4370320a
433c6502
432b2ced
431250a6
43143d6c
439243f9
4306da76
43500484
42d733fd
437a43b8
42dbe634
43417b11
4370d70f
434e8f70
431f5e24
430fa48a
436b5ad9
43263b42
432f65a2
42e3d9a6
4336cc1e
431daeda
42b1d790
42b3ed55
4285dcfc
430ffc0f
430e4128
42d86198
43828a12
42b84b30
4327d98f
43826479
4305d51f
42b8c118
43210725
42b60732
42e0b05e
434e891c
435e2deb
432f8faf
438701c2
436bfd10
431abc7c
432237ea
4309535a
430c52da
430ac736
4304f71a
42bde7e1
42f04808
4309b8be
430c5f7e
423d4724
42ecff18
4326fed3
432dde59
43002074
43177c96
42691b90
42b99b09
42c5f2fa
42a2c74e
43599c3d
435a1fbc
4344b5de
42877852
42e4d6f2
4353daa7
4303d5f2
42f9c1b0
42c2d264
42f73e71
433b595f
42be02fc
432eee8d
42f9b89a
432c211c
4344c8ed
4320d3c4
43430d60
434e8592
4333e239
436eb0fa
42f01a83
4355f0ce
433d1606
430620c8
41a8234a
42cc754d
432ecfe4
4335e366
4301c814
4323d86a
42b6c497
4305fbda
42ec790e
429123e7
42ec2a60
4370e468
430efe2e
42a45f04
4291516d
431cefa4
4310e09a
4349873e
4303989e
42dac967
431031a2
431f91a2
42892500
430a0914
42973bfe
42fbda8a
42a88936
434ba5b8
4321317d
431bd15f
42b2091a
42e965b7
42fe1099
431be364
42efae24
4314b9ec
4346c01e
42cf77f8
42a3c1be
430ede44
42e855e0
4323f5d4
4303704f
43238b4a
42fd453e
4331e3c8
43557c5f
428c9696
43072bc5
4302c4de
432b31aa
42f3784b
42b8bd21
43344e14
433feb2e
42bae56e
4261d51a
43684b02
4326bed2
426afb20
43074bf4
4312b94d
43314966
42f0ff96
42d04c22
432357af
42f6e43c
43242d98
42e803e4
4317a7fe
4337b2e8
42e04e78
4354248d
428844dd
42e773b4
432e0d6b
42f1f09c
42737822
428202ef
43162731
432a85e6
432c2e8e
4315337b
42e2adbc
4322b7b0
42a0c2ec
42c0bd12
4337b71e
42f29e4c
4336b51b
42dffd71
42ed5acb
431df841
42c54620
42c77cce
430e400e
4309cfa5
434ebac4
42c572aa
430feb26
43004c04
432b78a1
42b45483
42ca0eb6
4364fe03
42f5ea2c
42a87ef3
4327de2f
4318700e
43119f9f
430a0e04
431794d8
430baa08
42887768
42a40957
42dc456c
43156130
43122a08
42cfef23
435bfdd6
432c6fc8
42de17cc
431c446c
42bdfb14
4307d6ff
433b03f2
434d5850
42fc1c4e
42da1950
42ed19da
42fe192c
42edef85
42c6a18f
42e081ea
42bad8dd
4326fe0e
43399f08
430f32be
42f19daa
43109694
42a87744
42d758d2
43487fde
431e0189
436db181
4306a115
4315e157
42550f9e
42bdaa1e
4269a476
42d2b02e
435c0e76
42dd1c39
426a178e
42aa1da6
42cc1b3e
432517af
42e6a12e
425e797a
436fea1e
42510ca1
430f407b
42f4ddc0
42dfea07
435018e0
42b88cbf
43290ced
4333c0c4
4307e6f0
4385bcc1
4329dc7a
4322182d
428a2bbc
42ad1038
435c3700
429db740
4359e29a
42a4ff76
430288da
427c67d3
42bfbade
436936aa
43381247
42c19320
4346afe5
43192aae
4320af0b
42ee2902
426b4896
433db898
42d6b7d1
42c5d0b7
42b69bcd
42785ef6
4341f95d
4305e3a0
42df2544
4309c742
42ba6ba6
431a750b
434b9362
43127ac2
422ef852
4301dfaa
42839ca1
4286c3be
431d24da
430bc774
427f4950
43452689
432fb5b4
4318e566
42a153a4
429f074e
4221542f
42b4841c
4303a1da
4291fa80
431b1ae2
42fbd5eb
429de08d
42a79bff
42445d64
42cf35c9
42a5da40
4271ff14
42f91e00
42ab852c
428e047a
4312d6e9
42d41e14
42c3ea88
42d0bd7f
4282e2a8
4314f06a
42e45df5
42bd5231
420fdd66
42a43aab
42abd1e2
42b55e5a
434186af
4253b264
42cb5a5e
42d7d120
43170c8a
42d3e8ff
42e6097e
42b56a07
42fbcd86
428476f7
42d423b0
42e72588
4315546d
42b51fb3
42d831b3
428590c5
42a2fd35
432e0882
42838286
42ea92f7
430cfc19
40a8769e
41d1165d
43206bca
424d2362
42fe9772
429fd5b4
4302614d
42dfa690
42f1f817
430e3bef
42c2f45a
42c93f9a
42e69e38
4289d56c
42a4670b
42a19cdc
426d7f0c
43055870
42f69333
42c6a071
420bb4be
42cf1746
42caa906
419980db
430a5e1c
42c18e47
42851287
42d39732
429aefe4
431815cb
432165b0
42c32edc
42a62ce2
429f2cf3
43174c2a
424d5620
4279259e
42ec59b5
4282a0b7
432f8aad
43043807
423881d0
4328675c
428f9f00
42daefd0
4281f0bd
428aa3a9
43171c1e
432cf776
4309ffe8
4289a64a
4361705a
430e4cda
42de10ff
42c10bdc
427d3ee2
42f2dcc1
42c34f89
42eaaa3a
42c0022a
41cacfe6
42b82dcf
42c7e8f5
43044c17
4310e4b0
42f6bc90
43212474
427f2cd0
426b8e60
42e35e08
4220bbd9
42ffa198
42ddd002
42fa5701
4306b864
4305ff08
431469d7
4319e52a
42398c88
42ca5449
426f7e88
42f8f180
432a0ef1
42a5f5d4
430d4f18
42ea9a20
431ad610
425a5e4e
432e392c
42f6b2d7
4303de41
42f48230
42c8c275
420788b8
42d5d811
42df5d70
431ed521
429cf1ce
42e58a38
4324af18
430fe6c7
43077d3d
43142a2e
42dfd5e9
4307a34e
423f7598
42bede8f
43312620
4293cfc2
4329b92c
430d603c
4342cf1e
431500f6
42accbd5
4319fab6
43386b7c
430b08d2
4299927d
4296fc20
42f335fa
433c9d50
42b56fe2
42cf0593
42680368
43157ac3
4290bbfc
42dec92a
430103b8
41b26708
428b7c84
433aa2fd
425f32f2
4308147a
42b3ab6e
42935775
4307d57d
42ac1ecf
4320fb13
42abcfea
43032ca2
432e8588
42aafe15
42d6e222
42644f23
42779430
430491b8
43072503
42b61dea
42cd12f0
4325b529
42facd52
42960dc7
430285a8
42d7915d
4327b38c
429e719b
4322ca04
42d427f6
42b8c734
42dd8caa
42d3835b
4343e94e
4324c6f3
42b0951d
42c4b13f
428dc96e
43012908
42df458a
42cbac08
427af75c
4315b004
42d0c398
4300724c
42a90178
42a2d42d
43080850
42fb2ee1
42e2e9d0
42c64799
4338ac10
435710ae
4335f4b3
429f2edb
42ffeaf3
42eded9a
42c6bc7a
430a56b8
4316937c
42b9f1c6
42b0b3c0
4322904c
430f7c5a
433b02e1
42ef8ae7
43016aaa
424949a4
41afd029
43231fd7
427473c7
42f89d2d
43011318
4306a9a4
4354ca1a
43324041
431bce85
432765c9
42d4a514
43252740
428b82d2
4326a696
428419ec
4308217c
433ff9a9
42ac3b4e
4350a46a
4291606c
431a3ad4
431c872e
42c2bca1
4322b676
42382850
429f5068
430a8057
42feb01d
42e022e7
43069301
432fd60c
43432384
431ef81f
42e8b8dd
432888b4
42a5d6fb
431cc004
429e49ed
42f8b295
430957b8
42ba8c1f
4345c9ae
43316aba
4361afe9
42eb9636
4330fe3e
4329c39c
4346358c
43807539
431f35f2
431ad79e
435282ef
4329659c
433222bf
42b4147f
42dfb6ba
4321314e
43166275
43063160
42938659
431662cb
4301c4d0
432ebfe9
43078c13
42ca4b9e
43265806
4290c625
4318de9f
432c1702
4299beda
4311e7b0
431be88e
430bdf87
42f7fadc
42c704d4
42e5b470
4301d667
432da7ff
433372bc
42c78d82
42a267fc
43035f4a
4320102e
4305ec67
42c2d0c8
43277cfb
4304e32d
42f7915a
42d84a00
433d046e
433070fc
42fb791c
432215b0
4366959e
42d093be
4301b5a1
4313b9af
43309221
432c1883
431ca41b
432feba7
42e06bac
431a0b4a
4302d4ce
42dc0427
4315863d
42eacbbf
434fbd2e
4367a4cc
42ef7440
42dcbee2
434380c0
43146798
432edb97
428985a1
431c9176
43124642
429eb03d
4324f7ff
4328a6de
42ce668c
4342bb7a
4314cb7c
42c49958
4353cf80
429e8d1a
431ef20e
42d725d6
43286844
43050e33
43065f0e
43210485
4344aa33
4331ee18
43341b4a
430b887b
433a4cf6
4348ecfc
42b9f858
432f687a
431f50cd
43525150
439eea6c
43419b59
438b347f
43796694
434344c4
432511c6
4328cbd7
432f0a20
434bed94
432fefc2
4327efed
431ca2ca
4311a8ee
4337d78f
4338b2dd
43917bc8
437da1ec
43449b86
4346cb26
430692a4
4391f11a
431b6dee
433db1eb
432743ce
432073ca
43a4df34
42d484e6
434ffde8
42ede538
43503acc
43844e5f
4389afb2
43a4e4d9
432ef644
4361a617
4362c3ae
42e678c6
4376e70e
4366ffeb
43224ac2
435d92be
430217b2
4366172a
4378f8a6
4360dd3e
438d0cff
430a0f67
434e73d0
435a9863
4309864e
432ffbf5
434d1026
43115c48
435688cc
434f72f5
4332426d
433f49f5
438b5aa9
4337ddd0
435907db
430a62e9
42bdb796
433de400
434b189c
4333b1f4
43076d46
42a9aea9
437874f6
4365f7da
432dacb2
439782df
432e32cb
43764b6f
432a53e8
4345f19c
438c129f
434edb4f
42ce7f1c
430d783d
43420305
43647b0c
438fffb8
433c04f9
4347d1db
433f886d
438d6003
437f840d
42bc21f4
431d205d
42e67304
43ac2ee7
430d6266
432238e6
4388b6e1
434eb278
43489aaa
42d300e5
4369e230
437ef172
43436d35
434d7615
431b0b10
4378c695
436d80e1
43165e99
4380b6ca
43075bb1
43456bbf
43382419
4359b2bb
43613941
430ca20c
43865be4
4306351f
42b12db1
438e5d04
430010fe
42dbf58f
4319a5b2
434cfc98
43ab92e0
43850384
435010a3
43742699
42e0594a
42d2301c
42a0de03
4340325c
43205e86
4338ede7
42e4481d
42f9f651
4339c0db
42c87689
4333dc58
42af3962
430f37a9
42b3fee7
42cab5b0
433fac8d
42a95a4f
42a34cdb
42c9beda
427480a2
43105100
428d1628
42cb943e
42ad3c40
4313351d
42d30d62
423be822
433c55a9
4291dd28
431ffc6c
429066b4
427d182c
4285139d
42b49800
432706db
43837b3b
42d746f2
42a1d466
42f0b0cf
42ec3f7f
43173c59
42ff1749
43340a8c
422e9bb6
4256d28c
4315aeb2
42b4f91d
42abeb8f
428aa427
42fd1bd5
42cf1ee7
42ae881e
4338e161
433ad8cb
42c729c6
4306ae97
423624f0
43237e1d
43230301
43021d1b
43422497
43017dc6
430870d8
42dd7f58
4318cff5
427140c1
42a7e6f9
431755d3
42ed71b9
42b09e35
42b2aab5
42f17910
43678ff8
42481561
428e18e7
4369b538
427032b7
41965a1d
4224cb5f
42fee80c
4304e92f
424f14da
42dff557
4304baa5
4312a664
439f6528
42efcec2
42bfdf53
430b8adc
42ae22ec
436e3ff0
42ccaaa9
4311fe60
41903ac0
430ce10f
41f70569
42e99bc9
43257394
4294ebe3
431405ce
42a20f43
42f1484c
42d27d91
431827d0
42c90c68
43192b24
427b32ee
42bbaf05
42659e8e
42e4aa27
4318f851
42b4b602
42696f31
433e8306
42c120e1
42d60ccd
42ee383c
42eff399
42c94386
432b39e9
422b7f27
42c0919b
42fbbedc
431ec429
42a48387
43875513
43016bd3
428135fa
4298469c
434bc3d4
429f2d38
431ff138
43406120
42f484a7
431a518c
42e11242
42e85d7a
42f461a5
420fedf8
432cfa08
42b0d752
43080c6c
42e6ce1d
42f62a6e
4292d201
431d54ca
42716578
4340b08c
4304b2b9
42b8bf86
42f106dd
42ae1f42
43247d28
42aec99b
42690864
4312b5ef
42f523dc
438208c6
42a398d0
42f7a08e
427a3db0
42b339e0
4324238b
4339aae2
43466136
428c1766
43074705
431b63cd
42e08af0
434da839
42ee8f3c
431078b4
42e61b9c
42de7317
43519164
4304efec
430c237c
42fc8ad3
4292d91a
426b0ef9
43129874
4266689c
42330e5c
42bdd09b
4318f9be
42c3b475
43454846
429d3671
430d51ef
431c6826
42672b4c
4303e412
43071aae
42e8d90d
42abc7a4
43217258
42f43ea4
4308c254
42963eb2
43208746
432e69f3
42a5cb68
430ee570
43089302
42d6aeda
42be04b6
42daa3bb
4336821e
431cea1a
43003892
42a45923
42e80e5e
4316a439
42f13210
42dea718
4316800b
42db2b4c
4320814a
431841df
42830304
43098618
42abd234
4331f474
42aef6df
42f18e99
4316776a
436d1124
4334b272
428ef4d1
4379044b
42d6ff56
42f14a64
42dcc231
429b55e8
433bad35
42e8c8ad
42c5b82a
42e27948
425f93e8
432920b2
42a7717e
432b74ee
432a5101
42e31b1c
437f20bd
425ac030
4315e1ba
43129aae
4221f159
4310bd7c
42c510ac
432498a8
43207e26
43384584
434846d0
43082f96
42753c93
42ac8a1f
425b4228
42a446e5
42894aa6
42ab6906
42a600d2
4310a615
42dffe82
428cab20
42e3f59f
42c87da4
42904562
429694d0
42a3bada
42ee4ff7
42b9fbec
425043c8
423db8d5
4291bdb0
42237b16
42a59ba8
431627c2
41de9060
4267b61a
42559bdc
4299752a
42e87b5f
41058258
42fbd90e
42425ec9
42996ab5
42b738d6
43029e14
42a5b7d9
4303cb9a
4290c158
42c2ad7d
42f0d597
42f3c796
428dc5c4
431f921e
42e34eb8
42ac458e
429da9f8
43044f90
43027d52
42d538bb
429d4cfe
430cb97c
42a0f675
41db7461
431a47cb
42fbc9be
43003801
43091292
42924006
42e39146
427c9176
43089405
41398f14
426bb387
42d5fea8
427f046c
42506f49
42dc3b6c
4294a05c
42de2519
43175904
4254890d
41e9820a
42d45567
42c1feb8
428e7101
42b46a58
423aea38
4283b277
423b6ece
41be7d38
42a6f272
432080a0
42701b9a
42750a23
42b4a1e9
430e2a6f
42bbf77c
4288f84c
43139a04
42a5cfec
42c2e87f
430fee91
42ba48f7
42cce4aa
421f7a6f
42d722d2
42b5da6c
42b93bd4
430c1021
42e84480
4289cedb
420154e0
432cd241
42c1a14e
42e9c6a3
43055f8e
42c459d5
42d4ef85
42ce1512
42abae23
431b4662
4187cd24
4281fca4
428a045c
42b9c34d
42e5cb97
4181a348
42c063c0
42f0d60f
42d1344b
4303e0b9
4260b38c
42882fac
42cfa01b
42b63687
4301cd62
4316df25
42ef9586
432e8996
428a7c04
431bf416
429a27f1
43177d47
4322b5bb
43188069
43608ac9
42f08f3b
43235f11
42c91c81
431e8c24
42b21b26
43070e1c
436f188b
42d59f2b
42c43f62
4331ca0c
43007ed4
431b2a0f
4316597c
438ccf89
43167e5d
43316bad
43185f1f
42ffdca2
4304f10e
42d86a79
430307e0
434a3935
4316d938
430a82f6
4325290d
4318a38b
4354d891
42b469f0
431fc240
433cdcfe
42d75721
431f6f25
433233ee
42b4fe64
434b231a
42af4382
4357ab9a
42ae63e0
42c3c165
4337667f
4327a776
4370adfd
433b7c76
431e10c8
4312c2e5
4302a718
4308b1d5
4299b495
433a03c2
430c5165
42a79632
43031986
42ee9c4f
434e2446
42e77e3e
4323916c
433a73a0
42d6aece
43045e0b
42e7a36c
43154636
433516d4
42a825ca
43052c81
42b14786
42e6fb5a
42f79a22
431cff96
432ab26a
43378ac8
430caf75
42f4b188
430271cc
43577c5e
4271b388
42a6bc86
42f319d3
4335d9e2
430485e8
431246fc
43004d3d
42fb327a
432a12e9
4348c0bb
42b6ae72
434184b5
432d63f5
43114b1d
4325f59b
4314a9b7
435b52f6
438c8123
4302559c
429a74a1
43175864
435272c2
42f2c0fe
42eaeec8
42ffbf89
43001b67
42e510ac
42f0ab2f
430db5ec
42689d30
431aebbb
42b4a381
428011c2
432025ba
4295c564
433f0d02
42903188
42ac9786
4318efca
43438b49
42f38a25
430a6210
430bdc29
4335deeb
432241a6
433f6c42
4344d823
4338659e
4328923e
431d7b1b
435d3f90
43244256
43064666
431f1962
431f517e
43555b15
428dc893
432c10da
431ee779
42dc35e0
4334954a
43078bfc
42bdd79a
42c8c3dc
42f3392b
431455c8
437e3462
4340af59
4325296e
4327b2d4
42ced4cc
430f8f72
42ef4236
42e53a99
42b09996
430a322e
435bf41c
42bb017e
4349fd9f
431410dc
434b091c
43472a05
435c8031
4361d4f8
433e90df
431d39da
433b97c3
433373e4
433f747f
431f0b0e
430754f3
4330a0be
43195dd4
4375132e
4366fea1
43039189
435b788e
42acf9ec
43307eef
432c58db
42e7b9ce
430bd3c7
43391831
42d17521
430dfb56
430d9502
43154787
4330e814
433563cc
43449db8
430c6dd2
42853772
43073472
42d6102b
4307831e
4339acc3
422a0ec0
428ae86c
435130b7
430d8767
434b9f7c
432fca80
430e7cf2
434c23a6
431acff9
43272c76
43309292
4357442f
42666eeb
42b24314
4316b259
4304ddbb
433d1852
432c63ad
43232fba
4303d03c
432b98d9
435c8794
42d72efa
43031516
42ba2db8
438a3cdc
430a8cd7
433905c2
4346b505
436a64a3
425ead8c
42da4a52
431d1df5
43245b20
4349cb58
42fb8bf2
43264afc
43493193
42d9ce0e
42c1ade3
43300709
42fbe946
42d8242e
4300b487
42f15a3f
433ec1af
43088586
433c79d6
4247666c
427f1fdf
435ce336
42e8fb69
421416a0
4321c680
4341097a
4378fee0
438620b1
431ce7a0
4340633d
438acd5d
42e7ba89
431b8ba8
433eb5c2
432d3ef0
432b714b
431076ce
4329faff
43308d38
42cb0a03
4332397a
430d93ae
42c12b66
434ebab2
42f1ad8f
42a8b8cc
430c15c5
432e28de
42c13dce
433d8cb9
438f5db9
42f78887
42dc61b3
43408a68
43485930
4315da23
42e13462
4326d03a
43170b6d
430e969c
42aba470
4322c49e
42e6d04e
4327d2af
4317292a
435124fa
43467632
431a34b1
43301da0
430b4406
43857db4
42da5c3c
434c9100
43313dba
430aac90
4346af56
4353e9d9
4342c861
430e9bcc
4335c30a
430ec2ee
433906dc
4308a346
42e8f46a
42fdbdba
4373ecb7
4256b2ba
430e0378
42d269ce
4344369a
43a14e68
434d1b55
434ad292
42f5c595
4314ecdc
4312cea2
42b89c55
4350b9d4
4246f4b8
42b91c94
42d7bef6
43130632
434652fd
432d7d77
42a7cab2
434a40b2
430017fd
430bc7b7
4338c7c1
431937de
438a33d2
42a1dcfc
43004ac4
4344b6a8
42e21ba0
43733006
43455803
43396eda
433c2510
4312584a
439a0b0c
4316e46c
432b6658
42da533c
434af2a6
4313bbec
42fa8188
43498956
4358985b
42a7adc4
4311dad6
43035bfd
4333a13e
433913d9
431b906e
435f52c1
430889b5
42fb6226
42eb2b65
430b91f8
430dc9e1
4302ca28
4307ba60
42ea6f13
43371ada
4312c99b
4331ab35
431160a6
4262a70a
431389ca
43267a6f
4289e56a
43217e49
431312f6
42de766c
4393c65f
43230216
431e0518
42179619
42b6fb99
429570a2
42fd1dc2
426538f8
42931f35
4306f6eb
42441179
42b659c9
41edce50
423c6048
421dddff
4296d2b6
bef1b740
41c4a4ae
424188d2
422b6882
42380ab6
41de1f82
42ed243e
4259ea88
42da35ea
42dc7eae
42e4e8a1
42fdc05d
425ddc0b
4258234e
418c8354
42a7b905
43003234
422ead7e
42a713e1
42be1a0c
4265ff04
431da4c9
42e6d1d8
42d3d51c
4238fa74
427a2636
429e2a6e
42914549
42912edf
42f8b628
42a97ffc
42a03fb5
4264d89f
41e97728
42aead38
42560fc0
42525bec
41ef9d1a
421ee151
42f599bc
4298c6cd
421b6bac
41e80448
426f5dca
42b93bd2
42947ed7
425f9feb
42b0cd1b
42f513e8
42063010
429e6dc6
4238181e
41f26024
4298e5c7
42b7e34b
4200f411
427095ca
420a71e2
42e63aa6
430ee75a
4240a2a9
42b1de85
428e60a3
42b7b033
42bbc2df
420c765a
434889ee
42c311ca
4228f092
42ab45ed
4281e872
4219d862
4317f071
42052328
42b9aa91
42afd00e
42f17651
4280b8e6
4134350b
41ec0374
c0408896
42d54f93
42195ee3
4207fab8
42bae3b5
4246c2d8
429be4df
4232d4a7
42bc71e9
42c76888
41fde788
425089d8
428f4448
4228182a
4257006a
427cd32b
42b7ec9f
42935f76
42f08a24
42674efe
42ec919a
42c27f48
4286bca8
43023610
42a2dae1
421b8c75
429d2b7e
41727854
42538f10
42775f32
42c35464
42d4931d
4264052c
4209dfcd
4251f28c
431e7e80
431d8f98
438a6523
43769bb5
43813ada
432628a2
436d0415
43887e4d
4348f598
42d2e030
43665f96
4309f31b
4385ef9c
4363a060
4360fdeb
430b6383
435f568e
43575d4a
43486a74
4337be56
4391a704
43342784
43610f1a
43426842
43562a54
431c9615
436a3f53
43533421
4363d6e1
4325255e
430d6d52
432a294e
433e825b
435ad023
434d52a8
43749cbc
436d7224
4354d562
4339d438
4351c639
432281af
43887b94
437449a2
430f0bb2
42ab6822
43230e29
437dc002
435f85ce
436a66c8
4364eed2
42ab7f46
43460d34
4344e343
42e0b474
436eebdf
4360e5ca
4356b5b2
435be9d1
4355f62b
43b1e0ef
434212ac
434f70a0
4368a9e2
4332b63c
42c956e0
430e5766
42d26b6d
438dd03d
431bfcfe
429fefcb
42e41a94
43668013
434f9e2f
42f7c65c
430fbe69
4305a9de
4348a521
43523c82
43188e2b
437ba58f
436d309c
4312c6f0
4339b110
4343568e
43223ad6
436ddb8e
433a0d06
43021c7e
43128010
437c1fdb
43a03300
42efb653
437d9ece
43104b8a
43151fdf
42d00c1d
42d13392
43909f73
4385f422
432083ac
4315f8f9
43627048
43957690
4312ae35
433c6024
4314e74c
4344071b
43363331
434d0ac0
43637a4f
43388432
433a8104
43039130
434f38b9
4367d375
4343166e
438ac6da
432445e6
42b99546
4378730e
43055b9d
43136557
436a3a4f
43431c0e
434e5415
4373f6eb
4386053c
4384b4e5
4309e0c1
435ccac6
42db2fe6
4338e44b
434e3c28
42a5d0e0
43468154
43036963
42fce2bc
42eca40c
4284a868
431634be
42c18f8c
43826744
430ab49d
428dbef2
42f79a8b
43040630
42989306
436feeb4
432348d8
431c9bc8
42ade9dc
435eaf97
4323a797
4310b591
43046242
42bc6ff0
434f9443
43383384
42a3ce8c
4322eb9c
429cf136
431b0614
4329c480
432ae5e0
4382104a
42d4c90d
43255f7f
43566ba1
43349ac6
43832e27
428fb694
43277b36
4297a743
42f77f92
4387bb9a
432b7817
43285af0
4322cc8c
42e99d25
431d22f0
4302db17
42e774ad
41bc38ec
42e84031
42d885f1
4241d7a5
4350016e
42ec3cbe
4343418a
434fcf32
42d0f466
431a9b90
4318a09b
42ca2aed
42e4c1a1
42f0ae81
42e284fe
42edc573
42ada0f0
4322b1d3
4278309b
432d9a45
42bdcec7
430553ce
42f8fef9
432fb7d4
431e6615
43149336
4329100a
430fad9a
42af2b5c
432b5a0f
430bffc5
42e0a00a
430ed609
42ef726b
43316017
432a7abd
4340d114
42ef535c
42c749a5
4288f26a
435d8312
42fd10a3
43298646
4307b110
439253b0
4319a68e
42d5993b
435ff9ea
432a6f60
43386474
426bd310
434e7c6e
4340140b
42a48dba
42ff838e
4313d5df
42b53558
43300492
42e0ce72
42acbc75
43257e48
42c470b3
4369277e
424b876a
42d32100
4322bf06
4318ba13
430ba64e
4287bc70
43351f03
4330a6ec
434afc17
435c466c
431c8926
42fafb1f
42db4a5a
42d26972
43160272
4322e5be
432686f6
434362d0
4304980e
43196e0b
4302dbd2
42a5820c
43294e0a
42f35703
430879ce
4307baef
4312f82b
42b56592
429df497
430185c2
43804959
430c231a
43105553
43004080
42e7fe6b
433d97cc
42f6b01c
42e65ca8
42d27d78
42da88be
43618729
429a40be
430bbe7b
430a8e3e
42fa5a39
433654ad
43573263
43465998
4306285c
432c13e8
435f84a3
42e53b6b
4341ac2f
435a1382
433803af
4334234c
430c2e3c
432d566a
432a51c9
430028c0
432ee16a
42821187
43221256
43298d88
43132d31
42ebe64d
43564e1a
42539abe
431082b3
42da32f2
42e804b8
430cb1a2
4353b0fe
4305c975
431422e3
430b01f5
42e3015e
43024e51
432cb134
42f67630
42ba2fc3
4237668d
434cfbcf
433ccbc2
431639c3
42f61ac8
43088b0d
42f83611
42f0c89e
4306afe7
432729bb
435f7859
42953daa
42ad3fa2
432759a4
434af8c3
4368cc5c
42f6df60
43367d63
430de983
431b306e
433d15bf
429b103d
42ef5c9e
42e98485
4385a8e3
42fe4555
42ffec93
43414a8e
434612da
430fe98f
42d6632d
433df4d1
42fe6e58
4317815c
430ed821
433875a1
434721a9
4311ac66
42c422f1
4345eb5c
42d94693
43265f8f
42e6dafa
4353d9be
4313d354
42dca019
433239f2
430dde02
429dc691
437c98df
42d6c469
42a4739f
4301774a
431bcb8d
4388bbae
4351e5c4
431f0fba
431cbfc0
432982cd
4259992a
41593fb4
43303a7b
42f77eae
4349d921
432c64df
42d3a852
43523c9a
426e6d32
43032550
42d6fd94
42384fab
42ecbfac
42a0b20e
4311f53a
42bb8ca6
4305d3d4
433e5a6f
4320f9f0
43607340
42496ad9
42d35b94
42b9b8ad
42f73d34
42734cd4
42312fb7
42e62fb4
430e7025
431d04bb
422bb40a
4301c7cf
42c50d1a
431ad148
42d2ba26
43394c34
42bcaa54
431ebae7
42e7ae0c
42f9c81e
432f548e
428cf502
43094351
4310b6e0
431116e4
42e0df9b
43090786
42c28d6c
42cc56f2
4306b27d
42b891ee
42ffb8a7
43027c74
42feb223
42f56c29
434a52d9
40ecc878
4336b2ec
42fd4a37
426be702
4369b003
430d6406
433c4777
42da4d34
42f89218
4295f042
42760979
42fa2e36
43017777
422dbb73
41c654a9
42dddec2
432888a0
42f6dec0
430156ea
4375cd4b
4302e526
42cee460
43140652
42fe1fd2
43408a60
41ba9040
42783d68
432085cc
431bb93d
433aca87
42ff4cf3
430ebffe
42fc60b2
4309531c
433a7c46
42b8115c
4317ca75
430e2df9
433d032a
42bd21dc
42fc273a
4323943c
434b951d
42f2526f
42eb8382
4289203c
4294b88a
435b4d9f
42d05a9d
42f48820
42d31a8a
4294a64c
42802950
42acc2c8
42cf3f4a
42da65d8
42d1ff9e
42eea0a8
42fc6bf6
42ef785c
42941ec0
42933b56
421ae361
431ecb06
42cca6ae
42532c6c
4347b05c
43418843
432cd591
4356c23b
42dbf594
43039a70
42e3f6ae
4389da32
42bc3174
43244427
43420b64
42ed67b6
4313c242
42abf70b
430184cd
42c264d2
429afa60
432fe5ea
42e916b2
433ba3dc
431bdce7
4310c071
42bc2e8d
4302acac
42e5b46e
433ed5db
4318d17e
42efc614
4337ca22
42badff1
4309f21e
42be268c
4302396e
42d1f33a
42cd1cfa
4334b921
42e1b42b
431cc917
42b4a43c
42c48b49
433768d6
437b0f86
435ba4d2
42a6e9e6
431a570a
42d116a8
4306fea6
437011bb
42b0d23e
4303b8ad
42ef7208
4302686b
4361a6ce
43699dec
430b122e
42f5c4d5
42a04fea
431219a3
433976de
42fd51d0
4281e575
430a2dc4
42c01e08
4304e5ff
4342bd9c
42abb311
431f1e42
431d0ed6
4304fe06
431a6c58
432abfeb
42f94a40
42fc58a6
431917a6
432c9f1a
42899aa8
42e311bc
43479564
435e02d1
42ad1688
42e6d690
430419b7
42da1976
430153a6
42f030fd
4330d37a
432ee9be
430895ec
42f0531f
432bc1e2
42de8526
433bb46d
431fb1d3
430a6db2
4283a00e
42ce0310
432722a5
42ad439a
4315b768
42aabc99
4340a2dc
427807ec
431a6294
4366343e
433ee415
430562d8
429cfa88
4366707a
431759bb
42fd2eac
4268817e
4309bf96
433812bc
42a4afe2
42faaf10
43194ea6
42ca915e
4312752d
42e152ea
435f09a3
42dc995f
42d4ed50
4374faaa
42459666
43133aca
434a4f94
4230070c
42e9b30a
42dab901
42f4773a
431bd8da
4342e493
435fd16d
430ec395
432322e6
43227e54
4330c030
43517a3a
43049154
432ec5fe
4319e6f1
4329affc
436aa5de
42b89b14
435973f4
43299380
43082c69
433bc36a
4305be40
42ebe387
431009e6
42efd693
4307f77a
436539a2
437dd198
430dd8e2
4337dc4b
42b099a4
4362210a
42e41a02
42cd7910
4342e7f0
4319e773
43219e3f
430f86ef
4316fbb5
4324a010
4315c5f8
432045c2
4353bad4
4316611e
43189ee4
43550bec
4348b29d
4323e247
432a1907
438eaa69
433a9346
42badcb0
4323bcfa
4335732e
434d115c
43283323
43003742
42d138c9
431c4964
430d8804
4302f8b9
42e99b0c
437f0c8e
42d01fe8
4367ea1a
43047353
4325a8dd
430fd1a2
432528ac
4328b4c0
432a11c7
42fbcb33
4356e3ee
42b65fbc
43767a21
4300f1f7
42bc57f8
42dddbfe
4331d475
437a533d
432f7c22
42a3d718
43223e23
431e2289
42ac4190
42e91fb2
435b9713
4383cdcd
42c8d2e2
42d73d94
4348d98c
430f3f3f
4360ca94
433393d7
432b4e94
433a36c4
4313d3d6
437f362e
42f5f45e
43138274
43224bab
4300b73a
432718a7
4308f167
432e8541
4375fdb8
42c70920
4310aa21
4315918c
42db738e
4316bfcd
433ff89d
42db2dbe
431a58f9
42a670b5
4303b3e7
43283532
431414dc
4344df69
42b83dcf
433b7741
4351a24e
43131d22
43523ebc
430f51b2
432e73bd
43349ef9
42c8d30e
42c83dbc
4380d8b5
433b3ad1
4342ba8a
435c8773
43470812
431a75a3
42bb8888
4307a7a1
42f68dbc
434a9737
42ca4e59
431d8804
433f89d6
4312e10c
434f3480
42b4408c
43254b9c
43169603
42a87348
43226c3a
42b8c880
43013ed2
4323861c
42ee742b
42b231ff
430fc292
42df4a3c
42ceab0c
431f6b2e
42a22c44
42fadfe1
42a09ba2
4310d36a
42e8c1cd
43301026
432ad802
42832152
42bc512d
4335aee5
436df004
432334c0
434b4f50
430134cf
43218ed0
433e5ec7
432de3c0
43199450
433140f6
4318e0a0
43430438
42e91b6b
4315ab48
4323a998
43115182
43117b7e
43121f2c
42e56c64
42b5547d
431f0217
43284cd9
4298ecc4
431f1b56
42d7ebd8
432b7281
4325511e
431e03c6
43180a08
42ce39c4
42d7b674
42d8cc9f
42879f37
42c9a100
42e6e1ee
432421a0
437d45aa
42b5b630
42338234
4327f335
431b4dbb
42ecba98
42c69150
4320fe3b
430625e8
4311de58
42dab37e
435f2ab2
4339b7e6
42b52a63
42a54484
435b3006
431ee04c
431ada2e
430a4faa
43054899
431a313d
434bb2f4
43553493
42b5c082
42dfcfd8
428d8441
43076b73
4313a489
42ace43d
4320a3c5
43880f34
431ae4f1
43131c4c
432023ee
4306856e
436bc99d
42f97815
43225f4b
43206d21
42d9397c
4336d5af
432aff9c
42890d10
43515bc0
42b71d2a
42bd7139
433a5f8a
42a90c58
433dd824
42bb5548
42dd4eea
430ffc4e
430554f2
42ca1753
432465de
4382c3b2
433199c0
434ab3d8
433b8dc8
43639ffb
42cef756
4280cef4
424f386b
42f47fe4
43139634
43496878
435889f0
4296fb37
4311f78a
435a151c
429fa256
430f9ee3
428c84bc
43162568
424b57f5
42ef128a
4286c61f
42bdd80d
42fd65e4
4338a4c0
433f70c1
43095f72
43113c00
42cc59c3
432027a1
43094067
426c9296
430b6c1b
42b791ba
43761487
42b899f1
42e62660
4316aa18
42dd3ef4
4304ba3a
43619c9c
432c92c2
429af30f
4336026c
43463a0e
42badc14
430e3a26
4333dc15
433c7899
4361017e
42dd8911
4317489b
42e9f8ab
42fcf056
4308a746
42b44fe2
4330e3d0
43203b62
4306cfc4
42afa2d6
430a02f1
42139cf6
431798e1
4302fb98
4285cc63
4343a079
433612df
432bbe95
4308798b
42df239d
42978527
43259432
4346a891
43014052
427d00bc
4295fd12
42f692bc
43241077
42b5895a
431d5988
433ffc06
42f0564a
c081e500
42c7fa54
43126d0e
43504e66
41fe89b8
42d92509
42fb2262
4370cb6a
437c1b2e
430a1769
431aa05c
42f79001
42f49080
4350b90f
424d4a20
433d22a1
42d6aa0c
43625d3c
430644de
4302cc6c
436f566e
432ee0f4
431b557a
430a3fab
4304f90e
42bce32a
4315c42d
430daf36
43110a44
42fbf2d3
43177602
42aad3fe
433c6494
42cdaa02
430b07c5
429d4ea9
4306d647
430db232
4302e694
430db18b
430979ae
42618518
437b3bd6
42ff6c35
42cdf418
432bb008
42a635bc
438ac6ac
436a16de
433312cc
431ac031
435d06a0
42c9e464
42e54c00
43392c5b
4271fe35
4320aa4d
42834471
4280923b
432e1404
42aebff7
4302f766
42f0eeef
428c8911
42f8bf41
42a263b9
42bc3347
423a620a
431441f1
423e17da
42feb159
434e8a44
42a583a2
42cda8da
42b67e72
4300ec5c
42b33880
42512876
42e7e877
42a41ed2
4322e058
42e8cd97
42edcafc
42d42158
431c514c
42d48549
435cb6dc
4306766d
42f8d857
431bc993
42dc5eb8
435eae3f
42c67139
4311e330
4323a284
42c418df
43587bc4
431fe036
43201a0c
4312f695
42bcadff
42b14af0
42c95254
42851875
42cbe553
42d4385b
43548e31
42b5e688
429ccdca
42dac5ac
42bd7b9d
4363e562
42d6e679
42eeae28
4288a7ec
42be1413
4332565e
428aa588
433c8c49
42e81688
4284e3d5
42c562f8
42c54d67
43278a20
42ab9e5c
42a22276
43216654
4226718b
420a4bca
42be9af0
4307725e
435c8ede
42982a88
42af544e
42ee54b8
422989e4
432165fc
4302dab3
431c3345
42dae7e7
42d060ab
4383cb01
42caa140
432d074e
42d70bdf
430c7a61
4303e25d
42ae7a26
433452b5
435dd4ee
423649a6
428edfdf
4309c9b3
42cc4d1c
429c3b64
42f1d9b1
43206226
4309da00
42dd1d32
42b2dc30
42a6888b
42c4b4e0
4293c01e
42622cb7
4311ce54
43181bb1
4312aef8
43091fc2
4296be49
42e31e37
42b736b6
43106168
422ee7fc
42e60bb8
430c00b1
4293eb40
434e0b37
42b698bc
42c003d7
4295e60c
4300305f
42ec91ee
43004c03
430ad3b9
42c1a790
431c7130
42c3de11
42c2f8e3
42f2e3b9
42c11ffa
42f0b880
42e626e0
435443f2
4286e847
42e0e988
42b0cd00
42f527e8
42eab6da
42f006e2
4316289c
42e665af
430599b4
42d004b6
42a34d0b
4308bf63
42bc70b3
42feda39
42b05cfc
432d6c92
42ce88d9
4332d9e2
42f84cda
431b5d74
42981902
430e3609
4370f704
42d84e60
431fa0fe
42b7e657
42be40d7
43571234
42c72090
4324267c
432f6a9c
42d9561a
4362b119
43147666
4324944d
42d81424
42b3df1d
43125e36
4319336d
421fbcca
42d0681e
42ad27ab
42e2321c
42dcac98
4343ac78
42b87414
42f59a4e
43288df0
430fd796
42fb3df2
425cc168
42fafda2
430c55b1
435f6464
42fadda8
41c10562
42db2057
42f73b42
42c0199e
42fe1833
42f7e1de
42b8cbda
42d8b289
418bfb40
43182ec2
430682f0
4330c8d7
42c8ce54
42e68c4c
4306b54c
4300d40e
43312523
4338e682
42d1b2ba
42f23e69
429d7691
4315c977
42b7f34a
432a5c7c
42cd10ba
432d34fc
42ca659d
433e4df6
4331e7db
4360a166
42cacf8d
43119328
43475696
43075022
42cd90ac
42e7e5f9
42e297cd
4366b553
42af07e4
42bd3e31
42f7fce0
42c9e5cb
43027311
42b6452a
4307d9b9
430dbcfb
4313b228
43484d14
42cea9ca
4254925c
43125f0f
4258e224
42fe88ed
4353d7ef
42e6fc89
435cd836
4344150e
43520528
432f4248
42f438bc
431d2026
42f93458
4355b0bf
4324ce0b
430f502a
42ae8e5a
438d983e
434cf5dd
41a9e948
433e110c
431f589e
431818a0
433571fe
42fbdd82
42ffce96
431e53cf
43464f81
42af1fa0
431446b9
430f7933
42e7b0af
434bca9a
42f6cbf6
432adba2
42b0b710
432f2d1f
42fef62f
431b1085
4312d751
4280ca57
43381a5e
430f1c2b
434f6e56
43113f3d
42e41720
435613e5
430ffcf6
434160fc
42cda6c1
42f869ff
43153ca6
433ac63d
42b54b84
42f3d2a8
42f66260
433c468f
42b65e46
430d417f
43443560
42fd303d
42df781c
434f891a
42e2f2f6
42fa6f52
430cffd9
43086e94
42f5f168
433e0944
432e1e22
427a4457
43263dfe
42c5b1da
428bdbb6
42758ea4
4300595f
41cf133f
43302784
4310f990
42b89682
428ea587
431dd5ca
42ce2aca
432d282a
4304cc0a
42da34d9
432246d5
432f0ed8
432d0312
431a5c05
434fc686
42f26508
42cf6eac
4340073a
42e954b8
42f2465c
430b87ca
431f755b
4304b66d
431740b1
43152d90
42a5ddf3
430a0c3a
42d19e26
430d533b
42afb20f
42d70e5b
42cc6161
4330a54e
4301862c
42e21da3
4349d83d
43788806
432afadc
42d0ecd9
4291f98d
431a7034
42e8de37
42ded4da
42c9ff92
42d39ae7
4317d985
42ef260c
4311244c
433488e5
429118ee
43709c50
42b1d4e5
42ba3c7c
42b2ef41
422bef27
42b2f563
431b4280
4363ed89
431b8bf3
43282d98
42d2b998
436f37e3
431b3e5a
427b4126
4226ae17
4333aad4
42aa3a58
434ce65a
4306c022
40957c44
43255f85
42b4a1ef
4334f5c2
427159b8
4263fd12
42fb140b
42c02125
431ba4f3
42a26372
428dac60
432bba8a
42ceab88
432e8c5e
42a41da0
4303b4cb
42e04258
41f73ec8
429a0fb5
412c1422
42b8f2bd
42f339a6
42fee5ec
43157b7a
4323d8c5
431b020a
435f49e9
42a3a182
432bd6d4
42d8a97a
42f25e91
433053a8
42852e4a
433804e8
42fe7e01
42afe430
4320c138
43202fa8
4331c8ba
42d1cf02
4316bfa8
43566797
42aeaf17
42ed8602
4311dd8c
42dde33c
42e4aef0
42a41f8a
4344c576
421ea88a
43208546
42c8222f
426c881d
433729fc
430d3a84
4337545c
42b60390
4314d775
429006e2
430993b0
432627a8
432f0b88
416cc23c
431cede7
42bf3952
4355ad4c
4296c866
424ec0a1
430f7288
42a9b61a
41ca8040
432b7e4e
4304b896
433e2ad0
4232ff15
427455fe
4341a912
4311cccc
4353c836
431fe4f8
42d6b2b2
4303b3cd
4289035a
432ca30f
42a1f026
431445b8
433cbb64
430dbb81
42c5bcb5
430fbfe2
432f2620
433ec45e
43213e21
42fc2740
42c1f713
42e6f558
431ad01e
4301c848
433cff28
42ee8444
4267dc1e
4302f7b9
42e1f31e
42cf1826
42fe58e0
425dda4e
431b31df
42b1405a
4304f3b1
42c84c4e
42a9a004
42a44449
4334575d
42d81560
428e7b5e
432264a7
433dfe51
4326b8d5
4331b03c
4306e418
42b96385
42def300
428dc414
431483be
430100ff
431af23c
42f7871a
4345ccc7
43078817
42f6537c
42ce653c
431476c2
42d94b2b
42b27b6a
42efa838
42bc7d0f
42d10fe8
43394f01
4322a301
42db96f6
42f3bd88
433b011c
430c36ea
431e1fde
42d32ebc
431503a3
42b26b8a
42e602b4
42ef2c34
42cab30b
43440d1d
429b703f
4321d630
42c9c1bf
4327a32c
42e4268b
434d458c
430cbef9
430c2fea
42f07105
42f13e4e
431aa6e0
4305c6d1
43041d85
42a9cea8
42fc020d
42bfa31e
42d7c3a2
4324c7fb
42dbd344
43402de4
42dd57d9
42e39561
4332eb14
42d84df8
431a54fa
42f98b89
43108f7c
431da6dc
431adb8e
433681ac
433b311e
433924a3
42cb4185
430560b5
4300b3db
41f49f19
43049cb6
42eb6240
42c693ee
42ca6c5a
419288af
4301a34f
433d3981
428ccbb4
432e56ba
430f0ba0
4315e6b5
4309de56
42c9b6e6
435b0772
430bc40e
426cd996
42f54232
42ca098b
4320ff4a
432c65d0
42f74954
432e25a2
42d3a382
435fe218
43555518
429295c0
43167e52
4277f514
432b944a
42c9c8d8
428be26b
43869bc3
428d92ba
4337fcae
427c861e
433b7b05
4327b62e
42eee4e7
42992d60
43060fce
42728505
431a98ff
42f2867c
42e7b66f
42d6ca90
42ff0b9b
42e562c0
42e056f2
43169ab1
42bd791e
43626098
430a2708
4296ae44
43094001
42dd253e
42b17bb1
432228b6
4310dde0
42d03fe1
433a9d63
43177c0a
43621454
42ffe622
42e66b34
429f44d8
430c8b56
4247fec0
4302c41a
424afdd9
42fc8843
4315d143
42a7e0f2
42fa58b0
4306372c
42a99c38
43202ba6
42b0cd81
42eacd2e
4292f692
42a52412
41873176
42a32f5e
42b0c935
42bb8153
431a6d4e
42aa486d
428d7151
42fa5bae
42a76d45
42e96768
42b92f5e
42f61bfc
42c42d47
4294bfb5
43339a9b
430aba49
42ef027d
4316951a
42e326b5
42767215
430bb842
42fea6d6
42c0b824
42ebe8fb
43155319
4336067b
42c5d776
4322a571
43147ff1
42b8b182
42ecc3bf
42dd9fd0
426df698
4287a4f8
42edfde5
431542c0
42409c08
430fc384
4287909d
4282b738
4277bdcb
43175f0b
42d22ae2
4247d96d
42e5a3e6
41fa43b5
42737b00
4347b099
426cc8a8
433d0523
4328b940
422b7692
42e287a1
430703a4
42be4a43
4297f517
41ec207d
42e694a3
42752f0d
41ff23d4
428f2422
429dde02
4380d412
42b9e272
41f34526
42f697a6
4312f014
430d96d3
42f99864
42c7faff
428397d1
42808437
431bf7c2
429d05ed
431813e9
4295db38
42abe47f
430aa4eb
42be8bb4
42c6d777
43640ef1
4250627e
42d93cac
431c8454
42eb1fce
42e37567
430b1969
4311e2da
42f085bf
42a46f3c
429648b2
42fe2bda
424703c9
42ed14d1
41edf191
42f4ac4a
42f1859e
42a33b17
4328b730
4296ef6c
425e88de
42cae99c
42d1dffa
426e2ff3
42c8a632
42ec1ed7
43098bac
434103e3
42dc1cf2
430c9081
42b5876e
42b43598
42950d6e
42dbf0d6
427fea20
42a0e5fe
4315f1cc
42917738
42bbd784
425ef329
42e909f2
42556b1a
427fc0a2
42f3d9c8
429b61b6
428faf3a
42cefaab
429ae97d
42eea91e
42c399fa
42f26ffc
42f151c8
4294911b
4302db36
4199a246
42a87a17
41875d5a
42738cd1
430f6f88
430e7d32
42b5207d
431682ac
42f5d536
4341c2cd
42978dc9
427fc67c
430c63a1
42fad617
42c775af
42ae5da1
42c8a668
432fe4b5
42acbbdf
43180d1e
42e7db19
42ad17e5
4320052f
42db5a16
430a4dee
42e639b2
42997bd1
42311068
43001422
4127ab3f
4294468b
430d493b
42fbce54
42c43633
42b0c024
42b90068
42dcfc60
430d7df8
42db4f4d
42eb8cb6
4289443f
42d72553
42c5bcf0
42ec0949
429a4d09
421b9b58
429f26e2
428673c1
42a2fd7a
42e22a18
428f8bd6
427a8131
42ef0341
42c474ad
431fad07
42f15534
433f97d4
429c0dec
42608c6e
42f5e2b8
42efc2be
42ec2b13
4300906d
430b8772
431e3cdf
42a24063
430e18bf
4296a272
42ddd204
4303362d
4300ff7f
42dcea1c
42f4c737
42eb09c9
4334a6c6
42f5ef55
42ed9af9
433470be
42f6f710
42b6f195
4303ad15
42e9a074
42d8e402
422daa29
42dcf494
425d1242
427a5a9f
4331b8c4
42c4917c
42b069e6
42b3d14c
42d91ecc
43419686
42cae3fd
4222ba0a
4293e566
428bd8f6
42ab1762
42fb54d1
4331d074
43016b17
43237ca7
43198ade
430963ae
43122dbe
42c3be50
42e731d0
43321f67
43083c4a
432ae893
43572452
428442d0
431debf2
42ae65b7
4305d008
431a5804
42a3b464
4325a578
423ca323
4266533a
4314313c
4302bb4e
4304a0f9
4334615e
4392c8a2
43025d64
43208256
4307045e
434baddc
4322e7d9
429d8ceb
432f755d
431ccb3c
432fbe33
42b0b9d6
430aced5
430a6f7c
4320ee8b
43013909
43432a8d
430f58b3
4323a08f
431fe076
4307be68
42de7a90
43209aa8
4363da6d
4351a4b0
43235d43
42d66632
4310b544
433c31f9
43286296
42a4f299
42b79808
42df858b
43415998
42837947
4318c516
431c5c02
42dff56a
4369ec7b
431e4477
42f79763
4363e2a0
432510c7
435a42ec
4318ae19
43035948
42c04d48
42d241b9
4379c77c
4275f6d7
428dac43
42e28e09
432df0e9
438ab3f6
4305aad0
431e0ba9
43436507
43297d03
4260b812
42e5a209
434f4f72
4337fa62
427229d5
42f7d293
434443b2
432e738c
43398e98
4311961a
4337e416
430e5ccf
42fbc91c
4332346c
42937f44
4346e8dd
4317c0ab
43004cf9
42bae26e
42ebf4a9
438abc43
436e9b26
42daaf3d
4324e05e
431b859a
42cd33c2
42d85cb8
43178ecd
42d43ff5
4309a017
42c85d54
431bd805
432dc77c
432b0e57
4305488e
42f33984
42f491d3
43628522
43388637
4329c3ae
430d7b5a
42b3c826
435539c5
42a6c191
42a44efc
4389e336
42df4d00
433690b8
4355b78c
435cddec
4332d0c7
432d2962
42f69264
425d9374
43820432
42f69fba
4363d16c
431d235d
42748d52
4346c9a6
43047e48
42f478ce
432a5a80
4306ab44
43679886
428858e1
42da5e39
42fe6b6c
430ff3fe
42cc6be6
432a0e14
435b74ec
431e42ec
4335c5c2
435c4ef2
43437131
43433e5a
4307405f
42dfffa2
43472bfd
43697362
4313a39a
43256cc2
43775ea7
436fc850
4310fe16
433e8ffa
435f11ba
43062e77
435592b2
4343d996
433f065d
433a8970
4334ee9c
43814f0b
43040af8
434b1735
430779b6
42aba81c
4366f5f0
42e60423
42b255e5
431b8097
43407df5
43526d48
428872da
4332608d
42f0fbf1
42d171b4
4334ee38
42e5fb4d
434c442c
433fd86b
431376d2
42838497
433dfe3d
431411b6
42c4a6c5
43806db8
43651689
4308133c
431d1c7c
4345d991
4338fd62
42cfe566
429dc2fb
434eed02
42a5c469
40e15c90
431c164a
4330422d
436433e0
42e1f763
42c4df1f
435ffe7a
436db5d0
43403688
430c6386
430605a2
431086b9
4316f8f5
433d2230
428c8a0e
435ee371
42f0e3d2
4323ae3f
42f6f4c3
431717f8
432bf710
43906a6b
4341129e
4325069f
435f27c0
4345ca8e
43250775
42e9cb01
4348df81
43430fb0
42ef138a
43139ec1
431368c2
43136334
4316fb72
423b67b0
4351937e
435cf3a9
4333126c
4352988f
42b4405c
42c757fd
43487d30
4318a8ae
42c2c350
432d42aa
43630363
4375d7af
4322f101
43111560
430e3584
43124d62
43328f49
431a604e
435f3c98
4368d219
43239f08
438681cc
43442727
4355d074
43256df6
43206154
4330b2f8
42d842e0
43521852
42df1758
4303c795
4319f75f
431a298b
42899e4c
438e3bc8
434aa71d
433baf25
433f288d
434937d4
43804c58
4335aaaf
42cda9e3
43356356
4327dd81
43ad2f09
42c5e1f2
434b378e
42fcefd8
434a74c8
4378d7c9
437a8d6f
438358cc
43047969
4357630f
43896403
434c9524
434508ed
434de21c
4369f871
4338a4c5
432dbe5f
437714d9
43485e8e
433edd4d
434f52cf
43270828
430cb935
43362480
43265f0f
42bc7503
43255107
430e8774
4335b088
432ec35c
4329fa28
436b5eea
438d410e
42fa717a
4337ab88
433fa327
4318f4ba
431e7d2d
43522a50
43022bf1
4311e738
42b3382e
4374b5e4
4347ccb9
433ab899
43616cc8
434a759f
434cc8ba
42d3387c
431965cd
438bdece
437f4f36
42e8cf65
42b70fee
4322abe7
4368a43e
437a321e
431a0c51
4343750b
437a8468
43809378
4372ab2e
42fe23e3
42f76989
42a1a015
438fb428
434e8b27
4338f1d2
43489684
4389898d
435d1c62
42dc7736
4380d9c4
4328f86c
4351b637
4336e15a
4358d659
433e4868
43323ee7
4302b278
436826d6
42e20a7e
4361c125
42f13e93
431b60e5
4386755e
430669aa
43864b19
43153c74
4300c14b
435da6f1
4324577e
430f7ed1
4333cee0
4365c807
438f2bbf
438e3866
434c15cd
43625c21
434ebef7
42aea0bd
42f22271
4355df4b
43148aca
4312c950
42c26383
42b84ace
430f32f0
428cd718
431650d3
42e56ede
41dfaab0
42ed74e4
42ab56bc
4242194e
42b20454
430b0d5e
42d56054
431b85ae
433ae578
425662d9
4265a132
428bae84
430cb5fc
42d0b0de
42c1b1d2
42af1bb4
43259b8a
4334d8fd
429b5c51
425cae52
bf95d540
4311f17e
42c615c6
4371f264
431455fe
431ae8d1
42ec3ca3
42cead18
4344fe7f
43071c12
42ea2484
4254c56f
42c59a96
4323778a
42f6c05d
4330c724
431e544f
430e7594
42436477
4283b9a8
42e5d64d
42ce317a
42cab79b
432053f2
42b82ee2
430d2204
435827d7
42b1a4bc
43348e30
430aeceb
42c86db0
4312975f
430f5a87
42879182
42881ce5
42a0d148
429606a9
42d56639
421eec07
42f13dac
431abab2
42b68ddb
43079557
43005761
42ab0097
4210451e
42e2d10e
431cba64
42816eac
42a32cbc
42071568
432e1a98
42b0dffe
42be6af7
42e2a544
4300f025
431baa62
4308abfa
43616b07
42dea33b
42c14cfe
4285ec0c
4348a58e
4231ddae
42a4ed12
4326f761
4313d604
4302441f
423528c2
42e385a8
42867db2
430f639a
42ab72fb
42eed9c1
42e23084
42c483b0
42f737a0
429f69db
4329e058
4233d7c4
42dd754c
42fc2ed3
4312fb16
430e7328
4322aa4e
42021b0a
42e58fea
43044d52
43236e8c
401b1700
42c5c9a7
43418bb0
428a4dc4
436ba686
429dc48d
42d81e63
425d8d95
42397408
42780523
42f17167
42d6b473
42e91ab2
4306ef8b
42512ade
428b33be
42a30f50
42da4ac0
42c026ac
42b9c238
42ad7c45
42d9f578
42b02790
42d240d3
42630647
42bdaf1c
42f210f7
4327d99f
42b82b12
42b6d21b
42c91aaf
42f1b8b3
42c6a512
427e1203
42e79334
4312f175
42f215b3
42ec7c90
42900086
42ea8e45
43371c6c
42feac26
430cd5df
4277f4a5
42fea470
42f7b724
42cb771a
4286efdf
433f79ac
42f2b8b6
42e27496
4213ac0b
428ebca6
42137b70
43229d40
4341d8c2
42f6f283
427a7895
4294f4bc
431f6dc8
42b3c828
4294ce95
42da8a7f
430d4d45
43259a69
4305fabf
42f6893b
42ab78c2
42bd2106
4306ef0a
429feef1
430b1157
416e48e6
4309acbe
4309ba32
42f3239d
42e43b6a
42d4e6b6
42ee278e
4355e44e
426da616
429a2f0c
42bd9564
42757fbf
42a69a8a
42a1a1fe
435ae66e
42d7f2f4
426d78c4
423effa4
432e242a
4334954a
43137fd2
42dc6777
42de547c
4291e576
4325c428
430ffd47
40827b70
42cb5f99
42ba0a75
42ac2f5d
4225e5f6
4246fda6
433e0d26
42febbcd
432afd8e
4300c01c
432cbca9
42e1c88d
4266ef3c
430ba1d5
42c75e45
42c0b844
426d11a6
432a2eb2
42fdffcd
42d84c81
431572af
4285c816
42fb81d2
42c52fd4
42f4f80e
4340aef2
42abc82c
42b4f624
43140045
42341b91
42000ca6
42c7ff1e
43186e0a
42e265c6
42c712b9
432a3d84
42ac489a
42edba12
4304cbb6
433b4a18
430ce625
43016788
42f16dcf
434f8356
424b5cef
42b41015
42ec48e8
42d2c039
42f6c23e
42d0c2ec
431ab3f4
4296c496
42179954
4318e57b
429fd9f2
42d68da2
43291d64
435b5bdb
431975e5
431b1e97
42a8dff2
431f13dd
42d711fc
42c7b6a7
430dab64
4300ba59
42e757d2
42b2ec45
4301442c
433989e4
42ef8cad
42ee6d68
433a737e
432ae675
42af343f
43116d3d
431f2b7e
42dfbd93
433f9483
432330e6
43076e2a
42fa0216
42a88b5b
43037727
433c373c
42de57c2
42cb525e
42b9daf1
433e9da4
432607f0
4285e7ba
42937a8a
42c18501
42caeb7c
4323fca8
4305791a
4310cf7a
4347d884
432218d9
43171c8c
43177f66
423e2ac6
423ca562
430e08dc
434181de
42e2b38d
42676cfc
42d79361
43095588
436e6825
42d6526e
4296df93
43074ed8
431d9000
42d3ee94
42902a03
43365cba
43200543
41bf6f68
432126e7
42f4f39c
431145b4
43535cc5
433078b7
4303f3ce
42c8b66a
430464c1
432f5f25
427f4ae8
431516c2
428d0542
42c1c11c
42b0f114
4303baba
43706b52
43266a18
42a5c15c
431b41e7
42c2362a
42dcd16d
42e8002b
42aa8a89
42c9f414
42ed1101
42a24ef4
430844c2
4323b622
430421a2
430cad0f
42804eb2
42427e50
432a3e8e
430248da
433b4ebc
42d96d11
42b2e2b0
435ab948
42763aa6
42e0ca4c
435453f4
4297e0ba
431087a2
433ac46a
436beb24
4318ca80
42fa3f5e
42804052
42934fec
435af0b6
42d2fd8c
432dcdc0
431cd176
42ec1064
4346d344
42be9a56
431c0d14
4307c486
42ab4091
433b83a4
42182754
433419aa
42da199c
42e2ed4e
4246d847
4310d684
432e6871
42b6f7e4
43004466
42d6d60a
4301cf16
4314968e
429104dd
43291f5b
42bbcf10
435e0e74
427f74e6
43202394
42f7193a
4390db56
42fcbcb5
43742b44
433ccc9e
43204851
4349dab4
431ecb6f
43296ef8
434e7b58
42debf00
432af521
431dd244
4329622a
432020fb
431b0fd5
432b7a6c
431cc888
434533a7
42fc4dc4
4347591a
433e9c66
42f4dd68
42e7f45c
42f7f671
430e3e7b
436c32f5
428cb184
434322de
4325bf2d
4306dc83
4285bcde
42b3bf76
4287a70e
431cc1e7
433dd7f3
435bd5dc
42817c7a
42a32bf2
430c425f
43169662
433b6e72
43474a06
4372b3dc
42a68f09
42084e60
42cc89de
4339518d
4333834c
41fcd4d0
42a3e71c
431e0879
433344d0
4382813f
4323b8b1
432e4b24
431dcfa3
431bdd2c
43425b26
42c17dea
4309ab2c
42304700
43637b0e
42ecd4e5
43561362
4351e8fe
4377d145
4303cc4f
43159ba5
433f9b15
42d2ca6d
432a0ae5
42dfb8bb
4348c8d8
435245a2
42e76af2
42b9f1d4
43063ebf
4311fadc
42d11322
42990855
4297cd14
43356d9d
4301b79e
4315f508
42d94546
42bb3cb4
431dd87e
42b81cac
422f4662
43491884
437386b6
433bb510
4371336d
430db8c5
4340bfe6
42d4cd67
431a0f88
43010e0c
4334cebc
4313de8a
42f88106
4385226d
432be2ce
431f0f21
42b4cdb3
42d92416
4305e07c
43130a8b
42c9c286
42cb4b47
42db49be
43127865
43101ebd
4311c82c
434523f4
432e1c6c
435c208e
431c2dee
430c6321
432e704c
42df1d00
43043682
42d5d350
431a4ed4
4382e4b3
427b466e
43480263
431ef7ac
43480850
435c442f
43416c8f
435cd97a
4354a9bd
43103f2b
436252e6
42f39612
4380d4ec
432035d1
4323c54a
4309ce3f
42e37bb3
4342e2d6
4337b2ca
42f81adc
435830d1
42bb998e
42bfd294
43577591
42b56b3a
433cffcc
432a41d7
431f306d
43273830
4322974e
433ae1f4
431d2620
434f137e
43331ecd
431949ae
428734e8
42d99a30
4310b1fe
4317f9de
431d1f34
42d1eede
417ef550
4350ab3b
431d5871
42ffa53f
434af98f
42fdbfae
435698aa
4345a9e6
42f575a7
437f54b4
435059e3
42ce5ffc
4304bf99
43087528
43325bb5
43219734
43084056
4358e588
4317259b
438da2df
435c78df
42be6410
431f465e
428c2508
436487fc
42fb4acd
42efee24
437e3626
435544bc
43095bfc
42a72e0c
43831202
4342bf33
431c6336
432fb933
430af56b
43342a30
432103c3
430e4d28
435760b4
428caac4
4343f15e
4310d0db
43020cde
4355d265
42d43b70
43671b5d
430599d9
428513d2
433fd92e
42d89872
42e6ab5c
43222621
433ce3be
43800e47
43505e3f
434358e0
4371f03f
42e715b6
42a9689b
42a04978
4354fef2
43054da2
434b35f6
433aa390
42cec8a5
434ed960
42d17b8f
43289ac5
428d6a97
42c8b6c6
430162bb
42cb607a
427c5718
42ffe1c2
42ceee17
4311ff0c
433b60a2
43690e1e
42e69568
430c6f2f
430827b8
433c5631
426b7166
42e36b9f
42be161c
434f6722
42cc3c88
42cea7e7
428551a1
432f93ce
435a1b2b
42f715fb
433f9238
430a87a5
42b52280
433b8e43
43193050
43030bc8
431b430c
435d3ff5
42fd542a
42cbb753
42cbd338
42ab45ae
42f297a6
432e6306
42cdd404
42cd5630
43216b92
43089067
431f6725
423f56d7
432fe04f
4291c1e9
4340f4c5
430530e2
42afbd70
432d7413
430bd81b
42e05146
43023a3c
4288d1d5
41ab6007
42e1ab08
4317b113
433155e6
42954134
42c8c3b0
4279b7f3
433de710
42f9ce8f
42ded493
43492577
42f7fc96
4307e81e
42dd4591
432dde14
4329bbb7
41ffeb4f
43095da9
433e2bbc
43105a82
436af6aa
42f137a1
430dadb6
4332ce6c
42f19e64
434260ba
4270e97c
42dd28bd
42ee53f7
42e78bdf
42d1021f
42c1335a
43136f70
4337bcbc
4303aabe
43322657
41d91664
430848e9
4338019e
42b6919f
42eaedcf
424cda2e
429cdfed
431d7571
42b1e5c4
432c604a
4327908d
42d30be0
4294d9e6
42fd808a
4306c6e0
43050523
42cac7aa
42ed9fa2
43327ddd
42d124d9
4276d9f7
430a44ef
43593826
430219d3
4303c758
4302deac
42e46222
42ad828a
431abfa0
42c20d06
4306d82e
434230d7
42efff4c
433b4948
4313a72e
431f1a0e
429a885e
4324e508
429c53fc
42caa885
43585619
42ed7831
42b180fb
4343e132
4307ee10
433228c6
43160a66
4341124d
43272138
431890d0
43150c47
42b49d34
42b4834a
4291921e
42e8975e
4305c093
430799a0
42bf2d89
4358a60c
42f4241c
432b0fad
424e69c6
42afef0f
435e0801
42a76e19
430a3f70
42ea4e8e
42d84148
433d9f26
431ab314
42e85b47
43240154
429a06c5
43556ccd
42ee7d6e
42fe3545
431a58d0
430419fd
4302f6be
431d73d9
424d84fe
42c6b42e
432830ba
42d9c882
42ffcf64
42b3b5d1
430d367e
4312b6c2
43492a15
42e5bb5d
432e407e
42cb3690
42af5539
42a94b67
42fd5b82
42d2f56e
421d2553
42b8672b
42a9eebf
42e6bbe0
43222ddd
42f9ee47
42f7c27f
43594275
431c317f
43485c3a
4257ca18
4349a22c
42a1bf96
4306ebec
42e5a091
43336efe
431f153d
4316d9ea
43298ebd
4337bdf6
42892ddd
43034d0d
430c92a6
4313aa7d
4329e9de
4324791a
4310057c
434535b5
431160bc
43310612
430ea7fc
42ded8ec
43123f9b
43349156
4345d980
42ae4177
42fefa08
42b5fe96
42b8a5f9
429bf2e2
42819b68
42c6fbd8
431f3d2f
43154b65
429035e2
43082508
429d4ba3
4345337d
4305e274
42a908a6
431cea93
428e1fcf
4317711d
433b10bc
431fc987
431be85e
433923cc
434d375c
435ccfdc
428d4c34
430fd4a0
4340e0d4
433c1936
433d2f1b
42bf8f09
43026636
433bf0f6
43411741
42a2c8ff
43624a36
4306e507
431e23ca
436fe2c4
42d4074d
42ab4622
431e0682
430efc66
42ee3142
42d32205
432a5cc8
42e86a4f
43534ec6
42ca3dbc
42ffb4d5
4313a346
432d2c06
4312a638
430bb266
431497ae
42e2bad0
430c1222
430c6884
4323d144
43195e35
432bf7de
4322c4d6
43156de4
43246a7c
42ecef00
42ef25d2
43061cdd
43096817
42babb4a
42a3e5db
42b1ea0f
434a0d70
431381d1
4312ea1e
430781b1
429ea440
431c9a28
431839b8
42dc488c
42e0754e
428edeb6
4310703c
433211fd
433b7f79
4362aad2
42d63c3c
43066a71
43270bb7
42dfa602
42c23f5a
42dc40c6
428b2b52
43483014
43245ec2
41ea887a
42cc6fa8
434e092e
42dd72d0
42d2f4f5
42deee70
42d44f76
43251171
4219ec92
42e8a00a
43456592
42e65eba
42d17281
42cc162f
4327dc4d
42f279a4
432e54a3
43186b54
408030e8
42c7d8e7
430d230b
4342b11c
42911c0e
43233061
4279d8f2
42ca12a4
42aae944
42dcc220
43294c59
432a4590
4305618b
43015339
43126458
434092a0
431e0c18
42b6e57f
42afc7f2
4309c00c
42ae0735
43074298
432fae24
4315e27a
42fc4865
42922273
4308df53
43415fc5
430b24e8
434e7d70
4268e57c
428ea96c
432b52d8
42a839bb
42c79848
43611f76
4318e309
43472592
434708ba
4349a093
434ca765
4310ef30
434d33d3
42bef669
436d1dda
42eee057
434c134a
432962aa
42a4a889
4365a0bf
42e670a8
43411021
4311e28c
43241064
43534676
42e46cbe
42cb4cdd
42e6adf1
43051198
4343ba24
43228d6e
438a18c2
43459b3c
43122a47
430f8c76
432d43fe
43181607
42c0795d
42faddc8
435a6780
434a778a
43420cfc
432480bc
4323f274
433400cc
42fb3d0b
435daa4c
43518c21
4327a2ec
43541e35
43481aa3
43021109
43829aea
43554154
4342bbcb
4293cd91
43285672
433e758c
431cabb4
4365404e
42ffe2a6
42a3d073
42e42fdb
4326fbb2
430397b9
42d35e28
438114ed
430cb3fc
42f0318e
434f244a
42ae9f66
432230cd
43115d42
4334ff1c
43533dda
4317a7dc
435b7dbd
42b89b34
434d2c98
432005db
42f8ba7f
431d98e5
42e46074
4331f493
42e304fa
42b3999b
432c3746
430e9b23
4245ab4c
42feb5d2
430b4343
4359ec5d
430c7aee
42e114f4
434e0f7b
431c776e
431587d3
431d882f
4327ad3c
433aaded
42d41596
43866b53
42e8f688
4370a4bd
4356eb4b
43156024
43092e2c
430ef326
435a170c
438d6b48
43091a31
42b2adaf
435bc08f
432d449a
42cb7563
430ee8fd
42ff86bf
4317fb47
42b66f7b
430d7a55
43027fdd
43168dea
432a20eb
42ce8610
435c88f4
4336c031
431ef2df
4364b86c
42a98eb1
4334081e
43302612
4337afea
430e7857
4329a94c
433dd6c6
4342deb7
435fa4ed
433edb78
42ff0304
42e7b38c
42a55743
42eb5efb
42fb6567
43126359
4268bc90
433005cb
42f53f46
42c40503
42c3eed0
42291230
43110536
43003166
42f2ffe1
431544ae
4297c3ec
429fa3ee
42c51f7e
42c3fcfa
4359c86a
42d3116e
432ea6c2
429b9a14
43071b12
4347a768
42c0bc3f
431677b7
428100e4
42d6bbee
434849fe
42431972
431d8478
42f0758c
431c2354
434b8eb8
4316fe30
433eb36f
432008e1
431538d0
436e1b1f
42d17aa4
435760e6
4300a5c9
42bf0e31
42380620
42879bdd
4320e072
42f284fc
42bfdd1d
42d7c5b9
41be19ba
4326e141
42b58f1f
42a7e8d7
42ef4772
42fa9b87
42ad9cf8
430f8904
43081d70
4318477f
427485bc
437434a4
42d813c3
4235792c
4300d7a8
428840f0
42e82064
43015d66
42e9f9f3
4285d8bf
41354520
43679b2e
42bba668
42c830a5
42d89627
42bb159e
42c34286
42def766
42e2622f
4335b6ef
430150d2
43044870
42866644
4305135a
4328eecc
430423c7
42e0c366
42b54177
42cd44cd
4354b4f0
42fd981b
423f34c0
429eb9ea
4242633b
432022ef
42adfd1d
42c9557b
430d64df
4320ce1c
430e0d96
42d7ec80
435b5630
42d57da6
42fa013e
42a652af
4318223f
4328b392
42d6b6df
42e78e78
432edb3a
42e4099e
431c27cd
428fec62
430eda30
430f274a
4306f2b4
43292d13
426f92e4
426369fb
434dab4c
426c9626
4297920d
42dd5358
431cdd9b
4373eb0a
42e6aaf7
4321cdd2
430ac204
42bf9b14
42aac634
42b9f05d
431708d4
43024728
43052fe0
43139ab2
4298ad76
432918e8
42c3d03e
431fc40a
4306e8ce
42c7275d
4334dcf2
430fb9a9
42a4e79d
42e85316
428b0ce3
42e4d784
43186c95
430e1e54
42a96442
4311dc9f
431b9e79
430bd3a2
42d94dcc
4280672f
42c31ed8
43054ffc
43270b1c
42b013f9
42cb1788
432dcaf2
435d5962
4311e9c4
43092db8
42c40de5
42e5350e
4307498d
42fcd480
42e61a6f
42ebad32
4347d24a
43414848
42e62227
43032bec
432bfd86
42be1217
431777c4
42f14de0
423ecdf3
42cb5b0e
43177254
42ea4cf5
42a0182a
431e9868
42ab5e32
42fce59c
428ca91a
4300a9f1
431589ae
42d99414
430cc664
42b1c64e
42f6dd22
42a47497
4282d7d6
4330b65c
4324acf1
4288a6ed
42feeb3e
4300c465
43301747
42f11c2f
42a29198
43235899
42c2b4eb
42a84aba
430927cd
42c705ac
433946a5
4235f74e
4286de66
433f010a
433d383c
4323d769
42b9a966
42ce95de
430cae4f
425a11ab
432ca7f0
42095d6f
430b4f1e
430321ee
43005105
42f7352b
42becd42
43117321
435c9bba
42e42cda
432e212e
4314cdc0
4322b928
431c1458
42a2d5f5
43386e1e
42eaf9ba
42a8b0ba
431e514b
42e8ac83
42c6526a
42d78fbc
42960806
431034bf
4306f884
43168ccc
42fb9880
42a1ab00
424ba38b
433e99fc
42918f86
42a21a4b
43004cfe
433351fa
43237040
435c108b
4339b95d
430e164a
42d714c9
434d1765
42c55ddd
4311a203
433326a5
42decfee
42c1686e
43048f69
42c59432
42f2d830
42a5bae9
431bf825
42e0f468
435068d0
43009df9
42c48174
42adf0d2
4315c4c5
42b23ef1
4323b302
43459dcc
42c5b86a
42bfe60c
425c0f4d
4313cbbd
42cfa10c
43077576
42ead9cf
430c6c7f
43178ef1
42e5006f
42ce9b78
4297858a
42d857be
42f91820
435193cf
436336bb
4294cbfb
4307bfc7
42deb426
42ed0e60
43537ce0
42982928
42d8a802
4295a97c
42dd0c8e
433848fb
43465b04
43197d33
43447d15
42a9553b
43190e1e
43022475
42e5955e
41d47e62
4304187c
42e31e61
42579548
434dbb0c
42b85b04
4322ef6e
42bf8ff6
42ce0db4
43085730
42a99ae9
42ffb7f4
42f927af
42e86056
43340850
42edb9a1
42af9a6e
42d25c4e
42deb794
42d4c909
42dcc1b2
4304d1f2
42b3ad63
42f1b6f2
42efd108
4310944f
432126d2
42c92859
42a1fb33
430722af
42e1153a
430feacd
433fe769
42ed9815
4273ee8f
431a951a
435f23e8
42a8ab43
4304c19b
423a1db5
433fbab4
42bb8caa
4301321b
4326742e
433e5f06
42a6c369
42b27189
432721c7
43125f4c
42f82f7d
42b602f2
42bfe949
4334fd00
42b80ad0
42b23366
42acec99
428f74fa
42f50d75
42b6637f
42f39369
42bba3fe
42b418b0
4380cb7a
415ae496
42bf488a
42ca9d90
42d498f3
426a6621
4262ede8
43018271
42e07106
434426ad
432c22e5
42f006d4
4308bb6d
42ebfcc2
42fb04dc
430bbe11
42d3eea6
42fecf9e
432d5f6d
411052c0
42f64aba
42bf7104
42997f87
4318a109
42a50f6a
42fc46cf
42a1ff97
425aa334
42df8e5d
42d8201d
4245291c
4342e1ed
434f3dbb
4307d256
4322b69a
42fc647d
433889c0
42dd0647
42db327f
42961a06
42a61ba0
43322adc
42d43994
4309296a
4327f48a
43297b1f
42f92476
436b4e46
4314d425
42edcc38
430e88da
4303f7c3
432f547b
4316faf5
4338121c
434675b7
43043f20
43037276
42f2aa13
43594b13
4309106d
42df1210
429f22bc
43017509
43307d3d
4306af99
42a2e73b
43084fc2
42f67f82
42c9cf2e
42bef03c
42cb6592
437d699e
430af350
42b28ba4
42fcf0ef
42fc1739
4293fb2f
4305cc6f
432fd1f2
43040776
42f0a1ee
42c7afec
4311fd12
4384606e
42cbb800
4304df0a
4335c663
42a7b3d8
4303ee70
428ff079
4352a66c
433b4d76
4218b558
43170dfe
42f1466e
42e7cc79
434dea40
42d8fcd0
433ea430
42a4f49b
4314f9a5
432ffebe
4250fe5c
431b4648
429eea25
43315a26
42fef8dd
42c4a527
4385f53a
433a7b2a
42b80164
42c4572b
432c060d
43080bb8
4295177a
42286924
4337f884
430aeb52
42e75c41
43015a3d
42f75832
43003f25
42d86ae0
42f38b68
4305ae85
433c619c
430f8c9a
434659da
42d6bfbf
42ea2530
432e7288
42dcbf5b
429d1785
43006449
42dc53f3
42d47a6b
4315b86e
431c6396
4307439b
42f0fe9f
4347c6b3
42e80578
4329db2f
433abe9c
430687fe
43363721
4307366b
434d02a0
42eb040e
432af0a8
431235d2
42a71c48
43955f7b
42d65d00
42db4772
43364c3b
430643f6
42934b8a
43641c01
436186f1
4328fb0a
43524c9f
431c65f6
430250e1
43123ce7
42ef38ee
430da0b9
42f37001
4332cdb6
430597e2
4357bfe0
43015c7a
43663c2a
42c7e52c
434cb7c2
4371aeef
42b69a19
436fcba6
433a5328
4325728f
4363e41b
42f29dec
4346b7da
4326d709
43077920
43823134
43683a51
43488477
43117ab7
43583684
433c9724
43142cba
43226607
426b3826
432e43e9
430bc848
42f8f350
4308eb55
42e7c903
4341a9e3
434fb8b6
42d4f7d7
43246deb
43225fa0
43036d38
430e0d40
432b5f5e
432f9ba9
423954e6
4303ef47
4317ba24
4308b316
4351c6e3
432a09f9
43251103
4329c25e
42ec147e
43199caf
430c54e0
436c2ebf
42b57f41
42f3c3bc
4310df6f
4325c210
43559d2d
4323d4ef
4332d9eb
432d7edb
42ce43ea
4333d535
4308e9c6
430fab99
43134bb5
4353a77c
4346ca04
4362f408
4358f25e
43868f43
431c1261
42db7ab3
433d9767
43271937
43300fa5
429ee8a6
434a3a0a
431a7746
42e3e679
42e17307
4317e7dc
43045c4b
432fcc12
43034855
428cee24
433d74c2
42a69551
4363fac2
42f1ea01
432f46a4
4347e60b
43182b2e
42eda86b
43309961
432932f0
433c633e
433a5ee1
435e6d50
4371f11b
435985a8
42e34eb7
42bb635e
4304a1d0
43430f50
430302e5
430d0f24
42ea1c1c
42bfe1bc
43098945
42cc1a26
43248b37
429f9b76
43161982
433fbf49
42b665d2
42975a3c
42b114ef
42f8ee0f
436209b2
4332b8b9
42c46d8a
42f09281
42e9f874
4313aff0
42a28e24
42c3de4d
42f07033
4309d856
43251831
42c0b1a0
43035efb
43081d25
43163c0b
43147cd4
4340e84d
431281bc
42f516ba
432ba8b8
43551ae6
4353ce4a
4339733f
42cc4020
42b37a9b
428b694a
42f8791a
4341f62a
431732b2
4314596b
4335cf3c
429d9592
4357bf6e
4311af64
42fef104
421cdb1d
431a3854
4239d5e8
42f9ef82
42f954e8
430b6106
433293d8
43492849
432689cc
42cf25c0
4334482a
428bc088
42da8850
42f87760
4302e06d
42ef8cfc
42e124ec
431e6279
432d2221
42d6cc56
421ddce5
430f232d
42908f84
42dd33cc
42fa8e67
43014876
434598bc
428c003e
4281b077
431fef2e
434eb86c
43296806
4327fbb4
42c8a14d
42d9b766
432373fb
434286f7
429e9d22
43050ea3
42d3c94d
432fc488
42ac696c
4318f3d0
43147694
4338e80c
432e28bb
42e21b72
431c0f0b
42e97b1f
4348b09d
42b2cd6e
43209987
43164c0c
428a4c19
42f0b5a0
4326827a
42d8db09
42f42d1d
42971f55
42e11a04
430e3f0e
42fb80c6
432b8d4d
41ea94ee
42e46c26
43793e34
42ded00a
42de7aa0
42be411e
430bf293
4332a370
43618568
433c4376
42b17f1e
433e8896
43184dd9
42da8e3b
43435bbc
42c27016
4303e349
4322cd1b
42990d41
43417823
428a2d6a
4333ae34
42ec5c33
42afc0f4
42d4a2aa
428ff104
42c2e393
42ebb58e
42fadf58
42bdf6c0
42dea4a0
432ff3bc
432ba65d
4311ea47
42c1bb14
43329076
42d112c7
42d4d6d0
42c4c201
42a005af
435b67bc
42adfb69
432b2f0c
42ee052a
4340e7fc
4327a4e8
43850b7d
432e68b8
43225d50
431d2077
431b4261
435a372d
43198dac
43131831
42e7d6c1
428f5a90
432b115a
43011919
4327c253
42be4ab3
42d51d4d
42d5296d
42b7d665
43179b03
4329d419
42fdacce
43321966
428c2593
432c4cb8
430f88e1
42f3314d
4359160a
43397568
43040a2a
42e787e3
431a32e7
43104e28
42f25747
4302961a
43234b07
42b83815
428e7ce5
4330551b
43593ccd
4287e878
430ef66d
4352f312
42f9a148
4235e026
42938dc1
433b9214
432c0c7e
42d83586
42d42d20
430b2694
42f0f9ac
43461d37
43188595
431f170a
43268ac2
432c56be
43559fff
4313f5b6
430b6ceb
4212bbe3
431b1572
4300bfe5
43136c14
435184f7
430f7185
42d1cf60
422e8a5a
433a7340
42ca0472
4325dcf2
42a7d99f
433f15da
42c22e91
42d33fb1
42cdf10c
430a2d70
4302f43f
42d2d6a4
42cf96f7
430d7c16
433cca2b
42f286ea
431fa7cc
429d2996
42fbe5a3
430a1455
4307bf93
42bbf340
432692b8
43322537
42f4c6f5
436fa0c9
42e634ee
43121fb5
429a5ba0
42c7e7c4
428311fe
42eff631
42d4e038
42beacb8
42dd0d50
42dcdddf
42bef308
42fb0e57
42b47221
4308928b
43052672
43328e1a
42b89228
42b3cff3
426347f6
42eaa8a6
42b88a1c
430e7299
432860a6
431d7a5d
422013e5
42d6e6f1
4329b669
42f58245
42b94959
42a7ad81
42f825f1
4341e893
42ddd947
4320823f
42e963e6
43420085
42cb0286
430a362d
43749c41
42e3965c
432ec298
4306f001
428a6926
436b4576
430e3257
42dbb293
42983629
427800e6
430ee9bc
42c17782
4311a286
4316764c
42aa0c0d
4309e0f0
431a000c
429c5523
4240bacf
42e47b2a
42ffead4
424aab64
435bdd5c
41e2a846
42a5fa87
43358aaf
4287256f
42c5218c
4298515c
42de4a90
43138ee6
430c7ed4
42f1f128
42f7918a
42b31f0e
425bb692
4275f97b
43103950
42f5a181
43120ced
426d3fe0
42644714
430d4e72
42f95141
4327ebcd
42d37b6b
42a63944
430a900c
43199032
4330753c
4336ef8a
4314eef5
430c0aee
42ddb9da
43297539
423adcee
42feaca1
42a6b56a
43372bec
42d92a3e
4318c7a2
42ff2c86
4312ac91
42ec1d29
4310c6b2
43679744
4307d766
42722134
429e82e3
42dae624
43275c0c
4294e73a
429472d2
41e04b94
42ff1503
431fce5e
42c3692f
43069529
42a4749f
430b0bac
43809bf5
4277d443
42922dda
4283d717
4274b18f
429a25b5
42b8755a
43329305
431dcf61
432bedeb
43070ee6
42cb1f62
42f999e0
43127972
42ac29d8
42f34407
429313d8
421c2905
423613c5
4307f476
42f335c0
4204a4a2
42e5b008
42b18250
4268e4eb
42b01a6a
4308bc3b
42d18510
42887b58
42be464b
42b3cc0a
42bd561e
42188026
42c5d879
42c27b6e
41ea6338
bf4b7100
4082f7a6
42bc3c23
426f1d57
4227d2e8
42ad0e2d
4289cedf
42ef43e8
4217af2b
430a83c0
42d7f276
430e4b4c
42b626ec
431ce57d
42e7e8db
42b98b62
4314f2cc
4354c385
419baa78
4038faa2
41d91fc0
4307db8a
43412d77
43300182
428b6ce0
4300f2cf
42664748
42764dc4
42b85cb1
4285e09b
430b3215
43171e66
42ba3186
42ea97ba
42f14a18
43149f08
3f994980
429f7064
42fe4168
423d5ba7
4266e83c
42c82ae6
4296d7b4
423934dd
4321f96a
408b55cc
bfa1dbd0
42f60e9e
421f46ee
42967281
425949f4
c0eaef70
42808257
42ed1b5f
42a1326b
42e14565
42e36852
42f60073
428322a8
42e716ff
420f8844
421fedd0
42cad20e
42e89752
4276f098
42f658a0
4339f492
42e95b22
42952142
4219afb6
42eba0a6
4260cc49
42b2f42e
4308604a
42ed8e8a
42700ccf
41bd746e
43359964
42bad840
430c4a7b
42c5a100
42d77f8e
42e7411c
42522d81
42dd1088
42f465c1
4217fec0
429f76e5
42afd3ea
42bdbe83
428eda55
42223915
42f6812b
4242f272
42fd608a
42d38fd3
424a2b9b
422283ef
428dbcf5
430beb80
42ae710c
43042f3d
430f05ce
431a7374
429f0f0a
425f925d
42c696aa
42dc19df
425b6a48
42b5ded6
431d247b
4270c62d
429ff07e
425e227c
42bc5daf
42abaffd
42f55ba2
429f0694
42831291
42a90f14
42947e4a
423f89e4
42cbdf86
42c719a1
4302fc8c
42cc9acf
42b9e64c
42ce2a0a
431a6718
42be3c4c
42a6ada6
4294f46c
42d1f482
43019ffa
426d5277
42e1f7e8
42e2be23
42f63b1b
43034435
4304ff8c
42e4d53e
42fdf6a9
42e1fcc0
42eec370
428756b0
42fb1307
42ec7116
42f783f7
422f9c7e
429f1fb6
42873f2a
42b41c44
42e6a7b2
429bde4e
4243ec65
42d214c7
42fe699d
42a70d10
42d1401e
42e03bf2
4250102e
42ec3a85
430b71c0
427f057b
42b2665b
4313fd50
42f54966
42c12d48
42af5323
42a281c7
42ba8b73
4314cdab
42493784
4281d0ff
427e667c
42efe652
431617ad
42829a51
4289bbe1
42c79fa8
42881e78
421828dc
4261d19c
4323caee
42ee44ca
4260e66d
42684c20
4307c3ed
42c3dc24
430c3c39
42c9d218
42a3bdee
42d1e55a
42ef11ad
4306b79f
41a6d5d4
42ca6684
428f1d88
42af2c34
4232333c
42751cae
431d7c18
42ce4d80
42b5354e
42a2c6d0
43141f28
42db175c
418cffe0
42986814
42b918c0
42e3ff24
4279bf7b
42d505aa
4301e8d0
42b8d95b
42d5c8ba
420008f6
431a0c70
42c4ff7a
42d391e0
42e65dac
42a1e972
4201abb4
42eb0e60
427742d8
428eb1f5
430a5da6
42c8c9a1
43183b1c
4304d1a4
42c48567
42a5944e
4260c16a
431eb29d
42c54eaf
4308ea47
4354a18e
428a077a
430b62a0
43255455
43143da1
423d9298
42f53287
42bd510b
42f23a60
430b88bd
42e30d28
428facf9
42da989f
432028d0
42c1b133
431614b2
432f3459
42f625e8
4304d869
43004d9c
4320f6c8
42eb46b3
42bc4653
42dac2f2
42e1dc07
4353483e
42a5b7ce
430c0df9
41c6a066
42c56dec
432a414a
430915d9
43336ff3
42cfb1d6
42a813f0
42ce8d6e
429f3750
42f3060e
430a6068
42c2681d
429f5632
425fc084
4336ce59
43120889
42f5542c
42f73c0a
42549d6d
422ebac3
42cff671
4225db0f
42dcb842
42eacdee
43170cf2
43122448
42cd6068
431d7f78
42f54ade
43256efc
42c0c814
430241f8
4318584b
42f9bff4
423957ba
42f89181
424668b2
427db6db
42687106
43390e79
42f745c6
42aa1684
433e5dbe
42d2c75e
432cbb1f
42bb209c
4305da5b
432e33de
4301f2b2
4302e64b
42873c2e
42b24036
42cfd801
4309074d
42a67a00
42b9d2b9
42ea6a76
4310817e
430750c0
429e12bf
42e3c0cb
42a7665a
431f530c
42b483a8
42b321c5
430a34ef
430bbca6
43074e88
421dd0c2
4340364c
4319ccaa
42b151da
42f1c0b2
428cc76e
42c23e7a
42e17c7f
42947a34
42cc7eb0
42cd539f
430a703e
43023966
43287ade
43198a26
42ea2c21
4359edd4
428b05fd
4288c452
42e13a78
425b653f
4295ad15
42df5670
4305acb7
431643ff
4311ab45
430c0eba
43148039
427f26f3
430d7df2
427ed1b9
43294e81
42aef052
42a1f442
42c2a7ae
41c7bc8b
431dd235
4232985b
42c916ae
42f128d3
42b5f64e
43484561
4189b6ee
42785e9b
42b78bb3
43005c03
42e278d2
42c4446c
4340fa62
43107d37
423bb724
42e43f98
4316e194
431d4cc1
42b36bd3
428b03d0
42f322af
43091fdb
42ddd15d
4311121a
423a7016
42928cf1
42c7c303
432076a8
43203701
430b3303
42a946bc
42744494
42cb3d4e
430afdb1
43016d7f
42eff8c0
422d4f0d
428c2376
42c5e13c
430ffb20
42ae681b
4274dccd
41c41fd0
42910d88
42e162ca
42b22399
42b10498
42bf7671
42b768e9
42c1f90a
434b95dd
426ed92a
430f573b
42c57f50
42ed9458
42dfd17c
43074a1c
42f68f08
42a53725
42f7d015
42ad739d
429bba0b
422ddafa
43072b7c
42d49f25
42c41d4b
42baf19a
431f89a8
42cc4be6
41a4f06a
42e195b4
4320d8f0
4285d60c
42f9b6b4
429bf5a0
4315ebaf
428e87aa
42e347bd
42fdb539
42a314da
42a8f13a
42d82e26
431be756
42ad5941
42f87e32
423754cc
430ef19f
429814fc
42c8f8b4
43218bc4
4310d88e
4269f559
42b0436b
43250f3d
429f8378
429920e1
423156bb
42dfa83b
42e4f127
41ef1078
42520966
422b9ac5
430c1bc9
42c09f92
42c38304
4329a0f4
42ede2bf
4308b818
433ccc2d
4240cc2f
4254ef78
42337e48
429ed805
42119a8f
4329079a
43002b4a
42e6c7af
4303925e
4304734d
42ad4aaf
41e9cdf8
41b1e824
428b583a
42de14b0
42aa7349
428cd0e8
431879e1
424cd965
4284a3b8
42804640
42913d40
419006cf
425ebdd0
4236e113
4268d99d
41cb62b2
4265e40b
4189a1b2
429ecd42
430c5aea
42cc72e6
426eea8a
42a759e5
42e670b8
42d1dcb0
4262105a
420e421e
421647f0
430fbb84
42d1181e
425ed03a
422a46c8
42c6fdcd
42dab49f
431185ff
429a3f3d
42511c01
42703685
42327c7a
42bfd7e2
42848936
426dee2c
428de350
42bb8499
42584ae0
42162077
41e12a48
42bcc236
42e7897f
42c93fc8
41b1b512
42b3e87e
429bebb0
428a1516
41b8cba1
420fee34
42710998
42f75b20
42830cce
429de74c
42a2e250
42b5c55e
42c33bfb
428b99a0
422f8e0a
c1821608
42bc801f
4290d2ff
4296e399
4236cfb5
422b857e
42b6e02c
42cdc64e
427d541e
429f7f8b
42693a88
42b96c8b
429bc320
42802c2d
434c1133
42923247
c104ab50
41b0392e
42b39b0d
42c917aa
42fa3660
4258f7bd
41d7964c
42a21cee
431ac461
42cc09ce
c1af3944
4102f97c
4123d9ba
42c28cd2
4227dc12
41f00ddc
429a4e08
429c5ef1
42b7c9f0
42d7287f
41e8d4c1
42b54a87
42933bca
42bb4fa9
42757f0e
422b1274
41f9b682
42d5848a
42d50f3e
425c517d
42d5f30b
417cbd41
42556f6d
42884dd2
42b46087
42b3c135
4226a452
c16146ca
42dc94d8
42263518
bff54600
42877abe
42e9a46c
430e9a54
4280b468
4295e4fa
4221ba2c
42c9fc79
429ee505
4302fc07
42f90d36
42d5a14d
4312c439
42c78cd8
4361c80c
433b362f
427304a6
4333ffc7
43167af1
42a3967a
42e2cf56
42f09027
430ea790
43190bed
43171de6
42755cd6
42ddc73e
42d7967d
42a12abc
434f3e5c
427066dc
4312163c
42481bd8
42b3e041
4318a2c8
428a9570
4304dd7a
423abddc
42de0d71
4303f9c4
4304e2b2
42c98550
431a3b85
42a66317
4297b4ba
430e4275
42ae1249
429fc6a2
42852138
43829f6e
42bbf0b9
431bbea6
42d037ca
4305a40a
4298283d
426cb241
4316950a
42aed2ec
42682bd6
433d2273
42db4c7d
4305dbdf
430bfdff
42b1ab52
431bad3d
42c753ac
43294bcb
42a238be
42d7f0dc
4283cd28
42aa2838
4253577e
42df629c
42098e8c
432c8752
42a05392
42777661
421a52c4
42bcaa41
432e7093
42e2f463
42fa276e
43131aa9
4304cb3b
430f504c
42a99175
42de48b4
436ab696
4280f7e8
42c1f70f
42ede075
43138e3f
43199a7f
42bd8200
4344bc5e
42ce3d44
42a2d5e9
43119da4
42801910
43101d79
42ee348e
42bf8605
42f40219
424dbca4
431c1575
42dd00e4
42d58e18
42d255b7
43197706
4310911b
42fe6987
42aa5a96
42a35e62
420afd28
42fb9e1c
42a2d6b8
42953d69
42b51db7
42fe5ee2
42d33c25
4303e02c
4302b787
428186b3
4343e170
431c402c
42b5d217
42bf1987
41db3de3
42c5ecb5
4332af09
430d041e
429ce2d5
435269e0
42ddb65a
43709347
42ff7231
43511779
430f4259
4380b249
431e24b1
435eaa76
4398c7b4
4290c9a8
4372daa6
43374da5
43298235
43485fff
432ae040
439737f3
43040a68
4334851c
434769e9
43229390
4341fb6c
4376eba8
438be360
436c1468
435839bc
434743eb
4355a97e
432b16ae
42dfb832
43290146
43565a82
43950ef8
43383f66
438d9719
438d54c6
4396e91b
433a12dc
437a81de
438c2097
4332ad87
4381b1e1
4384264c
4341ebbf
4397acf3
43459fff
43a4b375
43345738
43431c36
4378f4b6
434bc989
43809cc2
43292cd6
43217906
4361ca68
434ad5aa
432fd54b
42e8397c
436e0179
43312898
4328a9f9
436876d0
4300df0a
437d1ad3
43749d4b
433d853b
4335b516
4324d729
43348c24
434dae22
438f9852
4397dec0
42edfe6b
431c9298
434c994e
4377325e
43306272
431884a8
437f43f0
4342007c
42f5a536
43475177
437d01fb
43954e58
42ef7628
43197e8e
43641382
4387c09e
437ebacd
4366d0a4
434eff05
4346d32e
4360a2fe
438815f0
42d429af
4375d7fa
4342b386
435f3474
436569b5
4366ccc5
4391a262
43c18b2f
4352ce1c
435095a2
43910d90
4353852c
434e9531
4310f7ff
4374352b
43811141
430e8bb2
433c43a2
433fc9a2
42e5a1fe
43830ae0
429f0650
4349a4e5
436facbd
433faec3
438eff58
430795e0
430fed48
4377ca98
431c55bc
433fc9da
438b2ff3
438a5549
439ff876
4379c213
439b11ac
43784c99
431a383f
430f6679
42f6036e
4338ed36
432c60d8
4302117a
43266430
43411ef2
43271214
42822951
4317e4f2
4292c37e
431b08b0
42bf6146
432a5002
42ca3ece
42f49884
4316727f
42e792a3
4308039c
4324c1a7
431797b9
4316d610
4332ec55
4300806e
429b2cf8
42eee409
42c3d058
431e53f4
4323a6d9
429cd7c1
42fc0d90
430d4fcc
433fa540
433e7ca8
43358133
43310178
42fdfb21
42e92421
4318b6ed
431c68d9
433c2dd2
4327d12e
42b5e1b7
429e4a74
4301703c
433e183e
42fc9cb4
42f5a2f2
4335bc81
42981b21
42ab613f
4328814a
42d209fc
4301c8e7
432f3496
43080190
42fc1d12
42bcca0a
435af504
43367da6
43271b50
4305f1d5
42db3034
42aa3012
42c0f33c
428d3d80
43064f2a
42f46951
428eccf0
42a2a88d
43075cb0
430c6ba1
42a73d12
42fa6b0c
430c0889
430f3678
434eb14b
42f33e82
4315ba51
43635bd4
42cf238c
43059191
42e322d2
42f30c62
434acc61
42d8d20c
431afb7b
430efa6a
4320b8cc
435b0cbc
42c47850
43217c82
42a36245
431875a2
42b85780
42b89b8a
43275e97
4328e6c4
42ff7c60
42ad69d5
4334743e
4361757c
431356f1
42f5c770
431a1d29
429a0b51
42ff4a6b
42f67c3d
42e9edac
42e0f5fa
431aae38
4306188a
4302c1ba
4308d663
42ed6172
434bd44c
42d6a1ac
428862f8
4319b99d
42b58e62
42d1ac58
42880a86
433a24e8
42d809b2
434e0fdc
430b9837
43249e3e
42dcc4b6
42fd6f8d
42aa26e9
43223b39
42f43e22
42d10c7e
431a5f24
426998c7
433a3855
42af7c88
4315c66d
42da43a2
4293af3e
43239392
426bd188
428581be
42b5718f
4304783f
433ff7e5
431b44fa
434f3b54
434d5518
4261ac85
42668c64
430517b9
42e0838d
42b8f1d6
4246be60
42fd1d72
4346474b
4302c0f7
43479204
42a2a12e
430226c9
42d90c0f
434659a1
434defff
43302698
4308f296
430f6d3a
430808d7
432c7410
4302dba6
42951862
42c398a2
42541eb6
4301d6a8
4331f6c8
42b69816
42e205bc
42442d08
430e8b58
42b0e31c
429eb375
42ba76c2
43161183
429bf762
431cac23
43305c86
4291a448
431542b8
433963ee
4303c6c4
431c0c57
42f9d71f
42ecf850
430fde79
4296e0b8
4309e206
426f676e
41c68360
430ce368
42c5783f
42dba035
4310d531
43258001
4331e728
423daaa2
431cf297
432d05fe
42d36fe5
42ee25ed
429d0766
42fd7075
42fd8979
431fcd2e
433a81b7
42d17be2
43065776
432b459a
43305f0a
42fa29a5
42e82bc1
42be3669
43513ee0
430ab08b
431f400f
432918d8
430636d2
42df1ba1
4297d90a
4309729e
42599dd4
4329bb6d
42a13a6c
42f15e3d
42d7b860
4265de76
42361594
428d1395
4319475d
4318e98b
430a6c79
42ff219a
4304f137
430cdd0e
434fcbca
420630f0
429db972
42e6d024
430448e7
4278b432
433a8a90
43324a21
4348b002
4330457d
4309dd92
42f0cc33
4292f3e3
430ed0c2
42961626
430214f5
43641e4f
4283762c
43009202
42d62368
42cfd553
427724c0
42bc0524
41f3a866
42393469
42f2261a
42f62ff8
42ace22e
42bc0980
42cb073f
42f60df3
4302540b
42aae4b1
427be4dd
42f4c802
42b6306e
42466cd0
4285ccea
42ab824c
42b6af41
428509cc
42ef46ae
42a156ad
42af8e50
c1912964
42580ca1
427b9f82
431dae64
4322ae82
421560a0
425bb2ce
4291e088
4302f2a7
431bbdd3
4287a5f8
422d5ff4
42d79308
42e6c096
4334b274
432dccd4
4307751e
42bbaadc
41ed4853
425c00cd
427f617d
42960ea4
42af841e
42bb038f
4249ca6c
4310e387
42a43bae
43166c20
42d1f3d5
42f01e33
42accb33
4313cb86
42fed251
4289d122
42976048
429b00b0
42c11bc4
41964379
425c5acc
4310d863
42cf65e6
42444662
4302acc7
42436834
42fad2f0
4274adac
42dc8f1c
42a9b4a2
429e1ffc
42eaa4a8
427b774d
42836992
42d22d4e
42c1e477
429aa536
4256a960
42ead1b3
42bbd657
4298d394
432dbbe7
426bf85b
4268fdb4
432b74c8
4291dcf7
432333e6
42aea058
43233e1d
42d9cc24
bedbf8e0
42b308e7
42852633
4340d0af
42c00afc
42f29166
42ec288e
42a20080
42551273
42e528f2
429d3e3d
423d5567
4300240e
42d9a9c9
42fa94e4
429a4fec
42d18761
42868a8a
42bacfe3
432a7752
42a07fb5
42c85471
42d6576f
42c2ff18
4301d50e
4300c996
4308135c
42f31932
4314b228
4318f6ab
431ce03e
4319175f
4327fc5a
42d87088
430dd3ba
431fdc38
4325fccb
424a2dc4
432e1d26
4317c3a2
43155c8c
4301e20e
4323fbd2
423cb39a
42ff823d
4328cb61
4307f642
43067750
434e0f41
4307878b
4345f4a3
42757aae
431f6cbf
422c5662
43284356
42bb6591
43026314
43143005
42a0c28f
432437f2
433cb419
43571980
4310f385
432ee510
43245a28
43295d04
432b8f0a
43183428
430f38fb
43185692
43114378
4283f9ed
42622b4e
428bad0c
4348f966
42f8ec68
42ee5a54
4315b1a2
429c4a2b
432229f7
43183623
428b92a1
42d47065
43010c30
43043539
42ffe9b6
42fb9299
43334538
4324c663
431005fc
430b48c5
42c4fea8
4262220c
42b708c6
4236e426
430ea884
4338829d
42997ecf
42d4a834
43141b16
43241dda
42a150c6
42fb00c6
431ffdad
43240cd5
432c2b14
42d46308
4304f2da
4328447c
429dc28f
4309a5dc
42fea93b
42da97b4
42f39a3e
431767e6
42ba2e65
4295972c
43245602
43277323
426ef202
4344d5c0
42fa9907
429ae738
42bde6f0
42c82720
433a007c
433b0a7b
42ca16f6
42afdce1
4311ad5a
4349b686
432225d8
42137b4e
428b196e
42f0f625
42d0c780
4308b71a
42fbf1ee
42e51fe4
42e2b95e
42e39dbf
429a77cc
434a1af7
42fe00ea
433c09f8
c0ad22f0
42db401f
433116f2
42a8ea86
430a6a7f
430f7bd6
43175b86
43016e35
433dac0b
432a617a
433a5df0
42e2de97
4304f529
42be509a
435ee9e0
43308b3b
435653e7
4351b214
43210854
437ecb4b
42fb49a2
435985fc
431177d6
43239ed8
4382b287
42c0a542
430e321e
43061afb
43163afa
43427164
433ca400
439227de
431e7437
432555a5
43114d0f
431de4c8
433513f3
42ff8c0c
431d0150
434a6cec
435c1520
431ff9c2
4335b600
43246d69
437caac8
42b513d3
4366f942
4375fba5
434073d2
436ef508
434ffce6
43049e6a
43773e63
435659d3
435f4636
4322cd02
430e2d80
436ece6e
4329744d
438079ac
43405c14
4315e0c9
43201d6c
434514cd
4321885f
42f9e13b
435fe8e2
430e3806
4303847a
435c8ba4
42c856e2
4350b8bf
432745cf
433b77b6
435e0bbe
42e582e9
4330f7eb
42f9e3d8
4363a246
433a7a5e
42cccfae
430cd4c6
42e0901e
42feabfe
434690e9
433a878a
4361189c
4327fd3e
428cf43a
43245942
4310d809
43714df1
42b1d7fe
42ec8db1
43431145
43449660
436718e6
4334e63f
4324d2d9
435319a2
43052e65
437af384
43053506
436eca0e
4356aa3c
4373f1f3
43323fdf
43535560
435e7c23
43a77e12
431953e6
43025cc5
433db0e8
433d7cef
432841d0
4317efac
431d62e2
435d812c
42fc9b82
42d93f32
4312b793
432cb5cc
4328866e
431fa9bc
431d536c
435d61b8
43208fa2
43555bba
42e7e734
43020a6d
4346cbac
434e4676
430ad716
435f8996
435e942d
4384e17e
43803dc3
433dcc4f
4348a748
42b66a9a
4336e3c6
4301b396
431c85b6
434283a4
42e0b3ee
43219768
43469abc
434f2163
41e1d2a8
433537d4
43220424
433953b3
4316689e
42d6b3c8
42a91eb0
43088b4e
43288012
42db2593
431b46f6
4362f4d9
4324a920
43477894
42cc182d
4353be59
42d0d4ad
432fb6cb
430b7fb5
42b38294
432ec7d3
42863dc0
43582124
42eb2f5c
4335b9ba
434fa18d
431b5e7c
433e920c
4355ed86
435d4944
4316c44e
42e4048a
430f9694
43225498
42ffb414
42a12d74
42a7caf0
4359dad9
432ddcdc
43080f1c
4305e858
431b835b
43102af7
4316e460
4284c992
4329b2f2
4329e86d
42fb0670
432790dc
42d98e68
4331aea2
43188876
43345f0d
4340e4c2
42d6eed2
42eba64c
42f2322a
424bbb64
43404bcf
42f178c6
4286b878
42c19a13
4369da6e
4338356d
43060cf5
432a046d
4303bbe0
434bd502
43141d08
43038a6a
4342b7a6
431cec0e
42d98ce4
4315b953
43358175
429188c8
431d8f62
42faf74c
42e7db02
42e4aa46
433a4587
4338a28a
42964ad8
432f882e
4305f3e4
42fa06ab
42c90018
42a73370
435d84e7
433f25a2
42d5b2e4
425c58e0
434338e1
436e0198
4301028c
42f6aaf0
42b13620
4330eeb8
4312f05a
430ca027
4369d80c
42bd8875
43163c27
430ffd12
4309ebbe
43773524
42a33f4a
43180bd2
42956b9f
42e975f2
433cb202
42a28df1
42fc7c30
43283df8
42f4c0cb
4357b9da
431de950
433b85ca
4355fb80
4329f9d6
42cf223f
42aef7dd
435f954b
431f1128
4379b9b5
436ae5c2
42cf69c8
435a6c10
431667e1
433acf48
43111388
431b1362
43397180
42a067b4
42d0cc37
42ec527a
42dcb2d3
42db0502
436a79d6
43aece97
4331765c
43112e06
434080b2
438c7d96
432e02f5
42d90793
432e665c
43452b0e
43438461
4301ad02
431d04c6
4360e6ba
438c44a0
434ad895
438188bd
4360f0fa
4315bd4e
438a58f5
4355ffa6
432b3dde
43428c35
438369ab
43784308
43168dfb
430ecc74
430054e1
4342cc3e
4368ae98
431db234
43525fe0
43677efa
434f0c80
43415c15
42808bee
4358b573
42b15a1f
4337401a
43185c1b
42a6b05e
43a040b6
43579cf8
434cf594
4313838c
4304a7f8
42a129a5
433e26c4
43808635
432624ed
43078c00
4340abc0
42fef5b6
438f5fa4
4346f9b9
432065b2
4399f49a
430a7719
42eaf013
430e1410
436c22d8
4389fa1a
41aff5a5
4324de4a
436e246a
43475f2b
43bd7718
43512d6a
434ebb94
4358bbdf
43297f94
43874cb8
428284b8
4337573d
430ef2c5
434e05d9
4321872c
43249552
437c66ec
4381a7c4
430c778d
435b967e
42f74ffc
433fc40d
431b569e
43266354
43533054
431ecbec
42ffd9f8
4321565a
4338fab7
43450bdd
4355195e
430193ad
42d22f7d
434dfd6b
432ecd66
433a5b1c
430f7695
42dd07f6
4362a6a2
43171242
42a60898
43292118
434ad3cb
4356a562
43717407
43384cc4
42ed164e
42aeaa86
43460389
427605c9
42ef438d
43239e4f
4277aa1a
43138c6b
42c83cbe
42dfaefa
42a6daa2
4331de2a
4285e1d6
42def954
4344cf45
42edf5a2
42ce5693
42ccd546
42c91e26
43326b1e
42e51718
436d32d6
432aa06b
4317aa06
42bd2efa
42cfdd26
42d33337
429a4b8e
42f8e94a
42b0c6b6
42e7011e
4328767b
4357607a
42ae5fd0
431f31b3
429d3f80
43379a88
4355d23a
42bd1ce3
42ecb20c
4284934d
42ff8058
43792e87
42909a2e
4293b309
4254ade4
429ea7a5
432d7146
4372b0b2
432cfdd1
432c8252
42e1697e
431b8acc
4329f473
42dbc205
42a6e0ec
42d6e3dc
42a45022
43128cea
432fadfe
42be07b3
430949c8
42f1eb47
43495faa
4332d067
42c364d5
430efe8b
433fe4a4
42dfa4fc
4326a25e
42843e8d
4316abe2
4288bf4b
430a7e1a
42f1dabf
431a0aaa
43133a76
43137ea3
429a55ba
42e90882
43102dd2
433a0e42
42cb172b
42d33a7c
42c59f8c
430a7c9f
43363800
436e9963
42efe578
42e545ba
4300f6ec
431d22d2
4321c0ad
4303f6ef
42954d5a
4325dc0d
42fce02e
43827185
4337e98f
4311f958
42289bb0
42a42035
432492c5
42fbe914
430a3b5b
42da4e81
42e7f9a8
42fe9941
412d534e
42619a51
42b0f9fa
42c63cdb
42b9200a
4309d64e
42afbd30
42c4c35f
42dae804
4351142b
424a30ef
42bc6ca6
42c8ae86
42886cad
42d89bbc
4336cdf3
42b91c6b
430b0d14
43448d0c
434116bd
42dae123
427a85f0
42a1f4a8
42f9dc24
432acd21
432dbbf4
42e3369c
43376360
42eca048
432a32b4
42b97fd5
4302274c
42c64903
42cd1894
43380cce
428ba2bb
42a8d886
432236da
432f78ba
428b60f7
42e35350
43368184
42f6a943
432b93a9
4320e07b
431b8e05
42fee052
42f7b66d
4305383d
42e0d471
43338c15
4291f612
4311d567
42d9ad44
4332c4df
43160196
4325c372
430fb102
42e44c4f
430212c9
42ec9d46
42f8c249
42cc9736
42e92aab
430fa4ad
42e12e1d
42c2ce9d
4313b645
43010789
430f697d
42c58132
42c7bdb4
42dff62e
42c4a86a
42c42d41
430b1f1b
429017d6
430fbe3e
431b1388
43079ba6
43466011
43369843
4313687a
42fb449c
4257608c
42e409bf
42165310
42b4c688
4336daf3
430fffda
4203d62d
426976f0
433ab4f9
43064f0f
428825b6
4333182b
431c0b42
43194578
42a63c0c
42de03de
434a86e0
42da56c4
42aed0a9
42dc5417
42e619f7
430a6211
4311b2bd
42ad9a15
4292bbd2
42a84863
43415caa
4320b491
4261f6e1
4319232e
425eb745
42e1a595
42d96b5a
42865317
43555d69
433c2a43
43126f08
42d69764
4316b218
432d8db4
430b6925
42a50b2d
4311e63c
42bfea69
4315eeaf
43029967
43199583
42c9c9ef
42defb1b
428d2e57
42af0b46
4341299b
42fccfb7
431836e9
42c06974
4226c978
43197755
42baf665
42a357c1
4330745b
430b07f2
4321bfbd
42ff44fc
432efde4
435d48cc
423530b2
4343dd96
430e3e05
430cb885
4322da06
42635db4
4321d338
42e04f63
42a4ad5f
40851268
4292f0af
42d9af25
42ceff0b
43037c4d
42b91fe4
417e7bb4
431b87cf
42b53ac0
42a59a0d
431e655a
42a8b3be
42c31b11
42dd753e
42c32d39
42d3fa3e
429ee4cc
430eb7d6
42396369
4324ee5a
42f36552
41af72b4
42c2f80e
42bed44e
4307b35f
4307092e
4292ab10
434a77b2
42de92a6
42ce4b0b
42b6c52a
42722fa5
4339cfc4
42e01af8
43047df8
42e86266
427f06d0
43349dd4
430ed299
42e3c7b2
42c5a592
42675cac
423358a6
43158f4c
40f58208
4242b51c
42d276aa
430526a2
42d62475
42c5aa5e
42fcff9e
42c3bcbc
430ef8c1
424176c6
43169ab6
427077ba
42614432
42154b34
42daab72
42b4d84c
42880acb
42677f52
4333619d
430c91d4
42f8778a
42a7afbe
41a2a254
432c513f
43397ce5
4317457f
430e0f68
42b66e2b
42bc59f6
42bf9c4a
432dd702
428b8560
4299d0f5
42acb7f0
42d8585d
430c1e1b
42bdd99a
429bad20
428254fc
425c38a7
42992aa4
42f62c85
423a29de
429e8753
42c8b7c2
4340d20d
42e6f54e
42b5a51e
43185539
4325475a
43042eb2
42930570
428d0a44
432cdf0e
42a126fd
431f9933
42f1deee
42934146
432c2643
4304634a
42bba660
431ea9ea
42832969
434b4b94
427901d9
42980e9e
430c9d2b
420b4960
42bca2a3
42ad39c1
43299c6f
430107e2
42f0f805
4333e2e0
432f11c4
4308e754
432c7d80
43000f12
43711aad
43824538
4336dd87
439598c0
4357d344
435da56c
43246798
431e51e7
431c69a1
43260f6a
43512ddb
432ed308
4314db4c
43216d73
432c4e24
4313ba6a
43933b1e
43865db0
433a4fab
436ff652
4386ca20
4396b8b9
4327b26f
430f3326
433c402a
43440c08
43900f51
42d42a39
43300ebe
430c74bd
435e3027
4391385d
438a09b8
436a3a92
430b9991
433eeba8
4366d1ac
431d9ad7
4374639e
437a1d58
43532ea6
432180ce
431cf608
436d4bc1
435d4ed8
43566e05
434ebc17
42ec08d2
432d47ff
436f5ca0
433ceea6
433545c0
433ad463
430f4a3a
4384b8b7
4354d08e
4344bfc3
434eef0a
4383ddcb
435db102
43297af6
433c3351
42ca5a12
432a8128
4376f855
430f4e40
42c9b97d
42c8b2a0
436863b9
43746ee4
432aa71d
4383e091
435f1f7f
433d0575
43233eec
4310dad6
43973109
43837208
42ece6a8
431462c4
434eaaba
4370705e
439095df
43089c9c
4358c201
434dfa90
436b0dd7
4385ca4a
42a4a891
432994e8
42b53488
4381dc58
43050fb2
4318c59b
438fe4b8
436eeb6b
433e386d
43336d6c
43802254
43681af3
432bc511
43335941
4349dbc8
4312ad28
432ad574
433f0168
436e7e68
4328db5a
4341c66a
430ef8ae
43587c6a
434a60cc
433e2a01
436f63a8
4338e0ee
42c28df4
43890e1a
42b38f07
42ceedc4
43470e82
4348b9b6
438a186c
437cd655
4370ec7f
43659eef
42c85ce9
42fa8f4b
41f26769
428c8ca4
42bae7ba
42f8e9f2
4324694a
42d02d90
42a8762a
42c8ec20
42823fb8
42cf02f4
42c864ec
42741120
42bb1a9e
42b33d07
422b38da
42587741
4289f839
42f6cfb8
43269ef9
428e9739
43110818
42875a1c
431082e0
4248c6f9
422d46c9
430693b1
42b1bff4
430caf7e
42336b08
427f3e5d
43126294
42e6acff
43016a45
43184f35
42e105ae
42317d08
43070fe9
431f80a6
42704590
4310f914
430418d7
431950f1
428490b5
428d2cbe
43127bb7
42919f76
42ce5e3a
42c57abb
42c9c6f4
42bf7f35
431e3435
42c03809
41e190f6
4300e6e5
42226188
42ddd7b9
428d1145
421ef802
431a5196
42da4e0f
430041bc
42ebdfa0
425c3d1a
42f3f331
42a3da9d
43228e04
42b728a6
429faa1f
42ed245c
426b94cf
432f919c
4287ce09
42b5952f
432bcd62
428c3d70
42960563
419a1019
42bf3c82
43742cc0
41cf57e6
42b4cb22
42aa997d
430ea620
4341ad11
42eb1451
430b8b0c
42d98852
42901625
430cb9f2
42216ec3
4316e29c
42c03282
4291bcc4
42ab45ef
42ec2227
430c36e5
43302c37
4296b992
42be9338
42fb8bc5
42bd87fc
428fb5ba
42e3f01e
424817da
42beca70
42844cbb
42a70145
43016b56
42334f3d
4308f53f
426e5060
429c27d0
42d97367
429cb367
42ecd7f8
4292b7aa
42ba3f06
43158f75
42358b0e
43042e7a
42c42d4f
427d7fca
43006577
433c5dab
430f4552
429bf669
4307f1a2
42f86359
42f4f22a
42fcdc4d
4337881e
4282868b
4325c71d
42b013ee
42f560c9
429eaff8
431e279d
42df5f85
42e31c5c
43415516
4301b3b0
41d8d0fe
42d232ef
428b65f4
431fb8c6
43427c8b
432762d4
43527bda
42bdcd0a
430f83af
42eda9ff
430daf5e
42e06c5c
4202645f
4307e540
434046e4
42de6889
43699115
42ed7065
4342ccd8
43051bcb
42f7496c
43739185
432764f8
4331c8a8
43441250
43018cca
43470e4c
42b45be6
42994944
42c3bdd8
424bd2e4
43484f76
43177e9c
431076c2
430e0d90
42b4f6f1
4345317d
42e753ac
42676248
428054f0
43034ab9
42a9a8d0
42c0c876
42d42b40
42e0353c
42f805be
43867aa8
430a7bfa
4313402b
43269082
429cda9d
42e050b4
429d1ea5
42a73974
425a9b5b
42e256bf
4334e939
429cb61d
43166e0f
42d3e6fc
42b191cc
43344d58
42981e80
433ad459
42bea8be
42f1d9fb
42c1058e
427614dc
430ac793
4323f132
4313edd9
43216de3
427f2af8
4327bf60
42e37b9b
42e91a94
42b67ae5
42cfece5
430acbe7
434cf891
42e9664c
433d8e42
4307f08c
430f89ba
431fad8d
428e1e2e
432ca1bc
431ba947
43165a5e
4246b4a6
4328c621
430d5ac6
428a1b2e
42b14604
43129e05
43199e6d
4309c667
42f5fbb4
42be1382
431c78c7
42f1e960
433af2b2
418b196a
42873b1f
435c0cc1
4308c1a6
42d7cc97
42e45c84
431533f8
4373d2e2
433e0959
431f22b4
4300f564
43139ca7
431fd976
42c7f50c
430c3c68
4304cac0
4265f6b0
43138714
43003bcf
42f4010e
41ab77ec
4305d671
42f00f70
42a205a0
432403c7
42b6dd99
424b31a8
42d88782
42cbcccc
42db2696
431c3e7a
434d4d0e
42d3dbd8
430ba089
42f31b48
42c935d6
42e3a2f4
42cd80fe
42bf629c
430782c6
42fc024c
42619b04
431bf9db
42a4b5fe
43231078
4328c8e1
4315e4f8
4303530a
433b8191
42cc29f3
42d018ca
43198f0d
431d2184
42270956
42e991b6
4285427a
42a6e5a2
434f40e6
43560d42
42e5c92c
4328fbd1
42cb820e
42f20b50
432c35dc
42942a48
42e65d01
42dfd7da
42c27ad0
431036f2
430a1b47
4309dc44
43323bc9
42f4a586
436587c2
42e757ac
42c771fe
42c02cfc
42a7321c
42d55ad4
42bf35a8
421f2605
428deaf4
432cdc6a
42f616ce
431430d6
42fb74b8
42db0a20
43177357
430abbdd
42e3d9c8
433e362f
431ae141
4266361c
428be9a3
431a76a6
429c5c2b
42f08983
43143fc9
42d0cf4f
42ab039e
43202aad
433da82b
4299f638
42ee1625
42426e87
431fa2e9
42771bb2
42fdfc38
434b63c0
43300068
424fec96
42bb028a
431ea9b0
4317e842
43004fa5
42cf5942
42d48813
430c4153
42168bb0
42f7b653
43296b97
42ad2295
42bfbb10
42e5711b
4280b8d4
4316a5ea
42c759bc
431bb4a3
420448a8
4217e43c
430c83d1
42a39380
42047900
4313641f
42db9fb9
4312688a
434eda05
43321348
43181db4
432e2e18
4234bdb4
428fe568
434035ec
430facfc
43391804
433747b3
42faac47
4356413f
42eb07d8
4358a295
43032441
42a9f205
4308092e
431e349b
42ee05f0
42ff139e
4308be1b
43150fab
43329fe8
433c45ed
42df9987
43065f93
432c7f10
43361528
427f187a
42b710de
42d987e0
43178032
43548f75
42d90d98
43289c8f
4326989f
43a8e842
430f7166
43339400
42f82b28
434fbe6f
436a2f81
431d2454
43700f65
431b322c
434df5b7
4329edd3
42e6ba66
4334f84a
43247dfc
42f98e67
4358b673
43226d44
4301524f
43042ce6
431c13a4
4311f5f2
42fc8d15
43684da9
42b95444
434227be
43016a5f
4302334a
4334749c
43448580
43142aea
42afd5dc
432b5610
427d9070
4300978d
432d1528
43458f36
4305cb55
42da1883
42dfb3a1
434c233d
430ad0e8
42ffc86e
43456785
42b1c7ea
42ee9304
433d891a
433eb836
4351c091
42ab5024
42c2ca87
437dec19
4345f48a
4337a34c
430889c7
4332bc96
4369065a
43335ad2
4372e816
42b57acd
4307aa48
43288963
43313bce
4320a6fa
42e13400
43263b5c
436190a5
4350fe36
43256456
433de5bc
4331c81c
436a2091
43027000
43642b50
430b2b97
42efee90
434ede88
42fd7410
42efa290
43232dc8
43085f2a
4311b0e9
43387648
4320a77f
430be9eb
42e8b6ed
4301ea5d
432f1e12
43067cdb
42db55ba
4315e05c
43918dbc
432fb2bf
4359acdd
43230699
4329927e
43024c9a
43157521
43003c80
434f5142
43334d43
4328bc42
4365a6e1
42c7d694
434ad7b8
4326c185
4304de25
431e8d5a
42daf20b
432b8340
431458b7
43192c14
42bd64fb
43006dbe
42f73891
437c963e
433a6220
43475460
4323e365
431c3fae
4370e737
4309949c
42c98862
42f23910
43038a32
438a42b6
42f411bf
4331ff23
42d3acfd
4325c609
4383a1bb
439729dc
4354e626
42dcd65a
434c9e38
4356fdef
42f1d077
434f0317
433c276c
4318d8eb
431e96d5
430b2f5a
432982ed
4358aeec
432463a4
42ead776
42b04559
43381ca4
42fa1038
431f0aa6
4302555e
4327f96f
42a94308
4355d8d7
434ad1d0
42d5b5f8
431bf635
437b749e
4317fb18
4300bbd5
433bc538
42ba1b2b
433cc350
4332bf21
430f9857
4235105a
42a154b4
4362c238
435b4e7b
42d3e524
4350a8f4
434273c8
431a6765
42a0140d
42f47287
4374f9c9
4336a639
42ffeca1
42a83915
432da80f
434013ac
4376f5ca
430f011c
431f1255
430eef98
43348600
43546e2c
42675d46
42f8dacd
42d0b5e3
43684bc8
4305cf20
42f0b9d9
4386f2ea
4332da92
4330e092
42ebcd84
4356f942
42f574c6
42f77e92
42d9cf81
43553021
42e4a029
43183b3b
430ca89d
434e43f2
43210b9c
4330ad0b
429fe012
4358588e
4302e07d
432300ca
4352e55b
42d2109e
42d6cb76
437d60a4
42d86ec0
42952fe8
4313d246
432959d4
437f8f14
436154ea
433ab943
432db77d
43099dc0
42de77ff
4280030f
434ac06b
43025cbc
4354de79
43062419
42af8742
4319c289
42f7a20c
429d0956
42dcf836
42b5eee5
432b4a0e
42af3a64
42f5ed73
42f7102d
4313f340
42d226d2
43185ee8
434e6487
42dab06f
43000bf5
43005a73
42d4728e
42a2c948
428d9f78
430f1a10
43192f21
42e42eee
42bdfbcd
42e654cb
431df20a
4323be51
42975522
432d8c90
4333e4ec
42647730
432b56b6
43039442
42fa129b
43526cbd
430f8762
42fda13c
431d6ce0
430aa30e
430c1f7a
42ceb544
4314bf22
42e1c44a
42f66ad8
431b166f
431f4f33
42daf243
429a9d54
4315b9cb
42e5fcde
42d30127
432daecd
42b9f083
43316f58
430da126
42e51d87
42959b1b
427dbc3a
4204f48a
42c3a880
43388834
432a3b5a
4245c5e3
42c080a6
428b10f7
431fc5ff
42e22fb9
42a36c26
432b8bc3
42bbabeb
42f152bd
42fd8ca8
42c0d255
43411ad6
42449e6e
4317f796
430b40cc
4322d167
4344f23b
43068962
433a73c5
42badfd2
42a7761b
4337374f
4284709a
433da961
42f6865e
43040a62
428a45e0
4302d8fa
4342d9a7
435666d9
4309be97
432302f0
42ec1bc6
430f7506
4315dac8
42b22ea1
42efc588
42dd73d1
42da5958
42d8b326
428fbcca
430085b3
4305ea72
427eebbe
42a41032
42dd0713
42e588fd
432c8be4
42eb606a
42e2ea99
43368d0f
426275e7
42a3cb32
430a3dd7
43249a63
42e219e2
43119ede
43310e6c
431e8622
42a46b3c
428247f9
4275749d
429d587d
4315d0a7
42aa0ba4
42b05518
42e64e08
42a0e3fe
42c9a2a6
42b5f694
43222e97
42eaecdf
431b4217
42e9fd1c
42ac8fc0
42274155
42dc5586
42b80a74
430a7a23
43341587
423365b8
42bfb03a
4296f810
432ff875
42cd906c
42df4511
42fca3b6
427089e9
43108030
42a75f54
42d759a1
42d4f2fe
432421e6
42c4f647
4305ee03
430f152b
4308d9a9
430f3196
4289ae5c
42ce8446
4307cfdc
431f7465
4311528d
42a3a0d5
42aaa4fd
4322ea32
43083515
431d422b
430fd7b7
42422171
4307ef95
431781a1
42948c19
42b0d1f1
42ddccf1
42949619
42dacc0f
4307f50c
42af2d14
42f8406d
42be312f
431619af
428d85c3
42b3ed1b
42cc46ea
42d36852
434575ef
42ffca34
42e7bb12
42dc505e
42d2c726
43141eaf
42f2bee8
42dff85e
430d99d8
41e20ead
423c3df1
42fa7d09
430afc64
4324b182
42861452
42a39579
432acf2c
430824ec
432193a2
431e014f
42bf0540
429b0625
42ddacb4
432076f2
4227a167
430b97b7
42a8026d
43190973
42aed474
42e8fc3c
430cac5d
43363e9f
427a749b
431b0790
432d1192
4301aad5
42c67f28
42e0461e
42c5db66
435d4c5f
4293abb4
42d42371
42cc5ec2
42ae76d9
429a7dfb
42e319ff
4318895f
43052961
431a9e68
43183e16
4265ba96
42376c5e
42e8c6ca
4200cb3e
4283e9c4
4308254c
42d279ed
432332af
432e7ed5
4324b7e7
42b83240
430fabe4
41f4b53c
42ef895c
429b2c78
c0072be0
42c7979f
42b8cef7
41d82482
429d3206
427ef12b
42a80eb4
42cd48a5
42d04c62
42afedda
425b137c
422de9a2
42a9eacc
4291e303
42d8707a
42516897
4318dc35
42d6ebac
42511e56
4085a1bc
4283c69d
423156a5
42a62568
428b6857
427ecc84
42a2a48f
4263221f
42e10037
433a5cc4
431be768
41c579ca
42d441b5
42db24b4
431ab700
4307b97f
430c9d46
42d11388
430c59e4
42d97fc9
42c78e1b
423a2c22
42a0ea39
42ccc795
4256bf52
424f783f
4262abea
4257f279
4309a74e
42a78570
41e76c03
42c22f01
432b335d
429cfbb8
42911330
4296b40b
42abe33a
42f64154
42f3c4ab
42c9a7a1
42503cd0
41475713
42c99098
426a803d
43111fb5
42f4aa67
41f8e15f
42313592
42808fb8
42d740c7
42690570
c11af864
42ceb8ea
423dab18
420d4de8
42851f76
424fb9bf
431798b0
41e0d930
42db8b08
42b6bd26
42aa8adf
43027e52
430fe452
42cd0ca3
4287623e
428d4850
432dc190
42454d85
432ee918
42d5cf60
4200dfff
4298d271
42a203fc
431c669c
43058fca
424c0b10
42d7300f
42d3e6a6
428a8cbe
427bb3a9
42667de6
4289ce13
42f6cd65
42816936
42a8aa05
427199a0
42b87270
42cd113e
41ea0965
4278735b
42d7d900
42e00094
42d340b4
4277a242
4282b166
42e6dd4a
42942132
42a016b5
4320e28c
42d065d9
42bf60dd
4307c37b
4303aca7
42d5cce4
425e0603
43357a7e
42e4faca
4316e157
42dd733f
428dfcd6
42ceb9f9
42c0554d
42ebeacf
411c660e
42cbbd66
42d5e515
42db3d17
4374f785
420a6142
4194b785
4346ef22
42a09418
4277ef86
43005f50
4319d3cf
43027f60
42d96126
42d5ee8f
42be97e3
4312f637
43262e60
42a57615
431a90bb
424d18e2
42855d7a
42d0d910
42e848be
430d7f16
42878615
428bde5f
434a3617
42c94f9c
430e6139
42db6b34
425e39b6
434eb70d
42d2b634
4318df6a
42895f79
428cb876
430fed2a
43149fd6
42ed343a
425ede0c
42d527e4
42bfb196
42fdbdd4
42abbe6d
42241d51
43125e1e
4307837e
42e780fa
42cfd61c
43013f49
42999452
43065211
4287eef3
42de3cda
42c8b536
42d5c0b3
42365934
430c8864
42f7aa37
41e36568
428684d9
432ee75f
42b992ba
431d7a5a
42071ccc
422b8a36
430ac9a9
42ad59a7
430409fb
42d5d4d0
42d78dd7
42cb5046
42c22034
4334c569
42b8034c
42f1f811
42ec0d29
42c2d2f3
42f7dfd3
424074a8
42c7d8b8
42c1fda8
42a0bdf0
42833938
429b0a25
428b8434
42f93d05
42dc7d7d
4339f1c9
42b96662
42f9641d
43052404
430376d1
42e49a1c
429dd259
42a9ea65
43115c6e
423d6fcc
42fb282c
42cb2a40
43040804
4329f945
42b99158
4291177d
430be3af
4265bb97
4347027a
42c6b2ed
42cdc16e
42f258f0
4279d2a0
420c7b32
431a5a74
43179b72
42f21ae5
427da0b4
4337ade7
43304c1c
431ec959
43062b38
423795d2
4332ff08
43419810
430165bc
43750c8c
430af4c9
433edf77
4305811e
43133c74
42e3d69f
429bca29
42eb2111
4327d4f7
42e4183c
42f1b82a
431be937
4324e2df
435f640e
434537c2
433c979e
4322e1b2
434d68b3
4321c495
42c0ca00
428f2a4e
42d67e78
430aa8cb
439856ab
42f0cdc2
433cc7ad
42ec242f
4385ba0f
43459084
436014b8
432a215a
433f7872
430c85fb
4348e6d2
4358a21b
437c43d5
432e9d16
4322c73e
42f896bf
431984da
4363e4f9
434abb9e
433336a8
434c5d8e
4298f4a5
4280e641
43474524
4306acc9
4327dc88
43536820
431d3eea
43604333
42f778a0
4332c5e2
4339bc8a
4359e39c
43354fb8
43118e3b
4346ff52
42e62a09
432589bc
430400dc
4335ca4a
42f72dc4
4278c332
432a1e88
43387f69
42e365d7
436958db
433449af
43182e83
4311de56
431ee6cd
43702512
43751962
43083b58
42d61566
4315b238
437069e6
433a43a8
42f1e3e5
436b5845
43502e9c
436fbf24
436e81b4
430914f9
431b2c0f
42d2664a
43823460
43292d6c
432c07ca
4366b90c
435ea22f
434914dc
42d46b90
43902940
431b221b
435b06bb
4336cb1e
435738a2
42f21fa6
43030da9
43215f2e
4317e66c
42d81e64
432ed824
433fd041
43277829
433e9b42
432e8d81
436069e8
430a390f
42fd3e73
434ae7af
42eb5183
42daa8ef
430f1bb2
437220a7
4356a2e8
4366a4a0
4350430d
43436316
43245a28
42b81907
42bbc48e
43467e93
42c1dbd4
43172e7a
430999eb
43023bfe
4315b670
4208b7b4
42ea7267
43021736
42c0e821
430f9ab4
42c7880a
4289a308
42cf46e9
42f2377a
431b69e0
43523118
435a06fb
42a42e74
42e1cdb6
4306b550
431615a9
42b116e8
428f887a
42b476c6
43529c3a
43125cab
428b7841
4306e2ca
430de926
433d7998
42e46516
42d4662f
431a2c5a
4326a8ee
42fbcb51
42f709ab
42f478da
43226824
432f204f
43130ca6
42f57608
42cc248c
431ba4e6
42d8b773
43190d6a
4312487f
425df883
42e4def1
433ad628
425ae254
42d8772b
4332da82
42ef52bf
43121052
43337dcc
4284a338
42ea29e8
43268eec
43141691
42ee1679
428bd247
42cc0347
42263154
4324409a
4299fcc6
42977edf
4280ed71
42d32b0f
4310f982
43394e00
42c68f60
42f84d91
42f6f2a5
4301c2e8
4325a419
43213f86
4345c982
4239d7ee
428ecdfa
433dc506
42f6d0e2
4300419f
4300f1fa
4330b278
43125d36
42d1b00e
43292f84
420f6616
4305dc58
43143f45
431dbb4f
42563031
42e5ce44
4306ac59
434d13da
42cb4e17
432982bd
4313b5d0
430afeda
42ce5997
42e4ca68
42525717
43175b4d
422f9cdf
42f9bae7
42653549
430fda92
430af53c
42ba4f6a
430d647a
4304d81e
431fa642
433d98c2
429d9bdb
42776844
43015223
42216f54
41e28494
43375853
4356885c
43200884
432bbbd2
42f7022b
430090f2
42e02f8f
42b127ec
42c8013a
42f40394
432dc3f0
4287a659
430ee1ce
42d7bcfa
42c6900d
429c605b
42a721ac
42bc2597
426f3842
42b0090f
4338fbff
42b57c8e
42432d4a
42804593
42a6ddc8
437f4852
42f03b44
4252f9a1
4310ffd6
42e64c8d
430902a2
42418a77
426f6892
429a29c3
4297834e
433401f2
429ea760
42c41750
423c15c8
43236deb
4323fe72
43390106
42dbb4e3
42b68bd9
42b6415f
43042814
43086476
43202b18
42dbde18
42c95c6e
42cb4180
42f116a8
43322128
435c72f2
43290a34
431980a9
421b8f02
42dc4ded
42d74782
42c4469c
42cda998
4301c900
42c332f5
431b04b3
42a7dfc6
42d1ecb6
42b2da86
43128035
42d394de
42d3162c
42f64fe7
424be41c
42dfbe3a
42c6c298
42d5cc9e
42450995
427fa278
43165da5
43266f35
42fb63f6
4331830c
4295c782
4295a220
42ffe6a8
42b83270
4339d088
43190512
4230837e
4211f3b1
42bb24a2
42f04c3b
4311ddd2
4285ece0
43015696
42c44460
430b7b5f
43059182
423aa93c
4214c986
4291d5ac
4355f4b2
42a98129
42f401bc
431afc1a
4320d1be
42bea236
42927713
4313e18c
42c0f1dc
42bff029
42c64210
430bfdbe
430d270c
42a95e02
42ec9c38
4308f5fa
42b6f19c
42802e8e
42be22e2
43094336
42d0aaaf
4301f71c
430022fb
4279c22f
42b7c994
434aae4a
42272ea5
417ce110
428cc934
4308767e
431ccc55
430dfc24
42ff6d0b
42ce4806
42c6513b
42e7f3e7
42dc583c
43216580
4252a4f4
42dadf32
430dd272
420173ff
4336286a
42468317
4352ada7
42dc370f
42be8876
42c7a9f6
42551fe6
42ce5ce7
42bfc220
42686f0e
43155b5b
42ae8585
431c355c
4340c14b
432e41c4
42170083
429cbb81
42b95d24
422700e8
42b881c2
42578f0c
432637bd
43090559
43699617
4328f627
433464e8
42ed481e
433df6b6
42d506c8
433f2583
431a1d56
42fe3ba7
430c47e5
43238a47
42e6c828
429e0348
42add629
42d43fbc
42d0057d
43326bb7
42d1f587
42f99345
42c66451
42f33247
433384d1
42cf1894
43096372
42c198be
42b2b001
431466f1
4309c6e4
42d769ee
42ea3919
42e661c2
4348f0d7
42e5d9fe
42980f34
42c84542
43079116
42f6a307
43344c3a
424edd7e
42d51eb8
43115c9e
4341096d
42b4bec8
42d6baf5
430a416b
43283d5c
420bc9bf
42808e41
432fe070
430042d3
422d3515
42c08887
42dbfdfb
430243fe
4312e467
4321d2fb
42daf569
42a8a3b1
431bb68a
43165d53
42b5580b
431c4a2a
42c18226
42f7007f
42e2d365
432342b4
4363ea1e
42fe48d4
428dc728
423f1c0a
431ec254
42d25c80
42ffce1e
42a3fe4f
42fc23b2
42d9d077
423655b2
429c38c8
432688b2
42c3cf50
429c9d78
428d4949
42c2006e
43389f1b
42c706f8
43065314
4237f898
42d257f3
432611fc
42a8f28d
42d68f20
4360fe2c
42f204b2
433e5603
43462f1b
4315f329
430c1c42
42df1f8a
434c14a8
42c2d145
4333daf4
43041afb
42e0e9da
433b4974
429e5cde
435c04d8
42c92db4
4333a418
430ee01a
42bec4b3
4350ccb2
42d91fb1
42a3830e
430f4470
42d07f8e
42f2f4d4
43457965
4328cc84
435f413b
432f2ba4
4338a3cb
43240554
42e73962
42be3541
42c3612a
42e31a94
4332e720
431ecce9
4365d618
430c5d68
43398a27
42d241cb
43344632
433ba292
4312284c
435f5d29
433b7a92
43412ed2
43745303
435912dc
432bdf46
42b87bdc
4315388e
43593581
433a0730
432332e8
42c23a65
42f383cc
42e14baf
432d796c
430bb60b
42b2f185
432ff10c
42ced458
43059dd5
4308da9a
42e40470
4307c348
433b5c02
42e80ad6
433b01ac
432fb423
431ae1ee
42fbdc91
4327e6ad
4305e062
42f7020b
42fb039e
4305de6e
432b8f9d
4323c5c6
42bc0e3f
430eedde
4310be26
42d45758
42f93038
431a234e
434881c0
4315293c
4319976c
4333c9f0
43128bf0
430b26b7
42f75c7d
433b8e82
436074c0
42e23f8c
432e7d8c
4325cde9
430c1fc4
431e3f2a
4328514d
43412c95
433dd950
4331f628
437547c7
430d436e
429dd032
436b558f
4310c55e
43328eb2
42933480
4353874b
4304243e
4285d456
42fffd64
4313a178
42fb90a7
4329e752
43225c7b
4314623f
43607f54
42d4e574
43454344
430b0e83
4359105a
432c62b1
430a67de
4347b314
433e1184
432cdc6e
4335715f
432c5f84
43573df7
432b6105
428b6959
42e83c39
42caf1ba
430d67df
42f03cf4
42841a11
43515074
42bb4b4b
42ce72d6
42b4bd39
42a31c98
4289e1d5
42a212ae
42f653f8
4281bd0c
42783be6
42b842ae
42ad088d
42ec083e
43102da8
42cfb412
4305ae96
430a2db9
43031e5d
42c36d83
42a9d1f4
4297de26
426c22c0
43158abd
43469362
4287084a
431d103a
42cd19a8
42deface
430fc3ee
42e5832d
4319df40
42d66d0f
42bfb3a1
4339168e
42e4fdb0
430f460c
416a68ca
42d0ddf9
428757c0
4287ea3a
431c11aa
42ab8aa6
42f10ffc
42ee7fd2
426790e1
42ea00dc
42c0b42a
428edd15
428a0de8
42347490
42b481ad
42c7b2ae
4320d7a0
42c7d546
42b43a67
43335617
42e95259
42ef0705
42a8d0e8
4293fb8a
42b5cba0
42b7ed03
42c744a0
42463ffa
41f752b6
43169a7e
422921f4
427a9a98
42e14b9e
427f52b5
43163efb
425c00e9
42a09962
433a310e
42c75b5f
429bfcfe
4229cf7f
428f3e7c
43001960
4278026e
42b1ac9c
421075a9
42e2ff33
4349eb46
42f83762
4252b52c
42b98cc2
4235164f
43045aa6
42a10316
42dea397
42f2e346
431ec423
4315b2c4
421e8658
43176ea0
42ef7418
42eb6bb5
428dd593
4298d592
42d9fae0
428889be
42b31606
43202f18
421fa828
42fbd022
419ee160
42a0fa0c
4316436d
42a3675a
430fd29d
41d2208a
422769b0
43121a67
42dc4a4a
42f1ac80
430aafe5
42fc5bd6
436440a0
42fe9877
43013983
430972b9
425ef73c
4317498d
426b6838
4338f3f2
4310cfaa
430271bf
432622eb
43227384
43428117
42e15825
430e522f
42ac8e35
43040f32
431203f2
42d3e914
432d1d4c
42f082d9
42c2f0be
431b3bed
4305eec2
42e14f54
4301434a
42e79cf0
42eee942
42fe67be
4263a920
42935b18
431363a4
42c134ae
431d5052
42a7143b
4312c53e
42ac710c
42f395c4
430b9294
4321f026
430ceae2
42f964f4
43064dd1
43265640
4322926a
435558f2
4303740c
42ab840b
42460078
43163a82
4327f9f4
42d62f7a
42b3ac04
432e16d0
42d4390e
42de0a28
4321d246
43202a92
43012933
4320ca6c
428b10eb
43160568
432f55f0
4306c15e
42a3e173
4302df11
43164454
42f5a3b4
42b9b0c6
42afd93e
42e0a9a0
42f3aaba
43457f86
42bb675e
417822a8
42d77a39
42cb4453
42f26a8a
429b6df0
43015b20
42d89751
42caebf7
42be1dc2
4320da27
43129c42
42b3dc2a
430099ec
430f3151
43169dbd
4331b5db
42e950ee
430667aa
43274b62
433401c4
437620ee
43099888
42ce5a3c
41d7a7f1
4330e915
42c69049
43168ec7
43009016
43180222
42fc4ae4
42b36535
43288a7c
4308ab80
435e77c4
43069502
430b0590
430564ee
429f863a
42aee8d0
430b650e
423bba98
43058346
4297484a
43129a86
42f04228
42617784
42eab066
430a2e0f
42eac5bc
431003ee
4258e22e
42fbb012
431f8523
43434dbc
433ae2a0
43305549
433a83ff
430f1930
42924226
430317e2
4334305a
4300ac92
4320d72d
42cf8baa
433d5003
42e37aea
42d11ac5
42b32524
43246c95
4322b74a
42c921b6
4348e981
42dbd1ef
42a558ac
4345c1ba
4283aa2d
4307db3f
433b2006
4304678c
432069ba
43104691
423ee024
42f30e98
42fdbbf8
431a2634
42a8288a
4314ca12
432a7fb2
42c2775f
4331633f
431a001a
433b601e
42e341d8
431f3498
43495646
431d0f52
43331ba7
432b4762
42beb392
434d5164
42e61a8c
42fd5e81
4313542c
429d60aa
43092b27
434eb1dc
431a3d36
434c662d
42e36a5a
432ee25e
43352638
42da4a43
42842f61
43062776
42e695d7
430295b8
431660d0
4313231c
42ce4870
433bbe65
42c960f6
433471a8
42ec78e5
4265e0b0
4315adab
42cd0c82
432648d2
42cf95cd
4288078c
43415295
43281653
43176dde
42c2f38a
4286a890
4341305f
430474e8
431941f1
4335060c
42e93aee
426846e2
426df0c6
4339faa6
4349eda7
430a0c03
4333fa0c
42e9481e
42fbcd23
43378146
430f4645
4292a892
42a594ca
42d1b059
43454e72
42f33dca
430734c7
4343bfca
4314035e
43338aab
42bb7f6b
432c2a55
4319a428
432c0453
429fbbdb
430d7e0a
4332a16a
42d2e366
43109c53
4335648c
42c44ad1
432f4692
42cd0353
42c14933
43243ce4
426704a4
4379c378
4290db18
42b025da
434dffd6
43042ced
42b5649e
431f862c
4330633c
435c547a
4341f642
43466412
435d3643
43385c79
42a8e5d2
43167d9e
43493c9a
4208c428
431e8622
42f15352
4292a6dd
42fb6f40
420d9726
42d4f31a
42e85c0e
42a417f4
42fd6a28
42d48083
42bb01c9
42f027a0
4280e71d
428611ce
435c0de0
43238286
42ae4d49
42e4a761
42f9779b
431a5934
429e9657
42cf4fc3
428b9482
43332a57
428d787b
42bab343
42ca0b13
43287e53
43397da4
42ca0a14
432db08e
430c8340
42d8271a
431e2580
4305b63f
431e0aff
432e09b3
433924f9
432c21d8
42d351a2
4328d703
4294ddf7
43350f11
432c46d4
42dc7860
42aa95d5
4310eb16
4312309c
430f9298
4278b921
43488f10
42a681da
42e308a6
431054a0
428f5076
4301f087
43156b01
427d675c
42d61be6
428dded0
42bab44d
42c7ff62
43261253
42c7139c
42a58c1a
429f468c
42d644b3
435124e3
432ac830
41e3ab31
42d2897a
425f39ef
432149dd
42cfcffb
433bdd4a
435599eb
421a69b0
4295176d
433bef2b
42a5695e
432debb9
42ff68e8
434224ef
430447b6
42da104e
432267c3
4257edb4
428180d3
42e238ef
43092695
42ab780e
42b9648f
4312a007
4344c064
429efe8a
430f85b0
42de10c3
42d8be14
4281deaa
429dc4e1
431677da
430e9932
424da865
430a50f4
429c14b2
4312f2cf
43136a10
425ec5a3
4307c2c6
42d22d89
42e2123b
433b1475
42ee6f81
42dd4c24
42f50e29
42b1faa2
411d2972
4302e1d0
434ac281
42abb009
42eccfee
42a4e173
42d3c1f4
41f68748
42e792d6
42d71017
42faddde
42e5372e
42e5aac3
43418016
42a62760
43177b51
426e6b1a
430457d7
4293d62e
42d62761
43037338
42865cfd
42b9b575
4334208f
42c8c8f7
42d87d60
426571ac
430d69ec
4308ff6e
42f6dc23
41f5a488
422daa0f
42b191c9
42823aac
43023af5
42e74d30
43390773
42780279
42e062eb
430b26e2
4340385d
4292229b
430cc849
430f38d4
42dfde1b
42e9f42c
434080f9
4213fa76
4345f4c5
42bff50b
430bccc2
42a9d591
427b1561
431c869a
42a1d1b8
42dc6faf
42a23a15
42dcf4a0
41ca17ee
42bfd0d4
42653234
42be58c8
431478ae
43312036
42fc86dc
4291554c
43198077
430b5782
42f5975b
42822527
43015393
428dd592
42cd115c
426d3864
42f4a59c
43399afb
41bfa58f
42606f93
43099cb3
42f5bf5e
423da129
430379c8
430e876e
43381701
42896b5f
428caf5a
429648de
4306df76
428bfb31
42978b44
42527302
43379713
43028860
42c0b7a2
42d0824b
42f2f30b
42ea634b
42effeef
42c63ee6
432bfb4d
42fefca9
427db731
43016f47
4300ed51
432c8cdf
43689202
43221c7f
4246e70a
431fbd9c
42b3f638
430a1e8c
42d34aa8
42aa207b
42c31ab8
43008d50
42b74b3a
42dc0788
428f5a86
4328b765
42854da1
420d55c0
432fef65
42929fdc
43275d12
4298e610
42dba200
43265cd3
42d2c57f
430a1b04
43247631
43304b54
430d772a
43212391
4345d18c
435b9605
430029b6
434a9da2
4315d584
43462123
43508909
42cf09e6
43530dd7
435c4d55
436fddf5
4231adfe
434e3916
4316ecc4
432b1860
432d44fb
43437476
43035310
430c9746
430d51fe
435154de
437f9b96
434a3062
43345900
4379c9e0
42e82e7e
4335e6e8
42c17d30
4307e85c
42ddad90
42d8dbb7
4386ce48
42b31396
43727ec2
43053c5c
436dbb68
436ed148
4351a274
435c4dfc
4359e498
4312cad7
43454cf6
42fa1a00
435ef062
433466d9
4306210f
430e8e5c
42fc1316
43915529
4365311e
430ff68f
4356997d
42988ecf
430e98cc
4343ac2a
42dca266
43669c3f
4367b942
4315399c
436b92e9
42fef17c
4337063f
42bd5f5c
435cfc76
435dbc3b
4322fc02
42eab9b7
43307456
42aee6e3
431a4550
434649f9
4156b1c6
4264d27b
438052f7
432a71ae
4339f08c
43830086
4302d941
437548ae
431ff330
43223f0c
434636f9
43671816
42c885dd
42c2e725
430e1276
43224082
43395d64
430a6b2b
4330e370
4314a2d7
43312fb9
43487ed4
42d4aa3a
43195577
43036d9e
4379a800
4306eacb
43441cb1
436afad4
4352bd5e
42b0b74b
42a76776
4371390f
434c7b20
432e0025
43132714
42f8a787
433ec687
43035c4c
42fab67e
434a3af1
42f43ce9
42f39e2e
43171c40
434c0dbc
4342e96c
4313829f
433ca8be
42a33ae7
42b4733b
437dfd44
42577f21
428b2e62
43595a86
4349c42b
4393cb60
4374fdf2
43439b3d
437b8e8c
427d67e6
42b1767b
4299a7d2
42ed589e
429195d8
42a60814
4274b18a
424854ae
430a3a44
427b5db6
42dd3eb9
42a32b4f
42a0756d
42f29fc9
414edb90
42683c06
42b0bfb4
42d63d0d
422e7afa
42873dde
433575f2
42d95d1a
c1242554
4270249c
4307eb22
42a8fe64
4226d2a3
42e24e58
422f0c40
42c24c1a
428496d9
42cd3b28
411df810
42a8959e
42d22b96
43065da0
42c0e3ba
4300374a
42d8d391
426739ac
4300bc77
42b50b1c
42e303b8
42940040
41958458
42b85e5a
42958793
430d67f2
421f442f
42a35196
42e00d0b
428fe7e2
425b8133
42552652
42bd66f8
430e59e6
42b4690e
42aff921
42cc188a
42aa6d4e
4326204a
429a03c0
42c48052
42731864
42aefab8
42583ed0
42a69131
42baab40
4295083c
4293fdd2
41695678
429421c0
42f389b8
42c2cac7
427839b8
43038a0e
428a5270
42611cf6
42ab2404
431153da
4265cb04
42511b30
42e410ea
42f0fdfb
4179051c
4322abad
42d652a6
42e7e5c2
42c4c1ac
42ee9b0d
4378001c
4295acbd
42a172b7
41074745
42e0c4c6
42a03c97
42032c58
4322f21d
4286d941
42224b27
4296971f
42ca1062
42a67b10
429981d9
42bcbd92
42e728d9
428d8044
429c1caa
428c8428
426391c4
429b88da
42c05fe3
4296e735
429ae23c
42b504d4
42889f5e
42d89784
42c2f9c8
4297ade3
41eba8a2
4271d881
40a0b100
42b1543d
42dd45a4
41e9de86
42fee49b
4306cfc6
4296b2f5
42ec8924
431e3f64
42b308ca
4322f7d7
431b5cdc
4306ed7a
433b8de8
42c25870
42a883b0
4307ad4d
42c636a3
42f7f814
42f00039
4334c19f
42ab967c
430a8987
42eeb132
42a3df7e
4300b8aa
4328632d
43472d9c
433696da
4317c03b
42d29f70
42f90f00
430e7612
42884078
432b85ae
430bf3db
433b4222
43081016
4356196a
431389b2
42f2e692
43006c26
432fe190
435bc2c2
42bacc69
432b1c5e
4359bd71
42f9f67a
4386872d
422200f4
42d3bc70
42a0281e
42cf5ef8
43090b47
4323e4df
432f4c19
432c89f0
4310275e
434ae0e4
4335647a
42f948ae
4273e36a
42af3298
42d6286b
42fc57f0
435a40af
42dfc752
42f0ea56
4356672a
4335b92a
4302d08a
4308c328
42c684aa
432e5b45
431d5d8e
43186d5e
42c78e5c
42f38702
43267a30
431cc30b
42cf6b15
42a6b92e
42ed73d1
43101239
4215169a
42b5c603
433aa4cc
432efc00
42a2952c
4296615f
42d08b46
4368b5a6
432fd346
4351c9ea
42dfe80d
42be7d88
43542649
43171e30
42be9da8
4318c500
4293377e
431c27b9
42a29131
435f8886
43414af4
432e9014
4331e54a
42a4053c
434e5681
42e833f9
4303a5ec
430a9f98
42ca4860
43298bbf
4284491d
4290a51b
43414662
42ab3fca
431b3576
4172756a
42be7085
431cc197
42a83bd8
43645e46
4285d556
42e36f5e
4352d72a
42aa1478
4306421e
433e5a1e
42e36d1d
437398d4
432cebdc
434cc96d
42fed1de
43384f46
43345b87
43506d23
4380cd23
434cf010
43437ed9
43458998
43803be0
43802803
426a9418
437b25f0
433975c4
43450fe5
431ed664
434bc29e
43251106
432a0352
4343f32f
43433dd5
43555678
4389542c
431a4f49
43636943
430985f0
436d9549
42ec4292
430b2e46
43580299
433fd91e
434323d8
42f65541
434099fd
432d5c6c
4342e674
436e6ec7
4372bb20
432807a5
4365f3bc
43310f1b
4328c37a
43313530
43433cf2
4398bc02
43288d52
42fb57aa
433b789e
4367f620
4366fd8b
433c8e01
436b41fa
42a95a13
4300ecca
4362f509
42d666a8
436a54e7
437bf622
4312282a
4373f252
433160b8
438966ca
43459e32
4316c5a5
4383dff6
432c841b
42c25b22
433d1555
429d45a6
4383a6f7
4312798a
42df90c5
42e2da2c
43607f28
43909ea5
4324225a
431d2e91
433a55cb
4361833f
435e14ff
431f16d9
437e957b
438dcf90
42ef1c17
430a3692
43635e20
431bb59c
434b6a01
433946f7
434c27aa
431a5d81
436a8a32
43932049
42f79d67
435b770d
432e671a
432fab19
4304c6e6
42d4cf7e
43805888
438c4367
42c0c9ce
4309c569
435925cb
436bf67c
43396188
435d63fc
4306e34a
433ce568
430fb14f
432a98a9
43572239
430235bd
432879bc
4317ab3f
43609f17
43776d74
432a2c7f
436e9026
430d724b
42d3f742
434e5aa3
42b50af9
42f76c59
437982e8
43514911
434c1b8b
439812d9
4361829a
4369668d
4266d628
42967b9a
42890a16
4310c9bf
42f26a5c
42f94f45
430b530d
428b3f8e
431aade0
42abba4d
42db953a
427a3da5
42687735
4324956b
421799db
42d70a01
42a96fc0
42a54240
42ea0d20
4305183c
4332171b
42700e80
42f81e52
430004b9
42fb793b
42ee2fd8
41c86202
42fcbc41
42ca958e
42ce7ad2
42c731ba
42c5b519
427072aa
410d5038
42a2bc7a
431297be
42a21144
421ec11c
42392ccc
429021cd
42ee1446
41e4b234
430ff457
4317b97a
42dc3673
42d3ac87
42b935f2
42fbeb4b
42d647aa
42cc5087
421dddc2
42d99135
42abef6e
42f73e6a
4298339b
42aa2d61
41205b46
42ec8ab8
42cf7980
42b8cc7e
432c5231
4281f192
43148eb0
430315cf
42be7e36
42c6d3b5
42994d6c
43184afe
42665367
422a9e78
425e019d
42bf64b3
4301e9ed
42bf56e8
42aba84b
43172997
42e3d8ca
41ceb7fc
429f9200
4314ab65
430b7bfb
41e28418
42635f3a
42a684dc
42d938ce
431d657e
42b61408
42611aca
42a7397a
42db9499
4318263d
42adadfb
42c64e05
426b8aab
4316df04
42d58b6e
42cf3ab6
42f6f8a1
431be246
42328aeb
42a82579
420c71f4
428df326
42ec1064
42c52707
42da5752
42995239
4235f21f
41898a77
42c22c60
42871982
42673efa
422f747f
4302b2f4
42df29e8
42c29106
42aac4fc
42cd40e4
40e02506
42c94279
42b397f4
426085f2
43400bfb
427b6c9c
4319751d
43125129
42d3a4ac
429c4029
430862a3
4310d76f
4319215f
4361d914
4320a6ea
430a4425
434838c1
4325bff8
4327d35c
42aa3526
4316f9bd
42910a26
42fc603f
43160b86
42c41efb
42c882c7
434b31a2
432e1249
42e4da06
43090f5f
4325c4b2
433164a9
433508c9
43455c25
42eff7a1
42d32f80
42acff43
4312c41f
432049c3
435454a8
42b8831b
433f7ae4
430fe76c
43422ca6
430b13e6
43049418
434ba6e1
42fa8df1
42fbf72a
4328f243
43365fc9
4354646b
4310be0c
42f89f74
42f0a76c
432720ee
43391717
42e11454
430f1854
431846e2
42df2772
428f3a59
432d744a
429c1133
4323f369
431f0042
4347501a
43269e0e
4311d5f7
436832d8
430dff88
4361c4ca
42e5c8ca
42dfeed6
42ddc5f7
42c7fa83
429b965a
43340e40
42ff51f2
428dbfdd
425a47ee
4326c1e9
4313ec0c
42c5dc1a
42fff43e
42b3524f
43375f58
42f395ce
430fb46c
43430f55
4340a678
42ea7c41
4311080a
42dae8c2
4326351d
4316677c
42d5944e
43379154
433a6c92
4340d9c8
4351d19d
42fe5733
43250692
4297d4ce
4307c9e3
42cd859b
4305b850
43342cd4
4335804c
433f4706
42bef29a
4363c15e
434ad11a
4323c75b
431ac8b0
43030d34
42c89171
430d846b
430b9098
42fa4dc6
42cb310e
4328974d
429f86f5
42f8c9f1
4349b3c7
42ee5ba8
4364b19b
432a8ab5
42da5b1c
431d57d6
428fcd78
43012d51
43421e61
43595534
43187680
4326acc0
433ac35f
436aac69
42e32014
42f59ff4
42d5351e
432c45ac
431dcb50
42f9c604
43107036
42e277ac
430d373a
42ce8ecc
43071052
42b7ed5c
42e29c6a
435934e8
42e3b1ca
42ca0ac4
431a4a2e
42f6fc4c
42943a03
43001a0c
434d22a3
42bf0354
4281ac46
43085f74
4309d60f
42e3ae52
42e02282
430abe78
4316077c
4304e45f
42a04dd6
42bcc9f3
426b4024
4352805a
42e676df
43425d14
432ef4dc
42e066b3
431c9e8b
43199a39
4319de05
434f9026
42897336
43009098
420b1ec2
43136f87
43282b2c
431e4670
432dc10b
43156568
431ba038
43009837
42b37869
430d707d
42a4bae9
4336e355
430220f9
42b069a2
4329afe8
42ff52ac
4342bf11
4307c64f
42ca035f
42d580be
430278e1
427728b8
42d65fa4
42ea4017
4325e574
42a163eb
429421ee
42c5e11c
42d68e8c
42efdd82
42d2ebb5
431f2ebc
4298e6e0
42d6a492
42db0fb0
42f29682
42f54def
42962a22
42adbd35
431aebda
42efcbf0
43276ff3
4300d216
42ece4f0
4314ad7c
430db641
4381b834
42ca7526
42e9a958
426b9db3
43144119
42c8fd91
42de7726
4339a3e5
434d4f26
43053e75
42c449de
4316fe48
431ad176
4308a286
42aa91b7
43389fb7
4300ed52
42efde04
430cd3e8
42d1e58a
42ce950c
42e82ea2
4285077a
42876c69
42dc607b
42ad471c
4318f18a
42a42c86
42d58ebe
4303a5ea
4310f8bd
42537583
428fdd52
433d38c2
4298c9c2
43379fe5
43350dba
4319c8a6
428d4840
42de1360
42a988ef
42a7e75f
431bbc41
4234c687
43088013
42b8db4a
429b60e1
426472f5
427f2b9b
4297796f
43017fe3
42da0064
43008c3d
42bd9e02
425b0e13
421aabf2
42c60a6f
42e2532b
429a5baf
427968bc
42bdd576
42a002b6
4289a206
42897027
42ad732c
42c3d0ef
4214a5b9
42f90e96
41faeefb
42cfc9a8
42ab75a9
42ec002f
42f37668
42e5f26d
430ed9bb
42d5d09e
42baf82a
4315cba3
42cb08a0
4328ce4a
42506aa8
42d22311
423276e2
42c0a1df
435235e6
42ce4d9b
42c13c59
42af8b25
4259b6d6
42e14387
42a29dac
427698aa
42b8cb80
42e0c0bf
423e047d
42ba03d9
423b6c6c
4302132f
42d87d76
4301c39d
430809cb
429fbccc
429f889a
42ab6107
4266bd00
430319e6
4303adc8
4162c946
42981882
4325aef4
42ba81c2
429541df
42741c5b
42981dc6
42902248
4268d525
429b1dc9
426f5b81
42f72d75
427b04d9
42930308
42a3a372
42d1c2d8
4313ef5e
42b8dd9d
41b5166c
42b9fe1b
42a8f953
42ddb0f6
42b91b1b
42c96e58
4259b68b
42ef4774
42750e50
43182c11
42bed935
43466a18
42883c4c
426b8187
4302fbc8
42cd1d66
430877bd
42b537b7
42fc7dd8
43479611
4292760b
429474a2
4329ccf7
422faf72
4288c149
426ca39e
42c75702
4301fdb9
42ae5616
423dc989
422c57ac
423fbc52
434bc49b
4220da50
42eab59c
42c9b1b3
42b06e0b
433be0bc
4319843e
432d6fcf
42ba260f
4319b464
429c17e6
42dffd55
431b92ce
42fcc632
42cf98a2
42902344
42d3f728
43066ccb
427f9a94
4305ecdb
4294f743
42b08cc7
42c8fc2f
431a2979
41e67632
41fc84be
43038ba9
42f04731
4307030b
4336f13c
4298e3ec
428d226f
42b28e3a
42b14a35
426ca53a
42ef5ec5
41f58eb6
43207c9a
42c0194c
42cdb240
420f75ea
42876f6d
4331e2af
42fc490d
4346a772
42f9e3a7
4306b12e
42e8ff02
42891084
42d92249
431a2a3a
42fc7c2d
42079eca
4286c0cd
42a154a6
4319e698
43299fb8
4317ed9a
42dc0424
4031236c
42cef9dc
429f39e2
4248e631
42b514e9
4310a13d
42e58f33
42ef08d5
430dab4e
42e1e173
430156f6
42b44a24
42f10fec
42b6baf1
42583bf5
42591c2a
4290bfb1
42b94841
42bec19a
416e1b79
429bf17a
428e4813
42abe8be
428cebe4
42f25338
42c57c7a
4280438f
42f2db6f
42e661b0
42fc8301
42ea004d
42aafb46
4297e94a
430e6403
41fa2630
430c34cc
42d5b5c8
42a79457
4298641f
4290d38e
434ccc56
42080c70
42fc25ac
42d5a349
4305b8c0
42243e3c
420aaef1
4325a052
430d694f
428815b3
42da6cfa
42adb8dc
43022beb
42878037
42865516
42bcdf1a
42877feb
428cfb14
4309d087
424477f6
4332732e
42ad35c9
4302c694
42e32c96
42625040
432e6dea
4327117e
411db8a4
427f7f95
42f6b461
42cb4643
c12792a4
41f0a849
4316693b
42624a7d
4322121a
42c4bf90
42a92342
423a3586
42eab4e0
41c4476e
42a9ded1
42bab4d2
42adabf2
42ba1a03
425c8699
429eeea3
41f5db6e
429e6a66
426ebf60
42e189fc
4286d25f
42ab7804
42e257ae
423f6779
427c6026
42ea987c
420dab96
42d34b0c
4283421d
430453cc
41f443e6
4199d9a4
42756b32
4285e4fa
42a9e83d
4221c31c
42d318b6
42ad3744
42b69d83
42932dd8
42d4332e
4237e244
43093b94
42e0ad6b
42b90da6
42b63551
428ab4ce
420fe954
433d563a
424a4580
429d12fa
42536d02
42a62fca
4304be5a
42d57869
4306f06d
427f7229
4233e197
42014d19
4302ad17
427eec4a
42d7db03
42e399f6
42b2959a
42b72875
42c74a92
428373fe
42619cfa
4282350f
42f19f3d
42d28176
42a13991
42e11062
42621b10
42f7c818
42ef7798
41a391c6
42c55d50
42bce35a
42f3770c
4145b10a
42b6c6a8
42831ed3
42653cf3
41566bd4
4217017f
4255f7d7
42eaf78a
42a26194
428ba08f
428a2a70
42b6812f
42c87639
429d334f
429b1840
422ca558
4214d0a9
429927d9
429b19f0
4323bc8e
42e66954
42960227
41c2a078
42f89bea
431bda3d
43168692
42a27adb
4034de30
432240e4
42bcc2b2
421214eb
42abd3a3
423a2927
4307652c
4273f36c
4280068c
42d48464
42844693
42545476
4298eee3
4310f360
42bacb79
42985f0b
42c94770
423c82c2
42cc4831
430eba7b
42259aa3
42d17efc
42d69f2f
4279e669
42ed5c32
42d49337
42f12e01
42bb6835
429829c8
42f0b592
428ee50b
42ffa7bf
42f20b84
42e4e440
42b4db77
42e48ed7
431fe5f4
41b8ae66
4301c595
42fcbb66
42a61803
42a5738f
41e18df9
42709eee
42966a57
4286aa3e
4214bc06
4315e77b
430aecde
42ecd255
431a2350
427eebaa
4329877d
42e4b8a2
42c7cab4
42cfc49e
4211bfd8
42efbfc2
426d38bc
42f11e20
429f48b6
429a7ede
430b6e82
4311e0f6
4300f36e
42d95714
432182c4
42b83c7b
4299b63d
429eaa6a
434b98f1
42e20460
4301d81e
42b38e7e
42be6a0d
4324d2ba
42b0a9d9
42a38b7b
42cca7f1
42999ce8
431852a4
42c903c7
42b7737c
42e28315
420ac745
43120c38
4238a17e
42c08373
42db1e37
42e3a5c5
42fb089c
42c7c9b1
42c2728e
42bc3f13
4273640a
4318691c
424a8c55
42850a0d
42acd01a
433498c9
43484f32
43010fcd
42f1cd10
42cd3d72
430d58b0
42703be4
4291f89b
431551f9
43058321
4258f6c2
42c11679
431039a0
429a1ed2
432943f5
42a54f68
43037183
42cffbe5
42ae4d0b
42ae4c19
429e7a9f
429fde86
42968e6c
430d6499
42a93767
42adeefa
430e6d5d
42e7cd36
423b744d
422c3e7d
42c737aa
42d71b47
42cd533a
42ecf21b
42b6c5cc
42ea6da8
42b6c858
428248a4
4337de0b
42d329d7
42b528f3
43027acb
42ea5248
433ed171
424827a4
42d03b5f
42d19200
42c7fa3c
431bd062
425f98ba
424c911a
43060e4e
42769704
43252f0a
42fc58bb
42afe068
42ed7538
4359e395
43538fdc
43145699
4368cdcf
43167e75
43349667
432fd708
43667fe8
437819d7
42df4986
438cf17a
4350334e
431f1fa0
4360c3f3
432044f9
430a6dbb
430b584b
433b98c9
433b26f3
434b125e
439476ae
432e6c1b
4354f694
4309152e
4363e1a0
43005cde
430a0176
433a40e4
43507886
4360c690
432f1bd0
4362a8f8
4345fd28
43874c28
432cb61f
43731a7c
435c2a4b
436bd467
43857f42
432a2693
43688e7e
43797664
4383e4ae
43330c0c
42c788ca
43295470
4380a40c
43535f07
435a9ea2
435d3527
430ffaa7
4325eba2
4387a48c
4313d36e
42fd1436
43735dd5
43114962
4363c3ec
43851a18
431232ac
4335578e
434c19da
4360f54d
4350140c
430f0ea9
43785c4f
430dc12b
437d04c5
43260f20
43263de9
431fe421
4301e140
43627f8c
434d9b9e
4305eeaf
4358840c
431a6d30
42ee5337
43307a2c
43832719
43a2eed2
4317962b
430ba918
4388a7ca
43271831
436cf43c
438562bb
43600c94
43734152
433699b7
43a0484f
430ff7dc
435d65b0
4332be8e
433ac2a9
432c1cf1
4346d1f8
435616f5
4381f2aa
4317bf97
4337b1cd
43894370
434a7a3a
433a63ec
4338b02a
42fac1aa
433f2c8a
427a9aac
432f53ef
4308e2ae
432f2ddc
43690186
432f0478
4357ecda
435e8f2a
43403c40
43a0d62c
42f0ef6a
433be5f8
42ff5424
42f7d498
431fd0f6
4386ff1d
43836abc
4344e50f
43a3b372
435f948c
433ddd9d
42784b6e
43649797
40e146a8
42ec556e
42eb00e2
42b4833e
4272a3fc
41b4ff1f
42cd88b4
4284a9c0
4260eb6c
42ea1c4c
4273c133
42b68e18
428fd352
42b11003
42015a43
426d143d
420997f3
429d5759
428daf7a
42c96e68
42c7fd18
427b191a
424e9d36
429ec8e6
40a288ac
42c29832
424e8bfd
43151a2c
42a8ec9a
42b90eee
4227b699
42048a2e
4311a956
430efefe
42e254b4
4219f53e
42d8f3ca
429c654e
429bc2f9
432817d5
425c3e22
42a0851a
4265c6a3
42c9930a
4319d8ca
42e6c09e
428b1080
42496e18
42915be1
41251750
430738c3
42682b84
410cd14c
429abfde
429d9ef3
4275bcf8
42b43aef
42452e46
42d132b9
428e9c5d
42c991df
42b099da
43111368
42c5d254
42462515
42b94fde
42c4dc46
42882208
42f00754
4304dcc3
43220ba6
41d94c50
420abeaa
42aa428e
42984e43
420316c4
4262ec3e
429206e4
42d2da79
42d33500
42914a6c
42d984bb
42ae0fa8
42d43435
42962d18
42bfffb8
42758e8b
41aae58c
42da37f5
42851874
42efa387
4275ada2
42b7f27e
41fdcc46
42c43542
42feeacd
430746de
42d9f9fe
418d8494
433b3376
42ad37ff
42b069e8
429b80ec
42b07993
42ae0127
422f8f4a
4293418a
42f30c05
42145aaa
42d4c8e7
42772136
4308b213
42c1fd77
422f7c62
4316f0da
41ca3f64
43113b30
430ba39e
416cbea8
42e0cc18
41c60628
4286f858
42a715b1
431e36ef
432bbcfe
425d5398
43269295
432e9b6f
43868594
433d84a5
43729cb6
431ec46f
436efab8
4382cc8f
433f8788
42e704a0
436391a8
4325029e
434f9d80
437bfb0e
432d2450
4308e1ea
43671f44
43366057
43344912
43633f6e
4395605b
43383adb
43814a30
431c9c56
435acfdc
4325cdef
4331341d
435c3d0e
43198f78
433c7d98
42e6a542
4360053c
4330aae3
43252c96
434119eb
4363fb72
43783595
4327d974
4338f632
4338b1d6
431637d4
43478c48
43791721
432aba54
433ad0ce
43102cee
4383f3c6
437c2611
4324e0ba
436fd36c
4309550d
436a1303
435f3c5c
42ce0808
435b5dc2
436369cb
431cd9d2
4369d83a
431d1534
438f7301
43552a0f
43780309
436ea836
434fd592
42dc2361
4321ac8e
42f57c4e
4387d977
42bfea9f
42306dea
42c9ffa4
4364625a
43704b16
433db1ed
432d9449
430c8926
4378a3c7
4332e904
43299f76
43674705
438f4361
42a6a37e
4332e444
4327dac9
432d6b1f
43902e5a
4355bb14
433cb956
4319bdac
433bf514
43945677
42ea8b95
435e4696
430d2b5a
434ecc86
430bb03d
431989b4
439b3506
4341127d
42f4d463
431a32a1
4347b4ee
4381f5a1
430dd054
4335f6e1
430a8328
432c09f6
432ce839
43140a76
4363e51c
4322496b
43343a96
4305e436
433a148c
4352eebb
4317f87e
43881831
43491b1c
428c638d
437cadf6
42c4bead
42f03b9a
438eec8f
42fdaa91
436aa5c1
4391ec28
4383f54a
4390d817
42840a9a
430a91d9
4250c6f8
43317cc6
430497d1
42e81c25
42e82060
4310bcf1
43417544
4222d296
4305f74e
428b7906
42f66edd
435003b4
4267b874
431b6fba
429abca1
42b92458
42cfb39f
42d65b60
432cdec8
4268e18b
42dc72de
4343789d
42dbbacb
43037a3a
425d756d
431bb5c4
42efd9f1
420eeb25
42a4a2f2
43006166
424b3ef8
41d2d9a0
42e05a41
42ff715f
42cde61e
42a84aa5
42afa8b2
428059f2
431bf524
42a8030c
43007338
4315fac6
425337d3
42fd3dfa
432b12cc
42e82074
42d296c6
42f03de7
42d271f7
42ed9914
4304ea79
430e60cc
42aa7e4e
42b1c8ca
be182000
4298333a
4314219e
42e46623
433ccfb6
4254a8ea
43481b31
42efa3ba
42aaaeec
42ef7d57
423e5870
43338881
42432c1e
4242190c
42ae34a3
42b8684f
42a53c37
431e02b8
41d4970a
4326657c
42b2ac65
42cc1d07
42bf7cdf
42fcdc7e
432c2ac7
427fd450
42ceb995
430eda4a
422b4c08
433a648d
42d61d64
4241180a
42e1fe2e
42b3ae50
433ff9ce
42f69a6d
42ec4eda
425c0940
4312052d
42a325d2
4300fddc
42bf4062
43581bbd
41a8bbb7
42c9db49
42975746
43156023
430e3c55
42c23bef
4312ccb4
43029a24
41369b88
41a2df02
42f48930
4282eff8
42a48b3e
4298f51c
43060777
42ecbf7e
4285d43b
428bf51c
42e97c36
41a034a1
4290da28
4294215f
42d51f2f
432c3158
42ac07dc
43061e95
432c11ca
4309575e
42926ad0
4290f3d3
43174298
423c751e
4319be01
435fd029
42a7fb17
431fda07
43179773
434a5114
42a7bce8
430ea2a1
42fefb5b
42fbb449
4349b9b1
43165bfd
42b6568a
42e45dcd
42e168cf
42f53572
433898e8
43081dff
431c25b9
4328d582
431f2362
4305a036
42da502e
42e91d6a
42b93b7c
42ae1c42
435ed3fe
428a10e2
43399638
42d3c424
43605cc8
43368281
430f2df2
433932b9
430fe63f
432682a9
434696ba
42e8428b
4343a977
42cfaeac
42c4140c
42a6fd48
4298b988
437c8b6d
42dc57d8
42f45846
430600c5
42ccd921
430632ee
43094267
42f98d14
42de9491
42fb6218
42e9879c
43102be5
42bb3788
4316d737
42c51098
4348614d
43146777
428ed3da
432a0666
42860f7c
42851b4c
42dbb5bc
4347fc3e
41f1672a
42a2c5f6
43531e96
42978db9
4307de1a
43328079
43155723
431e4329
42b33e35
4310c0de
42bcb598
43058793
42cf5507
42b1269f
4301e8a8
4343e8c4
431e5ba3
42a6ea7c
429bacfc
43062ce8
42ebb268
42f97bf9
42a7aa81
4302fa11
42b5e9c4
433835be
42e249aa
43333964
430e30f2
43462a30
43217bf0
42b67fb4
434c3ed9
4330973c
43578e0a
428217d0
4325d939
4307c0f6
42d9a680
42d10985
4328701b
42e2bb1d
42dc8cd0
42ed39e2
42d80b66
432f365e
42da1771
42f9b6d0
42211265
42c360fa
4376c52e
427988b4
42cf915f
42e8a794
43346d9d
437855c1
43255c09
43464a53
433cc9f9
42a26116
42f5fa8a
4262d374
4349b7c6
42e9c7d4
42f08fda
42fde798
4244b289
42d2c9d6
4275c49e
42977110
420391c6
42f96e2c
433b5a2c
41e9f030
42c9037a
430ad084
42fe02df
42d7fb3b
42573c8c
434cad92
42b96817
4239a985
432bb6e8
42e0174e
431957b5
42bc8e94
4300af2b
431d0659
42b501bc
42d89fc4
42a84d48
42770c6e
42c6b05d
425989ed
43159c2c
433486a3
42a595e7
42318821
4284a43e
4315df84
43438eff
42a3ec98
4315d9d8
4187fb10
431d0005
42a0a85a
42fc204f
43203ecc
42c427c0
4268332e
425a30af
42e8775e
43070b97
42bf79f9
43056170
42e33edd
42aaf291
433b366e
430121af
433fc486
42a2edad
42eaebff
42da67a0
42e46516
42d99fcc
42bb75a5
431efe55
430784ba
42c4de9c
428231fb
42bee4e5
42e74674
42719dee
425a821c
430c98cb
425b8996
4209aaf8
42c24193
43144d93
42d446bd
42d76322
42cdd0fa
42f6eead
42cdf87f
43167cfc
42f84529
42b865b3
42e89e66
431089b8
4346e438
4311175f
4307d3a0
3f565398
42f2c13b
42526130
430561dc
43070912
434338be
429fbd8b
42b69155
430c4e23
42ee41d8
42d56908
42f3511d
430abc69
4310ddf8
4272bb5d
4294d6dd
4235400c
42c91f56
42a4cc4a
426ac5f0
430d4b01
42dfdadc
42f01b35
431e9da0
42e68de2
423828d3
42432bc6
42c3dc5a
4249f2ac
43117474
431987b1
42882cd4
42d4f0de
4308713f
429aef63
42405773
43434053
4299cde2
42f0934e
43206484
429407cb
434db9e3
423af503
42aed1a8
43038574
428b731c
429f5576
42c255cd
431cd074
430cce24
428d89ce
42ddfaf6
42967ac9
4316afc2
43283f2a
432f6dc0
42c1248f
42098f25
4271766c
42e7b5f2
424f9569
41ef08ad
430352d2
43116ca4
434ed1f0
42c5efd0
4295acb2
4284e4f3
432df31e
42bda2ea
43196d14
433da07d
42add137
42bdc955
4339b512
42cd7c58
4395dc92
42b28a9d
4327ca20
41c850c6
42dc5c8a
435f858b
43211672
43278ad5
42e682e9
4281d491
4249ccd8
429c3fde
422df40d
4217cf7f
434cb1a5
431d45c0
4304d110
43035372
4281dd4d
4308cf6f
42f2f43b
429542b8
4348fbaa
42c210cc
4308af82
4301057b
42d8fc9b
434b87c6
42db608e
42947c40
4288729f
430b047a
42c031e1
42df8b49
42f8247e
42c4ba2d
429c3b5c
42d74c86
42ec009f
43143469
42c49e3a
429dfd22
42d89ec3
43245a94
4303d05f
43110ec2
430e4d3d
43497318
42f3d80b
435b0c02
43033462
42bfe23d
42b38c80
43103a40
43075a16
433d49e7
42f3083d
43894e84
42f2c90c
42d9b01b
433c39a3
4240bb81
431b0624
4317fa12
42c2e3be
433c0690
4285910d
430ac5a5
42806f06
42296342
432e8bb0
42b08be4
42b91d27
42dfcb39
43026488
433a6574
427a8321
431e5fd6
430d6a67
42900f9c
42fe53c1
42d4606a
435008ad
430170a5
433ec5c3
438629e5
42c1d865
42b9f7eb
43152b36
4304c8cf
434e1ace
431a16a0
42c28c46
43214ace
431ea100
4331f2cb
41de47ed
4336bdcf
42e84075
433f50c5
43185a12
42e42e6b
424bad14
4312efc6
43106314
4318e9f4
43188735
434cc526
434a9e6e
4330e56b
43269352
430c9136
42ec3754
431fbf6a
42783e7a
432e47b0
4338795d
42ea25e1
436425e0
4338f685
437e2b0b
43388bca
42e33dad
4342fad2
4373ed21
4319864a
4318cee0
4311791c
43513992
42e850ce
42d67d58
4267317f
42bec262
43307bcd
43210e62
432cfc5e
4359b68b
42b9145b
43022d25
434defc2
42a21790
431e8d9d
4304cf7a
434ba65c
42cdd649
4315d55d
4349f727
42ed1b60
431ef24e
433ebe44
42cc576a
429c2ccf
42a0b896
4299707b
4304f567
433a71a6
42d4f2e6
42b4c632
433d5666
42de4b8a
430ab384
430e8047
42a1d5f0
434231ac
43350c36
431c1c6c
435f8af8
4307a241
42a86fee
430421dd
432227a8
42e4b87c
42dd25d9
42f4d430
42e49d57
42d2a962
436ff0d0
43499f4f
424a14e9
432ab3a0
42b59cb3
4325cec1
42a488f0
42ca765c
4348f524
43306685
42f281e6
42a559db
435f76da
4390f53f
43011e1c
42dcdd51
42d81dae
43299a96
42d42abb
431ccc64
43288705
42ca1482
4303a2b8
42f7b386
42f57e58
435a9ac2
42ea80a0
4356e046
423a8892
428354a1
431ea14d
42c4fb3f
42a060ee
4301378c
43489ac6
43555591
4304b451
43201e5e
433e2f42
42346542
4318f527
42cb90f2
430b793c
429e6bf6
4262b810
429fb0ea
42e4b552
43009271
41db7e6d
429b8d8a
42acd810
42866021
42e4783b
40f57ae8
422a7e4a
42b4344c
42bae42a
41f72088
42e2655b
424152bb
43257464
42d0b504
4207cace
42b1d47b
42843b84
42df61d9
42212e46
42860246
42cfb6f4
42290876
4313037a
42820c42
4273e894
429f1ea4
42d3c634
434d4a0c
425c7a6d
430f3225
42f1c8a1
423099f4
431ec5be
42aab6a0
406acc3c
42bbf32e
4204916c
42d75100
42abe5c0
41c40bb0
4247fed0
42b89068
42b67fa3
42c48533
426a555b
421dc8ce
41cbded8
429aa28f
428549b6
43197695
425dd424
40c167b8
431e5882
3fe66c60
42a21846
41395534
4279858b
427300f0
4274c1aa
4299138e
416ba265
40e5e8ac
42f017c9
41b36648
42dc6e30
42beb3fe
422bd1de
43144b3e
4288e0a0
427fb9ba
42bbd52b
426f0015
42c022c2
42be6cf9
4268143a
422ab0fc
42a32f9c
42b972bd
42be5a6e
42b8a36f
42a41f95
420a9998
42aa7172
422e3440
419f30cb
42d15bb0
427bfa77
42f07af3
4291f56c
4299ec9e
429078de
41a324f2
42d69139
429038a6
42c8c1a9
411246f4
421304a0
429659f4
426d510e
41806cf8
429c1501
42d11176
42eb21da
429099e5
4203c45e
42f76182
415a04e4
43269e8a
423474a6
42dd1bb4
42a5f95b
42148dd3
429f4444
42e13824
42d37b41
42ffd575
4283de95
428b22ba
4316d996
4320e812
431cca7f
434bd8ee
4341a12b
433edb68
42fe402b
43201734
43288f43
4305a382
4286d65c
42e3d2fc
4302f538
42d910ac
4316e850
42ec8c43
428a1049
42df5e32
430ccacf
430a428b
434e6079
43108640
42bee13a
432525b6
429d2520
42b158f1
42cfe643
430d15c9
42994cd6
4329a42c
433cc1be
4267ddb1
42fdb880
42f5bca8
42e330df
43149541
4335af8c
4369ae82
4304be11
42dedb60
430d9de7
4307a480
431aab88
42ede8fc
42cdc1ef
434e0e42
42e77bde
436c330c
432b4282
42ef46d6
4334ed22
421e8e31
431358e3
431fbc2a
422a7651
42d250f5
42f88f58
42f4a129
42eff9d7
431c8b81
4322b6cb
4323ec7e
433c207e
42fa2e98
43274280
421e20a4
42c3eb06
4254ad7e
4310ecb9
42c3eb2a
41ae01db
423ac0dd
4345f278
42ee7f59
4303e267
4303a44f
42755c4a
433f8082
430bbfe4
4320501c
431f8bf3
43238666
4276161f
42bb08c0
42f33378
42b8d7e4
431cb66d
430ac928
42d049e5
42d1b3c8
4302a23e
432e83d2
42967cc7
430d108a
42b74e55
436139c5
4269b7b1
42f35c6c
43277df4
43447487
42e1e9be
42b23488
42f2bed0
4326b945
43186c9b
42c45518
42969d36
433d1a00
42f1befa
42cb657e
431330b0
430054fe
42f72265
42d80e71
43063dd6
43291100
4302e7af
435e46b4
424e7bfe
421c47d2
4354370a
42c3d33e
428c09a1
4313eec8
431c2db6
434e7bfc
43698827
4310090e
43427bc8
43208c48
42288744
42bb1fa4
42e5ed1b
42dd535c
43082285
4287d754
42dd71a6
42bb25ca
42c284a3
4305433e
42d62c1f
426e7b15
42b53684
42b4aee7
42a5c86a
4235e1e1
42b0c1d6
423ad0a6
42e8981e
43254b5f
42b833d4
42d42908
428ff6de
42f76128
42bdaee4
4253ad51
42f62798
4288d1c2
42cda406
42a1fad0
42cd1cc4
42c66cf7
4301b6e2
42dd0978
43333cf5
42fb11fa
42858b95
4318a69f
42935b60
42d50912
42c89aa7
4314ca2b
424579dc
43058e8d
42c8eee9
42b009c0
430c77fe
42e3caa2
43092180
42ca8d15
4310f036
430ef2d4
42a62772
428f5706
42aa3282
42188baa
42d48342
42e3fa00
42c418af
43164f8a
42f846c1
430c37d3
425f9074
426a4bd6
421f391c
42ea304f
430c2c38
424b7b5e
424fd7fb
42f12bc0
42900bee
43264986
42c4af0c
42c55d89
4309e5d4
4297ab21
427dd148
42ac25af
42d0a821
432c8216
41c1400e
42957a9c
42e55ac4
42f03a26
4346a0f6
431bc67a
43047062
428ff597
42974322
4315fdd5
42326795
42ee82b0
4299391f
43053bdf
428522de
42bd1c15
43298423
42a47dc8
428096ad
42dc243f
42ad68c1
42d89aa5
42a487a0
42bf597c
42ef9dfa
4283a272
42aad556
428b2f08
42d458bf
42fe15e1
428065ea
42998a39
4276ae71
42b1d1b2
42ce0696
43101a07
429258dc
4239980a
4307bf88
42750f5b
41f7c049
42b3353c
42830d64
42ab3c09
4353fac3
42b36cb8
42bf2d31
4287e629
4332c368
4208f0a1
4314b006
4302b368
42e5a8bb
42f8a916
430082d7
42bb5992
42910f29
42c2eab8
42b6f5a5
4315fd74
42f3699a
429ef374
4301092d
42d599a1
430af2ef
430fe232
42987aec
4334138b
43170583
42e97c46
425f4190
42c8ddca
42a6c718
42ed6793
430b6a76
42b0509f
430bfd0c
42f0add1
4321e36a
42cb8d9a
432b888c
423fa029
431d3b0e
437127fa
430383ed
43128438
42b9ac51
42b1c9d6
43a36c85
42ce9e7c
42a96865
42821a08
42f35be8
4314bce2
4323bfcb
432d96ec
43207124
42d23f3b
42842396
4353b182
42b08fdc
4306b6bc
43165ec0
43150029
42ebeda3
43569120
42c327b1
428e3e22
42df1b9f
43088c09
43086deb
424312cb
430931fd
43108df2
431b4944
434826c2
42eef3f9
42b927cc
42966778
43059f92
42b1266b
4308868e
42c236ae
42bfb960
42a05d5c
42c62b97
43038dac
432623b8
430450b0
4312d84f
42f6a755
430d8c64
430458c8
433867f7
4345548a
42e7288f
431829ba
431e6ef6
431b25b2
432f688f
42940b79
4311e586
42877f8f
434c8e87
43326d7e
43388d9c
42b0478e
427eaefe
4371702d
430ef733
42ebe18c
4321579b
4271ccd4
4352846c
42ab39e7
42b0e9fb
42b27d00
429c0d9f
42e888b8
430c79cb
4300e962
430c1b15
42ac3b4c
435b508a
42d2fb69
4313c168
42c1786f
422336e8
42f63f10
431a4964
4313d9cc
4307cd96
4304994a
43301e42
43155ae8
42f38c34
430b80c2
4298988b
42ca8816
43339671
42c6e12e
4306fc3a
43706feb
431a58d9
42175bc2
433528f5
430d682d
431b7ecb
430ecac4
4317ed7f
42efe448
430011dc
432d5bec
4319da3a
42b3fc50
433a077b
42f53c6d
43493d98
42af8144
4319a183
42cd163e
433b279b
43076ecc
42acedfd
43171034
42aa1b0a
431f70b3
43001a2c
4336dc0a
42c56cd4
43200679
43397b00
432c0fad
431baaa9
42cb8a48
42c53815
432fd3b8
434c7740
42f299dd
42aaa8de
42b0fb12
4354d868
4305933e
431347f7
43247bbc
428250ae
42951a6a
4347975f
42d46a02
43279983
433abb02
42ac8278
4333b946
42dc889a
43452170
42dbad36
430acbbc
432aea5c
43065e9a
42e6e60a
43500da2
42829291
4340ee7a
42f48c26
42b3bd5b
42c4e9c9
431ca657
430fe0e1
42b48632
4322501c
43113cda
430b8d32
42dbda15
4300d46c
42e05eb2
437cb896
43211a29
42cd11f4
431c4624
4321be69
430ef6d1
43248587
430ea895
42fceaa8
4303abcc
43064586
431654a0
434bb7a8
4311c58f
42fa67a9
42fa122d
4314a986
431dfc6d
43451e11
42c52c60
428ad27f
4366b6b4
4335a40e
431b7412
4312279f
42b1ee30
4322d3d3
42d9c00e
42bab1da
43062cbc
42d1d17a
43019254
4347a942
433425b0
433be426
42e35ce5
434f5321
42cd7bc5
42ab7f02
42f0fc18
42b0a563
43160d2c
43425cb1
42fce985
432b5880
434ff648
43152663
4353d3e1
