// case 009a rvv_ame_handoff_cbo - B[128][256] BF16
// 16384 words, 32-bit each, little-endian memory image
408dbf43
40ac3f80
40004000
403ebf87
bfc640a4
40db3fac
40a53fe4
400a3ff5
40073f12
404b4083
40cd3e67
406f3fad
3fdebf56
3fd6403e
3e0bbebd
40443fdf
3f8e4069
3f8540b5
bfaf3f0a
bf8d4058
40d1400d
402a408c
3fbe408a
4061bfee
bff6408f
4073400f
c03a3fa3
3f42bee9
3d7740cb
3f803fd2
40443e4e
bfb5becb
3f62bf49
40194017
3feebf4b
4061be91
3f5f3f96
3f624029
3fc6400d
3fd740e8
40cc403f
403dbf9f
3feb40aa
bdca40ea
bfe93fb3
40ec4038
40d43f5c
40354057
406f4065
401640c9
be833fce
408f4082
3fd13f37
bf2340e1
40b7400e
40d33f99
40b83f2e
3f803f2c
3c23c016
40504110
40d4bf3c
40324068
3fcc4020
bed33f61
404b40a8
3fc73fb9
c005be4e
3fc2bf81
406540c9
40adc023
40254010
3f80bfab
4025403d
bf18408c
407a40c1
40bd3fec
3fa0be1c
3ff2bfaa
400440e9
400f402e
40a8402b
40e04009
bf40400b
405e409f
3fee40c3
4098bf19
409a402f
3fcf403f
3e383cc2
40ad4062
40d7401d
40f2404e
3f27beeb
be4e408a
bf8140d9
40c93e58
40604062
402340ae
401f40a4
408e40d9
40cf403d
bf5ebf2f
bf1bbf30
3f5d3eb4
40983f08
3e1f3e13
40893ffc
bf384059
402a3f86
40224110
bf7e3fb7
40ff4037
bf174088
3f873fc9
bf6d40e9
405a3fdc
4107407c
403c3dcb
bf3c409e
4004403a
3faa3e85
41033f68
befabfd6
bf2540b7
3f89bf1e
40973f8e
4092bf3c
3e04bffa
3fbb40ad
408340ab
401440a6
40444013
40d5bf91
3f474011
3f844071
400fc03b
bf153fef
bee8bead
3ed24025
405c40c0
bedc4083
40433f28
409bbf59
3fd64096
bbe040de
3fb7bf58
407d4022
3e934074
3f913fc7
3ff640bb
40684018
3f5c3fdd
3eb7407c
3f4abf4a
408a4051
bf16410a
bfcf4033
bef54009
4008bf63
402740c4
3f2a40a5
3fa34000
bfa3bf89
402cbf27
4007bea2
404740b8
bfe2be5c
c0063f6e
40303f92
bee1bdab
40a54049
40eabf67
bfd5408a
403f3f95
40203f23
bf97c00a
40ba3f8d
41104079
be4d4092
400bbfbc
3ee93fd0
40eabd94
3e373e96
4033402a
408a3f9a
406b3ebc
40013fe3
be584077
401cbfae
bfbc4005
406d40f3
40cf3f14
40e53fda
be163faa
bf6d405e
3f13c039
40a2403e
40ce3f56
3fad40a8
bf914033
408e3fe9
3ec73fe4
40f34081
bf43bf02
bf1e409e
4051409a
40d9bf61
4105400f
3fbcbfd6
3ec74050
bd343f8e
bea24006
bff8408a
bd7040b1
40043e59
4018bed6
bead3f42
4061408f
bf564024
407f4040
bec7c002
c008403b
4017bc95
bf13bf6b
bf8540bf
403b40a9
40a9be7a
bfa84008
3f49bfa0
3f0dbf4f
3fa13ea9
3f81402f
40c2bfb4
3fae3f9d
4017bf8a
3fef40bb
40c93ff1
40cb4088
40323fb4
406b40ee
409ebf4d
3fe1402f
c00c407b
3f4cbf4e
408240d8
3ff8bfab
3fb83f94
409c4035
4040409f
3e1840df
becf3f8f
40e83fe4
41003ee0
402d40b8
bd8f40af
40a740e7
bda440ee
40044015
40e13f59
3e8f4097
404bc00b
403c40dc
40cdbf46
40f1401d
3edd3ed2
40873fa1
40004041
3ff83f86
3f053fd0
3fb54030
3ff0bf63
3f54bebd
40d54020
bf23408e
bf463f18
bf543fbe
4034c026
40143ffe
3f25bfa6
3f3dbff8
407e4081
4070410e
3ff53f0b
40e83f3d
3fb1404d
406840d1
408a40cc
40ccbf32
4109bf41
3b11bf5f
3fa4bfa8
be0540a2
40a53d18
3ff14032
3ffe40b1
4000bfad
40854101
40a53db3
3fee4012
3ec33e9e
bf8940c0
409a4108
40e1bf58
3f18406e
3c55bf81
401a4085
40ad4074
40103ff3
40babfbc
bf384051
40863ef5
3fc5402e
40bd4007
40a9bf1e
40113f00
40814085
409340c8
bf793fbe
40b9be08
3fb6406c
3e294085
407e4103
40d63fa2
3f42bdcf
3f6bbf86
3fba40ab
400f40e7
3f0dbf70
bfa3bfa9
3f5a3df3
3fd0bfc7
40acbf75
4042bed4
40e44025
3e27408f
3fce3fc0
40164010
c0053e4c
3e723f99
3f3f40be
3fffbffd
40033dc0
40b13f15
befb4009
40233f85
beb140e0
40af3fae
407c3f9a
40283f57
3ec0be02
405040e4
403940ce
bf653fe8
c02abef1
3e553e63
3f3e40b4
40a3be3b
bfa63e53
c0334048
bf6b4042
40153fa4
40bebfcd
3fa54034
40953fc3
401b4028
401140ea
3cde40fa
40b7403e
40ff3c8c
40233f4b
3ef23fea
4045c03b
3ffb3fe3
410b4004
3faa4015
407a4082
3fb1c007
3fd14025
3f8c3915
3f95405f
408d3fbf
40abc033
40863f1a
3fe94051
40b33fd1
beda3ec9
4031403f
402540d4
40463e5b
3e9a404b
3ebc4043
bd7e40d4
40a3404a
3fed3f7f
40333fd5
bd2e4000
bd554087
bf8e40d8
40473e92
4004bba0
be544061
3d78bfcd
40ba400f
3fdebf56
40a54034
3f9f4095
4073bee8
405340cc
bfd3bf52
bdfdbf9f
3ff7bf5b
3f1bbfef
bfd3bff5
4099be23
40ff407c
3fff3ec8
4012403c
406240b0
bf4fbf4e
bf893f6a
402e409d
3f3a409f
bd1a4098
40ab3ff1
3f98bf40
4038bf57
bfb13fc0
bff3410b
3f4dbeb7
40ccbf5b
3f834093
bf2e4089
40b2bfb7
40e9bf14
4096bf5c
bf2dbfd8
4022bf40
3e564021
4045403b
40a54053
3fb53f46
405340b7
3f994107
3fdabf4a
40debea4
3fa73f3d
3ed4bf91
40bbc038
bd473fc6
40f4406c
40284089
3fb93fa1
3f4c4108
bf893fc1
bfd6403c
3fbd4070
bfaf40da
406b4093
3e9a4009
c0353f70
3edf40b9
bf584028
bfa3bee2
3f563e9c
bfdf4065
3fac40ad
4083bf6f
bf8cc008
be8f3fba
bcf6bf99
3ec0409b
400b3fa9
40524103
40013fdd
3c6a3ed4
3f3fbfc6
3fb14076
408240c3
408f3ea5
4010bf3f
be8e409a
4087409d
3ff93f21
3fb43f1f
be52408f
be844026
beb8bffb
3fab402d
40d84039
bf564038
3f8140a5
406e4008
40b2402d
bfbebdd8
409a408f
bf1fbfda
bf95bffc
40aac00a
404b3f45
410e4030
40024026
40573f6e
4028bfa7
40e63ff1
40904042
3fdfbea3
407a401d
4043bf94
3df13fd9
bfadbf58
bf473f16
4086402e
3ff7404d
407740ab
407fbdbd
40533ff7
40294019
40883fb2
3f713f87
4042bdc9
40aabed7
bf0c4087
be7cc003
3f06400b
bf754036
40b4400a
beab40a1
3fd2bf70
402e407d
4045400e
40c04084
3ddabf94
403d404d
408640cf
40393cbb
40513fed
40293f42
bf8140a4
407c4063
bf253d6d
40374023
3fee4099
bf95bf99
3fd34098
bee43fce
410a4031
bef63fad
3fc0bf98
40424024
40b2401d
40044048
bf6d3f0d
40854091
40653eb2
3f063ea9
c03fbe52
3edfbc4d
3e994008
3fc04099
bfff3fbf
40bc3ff0
3fc13f26
40414088
401940f5
40e43fd7
40b3bebf
3f9dbf1e
40273f82
4098bf9c
bf05be98
40aebfaa
be924070
3f9e40b3
408ebfc2
40b7401a
3f5bbef9
4035bfb3
bfaf3fa3
3fd340b0
4059bef0
c02b3ffc
beb94044
40473fd2
3ed640e4
40ca3e63
408f4020
3f6e3faa
404cc001
40994014
40c2bf6a
3fff4011
400b4057
4005c00a
407b40b2
3f7dbf7f
4102403b
3f514088
40494095
40934093
406d3f60
bff5bf1c
4026bec4
4010bf14
bf24bf64
40a7bf4e
3dbf406f
3fb540a8
3fa2406c
4085bd5c
40373f9b
40f6403c
3ffcbfd9
4025406a
40144082
bff8bd90
41083f25
3fcd40b2
4032408b
406a40d1
40014039
409f3f5a
40364035
bf4b3f6a
3d1240f4
3fa9bf54
bf3d3fe7
3f0cbe94
40193ea1
3f3e403c
409a3f8c
40ddbf1e
bf7640bb
3f9f3cfd
405ec02e
40d33fc8
c0224089
402c3f42
408dc009
40b9400a
3f463f9f
3fff3fa1
3fd0bf85
4029bf99
bea1bff4
40a240cb
4091402c
bfb7406a
be81bfd4
bda04094
bf9ac01a
40a1bf2f
c00bbfb1
3fb9bf22
bfb4403a
3fa6c02e
40a74018
bf354011
40184033
3fe73fca
be964092
3f743fd3
becbbf91
402cbfe8
4010bf51
4081bff6
40cdbe15
40cb406d
40373deb
be85c00f
3e9a3e92
40f03fe8
c02d405c
3ff63ee6
404b40c5
401940f5
bfe53f64
bea1bfba
3e6040b3
401540de
bfe2bf1d
bf663fdf
4012bf67
3fe13f28
3f3e409b
bf66400d
3f5f3f9d
40693ff0
3f6d4058
408f404f
bf544068
3fffbea3
c03ebf67
bd974085
4089409f
bed1bf35
c010401c
40d7bf0c
bf3d401f
bf003fea
bfc2c02b
40af4024
410d3ed5
3f2b4073
40473e10
bfec3f38
3dd8bf80
40803fc9
4006bff9
40634067
bf03402f
bef5403e
408dbf67
40373ea0
401040dd
40a640dc
40cf4011
40c23fc2
3f2140a5
bf88bed9
402f3f9c
407e4016
40784085
bf4c3fcd
4038bfab
bfbc3f91
409e3fee
c004bfb4
3fda409e
4002408c
3fac4103
40394010
bdf8bee8
3fca408d
3e3e3f9d
bfb8bfcc
40c33ced
4088402a
3f9f4000
3f993f39
40544100
40a93cc1
bf963f8f
3fb4403c
405e3fc9
40694009
4002bdd6
41064016
3fc23fe0
3f5040dd
bfd84042
bf183fc4
40c5404f
3f063fc0
40574028
bfb54020
40ac3fa4
bfd4bf1e
3f6a40ab
befe40ab
3f3340af
40c03e4a
405b4089
3e39bf1b
bf0f4014
bfb1bee5
bf2ebe84
40f44063
bf253ff2
3f9c4034
400c3b0b
3f3bc01b
bd993f8c
410e3f78
4013bf86
3fce4052
407d401a
40df3e43
40123fbd
3f544092
3cbf4073
3ed540e7
3dcb3f00
40a54003
402fbf9c
3ec440d2
40ba4077
40244022
410a3f17
4005bf2c
404cbf23
4038410b
bf8e3fc2
4105bf92
402bbf90
3fa340d5
3fce40b9
40eb4029
410e3f68
bea03ee3
4055bec3
bfcd406b
c0133fed
c02dbe5b
3f43408e
3eaabe8d
3fa44106
c0084016
40804057
3fef4089
403bc007
bf624022
bf903f93
41034023
bf763f16
3f5f3db8
40b2bfac
4008bee6
40a54081
3eba4046
401d408a
400a3f8e
40063ff3
40b5bfab
403e40b8
3e2bc019
3f85405c
3e0ebf5a
40973fe1
bf7d4001
4024bfed
bfe54025
409e3f20
40a24005
40053e12
bec3bf99
3fdb4085
40bdbf5e
41063fb2
bf12409d
401d3e90
bf8f408a
3fd73f16
3fd04080
3b763f9f
3d8340bb
3f7b40cf
40b3bf40
40b6406a
400b3f9e
3fda3f82
baa3be41
bf91bf60
406e4066
bf6abfa9
401d3e42
bff43ffa
bff2bf20
40654090
40093e2a
3ea13f93
4018403e
3f9dbde2
40d1bf2b
3fdc403c
3fc0bf15
40c0c026
40744013
408c3f27
3f6ebf33
bf904002
3fc44084
bf824004
403d405b
3fa0409f
3ee5bf8b
40ac4093
bfab3fe5
40dc4011
be42bf3d
40114046
bfa6408f
3f113f80
c006403e
3fa140a5
bf824024
3f7ec024
40d9bf4f
40144067
3eb3bfd2
bfb840b3
40173fe7
40df3e16
40fb4042
3ffa3f71
bef440db
3f37c020
409140e3
beaf3f57
be434089
3fc740a5
3ec0c018
409240db
40de4013
40f44069
3e263fe5
4051be8e
bf8e408f
3f823ecb
410f3eaf
3f854088
40853fb5
407b3f9f
403b3f80
bf94407e
3e20be89
3fe73fc8
400140eb
4063be93
41044089
3fbe408f
3fe84086
3fe840aa
40b6401f
40563e40
3f9b4043
40104012
3f483e98
40433e8c
40494088
bf204088
3e1140ef
40073fa3
40a2bed0
bfcb3f9f
3fc7409d
3fe4bf7c
bf41bf7c
40233f60
40f44013
3fa54085
404fc00b
40b93e75
4097be52
3fbe3f8f
3f4d406f
bf4fbfed
402d4028
404abf1c
40e43fd6
401fbf00
bea440c9
40a94080
40e23f68
410e3fb9
401040ae
40174026
3f433fb0
bfbf3d47
bf1f4087
4006bfc1
3fef4044
404a403f
40dd3f56
3e30401e
4029bf1f
403dc01f
40704079
407e401c
40cb4078
3fb240b2
4067400e
40b64018
400cbf46
40c43ff2
3fe93fb0
3f9540b0
3fbebe35
c0173fa3
40c14003
3f883d78
400c3d51
408240cb
3fe8bf08
40d3bf5b
be52bfce
3e423f5e
3fc2be83
40b83f86
40f03e02
40254082
40303ecc
bfa14004
40a23f48
bec3bed9
40243fed
3e05bf9b
bfdd40ba
409e3f6c
40d03fea
3e874059
3e2fbefa
3f444061
3f7c4018
3e5f3fb3
3db240a5
4030405f
bf8f40c0
40723f8e
bf29bf8e
bf613f34
3f86c006
bf034084
403f401e
c02b3fa3
403f400a
406640c6
408a3f3c
40e24033
3f0cbf48
bf2a3f89
40444094
3ec2bf32
4009bf75
40ed3f04
4089401f
bebc4032
40354055
409a40eb
bfe53fa7
3fb63f21
401240af
3fd440b0
402e3f0f
40d0401b
3e26bf5c
be8c3ff2
bee1c001
3f5340de
bed4403d
c0374036
400040ac
4079bef1
406f400e
40e63f9e
40d03fe7
3f3f406f
401b3f3a
40a54101
bf97bf80
3f92400a
bf0a3fa1
3f6440a0
40584091
c0184009
40aa3f25
3eb63e34
402d3f98
bf39bfaa
40cf400d
bfea4060
40283f1f
3fc040dc
40b63fe1
3fb74013
bf83bf52
3f37409e
bf9340a3
3e7640cd
40763f27
40994043
3f41bf5c
4005bfd6
bfa540e4
4092402f
3fd33ef1
3f233fef
bc9a4093
bf33bfdd
bfa83fea
4088408d
bf56bf49
40774047
bf424079
bfc23f11
4110bfb1
bf414070
4083be93
3faa407a
c01f4031
40d2407b
3fe3405f
3e68bf86
3ffe4107
40a8bf59
40b54087
bf594058
3fe140a5
3edc410d
3f5fbef2
40e33f0a
3fed4047
3f3740b3
bf223fc5
3f164039
40e44086
3ee83e64
bebb3f81
4053c015
40b34023
4071bf98
3dae409e
bf5b40e2
bc77bfed
407d402e
407d4053
3f34bf70
4031bf17
bfe34101
4090bdbe
40d3408a
3d9c404c
3fe64058
4054405c
3fda4003
40bd407a
beaebfeb
bf85bf98
3f02c03e
3e8fbe8e
40f33fca
3fbebdf5
bfb2408a
403040bc
c00b4008
40124087
3fedbf90
4086409a
c000c031
40c6be82
3fedbf87
3f8d40a4
403b404d
408c40a4
4091bf34
beaa4081
3acb3dcd
bf2040c3
3ebf402f
4085bee9
3e2f4076
bee54036
bf5e400f
bfaa3f6e
3f1f3fe2
399f3da6
40fb3fa8
3c7e4030
401bbec5
40c0402e
40c0bf4b
4108404e
4010bf5f
4028bfa9
3fc1be6c
4073bd4c
c0304085
402e3f37
3fc64047
bf374029
40cf3fb8
41053abe
bf61bf6a
405a40dc
3fa84106
404e3f66
404a407b
4037403e
4076bf85
40ad40f9
40ae3f9d
4026405e
3ebf400b
bf714053
405540c8
bedc3e52
40f04044
be5540ac
40474065
400d403b
bf983f80
401fbfa9
bf5240a5
407f405e
be52bfd6
40d83e93
40034009
bdf74003
4054c00d
3fb340ae
40213fdb
40954074
bf503f30
406240b1
3fb740f8
40e83f8f
4021401d
4023401a
3d0340bb
409340c3
40784014
40b63dbb
3d20bf39
3f093ff5
3d614098
40d9403f
40013fc3
3f9a405c
3dfa402a
3fa6be8b
40943f9b
40b63ff4
bf68408d
408540de
3f42410e
3fbd4002
bf95400e
401b4031
3f534099
4071bf71
3f193f39
4098bfb3
bf17408f
406a3f71
405c4008
40834037
40c93e54
becb400f
3f7c408b
3e71bfd8
3d1abe55
c02b4054
3fd340bd
40433f85
402f408e
bf0d4019
bf603fca
bee540b8
40663ffb
4098407b
40cb4036
404f405e
3fe140b5
bf653de9
40acbf9d
40cd3fdf
403c4043
401f3fa6
bf853f6f
402b4073
40833fee
40cd4007
bea14089
40813f6a
3f983f91
408b4004
bfcd3d8e
3f804051
3ecd4088
3fb83fc2
bd074026
3fdbbc0f
bf4b4069
3f97beaf
408240b9
40983fb1
40c54042
bf7a40a8
3f0a40cc
4045bfde
3f20be9d
c00b3ec9
40b43ee3
bdb23ff1
405f408a
3fd1be98
40ed3f05
409d4019
3ec13ff6
bd374086
402ebfc4
4006bef8
40e7bea3
3fd9be42
3ff5bf0a
3fe0c00c
3fa23efd
3ffb3fab
400b3fd3
40863feb
4088c03c
40e53fa8
41073fee
3fafbf1a
be493f48
3d5e409b
3f84400b
3fa2403b
bf57bf8d
be99bf29
4098be6f
3fd63fc9
4014bfba
402c3f4d
3f3540b8
40b040a2
40b23fcf
40b73edb
40153fd1
40783ebf
3dc540ec
3f9abf0d
3f084083
bf7740a3
400640eb
40b3c02e
40ec3ecb
3fd3403d
be464020
3e1c400e
bd0b405e
3fb74003
c0143f8b
3f813ea8
401f3f25
40be410f
3f8b3f99
40d64013
3ffc40b3
407a401b
4029408c
4007401b
40d7bdaa
3fc0be6d
408e3f0f
3fa1bff9
40c74002
be9f3e35
403b40b8
3fa0bf55
40ac409c
40d73f85
40d4bf7b
40274095
400b4080
40b0bfdf
40354039
3fb94009
40074083
408cbfc9
4033c01d
40ba4029
3ef14065
bf133f7b
bf284018
bf4f4049
bebfbe7c
c0323e24
3e5b3e89
bf6dbf43
40843f00
bf2ebf7d
406b3f50
400b40a0
400440b6
40b8410c
40bb3fb9
40044035
401d4022
404240c1
bf8540d8
409cbeb2
40744078
3f9e3fe7
3dd83f49
3fc0bf50
40d03fb8
4064408d
402440bd
40744081
4085406c
bfb53fea
408abfa5
401c4038
beeb3f7c
3fe840a9
c020be26
408bbfa8
be434047
bfb4bfc6
bf40c01f
40e24002
410b3f96
3f724085
3f43404c
bfd940a3
beaf3ff2
4093408b
bed1bfba
40263ff5
3e7740c4
4003bf93
c01b4038
3fdd3d96
402abeb6
bf274054
402540c8
40973fc2
3fc43e07
403fbfc0
bf1c4069
be864091
40133f55
bff0408a
befa409f
bed54033
40a14052
400cbf0f
3e873e96
3e5a4022
bf5240a3
bf81403d
4066bc94
41053fbb
bf47400a
3e7d3f6e
be114104
409d4027
3fec3ed8
3fd14071
3fcabf09
3f094012
c0114029
c00a3f96
4018401d
40643fd0
bf3d409d
40c63f88
40844038
3fe540a9
bf9ebf6c
bf423fae
3f084007
3fb33f59
3fd4bf9f
3fc5c002
40974105
bfcbbdf8
409b3f92
3feabec7
3fb0409b
3f31c012
3faa3fe7
401b408d
becf3f8d
400f3f71
402940ec
bf204039
3e2f3f34
3e8e400a
bf0f40ef
bfc6bffe
3f8c3f27
bfd9be3a
400dbfb7
3f6840ac
4084408a
bfb93fc2
40c24067
3ffb402c
bfa440ab
40b3c019
40333fa7
4093bdad
3eb8bfc0
4087bf0b
bf1cc034
c0063ffc
40073e6a
4024bfad
3ea4bf7d
3fb34089
bf0a3f3b
40433fdc
3f723ffd
3f043ef7
40703db9
4059401e
4027bfb0
403640b0
40514075
bf5c4092
bf524001
410c3e6a
3f374081
3fc9402a
40a34004
40a43cdc
c012bf80
3f8fbfe7
3f814044
bf0d40dd
3fa73e9e
bf8b3f29
3e9f3ffb
bf65404d
403940c2
40cc3f9f
c02a3dd1
bf113ea3
406d3fc1
40224019
3f643fd0
40a63eb3
3f994075
403b40ae
bda24100
bf13bf30
c03a3e2f
bf5a3f9c
3fa04089
3fd1c028
408dbea1
40d53eaa
be4840a1
3f494073
4099bf5e
bf19bfeb
405e4028
40c23f3f
beb040be
3f2a4079
404f403e
bfe93f50
40a94083
401c3e8b
bf0040a4
be1e3ebc
408f3f13
bf283fcd
bd354067
bf5a40cd
bc804072
bf014009
400d408a
bf62409c
405a40c6
bd7dbedb
40cc400a
41083f24
3fa53fed
4037404a
40aec029
3dbc4018
41074065
4003c000
bf21bfed
40824053
40443fe6
3f793e95
3fc540bb
bf32c01c
3fda40e8
40ea3eae
40cbbf66
40113f80
bf58bfd6
408740d2
40a63fab
402fbe4a
402bbff2
bf8e40e8
401abf1c
c001beb9
4053bfaa
3fd940ae
4085bf4f
40abc031
40a0bf25
bfcfbf0f
bdba4019
be2a4095
4036c02c
bf62be84
40d1be91
3ffb40b5
4012c01a
40933c0c
40ca403c
40934076
401ebde6
bfbc40c6
40033e95
408d3fd0
40e44048
403d408d
bee8bfbf
bf8840e8
bf833fe3
40304063
3fc0406d
bfb540ec
bff6c005
40e83e10
40c93f53
bcef4034
4007c01a
409ec024
40dabea8
4001401d
bf5b3fb3
3dd4401a
3fbd402e
3ef2bf1b
40c4bf8f
bf6dbeb8
bf49407b
409f4098
bfc64017
bfd1407a
3f914068
3f95400c
40bdc01c
40213fef
4087be35
3f7fbe94
bf5a406e
408640d4
405c3f6d
4098406f
3fc5408d
407ebf35
40533f80
4086bef9
40ad4059
bf10bf85
40893f97
3e11bf3a
407bbe41
40ed3f9a
3f1e4008
be90404a
bff340f9
4071403b
40993fb0
3fa93fd3
3f3a3ed0
be94402c
bd493ed7
40a53f71
3f6bbf9d
3f2dbedc
bf9b3fef
4000bf47
c0173f99
40a33f6a
3fbe402b
40354050
3fc140ff
4035400d
4004bf9a
3f8dbd62
bf1f4003
3fac4105
bf733f81
4028403c
3f663fac
405340b6
402e40ba
3f573ffc
c03fbe8a
3e1a4017
406fbf40
40ab40f0
407d400b
bfcd3ff6
40064009
402f40d2
402d40dc
bfad3de3
3f333ff4
4017401e
3fdd40b8
4090c028
3fe1bf46
40853e7a
becb404d
3f953e4c
bd9ec01f
bd883f6a
3e7f3daa
402abf9d
408abf76
401740f1
bfe34002
3fb4bfbc
bf1b40a1
bf2540d2
4085400b
4085bf4b
3f7ebf43
be193cbb
404f40a4
bf12be48
408e4010
40c54034
3f733fef
402c40b7
bef84000
c011bea2
4084404e
3fbd40b7
4048bf04
40123fc8
40b33fc5
400a3eb7
3fae4074
bf5240dc
3fc74050
c0053dc3
4109bf81
3fb3bf2a
407b40e0
40323e86
40babe2c
40db3f09
40383f5f
408c3fb2
4097405c
bfbf4037
40f44004
3ff74086
402940c2
bf224051
beab3f20
41073fb8
3fdbbffc
40503ef7
bf1f4090
40c93fd7
401a3f6d
40103fa9
bf444091
4003bfb4
3fbc3f20
40844024
3fce3ff4
bef9400c
bf9c4071
4017be28
409ebd52
bf163fe5
407740ec
40a9c016
40d13f8f
c0143f96
3f6abf0a
3fb940a4
40a7bc52
3fb3403d
3e60405f
3edb40b9
3e173fa5
403e40ee
40bdbcd8
4041403c
3fd43f98
401940bb
bef940ac
40e13f9a
40354024
be6640a9
bf8440d9
3cdd40c4
40373ffe
40d7bedd
bee64073
bf87406c
407240e8
40614023
40793fcf
3fac3f8b
bf884033
40853f93
40b33fab
40c7402f
41083fa9
3fbabf95
bf92bf3a
3fa4410c
bd083e92
401c3f2d
3f8b4045
3f9b409a
bfd04107
40463f5a
3fb0406f
3fc14041
401f3f45
bef240d2
4062bf42
410a3fe7
3f414089
bfc04089
402d4082
bf894029
40e23f47
be8cbfe6
3f6bc015
40be4042
4042be1e
4106be8e
3d68bf99
3e093f20
bf7740ff
40c43fc5
40aebf34
bf193fd3
406340ba
40a13fe1
40993e9f
40df3ff7
3ecdbf9e
3e47401a
3dfe40d4
40d83fba
40dc4081
be9b4074
4052bf58
3cd640e0
4074bf75
c0084060
3f87409f
beaa4066
bfc84081
bfd83ef8
40d74088
401dbf0e
3f8bc020
3ff6bfa7
3f50bf60
3f94bf04
3d444044
3f933eca
40363f9f
40cbbf5c
bf8b403b
40083ff6
be0240d5
40493f8c
4005bf7a
40a4bfa9
3fe73ff7
3d4b4087
403c40eb
40ebbf5e
bbc94027
4023bfcb
3f5940a5
40134039
40803f0c
40c73fe0
beb240a1
407b3f9c
40babfd0
be624009
befe402b
40023ffc
400a3fb4
4031bf9a
40c7bf72
410f408c
beaf4030
3f33bfc1
3f98be29
bf0d3f8d
3fdb4033
3f79409b
3f2ec010
408fbe4c
40d9be47
4014406b
3f9340b3
3fc6bfc0
bedb4082
40933fe9
40853fd0
40153fe7
3f8a4077
3f9abd2d
40b04028
40ed403e
400abf90
bf833f92
40914101
bfa64012
40264055
bf7b404d
408740d4
403f4081
400c4011
41094032
3c3d40a2
400340d7
bfb9bfe1
40b23e27
40f84059
bed0bf54
408ec00a
3f5e3fe7
40113ecb
c0163f9b
40fa408d
3ff04024
4028406c
bf6abf9e
3fcb3fec
40ac3f14
40353f47
bf523e79
4061be86
3edd3e52
bfb03fa9
3ec8409a
4085400d
bf343feb
3ef13fb9
3fdfbfad
3de5be7c
4070408f
40144018
3e5b3fc4
3f823f92
3f92bfb8
bece409e
bf1bbfc1
40bd4024
3f603edb
be9f3f83
bee43ff6
3f3440f8
3fb0bf30
bfb3bf7c
400c408f
3f9340a7
3e9c40df
3fffbe87
41014063
bf313ea6
406d4089
3fca40f5
4048be83
40c44087
3fb7bfec
40813d83
40a7c004
3ed9403a
40754016
3e98407b
bf704045
bf82beb2
bf9a3fd9
3f6d3ff8
bf1e3f96
bf4a40a8
beb240e2
bd25401d
410a4063
3faa4078
bfae40d0
3fe73f0f
40c6bc85
3ec8beed
3eb4bf31
bfa640d6
400c40e3
3f363faf
bf8e3f25
bd394060
4001bfd0
bf5440ae
4092bec1
bfbebf3a
3fdebfc9
405740be
4034c02c
40914024
bfec3f1d
40283f49
3f68403a
bd573f43
40debf1b
40bdbf75
be8e4022
403a4090
4078bffa
40d53f12
40723fd1
400740a2
bf8fbf98
bf0840e7
bfdb4032
40723f32
3f9c3f8f
403abfcc
3ff4bf8b
3f08be85
c03f3fe6
40163f35
bf44c01c
40a740bf
3f5f3fe9
3f50400e
bed1beb4
408d40c7
3f56404e
3f753f48
40d5403c
3fed4092
bf84bfaa
40ba410f
409d3d23
3f9c4032
3e844055
4082409a
401ac03d
3fcb3dc6
bfd73f32
bf2c40b1
4002408e
408d3fba
40a8bf57
4108408e
401a3fb2
4033bf37
4068408e
40894017
bfb53f9b
bc2b40ac
401e3f83
bf94be97
bd9fbf42
40794036
40344068
401a4074
3e994046
401e3f81
beca3fc3
40974008
bf14409e
3f8f40a0
40093fb2
c0123f8f
bf3dbec2
400940b0
3e77bf42
bf85bfdb
409c3edc
3f5b3f79
4008402d
40653f02
bfb140f3
401e3ea8
c0233e85
3ff23fbe
401b40af
408740dd
40ee3fa0
3dc6405b
402d3e44
40883f98
bf96bfa3
40943f50
bf57be73
3ff940be
401b40c2
40934023
bcd1bf11
4070403a
3ed23fda
3da83df3
bf144092
40bb3ff1
40b93f59
3fa7bf9e
3fa83f96
40704036
40e03e8a
3f95405f
3e9b408b
40174068
40554095
be6b3f7b
40913cab
3e484094
406a40bb
3fafbf03
40473fc2
bf903e22
40013fa8
3f884083
bff1410c
40e24001
4042bf30
403cbfcc
3fad408b
3db240be
40c23c64
41043ffb
bee53e6e
bfa340b6
409b3fae
40a8bd5e
40cb3e07
4026bfcc
3f49408f
3f7e410d
40bbbea3
bfe0bf4b
be794029
bf86c005
40953f99
4092bf02
40c83ef6
3f17401e
405d4063
40a63f69
4008401b
3e93408f
3f6abedc
3ff6c011
3fe340fb
bf153f4f
3f1e4083
40314081
406fc001
bf7d40da
40103fcc
3f4f4085
3d69404a
3f193f4d
408d3e1c
40e9bf06
404b4022
3ec43e9a
bf8340c4
bfe340b7
40a24009
40d8405e
401a406b
4007bfac
407540f6
bfc03fe9
40d04006
bf48409c
bf4b3f43
be0e405c
bfcf3fce
40b54061
bf54be8c
beca40b6
40974081
bce24029
401e3f32
3ea43dce
405d40ed
be5f40dc
40b7410a
becb3f5a
40da4086
bf0c4069
408a4055
4091bf38
40abbe45
40e7bf07
3fe6407e
3f7a4028
409c40e0
bf69400f
40df3fc4
bf214013
3e933fa8
406bbfe4
3e113e72
3e464077
3f1440ad
408240d4
beb2bfe7
400a3e8d
40a8bf3f
3fb640b0
4087401f
3d284110
405e3e07
be994024
3fe84099
3fb740ad
bffd4027
3dd1be24
3f83bf55
3f03bf79
3cb6406c
4052404e
40963f40
409c3f59
4015bea3
3f603e4f
40454101
403c4028
41004081
3fb43fd4
40544046
4040408a
4096be10
40954050
3f143e01
4090409e
3be7bee5
bf78bf72
c019be82
3ff2400a
bf804064
407d40cf
40854015
bfb23ef7
3f033ff5
bfae4064
40a84109
4045400f
40e63ed9
3e6c4066
3fa4407a
401d40ff
c01a3ffe
4088404e
3f934049
3e034025
402b40f4
bf9f3e5d
40df3f86
3ff340ab
3fa13fc8
3f714057
3ec53fa4
3f89bdae
3fe040ae
3fa9bea1
bf3d3f2c
40e03ffc
40fe404c
401b404d
bfa3401f
bfdc40bd
3f84bf74
40ee3fd6
3fc640a0
401d40c5
401b3fb9
409f3ec5
4047bfbb
3faa4024
40523f46
408c40e5
400cbd5b
bf153f62
3f5fbeca
3f3340c6
407c3f0c
40504001
40b54012
3f9d4099
4028be6a
3fbf4009
4007becd
40df3edd
4021bfe1
3fda40c8
3f5c3e85
40a63eea
40c8403d
bf1b409e
3f353f8e
400f406a
40b93f33
c022bf96
3d314033
bf503fd7
3efdbd51
c01b3e74
410c3fda
bf1940ba
3dac4024
40393e60
40c44040
40cc4084
40e23f94
4015bff6
407740d7
40843f59
3f9b4028
40564010
bef14071
402e4001
bded40bb
403d3fbf
3fa34055
40234099
3f60405d
3f4e40e6
bf614035
40f8408a
400f4094
bf8b40d4
3fa1bf71
40b73f22
4038bf24
3fb7408b
404c4088
3f96bebf
40a5bf0a
407a4031
3fad4062
3e4f4099
403cbd48
40283f34
bfef3f57
bda5bfd7
4035bfc0
3fa33faf
bf1b3fb1
4100403b
3f984013
bef7bf86
3fd23fb4
bfa7bf05
3fb7402f
be523eed
bee4402a
4088c008
40e53f27
40ea3ecb
bef23fd8
3ef74036
408ebfa2
bfdb3eb6
40ba3fd8
3f2f403f
bf874051
bf81beda
3ffc4030
40e4bf5a
3fb2bf77
bf93c019
3f954089
bfe53f4f
c03fbfa5
3f4e4043
bfb13e20
3f98bfe8
3facbef7
40cbbf7b
3f883f41
4085bedc
409f3f47
40cc3ff7
3ed74016
bf313fcc
bc3f3f86
405240c0
bfc43ff9
3dd53fa5
3fd5bfed
3f4440ef
bfddbfe9
40d63f66
40ea4081
40373dee
3f544097
407f4089
405f3ef7
40b1405e
40194073
405b3f9b
40364030
3f714027
bfa04029
403a3f08
408d3e65
409140cf
3f92b9eb
40afbf4d
bec43eb7
3f753f59
405e405a
40843fa8
40d5bf81
403c40a7
3fa24063
bffb3ff5
409fbf2b
bf203ff2
3f8d4033
40073fd8
3ff9bffc
404a3fdb
c025404f
4022bf50
3f6d4099
bf6b3ed0
40b3bf33
40e6bf92
3ffa400a
4051bfae
3f6339f5
c010bf27
41094041
403b409c
4035c01d
bfecc01b
3fe83fe3
bf5d4060
3fab3fd3
4042400f
406f3f71
4063bfab
bf72bf07
40bc3fb8
3e00bf27
400bbf43
40984055
40c14032
bf8d3fe1
401cbfb4
3fea3ec2
400440f0
40a54010
3f9f402a
40193f32
40664096
3ff04059
3edb402e
41064040
bf264014
3ef23fa6
40ae3fa6
40e33fa8
403e4085
3f2e4014
bf8b4082
3fea4104
40dcbf57
405e4009
3fcebfa3
405e4069
407f408d
40aabea1
3f113e79
bdefbf65
bfbdbef3
bd0e4090
3fc2bd73
becf403e
402340ab
401640ad
3f5b4105
bf91be60
3f943e83
3f644031
4032bfb0
40b04083
3fe7bf0d
40b23f03
3f6d4009
402cbeca
3db44005
bfa6bf05
41054082
bf374084
3f833ff9
40b63ef6
40a73fc3
3e584044
3d334088
402d40c9
40193fb1
3fb63f6b
40e64070
bee94093
408d3fce
3f05c03d
3fb23ed2
3f973f47
4001bfa6
3f8940b0
406c40eb
40813fae
3f014002
400340b9
4069c004
409f40e6
40e43fad
3d543fa7
beb53f1a
3f4a408b
40bf3f72
3fba3f2f
41004003
402040b4
3fe54030
3f544107
4095403c
bf8cbfb8
3ef13f86
bf7b40e8
bf8f410b
40b83ecc
3f30bee2
403e4029
bf194026
40ae4076
3f5d4003
40f3bf8c
beed40a1
bf10408e
408b4025
bf383fbc
40104013
3f844094
bf3ebfe5
3fe04004
4012be96
40e24078
3f1d4004
4074bd7b
3ffbc023
402f3fa5
bfd2bf2c
403940b5
bf0f3f3d
3f5c40f4
4052bf16
40b64004
3f614090
bf90bf64
bd79bfe7
c017bf7a
40434026
be504052
bf9c3f9d
bff840eb
40b4beea
3ff14033
c01ebf0d
4003bd44
40394095
4038bf12
bf6a3f8a
3fe6403f
bf533ace
407ec001
4092410f
bff63d5d
bfba3fa6
be093e27
3ffb4094
bfd14065
4090be61
40fe408b
3f9abf06
408d3eb6
bf0ebfbd
40ec3f9b
3fda4085
3f08bff9
406e4088
bf903fe7
bfb73fb9
408e3f34
402f402c
bef4403c
3ffb40c8
3fb3402c
40d3405d
3f273f9e
3f0040e6
3fa74057
40a54001
4101bfb1
3e84bf92
408b3f93
4086be17
c0084037
409c3f65
40084003
bf803f15
3faec00d
3f37be8c
408c400b
4022bfe4
40854013
40633ea6
3ea63f91
4012be23
3fee40ae
405c4026
409c3fd4
40e2bf3d
40dd3fc2
3e33bfc3
bfbe400f
408cbf0c
40953fd9
4075bf16
3fae4024
bf21c013
bf1b4013
4070bf75
40fa400c
3ff7409f
bf07408b
3eaabe83
40a64016
409ebee3
3fb140ad
bfafbf86
3f42c03b
3fdabf4b
3fc7401d
3f08401d
407140c4
406ebf78
3fab3f04
4057bf75
3f704087
402e4072
408840ca
40ed4038
bfc83f83
4017bfd4
402e40b7
bf483c1c
bf2dbece
4090402c
3ee1bfba
403040ba
401140b6
40484024
3ffcbf82
402ebfb7
bfac40ca
400c40bc
c0154018
bff44064
be6c4063
404bbd85
40a93f92
bfb7bf4a
4074407a
400940a8
3f8ebee4
404440a2
3fcd402b
c03a3f07
402b401a
3e413f16
3fa0bfba
40973fa7
3ef13f99
bec23eb8
4086bfb5
3f874107
bfb93f64
bfa73fa6
3fe03fa5
400840eb
40744100
40d3bf5c
4056bfad
beeabf39
be7e40b7
bf83bfa0
4087409f
40904023
c0094005
3b5b40a1
3ed4bfdc
3f8140c9
3fde4013
40a93e23
3fbf403d
4017bf7a
4009bf95
4065bf0d
40debec3
3ffe40ad
406ebe34
bf563e85
bebb3f02
c0254062
3f1dbffb
3de23fac
3fca40d2
4023bf7d
4082be87
3e84bd9b
3e293e4e
409b409a
40b73fd9
40954080
3fde3c9f
3fbb40ce
bff940b4
bd493f8f
40e33feb
bef54015
40514026
3f6340f1
be373d01
bf953fa0
3edfbf96
3f7c3fc6
be0f4101
40673f22
c0053e62
4031beb4
3fc740d6
401d40a0
3f67be13
40d73f87
401e3fa0
4063bfa1
4032408f
bfb73e8f
40343f9c
3f87bfd3
3f9d4095
bfad40e6
3f1dbd18
4070bf76
3f4bbff1
405c4043
40b1be23
bfc94030
3f674063
40214061
3e3d4098
bfdb40ef
4098bdf8
bfcc3df5
4010bf46
404cc01f
3ec0c01d
bf953f4e
40343ffb
bf54bfd6
40124074
3e9b40f9
40b2403d
c0223fac
3f874033
bc9ebde9
40b540c8
4098be43
40eb407a
bdf3becb
400c40b3
404440e3
40983ec6
bf9dbea3
4024bfed
beda40ea
409a4099
40983fc7
c0124076
3f99400b
3fdb40e2
400040b0
400dbf17
40ac3fc0
bf36bda6
4029bf77
3feb4050
3f004013
3fbb406f
3f9e3ff3
407b3ea3
3f784061
bfe03f64
409b3e75
40024065
bfba40dd
40063f2a
bfdd4022
40d6403a
400f4098
400e4087
3c3140be
40adbf07
3f9f3e0b
401a3ed4
403f40c5
3f7e409c
40cebee7
40c74079
400bbed5
3fe34041
bf563fcb
3e9240f1
3e51401d
400abecb
4009407b
be0c4098
3fee402f
40d44038
401bbfab
3ea63f85
405f3f1f
40643f56
4004400e
4045bf5e
4032bf06
403c3fb1
bef340da
40bc4023
40f83fe6
be3d3fe6
3defc011
bec140d5
3fc84017
4106404e
bd254048
403b3ff0
40a23f43
bea53ffe
407d3fcc
3ffd40a2
401f3fb8
4031410d
40e13eb3
408a3f8b
3f0a40a6
402b40df
406fbfe5
bec93f33
3fa8bf63
4005bf90
408440be
40b74074
bf723f9e
be3a3fa3
3f393ffa
405d40bc
bfd1be72
40813fe9
40693e1c
bf49405c
3f633f87
40b8404f
4088bf7e
40c13f11
3f7b4022
3fab3ebe
3febc014
408c3f3c
40b23f90
3fe6bf1e
3f2f40b6
40634095
40734030
40fcbf92
403b4005
bdce40d3
3e9e3fd7
3fce4009
40f5404b
bed93f96
3fce3fb5
3f1040ba
40983f29
3e5d3ff1
4017bfb8
402140b2
400cc013
40c73ff4
40933f99
bedabfa1
3fd84042
bf763ff0
40953f08
4043bf8e
beea3f05
400240a4
3df9401c
40464002
bf533fbf
3ea1403d
401340cb
40043e5f
be7e400d
40b94090
3dc2bfdb
3f6840a7
3e703e8a
40c2402b
3fa84032
4021bfd0
408c40a4
bf394049
bee8becb
40c24040
3fc3bfde
3fbebf1e
40be409d
40d0401f
40edbee5
40144034
3dbd4073
3f944035
c012bf70
40afbf9d
40183fe2
407bbffd
be4d40f8
be7f4010
41073d9f
3f523f19
407340a9
4087408b
be44be42
bfc6bf8c
3e3f4041
bef840d8
3f85410b
bf8e4034
bf753fb4
40964051
bf443f72
408f3e95
401b405b
bfeabf4d
40bd4031
3fc83e79
406140c2
402f40aa
c004402b
40b93f47
3f3e3fe7
3fea4090
408540ce
407a4005
404a405c
3ca54081
404d40ef
403440cc
3e0c401a
bfd0bd01
3e214055
40464043
40a33fc5
bee14038
40b3be67
4002be5c
40614071
befc4067
3fc5be73
40d54023
4020bf16
be0b3fe5
3e46c01e
40d6401e
40014072
402d3fe2
40003fa8
bf9a40ef
3e5bbd89
bf97be91
3ec6bdfd
3e963f44
4093410e
40c94001
40e63fc2
bdb24014
beadc018
407940f1
bf7d400f
40ed3ea3
4038406f
3ec5bfda
bffd40a8
bfb14003
40fc405f
3d823fb1
3dfe401c
406740f6
400d3e15
3f4bbf30
403cbfe4
bd84bf70
3f2fc008
3fd23fbd
40dc3e09
403cbfb3
3ffb3ef8
3f5440de
408c3f43
40943fa2
3fa3bfc2
40833fc3
4003bfed
409d3fd2
bf074085
bf42400c
3f4f40d0
40313eb8
40673e71
402f402b
4026bd19
bfba403f
bfef410d
40e94035
3f8a407a
3ed1bf81
beb540b3
3fb73f9b
bf0c3e0e
402bbfad
3f0fbffb
3ea140c8
be1c4102
401c403f
41083f27
3dca40c0
3f6940d6
409540ea
3f664024
407d3e49
bde33fc0
400040cc
409c40fe
3fb2bf35
4075401a
3fc94013
405240c3
bf104092
3ff23d33
40a33f8d
3f303f37
bc8c40e0
bdd6407a
405b401f
c00c4089
3fb240a8
4031bfd3
404940a2
bff5401a
40914082
3fde4017
bf9340ba
3fd640dc
bf5fbf0a
3ff04065
401fbf0b
3d613fa5
40693fb6
408140a1
400b3fd3
be924003
402b403c
40223fad
4095bffc
4065bec2
bfbabf8b
bbe4409a
401e3f0a
3f86c035
3efb4005
41093f2d
3f4f40af
40634025
402640e3
bfb1bf60
4059408d
401e40aa
bf90401f
3f9f4061
bdc34036
40a13f98
3f814083
bf2d40a3
40883ee9
4017bf71
400a3f87
3e92403b
40443fcd
404340cf
3ffb4013
40883f22
3f904072
4004be66
4097402a
bfc0beb8
bf843da6
402fbf8c
3f0e3ee3
40a140e7
40163faa
3fd14063
be7d4004
406440a2
bf8d4105
3fc6bf7b
40adbf27
3f153fc1
3fee40aa
3e573e24
3f973fe3
c03b3f86
3f7d3fb7
408bc002
bfce40b8
40a73f5a
40ef4033
3dd340ab
bfbc4097
406140e6
40a03fce
3f343fc4
3f49bd8f
40224092
3f89c036
40c1bed0
3f363f9c
3eca409d
beb94014
bfc53ffd
40893ff8
401a4032
3f8d40b6
3c2e4018
bec54105
405b400a
40eabfa9
4006406b
bf2e3fd7
40433fcc
3edf3f17
3d634043
be78405d
4042bf2b
bfd4406c
401a3f06
4097bfbc
3e923f5f
3fd64013
40b1408d
40393eb8
40b0bf51
bf7bbf5b
beea4085
3ea54101
40013eab
bd9d4070
3fb93f85
3fde40bb
3f15409a
406f401a
40f8bf81
3edcbfe0
3f69bdcb
c00040a3
3f733ff8
40c34024
3f304073
3ff94008
40a540b2
bfd54022
40053fd0
401b3eda
4030c019
3f36bfbd
bffcbf5f
410e3dcb
3f604023
402e3ebc
3f9a4101
40e03ff6
40f5403a
4037404f
402f40ac
3f8a3f48
3f8ebe92
3fb13fbd
3f734083
3e3b4082
bf5340c1
408f4101
40883e1a
c0104089
3f954005
40023f8b
403440b8
4082bee2
41023fe2
3ff13f10
408dbe8b
40a3c02f
bf5cbd9b
40a54018
3fab4006
bea340eb
bfe53f7f
c0043eec
3e60408e
bed6bf13
bf9bbf9a
3f984087
40c13fee
3f9b4002
3a894022
3f5340a6
4071bfc6
3fe43f88
4028405c
3f8fbd8f
405d4046
40bb402f
bf703fe3
bf07beeb
3feebf7f
408e3fc4
bfa73f3d
40ef3fec
be003f11
40124069
3d744075
3f9a40c6
bfec402e
40813fb7
4036be33
3fca3ed3
be623fa0
3d273f47
c009406a
4001bfa4
404a400d
40bf40bf
bf864022
409e4017
3e89409c
bf4f409f
4046bffb
40b1bf50
3fbfbf4a
402a3ee3
40873ffc
4079407b
c01a3fc3
40713ff7
400d408c
402bc000
40a9409c
be023e9b
bfe23f16
3f3340bd
406fbf3a
40b1bfee
bf314036
3f333fc2
3cb5bf36
40774006
bfed4016
3e45beec
4037405a
3fcfbea8
3e92c000
402dc00f
c01f3f59
40ce4069
3ebd4027
3f8140db
40a74004
3fc03f16
40873fb2
3fd83f0b
3f0fbf85
408f40b4
40c03fb2
3f8c3ff3
bf514064
bf79bf82
4010be69
40b74033
40893fb7
bf394085
403e40e6
40bc40b7
403a3e6f
3d7c3f5f
3eb23f2e
40534081
bfee3f51
408abf10
410f3fd8
3d26409e
3f7fc009
bf52bf4e
bf873f9e
3f80bfa3
3fcc3fd3
403ac007
4099400d
409b4022
3fb34007
3e583fa9
4088bf50
bf793fce
40ea3f7a
3fa7bf0c
3e4cbf9a
3fa940a7
3f874095
bfea40de
bf563e3b
3efe3fd1
3fbebfa7
3ee0bf48
4087c00f
40c9be87
bf373e2a
3dfabf2a
bf733e9e
40964104
3f723e1d
bcbd3ffb
bf4f3f5a
bf94bf3d
409fbfaf
3fba4016
40d4401a
400b3dc9
3f884096
402e407f
4002bf16
3e0dbf63
402fbff1
408d3f88
4053bf12
40ae3f94
40814002
bf3840a0
40683ed5
4087bff5
40ccbf4e
4023405b
3fe64074
403b3fcf
409d4104
3f153fbb
4041bf8c
3f22406a
403c40e9
3fb440ef
be87400e
40a2404b
40034028
4023401c
40b0409e
be803fc2
c0193eae
3f42be8a
bfbf3f96
bfa440fa
40974006
3ebbbec9
402f40a8
408640a8
40bb409d
40a63eb6
409abf9d
3f3240bb
405340d0
bff04065
3e80403b
bef3408f
400640b7
3f9a3ff2
40374022
40ec3ff3
40d04054
3f514091
3e02401b
4063c00e
bfe84020
3ebebf99
3f0c3fe2
bf6740ac
bf7d40a9
406bbf66
bf40405c
3ef24050
bf46405e
40b24025
40a43fb8
3f973f97
3ebe401b
408240ca
3d5840b8
40bb3fe5
bea13f4a
3faf40bb
3e773eee
bf914003
3cf84019
408dbf82
3f7d40b9
3fbf40e3
40a94105
40903f53
bf84bf6a
3fe1406b
3fff40b9
40aa4027
402a3fb4
3ffd3f6c
bedabf84
40464006
bff84063
40d43f1a
40f53f24
3f53be80
bec53f12
bfc9402b
c0133fec
408d3fc3
3fe44015
40674086
3fd23f9c
4012bef9
4057bf37
3fd7be18
402e3f0b
3f234066
c013bf56
bf2cbfa9
bf68bf01
3f5abf25
400040fc
3e933fa6
40b53dce
bea53ffa
3f513f4f
bf5f3f45
4096c03f
40784014
bf76400c
40003fc8
3f2c3f76
3f964075
40cc3f63
40874026
3f444084
bf763faf
40044071
c00cbef2
4086bde4
bddc3f7a
3f983f92
408f4043
bf723fc0
40fcbebc
3fc44029
40114080
3fc24046
3c7a3f90
3fd63fbd
be8bbfa5
bebcc011
bf38410b
3f903f93
40c94050
3f69bf59
bf204033
3b743fa2
3fd73fdf
40a3bf79
3f8dbf99
3f0b4082
3b804063
409b3e8c
4072408a
3f86bfdf
40883fce
400d40e5
40914027
3f46bf9b
bf7ebfda
bed7bfe1
bdc1400e
40a54039
40c1be7e
3fb7bca0
3ef4bf39
3e864052
40b33fd3
3ea04060
bf1f3f0d
40314091
40543f9e
4083403c
becb4038
bf0140a4
3f9d40b3
40b24001
3d9a3f6c
4108404c
3e92be33
408a4027
bf643fa9
3f47400c
408dbf30
3fb84080
3fcdc006
bec24085
40993d47
be763faa
3f913ff3
408a3fcc
3ebd3ede
bf8b3dbf
3f3b4048
bec73f5b
4076bf0f
40454005
3faabe27
40114023
bf2c4044
bf5b40a8
3f9b3eb9
4079bf6f
bfe93fcc
403240af
4019c007
be0040bb
40c73eac
3fbe402c
3fefbf3d
3f2dc01f
3f393ee2
3ff64017
c014bf94
bf473f74
3f19c00a
40894104
3f9e4037
c0044087
bf434026
401cbfe9
3df4408a
bf30bf5b
40983ef8
402b409e
403b4039
4011409a
3feebf3a
be1c3eaf
3f5c3f29
407940e2
3ef9c002
bd86402d
3fe83d95
3f55400b
400440c9
bfc7406f
40d74018
410a4050
409f3e4f
be9c4091
40403ff3
bf45405a
3fb63f9d
4102408e
3f2d4089
bfac4069
4018bf40
bf4e3fa3
409bbf95
40194022
3ff340a3
403840a2
bf2d400e
4081402f
3fdc404a
408e3f0c
beb73fa1
3dd83e54
40d34069
3e464023
408e406e
3fc9c021
3eeebeb7
3f504030
40303f30
3e314017
404940e8
40224039
3f76402e
bdf240a8
bdbb3f01
3bf14109
40563ffe
3f2d4033
403c40af
4075400e
3dc83f2c
3ecebeb2
40c4bd9d
3faa40bc
3e704089
409f40a2
408c3ffd
3fb0404d
40203d88
bfbd3fb1
407740f7
bfeb3fe8
410b3f8d
4018bdf9
407d3fd1
3f9cbf2a
40c0bf18
40d64067
3fb4bed6
3ff8bed6
406d4109
400ebd98
40a4bd22
401f40b8
bf3440c9
40834002
40bc3f88
3fb73fb4
3fee4088
3ffb40b0
bfc04093
406c3fe2
3e844069
3f21408d
bf31be5f
40644107
bff9401c
bf133f42
40113fba
bf8bbeb0
403fbfe3
405c3fb1
410a3d5f
bf3ebf83
bf944055
bfac401d
40b8bdf2
400e4002
3e9cbfb8
407240b6
40413f88
40903fc1
3f863fc5
3d3bbf64
408a40d9
be5f3f9b
3e7ebf78
c0224049
3f9e4084
3f4f40cf
bf344002
4044401b
41053dfd
bee3bfb1
405840b0
bf3cbc8d
40c93f6a
40a64047
3f574066
bf9a4020
bf48410f
4069be2e
3f5dbf78
3f943f9a
4081bf22
40b6bd32
40514007
c0173fbd
3efcbf34
3fae40eb
3f40c000
3f193f35
bfb03f7f
40194091
408c3fca
409f40ae
40cf3f36
40433f76
bf54402b
40173f81
400b3dc6
3fe73f18
bfb33fbb
410c4085
3d5cbf25
3b913f9f
40a43e40
40a14004
41073ff9
be0e3fe7
be20407b
3ff64098
401f3fcb
410a3f90
3f9dbfb0
3f09408e
3f43c024
40ca3f89
40773e93
403840b6
3f7040d6
405940e8
40ee400f
4069404a
3eb63ded
3bd84097
40974032
3fd43f7d
40523da6
3ee64001
3e9fbf72
bf5040b2
408f3fab
3f5dbf9b
bded3ff4
3fcc3fd1
3df24012
3fb13f74
c039406b
bec3406e
3fa9bf79
be3bbfbd
bf2fbe1c
40aebf7d
be2b3f41
400e3f16
407cbfea
c0094026
40d93e68
3e03bf10
bf1b3fcb
bf67406a
40f03ffe
bed2406d
3f9bbfac
405c3f95
bff84106
408a3e32
bf06408d
403bbff6
bf6f3fda
4050bf85
3e773fc7
bf903e87
40003f3e
405d3f9d
bfed4007
bfbebf6f
40f53fdb
bd843e51
3e814094
bf52410f
40b44003
c0224051
3de14062
40604051
40824021
3ffa3ff4
40a84048
40303fc6
406c40b5
3f9040a8
40a1bd22
4083bf85
3fbe4062
3e2840d6
40b640af
4096beb1
40073fbd
be64409f
401a3f1e
4064bf5a
40e73f0d
3fcd3ff6
3e003f4f
40854078
3f1d40b6
bf803fec
be653f83
bf5dbf18
3d434017
40ae3fe1
404a4005
40f33f85
40024050
befcbe4b
409240d5
befa3f14
40583f04
3ea4bdd9
40234061
3fa440ea
40a13f62
40893faa
40354008
3fd44096
405a40dc
bfe3be01
40f7400b
bf19bfe9
bf72bfaf
3f6840e3
bf92400f
40f04012
3f34400f
40084070
40253f45
bfd4403e
3f833f2f
404bbe89
3fbb4077
3ea6bff8
402d40bb
bf893f95
c038bbde
3f503ddc
40044012
bf8f40b8
40e83ff2
bfa9bea9
becd3f5b
3d1b40ee
3ff73f8e
408b401e
40144079
3f93bf60
bf71bce0
3f09405e
402c4002
beaf403a
3e613f04
3f9640b6
3fa340a7
bfb23e23
c00c4001
3fe6402f
3fde3dd8
405c40d7
40843fb6
3eb03f78
3ec4401d
40834033
bfd03e1f
c0173ffd
410abf30
3f1e40aa
40063fa1
403bc015
3f82bf6a
bf41bee9
bf07bf4b
bf4040a3
4019bf85
bf95bf28
bfd4bcba
3e944044
3ea2bf99
409540f7
3fc7bd4f
40343fc6
3f42bf1a
406840e2
40403f7f
40083fc7
be1b3f41
bf763dc3
403140da
3f7f40cc
40173dbe
4011401a
403e40a6
4085408e
40bf3f60
40b73f41
401c402b
40264002
4089bd86
bfa7bf01
40be3f8e
c022bf9a
3ff440b5
40593f52
bf9a404b
40d7bf19
40b0408b
40133f32
bef3bee3
3f894106
bf3d3f8e
40c94007
3f9fbff4
bf423f7f
bf9f4006
40734002
3f0ebf89
40103fab
40323e06
40bfbf58
3cf74036
bf6c3f4d
bf13bdb4
407840ef
bfdd4104
40d43d9e
40c44059
be9d40aa
3fdf40cf
bf87410e
bfea3f0c
c0124061
4038bfb7
3dcc408a
be6bbf43
40d23fb5
40a53fb7
be8a3fd4
3f934086
bff4bffc
40e73fd3
40a33ff3
3fa8402a
3f033cf6
40a03e7e
405abf3e
3fc74015
3fe73e46
3fa5408b
3efa3e96
40b23fac
409abf96
3f07bfbd
be9d3ea0
4089407b
400a4017
40f54023
403f404b
3fc73edd
40433ee3
405e402b
40d2bf67
beaa4070
3fdc3e8d
40764059
405a3edf
3fcabf1b
4023be7c
bf044030
3f174089
bf63be2e
bf564010
40044015
403f401f
408340cf
40823f65
40173f02
4070bec2
3f353fa0
bf1040e7
40bd40ba
bf8f3fa4
c0153fe7
3f9b3ff4
40884040
40a2404a
40dcbe80
4020bf85
3fe0402a
400a3f92
3e894039
3f2f4027
40dd3e2f
3f91409a
40873ebc
3f4fc021
40babf31
40bf3f8e
bedcbfd7
402abfab
40143dbd
40113fd5
410b404c
be283ed0
bfa7be2f
bc914101
be473fe3
40d6be5c
3ff43f8a
407640e9
409c4092
3e943fde
3fdd4002
40403fd3
4016bfe3
407f3fe8
40edbf73
bf013f65
3fa8409c
3f003ff0
408f405b
40463edd
40e24010
3d074006
402cbf84
409d410c
40cc3feb
4091404d
bda5bee6
3f5cc001
bf5cbf13
c007bf48
3f15bd8b
bf14bfe0
bf2cc002
40b04088
40e74016
bf343e8c
3d9d40ac
40184010
3e0140ef
40313f92
4055bfb6
3f2b4070
40483ef9
405c3f2f
3f483f60
40a84085
3f464024
405c4086
40ab40a3
c0053fb0
405d4075
3faebfbd
3f82bfa9
405e3fdb
40ea400f
410c4043
3fe0bfea
3fef3f3d
3f0240a8
3dcf4023
c005bfa0
3ff6bff3
400440e4
40af4105
4054402e
40714086
3f1e408e
bfa1bf80
40adbf94
c001bda0
bfa54007
3fa93f7e
bf1f40ce
3fc63fc5
40443feb
3fec3bf2
3ed840ac
3faebedb
40ba40a1
3fc03fbe
40c2be21
3d4740be
bf3bc004
40bb3f5d
bf9b40d9
3fd83fc6
408d4073
3f87409e
406b3f8d
406540dd
4030bf2c
bfe14052
4026bf8c
3f5ebdcf
3fb3bfa2
40543f8d
4102404e
3f46bdb5
bf9d405f
bfb73fed
400c403e
40c2bf81
3fc0404a
bfb740e3
40b4409f
3fda4011
3e9e3e0c
bf0e40a6
3f07c008
404b4083
407e3fc7
c03b3f3f
be6940b4
4048be83
3fcc407d
40debefb
bffe3f4c
3eabbf90
3feabfcd
3fd540bd
c00dbf67
40943f3b
403340a7
4086c01d
40bd40b3
bfb6bf04
bfedbf83
400d4086
407940a4
be94406e
4098403e
c02c401d
3faabf7a
40413ea7
be9040fa
40d1bf27
40224027
3f854001
403c4076
408440c5
bf033ff5
410f4054
3ff9bf09
3fae40a3
bf0940b3
40c03e6f
400e3f59
be8440ad
4031bfbf
3f77bf83
bcd43feb
410fbeab
3e0f405c
bde340ad
40814059
40c93f8a
beb13ffc
3f5a40bb
4090bfbf
bd0d3ff7
40933fe1
40553fd6
3f3940a9
bf9e40c8
3ec43fb1
3ea13ea6
3f384027
40293fc3
3f81bea8
3f1240a6
bf034028
401b408a
be534057
401440d7
40ab3fed
bfff3fa2
3f044012
3fc04047
406f4088
3fb9c003
be9dbe06
c0364037
3f6fbfdf
bd18408b
401540b4
3c223dfe
40a3befe
3e6a402b
403e408f
40274082
408a3fb9
40d74014
bd3abf3a
400b4077
407b40a0
3e1e4029
3fce3f6c
40234039
3d343fbd
bf213ecc
40313f89
4037bf53
3eef4099
402f40a3
3f2abfc9
3fffbe88
40b64036
3e9e405a
bf364060
3ebc40fc
40933df3
40ef4027
3e2d3e6d
3d0440be
407840c7
bff43f85
c0173f9f
4093bfa8
3d0cbf40
bf3fbfe2
bf2f40f5
40a63fa8
40b4bf64
402f40a2
40543fce
3e8f4014
3ecd3e85
408fbf7f
bee63fc6
beeabeff
406ac022
3deabe06
3e0e407d
40294061
3fd6408e
40abc036
40aa3fb9
bef1bd8a
3f06bf49
be01be6d
408e40de
40cf402c
409c3f14
bf36bf2b
bfa8bf7b
40894085
40e5bf38
40c9bf4f
400d3fd6
3a12bf7d
40394097
3fa7bf25
40a6bf74
3f943fd0
3f693bf2
409a409b
bfc5bf2b
c005bf9d
be8f3ffd
3fc340a0
407a4081
40a2401b
3fea400c
3fa43f90
402f40e6
be863eb7
bfc93f8c
4108be02
bf65be82
3fb4bfe3
3ee440b0
402dbeab
3faf400f
3d9b3f04
4015401b
40904097
3f54be86
bf734061
3fe540b9
405ac018
3f62bea6
bd5a3fe1
3f6e4064
3fe23f91
3ec4beb4
3f37bf96
404a3f83
bfb0bf9f
402abfb0
403540e0
409b40a1
bef03f5f
40ed4021
3eaf3f4c
3f67bfb9
404ac02f
3f693fb7
40c93fa2
bed6bfeb
3c1c404b
bff740ce
40d33daf
bec54028
bea5403a
408d40de
40b04096
bdc33fa1
bec9400f
3f08409c
406ebe79
3f9cbf93
409d4019
40c33fe9
3fc73fd8
40803ea0
401fbfae
40ce402d
402f4082
40344019
bf1e3f16
40bc4071
400e3e83
c02abf95
3fc93f71
bdf9bfb7
40a740e3
40a9bf27
3fc6408e
3ef14027
3f87c006
40764100
40c23f2b
4106bf31
bf754033
bfb33f7b
408fbf9e
3ffb4038
bf95bfac
bf1e409f
402640ac
405540b3
bef740ca
3f8b3d52
bf7cbf31
bf5a40bc
3feec01b
bf0d40b4
405cbebd
bf9e4078
3f6040b9
406740a3
4084bfd3
40634022
c0044083
bf4abff5
40304087
403740b6
3ee7bf49
40d94084
3f6d401c
40894069
40ae410a
40563fba
409ebf32
3f0d3f87
bfbd40d5
40954101
40c9bf22
4084bf8c
403a3f0f
3fc4409e
3f51409b
c01d4001
40023fbe
bd33bf90
401a40dd
bfb040d0
408a3eef
3f66400a
3f804047
401440af
3e193fb0
40c43e03
bf0c3f20
3ffa4017
3fdb40d4
40a2bf86
40eb403f
4043405d
3f203ef6
3ee940a6
40943fac
3f47bf7e
c014bfa0
bed0bfd8
3fd6404a
3fda3f4f
4062beae
410c4075
3f0bbfcd
3ecc408e
be684108
40af3fb1
41084012
40373f75
bf994042
bf2f3f9c
3f0bbf04
40f54006
3fdd404f
bf8c40d4
3ea140f9
40644033
41094080
bf56bf24
402a407c
400940f0
c00e3e6e
410fbf84
3eb43ff8
3ca8bf54
407740db
4023402f
40fa3f99
beb3bff5
402940d3
bdf03fbe
3f5b3fb5
40d33f37
3dbb4067
3d673e06
bfc9410f
3f6f3f08
40db3dcf
3ef1bf86
3f943fcf
3fb2400b
40b9402d
4107bf3a
3fb2bfb1
4041beb5
3fa340fd
3ff23fe9
410d3f1d
402b40a6
4013c007
bf0040ea
40b23fb8
4061bd8d
40133e8c
40824036
40073e5a
bd5f4008
4086bf15
beb63fad
3f27409b
3f913fc3
4013403a
40564056
3f2c4049
be323f38
3faa4090
bf92402a
40744036
3fcd408d
408f3f87
be86c03e
3fe33fdd
405cbe59
3f41bf98
3e8fbe58
408740cd
bf8f40fb
bfe5be72
3ece4000
3fc73d41
406340d2
40b23d6f
bec43f32
40cc4084
40094051
4076bfcf
3fa74019
40c53f10
bdf33e80
3f5b3faf
3fd23fb4
3f5840e8
40a44011
40c6bf9d
becb3f15
3e16bec3
4024410f
bf813f53
40fa402f
3dc4bf2f
401d3f40
405d40ef
bffa3d17
40cc3ef8
3fc8bfeb
401c4044
bfc740dd
40a83f21
40db4083
3ff94074
4079bf2b
40a2bd4d
bf903fb7
c0234076
40103f12
bf5b40b1
400d3ecb
400dbf45
410e403b
3f6f407f
bf173fd0
403040b4
40bf3fc2
40ec406c
bea33f5e
bec0bd4e
3f35410c
3f853ec8
c0303fd0
3f8f4091
bfba40bf
3faf401d
c01a4017
bfe23eef
bf5b40b9
bf82bfea
bfd73feb
40463f99
40803fe6
3f843feb
40544069
4010410b
40134023
c028400d
3f8dbfc5
3f8c409e
bf973f6f
3d524023
4093405c
3fc74039
408a40c0
3ff8c03f
3fafbf3d
40af4075
3ffa403b
3f7fc013
3e1fc02f
40943fe6
40fd4058
bf2e3fd7
405fbfa4
3f8f40d5
bea64002
40f83fc1
bf1840b2
bf0ebf5b
407340c5
400abec8
c0093ff3
40383f48
bec7409e
bee0c02f
bfb6be81
3f883d32
3f58bf88
40493f19
be8040ca
bf8f3f1d
3e0e406b
3f9c4079
bf44be8b
bf70bf84
3ffd401c
404a3ed7
3f24bf97
408440dc
3ff44054
3fe33f87
bf333fcd
40154074
40893f1c
bfcb409a
403b3f36
40933f53
bde34098
40584062
bf0fbfc7
bfbb4021
40f94005
bea340b0
3edf3f2c
bf3b40c7
407b3fa4
400d3fe8
3e563ec0
40124084
bd414026
4048c00c
bfb1bf10
bfc33fa9
bec83f83
40873fca
40b740d5
40af4017
40fa403d
3f32bd83
40873f30
bff73e48
4046400f
bfd44071
40363f8c
bf263e67
40bf408a
3fb33fc4
bff63f92
4015bfe6
3fe3c01b
bebb40a5
bf9d3f87
3ece408d
3e303ea4
bf6c4087
3f56405d
be7ebf03
4087bf8f
be4dbfee
40134095
408a409f
40963e46
4103bf0f
3fd84068
3f833e15
be6f40a2
40b54022
40e94065
3e9cbe76
40844081
3fafbf3d
409c3ff4
40de3fbc
be8940af
3fe44097
40ab40df
3f193f79
40da3ed7
3fbcbfca
40803fc4
408f4042
3fc93fc9
4104404f
401c3ff2
407c40bb
3f944015
407a4030
3fae405f
3fbd40bf
3c4040e2
407c40cb
40883eaf
40824067
3ea240bd
402cbef9
402040d8
40d3bd9a
40464051
bf5640ad
bf734054
3fe8c00b
404c3ee5
bf0d3f81
3fca4099
3f7d40a9
4084c01c
40cb4017
40923ffb
beac409a
bde740e4
3fd2407d
bf94403b
bfdb405c
3fdfbf37
beba3f25
bf33410d
408d3f2b
40e1bf57
40084021
bf95403b
bef940cd
3ed6bf3a
bf233fc3
3f3f4013
406d3fd3
bf74bfba
bee43f97
bfe2be2e
bf554025
401fbfff
3ffa400b
4086400c
40ee4036
403240a1
3e7c40d7
3f9d406c
40eb3c52
bfd2408c
4023400b
4057404e
40b24098
bfd03f3c
404d401f
bedc3f97
3fc240e8
40b040f1
404c3f66
40c1406e
bf46bf25
403340e8
bfd8408b
bfa5c03f
3f97be70
3d5bbfba
3fd740b1
3feb3e97
bfd840ec
3fef4003
410d3f30
be54bf46
404440e9
be0340b0
bf533ee6
40c4bec0
3f08407d
3f263dbb
3f3440c3
bf333fed
410d402d
3f90409d
bf7bbfdf
409f4103
c01a4003
3ff63f88
3fc2be2c
40473fe0
bfb04078
40b94023
40d94082
3fa5bdc0
bf8b4068
3ec840bd
40c24024
4045bfa7
bf03bf30
40713fbd
407f4039
c00b3ffc
40bd402e
3f18bf0a
3fa1be30
be6d4101
be693fe2
401b4052
3fa64062
3fd53fca
3f8cc01d
bda9bf68
40004044
3fa4bf88
404a4042
4087410f
3df04030
3d933f93
400d4034
bf8cbfca
3f8840c4
40963f5e
41013e9d
3fdd40ad
beb340c3
4088408d
bdc74010
3e934067
40184074
40174091
3f803ff6
408b3f89
401b4041
3ea040b7
402f40cc
bf1d408f
40973fd7
40714029
3fb3408d
be7e40e1
3c3240a0
40d33f94
40b14062
403e408c
40213ea0
40414057
be763fde
40c34000
3f0c4043
3f5440d0
403c3f4a
4009401e
40febe26
3f264080
401d4000
3dbabf55
408a3f1c
becfbfa0
beaa403a
bf304012
3eb940d7
bfb33f16
40a6be8a
40304007
3f96bf52
bf9c4026
bca14020
40603fd7
3dd2be4c
402840a3
40c04094
40c03fb9
c03cbfb9
bf414083
3f0440ae
406c3f32
bfb4bed0
40ecbf1c
3d8bbfec
400b40e2
bf2f3fb0
c01bbf4b
3fe7bfaa
3faf3f2e
4011be61
40703f84
3f9dbe17
40453fa7
3f794022
40654082
404240df
3e373fbc
40d7bfa9
3fd9bf68
3f34bf98
3ed240ab
402ec036
bfafbf67
408f4004
be51408e
bf863fab
406640e4
40e13ffd
bfaf3fb3
4012bf8e
bf7d4092
40233fee
4080bf7f
bf0f4047
403bbfd8
bf6040d9
3fd14083
40413f30
3d943f43
400abf83
bd23406c
40b640bf
3fdd3fdb
40c13f66
bf21405f
bfba40b2
3fe3bfa5
3e7c3e78
40154036
be6cbff0
bfbe3e8c
bfdcc01d
bf814030
40a6be56
be414035
3f4b3e94
40ad40a8
40e03fc9
403c404b
3fbfbfbc
bf103f1c
3f1340e3
3de74035
bfe03fd7
3f3c408b
bfbc3f58
4060c008
bef83e2d
beb63f8d
4039406f
bfb540b8
40b14107
40a43ff8
4020bf8b
403540b8
405f40e4
3ff44097
3f053f86
4030bf79
3ded3f9a
bfba4081
bfb940ca
becebdf4
40afbf47
bdef3e36
3c9e406b
40953fe6
bff53fb7
40e93f6e
3f28befc
40823f9d
bf93401b
c013beda
4009bf98
3fb34075
404d40e2
3fa940e9
40aabe96
3f3a400d
bf6f3f57
bf9a3f2b
4046bf2d
40013f9c
40c33f63
3fd240b4
3fc54011
3fde408c
40a83fa2
40f64053
402b400b
405fc001
3f6dbf6a
40ca3ff3
410cbfad
3fbf3fbb
401fbead
bf3d40c4
3fbc4011
40b7bf87
402f408a
402e4006
4082bfe4
bfeabed1
40f4bf86
bf66bf98
401140c5
40b1bfaf
4022be83
40283fc8
bed5409a
405b40d2
401e408b
40bf3f5f
40e6bfaf
be88408e
40543fbe
3f5c40a0
c01bbe55
3ee1be0b
3ffd407b
bfbcbfda
bec24097
c01abf7a
bfb83f98
3f8d40a1
be4bbeff
3fd240af
bf41beaf
3fb13fb1
40d94063
bec9bf8d
3ff23ebc
3fa34072
40983d46
40ba4009
3c9c406a
bf14409a
40554028
c01d3ffb
bf2d3fa8
3fedbfe0
40203f17
3fed3ffd
405c3f1f
40a33fed
4037bf7c
3f1b4035
402c4064
bed03f30
c0333e15
bf3d4011
3fd5c01b
3fa840f4
c01b400a
3ff34041
3fa63f97
bee14010
3fdb40c4
40d2401b
40bf3d88
3fee402d
bfa03f72
3fce40c9
40c7bec3
c012bfa6
4026bf42
4052bf21
3f98c030
be2b4010
403c4070
3de63ffb
40774035
be9dbdf6
405dbeca
c0253f6b
401940ad
3f2abe2d
3f933d8a
c0164022
3f11405c
3fcf409e
bf69be45
400ac005
bf16be8b
40fe4059
be55406d
404c40e0
40a940bf
40913fad
3fdb3ff0
bf6040a5
bddd406d
3fd140f5
3f153dea
409f408d
3fe03f8d
3fd53f57
40ae3f54
3fe83ff1
3f704027
3fc84018
408c4085
409340fd
bfa2bf4f
409cbf60
bec03e05
3fb8bfe8
bea340b4
bee33fab
404ebf6a
3f1c40a0
3f4f407c
4006bffe
40053f32
40fa3e41
beef3fec
bf1a40c1
40b840d8
bfe9bebb
41064077
400ebee9
3f0f3fcc
400cc018
bff1bf34
bffa4003
3eb8bfe8
3f9e40b5
40b540ed
40283f06
3ff33eb0
bec14027
3f1140c6
bf204104
bf813f2b
3f154047
3f9f3ebe
408b402c
401bc020
40a34000
40d64084
3f614081
3fc6bfb2
3fe6bf38
40b53fb1
4097bf09
3d93bf6c
4075bec2
3fa54085
bfe53f0d
3f0d4065
3ddf40af
be55beec
408a40f2
40a93f84
40833f7e
40f44025
be6c4035
40904052
401abfc0
4019bf29
bfa43ff9
bf114084
bf014034
400a4066
400dbf21
bfd5bf9b
3ff9bfc0
bf70bed1
40914096
40113e81
40443f5c
40023fd3
3faa3fc5
be644059
bf53bf3b
3f6bbef2
3f933fe8
bed24085
40a0bf72
40b4400f
c0143f7f
bef73ec2
408740e2
3e2a40c4
3d8c3fc0
3e25408f
3f7bbf56
3e8b3fd5
beed3e72
40323e03
bf8d3f57
bf693f87
40873e93
40abbebe
3fd83f96
40dcbf0e
4034bfa2
3f073fe0
bff740ae
bfa6bec0
4063bf2e
403ebfe7
4084bfc5
3fdc401f
403d3ff1
40e1400e
3f88bf9a
bd2040a4
405940fe
40e9403d
bf5b406d
403b408e
3f983f08
4010bfef
3fc0bd63
bec33fb1
40283f64
40143b1a
3fd940de
40b5403a
bff9bf9b
3f86403a
3f9f3ef1
40974109
bf15bf1c
40a0404e
3fe9406d
40893fc8
bf7b40f6
40e14028
40e9408e
4002402b
40283fe5
40693f00
40ae3d52
40fabe93
401dbfd5
3eaf4018
408c4093
40ad4029
40ae3e1a
3ff4402e
401640db
405240b9
4057be8b
40b2401c
3fc84010
4069404b
40b13db8
bfd33f5b
40ea4063
bd5f40bb
bd1c4005
3f92408e
3fc74025
40243f70
40104049
40383f4c
401740c9
40c34000
406cbf83
bf443f9d
3fb540c9
bec840f5
bfe3be9a
3fce4088
bf703fc6
bf954043
401fbf19
c009be1b
40edbfb4
3f3d40b4
3ef3c01e
406e3faa
3f57bf2d
409f408a
3fa3be8a
3fe5bfa5
3ec3bfad
40133fca
40a4bf63
40274043
bf78403e
401e3f9b
3d4240de
40a44006
40e53fe5
bf7f402d
bf6d40df
bf91410e
407b3fe7
40b4bfbc
bdec408a
401f3fb3
405440de
405c4038
406dbed7
4027bf3a
3f70bed1
40a040ab
3fdb3f52
40b63fc3
40324023
4071401a
3f583f00
405f3ff3
c00e3f9e
4005406f
3f96be8f
40984071
3e98befd
40153f3b
3fe24088
400940bf
bfd94018
40a24009
3f1dbf78
40254024
402e40ca
40aa403b
40b34024
40874080
3fc540bd
bf2cbfc5
bfb8c003
406d3f4f
4016400b
40294085
bec340bd
3fc93fa8
405bbf2c
3ed7bfa0
3fbf40ab
3fdf4006
3fb4409b
40653eb7
c03c3ef3
4012bf89
407e40b0
3fed410c
3f784040
40583f3d
bedebd59
40343e70
3f9dc026
401b3edf
3fd03eeb
4030405b
406940a7
4061c005
407f3f95
3e05407f
3f0abfda
4025bfa7
3f7f410c
4016402f
3f8b4020
3f713c59
408a40b7
3f3e4063
401f3fb9
410abfa4
3fec4031
3fc33fb2
40953ffd
40923ff1
40453f3c
3ff93fed
3fed409e
3fb24094
3fd3beac
4062bf84
40234009
3f95409e
403fc016
400f3fd2
40f9bf25
bf764065
4022408a
40b440f7
3f72bed3
4096404a
bee74011
402cbf55
40294094
3faf3e9d
40ab4011
3e14be9c
3f944062
bff73f08
bf92bf0d
3ee53eef
4013bd1a
bf1640e3
40723ff0
40a3bf28
3d0a3e14
3cd1be49
40183fc2
400d3f97
bfd03fde
3f5ebf61
403b408b
4015bfde
bf7fbfee
4000beb2
40e8407b
3fb94018
bf90408d
408a410b
40974107
40d33f85
40893fdd
3f243f23
3f22bf8d
40a840ef
3f193ffb
40ac3f86
3e8e409f
40794038
3fbf40c1
40a04004
40fabe17
3eb53f40
3f903fb0
bf7d403c
408f400a
bf13be90
3fd1bfa2
4044409f
3fb14109
bfaa400e
401f3fb8
40293f92
be92bf84
3e5840eb
40cdbf37
4096406a
bf15405d
3fe040a4
4092404b
3ec73ff7
40eebf87
3f3d3fd9
3fb64034
4001c01d
3fd33fb3
3f943f4b
bd9d3e12
4005bfa9
bfb54027
3f68403d
3fa7402f
bf4540b5
400b40ba
3feb40f9
bf2b3fc5
41034021
3fa74040
3f724086
4070bf41
3ff24015
40ae3c5c
4015bf8d
bf063fa4
bde340af
405f400f
c0244008
bec1bf11
3e944004
409c4061
40a73e9e
40094019
3fa93fb1
4089c018
409f40d1
3f024029
3fdd4089
bf474008
40873fac
3f3cbff2
40e64008
40fa3eda
402f40ae
bf2c3fc8
bf853f9f
bf84bf48
40d9404d
3ff73f86
3fe240d8
bfdf410c
3d8f403a
bf113fc9
3fee40a7
bfb73f50
406940ec
bfe43dc5
40fdbdc9
40223fab
402f3fac
bf7bc01f
40573f66
4040bf91
403f409d
401cbfab
3f3bbff5
bff5bf1c
bf1e3f56
3dd6bfaf
3ff13f38
40bbbe8d
3e893f06
c0213e7c
bf36bf87
4075bf9f
40bb40f9
40ea3ecd
4101bd57
bed2bff3
3f28405e
400c406a
3e9abead
c036bf73
3f6340ac
3f7b4021
bff74009
40584026
40bdbecd
3ff9be84
400e3f8b
4037bff3
c0173fac
401fbe63
40384074
be2540b9
404ac018
40b94015
3f6c3ff4
40804087
40034006
be144009
3fb4407f
40334032
40b9bfa6
3fd43fbc
3f27406b
40a2bea8
408bbdf8
bf20bf0a
3f0fbfaa
3f99402b
4074c030
404b3f98
be91407b
3e2d3e89
3ec64002
40a340a1
3fcb3eed
40a3be47
3f8a40b3
3fc64062
bf4a3e21
405e3c90
409f3f24
3fd63fb0
bed24027
40bb4000
40c84021
40e8404f
3ff3bf90
40123f42
bfb43fa0
3ebb4019
3ffdbcd7
3fb84079
3f90400b
4095beb7
3f13be1d
40694003
3ff740c0
3e5e4020
bf4840ca
40953f94
406d4084
3f8b408a
408e4050
401d3fe8
40ddbf34
40683f23
bf263e88
3f864097
40a14086
3e91bdcc
bff43fe1
4033bfa4
408cbf28
bd213f86
3f783fb7
c02c403f
bf234015
bf98be7e
3fcd4063
bf9a3f8a
402f4035
40314013
402bbfa4
befa3f2c
40aebe08
40f2be9c
403f40bc
be3ec004
40944109
bef33fb4
40dc4001
3f4fbc86
bba53fe7
3ec54095
407d3f41
407d4019
3f99be93
3eb5402c
be6f4100
c01abf20
410d3f7f
3fa33f5d
beb5bf82
4083409c
3f994020
3f9b4019
40193ee1
3f5f403d
405e40e9
40aebf61
40dc3fae
3f84403f
bf4b4025
3fa94102
c0103ec6
410bbf86
400f4078
3ecb40e9
40bd40c5
bfc4bf02
40cf408b
40344058
3f40bfd5
40873faa
4075403c
3fb73fba
bf184086
40543ec1
4081402b
40b0be4c
bf5d404c
3fd73ffb
3f56bf00
401b408e
bf914008
bf9d3fd7
3fc8bfd2
3ebbbec4
40b440f1
bf944034
3f9c3fa7
3fdb3fa8
bd0640a4
3fb3bfb9
400d410b
3fb54035
40aa3ff8
3f9d4095
40624015
40b3400c
40453d6b
bf53bf29
3d56404a
bf95bf9a
beec3f32
40a0be80
403fbec1
3fa13fa1
bef1c001
409740f2
4009bf3b
40c94075
4012bf65
bf94bebf
40813f74
40243e60
c00b4089
3dc7bebf
3fb53fcb
40703fbf
406a401e
40dabe9a
3d613ff1
405c40e7
bfe4bfa9
bf5d3f5b
40313f84
40103fc3
bc4f3eaa
408d3fc7
c0104023
3fc7bdb3
bf094045
3f834084
40a4c014
40c5400f
40d1bf10
3fb44089
3fcd400d
3f52bfa3
407b3f36
40fa406f
3fdabfd6
be1240e6
3ff340d6
40d5be99
c0124081
4022408a
3e60401a
3fba4067
3f6f3f69
c01a4072
bf0e404c
4022407f
40b93ccf
406c3f46
bf86406e
3d5140a7
40184083
4096bfe7
40633fa5
3f334004
be96bffe
be81bf9c
bfd5401f
bfda3f82
40a63fdd
3eda3fbf
bf9e3f2e
40a440a8
40354020
bfdd4011
3f044020
3e93bf82
409d40f4
40d63ffc
40833ff2
3f7ebfce
4024400b
3fc740e0
3f654031
3e074024
beac4066
408440e8
40663de6
40014005
40fbbf89
3fb7404b
bf96beb7
401b410c
40a53fdd
3e32bfb0
3f9bbee3
3f124033
40adc00c
4033402c
40f24040
3ff23f74
402a3f83
3e8440b4
bfb63f04
409fbf94
3e984095
bf4940af
409b403c
3fe73fcd
40d34011
3fe63ff9
400240be
409a4099
40963fda
40543ff8
40274062
beeebf13
40ba4035
3fbcbc9c
410f3f57
3ffc40b5
beea3f09
bfaec00c
40e6403e
400a3ebe
40aa3f22
3fa23f51
bc9d3fe2
40af4110
bfb63f0e
40b33f7d
3f4040b2
3fb3402d
3d5d3e67
3dce3fb7
40da3fc4
be6f40b0
40073f9c
3ff13fda
40a8401b
bf2fbf82
400f4029
3fcbbfa9
bf10c019
3f704025
bf6f402c
3f9a40be
3f673fa6
40883fcd
3f9e4040
3fd8bfc0
3fb44049
402640dc
40143f66
3f9b402e
40b9408c
3f6e4051
402540af
40a3c03e
40cb3f8b
40d2be5e
3fe6408d
3f6e4039
bfe1404f
40923ec1
40e5be26
400b3faf
3f7c404f
40b440d2
4023bf69
41063fa7
402abfe2
3feb3ffd
becb3ffe
40673ec6
40af3fa1
401a3fa4
becc40c6
400a40ce
c0023fb1
4023bf38
4015bfbb
40304096
3f844064
40643f62
bee03f8c
40363fe5
4002be39
bf7d40b7
be083dfb
bfe84063
3f06bff0
401640da
bee140f1
40c4bf18
40c23ead
bf25401a
3fedbe69
3e08bb80
bfc23f44
410e3fdc
3f854064
40573ea4
3fb4bf68
402b3fc2
3f27408c
3f50bf68
4084bf64
3ed140b0
c0194026
40d8bf8f
3efd4067
406340df
40943fa3
bfa44003
4104bf15
3feabed9
40063fda
4064410b
40ef3f8d
bd0c3fcc
bf5bbeb8
3d2640d9
40333fa7
40134004
bf583f5c
bf7f4019
bf613fe7
40a13ff6
40ee4023
3fbb404e
4032bfe7
3fd3405a
40c040b8
4014401d
40313f6a
3f96bfb9
403140e9
406c4018
403b4012
3f37bd97
3e92bf6f
bfafbffa
bf8a4104
40aa3ea5
409c407e
3eafbf91
3fd6bf66
3ee33fe4
bfdb3fc7
41034029
bc2d4009
bebb4073
401bbfac
40a2c003
bff84039
4102403a
400dbec5
be3f3fe6
407e4100
bfc7bebe
405d3f48
4028bf3b
bcdd4091
406ec02a
40db403d
40f6402d
3f953f8a
407c40f0
401640e3
40273f8b
3ead403d
3ff3bfff
bdbe401c
3f8e409f
bf454039
401e3ec8
3f94bfa8
bf8740a2
3f8240f4
40ba4014
bf8b4015
40104040
bf5440b0
bee0bf29
40d4be02
c02a4048
403c404a
3cef3ff0
407a40d4
3fed3f88
bf933ff0
3fb93fa0
4078409f
4035410f
407a4037
bfd8bf71
3f7240b2
3fbdc020
405c401e
3fd73fdf
3f0d3fc1
be4a405b
4011bd79
bfb83ec6
bf9e3f5e
406c3ffe
befebe97
407c40d8
3fff40dd
402b3f99
bfb53fd4
4036409d
bec640b3
40aa4082
406d3f8d
41094000
be37bf8c
405ec016
4087406c
beb2bf6c
410cbeae
3f914086
402e3f17
405a40c2
404a3f5e
c036bf59
3f94404d
4010bfe4
3ff03f8f
40673fc5
bff63f0c
3f0d40a5
405cbf9e
40a9c020
beecbe99
410c4061
bcec406d
402d3e4d
406fbfa2
bf713fe2
3fed3f68
403840a6
3f164068
40744084
3fb03ff7
3f933fc6
bd7b4070
400f4084
befc405b
befb3f21
40d8402f
3d83403b
bf89c014
bf013f64
40bb3f9c
40e3403d
3db23fdd
3fc9bd71
40b840e6
4065403a
40bc407d
401240a5
3f1e40d6
3e6340cf
3f12be9c
4084bf9d
4010403a
3e943f23
3f8ebfe5
bfee3fe7
4100bf09
3ff63e13
3f9a408f
bfef40ee
3fd53fff
3ff24033
3ff73f81
3f8e3f9b
406e401d
3ee140f2
3f853f86
402c4016
40064099
407c3f5e
40a3bf53
3d573ea1
4052405a
3f5d4014
4060c007
404c4044
40ac3f5f
3e414029
3ee3bf35
40173f8c
403840e2
40b03dc5
41014088
4009bfd5
bf4740d3
40674047
bcc4be6e
bfd63f12
bf25bf1d
bef440a5
405c40d8
4077402b
403b4011
3f863fed
40824083
40043f75
bf983f94
3e5a3f7f
bf2f400d
be903f24
bf0f405a
4014401a
41033c29
3e743f02
3fd04013
40bbbfa1
40343fc0
410dbee9
3ebf3e80
40753f43
3f464064
3f03bf6f
bff2405d
bf5f3f39
3fa64069
3eed4086
3ed6be94
bfe5408d
bf38bffb
3efa400a
bffc40f0
40853fe7
bf89bed6
3ff34030
3fa9406f
bfc540a1
40693f25
40be3de3
bf2b40a6
bdc0c002
3e5540e0
409bbe4e
3fde4089
4023403e
3f973e8d
3fe04099
c0093fcf
4108bf9a
3e5a3f0d
bf2840d6
3fde40c3
40323eec
40f43f37
402940ae
400140b0
408740eb
40debdaa
40b5403e
401d3fa0
403b40d0
bfe9c00f
3d7e3f86
3ecabd5e
be394086
be8040bc
bfe0bec1
40d73f10
40e13fb6
beb5bf92
40233d94
bfa53f12
3fb03f25
40934003
3ffb3f44
404fbed9
bdf74104
bf113e47
c00f408b
3f1e40a0
3cfb40bc
3f9e408b
403a3ff0
bfe04055
3dc1401e
405dbff5
408c4104
3fc73fe3
4105407b
3ed33f0e
3e9540cf
40be4092
403abf19
40e53faf
401f3fb2
3ff4bf9d
40a34002
409fbf1e
40dabc51
3f313ffd
bf0c40e5
bfc8c03a
40d33fdd
40f43e1e
bfd4bf7a
40123fb5
408d3d30
beb840e5
402dbf5b
3f753fdb
bf77bf97
404940ab
401d410a
40303f76
4044bf93
bec740bf
40283fe8
4080bf11
409f402f
4094befa
4036408b
3fac4036
40b9bf2f
40573fe2
3fd04044
bf77402d
bdb240e5
40403f9e
40d03f10
4073be4d
402a40b5
bf8b3f84
40b14103
40c13f04
bec63dfc
3f6d4040
bf0abf5a
bf4e40ce
3eaf3fe8
bf834005
bf4f3fd2
405e3fca
be02bf85
40cfbe3a
40debfb0
400a408b
3f4b4005
40aa410a
bdcf4006
410e3fbb
3f993e99
3ff8c01c
bec5bf76
bf99402b
c03ebfa1
be7d40c0
3fb4408e
3fe240b2
3e54400e
3f72bf23
3eadbf7c
bf0b4095
bfe6c035
bfd2401f
40e9bf4e
3fa4bff1
3fa140bb
40b04110
bf67402a
406b4003
3fb4bfc3
4085400b
40bd40f0
405e4002
c0054061
bf0bbfd0
40134098
40a33ff6
40033e10
40c9bfbb
4026404c
bf544082
40704102
40bcbebf
40733e91
3fb43f4a
408940d3
408440e6
bfba3fc4
4104402b
40084072
408f4012
bf59410d
408cbf4c
40f0403e
4008bf46
3efa3f45
404340de
40993f5d
40114035
beea40af
bf4c4095
bff540b0
40263f80
40c74021
402b3ff5
bec040eb
3fd8bf32
40783f7f
bfc33e0c
400b4009
403a4019
be90bf6b
3fb54003
403b4002
3ee34059
3e4440c3
3fbec021
3f713fac
40c9bf89
400340b0
400e4090
3ef440b7
bfc43fd7
407c400f
bcc44055
bfb13fb8
bf20c032
406a4032
bebebf09
3f363f74
3f824070
bf0040c5
3feebea5
40bcbe0c
410a4065
3fb2406a
be453ebc
40764017
bf333f6c
4001be22
402a403d
403740a1
40643f85
405b4024
403e4013
bf77bff8
401d4063
bfc2410b
3fa33fb0
41004017
bbe8bff8
3fed40e8
401d4062
40cd3f1f
40f94012
3fe34033
3fb33dd6
bff0c014
3ff53f2f
4107407b
3e8c401f
402640cf
bfdf409d
40d3400e
be5dbf19
402d40ac
bf2340bc
40b54094
4017401a
410d4030
40123f83
3ef83c32
408740e5
3f3d4032
c02dbf07
4039bfbc
bf4140ce
40a040f4
bf313f35
bff6404b
bd7340a5
3ffe40e6
408f4041
bfbb4034
40d4bf81
bec24042
bf5f402a
400940dd
40504011
c03d3f16
be70bf9e
3fadbe09
3eae4089
40a13fd4
40e34017
3e233f0d
beff4083
3f9d4073
4056400f
40abbf2f
400640b4
404d3fb5
bfb23ff2
40743fa6
40f84071
401d4081
4062404f
be884024
403a4013
bed33fa9
bf134025
400c3fd0
bfe240c4
40da3ed4
bf993fe9
3f1c3fe6
405d3f1a
3f12bf12
403bbec5
be57405c
3f284042
402e3fb3
40673fa7
bfee3f55
40f93e3f
402640b7
404fbff1
3f98c004
409f4036
4098bf7f
40093f62
408bc020
4009bfa3
3faebf70
3f5f403e
bf75bde1
beb9beff
3f4140b1
3f8e3fe7
41044085
3e33be98
bf624090
403b410d
3fe63ffb
3fe43ec5
bf703fc4
402b40e8
3fa5c008
4063bdb1
3fbb4078
bf31409a
402f40a9
406d3fd4
40714008
408d4064
bddd4030
be56bfba
40a54110
40b8be0f
40563ff3
40a4400d
3f3b4089
40764099
3ffc40be
bfca3eee
40583ff1
3f8e4061
3f963f15
4050c02e
bf6b3f9b
40d53f1c
403e3f48
3fcf3e51
407fbfaa
40c43fe4
400b3f9f
bf62400d
407a3fc5
401340f7
bfc33fc8
bfe2bf08
4034405e
3f254033
407e3fb1
406d3dad
3ed2401d
3fb940ba
3dfdbfd8
bfbc40d0
40b7bf1e
40b53f3f
3f4a3fe2
40783fe3
be7440f8
40773f87
40bf408d
40204093
3fe040c2
40893f7d
3fe13ec8
4078bc77
4009bf36
406a4022
4082be6a
c01a3ff3
40b03e9d
3fe4400f
be48bfcc
3e9d4105
3faa3f55
3fba4025
3eb6bfa7
40464040
3feb40c1
3f813dc6
403d407c
402ebf9c
402cbe56
403d3fe4
40313fda
40d33e4f
3fa04024
4035be2a
3e17c001
4088bd20
4002beae
400a40a6
bfbe4047
40a44093
40c6beb7
4102bfbe
be3a40be
408c4097
406bbf4c
406f3ef7
40d53e91
3fde4060
400240a7
bf9c4056
bf4a4025
40144065
3f2b3f9e
40774073
be9c406e
bedc3f7c
40cdbf44
be5e3fd6
3eba3f96
3fdc401f
3fe13fed
c002406b
40073fc9
bf093fc6
bf493fd2
bfcc3d92
bf1a4043
3f8e40ae
4058405f
40233f9f
3fbf3cd9
405b4079
40113ebd
4008bf8c
40adbf80
3ef2401e
40abbfbf
3eebbe9e
beaa3f6a
bf4f40f5
40cebf43
3f063f16
40214091
bf91bf83
4021410f
40bfbdf7
410b3ea0
3fee4069
3f884001
3fb54108
4013400f
40544024
bee340ad
3f603f4f
bfc8bf9e
40cb3ea2
40943ff6
400840a3
403f4049
40074014
402b40e8
bf0f4016
4055bee3
3e453fe7
3ff23e15
bfb240b3
403c3eb8
3fef3fa9
3f174080
be654006
40364051
4095bf73
408d4033
4012be9d
408cbeca
bfca40fc
3ed84030
40b14009
3fd540b3
be75409e
406c4074
bfe24031
3f97400f
3ff640bb
403d3f8d
3fd1410b
40114015
c0373d75
3f80403d
bf2340a5
3fae40b2
40a33eec
40ff3f97
bf71406b
407040c4
400640e8
3fa3bebe
40d24003
3fb33f6d
bf7040c1
bfa34105
40cd3fda
bfdd3fe2
4000bf86
3faa4019
4088410e
408e403a
40a4bf7e
40364037
401740bb
40844102
3f634009
3fbd4053
3f244009
401c40d2
4051bf00
40d03f83
401cbf5c
3fb74042
3ee2c01c
40984087
406f4005
40f3bf5f
3efa40a6
40713fd5
407d3fa3
bfcbbeed
40933e85
bf4d3f8c
405f4092
bfd24034
40e63fe4
40f44045
40054082
bf6440be
3f413ccb
bffe3d86
400a3f07
3edb40a1
bf5ebdb0
3f7b3f0d
409c3f34
40a64061
bed13f58
40853dd6
40494008
407b3eb5
40f8407c
3f45bfa6
4041bfdb
40054084
3fb23f43
402a407c
bf373fa4
bfc04041
bfd6be77
40ccbf01
40e1bf82
be6d3cd3
408640a7
3f09bf30
40f03f56
4033bf86
3f193f3c
401c40d5
3f774030
40393fc7
bfa5406d
3fc2bf9c
3fb840b6
40be4105
4010bf2d
4089405f
3fcd4085
4029c007
3fa04100
408a3fbe
400f400e
3e91402e
40903eee
3f9b4054
40963f69
40034059
bf56bb2e
bf544017
bfb440b4
bfe84109
bff9be00
40d44007
402b40b8
40443fbe
40a9bfb2
40b93feb
410a3fe5
4031be46
bfa8bf31
400c4031
bde2be45
40844032
402bbfb2
3ff3409f
bf9ec017
40523fe2
3e293feb
4026408c
bebd40a8
40893e34
40aa403e
40f44081
3b903d1e
400fbeba
becd4105
40d3bf25
bf843f21
3f8ebe9b
be054096
bf6bbfd8
40b54035
4092bfb7
3fd2be8a
4048bf97
3f883d7e
406b3fe6
410c4054
3eeabf9b
3f99bef6
3fb2bfb1
3dfe3d2c
40b7408e
3fa7406c
4020bf82
3f10c035
40854000
3fd73fd0
3fdabed3
bf4b4052
3d31be2c
be9f3ed9
40b1bef7
bf4e4081
bf163f80
409d4038
bfabbe93
40503f83
403d4018
bc25c013
4007c032
40a53ebf
40293f45
3c93bf39
3fa640c7
406f3d6c
3f6fbed5
bffd3f10
bf33bfd7
406b3e50
4036410f
c0043eb4
40b3401d
bd7b4016
40844040
bf8240ad
bfe23f9a
410c3fd2
3ec8408a
3fad4068
3fbdbff9
40513f51
c0093de2
3d363fa4
3fe73fd3
404cc03a
bfd23efb
41054047
40054083
3e2440c2
3fbb410b
c0123f56
40e9408b
3f383faa
408c3e26
bfa4406d
40c93e22
41053e38
3fa5409d
40703fb1
bfa0be53
bebc3f85
400b4013
40253e73
3fca40ee
bf7040ae
3fd7be6a
c023bf4a
3fb7408d
40863f96
3f9440aa
40c93f10
40ad4028
40363fd8
403b40e2
4003410e
408e3fd4
3f1c3fc1
bea3402e
40544037
bffb408c
40a33e78
becf4078
3fdb4022
bf263f58
401c40d5
4093bf4e
40fdbf64
bff2bfbb
3ff54034
40414076
bfb74085
4066be3c
40f23fd9
3f794095
4043be99
bfba400c
bdb4bf0d
3fbbbebf
3fa9402a
3ff140c8
bf4540a5
3ffc4032
40fe4028
403bbfc6
408840d5
40074050
bfef3f9e
406d407a
be2d4018
3fa940aa
409ac03f
c00fbf21
3f604082
3fb63f47
4059400d
400abf82
bf45bf80
3fd14031
3f4cbeb6
3f1abf63
3dd0bf7d
bed53ed5
be07bf0e
bf6240b2
400b40c7
4058bfa1
40e03f84
c005bf49
400fbfeb
3ff9bf3a
40b5bf5d
40ec3fd9
bfeb3f52
bf354085
405740ab
4088be64
40a13ec2
41014040
3fe13ee3
408440af
40014079
bfaf4007
bf894087
3fd5beac
408f3ff9
bf603f10
407c3f96
40fc3f85
3ff33ec8
3f5e40ce
bf4dbfed
402d3f4e
3c8e3f99
3f4e4087
400740db
4094bf2e
40b13f30
40c64041
3fde3ffa
403ec00b
3fcac024
3feebf12
408f4057
be923f4f
3f8440c7
3fe5bfc1
bfc83f75
408abfbf
3fc240af
40073ff2
40893f7a
40b9403c
40f24025
40143f9d
401e3ff3
40bebf4e
c00e3de5
407fbfbe
3fab40b0
bf904090
bed040e6
40533fe9
400b403a
40383f86
4049bf7d
bfe43eee
40353f74
c00c4082
3fe040a9
bead4057
beebbf44
c004401a
bf91bd88
3cb93f4d
403140a5
3ed9c02a
40803fad
40953fa6
40264065
402c405d
3f1c4109
3fdb400d
404e3f41
40284096
4073407b
bf1b40be
3ffc4009
405e3d3b
3fae4022
3fb04079
bffbbfa6
c00a3efa
3fd9bf94
bf05be0b
40274063
3fe640d8
be9e40bb
407a4009
40684023
40143ea5
40463f51
40a340d0
40853ff8
40943ff3
3e5d40b3
3f73bfda
3e174061
3fcd3ebc
3f863fba
3fc0bf75
3f883f4c
bda8bf04
40923f3c
3f09bf4e
40034084
3f4dbfd5
40b04106
40e63ee3
3f8c3fed
40304053
4082befb
bf0840d4
bf273e93
40bd401f
3ee3401c
bfadbff1
bfb14066
3f383f76
40f64027
3f923ee5
bec0408c
3f5b4094
40efbf4a
409a3f8b
3f684036
4052404c
3fcf40c1
3ff83fd7
c02a3f95
bec84081
3f84c008
40bf40f1
40813e15
409dbf84
3d66bee3
bf4e4029
3fac40b5
bfac4007
40b93fb4
bf6240a5
3ef0c018
40b540bd
4064402e
40854002
40244039
4050401a
4072bfde
40d2403c
4098402b
bcc940a4
406b40bf
40bb3ff8
3f9f3fa5
40eb3f1b
bde4be7a
402dbfc7
401540d9
4031bd8d
bf8fbf45
3fba402f
40113fac
404940e8
bf23403d
3fe34009
3fc2bf5b
400b4096
3ed7bf27
3ff4bf38
40c7bdde
3fdc40b1
3fd540c3
40bf4057
bd0e4015
410d3ec1
3ecabf6e
bf65bdc7
3ee93f78
3ecc3f6c
401f4082
bf19bebd
bebfbf6c
4089410a
3dbd4037
bfe53ff4
3eea3fe0
bcde40b2
be853fad
bff13ffc
40d9407b
3cb94095
3f3c402e
401e4107
402e3fa2
4027be1e
3fce4089
3e2640ae
bfab40a6
bfd83ebf
bfb03eb4
bf52be35
3fb23e65
409a403a
c010bd02
bee6bfb5
3ea940bd
3ed84020
406140db
40ac3eb4
40debfaa
bf6c3f43
4048407e
40be40c4
40823f78
40553dfb
bf633f88
be8140a1
3c4c4083
405b40cb
40e7beb9
be85bfb0
4033401b
4084404d
40a9c03b
40df4000
4096bfa3
bd7b3f90
bea6bfb7
40443d09
408bbf4e
3fc43fc6
3e4b4088
3edc3edd
401c3fc7
bfd13ebe
c0364038
40053e14
3f5f4085
bf844096
bfbc3ed1
40fb3de3
bd0d408f
40054086
401abf4f
40683faf
410d3f96
bf1fbff8
401140bc
40b4bf4c
3f943d1d
40dc404f
3fd6409f
401bbf7f
4064bff0
bf4e400b
410e3ebf
3f623f9d
bf3040e2
40a64095
40274009
bfa2405e
3f483f2b
400f3fa1
3f00bf1b
40c43f83
400abeff
3e11bf12
bf1fbf13
402140e6
4059bdf0
c009406f
400bbf83
3f844090
4029bf98
40c03f5a
3ff7407b
40373ea1
bee440c7
405c40bb
40d13fe2
4053be6c
be4940b4
bf6bbf2d
3fbfc00f
40964024
40d04060
3f754038
3ff43f4e
bf7b40a3
400b402f
40ca404d
3ecf3ffc
bfb3bfa6
bfb940f5
409b4015
c0004009
bf704064
bf8e405e
bf7740e5
40c4beab
40e4400a
bf2c3ea5
3f1dbf87
bea540d5
40213f18
3fd54081
bebc4063
408abf6f
40a63eec
bfa13ff8
40c03fbc
3fce40ad
bf87c005
409940f7
bd9cbf25
408f4049
402d405a
40814097
40a740f0
40b64017
3f793ffa
3f6d40ab
3f623f2d
40754090
4071401c
41014052
be2b405b
3f084052
3fa4401d
3fab3f3f
3fb2401b
bf033ed7
3fc34067
3ff73f97
400f3f8f
40e93fd1
3f73409c
bf9940d9
40664071
3dec3f64
410f3f11
401a40be
3f9e4093
3fb64062
bf37401c
400a4017
3f9d3f18
3fc83f53
bf8c3fed
3f60bfb4
40463f60
40ab3fa6
3fe63f8c
bfa74082
4068be0f
401d3fee
40e8402d
3f72bfcc
3d0e408f
406140a6
40e63f92
3fa0404e
3f7e40a4
40484004
400d4042
408c3f9a
c0253f3c
403e4057
bf313fe9
bf9d3f38
3da33e97
4025bf43
3e13408d
3f1d3fea
402e40f1
bfee401c
40f1be6a
3f894008
3ffa3fd3
bf6f3f72
408a3fa2
3f613f65
bea43f9d
3f684011
405cc019
4080401c
bff33e78
3fe640a1
3f2340cd
3fbf3ff2
40e5bf57
c013bf72
be2a3f93
bf504075
402fbb4c
3fec3fd8
bfbc3e3b
3ff4bd1d
3fa640c6
40bdbfd9
40b43f64
bed63f88
40053dc9
3edabfc1
3fb2bf96
bf823f3f
40903fb9
3f99bfa7
407a40bc
3fe7bf99
40c23eeb
c0303c8c
bf2d4054
3f433f9d
405540c6
409dbf47
3e8f4041
3f153ec1
40834004
3d954038
40d83fd8
becf404e
beffbfc2
bf6640e9
40763f67
40a13f94
40df3ef5
403e4099
3fab3fb3
4057c005
40e53f2c
40f03f98
3fcb40b5
405fbf4c
3e483f89
400c3efd
4047405f
bed6bff6
40013f3c
40a0408d
40cbbf2a
410c404e
3fbfbf8f
407ec005
3fac4074
40e7beb2
bf8cbd40
401abfaa
3fe340a9
bfe33cbe
40b83fac
bf084064
bdc940a2
3feb403e
3fb04044
4099400e
40924039
bf094027
bf1e4039
409f40df
bf1dbf70
410abfad
3f4b407d
bf8540e5
3f5940d9
3e4a3f86
40af402e
3fdc4074
400e3ead
4042400d
40b93f30
40563f5a
3fa74017
3f11409a
3fdc4079
bf51c027
40dc4036
3da4400e
40263f8d
3fb7403a
408fbf84
40043eb1
bfbc3ecd
bf4e3f19
3f634015
3f3b4092
bfaebdbb
40ff3ffe
3e524054
40874044
40a24089
40104039
40614041
bc294028
408c40cc
40a3401d
40834017
c005bf3a
3e9a3fbe
40374039
4041bf24
c01ebf01
40863dc9
3f48401c
406c3f1e
bf1f3eca
4036403b
40684062
40393fc5
3f4240da
40bebfc7
be32bf6c
40ebbfc0
bd663d94
401d4081
3f0f40f1
3de53f79
40a2400f
4037403b
bed240c8
3fcb402b
40ae3ffa
bfbfbf50
40403fe0
400ebf39
3ee14018
40e73fa3
4013400c
4039bfa9
3f913f8b
40774031
40a33fb7
40914027
400d3e65
401240dc
4045bfc6
bfacbf36
bfc74041
be90bfc3
4079bf2d
40b84108
be7e3ffd
410f3e21
3dc1407a
3ee13fba
407a4106
40534008
3f783fd0
400f4086
bf4f40c3
3f90be81
40653fa0
40ef3f2f
3f7dbe96
bfbd3fab
3fe43da3
40a63fb8
405b3e20
3f67bec6
3fdc4074
409040ad
40e03f89
40704007
3f91bfc5
401b40e9
40954050
3f763bc6
4087407b
bf4c40b2
3e3b40e4
40663fd9
3fabbf6e
40dc407f
3e024038
406ec005
403e40c9
bfcf4030
40ea3eef
3f0a409e
40883fde
40584016
405a401a
3f80beb0
bf5f3dc6
3fa94095
3fbe410b
3dfd3fd8
bf18bbc9
be12bffb
400e4001
3e50bf41
c016401b
40bc4025
bed93fc1
3fc13ff2
be89beef
bf4e4036
3ff03efc
404a407d
bf1840b0
4001bfb1
4067bf9d
40834032
4084bf4a
3f0340a8
40653f96
bf9dbfdd
c0083cbe
40e6becd
bef94078
3eaa40b0
3f96c000
40a43f5c
be06bf4d
4018bf03
4065c013
3efa4006
40e83fdf
40f33fcf
3fc53fb9
be4340ed
400340a1
406abf4f
40d94083
3f364055
4010c000
3fa14043
40224011
40c43dab
3fd4bd13
3efc40a2
beaa40f2
bf993cee
c00a4003
400040bf
401740b8
bf844109
4063bf35
40bd405f
401d40bf
bfab3f8a
401240a2
40803faf
40fe3f3f
3e7040aa
3f7040a2
bf1c408e
3fe33e10
3e694084
3fa53ff0
40073e8d
3f944101
3f343ee9
bf4b4058
bf1fbe51
3d1440c6
bfe6bff2
40a8401f
41043f42
3f93409c
3fa9bea4
3fb440c1
4080402c
3fe3bf1a
bb85bf49
404140de
409b4066
bfcc3ea2
3fa74074
3e4dbfc6
bf53bffa
40ab40a6
4059bf1f
40d4bf4b
bf3cbe94
402dc018
bf484060
40aa3edb
bf1ebdf3
3fae3f8a
402a4080
bfec3e7a
3e864016
40173ff2
3e5d4072
4061be83
400ebead
40be3ffa
4037bf8f
bf7140a2
407bbec8
bf754089
3fed4015
40a4bfa4
3f3540bd
bf9740c8
403a40ab
40b54002
40d33ce7
3e073f21
4039bfd1
3fa940fd
bfd8bee1
40e1bfac
3f1340bd
4018405e
bf8240bd
c0203fed
c0354079
3fd23fda
3e7d4076
be89bfd8
c01e3f4d
407d3f9e
3f6b3fe7
3f6940aa
3fe93f26
408d3f8c
3fe83f3c
bf0f40aa
be5440b1
3f56bfc1
40c7400e
bf05402a
4008bfe2
3ffcc019
3febbfeb
40b93fe0
40e03e42
3f4cbf95
3f4cbf80
4026402f
bf49bfcd
c01d3ea2
bfe64050
3f6dbf8b
404dc01c
4015408f
40b93ee7
410a4086
bf0e4091
3edf3f72
4091c01c
bb9a400e
4104408e
bf093f87
bf423fd8
bf494090
c00e401b
40e8403c
3f933f45
3df33fec
3fc240fa
bf66401e
bea14030
3f3f3e89
3f0140bd
401dbfa0
402f400b
403a4023
4038404d
3e344078
bf90c01a
bffc4022
40efbf21
bf263e77
beed40b2
4003bfd4
c0153ddb
4083408f
3e8840ac
3f06409c
40ab3f8a
40493f10
40234034
be174044
4082bf49
3e9440e5
40813ff0
4097404c
3ffd4065
3f81bec9
40663f8a
c013402f
40c43eb5
bcaf3f8a
407fbf40
3f8340aa
be99befa
40f2bd3c
3f3740af
405cc016
407840de
bf7b4016
be533f93
3fac4096
400b40d2
3fb340ac
3f1abef7
40ac3fc6
40213fb5
3ff63f9c
3e8ec01e
40e53f66
40e1407b
4031bf4d
40283f10
404840a5
3f9c3fac
40c4401a
bf634039
bf0940a3
bfc5bfc1
408abd40
40de4049
bf2e4050
3ebb40ca
3fdbbfaa
40dd3e9c
40f33f73
3e9e409c
3ffebfbc
3f49410a
409abf10
40ac3f4c
3f7bbe9f
406abfd2
bfacbf80
40e04025
40663fb3
3da23fa0
406bc007
bfc2406d
40bb3f47
c02a3e9f
bf454019
3fb34019
408ebf35
40c7bef2
40c0bf7e
3fdc40a7
bfab40cc
40bfbfa6
409e3fb0
bff93fd5
403340ba
3fc7bdf6
bf4540f7
bfca3fed
41043ffc
bf22bf94
4058bef7
4092402f
40acbf58
409c4035
3fda4029
3fae4021
3fca40e9
bf7cbf87
c006beb8
40073f7e
3f353f0c
3f7940d8
bfadc00e
40a63fbc
bfa13f84
3ed3bf21
bc56400e
3f274086
40c14036
c00c4031
403d3f57
40623eaa
40ab3fde
bf4fbf4d
410cbf32
be27bf8f
3e8c4009
3ea140e6
c01abe52
40dc4033
3f0e40a6
3fa8bffd
be7f40f2
bf333ff9
bfa14005
3f853f7b
402abf42
40aa4057
40903b84
bfe3400a
3f214031
bfae3f35
bffc40ff
3efe4016
bf184079
bf08408b
3ee9bffd
3f1d4101
4055bec5
40afbf7d
3fb94016
40414076
40493fab
c006bec9
3efb402c
3f864096
3fb040ba
40a740d1
40ee3ed2
c0214030
bf6e3fd8
3fef4087
4082409c
c0193f80
3ea6404e
3fb8404b
40864083
405b40ff
bb44bf0a
4050402b
3fdc4059
408840f0
3fdc40f7
40a24029
40f34061
3fea4004
4089bfd2
3e8a40d2
401e3fc0
be044005
403dbfb2
beecbf91
3db340fa
3f5e3f8b
41073d77
3f5640be
bebc409a
3fe04054
40ea3fe8
3fee407a
403d3e9a
40093ecf
40c03f26
408c3e31
40f9bf6f
bf144015
405840a1
3f9340de
c011bf71
bfbcbf9d
4029be7f
bfb040a1
bf303f01
3f433fd2
405b4003
bf454072
406abfe2
3e0440b5
3f1b4000
40dc400f
40104082
40173f9e
3eea3e99
3f723f57
40cfbe91
3f6f404c
3f094031
4027bfdf
3f383e8e
c01f3fd1
3f994019
3f8f4093
bc91c022
409f3fe6
40e6bed9
3ed5bfc1
bfa1401b
bf8fbfba
3fdf4038
3f47bf30
3fc440b7
bf77bd86
3fc5bf8a
3f57bfa0
40753eb9
4059bf4b
bf21bf61
bf4dbf5e
bf294096
403e4036
c03c3f29
3e7f40b1
3ff74011
bfec3f21
be23bf6d
3f8c408f
3fd5bf7a
4011bfb6
3e2b40c1
40063f63
41063f8f
40163f0d
bfa0409e
408c402e
40823e63
40b73ecd
3f943f82
400740d0
400a40fd
bf9b401a
c0223f6b
401abff9
bf154033
bf70bffe
3fea3f5f
40f34008
3ff54030
3fb640ca
be613faf
40aa3fb1
40f03fdb
402a3f9b
407440c0
3fd040ba
bf20bf02
be2ebfb6
4033bf66
3ffd409f
40a6bfc0
bf74bec4
3ec04038
3f01bfec
401240dc
3f88bee2
3fef3f1f
40cc401c
bc4cbf08
40284090
3fc940d9
40dfbf2b
4097bf1a
3eac3ffa
3f33bff4
bfbfbf0c
40c63fd3
bf9bbf21
3fa44082
408b40b9
3f9b3ef7
409d4005
40213d84
400040bd
4077bf2b
3eda4061
bf6c3f8d
410e3e85
402fbe35
3e8cbec3
40b03ec5
40d04029
40c73fd4
40163fba
bf823fc2
40b04055
40943fa1
410d3e89
4010bf33
406dbfd4
403240b5
408c3ec4
40ce3f62
3f323fa6
3fbf3fb6
bdce410e
3f7abe7c
3f924080
3fb740b2
40823feb
4081bfde
403a3fcc
40074002
be873ece
408cc002
4063400b
bd9bbf7e
40a34086
3e1d3fb2
bf7240e1
3f9640fe
bf0fbef2
40ee3ffc
4024bfc5
bfb14035
bf5ebf95
bdab3f51
40e5be07
40104004
bf5c40ae
4022bfb7
408ebdcc
40a93f99
40064033
401e40e0
40bb407f
409b4021
40b0be0b
bf073f42
bfb7408d
401e40f4
3f204092
40973f24
40e73ed9
3e7f4003
bf254073
bf974104
3fe24029
3fa23f4d
3f76bfc0
4012400a
40954048
3fff3e9e
409d405f
40343e8f
401040e7
3f6740ba
407dbed0
4070bfb9
40203d46
3fbbbe1d
4024bc39
3fea4014
406fbf3a
4005be01
3ff54061
bf8bbfad
3f013f88
bfb8402a
bf3dbf67
bcffbfc2
bfb83f64
4042bf24
4097bfa8
3ed940ad
3fa440e2
408e4089
401e3fd9
3f55bf24
3f9c4089
be533d64
3f3cbe96
beab3fcc
40783fec
400dbf1e
3f8c4090
404a3f71
3fcf402e
40d1407d
3fa74067
3f8f3fee
3e5cbe54
40424001
41074013
3f854066
405cc001
3ec540b5
bfd6400b
3e533fc4
403f3e82
3fa5bfaf
bf0c401b
3f92bf73
40673fc6
3fe44005
3fb53f2e
bdfd4073
3f123f2d
4071408f
bf76404e
bed73fd8
3fb0400e
4070bf40
40e73f0e
3f723fcb
3ff34039
3d9140b9
402d3e37
409f3fff
40004097
3ed6bfd6
3feb40e1
3f7ebe87
bf2cbf91
3fdc40aa
be314096
409cbfb8
bf8cbe9d
40bc3f56
3c39409e
bf40bff0
402a4100
402c3dd9
c00a3f56
3faa40a2
3f8c40c4
40184082
40b4bea4
3e263ee0
bf7a40a3
bea04097
3ef640cf
bfc84004
408abf8e
bf794091
3fdac019
40afbfc3
bfd7400c
4094405a
3fecbf93
bee34043
3ebbbf7e
bf6a403e
40b34076
3ff53f0d
bf2fbf2b
40713ee2
40db3f8b
bf7abf22
be5ebf5f
403b40b0
3f8640c9
40b83f59
3d353f5d
4025409e
3f5fbfd3
40993fc4
40053ffb
4061bef7
410bbe8f
3f9c40ac
3fb43e8e
405c4102
bc203fe8
4101bead
bf213e86
4005bf92
3e95c027
bed83fa6
404b3dca
3f24402e
3eb3c00d
bd3040b3
401d3e8c
40f53f8a
3f8540a4
408840ab
bfaf3dbf
4084402b
c03e407b
40284037
406d40bb
3fff40a4
bf76403a
bf2f4024
40034046
402abe90
406c40c2
40754013
40884037
bd8d409b
3fa3bf59
409cbe8f
3dce3ed0
4087401c
bedd4099
405fbf5f
3f81410b
4062bf4f
40d23fee
bf3f40bb
3f33bf39
407140f4
3fa73f4d
401fbe8a
3dd2401b
40733fb1
409cbfb3
40e23ea5
bfdb402d
3df43fa3
4084402c
40ba4030
40943ecb
bd6b4038
3f8c3fb4
bfb44069
3fa63fbb
bfa93fe4
c0383f15
3f5f4096
3fcc4054
402f3ec7
406e3f14
3fff3e84
4011bd86
403a4003
4008c012
c00f3f1c
40f34082
bf673f5f
3fc44094
405dbee6
40e23fc4
40fa405b
bf134043
408ebf90
be78405d
c01e4011
3fccbf95
bec54099
407c40b2
3c204001
40ba4039
c01cbf7b
3edb40a6
3f36bfc9
406cbe6b
40e14022
4088bfb4
403a4016
bf8a40ca
bf883fc5
40863ff6
40aa402e
beaabfb0
40273fb7
bd92409d
3ee13fd4
40b54012
3fec40be
bd22401a
beaf4108
40943f8e
40f34071
3edebfc3
4052404a
3ff1bfb4
3f973d44
bee3bfbf
3f54bef7
3ff3400d
402940c9
c0063faa
40f13f65
3ff8bf80
bf66409a
4020bf42
bfb14007
4088bf88
bf674037
be93bfd3
bd974107
bf023fde
4040bf00
bf66bfd9
400740ce
3f33c00e
409640cc
40bcbf65
40d2bf7e
3e023fb6
3fdc3ecb
403a40c0
bf313ef5
40f4bf78
bf24bfd4
4086408c
bf9bbf8c
4051be7f
40ed405d
be854043
be8f40cd
408a40f6
40834024
bfe53fd4
3fc43fc2
407b4086
4090c035
c01b3ec9
40ba3ea8
3ebf40be
bf8440a8
bf96bfc8
bfaa4006
40d54033
3fec4093
3e2b4012
406ebeb6
40d3bec3
4088bfbd
4004bfd0
3dd03d43
40094008
40464015
bfe93f97
400540aa
3fa33ed8
402a40d7
409b3f2a
bfb83fa5
40054038
3ef33dd2
bfa33fcc
3f073fd4
c0084088
bf4940a6
bf993ebb
3f9a40a4
3fa14002
4108401e
3f4ebf09
3f954087
409a4001
4060bd90
bffc3fcf
bf7d4087
3f4d4089
3fd9c001
40b84005
4058bf04
be424081
bf1a405a
bdf740b5
40593e2b
40c84009
3ffe405f
4029bf9c
3fc2c01a
4087bf2c
409b4081
bd80400d
bf2b407e
408640ac
40c04024
4103400d
402e4023
bf4a40ec
3f063fcd
40c7403c
3f31bf91
3e8a406e
3f37bdd5
bf263f2f
3fc54031
402a3fb4
3e94bf81
3ee54019
40453f5b
40b04015
3fa24012
40343f8e
3fd74088
408e409c
bd274024
4061bf45
3e67408b
400340c7
bf3c40d2
3ebebf5f
400c4010
be803eb3
bfbf4096
404a40b0
3ea23f80
40bfbfab
40174038
bedf40df
40174103
40e94031
bfaa3f94
3d7d401b
3fc33e23
40a83efd
bffb4028
c036406f
3ff84071
3fcb40b5
bf1840df
40853ee4
400d3fa2
be0abf2b
bf7ac01a
3f9740de
403b3e13
409b3ecc
3ff53eb1
3dc84015
3f39bdd1
4094bfb3
409ebf68
40724076
bf0840c0
3ee73f0c
beae40a3
bfa1be7d
40b34015
3f4abf97
befa4097
408640f2
40cdbe88
3fd2401c
bf224004
403ebf33
beae406c
3fd2bf7f
4106bd29
3fa3bf3d
400540a8
bfb7bd81
bfd74011
4009bf61
3f79404f
40823f8e
3fd7bfde
bee3bf77
405d408d
bf24bf15
bfb44038
40bd4105
40b33fea
bef4bf5d
bf68bfa8
40203fc8
bf01400e
bf843f01
40c44030
3d0240ad
3fb3402a
40364034
3f8f4002
4082405b
40384007
3fd8bfc9
bfbcbf0b
3f923d40
bfa2bf4a
be104052
bf904050
3ea73fdf
bfd53f6f
40484089
4018401c
401c3e61
409b408a
3f95bf1f
40aa3fae
3d85bf24
3fc84099
40404019
405dbe0e
c0243f84
3f8f4094
3e043eb6
40213fa7
4069403b
3f96400b
3f26401e
4085bf60
40bc40ab
3f853fbf
40b54058
3fa140ad
402640d4
40693f4d
406c3e99
40ea4085
3ed9402c
bf2e4083
3fecc001
404b3f84
3fd9bfb8
3f463e37
bd043fae
bf6a403e
bf9c3f38
40344069
bf17bf92
4048bfe5
3f1ec02b
3e8fbde6
40a1bf0b
be0e3fdd
408dbf25
404b40d1
bff33f71
3fc44067
40303f16
bf494069
40264009
40814029
40a8406b
4000bf24
4088becc
40b840ba
40683f0e
402f3f3a
3eec4019
3e324037
40b0408f
c0183fad
410ebfb1
40363fa3
3fa9bfd1
400840db
40cc4015
40c53e8d
402440af
405a409b
40a9403a
c00ebe25
40ebbe1f
3fa9409b
40073f23
be68409d
40a8406b
bebd403a
bfab3f1a
bf79bff6
3f1f40b3
40744034
40dc3f42
c01e408c
3f8b4029
bfaa3f39
3fc3410b
40b44011
40a64059
401c4037
bf5a409e
408d3f8f
4084bf5b
40f9bf31
3f723fa1
3f32bfac
409640d9
40373f96
3f8b3fe4
401040ad
bfad40c8
40a740c6
408a402e
bfcabf11
be8d3ffb
400f3fba
40b840ec
40b63fb9
bffb3fb8
3fd240a9
3f8240be
4058be8e
40184028
40664086
bf77406f
4025beea
407e40f7
40ec402d
410dbfbe
4016be80
402c3da4
bf9440a5
3e9f3ffb
bfc24075
bdab4055
3ea43efe
408a3f3d
bf894029
40254054
3fdd40b4
407e404d
3f5040c8
3f90bf7f
3f58bf1b
3ef83f49
3eed40de
404c40dd
c00d3e2a
3fe8be01
3eee3fcd
3f32409a
40304036
40513f48
c00f405a
3e9c3fd3
3ea840ed
4065be4e
3fcf4038
41104039
bd804028
40693f13
40394004
3fab3e8b
bf8bbce5
bf473f89
bf4abf0c
405e3f2f
401d4028
3f733fde
40363bef
3f324057
40b740ff
402dbf0d
bf773fdb
bee7405d
406cbfda
bec640ec
3fe44035
406b4066
3f9c3fde
bf6940a9
406fbf77
40bc3ff7
3f8f402b
bf62404b
3fcd40e1
3fa34095
4087bf6c
40b6408a
403e404c
3fbcbf49
3f3940f5
c01dbf4a
c00e4057
3df43ebb
406740e4
bf4d3f2b
40eb3fff
bf6dbdba
3fcfbf2d
3fa34008
3fc540da
409e3f42
405a3eb9
3ff4407d
bea24001
3f8e4108
402d3e91
c021bf99
bf003e68
bf45bf18
3f92c029
bf2c40d2
40d5bef8
40b24019
40373ee8
3ef640d9
3fcb4083
40863e85
c0184053
bf614012
bf4840ea
3fe0bfea
40ce3e0b
40d54011
3c163f04
408dc01e
40243e0a
3fae3fb7
3f1cbfad
3fcc408e
3f9240ca
3fae4100
bfa74033
408c3fde
400d40b6
3f8340c1
bfb140ff
bf3cbf72
408c3f5f
3f78409a
be9b3d84
407f40d2
40dfbf06
3f63bf64
3e804092
4015c01a
3ef240ab
40793f4a
410ebf99
403a3ed1
40354089
3fd1408e
bfa64017
3f91408f
40223d57
3fb140b3
40be3ed0
4096401c
4109bf8a
40123f96
3f143f90
408d4092
4086bebe
bfcf3fab
401d3f91
bfb3bfc7
40c03f24
40723f67
409f4044
401940ab
4080402e
3fd53ec0
be8ebef0
40d73ffa
403a4091
3f0ebfc9
40ab4104
4023403b
3ffe3ff1
3e883fb3
3fa5408a
406d4008
bfc24020
c0333e8f
40344049
4086be6a
bf3dbf93
3f8e4008
4061bf3f
3e1740b8
3fed40db
3e3f4088
402a4001
404b4089
40183fba
bfaf405c
402a40a6
40de3e9d
40183f8e
bee8409a
400140ad
3fa34091
40c73f8e
3e87bfa7
3f6c4093
4088be33
40bb40ca
40043f9d
40d6bf3f
3fe640a7
3f63bfb8
40ad4062
4049bf54
40024075
bf01bfda
405c3fd8
3f724068
40e7beeb
40f7becd
400c4028
3fa8bf97
bf893ff4
40c03f46
40943fcd
4012404d
3fbb40ce
40ae402f
402e3faa
bddcbf13
40133ffe
bf4a40b0
409140b5
bfd13f39
c03d4043
401d4057
3faa40ad
404e4026
3fc4be1f
3e083fb7
40c54038
4025bed6
406c40c3
bf5b405a
401f3fd8
4097bfa3
4032bfee
3fb84040
404c4093
3fcbbf52
4095beaf
bf0a4037
3ff34003
40bf3e0a
3e453f6e
3fab4057
be574077
3f793fd6
3f8bc005
c0174008
3dbe4045
40343fc9
bf1fc011
bd64c036
3fcc3f2f
40fe3ff7
3d383fd1
3fde3ea4
bf8140db
408b3fd9
3ed53eca
bf113ffb
3f584079
bfd34093
40804010
3f924015
403b3fae
bf7d3fdf
404f3f9d
40bc4039
3f9f4061
bc64bf3d
bfa1400f
3faf40c3
be8b3fc9
c02a3f3b
40033f10
3e8240a9
407a4024
3f313f3a
c028407d
3d54402c
408440c9
3cfbbf94
40454025
40913f6b
bed3bf8f
bded3ff0
40524081
3b443ef8
3eefbfb4
3f3c4046
405b40b3
bef33e70
40b3befd
bf984034
3f80bf5d
407240ae
bfae40a7
c01f3f52
40d34029
bd24bef4
405e40ef
bea1409b
3f0d3ff3
c0194049
3eee3f4d
bfa940ee
bfb640e9
40b13e6e
be9e3f85
3e95bff6
bf804090
4086410b
3efc3ec0
be9b3f6f
bf293ff9
401f3fa1
4051402a
40933fda
3dd04060
3ff64060
40423f2e
bf014051
c0013fdf
3eb7bc97
bf274067
4014bfff
4016bfab
bf96beac
401e3f9e
3fe340ac
403ebf84
40b640fa
407d3e16
3fb6bf10
bea04048
40124074
40164081
3e273f4c
bdb2408c
befabf44
3f3340e1
402040e7
40ae3ea8
3ae4bfb8
bf17be14
be5f40d7
403dc01e
40b24030
3f253fd7
3f00be5d
4017400d
3ffb4044
bce2bf41
bff4bfb0
4001405b
40863fe2
bdfd4091
40a5bf7a
befa3ea3
bfbabf2b
3ede40b0
bfb4bfd2
bf9040b7
bf283fe4
40473f94
3f804020
402c40a2
40413f52
3e6a4014
40ee3fa5
bf7f3f2e
3fd140b8
3f1740a5
404e3f55
3f653fba
402e3eff
40383c3e
40b140d7
be564024
3f193ff8
400b3f14
bcc1400e
bf1440c4
bfe7bbef
40393fd9
3f36408a
be8e4020
bfee40e5
40773ee0
40debe24
beb33e22
bf4c3ecf
406a4005
bf313ffd
c033408b
3f763e4b
3fec3f97
be8f3fa9
3f203ee9
40f73ff1
bf1840b0
3faebf4b
400bbfe1
40343e94
3f6cbef5
402c4006
407840b3
406cbfa0
bfa13f06
40e53fde
3f864015
407e408e
bfd9bfd3
407d3f27
c00f3ff2
403d401a
3e81bf8c
409d410b
400c3eb3
40b3401f
401a4094
403d3db1
40ad4095
bfba3ee3
bf243fe8
3fd3bf92
3ee5bf9b
401540ef
40544004
40753cb2
403f40a8
40353fa7
bf56bfd2
408dbf11
40aebfb3
3f4c3f48
be974094
bfbe4083
bf4abf2c
c00e3f73
401240b0
3fcd3ea5
406e40fe
3ec34031
c021bf5b
40033e7f
3fb5bfab
4040bfb4
40b44011
403f3da8
403bbfd1
3f043f21
4063401c
4099400d
40fd3e16
3ebd4083
3fa23fc4
3f6b3fec
40a84009
4086bf64
402940b1
be80bf85
40ab4082
40cebed4
3fa9403b
3fec40b7
3f264072
4053be4a
c01e4017
40fcbf29
3fab40b9
400e40c3
4025bfa2
3f43bf74
40224080
bf1d3ea7
3f81403e
3faf3eb4
402cbec3
40b5403d
3f9bbf59
bf14bf58
407ac03e
40a74014
bf0ebf61
40133ff3
3ff9bebb
3fb640c4
408cc035
3f06bdab
3eea3ea2
40154017
406e408c
3f2e3e96
bf334023
3f10bf27
3fd0bef0
3eff40ca
403640ff
40d53fd3
40dd405f
403f4089
4000bfad
3f0fbffe
3e1b3ff1
bf9b3db7
3f67bf9b
3e9140e1
40a44107
3c173ea9
40b04023
bef83d59
3fb13f66
3fd14031
407a3fec
bfdfbf0e
40313e40
407dbe61
be3d40d5
408b400e
41084018
bf004082
40524089
40293fbc
40d4beef
407e3f7f
4010bf94
405a4091
4033402e
4026403e
41023f9c
3f3d4090
40833f8d
3f134085
c004bf61
40973e1b
3ecc3fbd
40343fb7
bfc3c033
bf0c3fec
3bd9405d
40064080
40873fa1
402640fc
40cf3ffa
40a44085
4013be9a
3ecbbee9
4032407a
bfd8be88
40d9407c
4011bfd5
be9440e7
401440b0
40ed3f95
40394074
401a40ac
404e4070
408c40ab
40e43fa6
40f0405b
4036beee
3fa140a6
401dc017
4009bf57
40963fb3
be854001
3fc43e7d
3f81c020
40aa3fbd
40903f8b
4025bf8e
403940d7
408d3ef8
c0133f4d
bf374022
3eecbfa8
3fd7bfdb
bf41408c
40e33fea
40fa404a
3f924018
40654013
bf173f83
40c33fbe
40363eca
3ebc404b
407bbfc9
bf9f4026
3f1bbf6e
4066bed5
4004407f
3ff340f0
3d8b3e97
bea5beac
bf86bfb4
3f313fef
3fa83f4b
bf1d40af
c01f3f8b
40e13e84
400e402e
405f3ef6
40904013
bfcb3fcf
bfdc3f7f
4014bf48
3f9abf1b
40964109
405abf61
408a4010
401e408c
3e89bde1
3fde409a
40b940eb
40bdbf32
403f3fbc
3fc0be51
408d3ef5
bfcc409f
c0193f14
c027405b
bf4ebf55
3f8bbfd6
bfcabfe0
40a74013
4104407b
3f8040a9
405c400e
40953ef4
408a3fb2
40c0bfbe
bf163f27
40583bb2
40084109
408bbee9
401b4031
3ed3bfd0
401dbfca
3fe44106
3f14bd2b
408e3ffd
3f0340ad
3fe24092
4020bec2
40a9403a
408b3fa2
3ffe4057
3f44404b
3ec13f85
bfee3fcd
bfb63ff6
40114041
3faabf04
4010402d
40e6400f
40cabf29
3f534012
4029406e
bfab40b3
40d23f85
c0014061
3d953f04
4058406b
40474107
3e81bf3e
40d83f8f
3fd040b8
3fe44038
403740e4
bfe53e37
3e8b4016
40044096
bf9940bb
403e405d
40e3bf53
4085bfb8
3e433f95
401b40b7
bfc3c029
408a3fa6
bf9b4076
3fa2409d
bfc040cb
4050bf27
40e13fcc
3ee63e2d
3dddbf71
3fe83e58
3ff440a5
3ffe3f89
c01f3f09
3f2c4083
bf8840e0
40344085
3eed3fbf
40ee3f01
3fbb40b7
40013fab
bff3409c
bf283fd1
40933faf
40074027
bf15bff0
3fecc038
3f013fb6
40944014
3fe04042
3eb14064
3ecbbf6a
3e90bef6
40a0406a
3dddbfbc
bfac4015
408fbfe4
40d13f92
3fe9bf66
3e304092
3f823f8f
bff14105
40a7401c
bf3cbf1f
3f9c3fd4
bfa44004
40bd408a
bf463f8c
40d83fef
4014bfac
4057bc56
404840fa
40d03fe3
40b0bf0e
bf153e2e
402c409e
4009bf34
3fa3bf06
3ec24083
3f85bf3c
40053f40
4091be9b
3f464041
3fe44022
bf953f99
3e304028
402c4086
402a40a4
be68401b
beda3fe3
3fe5409d
be524051
bf93408c
3e373f0b
40aa4059
3ff840a9
3fd6bf9d
bd8cbfe6
40364007
40e63d97
3fdbbf55
bfb5bfbb
bee940d7
3f86bedf
4106bee4
4014bf41
408ebf0a
4094bf2a
40bf402b
bf9a3e72
400c3fa9
406e40a1
40683f93
bfc54026
4091bfa2
3f7740b3
3fd4bea5
3fbebfdd
40bc402c
4084405e
400f3faf
3f9640b2
3e4b3f9b
40b24030
40d64064
402d4075
3eda3d32
3f3140f7
3f9cbf43
c0383fe3
40194098
3f2b40d3
bf1c402b
3feebeac
40ad4083
403abfe4
403540d6
40b4be12
405e403e
4017be6d
3d003e96
402d400f
bfeb3f6d
40ee3fa9
40f94071
3f593fa6
3f6abf8f
40aebdd7
3fcc3fff
409fbbfd
3f5cbf8e
404cbe81
40853f17
40493f04
3ef1be88
40184019
bf703fa4
3d0cbf00
3eac3fa4
3ee34004
3e69bf99
3d4c4055
bf1340c0
4082bec9
40534075
3e5940b4
be1ec017
bf31bfa2
be514016
40b7bf4e
bde4402c
3eb2bf9b
402440a1
40203e8c
40443e25
3fa64024
40484099
4089bfee
3fd0beb5
40d04050
4029be9e
be5a4016
be0e408c
bf3e3fa0
4032bfa2
be8fbf10
405b3ebd
409d4103
40803f29
40b34089
3e2d4099
403e40e9
4006c010
3e62be6c
3dee4087
beb2406b
3f0b40c0
3fc94074
be13402e
3e57bf83
400a3fcd
3e6440b9
bfa240f1
40bb403d
bff63efb
3e894093
bf8540d1
bf8240a5
40a8401a
41063e03
40d5400e
3edc408e
408d403b
3fb6409a
bff3be23
c02a4034
3ea3bf11
403d40aa
40693e94
40afbe0d
bff73f2a
3fa54015
bf7e3f99
40443fe3
40004030
40a84008
3eaf3f8b
be8a3f55
404e3efb
40ea4024
40f53fed
bf4d3fa4
40513f42
bfab40ea
bf8f4036
bcdd3fb6
402f3f3b
3fc8bfdc
bf1d404b
401a4033
40af3f59
3f1c407b
40373ff2
bfe83fa6
c00e4014
41014047
3fb13f68
be8a404a
3f81be47
bf073fca
c013bfae
bf7c403f
bf9d40c8
4081408c
bfd0402e
3fb33e01
3f83bffb
403c4024
bef0c00e
3ff44023
408a3f34
3fa03ffa
bf874085
3fff40b4
40134019
40794046
403d403a
4089bfac
40b64065
40e9403a
bfb7402c
3e90bfe8
bf8d40d5
404fbfd5
40173f89
bfa9bf55
3f0dbea7
402b403f
be654013
40dbbd33
4105408a
4007bfd0
3f724006
4070bfcf
bff83fab
40014048
40304096
bf4c4087
40a340f2
406abe0c
41103e3a
3f9a40b2
bf1abf06
3e8740b5
3f9fbf52
3fc9407f
3fa24072
404dbfbf
402b3f5d
405cbf16
c02fbc46
3ff14079
3f7140d2
3fc340d9
3faabf1b
c035bde3
beb23fa4
3f4540d0
bf0440e3
40663f92
c0344069
4004409c
404f3f9c
40164029
400b3f0a
bf77bfbe
3fb63f62
4021bfd2
40bb401b
bfe13e10
bf023f8b
4028bfba
407940c1
40964067
c00f3f87
c03abea3
3fc8beff
3f2840b9
4034bf08
40ef4029
40713f96
3f3e3f8f
4019bfc9
4010bf3d
bf354009
c00d3fbd
3fb440b7
408140a6
407dbf3a
40b8c001
408d3f1e
4008bebe
3ee5408b
be2c4051
40b7bfec
40063fc7
40623f4a
40093d95
40634097
4008bfd0
c0193f0d
4091402b
bf564072
bf5c40b4
bf853fa2
4028400a
408f3ff0
3cf93fb5
408540cb
406b4062
408f3feb
40b53f59
bef63f1f
bfa7bfb0
400f406b
3e7c3fd9
402a403a
402e3f6b
3f61ba77
bf4540fd
40a6402a
bf9a4062
3fe83fa0
3f18402c
bf374082
be1a3ec4
3f1c3fce
3e0c40b2
404e3cc5
bf9c3ef1
40ed4025
bd7c3f20
3f924013
3ef13dd9
3f2ebf72
40974008
40c74012
3f0e3f29
4082bfe5
409c403d
3f003faa
3f4a4078
bf5cbfb3
bf67404b
bf5fbf9c
400ebf5c
409b3eed
40114085
4081404f
3d52410e
40253e36
3d173e2f
402dbe94
3fb3409c
40bd4035
408cbed3
40c43fbd
3fe7bea6
40354094
40594083
40aebf09
40cc3f4a
3fcf4040
bfb740cd
40ae3fee
3ffbbe0b
40464007
3ed9be5b
be7fbf40
40b7bfea
400d4013
40553fe7
3f4c40ad
bf863e98
beb440d2
40b53f8f
40c83edc
40054089
3f6abf55
3d284092
bf6abf50
40af406e
3e75bfd4
3fa1bf65
403dbfac
40793ff1
bf7b3f9f
40143f32
bf5740cc
bed040c6
405fbf23
407e3ff4
40094089
401cbead
bf3940ed
40b5bf16
4031403d
40214092
bf1040ab
be2f3f6f
bed43f84
3e393e5b
401a3f04
beb53fc3
3fa64002
3f65bf0d
bfa1bee4
be92bec7
40013f94
3fc7405c
409bbf76
c0354082
4019bf28
3ff3bf32
4090bedd
bfbb3fb4
40b73f85
404b4023
3fa4bf15
3eafbffc
400f407d
40953f3f
be19bf85
402c4055
404840a5
bc8c403a
c0064002
bf8c3f6a
3fb1404a
bfc040cd
3f843e73
3f9d3f15
40ff406d
bf463fab
402d408b
403f40c6
40743eaf
c0064085
3fc84095
4011c00b
3fe34103
40e73feb
3e433fd3
3f3c40bb
bf2f40e5
40934081
40c13fb4
40efbd84
3f8c4064
bf34bf22
4027c02e
bfe4401a
bfd83fc3
bf77403d
bf87bc8d
40963f74
c0153fac
bfa63fad
3e81408d
40743f49
be7e410f
bfb34035
400bbf30
403940a3
407c40bb
40784100
40813f3b
be5b402a
40244067
3f8840ab
3f25bf80
40ec3f96
bfa23f8b
400f40b5
3fce3f8e
bfda40b9
4099bde8
40344027
3ecd3ffa
404cbfdb
bfdbbf65
3fa53f93
c010bd72
3fae3ea7
3e8f40c6
3e983ed4
40dc4034
405bbdbc
3d803f90
3edc4009
4089bf12
bfa13f16
4094405c
be2a408e
40003f53
3fabbf28
40a03fb3
3f364011
40384097
4055408d
400abff9
40ea3f75
3f9bbf67
4026405d
401f40b7
3ed04096
bfbebe1d
41074049
bdb74061
3f4c4082
bdbcbffb
bdf43e4f
c01d408d
402c3fb7
bf4ec014
4043bffa
40d5bf57
bffb4078
bee04089
3e97bf9e
bf69c023
3f993f84
40f83ff0
bf31be72
408d40a1
bfd24106
3f9d3f8a
3fac4081
bc96beb3
3ee8bdb9
3e9840eb
40c7400b
c03b4021
3dcd4074
3fa43fe3
40be4095
4064bf39
4102bf7c
3e47401f
406e3f3d
403b40fa
40b4bbfa
409d3ee6
3fd74056
beff3c16
402c409a
3faa401f
c001400e
3fe4408f
bd48bed2
3fb54094
bf6a3f51
3eb9be9d
403d3f9c
3f1540a7
405e40bb
400f4087
409f3f7d
40ccbf08
3fc84008
bfa240d7
beea40e9
3eaf3fd1
40a7be84
3ffb40be
bf7f40be
40b640fe
401a403a
bf114054
3fec3f39
408f40b2
40ad40de
3e434001
4039bf2a
3de640ae
bf8540d2
40834019
bfcc403e
40b4bf99
bc9840b7
4016bf98
3f3c4104
40b13f11
40fb4076
3f904087
bf75bfb9
bd27404a
40d8402d
3f98bea5
3fe0be17
408d409c
40883f62
bded3f6b
40033f97
3fc54090
3fa03e69
bf9a4109
405c4023
bff93fb8
3ee73fb6
be424038
406f3f8e
bf88bf09
c03c3f08
3e6abe69
405bc01d
403040da
40d7bf1c
402a3f45
becb4095
be4f401a
bf6a3f96
40ca3ff8
4048be24
3d1e4044
3f6bc004
40003fab
40823fe6
40eb3fee
3fb14090
bf644018
3fefc00c
40aa3ffe
4035bf34
bf1c4088
beec406b
40a940f2
40303eb6
40e7bcc5
3fa0bf98
3fd54095
40a6401d
3fe63f3d
bf7ebe94
be7f3f24
3fd140de
40a340fd
40d8401d
bf79407c
3fc84094
bf354093
bf91409f
40d03fe8
3e14404a
3f293fdd
3fcdbe29
402740cb
40a4402c
40ba4004
3f82beeb
bea04014
bf1dbf8f
40a43f9d
3ff44058
3f8840a9
3f763ffd
3edd400a
40723f1c
be193f62
be133ea2
40054044
40a54085
3f2c3f11
40aa4012
402340a9
bfbc4090
40a240d2
bf40bbd4
3f1d406a
3fa83fae
3f36c00a
be3540a5
401340e1
40973fe0
40b73e7c
40314093
40634083
3d16c037
3e353fd0
c0264006
3f934087
3fe34089
3e474106
bf153f8a
3ec5401b
3ef840af
3d7140ce
409940dd
3e703f36
c0153d99
3d19bffa
3fac4004
3f8d3fce
408b402f
4064be93
3f904097
402b40ef
40304109
3e4cbee5
3ff13f63
3fa9bfd6
be853fe1
bf143fb5
40963fbf
410a4026
3ec1403a
3fb940ec
bf43409b
409c3fe3
3fd63ea0
3d603fdd
bf773faa
409bc011
3f98bf3c
bfb33f87
402c4048
409040d0
40a3bf1e
40aa3fac
40664047
4014400b
40433f25
40a640cc
bfd6bcd5
402c4046
3fb2401d
40564080
bf9240f7
bf7e3e48
be083f3a
bec3bf67
402040c6
3d2b408d
40b33ffe
3fba4071
3e92bf93
406d4093
40a93fca
404cbc8c
40d3400f
401c407b
400cbeba
403740cc
3f9ebeb7
3cdc4009
bf3840b1
3f87407f
40a3bf8f
40d14002
41073fe5
3fe7bfe2
3f7340d8
40784037
405cbe51
410c401f
3fbe3f56
3fee40d7
40b640f5
bf023f0d
41023f10
bf743ff3
bdc740ea
40254104
4020bf73
bfa93d35
3f9dbfdb
3f6340c0
be353e62
406d3fb6
406f4020
3d814054
401240ae
3ea63f64
c0124028
41054083
be78404d
be2d4035
3fe2400f
40e5403a
bf8bbd68
402940bc
be8ebff6
bf3f4041
4047bf0c
3f15bf9c
40283eb7
4008bf7f
bfd04103
3fb44031
c025bf3f
4025bdda
4049400e
bfbd4104
3f933f0d
bedebf7b
bf6e3f49
40843e2d
400cc03a
bff6400f
405f4079
3f93bfb4
3fd540a8
4001400f
3fe54094
40503fb2
bfc04009
402840be
40653fb0
40894090
40804005
40643e81
3fcfbf52
3ec840e3
bfec40a6
402e3f82
4069400a
be5fbfaf
405040b4
40893fb9
407fbf42
40ad3f8a
3ebb401c
bf9b3f14
4037410c
40364012
3fdb4024
bf4a4092
4013bfe0
40844100
3fd53ee8
401b4089
3f82409b
bdef3f01
40113ff0
3f974028
bfbe3fc1
3f293ed4
bf0540d1
bef5bffa
40cabeca
404d406d
3f1ebff9
40634084
40bec037
408f402c
408f4042
3fed3e84
4049bff2
bda13f09
3f3c3f96
40534026
3f84beb5
bf194091
bf87c01b
4093bf6e
bfdb407e
3ff73e95
3d82c01f
3f27c02a
c0034015
3fb83f76
bf2e40bc
405a3dce
3f184070
bfbabf19
409d400d
3f223f44
3f8ebf44
3f0b40c1
406fbf70
40404018
3e85bfea
4024bff9
408a40ca
40853f84
40844078
3ee0bfad
403140e9
40384002
bfe1bde0
4089be65
bf0f4097
b9b33dd7
bffb3fac
40ad3ed1
bf463ffe
40244031
403d406b
3fd340cb
3dd8bebf
c03cbf2a
3f924007
bf56bfaf
3e7e4104
c005bd06
40e3400d
3d48bfc0
40114059
bf9ebee5
3ffcbf7b
40f03f95
3fab404b
bee94053
407a40ec
3f773f33
3fde4083
3ed93f77
3f3e408b
3fa03f92
bf8e3d03
c003bf96
40174094
3fa640de
bf4940c3
3fa04027
40ed3fde
bf4140bf
3f36400d
400040cc
3f01bd0e
40b0405c
40334059
4057be51
40b14031
40d73f85
40ddbe1e
3fa340a8
4085bf86
be34407e
3f2d3fee
40f03f7f
404c4050
3f53bfb0
4089bfb9
3f4340cc
bfe3bf78
4106403b
3f2d3fff
405b40c8
40be3f36
40b33fec
4069bfa0
400f40b3
3db94079
409840ca
40a33ed9
40d3bf6b
bf0b40a8
bf2f3de1
404e40fd
40993fc1
40bbbe21
3e82401b
401c40e1
bedcbe32
40c44012
c0034038
3fb54045
bc3ebe6c
40723ff0
c01f3feb
3ffbbd90
3f223c2c
40433fec
3da44101
bffa3e18
c0243fcd
befabfb9
3f3f3f6a
405f3fa5
3fe94012
bff13fda
3ff04011
4087c01e
bf6a3f87
4039bef8
3fd5bef2
3fc33f85
4065bfab
404a40e3
4052402b
c00e3f9b
400c40af
bf944096
4062bf3b
c0164020
bed9bea2
401ebfec
3f193f33
3feb40c6
3d06bc94
bfd8bf1a
3f413fde
401d3ff2
3f0f40e7
be22bdb7
3fcd3f71
3f7f3fcd
3fb740d4
bf194107
401f3fc5
3f233eba
3ffd403f
403f3fe2
bf8540b2
3e8b3f9f
40e43fa9
3f9340b9
3f3640d2
bf40bfdf
404ebe9a
40713fd9
402c405b
bed9408f
3ede4084
40bdbf04
bffa404a
4009bfeb
bf9c4010
4049c036
bf4fbf5d
409ebe22
4012404b
3f46bee3
3f2abe46
4018bf3e
4105bf39
40374058
400cbff5
3f924101
beb83fb9
4054402c
bf764074
bf52beec
bfaa4014
3ff93fe0
3f82408e
3e4c3fc4
3e8abfd4
40b13fc2
406d3f10
40e43ef2
3fbc3da9
3f404018
3f9ec03e
407d3f09
c008407a
3f7abfe5
408340c0
405bbf94
bf633e4f
40b8407f
3f8f40b0
3f6ebfc0
405940ac
40ec3f82
3f8f3fcc
bf48bdb7
3fb03e5d
bfa7bf8b
3df840f9
3fea403c
3e27bf7f
40094024
bf1e4035
4065bef3
4089bf36
4078be54
bf713ec2
bee43fb1
4008409d
bec33f9d
40f1bfaf
bedc40b2
3fe53e42
3ebe4103
408d3fde
3f903f2f
401940a7
bf4f40cc
40954106
3f65403f
40c1403e
bf2bbf80
bfa63f4f
408640d4
be1ebf43
405a3fda
3e834003
408b40cf
4005bfe9
bf753f45
bfa7bfb8
3fe9bfd9
3f7640b1
40a43dbc
40dbbf30
be83bf70
3fd93e9c
3ca340c3
3e0940a4
be06be7e
401f4070
3e7340a6
4056c01c
40194082
40b7bf6f
40fdbe0a
bf254085
bf564029
3f52bc0c
40ce3ea0
3fa4406a
3fb83fbf
bf444063
40833e98
40e23ff3
bf934064
402540ae
40593eea
3f854025
bf0f3fd2
3f91bf8d
3df140ac
3fb040da
4004bf22
40b13fde
40db407e
4039408d
402f4002
408d3dfa
40ca3fb0
410a4073
3fa74012
400e3fd5
3f604046
40b63fa0
bfd5bf32
bf263dc3
4008bdb6
40a0c017
c01e4034
41053ea8
402b40aa
405a3f43
c0004019
40993ffd
c036be49
3f2f4017
bf57bfb5
40753f15
3ff83e76
409ebc85
402a409b
3de84009
bfbbbfdb
40df3f89
40da401c
bf0d3f08
404040da
40af3f18
3f593f7b
40d93f2e
3f843faa
40373e1b
3d3f4106
40b13f85
40e8bf2d
3f88bdb8
408f40ab
bfb73f82
3fd93fcf
bf294085
3fd03cd2
4040c01e
408c407c
40da3f83
409f4079
bee3bff5
be7fbfc3
bdb73f3e
3f193fd5
40713f96
be2ebda6
3f1a40a0
3fa940a2
4016bd9a
bf04400a
4089beea
4012408a
bfbb40e5
3f793d97
40563f11
40a5bd7a
be864002
3e9abfdf
bdcb40cd
40a53f73
bf7d4049
bf7e409f
3fadc00d
3cd840d6
40134026
c007400b
3fcf40a0
bee740ba
3fec40a8
4024bd80
bf3c4002
4020bfaa
bfc040e0
3f89410a
40d83aca
40113eda
400a3fd9
bd5340c7
409a3fba
4084be30
bff73feb
3f134017
3fd840eb
4007bfb9
40c5bf62
40953f3a
4018409a
3fa64085
bfdfbed8
c01f3de9
bf98bf8c
bf063fa2
be0e3fe4
bf5e40b9
bf713fc4
40903f06
3f613ff7
408940cc
bee740c0
40853f90
bf81bd96
4012bfe0
401ebfaa
bf813e99
bd224029
40954061
40293f62
408540bb
bfb44059
4051bf64
3ff0be08
400c3e8c
4049bfa2
befd40c2
403f4032
402d4060
bf20bf83
40083f67
3f56bf05
3ff93f04
40d8be81
40393fa5
408b408f
409240ee
40bb4011
bf424002
4026bfca
402c407a
408940ec
40923efe
c035bf3c
400bbfba
3fd93ff5
409f40e5
bdff3f01
c033402c
bf4d409e
bf873ff3
403c40e0
405f4007
40b6bfab
3d51409c
403a408a
bfc53fe1
40403d9f
c01d4045
be864008
bf43bf54
bfafbe86
40f03f1d
3ea73e54
4018bfae
4020bf22
bd974020
40ea3c97
bf384082
3e2d40bb
bfbfbfe5
3f6e3f07
3fe8bf09
3f824022
3fee40b1
3fc1be72
40b5410b
3f873f92
be28408d
3e88402f
bdc740c1
3eab3ec2
40c93ff7
41044023
3fd8408d
403b3f1f
3fb43f10
409c4016
3fffbe3e
40e23ee0
403340bf
3faf40ad
4097c03b
bf21bebe
c0333fa4
403d4089
3f6540ab
bf07c039
bf8f4039
bf63bf2b
3f943fb7
bebd3fa7
409d4085
4053bf7b
c0133f43
bf0e40b3
403f40b8
4095bf8d
40c3bf7e
3f853f27
40223f3d
40134025
bf6fbee6
404d3ff9
3f733ee3
bf60bfc0
404f40d9
40143f48
be1cbec0
40244049
3f2240ac
3eed4084
403540cb
401e3e92
bfa1402e
3ff8403c
4019befd
409cbe89
40d1bf37
3fa2404b
3ec43f9d
3ee43edc
bd004050
bf95bf1c
40563fe4
bf80be0f
407c40d0
404b40d1
4067bec7
3ff9407e
3ff740ac
4029bff5
3e8f40a4
4007401b
40a53fdc
4031bfd2
bfa73f94
bf3940c5
bd28400d
41063a9b
3f7e40b5
bf2540ef
bf1c40e2
bfeb403f
3e2d3fcd
bf0540be
3f88c004
401240e9
bf363e7f
41034035
bedebf40
408a408c
401940b2
bd0a3f26
be5b4050
3ff140b8
3f0b40cd
3f0b3f93
40aa3ed1
405f3f9c
3f0bbfd4
bf8540d8
40bac006
40ed4034
407fbb01
402d400f
405540d2
40a83fdd
bf573ff9
bf7e4033
40193f88
bf923f7c
4023bfbd
3eae3ee9
40b43fcd
3ffd407c
40814096
406ebf9b
402c3f30
c026bfb1
3f0540b1
408c40aa
40bd3fd7
40a54005
c01cbfb7
be01405b
3fee40af
3ef84033
40263f63
bf9c3f29
40034025
3f31bfa3
408140d7
3fedbf43
3fc7400e
bc41404a
404a40e3
4009c016
c006403f
c0234087
3fb73ffb
3e483f5e
40a940f0
40b63fe1
403e3f20
bfad3f3a
3fb83ff4
bb2ebf2b
3f2440fa
3fa83faa
40813f8f
40183ff1
408b4097
bfaa3f72
3fe1bf62
bf41bfa0
402cbe5c
bd1cbfd7
3f9b40ea
40c83d90
40903f6a
bc934088
bf0b40b0
3c1a3f31
40c83ed3
40393f12
3e323f7c
3e42402d
bfa440ba
bfc6bde1
41013edc
40054075
bdec4061
bf0b40e7
40683ed3
41094042
3f06401d
400f3ec3
be2040f3
3ff6bf62
40834071
bf5e40b3
bf8a401c
bfd33e2b
bf85bf08
40ba403c
3f914089
bead3f9b
3eaa410a
409b3d7b
bf2c4038
3f993eec
405040e6
3ee3410e
befbbf62
40f24015
be43bfca
40093fed
bfa13f91
3f084038
40783ff5
40283f5f
3f96bf73
3fe8bfb1
3f57bdb7
40cc3ff1
bf694029
bdc540af
4089410a
3ffc3fa1
410f3f09
3fc34087
3fdb402b
403ac036
3f50bed3
40efbdad
bdabbfd3
3e3f4054
40b24034
bf1abf7d
c03a3f8b
40274005
40713e2e
bf9b3fda
3fe23f52
3eef3f05
bf49bf3b
be75c009
bfe03f75
40dc403b
40e14067
3ff84090
3e1b4061
bf8640a1
40894003
40f7be02
3fe33f6d
40853ee9
40114096
40cdbf1e
4064bf35
be6d4038
3fab40cc
400d3f89
40c74029
3f3b408a
bf6a40ac
408bbf51
be8140fd
406e3ff9
3fd63ea0
bed14056
be984097
3f1740d7
404d3f3e
407dbd22
3f9b4031
3fd73e90
3f9d4106
40434020
4000400f
bf523fe6
40724080
bf8940aa
bfa4bf00
40e5bfad
3fd23ff4
404c4084
bfd040ec
40f03fe8
c03d4080
be944081
bf4040bb
3fae40ee
401e4095
40b33fb6
c0083e9c
401c40b0
4058bfa6
40a74094
bf1d400a
40fe4087
3de64009
3f973fb7
40933e86
40eb3fd4
3e86400b
4029400e
3e90400c
406840ec
bf9c3f85
40bd405d
bf61bf42
404540b4
4029c008
407c4002
401ebf8b
3f3d40a1
40283fb1
401dbfd2
40e14027
40c84068
400b405b
3fdebffd
4014c01d
3e7abf33
bfe23d1d
40283fcd
3f4240d9
3eccbfa7
3fd1bec1
40484081
400c3e8d
40253f49
40ba3f03
403d3fe6
3e3e4030
bf53409c
bece40be
4074bf27
3ed53cfa
40a0406b
3ffa3fae
bf9c4084
bfea3e7d
3fb33f60
c0153f31
402b40b4
40024002
407bc005
40883fe0
c030406e
3f313f87
3f473fe1
be9e40a6
bf3cbf76
403b400e
401540b2
3f97bf0d
bfcebfc0
40d83f8d
410c3fb3
4001bf5a
3f714087
3ef0bfad
400b3ec6
bfb4be88
bd233f9f
40454014
bda43dec
40a04007
40e7bf5a
401abfdf
3d8d40df
4099408e
40e63f4e
bf914085
bee4409e
bfb83fb7
404a40df
bf0c3ffd
409b400a
bf0f401e
3f8cbf1b
40564060
3f9e4024
409fbec3
3f4cbf0e
3fb83ff6
3ef13e0f
40cd3fad
40eb402f
3fba4090
3fe740a0
405c403d
3fa43fcd
bf674044
3ffb3fc8
403cc00f
be524017
bdf0be24
401dbd65
4031408e
3f883ea2
3ffcc00b
409e3ef0
407c408a
40293e86
3ce7bfed
4044bc8c
40734026
410f3fe8
401b4050
be863f99
3f3e40f5
c016403f
40d6be86
3f283fd2
bea540ba
4051bfc7
40ef3ffa
40c84001
bf1a408a
3fbf3fbc
3f52bff5
3e99bf58
4093be91
40ab4078
be28bfa5
3fc1bfde
4099410d
403abeb6
c01fbed4
be1840b1
408e40ac
bf99bfcd
bffb402c
40bb3fd9
3f093f44
407940ec
bffc3f29
3f0d3fdc
be834081
3f6f408b
3fcb40c1
bf8ebfed
3f243fb0
40544059
bde5bf7c
3ee1400b
4050410b
3ed64025
40a2bdc2
3fac4073
3fd63ff1
bf8c406f
bf2d3e88
c0313f4d
3fd6beb5
408e405d
beaa408b
3fee401b
4095bf92
402fbf2e
bf05400e
3fca4015
40e43fd0
40964088
3fc7409e
bf88406a
3def40f8
3e993f46
40d83f4e
4008406f
40274006
bf6ebfef
40094002
bfecbe3a
40174083
bfb6bee3
bfb43d83
3ff33f2c
410d3d99
3f12bfd9
3ee63f67
be8c3f5f
be70be56
41043d25
3e22be4a
3fb340ac
3fb03ea7
400b3f47
40e5bf8a
3fa6401a
403e40de
3edfc019
40eb3f19
404e4065
be674012
4009bfc3
be9d3e81
40683fc0
409f4049
3fecbf8b
3f56bf49
3fc6406b
3f5d3fbc
3ff13d03
3fb6bfd2
406840d4
4038bf9c
40e03e14
bf26406e
3f843f77
4069bf40
402540f2
408dbf2c
3f09bf4f
3d67bf9d
3fc23fd2
40214076
c01e4027
40474087
3cdcbfba
4085bfa3
3fa940d3
40033e82
bfdc408d
3f36bff7
407940bb
4036bf80
3f553fd5
4061bf05
beab3fd2
3fc53f59
bff53f29
407cbe87
40aabf8e
bf04409b
bed7406b
bfd5c025
bf7fbefb
40064023
401f3ebf
3fac40b5
3fc24101
3f1c4033
c0163f96
3da54008
3fbebf17
4079be9a
4003c038
40843f4b
40ecbef5
4027409c
bd02c002
bf9240c9
40b9400a
40bf3e90
3f473ea6
3eb9406b
bf9b4102
405c3fa6
3f563f8d
be87408b
3e08409a
40743fae
40e63fcf
be56401f
3fed3fec
408a40cb
bfb44106
4057be4d
3fa2bea1
3e0540a4
404240b6
40424012
4040be3e
c03a4087
3fe23d6a
402140ea
bf283fd9
408f3eae
40a03fcf
bf08409c
3faa4060
3fef40b7
bd98bea2
40d13fca
3f983fa2
408440dd
bf6640cf
40163fcc
40863fbf
3f764051
3f15c005
4099bfaf
3fabbe0c
bf983fd0
40043fa0
401f40a1
405840ea
40d4402c
3fde4041
3ff63f98
bf01bf02
3fd8bfe7
40df3ff0
3f373fdc
3e3ebfb9
405c40e3
409dbfeb
40d33f8a
400d3f0c
3d8240b4
3f0f3f98
3fa640f8
be83402e
4103404d
403940ba
3f26bef3
3d84c02c
40673f3a
3e363e84
3fe34095
3e82c020
40b5c01d
bfcc4009
40c6404c
40153f37
3fdc40dd
beb14086
bfe23e3f
41054025
3ffebf32
408140b8
bf2dbf39
40d2bec2
40e33ff7
be52401a
401ec011
409140ff
3f183f76
40c8bfaf
3fa740b8
404040bc
4013c027
408fbea8
40be3f45
4018bf22
3f4b40df
40a2bd8e
be623ff2
bee9401a
401f4085
bf3f40d6
3f10bfcf
c0144020
bf344065
3fce40b8
406f4025
bfa33e58
40a53f8e
40d04032
3fbf3fbd
406140e8
406840f9
3f364027
40c53fad
3fdb4093
408cbf00
40984103
3f433f8b
3e50beae
3f0640ad
3fb83fae
3f3d409c
40a93f83
40d63d8d
3f69bee8
3f55408f
becfc006
401f4076
bff1403a
4079404b
3fbabfd5
bf7f4011
40a940b9
3ec3bf6e
be664035
bf68bf86
bd5540cd
407d3f9f
40853efd
40f9402e
be564098
406c3fb3
40314107
40c03eb4
3fe63f16
3e6a40b7
3fca40f0
4062403e
bff24025
40e74054
3fef3fa5
404940bf
409c40dd
403a400d
40c7401d
3fbc4065
3f30406a
3e8b4007
c01e3fff
bf6abf97
3f0d3fb9
3f9e40a5
bf8340a8
40e4bf08
40f6be9c
3ed83f90
bf114062
3f1f3fbd
3f87be90
3ec93f1d
3ed440b5
40363f18
409cbfb2
bef03f02
40bc4063
3e873fcd
3f9b3e1b
4050bff4
40353e35
bfc7bf5a
3fb1409a
40103e8b
4061bfd5
40a33e91
bfd03f2a
be0cbfcc
40813f02
406440bf
be973fc6
41023f83
3f8040be
3d5e40b3
3fb24066
407bbf17
40023fa1
40363f80
407f3f83
bf5d3fcd
40854038
40c14069
403f408c
4054400b
40984102
c00a4010
401fbf9f
bf44bf9a
3fbb3ffe
4016c000
40673f80
40cfbeee
401dbf99
3f054050
40bf4057
bdd63e9b
bef4bea8
3fe93f2d
3f4140ab
bf8d3fc0
40764009
3fff3f5c
40033fab
40563f51
bf133f9a
bfd63f56
40643e49
403e4065
40454073
3e72bf99
bfedbece
bd38408b
3fe6bf36
405dbfd5
3fb6409f
c005bf47
40d44018
be4b3fa4
404a40cd
bf7ac030
3ffb3fed
4035bef3
3f253e64
be0a40a6
40334106
3e92401f
c03cbf84
3f9c408a
3fcb40c8
403ebee4
40314028
401dbdd2
40debfbd
3fd43f33
bf9040c1
bf23403f
40e63fc9
4003408d
403a40b5
404640c2
40663ffb
407f403d
409bbf23
bf563f74
be2d40b6
bf07bf65
40b03e25
40d94000
403b4019
401c3e80
401c3f45
3fb8bef5
bfc5400a
3cec40be
408ebf7e
3f40403b
40b93fc8
408d4008
3e5cbfd5
bf2940b8
3f6940e0
404f3f9a
4051bf9e
bf323ffe
bf8a3fbc
3ecd4028
403d3ed2
4102408f
401f40a9
3f1fbfbd
bfe24085
402a4009
3ef83fff
bdcfbf44
407b40d6
40584021
407a4025
410f408b
3db14099
403440aa
405c3d1b
40e9bdd1
3f72bf18
3ff73e9e
3f7340df
406d4082
40243eca
bfe13ee3
4020400d
bdbe3fdf
3fee3fb6
bd933fc9
40d0bfb6
be924027
beaf404a
3ff840af
bea8bf5b
3ee2be40
bf11bf66
3fc040d6
408f40d1
bf20bf34
40be3fab
40364017
4062406a
402540a2
3e45befe
3fea4058
3e8c40a0
3fe6c00c
4007bf13
40debf27
40aabd90
3f423fa6
3e023fe8
40a3bf14
3fc23f22
4102407e
bf6cbeda
bed93eac
4093be49
40c04033
3feb3f95
403d4080
3fd23ef4
3e6740aa
407a3fc1
3f73402f
bedf3e2c
3e02408c
bf04410a
3fb73cb0
3f924066
3f49bfca
4068c017
3fc03f02
4072bf59
40c1bf54
3fdb3fed
3fa64042
404240d4
40bfbf37
bef3bfbf
3d694055
3f3f40dc
3f1e40da
40d7bf41
4108402b
bed640c0
400f3fbd
40ae40ef
40b13ee7
3f9bbf63
3fb840a6
bc953f27
3f214019
40ec3d85
40cf4029
401c401e
bfbc4062
4088bdf8
405d3f8c
4013401a
41093f97
403c3eac
3f3240bb
3f14410e
3f25beb9
4101408d
bf40402b
bfb3bfd0
3fc74040
40773f33
c02e407a
400f3f6c
404a40c4
3fc7be16
3f6f402c
40a4bf14
bf7ebfb1
4083bf5b
bf463f04
4083400b
40703e27
4039400d
403b40e0
40634104
40d63fb9
3f55bf9b
3f3a4044
40644070
409a4089
3fd5bec2
402f3fb5
3facbfe2
3ff240ce
40b54038
40be4028
406f4047
402bbe4a
3c9a4060
bf7ec018
4018be85
40514087
40023fb6
404fbf24
40804100
40003f4f
40ef3feb
bf04bf59
3ed5402f
3fc14004
40e53ee6
3d66408b
403a4022
bf093f57
3f8b40bd
4088bf37
40a33d8f
3fee4038
40903fb6
40554088
40ec3f76
bea1beeb
40264089
bf93bf77
409c3f8e
40853fa1
bff8407d
bdc140bc
3e113e3f
40914009
3e91bf2f
40cd401a
3fb64015
3f84c018
408bbf92
bff43d10
410cbf04
40053fc2
bee940d2
bfe44004
3fae3f75
40de404d
3f54404c
3faf409e
3fe540b6
40903ed3
41043f5c
bf7d4096
bcae3ea2
404b3f92
bff7403d
40d43fcf
3f894096
bf7ebfd7
40953dd9
40a1bf33
3f2f402a
3fb83fe0
3fb740d7
40024096
c0053e0c
40863ffc
3fc5402e
401540c3
408f3fa9
bea23f32
40c5bfb3
4015bfb6
be48c00d
3f4b40ae
3f34bd4a
3f89bfa7
bf434010
3e614095
40c040c6
bf8cbe55
40f7bec4
3f8340b5
3e334018
403d3e51
40184025
c003408f
3f9540b8
3f434047
bfe93f2c
bfa6402a
40b23ef9
c00bbb37
3fc04086
be8f40e0
4086404b
40a73f9d
40684054
3fd3408d
3fd0bea7
40a340b9
405f4021
401d4026
3e9f403a
bfb53f62
bff8405a
40be3fe3
400f3f5a
3d8f4043
3fc0407c
3d9d405c
40813fbb
40d44021
3f294028
3f0dbf2c
3ed8c038
40954020
bfb4bede
bf5f40ac
400e40ac
40b93fcd
3fac3fa1
40a0bd2b
4019bfad
bf8d40a5
3f914097
c0134029
40f4bf45
401ebf8d
40013faf
4070c01c
c00b400d
3f074000
400ebf35
407dc008
4076410a
406d3cc5
40103f9f
3f2a4051
bf2b40d4
3fea3fbb
3f27bf36
40e9bf84
3e373fa4
405140d7
409b4083
3fac3fee
40ad3eef
3fd34025
3f674042
3e7c40d5
bf294001
410f4042
3fb04090
bcbe400a
bfd0c03a
bf3c401b
40b74035
bf7e4095
bfadbf8a
405bbea1
40c23e88
3fb2408a
402640bc
3ffd40b7
408fbe9f
3f9a3ff2
40f24087
3f9b3f9c
40843fec
bfa540c6
40aa402b
40fc3fa4
bf264086
bf204075
3ffe4081
4041be27
3f5d3faf
be493e14
402840bb
bf75c02a
bf243f51
40644065
3fbbbfcd
408040e3
40b140a2
3ece402a
40d24065
4017408b
bf583fb8
3e044095
406c3fa4
bef34069
be95bbc8
408f40cb
3f0ebe45
bfb9bf25
3fc5bf50
be653f55
bfb04026
40aa3e96
404e3fef
bf8abfb7
3fd3bf3c
3f25bec9
40b3c029
40cf3ff7
40164009
bee540aa
3def401b
3fc53ffc
3bc33e32
40ff3f1d
bf6b3fab
3fe140ba
3e91bf86
4081be33
be383ed3
400a40b5
40024066
3fbebfc5
40acbe26
3e863fa0
bfb14085
3f013f61
3ef1be29
40544058
bfc93ff7
408c405f
bf434078
408e40ca
bea740a2
3fd23f68
408abf83
403b40b4
bf97bfda
bfdc40f2
3fdb3ffc
403e4075
3d86bf07
3f524025
c00040f8
4091be0b
40a43ee7
402e4059
3f3440b7
3fc24069
40943fe9
40853fa9
40063f11
3fd6bf9e
409740ab
4098bdd4
bfff3ff3
bf1fbfeb
3f253fd0
400140d0
40083fbb
4083beb6
bf31400a
3ff840d7
409a4075
40b63ffe
40aebeab
be774048
3e4940e7
bea240b1
4094befc
bf4ebf0a
403e40b0
402040d1
408ebf1c
3e67bea3
bfa14008
3eefbf05
40464094
bfe040a4
40253f74
408a3e18
3eca40a3
3f124082
407b4014
bd843fca
40954048
3fe1bfd6
404e40d7
bf844033
c003400c
3f9c4050
3f62bfec
be254027
40ab40c8
4084bf43
40f1406d
3fe43fb0
bf9940b3
bf284046
40ef4009
40a3403c
404040b1
4022409f
3ff2bf7f
40d24017
40e03f83
3f504042
3f163e99
3ffac03d
bfccbd84
4100beed
3fc94093
bf31407a
402a407a
bf7dbf38
4095bdf6
3b35bf7a
406e3ff1
bf12403d
c0163f53
4078406c
40183e9b
402140bd
4085400e
3f263fba
bf234026
3fa340ad
bf4ac003
3f84404c
40743fc3
3fff3fef
3e3ebf6b
3f4c40e9
bfa64035
4016400b
40114080
beaa4041
3ab6bd85
40634012
bd3bbf2a
4104bc85
4021bf26
401d40e9
40bdbfa3
bf4f4029
402c3ec2
be0ebf44
401f40ce
bfac40c5
408440c9
bf8c3feb
4089407a
bd853f5a
406040d3
40aabfc1
408e3f1b
408cbf68
bf114020
3ff5bfc2
3ee840e2
40acbde9
c0113ecd
bf453fcf
bf3b401e
bfac3fe0
40c4bed5
bf2d3f9d
3fa640ba
3e3e3f5b
3ffabfca
bfcc3f8a
3ff8bf7e
403d403e
bf37bfe7
401c3fde
402cbf5d
40823fd4
bef440b4
bf4e3eac
3f2d405c
3f8e4015
406abf0c
beefbfdb
4018407b
4055bf95
3f4a4008
4108bbdc
3ff940b0
3f7abe3f
405240da
3fa8402b
40d43e3f
3e4dbf14
405e40e1
3fc9c00f
40a63fc4
40dfbda0
bf2e403a
bf694035
408240e2
407c3fff
3f874086
3f883fea
405f40a2
3f1e40a7
becabea3
c027402f
3fbf403b
3fd040be
408c40e1
3f3e4028
40c2bdd6
be673e78
3e8c40d8
bf7b4031
40783f4b
40ff4044
3d44bf07
405440cf
bfe0410a
3f87be87
40fabf0f
40353f11
be8fbfd4
3fc43fd8
40be3fde
3ebd3f81
3fda3fbb
3f303fb2
40ba4061
3f963f4b
406f3f89
3d3dbf89
40373f29
404940e4
bf8dbf05
bf05408d
bf16404a
3e11bf9d
3dc1bfe0
40e7403b
40e24061
3f9e3f34
40784020
be683f57
4086bf1f
bff34014
bf47bfb6
3f32c006
407bc007
3ff33ef7
41013fba
3e3b3fc3
bee1403d
3fe13f52
3dbe3fab
410b4031
4016409a
408d3efe
bf9c4029
40384022
c03fbf61
401640ad
403d3ec1
40114039
4011bf3e
3fb23f14
bf59bfe9
bf1d4070
be723fa8
3f33400d
c00f4034
be7740b6
403940f0
40c04033
3f903f87
3fc14054
41033fcb
3f083e27
4072c006
40b54058
40803ff6
3ffd4043
4019be24
3f4a4074
3ed440a0
40854029
bf00bf60
bada4082
4017bff8
bfc040ad
3f9abe5c
40c2406b
3d473fa2
bee03f70
3e93c01e
40ba402e
4098404c
bf3c4030
408c4083
40a840f5
c0033f64
40c4408d
3fc7401c
bf3a406d
4068bf39
3f1d3ff6
40a53f62
3f1d401a
4089c002
40233fad
3f533f5c
4103bdd1
be85409c
3e39bfbc
40563f96
40b5bd51
bf583fdb
3fbf3eed
bfb43fc6
bf8a40e1
4092402f
40ffbf8c
4028be1a
3fefbd6a
40a04012
40a63ebc
c0304047
3ff43fd0
40064021
4069c030
4018402e
40fe3da8
40174037
4036bff0
4032410f
409e4008
3f8e406c
3f1d3f30
4011402f
40974034
400c3eef
bfc3406e
bf494083
3fef40b3
40b540bc
40393cd8
c0383fda
bf2ebf83
3f8dbf9b
40bb3e11
402a3f93
bf2dbf69
bf774083
3fb0406f
400c40fe
40e83e6e
3d873c74
3eee3faf
bfb93f6e
402b4089
409c4018
40394043
400bbfc5
408a3f1e
40c0bf94
4032402c
40bc405b
40253f0a
40803f0e
40a44013
bfccbf65
3efc4035
becdbc0e
3e3dbf72
3ff43f4f
bffa3f2e
40b4bf78
3e3440bb
4082bf4a
40923fe9
40223f91
40d03f0b
bd08409f
3fc64035
400b3fb6
407bbf25
bffb404d
bf50408b
401540c2
3e9c40d4
c01a402c
3e7c402c
4014bf98
3ddfc010
402ebfb5
40b1be97
c00c4043
bf134061
40844058
405c40a6
beca4003
406c3fe0
3fc0402f
40803fda
bea640a9
3ffc4091
4084bcf7
4006be6f
3cf3406a
4060bfb6
3cf840d6
40a5bf66
3e87bf07
3fcf3fdf
3ff140a7
40a44094
40943fd0
beb3406e
bf4cbc99
408ebe24
be4f4029
bf173e53
3ffe4088
400ebf7d
3f89bf89
400a3f6e
bed9bea5
c01abf3d
be9d406f
3f8540b5
40acbea5
3fb73fd6
40d7402b
3ff8406c
bf683edb
4072c01e
40873f71
3f91bf88
3fdf4083
4028bf94
40244081
4088bf0f
410b3faa
400540b1
4065bf88
be37bff2
3e233f21
4044bcfd
be8740a9
406f3f81
3f714020
40313f35
3f36402d
3ddd4093
3fdc3f8c
403e408d
3ec2402b
bfc5bf9e
bf614089
bf654087
3f94bfd5
40133fd3
41043fd9
bf43bef1
402cbf35
be9ebe18
40af3fe9
40c3bf31
3ff9bf96
40883f35
be6f4036
40a93ec1
40c03fd4
bf424051
406abf19
4043404a
40a6bf19
bf653e64
3fdd3fe8
4053404b
40b9be42
40023fda
bf97408b
3e0e3ecc
3f834078
bfcf3fe5
40503f87
40333edb
3f193fdd
3f4dbf68
bfa6c01f
3f194028
bf453e05
40274080
40474069
40a7408f
bf87bf3c
40c04010
bf0bbfed
3f8840b3
bf8740bd
4094be67
40044061
3f8c406a
3fbebffd
3f1c40d4
bf893fbf
40033fd1
bd5d407b
3ff54085
40a43eca
40713fd4
40e14073
3ece4082
be6ebf28
bef93f4c
40d7bead
3ef94017
3fde3e90
408e401f
4082c030
bef03fe5
bf834022
3f4d3f20
405e400b
40be3f51
bfa1bed2
3fd6bf7f
40164094
3f234092
408540f2
409b403c
bfafbe64
bf5d400c
3eccbf2e
400b3eb1
3f8f40a5
bffe3e38
3f5b3e9b
403b4097
3ffd406a
bfb24001
406c3eb9
c001404c
3fa33cd1
bf6c3f68
3f5b4106
bf38be32
bfe04034
3f02405d
3f4dbe50
3edb3fe3
bf783f28
410b4034
400c4075
4068409f
bf383f21
40814014
405c4088
3f5d4087
40773fac
bf2ec022
3ffabf33
408e3fcc
bebb40a3
402c40dd
404d4104
bfb7bec2
405a406e
3f7bbd22
4078402a
bfb4bfb8
40ad4036
401f408d
be9f4034
bf4b4077
bfec4066
3f2f4007
3e794015
3efc4053
beebbfb9
bfcabfb7
4062403f
40eb4086
40064072
4084bfb5
3ec8bff7
40023f6c
40c83dab
bf5d3fef
3f13409f
bfb1407f
bee03e2e
3fe5bfb7
40314064
401b40a6
40a03eff
bd613fc4
3ff8bfba
3ea940b7
4086403e
3f5f4082
4028403a
3ff33e15
be89bf20
3f6840bd
400e40f7
40c53c28
408e3fb1
40274068
401dbf85
40364084
4067bebf
40f34053
3ce5bf22
3fec40b1
3f473fb2
3f994007
408c4068
3eb14099
bf9a403b
405440d1
3f8a4031
4103404b
bf7c3f91
4043bf17
be114088
40b83dd1
409b404d
3f0c4059
3f813f57
bfc23f91
bfae3c9c
40084053
3eeb3e0d
4058bf08
bff44108
3ff63e9e
3e08404d
401abf87
4019408e
bf884108
40623f04
40353f90
3eab409b
be1bbf12
40a04059
3fbb3f27
409f3e04
3fbe401a
bf0d40e5
4069bf28
3fb7bddb
40b24073
3fe9408d
bf5340cc
40bd405d
4086403e
3ef13f5c
40193fe4
be4bbfd0
40433fcb
3f713f7a
40ec3f53
40164001
3f09405b
3ffd4046
40ae4064
40cfbf43
bee44088
403b405a
3fc240a3
40ba40fc
40d93ebc
3feebe21
3e82bffd
3f86408f
3f173f81
401e3f0e
3fa7bf0c
bed9404b
bfa140a4
bf0d405a
40c03f9e
40f33f01
403ebec0
402340ed
401440d3
3f133f02
410ebf15
bf233d0e
3e6f4042
40004009
40463f48
c0183ff6
bf6b3f9d
bec740d6
408840f2
4078bf02
4105bf3e
3f8740a8
3f0e407f
4022bf8d
c0063fa6
4092bf9a
beb6bfd5
3eb9bfd3
3f104097
40984012
40e9402e
4033beda
404d4036
3ff84067
40583ef1
bf3e3ff1
bf003fab
3fe940b2
3f0d40e8
40d9bf75
3fd73ff6
3ff84086
bf35406e
40ae40df
c016402e
bd2d3f73
beaf3fea
bf8740ba
400a40e8
400b3ef5
bf2a4086
3d5fbecc
402abf2e
400c40d1
bf8c4018
c029406d
3e11406c
bda140c6
4063bd9b
3f9bbf6e
bf024038
3e7b3f1a
3f33c01a
4013be9f
beb8bf14
3f643e97
400abdf0
bf2c4018
3fa74100
4094bf6c
40614035
40054011
405040c9
409140d2
40c63ff3
40ba4081
3f72bf1a
3d973f90
40954025
bf2a4023
bdca3ff8
be213f81
3f5540b2
408d4094
40223f46
3edb3f24
400140a1
4084bfee
405a3c53
bfb44012
40f84013
40153fe4
bf1840df
bf8140d9
40edbf36
40c73d9e
403d40a1
3feb3fec
409940fa
bf47402b
c02a3fee
3f8540b5
40203f42
3fc640fe
3dc5beef
bf583f45
3f974061
3fca4094
408ac025
bf4f403b
40074006
40b63de7
3fc74045
40603ecb
40133fcd
bf5f3f38
410fbf9c
3fd9403b
40193fa7
bedb4103
40b63f26
3fdc404e
3ebb3fbc
4059bfab
405740af
40d6be05
40934060
403a4046
3fb840bf
bfe0bfbb
40e2befd
40e83fd2
3bbd4011
3ee540a5
40854005
bfa93e84
bf03bf89
3d5abfd5
3fa04097
beae40cc
40813f76
405fbe3f
becabff7
401f4052
40a94023
c00c3f42
40c6405c
3f1c4091
408a40a1
bf9940e3
3fe7bd4b
bf7c4087
40294097
bf3f409d
bc614090
c00d4030
c01abf0c
403340a2
3fb54081
40984046
3e8a3df6
40babfb5
bf64befc
400040e2
3edf4085
3f374001
bfd2400a
3fc34054
400f40ae
bfb4be66
40293d8e
40c84066
3fa23dca
405540a6
bf75bf74
40abbcf7
41084035
3f893f58
401c3f92
bfb73fa4
bd8a3f8c
3eb94064
401f40aa
bf283faf
40ab40ee
4025bf14
40cdbe43
403940be
bf3b3ece
40b64018
40c94013
bfeebf19
bf7a3f06
3ff540ac
40693f0a
bf9a3f22
41103e4a
3f763ff9
4009be27
bfa040dd
408cbf0a
40784074
3fb3bf49
3ed83fb8
40703f6a
bfa74016
40ddbf9e
400f407f
404840bd
3ee5bfd0
4022be45
bfe3bedd
3f40bfa4
3fb6bf82
403940a5
40c6400f
c02c3fd3
3fd0bfd8
404d3f15
4088bf11
40aa3f47
40c1407d
3dea4084
bf534095
40834044
40b2bf0f
409fbf84
401f4074
407b40d7
40834027
40d43fec
40b14048
40084099
407240d6
404f410c
3f814012
40554052
40e94008
3faebf28
401e3fd2
3f464105
40864019
40403ffc
befdbfb1
3f98bfc5
3ea040cc
c01f3edf
bffc402c
3fc73fe6
3f343f65
be883fe8
c0063f69
40b8408a
3facb9ff
404ebe2c
be5e3d8a
bfa2bf26
40f93e91
403d4049
3fbf3fb4
406d40d8
409d4035
c0303cef
3fe240c0
4087407a
4059bfc2
be573f68
3efe4044
bf69bd73
3fcd40ce
3ec0c003
be14be79
41073f88
401fbe88
4045c00b
bf01c027
bf473eb1
40a34015
3f4040a7
403740ef
3f5e4093
bf1a3fd5
3f073f72
3f57403c
3ff440a8
40a9410c
403b403f
40c33f87
3f35400e
402b400f
3fff40e1
40173e50
41003d5a
40103fb5
403e404e
3fc84090
3fe7beed
405a407c
3ee040a3
3fae3f9e
3f80c01a
c00c3ee9
40863ef8
403d40b8
3f5f3fca
4083401d
402f4014
40ff3fdd
3ff6bf49
bf89bf4a
3fe640ff
bf6b3fe3
3f163efb
401dbfc2
4064403b
405c3ff2
bfc3bf19
bf614058
beab4068
4087405c
3e8840a9
bfc93fb2
bfb03e32
3fc04097
3d8540e0
3f0540e1
bf184018
3fc83faf
bec3407c
40053faf
4037bf90
40e53ec7
4100bea4
3ff8bea7
3f304089
3d3840ff
40bbbe61
be023f0d
4033409c
3f163fc4
40543d24
40c84038
40f44081
3f29409a
bf593f4d
40aabf7b
40b23fb1
bfaebf97
400bbea3
400240db
409640b3
3d8b3dd3
bfc0405f
bf56bf9b
3fbc40b6
40824102
40934004
40ba4079
bd914059
be13407f
40403fc7
409e403a
40334043
3fdc40a9
3f9540d1
405f40b5
406e4046
40ec3fbb
3f34be0e
3f8c4023
406b40aa
4069c037
bfb23f91
bff63fc9
3f2d400e
3f2e4063
40723f78
c0103e99
3fad3f1c
3eab3ff1
3fcc3e8e
3fe440f7
bf913fdb
c0264007
bee83d42
400940b2
401fbf85
408e3eb9
bf363f52
bf103fcb
3fe440b1
408fbfc9
40614027
bf2bbf6d
bec04014
3ffb404b
403840ed
40e3be8b
406abf09
3ffbbe28
408fbf96
40a440dc
3ed63fe3
40d03f8b
40103fc4
4088bf4d
bfe840de
40523fc8
40f13ec0
3f75bf9e
3fe5bfa1
3f2b410c
bff83fef
3f29408b
402140b0
406440dc
405abfe6
bf6d4017
4018bf7c
400cbf4f
3f9abfa1
3fec40a7
3f98bf63
40ef407c
3fa33fee
40604004
40c0bfcf
40a13f99
3f1d3f1c
4033be6b
3e9740a9
3fda408a
bf813f27
3f6e4086
3fda4098
407b408f
40bcbf8b
40913f33
40ee3f62
3d95bfa6
3e6bbfdb
3f3abfc9
3f4a3fdf
4106bf57
3f4dbf2a
3fd04088
3f04bf93
c0083fb1
40e14030
401b40ab
403f3e86
3fbc4026
40c1bdd5
c024be91
3f8940ac
3fd13f94
3eed40fa
c00dbf2b
3cd84014
3f144096
bf40bf12
bfce40f7
40643fed
c0363fb8
3f3e3f96
3fd8bed7
409040fd
bf8e3f71
bdebbecd
bf3dbfe6
bf823fec
3ea840a0
c0103e7b
bf8fbeed
3caebf46
3f1040a1
bfe1c017
3fb03e64
bfe0405c
3fc4bf5b
3fc740d2
3fbf40da
40423e4e
4032408e
bf074097
bee3407c
3f0840dc
408b3f8a
40ae4055
3f8e404d
bd284076
407c4092
bc0c400e
bf4f3d72
40153f30
3fa84094
402a4044
bff23e9d
bed63f75
3f2b3dd6
4009beaf
3f6b406c
400140af
402c3e86
be9bbfbe
bd47bf39
403f40aa
3f7d40b7
40ad3de6
40cd3db2
3f41401a
408dbfc8
40c040a4
4042be04
bf113fc7
3e71402e
4073bf63
3f84c020
40debee8
c01abd81
be8b4084
3f824008
3fe1bfed
3e773e90
bf863fdb
40103f56
4040bf2d
bf32409d
bfe53ed7
40b64043
401c4095
3ffc3f6e
3ffd40ff
40a9401d
4103bd03
403e3fc1
408f402a
bee93f83
4016bede
40a43e8e
3f5d40b8
3fa640c1
3fbd40cd
40ad4034
3fe7bf67
3e9b4094
3fac4040
402dbf53
be643fcb
409ebe4e
3fbfbef5
bd734060
409c40f0
40b5bf0f
c0263f53
3e39bf40
402040ee
bfd5bd66
40a63fff
402a407a
3f8ebff7
be31bff1
bf01406a
40af4022
40233feb
bf5fbb0c
40233f37
409e410b
be433fad
41013fac
bdb040be
406040b5
4002be06
bef13f0e
40b9406f
4022405d
3f963f55
408440a6
408f3f9b
3e9bbe71
403f4024
3f3a3fa9
bfc33fa1
c0053f26
40d24082
3f98405a
405bc005
40814073
3be04015
40c44064
bbc14087
40194062
4065bfd3
c0163ecb
40c33fef
401c4024
3f6bbf99
40b040e1
407f3e3a
40debf9d
4006bf83
40813fe7
3ce4400e
bfa73f75
40563fcf
3fd73fdf
406140d2
40ba4042
40013eed
40a34090
401a409d
3ebcc020
3f8a3d3b
4029bf74
40b83f01
beee3fff
3f8e4083
40774106
40dfbf51
407b3f66
3f9a4018
3fd13f10
4025bfc2
be50bf2d
bf4a401b
c0024004
3fea401d
3dab40a8
40854048
40a73f34
40b24081
3faf404d
4077be5e
4084c033
404f4014
40e13fab
3eefbf97
3f8340b6
403b4108
3fbbbf1e
4099401d
bf7fbf97
3fdbbfa9
3e8e4023
3e47bf0e
40be4019
3ff0401c
bf4f4047
3fdc410d
bde53da6
40903fd8
bf55bfe2
3fecbfbd
bf3ec022
bfdd3f46
4054bfbd
40204018
3f0d40b8
3ee64048
406fbe90
bfc9403e
bf2f40bd
40624082
4015bf70
40aa3ff4
bfb14042
3fd5bfbb
bf3a4039
40a540ca
bf083f41
bf0b404d
3fd2409a
3def40ce
bfb540df
40ccbf22
40463ffc
40233f0b
3f0a40c1
bfd3408c
40ef3e22
40c1bfab
3f4140b3
bfbd3fb7
bead4050
40b23f89
3fc0bf97
40084085
408e40ae
3ecc40dd
40b3401e
4019407e
402abefa
406c40bd
4072c007
40e94025
bfffbf97
beac3ec4
3fc2bfe6
bf2ebf9a
40dfbf41
bf183f8c
401a4074
be684073
40a940de
40823fd0
bf0fbe98
40034027
3fb5bffd
bfc9c005
404e3fcf
bf99bfb9
be863ffa
3fefbda0
bfdd4059
40a14010
40853eea
3de6405b
3d3d4084
3da34086
40ac3f80
c0364055
bf19408b
bfb740d9
3fbc3f96
40a33eea
40a03fe9
3fd540b6
bf7b40bf
3f4c40bb
40dc3f1a
c03a3f31
bf244011
bc723ebb
407e40c6
c010402b
bfa64083
3fff3fcb
4047bf82
4040408e
40e53f7c
bfe04007
befebdcc
3fdabff7
bfc140da
3fbe3ff9
3f8cbf65
3f5c4058
3fa0406e
bf004045
bf9e40a2
40ac3f37
3eba4062
3f61bf54
4037bf71
3e62bfbd
c01e3f2b
40ac401c
bdbe40b8
beff4094
3f283f73
4090bec5
400cbf61
3eebbfd1
4006402f
40b9408d
c01bbf64
3e394008
3f89409a
bfa94020
4097bf50
bf46402c
41033fd9
3e8d3ccd
3fb53fa7
400c40b5
404a3fd3
3ff1bf49
bebfbfcc
bec740ee
403740db
40803eb0
c02d4020
3ec7bf3b
bdf040a7
408a400a
40013fcc
bf14bf65
3fb5bfaf
bfbb40c6
3f3f40a6
4050bd27
40353fa0
402a3e41
bf904085
407cbef5
bf05be78
40853fca
3db83fac
3fb64091
3fe14092
40b23e9b
bf094016
3f824080
bfac40ca
402c3db3
40ba401e
bfec407e
3eb33f18
3ff6bdd3
bff43f70
408d3f37
3fc1bf65
3f874028
3d02c005
4091bf4c
bfe9be4c
408c3fa4
401c408d
3f9540db
400540a7
40bcbf63
3e1c3fbe
4011400b
bf4640c4
4071410d
40104003
3e133fc8
3f94bf08
403e3fa8
bfcd40ed
bf0fbe7c
408b4064
3f0a4098
3ff24090
40914044
40de3f9a
400d3fa1
3f634084
3f8c400d
4096bfff
c014bf54
c0144067
3f2a3eb0
3f84c00f
be9dbf75
40793fc9
40e84075
3fc2bf59
405240b6
4071bfc1
3f13bf2c
41093ed0
400e405b
3fda40c6
bfaa3d4f
40903ff2
bfcc4027
40143fa7
3f694088
3eea40ec
40113f0e
bfbc3ee9
bda04005
4066400f
3ffc40d8
40874005
40b23ffe
3ee83f46
bf47beaf
3fa9bf1b
404a4032
40d5bee6
3d10405e
3f92bfc4
3c844106
4086403e
3fc93f46
402a4068
3fb04072
407a40e1
408c3e04
bede3fa9
bf7b3fc6
be9a4084
bf5c3ed8
bfbec000
c0063f54
c027bf7d
bf54bdcf
bdd2401c
400c40e4
bf513fb7
403f4002
be9440a8
407d4033
3fdf40c2
3f9bbf29
bfc0bf86
401c404c
bec9409c
4028c03f
3f81bf40
be20be20
3f8fbfb0
3ff6bf96
400040ef
3f5d3f51
bed9bedd
bf2240b0
406740dc
4054400f
4010bda8
40a83fea
bf523f9d
3e894081
3fe1c013
400c3fcd
bf5a3e4f
3fb4bf9d
3fd740e0
bd4c3fa8
be94bf0c
40b8beab
3f9bbf5a
3f99402e
3fb8c036
40e23f49
bf41be0e
bf1f3f28
403c40b5
40283f8f
3fa53ca0
3cd03f89
3f7bbff3
bfa73f8b
3f164058
3fa53f9b
c0404081
40363f76
3c84bf0b
3fc940d8
40db3f11
410c4006
beb6bfa0
3f963fa1
409cbf5c
3fc03fac
410dbf49
bcb3bf13
40753e86
be2040cb
40e03e7c
bfdc4020
403c3ffd
3fe1bfb2
40a5bfaf
3f873fd1
beb54077
40194003
406340a7
bfe1409a
bfa9bf1c
40ab406d
403240af
3f8e403a
3eb140d7
40ac3ed5
c0184083
3e2e4062
bf4e4059
3ee43f06
3ee03f67
3c8c3fb2
3f0bbd85
408e40da
be1f4099
c0123fcc
bfe7bf9b
3fe8408f
bfab402e
bf7fbff3
3ede3fcc
410a401c
bf75bfca
3ecdbfd0
40bc401a
40be4000
be13bf1c
3f0fbfe1
40064099
406dbfb2
40ddbeb7
3facbf50
bed43fff
4089bf2c
3e0ec02b
40d73fb0
c02c4051
bd9ebefb
4013bf52
3fd040d1
3fe64005
40024007
3ff9bdb2
40734010
3ff7bf0b
405a4067
402f400d
40f03fb4
3ff84008
4051bf08
406d40f4
3fd83fde
4086403e
bf374027
3f144099
40264096
bf004001
bf79407c
3f1fbfe0
be38401e
409640af
3ff14006
40903e7d
bea6bfcd
3fd5bf2a
400e405c
40833fe7
403ebf39
3fef3f68
3f28bfc4
3e5d40e2
beddbe1e
4097405b
3f364066
40763f68
bc51c000
4065bf0d
409fbe9b
3fae408d
407c4093
404b3f42
3fdf3f6e
410e3e81
3fcb3f98
3f173ffa
bff64091
3f32401a
bf81407d
3fed40a5
3ff23f08
408a3fff
4017beaf
c02cbf1b
3ec2405a
402240f0
3f13bf71
c0133fb1
40da4068
3eaa409d
bfae40e6
4081bf46
40263f20
40494089
3c9640b7
3e3740ea
400d403a
bf8c3f5b
3f703fb3
401e409b
402340ee
4038c035
bd8bbe16
3f89bf15
40354062
bf494013
bed540a0
3faebeb9
bf16bfa1
3d0dbfb6
401d4066
4012bff9
4050bdd6
40bf3e15
bed3bf80
3fad3f3e
3ffbbffb
40c83fac
40033ed8
3fad402a
408a40e8
3f8a3fec
c00b4004
405e4063
3e043f15
401740ed
bf6a4095
3fcd3fbd
410abe97
3fff3df3
4010c007
3f52bf4d
40843fe5
3f9bbf75
4016406a
3fcf40c9
3fc1410d
3fec3ffa
40743def
3fff3fd5
4040bfdb
402a40fc
40bf3eda
3f4e3f9c
401640b2
3fcf4085
3f22bf6e
bfb53f5f
41083ff9
402240bd
bf85bffb
bf1f40ce
bfb43f5d
bf084086
40153fe8
bfa9bf4d
3ff140e5
3e8e3f0f
40813fcc
4027bfb4
408f405a
407a4082
40ac3ea6
40b53d03
bf814088
beba405e
bfa4bfd1
40064103
401c3e61
bf30405a
3f3140a7
3fd9c01a
4063c001
bfff3f7d
3f433e50
3fa64029
408e3fb9
bfe73f39
404f3f83
3fcabf86
be843f91
ba014000
bff5bfaa
40a0bec2
40da408e
4026403d
4014bfd8
bdc240f8
be3d3f30
3ffe4020
4007bf89
3ffa3e42
40ae410c
bf6fbf0d
3f7b403b
402c3ec8
3e373f84
3fc03fcb
40ac3f0b
40213f5c
403e40a2
3f243dd1
bfb640aa
c016bf03
40f53f91
bf603fec
bf17be81
4031402c
4009bf6a
bf034032
4029bf25
3e4c40cc
bff24107
403b4025
40c43e65
40223f2f
bfa1408b
3f1dc024
40ce4002
40fe3f45
400c400f
405c4091
bfdc40ac
bf444037
be8cbdca
3ffa4045
401440e6
bdc340e8
40583fac
40c84059
3f92408a
bf9540e1
40bc4011
bf4ebef0
40793ff4
be033eb7
4012c002
3fc23f86
400a3cf4
bf7abf01
403dbf8f
3fd840da
3db740fc
40143f9f
40734035
3fd24026
4089bf9f
40a14094
400a3f18
3e954034
bf15bfcb
be544001
40653fa1
40ea401f
3feebfb6
3f0d3fbb
be2d40b2
409040cf
bf634017
c0344037
3fb0bf83
4067bfe1
3f0b40e5
3f8d3f9e
40ec3f87
3ff440b2
3ff040cd
3fbc40d2
4069402b
404f4037
40234056
401cbfc5
40153fbf
bf61bf80
409dbe44
403c4034
3fe540bf
3fe3410f
40d73f8e
bfc13ebe
3df4bf2c
402b40d6
40793f8f
40633ef8
4037402d
3f9cbfce
4082be84
3fe640cd
3eaf4028
bfe94025
400e4029
3fef3e0f
400840a3
40094077
40e13fc1
bedf3fcf
3fa2bea3
bf454057
409e40e3
40be403e
bedf3fc0
40294034
408e3ecd
bf9540a9
3fe3bf22
40f2400f
40173f94
bfb53fe4
40973f6e
40e14036
40d7403c
bf71bfe2
401840a1
3db740d0
bffe4011
3eca407f
3f3c4031
3f9240e6
bcd73fe4
3f88bf4b
40dc3fc4
be14bf05
bf3440e4
408c3ece
beb13e96
c012bdf9
4009401c
bf833fb3
40a7bf85
403ebe0e
bfab3fc0
4006bf89
bd1d404a
40a24103
40943f36
40ee4004
3df240a7
3e1e3eab
4092bfa4
3feb400a
4068406d
401b4085
406840cb
40ac404a
bfe9bea1
40fd4089
3f924099
4044bea6
405640cd
4057bf4d
bfa0be51
3e83be00
bf403e2e
3ffe4017
3ed93e51
40614012
402f3e7e
40573fb4
40ad3e74
c00c3f43
3f2f401c
bf7340b8
bf1bbfd0
bf0f409f
40693fe8
3e2e3f26
3eeb4038
406640cb
bc98c018
bed53fb0
40bebdaa
bf304037
3f8940b0
4043c015
3fbebee2
40614029
bf43bf5c
406cbd2c
be5fbfa7
be8e4008
40a03e47
be21bf51
bf3b406c
408c3fbc
bf923fb2
3fce4043
40003f87
3f5e409f
3ff33fdd
3fb13f5b
c02b3f03
3f2a4041
bf424073
40664021
4009bf55
3ee14083
bd844062
bd8c3f7c
40733e48
bebe3f51
bfffbfa5
3fa03fee
403340c3
404e402f
409b3f62
40fd4001
3f68bfac
bf5abf84
be0fbffc
bf8c3fdd
3fe0bf0b
3fb1bfd9
bf96c011
40a73ed4
3fb0403b
41094074
4014bfa5
3fba3f0b
3e0b4085
bfcd40cf
bfe03f5e
408b403b
3ee7409b
3deb3fe3
40af4109
40ab4022
bfb3bf44
402b4063
3f1c4006
408d404a
4055bf1c
40553f1a
3d7b408e
3cd0bdc6
40a03d07
40bbbe52
3f064019
3e3fbfdb
408c4026
bf894011
40593ff6
40ff3f73
3f5f4079
400e404d
40a04102
bfcabf55
41063fba
bf02bfa1
bf8f3f8c
40424101
40e44030
409a4063
4018407d
40093f39
bf22c032
3e074028
404d3fd5
bf2240bc
3f7d4028
3f6a3fc6
40253db7
c0123f5e
bec6bfb7
40163f7a
3f68bf25
bf4d4035
4107beea
3f01bf12
406c3ea8
bf153fee
40833f1a
be993fc8
3ef7bf24
4054bfce
bee84006
40893fc7
41093e75
bf1740ac
40873fae
3f90c01a
bddc3f14
bfd6bfbf
3f084096
bf844069
3f45406e
409ebe27
3fd34039
bf354032
4023404e
40bc40a7
40d64004
4103bde3
4031be52
4052bfef
bf8940c4
40cd3fb1
c0393fae
3f9540a7
bc3740e3
bf5f40bb
40734001
40453fd1
bd9f40a4
bfb13e9f
404a4040
4086403d
408f402b
3f9c4008
bf9d4080
3fad3fe3
401dbf79
bd654054
402740b1
4080bf2d
bedd404a
405d3f39
410b3cbb
3fddbf75
4004bf67
3f883fd6
3f8b3df8
40804004
3e92401e
bfa140d1
3fdb4012
c0044015
3e274052
bf464024
400d3f2c
40884071
3e0d400b
40824028
4035bfb1
3c73bf88
bfe340de
3dc1bede
41013f4e
3f3f4089
bf053fb6
4020bf2b
4057bf3a
3e073e47
40333ee6
bfb0408f
3e9740be
3f7e3fb4
3fa9402a
3fe13fc1
3fd840b0
40334086
3ffd4109
40a73f89
c016bf71
40154094
3fd3bf62
40a7bfeb
c0113e10
40b63d3f
3f844068
405c4041
40a3402c
c0143f85
40e64032
3f55bf6a
403740b3
4031405b
3fb44039
400f4074
bdea40b6
407f4057
40484103
40084031
40ebbeb9
3dbdbec0
be403fce
3fa54090
40b1be1e
3fbf3f12
bf3f4047
403d4096
3f4340bd
40a93fac
bf93401d
3ef6be4f
3f313fe2
4014410d
40b5403f
beee405e
40184081
401340c2
bf454078
c0093f3a
3ff93e6b
3eb53f86
4042bedb
400f4087
3f8c402c
40d54077
be853d3e
bfb13c6c
3fb740b7
bfea4033
40e83ec8
4029bf07
40024013
409e3ed8
40224007
40323fbe
3dab40a1
4009bf87
3f053b3e
40463ea9
4082be88
3ebf40bf
3fdf40b8
408d4065
402a3f8f
c0303f5a
bd394072
404fbf10
400a40dc
3fbe4023
bcaa4089
bf143fd9
4061409e
bf6540e7
c0183ed7
405c4033
3fb940b6
bf9a3f47
3fd73f82
40c2be48
bfc93de0
3efc403e
bf91bf44
40754052
40a14021
40ca402e
3fb33f2d
bf59bfec
bfc2bf6e
3f94be29
c0133fd3
3ee7bff6
bca040c7
bfffbf92
c00f3ff1
c03b3fcb
3fc840be
404e40dc
406dbed3
3eb7bf60
410c404b
bc17bd30
3fc5408c
3f2c3eb8
407a403c
40f9bf83
3eb640a5
bf913e73
3fb0410b
3f8a400f
bfc54049
3d9840c0
402b4076
bfe240d3
40e93fb6
409d4085
400fbf1a
404740e0
3d904107
c0194027
bfa23f6c
401540ad
408ebff3
40073f6b
40324028
405dbf7b
408c4054
40394059
3fe44014
40a540a6
40d13d9b
4091be8e
3f413f9a
40324074
401740f7
40793de0
408c4034
3ea7bf97
400740ed
bfc6bff1
c00fbe3a
3e6f405a
40194061
402c40d8
40063e39
40a63f40
3f123ff0
3fa43d8a
402a3f49
bff44079
bfdebf57
3ff1bf9e
3f8ebf99
3fe0bf39
3f6340a4
40f0bf68
41063fe7
40063fa6
4001be38
403940f8
bf1e3f87
3fac3fb4
bea64092
bf623fd6
3fa0beca
4032400f
406e3ff2
bf364043
bf173f08
40163e0c
bd993f56
4012404c
3fca4071
403b4020
bf44400b
40df3fce
40c7404c
3fa34096
3b373d4d
4002bfab
40ca3ff6
40e33fcc
403240af
3fd3bf10
401fbfd4
40174025
40ae4069
3f2fbffd
bf9c4048
3f2c4101
bfc53f9e
40f5bf94
bf61bf05
3f0340b6
be15410a
bea54006
3f69408b
bf20be25
bf1440a7
40b73f5f
beaa401a
3eed3f8a
4033be3b
3efd3fd6
409b40fc
40333e5d
3d503fad
3dbb4020
4078bff8
4006c028
40dc3fa4
40c33fbd
bf4340a2
bf9d4024
40934106
400d3f6c
403c401f
402e4081
3fb63fa3
bf81404b
40cd3f96
beb94083
be834032
bf7d40c7
bbf7bf7e
4056402a
3f814040
3e9f3f87
3f073fb4
409740aa
bdeb3f7c
40743fd4
bdf5bf50
4027bf8c
40744087
3f7a3f48
409b3fad
3fcfbee5
40283fa8
bdb24034
bfef3fd7
40e13f95
3ffe40be
4033404e
becf4061
3fcbbf3e
bfd44038
bea53f86
3f724022
bfecc02e
4096bf40
408abe66
40d7bfba
bf70bf97
3ead40bf
bf6440f7
40a24025
c0313ffb
bf2940b9
408d40ca
40023fb1
409a4005
410c4008
3f553f8a
4011bfe4
bea24099
40c03f99
be233f53
403d3f37
bf33bffb
40b240a3
40a53f4d
40524001
40223fc5
408f40cb
3fb4c02c
40e23f86
410b3e72
bcf14081
3f8e40b6
401040b4
409b403d
40b63f67
3fbd409d
3f21bf30
40353f82
40a2bf0b
40223f9f
3ec24093
bfa73e87
40a340ce
bf6b4026
bfbd4088
bf55406a
3f7b40ce
bec040bc
406c4018
bf6e405e
bf26be34
bf3cbffb
4086409f
40d2bf0b
409b4033
3fde4011
bf9e3f83
bfdd3e33
bf143fd6
402ebfaa
bf504017
bfaa40cb
40ad40b5
40493f85
bfc5408d
bf424026
406a40a6
bede40eb
3fcd4018
40e3bf8b
3dedbfcc
400240d1
40944033
40e53fc8
c0384064
402bbedc
bf034043
bec9c001
40f03fd8
40d74066
3ff5bff2
407e407e
3f33409d
40613f2e
40f9bf89
3d894096
404b4093
405340ad
40994007
40854045
3f5f4027
bf4ebf95
408f4032
40a7bf2e
41044087
3f1abfbb
402c4087
407c40b2
408c3e92
402f3fe4
402b3ebb
bf8240ea
404d40bf
4034403b
407c408b
bebabf63
401240c1
bd00bfd1
3ff3bef9
408d406c
3f8e4088
be9840a0
408f40c2
3e9c3fb2
40db3ee8
3fcdbf9d
408ebf29
40874025
40443fda
40cb3f82
3e5b3fab
3c733f1d
bfd93fdc
bdbc3ff2
409ebea1
bf063fc1
bf313ff7
40aa40dc
403d4004
3eb54017
3b363e39
3f8540af
4054bfd1
40af3ff4
409dbec3
41053fa0
3f8a4041
3fa34042
3f804108
4078bf7e
40eabf5f
3f8f40b7
4081be87
40a24097
40ddbec5
3ff14088
bf4abfdb
3fd23fa4
40a43fab
403bbf66
bf753dec
3fa840ac
4067400a
40a340c1
40743fd2
3f11be8d
3f873f46
40153f4b
3ed2410d
3dd93f0c
c02d402d
3fe14088
3ff94085
40bec023
409f3fcb
40f63ee8
3dfb4022
40863f8d
40bdc019
40b43f10
40b93f34
40293f65
bfac4035
3fbe4018
408f3d5b
4012406f
400e401c
3f6fc00d
bf8a40b7
bd104027
3fb0bd11
401c402a
4049c01e
40834024
407c3f89
3fb0bda7
4012bd3a
408540e0
bf37c00d
3ff03f88
40b73ff7
3dc43f0b
bf5940d6
401fbd90
40d13fa7
410a3dad
3ed03de6
4088bf8c
40474028
beb93f00
40d24042
4033408d
4052c01e
bfd24000
405a4000
be4d3f82
3feebfa4
400a4073
3fb8410a
40993fec
410cbccb
40214065
401f3f2d
400340f4
bfa23fe3
409ebecf
bf43403a
3e7bbf0e
3f8a40b6
40df4037
4107402b
3f03bf88
bf3240a3
402fbf81
bf163f25
401c3fc9
40104094
be833e8b
40a0410e
3ff83f7a
c029bf33
3fb64061
4065404d
bfa8402b
40dc3faf
40d3be88
402a4022
406bc002
409840d2
40983dbd
409dbe70
40074079
404340cb
400a4039
4024bd77
40d4405c
4022be85
4005bf52
40404034
40de3cc0
40e2bf56
3d994089
3e5a40e3
403d3f06
40c23d0a
bfe7406c
3fbf4025
40054079
3d5b3fa2
bf0a4033
3ea13f02
bfd1407a
3e9940ba
3b24bfe8
3f9a404d
40073feb
3e9e4045
3fc63fdb
3fca40cc
3fcf40aa
40313fd6
bf5ebfb4
3fa14060
40863f6a
3e94410c
40b04001
40e9bf1f
bf714096
404bbe38
3ecd40b9
409bbe8f
3f27401b
be903f9e
407dc020
401240f0
40e44012
c0343f8a
3f53409f
3ef5bf22
403bbfe4
40e63f89
4110404f
bf2b403f
bf6840e4
3ffd40a9
3f5b402a
3fa93e81
becf403c
3f7e40c2
3e5e4036
40e83e75
40ae3f38
3fde4066
401e40e7
4009410f
40b43fd9
bf133fff
3f3d405e
408640d2
3f8bbf4f
c0143f46
410d4088
be4d40b4
bf353f3c
40484087
3f0d3fe9
3fba3f9b
3f7a408e
bf99404f
3f95bfbf
3f933fc2
c0064006
4029402a
3fab40bf
408b40dc
40d3bf7f
400f3fa2
be9b40a9
3fa8c01f
be1c4006
40ab3f65
40753f5b
3fa94095
40113f7c
be5a3faf
3fb04001
bf31bfa7
be29bfeb
40233f89
bfe4c001
40963f85
40aabf09
3e4f4023
40763e87
40624107
40be3f2e
40534081
bd9b40bc
40664079
bfa340fa
4085bf0a
408a4056
bf6840a3
3fd73f2c
400fbf2a
bfbd3fda
bed3bf03
bf703f46
bf66c01d
bf6c40f2
3efa401c
bcf53fcc
3f18bf84
402c408f
4064bfe7
bf40400b
3fa5402c
40333f1f
3f1640ea
403c40e5
bfd43efc
c0144031
be07403a
3e194055
be103fb1
40ae403a
bef84071
bf744086
3fb3404e
4013bfd6
bf704014
40adbe6e
3e86403f
408c40a6
3fad410d
bfcd3fc7
410cbefc
c03d4086
3e45beb5
4085bf80
401640da
bebf3fb3
41073e0b
3f4c408d
3f1a40b9
407c40a9
3f85bed1
bf0b3fa9
3f1cbdca
3f5a3f84
3fe53ff3
bcf33ff1
4092408b
3fef3ff3
408540b1
40023eb0
4006bf5c
4101406e
4040bf1c
bf8d40a8
3f88c01e
409a3fc5
3f99bdaa
403d4064
406b40d3
4097bfdb
40d73fa0
bfd84009
4006403e
3fcd40bf
40ac3ee0
3f0e3fa5
be0abf90
3f0f403f
bf5d40b9
405e3eb1
bf294040
40efbf1d
3de63fa9
40613f8b
bf8f40ed
40d54014
40a23fb6
bf6fbfbb
4059bf07
40b74096
c00a400d
40a8be53
401b4056
bfb2c016
4062bfef
4088bf63
40da4061
3fd8bef4
405b405a
408840c7
bf17be13
40babf3a
3eec403a
3f904077
3fab3fe2
409d3e7e
405e3ec3
3f30bf40
408c400d
bf71408b
40353fbb
c0213f7c
be11bf43
3e9dbfec
4097bfbf
bf3a4010
40c0be4b
bf1a3fa3
3f99405b
407b3f3e
40ad3f01
4107408f
3ff9bfe4
401d4015
40bc40b6
3fb83fab
401e405e
bd9c40a3
40524047
3f5e40a2
40d63f6e
4052bec0
3f9d403e
3c554070
40a13ff8
40c4bf5e
c0233f9c
bebe4088
40583faf
409d4065
4052400f
40babf11
4013bfc2
40834061
40653f6a
40963f91
3efebd83
3fe73fd7
3f333e7b
404140ad
bfd2401f
404d403e
bf3640ac
4048409a
405e40d7
c0024022
41093f9d
bdbbbee8
401440aa
3f693fe1
3fa33eef
c02c404a
bf223f9e
bf1140a2
bf9bbee4
be5bbed5
bf16bf49
3f42beec
3f123f5a
3fd63e9f
404c40d4
3e553ed4
3ed44037
bec54092
4080409e
bf823fc5
40683e0e
40094068
3fc24021
3f89403d
bf03bfbb
bff7400f
3f203f8e
3f4e4006
403f408d
3fd33e00
3ffd4027
3f85befc
3ed640bb
bf15bf7f
bffb4057
40ba3fee
41074073
bec0400e
408e4096
40ae3e70
40863ffb
40c9403e
401f4049
bf94404d
3fdf3f7c
404c3f60
406dbe18
3f264018
4076403f
bfff4086
40e53fe5
c036bfb0
bf643fdb
404a40cd
409e4104
bfc43ff3
40dc3f22
bf34409c
408b3ffd
3fb3407e
bfb73f94
bfb43f3c
403f402f
3ec2bd8f
bfef3f6c
3f0dbf5b
bf174064
4016bf50
bf89be76
4095410f
c0164029
40ca406b
401040bc
3f774022
40ac3e5d
3e153ff9
bff54034
be723ec4
bfa140be
bfba4034
40d64031
4101404f
bf2f407e
bfacbf8c
407f3eeb
40bf3f6b
40ed4079
bef4bfa4
407540c2
40844075
3dbc3eb0
40463e11
bf4e40b6
3fac3e09
3fd740d8
3f863f1a
40d0be59
40083faa
3fcc40e9
40aabed4
3ed2403a
405a4052
3fa44018
409040e4
3f5640f3
3fee3fd6
c0324078
4008bf16
3fa140a7
40a2bff0
be3bbf14
40ee3fa6
40264092
403a3fe6
3fdb409c
bfff4026
3f3c4053
be833dbd
3cfc4054
3ec3400b
40313e8d
bfb4401c
3f583fb3
3e50bfbf
3f2840be
3fdb3fc4
40fcbf8e
3fd14098
bfb7be48
401d4108
3f9d3fc8
bff94087
403d40bc
bf314092
3f9940e7
40e13fe3
40e53eb6
bf67bfbb
405840b1
bf9a3f86
40d2bbb6
3d77400c
40624044
3f31be1f
bebbbeea
40023fc3
3e9e3fee
410d4017
3f42402a
3f6a40bb
4084bfd4
be2fbf36
c0324008
4006be60
407a40aa
40ba4025
be42be39
bfb0bc9c
3bb940bc
406740e4
40334104
3f4ebf26
40a5405a
3ea14006
bf2bbe31
3e1640e9
3ed33f8c
403d3ec5
bf3dbfdd
405e4063
bfa0bfe0
40b63f6c
c03c4048
3eab3f54
406240d2
409040fe
40e93f5c
3ff4406f
3ef2400f
3d294044
beca4102
4077bf40
bf8d3f2b
3f9e40af
408540b2
40844110
4003401e
4036407d
bea04096
402abe6b
4095408d
40033fd2
40a03fe5
40083f61
bf984071
bd804085
bf73bf31
40f7402d
3f973fe7
bf9d4073
40a23fa4
401c3fbf
bf073f2f
3f7cbfa4
be3a40e1
be8d40ee
404c3fba
400c4084
3ff5bedf
3fb34051
40a24109
40ea3ff3
40a33fcd
403f40b2
40124053
400d4035
40083f4c
3f5d3fc2
3ff840b9
3f853f9d
40ae401e
40a03fad
41054089
bc3e40a5
407e40ef
403ac015
bfb83ff5
40c13f5b
3f224093
40053f9d
40883f22
409c3e76
3db2bf39
3f394026
3fdc3fd1
3f6040a1
bfe93f70
410b3f48
beba3f09
bf5bc00f
bf424100
bfebbf58
c03abed4
bdc7401e
bf8c405f
bfe04092
3f0a3e8c
bfa73fd5
3f2e4021
405a3ed0
3ec94013
3dbf400a
40d93d96
3f794099
40874045
bf05bf39
40573f92
40f9befb
be2a3f80
3fd64060
3f63bfa6
bfab3f1d
bd8ebf6a
3e9e409a
3eeb40de
404440e5
bfb93f32
40cfbead
be45bf99
3f044073
bf73407c
bcf14068
40de3fb2
40f23eeb
be983fc7
bee540c6
408d409d
3da1be73
bfb9beb3
be6f3fdc
bfa040c9
400f400f
3f8d3fe4
3fd53f17
3fe84020
bf2f3f89
4051402c
c0183f14
3e253c90
400b4022
3f78404f
3fd63f2d
408dbf64
4051be37
3fd5bf1c
bfac4015
bff840c9
40ae402a
409f408d
bf37be4a
3ea7404d
40ab409e
40d53e75
409d4015
4028409b
403e3f0c
4094bf0c
40d23fda
c020408b
be333ff0
3e344087
4004c004
40963f15
40ca3ffa
bed04024
402540b4
3ff04034
3fdf3eca
40b1405c
400a40a7
4032be71
40023ed4
4027be1a
41103feb
3f9c3f69
3fe740d2
4098be60
40d5403d
40734053
bf0f3d83
4078c01e
3d384079
40e23f42
c000bf80
bdd0402a
408b3f8a
bfc13f6c
40d03fc7
409b3f57
40033f0a
402e40bd
4049bf8c
401e3f99
40bc3f88
bf643e5e
4049406b
3fb340bf
bf29bcae
4093407a
40154026
bf893f34
3fa4bf9e
be9fbebe
409f404a
4016bf94
400cc01a
40a9410a
40c83fd3
3eab403c
3f1f405b
3f1740b3
bfe7c03f
bfa3be6b
41014024
3f95408d
40573fc4
bf9b4021
40c4beb4
40a13f3d
3f2f3f53
4049407e
3e4fbfb9
40d3bba2
40c34043
bf283fa3
3e6040c8
409e4043
40343f2c
40e5bf6e
402cb9e4
bf55407d
bfba401f
4010402d
bfc74088
3fe8402c
bf87bd96
3fc840af
40e43ff2
3f873f03
402d4014
bf9540ab
406cc019
4075400b
41064074
402a3f0f
bfbf3f27
40474070
3fd93fc2
bf16bf5d
40bd402f
bf303fda
bf95bea0
400340ec
bfb1be82
40bb404c
4015bfdd
3f7f4039
3fca400d
bed83fce
bfd43fe3
3ee1bff4
408e40ef
40bf3e52
bfeb3ff4
3fc53f5d
4033400f
bfa3403c
40264070
c0193f76
40e23fbf
bf4f4057
4025407b
3f63406c
40103f87
406d3ff5
bdca4003
405c4080
bf0740c6
4052bed1
bdddbf67
bf124023
3f1540b1
bfc53fd0
be6c3f0f
40f14087
3d353abc
bf4040e4
407d4085
3f8a3f75
40363fc9
3f814029
3e2540a6
408a40a4
c0134037
40c94066
3ff44029
3f9e40a8
bfd14064
40c13dae
3f82bfa7
3e8ebf9e
40874038
bf24402a
bf074024
4102400c
3fe340b2
3f384076
3ffc3ee1
400bbea2
40e8bf76
403f40b8
408bbf68
bfb6bfed
bfb83fec
c0273f09
becf4073
40474087
3ffb40c9
4000bf37
40d44010
bf03be77
40254084
408cbf1d
40833ed1
3fbe3ea3
3e3e3f82
3f4940e9
bfc9bfc3
40d53fee
40f54030
befa4068
bf3e3f78
bfe1bdbf
40913ecd
40334031
400dbed7
40094064
408d40c9
3f7b3e65
40c3bf6e
3f313fb6
be013fe4
3ff63de5
3fc7bf3e
40c1bf82
bee63f4d
3d494011
40b540bc
4090be20
408a3fdd
bf4dbe28
bf9a3fad
404d408e
40b3be65
c027bec6
40394007
4077405a
3f753fd9
beef4031
40f84083
3fcf3f31
be92405d
4021bfcc
40b33f73
4075402a
3f663f30
3fdb3ff1
40aa4104
402c4034
3fd43fab
40103fb7
407e40cf
3fcd40d9
bee33f9f
40874069
c00abf92
bf3740b9
3f9fbf33
3fe33fbe
c014be62
3fc03e91
3e263f81
3f503f9c
402d40df
bf3e4024
3ed3bf20
402bbede
bfb84016
40124051
be22400b
40a8403b
3fb7bd01
bfb23f76
4065bfb9
40c5401f
bf8a406b
bed1bfc2
3f0040be
40104096
40d83fa2
40e94050
3fca4091
4033bf59
3fcbbfb1
4073bf30
41004064
3f7dbfca
bf203f5f
3fa53eef
4057bd88
c0014010
3f98bf12
bedc40d3
bf044024
40e94032
40c04083
3f8a3fac
3f974071
40ba3f5a
bf07bf2d
407a3ffe
3e383d37
4030bf13
409f40ff
40473f50
40603fbc
3fb140b1
400e40a6
40ae4007
bf743ffc
409e400a
3eaa4026
3ced3fcf
3fb03fa0
406b3fb6
4094405a
3e9b40b3
3df940cd
3f6a40bc
bdb23f9c
40f13f82
3f8cbfbe
bfac3f17
bf5d4007
40cc3feb
be323f0a
3f99be70
be4a4067
4046bdb1
bddc3f5a
40673fc9
40224062
4005bf95
3e97bfcd
beadbf4f
c0013fce
bf62bf53
bf1b40d7
4005c012
40643db2
40303f61
bef04010
3ef93f5b
3eddbf95
40b9bf3e
bfb53fb2
3fa93f0f
3db040ee
406f4067
bfd33f70
3faabe77
3f9d409f
403040d9
3fd24109
c01d4033
be614013
4021400b
40574016
408abeaf
bfbf4010
3fc8bea8
40003f93
3fbb40d3
bfc4bf8d
40b13ffc
40653fd9
3e904081
4050bfd6
bee940ed
40ec3fb4
4014404d
3e9cbfc0
bf7040ea
3f0ac033
bfe53f83
bdc03f41
3f103fb2
4085406f
3e644082
40053f98
c0273e1e
3f1c3fb2
406d40df
3e7e40e4
3f44410d
40763fbf
4013401f
be50bfdc
3f5cbfed
4065410a
40c34012
40893fdd
bf40bf02
401c4083
40b14085
3fdf3f9a
40ac3e02
3e963fab
404c40c8
be244068
bfbc3e41
40bebf9a
bf1440aa
3e55406c
3ee440bc
40bd3eeb
41003f8e
40193eb9
400c4080
3ff640f1
bf843eb7
40e93f29
402c40c0
3da9bff1
409540f0
3fc9be55
40213f30
3f65401c
3fc840be
4030bfa0
40a0bece
3ff1bea7
3eb34029
40344066
400ebffb
40893ed3
3f253f8f
3fad3f12
406d4082
3ea040f9
40e53d33
bfd7bfad
40323ef8
40183e0d
be90bf69
bfbc4017
3f25400c
bf2f40a5
403940d7
bf983f43
3ff03e9d
3ff7407a
4026bf94
4076bebc
3fb240c2
bfa14014
409c4014
4021bf69
3fa440b8
3e00c002
40e33f71
407cbdd0
bf79bff5
bf9540cd
3fc1409f
40933f39
406a3ff6
3fe84088
bf8240e3
4089408d
400f4024
40073fcf
bea1bf41
3f874077
befc40ca
40343f3f
40904021
3fb03fb1
400d3fc3
bcd54107
409abea2
40814089
bf6e409b
bfb3407d
3e264025
40a63f53
408abf94
be104063
3fc93ff8
3f003ecb
40053fc3
3ed73fa6
bf4f403a
bf3e405c
40844021
bfe7401e
3f51408e
3fb1bf44
bf8b40c0
40a640c7
408a3f90
40e1406d
3e9e3f92
3ff6bfc4
3fcb40bd
bfee3e09
c0244036
3e2abfc0
404f408d
4044400c
bfb23fdd
3ea0bfa8
3fa9405b
404b4087
bf1f40b4
4095bf2e
40c5bf70
bf074012
bf984090
3f7c3f24
40564016
4094be9b
3f354062
bf28408a
4090400f
bfe240e7
40ba4021
40b8401e
3f323eb8
bfb840a7
3f69bfdf
408b400c
40ed3fe3
40393fd7
bf8340e0
3f94c038
40e7401d
403dbfba
3fe43f77
be7f3fdd
40a640e2
40d63e94
409b4027
40354084
4063c01d
bf844023
406d4010
403a3f5a
bf1f403f
401b3f4e
bdac4011
40c44026
40a1407f
401abf17
3f3040ac
407f402e
40283fa6
40c33f87
3fc13eed
402fc00f
bfffbec1
40bd3f9c
bedcbfac
401b40ac
406fc00b
401e3deb
40eebe96
3fe0bfab
3ecc40bf
3f9e40a7
40094089
3f643ecf
bfb43ff8
3fedbf4a
bf95c00c
4097408c
bef34032
3f08bd82
3f7dbf03
3f7240e6
40114091
40d13ff3
410fbf92
40103ee5
3fa43fb0
3fa13f0d
3c49401b
bec94034
3bb740b9
bf0b405c
40a2bf18
bda13fbe
40814083
3fed402b
40734044
4099410e
409e3e24
40ed3fad
3fb83fcb
3e50408c
3ebbbf2d
40e93fc4
3ff1bf14
3ebd4089
4086bfbb
40474050
40cb4014
40403fc5
3ff33fdb
3f08becf
bf294081
40c3402a
4013405d
3f5e3fa9
bf7a4060
bd4a3fcb
bef8bf5c
3f414065
3f35bf0b
3e4b3f28
40b34007
bdd63f73
bf1a4088
3fef3f0d
be36c00b
3f893e5d
40d13f9e
bdcb3f15
bd7e408e
404bbfbe
40784087
40883fa3
c00e3fe7
bdab40bf
bf0d40b2
4066bf0e
40973ff1
40833ddf
bdbc4082
3ffe409f
40bb4092
40ac3fc1
c002bf6e
bf6940a5
3e0b3f90
bf95be88
40edbf10
bf843ea3
3f93bf70
bed63fd2
403dbe86
40273edc
bf003eba
3f684089
40064099
bf5bbf96
3df1c022
c01c3fed
40bd3f88
4032403d
3f50be5e
40243fb2
c0193ead
40b64012
3eb4406d
3f0d3ff5
4017bf8a
3f844009
407abea6
3fa8408a
4028c019
40afc036
c00f4011
40f64016
3e353ffe
40363e6b
3fa840b1
40dc3db8
bfb63fca
3fe04013
bf10bf25
40bec001
40d84017
3ce43fcf
bf36bf27
40693fd3
bf694106
3fb74010
3f5f3f4e
3ff44007
4067405e
3f693fba
bc143fa4
40b54003
3ff53f1c
40903fe9
40653e93
40dc4002
c00d4016
40194004
3f3640e0
3eb3408b
bf073f03
3fb23fa6
3e253fe8
3feb3feb
3ff24091
3ffb3f60
409fbf82
3fcdbeef
be994072
3fb240a9
bff63dd4
3f0d4086
3ffdbf20
40284012
3f78be8f
40cf3da6
c000be93
3f2bbe8d
40344096
405440bc
be3bbdff
3fa54043
4003403d
bf203fd3
40113fd8
4092403f
be36bfa9
4028409f
40823d24
3e5ebfd2
3fdb4002
40354082
3f723f0e
bf67be35
402ebeb3
40783f93
410dbee8
bf134066
408b40dd
3eb440e7
40703e91
3ed5402b
3f9e4089
3f9f3f6d
3f303e6d
40bf3f9f
40d94080
3f983fce
408cbf48
40b3bdd7
40b9402f
bef4bf00
bea140b5
bf4fbfb6
4002c020
bef9be58
40cd4034
3f6c3eb1
bdbb4080
bd1e3de4
409b3dcc
40e44007
3f8f3f8c
3f3c4094
3f81c015
40e2bf20
bfc44009
bf5d4083
4040be07
40064108
40603f33
40c5be2e
bf704064
3e0140da
3e3840f1
40294048
40bc3e6c
bf8ebf9b
3f7cbfc1
bee8bf8a
40af410f
40d73fa4
40c13ebc
3f9b4061
3f374091
4012bdf6
3fb94027
3fba3ff1
3fdf3f84
408b40b2
4036410f
3fa93feb
40babe8b
3fcdbf83
4061404b
407540b0
404c3f73
4050bd4a
3f1d4074
bf7b4049
40814101
3faa4032
41004054
40384088
3fa74014
403fbf65
3f69bf74
40fd4085
bf143fea
4079c00f
3f9e4019
40973f9c
c016bf0f
3faf4069
bef13f97
40653fa5
40a9bf6a
40454056
be9dbf90
bfb0bf91
bf84405d
bfc2bf79
bfd13f86
3f18bfd4
3f8d3daf
3ede4055
bf6dbf59
40a9bf88
3f4d3fb4
4019bfb4
3f36bf25
409f3f83
40db4082
403a3ee9
40233f92
409f408c
40d23f90
40964088
be72401e
bf0dbfe8
405e40ed
3f544027
bf034004
be453f3b
3eaf3ffb
3fe04074
40483fda
c0114022
40083eb8
3fdcc00d
be194108
4083bf06
c02f4028
3fc1409d
4002bff0
3cd3400f
3f82400b
3fd14038
3f2e4080
402d4044
4096bf8c
be53bed3
bf773f9c
3f864098
be703e60
40463e39
4095bf77
bf7a4038
401c4097
4032bfd7
3fbdbf06
406d3e07
bd554002
bf7340a7
40503fb4
3ff94106
bf863fa9
bc4c3e65
bf403ef9
4080408e
3fedbfd9
3ed03f43
be8f408e
bef540ac
402d3fbb
bf2d40f2
40913dc1
40d24051
40033d46
402d40aa
3f983f74
40b23f5a
40a54004
403840ae
bfb0406a
4048c024
40af3de5
bf484049
3eb43f0e
3ffc402b
408d40d5
40923f7a
40ea4086
c007405a
3f8d401b
401440b6
3ec84056
40b93f8b
40914074
40204001
3fc840a2
40313eb6
40acbddc
40b7bf17
4036bf90
407040a6
401340bf
40c53fb0
3fc03fb4
3fdd40b9
3fc83fe1
3f31c033
c00a3e4f
40083f63
3f37bf85
bfa74073
4090c02b
40d7bf07
4043404b
bf60403b
3d104039
3fce40ae
405abf3a
3fd53ff4
3e4b405a
3f173fd1
404340f8
bf114018
40f73fde
3d863fe3
4042bec4
40924084
bfd0be55
40e03fd1
3ee04051
be0c4090
3f9bc016
40a83f09
409d3bcd
bec8bfe6
403940e9
bf2e410f
bf0c3ff8
408a3ec1
3f483f7d
408240e1
bf82bf78
408dbe09
40e74011
3ec1bed3
3fbb4016
409e400c
3fa33fe1
bed03fcf
3f704051
bf8640e9
bf7abf8c
40bd3ede
40e8bf68
4035be3e
3ea24059
405dbfb4
be4f403c
40bc3fc9
40333fc1
3f483de6
40343f70
bd62bf75
405c4087
3d953f06
3f77408e
3fe2bdc2
3f8e4035
40dfbf9b
3ffa40a0
40804093
3f3440b5
4075bf41
c0053fa9
3fa14062
3f9440c3
40b13fb8
403c4002
bf024017
bf7cbf9f
40544074
bedd4024
bee23f5c
3ff03ee7
4029bf3b
3fc940cd
4024c03a
3f29be72
4106bedd
beb93ea4
bdee3fab
4053410d
40ac3e66
3ffdbf6f
4034409c
3ee53f96
402abfc2
bf57bee9
40db4024
3f72bec0
4061404d
406f405a
40d03dfb
c017bd94
bf2a403a
beecbf1d
bd0bbf7b
bff04011
4025bf04
402cbfa1
3e8c40b6
3fbe3f8d
c003bc58
c0204077
40044081
bf66bf5b
40274087
bfe1c00d
bf04be99
40dd3dd4
3f6f409d
bec73eda
404640f4
3f87bf78
40fc403e
402a4054
3fe14018
3fa240ec
4071bf64
c012bf64
403dbfaf
3d8340aa
402b4094
bfc4401f
40dc3f36
bec5409a
3ffcbe63
bf963e56
3f874027
bf4ebee2
3fc53f94
3ff83f3e
3bc6c00d
40b53f94
410f4060
4029402d
bfa040a1
4096bf13
40a23f2d
c0113ee2
bedb40a5
bec0bfa3
409a40f5
409e3fa9
3f3abe83
bf7c40a8
3fef407b
40a5401b
3f173f96
be97407d
3fff4077
bfa040c4
4092bdaa
3f0b3fe4
40aa4037
400c4083
3fa540c0
408f40ef
3fed3fc0
4098bf10
3ffdbf9c
3f9340c8
40a33faa
3f95bf6c
bca3bf18
b8b5bd9a
4086bff3
40a6c019
3febbf00
bf603cd3
3fc240a4
401d3f84
409440da
bf354024
3ff2be3b
bf68bfba
404bbfc6
404b4091
3f233fd6
3e9fbf9c
4006402b
406240bf
3fd740f3
3f354035
40f33fc9
403d40a2
bf7e4056
40994102
40c63f49
40bc3faa
400d3e7c
40073fc9
bfa340e1
bf4b3ed0
3fddbe9d
401d3e65
3fd5404d
bf834103
bfacbde7
40ca405d
3f493fb2
3ea740d9
bfb84026
3f28bf1d
bf5b3fa9
3f34404c
bec6402c
bf9bbdc0
40ad3f09
bef53f78
be984051
bf1240d7
404ebece
bce83e91
40e0408a
be814095
3f8a3fbb
40764022
c00c400e
bee8405e
38ba4026
3fd54077
409440a5
40a9bea4
40e14074
400fbe93
bf72409e
3f5540a3
3f8e401d
40623fea
3f4a4081
3f8c4055
40314083
40c34030
40184033
c0373f61
3fcf4062
3f943fb7
3f1f402f
40413f1f
bf75be8d
402f404b
400d406f
bdd14019
beb14023
c0343ee9
4015405a
bd1140ba
409a404a
3eb14017
3fb2bf11
bec6403f
407240de
3fbb403a
3e7ebf4b
3fc94072
3fc73f82
408440cc
406240fd
409d401a
4094bf3a
3fd93ee1
401140ec
40a93e97
40794030
408a408e
40223f9b
bf5d4087
3e9840ab
c0183f2a
c0124069
40363f78
3ffe3f8e
bf1dbfc1
402d3fc4
bf39408a
40253f09
3e94bf48
40bc4027
bfc53f1a
3fe73fa5
4027be98
3fa13d82
409640bf
bfa43f39
40e6406e
4003bfc5
beb64036
3fa3bd7d
3ffd3f5b
40d03e85
beaf403a
40493c8c
401740a5
3eb74000
bfdbbf3b
bf68402f
40414050
3fef3e2a
c01b3e20
410d4023
3ed74092
401e40d1
3f9d4008
40e34014
408b3e4e
3e193fa4
4087bef0
40843f8d
bf0b3ffe
40b73d87
3fb43d6d
40513fe5
bf6a3e43
bef24026
40703fe9
bf66bfc4
40434048
4033bcc2
409f3fc0
40d64043
bf64408f
401e3e82
404140e2
3ee53fdc
be1b3f92
4020bfca
3fe5409e
bfd54081
be0e3a92
40f3404a
3e0b405e
406cbf46
40b740e9
40cc4012
bf0f405d
40374074
3fad4025
4097c02c
bfd5be06
40bb408e
3f8f3f84
406b40e8
3f4840da
bf8c3fba
40a23ea5
4004bf10
403f400c
4084beed
40c13fc2
40b5bde0
3fefbe59
3fc4beeb
3fb14078
bf7a3fa7
40213fe4
be773f92
4019be07
4098c02d
3fd94038
403fbfae
3d6840bd
3f36bfaa
3fc63f52
40a440da
40553f80
41014009
3f94403d
407740b8
4003407c
40bb4008
3f673f35
3ee03fcb
40853ee4
3f37410e
c0104039
3f583f17
3e90bf0b
4087409c
3f75c02a
c000bf39
40e8bf13
bed43e4f
401040cf
bdb73f81
be1dbda8
bebebd90
3ffabf84
3fa140b2
4015bfa4
bf853f93
c00a3fc4
3f3d3f21
bf993dcb
407d4039
40283fdd
40b63f24
3ffabffe
3fccbfda
3fef4107
40b53f91
405abe7f
3f46bf5c
3fc340d4
4048c030
bfaebedf
4107400a
bec140bd
3fa540a1
40573f1d
40e83fdb
40824089
be7b40b7
3f5a4071
bf9940f4
c0173fbc
409d3fcc
402340ba
be1e40df
3edd4110
40a23f35
40f44029
3da63ed9
405940ee
4099be24
402c403e
40fc3f13
bea4bf63
3e9d3f64
3f463db3
bfb43ea6
40943fdf
3ef33f97
400740ad
40b340e2
40e3bf43
40f3be95
bf4cbf92
40423f25
bffbbfea
bda73f39
bf923ec4
3f4b3fac
4044400a
408e40de
4072400e
40b5408c
bf214029
408f3fdc
40903f34
40824021
410c3f39
3fa740bd
3f153fa1
3fab40ce
3f553fb7
409a401e
3e664093
408bc010
4031410b
40c23f3c
becb3fa9
3e9a40b7
403c3dad
408abfe0
40b13f3a
40694003
bf51bf99
4088405b
bf8a409f
3f1e3f7b
3f344083
403b3f8f
bfa74018
409d3e99
40da3fbf
410dbf6c
3ff04067
402abe82
4043bd9e
40614001
40c8bf14
3fd63fc0
bf5c4031
bf9d3fac
409ebf71
c0214052
3fa4bfe7
403b402a
4099410a
bff740b4
40853f26
40dfbf9d
3ea74081
3ecc40ca
bfd63ee7
befaba61
40c24089
3d1a4096
bee8bf39
bf5f40d2
40803f69
3f9d4015
bf2c3ee0
3df0400f
3fa440b3
3fd53ffa
c0043f58
3ec7402d
4015be84
bf4340ee
40163f96
bfd03ebe
3eae3fdd
3fc2403a
40a44105
4055be88
41013e2e
4038bf74
402940af
4089bfb6
bfd34025
3f903c68
3fb840a8
3e8440b8
bf674015
bf773fc5
409f3e53
bf08bfb0
407ebef7
4027c018
40693ffc
4106407b
4017bff0
be3d40d3
bfe84077
407d3e85
bfe03fbc
3f4a3d79
402bbfee
4083bf42
bedb403c
40a4bee3
3db3bfd6
3e9c406a
40114073
bfa03fc0
40b53f48
3f6c4092
403f3fec
bd8540c6
400a3fe4
40143ee1
403c4080
407b4068
3fa14036
40df4040
40a2bf03
3f82400b
4013c015
40113f66
3f3e4013
bfc7bf9b
3ff14069
3f8d40e4
3f2a3f07
4050400b
4040408d
3eb7bfab
3fa24085
4097409b
40a2bd86
3f053f42
3f71befa
408b40a7
40b9404b
40e53f9f
3fd7400f
be52401b
be05403a
3f8ebfb3
40d83fd0
40a54033
bf06bc4f
40053fdd
bf2cbfdf
bebf3fa8
bff24033
bf1c40a7
bde840b8
4070408f
40623ddb
3e533fc3
3f8340b7
4089bf54
bde4408e
bf663f39
409dbeb6
3e86be8b
3fde409b
404b410c
bf28400b
be97bf68
3fd13fd6
4029bf51
be304021
40d74007
40773f57
40314017
3fb74020
4095bf23
40613ff6
c01cbfb4
3f8c409e
407bbf3d
bf723f65
40bf3f9c
4074407d
