// case 007 stride_gap - C[128][128] FP32 expected, row stride 512 bytes
// 16384 words, 32-bit each, little-endian memory image
4365cd21
43053112
432e191d
4303ab89
43264fdb
42cfb829
424270c5
428198c0
43146da7
43111ad5
424c2152
42d3c869
42ee4144
4243e7b8
42c7d276
42dbae67
4315bbe9
42a1e28d
434cf421
4238a5b6
4357a022
42bb6d8c
431d153c
4279d074
4293e009
4359568d
42bc2ec7
43402e5a
43439465
428a253a
432f9f2b
42fac371
42fbcfd1
435b701f
430684f7
420d05aa
42937a28
4327443d
434bf85c
429e48b4
4265aad5
42894f2c
42cbe34b
433e5e4e
42bd53a0
42ceb297
4318db3a
42b8b927
41445991
42b3e8b8
42cede8b
41d6237a
431121dd
42ab31fd
430286fc
41f8f822
4250239f
42eaa214
43487fb9
430fdbed
4319c4d8
4252fec6
427e7ab0
42d4985b
42c51c60
42e2e314
42e08e69
432e2cdf
4327a732
4114ad4c
42c10a0f
430631f0
4213548a
4343874d
42eb0af5
433627bd
42e4c043
42ba7a68
431bb1b2
430c7d39
429c3d8c
42b1b66a
43409b76
4223e933
41b46968
42e0c0f1
42e569d2
429495a0
431247ff
4216cc2b
411058a3
42d0307e
4320c1ce
42a224d9
42c2cdb9
4303cff4
42a0e8bd
421fc4c5
43328212
429bc10c
42d5b4af
42eca2ff
43079424
43491e39
42af0f46
42dea48c
42b85a36
430823bc
4301323e
42dcf9d3
43646808
43097a95
4236968a
42fa9b5e
42f850ec
42548bb3
424f3d02
42edf266
4317a706
42e0065c
42aae352
430c98d9
431f6b63
435d009e
43179cee
431a34c7
4290b936
42c97b89
42d0c1d8
430341f7
430d1155
4315fea1
4313ea1a
4305f75e
42f30841
420fd322
43234a24
430f4284
430cf4de
432b2f84
43107adf
42d20acf
431a770f
431c3cfe
435691d3
4301ac95
43097487
42e61d96
42cb4882
436c0dfe
42d8698e
42d57a46
42c64364
42ed1087
42f5d60e
42f2a3e8
430cdd37
42f7005b
430ece7b
4335e20b
431c12f4
4351eaa7
433c020e
4287a49c
42c3f5b8
43423a26
430ef8be
42cb9c93
430db598
42a7d8ea
42f82e9d
42e2dbca
42ce55f0
42b1cc98
432896a1
42f918f4
42c586de
431d3cf2
4258e410
4256cf97
42fb9db2
42f27d9f
42e2543b
42a49754
42993853
42fa9876
432b512a
4300aa97
42475dd8
42faac8a
42cbf6e8
431a8179
4305dafa
42e7bad0
4346dff7
43549b6e
436187aa
43029560
42cd55cb
42d095f4
430ab5ee
42ae7db8
427d9988
4309b4e5
42cba3a5
43013c33
42da1731
42e24b66
42720616
42e78495
43178b17
42c4b4a5
420a8b50
42af1fd9
430ba1c3
42f6304f
431a6aea
4338b9d6
42d08381
42f987db
42b767fa
42c29c37
42e67548
42b41250
42f65a51
42c24b33
4335a65e
42fc2bd0
42af0ffc
429f9eb4
42ff14fb
430d483d
4329d0af
42e68647
42e37ddc
42e4ee0a
42b19b8e
43380e18
42832c30
42f7c099
43122605
42ffcb56
432e0eec
42e4c7b0
42f4905d
4301d17e
432c6c52
42f67098
42b6f419
42f73ecd
42f7eda7
432bcbd4
42e99d2a
4322a9c6
42ac2536
43247eca
42ee7273
42e6ec3c
4323652a
4336a850
42d7c0d2
42b20624
421c4920
4314b8c8
4319f8cc
430cc5a0
423c9fbc
42cc112c
43296120
4292ba3e
43114f11
430f831a
430a91dd
42d0c43f
43028980
43069f17
430e7aca
430c1b72
433312a9
42f1b45d
42c19df7
431457d1
428807e9
431d9e5f
431e8596
42d851bd
431f2a98
43431689
433cb7f8
433cc56e
432ff375
42d94c2a
42f676af
431792ed
434bbb67
4295479e
4304b1cc
4283c622
42f3db24
4380d87f
430ede31
431eafcc
43085f42
431bd868
42e03846
4310c421
42b06cfc
428b9e46
431a5df4
4368a34c
4299767a
43037571
426e9036
429be38b
430a5de7
4280cff8
430d8147
42ec0550
41ef85d8
4322f33e
42cafc90
42a0f31e
42ae95ed
430ba18f
43346b7d
42c486ce
42c42cbe
42ef1f06
42ce7857
4338d928
429fb6b3
430981d0
42ad339e
42ed6794
432f1dc9
42ea0c6c
42d2edef
42f64428
43094f78
430bfd5b
42e1e97b
42ec74dc
43278637
43028af4
4321a5f8
4327b77b
42feab73
4312ac48
432a4253
42bf18ec
42b830e6
4306f1b5
42d77874
42e2e7af
436322eb
43457ae6
42950bec
42ca660c
43096f84
4315aa1d
42c14501
42a64809
42fe2201
4313566a
430251d4
4320b70a
42b48bc2
42cbbef0
4305a878
42bc5c84
42c3cc99
4314ca43
4283f696
4349d771
42f2e5e6
43274715
42917dd6
43132c11
430b48c8
437670f4
42d493b8
433058b6
42dbf511
4324e61e
42e6d0db
430c562a
431d5856
434b61ab
427967e8
42f23bb7
42def614
42e825c2
4328435a
43178a53
42dd5870
43037ec6
42e1ddf3
42b94402
4307e524
4297d604
4324de46
4308cc1a
43399fb8
42ad9135
430bee11
4365f966
431c488a
432538a2
4220a427
4341b523
42c51c2b
431725fe
433611d3
42982340
4329bdbc
433b77ca
43229c80
4337c151
43173cad
42b2a919
42f2cba4
4331b5a6
434c8d33
42c470ec
432be5fc
42ddc3ef
42ebba46
43584473
42c37f7a
43024bf9
4320f2d8
42daea8a
4310e808
42a8ad70
42b240bc
429f5b0e
430892ab
43353b48
42d0af11
42899230
42b6d5b8
42fe78c0
43327665
4289442b
429ad290
431bfb1a
429706d4
4336d3f0
433752c9
42fa416f
4293fd87
4313e686
4367766c
4301430e
43168f57
431f76cd
42e1e03c
4350d3dd
42da5c9c
43130144
42db9ace
432739fe
433b4d07
430b27db
42decf88
43296663
433e7a6e
42984094
42c64b4c
43009bd0
43036b22
42b3b950
439b3dfc
430fa7b1
42f47a58
4305362b
42ec6048
41f99580
42c28802
4309d3fa
42c5caf7
42a472fb
435a8347
42a7858b
42e12d20
41b716a6
42f78c70
4338f10b
42ac5d2b
4288a44a
42fa770d
4319767d
425c9850
4320e7f3
42b82673
429dd64f
424488de
43173130
4339b74c
42fb958c
c1368f48
42ad194b
43384767
42b1b28a
4282cf14
432fe7c0
42ea2f27
43800f26
42e3da76
4358b78c
42bf9425
42ed736f
43249457
42c90838
42de0b72
43160612
43199b13
4304f638
431324b2
429630a8
431a8d57
436707a9
42ae7e0e
42f417e6
4321fd6f
4321f45b
438fb80c
42a7abea
43487f4c
43059e66
430b857b
42e4cdba
42ff0430
434d249f
42bbfb10
43189391
4032d7af
4308a9ff
43077eb9
434dfefc
42f3feb9
43234ec3
4352fc5d
435df2c3
43486eef
43554bee
430cbc30
42b674df
42dcb607
432e2a94
428fbf90
42e740aa
4344326a
42d0ec2a
42d15df7
43208a8f
4214ff66
4309169c
43303a18
4306d3ed
4166bfb8
431ffade
429aa492
42820f9d
42f58e82
42a324dc
43064f2f
428dad94
42ad514f
431c2885
4331f114
4320405a
42d33032
43555a84
42f21955
43113ca6
4319dfed
42f3ae83
42dab653
436a022a
434f2ced
430c16fa
430cc039
426da477
4305d294
43162d20
43758eaf
42c42a7e
430f8a29
42f2e2a7
43378713
43733563
42af7e33
43755256
43422fe9
42a4115e
41a68052
4331a1ae
42b85455
4306c52e
43409594
435295c7
42f485f8
4316f9bb
42b26e12
43057197
42dcd91b
4314222e
4308475f
42af31da
43119355
423ae791
4307abb6
42c0473a
42c64318
430c9892
42b98241
42026b18
4346ecd1
42f98907
4294b334
432370e1
42d7c867
4310bba8
43365656
43006ee8
4381593d
42ff62f7
42d8929a
42b1f3d4
43410861
42998124
42705e60
43305335
4323152a
431ad324
4304a98b
4317b22f
424bd1ff
434954ab
433d4568
4324485a
43077626
42f88d11
4334b55c
4348cf6b
433befcc
42ab072a
43213e90
43010202
42acbeec
4384d70f
430c5bc7
4291a5e5
43264e97
434a3f90
43355dee
428176dc
43387d24
42533e4d
433f2a61
43168775
4326e27a
42c3d240
41a2b561
435cc993
43009a98
4371aac7
4314d6a3
42e2b225
4369855c
435fbe31
42eb0bdf
434ea207
42e485de
42fe0661
42c001da
4316cee0
4346379f
43228719
43070c07
430bb97b
432bb2f7
4337d04c
42dac77a
431f9e96
435c8749
43093e0f
42697952
43050412
42dec7bd
42755367
4326f11c
42c3b178
4295f610
4328ebdf
4320d50f
43095f0c
434b453f
4335c4f4
433fc442
4333e8e4
431e3802
433c0783
42b264ec
434d1b92
432208ea
43392f9e
43736c00
424014b6
430ea696
42ba6498
4254e64e
42d33c8a
4311d234
433f063f
4359baca
431f7672
43710bb2
4333dcc4
42f07442
431ff12f
435573bd
42e7d015
42342e0a
435b634b
4317dc14
433d6d80
43030b22
42c52232
42d81723
430ad482
433156d5
430cb1fb
4304df15
4329acbe
430ffcfb
4291d868
43142afe
42570e2c
43261a70
43080749
42e6431d
432c65c4
43152f0b
430b3a1e
42f43f68
42df5e59
43090d8e
43078ed8
4325704d
433fa36f
42d3660f
4369501b
42eaf502
42f9b940
42827415
430b86c2
4310c69e
42fe7780
42d41557
43423fc2
4326c519
432512d7
432a7322
4349e3ab
42333c7b
43020740
429fbe0a
429627c2
430d9476
42f81cf7
42d55bfe
42f56d6f
42ef1d1d
42a02539
426661eb
42f0be74
41f65aa5
435bf804
42e37fe3
427ee634
42d17dca
4315d0e1
43292efe
42d3cada
433f9702
40e18880
42f6e35f
4304f5c2
43267d51
42a70ba6
42f7ddf7
4360d145
43139246
42ecb166
430f83bc
43071c64
434633c1
4326ea3a
429cc410
430079ee
42dd9a04
430b0121
42c24fc3
4261b6a8
4304daaf
4221d298
42b8f76e
42898af8
42e56222
431b54a1
41f49918
42a65b02
431ad3ad
4314d9c4
4261101c
42aaff44
420fa99f
42ea8193
4344732b
42900712
43122076
43162947
42812710
42d2f564
43369ece
42a218bc
43142a0c
42ee306c
428f1b64
430e4c54
42fd522b
42ac7494
4306cd30
4310097d
42faa809
42dee301
430d991c
4296e4c3
428eba68
43048845
42360616
430770c4
435b525b
42fe4037
431b4dc0
42f0598b
42c042ac
4313655c
430c92fd
4295f490
42bf3f82
430b71ee
433d6b21
42b10b8a
43180e8f
43196b65
429f3b88
42b88170
4318164e
433022a6
4324de48
4307d034
432f8573
427c5edc
4301b139
4289e79d
43051819
4304adde
42e19020
42c44b70
43267efb
42e803d8
431fe314
426fee0d
42e27cc5
42d5dfae
426aa0de
432f45ef
429f49a2
431624f0
43314153
42d7febe
42ddb739
42de2212
42eca13e
4269c0e0
42a789c0
43384123
42b2e6de
4333a8b0
430f5701
4326ff5e
42700508
42cc445e
4330ba9a
4306d7f8
434df031
42d2c1e5
4312d9cc
4344fd7b
42ba6a68
42838daf
4301aae0
432e2c96
42efeaea
430fba0a
433f9180
42256240
4332b504
42c863ad
43448101
4303b528
431e2072
42ccb07e
433bf983
4324d126
43339550
42957ccb
42946d22
4361dd6a
42f0cda6
4344dac4
42cee8a3
42feaf4a
4365eb85
43430a62
434626ce
433bb019
434b3c00
42e19a9f
42a95268
4371d042
42eb970b
430f22db
4309697d
428c6553
433e39a7
4339071e
432660b8
42f8ac43
43197a01
43197da8
42ab3d98
43328222
42cbba52
4194ccd8
4321500e
42f63934
42e05e78
42fbf24c
42708b0a
42ec497e
4303b0cb
42c26d5d
4317ba19
43015406
42988f86
41be5958
42bf3083
42c80c17
43315f29
43a11dd3
42a692b7
425f1c9e
43378f4c
42abf67a
4316cc01
42f4dee8
425c68ee
437a0830
42a9f2f1
43022748
42ce67fd
432bbf74
428e1d7a
430e7f10
4367ff5e
42cf3e56
4238eed8
43244aca
42eff375
437d012e
42c3c214
434393b7
41c6f5ae
4323118a
43345c2d
42d82ac6
42195100
43566163
430b1ce9
42f68a2f
431651bf
43087f2c
430092c6
4310c18a
42ebff70
4324ecba
432682ae
42bc91a6
430d6c42
4332cbe5
42f33234
42f23ed5
42c872a0
42b710a2
43693da4
4304605e
42eb6363
42f3ba46
42d7de91
431e0a4b
428acc22
434ed060
42c8f760
431a9ba0
43021422
43286652
430bfc20
4319c391
428b5d62
430f494d
432e2328
42cead3b
43125946
437be7aa
431dcfe8
42fe3178
4306daee
4364c090
43514c3c
4378e4e2
42e4265c
43194c40
43517ede
42fd1425
43238e7f
432a11b2
433ae98b
42e9513c
4352c2a2
434abe5c
434011af
4344e7d2
435ddf1a
431db9b4
42e53213
435791ca
42ad6d9b
437634a7
43850cd1
42b3cd46
435a400c
4360b516
4316ab12
438d0893
4333ab6d
430f3332
42cc3fd9
43165036
438df821
43209ec2
43547772
431db209
42e9ad7a
43be4726
43121dcc
43546dbd
4361b95a
431458af
42ed4035
4309dbb9
42cc4db1
4307b099
4309700d
437d79e9
42f7ed3a
43228658
432f1ec1
4317ffde
437751b2
4301fd0e
434868c6
4332b791
43002c00
43751e68
43374ed2
42ddb9b8
42cb9c1b
42e68eb5
4382c2ae
42f703fa
431c5300
42ed3e0c
4307dc3b
438a5de9
431c91fe
43285517
4301b37c
4347b41b
43545c87
43291b87
42d8eb1c
42dd0b87
4349911e
435c67f5
42f428c0
434e4ffb
433f0c05
42b8381a
437dd141
43407ad4
4331a994
4330298f
4328ec25
4302b0a4
43120506
43494304
430f9790
431ec66f
4386c000
43217519
42e86a00
42f201a6
433db611
4331e102
428f410b
42a4f565
4326b123
43579692
4302d25e
437c71b6
430dbe31
43051d3f
42f91763
431c21be
433a5bb1
432716a2
42a07ea8
436882ab
433cc31e
435b5979
429fde88
431b7116
4324d6f4
4392a028
4308c4e5
4393d672
432124f9
4318f793
42dbaa3f
42d89ec8
431fe6c4
4304f772
42968631
4304689f
430fbfe4
42af6489
42fe5d6c
437bb463
42da29a0
42982c80
4346cb54
429cae5c
4366ff73
42d3f8c9
42c6ee3f
431ca11d
4312acbf
42a013c5
42e0a49d
43160e85
42d5ae7a
42b897fa
42ed1e1d
4306a47c
42cbc792
433ac68c
431df6a1
430609ca
434a98a7
4385e1c1
43247f91
434f1655
431e7704
43100956
4324ccae
4317680e
43380938
424d61f8
432d6686
432b06fb
433a2f61
434bdb04
42a9c9ac
4329274a
4327f1ea
434f70e5
4298b78a
4326e417
4266c901
429d1326
43009373
43210900
42e3bcaa
430873ce
42d0c890
42e99332
42f2ea56
42ff48a4
43153b62
432d2983
427a8d2b
42e1e8b2
4310594f
428de8e6
427484ab
432a7242
433cd207
428579c3
4310d56e
430a78e3
42cf9934
430355b9
4318e7dc
432263d9
4334affc
43353d5e
42f8de93
430f561c
42cd5de4
4352730d
430ff066
42cbad0c
42ec31fc
4332d9eb
4286b390
42f2d83d
432a9066
438a0999
430f9e60
4315a0b0
4321fe73
43388e66
42ce9073
430901ca
4304e520
42c2d7bc
42aea0b6
420b99b3
429b6878
4300f851
430554ba
42e2b3a9
42310b40
429bfe13
4328ab64
428d00a5
42d48bde
42c805b6
42dfc83b
4347eecb
43825c60
430c351b
43184755
434d56bb
42b68ab9
4345698d
42f3ebd6
429e73c3
429bb875
4302f36c
430f1bb4
4325b9b1
431401c9
432aee6a
422ab0ce
43526b46
435d3ee8
433932c4
43080e26
42e092c4
42f34eb3
4320ef05
4307e522
42fa3f4c
433694fd
42d0aa05
40a92cdc
4339be4d
43446871
42e2a97e
430356ba
432bac1c
433572c5
42c6f59b
433b15c6
428f729e
42df74b1
4336d8fa
43453b06
4280f680
42d9ba3f
439271ba
425c4956
4347314c
4386cd04
42b8eb37
4371b73a
434c7862
4307d814
437845f5
42e2fb3d
43395aac
42d9b629
42f80bdb
4380e4be
429a98cc
432d3f6a
4291e109
42e67617
4350b5e5
42a104a9
42e7ce84
431617e3
434f2bac
42ba624b
42cbcbe8
42d03099
42a65621
43494645
4309b4a3
4309abdc
435e00a8
42e4d288
42ac2d66
4368c178
42de82d3
43399ca9
42f72d18
42cf23c3
4334d944
42e56cf3
43044aa5
43191d0e
431a0cfc
436fd2f8
4297533a
4345a9c0
42bdca08
42bb9a6f
42f2d0d1
4299000e
434df9ed
434820d7
435b90eb
432afcd0
430e48de
430c81bc
42c6fef8
435d084d
4319d743
42ec96c2
433fe685
43150c20
42c672be
431f427e
42eae807
432859b2
43042929
431f852d
4317075a
42cbf9df
431eaf22
4316188b
431390d5
4304bd80
4285183e
435806a5
42e81636
43340c50
435309a2
42ed74be
43313438
431babe8
42b5c70b
430fff8a
4305aa94
42c6e82a
431a26e3
428d1dc8
431eacc9
4307abba
42e65e1e
42906cb5
4318f96c
431670e8
4312264b
4297d0de
4318100a
42a65888
437725c1
432986e8
4346e84f
42d6ecf8
43018826
42f0b028
43128fad
42e08d08
42c9394c
431c0c93
431a7944
43527264
42c1ebf6
42ea9b56
43336c81
4287c4b4
439bc452
42ebd362
430d6d52
4360562e
434321b0
43641341
42c55c36
43139942
42e5383a
43165c1e
435bdd55
430701c0
430eaefb
42726684
4309eb22
430041a3
42b9e5e0
4307b132
4327a59c
4332c3a9
437451a3
431cda0a
433728dd
42a8e83a
42f17ad2
42ef2b88
42c3fe80
4317e76c
4310863d
42fda80f
434db4fa
42d30a71
434f34c6
42f148af
4325489b
436837f7
431fd52b
42aa8b70
43134597
4271a072
432924e6
4327c6f7
42ace3b4
430a563a
43445322
42f55688
42b868c6
4325dcc1
42ec16c0
43185488
43721b5c
43164963
435200ad
4335d245
43246a5c
430ac6e4
42e260da
4370eace
42f9c976
42caabc9
429e09ea
4306486e
430e28e7
431dbb92
42bbdde4
434a9762
431d54d0
4381542c
4344bb04
42cb85a3
43509af0
43282164
431636ee
42d7ff95
432ac5a2
4346c227
42e31ae6
42e84349
43303a8f
4309ff31
431b9343
4334a3f7
435b545b
433f942f
431cbb73
434a1297
4302d4cc
430e0250
4309b91f
42ec8e07
43184054
43198d42
42b5263d
43160b12
42cce795
43221fac
42900954
42eccc9e
435b13ab
42845fd6
433923ce
42dd172a
4375e539
433cf2e3
43160707
43049c76
435ae014
433c11a2
42bb7412
42eaed53
4365e43a
43227c1d
43230c66
430ac063
431668d9
42cede5b
42c8b361
434f4a1f
4332cbab
435c4321
42e0e272
42fed16e
4289d7fa
4307fb23
42a3a8e9
43181d0d
434cd7d1
43255c24
433a3772
4369d604
43215a7b
43326fd5
42b8d2d3
4334735b
434283f5
42ac5e0c
42e299fe
431bba6c
42ffaf0b
431d6b41
42f5aa0f
4297a5d4
433ac9e4
42ec8ded
439233d8
42d4c93e
433951a0
4337170e
4337d0c8
436d6f3e
434d1309
43513af1
42caef1f
42c292bc
430fc09d
430ee43c
42d8f7bf
42bb9827
4294bfce
43520af1
434e2a78
4243527d
433534aa
4307b856
43523769
421b487e
43174456
429ef905
c195e7e2
4357127a
43043206
43178969
42ded517
42b1ebf9
432ff0b5
4310c1df
4310a923
42c103de
42e0b9be
42dd1241
42881303
42c27709
42b4c994
42f558a9
43a789da
42f9eec4
426e6d81
434305fe
42814eb0
432490ac
4303b604
431585ec
433db6c9
429a1702
431eb1d5
423fb6b6
432f0427
4292f601
435d7bce
4359af6a
4300e58f
429b89cc
43085a5c
42a63c59
436b9a7e
42f58605
43660d7f
41b126c2
431b6611
43218fa3
430bedcd
4307e3a3
434013e5
42bbc884
41e4518a
430f6803
42b00e75
430f8b4a
42c21bb5
43111eff
42f217e3
431b532a
42e615cf
43138568
432d842c
42af038c
4335bbab
42c5ca7b
432017d2
43902384
42f4b594
43068cdd
42baa4b0
4200535b
4318365e
42c9c297
432877de
43032920
42f968ca
433d49ad
42f5c127
431541cd
43227927
c144d0da
43733a41
42f1410d
42c875a0
43231d65
430c093f
433ff0fe
432cb85b
431b288c
43366b0e
43652fb7
43385e96
42a672e0
4326d00b
43226789
42ef3c6a
4327d7e9
434f2216
437c857a
4208abe3
436dfdfe
43149a4e
43454f19
43324963
430b350a
430b3822
42e129ba
4338d907
430623fd
4310afb1
432d937c
42e90b37
4337c1c6
43588023
42b35d19
436faaf1
430adf0e
42c6838a
42d630b8
43279984
436cd383
430912ca
430d232f
43212d77
43095311
434fafc0
429cb4ee
432f0739
437d93ed
42e05718
42721e76
43108b71
42a789a6
43112be5
42f10040
43350b44
430e424d
42fcb2df
430b8e93
43076a54
433d8e5e
42e531c9
4339bbf0
433a7d45
4314939e
43682663
4313fd3c
42c503ce
42fd9f28
42f249c3
438ea268
42d8777c
430b1bf3
43052878
42bfc90d
433d37d2
43051dca
430df68a
4344b895
432046c8
43918990
433c563f
42efd7df
43366f85
43470400
43188c7f
42cf5a6e
4339d0fd
4338a386
42cc5eea
432bc3c6
42d27b9a
432e4258
43310b16
431c6e1d
42e5406d
42de311b
430bf859
43006273
43420a25
434c4d14
42da5a4e
43015053
4305c29b
4310833d
434d46c4
42caa8c1
42eeee35
4326f102
42e572f0
4327edbf
4333f79f
4316d846
431d3f17
42a4f294
4327d21e
4329131d
4338284f
42e41930
430fa001
4364e3cf
435bb144
4258f668
4373ad87
435410ae
437ec8fa
42fbe9be
434bdd3a
4303fe79
42f2a318
42fdd0e9
43102fa7
43169af0
42cfedec
43341fc3
4327ede6
431102b5
42fb5054
430ddae8
434565fc
427421f6
433ff1e4
42f54904
42fdc3cf
4398f875
4316337b
43341cb1
433e7799
43305033
4346e9d4
43214365
42ff5ab3
42cf68ba
43032e16
4260336f
432f3a20
43020502
4331997c
432753ec
4329c927
431a4a6e
436daf44
434e03fb
4357978a
428c79a1
42f5f0f2
4337d2be
43372847
4323744c
431983b0
43441239
4305a80f
4305d9db
43394898
42aa97ee
42f01db2
434f075d
431f24ca
416433c8
43406f55
42c76f35
42d47ba6
433b15fc
42c3255e
43440d2e
430997a4
42f66e9c
433a7517
432bcab5
43170bda
42f9da4c
4362a870
429cfcb3
434ee796
435ff6b4
42de4ba2
42f54b65
4357ee93
43435173
42b15052
431053b3
42f4cebb
4332f7b1
433a3a3c
435a7e7c
42f2be4b
430dda10
43013974
4359aedc
4380b74f
4310ead1
434d5235
433aaa18
4311f06e
429ca370
43104e85
432f02c0
434040c0
43449341
432ea314
431d99ea
435b3f7f
43137233
42f4ddac
42f33b29
434e37d2
4301ee7b
43018c13
433b539b
42e3fecc
43041010
42da82a7
43187af4
43515430
4312d527
427a863f
43628ea2
42ddc9f5
43137171
4363d6b5
42ebbefa
43136493
430ecb6a
43454729
43476115
42eba818
42c44abd
425a66e4
433deccc
434351b6
427d68f4
435fc260
43709a46
43480ced
428c742a
43499f24
42c0675c
4331c036
430ec438
42eaca5e
433c8270
43310a22
430666cb
42fc672a
434cf3e8
432f0989
43663ed8
4319e478
42ec28e2
43305207
4359ce8b
42de9ad1
432b5e86
43125f3e
431103ac
433ab378
4346c8b1
42ccf2a4
4337f6b6
432964ea
435ccafb
4334f930
428400a6
43714df6
42ecc93c
4349db23
4364050e
42acaaeb
43790aa2
4377ac44
43321bfe
43648fde
43367d44
42d71462
432308f9
431e0325
4397a048
42da28cc
431e4052
432e92cc
4318fbc0
43774a01
42c68f19
438110f3
4347add8
43226958
4308639c
42c722cc
425822f3
42407abd
432f2696
432e8530
431ec416
432b8789
4288cf42
43002538
4343ba43
42e0e100
431f166b
4342fbeb
4328c717
43592041
435c6ee5
42d97dd4
41f29590
434fd70b
438a3cda
4256e11d
435f3acf
4309dc31
432b33ca
433bb5c6
431ebc0a
4369792c
4327f388
435adca4
436b931b
4314ae83
42a09278
43340b11
4347e9af
433fa501
42990b9b
4337202c
42c13531
430cfc41
433a8c88
431145d2
42f89f06
4301f241
4308ca02
42dcb2f6
431e1108
435ba16a
4298790c
42f3e5c9
4320ac60
42c7928d
429fdeea
42a254dd
432af90c
430a1bef
42895405
42866cc1
42f99aac
430c7aee
431b2942
433eac92
42d68b20
42ebdb6a
42d67f5a
434a4068
43411c02
43662993
42390763
43124835
432de433
43084c9d
42a2a4a3
434aabf5
4314d617
4393c6e7
431d44fa
434b53a7
42cd7934
4356e882
42327fa8
42ab13f2
431fa6d9
430975a2
42f70bb5
42968b44
41ddb504
42a9b426
42fb8f9e
42f3271e
42000c37
4299e770
42d76a38
42342e0a
4332f45e
42f55e71
42c66c7f
42ef3ff1
41c40cb4
4287df50
42f357ab
4269e970
42a1dadc
42fdbf2e
413afd8c
42c973f5
4248914e
42cefbc7
4244f8ec
433013d4
42c5af21
430fd92c
432868fe
42bb505a
42b57320
42000b78
42c60f52
42edc49c
42c5487b
42a6824d
428e1875
42c97c47
42ea9881
428ccd6e
42d71766
42cad827
42b0dcbd
42ec5cdc
4038db20
42f91226
41ed4a97
c14549d4
431b4d81
42a9156e
42d6c623
42b2a86d
41095f8c
42b1d65c
42df5a37
43204c90
42704289
428f5401
42268f4d
4249397a
42b511f6
42b370dd
425c01b6
4330eb87
42c84482
425d9f2b
4287ce18
42670a06
4301208f
4219b044
431ab686
42a98436
420cf7d0
42e4d274
43025aa1
4306a98b
42c5578a
43039e3c
42e96a74
42b54656
40c5c438
42bb6df3
428f83b2
43284ba7
4263d658
42dc10a1
428f28c6
42ec26d0
43303f20
427d938d
42e90db8
42e074fb
42a48d46
429cee9e
42642fb9
427ea399
42ba3624
42f4ffac
42e070cc
42a2c57a
42a5f592
4290a20c
42d94040
42d334dc
42ea88f7
4296b6ef
422d07dc
42e69993
43420e89
42964fa6
42b75dfa
42ab980c
4294e4a1
4306ba15
424be923
42aad62a
4274ac0c
4251fe92
431c79de
430fb670
42e2ef25
4294bd5b
424157d8
4318c140
42e3385e
430bc8ee
4395c8a7
43062da2
42c3085d
432ebd2c
424432e6
43265edf
4315a762
433c4742
434248cd
434913bf
435548f8
42b69230
431e0814
428e370e
43415273
431d48ee
4302d2fe
42e04702
436ef80d
430c8280
430bcb7e
4295804b
42be3979
431f102d
430b205d
434ff528
42dff714
430f3c01
431058d2
433fd513
42da3ad3
433e9d0c
43491e2f
426bd77e
42bef4d9
431f18c1
43104462
42aa7439
42e3761c
429528a6
434bef42
434df784
42eaa64c
4322ec8c
43530569
4326677e
414ba2cc
430ac330
42631232
4276fa40
43579ce5
431606b9
4306deda
42bccac3
42a0b129
431ede02
42cdd492
42ad4880
43495b59
42e83476
42b35969
42e8f8c5
42fa1154
428d1c00
43174089
43487802
42bc3a9a
42c3106b
43000134
42a7022e
42d5ba4e
430f2d18
42800116
43389732
42e672e8
429b6386
42f6a65a
4319db72
42bd7221
42d76cbd
431fd3dc
42caad35
42cad2b2
431a7b54
43507514
43389c9f
431b3bda
431b1684
4283b3c1
430ac7d4
4370d70e
42c4b18a
42f84932
436693de
4321df65
42f8822e
434b064c
432c7d3b
427059c8
4310dcc0
43126263
431aa832
42a24eee
42c6f9a2
433d122d
430e3e41
428e047d
4353398c
42d11581
42fcdd85
4364207c
4292d9c0
42bf5503
4310a3d7
4262666d
4353fb22
43127193
430c603a
42d01752
430485b8
43453ef2
4305e003
42f0c0c2
4340d18a
42b7689e
43380192
433cf37a
4340e053
432896ff
43367f97
431bb477
431f4bec
43305e25
42cb193a
42ef0402
436af571
42a3c5d4
435a484c
431b5dbb
42bf2c9c
435c95ea
432bbbbb
43349597
43570205
4386cfb5
430acdec
42fdf0bf
43805ab0
433fd841
42f9b9ec
4310ebef
436460c9
430d6e15
4382f372
43891b94
42f17d2c
43832815
437df0ba
436a75fc
4391f00e
43264376
430cff94
4349c7ed
4331e910
4344a34a
42ea63d7
435b035e
43123b50
42e0f432
43890efd
429e9dc5
43034653
434a1bed
43311f0d
42b69d85
432b061c
42c505bc
428c9da0
43501d9b
42f93fa0
4331dcc0
431e1b4e
42c2faaa
431b3d58
4399236e
43128880
431d794c
435c8c80
42d194dc
431d0deb
43610611
4317b4d5
430d19de
437c58d4
435cfe74
423faf28
4351efa0
4303241c
432e3e44
435aace2
4346b4cc
43573350
4341b5b5
433a9ec8
434fef1f
4354da28
42c5863e
43648166
4353acca
4331d836
42a46869
4328e266
4302c481
42e395e4
438a2f2f
4348cd9e
42ef248f
43302e14
430dca1d
43441cf1
4305a723
43489e8e
4322e7e4
42fdbc4a
434691a2
42d653d9
43074bf9
4313760e
433acdfa
435624da
430438bf
42b058a3
436b372e
43350285
4312f48b
432e7ceb
4315c666
43282ed4
42f937e3
4367c25e
438e3191
430e9387
42af56f4
430477d2
4317064b
430ef784
42c2311e
43804d28
4332a088
439d3f4e
4310a15a
4379a9f1
42dcf1ff
434a5760
42ab30ae
430f67a8
4345f2a8
42c6e940
42803be4
42ca5048
42b574ca
42e1e697
4310038a
432fded4
431acfe0
431548bc
42f25c57
43013c6c
435fc9ed
42c8ddac
431b3691
42d135ef
42801741
430addc5
432422b6
432e87e6
42c72768
43212e77
4294c14c
4249bae7
42c00780
4345e2d5
42a67150
42b516a6
42dee31a
4340bbdd
4351e4ca
43353b06
431e3fe3
4212d66e
43258590
43308c93
42f51bb6
42f1d201
42c937ad
42adfe9c
43218301
431539bb
427bbc26
430d0ea7
433f1f58
42fa6006
4275c732
432b3bff
425ca6ec
bff04dc0
4308ca22
431ef5de
42f80526
424190fe
4206c7b4
42a43d55
42e8470b
41f877c0
42782612
42f21fdc
429946c3
42eb9ab6
4362446c
429781bc
42e394fd
4379a851
4338c404
423961cb
43113975
42dbd60f
42bd753e
42b54d0c
43345e32
42fff951
4249b442
42df0404
4343ee8f
431055bb
42cd49ab
4356f3da
4321ed2e
42c60a5c
4265d78a
42a6d619
42c03c86
4346741c
432b2a30
433295fa
42cc8e81
435286a6
43179bec
42a8394c
42af93ce
42eeace0
4309f577
42a33fa4
4325e730
42aa1946
422f35fd
42daf44c
4338c63c
42bfee82
42872e50
4276692e
432b4d46
4326d0af
42e436c7
432753a0
42d77a15
42a66022
43289f36
42e01446
4337502c
4310d83d
423fa2ae
4312856c
430d04a0
42dce996
428d04de
433b4ff8
43467a84
432bcc28
428c5ad1
430d711e
428d8170
43375b04
427cfb7a
42ae9711
42adeb07
430188d1
42e94ff4
43040201
42d6fc06
429bd50d
42d0b8ff
42c228d1
42033898
43032efe
42c78bc5
c13b1b2c
430a65b9
431458fc
429af304
42dd3ecc
4314829a
423d945e
42c4a789
42caa2cc
4318c2bc
42d9833a
427e5482
43406fb0
42c2fe99
43043a8e
433946e6
42bb2e74
4314ce9a
432d7826
42d692ab
42fcd796
42cb4e4e
42dd1382
431fd286
431267bb
4347b4b0
42b055c3
42fda467
42bbd89f
42f3b5e8
430508bc
4271c0f7
429bc9ae
430c1a71
42c19634
429cf526
42e7364f
4284611b
420fc52e
42e861ec
42a705b4
42e3a39d
42f28db6
42ac0cd8
42eabaee
43362807
42f44026
429ae7a8
4321b668
429cbc28
434adbfa
42d8f52a
42eedae1
4288d5a8
430d0363
433ddd05
422f7897
43180e4d
42b9498f
42e458c6
42e39db2
42b3762c
43190db0
4327eea3
4322acc3
4309e53b
43075ed1
43022348
42a68ff5
43171e7c
42b6a8d8
42a3e5b6
42eae7d6
42969bbe
42ebf624
431652f5
42cd6e2a
430138eb
42f9f4b6
42c1a787
42c7cdd0
42a0e286
4300b5f0
426f93bc
42737195
42f1c87a
427105ac
42daa65c
428952b9
42d9f72b
42e56816
42eb22ce
42da9e46
42db3f52
428e628c
430e21ca
42d1be4e
42aeffb8
42fe67b3
4230c9d1
4326fcc9
42cd6452
42df75e6
429f96f9
4288e077
42d60fa0
43098b3c
4292aec2
431f8e47
42900658
4358fc47
4319a537
4334cdf0
427a794b
42b84344
42676eb8
42f0cb43
43171fc8
42a13f18
42753a5e
42f6ab9f
4304493c
42d5b9c1
42251e0b
43286a78
42a678fc
43298dd9
42cf0886
41b880ee
435813a4
42a32238
426341f5
431d1bae
42c18c63
427875ca
42b80a23
431bc6a5
42bc9ed8
42c4a13f
42cdb4da
42afd17c
43031380
42ff0f7c
431afb6c
430b2a11
42f054c2
433c6b64
431a1c02
4308ba05
42cc5fb0
42408e38
4357b2d4
42b8b778
427f8cd4
42a06912
42ef8b08
42d2ca69
423d0f4b
42d95424
426711f8
428e9cbd
4318f090
42e65901
4101741c
42c61d74
42386dd9
420020e2
431da17b
40ae1460
4325df40
42a4204c
42063e2a
42e0f398
43039237
42a88bbe
4297a72e
43568a22
42d90cb2
4322c84a
4350d820
42bbf768
426659a2
430cae3d
42dcb7ca
42e666ea
432a0f07
42982279
43005505
4274c9d8
43080a7c
42f2d508
43006666
42f3aeda
42dd9c59
435d4528
42dc85ff
4313979e
4309da0d
42bd4d5d
42b57596
429fdadc
42d8ddb8
42f2702e
42d490cd
4329559c
429dd8ac
432564f9
433107b3
4326e594
430dd830
4339c015
431e4c86
42dbf463
42c05ef2
426248f4
424976a8
42830245
43425250
4282aaf7
429f11bb
4236a292
4331b0f2
42c8d57c
42b4ed60
431852f6
42916749
42d16399
42ec5cfc
4313aab9
434e0cb0
42d0dc6b
42bbb909
42dc1458
431625f0
4258c3b2
42cd405c
430f351a
42ec8a4c
42f739b8
42fb0c47
431297ba
425b3570
4300fdcd
43523cc1
42e4fd1c
431ca48c
4313ea8a
433586ba
43329f87
42c08a2a
42991361
4344d1a3
430412ea
42daeb18
42f93a2f
436144d0
42d731aa
430b3878
429964a0
4335fe7c
434e3716
43480e7e
42c9c154
432eecdf
43196101
42d7b73a
42cf915c
41809bda
4355202d
42d88301
43115dfd
4322d28e
42a6de54
433f65d7
43490598
432b7cce
43592756
432281bf
42a9f407
422c5050
43585bb8
433a118d
42240f1e
432c341e
4284029a
430aa08d
433cc184
42a1b8cc
432e0b53
43180a81
4335d556
419764f0
427f9e50
42791139
427dee5a
432ed79f
42d34a5e
431c4daa
430397f4
423c32bc
437f7af0
4316f16c
430bada3
435c673d
430c5270
42b92f4c
431a121c
41fdfa18
42af179e
42d25fa8
4348a6c0
43233363
42cc704b
42eb6646
42b9f77e
432dd3df
4355680a
42f397c6
431bf5c2
4320becd
42b81b3a
42c01de1
43281b00
4270507c
4330f166
43265f9b
4262962c
429d4a6e
43285b98
42a7cb64
42e84a1c
43059426
4320c16a
42a7e6fe
424b4268
42e69925
42c901d8
42da1acd
434881d4
429f4588
42944439
432b0671
42fbb121
42b948ea
42ddf690
41997694
432f4872
42a9a17f
42c27784
4328c13c
420d211b
428f8d14
42c4db45
42eabab2
432b38ec
4327e6da
42bf4a8b
42aa6b0e
431c0378
42ab314a
42e02898
4325c316
430646ef
42a362fe
431e7c77
430bf632
431a9c94
42e94661
43493ebe
4291b408
43100730
42ab0a3f
42fc03ad
42995070
42e37d96
4297effe
42ce252b
431d64ec
4323774e
431e565b
42c372fc
42c78cbc
42e9ae60
4308681c
420f2dc3
430af242
42d05ba0
41fcbfb1
42e97cce
43114047
42e960f1
42dd2bf2
42e5a47e
42873484
42d5ddee
424c5435
42dea61b
42d26c8b
432c963c
433eeaa5
42660ca0
42bec2b8
4314fc6d
42fff2fc
43660c44
42bcf32f
42828ad3
42f4d98a
4304655a
43631f7a
42a4730b
430d0db7
42cae7c2
42ed74de
431cc148
41ed10e8
430d6f53
42e2ae92
43085131
428d3c10
427f5890
4283b855
41962d70
42ee8c96
4301e958
431256f4
42e1382e
42b654be
43274ac2
42bac1b5
4288a112
4301bb24
4316da66
4307a144
434d0d43
430465a8
429db5ea
425ab1b4
42b9093a
434c4d4d
424f05f0
42e2dfc1
42b747fd
42b313df
42c1e095
430c9494
4319c2d3
42834f58
432eb9b6
430fcd8b
430dfbb2
43075539
42fefcc4
432c0e12
4302dcca
42e1b357
42a83a10
428df036
430c435a
42e908de
42eaa0f1
43035b53
430971d9
4304cb00
429cc965
42baf098
43124022
4271e57e
429b21a8
42d0ae72
4234c1b4
425e5d30
411c10d4
431f62e4
431080c4
41db6f8e
426dd028
42eb1f3e
42dae5d2
4291af56
430e8e8a
42ed1ad7
42c22f8d
42e1a46c
4318a1c0
42c87590
4306cac4
411d41d0
4301575f
4323002f
430b8e03
427c6748
42abe13a
432082ac
43073856
42b582ed
433fa969
422dc33c
42fdbc0f
4344ebb2
4327229c
433f4542
4319339a
42b92833
4320fcfb
42bc0b0c
42df8b56
42d1c19e
435c5264
42797754
432f0278
43448083
431c811b
436d1969
43055b00
43557fb6
431f6a4c
43259f26
4320881d
4320182e
437be34b
43305a65
42e0621e
42cf7215
4359be3a
42e34944
4317af41
432cf199
430c076d
43854254
434d7c9f
436eb6f5
4371adf3
433333d9
4312dde4
42b8329f
43240526
42fe7322
42a2d6e7
43359a00
421d544e
42e1767a
43694e98
432ec80e
43147861
431dfa8c
432d5157
42ec6d64
431d7e66
4305a55b
43023224
435f64a6
43510667
42df1f64
42fce0c5
42977042
42a3b43a
431d1c4a
4241e5a0
42f7fefb
4323ba36
420f7031
43035f04
4353af72
42f8a1f3
431ee53d
433d0ebc
4322deee
433bd816
431c0a81
43141b9c
43007845
432c1b0c
42ddaa92
433a7546
42ac36a0
42e81f45
4341a7fc
43647cf2
43159dfc
4350fc1c
435f6f32
42f80fc8
42ec601e
431f21a5
4365bfe6
4327e0fc
4342ca06
4388522a
42db6319
43492ffb
434c4ee0
4321e7c0
430d5f64
4352b52b
43754637
4326663e
435955e1
4342fb7f
4339fe95
42ef4702
432ed4fa
4350fb64
4339c60d
42d3975c
433a5233
4315c045
42e63b03
4375971b
42d10ed4
42e0db8e
431b9558
432572f7
4380fe1a
42f4f361
4294cbea
432d21c8
43372516
43081062
42b5221d
43342268
43075878
434e6270
42c2ceac
4339c048
42bfb144
434496a0
42ce7ac8
42be5cff
426ed060
434f5015
42dc5f7f
431f374b
428ce48c
43005992
4313b973
42a27a99
41308bb8
430fb855
4312cd1b
429b1624
4322b943
4311e161
42f99c4c
42b4e41e
43349c3b
42d492a6
42b855db
431a662c
431d85e7
42cb0dea
41e49742
43544f5f
42b3a341
4314bc43
434e5ba0
42e34a52
43493552
43295ef6
42c75cae
435bdcd7
42cb61a0
432a894d
4294ba76
42e55b55
43532a6d
4286bb02
43322a8b
42118778
42f302cd
43544697
425a9963
42bd2634
42cd6cb0
4323ba9a
428ae83c
42e289dc
42ba54ae
42d30713
431126bd
43282d7e
42dd259a
43421bb3
42cf5eed
42b4f170
432418be
4298d15a
432975a5
431465ba
423073c5
4358ce23
42a68378
42e74aed
430b32d0
42d9e7aa
435cdbac
42f8929d
42e7028d
4290d477
42b3e6b8
432215fe
42ddbb7a
430575c2
43111ffc
43113c66
432e00c2
4308c0d3
432534a3
42bbcb6c
430ec0af
42b77614
42d4f6b2
43285649
431de6b8
42d10a21
4350a7e9
43236b90
4353d86d
42f46d27
42fe691f
42da5643
42c0893c
42e84f4a
4304f629
429f7b7e
433dcfd4
42ecddbb
43183a07
429b4b5b
42c4c574
432f09d6
42f90ffc
42e2f3e8
431799fa
42a3c384
428828c0
430f570c
427fb4c6
430483cf
429a1004
42f3e372
430a336b
42a8837e
42a6b5c1
4304eefd
43348d40
42fda5ed
42581b0d
4302dd1c
42911cdc
43441978
42ed9fd8
4350ee7c
42a3c59e
43199f07
42f92f24
430e05a0
42ec1a98
408136d0
4310c4dc
4301740a
432b9e71
428bc162
42c6ed57
43157dea
42296723
437b045d
42ac4c22
42f9f4e7
435fd019
4302f39a
43509327
42f6596a
42d94aad
431e666c
42d5741a
431c4b9a
42ca786c
428a10a0
4255a0dc
42b55e26
42b5362d
42e79f7a
42b9125e
4323d13f
42baf7a1
4331c1ee
432d3db0
431bfa8a
42977454
42a3836a
430bfd3c
43005805
42430c28
43157e4e
43067ea1
430053f0
42c72db9
431de069
42968c38
42c9ee43
4328d3ba
42f34cec
420539b8
4333bf2c
427fabaa
42d368be
42fa1218
41de209e
42e23969
42fb83b3
42acd586
42fed68d
42d7e879
42b0f9f8
42ce0c9b
4356c32d
42d7ed12
42ee6caa
42fab680
42b724c8
42ddbab4
432e29ef
42fe4992
42bf4a2a
42ce7697
4029457f
4317dcb6
42bba8a5
42cfb060
429ee8fd
42cebc5d
429ef924
43219c38
4330c988
422cd751
432cac92
42fd8fbe
4341990e
429cc74f
42c62fd0
432dfcd0
4311f094
4273c3f8
43139130
428176c8
430b5f3d
42d96086
4324b690
42a41295
4333e39e
430ba119
430fcc40
43028f67
4335b816
42e49742
42b4dcf9
42ce3aaa
42dad51a
4315e19c
419b2af8
432977a8
42abe09e
42c4c8de
436d9d22
411919d9
429277d8
431c9850
432138d8
42fed02c
42ffcdf8
42d9605c
42c5e2eb
42f3126d
432f85a5
42a414ad
436623ac
4349ee7f
4302dee1
4253dbac
42c095cd
42b5fd69
4301f190
430a0f73
430171b3
43043b06
43150602
4294e1ea
42df4c2c
42507710
42271f5e
42bba9a3
42e64fcf
42d0fa7e
42e1bd99
430973e7
427cb4ba
42e875e5
42c39810
42a79ec5
42e1a359
42ce34a9
42a648ad
42ad8577
43025717
42f00223
42b8a994
42361d8e
42a6db25
42045c14
43245dcc
42e80587
42e8919b
431b1c8b
42c1c276
431072da
43204828
430299ba
423e11e0
429afa3d
42daa6e2
42c9429c
42808035
42c83226
42389758
431c487e
43161f3e
429ccd48
42e6af98
427b92b1
42cd1f9b
40a2f50c
4310d7cd
42d4b915
c0826518
426d6894
42e8b607
428b6e43
4275bf54
42035384
42c82b1f
42ee25d8
428b43da
43025506
42ada6fc
3f8d36e0
42d8078c
42697b20
42f4edef
4248196e
42fcb12c
431803ee
427f9f6d
42e43f5c
4286a716
4281869b
42f08338
42b45096
42e04aef
424ed7ab
42987c18
42a2fd5e
428a42ed
429eb3a9
42fbf4d2
4286239d
4288faaa
42b0d76b
42ebccd4
4284219c
42c3a973
4300eee7
43349fa8
42e496a3
428f87b4
430b5990
42ca7612
429bc068
42ebc126
42b45015
416aacd0
433968a8
4311c9b4
42c89f9b
4264d2af
41f3c85f
42befc10
42d0b516
42b5fc48
42b57850
4290bcd4
42807b89
42d80933
42ab433a
42d8b2c0
431b426e
42d59d16
42946e44
42cc5db7
42205039
42f24fdd
42d45fb1
42ce54ff
42d1df96
4317f585
42f8c40d
42f3ed41
42d0fc81
431b48d9
419e8c18
434444c3
4300a745
425146a5
42ba5b92
422a4bee
42b5bc32
4291ead0
43127a5c
428b66ea
42db8982
43269bba
4227c855
42f4f2d6
42cf6374
43280d7d
43186bfb
42bbfa8c
43431d9f
42707697
4308e3ea
42f7a86a
42f58331
43067387
42e84148
42c05be4
42f7b15e
4314c19f
429373b2
42b10595
42d0d8c4
42b85708
431fd98f
4330e53a
42f12c0e
431f4bf1
42b9b456
42fb3414
42a24514
42a0d1d7
43139922
42c0610a
427ac638
42dd99c8
42ab6e98
432d2cab
4212cfcc
430c4fcb
432f74fd
43050670
42a5b48a
42d73ad0
414a2812
4311004a
42b45f4c
42d9c048
430b30ac
42b00a6a
42929ab6
41cfd038
42d7e256
41a4682c
428df873
42f2f5cc
42b13cf0
42b53324
432ebde9
41704930
42bc0ce7
43220bc5
431c88e4
42513871
42e321fc
42d1a35a
42b7d0c3
431bdcda
430afeec
42be3701
42fdc765
43004cde
43226963
42e61b52
4242728b
433bf875
430b7d5b
42a6f8a1
42b636b1
42d4096e
42dac406
42722902
4308ab66
4321d46c
42acd71a
4335fec8
42a7f111
42fec8d8
42cb4b68
429ba46a
42e21c06
42b10d32
42e3f58d
425eb80c
42c9d2bc
42c6236a
430b4e48
429d1d18
42d9b0a2
42857bd8
42fdecb0
42ac3062
42ed0c1e
4314b149
42661a45
42dfa0b0
4290cfce
4309bb8d
4341cfdf
42cf6fb6
42a041dc
42d578de
4322f865
42fe7cdc
42130096
43373b84
42cb828b
431d017c
428f0892
42d35230
428f5200
42c2faac
430e81f0
42f404b2
433c2d7b
429db318
42e1f9e5
42fbccb6
42c1be88
4216e76c
431d8a2c
433a5297
430e6952
42a55b9b
431cffc8
42a22978
4347016e
42109636
430e6beb
43490041
42f356da
42ebdf60
42e17d28
42e55c51
4277751a
42798ad4
4255fc7b
431e0b8d
42b71888
430f6caa
42ff63f6
43092364
42c4f192
4360bcb7
434cf339
433ae48a
43070fee
428761f9
42e2e7c8
4379b880
431d4a9c
42c0b9bc
43052a54
4303da2c
43285e0f
430fa100
42fb727a
42b3f18d
431708b0
431d4871
424e022a
43020268
41b5d55c
423ed16d
4312a488
42a5d93d
430599ef
4292d63a
42d747e8
435c07b0
42fcd7f5
434d7d11
4284b874
430cc2f2
42bed1ee
42c6b912
42800a26
42a223c5
42f0b9c3
436bf41e
430ee2ca
429e4f92
42dbd761
42d4e73b
434893f1
43013379
430b49c6
43054378
42c496ac
4312ae0b
42641aec
432857fd
4274ee8a
43069b60
43328390
4297333e
429b0dd7
430a1adc
42992e1c
431ceb41
431b6bce
433e19f3
427892c2
43180d15
431f1312
428adbc3
42336735
4330a48e
426cfc81
42bdaee2
42e32c5c
428f7ca4
42cd91df
4267658d
42f4c53d
4316863b
42a4be3e
4281dace
42e6eef8
42fe9471
42a5c26f
42ea3f0c
42a5f689
4313f6c9
437865c8
42e96f15
427c0bfa
42a477dd
42551c4a
430b4d10
42e6d3d4
431fbc42
429311c0
4252f75a
4326d371
42ef6da0
42d65f32
4302ecd0
423678ee
430aa6e3
42f7bcb3
4309fc11
42fcabea
4254935d
42c385aa
42cf4057
430f085d
42c8f634
430082f5
43000648
42333a14
42f60e66
430fec4f
42d0c26d
43470f4c
42e5b3e8
43186ab9
42a767a0
4329f4cd
42b1232a
420cc486
43048137
42d50764
429d0e18
42be0e82
43421e76
42b5d2de
42a0a132
434ff359
4310ae3a
432ce9e8
433d92c2
4309f414
433bb456
4221db50
42ecd66d
4302dff2
42f160ab
433fb84a
42ad5dc4
430d62b8
430c41da
42ba3aaa
42ff1386
42d8633b
42785154
42fbece6
42fc2abe
4286b10d
43128c14
42d0cd0c
42da8108
42eaf2e9
42ba3158
4320bca8
43157fad
430353d5
42961218
4324d22b
430c4ccd
42be26f9
432bf26a
42a8b82c
43684a41
432cce33
4302b3ed
42caf34c
429969f8
43852df7
42f3dfb9
4333d114
430705c9
42f61bc6
430a635c
428ab16b
42d7c8f6
4329dd5a
434cf2c6
433d1c0f
432b64ff
42f05eaa
42b51eab
433ad2ba
42e61e6b
42efbfe6
4334914a
431d78ce
4288d5f0
431c82b5
43038711
4347d2e3
43101772
431e9e89
42d5ea04
42650bec
430b2fb3
42be50b1
4326b0c2
430d885e
42629f09
431f1674
41a70452
432e3f6f
4336ff24
42ca5af2
42d0b8c5
42a87ada
4298356e
430c4b66
430e1265
42babc06
43078b3a
4270ebe8
4346b14b
43058e59
429d1c0e
42b43e36
42ca406a
432d0f6f
43009b03
42746d46
42f86b83
42ea3140
433514f1
4301df22
42d9a624
42a96076
42d9de8d
434863ee
43069e00
42dd400d
42621430
4335da11
430e55c9
430056e4
42b8e652
42f18c5f
435c799b
4265cbaf
430772e5
430df0c6
42dc3956
436ed445
4303502f
4323825b
42fa1cad
42ca7b42
43258aad
432613ab
430456da
42d722ef
42999115
42e99211
430c0feb
427361d5
434e513e
433491d4
42f96ddb
430b1ffb
4364301a
4326dddb
4337132a
42d99706
42f0792d
432b4661
430d70dd
4314da34
4322e070
43241b69
42c20258
42ab52a8
432f43e2
42b3183b
42fd0108
437b4f2e
430fe28d
4134e022
432bada6
42c83dc0
42b305b6
42e91bf5
42842543
4316c694
4249e87d
43006786
42ef7b48
4330d72d
430f8236
429cea9b
43468199
42d95b70
4336228f
4326628e
42a4b214
42f11ed6
434682b8
4319c154
423de8ac
42f16a9e
42caa671
42de3c92
430beecf
432cdb6e
42fe6b26
43106c17
42df490c
42d97dda
435d4d09
42b1539f
42ec3805
431c64db
42e9b114
429276f6
42ce36ea
42e31484
42e5cdde
4300976c
4306ac1b
42dcda12
4368d0b9
42ac1843
42f81351
42f6634b
4305fc83
42c008db
42c8a7e2
4326a43e
42aec770
42b9bf39
42fb5faf
43156785
43255b7f
42f484f1
42ccacd1
434bb585
429ecff3
432e775c
435f015f
430fea0c
430f54c1
42c251bd
4311dda9
431a611d
42e810b4
42d35a22
42840567
4332a7b1
434717af
428dbb1f
43300f05
430a1405
433155d2
42f2be7a
43440e64
42c2496c
42e1bca5
4319b8b3
431d693f
4330a71f
42e4aa5e
43071046
42f4fc26
430b0571
42c58a28
4308598d
431d3afc
41e7e546
432c68ad
4310f362
42973626
437d42e5
431e0935
4332c24e
43131b3d
430252d9
42d5a6d0
430aa014
430dfae8
433779ce
43211dc1
42b5d6e4
4373398d
430f0786
4361bf16
4316ad0a
432856de
4334a33c
4376ecbb
43957cf0
4336da57
430b5257
4305afec
4354180c
43840c7a
430b7022
430d94a4
432fcbda
42908f30
42e441da
432c166c
430261cc
429eb3b4
4310bc2f
4334daa6
42d628c2
4335ded8
429511fd
4142bc92
435d3e4c
42e23d9b
4320f245
433578b9
42b20973
43431dcd
4359dff9
4326906d
42dc2bf2
431df4ca
42d4f2c3
432a7c39
432deb7e
431f204b
431b6085
438bd2a9
433e853e
42f6a662
4345dfc8
42cdfd05
4330f9ff
42ea610e
4332ac18
43171c11
43191a22
435f68ec
435051bd
436c854f
4337a8cc
4346da76
439b7d21
4316c644
42a5a833
430fe098
43314032
4393d97a
430974a7
433fb877
42edea0b
43617a98
436223f4
4312372e
42957754
4373fd51
431f712b
42f565ec
431b95b7
42901e14
4363403a
42ac9ec6
437a8091
4307f898
43343349
42d6d1a6
43267b97
4378bf14
433add55
42f414a6
42cc76b0
430f4d06
433496e9
43342df9
433a45ff
42c810ac
42e8318f
4327e523
42c357f5
4337248c
42d4c1a1
432e6fd1
43436e9d
435428f9
432b490e
434ae1bd
42966502
43058f9a
42f33874
42a26f47
42e6c794
42a2e617
4278374e
41988c82
42b87c8a
42b12fef
42d28800
42caa63a
43101395
42ecd175
4333363c
432e51bb
43091e1b
4225c47f
430f6609
42a0cd5d
428e5cc3
42ed62bc
426f1f02
42948492
42cdecbc
42d5c4be
4233e72b
42d02fc1
42ba3c80
433a447d
4270e668
42b3a10c
4311ff97
432c0c99
431d74fa
430d07cf
42d905e7
42e2e0e0
4225a06c
42aeefe2
4303732b
42985178
42c4701c
422e4194
430629e4
433e3f5a
4285f40d
43116558
42da29f3
4313ced6
42939553
43026756
4256467b
423fdc05
42d6b769
432ca681
429876e1
42fb4146
42ef0034
42a7a692
42a72ece
428e0cbe
42d2d945
42b2b87f
42860878
43297400
42b6a91a
42937c2c
42e6df00
43171dd0
43336068
4292aec2
42e7fc82
42a38170
42abfec0
432a6470
42b25e8e
4261cd95
42d42b90
42d87de2
42e817c1
429e1826
422636bc
42eb4bb6
42fef98f
4290af8f
42a06364
43209dc4
4301b6e6
430c4cb2
43181fa1
432b5954
430d2ca9
42ddf304
42c01714
42562ef2
4250c18b
42d50227
42327204
419a794e
434a637a
42a89b61
425f8949
4198d9b4
42b838ef
428fbb72
42985004
42581956
427b3b3c
42feae6a
42847371
42f94e32
42899aa1
42efc18f
430511e0
42cc3d7b
4286fc40
428b296c
41d1ef07
4302205b
42c3211d
42c96b3f
425bc172
42a5fc21
42da717e
427f46b8
42768473
42f5c005
4189f4ea
431e2a51
42a38c87
42675952
43276d0e
42909000
42a7e71e
42ffc3af
42c6b38a
42bd8697
42aaed05
42451072
4297cd66
431209d8
42cf381a
4262382a
42c61a64
4274c226
42bbcd0f
42f2b580
4295abe9
428cdb34
42cbd0c2
420bdf94
42f42f6c
422fb7ee
428f6cce
4325ba28
4253119d
42f74d03
429091cc
42cf4dae
43165887
43242bcd
42756434
4293927b
427073da
42c2a0dc
42b1e488
42589b0d
42d7335d
42dbab4d
42c6ea04
42a2e7cb
42991b42
42ab4e48
42ffb57e
42ef1fa7
42eedd24
42ece2f7
41daf09b
42a4694c
c08603cc
421c63c4
430e4e1b
42251842
42a054ab
430987ff
4292f93c
4289aa7e
42a7989b
42cc469b
4301b450
429aac2b
429bdb76
42bdc3d0
42f19ce7
4293cd4e
429db982
42f43e8f
42918d0a
4240bb36
42d7a9fe
42a06c90
42a91d65
4271ec64
42404e08
42d67a73
42ed5dd5
42bec686
42a9acd7
427a775e
41f76628
41e7e562
429e664c
429bbf51
420add76
43129452
431532b6
43019989
42be44a4
4292acb2
42c5c2c8
42bca44e
43187318
41ec94c6
42c052d5
43260818
42938646
42a59019
42e97d79
424cf36f
429162cc
424e508e
42bf7f84
428a71f7
42b8f4a3
4253b14e
42963da6
42a94564
42b46dbc
42c77ed6
c09377f0
42984ef6
4297093e
42d817b0
427cb2e5
42a0706c
420fccf2
4241a9d0
427c06ea
42a8543a
4230571d
4274afb9
42ae6684
429c4ac4
4282309c
430ae0f4
428869f1
4303d972
43371809
43063224
4388b4ba
42ee949d
42d3b456
4353b4b6
42cfddde
42ec7ffb
431a74fa
432edb4a
4302b0fa
4328ac08
43579eee
42d8cf08
43257f98
42dc0978
4332e598
4326b91f
434bd324
42cdbd84
4305da0f
430b8216
43579940
42a74476
43263789
4390e694
42a5160c
433023ca
4365baba
430ea8db
43804360
43519b9b
42fbc264
43515cfc
431044f0
43120119
43158178
4316bd19
435043f6
42cad9fd
42f9b204
42d15a48
432a956d
434bd01b
42d0a383
42d2fb5c
43249c8a
4332cd0a
bf0e9d00
430a4387
42a14f77
428f216f
433788d7
42ce08da
434dec6a
433eb1eb
42b4e72a
4305e15c
43529e3e
42d6d51f
434212c2
43038b20
42539490
43207599
43327ec7
42b74ef8
42f58213
43682ccb
4339f79c
42dfebdb
439b5661
431527f5
432c7dd8
43362852
42911c06
43578d82
4345a218
433d6002
42bd7cf4
43299d2d
42ec062c
42fb0b64
43373c74
42b9e57d
431518b2
436aece8
430c40c5
4303fe56
434a059f
4365b27b
43259777
43292371
4376d73c
431e466c
42c2760a
4371820e
432ce4d6
431dd59c
434a0c93
429cadf8
433f8dfe
42e97da8
432d7348
4317621a
431467b3
432a22a2
4326bb25
42d6705a
430cb10e
42f3b285
42b1a169
43234df6
431c8998
430fdb4c
431a51ca
42ba4a33
42e4ea1d
42e0ce24
432cc7b4
43437504
42e0808d
4344bf5f
42ecbd3e
4349d7cc
43133b8a
4361917e
42b51400
433d77a0
4260b586
4341c3df
430184d5
42a37d24
4294a244
42f64546
42e8b958
42922660
42b40b80
42cee1b1
42ca656c
438070bc
42e34d5d
428ef32f
42f9eb91
43107c80
4319f798
42b111d6
42e77d6f
420a1d20
4255c922
43681d65
428f3430
4299b560
41ef7d8a
4263b82a
42e7c063
43032640
42d6081b
42c87b99
42b9edfe
4346da42
43071f3a
4316d787
42c1b92d
424110b7
430570e7
42b2266e
42928e25
42837de4
42d03b14
42e84830
427ea734
4310c01e
4244f805
424f0248
43322d07
42ed0c4e
420d2928
426fe21a
42851348
425fadb7
4322227a
425a0d84
4285e8fa
43162420
42b49c16
42c15054
433ae5f6
42ec290f
42c4b0cc
435a80be
430d9825
431391ce
4259fae1
431b756d
430d3f21
42eafdb7
43274b4d
42a7a381
4300d84e
41f57356
43033f56
423c3382
42d2f410
42ad49dc
433af588
42db07c0
43305bdc
433fc37e
429a5425
432071b1
42ee50da
43076ee0
426f1e2c
42e60f0c
42dd839c
42bb564a
42d9a063
4298e323
428a6f92
42cc1ee4
430dfad0
43150520
42dfb4f8
42f19b13
4310d28d
42f9bc64
42c59196
429e0a94
4262e46b
42d1b0e3
4305572d
42e24bd3
428a0204
42bdf286
43181d5a
42c63a61
422cea76
42af2b88
429d9da4
430c2a4a
42db0594
430c56e4
42ea7915
42848c80
423dc2f5
433112cc
42e67211
42214f94
42cff1b9
431ed578
42e58fa4
42f2ddec
42def986
42e68acd
42347aff
4290d220
434e817f
42d42183
42ff3f92
429e7e85
42eb67e4
43196f29
42b894a6
4286e93a
42b93a53
43184066
40805dd0
42e606e5
42e0fa7b
41eed638
42cefe9e
429f9252
43082dc1
4280920d
4311e8ba
4208a112
43175bcd
42a954c9
43040554
420a1a8a
4295a68c
43700df4
42951997
432aca15
431fcdcd
42cf853d
433191a8
42da412f
4267dfca
4317c453
42c28f9a
42d55d07
423fa648
43037f29
42dca66a
428b3fc2
42fdc79d
4264a193
42d4323c
42fb5f69
4265b9ed
42affc34
42cf843e
42cf037a
4109a231
42c63dce
429a4cfe
4253a0bb
430ed0f5
423b4b4c
42a08892
42a81de8
42dbde73
43246b39
4309a220
42f2ad4b
432cdfdf
428ebef8
42722a09
42b48e5e
42159741
42e252b2
4293f5c2
42afa9f4
42d0c5d2
42a823c8
42ccf152
425bf30e
41909883
42e357aa
42711daa
430b2e43
430ff399
42e1d037
4292611c
430bd666
42f7f116
42c2e646
4351fdee
42171d86
42d85b37
43250ec9
42ea2977
42b041e0
42d7656a
42c92e76
42910ab8
4285d409
43166763
43053d81
42538af1
43295173
42fb6e76
42a1a694
42b1bb00
42051942
4360af14
42be950e
428b064f
43112068
42be6901
42fae857
42fa7014
4253e114
42a48d42
42d7793b
42cefd38
430600ae
42a5a01b
42daba49
42a0975f
42b2cdb3
42677be3
429795b6
42b5aa3d
42f35e54
4295d4e8
42fe8dc4
42e395ca
42f3f919
431bad59
4331b1ee
42591f2f
429777fd
43416442
433024a6
43448990
436fdbf5
4334f694
433e3946
433c28b2
43468765
4376ab96
433839b9
4301c6dc
436e9495
4339c0a4
43053856
43330320
4340736a
4370ba4b
4312ff42
439dbd52
42eeeaa8
43436340
438582c3
4339fd5f
4329f25c
42b9184b
4384a5f6
430d30f0
4353ce7a
43973e80
431b96fe
436d9d89
436adb6c
432eb4e8
439afe20
4318ad16
42d19076
43038bb9
43307cc4
4398137e
43160e33
434fac7f
431c8b8c
432f2e62
4389d1d2
42d70b6e
4328903e
4382010e
431915bb
42afbc9d
42eb6fb0
4308af0d
431aa916
432d26df
43341eee
4359ad06
42ccc1ba
430d3c14
435a60b0
4397bb05
433047b5
43411d61
43670bd5
432d2974
43a6dbf6
43456b60
4333463c
4319754d
431c0124
43afb03c
433b200c
43453e46
431c3ba2
42fcf860
4380684c
431b6339
434354aa
4348af50
435f5e12
439cddbd
4351d828
43054933
433beeef
4355d7f2
4329b0d4
43088cea
435748c0
43712f70
429e981a
43a0e3a2
431c1ed5
43426a28
4334438c
43534a7d
42c8980e
43486be3
434258dc
431ff812
431153ec
439996b0
4311c679
4326ce8f
4292a19a
4326b338
439023f7
4313dd04
42ef044a
43413c90
43211783
43212182
4368149a
43315a9f
4338cd98
42ace81d
4374a448
436104ab
43303066
427ba622
4313e3ef
43984ebd
4331fd73
42baaf78
436d025c
435889a8
43a9dd34
4333ce91
438baee6
4307d73c
43253f88
431210f5
42c482d6
4302c5c3
430ad762
43140643
430a60b1
4336e18c
42dacf13
42f568fc
4391eb67
42f0a72a
4316bb31
43226490
4304bdcd
438ba2c2
43448a6a
433e2457
42b24af2
434ec70e
43576146
42e8fde6
434c1727
43293980
43146b5b
430dff56
432966a9
43265757
430d066a
433c8dae
42fe6266
436bc660
437857a4
43590be3
4381cfbd
4323df04
43137283
43100604
434b583e
433706b8
432819d0
4319a806
4321eca8
42e44428
43897429
4329f916
43033b10
4354e9f8
42cbc558
42fc535a
43493918
43090a1b
431c0d70
42fa7818
435960ae
42e046e6
430bc45d
433d7c08
42f77fd8
43359ced
42f025ea
4286092c
43768001
42b24e0d
4375f21b
436e0e25
42fbbad7
4311b619
43339411
438f44a9
4347cb77
43562b01
434acb83
4327985b
435d1bc2
4313dd06
431b790a
43015784
432ef1b1
43540390
438ba54a
430c278c
435fd4b9
4375e137
43156ecb
4300cbbd
4340eac0
433dc454
432e51da
43434b70
43a85a3f
4317804a
4385f6d0
4336c3bc
434a5d36
42d42680
4337a88a
434cfdfd
43381689
4374a322
4301f475
431ac790
42a207c9
4357d844
431de8a2
434721e3
42b1112c
42ebaa2e
43398752
432179a0
4376b4f4
43257542
431aafe3
431bd593
4371d26a
43831c8c
42cf1f27
43132bc3
431a1de4
435d1653
4370f9c8
42ca3268
434860da
432d9140
434691c4
42ad1a00
434e0856
429429f4
4323b2e2
433ae7a8
431514b0
42bc53fb
4303c2d9
4317481d
432c7d3c
4330a5b6
42057da2
43363597
43094e50
42deedb9
432d3fe1
432ba9cd
42ffa548
433334ac
42d2dfff
4349698a
43014ce6
42fb62ee
42a2c410
4315016c
4366f9da
4304357c
4314cd2b
411520c3
433531c7
42c18813
4311c478
42f56242
42b62b3c
43605f32
436a9058
432985d8
43374bab
43203f72
4304c140
429dc562
4331c200
433269e8
42f27fd3
43219552
42ff5a90
430199fc
431a8048
42b7460a
433bade7
4332c055
4335110a
42e2a859
42e24710
4295ef42
42538fb6
4305c222
42d87bbc
42e4fb78
431580a6
4299374c
42b8c838
42fc4faa
42b086f0
42e9f90d
432e50c8
42f16bda
42fb84d5
43008240
43021da5
43027e76
437196f8
435ddd32
4285095f
4309fa24
42ee9282
43060f12
4308ec1d
43039d76
432a1cec
431bca97
43207a9a
42ec92fe
4314d346
42874008
43498670
43451eb4
421c425c
423fbf67
4316d51a
422cf204
430f7445
4314f1f4
432cda15
42dda07a
42e74f95
427d1260
42d36ebf
42e65d54
42d10016
42ba11c5
42478e68
42f5cc31
42395e52
42bb40ed
42d49069
428e27c6
42f615e9
42f722da
42f2dd5d
430273b2
424748a8
42776782
42f9032b
42996a71
430c72f1
42dd9755
4323cbfa
431e88e0
4317a433
42a5826e
42d18e23
43294594
42a663f2
42bb3b38
43331953
428774ba
43162f74
4315900c
432b6512
42769304
430117d8
4306bc3e
43013439
430a967c
429297fe
42232870
42d469b0
427dc500
4250c306
42f36d08
42a53273
429dec03
42aedf69
43149707
42d44800
4233ba53
42a9d1ba
431041e1
42a148f7
42bdce32
42aa3ac6
42c0ff69
431c5955
42c5ef2a
427406da
42dde450
42eaf984
41934318
42b9d940
42db8570
42573bb2
42f5d892
42a8c2d6
42b44124
43115609
42efdec6
42615d64
427ad8a4
42d04b42
42dbf998
41ef7ebe
42ae0f20
416120ac
4285e955
42b783a2
4288427c
42c3787a
42a38df6
42db20f2
42253b84
428c65a8
428333d4
420bbd71
4280c840
42d9325a
42ac5324
428e0c17
41ecefd6
426c65f2
42b6f3ad
400108e0
42d8c932
42107004
4202ffac
428fe814
42c61983
427a6345
428c8143
429d6142
42fe4013
4281f3fd
42e11a3e
42c76aa3
428283d3
429d6a8b
42015b99
42d6cdcc
428f60fc
42c1de32
4267da43
42574e7a
42ab9600
42a40fc2
42df2643
428ab080
42b5243c
426ecffc
42a6f708
427d623e
42a0e746
42c24b9c
42c18775
42a7700f
42d4a588
428792a8
4285f15f
42df070a
42b53c0b
42b24d51
42feb38b
42b60036
42f37eff
4226082d
42c7c58b
42d2b21b
42ac93c0
4307686a
42a5e45f
4283d190
426c1b30
42cbefb8
427cc886
4288bd30
42839ac4
426c9086
42c6b67c
42b0d31c
41eba26d
42cf5135
4304a5ac
42d0e970
429c7cf2
4302cb17
4299cadc
42c7a39f
42a9ee78
431c1dbd
426a62d6
42dae39f
4308ec5f
4301c6b8
4325623d
43256564
430e0e43
4290ba02
43126c8c
4313f544
43269c79
432800aa
42f62aaf
4304702e
432b1306
42ccdd2c
43457857
42ff457c
430b1cde
433dd988
433f3f8e
430c09fa
4317c48e
4310dc31
42d8e771
43144bd6
42bf53bb
4339eb3f
43223186
4350efc6
4341d014
43027942
4319766b
43396b12
437d9589
4383dd72
431010c7
427e0b1e
42f740fa
4347c0e4
435043f7
42d497fc
431ef040
42a51cc4
42fbd700
43389094
42c96cfe
42fb5d0c
4311c443
43231bc6
42af5bfc
42e310f0
42919c9a
42090e79
43485fd0
4316014a
435afe8a
42ad8c12
429528bf
4362db92
4342dad4
43207bef
42d4213f
42f31b00
4304db7d
43425dc2
43537217
42c7d440
43140fd1
43622fdd
434db352
42f4e90f
430aeb9f
43059efa
431b8802
432349e3
432cc52c
4326d343
4272f2ae
43407282
433d4d5a
43400272
42e8021d
432b9778
4371b7a2
4317f1d2
42676ac0
42c75ea0
432dd28d
43489f0c
432e04aa
43386efc
42ae9b48
43378a64
433c9afb
429f0c20
4318e1fa
4345a8e3
42e3d5eb
42b224fc
433b4b4c
42a50c2c
42cf3bc9
4233a676
4361795c
434252ce
42fa4189
425bc384
43108aa8
4362132d
430ecad1
43300481
431bcfe2
43092ef7
4337dca4
432d9bbc
435377cc
42db3840
4281f77e
4316e63f
432b2a6b
4317041c
42998c56
42a1b944
436460d8
434c4571
42dfe080
434912a4
4287a74c
432c0016
42b31e7e
42e5a125
42b86426
4331e7cc
43368c32
43156a64
430bfb68
42466a0d
42e8add5
430e5a62
42b32aee
43281d82
42dfc8c8
42963b28
43255711
4331a9e6
434a8492
42fd80f8
4358c7c4
42eaa671
42fc5c39
432f0344
42ce720d
42f1c494
42e0b6a9
4312f3ae
43068d45
430ce151
4308b8db
43215dda
431fb6a7
43525136
430435c8
432ec0a1
42cdb76a
42f55352
4309956a
431ee55d
43201800
42fd29f6
433ceac0
42eb0b9e
42dce0ce
4315d5e8
42dafb1d
42bf78ed
43411318
430ef99c
4286ebef
4338cfe4
42b6623c
42f3f35e
42979cd6
42cfe546
431a92be
42d04a40
43008fc2
430e3e3e
4341c2c1
431b72b1
430b7113
432788b5
428dbf75
4353a9a5
4319a5bf
4310b1aa
43273343
4302b8fa
435bde72
42a8418f
426d7fac
4315004f
42cd238c
43444170
42e82990
42a88f93
434b05b4
430c9444
4333b27e
42e9caf3
42c7dc97
42eb7a3e
42f6fc07
42a0f4e2
426aca24
42d82566
433d3390
42d1d45a
43513781
4300433a
43357d0d
430fc7a8
42c2cfb6
42a55fe7
43076152
42c54e97
429c5c26
4235109a
436de9c1
42de2b01
42b154e0
429ea192
42b3e9df
4330db2e
4335eb75
42e70a93
4311f8a1
42cb5cdd
42fb820e
430c8aed
42f1e669
433bddfa
429a42fb
4340e192
4325e8d5
42ef73e0
42f85a63
42bfc9c5
433b23c8
4300d559
42afcc82
4347431d
431ca7f6
43355993
430d9b82
43769671
42b3d562
42ea33b8
432563b7
4317f629
4313a64d
4329876a
4327d630
4325f151
434006a3
43075273
42e0f5f5
43ad754a
4306be24
43342c62
4329a237
42f231d3
438e4720
4332cbb2
43391b01
42e791b8
43090a58
433a7931
4339a8f8
4346a4c7
42fff1dc
4327fba1
432b0cef
4319443f
42fb9491
43332fe5
43340d2a
4367d045
434a1b90
436bcd7e
43287dbb
436415c6
4306b6d6
431a2d0e
43184ec8
42eb65c1
4329b3f2
4343aed8
4323dc4a
43594601
430b945e
436c4595
4309fe69
4326bc9e
4366e2ff
433b450a
4208a3e4
43554a7d
43093d03
43127efb
430a62d5
430df181
4353b147
42f9c6d0
433c38f5
430641e7
4318e196
430d4e48
42fd61f9
435a994a
42b45fc3
43442c00
43834cac
43010560
42f70b19
4316dbb8
435736b9
4326fb58
4322cb8d
4336a256
42f74f23
434542c1
433d8d97
43063c2f
4304c788
435ac2a3
42e48d8a
4385cf23
43353351
435f2051
4367b61d
42ba55e1
432a3f55
4324b744
4322a083
4319fdaa
4330a46c
43a0e8b3
4336b9c3
43878bba
436d2a61
43655bbb
4352b10b
431dae57
4357b5ed
42f0e101
433a2de8
4269b7e7
4320b815
4312ca73
435806b6
4304b8a8
4333e0cb
43262f03
4349eea4
42ec98fe
42fa23ca
437a5e91
43186a76
436484f5
4353da45
43604f89
437654cb
42f37b56
431c651f
4341e2d6
436f1830
433f203a
4317f523
432c0dd5
433efccb
4308006a
4335892a
4386d752
42957847
430f2ff4
4345f6de
43043022
42ed8061
4343a51c
43510674
43326191
43024235
42f2b942
4300b5f1
435292ae
42840ed9
432c78c8
432a3d81
42a52098
433ef7d4
4331a110
43510849
42fa8488
43450479
430f76da
43517c65
4333c5fa
434339ac
4310c698
42c593fe
43838e0c
42f3a54c
437df5d5
4348ee6a
42fb22ce
4381f93c
435a4f63
431c154d
434b0280
431c2e7c
4327b9af
42e3f200
432a0be2
43465c95
4329ade2
43583171
42a81371
42eaf35e
436580ec
43005d55
43241e68
4369760c
430b63b4
42abab4b
4332537c
4306f927
42b37c87
431ea8ba
4318e13f
4308d81c
42df4632
431af851
430a30d1
437aafb4
43185c9d
4317342c
43317358
42cd3e7d
43499de0
43321dd0
4321a116
431b1037
43477d31
433fa174
427c241a
430d7940
430648dc
42d12250
435df29a
431bd4c3
433ab98f
433637bd
431ecf89
4337c5a2
43512a03
430d9f1a
430095ae
436ce056
42da0a6e
4280fc12
432ed725
4324f758
431d994a
4360e451
43008d98
4315e240
4342752c
42d5e772
42cf6efc
430bdec6
432e4be8
42e31027
42a78eda
4368b64b
42ce1f1b
4323dd01
431193d3
42fbc454
435636bf
432f2a89
431320c9
4341ca1e
4314fdcf
432e5146
434c9e55
432b15c6
43255450
424f8cb8
4348bbee
434e9525
43010c95
42bae71b
42ae3559
431dadc9
434596a0
42a9c9a6
43527f4b
42f4e02e
437c082c
4333e4f9
43919f1f
42ddc2ba
42ee66b4
42c4cfa7
43279e70
43219f7b
42b82da8
430c68c6
42f1c1d2
433dfcd0
423b9e91
42c8852f
4344ff92
42cec945
43531196
430f7287
429cdc75
4381d47c
42eab760
4325b58a
433599b8
43137cd9
42e8527d
42c5a5f4
4317214c
42e2ce91
42e36202
428557d8
42f688e2
431cbf0b
42e4c8a8
42d75666
4375c6dc
431b38b6
43708cd9
4340a70c
432341c2
42f2f27d
42cb15f2
43377a04
431eef4f
42f93100
42e88394
430ecbef
4357b37c
431d34cb
43254033
43050f72
431729d8
430dcea0
432710a0
42945f31
4363fd4c
42a68d8c
42b85d7c
430774c3
42946f84
4305c1cd
431b1adf
42f1e3e7
42fd867f
42abb100
43240986
42e95b73
437ae30a
42ad711f
432231f9
430d06fe
431b2207
428ba291
43190bff
43490f67
42be6bc8
42d0d3ea
42e5edec
4331c168
4323a586
42e9c9ac
42da1bfb
43281202
431a0587
431272c4
433920d2
42b770b8
43410fc4
431ee9ee
42f1993c
42ed44ee
43100639
43162e05
431d1356
42fbaf5e
434d3965
42f96795
42fe6997
4326d0d1
432ce64a
42cd4ceb
4337fcf6
429f852b
42c12b52
431459bc
43203be8
42c1747f
42584841
42dfe559
42f14c03
4317e6d9
42839722
42dd433c
42a3ff0a
42a52a9b
435133a5
42676d3a
43267c7d
434a6c24
43678708
42f8ff2c
431114c8
42cc6b28
43228b75
4313e890
42fcfa4c
43081df6
4348c457
4349f2f9
43011143
431cd376
42faa4e4
422cc3c0
43466af8
431a97ae
432362d8
4376f3e0
431481b0
42ea3684
43083ac7
42870165
432f52c6
4320ef8d
4311e3aa
428dd304
430faf90
43212961
42dc776c
435cfebd
42a3b4a4
42f969bc
431b2e8c
42990520
43145ede
4324789c
42cc47a6
42f8f0a8
42db4208
42b46e20
430594ec
42b86318
43813374
42a217c3
434c54f2
4318229a
43709028
434c269a
433b508c
431f3415
42d5863e
433535d4
42d19913
42cec825
42f1a1c9
42f10546
426d4a02
42d21ea4
43386d31
42924e28
432c0c34
430eebfc
43659379
c1e12746
42fa87fc
4243f37c
40b2032c
437c8402
42fe00a6
4303d002
430aed5a
42446d99
42ef3f2a
42a0c9b5
42b8d3d2
43277666
4312e3a8
428b0cbc
42a55dc8
42d588e2
426bba78
42c39bce
438318c4
42a5a7eb
42cab36a
43064b96
42d863ed
42e27566
42daa187
4347be2f
4300cd71
42b11204
42bb9406
42e2d2a3
4359d742
42e98758
436a642d
431288e1
42a1c150
42c0c1a8
42fb8562
431899a6
4364edc4
43192af8
432f53a7
42ce869d
435d1466
43797317
42b5b0ef
4306c245
432f1b25
4303328d
42ca1c48
433b3c3c
42ae1964
42bade96
42c9c3b8
43285f14
431a71dc
42cea1d1
4295ef72
435e31df
432835b8
429005ed
4303361d
426d3239
42f58df1
435f61c2
426380b5
430b2834
42b211b2
41d2188b
42e4f92c
431d6eda
4318ebf7
42a08885
4307d639
435d5790
42f8aefc
42a94ce1
433decdd
42302905
4380c019
42ed027f
42d0b3e6
431d0407
43249953
43157a6f
436434be
432f7843
431b97bc
435ca04c
43032c0f
42dba633
4324360b
431b836b
4274fa22
430bb7aa
4367deea
43274b00
42cf82ac
43852bf6
4316f836
431a660f
43448116
430b7914
4304826f
42d1a960
4348ffce
42e247bd
43310f2d
434d343f
420aaf9e
4346f23a
436b55f5
43216ce2
43840415
430c6832
42c56186
43053987
437f6597
437a663e
4305e3f6
4347bd48
42f4887e
43170e4d
4344afff
43024ab1
43136974
43600ded
42d2c8f7
42d2287c
42cba33b
42865cd8
42b47fbc
42fbf926
43457848
42c95687
431cdcf2
430412a7
43734bcc
4375151a
430cdb9a
43422806
43338f81
431a2be2
437d964e
42fbbb69
430e6a4a
4308943e
430f082e
43933f73
42eed089
43350fb6
431437d5
43060b58
4305a72b
43191bb1
43379852
4336dfdf
433a32b3
4393ea1c
43289977
430b37b0
433f7228
43495962
433f9586
42ce4307
434ba21e
43209e24
43300d41
4338a4bb
43226d4f
4337fb8a
4335fe10
43422a0a
42caa6d8
42b05007
43565531
431ee864
4341f3dc
434cd900
42c6c2e9
43229eb1
42bcf3c4
43114904
4348aca1
42e4be74
42d6f707
4318b2fa
4323d930
434254a0
42c91b21
4317d99a
4318b33b
42f44cdc
434d7ca0
431211da
4348d9cb
429bc75d
430cbe49
432eca49
436c4dcc
4255a4c8
43570e8d
4352eb55
437ea2c6
42a9cee2
438a16c8
42e02e9d
43038178
42d84efe
4256c9fe
42a8629a
42dfc5d2
42d81712
42fd999e
42e83938
42542191
4255c808
434c8967
4293fb22
430ed4b4
430b542c
42de2b53
434ac93e
42d4a783
431a2dcd
42a14227
42d3d8a6
42fd60ac
42fe72e6
4306d468
431b9aae
42a20edc
42796610
430f923c
42a66627
42b1c780
42dc06ba
432f7fc3
434f0e5f
42e66a37
428a46aa
43061567
42c6feda
42d77ffc
4280fe50
4255d4e6
429708ef
430494e2
42bed916
42ca1a75
42b1031c
43235b1e
42f61218
42e90294
43063b12
4288d276
41c5dd9e
432dc143
42db9ead
4304eb7c
41da24d6
4289c465
42d1d5a8
42940d72
42d960b4
c0cd97c0
42c0754e
42933125
428f3b30
432f5acb
42551c32
42ee546b
4339f32c
42ce10c6
42946135
42c59f2f
4300c7dc
42dc546c
42fd6856
428da6f9
42ce1c21
430ce314
42c58478
42e7a530
42aab90c
42bdeafb
42ca34e6
4323675e
42b6e788
426b7138
42e06840
42c2ce5b
425de744
4304f98f
430fedd5
42a686bf
42bf0044
433bdab6
42ce8f88
4319b05b
42d81b1a
43100da0
4302cc3b
4318ae6e
43062303
42a98893
431968fd
431182c4
4302bdb7
428a078d
42d6f07b
42976ec6
432ccc7d
42981916
42a07866
42af943f
4299899a
438090f8
4286071f
42ab8feb
42c01061
43216c16
434f33d7
42632f57
42edf07d
42e22220
43353e95
42fc3993
42ca5331
4310a93e
426ff6b2
42b65d0b
43021d74
430288c1
42458671
4316024a
4370d8d5
43488a6b
4340bd99
42b8caba
432a372c
439f0d86
43746e1d
428ad071
433f8b52
435dec33
4342884e
436ce31a
437741c0
42ce8d92
435e8243
431cbe37
435e21f5
4333175b
4348fde9
43100e10
438352d8
43579d5e
432157f8
42c706c5
428f2984
43795c46
42e70b91
4366380c
4324a91a
42ca7e6f
4388d649
437926dc
430a62f7
4373517b
431d432f
4311c4a5
42fa05c8
4383aff9
434619e6
4339e253
436e5716
432b2b8f
434ed5c0
43341e22
433d0da2
435b6a8a
4377301d
43398309
427c4500
433ace0b
43110990
42976e6e
42d30710
42c1d333
4312e461
433b0242
4328f41c
4347100b
430cea40
4304a76e
4383124b
434d69a3
4310fed8
43128530
434cc8f3
4339101b
430f31e3
4352ba6b
4353ca11
4238c0fa
434f51aa
431c8d04
430d051f
4309ac14
4303a131
43833048
434efd10
43419758
430e02d7
4344e677
431335ec
4317e048
4383eeac
43051014
42ab3ef0
435c1426
42f4f9c6
437bb0c7
42c6753f
4340c9c6
43105527
43249c1e
43372260
431f80cc
42e2ea99
4397e52d
4324893b
43080486
4310e3a0
42ad8e76
4339b042
43082442
43002d15
43375261
4319df54
432d948d
43249cb6
42bab197
42edc541
4349711f
432f5f74
432bec22
43457824
4373879a
4314e65d
43559ce3
42d3d2cc
431d1d5e
433d3572
4345128c
43185ebc
437215d8
4331e47c
42ce192e
43340496
4398f092
42a1fee1
43198353
431fae5b
42d95f61
42f12abd
42c369e2
43291a25
42c41d5b
435ccbdc
428de334
43262eff
436ffdd8
42eea91a
43692a64
4320c889
4371a462
4343ac1d
435449f8
43975496
429c6541
435fa2d0
4320798f
43145dee
433867d2
4319508a
4307bb6c
42d3c898
432e1ea7
42ff98bc
433942a4
42f571b4
42bf9d48
4357729d
438b8d5c
43256c94
435d9e13
42dabf42
4331ca06
42b85536
430b1943
435a83a6
43134546
4311690a
434c182e
431ee5ee
43955d89
42c00efc
4338d1aa
438cfd98
43207274
42fb2647
4330e41e
42a4021f
434d5fdf
42de4e1e
434a27d0
42c51fe7
43355eea
43556c18
42e44ee4
4361de73
431232cd
430d7c85
433e8a65
42f359f9
4343ed27
4338bd2b
42e497bb
432799e8
43341621
4395ee10
428939e1
430db647
43182f35
42f5b2ee
437ae559
432a59b5
42ba49f6
437dfcbf
4329d756
438ed0d3
4312cc2d
42440170
4373481a
432fb353
4336099c
428d0f5d
43570b2a
433faa5b
42d8ca16
435b136e
434c6cd2
430d7083
43307091
42b5277a
432ddc5c
43069b82
42eec3ac
430f0db7
42d5d5e7
435248ca
42a9c37e
42fd4144
431866e7
43055d58
4311efa0
4314db40
42bac14b
43095136
4301f790
431f31f1
43383cce
43166777
435c7960
4303574b
43670976
43475dc0
4318cc36
42cdb3d0
43244084
4328ccf5
431b069e
42884af9
438368c6
43489909
43525121
42a31728
433e088c
42a8b070
43020e97
431c94b2
42bf98d9
433183b1
42bfb0e4
42ddbe71
432be148
4327e801
43014d24
42d6eb7a
42c16432
42bf5c3f
433774e5
43287d4d
42ef5642
431e5eff
42c82ba4
42e4feaa
432dc86c
42baf59a
42d4144c
430e2a23
42d5d018
43054b5e
42dfe324
42d892a5
43535d52
4291629c
43414869
42dfa569
42f2a540
437407c0
433d14a6
430f95c0
4313a182
42be8ad8
430198fb
42c7f220
425e8e19
42f13ded
42ff0c20
43084a63
426351b6
42bd1750
42a4ef4a
42af0536
43384e94
43116ac6
433b0b05
413661c6
4299a310
4169bfe2
41802064
434e5813
4257d755
43335174
431d7bac
42127235
42dc81a6
4300adde
42958087
431fc447
42c5ff7e
42f268b8
42caa29f
435444a0
429e2438
42d1b2a0
4361ceaa
42b84567
428c68b0
4342f6d8
42c5e74c
42e1a4b9
424732fc
4316a92f
432d088e
42e36da1
43138bea
42d5081d
430c21f0
42a20dbb
43257add
4317e089
42addd5d
4262082b
4323d03c
42ec9907
434495cd
42c02a51
4329a148
42f9c384
4327a9be
43379398
42bc12c0
43369aba
434d11e0
4316e243
42ae4e69
42d3fcff
40edbff8
43024447
42c92dce
430ebca9
42a98ede
430aa4d8
42ccbbef
432c41c0
42bb3a8f
4306d3ab
42df8c53
41ed2b4c
42f2b311
42fa9f2a
431885e4
43401970
42f98a12
42682723
422d0ce7
42ee3d4d
42d1fdbe
4280b01d
42e7458e
42dc3cb0
42bcb5b3
42b36628
434bb66c
4250d251
4340c5d3
4320e09a
431888d6
4318e6e7
4333eb6a
437afd04
431fec5a
432d4785
4318d8cd
4340ecd5
43659dc4
42bbb366
437ce2f6
43388e53
432515fa
4357fcbe
437295c1
438bc77f
42bfacc3
4383d6c4
4347c84a
43258f7f
434312a9
432636c6
42dfdf8d
42f45caa
432612e0
4312091c
43600c22
434232d4
432d3538
4364b1dd
438d9880
42eb648c
438d1836
430b5e13
431e3f5a
4302ddfe
42e3c171
4369fd10
4321154e
43394cff
4355a4ba
43040b97
439d30f8
42d1a713
434a75d9
438b55f7
432ce5ef
42323067
435c0f89
42dc8e09
43336b64
4317f201
4338017c
42f36151
434de4ed
434aca32
42d420f8
4371e776
433bfad2
43698603
43772895
43011e76
436bdb3b
4309e9aa
43112220
432b0326
430e42ce
43939446
426dc418
42d19856
42fe455c
42ffe836
4385b46f
432c8ef8
42f4998a
43821622
4305d477
438caf78
4340bdd3
4289b77a
4334540f
430b18ae
4348133d
429f5fcc
4361f9de
435f1fad
42976995
435eeda9
4304877c
43451630
432247e3
43045783
4331b079
4315a84a
4305ebe2
42ef04e0
432211d3
43866789
43318f9b
42ad5b14
4337ce69
42f541a9
43644513
430256e2
42dc8624
4344ce3a
42eebc63
4314261a
436a7f25
431edf0e
435e06b7
42e7519a
43545cb8
433633b5
431ec5d3
43052bca
43347862
4354e34b
434d13f6
42a6dd30
438732f7
436b30ea
43826906
42fae568
436441ec
43079791
434a21bb
428f9b8b
40f24c11
42523b98
418ee8d6
42de011f
42e04eb4
42ecf4b0
42012b38
42c8d97a
43015d6c
42c2afb4
4214b203
42ab8019
426e155d
430de76c
429f8a59
42d9479a
41ba183a
42804a3f
431d8bae
42a0655a
4287e6fa
423314f3
42447ece
427ed9fc
419d0b71
4244cfb6
413e4f06
40a505b0
422e188a
42a7cb96
43373026
42b9add4
42b41d76
42ac58e1
42a3a8d8
42624c08
4311761c
42b6f17d
4309024d
42ab99c2
43070c44
42900685
42f6b978
432a2eaa
43030871
43125602
42812c47
42b05809
42ff7865
42144311
42d67149
c11d6d5a
42ee9750
3fc91a80
42a187e6
42e39e93
4256b2ac
c1cc0138
4244b34a
42738ce9
430a3b00
4255db0b
42c9ce26
428844c5
41ab62da
4289363f
42ac3199
42ffe119
42a47124
4214d892
4301230d
42b02a31
42c95206
41e7e790
4254d662
42687a23
424bf59b
4289d3bf
42ad4266
c0cf8769
42b8bc06
4283d0c2
4268f31e
426ae4a4
42c91922
42aa6702
42e65535
41a15ddc
433542e8
42a78fec
4308b2e7
42856f95
4259247c
412a60b8
428b611e
42487660
42d9948b
43011cb4
42c43656
c124da58
4215ff05
4214e378
422d2bfc
42adfacc
41229719
41821e56
42234058
42a1447b
42d7accf
4220ab60
426dcc34
42f5192e
42ce35b8
4199e361
42f0daba
42ccbc50
42a02ea8
42c7963a
432d70f5
420a751e
42aec5c8
42b61e5c
41daf24c
c0b3363e
42acbe38
42680932
42758eae
430562a4
429ebe1d
43653292
430d9b0c
430657b1
431b61dd
4311aada
4301e10e
430cc411
4324ec2b
4306941e
43363e58
436194e5
4285cfe6
4333089f
4317a44f
42bacf67
4333f596
4325e614
4294fab0
4323d232
428ded9a
4357d074
42ca45fd
42ac3c94
437bb68c
43065943
4334b4df
433e5f28
42f92082
43860811
434a2d88
4302929c
4342a8f8
431eea92
42d59fdc
42ea4a78
42edc864
4362b978
42b9f338
42b44cd5
43018b7e
433085e1
4345aa25
43085ba9
43366cc3
431a9df6
430dfa48
42120a4d
42de2976
42858416
4203ad9e
434e1008
42eac607
4312eb4b
433d7816
42a07613
430464db
4326c69e
431bf92c
43272cd4
4310d206
42d5d6c8
432e8e2f
433238a9
42d8dd4a
4296af4e
43573c28
43396ca6
42b3ad51
437c86cf
42fafe10
431db427
42ff0b76
42c2961b
43746ade
4317ee24
4323d588
430a30af
432ef112
42b900b9
42e6da8a
432d9874
430f0620
4281008a
435e42df
42ffcd9c
433ce30c
42bc67e5
435c42b8
42a58f03
42f958a4
43647fbc
43285794
43263dde
438212d7
4314a310
42e5c624
43084fd1
42b5a798
42e25ace
42e42207
4326bbee
42c42016
43074b4e
42c98b9e
42b38344
42decfe4
431c6798
4323a0d8
42eb36aa
431f0554
433abee1
4339a3ee
431957c4
430625cf
42ce439d
4310eaf3
42fd9ca9
430b91f0
42e16ab1
42eb947e
4303f394
432be8d8
430e3240
432a1b26
42265bb8
43691682
430c9575
43219d7f
43434721
42e5172b
431166ae
42946dca
42fcb770
422affb3
4348e7a9
4330ceee
42bad07a
42de7c55
431aacfc
4309438d
435420f9
430b1f06
434c7c1a
4310f853
42f6f234
42bfab0a
42eeab84
4327dda7
42ed3fd3
430fb331
427d20dd
42e36c96
42d8c45b
42fc100c
42ac95a8
43217260
42e3a47b
43883feb
43858c71
431ba8bc
432213d2
428ab1a4
434a4101
4356e571
43132b7d
42d39fe0
42df82c6
430fc82b
42ad8e2e
43369b6e
430c8657
42ec344a
433a0d7b
4321644e
42a186bf
42fd7c89
42c0862a
428630e6
43086993
4303fc3b
42d105c8
42c3a6a8
42a357d8
430d6566
430f300e
432d8114
422ba05c
4342ef80
42a2341e
431f252e
42f128c6
42d09b98
42b45902
437045f8
43675ae8
4316b084
431322ec
433a676f
4336697d
4322dfb7
43097a0e
42af6ed2
431a3f8c
430eb3f6
431cf114
4353708c
4281cdd3
4367cf0c
432612af
42d8e2fc
424279a4
42b0ef74
43014000
432674c1
430d8a3a
43374a10
4264d508
43319c7c
43151b6e
42b506fd
42ea92dd
43019baa
4298f0ce
42cd8e33
4344e5ea
42b9e031
429bdc5c
4226e14a
431e6fd6
4317af78
4312836a
4291f134
42c31803
4314f572
42e39690
42ea4a14
42f1a4c0
4313e7e2
43386631
42f2ed11
430ebb6d
42d58063
42a39c34
42e7e791
433cfec2
42fdcde1
42d7dcec
43327c7a
4343e20c
43387523
42e13cda
43045eea
42341bda
431e9b0b
4340e9f4
435badf4
4371be3d
42fc7ab4
42ead040
43080970
4295ad23
4332745e
4336756a
434df83d
4295a560
43147098
4333a58c
42be2c4a
43474414
4297eab4
434e1204
42db7352
42c3f0b8
42e85bdf
42e215ce
435cdc92
42ede457
42f0544c
42d7f976
430689bd
42a69308
433a87fe
433511ac
433515cb
42f50b2a
437127ba
43482dc2
43469cd4
4335734e
42ac11f2
43249092
4330b570
42f29eb0
42af0aae
43436fab
42efdee0
42d0a34a
43508a08
42c6720a
4307261e
43270e0c
433c46df
422b05ac
431e38fc
42b9e364
424f9c88
4365fde5
4317cd8f
42d1feba
42f53474
42c78cd1
43361cfa
4311555a
42efb35a
43286360
43395e22
42a92d4b
433e66ec
427a3c48
42f13812
42b409bb
430204ab
434577ca
43472d3b
430a1149
42ac885c
42e5e8a5
431d823e
428a8acc
42b97145
430f8b93
430d105a
42ee4f76
435a6a39
42e8e90d
434a8196
4353a104
42c47bc9
43456f3e
432e4633
4328987e
42c9e655
43438bce
4332b454
43244776
42ff579e
435b2099
430a8b96
426bf8fe
43226a8e
43144899
4347bcd1
434f6f7a
430a84ab
430bc4c0
42c22312
43073c31
433bbd56
422ec95a
42e0c87e
435bdc27
42c29799
4291444a
43276e8c
425f65cc
430595eb
4330dc44
4289f6e2
429bacc8
43291cd0
428be08f
432f0d87
43191757
431a383d
42c273ec
432d168f
434255b2
43532523
43188788
4332c2ce
4304c4b0
4312b5f1
430e0c59
433b68a4
432b4608
431904d7
4338b584
42d35245
43021ac8
43283d24
43422fc8
43298142
42f9c974
43291e94
436161a2
4308a18f
434276ed
434c0264
435b3ea1
42b84876
4313f70a
430592db
42f00924
4359064d
42be7796
43315416
42e0099a
430be792
430508e2
434c93cf
432f5240
43164f6a
4348bad2
43690eac
43563868
43782451
4326e7b2
42b049ac
42d06168
4318d824
435b73d8
42cc4fc2
432206a4
42e5e174
431abe54
43142d9e
42b02eac
43353e6b
4353dc6a
432c472c
429e385b
432ee49a
42cb947d
420ea954
434c20a4
43506643
4323db3b
42fcbb81
42cf6d14
43017a36
43649630
43222433
42fe591a
432070cc
4317adae
4372a4b8
43101bad
431b960f
432d509d
43377999
43954a4d
42b040e2
430e2302
42fb7000
42f4a28f
4300efe8
4317fa8d
43103cc4
431a0c46
43413ca7
437c96cb
434382a4
42f8b9c0
43519819
435e4c87
430ab7ea
42bb20fa
4331b6e4
4305b9e0
4311879a
4322b203
43090b79
434c496b
432ea406
431df0e4
42d55c44
4308e48d
42c37f1c
42d02c49
43187c44
433c5986
42bb65c9
42cd5580
430ece45
4323720c
4353673a
42c46a3e
4325fe6d
43335335
42ed803c
434374ef
431346dc
431e31e2
434c9ae1
4308ef7e
43376690
432200d9
432df68f
42b70668
43366eb0
43222cba
432369ab
429221ca
431e10dd
433d7250
43745c1a
4324ee66
432aab3d
42be81fe
432d7bee
43119b90
424c7124
42c96846
424faa86
4323a9e5
42d63980
4317e5da
42e900b5
42830ba0
4367b5b6
42b2e611
4301b3a1
42e12af8
42f02bf8
43757e2c
4308b4f1
42f875ff
42aa469c
42c9fcd9
435beaca
42c2b8a0
42cdc99c
42a38792
42bba056
42fe08d7
42d7fb4e
42ec98cf
42bee254
4311f996
42a03664
433c633e
4346c356
430e9dec
43402160
42c0fdb6
42d8c222
428bbd52
42c83491
4305a5ed
43122e1a
42f28d3b
43020970
4275c418
4319de15
4312abcd
431e6e33
4344733e
428a7f10
42856b1a
432105e2
427fded6
42ea47a9
432794e1
43104e6e
42a99744
42acae40
4317eb1f
42c60db9
42ce34b8
42d5a91c
42219d42
432b9c05
42afba59
4355b262
435ab1b8
42967812
42e389e5
42e2186c
434291ef
430c8aa7
42de0130
431d6926
42ce98f3
430a7d5a
42e65041
42d28bdd
42843b7e
42957e64
430a7dab
435ff83f
428160a6
431e8539
4327c2e5
42b278f2
42b89a56
4328baa6
431c7024
42e09dc4
42e33c5e
437a8c40
430081f1
434ac964
42ec9a74
43134a8e
42e41f44
42ff2b3c
431ccb32
4323fb93
43280cd6
42bb2531
42929c88
42c6422f
430a1c23
42e9f573
43026ef0
42524ea6
42de210c
425b7cb4
4322c2d0
437d041f
42d631e3
42f5be57
4298a6a3
4347f940
433ba62c
42d466ac
42e793e7
42359ac5
4315be69
433b2e63
420d5ece
42cf6d6f
430d5048
42edf509
40c8c16a
4302281f
42ab26ba
43106551
42dd8a5c
42fd18c8
42f8914c
432aec89
42af7349
42aa5a88
42fade9e
42a6005a
431c3645
4315eb52
41b2d83e
430910ff
4326e458
42fd232b
42fd5e3a
4308a775
431aa73e
4315aedb
429a2203
42b595ae
42fdb4c9
42df618c
433eb944
430dad72
4282996e
4350c535
42714c6e
431d05ca
42f28a36
42e52851
431ce81c
43472d9f
42da7082
42e19102
42e66dd4
432aa7cb
4316181c
42d22299
432e3a4b
42728410
43277dfa
42f80573
421309ee
435718ef
42b24bc4
431b3daf
42c6c58a
43414f3f
42b47c61
42b4e386
4268d190
4287fc6a
431639a0
430afa45
428db876
437b0bfc
43027f2e
42c7da16
42f4d900
42ca65cc
4314c6d3
42d11f10
4202912c
42eab54d
431468e2
42d1459a
417cc820
42a86b74
4328911c
42ae2088
4300d2b9
4301d90b
430ac9a8
43246a9b
42e2d7c6
429e3f98
433dc6e0
43391bfc
4280df82
42e6198b
431691d8
42e7ee38
43349b8a
42f720ee
42a1c0e6
42e1ae7a
42e0bde1
430647f4
4304f72e
43090fda
430b10ba
42940435
42d8b6d8
430b1614
43024aca
4333e3b4
42b3215e
428d338e
42d38795
4205f13c
432ac7ae
428b1299
43180a86
4275c73f
42c40c06
430a784a
42cc43fc
42cc8260
41e1ec6f
430960cb
420a7472
430925f9
42beb078
42a64da5
430b4983
42cbda08
42687f63
43064cb8
42d90a53
42904883
42e48853
4310a051
42c1bd9e
43017bbc
430e7920
437bc844
4289bd5c
430a4f1c
4304188e
42d11752
433e90ec
42a4d8d1
433605c0
430b31d8
43378a78
42a2760a
42d2728d
4389aea4
42e097f0
437ec16e
43175057
4300f858
4360c2d6
4338de68
438657b5
42fd772e
431951b8
4332d4cc
43298def
43149c46
43299a64
42e02dcf
4325b6b6
433d7e7f
431efc42
43060e6e
42f1c52e
43457d25
4323ac31
43879542
4322896e
43282ea0
431da545
4317bc74
430c6dd4
433b854c
431b93b6
4323a558
42ff15e4
434bea58
4319039d
4374e4d4
432961f5
431cb6be
4380bd9c
431619fd
42d58623
4363566d
421425a4
43357281
433035c6
4308e7b8
42e00ea8
432b7e65
434dc82f
432f35e5
4327902e
4334ef3e
42ef137e
4352c4d0
42f29a90
43433d30
4313e768
42fb8beb
431dfd3f
43227e1c
43468251
430a8ec4
42e34d86
42efb938
43340b09
43487670
42d1b855
42cdd508
4358d60f
431cc50b
432538c4
434934e5
42c4293d
432dc7e9
43591fa9
431e4e0e
43169f52
433d312a
436f1462
43265bd8
430a3b3d
4375d4f9
42e7c934
43478ef4
4343e001
436078b9
42fc6557
4352dd12
432bb288
431eca00
4342c863
432de5ad
43252a62
4316f7eb
432b6ad6
42b51efb
4349ffad
42fbdbf2
430f94c0
430657a1
4324af46
4382ac75
42957b7a
4352fd29
433d79aa
435c7533
430c8c22
430d1be1
431f4f23
4359fc56
43092a33
43682ef4
42fdaca7
43553b47
434a7183
432118f5
430e65b6
4346a26f
42d1c1a5
42ebbbc8
4333e2ce
4365c717
43a5a537
431b0f4b
434a16e9
43830b99
430ccf6e
4363156d
434fd9e2
436b7979
42cd7758
437dee50
438b7418
42e26c8a
439fa8c5
435de176
43709a0b
436886b8
436f8fb5
432d41b2
436c811e
430eea25
4359d42d
430b858f
42cfb738
43ac06dd
433f5d1c
4381396b
43563d90
435056f5
438d5443
43a55642
4376a9be
438173ed
431f5946
435128a4
434f8522
437831db
437c9795
430c90d6
437f2ff5
430c4e6a
4364df62
438a2dc7
434453c6
432ef757
4370b749
4383d19c
42525f1a
43526590
433699ac
42cfd225
43b4f194
435e63f2
43497218
43977925
43305720
437a8739
4350c6e7
43407133
43878307
436b4fe5
428b9b66
4370c719
435f3ba6
431f5e15
4334008c
438c98d3
435951a2
432c3a3f
4390e627
434b0e4a
4358d64f
43587216
42e3ee0c
438210ff
436c1e60
434fe937
437d15fc
43a93ab8
43679c4f
436dbef0
439e7962
434c2537
4312f5d3
438bf361
439055af
43ab23ea
43497fb1
437e0d6a
4339e428
43673aa6
43a23c09
4332b0bc
430f49e8
43b37100
4368b140
437a18d0
436c0710
430fef7c
43608619
43376b8b
435d8908
439b6e30
434680fb
4325a348
4384b46a
431bbcea
43476142
43565194
4329c9b8
435851f2
43834a79
4355160f
4325c027
43370c72
42eeee1d
4312c173
4323dc2c
43836363
42edbdfd
4371fed9
438fb249
4380e576
43085a7e
438fc865
42e93462
4368c591
4310ac60
42e287ed
43093925
428f891a
421801f8
41e74b0a
422b6b70
421bc406
431aa290
427be60e
42d16afc
425abd64
430f69b2
4320dc23
4193f65c
4231d37e
43032abf
424c8072
4165869a
4216dd98
426e1292
42d1f12f
4288ab23
42c14a2a
41692eb5
424e4f63
c21eeb94
42864beb
4217218b
420332a2
42b779f7
42bfc5fa
42cbf4fa
4295acac
42a066da
41bc7fe3
40f0d720
421f621e
42d3cbe8
41c82f7c
4212ffc9
4287dd08
427c35c9
42d6cf98
428d97c0
4305da7a
428d3c9b
42cb9cc1
41670ec4
414fad72
4276f34c
4155e3d0
4252a24c
42eb32ce
42008e06
428e2288
41cd942c
422910bb
428220c5
421e21ff
42a75ee3
4128faf8
41872ec7
4286e3c8
421e3ddd
42641fac
4072fee0
42805e5a
431b8984
4293957e
42d2c422
42cb8e3e
425dbb6f
42c72570
420e1448
41cba168
426b2da5
429567ae
422dedaf
41aa4454
be65c580
42ee2ec3
4232b6eb
41ecfe0c
4257d172
42c819e3
419d878c
4176ac9e
4297892e
42b499bf
42982c8d
4132ccf0
42a62fcc
41a4796e
42a03e0c
42298b48
421864ba
42168da6
42ecdef9
41ef9298
42529f84
4200a4cc
419f7cac
42441bc8
41783990
42be7e75
4199a479
411962d4
419ef804
41be0381
4238a036
42a5b32e
429dd680
41820a70
415ab5e8
4297fbd6
c13bd03e
4298c1e9
42bcba78
41a1f825
427e79b1
42a27778
4285a742
427c9f06
42375150
429c236a
41d6fe7c
42bea7d5
42815a3c
42919b62
4287cb27
4292cb40
430f160e
42e834e6
42e90334
4288f54a
42c5ee87
430376a8
42c48460
42f3b135
430221c0
419ecdd4
42c816eb
42dc50ba
43091c7b
428b5a79
43213eac
421aa677
430178b1
4305e7a6
428c7b0e
4283b7ce
422f152c
42f2d972
43087cfe
42b03052
42f28516
42a287c4
42e5b2cd
42901a30
424aa35e
431875ce
42d3a0fb
41efc234
420e3398
42d73306
42cd7f84
4294b6e0
42aa2da8
429bb218
42d23f50
42af9a03
412f3890
4266f89f
43024449
427ea0a0
410ec8b6
429551b2
42ba69cf
42247e0e
4283e090
41b7c67a
43241daa
4244369c
42330ab8
42e69764
42ebf74a
4297a6c0
42bbf060
42f812b2
42e17484
42b1d938
42cffdde
424f93ba
42e1f7bc
4317ade5
42c9b81d
424cc498
42fec13c
41d9a4d4
42bf3f32
42a61f60
41e11118
432087aa
42a05e2e
42cfef2f
429ad6ef
4311e958
424ce5f3
4299867f
431659c8
42b3b860
41138ae4
4279bc1f
4267ba7c
42b5f8ac
41ea8fa0
42a19570
40f7e4d6
42813652
4248069a
42cc3e7e
42bd006a
42d8b534
42a0b4ac
429a1260
426d1618
423d8e84
422a1716
42bbabfd
429b37ba
42f8c0d7
42c0aec6
428baaac
42e14a54
425b7d26
4286280e
42eb6328
42ec5d7c
42aa1d17
42d616d2
42d72b82
4308d0f6
42b87d0a
42f1afe9
428ff6b3
42f5fc88
42def922
42951fdd
42e5c804
42b3697c
42e5aca0
42f23df5
42d22ddd
423170b4
4230ab16
4311f140
42e9ff33
430cd464
430b7f21
428ffe44
43124c47
42ff5714
429946bf
42fa4085
4306e874
432db13c
4317e5ff
433d70e8
428e9bba
4301ed32
4292e694
42dd7c68
432ba872
42fae9ec
429c63ce
430ba18f
431e12f3
431d7554
430c95b6
4241785f
43616948
42a84ea7
432fbcf6
4342beea
422b89c8
43515f51
43216969
431f3639
433390ae
430c3553
42c59b16
428303fb
434158e9
43612dd1
42befd16
4317acb1
42b1bcb7
433859ed
432345d2
42ed90d0
4310bb25
4308cdd6
43041daa
42e9750d
42d6266d
426f9bbb
40b6f9cc
4305ea92
4302795f
43167d87
42ff015e
42a9f696
431e1af7
43361bcc
42c6fc7c
42ecfff2
42bb3805
42ca92d8
432d9d28
4330c9f0
430d8958
42d96262
433a3657
4349540a
42291e86
4341c54e
42d22140
43103593
430ddd45
42c70ceb
434c1848
42d31417
434b6ae3
42c7074e
42c29e42
42e1b715
42a46b20
435a73bd
429670e5
42b476c7
432f63d5
425e0d3a
431de269
43303e55
433568b0
4306365e
42d62721
4307ee51
42ab8a15
42b2d906
434727f1
42c4aadc
422a5e21
430566a3
425f8910
42f825a6
4297802f
4302941c
42b49544
42abff02
4303012b
42ba870c
42e71557
42daad8b
4302d2a6
42cd4c70
43009770
42e74bbc
43383dc8
42e966d9
43002a1e
423d404a
431bf3e8
42c14055
42d93212
42c6b945
42c43eea
42714f55
4320ad5e
431e1a42
4356953a
42857f71
42da04bc
43238e0e
42d762cd
42e7c324
42d9f74b
432089ab
43154830
43047628
4235c986
42f2bb80
4304e082
42833f4f
433859ad
432c963c
43024077
430ff2f4
4342d6aa
436c3126
42abf069
433255e1
4311a035
42c08de6
433e468e
433be217
42af19d0
431c1b36
434ec245
42d6d7ee
42d67bc5
431c44e7
42c1c634
436794e4
435d36aa
4318f3ef
433ff27b
431d15c8
4331d90d
42bde1d1
43208722
432f0953
42d733ae
430ec044
4286b9c4
42adab54
4347adfa
4319cd72
42e6da37
4330d344
4319eb75
43014403
43283a8d
42acc236
43049b3e
4304bbb5
4325c1a7
42b72df6
4342d8f8
42f633a5
4284d197
43309ad7
42a08cd7
42fafbc5
430d74fc
427414f4
433e69f6
43067479
42e1377a
4347334a
432b5ea2
43619e3a
42fc14c2
4315bb77
4316726b
430466f3
432c4cf0
41d2b46c
430c12c4
433e75d6
4306b3b0
430d3870
42fd5897
429fef95
42e03217
432a313e
42de0964
42bf01d2
431b1279
43448e54
42fd7319
43038a7e
4352046f
4319ebb1
431c90a8
42df246e
431b7310
42bbbf06
42ffabc4
4315121a
4302c746
43665f80
431e64fc
430c367e
42d711cd
43040100
430698e4
435cd0e1
431a8a29
42cc4b72
42c17ce6
4318da69
43263fb3
429be379
43167aa5
428eb4cb
432a222a
431d9b8c
42d2de4f
431cdd65
43069780
431c8aa7
433e7504
42b95645
4344c643
4294eac4
43352e66
42d25760
43442071
42cf4b67
42f9b6ec
435fe55d
4383c1d1
43af8269
43534cf3
4309479c
4338b5fa
430b61fc
431525ce
435a45bc
43885437
4335b285
438af111
4388e9de
43174c80
4388bb9f
43129c82
43777f1e
43879c8f
4342d759
42c1274a
4367ecbf
4361ab52
436cfbc3
432861da
42a5f992
4393e8a3
43016914
438abd6f
438012e6
436bdb0a
438483ff
439625d4
43880bea
4387fa90
4356e0da
4309d879
4333c1b2
436a7040
438fa7a7
42dce909
434f5423
4349cfea
439b5b52
4399ceb1
4335265c
43587d44
4364c81c
4384f353
42c4201a
43685000
43010296
42980d86
439518d8
434f4f4d
43499297
4341b21e
42fbd284
435a935f
437f8c46
435c5b55
435c4845
433924cd
42ad38e6
43530364
434ea5f8
434d5acb
4309cf76
43890dcc
438cd4db
42fd5124
43672d3f
43160490
433e7407
436c9490
430f1997
437645ca
434ab1b6
437506fc
435dc2bf
4343841e
431d9c3e
435a7d38
43819ee7
432d324d
432385c9
438657d7
4356cf56
434ccdf4
4391a62d
43877ac2
4321fa4a
4315bc8a
439a058a
433d0142
43338781
438fd812
4344b27c
42fe8212
436b8234
43376526
4345a6bc
432ca175
4340feee
4362d8c0
43071d9a
4322cf72
4355a94d
4319119b
43176e74
437a0b01
430a0171
43700ac8
439553b0
4361702c
43171bf8
435aa3c1
428622ae
438d329f
432473bd
43038b8c
4324067a
4356e0f4
437ccefe
43998abd
436eebef
436cf2be
42e35590
4388353a
431ae97f
42cd1eba
42db18c8
4310faea
43167d4e
42bbee8e
428ca6fb
42b164a7
431f41c5
42fcb4c2
4278a360
4273020f
430e52ff
42f62ff4
4317416e
42bd5a99
4305af5d
42de0efb
42d0c89a
42d33f5e
42f79b89
42f0ebb3
42949ea0
42b3b837
421df41a
427dd39f
41b94ab7
431b94ba
42d5f78e
42d799f7
42f3be8b
433788a1
430b367a
431277d0
42a6b50f
42552ccd
42ea3c01
429efae8
42d16185
42c65128
4319c776
4299dcd4
4186ed60
431e5d1a
42cbb5cc
43038e61
43238f6f
430094aa
c1f6ddc2
42ac353e
42c3015e
4280a02d
424b186d
4296887f
42ccfbf1
423dd8a5
425b15a4
42b2632c
430a3e66
4305bcc7
430a099a
4307b391
426f3e54
4312d633
42dc4ed7
4299bc20
4260d73d
42d75856
4318faba
42aa0796
427d6781
42dd0f74
4293e91f
431b5c67
4317429c
422ae958
42eb952b
426d1745
42f1a1eb
4302ca4b
41b448ca
42c317cb
421a864d
42ab65d6
c008453c
42b0202c
42df70f6
4233dd31
42fc3138
429544ed
42dee236
42d8675c
42a635e0
41f2bf4c
430e5cbd
42b53d34
424218e6
42683340
434b1581
42a3bc58
414ff6ec
426ed936
4287de3c
43134d34
4258783e
4216e84c
4304372c
429b31bc
42a27a1c
42d61144
42f1af44
42dc19c8
42ab90bd
425d0f8e
42f98818
42cc8eef
4283f012
426b8861
433942d0
42849e0c
42576fb7
42f28c13
43075f5d
430636bd
429f2333
432a047f
42a05a71
43105f97
42f3965c
428b6650
42ef5309
42c3a1fd
42d4a992
42c93a30
42c77e3a
42176e3e
4297c422
4329684c
4248a6af
42ecb3ee
42e41a28
4242b66c
42aea79a
42d55e64
42fcf7c3
430819fb
433dda6e
421ea22e
4300ccdf
42dac78c
42c2ada0
4248952e
42c70832
43472b33
4301d85f
42d449f6
431c7bb3
42b76b68
430ab8eb
42a3f018
42b1f4fe
4331635d
42f4c6e2
4283d362
4221c72a
42f920da
42ec8502
4124d692
42970bb5
4241c145
42e59ab2
42f3deb4
4059b100
4263b2aa
42c0225c
42c672f9
41989cec
42444e10
4233d153
428ff285
431c55f8
4259aa64
4311341a
425a5adc
42598c1a
4347ec26
43166446
42cef25b
42c0ca05
4287c169
426b1198
428ca7ea
42a0427d
4242afff
42b88129
430e83b2
42affe5e
42cd5172
42e3fedc
428733bb
42b8de95
42ec9b6a
4289886b
4315e61a
42cc974f
42ca9a32
425df4ee
430ebeba
42bd42e3
4317782c
432c74b6
427c82a9
429f83b3
42a4c5ca
42c11106
429a9613
42cb0ad2
432ac266
c0f76da0
4285a277
42eb322c
43210c00
42f31ddd
4315781d
430ca69a
425f591c
42848c91
4235e183
431cffb1
42bd5754
42b5b9e3
42f984f7
43043b7b
42c1fab8
4300c74c
426a9253
428d9411
42e22e2a
42d86071
4312edd2
430b84c4
42d7e261
43203998
429234e0
429cfb7a
429d3075
42e64862
42ca66b5
429dc7c0
42e26c8c
42fc5191
43027cae
42d4acb6
43154e2e
4195fe2a
42c07cd9
43065601
42d7ea0e
4301b00e
42ce821e
42fa7042
432e9ebc
42c58e6a
42df7526
421fb75b
4301fbaa
420f8ef4
43317f9f
42cc069d
42711230
431e1dd1
42fc8676
43180adc
423911e6
42e893e4
430ae7c2
4292ed04
42f7bfdc
4314b05c
42baa050
42a3e9b5
43345a7d
42861ffe
42fdfbf5
42bea1aa
432abe76
435eb59a
430dfba5
42cd7422
42d876ea
42722e50
43001bc6
428e786c
427e7594
423129fc
4328bcf2
43031b08
42ab0d96
426bd1d4
43063ca4
43183aba
42c31058
42e23c2a
428c5a04
4128ab86
431ea922
42d7c4bc
42a253a9
42f5ff36
42a398c8
4282e172
4314e056
43068ed6
426cc119
430fecf3
42c097d0
4307e48b
432ae2f1
42603fb2
430ff5f9
42cf06c8
43256a13
42bc923d
42a3aa24
42ec6e64
42ff3a37
43207184
429eccc4
42ca343c
42f90316
42a2a756
42b56417
42e8bfca
42d4068e
4310d5c7
43458e3c
42ede9bb
42e8a3a6
431c51e5
42aab1bc
42e6ec12
4356883d
432d9029
4307912c
42fd84fa
430a9fae
432dfe80
43227a7f
43427294
42d4eec8
4281ab08
4336b940
430ffde4
431c7d3c
434001d7
42e78277
434afdf5
4295a45f
42a0b55d
42fa3092
432d5e2f
42e3d346
42e74e2f
42dfa2df
42e78d74
430b49c5
4211e0e4
42c124f9
423f79cd
43382ceb
42f6f49f
4217a7cb
4292e964
425e95d2
42c23c21
434374d1
42a0641c
432c3255
42c770b6
42d868fb
42c3b1fd
432ed0b7
428b8c47
42d74f74
430929d9
42b41ba2
432842a1
429e6a6a
43219bd5
42f21e17
43899127
42c02249
43025b3a
43893e7c
4307a4fc
4376d6b4
4309ccc6
432daee4
436b5f4d
43317385
43764533
42cda5ac
4338cf34
42fd9732
43195fcf
4339c54e
4310098a
4303bf60
4334126f
4305787b
43343505
4344d1b7
42c818dc
430d88f8
434173e3
43b62260
43354d3d
433645da
431747e7
4329b266
434ca8a0
43018870
4317a81a
432d3830
430ed2a0
436e873a
42c8bf62
4384786e
42d2070c
4341e991
43a3657c
433fd7de
42dcb464
431b0f38
4179b900
4338f493
4322329e
42f4d6ce
42e9018c
4328a59e
434048b4
431375ce
433347bd
431cd80c
4305ee40
43826c47
4338b8b2
434ab1e8
43518456
42aac003
4316ce94
4358fd6a
436c7e19
4307f52c
431edc2b
43284afd
42f7d24a
433ba026
4331538a
42babe8b
439416a4
432c8df2
43606f4e
43508e9c
41e74088
439094e3
4331de20
4310da12
42c813ee
433ef3e4
434ef8e3
43126158
43368857
43836256
42cb0b4c
4368690e
43216e40
435f921a
43359e2c
43152aa5
4339c87d
42fbeb80
433acbea
41fdb747
4280af80
430bd03a
434567c9
428cec13
43128b0c
4261a0f4
433426f3
43123129
431bc7b1
4326aad0
42de8dcc
436755e2
43324d7c
435cc2da
43678890
433b2c59
430e0294
43258c1c
433b9247
42f8618b
42bd59fc
4374c231
434da45f
431f52a2
42db22fa
435112fc
4297de4c
43079e7d
436931bc
4363274f
43a8ccf5
4312cc8a
434feffa
4344aa72
4332bed2
435f99c2
435302a9
4396c9c6
4311ab26
437b96cc
4381e0ae
42f2561c
4387aadf
432624fe
4386e56d
4375635d
43854a6a
43175b18
438a330b
4351c8c5
4329755c
4308eb20
431eb8a9
439ef8d4
43696f1e
438fc428
436c786b
432feac8
437eead4
439edd0a
438dc484
43a4df42
436d3b36
43189ce2
431146ec
4385c2f6
438336e6
42e0cd6a
435debfe
431e9524
437d3157
438fcfef
4305937d
4359e897
4387c8e5
438c1ada
42dafef0
432c551e
42c8fb73
42b9fb25
43cff33c
435fc834
436fb6da
433bd93c
42feb52c
439bd541
435ac060
4335307a
43707766
4334b8d0
43132cdf
4321d961
4351e53e
42cd0294
43596105
43ab46cf
433bb070
43165482
4351dc6a
432b5dd7
4332c59f
435aca8a
4300cf2e
4392c7bb
432ecc7c
43511777
436701a3
4395c69f
43122853
43a131d5
43b56a38
43303b44
431b1286
4364b2c6
437e5877
438c33ca
4362e7f0
438a8f7d
4283bc36
43510d23
43952f78
434898c6
432b7bf2
4393d21a
4372bc38
43560e26
433a4bcb
42ecc2bc
4325e8d2
4360512a
436878a6
439951fc
430fa31c
42f6b9dc
4396d021
43338b02
4338da26
4360ba7d
43387599
4365fc41
439c4115
434cbf4e
434fd6ed
436ea09e
42bf847e
43521a1a
431526c4
435b09fa
42c846f4
43448e50
43a1646a
4394612f
43141fcc
43752e46
42fb7748
43515bea
42d143a2
43525dd8
42b79d58
4320b2e6
42ac76df
4244f3f0
43161dc8
431d02c4
434ebfe8
43001963
42e6835d
4344fb49
4342f4ad
432d433d
43112432
431afc08
43445575
42ccc038
432c6883
430224ce
42b1ee98
43813991
42fefc25
432fa515
4202e5ff
42d7accc
42cfa8be
43202983
43433519
42ca9b4b
43011737
434a182d
433f9d3b
4370da03
43105632
42d65d98
42efc85a
42d8dcec
43845218
428d862a
431a4d24
4300242c
430cc509
438add83
420a6e6e
432fb85a
432ec10a
432cccf4
4317a712
42d9c360
430e2508
42dbe22f
42f224fd
437390a0
42fe3841
4310c068
42f08dab
429a82db
4326f67d
42378d94
42c004c7
43603a51
42f12944
4384c808
4306f4ae
42f39021
42b926fc
42db4882
43a00442
42b9fc68
430ba13e
42df8e9a
43094f9c
4359c586
42e25390
42ea71dd
4307d92a
433e49ad
43701375
43159fd4
42dfe35a
4343f416
431f5b38
4337bef1
430b1f5a
42cfbd22
42f9aa8e
428ddae8
4365026f
42f9c965
432c42cd
430559a2
428a8170
42b65b22
42f65d10
429f23b1
425c13dc
42bb4b22
435e46b7
43200087
42559232
42020d56
4308ca7a
434a12ce
42910c1b
42c8744e
4305c269
42de57dd
42857fba
4356003e
42e7ad32
42f47980
429c47aa
432c3dc9
430bb9ac
431872c6
3fd7d5b0
433a5162
435d387f
430128ed
42afaff7
435558d7
430d1772
437e40a3
42f1c09e
4328d998
429b1b81
430bfd60
42e46372
42b70c0a
43291ed3
43206f8b
433eea23
430f64cc
431ef1a6
430788ea
42e74692
43757c6f
42af422e
43157249
4347ed1f
42b08fa2
4351bba6
43201e20
434e592c
431dc362
4376853c
431ef5c6
42fe720e
4319240c
4302d7e9
42d9ada3
4335732f
43506cea
4333610b
4309a683
43324e88
43728852
43542477
434a0276
43113e88
43699f2f
430f41a2
4300cb10
42f5b89c
4309a8ed
4312650e
42d29aaf
43250812
4317a0bb
42e88116
4346fe0c
42c8aff1
42ff7949
431dd483
432b26a1
419e8630
433b32f4
42981ae3
430ec10e
43166f74
42d80269
4362ad1d
4319d8ee
42fab353
43371c72
433225e0
432823fa
433d3907
434523e5
42ccbe91
432b5814
431d8f7a
42b78c67
4300f8bc
4310ee79
4327e85c
431a98cc
43142c82
42e98ae0
433595b4
435716f7
42f5d240
4306639e
43317fe5
43332fe6
430fddd3
435c9b7a
42eca75b
432c8a2f
4343fae7
430f3839
4305b8af
432b78f6
434b1c9f
42f3a800
430e6908
4366f81f
431a06c0
432783ed
434e0345
434076bb
43118734
43510f32
430e5b3f
4325deb5
433bae1a
4306c59c
431ac156
42d97b8b
431f89e8
432a3bab
432e6df1
42d8812a
433730d2
430a392f
4307cd51
4337a920
42ce5930
434974a5
434d2247
4336a808
43570818
42f7b52d
432d3ff8
432ae01d
433dd39d
4354a9ac
42d69ee5
432bc75d
4349b54e
432dc890
432586a8
435771e5
42aa987a
43307260
43373221
42f75af4
42edbf92
431d01be
43005d15
425a40fa
42f227ba
42c82cd2
4312d224
431b6300
414f7f27
43034271
432b8632
42f999ed
42d8ca77
42ea08c4
43412b15
42ead6af
43233bf7
429fbc2c
4322037d
430abb68
434678c2
42dd7088
4272e4b3
437460f9
4297c8a0
4335f2aa
431bd9fc
42f3500d
435987f6
431bc5a0
43135296
4331e7dd
430b4631
430b5ed7
426be588
42bec60d
43458ea0
429a8e78
430676bc
42c97ca0
42c21244
4377286f
42c420b3
433756c3
42e8e980
43231cb4
42f8061f
42dba7d4
42b5a6de
42b0ceb6
43133902
431f3954
42c951f6
430b233e
42ae03c6
426d571c
43216333
42c11010
4310f866
42bf85b6
42924394
429cd699
42f5e707
42c33426
427eaefa
430f32d7
4319a922
4220cd03
42c397da
42b570ce
42babd40
434e0b25
42c07107
431bda67
42f1e3cc
4322c85e
431c93df
42cce492
4291f0d5
42fb4c04
434089ad
43114300
42605bb8
430112b4
430a36da
42b3144a
4319511f
42bb0584
42749085
42a2ee83
42bc23c0
42c7fa4e
42f42218
43116aa0
42889fae
4284ec1e
430b482a
42df1a01
4311bed1
42baf90a
42e8fc2e
431fabb7
42d73b50
42a7511e
42c73756
430c5160
42ba25ce
4329d570
42b49f8e
42d76ff2
42ab1468
43080428
431c5d92
42f3aa7b
41f83c63
431655b6
42ccdfe3
42d24f88
4294c184
43132b2f
42def0e9
43657ab0
431b6bd1
432035d4
42a38dc0
430879ec
430d3e7e
4302d6f8
42e90708
42ad9e40
4308fc5c
430a0434
42cc29f9
42435ecc
42e2806b
4324d8ad
4237de11
4314b000
42e8338a
4316dd60
4388037a
42c93e8a
432e8fd1
4309be14
429e65e9
430f03fe
42f4bb39
43023155
42c1c5f2
42d6c96a
409f33e0
431452d7
426bd822
42bb832d
42d56685
43332566
43280a00
4348c25f
4325440c
4309973d
4251169c
42ea85da
42debb39
42e58159
42eca3a0
430904ba
4309b2ae
42ee8a26
42ca77ab
42fcd1ac
43072b66
42e75cde
4323812c
4303cab7
41c4904c
432c7207
42d353c8
42e36fb8
42f96d6f
4297d50f
42f7a1ec
42c58c6f
42d570ee
423fd0b4
42dbb3de
430576eb
424b5484
433b9117
422364b3
4318ef7a
4338b8fd
430006b6
42c4b904
4320ef27
433292d0
42c2936c
42cb6cfe
42f5614f
430af3de
430bd564
4326d8ac
42a6e720
42d5f741
42cc5d04
43189443
434c4901
42daed88
4307ae21
4303da08
42845b92
42432c3a
430c6f2c
430908a5
42f81c6e
431c50d6
431ac2e3
43103ffc
4335bb6b
42e557aa
42a44366
42f3dea5
4300736f
42d0a26b
42b12ef0
4319cc6f
42d07384
43022e58
429ddbba
42cb9f92
431cdafc
431765ca
42a95728
43015f75
4240e736
42c9ee6c
43574dca
428bf0f3
42f3344a
42bbc45f
4329aefb
4323398c
4275cbcd
42952546
42521e3c
4338903b
42daceb5
4286f224
4314e260
42f1accf
43008c6f
42b4ac4f
42e63528
428503d3
431ab044
437236ae
42c88070
4329c73d
4335ef74
43293e23
4313e139
43218c21
431f8901
431377e9
430ed46f
426eae4c
431ebee6
43435d03
42e11c6b
43279234
42f9cb2e
432b7f7e
430c2f42
433e6c0f
4324021e
43173dfe
43388880
43624e57
43149176
430b1711
43909784
42fbd3f0
4356f6f4
43459da3
42f1c1ce
43a01568
43595a86
436aca28
437e0754
43390fec
430d00cc
42b2255f
431c0bf4
432cb0c2
431e0b5c
43199737
426cd2ca
41fa8d00
435b29b4
43273935
4344a8c7
430772b3
4327d7f4
42d5b35c
42c7ba88
4226996f
421c6f3e
4366845f
430d03e4
432438a8
43381316
425d2e32
42e0f395
4352df06
42cc9090
43303d50
430969a9
431b1322
430e997a
433fdf56
42fa3bb9
4316579a
437a464e
432a79ba
4303808f
434d6411
43033c7e
4325249e
432ddc7a
432bcc85
43563e08
42c8c7e4
433ad116
43315bc8
43557986
42b45279
4332b682
438899d5
42f2ab60
42943046
4347fcda
432a3f13
4341fdfa
43138884
4344b945
42e5d6fe
434f115a
435e6408
42f6e220
430a54a5
436f6edd
43247a15
431b4538
43537ad5
42ccb5f2
4331ea73
42b32d00
435add8d
430de220
432a1f60
42bc996d
430aa918
4377d054
432211fd
4315127c
42aa4e68
42d05a5d
42b57430
433b73b2
43826372
42b5bc04
42c082e1
4313e029
431c8f11
4343955d
42a2a77d
430208b0
42e4c5a2
4353f096
43090aeb
43613a13
42d124f4
4338a09e
436109c8
43168e1a
432f7e1e
4315bd66
430f7dd5
42948409
42e81fe3
428b31e4
43470a1e
43235b8b
42d2d806
43402326
4338df71
435b9b8a
42e661e4
42de2040
439642da
42c8e62c
432bff6e
42e166d6
42c49db0
43776914
43495db1
42d80fc7
42d3e90e
434e5d78
42a022a6
431c572e
432a9129
42d91f0d
434c00ac
4380850a
4340d0e7
43585d3f
4339acc0
43109741
4295ea3a
4306b181
4344e23b
42dc6ca6
42ebc924
42efe5a9
42899e59
4396fd58
42fc3f24
4307818e
434dada0
433a4afd
43034dee
42c81dea
427355c9
430d489f
432ba96b
432cbc77
42be78a8
4326fb8e
42f34d7d
428107b2
4364b7a0
42f883d0
42d5fb96
43121b96
42d7dbeb
431adb94
42bedb50
42c7a7b1
433e470a
436094e0
43782bf5
4310d13c
431f6980
430038f2
4322c477
43756890
428c23be
42dc0a30
433d5b38
4319d0dd
430d60fd
4302ae87
c0fbe690
4318ac3c
4327381a
42e1e080
429998b0
4331336f
4333dac4
4222ef1e
43702964
432dd337
42b4b92c
4300e542
42e23756
42e4021c
42e4bc2c
42bcdf4a
42f153b0
42eb7b52
4381f552
43040376
42d0098a
42c32c5a
4314371d
4319093b
430a600a
42d79212
42d997b8
43229571
4296688c
431dcd46
428096bd
430ffade
42bd86c4
42dd232a
4321bdf0
4282b482
42a825ac
43330a92
43382b74
42f1c5dc
42b05c08
43224f60
42ab4833
436b6e1b
42ee9d42
43186522
42ecb92c
42f965e0
428f696a
42d46457
433f3e81
4312b42b
42d7d61c
427fcf41
42a0f646
4259cd00
42da3230
43722950
42ab9bdd
4300217c
4316bfee
42c002c5
432d39ea
42c43448
43351c27
43116ce3
42c8d81f
42738dae
430347a4
43066a07
42f825f0
42e96a15
42ac5ca4
42f58bc2
430be6f4
42c1e4b4
42be947c
434467ea
42e4078d
43358055
42d1ebdd
42e36d6a
432e1fda
428ef98a
430781b0
42e99384
42cbbfc9
41c0d2d2
42b9eab0
43115b35
42d5cd03
43296042
427903ab
42f6d548
430e201a
42fe45de
421139bc
430e6df4
4259742c
42bc2094
4319d750
42d8b222
42b1a82c
42a93c76
42c48b29
42ff2fbb
42c9d566
430c6167
428f8d1e
431881e7
420a926f
42f26ff7
42d0c63f
42a72ab8
41fc4417
42d58d8c
43165f1d
43121e58
42ae0c27
42e0e0f0
430197bd
432cb6a7
429da89c
42884143
432647b5
42c2a16c
427d01a5
432863f9
42c62b01
432637ac
430c94eb
427124ec
42ca78cc
42c7861a
43007552
4289c473
4315577f
433c36bb
42741825
428ea778
42facfc6
43283b7e
4307212f
43041324
42ca59e7
429c0f67
4302ae76
42d9948d
42c84f14
42b565b2
42c84a23
42a486f3
42d2b91e
42c89ca1
42eee56a
42563a20
420586c4
433f6ccd
4288580a
43286b13
4328973c
42a2241a
4312dfe5
42e5c89e
42ba9029
430dbd2c
4313d7b7
4275a150
42f145d6
431c39b4
4313cb47
4309cd0c
431dbd34
430b7fb4
422dd0dc
4326e10e
42d5431d
42b1209e
4318de5f
42ec549c
4307f574
433eb7d9
43305e02
42f8b884
4314445f
432146fc
43023baa
43343a58
4332f7bb
42bf1d0c
43136e76
42dbc624
43537480
431644ba
4316255c
42e12a01
432f00ea
432b301c
42c7a245
4300aeee
426bb782
434020b5
42f2e64d
431f37b4
42cf5270
42b60ff6
433e2f33
4339e8e2
42d3c3b6
431fe27e
42f86cde
42cb88f5
42472218
43385572
42f87e19
42d8ba7c
4363cbd5
42f5ada8
431169b0
42ec1030
42d5954b
4336c471
43340d64
4309eb92
42a677d7
4301f00e
41bf5870
428c15ba
43127250
42da3ac8
42f36f9e
43156b51
42d971ab
435acd47
430ea1eb
42eb03c7
434fee57
42f13b3f
430cfae2
430090f7
43193072
42e978b4
42e14708
42fed614
43152c52
42b55a04
42d55845
425f7069
42f5b490
42d939ed
42bdb99c
430834c5
431b8043
431a0269
43253431
42e39f3a
42afdd62
430f6472
4350784e
43076509
4281f64c
433db84d
4312da59
4329c9ed
42f4cad0
43082efc
430eba96
4285e375
42f0672a
42be35e4
42c3b038
43635702
4304d6d6
430c98b3
42c9ccab
428b4ef1
430da29a
42f5afbd
4292cbd9
42e9837b
42954773
42a36a54
432c98d7
42b429b4
42c5746a
4311a7fb
423c1720
42feab0f
431dea0a
43140f5e
4307f7b4
435faf58
42b1265c
42ff9e44
42a43e47
42eb0d5a
4267731a
43178df4
4322de02
43022e02
42ebda71
4361cd13
42e4f742
42dfb800
42e1fdf0
42ba692f
429eefbd
4281ea5e
431f4fa8
41f588de
43189540
c092e5e0
42ad8726
43184db9
425357bc
430ede57
42cb2693
42cb8842
42f673b5
430ef8e2
43443a63
42bba9a7
42f4f9df
4300d3d4
429d7d92
431648ba
42bd5280
430a5538
42ea437f
42aa119c
4306288d
42a548fc
42361b23
42fd361e
43054064
430b230e
4342978a
431c3ec0
43259468
42771d6a
429220ba
431afc92
42a76a92
4284a9c8
4240e396
42e5a922
42b32ed0
42e924b4
41f7e2c8
43164fd7
42affb88
42e35544
42ccfac6
43233271
40188e58
41e55dec
42e70935
42cccea3
42c934aa
42d35b1e
41d632e6
42d458f5
42c386cb
427c1e00
426b250c
42cefee6
42a1c65b
42299320
42915bde
428cf9ae
42ad3842
434527b8
4317daed
41c7d535
4260cac4
428f0f50
4312e5fb
43060274
42e85521
42a243b1
42a9890c
42ce1160
42d7562a
42cd14b6
41f6b2a5
43807e86
432d5c2b
42a82ef2
42926706
425ca8cd
422a5ffc
42f2dda9
42249615
432e4028
420c0641
42b137e6
42506a62
432d017b
42790287
428d743e
425c8460
425dfdd7
42b51e0d
42ef6482
42b7c7ae
42d2afee
4290f3fb
42184735
4316099e
42a940bf
42af7198
42b4cf60
42d05de8
42dc0d3c
42301c41
4304739a
43074f9c
431901ff
4314903b
42f8925f
42e6be36
43059439
4282e71a
431a9496
42b626ca
435196e5
431f1046
4308f991
42bf231c
42a49420
4200f7d4
430637d1
431f9fd2
42b603e7
430fdf9c
42f3ee23
4302970f
4309cc6f
4322d5c8
430662d6
4327436c
4307a7db
430c05a8
430efb86
434cb7c2
42f00219
42ebcb36
428393b1
433f7e85
42ba5668
42f3ab19
4307db03
4303a3d0
43333ae1
42ea280e
42da8222
42b47a62
4322eb08
43076dfc
433ace54
42a67a3f
42ad2dcf
4346fd28
435e2ad8
4302a876
43444397
433894ab
42de2501
423f16e8
43166ee7
42eb7365
42f0c1ef
43193f07
42b570d4
4249d734
432ae466
42d3d0a8
4345297f
431de2d2
43278641
42b2f426
42960426
3ef16420
4232c12c
4323478e
4300e32c
42b17592
432ce904
42d995e8
4306b02b
42c1b5fc
42af1936
4334cbea
430a936f
43368beb
42d3ed1d
42a71539
42a12f60
43104795
4332a2bc
430d1178
42d82fb0
42eef1c7
42a3edfc
43066194
42ef747b
42e0c1e6
4306f789
4306fe98
430edabb
42c2b9d1
431dcf55
42317e5d
4319a70a
435ca6e1
42ade377
42855ca6
432ca77f
42f0121c
43284a8b
42bf4e1a
4312190e
42cc2622
42fe3772
430af7fb
42b2b43a
42a1e515
4330b2f2
42ca9722
430a4342
430bfefb
4251cba0
42a91c13
42948b58
430a7a8b
42b5f15e
428dd9e5
429fa61c
42f5aaf1
432acb3b
4233f086
42e146f9
4240e606
42d834c0
430fd6d9
42c1b736
430d65a0
42f0ec62
4290f0f0
43275aff
4302b986
430d5edb
428cd05a
42a9f705
42d937a7
428f3776
42de9857
43441c7f
42951799
43017f07
4343885a
428221c6
43193ec2
432d871b
43181ab3
42e0bba8
43026972
4325c003
4327cee7
434bd650
42c02180
43080cea
430eec23
42d1f670
43027cde
4290c04b
4333f10a
42a26e5a
438ec56c
43073a1f
4341f6e1
42fdf687
43391ae8
429df7ef
42bc4a50
43719282
430ddad4
43294f3b
43610368
42ca2cad
43574489
432967ee
42a49438
43884714
430a7c07
42d26bdc
4227a7e8
42e9606d
4374f33d
42fb5ae6
42cbd8d0
43182e60
42dc1d10
43a42072
42c03cb7
43267a15
4331eed3
42e1be28
42816d60
42b2122e
42a0dcd2
4323009c
4303a6fd
431984e1
43192e6c
42c5daed
43091d2e
42f34e48
431e3588
42c6e027
4349c905
4319bc13
42df3a6f
432ae58d
430be752
4279728d
42cd5a36
42fae7f5
4348a4fc
42d6da28
42fe2ba6
4305901d
42a9d87c
439aa15f
42da534c
432d98a7
42f9c689
4302b5b7
433aab56
4324af79
423abdd4
42ef4f0d
433ad25e
42c2da6f
42d4fd9f
43418aaa
4343c22c
420f1ba8
4370019d
43119940
4290edc2
4306527e
432d7187
42d49cd0
42d76160
4329d462
42db05a6
42d9e525
4376f560
42fc483a
42af88be
428df51a
430cebd0
4347a74d
42a23dfe
41f3d22c
42d59af7
432b18b4
428a7d6c
434f9c70
431bc1d2
42e6e552
429825a0
4320893c
432dd8fa
42a2eaa2
426e9032
4316638e
43620503
432c4bda
427a9e16
4313e2c4
4325f41c
435f2e89
42d488c3
433a5898
42d18e44
42fe390d
42fcfba0
428d4d4f
423cedc8
42e9f6b8
43057499
431d86d5
42af97dd
421dadec
42b78d48
42d56c3e
bfa6e560
42bc2de9
42f37ec5
42540796
433a53b0
42b20242
432885cf
42ac2b14
42c352be
42b78e5e
432eedf6
4306c2b6
4315a782
42d0e34e
41de56da
433f635e
42962628
430a4278
428bc2fe
43152240
432ebb2d
43289036
4313d046
42b7c84d
42dd086f
4308a545
42e67f18
432acc70
4296bc9d
43131409
4320ea36
4140de38
42820570
42eeb197
42fccbb0
42c390f9
4310dfe8
42fad60b
429535c5
4319eca8
42b41d1c
429c6c69
421a2c41
4258c934
42e485d6
428edb6d
4270e7ee
423012bc
42d503ac
428d47d2
42bdb750
431f7393
42939bae
42c297b0
42ee7e31
42d51396
42ec6706
433d77ff
429c8f31
42673edc
4293be72
42770415
42c957c8
42f0b02e
4304cb06
42f0b4c1
42f1ea34
42e7784c
42fc32fc
431c3fb3
42f9f2b3
427dd691
432c2077
4270ff11
41a55746
42901eb1
4301a3da
4337df3e
42b511a0
42a3a2b8
42c4c07a
433d8b54
42933a18
4239665d
429bcaf9
43138bee
4286d029
4216b2b2
4315fe5f
42e24a44
430a146c
427fe34a
42c879a4
42e4bc42
4331930e
42aa9a08
43032b1f
430dcbaa
42e3aa0b
431010b6
4286e480
42888ba5
427b6050
42ec8134
431c73b1
42a5746a
42d0c27f
42b6c363
430fd8df
4311643e
4294616a
43228d53
422a4549
42fff28b
432c4eaf
4337fccf
428cef14
4284947f
422704f8
4293f921
42465938
4208b072
41c8813c
42f9564e
4298b12c
41aee3a2
42771a9c
426a98da
43135da3
42b6a0f6
42ea58e8
4283f2c0
429060f6
42279944
42ae6611
4274a322
42a4eb0e
42563f64
41f9b656
43010159
40edd9a0
4238f5c9
418a7e5a
4280974f
4258b780
4230c79e
428bbc3c
41adf4b8
42d6ac7c
425942b8
42040ab0
42e4d5fd
4261f510
4261a2c5
c1d6bbe0
429c9e8b
42b06e45
42043646
42b03156
41f806f2
431db260
41b90c1e
4181fae8
42502d63
428b77f9
428cd70e
4201077b
42939b74
42857f4a
41f6ee60
41fd2274
429d2f17
42b56cc6
426105e1
425ad0a3
42875684
422b7f8f
bff24820
42757475
426b5204
420a6448
42ac99d5
429bb318
4254fd72
42dd5b00
42b67eae
42ec8055
422b1826
42de81b8
423de9ac
425fda4d
42085b73
c0e1bfdb
42d847f6
42215368
42a19166
42070f69
4217976f
4255dead
428954f8
4294073c
412c0460
4280f0a6
42c9f545
41833330
428d3075
42a9e8f8
430ced1d
42e0f9b0
422f6926
4202e24e
42228d8d
41d7df85
423eb8b4
429267ca
421780b6
42707ad3
41c9697b
423f7f14
42267e6c
bfc78200
42aa8212
427d0422
42b50335
428ab2b1
c1f45c3e
4198e7c8
42805502
42248a9b
42935ce7
42c1f8d7
42bdb1b0
42474e6c
429dfbd4
421d45cd
421c2072
42a782db
427a7612
4213d575
427fb3ec
41b4ec90
41a3637b
42116720
42a7f940
411672e8
4285ff6a
4338728c
433c503b
435262c2
42d541c4
430c92a2
43626d05
42b64db9
42c92c4a
4338841c
430db4e5
42ce32db
4342eca0
4343eb70
42d6cba0
4338892b
4309ec20
434b99ed
43122068
42ed887a
42e90c5e
43202654
435522f0
43134980
42af73c2
42831b4d
4345ff44
4258c1ac
4307fd76
433123e8
42ed1f7d
4336d5a3
437cff92
43247abe
4335cd18
4310138b
42d7667e
430ae40a
433944b5
43347be6
42fb072e
431c663a
42c69d3a
42dbf39c
4326b783
432b8e8f
430019ad
43676eb2
43223e1a
422c77de
42db5d80
42c1753f
42ac5f35
43361d21
42d5a304
42e37176
4312cb84
42cad331
42e6acad
4339b94b
430bf042
43024800
4348523e
42dea1fc
433dfb50
42dc2020
4311ca6e
43156ae2
433c0658
43450e4a
42eed745
4332aa8c
42fd6012
432ccc3c
42df6624
42cda53f
432a2591
433155b3
4305e0da
430ccda6
435ac274
42e431b7
42ddf60f
43299c7a
42d2b320
42c12158
432e9ea6
430dd86b
4309dfdd
430e8441
430221b5
4307ead6
4336b912
433c71ff
42ca06a9
42f0b7b4
43412603
4313166d
432f4545
4337bec2
430633fd
43059dc1
42f8f574
430f375a
433a62cc
4301a033
4325847d
4326f4de
429b0453
4300f62e
432712f3
42bd7a0e
430ce0fe
42dd83b6
4309f08f
42d27d24
42dd86a4
429ecbe4
430bba7f
433fc454
4327f378
42ce27a1
43274eee
42c612bf
43383e45
430c3f80
43419068
42e2a611
42ee9cbe
42bd9eb4
42b88847
430dd527
428b725c
4305a1e4
42dfa5be
42f78175
4305f697
42faaaaa
43027ff7
42881ea4
4304dbb4
43031584
422f213a
42c15dd7
42aa7c26
431c55f8
427966f3
433d4dc0
42a59838
42fe9d36
42d1c783
42d9c5c6
42453630
428b2dff
431ec931
430d2a06
4338ba18
42de71e3
42da3a7d
430eed27
43009051
4228a870
43279c96
42f90f5a
4257d9d6
42adee58
42c03d87
42cc99a6
42ba53b4
42bf7850
42c103c9
42a02505
430cbc8f
3f313b60
42ea9b42
431226c6
4286e948
4086c4a0
42b2eac4
424f548c
421efd91
42e3e3bc
425f714a
42be1fa6
429d8d46
42c50df0
42dbaa89
430264b1
42c907c2
430c468b
4324d17e
4316ccfe
42a1006e
425075e1
427f0063
4285157c
430b71f0
42c850b6
4166408f
43040091
41dcbfee
42bf1d4f
42ebed26
42b955b9
4314fbc6
430c7a6e
42b9d1ac
4310e5b7
432d761f
42457a98
42ed6800
43250878
4303d0ca
4227d8cf
43013583
42bbc220
42bb9538
42c9bde8
409e83d0
420ec1e2
42c01885
42a9fa19
4297c1b4
4217b1ae
43207542
4207e61f
430a2679
42c7b53c
42823a28
42b11d13
428914bc
42b9be26
43249288
424f2122
422e0bca
43030744
43057968
428e2c00
42fe7093
42c47606
428de226
429789e9
42d50103
42f6865c
42b54575
41fa4193
426111ac
42da0712
43291234
4230be80
4326c295
431987c4
43184de0
42db5201
42faa4a4
424c3d90
42ec9ee6
434693ca
430fbeca
43195d48
4369953a
432b46e5
4321d803
42dd8542
4331c620
4351c876
43366782
4264897c
42ceabb6
43264f4a
4271de72
431dd32e
431bf438
431e9798
4328c930
43990cdf
4317f851
433bb6e2
4355dacf
433c3b53
43022e1b
4304bb23
43869387
42cf0518
435c891b
43a6c3d4
42a7879c
4369fdf0
4319fc87
43337db2
43a7f6e3
432cf49b
42cadc8c
42f74d8f
434e2d1e
43938ddc
42c97398
43531821
42a4e340
431126a3
4381ba8f
4286c626
430a97dd
431b3908
4313c0ab
42ae7764
4305bcc2
42f933e4
4280861f
4321e70e
43388fc8
4364f2b4
42a45322
423c8e66
4330e403
438506fa
42b5ed34
43391175
42f69603
429a70f4
433a31ec
4353460a
42b1e909
42ee6736
434c5dba
43718032
4292602e
43303328
430d7834
42e8cc39
4375a59a
4309fae3
437d337a
42a1c484
433ee216
434f0f6b
431a1a67
42feadc6
4312931d
435af0b7
431b749c
42c5f346
43011aa3
43093b87
42a0fc83
4389ce6f
4318d281
430cd0e8
431ac3e0
430c5fc5
42bc48c9
42e66705
4329f732
42f36721
430132a8
436aea49
4306daf8
430a575c
42d499a8
43249387
438fdf11
42cf89d8
42b6b382
43503a5f
43261784
431d658d
433dccd2
432f2058
42d247b5
42abc27e
4324a788
436d5460
4328c5cc
429af38b
42d70e1f
435254cc
43505626
425a2066
43479c0b
4337393a
43bac47d
4309644a
43837def
43189d66
43345154
42b9bc31
42b5f7cc
42cee34e
429babc2
43278668
427bf578
43218219
42670e32
42d48292
4359d426
4284e3b5
43179ebd
42c85c9b
42d6976c
4363ebf1
43201e84
435931f7
42b95a4e
4349fecd
4306b968
42e5c992
43343b63
42ca8124
431bf002
43110f9c
42f5685e
434767b2
42eafbe2
43126760
4314b2fa
4308b4ae
432ad93c
434cc1fb
435ebc94
4319f8be
4280aa71
4317756d
434634c8
42fda5b0
42b53637
42b0f908
42e5a9ec
42eae605
430fccf3
c10522c0
42a69868
432a7893
42cd46e8
42950ab8
43443cb4
423ffe0a
429bb49c
42fc79c0
42bfedd8
435074d7
426c2e5e
42560c5b
4311ed72
4333f84f
42aee7f5
4235f0ff
432cc4c4
42d7714e
43212424
4342ffd7
4288443d
430da17e
436c5328
435f879a
42ab470d
43078869
42bfaa18
43131e66
432d12f6
4323af60
42e1f20c
4301a3f9
43109149
434b570c
434a8255
42c6c578
4380a481
43642afa
42cf0edc
42a9a03c
42897d5a
42df610c
42fdba02
430c4254
43499414
42a08d0c
433913e9
42ac929c
433f725b
42a7eae0
42c61329
42ef318f
42c241a8
4311aad1
42bfce72
42d87173
42d9476b
432e47b4
42e9eeae
431ee304
42940dac
432970bb
4308c24e
431fb18e
432f3c3c
43016441
4316f363
42faf59e
4338c18b
4381c78e
42f61c7e
4327194b
42eddada
432f2b83
432ee9c1
429e4921
437b4ca0
434ad7e6
435e9661
42f69799
42e9c0c8
4285aed8
43019ed6
42d77c1a
42c37da5
43346bb6
4318b875
42b4781c
433ee828
432d6c10
42bc2bd7
42ff7076
432606ce
42e75920
43294d10
431e43ee
430ef4db
43528112
42d73a7c
434ebd47
434bd3b4
435e1caa
43104df2
428cd246
435a2c86
431f6fca
431a40fc
4306cd17
4360abee
42a17388
430972aa
43357ff4
430b33f0
437a5cb1
4391a6b1
43493fd3
432dff30
42bec990
432a0b16
4333f7fa
433412f2
432f2500
42fe34a7
436cbb0a
432289e4
43028155
43456805
430da2d8
43084d15
4347dd62
432eb93d
42d53623
432bee90
41a88364
430c9342
42e7ccde
42fecd02
432e88c2
433a661f
42dc0c4f
4312f892
43775177
4300ec70
43228a16
4352c484
42aff181
43531716
43620d08
43085ded
42da3321
432da7cd
437181fd
42e1ebce
43570f40
4316f878
435270c3
43586b0f
43287ae0
42d9098c
4375a13e
43565a8c
4363e9b4
42fe954e
42a93764
433dc23b
430bf472
43035ea9
4303a7f4
43719cef
4322032a
42cab5ac
43970247
4363156f
43822439
43327d88
43240dfd
42d54905
42b7ca16
4352aa04
4305f156
4316c394
4360d6a6
42be9e31
431c4f24
429d9e2e
42fb23d1
42fdada6
42f8056c
42a318a0
433b2eac
43057b98
4320bea6
42cd79d2
41b745ec
432556e2
42e4ce7c
435c2eb7
434f97d9
432d0d92
42bf9653
42e5b63d
431893b7
4308c41e
4265c0a4
43708816
42f5b594
43728606
42e97f54
43754263
4303d470
4324f2b6
42c64b94
430048f5
42ecf167
4213f0c8
42b8adb4
42a35f00
42e29524
4270c5be
42908e92
424f1822
426dbd05
43393379
429aec9d
424df712
424118e3
42be9570
4305138e
4243b099
42be5078
41fd3f8c
428ff458
42c77fec
429ee2f2
426762ca
422dba59
430bd33a
42a2ed09
42cccf3c
4265c774
42b3c848
42f9aad8
42c67ba7
42adf0dc
42d9a5d4
426599ed
426351a3
41854ee6
42574c7c
42aca070
42aae4c2
420ef316
42c2a9f0
42a21a20
4291225c
42718b9e
42a4292b
42a0a846
42c1cd72
422f93b4
424fa0d8
41ea8ad0
41257f85
43235878
421f833c
429ed2eb
4306bdf3
427f4d49
4285670c
42d587f0
42ab5e0b
42c5bc5d
427ec8e0
42d12f9e
41f431cf
423e958e
42d465f1
42de3fd9
42febb97
42b15fad
417d8468
42c44ca7
421d2f48
429acc3b
421b39ae
42321847
42e08fa0
42a4ab71
42ec9cf6
42d8bd5f
42c0a2bd
4227a1cd
42f31e97
431c8cff
42921bf8
422addba
42ee8677
42a4806e
42e6a586
423485c1
421dcce2
41dac13a
427574f4
430a3c2c
429da269
428820d6
42cba4cb
42a60ca9
42a3b926
421cbd93
4186d9cb
42d8cd4e
42abcf3d
42b507ea
42b88f9e
42b46263
42bdb298
427d7ab8
42af0eba
4273eb2e
42316367
4215cc9c
42be8a22
4295f548
430b635d
4274f1a1
420619ac
4192ba56
42bef69c
41d010f2
42a0e87a
42835b2e
42a11ae9
42cfc8a0
429d28a9
42a7ee7a
428632bc
41d7f06e
424e196b
4354eec2
43387e72
434d99b3
4251477d
42c3a724
431efd8a
42b6d12b
42bea7b4
42e83059
43376c5b
42bb99df
43325dc0
4335868c
42db2692
43494dca
429726e8
434a443c
4257dc92
4097dd98
42fc2fb2
42e6a4e4
435e1d56
42f47f34
42bf5f94
42f7fb94
42bc21ae
42a68146
4327c9ee
42abe3c0
431a3ade
432ad12a
435b6f93
433bb586
432a8a44
4358f121
42babcd6
42dcd25d
43279ad1
42129845
42ccc0f4
42f7b448
42748479
42c701a1
42fee76e
42f1bb39
43239d50
431746c1
432b3a3b
426c9fb0
433c94e1
4237f750
4149af90
434b7071
42f9b7f0
422a67b2
42f9c988
4287a5d0
42a44822
428068f7
4236d56c
4305dc73
431104f6
42c3cfbf
42d67f56
426036fa
42f3274e
430d0de0
4331e5f4
43122a39
431cbd54
42eb0f18
425ef30c
42a0c90b
423656c8
4286251c
42e3f76d
42d37186
42b8fdcc
428b2dff
433b0fab
42cc1c84
43470a48
4359fb11
422ce330
4326a9b9
4323a887
42fff492
4328b73e
427d83e3
43633c56
430126ce
431d4560
434e5494
433c26dc
422b3128
430f367b
433fe14c
43281494
43139ece
430f2f23
4312cb6d
43022ba0
43079723
428a75b6
42c7825e
4312b323
432a3186
42a7eba4
429c842c
432d0fd4
41a5b068
42e8f298
43385f3b
429f4cb4
42bba54a
43156144
42d69010
43545593
42e85cec
4312be98
42e891be
431dc6d6
42ef0ffa
42a6ab78
4311b62e
42fee3c9
42aa77fe
4322ec96
42b11f67
42dfa8f4
42d60797
429cbf00
42f868da
42b4ce81
425c8950
42e036d6
4247a049
430a9a08
42786124
430ebfb7
4298300f
421db7fe
431b1926
42ab1754
42dd7623
428b39f5
42c574e6
42b02447
42938bac
42d3ed00
42285629
427c23d5
427883ea
42d12655
42b3185b
42ec34ac
43170498
4315d470
42c49b63
42ce9477
42aad124
431001ea
42522780
42226a0f
425a09c4
425cfcf0
42bef353
42c2b566
42b76e9b
429ef8dd
42ce2cce
42a047ef
42389720
423eb254
430a242f
42773d7b
c184d70b
42ff9e0c
429011ca
425d18bb
4313dbc3
4238cbd4
43063f00
418525ac
42c09864
42cdaade
431d9407
430cb05f
42451f07
4303f246
42adad31
4327fb39
42b47f58
42dff313
42ecf094
42a9a9d5
42ff8911
4298f424
428dc0cc
4204eafb
428671b4
42b1fc12
42b3c6ee
42a3c79c
4289cf7c
42acbecc
42f59dfc
432b9bc4
42ae6409
42935ea2
42f94756
42695faf
42a8dd09
42f6d731
42f6d34e
423737a6
4310ebed
4293118e
42e0cb73
42fc3a62
42fc9dca
42932e3e
42b5e624
429e4907
42af2877
42bc42d2
42fbcdf9
429d896e
42b4d462
42addeba
42b28a1a
43215d36
42a1f832
42a96656
430ea308
42510d15
42d8dc9e
4324edf1
42ad1a46
42f1ff6c
426eb772
430e60c4
42c39fa3
422112dd
42557f9b
42807efd
42dff786
42ed2d1c
422f17bd
42917036
42f01a9e
430e1b19
42d26350
42b77f4f
42856256
429f6e2a
42fa20f4
42e77470
431ab851
42dcd617
433ce5d8
431c0c93
4305659a
42dd8e6b
42fb4fce
43086e56
41ef5386
43353a21
42f7aea4
42aaa85c
43632552
432e50ca
432aded6
42d9460e
42ab91d2
43001f00
4337bec8
428d4844
432765c8
43058e56
42887a14
433ec886
42cbe60a
4313ed57
4290402e
4336aae0
4332d0f4
435609f7
431b99e0
42cafa52
42a55053
430faacf
43229efd
42e4d03d
42eac3dc
43389ce0
43080e4a
42d91bc9
428cce68
430f7886
43204100
4306cce0
4329e7e4
431f4f28
41c6e37c
4321545a
42e33be4
4284b61f
432aa3e2
429d9f63
43098ade
4337b8d3
42cc296e
42a76ae4
42c757be
42eb3d34
430576d9
431c49fc
425f8373
4312733d
434cdfc7
42de4d8c
42da96fc
434adc6a
42ff5007
42e03f98
4315c20e
43110c24
42eec6e6
42f57fe4
42d64464
42ef589a
43056c7f
430189c2
430b7786
4350c5c4
430035d8
43058dcf
433509f1
42cec7f2
420d915d
42f30fa8
43439614
43761971
4289637d
43102bf6
42e33edf
434294d9
4333802b
42cc09f8
431b45a1
433abd51
4304b772
42cbb5a2
432c706b
4295080e
4300c73a
42d009b5
431d49e8
42f5d63d
434ed7a2
42d37ef7
430772ec
42e6887b
430cab77
432a4dd8
429aaccf
42e9cece
42da0d9c
4317c5ed
431a0e9f
42b33ae2
430217f2
4243f732
430e0ab3
4325b78f
42cc6cd9
432e64bc
432224a0
42f56ada
42d5eb77
4346aeea
429ad3a0
43055000
42ddece6
4286656f
42fe33ef
42952a5e
42afbf96
431b0adf
42d28b99
42a2fafa
42c03c00
434dc642
42f509be
42982715
42f1b2d0
42c08986
4312479e
4249b146
433c3486
42ec8635
432d8878
4306d7de
42c4b9c3
432d999f
4280dcb0
428b1302
42bcac60
43143e02
4240fd8c
42b7da11
430fc480
424cef78
431081dc
4320019b
42e8950e
431e6dc0
427007ac
42a7fd93
424a0624
432d6a86
42cc4cc2
42e8ddc2
43465d74
4305be32
42c81f92
431e701f
4302512d
4283ca02
432f5325
42a320d4
4264fd28
42f67052
4260790e
42f9b122
4246ef86
42b3ae25
43068cb7
42874f0a
42e42ba1
4319db3a
43339f70
42d0e169
42fa6869
42ec4cbd
4285e3e9
42bfa1c1
432b945d
42892a9c
42e02c34
42d21ad7
42fc47cc
42a8b5b6
43052bcd
42b220f4
43097401
43286c12
429cecfe
42beaa5f
42d5fd79
4308cfd0
42fe776a
42e77af5
420d8da3
42b41f81
43110d1c
42e1723e
428cc6b4
432beb91
42e88d26
424cc505
433f21a8
431b9328
430049b4
42e90098
42ccdfef
427df4b0
41e6c7fe
4325f90e
42fa9042
4324c3a7
430650cc
4262f3ba
42d3d7bc
42c6ebff
42accfab
4310bfd4
422a9068
42195535
431859ea
42d4a990
42cad9ba
42d024ce
4295a729
42b37bfd
42f4ea9d
42fd5c8c
43097f2f
42f72849
42b1804f
42bdeafc
42b24819
43079938
41be57f6
42f1d93f
42e5116f
431e5d32
4263bd93
432a6f26
43066b7e
42012a54
430cee54
429eeddc
4334d5ce
42480b78
426ad793
43235446
433c0fbc
43015a52
42e8bc51
435d6bca
431b05eb
434d10d3
433880d1
435346d5
4341d2e2
42f27b23
4356ab98
42c44f73
4355e6f4
4320b9ff
42f6f366
43324fdc
42ec3631
42762761
430e0a33
4329a177
42e2dbd6
4330cab1
4300b668
42b26419
43648abe
4376eb51
43081c8a
436f3fec
42dac7a4
4324c79e
42922bdc
42c89d3f
431dc9fb
42df7405
43008c1c
42f904d8
433ac10a
437d1578
429da372
43209336
43757fc6
43262d05
428ac800
42f47fa6
42373cc1
43480d1e
4309292c
43347876
42f02726
4310ef2e
43239f8e
42eb62f2
431bae56
426ed692
43249281
433b3cc7
42f89f4c
431866f9
432faeb9
42447dba
4324f539
43323812
433e4ec6
42f50bf6
434ab28a
42e3be81
42d7afb6
4320359b
43119dc9
43127512
433b9748
430ab9f3
436bee99
43271cf8
4280f26a
436ea248
430e260c
4321bee6
430cddca
43711cea
43495ad8
42fc4a3a
434a6934
438b9c00
43083c31
4360c5b0
4340452f
432dd5e8
42e82456
433adbcd
4360f636
43258ee6
4331e3d0
42adb6ef
4307b0b9
42f44cba
43188013
430b4046
42eb8618
4276262a
4336bfcc
42fed77e
4303ffbc
4328c9e0
42c46867
4329a7ff
434d31ef
433cf3e9
4345d85f
430f9d60
42752c05
4326e29a
433436c5
432606cf
42298d6f
4343b332
432b8346
4303bd14
41fdd464
432a1e72
425ea21c
432a3dff
432d54a8
42fa3ccf
4347254f
43057594
434ad333
4341ea58
432b1a94
42f8593f
43054b24
435ec13a
43058c34
43342549
4356511c
4247186c
43238097
432d4654
43617dca
431c3223
434d039c
42fdbad0
4349d1d3
431e4fcc
4322d27b
42ff5162
4300703b
43834457
433cae92
438424dd
431eaf8a
42b3e461
437150df
4343f3c2
4322526e
434edff8
433ef2d8
42e09ef1
42c2bd6e
4384b057
4302500e
430108a9
43771df0
42ab1c12
430d417e
431cd7f9
4305ab43
43178ed6
43431a48
42f11677
42a44096
43353bb2
42b5c22d
413f238c
434ab2b8
43041775
42f76e55
43195691
4314a7ca
43915fa1
4368d249
43383ac0
435824f7
42ee1f32
4309ea0b
431b5171
43204b23
431f080c
4321a2c6
434d89f3
431e817a
42bea4a8
43342e36
42c407b5
4306e97b
4311dd88
429fe1ec
434ce8a0
4336eccb
432782ac
43194a21
4345c13e
4300a536
43136fbf
439ef7ca
4320fed6
42581952
434b917d
432e4cb6
437bb19e
42ed3aab
431e7804
42d0bd4e
42d06617
43171a9d
430ecd5a
4294fff7
43921e00
431752ce
43230a55
431d8544
42940615
4347aabc
4313c336
4307f108
432ffe50
430d5181
4300c3dc
43360097
4332f984
432bede4
431a93e3
431f28c2
431fdb6e
43294c29
432fb306
432b2343
43447680
43029123
42e36506
42578b4a
43504d9c
42c0e57d
4337f4ef
43513744
43362a76
431f4b24
4391b950
42d4a4f3
42fc8c6f
433e9ead
4311445c
432e6c59
42d5c656
42eadf9d
43701a00
42d47ac5
429f278f
431bef38
42cf4f6f
42983a8c
433f713a
42d86c23
429e8138
43325e5b
42870fae
4319ffaf
431389c3
4328ed1b
42c603b3
430a94e4
432c707f
42f059c7
4226bf32
4180e340
434dfc42
4239cd50
42e335dc
434c2b45
42f3428f
432d88a9
433f831f
42bf3bbc
433f9eac
428c9ce0
4293d8fa
42d1eb6a
43223e9f
43195427
4300e12e
4325a14a
42db1977
42c77140
4305654c
43162618
42be5be6
433274fa
42c8c1ab
408ede92
42c48ebc
42892ae5
42d8d399
4302ce1b
41cbdde6
42d265a5
42b11ce0
42d4b5ee
4311342c
432743b5
431d602d
4318dab9
433d7d69
42d0a066
4349732b
42cf6c50
4325f8c0
42d857bd
42c50be1
43459731
43023274
42ee94cb
42b8014e
42e5910d
42f99019
42ea09eb
43069df4
4319a3cd
42c44eae
431d8a60
432b6299
42b8b382
427040ce
42f7863d
4286e429
42b59c1d
43443f81
43295bcc
426f0f84
434817e0
42b42d81
4313d696
42f5498e
4338c8b5
427e080d
42b8971e
434d8212
43032382
43096adc
433eec2f
430339e0
43206dc1
42361984
42aa91a8
4343aff4
42cac834
42adb3a4
4302c41c
42636538
42973dcc
433c0132
4284c73f
42cf21fe
424a6c98
4325bb6a
42cb0258
42a445c3
421a0004
428fd53f
4358e87a
42e87171
428ec8cc
4310f541
42ec3e4b
431c49d7
42df8e4a
4331541c
42dd8244
4302ef5a
42ed814d
430bfbcf
430bbbc3
4345bf4a
42cc549f
4305cdd6
42f67b25
4215ad28
42b3d752
435d36af
42ea0af3
43074dc8
4316f010
42aec885
432b244d
4307e15c
433dddcf
43015b25
43281208
429b274d
431aa419
436d5bd8
42fc6543
4338598f
4308a0c5
431b795f
42e9cd2a
43017cd2
43048af8
4339d30c
4355fb9c
4306b3c6
43351bee
433f605e
431ec6cf
42ab5810
42cade1a
431e2532
42f37afa
42a3211d
4301a6de
42e279fb
431e3bdc
43032060
42a19a85
42f4c010
42e45828
431fa4d9
42833eac
433a714c
42b98e9c
425d77f2
42aad5fd
42ed0b44
43569419
429759e6
41d87cd4
42ca3187
43286ba1
427d5935
43050c17
42bc7d0b
42071a18
42aae6d2
435a1fba
4308ebd2
42e4e5e3
432d2a47
433679b6
42b05d56
43014730
4309418d
42c994a4
4325681a
431532c5
430bf243
42d4ba06
4344744c
43053ca2
42e9fd64
431c535d
4358f15c
434806a3
4204d5be
42dbbc68
42c76b3b
42b84dfe
42f543fa
432f6616
4370b3b8
4312367c
43109d87
4331eadc
4326fed2
43185ffd
42e984cb
4323c6a6
41feb3fa
43159401
42953860
4320c191
42fe7610
4309ef93
42c31813
43236663
432648c6
4320229b
42f1a4a0
42c64b3e
42e09672
42ea0b46
4337d62e
43298028
433434d6
43797dca
43074c7e
43011ac0
434911e4
43263796
429c2868
430c9882
434ba2f3
43089d65
4328fc4f
435204e2
43579c23
425ed9e7
430edd88
43427250
42fc7905
433fe156
4302b34c
42e92f22
431908c4
42b85732
4294e3d6
4274af34
4327eee2
c0d70ec8
4300a82d
43018d68
4195bb8c
4319ec90
42c00d2a
42e41b35
43233508
43631448
4259f5fc
42efb219
4307d949
433f084a
41e2690c
4313092c
439728c2
42d9916f
432701ea
437151fc
4304e2f0
438e048e
43468b3a
4308c5f9
4352b4a2
4301edee
4307d1fb
42fef42e
42f7356e
432d1b36
4269cbd6
42fe08c4
42c1f19d
4291803c
432bace1
4306a907
42cd61f9
42f78641
430ad076
428a6749
42ea8933
423e04b8
428c6476
436644fb
428c5736
42f60aac
42fc4658
428943cd
4285b1e7
435de43a
431a1af8
430ed5c8
43020459
42837309
429dae96
430b151f
4303e36e
42cd0f39
43231fe2
42efcc95
4219fa6a
431474ff
4308f6aa
42d4ebb6
431a375a
42e6b15b
435f29ca
4330d22b
4311a7f2
4311b693
4330bad8
42c926d1
42d96b27
43486f60
428e9e2a
42a6be79
433d5e65
430d2102
428473f5
43461200
42ed4c84
42945c8c
430961ec
4347f19d
43132ef3
42bcc241
43427286
4306a885
4306d45c
42ebb80c
429c64a8
4331a975
42f5b3c0
432623f6
4345c8d4
42ecc207
42d6390e
4309229c
42fe8f67
431397ae
42e84081
42df6f68
43123db8
425a5dde
43412abc
43482b95
42885d39
42599431
42e225c0
42c95887
42caf286
4283f4d9
42fc9a45
42ab8a74
4378064c
4327f333
431a75b6
42ac90fc
4323557e
4302e911
42f56516
434e1b6a
42895ec5
42b58a76
43135fbd
430706fa
42b42895
4305004e
42b7a23f
4280b99e
432f69fd
4313b040
428f35a5
431e2aba
42aa0e71
42f40f9f
43266c4b
42af8a5c
42959262
42b06226
42c2cbfe
43130dc1
423f3b5c
42b5ae7b
4325065b
4290fed8
4335ac2f
42d5b0be
43210aae
43093d34
436f6c93
43189751
42edb946
43019e69
42e4ae65
433ec3d1
4301afaa
42c0c778
42c92cb3
430fc5e0
42a56e78
42c3bdab
43076e55
42d310fc
42ef614f
430ce435
433058e6
4201d5a5
42e04395
415e6bdb
42161556
432ced7f
4238b3e9
42944a9e
431e13a8
42a6f010
431a8f05
42ddb973
430c7d74
4309e3ce
4328f5ba
42d6915c
4307d962
426c7494
42b52ca0
42968a4e
43394ae5
42e1c88b
42f4b30a
431b78f4
42746af2
43080195
4261b67b
4298bbee
42e83a76
4330615a
42eec656
42a08ee8
43080fde
426680de
42efdedf
42de7672
430556e4
42c11b07
43133fd3
431fa72c
432aa317
42c821e5
43176f0f
42bf494d
42fda448
43372c8a
42da3394
42b27d84
435683c6
42ce89d4
42eac7e9
430e0942
42cb3346
42f9451a
4209d7f3
42f23a73
42b31a22
42f24013
426cdc7b
4304de64
42d714bd
42bac240
42f83e1a
c113a642
42d7dfe2
43329af3
42c2c3a8
4281ce08
42ff2813
425dc80d
42b7b65d
42d1c0f9
4303c8d2
42ad405f
430571c1
430ced8f
42e06b94
42d8007d
4324b416
4257fbad
43404dfb
43237c38
433eaa53
438e910f
4330ceb3
434b797c
430ef8d2
431bfece
43341fb3
431e8c74
43920542
430af7da
43425436
436ff7c6
422307da
43669f71
431a3b9c
435bdb19
436a4621
4362557d
43194e3a
435efe84
43378196
431f28c9
43017b5a
4310c9da
437f693f
436f0d3f
43801c42
432ecd54
435a927b
434891a2
438a6f24
438a8c99
4385447f
437a3ce9
42d22090
4318914f
438ac16f
4338b3dc
42f601ba
434c9cf3
43224329
433566dc
4382a7d3
433b4229
43386724
434dce08
4352c94c
42f53beb
433a11ab
42ad4daf
426e4040
439fce98
433e890d
432b6874
431adc66
430e8214
4394bce5
43430302
436a1947
4336e29a
434a3a5e
431d8d50
4304b36a
43011f59
4308dfa3
432733f9
43863e19
4306d970
430eb656
430c712c
4306d5ca
435b5f48
43479e52
42f2096a
436db2e8
4308f448
4346b0d8
432ab9f1
43914cba
4305f83a
4369bf47
43a9341d
43445e2a
42f2c13c
432f103a
436657d0
438c12b4
431c70f7
436122e5
42036246
433a5f80
438a54bd
43294a44
4303d2c4
4398dd79
431b3709
4345fe49
4331457f
4325ff59
431408a6
4313cad4
435d3c9a
4374ee97
4317f2e4
42bb3fcd
43506c22
437fde47
43187fd2
435661ac
431d9158
4340ed3c
439c2cc6
4342e34a
43278701
4333be20
42bb33e6
437b7ad3
42c3ab4d
436f6b2a
430107fd
4302c413
4391b68f
436c89fa
433a77bf
43695dc7
42bb48c8
43369864
42b751ae
41d77434
41e4b830
42ac4736
431333f9
423283fa
42b4a3c0
42b1e15a
42e71078
42f50e46
c0ec4ad8
425d6ee7
42c75b24
4216959f
430834f2
42d25556
42bb91b5
4224ac42
431cfafb
42944544
429f1e71
424ca548
42d41848
427e21bc
42560b26
430e41b8
42dc7824
42b8273b
432dbcb6
429d6f72
42f07b03
42b7ab36
4283ff73
4336143b
42a4fd2e
429586a7
4269f36c
42c1527e
43212cbe
4247e177
42a01b24
42a6e074
428d4ab4
431887fc
c0ebcdb8
4285f514
4292ea18
429abf0c
41df113c
42ced372
4272bc1e
425a54d3
42a7a664
428c415c
43037f11
42c5de4b
4266095b
42ab2e93
42e03242
42ab3b25
42c6bb4e
42c6ccf7
427bde0e
43035840
42a9a3da
41d20bf4
427f0cc0
42d9a6c8
4322c79f
42547d33
42bcc058
421253d0
4292a83e
430e294c
4285291a
42df0af4
42a56928
42d8d243
42cf559e
42f409d1
426fb157
4291d801
43107b07
42b8b225
42244062
42b46e84
42866166
423428b7
42855cf6
42d119e8
428721b1
426e4f96
422f9fad
42fda0f1
4235bd24
4292a5f2
4251c354
4295a9bf
429f6883
425d9648
4285e874
428e6dbf
42c0d9da
42d97a9e
426d6e0a
42002696
42a6224c
425ed1c1
42ab31ea
42f7a8a9
42be9fa4
42ad3be9
428af758
42af382e
42f1a9ee
429cea1f
43015afb
42984e78
42e60657
42f99d8a
420871e6
42c1c128
42c84ed4
4329442a
42bdd97e
42975a56
4280601b
42bccf41
4326c882
428ecf02
42ed24dc
424fbb62
431430d1
4345d60d
42bfe96e
42c35437
4270bda7
432bf4ba
42502393
42fbb578
430f6dd0
427c34e6
4356cc4f
42a2c8c8
42dc1340
4304f6e6
431781dc
433f5470
42c2c733
42b2d74c
42c36c22
42439e52
42b40b81
43451c86
42b01d09
42ab928d
431804d9
430ba9a1
4354a8fb
4327ad3d
43035c27
433d9928
42b22670
4309b7d1
4230b238
42fb298a
42f655de
42e7592d
42e189e3
42a684ae
4305ceed
4316aed2
42da179e
42ff2f12
42f7336d
42f3805b
3f59c9b0
4310c522
427d0551
42d906e5
432a7d34
42b13f93
4309bde4
43031a76
42c92961
4302a775
42abab7a
42a6a891
42ffe147
43394421
42573783
430201cf
429b57e1
4286383c
42d1055e
4323f710
42bd86be
42c502ec
431345bd
42acfd7a
43240070
431818e9
42e2994d
431ed965
429e4cef
429e2b63
429b053a
4366c7d9
42ca1b58
43237d57
431cc171
4254f11f
431e42d8
434a7aef
42cb2376
430395bb
42cd3b8f
436f77fa
4301f825
4339dd70
432a3cb9
4317a330
425f7197
433a8df2
43068450
4318a812
430849ab
430b6859
43152230
42e2e1e8
4267a666
4314e259
4316dca3
42bb9ead
43207d61
41b17b41
42fa0e62
43276c4a
4256c594
4301dc9e
430c9f0b
432f6d9f
42cb8060
4290bb86
42c7aab2
42747b78
430201b8
437d7aac
42566e12
430abec9
42d293cb
42d1cbd0
425696cf
4304a48c
425fbc50
430dd5d1
4302e17f
4300f30d
435d27c4
4300f3bf
42b0343c
433f4784
42bd1508
42decdc8
42ed0b72
429b123e
429397cc
4357072b
42d64314
c0bedae0
42b6b3ee
42ea1fde
42dad2ec
430b3577
4359a390
41b32d95
42d1e2dc
43205b58
43560cb6
423bf808
42a8e09a
43885a21
42b06376
430691d4
4380c14b
42a0fddb
4354f7f4
431228bc
42ce8375
4340d024
42ed8e73
428747c6
42ede3ab
430adb2d
4340b81a
42bf247a
42c4e904
42bc3f58
42f97b39
43268ff3
42eeac41
423a1436
43029311
429e9bdf
4265a810
427dfaf5
4260fa43
42038e88
434b21cd
42462190
4300fd2d
430ca8c3
4232342b
42efb795
43778d56
42f7388b
4306f580
4302dc8b
42cc8369
43183286
42fa6660
430cd586
42f0dec6
43334087
4326e12e
42c32bb8
4373e478
4291af11
4306d31e
42c13de5
41af1c60
437034f8
43052957
431c95a2
431e6012
4309099e
429582d6
424fc5a3
4323404f
4301b90d
42a10469
4340652a
43157ea5
42b3431b
4338ab03
42d4e0e6
42826dac
42be4a6c
43609854
42de3720
42ac1bcc
435f89b8
4326e182
431d8ea4
4317f724
42d65974
4319c2e2
42a648b2
431d1f80
4322e3c8
42f0df1d
42b5f33a
42d4040d
430764ae
42fa44e8
42e9029f
4277fecc
429916d0
4271f186
432f224b
4301bd3e
428ee860
4263bc2f
42cb6d2a
42d7e995
42fc9012
42a73cb0
4308a91d
42ab9918
4382c58d
43024bac
431497c1
42d51b4c
42f41842
430e77af
433a72df
437224ac
42741bbe
43077d26
431fe73f
4331aa13
430050d5
42f8be6b
4337756b
42bdfdf0
4389639f
432df50d
42fb6c6a
436be160
43041724
436ddaaa
43223edc
431ae082
43138180
43106397
43253dd3
43261a75
42c79eb1
42ee96b7
43535a60
4321cb9e
4326f66b
42eb1ab7
434ccdcc
43405130
438d8ab2
43479794
4335cfab
430fee77
431bbee4
432b99b5
43230fa2
430ef76e
43081ea4
4316c7c4
432484e2
4313aeeb
4355970c
4314c60d
43250833
4349350f
43504429
42c3d058
43416047
4273280c
42e74b05
4380d1e9
42fd61c0
4302dfc6
4361ef70
430ec42d
4305f90f
42f45450
42f52724
43260547
4360db04
42ecceb2
431bbdb6
431ba202
43010fcd
43156de0
4352d562
43269ece
42edcd77
43267ea5
42e978ec
43360949
431d747e
42b296f2
4318b362
4347530e
431fb5f5
433ce470
435cc047
42d643bf
435273f3
43650c22
431e3f2f
431334f8
43429c3d
436c3686
435a9549
43113afe
4341d03a
42ef1f64
43395aa2
4366243e
432f0d96
42c743c0
43733942
43211361
43398128
432f8fc3
431f3644
4315d451
42e40e56
43361c46
431d7cf8
4326671e
42ca084d
432ef810
430c1d27
42f3de95
4358a07b
42293870
4319d64e
433a5ce1
434dd766
43064f2e
430d0305
42ae3571
432fc0de
4300222e
433b48de
42dffb66
4359823e
435138f2
432280be
42f2252a
4322dd2a
42b946f2
432d3a05
436ed30b
4319e64b
433afbd5
4291f6de
42f23d55
4337a79b
43063f08
4223f210
432ff81e
4315691e
4305e4a1
43001037
4383058e
4364d45a
438ac544
425fb7da
434909d2
437634da
42ee73f8
4336b692
42caf90a
432477fb
42d123ca
42afcf7e
42323f1c
43445103
42569d3e
4352ce4a
42ddbd0c
43101f2a
43803949
4395896d
438d190f
4360a68d
430847e5
432f4a0a
42d927ee
435318bc
4313158d
42c9ea96
43574771
4273ee63
4338339e
4329d9a8
430c8353
433fa227
43237ef2
43830d79
4244eb64
43345550
4270f6b0
42888687
4327eea2
430a8a76
430ed7c9
43301d08
42a53730
431191a5
4300ec4d
430a455f
431eca39
432bc366
428fc7ca
42e7531e
42f8439d
42c1a24d
431dc685
439da42f
4331e7ad
42912c26
43319a35
42f35818
43539f72
43157680
434a00ea
43180910
431a735c
4303dd1c
42f5bc9b
432727eb
4266ee51
435a13d7
4313b221
42c6e833
4290fa55
435e83fc
42cb6ace
4354fb36
432b1374
4385b77d
433144ee
433bbc12
4306f421
42b3da64
42980ba4
434f8182
42cb89f1
42c309e1
4333c102
42ea77f6
43091022
42b5e630
42a54331
432b63b1
430549db
42aa040c
4337d871
42b0c908
42f55018
43002ae1
42649b97
4326ca31
43821b92
430da554
4304ca9e
430e897d
42802bf5
42dcd57d
43163ea4
431975a8
42669254
431639c8
430b99c4
42dc26d6
4292dd16
4323605e
4238e280
43878e75
433785f4
42e8628e
43282cce
432e168c
430f41e7
42aed227
42c8e711
4305ab92
43291586
4353871a
421f4fd0
428a45e9
4309a2bc
42a4869c
432e7dc2
42a887a2
4307d900
431eb0c9
432592e9
43104a51
43293bc8
42dc5ab7
43301dbb
42e9611e
4253e2b7
4334d842
429819ea
43569637
431e8c2c
42aeb19e
4323f931
43603b8d
4340d714
4335a2e7
4310b914
42c8df06
43200eb8
432f734a
43262c87
42ef4400
433c18b8
430db5fd
42268c8f
439494df
430fd889
432cef18
4317e90c
43021d58
4297eaba
42d7ba96
42c19186
427b050e
4312870a
431cb37c
42788669
42ec5317
42db8d17
431c421e
431a02b6
430b40d6
431a97e9
432289e2
42530818
42e3da1c
430743cd
42a60bda
40bac480
4319789b
4311e3d1
42a76775
42ede40a
4313ab41
4305f282
437cc331
4316f32c
42f476ae
42e228a8
42dfdb88
430b4880
433aa23f
426bbf54
4320887c
432f25fb
43126a3a
424d1c6a
4307a625
4302116e
42ee6a8e
43487c9e
43007af9
425f32af
42f0354c
42fb84ff
42987fec
429c3c8d
434d9c20
427f84b6
42e86036
434c1c2a
42d26f88
42a5f7b4
428275f1
42f8a82c
432e30bc
423f0946
3fd56b80
43037101
4337d6d1
429c3b85
431b9b8e
42fb2acc
429d5b5a
42e844c4
42c21172
430e2bc6
4300ce8f
41d5ba20
42b01a04
42e76e8e
43132043
4280123a
4323b75b
433ec8b9
436813f2
42a0b514
43573e3a
42d289ca
431a80f7
42751ab6
42b6cd98
42a211ee
42de49b3
426112d0
42d2ec5c
42ae3bb4
42967dee
41772382
4317a9a0
419cb812
431dea15
425ea35d
4288c910
430fc9cb
42bff246
42febcee
4259aa3d
42f832f6
426bd1a2
4272e920
4331ddef
42e0dea9
42dec02a
42ca4a59
431613fb
42e14ec5
429ccdc0
431ce09e
42d71e39
43330361
42ba1416
4234536c
4303057a
42934393
42be81f4
42ad60e6
41dd7b12
428e376e
423f5d3e
42b5867e
4288ecda
4210ac28
42af9efd
c144bce4
423af601
42ca3141
4279d4db
41ef0e42
42cf18a1
42542973
42931db6
430e450c
425a8604
42fdc3a2
42aeb744
42748c7c
4177266c
431c1f7d
4181fc41
4251a4cc
42f8cf86
421fb608
42faf1cb
4344b6d3
42cfab3e
42a11981
42886f0b
4310aaba
42b93903
430cf40f
42977c6b
4267756c
42d55c0c
42c67216
42b7492e
42fc770e
42de7b70
42f79232
4320708a
430d9f26
430d0c42
431fc808
416fd5d8
42c73898
42df0d22
42ba9c7e
419dfa50
433bad64
430123e5
4308037f
42e0aa7a
42b78df1
431b1466
42c8b806
429bb006
4320cd4f
42b39193
42b7bea8
4197418f
4314e941
42bf8b48
42fab7df
42aa6e13
42ce13b7
42ee8fdf
4318baa7
4229cec4
425fd766
431076d6
42473318
42ce553e
c1df56f0
431012a4
43773e4d
42216959
429b2b34
4232c1f2
430b1ecd
421883ab
4276abb0
432dafa9
4224ca52
43189db9
42e7245c
43081b15
428103e2
42b18456
4256b682
42bf348c
432f283c
4320db9e
4304af14
431196ca
42f84054
430ace15
430a50fc
43388442
429c1516
43370d96
43035dff
4085f5b0
4329f2d3
43395042
431e0ba9
42e5e5eb
4399ac84
42340a8a
432d83e4
430f16df
43432fdc
42c68d48
42a5406e
437c9ad6
43428cb5
4324d235
4372d492
42ed5138
432d3b64
4341f43e
42f697f8
435a73d0
430034b2
42a83297
432f9322
43492044
43711fdd
42c1506c
42f9b756
430d44c3
4329f845
437d63d2
42a2bfc4
4245033f
435846b6
4298a54c
429ffcc6
42f1b400
42e65c6a
42f5f86b
430b7d12
42f1bb9d
432b482c
42da32ea
42fb59f0
4330fc10
438793b4
432b9412
43065087
435cf3dc
42f5612a
436c7e99
4320fe1a
43000bbc
42f51f73
4327aabb
43651272
42be770e
435379ef
42dca827
430f99e9
43505946
42cd094e
4353626a
435714ca
433b1833
438dc509
435c047e
430f4e60
42db3ec7
43550ddf
4339dbec
42966488
4321d2fc
4344f072
4300ced2
43598f32
42dbee46
428c0d11
43238f4f
433ce1d1
430a68d4
42d0a9a1
435eeee9
4307199a
430b9228
433bac0e
42e9bc8e
42fd948d
42be0905
43459e95
4356560a
4301405e
4288cef0
430c4281
4343be88
432a5267
431f0c9d
4344e2d4
43146949
42d28d80
4354610e
433ae9fe
42dda8a0
42c94c6f
431ef3f1
432d6751
432be4d0
42af991f
4355a63f
43343fdb
439a9bee
432c513e
433e028c
42af5c3f
42b5b86e
42846f55
42818934
42d35251
419d99c0
c081a2ab
4203939c
42129206
42ba7dfc
42850e74
430ffe23
423f948a
423c3f08
427ed07a
42c4334e
42e15b60
412b18e8
425f478f
4274db42
4215bee0
428b43fc
42e49757
bf569f50
426c1f97
4211139d
3ff32438
428eeab9
c0dd3990
42db4803
424d428a
4207a21a
420c89ce
42fd99b9
4258ae58
42359efe
405303b4
42a32ef2
42a02006
41a32153
42e81568
42771532
427186e0
42c78ab0
42bffae4
433b3305
424ef9bc
42bd5a8d
4309765b
429fd421
41709d00
42283a76
42944246
42d1df71
42722f0c
42dc5c97
41d06919
420e4ba8
42f05f3e
4227862b
41f2da3e
4214808a
424c23ea
42bb2e8d
c07dad00
42904146
42c93ea4
407670c0
c1e96834
4214570e
42661d2b
4171a56a
42941d16
42ba75c8
41d2741a
430ae964
42b0c4bc
4213b989
42920b5a
424f5250
42b4baaf
42c1c74a
4264f418
42abdc8b
4236aa72
428e92ec
4297a716
42b0464f
429be0a0
423f0bae
430fb33e
429025f8
42214a22
42e566de
429f8487
41bb7c84
4260c33f
42b54eaa
42321291
4217a4ef
42aa01f9
4180836e
41fff2c8
422c9619
4281daf3
42b78edc
c16381f0
40930278
42a760c7
42186526
42102ac8
42e0d230
42a73081
427149a2
429228f9
4251379a
41a0cfb4
426383c3
c26ae649
42154024
42903ffa
426e4ade
41663149
42a9e409
42cc9ef6
429d853c
3f8dd050
42b51235
41cae6d6
42366d0e
42dfa2ff
4338a4cb
43725f6b
42dd30a6
42fce2f3
43030f99
42ea9a57
4308bcaf
433efffd
43219a0f
43063b2c
432fa9cc
43522148
430cd2b7
4388e4e4
42db6757
43343d54
436298b3
430a6ddb
43348f10
42cd523f
4337f097
42bf6ad7
42bd3d06
42d11cb3
42b86407
431b3b2b
4350cefb
42ee80d4
43328fa2
42f00377
43a10f6a
438c8fca
4374fbdf
4348daed
42e48f49
4361d97b
4354ba06
430e58a5
42a43f89
433dc456
42b6a82f
43164a5d
435a589c
42c18cb6
43126fa5
433c7909
438187c5
4281c870
432f4536
424bb115
4266d0e1
4379c257
432c5172
430b9e5b
432f8f7b
428c975f
4339a418
42cab6ce
42ee5344
430b6203
4363164e
42b90238
43267bf8
42ea83ad
424d7906
4328f60a
43962449
432e9800
431202b5
430f7e97
42f11f0e
434f190e
43061201
4305d367
4307e7e2
430cad35
42d5a1d9
4312a616
4355e382
428744ab
4375c510
430c2f0a
432357ca
42ce800c
42e88501
433f3360
4369a681
432a6543
437ff423
42e79841
43479cfd
43398648
42fb509f
42c3de3a
4338b275
4300f1ab
431b994a
435c15cd
4331059d
41a94c16
42a25e7f
432cb444
433db968
42e6db6a
4201145c
43622ba3
43184334
42b02fde
43315a92
4259a154
430ad69b
4394f82a
42b1ceb9
43058989
4326bbca
42afa0bf
43237ca3
432ce2c2
43286c85
429dc135
43241780
43757302
4329eaac
424cb00c
43202ae4
4296c287
4389b0b6
43196087
43108118
432a3d85
431ac8a0
4317999e
432cc0f8
42ea1365
42f9feb0
432ff44c
432cf2be
42c748df
42f6e481
431b7edd
42553bf8
43590626
42fa9b41
42eaf8eb
4306c0f0
4369453f
42f181d7
431afe77
4322b9b0
42f313ce
428f53d4
4288afd3
431a2ba4
4306bf21
434cdf09
4358e6bf
42b4b915
43442f52
43570ebe
4319ac02
4391457a
430543d5
42762550
431bb179
433eb4d2
43403488
42d4222b
4322bebd
430638a2
42c11024
43515596
42d427cc
42e80171
432951a8
4304d9ed
417191d4
4301bdb6
42c89d13
4220cc66
430ff2b0
42cf128a
43117254
42f9d0a7
429b6861
42fe1beb
4335b5aa
43124b04
4340c6d7
4334c718
42cf7984
43155d78
4328b937
42e5e5a6
42f7ea37
433a8e02
43578ad7
424fc902
431562e1
43071df4
42e4d2a9
431efc46
432f2586
43441135
4304b0c3
42fe8742
434a078e
434d8d83
42b792cd
4305be79
432da1d0
42f9daab
41bcd150
431bb6db
42f2302a
42fc0a5c
432831a7
42fd8d12
42ce00c3
4315f1de
4334768b
42e9281f
42ad5bb1
433729af
42f96265
430d8b2f
432aa729
42a5c338
425e604c
42cd8624
4334a7d5
4358cf36
4247447e
42374d68
431a7b09
4322ab5a
42c32b7f
43060d8e
433d5b34
42f4c3e9
430c25c0
4316e4ef
4340ddd2
42da994b
42b4a2f8
4311eb11
43408087
42f1c254
429092c3
43114c3c
4345d2a6
434e1a16
42d6c36e
4332ec11
42b74852
4340d192
4339fb5b
428cdd2b
4341c0ba
42dd424e
43308ad8
431c5d9f
433c7246
42d3efa4
432912e8
4369d51f
43166bb9
42f779a6
433f739e
42ee6421
43326780
42d2c8c4
436e8031
429641f5
42e2e8a8
431a2f8e
431942ef
4330104b
430eba6e
4301da3e
4328034c
433776d7
4315437f
4319d82e
42c42f19
43007944
4362649f
43863272
4304462d
432ea950
435db8f1
42fb75e9
42b654f1
434a9cf0
43048a92
431f67e9
431e95b5
43176496
429f6d2f
43120415
432d6543
4353ecf9
435ce158
4304e596
42ec6912
4326cee2
41278e08
42a3f9e4
431e769a
43173c08
428ad197
42f5c090
4321b7ed
431622c1
42d691a2
430f1c00
42f40bef
4316a9bf
4320e3d0
4327cbec
430cfb9c
42cb756f
430b5d0e
432f5aab
4354a29a
43316f96
4303def0
4326baff
42ebc950
430b3720
42948d40
4301d68f
432c1257
431b3d34
42bbd44d
43324f18
425d99de
4329efba
437db265
4250ce60
42d31a9b
4350091c
4320af0e
432016a6
42fdfa8d
43661c05
4309f19f
43285b08
431c64b5
42f958c5
42a8b35d
43247ec5
43016c9c
432fd42d
4337f923
4267a128
4303ac76
42b095b4
43123e76
42ae481d
4304b032
42ed940a
42ca8eaa
43038280
42f7a322
43328c30
42830ab6
4316efb9
430c2d1a
430d7857
43211293
432ba1be
43086ffb
43028fba
431dcb14
433b7203
42a79cef
42f88684
430491b6
42e20579
430ce5e4
4350425c
42cc01bb
431247a8
42df938a
42bb3597
4305d943
43273887
42c8f811
43219280
42ab4ab0
43021ced
42c096e1
42deb1aa
42ed984a
42e4a824
43443dbd
428a3558
43010310
42ceb26a
42b8fc28
42fd17a8
432e6bf0
42d6a951
42b303f4
430d8ebb
42fabf88
42828f28
425c2976
431b7bf7
429d349b
4327f55e
4308afc2
42d1fd09
43739a7d
4316e112
42d62b9b
43396f31
42dacc0e
42d73d65
423c2c88
4261b4bc
42fc8876
42bb8bc3
431c2efd
42539a01
42da9971
433065dc
42ff9653
4307395e
42e4604c
42f705a9
41864d08
42ba3b66
42f0f1ca
426fb63e
42d1e8e4
4306515a
42cc512d
42fea3f7
42982a2e
427c09f8
430b2f7e
42a7333e
432df621
4315e637
427adc92
42fb2396
42e810c2
42c86b10
42d139d6
4306a142
42edad19
42acd2a3
43283b66
42c24a8d
42cea0c6
43049752
4299b26b
432ce4dd
42b6956c
42c50b63
430065ef
430cdd26
426e3e9c
42ae9738
42a3759e
42e4c9da
4230f824
43381b37
4300df09
42e87b7f
430eed26
431dd439
4302b56d
42ea1cbb
4315741a
427098a6
42eae914
43274082
42dc6e72
42d68abf
433d424d
42e0ec50
4277439e
428a1ca0
4287f126
432d7230
42d3d824
42747dff
42ef491e
42d8c913
42a2853a
42d88853
42c20821
42c027b8
430322b2
430573e9
430d40c3
42b48138
423a4e65
42b0b956
4301df62
42efaa58
426c2737
42bd8984
42a283b3
42fdeac1
4299dff0
4331cb99
4239176c
433a27ee
4303bd18
43129abb
42bb85e1
4299df89
4248b07c
42cd7af7
431872a9
42a53a14
42e2c937
43169db3
430ab8b3
430742b3
4333d7d2
43166356
42f481b3
4263b5e2
431bb5e7
42df3579
4323ef04
42e5dccc
425c175c
43496c7a
4277db18
42b2c03a
4260d1fc
42fcdd57
42a84250
42d9dbd1
42f8d401
42b041be
4329382c
432b12a7
43062cb8
4342de41
42bfc200
42ecc2d3
420901d0
42a67607
431da912
4275c7ba
42feecc4
42f3a591
4301cbc4
433d79a9
425910af
431218a0
4300b29d
431b9561
42ac445b
4293f047
42b7ece8
42ec7212
42be1c16
4316d244
42e985ba
42f535b4
42f7f38d
42b05eb4
42be984b
422a1c08
42dbab08
43320aca
42bbb8fe
430109d8
42bfb802
42a46d20
42aeca3c
42d0b401
4336569c
429f3a49
4310032f
42e02e74
4302a669
432ce118
42bbc2b0
42ea48a0
42ef36cb
43171bc6
42e65021
430f86a8
42841cd2
43437ce1
430dfc18
42a64be0
430c8ee0
431b9b40
428c045c
42724386
432e2cdd
43352e20
43003bb1
42ee9914
42bcb60f
42c18870
429ab76e
42d8a032
429bc1f8
42bd38c2
430299a9
42887bc3
42abbae1
4211d6c1
428e4abe
431acd08
428acf7b
42b285ef
42e21ee4
4261f2d2
41dc80cf
42ed1eb6
42a076d0
430368ec
42fa017d
4324b890
42ea40bf
42bfcb26
bee29160
42f79b32
43201d1c
42e13091
4287b25e
430982bd
42b16a92
42c49a8a
4299a994
4308f218
41b5d580
42d75f28
42e7a384
41934662
427bf0c8
42ba0ce4
42b3b3c9
42e56208
42ead7ee
42733d43
42acbe49
42d99a57
42a6cbe9
42dd7146
42fffab4
424df76c
42b33df7
42ada73c
42c21b9a
42d0a9eb
430e3d7f
423bdf96
42d8c465
42c8abd2
42fdeb0f
42be2456
421c8178
4347c4d0
429069fc
42ebc07c
4312363f
41158bc2
433ec3d5
42ef08de
42e8a143
430e5aaa
42ca9773
42d6137d
bfdf7ca0
4305b24e
432c628a
4286172d
42dd64e8
42687aac
432aa5e0
43144726
42544d89
42e80e0b
42e76e48
42c44be6
42c718ef
428336c9
41d772ae
423e5cff
42dcfd5c
42d7a0b4
42e3bf82
42ca31cb
42409860
4313ee5a
431a8c68
427d90b0
42d9847e
42814540
42a166f5
42ded89a
42c014ff
42699dfa
42c35d56
43317ed0
430347a2
423c5a1d
43146772
421fd04a
42b5f050
42e42832
42736a4e
4329fb1b
42ad5cbe
430a1bc7
42d9ae0a
427c6430
423137a9
42ec4e72
43185e98
4299ebf4
42819eeb
432183b7
42395118
42dd3c3a
42e5584a
433c4b4c
42851c9b
42864ee2
4295092a
42d0b49b
4294738b
43015eab
42e061c6
420c6c8e
4297bf00
421bc5a9
42cb9174
42db3698
422c78ca
427aea48
42af2fa6
4272cc96
42c64f25
424e9308
42f7d6cc
4286bf63
427cbbda
42dd2a00
42e9f321
430daa7b
42c06b68
430e1cdf
429b19e8
42ba2794
4222ca75
42d3fbb3
420cb66a
42c3daa2
42327b0f
43203c0b
42ac6108
4305b995
4252d87a
4282cae0
43175711
425202e0
42c405c0
43329b56
43276caf
42faef4d
42a0ade7
42bb9852
42e14e5c
43212d7b
42936e98
42bb5b3b
42f33098
42a34002
42fb4f3d
42c0241d
430bb9f4
430edfba
434a169b
433390ad
42f75002
43001ce4
43065db6
428744cc
431b06de
4324c5a0
42b6c556
43223030
433d6476
42b4b947
43234e78
4329191b
42df68b0
436288bf
4303166c
42ec2665
42bf1fa8
42f0666c
431c7d87
42e482ef
43106ff0
42828fbe
41deea27
43665462
429b9616
42bff130
4310e952
4310f648
41828c5e
42d39632
4204bb74
42c0addc
42dacb3b
42b825f2
43292a21
42dea2f6
429f51c4
42fbc60d
432d6a44
42b72cce
431c3a42
42d95762
425ab52d
42f212f6
430b8be3
41f24949
431171a9
432d9307
42e35d22
428dda0e
42bac6cb
42ea2f5f
4304120e
43638fff
4302512c
42ea2da3
42d439a3
42b98690
42478c4f
42facd9a
421f7ef8
429bea7a
42d80a89
429088b4
426582d8
42bc54e7
4306daa9
4269bc72
433c64f7
4325ee9a
42d466f3
4318c568
42ccb870
42c9ee48
42e2bcbe
42f5b715
42bf0b2a
428b6299
43630d1b
42cf58d7
4249a52e
42be7c12
43015c55
430765e4
42f3a08d
42834f30
4321c7f0
4310a035
42980c71
430cb287
42b866e6
42ecca8a
42a7cd0f
42adc72c
433a7e3f
423733d4
42f7ecb6
42b57670
432f58c3
432d882c
4272ce97
42eab8be
42da2ea6
43247b78
428aff95
43724d2b
42dbc45d
4304b6b3
42f83995
4316d5d9
4304a26b
429708c2
41f03b7e
42aad0dc
42865280
4317b503
424fa0d3
434e06c3
4219d182
42b238b3
42dd6963
4211c152
433fde02
418dd408
4258d4d2
4299587e
4226c886
42577349
42d0d4c8
42f20a84
42866581
42cdf140
424a6ace
42e67a95
428c2d93
4333f0e8
4308a9c5
42cf62ec
42fa85a3
432b2e5b
430f8676
43059106
429e16d7
42b27c06
42e6a77a
42938094
42b642d7
427aca64
42fa5fe9
42e3cf0c
42a7c936
43201272
420ea71b
42dd0f63
42e9410f
43107496
41bd9210
42ab5326
4289bbd4
417554a8
4348067e
42bce8b5
42d1bc4f
42ba9dd7
42a2b76a
42b09a24
42c19703
427ee4c6
42dad564
430df280
428378de
42a6275d
42ee925c
42acf1c6
41c1c8f0
42c2693a
42a83a13
4268efa3
42f97272
427ad98d
42582741
42c2eafb
4318c798
42d4472c
42b06aae
430e5baf
42c627c9
43583f7f
43109037
433ee782
4350e2e6
42125112
430eaa24
431220eb
4225c9e4
42cc21e6
4313752d
430c860d
42c5156e
430f53ee
43353872
43099c13
42766e66
42fef96e
4306a9e7
42d0df88
420b560e
c1bf65f6
42caa4d7
42ef2f84
43154e5c
42d0d15b
c1fdd280
42953459
4340f17b
429dca1c
4250ffd9
42a96694
42b9fdd0
42edb607
42faf86a
42c5c2ec
42e12eff
42bce788
40d63f3a
43104dcc
4275f324
42456464
426ea037
42a98df9
42d6e3e6
42f518c6
43018781
42f42738
424946ba
4286a3ce
4316cd7b
42bb5304
434dbd56
429b5609
426242ac
42ef8061
42d7bf40
42e100b6
42b9c4de
433772ea
4310a3b6
430fec1b
4321a632
43198636
42fa98a2
41e875c5
4338ac31
42d0f29c
431583a2
42aa1b4a
42beadd4
431af21e
42e1cdbd
429d4cfc
42b56b21
431d94a0
426f9cb2
42fdfc6e
4306764a
42ad01c3
434b2d27
431574f6
42bbda57
431c663a
4291b1c2
42829615
421b5057
4287462a
42b0125c
42a3efd3
42f7d0b8
43045b9a
42b41925
432ee711
42cf60c3
42f02dda
43155a97
42c37cfd
405195f0
42b7baf9
4244070a
42bedd99
42df0628
429c6483
43010f1c
42d4d5dd
42af453f
42bf9293
43294433
42b1064e
4330ce89
42cf284a
42a0c03a
42d02c5a
432f9293
42b96252
429500c2
42ae6bc9
43108a21
42cd2ca2
433b3c51
42a1e7f2
42ce096e
432930f6
42a54bbb
42ba8e21
430ab20a
42f13c8c
43102dbf
42ea0e71
41ab7e7f
42ee4f3a
43016f8f
42bb55a3
42aaf613
4363fafc
4308de30
41d843ca
43328c51
4314d58e
42f5ba4d
42948f16
43303379
42d49f1b
42a40980
433f49c6
43198147
43169480
43179ebb
4259e4cf
42e22744
42bd5b00
42d50011
42c4e362
41c0d278
425a5b00
42fa410f
42ca049e
428f031b
42dbd406
428b3cf8
42db188b
42d9cb26
42f7b382
431a25a2
42c5d0e3
425e28e8
42fc09f9
42de1806
42678380
426abf8c
4304d7a1
42ed5c14
42f5a565
42a2cfba
4304b54e
42c25fea
42e4634b
42764e51
42b71618
429ab63b
42362f01
422935cc
422e11ab
42d4cd7f
426bcaf0
42b868c2
42cc72ce
413e389c
429f33a5
42b51682
421bc0bb
429ff2d1
4284cdfa
42a8c920
429cd442
42a5340e
420a9972
42866ea2
4294973e
42af87ed
426ed6c4
422d8a78
42b8950e
42132d7e
4285ec1d
42959ee1
42da92e4
42296144
431289e1
42c3cb8c
42656b99
427f22f0
429b93ab
4302f2c7
429c034c
42de2143
424524ff
42a0bfa0
42f0395b
427faac6
4317f581
427010e6
42b7e74d
42c1a411
42d58f8b
4287c106
42641d91
4254021d
42b1abe6
422616d6
42858f11
4247a4c8
42ac7082
42b0526a
42aeaa62
4260f5eb
42987c5a
428c1065
431a39bd
427f7943
42d0df04
41a53623
425b1efa
c1dd7b1e
41fdcf28
42cc4cb3
427fcd24
428d612a
4276fd06
42bb0a02
42dfbd2c
425008c8
4235d08a
430364a3
42f1beda
429ef7dc
42c328f6
42804e41
42cd7e1a
42a6f323
42dd5c66
42e37628
42680b6f
4295cf76
4257876c
42873cea
428ef77a
424db35d
429d6f69
42af039b
42a4afa5
42655f34
42dc54ea
41799891
42803174
4291e96a
429705c9
42967381
3f12d6d0
428c8772
4286bede
424c7aad
42296b14
426f6e0c
425a8a92
42464f9e
42aa25f3
41ffd2d0
42a82fef
42b9d94a
42b483de
4181eb4a
42cb6615
41258346
42d79bdc
42af8301
42c13833
4292cebb
42fdd634
42b578d1
42d5a123
42d6f307
42cdc166
41db2a98
422ae73c
433c0723
431d01ad
43390345
42ccddf4
432aefa5
430bf177
43391c8c
4305ddef
430eb0ca
432d9c8c
4292aaa4
433f1ba7
4323b6b4
42a03d1a
433cc18a
42ff8ba9
4346246a
42e6d586
43302523
42c73c8e
4309e404
4317dc33
430460bd
43002c65
42d40fd3
4373ad05
4326fd70
435bb4c7
4312d31e
435b2c61
43509060
43529cf8
433b63df
43444600
43201b1a
42ea037e
42ebeab9
43255aa2
4311f282
430aa83c
430e9b04
42d1e5a3
431e61e0
43018f45
428a2628
431e98ee
43299c75
4317adfa
42812757
431adc2a
42963091
4253b9fb
435d6c2c
42d033c1
4315736f
42bd0303
4308d271
43528902
432af764
43318665
42e949ce
434454eb
432b35d7
433d3b97
429c0734
431700b1
42f61d7a
43533581
433e5c87
430bea2d
43221b8d
42b8c20f
42f1fc80
43000472
43059026
4324ec8b
432298e6
433a0d3b
432eece1
437363db
4306b6be
436d5e1a
43898c14
42c3c0de
4312d78f
433eaf18
432434d1
4340d412
43205770
431ca2d3
42e942d8
433a6ab5
4343c1bc
42f13af1
42d1900b
433f6eb7
42cbacea
42fd1542
43224bb8
4297f2e7
435dfe52
426b5627
43027785
43467ba2
433088a9
42ff2da5
432353ca
430c8390
4319be49
4328fc36
42bfddd8
432daa60
431541bd
4352850f
43110194
430078a5
4244307b
42ab666b
431a4c8f
4358bd79
42b4b470
43322322
4347d4b8
4334afd6
43387fda
4336387c
420e5164
432245a8
43338bd2
433e134e
4333459d
4320890f
435642f8
4339cf25
435066b3
42ee0e0a
43323b2c
43578a8a
42a9398e
436fdc62
430dc7d2
424a58f3
438e35c0
435e8443
43333a71
432ccd30
43a4e892
42fd10c0
43007764
435c5516
4330df12
42bb7ecd
42e311c0
4375f894
434bc162
4384546a
43a2dbe7
430d385a
43748308
4398dfc0
436c9e48
43b08b3f
4311c41a
42e0cc10
436a32dc
4384ac16
4385a730
431ba06a
435b0102
434663be
4317bc0e
4380c2f2
42fa788c
42b5c5f2
437a6e4d
430ca50a
42c022f3
4350ecc6
42d47a62
42a84ea6
43572a94
42de2bda
432d15a8
43220980
4322e465
4353ac74
43ad5976
438a94b2
431fec3d
438b2161
43354c5d
438c9553
43423294
4354dfbe
434af65e
437503fb
43abfc2e
429a9240
4347243e
430b6943
432af6c6
433f3267
4352fdf9
4369a930
43749ea9
435a2dfb
43a383c5
43850444
42edbd5c
4330a9d9
4380eb2b
4356d194
426824f0
436219b5
4345fa87
43149a82
4384e104
431eebe5
4312789f
434d9a73
434906e6
433b2c6b
42c62a13
435dcd14
431b590c
433542f8
4358d1b3
42e6306c
43119db9
42ee7d0b
4371c0a7
438cd3aa
4305bd63
428a9712
4339dca8
435afbb8
435530b2
4343025a
435b2de8
434b3e4b
43067d49
4395e4a4
4372be32
4309e833
42faa1f5
432a04fe
43445ec2
43389fc4
42ac4de2
435a97ca
437aecd0
43ad8e65
432bde2b
4350bc36
42f0daf4
434ad1e7
434be3e4
4311839b
432a8a16
42cca058
431f9221
428fdc82
4330f34d
4285b436
43036bc1
435be803
429fd09c
4300aa23
4331ae24
43037900
433abe46
431b6f7e
432900b4
42fb36ae
430be780
42c9f411
42c9a6ac
42f599f3
42f3e68a
42d72798
4344ffa2
433c3c06
4306b33b
437842ae
4327c9e4
4331cda7
434d6193
434d03f3
433716b8
4367b6a8
4320ae9e
42f67ea7
43173b81
43022a80
43172b68
42ada6a1
42ef2fca
42d4f79e
42d50626
42f8cce4
41ecd3e0
43056728
430bfb04
43401e0a
41cad00c
432af97c
42417987
413902fc
433d74d2
42bb1b1e
432b0ad9
42eee61f
42e43524
431fbf28
4341980a
4335c520
42dcb5df
42b7c87b
42d9bfb0
42fede3e
431c25f1
42cf3421
4300d032
435e58cb
435100da
429e2686
4322eb49
430957fb
42b7c52b
42db1ebb
4328974e
430819af
432b80cf
4345385c
42ade426
432a2cd8
42df9099
43579133
436a9d90
42ab288c
42b414c8
430ab02c
42cd256a
43117f62
42fe40c8
43544cba
42f16a5f
4327c2e2
4321c157
433ebf32
4305b35c
42fbdaaa
42ecc490
4295ae5a
42eb8581
c18d8c70
433a2ab2
42c8e0b4
434930fc
42f93f9b
4312c75b
431d9ad3
43143d82
43044105
4316eafe
42f41421
430844f4
435ff686
4333d326
431b556e
43539fce
42c8b97d
42de7168
42e5d9ce
430d68b6
4308578c
42d0541d
430440f1
434012e6
430fbb1c
432c9495
43423522
41b0ec88
4358ad61
43254bfb
42d96ce4
433163d7
4292510e
42be315c
4326bece
43280d69
426ad91d
42b40449
430cce8b
41ddc91b
43225fd1
43132f0a
429e4260
42e81fe9
42aa4b01
432b1ead
431e86ca
4332a0c6
422d570c
42fa01fa
430c083a
43126a77
426e1f27
42aa9c32
4384ad37
42b094df
42a969a0
430a4bdc
42f749b1
436e274e
432d8b93
42be1e3b
42f917b4
42a4d7a7
42df469a
42a31a65
42eaa54f
42d5b22c
4266eab0
431ac095
4303802b
425b8669
42d66759
43132fea
430fad7d
42ef20a5
42ec118e
4287d5dd
429616d1
420f7ff8
42d53060
431ebb2a
420da4c3
42b8b5b9
431807b1
42b71592
430440df
431125d9
43078eb1
432f2d92
4306c0f6
42c63b1c
42b3c791
43044abc
430d789e
420a5325
4266c9c4
42f4b451
42d2cbe2
430696c6
42d91a98
42f234ce
42ef26c3
428c8321
430a73c0
434894e4
4311931e
430cbcf1
430f26c1
42ac1a1f
42f91aed
433d2489
42c97b07
42b204ac
4342155b
431b1a48
429ca9ae
42d30027
42c8e9d0
42ad8717
4254f9b4
43298b25
43022921
42d43b3d
437afb8c
43018089
431c3abf
42925cb7
4283dbb0
43542b64
4285fc30
42bcfb36
42fc39ce
42d928e0
42bf47eb
42bf791e
4277ddc3
42c11e0e
42ee6bf8
422f168e
42fc59fd
4283b29e
4337d86c
4317753c
4305391b
423dd678
42b28403
42c8429c
428a17d6
42a0bdfc
431b4a68
42d00fe0
43041656
430f1208
432312e4
429c3485
42dc6746
42e8df62
4335f36e
43209048
426283c1
431505a8
42cf99f6
42ee9f26
42adab03
43190666
430e75ee
42ba96fe
4324b20b
42fdd984
42970631
430e89dc
431012ec
432eafd4
4266dae6
42ee3651
429f1456
429da546
430a99ce
42a460a2
429aee34
4268653f
42c95a89
42b7852e
42d99491
42d3585a
42f1373b
42ddc056
435d4851
42fb3e55
43118440
42cee7de
42a9a63e
42e0bc9d
42e02572
432804a2
42d755a1
42b4ac95
433a397f
42f1fb16
4320188c
42d15012
42e8d7a8
4335d7ee
42ffa31e
4269df4c
42f74eb6
42d8c1c6
4287fbdf
43204e1a
42fa8a0a
426aa962
430dbbb6
430cd628
42a70904
42e73e39
4310b138
42ad6938
433677af
42af18e6
4317d72c
4242f670
42e41d6c
42cc01c2
43079cdf
4354b66b
428cef5d
42f98402
4305a064
42dc8bdf
42f6346f
420577fe
42d7174c
431e006f
42f76b50
4307f89c
432cc1a2
4237f23e
432633ef
430ce0b4
42bf4a71
42b462e4
4317aa0e
42c94311
42bdfdb8
42e94e24
42caf105
42b6a2b2
42da4be0
42fd1b90
42c34709
4281ce6a
428c6735
4275d0cc
430d3a29
4305ca52
42870768
4247f1b0
42c363ae
42a9bf5f
4330e454
42a5b30e
42d9dcd1
42b99a8e
420f76e0
42b6af22
42d2e410
42cabce6
4314b4dd
42e3a0f2
4313c33b
41eab0a0
42cdc59c
42540d1f
42bb1011
42dd2d98
430d18e6
429ec788
43163e6f
431a541f
431fd544
42b54e82
42b25b43
426eda8c
42ba4b2c
426838ea
430007ab
43455550
42f5d716
3fb276ea
42ab4a55
42a0f948
42338d80
41f0e581
42fd93d9
4289fb64
430c85b9
42beb2fd
4291a28c
42f6a521
426e4781
42e3c5d4
4321cf2f
4298afc0
4265ba80
4299d49e
42cf4226
42e1d762
42af99d0
42b3ffd3
432de0a0
429202a0
430f087c
426bf59a
43352a3a
43223ca4
42ea4ac4
42f29a00
42aee567
42aae110
42bb800b
42c544b8
42a9b3d0
426c8af7
423fb30f
42e7b3f3
429b8980
43007f55
4283e779
42d8808e
42bcbfb8
42234518
42faf795
428b38aa
4313c3aa
4191d85c
41c5d5db
431edfc0
42be005e
428e0b4b
42cbe740
429c3d9c
42a1096d
42d278ba
42cbf9f3
42a2204c
422c9136
4116952d
41d48103
4315a31c
430b52b5
424dec98
42b460c8
429cb6de
42706311
42a8ab2a
42bd5b40
42a54614
4281e38d
42c40e1c
42b41b24
42b082c4
430ebbe6
42cd9c9a
42755bac
4308e5ae
42f000b8
43121a0e
4288be03
42b4655e
42fd9624
4313a054
430f643a
4333a115
43080308
42edf435
42b94b35
43404c41
429195b3
42aaee89
433019ea
42db2a98
4261b93a
42ae24e5
426dea14
434bc576
42162e1b
42ef1cd7
42acb339
42eeeb97
42caa660
42ae681f
4307c330
425bc78a
42e973c1
bfea8900
42dcef33
4308e0c6
431070be
430a08b1
4285a06e
c1b7da01
42e581fb
4201015f
420eb9ef
42a160f4
42aee1b0
4305d0f7
42b81989
42f2184b
431963ad
41aada15
4338e0cd
