// case 006 partial_k - per-element peak partial-sum magnitude (FP32)
// 16384 words, 32-bit each, little-endian memory image
4279beb7
42d3aa94
429932e9
42a1fd08
42a6af00
42cb6f46
423cc90c
42febcf2
41ab0a58
428b51c0
42f48208
42900aca
42980e7c
430c4044
4237c1e0
4254f972
42c59d2b
40cc4540
42c707d8
4242d3c0
429393ac
428979b4
42b8cd6c
4220faea
4296ddb0
421f446e
428a5cfa
42839d90
42e18ced
42636e7e
42c1974d
425b8669
42ef9398
4228db60
421f73d8
428c0a80
41f7089e
42984550
429b6b30
428108cc
42da94cd
42632488
429b46c5
42c80f04
42c5b67a
4270ba20
429fc337
42a4ebdc
431e12a4
425c02e7
42a1e3fb
4209bd46
42ac4195
428a92ee
42f6a568
429a8073
42154bb5
4256d1a0
42731b80
42d74a3d
42f7a73a
4211bb9c
42f04543
4269f79f
429de88b
4231985e
42c68a00
42779ddc
43001b97
42d280c0
42e18aea
4211b246
42a90038
4304d1af
4283b290
41e6a398
425b16ca
42878342
42515664
4226af28
42cb979b
42b9f5d1
42b8bf68
43058c60
42569610
42a31996
42ec5680
41d0445a
43187466
421b453e
42c7f57d
42f5bca4
429d2ba8
43008cb6
42797b08
4325d71c
422d5a3e
4170eb10
4291e458
42717320
42b10350
424975db
42e9d3c6
42b80607
421a84fa
42b45422
425f0c9c
42953eab
43145cca
4286f173
420cf928
41ed3aa0
4286210f
423ade3f
42801035
412302f8
42b1c13a
420d8678
42068e74
424ca68c
42fb49c0
428c1cd6
42f6d744
42921735
42a12736
42f50f3e
426ab8a0
42b4baea
426ffd1d
4299d152
4293bc58
42a7e870
42b65f97
426947ef
42894997
42dd975a
4226e506
42ad4935
42f7b8fc
41fb5780
42874d76
4241a60c
428e247f
4288bc9b
42c0c9a8
42640523
4297eb66
42c009f6
42943e71
4274a688
42affff4
426c86d6
429ee615
4263b68d
42f32f6b
42b431ea
42979f90
42cb7aee
42993956
428fdd09
42d133fa
42079ed7
42aa959a
428a8bc5
42a58378
426f44ec
41a8c082
42ed31dd
42777078
429477c4
422304be
42a1fe36
42b4788b
42890799
428370e1
42fe08c8
4290076b
418fb838
4295566d
41dd5372
425b6f24
42648bf1
42781aaf
42c09f4a
42b8996d
42afdaf2
4203f9d6
42b09d53
42b1a690
4205bb5a
4279e7f3
42930c41
42b44b17
418a2cfe
424a6f6d
42808025
423eab12
43055615
428a7698
42ad32c2
4304d7be
429528cc
423fcea3
40196740
42263fae
42b13b33
4283a12a
4240a2af
426f609e
429be06e
428a864e
4271deda
42a8cd2e
42873780
429c89ce
42ac86be
428754c2
42ac6d1e
428a845e
428c574a
42657327
428469f6
42fbac98
42e6f90b
41e64415
42bb3346
428c7b6a
42f28cc2
4251ea4f
41a3af96
42d9be66
421cfe6c
41c94e62
4284780a
423f8856
42de6e5e
42a450e0
42b64cc2
41e87c88
428ce2c6
4280cb62
419c6b76
426f341a
4249a26a
423afdb7
413f5533
42257cf8
427e4242
42b1e745
4288ca27
42ddecf4
4245f94b
42921db5
42b1ad49
4250896d
42a27f8e
42dae0e0
42c336fa
42848c73
42e344e6
42bcf254
42fa38bf
4287ebd8
432cd51e
422c0e98
42c03674
431d6074
429e2b34
42c32aff
4323943b
42a0630c
42e115fe
42d3c110
424a5a64
430df6cd
429561d8
42d1492f
42b4e013
430138c8
41fa7588
42a69ee0
423c572b
42a0c674
4308201f
42b951e0
42a7763d
42ecc0a4
42af254a
43498498
42806df6
42b33e7c
42459faa
421efbea
429d7ce3
428fb59e
42c7f810
42d078db
4285fcca
42bafd05
42c75af2
4308984b
42b58628
42892c72
42f17818
431ea7b8
41c83c38
428a4738
421ab13b
42e33bf8
42ff7310
42e4d980
42d0c32c
4296c624
42f5e8eb
42977d2e
430d3976
431a2a74
42071017
43158ea5
42b86424
42cfc2ac
4118061c
42cd5751
429ff046
42b843a4
42daef08
429ef5ba
426a981c
42eeec44
431817a8
42c06d1a
424779b0
42795c24
42e355f6
425c5aa8
423fa5aa
4293f342
42e29f78
42cf9990
4325e624
42e0e49c
42a7908e
43003bb5
42c10efe
4312470c
4263beb4
428517ab
42e6d0a8
42ddd454
42ef7b34
4288e168
432b327a
42937c73
41cbb050
42a864f6
42a4bb28
427df2b8
42151b53
431cb589
427ea59e
4263d958
42b74914
423b79a4
43068e80
431d6a76
42631660
424e12ca
422b1a44
42ddad66
42907590
42c3c142
42288c2c
42d3d78c
418a9f21
41787806
42af5a9d
431662f0
429150b0
431c9e60
4281a79a
42fd5236
42e0ac62
4291d744
42da9842
425ff9fe
42f5e5a0
421a9a0c
43011e12
42c74820
42d6a764
4296a14c
43005b08
41fdb9f0
42daf83a
430e426f
42669c92
4233deb8
430dbc74
420d0138
42a9cde0
42c1b518
4226828e
42aa778b
42bc09a4
429a7c54
42a41024
42e10552
42a52ad6
42896208
423acfe2
42c1b70b
4295b69c
430dac78
430d9ad2
42edd42c
4273fa76
42cb7d28
42364bfa
42894b44
429d3e26
427a8f2d
42336955
42c78c00
42ab9374
42cecf6b
41ca49f8
42af62f0
42dea84e
42d064b1
42cc1f5f
41732480
42b530a6
42f3b740
422e154e
42864586
423e78a0
42913e5e
42b09ae0
428be984
42d1af92
4282eabc
4286c234
42661908
42f183f2
431b8397
413460eb
42c9e1ca
42a82c29
42bb1d94
4243c79a
429fa876
429cc92f
4305848b
42dbd4ec
42c65768
427a2500
42bcd9d4
42f9e73c
425489b8
41a80018
428dce10
42d867be
42df22bf
42851cf6
42bd74a2
42659b41
429f5351
430b0f97
42824a84
427b94c8
42c35d67
4279b9c8
42f79e96
4235254e
42b041de
42ed4a2f
42ded8cb
42f6aeff
42cf4318
4319243e
41bebac8
42189d38
42af5c28
42a4ca9c
4299df59
4197503f
42beedc9
42ce89e2
41896edc
42f6e6ef
41a36db0
428c4fb5
431406ba
42aa7be2
41e4440c
42badc32
42e097fc
419ee8f7
428c6866
424b9828
42b7dbb2
42448a2c
4289b2a3
42c87bcd
42ab2f34
42a03322
42fe4a4e
424ec7ac
42af5cb0
43038e86
4257ac7c
424bca00
42883328
4289389c
4281ef9d
42980a00
429e8cf2
4291ed87
42526688
42f5fdd7
421c3f1a
4285819e
42c73a66
42424ee0
422a59c3
42c3d977
42612255
42948add
427aa62c
42588cb7
4292d214
4290e138
4254c960
4245df60
425459ec
419a1723
42c5fa20
42869344
427ef08c
428b9432
4240de10
424bd868
428f4551
42364456
42ed3abe
428243f9
41526976
42854233
4225cf68
427dfd92
42621f44
42704132
4263517c
426fd8da
425a8998
43031a00
42c21074
4256c521
42d50e61
42abd4a0
42d11bec
42b6cfd1
428eb71c
42130c68
42c66368
41e5ef0a
4302e429
42c7c83a
42032eac
4280e49c
4284452f
42be6752
42a16eca
42c0d1ee
42d11370
427b0e40
42ed5f29
41be50c0
42a89e28
42401b24
429045d4
42fe3afe
428837b0
41e7eb4e
429c71e4
42d34ac0
428ba1be
40891678
41c512b4
41ba59c0
41c2ac54
423bb378
428d99c2
4295a5b4
42b0eb40
4291ad86
428636aa
4225ad9a
41d83ec0
411aa45d
42c1f350
428456eb
42a92934
42ddbc44
419ee710
42964980
42b205fa
42b20506
41e642ea
4208cea6
419485e0
42b8df89
428b9b17
417d58de
42be818e
4289584e
414db7da
428ceed1
42aa7cd3
42f636ca
42982b55
42355c2a
424bfd2c
42841b29
42a31827
421f03b0
42571d02
427b80a2
4213ff58
41cc19ad
41928dac
42bde6ec
42d723d8
42a91776
42b7df30
42dd0352
4295846b
4286d078
42544a68
4284c2e1
4269d19a
4254f57e
42d6c272
4247424a
42b26ea4
41de3dfa
429664ac
42cf8580
4228b7b0
420ffd0a
4298694e
41d484c6
42befa56
426ea89e
422638e0
41bdee2e
42c1c8ac
41223b50
41d8dbf8
4254aa34
41a761ac
42c09369
420cfa54
421a7098
42b828c8
424eb724
43023a37
41dc2efe
4285793a
41e72ba8
42b01e6e
41af824d
42d78075
42263b12
424aabac
42d17f97
4267a5b7
427ff4ca
4219a024
423e9c92
429607af
42ab9692
428cbde1
425d560c
42900d3c
4212f188
42f23428
42d62210
42e77b0a
429ebb5f
42cc8be0
421eba9b
41e82b0c
419b8a3e
42df4c90
4281e3d6
424ab418
420dd688
42040958
429cd5f2
424d2524
42838be0
428b6cca
422bfd84
42968596
4210d39e
4285e955
426803a8
428af480
42c4580c
429cada6
41f1d364
42c206e6
4267f6f1
40e81dc0
40b3a4b0
4232d275
42251ef6
4191f214
426caf0e
42a112c8
42e201d8
427ea46c
41b7f21e
41024dc0
425ad7e4
428f9e8c
41c757bb
42d54ad2
41fbb4c4
42fffc96
42cec108
41486f20
42bd5ea1
4258fdca
42daed33
41b254fc
42751300
424fa8da
4292a7f0
42d983af
4228ddce
42e671e5
42814654
41e5e43c
4260f41e
4294feaa
42c49d68
428a042c
427e00c4
424ef7fe
4114aa18
415f3f18
413e1a8c
427b02ae
41614f76
41be1a00
424f0884
4193a92c
41f0948a
42fe0162
42268daf
429dcfbe
42904584
4291f056
42641fb0
41b73340
42a2ebb8
42177344
42064958
42432800
42aff172
42b71ce4
420ecad2
429a0cc4
42b2f7af
420fd666
428e196c
429f2822
40fac7c0
4204fc29
4294d69a
41b61f82
425bbfb2
4226fd04
420d96fa
419c42b8
426d69d4
42780196
4299373c
428f4942
41fd4d0e
42aa1146
41c2dda4
4289f5fd
4269adf8
4277dbbc
4266c8a2
42694440
424a053d
42b6b46f
426cfb28
426b00f8
428bbcd2
4238ac60
421bbad9
41f199a2
42b56e5e
4209d558
425e2ad4
41bd0db8
42897399
42b9e65b
4298d4fb
4259fbc4
42ba58e0
427b06ce
4203d782
427f604e
42108704
425c8cf9
41f0acb0
4272b0fe
428332de
427ee248
42b548ca
42297476
42a63d42
427e6d84
4293c0df
4252b56c
4284a458
42baa896
4189b298
421d1ffa
424790f0
42819d6a
42d9e146
424370ad
41b2176a
4288757f
42972737
4206f8a8
40eefca0
4253ffb4
42bab840
42327004
420ff3e8
4254bc7c
4251aa32
42b7d66e
41e10e08
41ddfe7c
3f597320
42871512
429a8540
41bc3710
425dec9e
4237a450
4288b110
41bc2b58
4202126b
42b2d4d0
42a94965
418e76b8
42c353cc
42116754
42b24801
426657ec
417fa328
42974448
4214f690
4223e9f3
428f2e63
41918248
42d4e55e
423c2df4
4293e172
41c6d328
42a29648
4266c6b0
41942fc4
41dac748
4271b63c
4093cd60
410f318a
41cfcdd4
42762a50
423dace8
42af7fbc
42ac2836
42414565
427123b0
427836c0
41a4af40
429ecd77
42d67628
423d14ef
42390c44
42c294a9
42ce270a
42415a86
42c839dd
4330618e
41a46f52
42b7ff26
42cae267
425f87b8
422634d0
42a4788b
42ad1a5e
42e79a58
428a40c5
43160b7d
42af9fae
42d72e24
4278c5c2
42a9cc7c
42c5dc98
4233ea2c
42c4ec72
4287698e
41972944
433083f1
421d1804
42858613
42bbefac
428f6115
4329998b
41ed00ac
42af7113
4201464e
41f9b166
4188aa5f
426f9c0c
42b6eb94
41e189d3
427556d0
42ac05c6
42872df9
43251fed
42520112
423a15b1
431694dc
428b8fe5
4158b230
41ad11e2
42876669
4275a3e4
42a8cbef
4288cf2e
429dd4a8
42901367
430d0a39
4224dafb
42706704
42b590c1
41802fee
430a8087
42ac1561
42d1bbe8
416590ba
427abd81
41dc106b
4154d268
42eaffc8
42254c04
42ab30f7
432edb9d
42796fff
42bab0a7
42386002
423a0476
4280ce76
427e9dce
4246620c
421d20bf
421cc447
420e0f15
42a8b80f
42fc6749
421383b5
4294866c
42fcc888
425d89bf
4293ad3f
420e31a0
420a692c
42ad077f
42aa14ec
42e0f06e
4286949a
429153b7
4314ce52
4278801e
42f1d216
413c58e4
40db0870
42f02575
426f7cf0
428209de
424ca452
42847c3f
43399e67
42eecf33
417d05ac
422a2f56
42b4f83d
430b19e6
4221ba2f
429f6570
423ab1c8
428b6d8f
40b2abc2
4218efde
4283e1a0
428c1d68
42b880f3
42cb0de6
427df84c
42f133fa
42499f46
428e587f
428d9600
424a677c
431a6aca
42048338
42c52063
4241e64c
42a7eeca
4266afa0
42c9e951
41ab0a10
42bfb87c
42defc83
42c45fbe
41461210
43153e48
41cde920
42e39c81
42e76aa0
41ef078c
42906642
42c57330
42d0bee0
427fdb9e
42dcdf50
42a99a61
424b51d8
42843efc
4273b698
4240d634
4302710d
42ba6a10
430752fa
41cd2078
423b6770
42070d32
40ca0440
4204471c
4287a697
42228ba6
427c2795
42797260
4291d00a
42290830
42d1f1fe
42fcc82f
428e7f93
42808494
425ba1cd
42776fac
4312f759
42845105
4228c130
41b850cc
4296f622
42d84b21
425370cc
42d8cf16
420dad28
41be0eeb
42850628
4294f558
4312732e
41d307dc
42573c0b
4304e89e
429e7e80
42792976
42cd8531
42180fd8
42cc71a2
429b9cfc
42c5eb2b
427040d1
427b8b10
4310cf6c
428d3914
421042de
4215e0e1
42334650
425995ac
429f95be
42c36696
424be808
42a8c01e
43117eac
42a0a5d8
42ba63e8
42dffaba
42102efe
430153bf
429663c1
4280c9c8
42d76be8
42eafa5f
4305ef8c
42ab7147
4302ae87
40345930
4108b3a0
42c98b8c
429a356a
41f74114
4239bc94
42a5f468
42da5274
41c816ae
4302c9c0
4285d28c
4092914f
4312037e
42850b12
41d9112a
42adb40a
42ddd8b1
427be6c6
41a461d8
41bf8340
42b3cf2a
41f9918a
41ff81ff
42ab97e5
42b903e4
42b8e3e3
42d61776
42ca7699
42376b0e
43058c1c
42a1f4ca
422444f0
427a4b25
422365a3
4191af04
422b3e88
41d25552
423fd1a5
42a79316
42c5a638
4222b6cf
42a5629a
419d6328
42671777
421f05dd
42beba85
4173f6e4
4265b250
4293ad79
42555a3c
419e34b8
429f29ae
412691a0
42d1b01f
41ee5cd0
41f9cd54
42442675
427c76b1
424191f2
42943c01
41198778
42a8eb6c
4262488c
4248b602
42e3389b
426aa346
423804f3
420695b0
41a97d0e
3fbe4bd6
4282d6fb
41e67aad
41a55670
40565600
42587eb0
424a9b30
42708540
413efd3e
4235300f
421f6c5e
4270814e
42b987fe
413caccc
4228fe9c
41109f98
410e4cf0
4216d65c
42826f60
422aa94c
421625f0
42308eb0
42960547
424edaef
4264eac4
4288a096
420c76b8
42af968e
41f8f4b8
424d59f8
42655286
42592f28
42414f09
41897d2a
41cd4390
41fb350e
42b298a3
41b36468
41a3de9e
4272cf22
42373f60
41b898a0
424e5058
422529f7
42bed13d
41f08940
41dd7c64
41d17776
413e55ae
401d87e0
425e87e3
429ffeba
410e1911
4251a589
42f0a29e
41c08f10
427b0e5f
41738551
41ec54f8
419fbd03
4237f47e
40a9c520
4220e970
4212a688
419ded50
42443142
42077e46
41aa78e1
421debaf
41dffb88
42d27995
420ad7a8
412406c4
416e6324
4283c4ea
425c12a5
40a54010
4296f095
4286d74c
42345972
420c3097
41be10ea
42ed8bf4
4288b3da
42584bec
425b355f
42984d8c
42ab3942
40e71e40
425a0332
40eca280
42ecbcc9
42d72514
42cb8703
42bbe76b
43132fd3
42e07187
42848e62
430178a1
427d26a0
420f97b0
4315936a
423c1cc8
42fe8770
427e3d90
429e57a4
42b47dfa
43118b7a
420b63f6
424b27d0
429bf400
42618a88
42ed5518
426065dc
4220b88a
42c10fd0
427e766c
43225977
4286caf3
42d5d6a2
42b53e72
4321ff38
41f56f62
431f8597
424c9b35
42c9c346
42ff09a0
42a8ab23
42801f9e
4257088a
42b65a90
4290c01c
42cdba72
42d24424
426eeb50
42603b6e
42bc4744
42c0a115
431b65b0
42fc8d68
423e1784
42b38229
42335bec
428ae603
413ce870
42bdbab8
42edd6c7
42aa480b
4286c637
41c03d30
4304a630
42e7e3d4
4217c8b0
42c42e84
42557882
42acc514
41e7e0a8
42b557a4
42efbb0c
42c3d554
42ca287c
42b29380
4293909c
430a8133
429ca374
41a56320
40e50740
425efc78
42d62184
42592e7c
42967088
42a8671c
42eafa35
42c93390
41c58cd1
42787f58
428d8a66
42bbe114
4203c870
42e9079e
418ef244
43214763
4318e0b2
4277e730
42badac2
429817b3
432afd07
4221d1a4
429b353a
42cc296f
42acbc6b
42fad644
427ef2dc
432e8a32
429e2b08
42151da6
42d2bb23
426870d0
43266d03
4281881a
42a69e9a
42550ab4
424515e0
42878fdc
418149f0
42d09532
422a7ef8
42a91792
4268038c
4266b3c7
427b9d00
432e5c07
42a36edc
4301a23b
42a581de
4275edfc
42caff3c
423d2cd0
429fcf94
420e00b8
42e4c897
42a16c82
42bd3e5f
42925120
4285f5f8
42bd5ae6
42c05b1a
429788f1
4292e760
42c69188
4291d0dc
42b97b9e
429fc3f4
42b5f0c2
427a8484
42f8a5d1
42559ea1
428a0c64
42ab17dc
42442ad8
42a762f0
42b79a18
42807e51
4234e532
428a5d02
43252b84
42a6b4ad
42ecc8cc
4300907c
42c5d0ea
425c4818
42e968ae
42befaca
4296eb85
429a0b14
42e7ee4c
421cda4b
41a517db
42bbcac2
42e737dd
42b6211a
42af7678
42c63818
4294bd4c
4295158d
42d764f4
42c976b4
42c23c6a
42096688
42bff1d4
424031a4
4245f452
4258f9e8
42800f34
42cfef86
42ab1c2c
42834cb2
424715d8
42babe28
42a9ed3a
42910da0
42ce7521
429d92ce
42bb1c36
422a4e2c
42ac80a6
42b26abe
420f7b58
42f1a8db
4297cef4
427d9fca
42c8235c
42c36c26
423aa8b8
401bd540
423cacf2
42bfe950
428d1ef1
42916bb2
42b0c4ec
430946c4
4263de88
42839958
42c0e1c4
4285ee1f
42e2a148
426d1652
42d4a594
425ce194
429827b4
430a639e
42a79964
42dfbf3e
42d5463c
42ec03f7
41644e6c
428ed2dd
4281dd2e
42ccc7a0
42caf0d0
4225b75e
4300189e
42316a4c
424c9094
42aef06f
42948870
42cd76e0
42c169fd
428a257f
4242734b
425ea1b0
42a10260
4216ce88
428bc418
4269e3b2
4292ab38
422a1a71
421a638e
42aac7a0
42f3764c
424145f0
42f01487
42987bfc
42a29169
4298d784
42811614
426deb28
42a3d0a5
4292e0e1
429bf184
427989e0
4299fc69
424eb773
42400306
42d598fc
41c9fdc0
425debc8
4299f7c8
42599ccc
42a572d5
42d68b58
41f5ff90
42986090
42d8f460
42071e1c
422fee0c
424c539a
4286d3c2
42ccf7aa
42556920
4209ad58
4282fc48
4122255c
42b42566
41662bcc
4268185c
418d20de
42e46706
41d8a6c4
42d0b1ae
41bb6314
42203240
425ca918
418cacbe
42a22c2f
42060c48
42562c9c
421f6a76
4253c254
428ee81a
4204105f
42346a1c
4210279a
42998c06
42a78e20
4308e609
427f39a7
429a2447
409723f0
422b6ae0
4240711a
42b95816
4288112a
42463d93
424ac096
427efae8
42f85a68
428688d1
41da87a9
423bb6c6
42a43d39
42a2947d
41458928
4299da57
4220f2d4
428a98a0
423cb40c
421dec30
420d1653
420d560c
42c69564
418c1c88
4261afbe
41c398c0
424c583c
41c7fac0
428ad85a
42257ada
42b6278e
42bc3db0
42851890
4191d7fe
42929afd
42a4fb68
41a7ad60
42c65daa
4252889e
42c42f08
42d0ce98
42113c8c
42af2262
40fa330a
42da5316
41fa67a4
40d2dca0
42ad10c7
428c1b52
42825d0e
42528f04
42eec438
42843ca1
41026758
42a41718
420892f2
42793ad5
424da022
4291c1f7
422fd4de
41b14fdc
4137e6a8
42166a20
421e54a8
40e4d1b0
421d3d5c
41ebe406
41c7d154
424bbc8c
4308454e
4290946a
42995bc6
426aa2a6
429b0f4f
428d2328
4224b566
42cf1380
4235b7ca
42940450
4215c7e2
420d290f
424a1de4
428be9ae
421ea22c
42d02ca4
4143d168
42a83d28
423018e1
42af4958
41352958
42eb07ea
41fc1884
427f9a64
42930bc7
420013a4
4258ebce
4286dc66
4248a47e
428a4956
428346cf
416f28dc
427915a6
423cbdf1
41ad72d2
429ab001
425a90dc
4264a770
429e5028
424d09ed
4286bc41
421e6f30
41ead36b
41dc9aee
404b1ad0
40f4021e
424795b4
426b138e
41f32ebf
423d6d33
41fad6c8
429fe2f3
427a654a
41b42ac7
4266d167
425754a8
42981c09
4254529a
411c2f30
41ca981c
421917b4
4257a7f6
428309a8
42858416
41edcc3a
424d301b
426b5005
4261a4d9
42825dd1
4226d0fa
42adbb86
421a6796
4282f954
42477896
42510161
421bc031
42cbffd6
42a57664
42984202
40753a90
42841895
42f401d8
4264ab2b
41a597e2
42598525
42769b89
424d97a8
41a5b1f8
4288ee06
427af8fe
42a0f55a
427679f4
423e92e2
416511a4
4289a31a
421e74de
428ff5e6
4232c7a4
42712bc0
42d6abed
42664c80
425d900e
425b0fba
42a46cec
419f9c71
426ad5dc
420580cc
425b16c8
42388b3e
42944f15
42796b22
423bbe77
41d8e1e4
429eb6e6
42755d3b
42bcdf6f
429b180b
4222a772
413423d6
4287c3af
4287a52e
422aec0e
42288a68
41ca1c96
425aa9b4
414842f6
421b6cda
4283f296
4270181b
42d308fe
42a03df8
42a5c490
422a6d9c
42a1e4aa
428ea344
4262b77c
424dda30
42f75736
41a776da
42d9dd37
4290e68e
42ebe75d
42e54312
42ef70f4
42765c76
42c61082
42a691e2
42df29e0
428f6b9d
43131188
4279415d
429fcf70
4304554b
42d68228
428690c6
42d8eb24
4232d340
42dff933
43077881
42a9d53a
4276b168
4282ff3e
42a30773
430c4dab
42f62e8e
430e6650
42b884d9
42921bbe
43136312
42de3e00
42829c24
421a5fc4
428fd5b6
4130d044
42a2cf1b
42735b5a
42d8adb8
4267e3da
42ea95c6
42cb43b0
42fbacee
429d2908
428c0cb2
42c21892
42c1cd93
425884ea
425fc957
428f2eb3
42897e34
4283fc94
427fdf6d
42aab872
4274191e
42ad0302
4292d2d6
42a8b713
42f24d7b
4271dcc2
431c725e
42ab5182
42eac008
426be1f0
42eeeadf
42a326a9
4284e6da
42e590be
4290b29a
41a0b05c
42a457d1
4303f32e
42947ebb
41fc1971
429c2879
42bf8b0c
42ae3358
428579e2
42b91a7b
42f7cc87
4286f790
42c63ced
42d668dc
415fe8dc
42e5a24c
429515a2
42dd35aa
41f8fc64
422293e0
431cf15e
4309f98a
431211b9
42d85df8
42c5c945
41fa2350
4287ac1c
426dbbaa
42bdf386
428ea3ac
42152c8e
42f83e42
42afe76c
425829cc
42d0d6db
4272dd54
430e29de
42f20c39
4224a9e0
41852b6c
42c26cd0
4314cdda
425d4b2e
429aee83
42a3303a
42fa9445
4208f2f5
42339110
42f7cbbb
42bc3b9f
42c62e86
43075c77
42b74eb4
42cc7267
4299ad40
42ccd961
422b9cfa
42b16c4a
42cb9e54
429a8e83
430b5d60
43091d93
426b7f1e
42a826a4
4336bedc
426c0564
42d46333
42dec296
42a7010a
42831ab1
433e63e4
429b4ce4
430d7fa2
42d05930
41e253c5
42619cfb
42d6b466
425feeeb
42f4f16a
42c245cd
4296fc8c
42d61113
415aca48
42dfafd2
423cedae
42fe22f6
42a2d6ed
43593c1d
41e4701c
430b151b
426875c6
4290001b
42b778fc
422b9a9a
4256ac8a
42a45dd4
42a81052
42b7326c
42b4067b
43075e4b
42d03284
42c9430c
42e4203e
429503ae
42fc57cf
43119d4c
42732fc4
42da2d9e
422451a4
4262c593
42bf5311
42fe9644
42db7144
429c9424
42d5cb3f
42e5e7e0
431be4eb
42e33982
420688bc
4300384f
430809c6
42e5b0ce
41b4e90d
42886bec
422c80c4
42a56de2
42bbefc4
4255ea58
42a34051
42be4d17
42ffb332
421279b9
42888f26
41df93db
42b3c076
42b301d6
42d955ee
425b3588
4292aeef
42f2665f
43136214
42991d48
4287004a
42c8bf07
4245e59a
42d7e2d4
42b8b94a
42f0cfe8
42e54c0a
42d1eca2
430b78d0
42a4c9e4
42f0f678
41c0fe90
429b19ee
42c48ddf
42fc865b
430401b4
4259ac77
4316045a
42df9f4c
423adeb9
43225208
42a804e3
42d4018c
42f1962e
4289f566
42c76bec
426a83aa
42d42b8e
42b60345
42814195
421b13df
42103bb0
429f3477
4247533e
42b3fda8
431f5b12
42ae4ef2
42dcd92d
426519e6
42eb9973
42cbf726
422c4d14
42ce8cf5
4221a112
42aa771c
4080acf8
4246235e
421cbd82
42b0c3ee
42182cc0
429db22e
422094fa
42b4b018
42756585
42b7291f
41c15200
42d44b6b
423ada9a
4296d9d3
42a1146e
428c1f8a
425b60f8
42deb48d
42356cf3
41bde750
42c2b3dc
4270e364
42902efc
42451c04
41d4410e
42a7ff5b
42433bb6
42c9b768
42590d07
428452d2
42898164
4274201a
416eb960
41894ebb
420373d8
420c4771
425b8588
42627a08
422f7c9b
42353dc6
42241f58
42fb456e
42966318
424d0fca
425d9602
42849ab8
420c0c06
426f641d
4233a07e
40f9d614
428b7735
425bbab0
4298af44
4297312a
424193b8
4244fcf4
428a96f4
427e08fe
429a180d
424ec2a4
42a8dbfe
429f9f5f
42ca1cd5
41a94a9d
427937f9
41bb9710
427a30a8
42f4c98a
4242c216
41c63851
425514f0
42eebda7
42664554
414f3b18
41d5b568
418f9700
428536d8
4227ab08
42289faa
42552108
42a54d64
42baa605
42b8bd6c
4185ae82
41876028
41ae121e
425a8354
42b1a672
41ff7b71
42afb1d1
4299187b
428bd4b0
42ee9593
4239539c
40aef6b2
41d9d290
41830b24
42dcf1fc
4217940c
41f19126
428e7066
424454b6
42248911
42a4047e
4292bef8
42ba2b03
4262d6a7
42677816
4149865d
42a0a5b8
42bc468f
42904332
42035a2c
42911528
425c887e
413da171
41c86fde
42d15fa0
428c85b4
42d21bac
42b3b41b
429dd9fa
425daef6
428cdffc
42b33c3e
42268d71
42f1016c
42caab54
4292beb8
42af662e
42f94a45
42e70a49
428e5e04
4322684f
4295b750
428d27e7
4316371c
42a57f43
42bf6a0e
42e5e76d
42bf4429
4303c704
43012470
429a7c6a
430bc930
42e15bb6
425f00a9
42dbf7fd
4302465a
41a9bea0
42ae78fe
4299872a
42aca7c4
4305ff6d
42bf8426
42f5008f
43263353
42164a4a
432196bd
4289940a
42ed5642
42952e06
425679a0
4206b8ab
42731540
424b5cce
42bfbee5
42d3133b
42e6d37c
429c56ac
42df2cb2
42cd406b
4268920e
4331df53
42c26e99
41218124
42735608
42162f90
428dadeb
42e29e92
42d70f63
42ffdba2
42a60285
42ddcfdc
4276d2fb
42c65ca2
42f88940
417cb7e0
43165cd8
42a1502f
42988800
419e0c85
429f6e9a
42a9105d
42bb6086
42d86148
42a5d4a3
42b6b47f
4348ae45
42bc48b0
423fd6bd
41e42974
4294524a
42eb20b6
42ba53f6
428cbade
427f2c9e
42c4834e
428fac20
42e757f0
42cfd84c
429d4b3d
42d685e4
429d74bd
42d28890
42154ccf
4300d36b
42d71cc4
4317c04b
42ad275a
42a47ab5
43109574
4245b765
42cabdf1
42d495ed
42b74be0
42c0385a
427713c3
433f1afa
424777aa
42df0d16
4300f298
42b94aca
432d6d2e
42fd2eca
42831840
42b28f91
42065836
4300299c
429711d7
42f77774
419ed0d7
42c4e799
4215dae0
42ad8494
428e86a6
431431b1
42a8e796
43076fa4
4258b9ce
42fac2db
42d2351a
4268671a
42c14804
42918808
4298f5c2
428f1ec4
42a49c46
4264a2e2
4262a2f9
428cff37
432c314d
425c8480
42f46ad4
42cfc062
42ae4bab
420b892c
4332c42b
4298f850
42eec80a
4270696c
425802f1
42e2eb22
42d29bcb
428202f9
4286c7a6
42b4e72a
4196ed54
42b98fa1
42afb578
42824982
42c1e533
4280f5e1
42c79003
4309e9df
427ac8a6
430a391e
42a0de2c
4263058e
42888eea
42486d88
4207b944
4288b0fd
42aa00fe
42bc4f62
429fb3d5
428ede76
4327de1c
42e250d6
42989df3
42c66e46
42a5181e
42f21c20
42970c96
42811c1e
4204b0e5
428f1417
42e37db1
42f3b866
430050e2
428dad82
42a36cc5
42b9a46f
42cf8789
42dfbd8c
42a732f3
42fab239
42c6f729
42c41caa
4222b6fd
423b339e
424d4c51
42c9524c
43014fe8
42aa3917
421cd2d0
42f8c9b8
43225363
4298c6e1
417f4954
425da4bc
42919494
42b8039b
4271f436
429fc0ef
42c50aba
42b27170
432a7ff6
42bffc3d
427a99b3
426dca10
42a56ecf
4303c5e9
42b4b679
42b065bc
42d9da78
4292d1be
42b065cb
42a8f7a6
42e32673
41b431ad
427ed31a
41b6bad8
42ac5fb3
42bcfd4f
424b70e2
42c39ebc
4206025d
42981311
42d35dd9
42e5b04e
42c9a0e4
4317ee3a
421c1796
42b6e323
422cbbf2
42ce0aed
42c36fb6
42b16931
424c6aba
41d84800
42377bef
41f4c64a
42dd5bba
4302b319
42597a04
42e81231
42b8a9e0
42e6b6e9
42b690ab
4256b814
4287e590
42120ad4
42d1d0b0
425326ac
42887eca
4224bcec
42706e2c
41d35bd6
429c19dd
41be7650
42d5226c
42cc277a
4287fda1
426f06c5
42706456
42a81fc4
428c3ae8
42d1751d
41cf149a
423c8c04
42c57d82
42c7a144
40e280c0
4295c16c
42b6cf43
424477fa
4204b31c
43007d8a
427617dc
4294eca8
42d4e3dc
429707d0
42cbbb7c
428cf579
411a7bd0
4267a806
42143ad1
42b79870
4292a37a
403e999c
432eb53e
423d9f78
427fbf60
417a1198
42d35593
41fb8254
4252445c
42837bd5
4280347d
42837754
40fce0d4
428be386
4132a8a0
4246b0aa
42903bc7
41b1bb88
42ab4440
42da257a
4258cdf7
420e8030
42cb5dd4
42b8fb1c
4226a0dc
4199db76
42bc8cd6
429ee876
40bc8710
41fc73d0
424162ac
41c06fc0
42f63d9f
425ecc3e
42b619bd
4273f955
42ee26b0
426d92e0
410f7670
3fd79ab0
427da4e0
428d9568
42268445
422b24ab
42950020
42b9bd7c
42a416f3
42f6ab4f
42ac5878
42882184
42903b56
429069a2
43099ac4
41b2337e
4287e856
42278928
42986584
430c0ac6
42d93c04
412d9af0
41fbd203
42624dc0
4306cc4e
4201eb52
421f86d5
4285c348
41c4d47c
41b94ecb
425c5a3f
421a3070
4229122d
428402c4
42c03c68
40ee6d90
428fd3a0
42075524
4204ad2a
41ba99a0
4280d7dd
423263b2
407222e4
41926a39
428cf952
42caadeb
42636f6c
42e13f56
4241445a
419e5a0c
42ccd55c
42addb21
426a5040
4231cb3e
427f4cfe
42bbb343
4251acf2
42ca7164
41e553b7
424c5bac
42a05522
425892cc
41e2f2c0
42611734
42485a20
42e2dcb0
417133c4
42c16743
41bc4ca8
42e2bb26
41c2b78c
41663fc0
425b6970
41582700
42748f08
4226b7e8
4281c469
426f16e8
4046ee00
4304f4e6
422b6339
428f7a7c
4219dfca
42a1a7b2
4235d3d9
42c45d6e
41b8a834
428be04a
4290020a
4259297b
428636de
402376ba
42b3d5f4
426c02a6
42ba7cc4
4273f278
4193b0a0
422d79a4
4202cfcb
42c16514
42e50244
42679900
4107ef78
42d9ec42
41b7a520
41583a9c
40d44090
429f5a1c
42102afa
429b1ffc
42823170
41f7fdec
42b20158
414a11a0
41b8b655
42a77e8e
422c0d6c
4293ddce
4180a5e0
4256bfe0
42116228
41815440
42c3fa7c
42020654
42a42e9a
429e5e7a
41e277a0
412de040
41df0888
40d3d460
421d9752
42008fe0
4260ca48
41e3f4c8
42b28bea
4257c4ac
409a4568
4287c384
4271a320
42a22710
4124af54
42448ec8
428b3f3a
42a8529e
4296fb78
41ee5790
42b95449
42b34dd9
4291999e
41f80860
428b4d0e
428763e3
42f9e316
42c5ef1c
4225f078
4302fb22
424cf4fc
4241081e
42314696
4263c27c
42e6c9be
41b6f1c8
428eefbc
41fbd6e0
4190ee2c
410c6a80
419131f0
421bf0b8
418f1ad8
421d0cc1
41e82ffa
41f707ac
410a4100
42f3a9c4
425aa714
429262ee
41e841a8
4261de84
422ca178
424f950a
42ba5bae
412a0680
4283df44
42129b7e
424f71f6
41c7fb20
420fc795
4277aa38
42cabc86
41b468e0
42d63ac0
41df42e8
4229e164
40cc7130
429c5327
41c46fb4
41c2bbd8
42c016dc
420c5bb4
426873b6
42a0ab7e
413cdac0
42b4c2c4
42078230
4282ef96
424a2da0
423f1c4a
4279d77f
4235cab3
424e35b0
4280a78c
42256184
422a2c72
421d4860
41cfb0dc
415c1450
40da30a0
42187f88
412ef67b
41c4bf7e
41f1fd10
425e8b6c
41943348
42297468
421b35b2
42517385
412837ec
42689d10
420eb05f
429cc022
42af75ec
41c3a418
4226e83e
3f689400
40b13088
4247ef30
42781d08
40a94c00
42396e2c
42ad328e
42377f37
42276250
41ef0009
424543ea
41dca9e0
42abbcc1
41e716ec
42755660
421be174
40fc21c0
4234ca48
41e1b578
41749918
42013f38
4275466c
42174c0c
41b82490
417e2d40
4216f6c0
414a5c40
420a19c0
424c90f6
42c33c22
42019008
42450888
41d6f5f0
41b00ea9
41f494c0
41f73bc5
42b15438
42538a3a
41f9e35e
42c2db4c
421d1110
42c40df1
424277a0
41dc7eb8
409e5618
422812d8
4202e23c
4287d0d2
412e9898
4195b308
41c9ffc3
42a941b3
407b71d0
422db87c
425d9068
424eb2f3
42611550
41b0782c
3fe21420
428200e4
42511229
41523610
42133be0
42370904
4235d44c
423e23ab
41b7b734
42c574f4
420f69e8
41ef1298
421ead2a
427b38a8
426db728
41f9ca80
425f9140
41f10810
421f9ebe
41330c40
400eb400
411ee5d8
41bf85e2
40c00eab
41642250
421b5879
411cbe6c
41358308
41b31266
40bee060
3fe1f6a8
41e1e72c
40f07924
42318c85
3f9ea0c0
3f47eec0
3f3bb7e0
41d1e3dc
414ebe4c
415bdfc8
417c2f2c
407f2d00
41d81302
3ff72276
414d7d38
416b0daa
41a1cc64
411eb456
42912eb2
418cdccc
418dd1f4
41b5245b
41ad95a2
41a30b9a
41002b38
408d9318
41c44b38
40b27740
419a2471
411ee5d9
41cb6f63
40c819b0
418e9407
41e06a06
418e2a8d
419fe99c
40ba6972
41076dc8
40c83f48
41454eba
41226362
41280204
41528868
41c50d0d
415536d0
40a7e63c
4152e94a
41c235c0
41cdb58c
41e3998a
4144b15e
416cdcf8
411e06e0
41c416ba
41e10720
409378d4
4191f87c
41c2882c
41bb115a
41a7f3ce
41e8dd25
41107374
41ad97ba
4112e161
412f6c4c
40cb28e8
41eff1f8
41978460
41e95be2
41610230
418c5d3a
41cb72ac
40178860
40fbe240
421a50ba
409144c7
4139cc5e
40ec35dc
421a3fc1
416f1804
414d2a6d
41495e32
4180330a
40f263c0
40875e60
4113aeac
412c01a4
400ad430
41b835dc
4117c289
414547a8
412f2a72
41cba30b
41f0f016
41706200
411b8d56
41636d0c
40eeb160
41facd4b
416b2ec8
413e6024
413f1424
41e6cc76
3facd7a0
41999b4d
41f86861
419b8ee1
41332540
4211ebd0
4178ead0
41108a14
415e2b74
4109f729
410ee398
41816786
40f8eb88
417d273e
42988620
420b3d00
42792f68
42506024
42b0a3cb
41268af8
425b611a
426f8380
42301914
42c8758e
41272818
4243a23f
41bc94d6
42811080
41f7e6bb
42cb4530
41b4e728
42c575b0
424453b8
4220017a
42244246
4286f955
42327349
4218f23c
41e2eede
42dfd50a
423c7ff7
42b29fc3
427309a0
424c0484
41a9f22c
42116534
4236edf9
421b863d
4189a83d
42a460d9
420ce7dd
422c0e70
421360b6
42be9f04
42982eae
422ff24a
419d3688
41b6ff2a
4269aa18
4246f743
429a80a6
4262a390
4130faa8
423c58d6
417fefc7
42548496
41de3ffa
42348e00
4288b06a
4143c358
428ccb35
428e0c35
420e0397
428d60c7
40b7e3a3
4232e6d9
41d45a77
42411446
4178a597
4283ce2f
428af1cc
4238eae8
4215bceb
41f26b6a
42896f64
42882f29
4197e51c
420f99ee
4119afe4
4182fbe3
429e2634
41b4883a
413d2b27
42075ef0
42bf8022
42754b11
42328a63
42845a1a
424329c2
428fec86
41873119
426b2d21
4230f42c
41570d70
42670ab0
42b097f4
428863e4
4292bb35
4299a45e
412ae8c2
41c3da2d
4283aa79
42858ec8
41a50ef4
41bd6391
429cc6fe
426cdf6a
417b3010
4266449c
425028f4
4268a74d
422d0166
421aa5fe
4109f261
41450179
4283fd4d
42302ea8
420a4424
421465d3
428142d1
41e894c5
4155eb37
42304533
426c21a6
40bb2b71
429144bc
4142b29e
418d46b5
4274919a
420304b9
4260f8c2
425aeb40
427da908
425a9fca
4285f856
42c9bf84
426850a9
424018c0
4309ec25
4255659f
42ca72b8
42b5b95c
428d640a
42568d72
429fed9c
42d45253
42a76f84
42db2d3f
42d36072
42a62682
4309270a
42361550
42302e60
4301034a
42b040ec
43032373
41d7a7e2
4279f7fe
42ee905e
4281dae8
4266ac5c
42b7591c
4290b544
42badf4f
420c3d08
4274635a
41460368
4247fab4
42662a7b
40ec00e4
42bf791d
42828ce5
43051ba5
4265c2f0
42ab6dd2
42f4d43e
42870ba2
42bcffd6
43244544
420e42bc
4139e3cc
42ad490a
418202a2
42719699
42716c16
42e73f62
42867d02
428e992c
43074da4
42cb01ee
423b2362
42718eec
41952a20
42d98300
42cc172b
42d940ab
41991936
42477a2a
3ff60d00
41beadc0
4319b954
421e6694
42cfecdd
43183380
4281f160
4285c044
421ccb68
4102f890
4220c818
429840cc
4218c2a8
419d2edc
42871a5a
42d435b6
42c5152c
4303f56d
422b0c85
428c0d30
428d906c
41cfdad0
431c3fd5
41e90706
419bef60
42d6d2da
42bc6fb3
4335baa4
424d7630
41e49e50
42fb96a5
4275fa40
433ed0ab
4232bb8c
4225a89c
430386db
428db376
429460ba
42a939cf
42fe8bd4
43192895
42934e15
428f3e4e
421375d4
4252b020
42d3d946
42f5bc6c
4200ade8
42493754
4209efc4
406e45a4
424b7815
4239db9a
42b73c26
42bcb582
42d0df60
42212ef7
4297bf55
4298b4e8
42a89628
42f4afc0
42bf9397
42e36282
42c2d0a4
42bbfdb7
42eac8a4
42f3fff7
4262d458
4307e32b
42a74158
42801ed0
4315898a
42a4dc70
42de079f
42bc858a
42ee6ce6
42db302a
43064e20
4257624e
42f63be0
42b152a0
42b0b394
42993b98
42dd5830
419a3ee0
42b841b0
42826261
42fa168a
42e6660c
42b92ef0
42b378e2
42ee489e
42805e16
4324ed4c
42c36ce7
429aad7e
428d1ea8
42a2fa95
42a792b2
4166f633
42d179c0
42ba96fc
42ffdd96
429c8228
42e2a643
42b8714a
42b952f1
43045cd5
431a047a
42e80842
41f1f204
42c76d40
41d47604
42eb899a
42a05cf4
4304a907
430281d9
42a41185
42e81d78
429a2e17
43009d54
42ca1308
42963ae9
4309562c
42acf62c
42f3e342
4047a220
42dde496
42b6739c
42569220
43131f18
429c742a
42a2c4b0
43064c08
42f47254
429ef7d8
4192f5e0
41fc3668
42c44484
421aca26
42690910
428eeefe
430748b6
42f43b68
42983fd5
42fc7671
42a3ba6b
42ddf764
42210c8b
42c959e8
42a77669
42c5512b
430ef1b6
42ae8e0c
42a62664
42e434f9
4315079d
423c8d9d
42851180
429efb98
43028c9e
42c4521d
427a8109
433c54c2
4239aa86
425586d3
42d58906
42c8dd10
4333f6fa
429fee96
42ab7c31
42862a16
4257037c
42c48876
42975b64
42a0b076
42708cd4
42a6a492
4155d471
41c58b87
42ac482c
432897f0
42d24e84
43149e4e
42c6bf6e
42b289b8
42cdcea0
42a1cf62
42fad744
426e2845
432023fb
4262542a
4267e320
425b1e2c
42a764c1
42b8dc34
42e81b68
419d3520
42e8c604
426d5384
43131a18
4269e818
42c6fac2
428a16a8
42b47657
433ec74d
42875201
42b55a94
430754ff
428161ae
42e72b4d
42f41be1
42b8cabc
42057f98
42910393
42632935
42ea951e
42c3711d
4302c932
42c35c1a
4288c442
4296dc2a
420a3060
4254172a
40fe6058
42480eb8
41d30a46
4218561a
4285c808
42533bc7
424ae592
42bbafc0
426fca42
429b851e
40ac28a0
428bfd59
42d8e61f
42c1b31c
42627c48
4203d556
41fbc360
4171ac40
42b83118
422cfe08
42bcd285
4285a153
425f6052
4282fb26
4290693a
4293db21
40efa020
42c3190a
42bbc16c
42ccc1c2
424a530b
42eae74b
422b38d9
425f6bc5
42c8f426
42945900
428efbb8
42cb5134
42f538a2
427f56a4
424eb694
42579eea
4263271c
421fa461
42a6c78f
42990764
42dbd54c
4211187a
429e7bdc
42ceedc2
42aeb019
42f7fd3d
4255e8ec
42d69e43
42a04db1
4296a8c0
4312c98c
43046de2
4307858b
42b792ea
42abeb28
41d25ec0
42940b7e
42ea3d85
42f86d50
41b43a86
428f6e1d
4300f34b
42a56301
429dcce4
42c66b54
4299a3ea
42c764fa
42c3a638
42a5923f
40b3a978
42d5b27c
42b701be
4228f0d4
4255ef94
419e6894
43054ba5
411f32b7
420bb50f
42c57477
42bb3ec7
430ae58c
42cb014b
42cf339a
42bd34c7
42bb235e
4309a9b6
4290e388
42a5f8d1
42ad03c0
4210d05e
429797e4
4269b3a8
42a0b9a2
43038b1a
42fc08fc
429a90f6
42eabb9c
42c11999
42bd1d60
42900dae
42d4f6b8
42908a41
42ef2a68
42f48fee
4301bbd3
42ac1c32
4315e028
42941e60
42e86fa8
431a038e
424f2298
428ede28
42e78dc6
42b322e8
43372b2c
428217ca
432e9d7a
42c06498
42b194e6
431ccf7a
42dfff9c
42fa79f0
423f6bd8
42c3fb44
40aec702
42180154
42c495a4
428403a2
42b6383c
42978974
42cd0bb0
43033114
42a6bf16
42883f3c
4311e9a8
42378740
41afd4a0
41fce648
423c3d58
422be9c4
42d6d6d4
41c55560
42ef55fa
42f4b00a
42da3c0e
421ef320
426c007f
42dc6c60
4262acbb
42d1fc48
42da6f14
42c75448
42602a38
427d57f6
42af5590
4278b024
430dfef4
428b16e8
422e9578
432ce850
42fbeb13
42742de0
4113b1c0
42e0d37a
4305d5ac
42cb9d44
42843bd4
429273b8
4300d37e
4261b5e4
429e75e6
42f3a61c
41a9d900
42cbaeee
4329b9ef
428304d8
427864f9
422d6dfc
42da14f0
4305eb67
4278d94e
42f98b6a
42c1931e
41e344d0
431e3845
4267bb38
42dfdbea
42339650
424a52b0
43078684
417d6360
42a49954
42b82fa4
42942228
432e155a
42d40520
428371b0
421b9548
42bbf2b8
4306a4e0
42832452
42cf4f38
42a52010
42a3bd26
40f88d86
428187ec
42edc31c
42b05660
42c81d48
430fda53
42a173c0
42efdbf4
428ce130
42b640a4
42661668
42619198
430afb2c
42c5d1ce
42f39b11
42a4dfe0
4299b54b
42b99bb4
43200d3e
427c35e0
42f2e4f8
4315138c
42ac5048
427c29dc
42edcb18
42ee8b2c
42ee3ba8
430b9a98
428fe8e2
432295fe
42e42ed0
42d4f110
42b2ab0c
430b2810
426da91a
4284a94c
42b4b8ce
4308df52
4300751d
4303578e
42f19f36
430097c9
4282c095
42f2be16
42ab8a90
4294e34a
420d0404
42ec0e34
425617dd
4110c250
42e4d918
4300f4ea
42e96d04
42bfb598
42f61f5c
42edf3fe
429eab72
42ecf462
43096c8a
430db802
41b46e16
42a59ee8
423719a0
42a81266
4309ea78
42b88bcc
4310ff6b
429c4252
42f96d22
42c8595e
42b954ba
42eee5b0
424daa36
42f04e2b
42f74484
42e41073
41fd9f80
42d5bfe2
42953c7c
419b4110
4306dc32
42b36b9a
42e7827c
431fe3bd
42f85106
42ce42f0
41f35a48
4204c20c
42e78a81
4277b54c
428f7c10
42bad999
4308f0e9
429da58a
4312fd19
4310c213
42ebde38
431d3b9e
42c6b3a0
42feccb0
42e79194
426c4444
42e53890
43040a14
42fd45b4
43028fed
431056fa
4205e300
42c5c7e8
42d3eeb5
43093ca8
42626e18
423dfcfc
43170734
427f69ac
4283110b
42e4e9d4
42e6d916
42d7f788
43201d89
42937cae
428d6e88
428cf9d2
43008388
42bd4702
42876700
423089a8
42ae3d92
41e8701d
41eaeeac
42be070c
42f876a8
427fd434
430e3622
42b2e76c
42dd90fc
42e81cec
42a5a620
42dafd64
41830f66
41c55fa3
41e8c882
417f20cc
413e2b46
40a9ee6a
3fe5fd00
4210ece8
41b7eac2
41a0d61b
4151d55c
40a80080
414fa348
41e61242
400dbd20
40c0bc70
3fa08380
41a3683b
4237a810
414e970c
40010670
418c424c
419ad7dc
41e6c490
4204e4ac
40e66370
406c6140
40dc4102
41c7efd4
41057409
408dd9c8
410331c8
41a02704
4141436e
4199d5c6
41357e20
41a7295c
41b516f6
40669b90
41509970
4179a81a
41b6a520
4191035c
412c3cc0
41d7bd51
404d20a0
41a3f2e4
41ff9d33
4134f768
418132d2
41b55d0c
4165a140
4065bcbc
41a4ca8b
4267662a
416d1d0c
40ed5728
41ccced3
41f46b12
41848e17
413df4d8
400bfe00
4180789a
3fdfb1a0
4154220d
4181d970
410e1b88
409b4e20
41f730a2
41d3ff86
411e1c10
40719800
42197f87
418de518
40d73968
40abb888
41888074
4152f8d2
40ec93f0
402c15d0
409fd4c0
41c9b58c
41aafa8e
4215042a
419b0b34
4119fbb2
40b3ade0
415f34ff
4137c0b8
419e9788
420879ac
40167bc0
3fb0de60
419d2068
4111a778
415b7c80
40f2aa38
4168c730
404dc008
4153f072
41afbfe8
416c33ee
41d8b894
41ab04ae
419390a0
4143d9c4
41db9256
41d6cf7b
41495c58
41b813ad
4205ed2c
41db204c
418a1bd0
42137d53
41b193ba
414800ae
41d136f0
405c3886
40a7a53e
40476870
41b5133a
40c4a860
410411a4
40b48f00
4238e137
41050d94
414a0ca2
42508497
4297e867
4309e531
422d12d4
42c5d2bc
42ca57f0
431babae
418f3c60
42d96094
42731054
42be2df4
43268378
4274b8e8
42914bfb
42d6ad92
4282383a
42c240a4
430e7391
41c1aab8
42bcacc8
42e3ba88
42aa4f58
4268f1f0
42c91aa0
429dc688
42b8b3f8
42516cc0
430a746e
42669a18
42f907ae
43081120
43067c8b
426ec39e
42b352ac
423b8033
427e10ea
427d8e4f
42b02794
42915e95
424e2f2c
42c8a848
42bcc20c
429da640
4288f88a
42e19e0e
42254bcc
42e09805
4256bda8
42dccf40
42cc8fec
4232cf40
4299375a
40ef9640
42c1e470
426a2a70
42aadb20
4302c2ac
428a28c1
427c59ce
42986f49
42fb14c0
431c49ae
4186668c
42867310
429a427f
42bce764
418a1fc8
42a139f0
42cd5254
42cc4bb4
42dcba90
42ada560
429e6e95
42bc7e8c
42f690b6
42302030
4119c040
41e67870
42c9f90c
42b39bec
4251d770
428f04c4
42be5976
430947f0
42c597df
42b6e536
429090ae
427edd90
41b78170
42e53622
429ec5d4
42c09e6e
43039c5a
42d4b144
42c353f6
42fd22ba
431e9f60
412b7768
41688720
42b0abd5
42daeb8c
429b93c2
425e263d
42ee08c4
42b90f54
41bda834
4302795b
42692a70
42bd52b8
42a033c0
42cfc342
419745b4
428cd120
42bef275
422e0286
428d8b0d
4294bfc1
42b4c918
422e63e4
4257c894
42d82062
4306d6c0
429bdbc8
430b1782
427acb50
42063f20
430de312
428ff3b8
42849a44
4191e8d8
429ca216
42b50e8c
42908090
4242698b
4218fd3f
426bcf94
42a2772e
40d5b138
422b4b61
42c1233e
415b2ed6
4244d06e
42926b96
41dca196
41bd3919
42ac82aa
41083109
426b8ea9
414638f0
42a63173
42a2a41e
425c7f6b
41f29b6c
425d4aec
4251cf50
42dbc583
41ee89a1
42d9a358
402bcd60
428fca05
41862bf8
42842222
4237d3d2
419b5010
4232b378
42b176ce
42400829
41c8156e
428be5e2
42bef7bf
42b13917
4268637c
424b1f32
4272404f
42264e66
42eb2548
42710b92
432003e7
421d137b
42733097
422ea5a9
4268ccd2
41df29b1
426545f5
4285880e
4169a2bc
4238d87d
4235373f
421f0ed3
42b68822
4297b28d
42014ab4
425ccd1e
42386c98
4264ae22
42aab791
428ea15a
4219beae
425646fc
42bde053
41cadaea
4282a15e
4297c70c
4263648e
40f67ec6
42063b48
42aa2e93
41bf3731
41ae7fd0
42d7c922
42f00ece
42a324a3
4242910e
41c4d7ba
4286efef
4315f6c8
426e8afe
42eb4ec0
41ec6dd6
422ef542
42aeaeb6
4218f5a6
42c36db9
42257b0b
431186a1
418e5ac0
421b8342
428e32cd
41f6a7a2
422e721f
4248ec74
4293c2d0
428ad0b6
41c0bc44
425942ea
4263f0ed
41be9bda
42e2f4d6
421ea1e3
418c600d
41685988
4219f468
41e6770a
419d49dd
40bc1210
4230e49d
4206262f
417cc890
4152bc84
42a1ecdc
410dd158
42b9ba09
42955761
418aa228
42aee7e2
41ae0e13
42961a84
42cdc2a3
42ace69e
42907a5b
42b922c6
42df06a2
4262c9ef
42cd523f
43359c60
4223c54e
42fb7ed6
42bdd63e
42b70e2c
424b4790
42cdb0da
42c99032
4305e6a4
42ec03cc
42f10b81
42768bf4
430f3986
4287854c
42e69a62
42b7edab
4270c5a1
42d4d1d1
42a341d3
4287a2dd
4317a1cf
427fc399
42e3aa50
4315ca66
42a468bd
43193888
42308eb0
42d61b04
427bda4c
427b0be8
412d8f52
42330ce4
430c115d
41d8090c
42c3d98d
429d2f77
42b9d4c6
42e734c2
4274f55e
42a6d267
431807bc
4296ba5e
421c36e4
4211446a
425c0436
42114b9c
429a4583
426ccd52
42eccf78
42d9c32c
42fdacc0
4267f7c8
42b80645
42b3c56a
423aac32
42e6a787
42c25456
42e361ca
4208136a
4247e2a5
42763ecb
4237ed06
43099060
4276d5be
42a7b60a
432b9918
42dc4652
42936ad7
41f310cb
42612f07
42cdc4f1
42b700c7
428859ee
426bccd6
42acbda2
42a2d436
425adc40
43001db1
422042c6
42a8c550
42fe757c
428349d9
42cd5696
429da9d1
42caafa5
42a4471e
42a1b1b6
4304ba2c
42b8f551
4227e176
43305310
42908266
4311a2eb
4268cb1b
42716352
4300c414
424a14bb
427cdb91
42bd8932
42b7ae03
433f9486
42ba7470
42623972
4231412a
42e493a1
42f00e05
422558c0
42ac4da4
42856af2
426bc962
41c5f534
426f5fed
42c5543a
42d82658
42f1b97b
42ef9d33
42bafb7c
42bb5c58
429dea1c
42b8c175
42993f41
423a8da4
43047f70
4246797f
42a5f4ac
4200fa94
4294db34
42819d20
42b6fd1d
423e1910
42bfd62f
42c79655
42bd4546
4255c804
42c668d2
429ca848
42be68f4
42d46563
4240a81e
42949295
42cca758
428b664b
422c4fe8
4294006c
427eb21c
41c03870
42af392f
43014ea8
42913cc4
42b9a125
43190911
42d53481
427c1b71
42b7ed56
42844f9f
4240ac03
42721bc2
42cd99b5
42029a6a
422d8688
42ce9832
42a4ca95
4232cf7a
4293d217
430d2a19
4234de74
4271abf5
42913d02
42505270
42b96655
4250067e
426557c8
41c2d0c6
4259538e
42adb36c
42137910
42f9ae9f
42ab6050
41cba718
421de03d
42cac336
42db331b
42749cb8
4290e21f
42b94855
42aa2d52
4240e8f4
428893f5
42974607
42811598
42d72c9b
4295852c
427d0598
429311be
43075846
426c0412
4116bf80
4215ff66
4278f554
42a2856e
4299af5a
42a01288
42c1b6ce
423e0a9b
42d0d7a0
42e44122
42aa7c21
42776958
4240f25a
42f65304
428ef3b3
4289c61e
4306bfbb
4292a085
42c5174b
42c235e6
42da325c
40557190
41aadb94
4243f773
42ab2b56
42878168
420862c6
42a574bc
420543a4
4267cee0
42ade479
42813dcc
424fec6a
42d2d29f
426eef61
421fbc02
429766e3
42a6399c
41e9d7f2
428647ae
4282c58b
4296c19e
420d8d56
41d3f2e5
42ec31ea
42e978ab
42468c28
42dbf4f6
42b8aeba
427ed2ec
42b2bd78
42a1b720
41486360
42893f0b
41ec7370
42824191
428045dd
429e9a2d
42331f62
41d17d60
4302ecb6
40d42ff0
4221e3a2
42c06d9a
40c07b40
4102048c
4291768e
422e743c
42859c22
41a36c78
420fcdf1
42b9c080
41af7f98
42375bcc
425504f8
41aa00f0
4211c412
4298ac47
424a5e00
40f0c840
4275c6c4
42155ca0
4139b301
42a5646e
411e7bf0
42bc7994
4194cae4
41c31b3c
422ba909
4107ddf0
41d1ea5f
420ff82a
420aabfc
4224163c
42440368
42346780
4276e9ec
42a35ee7
421ad92a
426c80da
42944ffd
42d47392
421d2fac
418ec930
4230dd88
428de980
422821d2
42c36699
429b4948
402396c0
429757ef
424333ac
42581fe9
428ee412
4208c6b9
42b1838a
419d1010
42578103
41990d60
424170a0
42230444
425b47dc
4255806e
426ea410
42135280
42d088c6
4247abe8
4282cdfe
41316450
41a0ee78
42430db8
4151fe20
413b2f10
425ede88
420d9768
425999d0
42771a0c
4214043c
422920ec
423bfa10
41ec6580
42a21b40
41a2f558
428d8ab7
424fa1e8
41a24e90
42280e50
41ca56ee
42b510e4
422c1993
42536ea4
4207f298
41d26c0c
42141e14
4184bb3c
4287c568
426aab14
412a511a
42443992
42789a68
42be9a63
42bbd6c7
40366820
425cfb1b
41d2f3e0
42910cce
41abe2f8
425feea4
40dc10c0
41cff8b4
41fd2640
411d0514
42058120
42829456
42040d00
426a6270
427ad5ae
425873af
42670dec
40d2d410
426a3b3c
420f3aa9
4304b4a7
4243745f
42a9b994
424271f0
42966cfc
4284947a
42aeacd2
416dca84
42c5295b
428ebdd4
42cae546
4276df6c
42e14dab
4254770c
428a2739
430b5666
419f27d2
421e43d5
42a837f2
42b4264c
42983ebe
42bc1188
42beea01
4223e168
41cdc606
42bffcce
42749612
42d4c540
42a4f279
42aa4721
4294455e
42a2e2c8
4221e0bb
41e27e40
41af5e38
4281f766
42759b9b
41d62a71
42de5fb1
4272da94
42460afe
428bbd39
429c2467
42617a6d
420a1f71
42a1b326
426d2328
42f16eb8
42457c59
428378c5
41a22d9a
424d0255
42853918
4227afec
428eb249
4282eb68
4250a9ad
42832e9c
42ced06c
42b6d74c
42497ddc
426c6f24
42cf3044
42cb374d
41e03f48
42c74676
423bba68
422bd3a1
42b318c6
426f5c06
423dd92a
419c25d0
43089cb4
4281630c
423805db
41b3a4f0
42731492
41cefa18
42805c44
428cb1d6
42cbb66b
42b68cdc
42a27636
42b1acf5
428b42ec
42ef13d0
42365bb8
42ca9285
42b5c266
420074c5
42feaa0e
4295453a
43018bec
42b304e8
42d5264c
4194d7f2
41899d48
42a8dac7
42dcbfb6
420feb62
4253dcf6
42b878ef
42a2afbe
40ef6f29
42a70411
42167ca5
42447df5
42a1f64e
429f5bd6
410e2d7e
42af611e
426c9e6a
4222588a
41674c58
4240fbbe
42aef22c
413face2
40cbc9ea
42a91517
42cb0ed6
42c27fc2
42d87494
42a9c4a6
423fffb0
42bda490
42ce627f
428e669e
429198a3
4321d504
429f8e9a
42972c8e
42be7008
4301382a
4283b54a
43058349
41afe7e8
429f244c
42e52c9a
42e2b28e
428aa06d
429ce060
42b89778
42a6e103
43447ea7
429c53b0
42fc85f4
42c1b7c8
42a50540
42ea85e0
42e97f58
4274ef20
42815370
429e3d1c
42792a7c
4307c478
43005907
429c500a
42db3475
424591b6
42c43ace
42325d73
424aa5b4
40b3dc00
428c3168
4209d009
410be9ce
428e1700
42a3f241
42d3b5b8
42cd3634
423685fd
42a9e336
41c7df60
42d8aeb0
430c9ba9
43076af0
4202474e
41f19520
4254efc7
428b0e74
42865a0e
42932036
42d17cfd
41eb41b0
42bb0270
4295f6ac
42541478
42d03e8c
40d75e20
42f828ac
42740c40
42b8b114
425955d7
4313bf40
42a33c50
421100d8
42b9e1d8
42ca0ca4
42a55edf
430d01ee
42bfecc8
42c1e3d0
422073c0
421794d2
42b5feac
4198066c
422f47ac
42cb3576
4305e4ea
429c4544
4242c170
42e9e264
42aeeea6
4328e42a
422e3a1e
42f24190
42627b30
42917a0d
4314c327
430b7df8
430991f6
42c76d6a
430a3bc4
423fc6b0
42af3425
430410e8
42d4cad4
41c78c9e
42ae7136
431d1d4c
42e3e71a
4268c92e
42c68ae1
42cb3cf6
4312390d
42df98d5
426dabc2
401ad998
42ab1510
42f4c49b
423846e0
426eaf5c
418471bc
431b77fa
4185bdf4
421f132b
427e6f2b
42d66b7a
42f15f64
42ff6f85
42e74562
424f8f18
42e8cf58
42f71b54
42c3fb04
4271997e
42b0ea94
41c2e4c0
427e86db
42867ce8
429d430b
42010388
42aec682
42312cf8
420c4200
42a01d5e
42adf804
428b2a28
42ad757f
429ed943
429d0ff4
42b64c24
427e19da
42abed1a
429d4198
41953800
41d5b2c0
42caaf28
4267b32b
42337f4c
41855a9d
424f7510
429795b3
4293ffd8
4288033a
42b88f22
41c15e24
42bae55b
421b0650
41ff9cb0
41a0eba4
41b71df8
423fe11c
425d88ae
410a5e40
42a22eee
42590c36
42d448ce
428b6630
42a2ed40
4269f307
421a7e76
42c65a84
42684666
411ae128
428ccece
416a2cc2
427b2020
429c8b3c
42bf2a10
425519a8
42163468
42636304
426f577e
42841228
428fd645
41bbc370
42fdf9c4
42a18294
42871146
41ade7db
429fb9b4
40d1d9e0
4193ece0
4299b906
41f79848
429ceeb6
42a9698d
426bda58
422c5bd8
4230de62
409e6440
40990090
425c2b28
427f6250
419efda4
421bc424
4205a58c
42fb095b
42ced49a
428b8141
4260ffd0
40d84a02
4292160a
425a6a03
42601efe
4250b6b8
42f1cde9
42e278cd
429c93ca
425e0048
41fb6864
40018580
4285b0db
42bc92b6
426c24f8
41429d40
43026fe2
428bf630
42c7c003
42a36a67
4295104a
42a159bc
42b09fe6
42070d68
4260a216
414f8520
42c0ba7a
42aaf24e
42463180
4135c3d0
42a73a6e
41a53acf
421717f9
4230b724
42d81378
42614828
429c20ee
41f0f744
42b5e8b9
426979e8
42820b88
4265bc48
429547c8
42d025fa
42cf7066
4299a902
427c19b4
4207f316
4304cdde
4307187c
421494cb
429ce872
42a751f8
42c08848
426aeb40
4303715b
4256272c
42cf1e2e
42b8dd78
42768643
4254b150
42a93876
42969689
42f23708
4299a00c
411aa578
42818efe
4303ac29
42b4dd7e
42c9fec2
42abf62a
42cdfe84
43047e84
42197c87
430f987d
42d20c2a
42710726
42e89f57
42b279de
4128d55e
426c5e52
42a9df84
428e441f
42acc2ee
42beb8e4
4311ece0
42d9112f
425170e4
430c4cbe
42bc07b8
43128692
42b91d42
42607c9c
428606bc
424c2d50
42959224
429488de
43035e7c
42a4bfa4
422269d6
41be3c62
42a14600
42c28e2f
4301fca4
42d4d402
42c4c9da
42b7deb0
42d42a1c
42af3bc2
42a9531e
430053c1
43049da8
42faaeb8
41499590
430592cf
431aeb7a
4281216e
41676768
42d8208a
42af2b4d
426326ac
42acbd98
4309be39
42ff5e74
4261263c
42827023
42817b92
42700dc8
42f4bc4c
42bf99d0
43090034
41e338cc
42fac568
43273e6d
424a1e12
42aee7ac
427a6a83
430f0ed4
419e17fc
42e26bd8
4241cfd2
4263b5b0
42d5aaee
428d9280
42f1363d
41c6c2fc
424c4d3c
42c57850
42c7d75c
42eac068
430ea08f
4245dda4
429c2ac6
429b578c
42b203e6
41ed54d0
42abbbe8
42135db0
42547dfa
4217a73a
421fc396
42b7110a
43000a24
42bf6863
42f42972
43199972
42c55e14
42ab3cee
42773b42
4247ac25
41e395da
42f872ef
41cd27ad
42a76f8d
4244a58e
4287ff85
42ef9877
42df04a2
42962cda
42fe175a
42321ebf
42f58348
42122b49
42e062e5
429b6891
42afffaf
430e607e
4301ec6a
4285128e
432529a1
41a7288c
42b5b8f6
42fb5e96
42d9d290
428cca54
42b5edf4
42b1852d
42f816e0
42accf94
431e652a
429204d2
4281246e
42a86aea
42d78c05
41f3656a
4187571b
42acc4ad
410db72e
4245b91f
42329144
42a549f6
42848ce5
42c756ba
430152a6
42e5aad3
42263d3e
42c36022
42d0f5fa
423a41b7
42bb0a71
4285ce73
4253eb70
421d20be
42541181
4298db15
42ceda73
4271a3d2
4292b927
42c989c6
425e2b5a
4279778f
428d3327
42fa7b20
42e0c856
4315c355
423550bc
42d608fb
420ccbc6
4124cea7
4311c611
42325074
42438bc8
42b1f3a0
42da8244
427f67a1
41cd3487
421a3538
41e4a5aa
42933ba2
42b9eca3
42852b4e
42e1afda
422b0f0d
42b0a122
42efe486
41bcf3ae
42472284
4236f4d4
4295ae36
42ce006f
42258404
4308250e
42f099ca
4305c5fd
431a0c4b
418bf59d
401b6fd6
42c6dafe
42265a37
4321a2e9
424c13ea
41b6e750
42d1fec1
42a55fa2
428bcaa6
42ced9a6
42ee4a0a
4305535d
429c5ede
425d99a9
42037915
42f25136
430d710d
429e4af9
424a62f9
42be50b5
42a55760
41f357d1
41c9f729
43191f41
4295c266
42e6518d
42bc186a
42e3ba28
42e1263f
423d0bf9
42ee1cab
421f90bf
42d37540
42eec782
42919fed
427f2565
42d16a24
42d2537a
424b5dc3
43005e29
4275ede0
42911fe6
42dd162b
42ace181
42ce5c48
4277a664
42bd1d81
42cff957
43373a1e
4252e146
42b4bb00
42f71b30
423f86bc
42dad227
42ad4ec7
428c0598
429d8d3e
425c4c4c
42f5d36a
42b03125
429d2ef7
42c0de77
430d7a0b
4221a448
42e26c12
41e831f2
42a5486c
421b22f8
427e56fc
425f3517
41a09529
427bbe4c
4264f904
42c1f97b
42c9d6a2
42001d42
423f30e4
42416c70
429d2056
431b0ddc
42af0d6a
421cb1d0
427ff214
41844186
421d8b1c
4240eaf8
42a2869c
42d76a96
428fadb2
42a11bdb
428b28ea
42c4c741
42a5eb81
41a3c7e1
42ad21a9
42966319
42b93760
411afe6a
42b9c61a
428da421
41c04d6a
429edfe4
422e07ac
42c8ea7b
430360af
4287ad17
41ec38c8
422e4592
418c8927
428852bc
4202f072
429a5ab7
42132ab1
42e97863
42999136
4234592b
42c25708
42ab6fb6
4299a8b2
41f4c68c
42b9df24
42931c62
42dbb656
42eafb12
42dcd0e2
42d3f906
42aa1d08
42c7fe65
420a1964
4290016b
42e9dd31
42fee51a
426a9ec0
42835bde
4326b874
42a11cf4
429de5bb
42c7c4dc
42ad831f
4311c5b2
423a5109
429a855c
421a2b5f
42446d19
4299db3e
4231e1c9
42a5ae4c
42011ccf
42c6449f
421100d0
4203eabb
429b63fa
43162ff5
42af433a
42ccba17
4282c49a
429bc0f5
42a208bf
42b24906
42b54720
42695be0
43238b2a
42d37743
42bb9684
42981d68
42659d44
431a67f8
4313918d
429ad011
43087082
428f7088
431c8004
4290398d
43280ce9
42ae6f05
43057882
433d3c98
42a6bae3
4238efdc
432a7a48
42a4541e
431c98e5
4308a3c2
42b2b19e
42cfc308
430164e2
4312035c
42d9105a
42fe5f0c
430fa66c
4328fab6
426419b1
42f195d4
430fa06a
424c3ae4
42a978d5
4304f29e
41d94a6f
41cbdde5
42dadade
42b8db92
43188a6c
42f48380
432b4adb
42d67bba
42836d76
4349d042
4309f952
430d79a9
42fdca5a
42cb563e
42587d06
424898c0
4294cef9
42c50786
431d62af
42ce9eb8
42923536
42d3e9a6
42b75de7
42b67358
431b18ab
42d7ef00
4326f9bc
431cd8ba
42b8881f
42fb7bdc
429c7c6c
429adbdc
4330d5e6
42de3631
421be628
42f79990
433fae55
4289611c
41ab6748
429cc9a1
42b13bf0
4278fcf4
42f607a8
43050fee
433e1cb5
42f63c00
429276f0
42e0f677
426c199a
431191f6
42b275d6
42f89724
42f6c1ab
42e0481f
4352d09c
42d87798
430d5d00
4313c888
42e9951a
412fa1c0
431742a4
429f3620
4326e73d
42e978a8
42e1bc47
43229a1a
428b8b15
426c799c
431fbdd4
432876b2
43131af0
42db19f6
42c3fd3c
428b8bd4
42f1718b
42f2cc46
42d1d51e
42631ff8
42a5b7a0
427de468
42300630
420a7382
43112aa8
43207ced
431b0614
4313325e
433ac726
42c6e052
42ce1c38
42fab5e8
42bec7b6
43140c31
430f0109
42e937eb
42e7adba
431f6559
43187f25
4295be62
4344314a
427dd8b8
424677a0
43397006
42d29e46
43082057
42dd8f5a
431062b4
42ffabdb
431b738c
42dae8ac
42fd2388
42b751fe
42931836
42cb82fa
42bb77c8
41e9db90
42e011d2
42ca608d
42f648b6
4320066f
42fc6f70
42c3df14
433895f0
42685e0d
4367ef07
4296de8e
42c8e1c2
42e869b0
42a852aa
427ff66c
42a0b8f4
42da331d
42e2b5aa
4304e486
431339e4
42f8b2a6
42f8d9e4
42c70996
430a23d6
4335d75e
4325c618
4226c080
42ab4fda
429726fc
42fb17bc
4284a53d
43126584
430ff7e3
42a25688
42d9a578
423063f0
430483c0
431ace5a
4262a58e
4350f000
42856734
42dd0a58
4244e3b6
430740b6
42f0cd70
42bed9e4
43167551
42fba486
42c9efd0
434d09c3
42f35e90
42ca763c
4190ce68
425d10d2
42c3091e
42a3d198
428e0704
42e6258e
43056c5c
42c4d210
42a55c62
431b3b3c
42cb680d
43054d5e
4232401c
432acd97
420f8b82
431d1158
432d46ed
42db70bc
4311f809
42e70162
43489e52
429fab60
42aedc77
42c8c646
42d6c984
43051abf
428cc573
435b33ed
42c66d3f
42d6bb5e
42ddfd9b
42f240c0
4367901b
4319937a
4236e624
429ae433
4260b5f4
4312bad8
42167e00
4309b516
423166b4
430e71f2
425578c6
428e5e0e
429585f6
4354621a
42c83c5d
432f9346
4301a95c
42c27dff
42fa41ec
42be57ef
42b5a30f
42982966
42609022
41e50070
421b4bfa
40f66b6a
4191a897
424f88cc
428e64ae
408a4d60
4275ce6c
42a38b2a
424ddd22
41f0cc10
426edb4d
420b2cc7
42c59db6
421323b5
42834479
41e77997
42c11448
42945e15
3f3a0100
424b217a
421deea0
42532014
42b9e7e4
4288fb81
4281685b
3fc767d0
42a4f02a
4287a5fd
424262ab
42b0e891
41a7a68c
41c03622
4270e88f
428438d7
4227f304
42437bb9
42a59f20
409c1b22
41d665a7
422cf415
430933f6
42837109
4221f54b
425d8d9e
425fac83
425a9a02
426538ab
42069266
3f881700
425ecb0a
42891ac5
41ead113
42b724d7
42a8756f
40358da0
4147dac9
425c20e1
42b4ded6
427e141a
41571a00
42d97c07
427e69a0
4203a558
41c0f79a
418a6217
42710a45
42d3d47f
4251a28d
4239ed47
42ac19a2
42c99236
4234f6b0
412cb159
42091d4a
4152f340
423736b6
42812f98
422d6c30
41bc7b6b
41f5746c
42ad996e
42adfb67
42864d50
40f97dd0
428db4e3
429284dd
429eba1b
424762b1
42081998
417bbcca
421f8ecc
42aa05cb
42812de4
4108dd34
41d3ae6f
414096c9
429266ce
4182fd9c
40a039c0
424de15c
4104f039
424906ef
420d5d87
425c8d20
42144a65
429fa678
4226ade5
4222c0d8
42543a55
42554b56
41d43d99
42358a44
424405ff
415f98ac
40f6d3ba
40320190
429470b0
42b520f9
423896c8
429851fc
42a8f718
425d1740
42580c3b
424cf096
3e40b160
41c8cb8a
40e08c00
41e051d4
428d8401
429e7f6e
4283090c
41c9c4d8
429a0030
41e9e0cd
41bcf4f8
42a43b45
41d22e9c
414695f0
42846dfd
4176c2f6
418d1ca0
41070cf0
41e16dc5
426fdf2c
40eb9160
41ee3ea4
420b6bd0
4226059a
4204b2f8
4290b7ba
41498400
40f343b0
424b565e
424d0fbe
40bdffee
41a1f890
41accd26
42a3d1f7
42642934
41a44262
42292d28
40be80c0
41e21f63
4223c09c
41b5eb48
426b9e52
420aefcd
41833320
426130ae
42af04b5
42885de3
420f686c
425d4c42
427f8add
41aa42a8
4214fdbc
42329470
42ad237c
4114b726
42b8d68e
42208137
411b9680
429f3ed7
423b80d4
424b1b90
427b3846
425fd126
42b70147
40d5c7b6
4270d02a
414a3788
423c85e2
42407124
42780f20
4286ce18
4245df5b
4118fcdf
4249c094
422585ce
42465422
415a0606
42027e6b
4285aa08
41d87ee8
418cf6e0
424be77e
41f1f928
4290d2c5
4223058e
41224c36
418e8733
42277008
4184a31e
421931bc
40ec7050
41f2b8d7
424b0dfa
41927cb8
41bfa0f2
422f1272
42995d41
41fef0b8
42031644
40039600
41a7af52
42467558
41638cf7
42486034
424c3d38
4226d999
423041c5
41941816
42c24b65
426f2a56
416985a0
41c58640
41fd14de
428b0d7c
4192c364
4205f43d
421848b5
419ac318
4185f8b5
41885626
4207c389
41c04c80
421c3522
427ea524
41fdcc38
421f996e
423d8d78
411109d8
4262c5b9
4296ff7c
42e11b3f
407dbbae
428ced4c
42612346
430c6ffa
41fb2a5a
42c547bb
4214ce0c
42a4652c
42d0cebd
42b80a3d
42729b1f
430f8f14
4231f294
42c2317c
42fb01dc
4266e1ab
41e3ed87
42c80503
428b818e
4294213b
42c0c37f
429cb900
42a72c4b
425be8d6
429872c8
42adc0c1
42d77f46
42ccc76e
43148e8c
42611ece
42da549f
42605aa6
4270aa2e
42089238
4291b638
4126805d
427668ce
42b7d42c
429311e3
42ae4114
42b3ed76
42b7e950
42218638
42c695b4
42584d27
428dc49e
42bb9188
420baec2
41b3a9b7
41be01f3
4287365f
423b5f34
41e25c7b
42ac9d49
4272456b
423f4baf
4264200e
4287e9fb
4321ba7e
420f08cf
428cc720
429aae84
4251a5d3
4252b835
42770e39
42bd16e8
42b0d0ca
427b50d6
429d8c04
418ad056
428eb441
430b53d8
42477f61
4195385b
424eb982
42ca14ec
42c896d8
4201f46b
4294c7ff
42cec43e
430597be
42a4d77d
42c29621
4154d47d
42aa3778
42922282
42d75eee
4222a64d
421dbfe0
42e9d746
42f0d3e7
42d5aed2
42b8c637
4305a275
41327b14
42094c68
42640b5c
4265e29c
426f7840
42b04a09
42ad04b0
429500c4
4236e86c
42da9896
42723bab
42b650e4
42ba059d
420a7304
41582aa9
424a6b07
42e35f6a
4279686d
428859fb
42910a5e
42bf25bb
4226529e
42740b8e
42a9b01c
42efdebc
4268c33d
43091692
4288e91e
41065710
42dfb68c
42a8b941
4199ca5c
426ecee6
42cda868
423e4828
429ef885
4278449a
42c09814
422564d4
42b22fcc
4217102f
42aaeaea
4300c867
41b59008
423a522e
41f7b8b3
42482ac0
428218f3
42e61948
42230a6e
42be8fdb
42bcf900
4287494a
425f0420
424ec1dc
42661ebc
425a5bf3
4297ab55
4301eee3
4272c35d
42810418
42ea4a10
425c99f2
4259ce52
428ffd31
41d4fd76
423057a6
421980ba
42ae0cfb
426bc74a
41b4ae2e
4299e6ed
425517a6
41d7c1ae
421e1148
42971fde
422a7f3a
42344c9e
423c531d
42a91857
42a080bb
426d5a68
42313412
41ac1a00
42846ec7
41fa2288
42446d31
42ee0291
42452d8c
424321c2
422cfd14
42ba4879
42c81873
41b65256
4201d008
423b73b4
42c36fd9
415f91f0
429ce9cc
42aad00e
421f9472
42af1f68
42503d22
4291303f
42a1247d
4286260a
423926c8
40fd1770
4199fe46
42774d94
41c3f985
423ed918
42636714
42aa2534
4257adfa
422c0df4
428a1502
429267c7
41b93b40
41e15e54
42bfb98c
4271e2ff
4288ee25
42d6eddc
42320a32
4287f0e5
42b6c51c
42c334e6
4184aafd
41b459a8
4282eaac
42b3acea
416c3650
3f750ce0
4296fce7
4284148a
3feb82b8
426ade45
42059e7a
429ea807
424559e3
42947a34
40ddb22c
42ab64e0
42835cb1
4190f5e4
4278720b
428b352a
4295109c
41ca86f8
40c0acf4
42e2ab80
42a01cef
42494462
42ae4d84
4290174a
424814cb
429c99ce
426ba964
420ee616
424b2a46
42c185f7
4279d6e4
42f0895e
42a1f9b2
426c4d4f
42b2eb41
4314ef5f
422c79e8
42ac745b
42b1d92c
42dfa238
4216d812
43096500
42fe45de
42eec050
4262fa36
42e1a83b
42cc2ac9
428934bc
42a89501
423d8308
42e8829e
41a04689
425872c8
424fcf5e
41e0a464
431d6eb6
42bba4a4
429449ab
42c976b2
42985a5a
4320e2aa
42d0caca
423d628a
42001b54
425e6c8f
41c63d1a
41f975e3
42f27b6c
42a3def4
42b67185
42acc95a
43115bdd
43103eb9
4293d536
42da8abc
42bd65e8
42ce59af
4046361c
426a904e
427fe598
42d4443e
43033d8a
42b8c33e
42bd4d03
4287549f
43091828
429b613e
42b46a60
42a43eff
42ca69ac
433909e4
42dac56a
42ece652
41d52a9a
42ba68b6
420959a6
414a4125
43106d06
427c32fe
4286e2e0
42d4d882
4309dbfc
430763ae
42152d8a
41ccc0b8
429b1aa7
4287e517
4249fb14
428f55dd
42933740
42907847
42fb469c
4329fbd1
424d745e
43076deb
42a1b596
429305d8
42bb5193
4137d528
42c916b4
42b7779a
42c7e9b2
42f3782b
42b83a74
425551d9
42c29320
42204bcc
42f070e6
428371fc
420099a8
4300f622
421e0b40
4265e952
42adae8e
42c0409a
4316773c
430ced71
418bc2be
42861f94
42b5a550
43161c0e
42c1002e
422f0938
426964bb
42910e90
3f3ce178
41d376c0
42a1a786
42c29292
42d1b670
42ff7cde
42ceebb8
42cb2cb6
429234b6
42b5aeb6
42a9651a
41b74be2
41eb7750
40d0e960
41bff29a
41439040
40d2c0e2
412b4c50
41bad8f4
421cfa94
4108e720
41621f38
418052f4
408889b8
41ed522c
41294c40
4183c8a0
40255b00
414191e8
40ca5f20
40c91500
40ae6e40
3ffa2f00
41b0aed0
41ab997a
4192d828
41655940
4009d180
40c69ad0
41872258
40dc0780
41ddb360
4137dee0
41b55d34
41e405f0
41d19810
414f48d0
40ab88a0
4057c654
42517422
41695ca0
4113b8d0
422af950
4241c0b0
41a8bca8
415483c2
4199cd70
4122a6f4
41bd2700
425679e8
4200f2e4
415f9400
41a4eb3c
41387964
40ad80c0
41164e00
40b34978
41645570
42014f5e
41a15a54
41858bd3
42236d18
40e50db6
418c825e
4164c860
40623690
41b2d16c
41df42a4
40f822c0
41c683b8
41cc5fb8
41798c58
4091bc78
419b326c
41860c44
41877b60
4152ccb0
40cbd3e0
4229a354
41a66480
41c84d10
41b58cf6
419d8568
420c11dc
42162650
40fd4180
41ea21d4
4117c170
4188c470
4271cae0
41b81f90
41989c89
418a0160
40f3b010
4263aa4c
41e4e2e0
4197338c
4145abc0
42407948
413aafd0
41cd80c0
41954138
41e079b4
4101d100
423d9594
412c6ddc
41408cd8
414f0a60
420504a0
424df68e
41e75510
40042500
412d4f20
41a4ed92
41f3d074
413386f0
4123d9c0
4206b1ea
41b8191c
41d355c6
41481118
41a7d9b8
41322288
4106633c
41d558ea
41252ed0
411c3800
411e0fe0
421f8608
42009fda
4267d568
4223a8bc
42306970
41a03483
414e63b8
42a2cc8f
42b76699
42229812
42b0cc01
41bbc9b8
427d5e6e
40e60b40
42e6f921
4107678c
428819b2
42510d2a
4141102f
4260776a
429e7b96
414e1af4
42b1b5a9
42345689
414507ee
41e29bf4
428b50de
422da080
41f72504
42049bd8
42c74e76
42968d24
418f3ff0
425c7c84
4280f360
41d2575f
424e64f1
41a6c35c
3e501240
4272d75e
4085370c
42349370
403b1360
425006c8
42b27c70
4264c690
418e1522
422f804a
4202dfa4
428d0ca4
42bf3aa5
4203c666
41d649fe
3feb35d0
42734c80
42799ac0
42b35006
420f8584
4171cf1b
426d2784
429246af
421a9ad6
423effd2
42728838
426c4ad0
4296856e
4227f821
4224e09d
420066e2
42b8e17a
42734570
422bfd9c
40e67540
423649e3
42c94a8c
41317f4c
412866e2
427ff9ea
42162a18
42178e2d
429247ee
42616d02
428a3349
4150efcc
42a8d1a0
408bb12a
41ede84b
4165a940
41f3108c
42ab087c
41c1f2b3
42b4f394
42e45b0b
421e17c9
424e8eae
4112ff46
42170554
4114a2aa
4215dc0e
41977df0
421046f2
427b7e6c
41bcc007
42428e4a
41b4919a
4208e878
42a1271e
4255bc2e
4225b009
428d4868
4217f9ec
4282d42a
4257dca2
423b9532
41e237aa
426e78eb
41ddbf31
417a74e2
422d22cc
40e67214
42dba0cf
426ec2ce
425d51a1
421c5964
429379fc
42d71142
4204336f
41e87c51
41b12c5e
42c35926
42bd0a82
4294cc18
421cf8e0
428f8298
42354a79
42a16396
42f2cb73
428934de
4265b290
4242b5e0
42d77a38
428add27
429ce2c9
42ba9c55
42f9f800
4302e311
42a2d344
416214f0
42f578f0
41255bc0
42e4f1d8
42036570
41f2da30
428c02e8
42dac309
42d2569c
429fb238
424df600
42d3d964
433a8adc
4117c97e
42e7981e
4291d644
42949405
42aa724b
42a94907
41ab1d7e
41ead590
42799c0a
41fc65c2
42eaa45f
42ddf9ea
42ae6610
41bca778
423e1493
42f12524
42df4156
42815d13
429264f0
420a61ac
421f4394
403650c0
41b91d10
423fc4e4
42fb00ec
42a7cd14
42098528
42160342
4276f4d0
426424b2
4283b467
42abaf34
4296afcf
42852bac
425913e6
423a97e1
429d14ee
422b0e70
4299f792
425c47a4
42382d23
43072963
42b16c68
41800b10
401e67a0
423578be
426721f0
428871d8
42b6565e
427777e6
42ef42e2
425dea54
4186a090
42b7a156
421192d8
422bfde0
42425bfc
42a7f3a2
42257186
4301ac58
430f582e
42836c1b
428a3f83
4281bc4f
4285ee59
3fa31f00
43012dc8
4243d918
42a3feca
42d86144
42bf7f10
42fec4eb
41cafba7
42ca40ac
42ccebd4
430458fe
43179c45
42294421
41a65320
42985470
4248b208
42aa66c6
421c1624
42c327e6
4241a5fc
42328200
427f194b
425fc0b6
42b44df6
43192ab4
428d74b4
42a503b8
42eb8c9b
424dd280
42299630
428e0638
41879910
428ea9d8
4290f4e0
42321f1a
424c1300
429956f4
428ca775
42ab45ba
42f4d4f6
41e52720
42abf6a8
42303f66
42e57991
42388de8
42d18019
427e8690
42a6395e
42aaaec8
42ad7ba6
4299161d
42b254d2
42595bd4
42a40c04
42dc56f3
4151d0ac
4272ca60
423a566e
41f84c80
4314a465
4206d164
42a3ace3
423fa2e0
42a95cd2
4304e7ba
42824620
426f5abc
41efe7c8
415989a0
41ce5c3f
426f13ac
4288f9d6
4184dee0
42295a74
422d6ac8
42a199fb
42ff9ef8
41905ef0
42758b35
42d8db90
42537454
42123345
41e6f478
42164d3a
425d9a0c
42ac335a
42ab52a2
42811ea5
4284319c
42c8e4c9
4245621b
42a43467
42240600
42350bee
43140891
427aa198
42e2cdd5
41d42fab
42a5e79a
41b6a478
42a2ea44
43095ea4
42642c8a
41b19270
42c6597c
42f5fe68
429f0f46
421cd10f
428ee770
4262a280
4227c40a
422e6132
424dc525
4275bde4
425388f4
427b107a
42b48390
4191c439
42a5f8ee
427cef76
423117e0
426cdf7e
42618cfc
42df8622
4293d23a
42603933
42a5875c
42755bec
42575de0
42bfca26
422e1604
42d768e0
422621ca
42373000
42f7201b
41d4df5c
425357a4
428a389b
4258db90
432f27b6
4290c50f
426ec06a
41ce6610
42ccc4b4
42b8b6a4
42413628
42603438
4213133c
42a18e8e
41e790da
4203bd13
42a4a59c
428640e6
4327ad0b
42c39834
42ba381e
42e8e5d4
426a8b78
42ce60b7
42bbcaa6
4296c6c2
426efed2
42527cdd
427f4e55
42c69e74
42a85509
422df4ed
42c42862
423f554a
427494f0
42b6b908
42562570
42c743f0
4241ba20
42a04be4
425fb140
42cbbc8f
423d347e
42548430
4291699e
4261bfa0
42639d10
42a712aa
424ba1f9
428eabbc
405acf00
42a044c2
42c6c07a
424daa90
428b8d22
42712898
42ae44be
4305cec7
41dc69d4
42b6286c
4237c59a
41ea54e4
428c3cc5
41e1a75a
42dc8de7
4217e2b2
427f8c6c
420ea2c6
42086b84
4297af03
425bd3a0
423d735a
42f2a674
423ced18
40fdfba8
428dd137
4160e028
4258f009
422534b8
42893f98
4248be98
42b33f5a
42ca57f6
4208cde4
42d92d26
427500d4
411e56ec
42b984bd
42453208
42b344f7
41d0e2d0
425b9028
424a4940
41fde4a0
42df3cd0
4200c628
428741d5
42af64bb
428d737c
4225ec60
420757e4
41d1b887
4298face
423c25f4
42055067
419c1e4c
42913c2d
42a29f48
4215cdfb
42b1d705
421fc410
428e2b20
4263a2f2
4223b584
428f2fd1
424af7cf
428f82a2
425dfe90
427a5924
42c53f54
42b79a38
425245ee
4278ca90
427eb1a8
42f26aa1
425908ec
41fc4d25
42ffc318
420b75be
42059f99
4242734c
419781b0
43146750
42094910
42a20f12
40d303e0
42562214
4235c3ac
41bc2564
4260cea0
423d77c0
42844b16
413abb7e
41f0074e
423aa8a0
42cbed3c
42b82f1f
42d31e66
41c6b668
428f9a98
42831f18
428dd58b
42c5d4ae
4254da9c
42311ab2
4106d660
426bc836
41e7afc0
423ac926
4232cc30
42e4671f
4220a3b0
43038e12
4280f659
423ed288
411680b0
430f7263
412aeda0
42bb2f48
427ce0f6
41c3c460
426b0410
42fe3744
423fa9f0
426ba500
42a47388
4285a31f
42bddddc
42135be7
42689f0a
42171cc0
4199e658
42ad4dcf
42a4314c
4265b056
42844356
420d07fe
41db3ce8
417521c8
41ada53a
424202ab
42643269
423cc170
4212498c
41d062b8
420b09e0
42d2e140
42922c91
425ff040
4202200f
4270415a
426d5254
42b63dca
42504e38
4132c304
421efa7a
428867d7
42a4b308
42aca14a
4257c9e4
426ba3a0
42cf3af2
42b64994
42a7944e
420902b5
41da6a5c
42d1c496
42ce11dc
416ebe74
41b8aca8
4141fd00
4277e154
42a54094
4164d9c0
41a72be8
42209e74
42ecd5f7
41bb8db0
4202d804
41c1fb60
41ee33f0
42473850
42663ed0
4159a4b0
42658498
42bc832a
43090f76
42242038
41bc5152
41b574a8
426e5ec7
42842d58
42dcfaad
421d15ce
425cd800
425f3f84
4278f178
4297afee
420c80be
40c02da0
41a60a90
41a02bf8
42ce0368
41c70f60
4154521e
42357d29
42411121
418d5410
42af1613
42668e60
4232ef48
42603ab6
427cf4ec
4216cdf4
425f2800
4272fed6
42a6585a
421eeec4
428c3d2e
40a49cc0
41d576a3
419885b0
42fa868a
4296e1dc
4262c270
428366de
422bc1ae
42b49f9e
426322d0
42350640
425c89c0
42407f4c
42a4a70a
4296b2b4
42768e5a
42a69f44
423808eb
42d0ddb0
42df4a90
424546ce
428ec4a0
425ac268
42b4fc1a
42924c18
428b3f30
429eafbe
424e7998
42de0f4e
42c32cc6
4260de28
42cab292
41eed660
429e016c
42c434d4
426a5626
42a66706
4280bd10
4286e670
42eb37a1
427c22cc
429adabb
42429368
42814ca5
42ee849a
42990b4e
422eb862
4263dd00
424a6e07
423982e7
4223855e
4279f75e
4279a8f4
42a3aa69
428fc06d
42be012a
4300aec0
41ca639c
42f09be2
42ffae4e
42861e78
4281a11f
42abddd4
424e548e
424d82fa
41ebb380
42da6731
428876b4
427d7a20
42a151c3
4255b560
427c8ac9
420c5d5c
42991c16
4306b1e0
4295c5c2
42fd5042
4210ba14
42c702f8
41dc8678
420640d0
431ff7a1
4284b378
423a7b18
42e147f8
42a902d4
427c0538
41a4f968
42332df8
41c3e3c0
42171daf
42824162
428ec6dc
42c2f542
423a92a8
42367690
42b38b0b
42171d4e
42a1f0a2
4221e718
428513ee
429c8e90
42924466
42db66ce
4277b6b8
42d0086c
42fc2286
4269f220
42083000
42ce144b
422febc0
430d1e64
428feed6
41e58942
430521fb
4271b6fe
426553fc
427a5768
42c468a2
432064a5
4295f014
42821650
4216965c
42a26c3e
42a949c3
4245ed28
4242505a
423e50ac
4281cd9f
40b78173
41cfffdc
4290ff00
42b78322
42f4e827
42bf91f2
42cf6c26
42d7673a
42455230
42b76faf
42b1544a
4277ceff
4271300c
4217d044
424d204a
4229421c
425c5743
41f8c0de
42ad95da
3f65e800
429931df
42ac943c
421f0c9c
42632f3a
4296821a
41df7738
42581b81
42a6f25b
41a0161e
4221504b
4298bbf4
4297986c
4208cde4
4283a15e
428f2229
429934b9
41b69a7a
4296235c
423f3c3c
420e2232
4214ba4a
424ed582
4289d3ea
42ad0c09
40aac9b4
41e2b2c6
41d681e2
42090324
42a5309c
421282de
42b13641
41eb66d5
420b6f86
4208c838
42855c3a
4284564c
42003c76
4253c392
428abaef
42aff424
42428bf5
426c77f4
4048a320
42627512
4220aab2
4276fd39
424e70ad
426a19a9
42334c20
421d9e9c
42a56a3a
42af63a5
41d227ab
41b6a63c
42a219a4
429da6da
404d4f60
424e6732
41a7eb3c
422df750
42aabfd1
4224742a
42352904
42381781
42b7929f
422db456
41f208dc
4141cbaa
4190cff8
416e3430
42156121
4204717e
4261f632
42a4a448
42a9205f
426c420a
42751563
42213864
424e297c
42a04de1
42b4d52e
4205d90a
4230ab38
41ef0308
42a572cc
429e5732
42ab3af3
41de74e8
3f298060
4247e94d
42bce265
412a1588
415dede8
42875813
4262ca14
411eac2e
4216718b
41dd94f4
4234b3eb
427d227a
42874728
40409de0
42273018
41de6b78
42037455
41c7f096
42198f31
421c28c6
3fb2087c
418755a4
42571e47
42b6af62
425d39e6
42a86027
423bb2a8
42417aab
4290d6b4
4272a4ac
4284c284
428b4b68
433d153f
42d93395
42ebc696
42bc0375
42a47f93
432b02a2
431b160e
429ce39d
43129141
42e4d67c
43262309
42ba7e64
43222dc4
42daa7ea
43125e34
43513b9d
42fb011c
42629282
43436e02
42e52f5e
430f8606
43318fee
42ed44bc
42f2113c
4312910e
432db87b
431966a0
4318e9fe
432f23b3
43274fa7
42ae59e7
4316707e
431826fe
428c509e
42c37555
4328f40a
42350d50
41f3cc8e
431bf7f5
42d6d397
432d9ab5
4303d565
434bf95e
430f77ad
42b9feaa
43557023
432e77ea
43109aee
42d95195
42eda3cf
4277554c
42a5578c
42b754e8
42c04208
432b1722
43075034
42bb8d44
42b4bfd3
42bffa8e
4300e30c
4326c491
42f7c562
43434356
432fe58f
42cf6cc8
430fed7e
42b59b96
42a04a07
4365c20b
4308c5cc
428a5c71
432498b7
434fc0dc
42bff6fe
415df4b8
42b2491e
42cd6c9a
42b5147a
42fe8087
43181285
43420168
4309b404
42b00c99
432107e6
42958f32
432f8d74
42f59527
43018283
4315a1b5
42cbe602
43500a96
43053847
432102b0
43546713
4316ef10
3f96c080
432e1e80
42be20f7
434eae4d
42e41420
42d336be
433e04bb
4296c31d
42881c56
432446eb
432d4056
432fe33b
430b5678
42f401b1
4269077c
431382b1
4319a4ac
42db1a4c
4275d390
42d02891
42b54d6a
41d0577e
425f1778
43146c7d
432c2b58
43323de2
433eb047
434718da
42cb7c06
4304c27a
431731fb
42d217e0
42d2a422
420474cc
4290e256
4265beec
42b5d14c
42228158
427d29e8
431cd7e6
41fe85f8
4299b192
42b7385a
42179966
42858398
42c00854
4251e738
42a8f041
428196e0
4235c3a4
42636a80
42a1fcec
41f909e8
42bb8530
4221a388
41a48020
42b6b10c
425fc38f
42878c8c
42a0eda4
4202359c
42869a70
43027c2d
42436a6b
431206a8
411fdfb0
42c6ca1d
42b398b5
419abac8
41e135a8
42974254
42965eba
421eb79e
42540b76
4281ae28
4268da78
42aad70f
4250a92c
42311ca2
42d94d3c
42affe12
4236d3da
422b9d74
42109b57
4195a746
423c5ec2
429dff87
42a5acdd
429e68a2
428bb997
41ddc544
42c1ac04
42ab113c
4124afe9
42b165ac
422fb7c4
426854e6
41a96e3e
417c37e8
4263b24c
42ba7db0
42a0e028
426b8cb4
423d0a1c
430bf4d2
429bce10
41ae8c30
419e0748
427a491d
4296831d
42961acc
424b4c86
4239ef40
42834264
424e7204
4292d271
4230d26c
42389868
4215902c
42adbb8c
42c2334c
420842f3
42e8a3b3
428d0cb0
421ba30b
427b89e2
42295f9a
42d0f499
422e4428
42afa566
423d5fba
426ce704
42a37000
4218907e
42c67998
420b8173
42833a20
427408ff
424985b8
42f963e3
42c013f6
4214d251
4272283a
41ca345c
424aa318
4141bb60
42d3c9eb
41a03ca0
41e6b566
42407d2a
423f673a
425a8370
42e96da1
4221d430
42a92ec8
42207552
42c3e2a4
42762178
41ca0c40
42612b4a
4228e63d
42b46c1a
41bd61e6
42ddecb0
42c9c044
42804315
4257beb2
4318f1ae
415daed8
42f514ca
4297b96e
42b22820
4177be56
43482b20
420e3593
42e08fda
4287dd9c
420d3074
427b7bb4
42bdc0d4
42803c88
42abd270
42f55a90
428eeab6
42bc5084
418f7fdc
41808e00
42792e5e
42f4db20
4270dfc6
431c8486
421788f6
427feede
4204d390
420943f9
41cde554
41476e70
4198799c
42a355a3
427e2a20
42896849
42681d64
42ad37e8
42bc2872
42dcf61a
42aef2a2
41ab7fe0
42a9ce83
42d57171
4208f84d
424412ea
4202640e
424fbf0e
42e2af7a
42bf6b28
42868663
4204b0e4
42d1213f
42f263ec
42b1825a
42d73b02
3f74d820
42e5c14b
42e12880
42ade875
41a8df24
425128ac
41493368
42c65f64
42a4ac6c
42808b88
4248e90a
428f37e6
4303210c
42738e60
428ef5dc
4208d172
42a3c275
42ca2773
425d8fec
42564332
41824c04
42edb934
4325ce62
427d827a
41da4dae
42d87622
425ddd3e
42842162
42bad4b6
424b5399
4286b740
4300e450
42e510f8
42b71578
42b60440
4186fdc0
4295276e
42a25338
42cf2101
428430de
426b1b92
42a8d9b2
42e7de4a
41bf02c8
4318560e
42830a22
42854a11
4306ec96
42610d94
4236f416
429f6885
42f61627
42d827d3
4198076c
41a42580
422d5976
4227f842
428c5417
4283d0d2
427b0080
42e40c2e
42b91252
421ab8d6
429cd43d
42e9e4bb
425f342a
42b9bb8e
42de5af8
4304f34d
427bc532
42a7ddfc
42b98f88
42e7156c
41be6ee6
4320d964
427d9b9a
4300a227
4317026e
42d33620
429ca87e
42f95d2c
42f08f15
431bf366
43200933
427d81a5
42c8e7e0
4328293e
42b3cfbb
4262e8ba
42d534b3
42b9db40
42e53528
428943fb
4309c7aa
42bab263
42acfcbe
43036e53
43403e70
429a15e3
42ef48a8
41e0d99c
42a7c66a
4240aaf1
42b72f91
4289f5f4
41f7ad22
430e5ad7
428a0234
42f95961
42ab55e7
4304eda8
424990dd
42c35b2b
42b2a119
430e514f
42b82b34
4223fd72
429877d8
416e10a8
4292c33b
42c70c87
42b50435
43146baf
42df9527
42b6021a
42bf4130
42f78946
430c3b9c
416b55cb
4295e515
4300e226
42cc5a48
41894c00
424ba100
4286b630
423ce6ca
4300190a
427995aa
42f81d80
43128386
430c2f46
426e5a90
41f3b2fa
40cdc6b0
4296f5eb
42ccc844
4297470a
421af008
42cdcb2a
430bc7b7
43036ea9
431ea7cb
42caf50a
42542f36
42871000
42d9bcc9
431bf815
42b8a0ee
42c3c2cd
42e8a547
42d3f15a
431a0eb4
42ff7699
4184b5f4
4285c770
42b5c65a
432662ab
428f4844
429fd329
430f0274
42846038
42bb2705
43029e39
42f4a712
42f27c14
42b16bac
42b46c99
42515c02
427004de
42cfa659
42c73bb0
42a30ed8
428f755a
42830d1a
421fd9c0
42488692
42dc0e57
4334b7c9
429d43a4
430cd379
42922f1e
4262b7ef
43004b52
42cbea10
42a5bde8
42f0bb03
430d3efc
42580c84
42bb2910
4299218e
42e95239
4295e740
4307e5b0
41e76798
42b0544d
430a062e
42c92c19
42b197d8
430fc20a
42714298
4314b234
432d1b5c
4280cb28
420d4220
42fea63e
42e3b0a4
42f59756
42d50852
42b1ab9c
42cdfd44
42bbd988
4308b86c
42bd9f15
42e51c14
42b8de74
434abb44
422f78d3
4311f3e8
4260ae58
428d5a2c
426e909d
42e74731
421486d2
4222bfc9
42ed3599
427d105e
42f98c20
43052c84
42c6b2d4
426e61ed
42c56848
42df629b
42f73d1f
431d98b2
42764008
42310c04
41f3f29c
4298b35a
428afe6d
421263b8
43024feb
42b31dbc
426e2571
42582ffe
42b064b0
433327e8
42742da1
4246989c
430cf8e8
429cfe94
426aea3b
42bfda54
42cdedc9
4295d2a2
42962c10
42b688ae
425cc99d
42ea7152
4318b15a
426fff34
4205214d
425fb42f
42cfcd94
4265960e
42a00180
42bde7cd
430a3873
430f1e94
4299e06a
42e4402e
428aef9b
43013697
42d981ef
430b1462
428c0dfa
429afb98
4306540a
42eed3db
43038695
42bc16e7
43295258
419f93cc
429374ec
42d98cf3
42b27b72
426241e6
42c4e96c
430d4ad5
42a9b831
424477a4
42fd98ba
42b796c6
42d01c6f
42e09dd7
425dcd66
41bdd118
42801af2
42e947f3
4285125e
4294945d
427e6424
42c14dbc
422e0658
420b0bb0
42b436a5
432f792a
429ac164
431cb5de
42ea8bf2
41ca94b0
42f81b59
42bd63ab
42502d94
425fb88c
42b3e8b5
4225f7b6
426f8138
429c4990
42815274
42ce8f86
42e1a364
429149d0
42e20f88
422921f4
42ef773b
428579b0
42d02c2e
4296d946
42aefbe4
43003a2d
42bc4544
42587b48
43140a00
41f1a180
42bb8380
4300eed6
4294dfb2
429d1f00
424eb75e
426a0560
42fa9006
425aa4d0
430a2c51
4292c890
42a9a66c
42e00fec
42aa790f
4293f414
4227f868
421634e1
41f99bcc
424b1af3
428fe480
423279e6
428c8a40
427a1038
42c07f2c
42df03d8
423028b2
42989728
4303157c
41c66af0
4264732c
4293aec0
41d338b0
41eda4a0
42843eb0
42aabb1c
42a476d4
42c23cfe
42ba42ec
429845ae
42b2c7e8
421d22b8
423ce3e8
42f79004
42c3b94e
43070df0
418130c0
4292d0cc
41e224a0
4250ff28
431e68d8
4220485a
423502b8
42cbb830
42e7c4a2
4226ab20
42077a0c
426c42d4
425a4ac0
4296a7da
429f0f54
421ebbd3
42bb779e
4281eef4
42877f72
42c5e5dc
41914d04
4264a9a8
427b3a81
42177158
42ca78a6
42871f23
42eed340
42c5c144
42a430ec
4305af8f
421629e0
4196ef40
42e2bfa6
42442254
4323402a
428dabac
4239dab6
4306a068
4213842a
428cfc16
42c4b190
42a62278
43275c16
423b6146
42b7de56
420f6cd0
42d05edd
42babd06
4291db29
42690560
428d4c8e
427b1470
3f34be3c
4233a89b
42e7f870
42b373be
43189b33
42ca1567
42a0f0c0
42f8844c
4259b990
42d99669
42b11da4
4262dae0
42f3a465
41a7b9a0
42eca1bc
42b6b408
42d8e312
42e1048d
430d0f7d
42201d3d
42e5e4e8
42cf49e0
42e32a8c
42aafb42
4319ae74
4289a020
42912cf2
4305d492
42ebc6aa
42afaf72
42fa7016
4248d734
42b26dd0
432f62ee
4300a14e
4297a0a2
41fde7ec
428e8160
431ba962
43079970
430be00e
42add0d4
42c1d338
4317e412
4273892c
42a50f18
420e1196
423c9f36
422fac99
42da3cc5
42920dfb
42f44ff3
423731b8
42fb5635
42b955c6
432c49e2
42a1326a
42025b00
4300fe02
42bd293c
41b5122c
42a3bbae
427a0fef
427e8c84
42c69058
42a57c2b
425c344c
429f3edc
42d10672
428bb5c1
42b38c45
430688f4
40c2ca00
432dd77e
42d6dd10
42e6719b
42188c63
42dcfceb
42194076
428c9f50
430da46a
429ac818
42889d0c
42e9f80b
42ef8b45
429a6792
426b7924
428f72b3
42954898
42ed4340
428f8bac
429833a7
42a15198
4252f41c
43292a4e
42f7e9e8
4245fe8c
43039d67
42b8bf70
42e0bf5f
42875576
42162f7c
42bf1c7e
432b3114
433857d5
431034a2
42d6b990
424eb669
427c210c
42b31f58
4306d948
4276ed63
414c4f52
430c6663
42e0bd55
42afc2ae
42c6e73d
4240ca58
42fa7050
4328e9d6
42861e13
415bf214
42aa5a23
43139020
42935128
42910de5
424a2005
430854cc
41b3e7dc
428f4566
42ae39c2
42b5fbc4
42cd3034
430fb5e3
422cdf04
430a3e87
42c89bb8
42da1e4e
42931d68
41ee3b74
42e72c64
429ae44f
421d6364
42139cc8
421c679e
42c590ec
428953fb
4271ccc8
429e94b0
41e23f38
42fde888
4287cd52
42b5f62b
42961855
4295ba4c
42fb0b68
423e599c
4005f480
42ca3c48
425d4030
42af1cc0
4294c814
423455f8
42267b50
42b9a48e
42d50ee6
429e0153
42a31824
42f53be8
42d2eec8
427199a1
42add49c
42d9870e
425d15cc
42a139d7
42cca5a6
40897bd3
40df1f9c
42e95198
424bc830
42d9133c
425de548
42f9cb26
42125365
4218f3fd
431170c0
428be6e6
428966a4
427eef22
427b0034
41ef7078
418c1438
4221dd84
41f913e0
42cbb8e4
42ce0198
41cdeb18
41fa9630
428680fb
4236fe30
4301d002
428b0f32
42b39ba8
42acb7da
42a2a41a
427db66c
42968588
428c052c
43071d30
42b1e808
4132a898
4292f2a8
431589af
422141d0
4151bc80
4289b83a
429d9eb4
42845d5c
429195c4
42c67a6e
430e9195
429ec164
40c21f60
42b1f634
41ef447c
42d1e8cc
42844bfc
4294e210
428cffb9
429e6e44
4329d25c
42417ccc
4286c67f
42cd6680
42b85d81
4151a898
42d88c96
41ffbfb0
42c8ad32
42d22042
42d15167
42ccf4b7
4131d4d0
4245db66
42b8384d
42c77d10
42d97400
42541630
42934914
41fb6d44
42a71364
42569848
4231a90c
4236269c
427e991c
4232dbcc
418e6168
42331137
42b40204
42e98e46
42de084c
42de3975
4304a3e2
4217ffc0
428c5440
42c39a58
423316e8
4216bf3c
429d4d3c
41e6b600
423c2ef0
421a0466
423e7c3c
4282c392
424332ad
422fd258
428b055e
4283d0de
425cfaa3
4272f13a
4224e723
4227539c
42795c5a
42d4c2f0
42155e61
4220a0a4
42bcd022
4249dd88
4285ccb9
42ba5ac2
427bd37a
41b3d060
4235a874
42cd24d4
42892a5c
4280bd73
42f49c54
4289ee9a
4247860c
42693470
4220e6f0
42a48952
42071bab
42968eb0
418cebea
40d71c8e
4291cfe8
422e2e26
4248c877
4233337c
4214e75c
421aba1d
424b4cca
41c102dc
42af6a03
41d87170
402505a0
421f8a62
40c4b060
409cc6e8
4281daaf
40f10b68
428beb9c
42b439d4
4230adfe
4186689a
4256ecea
42816484
40282d92
41b39075
42951dbd
423fad5c
419d7a30
4208fcb0
425a2df6
42050090
429128f8
421874f6
425f5cc8
42aa34f6
42821c84
4109ba30
4110ad88
4251bc56
42aa3bc1
4275db6c
425b8698
420c4bb0
42981b15
4209cd14
4226bf68
427fd546
42345404
4293f2cd
42a88f1c
421a1704
424aef84
421e072a
4282fdba
42b065db
42402bbe
429c428b
42906660
402d4820
428d5e90
428e234d
42a22014
41f7e6f8
4211cdb6
42ade48f
4055afc0
422c7711
428585e6
41b13e44
426adc38
4235e678
429c1dd1
4141e92c
424f4d97
423c1903
41c9a2c8
423d29ed
420e535e
4259e371
4075fedc
4236cc48
426d2c82
427ca0b6
42589dba
42a62197
41b73704
425e98f8
42728a38
425c5c58
4223fb7e
428b6bb9
4281bf21
42ab8899
428699ea
42d3cb30
428fb552
42848502
42e1ba7c
42bdeeb1
425649b0
4298bdc4
42a75ca0
42e653dc
42d6b5f4
42c9ff9b
42a75b46
42d8c220
41f11034
42455316
4293110e
422fdb28
42bcad20
42c1fd50
419a2538
42ad2ba0
41a303e6
42dadae8
42a9f3ff
4294e9ec
428233cc
42f8c6d0
425fe2bc
431a3d8a
42d1ab9b
42b9641c
42972bbc
42565339
4259643b
4118f048
42bbbf6a
429c9dc0
43082f0e
42889410
42931fa8
4291ab9a
42b0c940
42f8c522
4304ba36
429741e2
418605c8
42d3f4c6
41a1386e
426d9a04
42573fb5
42df62e0
429f5bed
42bd2d6a
42dc634b
42990f70
42e676ec
4246fd74
429f74f2
42fb10a5
429da128
42bf13cc
40e5aba8
427916e6
42876e5e
42264e20
42f1ae80
423757e0
421e5204
42bf3f98
42dbaaf0
4204e40c
41eb5898
421e0378
42d05968
4253bbc4
425ddb68
422ca98c
4306a0fd
42f56f4c
423cb2f9
42ad58af
41e1476d
42d6d6fc
425ab192
4257acd0
428d5ddd
42a76a83
42f41bd0
428ffbe2
42810995
42a94ffa
42d148fc
41f2f8e0
42b785aa
4250d890
42ea5b4e
4301f730
42aa8701
432a2393
4164b054
425f6dee
42caaa4e
42aecc08
4329a150
4225524a
42943ec5
4289ae9e
41ada9a0
426aa534
42b787c6
42838644
4248e3a0
420a5740
41a9a522
421925c9
42618345
431b59fb
42b6a3d8
42f2e5cc
426c170d
42a9c356
427dd0e0
42685010
42f99a72
41eab659
43142523
426437d7
429e09c6
424732d5
42b38060
42c0abf2
4299f375
42795f33
4296de48
426f8c7d
4315c209
42c07946
42d59b0c
42e276a2
429d172c
431a08f8
42b1ec43
41ef344a
42c04c78
4294c115
429069c6
42fa440a
42a4cc98
4214b513
42822411
42e4b702
430240ff
42fe7e3c
42f168b8
42c6a688
42a98af5
42ff35f2
42f06011
4264316b
422120f6
42e7e4dc
41b4af2e
40c5ded6
43067ee5
42bc9ec4
42f65199
42bc913b
42ef8bf2
4291a4e2
427b2a00
43105941
42adc5c2
42af41c9
419685aa
42974cf7
42336200
427f1c80
428755e7
420df4e8
42a617ac
42c36f45
428c12e2
424b9b41
428ea3cb
42a8022b
42e0daa9
42fc9e3b
42d921dd
42ca383b
427b0f2e
42dd62a7
4299e7e4
4185b427
430c2b6b
42a41374
42244941
428bf36d
43188a34
42af03c8
419716a9
42311db3
42af5768
42908981
427d7a7e
42c12eda
4319c064
42b8ba10
4249f212
431ecdcd
42294b06
4321d529
42907183
42afab23
42a44a06
41a2b16d
4321e919
42dc348a
4301a113
430c8625
42db64d2
4187b075
42a554ac
42682a20
42fe330a
42ac0c33
42b44307
4309d0c2
42112779
42845813
42b6e3b4
42c05cf1
430042d5
42b37c2f
42689cc2
4110a732
42a9a7cd
42d7a19f
429b7e86
421901f5
4298294e
42d8c058
40a734ea
4227472b
42a5c1f4
4300f2c8
42d918df
431571fa
42ee7726
42240a3b
42a901bc
4305350d
42707622
430244eb
42d2fe96
42b9af07
42eeeeb5
432360b6
42fffcd8
427251a5
4341b859
42244517
427a5ba4
43021c5d
42bd3004
42d2729a
42c764df
430b4495
42ed1933
43082673
42bc6614
42c1e6a9
42813fe3
4296c260
42e10c40
4296a15a
41c975c4
42c5a508
41c9e035
4263f064
431c8ff6
42b9200b
421a747b
431497d1
4296fb64
4358e7ae
4237e876
42b6e4b4
424f1924
41cd6510
426d4937
4230fd90
43015219
42518157
42d2d4d7
42d73b26
42437ac0
42e02757
42821a92
42d08fcc
431efd77
43091063
41294310
4260fa44
428981f5
42d21a91
42728c06
42ed0c00
42bcd9ff
427ffbd4
4321ae27
4291cd68
430ed2dc
42c27849
4217a406
434285b4
425394e6
42f8e1ea
4122b0fc
42f119f2
42a6318c
41be1eb4
42d5dc0d
425aa849
42b57ef2
4303ca05
42c4ff2a
42dd55c8
427b0a4b
416ccd2c
42d1679c
41f34e2c
42311db6
425eb76c
42cdb556
42dfe37a
421c751f
4313069a
426de154
4305efb6
423f0ad7
42c1d4ed
426b834b
42a72ef1
430d51b3
429fc897
42ebb9fe
42b2a8f8
430a5b52
42bf15c0
42c7ad1c
42c7ddd6
42f99f9b
429a7976
427ad964
433e16be
42cbb003
423b4a25
42a9287f
428d057e
43719005
42a9ccfe
4201eede
42184328
42a9e2c9
42f91120
41fc74f4
42af4130
42405579
42f5f14c
41bb4dcb
41cd34f0
42830bee
431f35d2
43014940
430a844e
42c06697
42a86549
42ab6c21
42ca926e
42f45937
41f1ead8
42eea18a
42470272
42b7a1ae
4257c314
42680e80
42b90c38
42958d74
4241a170
42b637a8
42a797d0
428b2bfc
428a8317
42ce7be5
421c606e
4298251d
431239a7
41d9da60
41e24c7c
42d84c74
429372d3
42cf288c
42e1a630
42d571e4
426d4980
42407f9e
431d6bb5
4230e29e
42f08d3c
42d100a9
42dc356e
422038b5
428871fc
42906200
423e95b6
42292322
42e0ad9a
4236dbf2
411ff978
42a27914
42ac18ca
42abe4e6
42b812ba
429467d3
4269e24e
429398c6
42b4df8a
42ba6a6a
42d3e6d7
425358a8
42ac6202
41b9fc00
42134270
42584e63
420bc91e
42b2b5ce
42968e27
424e1cc4
428cbf1e
4299924d
42c650ea
425f5f49
41e5dab0
42fec18b
42b8c690
420a6104
42ae0573
427c963c
41f398c8
42aa0c98
42647c05
42487f0b
425bb460
42d418bb
41d2c918
41e31f38
421cdb04
42a7bfdc
4223e540
42a7536c
4292bc44
42f88b94
42ba20e6
428f23f9
42830570
42639fe2
42ec600e
4290e5f9
42ad5ada
42a3ef02
42344d69
42decc34
42c963ca
42f1a929
42c9703c
42ccb79a
411286c0
426aca2c
42b7cddf
42df55d2
425e2bc8
42499923
42d58348
429060de
413a0760
42d9ce98
426ff004
4230501e
429560a4
42b080b1
419ffb20
4284b4f8
428e0152
4276c14a
41c442d4
4264d56e
42688060
42077f45
4183f93b
42ab4896
42cedb03
42808844
42d8ccce
428aea0a
4259d778
42ab9b24
42888db8
4284de5d
41218a48
42b90e28
420e5e12
42891646
42212d50
41aec3a9
42d28464
428b224a
426c7d90
42dcf5a2
4230a99b
42ba4a08
42485752
42a30940
427162a6
427d9a70
42b4d314
426b4f8c
424e9d3e
42ef1378
420ece40
42712da0
42f1a000
42a29468
413ae6b0
42379ee6
42bd4388
42b2c080
42a27793
4330e65f
426bbb50
429e3808
4282ac25
42861742
42ae8c04
425ab41a
428754b4
4160c638
422a6609
42ad07ec
4289475d
41e50608
423f3b98
42bb2bba
42a9005b
4247890d
41ba77e4
42a2d2f2
41704640
412ece58
428ccc32
41a74810
410c68e4
42cba798
41901a88
4294f649
42e71618
42564bea
4201d520
42a02d0c
42381418
41886fb0
429d39a3
42c03c10
42a8d976
42011f90
4205f209
41eef4e0
4266a696
43057535
42434278
427b4904
42afd5b9
42c964cc
41ab5c80
4148c6a0
428afda8
4299121e
42de6609
42a4b41c
423ce02c
4280bc42
40d7a1b0
42c53ce1
42a8b042
424481aa
4296950d
42af43e9
422b3e18
42a10166
4247524e
42acaa48
42c4f117
429131c5
42e7b2ad
425439a6
402f42c0
42b0fdb6
425513d8
42f2153e
42870cc2
419c6074
42aee3cf
41301d60
4288e2ca
42a7d762
42023e28
4280a9f2
42a95a32
42c1d37f
421466f0
42ad669e
42804d71
42222c6c
4247d31c
42365604
42472c2c
40db146a
4285c5bb
42b7e13c
4251eb88
42ac9d48
42aeff70
41f213ab
42e982ce
42780290
42911ee4
42359200
43240e0c
431ab9e0
42a7a12f
4304a220
42f32cac
430361c3
42bfb2d2
4346badd
426d9f13
42d4360d
432f2253
430ac53c
42feadf0
434dc524
42d5cdb4
433f297e
43193070
42ac8ada
4270e23c
43164252
42e27708
42d39092
42eb279a
42a6c83a
43039f7c
42cb1b44
431d9530
42f279be
42e9d97f
4307ea73
437304d1
429a03d8
436e3311
42a9a688
42b4c908
43055400
42c98458
429f67ea
42e98ab2
43166a46
42b2ca30
42ecb381
4322957d
4343ad15
42e7bde3
4306cfa8
4305bbca
4314d98a
4337af8b
42bb27e0
42d3a8fe
4220e5eb
42f300ec
42d5155e
42f76010
43256386
4307a4a2
42993c04
42760de4
433449a3
4349036f
42c9260a
4310b7c3
432b94b7
43077f00
4242243d
42d62940
42c79dd7
430b791d
431fa116
42de16e2
429aa873
4310c9b6
4356077f
42a1aabe
4214d758
428603ca
42a52dea
42daa0f4
42f6da01
42d1845c
42ff3c68
4318f844
431adec7
431dedae
42c6675c
42c7b60b
42b0a260
4337c0b9
42c34a31
43136851
43310db1
42d6c030
43216322
42ffca18
43462eab
423140dc
426371df
42af716e
43067bd6
430c4a53
429cc4ab
434239ce
42ae13ac
42be763a
431a1e6a
42e312ca
43239bce
431e7aca
42974596
42ad9c7d
429ded3c
430bad3f
42a23828
42ee5dfe
42adc448
42c0dab4
426a260a
42430adf
4305db86
437bb792
42e6ecca
43409d17
431196c0
42d39524
430d6804
42d7299b
428d4512
420d5b30
42c22732
424cdf45
42988c32
4286328c
4220e863
43123244
42b98a78
42720b1c
42b4e360
42244130
42d3c907
42b1aecb
42fd78a3
421688a2
427360d8
43080ce4
42965584
4154ef80
42f423a8
42041940
43024ccc
43108f7c
42ca7c94
428b79d8
425e2990
42d7bb3e
42c5a010
42d57038
42f5f8c2
42b41aa0
42654dc8
42e3dbc2
42cbedee
4293ee90
428b885c
4295801f
41b9fcc0
42717198
425590c0
42b31426
42a2e17c
42d7ebc0
42a2a7a4
42fcb8c2
4275ae01
42bab02b
42f358bc
429bfce8
42771dcc
42bf764a
42496d0a
415e9c30
42566040
4277ae80
42714a80
42bb5144
42785f40
4258f1e4
4282a482
428a7280
42817280
42d10c10
42f13ef0
42d5b194
427165f2
42b58034
4228dd00
428cf3d8
43056334
428ef71d
41991678
42b905cc
42e59bec
41ac49c0
420a7224
42bc20c3
4293d460
42973788
42bf8d42
42aa6a8e
42f66882
4262e350
4299d6a9
426c4b94
41a7e918
42ff44b8
42bd170a
4297bd10
42612509
42891141
42f5d7f0
42ec10c2
4303af50
42d9e8c2
429d3ad0
41048a00
42dbdea5
428cb3f4
42f2f9da
42ba812c
424c4253
430857cf
42639450
4271c78c
42d20250
428d4270
42dd3634
42c59181
42aad4d8
420f0f08
4292a4da
42ae1981
428ca6a5
424cde30
423e3760
42877128
41c3e792
425bbd76
42a16371
42be63cb
42de2443
42e3c8d4
4298c37c
42f09ff0
427bac60
42a611f0
42983d00
42997ca8
4294d060
427099a9
4238f22e
41ffda68
41aa976b
4287c6b6
42ce4e3e
40fcc2a0
42644a48
42608294
425e5a68
4217d0fb
426df349
422cd664
42a7a2c6
42b1ba55
4230da90
4204fa5a
428a1f7c
4239c7ac
42aa3434
4147a1d0
41fadbe4
4213bfa4
42add3d4
4298c5fa
425e32a7
420dde28
4255c16c
42d8b24c
4188e813
42affb5c
418a17a4
420ab304
42367140
426dfacc
40ed59a8
41efbc5e
425a2408
419b9ad1
421701bb
429e87b9
4255ab9c
4210647a
40b8bbf0
429154da
425db6e8
42ce86c2
42886d70
41268d40
42167e35
4137d970
42023a64
41ab3220
42b0f585
4230862a
4188a828
4181fc9c
4255424f
4288dcfa
42195a4a
42104d60
42767bc8
4256db38
423571e2
425d27b6
424ea7be
42002c48
4208bf50
423ccd14
421ecc88
429f6a91
428aeda2
4212d8e4
419228a6
41fbdda4
41f525c8
4112beb0
42830706
42715ff7
429d0797
418be8d8
41e66e46
42580cba
427db1e8
42393288
42578385
42d1ab35
41e16ed0
4297a639
42b7a4ba
41cf6426
429a62e8
41992e20
428f8828
41a31404
4261d1be
4253a0f4
421c18c0
41d6dae8
420a624b
42804794
422dfdcb
42259760
422c4fe0
426f0cd0
4272c134
429240b1
40f31860
420bfafc
423b5ddc
42469000
41140f60
4278773c
41aa7cd8
42417ac6
4222e387
4177f220
42846550
42bf4ae7
41ecea20
425f177c
42b77a52
424762d3
421c7608
42451648
40fd8520
42764e40
42679b04
42424b40
4303f412
428f5868
4250a866
42a94e38
432173a0
42100908
42e29cba
42e6749c
422bb65a
42461f7c
434369bc
422ff6c8
42d341b6
42674b58
420394d6
429af5eb
428e7620
42b768ac
42bc6584
42e76980
4273ba64
42c3b1b0
4199af4a
42baecd4
4298811d
42c3beb3
423653f5
430311da
426f0460
4319a35c
428a5ae0
4266dca4
421fb6be
425361ea
426b22d6
4261de48
42bbfabc
42d264ce
428fde12
42bce3e8
42ce6cd4
4306a8fa
42d51ecf
428fda1f
42a59784
431d43c9
42299706
42a5e310
42252e99
42a923b6
42dcebf4
42c09f60
42a0320e
4272d6b8
42f0361d
42d699aa
42e5daf4
430a4b35
428926a4
42c00772
4303cf94
42c6c79e
40b79ba8
427ddbdb
422d0488
424b08de
42a033c0
424165ae
420ee102
4284aa50
430b0071
42930138
426b8c70
421edf00
42ccfe8e
425f41d8
425fced0
427239fd
42bbc264
42f13027
4334b0b2
4295b378
423a87e8
42e9af9d
42ec6817
42e4c8f0
42a9c13f
419b04be
428288c0
42b23381
42fab752
42883bac
42f90aa8
421086f4
422c9990
4269ca80
42a73c78
42733890
41aa72ce
42c3f5fe
4297840c
4124d928
42c89464
424cc4a0
42799be9
4318c438
42122598
42728ba4
42081d60
42cc89e9
42d132c1
423ee16c
4255b01c
41de70f0
42276ca8
418e3505
42a1df29
42e28457
41e27954
42f519e3
4226de35
42d871f8
42abfa28
41f1e080
42be718e
4293efd5
42d59234
41e65209
427aea72
424e14d7
429a1f1b
427ae5fa
42ceaba0
423ad907
42a909d0
429fd0d3
42e4b4c4
42863a08
42a23b63
42cc0e03
42d833f3
42e14101
42d7c0bc
42648940
42fca21c
4245db08
421e7ae4
42c1755e
42935804
4241dadf
428d7650
429ee301
42fe1efa
427ce486
43079058
42db8e8c
4296e245
42f049c8
4247107a
42928d42
42183678
4292a57d
418cdba0
4234a5cc
42cfda64
42485966
428c59c6
42a619cd
42daad89
428f7fdd
42672a80
426ec781
42c5b2f3
421dd926
417246d4
42252aa7
41bb1bbb
4231b3ed
42a61299
4204e9b4
42b9623c
42c968b6
42753ce2
41f7aee6
428f18a1
42b5f4d2
41d13942
42d0224e
42bd9dcd
42a031f0
41d2f8a8
425742c2
423a3332
41d3d888
42ec6752
4244908f
429d5dea
42e8ccbe
42d54b72
4278f63c
4186b59e
41fcac6d
4239e6e6
42c3525e
42852b78
422771fd
4290dbfc
4233ad58
42aa8d5e
4317b79b
4263c6a4
425f0692
429048f9
4291450a
42aa940b
42363729
42ae41ac
42cca8bd
42b7a644
42fcd5b9
428d4938
41c158ef
4291cade
4247f5ce
42eead47
424e3c66
4223fbda
42df0bd8
41ced15f
42cce221
4293d679
429f6194
42ef5ac1
42a9a408
422f6bbf
41f27fac
428fee1c
42d64a46
425c7e4c
42909a11
42789a51
42a9c06e
413146a4
4257a249
42b22426
42e27177
429d22ff
42dee6e9
428f3ed6
4288eb8c
4288acec
42d01bf6
41cae288
425d4ecc
42a2386a
42664866
421420f7
429f7dc8
42c22ce6
41e227f0
4293595d
42566220
420e6984
42835ce4
4282df95
42afdfea
425f3929
42719000
4226af9c
43069997
40cb661c
4286a08a
424650df
4229fdbb
42af1a6f
4298da33
41df0cc2
4257bb2c
413994c8
427e6836
427bf322
428e1202
420c6bf6
428b7800
420c5770
42a33dae
4243e3f2
424e0f1a
41683d14
41d0c642
4249a7aa
41872f7c
4218ce92
426339e8
42a96f02
42516f91
4120a300
420b35ca
41fe66e6
42977168
42cdebd1
42951db6
4176b276
425a6373
4135fd18
422fd05c
41bd0c0b
429af1a4
42495036
41f74aa1
4292ed97
4283e908
428d2ebb
422fba86
40a849dd
42a222a8
41f4d363
42885172
41574b50
42b29dbd
426c50a0
41da431e
425eb7eb
42219258
4215ddbf
42730713
42762db4
41e50dce
42251534
41a1d0ae
42939dda
4197ad54
41e04896
4215bcd7
42decfe6
42aeb38a
416c5b4a
42426deb
4218a62b
42c82382
40d53ca0
4269edfd
420e08bb
4277b3b0
42d69f1b
429ea4f6
428d70be
42314e38
42b1a842
420777a9
421c06b2
42a25c08
429d89dd
42524272
42913fbb
4302b800
4264e7c5
41e8befc
428e6375
424c2504
42ef8bf1
41a54bb4
427da432
4108db58
41b5446c
42204000
4238a23e
42254550
4181a9b1
42a21e7f
41220e0c
41832174
420aa4c9
42c820b0
42a67fcb
42a86132
4234254a
42325f3a
4280817e
4285cfc2
42d03dc4
41cae86d
4285dd5e
42319570
428043f4
422fddd8
41d9f3dd
4285b068
42b82f2f
420e08bc
428cc58c
424065c6
42821298
42072394
42bc9bc0
426b8ef6
427c9a18
428a3b80
4245bcec
42218364
4285dd80
42097c50
4281f480
428b3f0c
4236c758
422b81f0
4227feea
4282a234
4287fe70
429b4d72
4288fd45
42bf6a16
420d9ecc
429825fc
425d4b0c
423f10d0
4209d646
426748be
400bccc4
41af8ce0
428453fc
4289eb0a
428ab084
42879274
428d95e8
4282c008
4243323f
42867649
4277f530
428c83e8
41a92808
422eed9c
4214f96e
41a61fc2
426b78d8
421d1848
4279819f
424fb198
426d1d50
42526010
4236fdbf
427613e8
422e9640
429ce3fc
428b9110
4259cb18
420de30e
4222a3ba
4216fa98
41ba7328
428ba598
42447650
4214d0da
42976d40
42a115c3
422d20c0
419d7a58
420199e0
4284a469
428081f2
4234fbd0
425ea4b0
42995a7e
423eb5c0
4293376f
429134aa
41ff7038
42adc6c6
4285f186
428521b0
4250ec57
420617e3
428f10f0
42919fcc
42a54351
428abb4c
428608ab
411ca060
42951f70
4222bd0a
428752f6
426dd7b0
422f23d9
428f8c22
42122662
423acbe4
428d1888
42872eee
4280d392
42b5a9aa
41bdd598
42189d38
4217c6b0
429411b7
42612654
4221ce6c
41f07468
42135669
42053150
421341ba
424abf9e
428df1ad
420d72d0
42991d06
4244e979
425ca7c0
4254fc78
4238b5f8
42216530
42c98445
429fe698
42f7f547
42c057c4
42fe73e2
4280f29a
42a3e550
435cc8d4
41e29708
4317821a
4313a26e
4263103e
42898dcb
43247673
427cbec8
42cc3f83
42fb149a
41d6c658
42f6e184
42f55b7e
42d271a1
43010402
42ea1700
426e1b6c
431f04e4
42682851
42b6bd3d
42c55e6c
42b06d94
426066b8
4311f402
42ae6328
431370cb
41a0d7a0
42b74503
429d8712
421943a0
42bb5f70
425b72f5
43015202
42a78b7d
42df3afe
426df220
42cbde45
4313ef1a
42852902
42e22239
432553a1
432ade1a
429b29a1
42c0f3e6
41ff3a7a
4283818e
42b87594
431b7312
42eb5a08
42a9298c
4305e0b6
42da6f63
4300694a
42f72464
4226a80f
42c4e4ee
42d1d0de
42f666f2
41bfed82
428604dd
42576a24
42eb2568
431a16de
42d9e6ae
429cbc02
432d142e
4312728e
428d364c
4242e03a
427aca3c
42de2eee
42720eb4
425ac2b8
42b30582
42ec8f6c
431049d0
4312de9c
427403fc
42b6d66e
42f61ae4
42ed6b84
430820aa
430434a8
42f493b1
42bebe90
42932b18
42e71c26
42e214ac
432ba8a4
424b7a80
42e827fa
42c7c832
43108a24
429c2dd8
4290908d
430ec694
42bb33b0
4206e812
42e15c0f
42c714fb
4308d337
4319e82f
42dcb89e
426bb5a4
426cde2c
4289581e
42a12229
429ca722
41c27778
420db71c
421462cd
4207f3ca
428f34b8
430d71ba
42cd5011
430bc0bc
429990f6
42f8b6c8
430a6639
42745e94
4325ee06
41ed9892
42c5be56
421443b2
42730aa6
41ffd77e
42b91bd2
420fbbb8
42abb86d
42697f10
42ae344c
42bfb282
4279d85a
42724638
42cc2db7
42725acc
42832ecb
430aa9b6
41d12c6e
42ce19a3
42b8c506
427d76ba
42929e91
42ea3558
428dfcdc
42734536
4230ad6b
42e71ae8
42872d05
42c48058
42972686
42b76a04
4224990c
427a5e50
427fde80
42356abf
418c7376
42b134e7
4221c226
419ccfa4
424da074
42dd1518
42d1e4f6
428d1ee3
425819de
4242b4f3
4282c040
42a5c9a2
42aff504
42b9f23b
41a44dde
42647166
40e1d538
4251786e
428e2600
42625ca6
42a58f4e
4215410e
4297ab3f
42ce6f4f
422d5a82
42cb0ef6
41830854
4245f5a2
42a9247f
4276f1de
41167914
42991f58
427d816a
40c9a2e0
425bc808
4239f35f
42523a81
4299bed8
42b25376
423cc0e8
41f0072c
4155030c
42b000bf
4208af01
420045bc
42496e3a
430b4e44
42c48517
42d62b09
42aaf26d
426b4abc
42d66bd4
42809f5c
42bb5b02
429ff7aa
41339da2
429c98cb
430106c2
42d2abe9
42a5abe1
42bfda45
4093c9d0
41eca16c
429b3485
42ac2d51
41d20ef4
42791498
42c946ba
426dc631
423cbb70
42b2d1a5
42aefeee
4248c2b8
42a7f571
424d7d65
418e5914
411bb280
42a32fca
42d35bca
4221ce79
422339b6
428cfb5e
41e21f2e
411b1f56
428779c1
42c49a7b
417162e8
42d2ad39
42183f4f
4229e540
42a699e7
4281ce0e
429b987c
42388e5b
4316ac46
42a9a201
4300b7fa
42c6b067
4262bdc5
431614cf
4332af6a
4282d132
43310eae
42d0788a
43009c15
42432941
42fc13a8
42e7fb08
42d4c6de
430eb59e
431271d0
42d41232
43415aec
4269e4b6
42aa9904
430d0040
42fcb5c8
42c51274
42dd201b
42fbbf66
431b8ddc
42e3be6d
434b32d8
42b8fdfd
42e5ee11
4300161e
42aecf42
42856912
42a313a5
42ce986a
424ca6b0
42a46020
43047f2b
42c8a138
4285c1e5
42b81cdd
434421f7
432da819
425bca62
42e66d72
4312488f
42aa7584
42c95561
42df115a
428b6b39
426cb418
42bb5054
42ec8a90
4310b511
42e681ae
42d1a678
42b54135
42ec6a9b
42b23bb8
42ae8d42
43240b1c
4306f626
434043ec
426dde42
42d4db01
4223e8e7
427ef874
43717d31
42c045b2
42d888f4
431f5b8b
4314a872
42c37dff
41774350
42612e4a
424295bc
42f62e60
42e5be88
42cd5d92
42caa25c
4237bedc
430a4c4e
431bd607
42a489bb
429371da
429f7ab4
42e21f0d
431e722e
42c09a26
4317cc1b
42ca1e68
431d6449
435d9a3f
429f4144
41a6ac17
430b91ce
4274f4f8
435eb18e
42aeb8f4
40ff3300
4303ab58
42bac1f4
429b7bf0
42e59ff6
42fa481e
432366bd
431321c3
42da5d7f
42664a9a
43284b27
4312833e
425c6de7
4293a0be
42c5bc86
42a56d34
420070c0
4256bd70
4327ebf6
42cbf7c8
431842cc
43063d4c
430686d5
432286a0
42c5cd8f
4304190d
4299e11c
428c75bc
430a7e21
430442e0
42b64c29
42dbf2a8
42cf2098
428e29fc
430fb5c4
42952e64
4295d370
430ad1b8
42d76e58
430be9a8
42f2b781
42fbd898
429714e2
43269432
41c449d0
42f08d30
42a2a328
42ac9f74
42b17ec8
42f86960
425a53cc
42af0758
4253c972
431f9a1c
42c55326
43078b86
429f47e4
43015e55
42952d9c
43209796
42b07a3b
429ac91c
42a52d72
42b895c1
42cd1100
4185bcfc
42ed4a38
430d5f8c
43126032
42c225d0
42e1480f
42c7709e
4297880e
432728b6
4312cdd2
43225371
42106a4a
430a1a04
41fab784
42bb4ec3
42a41548
43147436
42db05b0
42b164b4
42c5a59e
42aa8423
4302ac0e
42cb9958
42962469
43150308
42bdca04
42e14d7a
41cb0c64
42f7be56
42a7cbe0
427d8700
431de8dc
42dde9fe
42ac4328
43030e9a
430eefde
429b6300
41fceb90
420df960
42c006aa
4241d090
4285c308
42ce17b6
432d34b8
42f2a3fc
42e1d47d
42f0da58
42e91411
432bc48c
422bfe49
4315da5c
42c156ce
42e19ff1
431da59a
42c84b24
4312c705
42eaf05d
43366670
4238f3c9
424ed670
42c813d6
4309ea30
4301e9b8
42aff262
43466a87
428b154b
429af944
42d81d7c
42e98310
430b3494
4302838b
42c9e7a8
428092d6
41c21300
428c1128
42b735a0
42932918
41e0f7e8
42be4339
41f86a3f
42062abe
425eb55a
4342b1b2
42ac5d5c
4321fc38
42bfce4a
42c3daf0
42fad418
42b8f900
4313ec3c
4192d0f4
42fe2760
42957a10
42a84634
42bcddb8
429d8752
4270edc8
42d34d13
425e9f82
42c0670c
42ac25a2
42c6e160
42abaabc
42033fc7
430de30a
4202af90
43089342
42b5a0f2
42a597b0
42c791bc
420ba9b8
41f83980
42b68bfc
42c903d5
421de772
41e83460
42e9abf2
42f9201c
42eb9c08
430b9345
4268fc20
42dae30a
42c1a1a8
4208f540
42aaf263
4234d57f
42a218a0
423e7714
41a46c74
43135fd3
42c08a7a
42963936
424ac2f8
42a2e175
429d6d55
421392b3
429468a8
42db59c4
422241f0
41991b84
42b04de2
42307eb0
42080976
424751c8
42714120
4289484b
42c07826
42bb9d02
42324a88
42b81a2b
424ec29c
4149c22c
430f61ac
421f04b8
42cb7a9e
41945800
428eff54
425c87cc
41d2a940
432202f6
4287f88c
42eedd20
42e84c7c
42920544
4296f8d4
4154fc10
40c69de0
428e4f34
42d8e47d
422ea918
426c44f4
42b3f806
421030e0
426b16c8
431abf4c
42995e50
42cf4314
42159f20
428faf98
42d5907f
4244fa70
42d58a38
42ad46fa
42fa3e8d
432fed79
42b1db2c
4216e72a
42aee7c4
4289b3cc
4326cc37
429c0547
42074006
42ea027e
427e4a20
429addfe
425cf7b0
428319bc
4309a8c4
42ad9ba9
42a51c0f
3f92a9c0
42b4406c
429ebb39
418baa60
425cc604
4256611a
42d37dfe
41890144
428da5d6
427b5dd6
42b0ef58
42a99030
42e5f232
4237e695
428715a7
42acbd94
42e36a4c
428ecf68
42b09ca5
42b060d0
41b226e0
428862a6
4298af7a
42e095b5
41de1cd2
428a034d
42068120
418214b8
430aaeee
422b77fc
42828957
42886736
4217d89e
42ccecd3
42cd8e48
424d08a2
42cdb3d4
4298f35c
42a05f65
42382b86
4300f0c2
42009d08
429440c8
423aed51
42727e90
42977ffb
428f31fe
42334cc0
42adadd1
4011a810
42af7975
424cb788
41d53fbc
417d9b70
424d9952
4286d523
41b615d1
3fa59300
42750ef2
42a1973a
42bbb665
4276b058
42aac290
42b31830
424387e5
4308edda
42a862b2
41363150
4256db68
3fb93460
42e30757
42a434ec
42ad7f7a
42a8e05a
41d09f14
42869e0f
42495b94
423b7bc6
42eaa5e7
40c7ff78
4280086a
42cfa59a
428408e4
40c6ba88
42d18bdf
42178868
4227ddbc
428a9314
424cdcc0
42880fe6
42d97fb0
426bf264
423dfacc
41e68254
41be6508
421434c5
40a05d20
4248350c
4217501c
4246f297
42a87269
42bd027b
429aeb8b
428aefe0
42a17550
41c02af1
42750d08
422ab44e
424d52cf
422b9600
42ff7e20
4289bf20
429486fe
42cf6afc
41ea47ec
413e7b40
42c17278
42985d16
4165bef0
4191557c
431554b2
4282c347
422972be
42c382bd
42820bd1
42a99a5d
4292fcd2
427261ec
42334b4c
41aad017
42d80e51
42af9a98
4218faac
4191d526
42a6381d
4110aaf2
41a2dece
421f9928
42cc15fe
4299c4ac
42cdce5e
42534ca8
426f5059
42b0459c
423e646e
42a734d7
4229c8e7
42b76c65
41cc37f5
42901cb8
426b1730
4265c3d9
4279d864
428b22b6
414f4028
422bf5a8
42240746
42b3673d
4264743b
429eab8a
426c006e
427e38fa
42bf59ba
42770bf6
3fcb0e80
4261bc18
423e5b74
42702a14
428e6b50
428c274a
420de308
41502490
42445efe
4297c820
42a66336
423e5fe2
42a70948
4232308a
42bdb43d
4227e0ce
41e5e468
41c098e8
4229a88b
41b52c14
420968ca
429aa0d0
42137da6
42546798
42ac52e8
42480820
427315da
421b6e57
427c26d4
427b6968
429536e4
41842c8b
422b007c
4216b90a
422e614e
42160206
41d857b0
420dad22
42488274
42558ced
42010144
427a207e
42805ffa
42257700
42af25ac
429d1bd8
42904ace
41c0deac
42a13007
41eb8830
4136e390
42842280
42109b3e
42115740
41f55ab0
42a5e499
425efa98
4227b194
418379be
42160db8
42064060
425088b2
423b69c9
426b2354
426c200c
42109975
42b8df9b
41d6d084
42c7808a
420c3451
425aa660
423792ac
41888d60
42ae68b4
428c4b52
42d57db8
42963fc1
4280fcfc
41dd9450
422fdea5
426cc004
42a72efe
4226a9e8
421ba2f4
42b7b300
42874c81
41dc2ab0
4276af02
4212d5d8
42a78486
426d9df8
41dc0ce0
3f041300
42875dd6
429c0d3c
4205b8b2
41835380
4218dc30
429e4e89
411b3164
41a0a48c
4230d2f6
42a31878
42ab4e6f
42a8d052
4287150c
42051fae
4250f328
42a61522
422059f2
42b4d77a
42e70c21
42710dd3
42d1b940
42fbf5e2
42d7d1e7
429c99ea
42ddfa76
42322748
42477e20
4312b79a
4299f54a
42c9ce01
427c7fce
42c68ac3
42cd42fc
42f664a5
42c0ddc0
429df55e
42b10f8a
42acec10
429444a4
43070772
4262dec8
427940dc
424e06c0
42c1106a
43109dbe
42f74072
42ee235e
42f7cb60
4280af53
4315bc5b
425ccdf2
42e79e20
42982064
42a6ad50
421a838f
42246f8a
42edcb7f
4297518d
42c5b662
42c2cb37
428a5a1c
42d95d95
42d28536
4247d36c
432432e8
429ab31c
42388bc8
42794e78
4236aa46
429e8688
42be9b08
42321734
42b7bd09
42d45c1a
42d6b882
41024fe0
42abf81f
42f9f1fa
405236d0
42fd344d
42af504e
428e8732
420053f8
42a7b191
42a4d148
4280b7a6
4301f6d7
42b35c5a
42d0bad2
432a5cc9
42a5bbfd
42855de8
419d3808
4283b154
42f57164
42c63b99
42634589
4291d15e
4289aafa
428c7f5e
427ea723
43053660
428bb4b6
431782fd
42c21dfa
42843d9e
423655b2
42911869
42adb526
43056a0f
42b3142c
43038ccd
431b63af
42554b66
42e19b82
42e0e7ee
42de390e
4290a364
423ae5a2
432cfff7
423d26c6
4289765f
42c5afa3
422dde68
431f36fc
42e54674
42a0dc7d
4202991c
429432de
42f405ca
42091950
429bbc86
4208e50c
42e61c41
417b5bdf
42c30200
4210b89a
42e1ea92
42d3e403
43175085
4248734b
428ff9ba
42e49060
429baa09
42a4e904
420ec9ae
42d5e3cb
426a09fc
42bca84d
42a24fd2
42f86511
42498220
42d97c89
42cf9428
42b402e0
430604c2
42671500
42a9315a
42f0c0d5
42a19aee
427b22c8
42f19558
41f2deb4
42fd3f48
42bc4860
422fa130
428d996c
42ecd452
42550886
4299ff78
4258f5c8
431782c1
4293554c
42f7a954
4306bc6e
42c55560
425aa10e
42d3d66e
42d7ac7f
428e194c
425cd40e
42bbfcd4
42635380
4201896f
4266d840
431862b0
42c48826
42915eda
42e0e14a
42976dc1
42da45b9
42ad5ffe
42d59660
42ba9a7c
421dd0b8
42cfae61
41d5ef70
42a76d4f
4282a8d0
42e8f7c0
42e74aa0
4264850c
42abbb84
42d13a9c
42d06884
42e4e828
423d0f7b
42eacfc8
4279e524
42c2b9f0
4185d820
42a8350c
42c52288
4280eeb0
42eccf1c
4297d1f4
4257041e
42c7ba16
42db10d0
422cdd60
41101560
4221e9b8
42e03c00
42af59b6
423c1e50
42972040
430fc468
42d073f8
42f6f2c2
42a6110c
425a01f6
42a7ae84
4204f5e8
42e74f3c
4275790a
429b6d2e
4306a730
42ed9028
42cff460
42dc9d57
43014162
4114bee8
41e71a00
426103ec
42c4d699
42d85e46
423694c2
43021458
427750b8
424d71e0
42eb075a
42ad9db0
42d35522
42c6ac8c
429e40e4
425d058a
41dd3060
42c484f1
42a9709f
42a5bcae
428a7fb2
42915140
425303fe
42309ff1
42d3b22e
42fa6ff2
420ce0f8
4302d401
423d0d7e
42ac1354
42c96a48
424a9870
42a5db0e
411d3faa
43201cbe
42a7f278
42f92b47
428d0b5d
42812248
430bb4b9
426e3599
42985329
4291fe51
42d1b85c
429a2a88
42bea25d
42a48ec1
428835db
422db2c4
431f946c
424d8fea
425cdcbc
42b4c301
4287efb8
42d6697c
4309f80a
42d7e3e6
41f72e3d
429d4c90
4355198d
428c51e6
4339ed30
43186b0e
42a719d9
42230798
42a1da92
4303e923
425e32d1
42a3e049
43285249
422c99ce
4103bdfe
42a62c92
431c2fc1
42ca88dc
42e715d0
42d884aa
42b989b8
42b2332c
4301f864
42d62240
42f8d09b
422cd19b
42fca037
42822d84
425ee492
42592713
423f829e
42d25f1a
42a05939
424ce44d
42520668
4293d9d3
42c79d0a
42c1c584
42aea26c
42ea6994
42da24b2
429d6fb2
4306e842
42c314ae
42146436
43099ef4
42d277bc
42782a1c
42a7cf1f
42cd7202
423937fa
40ba699f
4284aaad
42db9c14
427dafcf
42c230c5
43054269
432195df
4262588a
4282ea80
42a795ec
4297b8b1
4336037a
427a391f
42e5c029
4250410e
42808f85
43242069
42f0dc09
431ac377
430877ac
430b01c0
4118757a
429c5fb4
42c5f94d
42e8ff71
42ce154a
42148d17
430b64be
429a3a0f
419ffe1c
42e77f39
429164be
427c4220
42f2a1e4
42cb27eb
420e9da0
42a612a8
42c47976
422b1b02
420ff184
4273fea0
42bfbd01
4229f39c
4232c276
42add8a7
42cad9e7
42841f4a
4308e0f9
42c06bc0
429cfdc6
42c4cec8
429121ea
42834468
4284813f
42817a5c
42c7ea70
4295b4de
429516f0
4223fceb
42c35668
432370d8
4294fcab
42f05cd8
42a2d072
4279c06c
42a044f6
42e530bc
42a75d9a
429ab0c2
42e2de18
4219f83a
42bf8dc0
42c8e6a4
422c73f0
42fe302c
429178e0
420cbee6
429fa389
4288dfb7
42ffa802
42bffa96
42721110
42c8edbe
42df43b0
4292ec16
4311ac62
428e5c60
42cbc337
427df353
4283b144
42151d30
41bd3b8d
42c0bc92
42ae4aec
42adf47e
427149a0
4291a9c5
42b640f1
423346f8
42d42f6a
42ddd144
42d71574
4276471c
4296a6ac
422b92e2
41947ac5
42809d44
42b7e9b4
42d9b096
42afff1e
42d063f6
42ab417a
42dfc6ae
42804d3a
42741a6e
42cc886b
427f86a0
42cea058
419bbb94
424ea398
429d163e
422ed170
42d4d273
42560170
423d1ede
42f46550
42da89ac
4229cf18
41c63cc8
42644520
42e1853c
4254ee72
42738674
427e4990
431ad37d
4288f1c8
42a405a2
428716a2
425ec854
42a76ccc
42cb6d5e
42df1228
4295c795
42b4c474
42fe34f8
4260ed8e
42aee188
42830664
42c97b1e
41fd96dc
42d2b870
42531018
42cb62e4
42b03327
425f7488
42ec4a64
41e62bdc
425dadac
4295ab4f
42a5207c
4306cfe3
42b8ecd3
426d0e36
42808d2b
422acf15
425cbe73
4241d25c
42c2b3ae
42478efc
420e5f64
42458fc2
4144aafc
42c9ea94
42fbadfa
422ebcfa
42cdc702
4282beb4
42f8cd41
42645978
425348cb
42bd6cba
41258190
43348504
4299bf38
42f85ec9
428d65b0
42d74b28
42ab09c0
43157136
42801d1c
43211326
4307d2a6
42f0db3c
42712540
434137af
42b647ae
42af3ef0
4332c3f7
42252c01
42fce8ca
43098da0
42bc03a4
42c941a8
432b9ec1
4302f8d2
42a479c8
4288bc60
431db85c
42b79b16
434eccb3
431af7b3
4321c50c
42993bcb
4295d2ec
42b13388
42842c4c
42179518
4303688e
422db1da
41fb66d4
42f29bc6
433aa0bb
4302e4ae
42ddef9a
43109cd1
42c87b80
42cec14c
42e6a662
42d2c1d0
43206be2
422bf2f2
42d124e6
4228e554
427028d4
42f3b939
42afe350
42fd10ea
429544d9
42b569fa
4307741c
42ad37c1
4321a922
42330f0f
42e2510a
43036760
42c60bfa
429140d8
42ccd9fe
42aa28e8
4295d3c6
43090dc6
43026f25
42ae0b88
42f4c544
432dabb9
42a491bc
42056a70
42451f74
430a0828
430316be
428964f8
4301fc9a
43255322
430124a1
43437f9b
42fa1846
42c4d57e
433f4f84
42bbebd6
4325f7fa
42fc3c2f
42697e08
431298ce
4336f15a
434137b1
4322fa50
432fea67
41233000
42901818
42e024e9
430a9b32
42c34d00
42bfb8c4
42f5da10
42e7a354
428a4b6c
43222476
42fafbf0
4244cab3
434696c4
42c28178
420c2724
428044c7
4303ab80
42fdbff7
4257e074
424911ac
42cd43e2
4286ab44
429a3530
42c7dae5
42fe1952
4260fac8
4326d1b8
4295787d
4291ee08
43273752
42c971ea
42c19f40
422a83d0
42f1fd80
42ca5d94
4309fdda
4300012c
41b49148
42d47ee9
430611a0
41e7c428
42d2074c
42e44250
428364b8
4219006c
42984ea1
42be32a8
42c3d376
42b422b0
429dee9c
42262070
42e1288c
42ae4f6c
4261c2e8
42a69bd0
42b5be45
42b66e88
425ffe68
42f9cd19
42934450
42ea1860
42cfec80
42d6d888
42849da4
42bc6257
424752d0
421a4780
42d40160
42befaaf
4292a675
4229e88c
43193eb1
425d3868
4296ba50
428e461a
431a85a8
42f10cba
428f22e8
42def463
42fe1348
42d05170
42755612
42ea090c
4256ee94
42998f37
42777b24
42c5a02c
42eb2551
42bfe250
42b6a60e
4254772c
42f6cfc2
429292e0
42c2375a
42c3c89a
43018726
4319e1f6
42070998
42a9cc84
41f43c60
42492100
4340e388
42a993b4
42e63af3
42dc683e
42d1e8f0
429eb1f0
415ba560
41757854
4237f658
428f1e68
42c53981
42ae3dc2
4226cf80
429eec88
42897e76
42e15ae2
42aabe12
42b7d838
422e28de
4284ece4
430cb22f
42bb5bea
42d3612c
42031778
42db06fb
4336760c
42cf26b6
41934580
42f03572
429734a4
433c21a6
42b08800
40ca9550
42e90d46
42b8e618
40ce1250
42d3160f
42a05d80
42e65aad
42c771b6
42da61c0
425f90d4
4311e4ae
42bd0a20
41a848b0
41868f10
42877c08
4200aedc
41bc1ea6
421c6791
42b372db
42bf1b26
430b8689
42d94e14
42e3a09a
42ab272c
42ce03c0
4296cf5e
42b48fe6
43046c59
42afa5e3
42a791e4
4285ada3
42cbf978
42d287ac
420c8680
43182a97
429d700e
42571e6e
42e8a9ae
42a98c7c
42eb76a8
42bc06c5
42f5ad41
430165b0
4308d20c
4238266e
42a67086
42ac3d3e
426312c8
42c12ace
42533238
4181b17c
42a6dd28
4264b120
42ef74d8
42c33c3e
42602228
42835c8b
4331d2bb
4230f336
43324d25
4264546e
42c17d19
426ed5fd
4273118b
42408905
419b5326
42be6443
426b4d56
42f273b0
42c75d08
4269fb08
4215034c
4292c1fc
42d5bde6
4303034a
42d7a940
41d746b8
426acc74
41a38364
42806944
42659e0c
42b8a6aa
42e8c280
42a64b42
42bfe353
428392f6
42f8179a
42bd1587
42021670
42e429de
4285f4f6
429e3008
41ab8efa
4288b336
42ba23fe
41c743e8
42851bdc
42174c86
4299e792
42f96ab2
42c3d4c0
423ca34c
421df794
415c527c
42b51d76
421d1a3c
4275dc60
4205be2e
43061aa6
42d2b6ae
424a3ad7
42ee0030
428e0507
428f6518
423f55de
42d73e12
4268d513
42d25fca
42fc24d4
42964ff4
42a27933
424d1f50
42f45716
4249c7fa
42825cb4
4296e244
42b68d2a
42bcb3a9
42a7d49b
4327e4fc
42198782
42af26f1
42b15ff8
42bec1be
432d3584
4256603c
4200ce3a
42883059
4151d0f0
4297faa0
426b5bf8
42d7155a
4239d804
429215af
423873ac
41a23272
42938658
4342da8a
424d9400
42ebc656
4291cfa6
42884aa0
42883136
428ab326
42a5fe2f
4239e7a8
42aff414
424bfbc4
41b56790
41b83528
42678be7
428f11f8
4283e066
42828fcc
42849f60
422900a0
42ea9d7a
42a595c9
42cc81fa
428dd099
42a64d78
42f16d0a
4225164d
421a3fc8
42ba6bfc
42761cf0
429d306c
42e30588
4201101c
4221d900
428700c1
429f9db9
42c4a9d2
42808398
42c3c472
42cc7740
42659b56
42c6d528
42c5f442
4296cf13
420f1f68
429aebe1
411a0170
41233dc3
42aa8620
4278becb
42ed40af
4268d6d4
42a55ea4
4238bfee
42563ba5
42da11f5
42ae8746
425e2738
4155c9a0
42431d2c
40ac8790
41c3fa70
42a22f08
41e85acc
429bba9a
42c193b0
424f1858
422b2040
4239b333
42773858
428d5b88
4288641c
42be1bed
42524048
42331712
424bd77c
4274f2a4
423d93c8
42c30b20
42817fc2
4182c75c
42b5b4d4
43054cbe
420ff898
416800c0
428501a7
42b7fca0
42710249
4248c120
4278a8e8
430acaf8
42a833a0
425b73bc
42be808e
4201d57d
42ece2da
42bdf234
4276319c
427dc51a
4225e2db
42dd9d00
42c7164f
4262228e
42981576
42b8037a
408a3f20
42ab666c
423ab1e6
42a16da2
429298e0
42d23a2b
42f2b3f2
41dd93b4
42a3628f
42abd4fe
42b414d6
42c5d5be
427f2944
4270e32f
4208064e
41cc67d4
426beee7
42bea0f3
4255ba52
42198654
425521ac
40893074
42349740
4264a410
42eb3804
429a67a0
42e90056
42970d98
424d3268
4286ea9c
42aaab35
42886856
4217509d
4221b881
41d129d1
4219c2b2
41e7c164
4295387b
4112fc39
42107843
42069a26
4191f7c7
42922c52
409a4a44
42a2bd6a
41e49773
41ebae10
40dffcf2
428d3901
4180e812
42384d43
4077041c
421fc2c1
4221bac0
41fdad04
41c7a813
4153ce32
3fd71c7c
42bf8687
41f904dd
423f8e74
4207d4da
41e2c144
4220e41b
42a319d4
41a13417
425588ad
4170f6c6
4222b7a0
423affb1
40dfdbb9
423d3299
42725919
41be4c95
41e478d9
41a3537a
410baa51
42114dff
41a0df1f
4205b724
4285b677
413d3850
420f4d4b
40e0cbca
420ac2bc
414ee0d2
418989d0
41ce92b5
41ff7930
420949ef
41784194
428581a7
4287dff4
40816b1a
41d9c740
4081047c
41b364ed
418edf24
42311ed9
428bb4d8
414f4139
40dc709e
419c9412
419fefca
4171cc32
4212d8e8
415f6b84
4186a872
417dfacb
428dadef
4134aadb
40a1c6a8
41bba628
42ac1997
4231c89d
41e7f2ec
41dfb1d2
4211870d
42694b67
41f61074
42918f97
40cc1282
417f0b4e
426922c0
420a6905
4258bc55
407b6368
42b382ea
41fbc337
41fc74ad
422d3b8d
412e36e6
41c1b83a
4185fa6c
426c67e5
41b8daa6
40aaac1a
412fe3d8
41ba6b02
4211f616
41fe4c14
41dd0b2e
4155465d
4164a808
40a96969
410307ba
423b2682
41b8789c
4272259a
4181a505
41ad254f
41bc7278
4292f858
41a357ba
4285580d
40bb0be0
41b24e9c
421ddd1d
41a354b9
4210dcad
4252ed16
42478224
3fa4d940
4294cd1c
420a987e
42392c79
422a6959
42bc1f42
41d30afc
42b64b4d
423741fc
42839003
42077c4e
42e88c72
4239662f
42a7c99b
423dcc7c
42228209
41b963c8
429564b6
42539b90
420b0568
42753326
427d2376
4234a68a
403fb200
4225e8e4
427d3fc0
420096fc
4284fe6b
42919eff
42915500
42cdfde8
41e5bcee
42146020
412e3b08
415844d8
4218cf06
425d0f7e
42aeabd0
41bdf2b0
41021a10
423dbfac
4294bab4
4279aa0a
423eb0bc
4180ad52
42049482
4258eb62
41f1111c
421e4142
4116eba2
42288f08
428ad8cd
4218bfce
42353ae6
4281f42a
4284fcf0
426e1ebf
42cea99e
428ec404
41f0e01e
42827c2b
42afda34
42ae53ce
41d7a247
41fb854c
413ce130
41a6d280
42780132
417060f6
420135c2
40a17618
42d2cf75
423e4604
424e4e09
40c45240
4203c690
4246c932
424612ea
40d89dba
4209c932
4283d394
42d01b2e
42a8deea
41aa6dc2
41a23b00
425b7940
424d4458
42a46d69
4108e010
42558ea8
4231530c
42977888
4278e1d4
421376c9
41d2bca3
41181500
41aaadf0
42b195f6
41c6e8c6
4093ffd8
424678e8
421b3470
41a28dca
42503e13
41361b90
426b3ac3
425512a4
41e9636c
415e067e
4273fd57
4272a684
423caf82
41e9a704
4280d58e
4201cd6a
412e2357
41b35caf
42b17216
4295d149
425c6f40
428b6134
41e9c900
428c36a2
421c5214
4276bef4
420dde48
42b61a7b
427cc837
42acaadc
42b8f486
4304c36c
424f1023
4293bbd2
42f21c75
421ec944
425271b8
430a4090
42014d2f
428f04fc
42082a85
42b58fd5
42c709a5
4294f703
42bb7eef
4284ff34
42bbb006
42b70f0a
4234cfd2
42ca3ae6
4210bb64
42e3207a
42681395
42aad2e0
42e8133a
4273faca
426e3d7c
42a96dee
426d5202
4304f65a
42381160
429462e6
42aff5ba
428c5f7b
4298e27b
41a4dc01
42f4a658
4200c45c
42d6dfea
424c7f8c
42ccd52d
4301f5df
42ab8df1
42bc3744
43304938
428265b9
4102a0ec
42b20f1a
41fd9f61
42c404b0
42713af6
42ca1fae
42c10e5e
42be67df
42eb3abe
41b23bac
42a73900
429b82e2
426fbac5
42b99b04
42cbe1d5
42e290e5
40a22ee0
428523a7
4216c3c6
422867c4
432e0eff
42900df4
42d39b30
4328ba07
4280067c
428a6602
41214b9c
41ff1fc6
4271eb5a
4249597c
426094c6
4254dffb
421cf1b6
42b240ca
422698f8
42da0b14
427f6a0a
42a70b4f
4298a603
41e42556
42d2bce7
429ef173
423158ed
42417ef0
423930d8
431d25da
42de81b0
423e3050
43060928
428f6feb
431cefcc
426e6716
4159e62c
43186d58
421ffb94
41c6b717
42944f09
4294c674
432c55a6
429173ef
42bb96da
4259887c
42a8b174
42b48644
42261478
423096f2
4241d107
4204eff8
41b32d4e
4243b4e2
42148c68
42c9909a
42f893e8
42ee47a4
42979c92
429f6c2b
42b078e0
4259a65e
42e68911
43148e01
42f9f194
42db7488
42f9f067
42f1ad26
42dc3abe
426185fc
435d3e06
42609dc0
42cb7cce
434800a0
4290414e
4299acb4
4335551a
42c8d190
4335eea2
42f32128
422a3e48
430b25ea
42e3baba
42ccd2e9
42e09d24
429e7b90
41c1d4d0
42fa7b60
42dfcf2c
43104738
42a89d6a
42e32010
42bc93aa
437ecd7e
41c608ca
43354090
426536c2
42aa893c
42d789b1
42bc4d28
42668300
428d0910
42cc18fa
42dd5fb7
42fc59e6
430bad4c
43190176
42b0df6c
42fa1f64
42e9d3ba
430eb3f2
434ace94
4299bf78
4292069a
42234d03
42d47d9e
42ea7106
43077d06
433ca760
42999694
42b68eb9
42b7d88f
430fe9cd
433ec2f3
42521883
42e92f9f
42f0ff36
42b1d7c0
4219a0e9
429de675
42dc14d0
42ebb204
42bd3534
42dec1d4
42c2ad10
43397d94
431aea62
42942e40
41c21c58
4236661a
42e37e3b
42a90550
42b0e2c4
42ca5004
42f658f8
4305204b
4323f68e
42df765c
42f54142
42c027d0
429eda2b
4340d822
42938726
43209a28
430a9602
42cff1e9
42f4ab62
428dac1e
434ce9e9
421823bd
42836cb4
42c90bd9
429ba53c
42eaf653
429b79ad
4323ed8c
42b05136
42a554a4
43192b4a
430493dc
42f5d61c
43302772
423396d8
42ee7a14
41e608f8
4301b18c
42a32368
4300f2ba
421e9a31
4280dea2
42b25c6c
423348fc
42d1537f
4358a30a
42146148
4318789f
42dbeafa
42bb5834
430e2b80
4229a0b0
429f3bd3
4240c92f
42dcd9c6
42c1c5a6
42d1c53e
42aad7aa
4274ad75
42952ac6
42f3f6f9
4234e254
42af53e1
430ab684
421f697a
42a7694b
4294acde
42ac6754
42846eb9
42fdb7b1
422a487c
429a3326
42affcd2
42a1b5c6
42981cce
42a68d9a
42a89d76
429e0984
4284d317
43357578
428a954e
42fa4292
42b85131
42ea83b9
4266b0aa
42d6a1db
4236d3fc
42915a9c
42948872
42fd5daa
42810ccd
41187c78
42ffa635
42e097a5
42d39020
42a143e4
42b9a8f2
429af1c6
429d45e5
42ddc02e
42e4e033
43039760
4200c136
42c2a26e
4227615c
426c7ddb
424c2b92
4286eee2
42d82cfd
42a3c160
4297fb52
42550ffa
42b25ffa
42ea0ebf
425fd900
42803b24
42b2d518
42a9a5d2
42143619
429552bb
42aa7cb1
41e4e500
42e7c2d8
42b27235
42bccc57
42f7f1f6
42b02878
42642ee4
40ce3368
41d1c2aa
42c257a4
427e5bba
426e0b2c
42b7f16b
42fb0736
42aa80ee
42a3d1be
42bf6e8a
42bec54c
42f54b40
42a337c8
42f67cac
42b0a1cf
4290da9d
42c273dc
428f78c5
42f9694c
42f7db00
43168f16
41a3f324
4295c495
42ae9f2f
42e310ba
4296fbbf
421dbef0
42e5b538
4293f7be
41f6e0b0
42a09a46
429b0cc2
42998f82
42f1fa55
42986429
4210d308
423ce06c
428e456f
420d262c
426b6ffa
423df4b4
426f3593
423f8585
4200bec8
426f7feb
42fcd914
41c3a730
42fd7c1e
428417f2
425c0fd8
42d2fc59
4255197e
4297e26c
4251f742
429130d2
41594b40
42a61cc3
42708f5b
4269982a
428a8ede
42d0e28a
423e07e1
42bebace
428ca356
42878f5c
4115418d
42c53dc3
426895b8
42e57122
428f4198
429feb65
42900688
42d0bffc
426d1780
428f740d
42cad23e
4216f094
424fc03e
424c0cdc
4201b547
42cf2355
426bbcd8
42d1b1dd
42be0a74
4230f722
42a0a884
4287af33
42632b39
411e5450
423a5618
3fdbabdc
41c673c0
427e95ba
420bf413
4254caed
426d4065
429da2ac
42a49844
42881931
41ec415e
42b67e5a
421e5a60
41829ef0
4192a38f
41e31af0
423c8208
42c0c88c
420a8a88
42bb57cf
426bede6
42c3e0de
428e5cbc
4275b287
4293fd1c
41cd419d
429fa89b
42bb9039
42b03bf0
41288e80
4243b980
421563dc
41c72950
42a15402
41c78d70
4254a038
42b4440c
42afd572
426351c8
41f3e51c
42136810
42a56fc7
427d578b
42566618
41ebda78
42438742
427183f8
429f2665
42bcaebd
419699f8
426d7cda
42a02c62
41de6550
429099a2
41a1b628
4289be94
42c854da
423a24e3
42b176ef
423a8a9c
416f56f8
42c4743c
42527e52
42c22b99
41aa5c60
41d7a5a0
42aa4661
41fdf410
41fd9868
42c0c80f
42600e78
42d5f89e
4281905e
422232ee
421f7410
42b39078
42eae840
428377e6
422dfcdc
426ffeb2
423b5301
41025788
42085d50
42c3adb4
4245d25e
42b21451
42a3b017
4258cc88
429a8ab9
4262d4b8
4273b758
4249d1ed
42d019ba
43121dbc
42af4e6e
432247a8
42c5fb74
4254f888
4308165e
4349c07a
4122d660
4317202f
430e234d
42d104e8
420bacbc
4344fa43
428033a8
432f6852
42d82b30
4286479f
42b47a88
430043ea
43075336
42fb5cfb
42e31724
42937925
42a73564
42bb284c
42ca362c
42d2e3f0
42ee82f4
42fa8844
433659b3
42897771
43225174
4272b4e4
4265ba14
42b7e969
429da635
4263b816
42baafe0
430a6c70
42820028
423312f0
42fc14da
4329e46b
4312cee7
42a52c54
42b2b099
42d9c480
4345bdb8
42c07494
428d52c0
4278304c
42b05a22
431749c0
42ad3854
43205d74
42c6b7dc
42bdcd50
4299121a
43213dde
431ebdea
42ad31b7
42da9fe1
43309e8a
4315cc00
4267286c
42d851b2
42689818
42ee8d9c
43096850
42c55cc2
42a4b947
42e4b080
4340de7b
42cde838
42505b9a
428cca1c
42b77db8
428339b2
42f87a52
42dfebc7
429b193c
42b3e244
4328fb3e
42df9f78
42dc846d
42ff9e24
42e30abd
431c4b0f
42d7114e
42d0c766
43157052
42a924c7
43100d7e
42c5974a
431eba02
42196942
42ad5490
42d25b60
42f8cd5c
42843596
41e246ec
42ffa112
42c2a11c
41a504ac
430d3654
4287b370
42b4ad0b
4338a7e0
429dc974
429fa593
430dcb5c
4305c9d2
4237c754
4285ba4c
4269d354
428f9150
4226eb85
415090f2
430ef4a4
430ad313
4300ce35
430c36de
430c8703
430b69ac
42ffcedc
42a97ad4
429c7ffe
427a56e4
42904508
425facfa
428bdb14
42b06706
41ee7cd0
41d5e0d8
429610fc
40996fa0
4209e534
429dba98
424dac56
423aa6d8
42053881
428ccce8
42a461e3
427b75e3
41eb2331
4191f5e0
4241e050
429d51d2
419bb0b8
4248ff78
422c828c
4233fe78
40083800
423c0742
4240394c
4261d8d8
41c14047
42b238a8
422607d4
4293e823
412266c0
42151a1c
423fde9a
41e28c3c
42747e70
41538f0e
42e28a3a
40936ac0
424fe090
42308f20
424e2678
423e5218
42297838
4230074a
42b077e2
427c9728
414df87e
425905c8
40ba8830
425636dc
42728316
42253c9c
424bd109
428d0f8e
427e18f4
412b0ed0
42adf9b8
424875ac
414e8733
42413c33
42a82bd4
42819d50
41605c78
422fb70c
40de37c0
41a44c00
42aa3aa8
420ae1e2
42b7ff05
428023b8
426e4800
42459330
420d6b8c
412562fc
41e022b8
41c80200
4248f226
419f8216
3f989e00
4281cd98
4208890c
42b1599c
428f1906
42981458
41d7ea36
41b43730
42ad2a34
423ebc9b
42067928
41e10728
424ed6d2
42abd963
42a0c283
420a2d3c
425155ff
4298c98e
42d7610e
4206eb40
41bf17ec
42c105da
422c203e
41337990
4263392a
41bbfb00
42900a33
4228f2d0
4284c6c6
41b3e260
4282d546
421d6112
418bdabc
40414dc0
41489240
420f6180
414f1859
41c8957e
4127f500
42a6210a
42c112f5
428f26ec
4230b580
41e57d10
4291d6e0
425c18b8
42958bff
42b24bbe
42ad81a9
42f0d61f
425e4958
42eaf056
428051ea
422a714f
42e62346
422de278
41bcccb0
42c1de9e
428ac9c3
42d2bad0
428168b2
42b283a0
4293c086
42db1e6c
40bfebc8
426fdb50
420f8c34
4266f4f8
42b0bfc0
4229d138
416251b0
42792afc
4209c204
42b81ffa
42516d27
429c88e8
4209b46e
43071398
41e970ad
43001d78
421fc832
4296d5b1
42c936ba
4212bf24
427d2a8a
419b5f6b
42b2295f
425204de
42cd5530
42861653
4248f148
42269180
423e1b8c
42dd5a39
42ee78f0
42ef89d8
41b70f07
42a1e8ea
41bd9848
424bad6b
422cd2b4
42cf20c0
42af305e
428dac16
42808a4c
41e8e8f4
42eb5de4
42560cc4
4226bf66
42cda87c
4229d9ac
427f468f
41855fa4
428f4f7c
4290c070
42a6a828
42b7b0ae
42a3a239
427c36e0
42dcaa7a
42afae2a
42052a10
41abbb98
4210865a
42a4abcb
41ba2090
425bf63d
42892be4
42c64884
42ac4172
4192b3c6
426284d0
42a5b866
42e6b57c
4166dfcc
42b98e3e
420b43dc
430dcee2
4301c2c7
420a1ae0
427dba2f
421d1e07
43127543
42301a42
428200a9
42abb81d
4292bd0c
42edd1d8
42ac17ea
431f622e
4214756a
423ab326
42a909df
42863a22
4305e3d0
4273cf42
4293188a
4280d2fa
41a7a9b0
41c10dd0
419f9bac
428a7a9b
40d07d50
425e2385
41eae58d
42261de0
41939a80
431d1ebd
42b3189c
42c9715a
4299538d
426ffd7c
42b048bc
423a49b2
42dc497a
4274072c
434413aa
42d58d67
42ba80f8
42813518
42a4deeb
43046e34
43047efa
42899c00
430e311e
42bc8ab8
4310ad56
42c4bff4
430a3268
429fb6f6
42e6b64e
436dec1d
41e15188
42984b48
431e68f4
42af7248
432e1307
42f2f640
42db4092
4248aeb0
42df4838
434685ae
429f6a14
4315b816
4332d4b9
432d95bc
42721075
42c63454
42bafe67
42a4cbe6
428a87c1
430c8437
42153e38
418467e4
42dd4620
42d39b29
42d86108
42f63c90
42ca9770
42470fa0
423a9c1e
430ec8dc
42eefcf0
431f5608
42c5c888
42ad1018
4219bf40
414b6fa0
42acb0be
423d1b30
431f160a
42da7bda
423fa1bc
42b19961
42efff00
42dc5f78
42864260
4284c4b8
4307d406
42f3ef18
429a3204
42fbf280
42dec6b0
429a4d18
42e2c9b0
42cc8174
4289f4c7
42d44b98
432a8fee
4220a140
41fb3a08
4297b563
42f79f80
42567f48
42fab100
42f633cc
434f6044
42b0f670
4295ce58
42ba5eb8
42d96dfb
43218cb8
42a8b674
43226468
42b881c2
42fb1a62
43613740
42ffed2a
431ec176
42c35e2e
43167a62
40c71940
42bfd706
43056e51
4304cd4e
42bacbc0
42df96bf
431ce35c
429b5154
42768140
43153e64
42d65580
42b19822
42d7c748
42e998d4
4226b9b0
42cc90b1
42a07487
424969b4
429b82da
425bc80c
42db6a30
426fdb2d
41f21d98
430ea583
43263291
42d87a88
430c9bf8
430a1b37
42bcd660
42ee54e0
42f4c1d8
42a1f658
42ac3e7b
42a25a2e
42b57236
42885308
4307882a
42a515c4
42934b2e
431888d7
4282da73
42a72208
42b84bbe
42c1fd86
42cf3e92
42a6a552
42e1779b
429d0fa0
4304bb3b
429f7882
42bdde07
42dd723c
4227e4d2
42b5450c
42f0496e
4241d9a6
42d32cce
41d810e9
427631d2
43083ba3
428b7582
42a20c64
42bde24c
42a98a3e
43178969
424f71a8
42c5a997
4273e3aa
419ffc64
42888dbe
4221359c
42bd1f0d
427ad137
42d8c516
42829799
4281d5d8
42fd18f3
4250faf7
42bd2631
433231b7
427be4d0
4191537c
42bebff6
41ff3baa
42612e5c
42809db4
43072348
429600e8
42b6eb52
4305962b
429291fb
42d815ef
423bc09a
418e6fcf
43227968
4285f26c
42f30879
4143249d
42a1f849
42160524
424943e2
432486ab
427431dd
42ae0e1f
431c12fa
42b18a08
426a6c6c
42304992
422294e0
42938932
428291e6
425c62c3
42280e1a
42bc455a
42ad4186
42854178
42d97331
425b1200
42c91d02
4254728c
425d531c
42c571c7
42c82a4e
42c8cfab
42bb81af
42b5662f
43035ca5
42bc69ea
426b5f62
42f15a33
42a2c4d4
4326dfb5
42b9ed74
426d3500
4336fab5
4264f870
42a3cf7e
42b1d94a
42b5a52c
43516c79
428d1b50
42be3d2e
42452ee4
4281f71e
42a34182
428c5bee
42948478
41ff86f4
4297284b
405590ca
427077d6
425c80a0
42fd0217
430f0355
42ef802a
426fc7f2
42f57b61
42a1afd2
42bc188e
43110c0c
4038c3b8
4292171b
42324294
423d4b16
42041000
4242430a
40cdf2a0
424c579e
428859b1
4236c870
4278b2fc
428dd403
41cf1191
42bdd0f2
429ba4c2
42885f70
41fd2040
411b7afa
42adac18
42175270
421c7d78
40927b00
428ce1e4
41b521dc
4115d9e0
41c2daf0
425368a0
41e1299e
429663a4
42a6a669
42ac498a
41b4f4ac
4217eaf4
42a7ac4d
41ef4938
421d2da6
42313c67
41ae70ca
41aaf8e4
424cbb9c
42ae42bb
428f0370
41daef90
42e528f0
41984ad8
4291ce15
426bdb89
4206f010
42298df0
415b55b6
427b6750
416abd18
4257cd1d
42c9bd5c
42907918
42a51e42
423a7efc
422a9962
4282e819
428ebc7e
422d09f0
42376ca2
42a8e13e
4263dc38
421c96ed
40e84690
41bea450
420cf1a8
425266e0
42a1e5d8
424dfd36
4228d93f
4245faac
42ca9cb0
4215adc0
412dcca0
4130b640
42809627
42953160
42042558
421c122f
425f60d0
427efc3c
42d80c38
42990a03
4251bacc
42791350
3f415d40
42444168
426cd52a
424799f4
429d9cf0
428b227c
41c96a30
4269b3e6
4296f191
413b4490
412334d0
41957d04
42564668
42be44cc
4258b176
42991cae
420a0670
425b8896
42bfaeea
42937862
42056c3a
428979e1
423f8048
4295182e
40bc86e0
42542564
42b6e7c9
41f61278
41a13738
416bbd8c
41982ed1
4237fde7
42468b52
42a54556
42095616
42918242
4201913f
42345e5c
4290937c
41d77520
425b30d0
420f60fc
41fdc96c
419150a0
41e0bb15
421b5468
4237bf03
40f825e0
426298be
4146a5ae
4164543c
422fbcc3
4182ddb2
41f93d6e
42093e4a
419ae50d
412cf368
422ff4a0
41bd490d
41c75164
4172a150
40f708a0
41e68279
4157c3e7
41e7f725
4215a130
4110f0a0
41a1094a
41f25ae0
42152a32
40db9b24
42245664
415aa7f1
4251209e
418e581f
415f1b9d
4167c463
40865f44
419a42b0
42166808
4156cff0
42069dde
41871050
4233e900
4125afee
4204be0f
414c5b4a
41935560
42083ce5
42630784
41966684
416297e6
41c6a4de
41c3b5bd
40f24770
421930b8
41463b1c
404f4410
41a07919
4181cbee
41c4349a
424c7397
4147a333
4246d5da
4052f5a0
41984902
41463774
42165e4f
41b9f5a8
41ae9970
415a4dee
41f122f0
419b02f4
421321e6
4188b208
41bc14c8
4189b2f7
409e54b8
4125727e
417f0ebf
40ca7190
41e09386
41d66f49
41bbd546
41edfec2
41b92a7a
41ad208e
41ed97ed
40173af0
42743fc6
407e29c8
41f637f4
41f30834
41ebf1b5
428565f2
41937b79
4247500e
41d63f1a
40da6f04
41ef2b6d
4169edd8
41948137
4124d3f9
4212deec
427a305e
41abb27c
417201df
41968c30
42211cab
424978c0
40c00144
40b4504c
404e8a40
42052c12
40c3e625
41fd2a8a
3fd071e0
424196dd
41d05c9a
41419f5d
40d54f80
4233a92f
40be5da4
420f7727
418ee796
4164023a
42020af0
41b647ce
4169c98d
42e407f6
43143fec
42dbfcb6
42caf61f
430b5fd2
4305c568
41ef9270
432e4258
424e8320
42bca8e8
432b8bf4
42e9b70e
42b0a57a
43105e63
42f35954
430ed936
43093802
41ca0d68
43130431
42cbd133
42e7ef6c
4280f050
42ebd560
41c0e338
42ca7bd0
42544e73
429edf7e
42ca6765
42e4e946
42bcd56b
432b0b12
428f09fb
43135d04
42514e5a
428d8728
42a95220
422b4fd6
42c8640e
424ff55e
4300c829
42a831f0
42e379b2
429e7758
4311a4a9
42b6d714
42b817c7
42da26ba
43183686
43153218
420e679d
42c203fd
41259d70
42f64393
430193bf
431ed259
431380f0
42adbafc
42d9ab75
42b361ff
43240d64
42ff85c5
4215c0ad
4315aa0c
42cf032d
42ef847d
41471530
42cf81b9
428c1102
42fc0834
43217d9d
42e12fc6
42dd2027
43141b37
4328b5b4
42b988b2
421572aa
41ef47c0
42b7fe06
428e7634
4288f890
42a37307
42b40708
4310c2de
430b47d6
4304d778
42f88d07
42f3f270
41acc49c
4300cd79
42e79658
430f48fb
431480f6
42cb2246
42c536e0
42ef3748
433bf57e
424fc4d5
4243340c
42da8df7
430e76f5
42df3d85
42b0295c
433e7b91
42965cf5
4288ea16
4312dc4a
42d352cf
431a9dd7
42fa7aba
42e2fadd
429bf742
428cfb66
42c62c02
42abaf46
429af81c
41e18094
42b7f58b
4196c46e
4261007a
42a333f4
4339bb66
431345d0
431d4e61
42d16c60
42b90f14
43210a72
42bffc9c
4310f14f
428c827c
43273eaa
426a1dc6
42afca70
4281acaa
42c1c8a8
42dc58e1
430a404a
41d98858
43215e53
42d19854
42ee9ab3
421cf376
42d88466
42686944
42e6146a
433bd112
42a919c2
42abdbf2
432c3ed1
42c40285
42fd8e4c
42ed785a
42d30a24
428798be
42ea9bba
42d05a3d
42f9bdb2
42d3341e
43371167
42e65fa9
42b437c9
42a8898a
423b1f69
429023ce
4224b7d4
42c73ee7
41bcf15e
4239d1e4
42f56efe
42432703
425b39fc
4294e01e
42dedc29
42a6cbba
4206e7ba
42964804
42e81c6f
42d24f6b
42ad4027
41e90e80
4222d50d
420242d8
42ab0bc0
41d6f9ea
43138b57
42bee776
427f0c40
427c006c
42b822f4
42f4bbff
4214ac69
42762624
42da62f2
42feaf36
4297eb3d
42ca8535
42ad1820
42b79a76
4308377a
42c4b5cd
4290b260
42fdbfe0
43186fc3
428d7bb8
4192965e
429ba7e0
42c8e192
42934214
42ad13e0
42d04c36
42f51956
428f8006
428dfbea
42d52a37
42992d88
42c85432
42ca51ce
42edc08a
42cbc07e
42ab8aad
4328352d
42de903c
42e8258e
43086910
42ee93e2
412f0a6a
42e04bc2
42d2e180
430b34d6
41b49105
42847c27
42d09404
42a18bdd
4217aaa1
42e7486b
42940ca0
42e2a324
42d24e60
42d4149a
402fa5e8
431ca6e3
42deb9cf
416ca490
428d751c
429362ac
42e38000
41b0bf06
4227ff63
431771dd
42b5051a
430e2b53
430145f1
43025072
429ffc92
42f19190
4303ce66
42533864
428c073c
42723c5f
429dbf64
4245282f
428c342c
42360c02
42e43344
42f6dbd6
420b7098
42a7afd0
42addfec
4283a264
42cb62f9
42b24d98
4225e008
421fd883
42d4be34
427d7046
42a36046
42bb30f0
4241c806
42cd41b3
42f7aa74
425521eb
4293d57e
42887635
42a2cbbe
42fdbae3
427b6240
42c8d89f
42593b1c
42a51ba6
4311e3a7
42321f15
42d5ea00
429cedf7
422705c2
4246b3fb
4288d160
42864708
42a49a5b
4267ecae
42808ffd
4273b024
43113b74
4212c004
42817c16
4307c114
42aff4a7
42072ec2
4294dc46
42276e70
41ae3baa
428d15ec
429d8db2
426b1910
42c166cb
428e2fca
41678390
42898bb2
42a3a824
41887419
42d6f890
4283c06d
4296f1c2
424b896e
428141d8
4245a098
42ce1dea
430af81f
42bd4aca
421e4db0
431d8cd8
42be0f48
420cf43c
41a057d4
42d8dd48
42a178df
428ce6f5
425b3ac2
42a5c967
42d41b22
41d49cb0
42c345db
424946f4
427306c5
42e2bd64
42f10e07
42d117d0
421a2e91
42b78686
42a0ff40
42ae25e3
42c3ef90
42a4b0bd
42f36992
4245beb4
42bd386a
4289d716
42af1fc8
42883708
420265f6
43050915
41cb88a3
42a3c95b
424a6161
4236ad48
42f3413b
4307387a
42a8321d
420aca28
420b8c14
42518cf4
42000b02
42b9740c
4109ed10
42930312
41103473
4261fb90
422a87fa
42bd9b82
42984e88
42ebef56
42398d27
430c2067
42990552
42760418
42b966de
429fcafa
42b80630
42720e20
42d76673
4248b4fc
428d289c
42acff4a
432e3454
412b2818
43058649
42f4474e
42952aca
425711df
43354cc3
424c8f78
42c81c08
42b54bf6
4276a543
42a1d1b0
42c66ead
42cf1700
42a3a109
42c200fb
429ccc69
42cf9057
42942b98
42bb9262
42d23208
42a92535
42913d28
42ea6dc7
42b67292
4322d820
4234605e
423d1d65
42491225
4287edcf
427ccab4
429c9893
42f8e538
42b609a6
426de500
42af1ae4
430db2aa
4304e880
42842f05
42c4b3e9
429270ce
432ca13c
42a8eb76
427e2500
423be7aa
42aa6cc6
42b4da5f
42b3230f
42c93581
428d2fff
42a1eb58
429a5fbb
42d8f4a7
431e7000
42ac948c
42bbfebe
42ecca8c
42dafee1
42436869
429ebcf2
42671876
42a3ec7e
42e68f1f
42b18fac
420f589e
42b2b370
432a57ba
42c3ee15
42166845
4250604c
428be962
42764970
425d794a
42c06cfb
42dfc792
42d331cc
4328cd30
42c8ddb0
428d9ea2
42c1cceb
42ebb2c3
43251b06
42be8188
422be042
42ca7f0c
4284c221
43139e52
42bca154
430ff63c
4227e471
420cd49c
4240ac38
42b52d70
42363863
41f88570
42a559dc
42a88ec9
42052168
42945601
428e5b43
429342b0
432e5744
4219e19f
41f2d402
427c71a7
42c76c1f
42830f83
4288fb87
42802afe
427a9798
4216c4d9
41e7bace
42d06092
4301d47e
42371b6a
430a26d4
42c3b72b
42baa0f3
42d0315d
4298a6f2
427cef7d
429f0d0e
42464300
42470510
42a01283
427f9038
420d762c
4302831c
4313f958
422e11a2
42c8901d
4250073c
42859c96
42965220
43234c1b
40e486e0
428881a2
42a08699
422d3aea
421bc46c
42b80ef2
415516a0
430f7e11
429dac66
425e562c
429230c8
42598ade
42a006d2
4299377f
42590400
42caf6d3
42cc641c
425251d4
43214122
427ba224
429f145c
42b01e32
41661ee0
41d1fdf3
42f61866
41b0f80c
4293d79e
40d7fb00
42d0b390
428e69f2
4300da78
4236ac9a
422e8c30
42a2a7fc
42e90330
42cdf23d
4287274c
4269c657
410dd708
4250e9b8
42b07dce
4286b7c5
428d276a
424c2d64
42517f28
42e636bf
42af91f5
42245ac2
42e42e93
4298fef6
42c55d3f
422ca92a
427d78e4
424557f4
42f15b2a
42a27bc0
42542099
41552de0
42973f52
42ea3ce8
4135d390
4228edf2
42cf57b0
42808c54
427b00e0
42b5476c
428b69f5
42c6fea0
41e8f588
42e940c4
410403b8
41b9ca9c
42535140
42ae26b2
4301a0ed
40d3c83c
42d808e4
42f7bf60
42803ab5
42f1c7fb
418806bc
42a51a9e
42075c8e
4252505e
42252de8
424e5498
42baf4ed
415d6620
42c644a8
42765c74
4257c2de
429b88e4
41e84358
42c453c0
42efde46
4226fdd6
42730a3e
423b506a
427f62f5
41b02cba
42cc778f
42138aca
4246a658
426d7e50
418d2244
42d6ae60
42d6e58e
4269c60d
42a92632
426c67ca
4323a774
42209b64
4217acd0
423b109e
42871c58
42b39531
40322370
42e35052
42893764
4305ca54
41ff9862
42d4a19e
41dd595c
42990bb6
4312c5e2
418c3427
423dfc6a
42f62ec0
41933692
429a74ca
42bb0b39
420b7523
42ad32f6
42838466
4294fef4
4291a612
42b818ca
428ef390
42927872
41f1a79b
42c2ce41
42778015
42d96138
429d0e6a
42ca0d7b
421a2841
42d2fca0
420f5176
4235c6d1
4186da28
4277531c
423b2a30
4280526e
423f47bc
42c086f2
41fb6ade
42b3d358
426718e0
429110c1
42cdd5ba
410c4f8c
428dc631
42f77e4a
4202667c
4211afe2
4206b094
42bbd999
4264424c
4250b73c
42a5a28a
41a57d1f
428fa376
4290b0c0
42b0c646
432a720a
40460929
42758447
42850e27
42872081
413d7d12
42a6e1f4
42ac65ba
42734f38
41fc6bd6
424c293e
421cff28
4258b6b4
42ad4c6d
42521519
41f0503a
41fe08fc
42c0b733
424d5561
41f42230
4267802e
4296f669
42c66148
42f12ffc
426db690
4220832e
428f1d24
4262a50a
42ecc0ed
41a92721
41c8b74f
429e6646
42dc705e
42e552a2
426b8c5a
430307ec
41e7ed7d
41babf04
4298f1dc
421ffbd7
419e93b5
40d31f4e
42991d77
42da42c5
413cc683
42b20469
412b1d98
424e9877
42d9cce2
42023a33
40328e2c
4228dca0
42dffb31
420f154e
4277a19a
42728c20
42bb26fd
4239c0f4
418b5ca3
42b09528
42aae083
4152a957
42e0b9fe
41dee22a
422eb972
42c41fd6
42108872
4209f687
414cddc0
434809b3
42d44c4e
42d36f00
4292fb44
42b5591e
43167714
42d726b0
42716310
42f263db
42a9a29e
43083c62
42ade3c7
42de5a7d
42a177dd
427837a0
436375b9
426b7c30
42a1273c
42f22890
42acc710
432555ba
430f319e
42d5192d
4224d1ea
42d176de
4326f223
42e1f5dd
43397a90
431de2e3
42d1d9a8
428676e1
42adf2ce
42f4e2c6
4276b357
4252d410
4313444c
41d74116
40f3d9fe
42d39a5c
430408de
42e741fc
42df8c32
42bb3e7a
42b3830d
421a8a8d
4321ab3e
42edbd2a
431bb25e
42968ab2
42ae1920
42940131
421200b0
427c3baa
424575b2
42fdbf0a
4297420e
428c3d8c
42a64524
429b7954
42bc4c54
42bfa4ca
42d6418d
42d2f3e2
4302affe
42d1908f
43248c4a
42e1f63c
4262089f
430cac88
42fdec19
425226e8
42cc16fc
43153971
42987494
41a270e4
42a6bc06
43067539
422fccc6
42b7e552
431d03e1
435263bd
429c2412
422a2be7
42c28ea4
42a05ac3
435b0048
429b81a5
430e9d41
428b276e
42a37a64
4365a61c
43070493
432b5170
43016c90
4317d0f0
40b39890
42edc440
42fbe83f
43048a61
42a3e51c
42c6ecc8
4318a30a
42c45d28
41eb70bc
43019378
42cc6bee
42e15978
42f827d1
42d765b4
410d91a8
42fbe24f
42d57d5c
42234dde
42418a32
425f0302
430a3d3e
421836c5
421ec08e
42e6eb08
42dd2f89
4301bf38
4315b99f
431644f1
429cc864
42edfd4c
4303dd86
42b974a2
42ded32d
42c6ced8
42ccb137
42d05556
43083b17
42a228d9
42f76506
433d5b12
4234a042
42e40362
42f7aeec
42db7e6a
42becc54
42f61cdd
42d5b29c
42f2684c
42ff1fc0
42d76769
42df153c
42f1fc2c
42c7d1b9
42ef95e1
43152ec8
421ea5c0
42d69d98
428a1e76
425fb378
433ab327
42a246fa
42d38184
42dd8ad8
42d926fb
434a05b0
428ff176
42ea0e48
429ec652
42243830
427ca871
426a9de8
430bca53
42656240
42c9cc44
429cdc33
42d35360
43322671
42832fcc
42d0ecb7
433bda9f
42e01d1e
41d4e50a
429d0ac0
4261f028
42a49ace
42ec3650
42e95d66
42db3d8c
42ee9e28
431b3456
42629620
42fbed17
42bc6463
42695275
432cbc31
42d8d35a
430e6ca6
41f15c40
42c9c335
4267519c
42b57162
43401a78
42bcb840
42a5efbc
433b3434
430f7a43
42c8b57a
42343fbc
42af8a72
42e41b14
428d1e72
428b42d3
42a5d4ab
42ce4b28
42b4a12a
42bea45e
430315be
4289e142
4315330a
42fe3b7b
42a9c214
42c69d6c
42bffada
42f73db8
42c79518
42bfc330
4308a90e
430df808
4298edb4
431c01d5
42bd7964
43217d9f
42998a72
42615f00
43405b5c
42387eff
4286d18c
42c4fb22
429e2e92
435fcc84
4303576d
42c5ed88
425f388c
42de999e
42ea28ff
42724364
42b14ae4
4232ed3c
42b894f0
4182c7ba
4260fbde
42a45f84
4300ccea
432d24e3
431e2d6c
42ce4494
4317e4c9
42d37162
42d6f61e
4313227c
41cc0ef2
43148ae3
42c07057
42b2a618
42891ab8
4268c752
42c36ec8
42c6b192
4232deb0
4297b276
42b92430
42c22a7a
424326a9
42ae8e5c
42ae5078
42b5ce4a
43194350
4232f228
42cd096f
4299eb40
42c58927
42e58c8d
42f60c10
422b1914
41fcdee0
42a9961b
42c9976e
42c3b2f2
43137ae0
42a8e8b4
42f02576
41b9a260
42775656
42beeb7a
424239ac
41ceea20
42e68c05
415cda28
42434e9d
42a4c27c
42ca3253
42ff9b3e
42bbec61
428ed510
42927c64
424732be
43029014
42e4bb5c
43057261
4156f1f6
42548708
424846c6
4246fbd2
42caa7a6
422f5fb4
42e50fbd
42441fec
42ac5f06
4293dc7e
422065d6
429ee70d
426cae54
42ab60c2
42d1620e
429c5aee
42869ac3
42ef8d98
4296482a
41a39234
42b68858
42c864df
42997324
42f6108c
42cf016a
42a125ca
41e4ce50
423a523a
42f1471b
41ce6834
42811a71
42e1414c
430bb5ad
428e3ab3
4265bc34
42c78df2
42b01ff3
434d6188
42980005
42bafea4
42878582
42581d54
4306c2b0
43004901
42d55058
42b5cde7
4305c430
415b11d0
42f0c0c0
42f01d91
42c091d8
424c553c
42b4b3b8
430b455a
426e4f35
4210a0f0
42ec6d96
42d56f18
42abdf46
42f1230e
42858c03
422cfcb4
42922e73
42d296b7
4294d765
41e46768
414c5be0
42b903ef
419d22d8
4226ec66
424d6148
42b2014d
42b53af9
42eb3f39
42d6ead0
4258434b
42d52156
42a4bdac
42c5c578
4227dfe6
42a4944a
423dc870
42403a35
4258d998
42a96d17
4270c3fe
42bd56f9
42a75d9a
42a8b1d8
42439df0
42c7cb14
42c24a79
4256d7c8
42f03c92
4225c010
42ea3957
42b5bfce
424a7464
42c6c8c0
41021840
423cba00
427a3de0
4277906d
42397f5c
4246b32a
42dc7cae
42f91462
424eec70
43060e74
425335e8
42d31a31
430956f9
4296d264
42ac6431
4225b5f4
428b9294
41c98166
41d649a6
42e5daf5
428fb1c4
42911fc4
422c4acc
42a93cc0
425d7c92
420cf580
42b31d04
42a09431
41974840
41c446d8
4281d504
420baa66
41ecda3e
41958594
425c09ac
428c93f0
42bfb158
429672cd
4234e9e4
42b6489e
422675f8
42765170
43034bda
41cfc7b4
42c61e20
4156aea8
4252f2ec
42953cf8
3fb35a00
4303bb5a
42065e28
4236e7ec
429eb285
42b9b5f0
42550248
3f952780
41c3091a
4280dff0
42abcc78
4214458a
421bc338
43023150
423ebb94
41e74fcc
43050ab6
41a37f7e
421b2cd0
423957eb
428aba84
428dcf23
422266ae
43027442
425a3f48
42aade3b
42f59372
4254b9f2
41eb10d4
428700ee
410c2f00
42f5e82c
42a78d60
422ffa2b
42cbd0ee
415c74c8
42a40a5c
42105cd3
428aae5c
43241c5a
420ef3c0
422bccec
4103f2c8
4277da40
4285f069
41cfc0f0
42a7e3ba
42b26830
429ddcde
41a3f1b2
41fdcd41
42cb3ea5
42de695d
4272792c
42d2754e
427b93eb
4288e755
420aa650
42cfe10a
42177fa8
4341d97f
4307a6aa
42bc2310
42d6baf6
42e8a480
42c21177
428a9fd0
4346d85a
419ae11c
429a1cb8
431ad6ca
42ee6bde
42e373ca
43206509
42cc8870
4351d7be
431ca593
427cea4a
41d7f3f0
42f987cc
42ee589e
42f87270
425d2578
42704f08
42ea3668
42bae5c8
430972eb
42b9021b
42a1b0ac
42884188
438c873d
4224a200
435bbb99
41bddd54
42af5598
42df8598
42abe27a
426dbc2e
42973ca7
431a2321
41bb8b1c
42f36f10
432314f2
42f1adb4
42647720
42c2112f
42fb830f
430bff8f
434194aa
429994d8
425b3e88
41f46018
42a90ec3
42af2766
429178de
431c5131
42f2a80e
4281ccd9
42123fa1
431e72b6
4332f414
4282da08
42a776f0
431db6d4
42b62630
42039560
42a515f8
42bab432
42b9a208
429b97fc
42a079eb
42b424a6
430c765e
432a36cf
4284b328
4253dd2e
4211bb50
4296b854
4257a58c
42e8104c
4297a9d0
42daf0c0
430df94c
42abbeac
430d6860
42dded4e
42c3a2ac
42baa4f1
4325da34
42a47c45
4311a24c
4310b828
4290d4d6
430466ec
42809902
43390d5c
42498f22
42911734
42e33a84
42c50614
42c21262
42c73d38
4332148b
42a1533e
42a489b3
4300abd8
42cc6b7d
430fbca6
42ea82ce
4220af50
429b261b
426dd500
42d07b9b
423e7854
42d79013
42499296
42a16c17
4273c216
41c42dac
42b61617
437d8b78
42b509f8
431a4808
430c64ef
4260dafc
42ed58ca
42b7eb5e
4266cc58
41d9d8e6
430a5d1f
42be74ed
420ce486
42415020
42d17067
42901c24
42e769a2
4237bce3
42df8610
42826929
42d747fe
42ae3066
42be47d4
42848f3e
418df3ad
4350e4d7
41987bd3
42ce3732
42bb7652
4253b736
430a2414
42bfa104
42916eed
4278570e
42947595
42da1a46
42bd656b
42e5c824
42af56b9
428e9950
42961fdd
4299f387
426d6450
4266ce6e
410df530
4299bd86
421824d6
4192ddce
4293e762
42ddf432
42d21a2c
426c09b3
420b8976
42531fc7
41624d8c
4309ba94
42bcb09c
430632dc
42901b04
4256c69e
421fa613
417e4177
41b8ea9d
42939db4
42a90978
4213dbeb
4279eb34
42bdaea6
42614430
428f5ea2
4220f842
42af63a8
41de807c
42ad53ce
428544e4
42ef2d0d
42c308bb
4242a046
42b44b6a
42cc2712
41cccf84
42b75a88
42eef4fe
4269fe9e
41cf3b90
425e38dc
42d47800
418b8eb1
41e4ecf0
42e04554
4351ae5b
42aec7df
4221181d
4272928d
4280d7e6
431ad61c
42569748
4312aee9
426adf8f
4291e22a
43357ae5
42c926a3
430c6c9a
42974e5c
43023eab
41b11310
42843a38
42b8f874
42b67d5f
4251ba57
42e43dfd
42e71094
42acdfd7
423e1fd0
429633fd
42c5b08e
42d7be24
42b61f2b
42977f52
419cc84b
4246b7ea
42448504
422e9550
4280d3ee
41d24ce0
42f0242e
4212e685
418056cb
429c71dc
42d99b24
42963936
42eb0fe8
42ca0fc3
42504438
42c56a99
42e5fc18
42c963af
431dacf1
430312d0
42c48fa7
42de1bc5
43334f42
43187240
42f963c5
435946c2
42aa2d92
42e3a8d6
432905e6
4302c970
4316e0d8
43072752
4303f59f
43123768
43492a87
430cb5ae
43024e5f
4328451c
42a2fafb
4321927c
433a1e8a
428e0304
430d93c8
42ab6eca
42d29b40
435e04aa
42ec52dd
431cd0ad
43321340
42d4b0df
43742014
42a672f8
432c18ba
42c04651
42843ce5
42622ef2
42a37b94
42ffea32
42bdab0f
4313a2d4
43044617
42af508a
43324d1e
42dd050a
42c8e7c6
437fd406
42db7082
41874364
42b0c58b
427ab7d0
42a7bcb4
42d9a456
43009f56
43052d50
430cc3ba
432be0b7
42857a23
43055c3a
431077e0
4120fbfa
43508920
42d54134
430919be
42039be0
42e9c68e
42d23e3d
42d88913
43415250
42da2ce5
42d853d6
43800da1
43090c52
429e9c0b
42430162
42d98496
431b1a2e
42f16eb4
42a6495d
42aef6f0
4312a18d
42e7198f
42c2db34
431c91ee
428b5618
4322f9c2
430a274f
42df0f1c
42a044b2
430c5f78
43188481
43325120
4303d61e
43224db6
4333ad0d
42a65a90
43357d1b
4306f4bf
43311d8e
42e2e17e
42b4efb9
4380f0e2
429725b2
42fcfe90
430c0cd0
42d489f4
4390d911
430bcca4
42db48c1
4272fdc1
42bb266c
431f62cf
429aceca
43123669
425d5097
43112d69
4191abdb
42def567
42b95887
433860e8
432ccb98
43477848
42b3c659
431e9dc5
4304089a
42fb449a
43168cf6
4173e7f0
42d3df49
4253df80
428fb58e
428bab07
421a9663
42c4a454
42481578
4218f570
42260502
426385e9
426eac4e
4220afa1
4238bc02
4204aabf
4247be7c
42dc21f4
4252fdf5
41d89980
4298934b
420568db
42bae858
42af543c
426c11ff
4207233c
427fe035
42b6c0e0
42526754
42df573e
42bda8a8
42989f41
4008f50c
4213b386
429577af
4202de00
426b407a
42aa9cb9
40b0a8c0
41934a63
41cce880
4283fba1
4284b370
42ac29f3
426866f7
4283ca64
423fb638
4293bc21
42c1dbf0
4285e3aa
4223a5e7
426932dc
4243dbf4
41c391a0
41ea2b56
420b62cf
429859b4
4222ad88
42042cd0
41eeb922
41f65c5e
424ebf2e
422b323a
427908ee
4296569e
4290c7ab
4278d62c
42b5daed
424dcf90
42399788
42aea312
42921f5d
422b5286
42a97ac4
424dc450
41ace948
405b8af0
425d4c7c
4273ad94
421cee2a
42946826
42abf48e
42967bd1
41e92bf0
4140f700
421e9b24
4214c84f
42d928dc
41e9778c
424f128a
41b6d686
4294471b
42d8e60a
42b0154d
42a8716b
42a9d7bd
429315a4
41029730
42bb08ce
42a006f7
429e292d
427a0624
420ead12
42ccf07e
42818bc4
41900d0c
42c0c2b0
4276a872
4291a42a
4282272c
42858295
41fd93c4
429dd0d2
42a39525
419f268c
41c878a4
41c5940c
428125cc
41d72ddb
4252faf2
42578709
424de3b7
42b43b2a
42929b29
42a1df3b
42557c2c
427f8d34
424ac354
422e434d
42b4de98
42b44766
422b041d
42b5359c
42a5f2f6
425daeca
430aba2c
431671dc
41a1d919
430900a4
42cb56e7
42a86afd
422b4740
42eb775e
4209b9e6
42e1b678
42e32d45
4308ab42
424fc188
432cf699
42a56a44
42cf65c4
430f408d
42c9bc2c
42f881c0
42d3ca61
427fa93c
43170a33
426df62c
43078184
42a85a69
42b589ab
43076195
4254bb00
428eb68a
4289c19d
4286b4fe
421f232b
42b309b9
42c6f82a
42020448
42641b14
429fb887
4307709a
432ea9dc
42720d0a
428f8cb0
431a671d
429b3eea
42b1f32c
42629d80
424985ae
42698686
4296d398
428f8eb3
42d60931
42d150a2
42b0acd7
42262e4e
428ccd06
42eb66c4
427cbf0e
42af58a7
430b41b1
430dd90c
4278af9a
42a01e1f
420593e4
42c4ff66
433758a8
42ae0c14
42589d9c
431fbf53
4301d8fe
42894d94
41aaff26
42bed5bd
42509f04
42a79de5
42adcddd
42a903f5
428510b6
4288893f
42c685dc
42be5930
42138e1d
428373e6
4307b1a5
429ae9a7
42d6c07a
428e737a
42aa5ab6
42b8779d
42ce531c
43241d77
42ae37fe
41ea215c
430e5a21
427fa4e4
431dbbb2
41e10e58
4152d85c
42e55fec
428a5a06
4232a2da
42b72abc
42996696
43165055
42f50bbc
42b9d186
41cb36ac
430a6b13
42ff2c95
42360948
4284365b
429aeedc
427dfd74
413a620d
423abb8c
42ee7452
429a4c32
4317235e
42ff7b62
42e17ff2
42fd0928
42b33e42
42c82292
4288be66
40bbf9e0
42606c36
41be68b4
42983c88
42647b44
4229b83a
423c6904
42a61078
4295b389
42907ce4
42681cbe
41f2b8c0
40a8d3c0
42c0e3ec
423ba768
427983b6
423839d8
420a6fb6
42554bc0
4292d45a
4185c7a4
427b0d88
4258ab40
42075e44
423d8200
42226d98
42a72e23
41dde672
42b3fcbc
42d13719
42df3116
408ab190
42102300
429acd13
423a156a
42348df4
427e8503
41a6be40
41f39fdb
41a1d118
42b9b639
42753568
427c46d0
429e2e75
42154b6b
42abee68
42087508
425551b0
4214ccae
41faad80
423aa834
421030fe
41871488
4222bbf4
4253d3de
42ac2027
41e4bcd8
42595b28
42a384c8
4242fec7
42770724
41e5741a
42947204
422f63b4
42484598
41ca47c4
4188b9b8
42637ae8
42114808
424c9100
420e95b5
42026e5b
428c0610
42538b20
410a78e0
4185c448
41d1d9e8
42a8a3d4
42c33aa2
4234cb08
422f2cf0
427e0138
424a8de0
42964250
421eda1e
407acb18
41f7e490
41deabda
424b2eb0
41f73893
42612e0d
429c6310
42a61198
425fcd90
4283683e
42392067
41cde12c
4289f2a6
41b516c0
424cdc78
42b25e7e
41f4bb3d
424afdd0
42333182
4206f00e
42d2786e
428f846a
42627020
42835ccc
41ab94d0
427c77fa
41ff6050
42b42449
426390c4
425891aa
42463112
412e6360
428eee4e
426e050a
42a3047e
424c6ca9
40b7ae40
425b0f2e
41aec8d2
424aa0f8
42402880
409a1d80
41761c58
42832060
43155b94
42d0d7f7
4306c837
42d5f7c4
42a7c213
43247192
431a617a
429fd5dc
42d2b65e
42c336a7
42e8c608
42cbc7ea
43183206
42b6aaa0
42db38c5
432dd221
429d9882
42541acc
42d1f0f4
429d1322
433b8a2b
42edacb0
42839ba8
428d2748
42c5a68c
43244808
430142c4
431eaa1b
4309fa32
43257bdc
426cd553
43322b91
43128339
42c4a85a
42bd7572
43036b96
4137ed60
4209bd88
42ee8dda
42eac41a
42fce4ba
430a2bab
42cfb90a
42dfd45e
42afb5fa
431e4536
4303079f
4325db64
428ea6f2
42aa57b4
42bb1a64
425bb3d8
428617c9
4280cca6
43084433
42c28160
42d51050
429aa04e
42ea4b48
42e46e70
43012b32
43101e24
42e2ca30
4304218a
42ad57f7
4306ce80
43023fa2
4288a176
42fc03b0
42cd5e82
4203f154
42e8ad00
431d741f
42929cd0
41d63ad0
42c314cf
432393e3
427e9846
42c70dde
430aa167
43486c00
42c8d6f2
42300bbc
42caf56c
422e5536
434330e7
42e3ffaf
4308d54a
421f702e
42c0177a
43603e9c
42df87e2
4313bd96
42c08818
431ee304
41d64f64
4312915a
42c254d2
42d513e0
42f79d68
42b91fe9
432b45d4
4296a59b
4200a26e
4307fc72
42bb2468
432b7f94
42fa9a91
4281edc7
425ae26e
42da571c
43016baa
42314f60
42afe174
429c867a
42d05a44
426d1309
422437cc
42f7b776
4315f2da
42de1074
43200fd6
430fb97b
42cd5905
42b99188
42bd245c
42a84b2f
42eb31d8
42dee6bd
42911b79
42d78ff8
42e2e354
428f999b
42ecf1e8
433bb04c
417c19c0
430606fc
430b2d9c
42b15077
42910870
4322c920
4233e24c
4308e012
4312470d
42a7d8dc
428f92f6
431c7053
42cd727e
430ad287
4315f717
42d15034
4304162b
429e8ec3
42b9db9c
42f7c512
42d843c0
42d85bf2
432e91aa
428b9f9e
43166429
41d1af2c
42c788ca
42a1ce98
4281e7bd
42554e48
42b1c689
42db2e70
42850e1d
42b744c8
42efc059
42c9c174
43199fbc
42ae7f17
428c9650
432cb2aa
4310eecb
427de242
428b86e8
422dbc9e
424eecca
42d5fd04
42a75d1c
42e28aa5
42d6b048
42c77bf0
42779a4a
42c553ed
431f149b
4168d6c8
42b1e5a0
43177e76
42d50f6a
4256bd62
429e2a60
424e621c
42f13828
43086b7c
42d240f0
42a4e916
43349489
430d3cdd
4262ff40
4254c0c9
42b6e4a8
42c5161a
42bb9695
42bbcbf9
42b7c383
42adfefe
42d2bfc4
430e0c4a
42ae1076
42a103d8
4303bb4e
4311d318
42f80bf3
42c7a86c
42d6e036
42af838e
43047b89
430c73a2
42fa468a
431cce20
42207368
43015266
42f6b4a4
4307b8e0
426f225c
426d2292
4317d60d
42c59537
428224e5
430295c0
42a0b528
42f6c54d
43263e34
42c26e8c
423b73ce
42af2ff6
42ebb0ac
428c3f3a
42a41549
42015984
429aad7f
4203545e
428aff8e
429f088a
4304e16f
42eeafa8
43141ba1
42a40b47
42f069ed
43055e55
42a59e48
42cda6eb
42944833
4318a6b9
428b7f96
42d19d7d
428e184a
42a2f795
42d49064
4315c99f
412683d8
43008f9a
43090181
42ac08a4
424884c1
42bd7a75
427ac388
42b8ad1b
431cb049
42d2a35a
42b7b7f9
430d4d60
42be72a8
42b65143
42d66587
42ec64a7
42a37f0f
42e8b5b7
42ed56e6
42f805b4
42ec4b51
430729f0
42d49e21
429b963b
42d64b01
419452b2
4255cc20
425fcb8a
42d91aac
4238e364
4286c478
42e55032
42a08a71
425636cb
42cecb16
42f1adb8
42f4174a
421fcde7
42a6a4b0
42ed275c
430d4460
429cc990
424618e6
42744071
426b848c
428ef8f6
424b6ba8
42f85202
4295e3ee
425da784
4219fece
428f5710
4315e532
4202e86f
429fec6f
42d82270
42dedcb9
42a36de2
42dd1bdb
428a7982
429309f5
430a2976
42e84af0
42bd2f79
43166076
42ed3cf2
42b34acf
4180dbef
426b1925
426ad725
4291162f
429ec6a6
42ed7cde
42c10fa1
423d51e6
42d6f8ce
42e80dfd
42d28c17
42d93ff8
42c0a816
431ab59b
42b50468
429f6850
42ea6ad8
42ca3bdc
4320fa4d
43116216
430c4970
41fbf6f5
42a7feb0
42cd7b18
42fa297e
41aa62f5
41bcf6a2
42ca9e69
42e559db
424ceb88
42a4744e
429fad40
42af8c8e
432558b9
42933463
40dba012
42ed6f06
42f0b64f
410beed0
428ced56
424cf387
42eb3b9e
4206f9e4
421957fc
42d0518d
42c65848
42ae745b
43038d56
42ee10e0
42a1375e
42f4a346
42d979b1
42224e6b
3fca6b00
42a9830c
429b5de8
42844aa8
4289e7ec
41f599ad
42839f8c
42d29f4f
42697164
429e7154
41e78cb0
429b6cdb
4216c62c
429101ca
42bba776
41fa41d8
42b3fe98
423c2a58
425947c0
4283d728
40c495c0
428837fa
4218db90
423793cc
42311290
42149f34
42a02b96
426cf372
42aead7c
429911d8
429576b0
422ffa5c
42829d38
4283f9e0
42026f58
423104da
42523d10
414dbbe6
41824cb1
42858a84
42a7f8f4
428e31fe
425e76f8
429c2440
425f62ec
41945254
42d1336e
42745188
4284ba9c
42505ca6
428ef108
4253bc74
416e9860
41837808
42acc742
428b44de
420d1528
42842cac
42a25c02
428c47be
41473a40
42819a13
42f5fb1b
41e25dd8
42bbec36
41f447b8
427d9368
422a52a8
41585c00
42cb14f8
4245a5ec
423a3d43
4278bc50
428b39bc
42462990
414dbbb0
40b97fd0
42431b90
425d8f7a
423e13b8
427d50bc
42c8737c
421fc390
4217e710
42945ac6
4206ffd6
42895e94
3f5e9380
4292edf4
42846628
4284c533
42fb6fd0
4226bb67
42c690bc
42b2f1ff
4235c262
411aba90
429d8bcc
41e27620
42cefd9c
42bd3a74
4234e698
429c2068
4281a3de
42255640
4287e01d
42bb3e24
42d26a57
4277e5e0
420648b6
42234780
4276add6
427a0a4c
420785a0
4223f920
4226ad64
422ad5c0
42503b90
41dec1ac
4293f544
4296e61a
4269a4f0
42750cf8
42950837
4281725c
42278f50
427ea410
425ff1b0
427b8c00
42cab4de
425e467d
4273ce9c
428254f5
4270a62b
42562220
4305e8fc
421101d5
42d33638
426c34b4
42d92fdb
4203aa5c
430d94b4
42803e75
42d8b6c2
42dd6fe4
41ced64a
428d22c6
42cb9df0
4248e4dc
42be6720
429f0d68
42293b3c
426b07d0
4232f974
42219a30
42865150
429b4818
42b0b160
43146581
42278d3c
429fa8b4
42242cf0
4258e22c
420c87e1
41c6b0cc
41697818
422eec68
42888d9a
424de2dc
4287f834
4295cee8
42a1ad4c
4252eac2
42280daf
427c0100
429f45fd
42bc8cc0
424a76a9
42141bd4
41969a64
41a6df9c
42b65a8b
428c8ca7
42c0f9a3
426b91a4
42822163
42ad8a4b
42b5d897
4293b763
4186c43e
42b5fa6d
42a6b207
4295f92a
41dab786
42508d8c
421fd8b4
4298ea98
42914968
4268392a
4240528a
42a9e906
42feef30
422d3cf0
422f77bc
4217abe9
42942a64
42851012
42823af6
425440dc
42a3da4e
42a0c9f4
42c9547f
4293e044
425d1b3c
42a2fda8
423fb64d
42b4670a
42978d82
42ab643b
42e7e134
42bb2a10
42aef54b
42641cf8
42ac147c
41597198
4288f479
428f0dc0
42ade6f1
428c8799
42a5cd98
42c75d1c
4260287a
427d3cec
42e88f8e
42a7785e
42aa960b
42b24e30
425438e0
424b811e
426b046e
429944db
428e9920
426626c0
41ad98c5
425a2e12
4220ff8e
422b666e
42a83594
42d6e0f7
42b548c6
42aaa6fe
428e4ec6
42963286
42acab88
42946c47
428b2cd9
41e7efa8
425720c0
41e94016
421cc3a4
42092f5a
41f209f2
428e3639
429181c8
4233a935
42ab0c12
423ed993
4275e6d0
4239bb63
42d1d68a
41a0e72c
425ab8d5
42a1c95a
421cb04e
41bd7e64
42d935d5
4207206d
4277ace8
42d1853a
42937313
429cfe6d
42328af6
429a62c8
4251920c
4260a324
42ad1a29
4291cffa
4239601e
4271ce03
42617e6c
423ae360
4233fcb6
4253ced6
41f726be
42209bb8
423be720
427994a2
428b3ae0
424b9f28
42b0a25b
429faef4
42687b20
427af297
42a80a6c
42331fd5
42520f45
428e53b4
40d201f2
4191d5f5
423f00a8
4270c49d
42620f22
428dc3bc
421d133c
425eecf9
422c7fca
428501c3
4228f26c
4225ebc8
42c2a666
428a03cf
41f56608
41f75ec6
419cc1b0
427edc06
42d29d49
42542ca3
419c8b13
429a1b4c
42becdbc
4117d640
416aed12
4258aab2
4227dfc0
428f5586
42615e1f
423d6059
42992619
428edbf6
42ba1f3c
4226cba5
41a58a7a
424ae66c
4292dc05
4257e4a4
429da571
423fa075
42596b56
429d4998
42935b0f
42c18773
4266c5e0
41362df0
42805238
42049602
42c174a8
42710599
4222390d
42980b26
41e96d5e
424072f4
42a28c2c
428c7eed
42591038
42903ddf
42907473
41fdbbfc
4202c3cc
42532a84
42a1c41a
420c7d10
42238e76
415c8f00
418f2179
422105c6
4278bd30
42945f1d
426e5f29
42a4cebe
4223fd8a
42903c23
42777dbc
4240d45d
4266fb09
4297e609
42912e5b
428b43c7
421f0dc0
429ed656
417f4158
42a02a17
42bcfcd7
422a83d0
427602ae
4299a57c
4287fb35
425b93d6
423ee247
425717f8
42c39a2e
42c6c3d2
42767dc5
428e9066
4300b10d
42262fe8
42808e8e
42d217ca
423c316f
42970fce
428ef7f2
42878294
428e83ec
4211ceb8
42b43550
42b4b1af
41a25916
42805ab8
4206d9e2
4256e024
4285553a
422aa75c
424c32de
4207626e
41d0e400
41dd0c24
428f7b48
428b5337
42a522b4
42c2445a
421b0c60
4281b28a
4319b09b
421bf954
423d3b56
429a23f4
405d26e0
41d2c928
42996d52
42b82c42
42b8ce9b
42a097cc
424a25ba
42088db2
42594de4
4216e0e8
3f6d9f80
42757c0b
42e1d972
42b150fe
4133cb68
425e64f0
408968e0
426ee660
4303da46
425a0856
42b5869c
4319714f
425fd114
414869c0
41ae9472
423042de
40e4ace0
422a4186
42be11d7
420a9581
42115a94
41d26680
4295876e
42728214
42a31418
4229e178
4226fb88
4219c49e
42b88860
42e7b0ab
42361ddc
42a41d43
4254e633
42cd4a81
42507730
413d3bc0
42cba334
42a1752c
43076849
425a363c
41b28267
430b6ee4
41e6ea64
42a3e167
42b88a07
42bd32dc
42ca64f2
427dacfa
42c4ce94
429dd773
425668be
42731d8a
427f0232
4240d0aa
408de800
41d45020
40a26ee2
4247bd7c
424b8ec5
42b87a5c
42e30f57
42869bd0
427f037f
42ec4899
427d58b4
42586c8c
42b2e186
