// case 006 partial_k - C[128][128] FP32 expected, row stride 512 bytes
// 16384 words, 32-bit each, little-endian memory image
4252d537
42d3aa94
429932e9
42a1fd08
42a6af00
42cb6f46
4223bd0c
42febcf2
402612c0
428b51c0
42f48208
42900aca
428d6f1c
430c4044
4223daa0
42348c32
42c59d2b
40c8c6b8
42c707d8
4242d3c0
4268fbd8
428979b4
42b8cd6c
4220faea
4296ddb0
41eae55c
428a5cfa
4268255f
42e18ced
42636e7e
42c1974d
425b8669
42ef9398
41de51c1
421f73d8
428c0a80
41cf3a1e
42984550
429b6b30
428108cc
42da94cd
42632488
429b46c5
42c80f04
42c5b67a
4270ba20
429ec361
42a4ebdc
431e12a4
425c02e7
42a1e3fb
4209bd46
42ac4195
428a92ee
42f6a568
429a8073
4211f81d
4250c7e0
42731b80
42d74a3d
42f7a73a
420bc754
42f04543
42486c1f
4289722b
4231985e
42b9ae20
42779ddc
43001b97
42d280c0
42e18aea
41ec27cc
42a90038
4304d1af
4283b290
41329b30
425b16ca
42878342
42515664
42023b68
42cb979b
42b90615
42b8bf68
43058c60
4252cff8
42a31996
42ec5680
41d0445a
43187466
4203019e
42c7f57d
42f5bca4
429d2ba8
43008cb6
42797b08
4325d71c
4211d87e
c170eb10
4291e458
424cc620
42b10350
424975db
42e9d3c6
42b80607
421a84fa
42b45422
425f0c9c
427cde56
43145cca
4286f173
420cf928
41db3a00
4286210f
423ade3f
42801035
40a088f0
42b1c13a
420d8678
42068e74
424ca68c
42fb49c0
42838f06
42f6d744
42921735
42922b76
42f50f3e
42619bb0
42ac914a
4268c45d
4299d152
4293bc58
42a7e870
42b65f97
426947ef
4286f697
42dd975a
4218f306
42ad4935
42f7b8fc
41fb5780
428554c6
4241a60c
428c4baf
4285ba4b
42c0c9a8
4263f062
4297eb66
42c009f6
428e7991
4274a688
42affff4
426c86d6
429ee615
425bf3ad
42f32f6b
42b14f7a
42979f90
42cb7aee
42993956
428fdd09
42d133fa
41f9d32e
42aa959a
428a8bc5
42a3aaa8
426f44ec
41a8c082
42ed31dd
42777078
429477c4
422304be
42a1fe36
42b4788b
42890799
42834166
42fe08c8
4290076b
418fb838
4295566d
41dd5372
425b6f24
42648bf1
42781aaf
42c09f4a
42b84a67
42af4b82
4203f9d6
42b09d53
42b1a690
4204a076
4279e7f3
428fef61
42b07ee7
418a2cfe
4245a98d
42808025
423eab12
43055615
428a7698
42aaa2aa
4304d7be
429528cc
423fcea3
bf61c300
42263fae
42b13b33
4283a12b
4239decf
426f609e
429bb3f0
428a864e
4271deda
42a87388
42873780
429c89ce
42ac86be
428754c2
42aa2cb6
428a845e
428c574a
42657327
428469f6
42fbac98
42e6f90b
41dc0e55
42b6b7c6
428c7b6a
42ef2582
4251ea4f
41a3af96
42d9be66
421cfe6c
41c94e62
4284780a
423f8856
42da329e
42a450e0
42b64cc2
41e87c88
428c0cf2
4280cb62
419c6b76
426f341a
4245cb9a
423afdb7
413f5533
42257cf8
427e4242
42b1e745
428733bf
42ddecf4
4245f94b
428f55d5
42b1ad49
424ed875
42a0fbbe
42d3de80
42c336fa
42848c73
42e344e6
42bcf254
42fa38bf
428368d8
432cd51e
4210fc98
42c03674
431d6074
429e2b34
42bf574f
4323943b
429ccd3c
42db3eae
42d3c110
424a321c
430df6cd
429561d8
42c6164f
42b4e013
430138c8
41fa7588
42a69ee0
422d464b
42a0c674
43055367
42b951e0
42a7763d
42ecc0a4
42af254a
43498498
426c12ac
42b33e7c
42459faa
4217d04a
429d7ce2
428fb59d
42c7f810
42d078db
4285fcca
42bafd05
42c75af2
4308984b
42b58628
4288d046
42f17818
431ea7b8
41c83c38
428a4738
421ab13b
42e33bf8
42ff7310
42e4d980
42d0c32c
42962cbe
42f4d27b
42977d2e
430d3976
431a2a74
4204eaf3
43158ea5
42b25944
42c8637c
4118061c
42c8b561
429ff046
42b843a4
42daef08
429ef5ba
4260a4ec
42eeec44
431817a8
42c06d1a
422e0430
42795c24
42e355f6
425c5aa8
423283ca
4293f342
42e2491a
42cf9990
4325e624
42e03696
42a7908e
43003bb5
42c10efe
4312470c
425b00e4
428517ab
42e6d0a8
42ddd454
42ef7b34
4288e168
432b327a
428e8803
41a8e250
42a864f6
429e1fe8
427df2b8
42151b53
431cb58a
427ea59e
4263d958
42b74914
423b79a4
430272a0
431d6a76
42631660
424e12ca
4227dc1c
42ddad66
42907590
42c3c142
4221185c
42d3d78c
418a9f21
41787806
42af5a9d
431662f0
428e3bc8
431c9e60
4281a79a
42f7ec56
42e0ac62
42903308
42d7a772
4230bcfe
42f5e5a0
421a9a0c
43011e12
42c74820
42d6a764
42876d4c
43005b08
410e93e0
42daf83a
430e426f
42669c92
421a1438
430dbc74
41e9af70
42961f20
42c1b518
4225fad0
42aa778b
42bc09a4
42697fa8
42a41024
42e10552
42a52ad6
42896208
42080b62
42c1b70b
4282d85c
430dac78
430d9ad2
42edd42c
4273fa76
42cb7d28
41e081f4
42894b44
429d3e26
426265ad
42336955
42c78c01
42ab9374
42cecf6b
41ca49f8
42af62f0
42dea84e
42d064b1
42cc1f5f
41696fe0
42b530a6
42f3b740
422e154e
42864586
423e78a0
42913e5e
42b09ae0
428be984
42d1af92
4280e5d4
428317f4
42661908
42f183f2
431b8397
4117772b
42c9e1ca
4293cfa9
42a24654
4243c79a
42900c36
429cc92f
4305848b
42dbd4ec
42c65768
42589dc0
42bcd9d4
42f9e73c
425489b8
bee4fa00
428dce10
42d867be
42df22bf
425df96c
42bd74a2
42635531
429f5351
430b0f97
4280001c
427b94c8
42c35d67
4279b9c8
42f79e96
4217b08e
42b041de
42ed4a2f
42ded8cb
42f6aeff
42cf4318
4319243e
4177e390
41bbf270
42af5c28
428e879c
4299df59
4197503f
42beedc9
42ce89e2
41896edc
42f6e6ef
41a36db0
42613d6b
431406ba
42aa7be2
41e4440c
42b56582
42e097fc
419ee8f7
428c6866
42327b68
42b7dbb2
42448a2c
4289b2a3
42c87bcd
42ab2f34
4295d0c2
42fe4a4e
424ec7ac
429d2c30
43038e86
424c9c5c
4237f880
4282a288
4289389c
4281ef9d
42980a00
429e8cf2
4291ed87
424b3c88
42f5fdd7
4206c11a
4285819e
42c73a66
42424ee0
42244623
42c3d977
425b70f5
428fe7ad
427aa62c
42586cbc
4292d214
4290e138
42430120
4245df60
425459ec
419a1723
42c5fa20
42809834
427ef08c
42872222
4240de10
424bd868
428f4551
42364456
42ed3abe
42740732
41526976
42854233
42201e08
427dfd92
42621f44
42704132
4263517c
426fd8da
425a8998
43031a00
42c21074
4256c521
42d4c534
42abd4a0
42d11bec
42b6cfd1
428eb71c
42130c68
42c66368
41e5ef0a
4302e429
42c7c83a
42023b18
4280078c
4284452f
42be6752
42a16eca
42bff7f0
42d11370
42717600
42e784d9
41be50c0
42a4f098
42401b24
429045d4
42fe3afe
428837b0
41d81eae
429c71e4
42d34ac0
428ba1be
bf44ec40
41c512b4
41ba59c0
41c2ac54
42314658
428d99c2
42956122
42b0eb40
4291ad86
4285ac80
4225ad9a
41d83ec0
411aa45d
42c1f350
4280de93
42a92934
42ddbc44
419ee710
42964980
42b205fa
42b20506
41d686aa
41f5fb4b
419485e0
42b3a0c9
428b9b17
417d58de
42be818e
4289584e
414db7da
428ceed1
42aa7cd3
42efb08a
42982b55
42355c2a
424bfd2c
4282d19d
42a31827
421f03b0
42571d02
427595f2
4213ff58
41cc19ad
c0aab2b0
42bde6ec
42d723d8
42a6a51e
42b7df30
42dd0352
42913b4b
4286d078
4251af20
42826d31
4259d89a
4254f57e
42d6c272
4247424a
42b26ea4
41de3dfa
429140ac
42cf8580
4209dfb0
420ffd0a
4298694e
41d484c6
42ba9e16
426ea89e
421e0d60
41a34f2e
42c1c8ac
412183b8
41d8dbf8
4254aa34
4168af58
42c09369
420cfa54
421a7098
42b828c8
423d8ca4
43023a37
41c2a9fe
4285793a
41e72ba8
42b01e6e
41af824d
42d78075
420e8c12
424aabac
42d17f97
425f7a37
427ff4ca
4219a025
423e9c92
429607af
42ab9692
428cbde1
425d560c
42900d3c
4212f188
42f1cb24
42d62210
42e77b0a
429ebb5f
42cc8be0
421eba9b
41e82b0c
c18fed7e
42df4c90
4281e3d5
42495688
420b5c08
42040958
429cd5f2
424d2524
42825308
428b6cca
421e3884
428e1f56
4210d39e
4280a215
426803a8
428af480
42c4580c
429cada6
41db26e4
42c206e6
4267f6f1
40e81dc0
bfd1ad40
4232d275
42251ef6
4191f214
425db88e
42a112c8
42e19f70
427ea46c
41b7f21e
40f83700
425ad7e4
428f9e8c
41c757bb
42d54ad2
41e7c944
42fffc96
42cec108
41486f20
42bd5ea1
4258fdca
42daed33
419bbffc
42613f00
424fa8da
428b20f0
42d983af
4228ddce
42e671e5
42814654
41e5e43c
4260f41e
4294feaa
42bb4068
428a042c
427e00c4
424ef7fe
4105e298
415f3f18
413e1a8c
427b02ae
413f5876
41be1a00
424f0884
4193a92c
41f0948a
42fe0162
421f87ef
429dcfbe
42904584
428bc9d6
42641fb0
41afb800
429f91f8
420ef444
42064958
42432800
42aff172
42b71ce4
420ecad2
429750c4
42b2f7af
41fedccc
428e196c
429f2822
40fac7c0
420058a9
4294d69a
41ad6e82
4254ab32
4226fd04
420d7e90
419c42b8
426d69d4
426a6e96
4299373c
428f4942
41fd4d0e
42aa1146
41b09aa4
4289f5fd
4262e478
4277dbbc
4266c8a2
42694440
424a053d
42b6b46f
42606228
426b00f8
428bbcd2
423453e0
421bbad9
41f199a2
42b56e5e
4209d558
425e2ad4
41bd0db8
42897399
42b9e65b
4298d4fb
42598c0c
42ba58e0
427b06ce
4203d782
427f604e
42108704
425c8cf9
41f0acb0
4272b0fe
428332de
427e2858
42b4a00a
42297476
42a63d42
427e6d84
42931a77
4252b56c
4280fad8
42b630d6
4189b298
4217827a
424790f0
42819d6a
42d9e146
424370ad
41a607ea
4288757f
42972737
4206f8a8
40671940
4253ffb4
42bab840
42327004
4207fe68
4254bc7c
42514182
42b7d66e
41e10e08
41dc589c
bf1f3f20
42871512
429a8540
41bc3710
4258a05e
4237a450
4288b110
41bc2b58
4202126b
42b2d4d0
42a94965
418273b8
42be0dcc
42116754
42ae4701
426657ec
417fa328
42974448
4214f690
c218e0f3
428f2e63
41918248
42cfea5e
423c2df4
4293e172
41c6d328
42a19ab8
4266c6b0
41942fc4
41dac748
426d31fc
4093cd60
410f318a
41cfcdd4
42762a50
423dace8
42ada19c
42ac2836
42414565
426a98b0
427836c0
41a0b480
429d0537
42d67628
4226688f
4232662c
42b596e9
42bfa11a
42250ae6
42c839dd
4326938e
41a46f52
42ab9e46
42bbfe57
42520c78
422634d0
42849b0b
42ad1a5e
42e79a58
42892c47
43160b7d
42ad3fca
42d2ad1c
4278c5c2
42a6eb2c
42bdd588
421ae9ac
42b44172
4287698e
41916e7c
433083f1
41cb6508
4277eda7
42a4484c
428ae7e5
43268153
41ed00ac
42ab3e7b
41bb771c
41f9b166
4188884c
423aaa0c
42aec524
4181f153
42698320
42a06126
426471b2
431f0edd
422ef3d2
423a15b0
431604bb
4271218a
411fd430
41859b22
427cc8b2
4269b0d4
42a6dbd1
426f8c1d
429a13cc
42901368
430d0a39
421334fb
425ea1a4
429bb4a1
41802fee
430044b7
42ac1561
42d1bbe8
40c45d74
427abd81
41be098b
c076d660
42de11b8
41e61889
42ab30f7
4329385d
42542dff
42b6cc7f
42386002
42260a56
426b0fec
423b744e
4246620c
41ead67e
421cc447
41d8f4aa
428c686f
42fc6748
42125f87
4288d21c
42fc20df
422d3fff
4293ad3f
41d8bc40
41e8b358
429f1e6f
42920f6c
42d2b8ee
425875f5
429153b7
4314ce52
4274650e
42f1d216
bf7971c0
c0db0870
42efdfd8
4240ea70
42763a5d
4226a612
4278cafe
43399e67
42cd3a73
4163298c
4224f9e6
42b4f83d
43044c96
42152a3f
42960540
423ab1c8
4284b7c7
c0b2abc2
41ce5b3c
4283678e
42824f68
42b880f3
42bb3e86
427db61e
42f133fa
42179e46
428e587f
428d9600
422bd17c
431a6aca
42048338
42c52063
4241e64c
42a7eeca
4252ffa0
42c9e951
c1ab0a10
42bfb87c
42defc83
42c45fbe
41034610
43153e48
41ae9f20
42d6de01
42e76aa0
41ee57c4
42906642
42c57330
42b84fe0
427fdb9e
42dcdf50
42a99a61
424b51d8
42679ef8
4273b698
42286734
4302710d
42ba6a10
430752fa
41cd2078
423b6770
41b36664
be95c400
4204471c
427fa82e
42228ba6
427c2795
42797260
4291d00a
42290830
42d1f1fe
42fcc82f
428e7f93
42808494
425a0f9d
42776fac
4312f759
42845105
4228c130
41b850cc
4296f622
42d84b21
425370cc
42d8cf16
420b0fc8
41b490eb
42850628
4294f558
4312732e
41c9ab9c
42573c0b
42fca23b
428e6900
42792976
42c369b1
42180fd8
42cc71a2
429b9cfc
42c5eb2b
425a8b51
427b8b10
4310cf6c
428d3914
41b16dbc
4215e0e1
42334650
425995ac
4291423e
42c36696
424a6f28
42a8c01e
43117eac
429f2a28
42ba63e8
42dffaba
42102efe
430153bf
428cda81
4280c9c8
42d76be8
42eafa5f
4305ef8c
42ab7147
4302ae87
c0345930
bf72c600
42c98b8c
428bcb6a
41f74114
4239bc94
42a5f468
42da5274
41c816ae
4302c9c0
4285d28c
c08c4eb1
4312037e
42850b12
41d9112a
42aa2a6a
42ddd8b1
427be6c6
41a461d8
419efe40
42b3cf2a
41f9918a
41ff81ff
42ab97e5
42b903e4
42b22aa3
42d61776
42ca7699
421fdd0e
43058c1c
429e5fea
42176ff0
427a4b25
42151fe3
41895024
421ae388
41adc3d2
422dff65
42a79316
42b94e38
4222b6cf
429d97da
416fc950
425e9af7
421f05dd
42aaab85
4173f6e4
4265b250
4292ff6d
42555a3c
41983a18
429c53de
412691a0
42cfdfff
41da2650
41da5354
422f2a75
427c76b1
423fc44a
42943c01
3f60b780
42a2e6ec
4244810c
42431442
42df533b
426aa346
4232bc13
41e06c60
41a97d0e
bfbe4bd6
426459f6
41d1f52d
415252e0
3fbe7000
4249d630
423038b0
42613ec0
40cd767c
4235300f
421e0176
425896ce
42b50e7e
410afdcc
421da75c
40e51230
41048a90
420163dc
42801288
422aa94c
421625f0
422572b0
42906d67
422e4c6f
4264eac4
42777cac
420c76b8
42af968e
41cf9ab8
424d59f8
425bdf26
422dfb28
423107c9
41147454
c1c3bc70
41ded10e
42a6dea3
41a99828
41a3de9e
42663be2
42290d60
41481540
424e5058
420c2af7
42bed13d
41c64240
41963364
41d17776
c13e55ae
c01d87e0
425db4cf
4290cbfa
410e1911
423c5a89
42e9b11e
419d8890
425cd05f
412bed51
41a9fbf8
419fbd03
4237f47e
40951820
4220e970
41e51d10
41845050
4243d99e
41d45a8d
41990961
4206012f
41cb9d88
42d27995
41c12150
4113bf84
416145a4
4283c4ea
424af225
c0a54010
429109b5
4286d74c
422be6d2
41ea662e
c1be10ea
42ed3f1d
428287da
42584bec
42474ddf
429838b7
42ab3942
bf258e00
425a0332
40eca280
42e05549
42d72514
42cb8703
42bbe76b
43132fd3
42e07187
427924c4
430178a1
424d3ea0
420f97b0
4315936a
423c1cc8
42f7c1b0
427e3d90
4297ff64
42aa27ba
43118b7a
420b1cac
424b27d0
429bf400
4239e788
42ed5518
426065dc
4220b88a
42c10fd0
4263ccec
43225977
4279c466
42d5d6a2
42b53e72
4321ff38
41f56f62
431f8597
4227d235
42c9c346
42ff09a0
42a252e3
42801f9e
4257088a
42b65a90
4290c01c
42cdba72
42d24424
426eeb50
42603b6e
42bc4744
42bffdf9
431b65b0
42fc8d68
423e1784
42b38229
42335bec
428ae603
413ce870
42bdbab8
42edd6c7
42a93893
4284d977
41c03d30
4304a62f
42e7e3d4
4213fce0
42c42e84
42401582
429fb954
41e7e0a8
42ad24e4
42efbb0c
42c3d554
42ca287c
42b29380
428ac2bc
430a8133
429ca374
41a56320
c08368c0
425efc78
42d62184
42592e7c
428ad1c8
42a8671c
42ea615d
42c93390
4103de5e
42761768
428d8a66
42bbe114
4203c870
42e9079e
41600388
43214763
4318e0b2
4277e730
42badac2
429817b3
432afd07
42104824
428bcf3a
42cc296f
42a10b6b
42fad644
427ef2dc
432e8a32
429e2b08
42151da6
42d2bb23
426870d0
431f2783
4281881a
42a69e9a
42550ab4
423f58c0
42878fdc
c10da9e0
42d09532
421d4eb8
42a91792
4268038c
4266b3c7
427b9d00
432e5c07
429dfabc
4301a23b
42a581de
4262d2fc
42caff3c
42375d70
429a9b54
42052ab8
42e4c897
42a16c82
42bd3e5f
42925120
4285f5f8
42ba82e6
42c05b1a
428f00f1
4292e760
42c69188
4291d0dc
42b7121e
429fc3f4
42b3ae42
42732784
42f8a5d1
4255853d
428a0c64
42ab17dc
42360cd8
42a762f0
42b79a18
42807e51
4234e532
42859d82
43252b84
42a32d2d
42ecc8cc
4300907c
42c5d0ea
425c4818
42e968ae
42b86dca
4296eb85
429a0b14
42e5abcc
421cda4b
41a517db
42bbcac2
42e737dd
42b6211a
42af7678
42c63818
4294bd4c
4295158d
42d72adc
42c976b4
42c23c6a
42096688
42bff1d4
424031a4
4245f452
4258f9e8
42800f34
42cfef86
42aabb7c
42829d32
424715d8
42babe28
42a9ed3a
42906090
42ce7521
4299c3ce
42b676b6
422a4e2c
42a99526
42b26abe
420f7b58
42f1a8db
4297cef4
42775a4a
42c8235c
42c36c26
423aa8b8
c01bd540
423cacf2
42bfe950
428d1ef1
428d4832
42b0c4ec
43092b8c
4263de88
42839958
42c07414
4285ee1f
42e2a148
426d1652
42d4a594
42575f14
429827b4
430a639e
42a79964
42dfbf3e
42d5463c
42ec03f7
414b526c
428956dd
4281dd2e
42c89da0
42caf0d0
4225b75e
4300189e
42316a4c
424c9094
42aef06f
42948870
42c848e0
42c169fd
428a257f
4242734b
425c9670
42a10260
4216ce88
428bc418
42653132
4292ab38
422a1a71
421a638e
42aac7a0
42f3764c
423d6370
42f01487
42987bfc
429f2a69
4298d784
42800d34
426a3628
42a3d0a5
428dcc19
429a7412
426de4a0
42937a01
42420703
42400306
42cccefc
41c9fdc0
4252d328
42934b30
425391ec
42a572d5
42c84318
41f5ff90
42986090
42d87873
c2071060
422dcd20
42484a02
4286d3c2
42cbad32
424e36f0
41fcf130
42770790
4122255c
42b3810a
41662bcc
424f441c
4177fabc
42d9ccf6
41d0a1a4
42cdeb86
41bb6314
421c6ef8
424cbaf8
418cacbe
42a2285e
41dca28f
424ede4c
4209fe16
424e754c
4289b02a
41e28dfe
422989bc
420071ba
42998c06
42a70ced
4304a431
4278da67
4295b83f
402d14e0
42260fc8
423eb460
42b1b566
42866280
42463d93
424ac096
427711e8
42f45ee0
4275e342
41da87a9
42295de6
42a43d39
42a2947d
c1458928
4299da57
421a382c
42766e40
42311cdc
42076690
420d1653
42033a8c
42be3be4
41852298
4261afbe
41b1b060
42423cbc
c1c7fac0
428ad85a
4213ae9a
42b6278e
42b4b720
4270d03f
4191d7fe
42925983
429fbc70
41a680ca
42bb8b5a
4252889e
42bc9a68
42cbdcf8
4204c45c
42a45e22
40943f0a
42ce83a6
41fa67a4
40d2dca0
42ac253b
428c1b52
426de01c
424970a4
42eea504
42739982
40d32630
429b9368
420152b2
42793ad5
422f85e2
42904f11
422d7f36
41b14fdc
41071f28
4210c8b8
4215ed18
40e4d1b0
42173984
41cb26c6
c1c7d154
424b4f20
430612ce
4290946a
429245b6
426a84fd
429b0f4f
4281ee68
4224b566
42cf1380
421a87ca
42940450
4215c7e2
420d290f
424a1de4
428be9ae
420d222c
42d02ca4
bf62e980
42a83d28
423018e1
42af4958
40f392b0
42eb07ea
41e04884
4268f264
42930bc7
41ff8b07
4258ebce
4286dc66
421d347e
428a4956
428346cf
416f28dc
427915a6
421f85f1
c19ed6d2
428fd401
425a90dc
4264a770
429e5029
424d09ed
4286bc41
41ec3e60
41ead36b
41dc9aee
c04b1ad0
40f4021e
424795b4
426b138e
41f32ebf
423d6d33
41fad6c8
429fe2f3
427a654a
41b42ac7
42656be7
425754a8
42981c09
4254529a
411c2f30
41ca981c
421917b4
4257a7f6
428309a8
42858416
41e9263a
4248f81b
426b5005
4261a4d9
42825dd1
4222a7fa
42adbb86
4202f796
42695aa9
42477896
423f0961
421bc031
42cbffd6
42a57664
42984202
c0753a90
42841895
42f401d8
4264ab2b
4105afc4
42598525
42769b89
424d97a8
416583f0
4288ee06
4279a9fe
42a0f55a
427679f4
423befe2
416511a4
4289a31a
421e74de
428ff5e6
4221d3a4
42712bc0
42d6abed
42664c80
425d900e
425b0fba
42a46ced
417258e2
424915dc
420580cc
424176c8
42388b3e
42944f15
42796b22
423bbe77
41d8e1e4
429eb6e6
42755d3b
42acef6f
429b180b
4222a772
413423d6
42849eaf
4287a52e
422aec0e
42288a68
41ad3496
425aa9b4
414842f6
421b6cda
4283f296
4270181b
42cd0efe
42a03df8
42a5c490
42157d9c
42a1e4aa
428b7444
42574f7c
4238f3b0
42f75736
41a776da
42d9dd37
4290e68e
42ebe75d
42de8912
42ef70f4
424e0076
42c61082
42a691e2
42df29e0
4289b6fd
43131188
426e909d
42971a10
4304554b
42d66420
428690c6
42d8eb24
42116ec0
42dff933
43077881
42a9d53a
4276b168
426f883b
42a30773
4308211b
42f62e8e
430e6650
42b884d9
42921bbe
43136312
42cebf40
42829c24
421a5fc4
428a7d56
4130d044
42a2cf1b
42735b5a
42d8adb8
4267e3da
42ea95c6
42cb43b0
42fbacee
429d2908
428b8348
42c21892
42c1cd93
425884ea
425fc957
428f2eb3
42897e35
4283fc94
427fdf6d
42aab872
42724fb6
42ab63e2
4292d2d6
42a8b713
42f24d7b
426eaa0a
431c725e
42a24f42
42dfc268
426be1f0
42e802bf
42a326a9
4284e6da
42e590be
4290b29a
4183051c
42a457d1
4303f32e
42947ebb
41b02f71
429c2879
42bf8b0c
42ae3358
42775f83
42b91a7b
42f74bc3
4286f790
42c63ced
42d56568
415fe8dc
42e5a24c
429515a2
42dd35aa
41deeba4
422293e0
431cf15e
4309f989
431211b9
42d85df8
42c5c945
41dc96d0
42756638
426dbbaa
42b41a06
428ea3ac
42152c8d
42f83e42
42afe76c
425829cc
42d0d6db
4272dd54
4308099e
42f20c39
4224a9e0
41852b6c
42c001f8
4314cdda
425d4b2e
429aee83
429da20a
42fa9445
4208f2f5
42339110
42f7cbbb
42bc3b9f
42c19656
43075c77
42b74eb4
42c46627
4299ad40
42ca66d9
4222d83a
42a20b8a
42cb9e54
429a8e83
430b5d60
43091d93
426b7f1e
429e40a4
4336bedc
4230a164
42d46333
42dec296
42a7010a
42756aa2
433e63e4
42936f44
43071752
42d05930
41e1a303
42619cfb
42d6b466
422ecb6b
42f4f16a
42c245cd
4296fc8c
42d61113
40ad2690
42dfafd2
42245bee
42fe22f6
42a2d6ed
43593c1d
41e4701c
430b151b
423adb46
4290001b
42b778fc
421bdf5a
4256ac8a
42a45dd5
42a81052
42b7326d
42b4067b
43075e4b
42d03284
42c9430c
42e4203e
42943978
42fc57cf
43119d4c
42732fc4
42da2d9e
422451a4
4262c593
42bf5311
42fe9644
42db7144
429b4398
42d3685f
42e5e7e0
431be4eb
42e33982
4201d3f4
4300384f
430168e6
42d5846e
3f892f30
427c8418
422c80c4
42a56de2
42bbefc4
4255ea58
42985621
42be4d17
42ffb332
421279b9
4259434b
41df93db
42b3c076
42b301d6
42caee0e
425b3588
4291f173
42f2665f
43136213
42979f7c
4287004a
42c8bf07
4245e59a
42d7e2d4
42af227a
42f0cfe8
42e54c0a
42d1eca2
430b78d0
42a4c9e4
42f0f678
41958310
428802ee
42c48ddf
42ee07db
430401b4
4259ac77
4316045a
42df9f4c
423adeb9
43225208
42a804e3
42c1fa0c
42f1962e
4289f566
42c76bec
4263665a
42d42b8e
42b60345
42814195
420aba3f
42103bb1
429f3477
4247533f
42b3fda8
431f5b12
42a78c22
42dcd92d
426519e6
42dfc1b3
42cbf726
42251924
42c81955
42134552
42aa771c
4080acf8
4246235e
421cbd82
42b0c3ee
420eeec0
429db22e
4204dafa
42b4b018
42756585
42b7291f
41b1a440
42d44b6b
4233827a
4290de43
42a1146e
428c0ae9
425b60f8
42deb48d
421e7c33
41bde750
42c2b3dc
4270e364
42902efc
4235ada4
41d4410e
42a2432b
42433bb6
42c9b768
42590d07
428452d2
42898164
425ed5da
416eb960
41894ebb
41f83770
420c4771
425b8588
42627a08
422f7c9b
42353dc6
42241f58
42fb456e
42966318
424d0fca
425cd934
42849ab8
420c0c06
426f641d
4233a07e
40f9d614
428b7735
425bbab0
4298af44
4297312a
4240597c
4242c294
428a96f3
427e08fe
429a180d
424c9030
42a8dbfe
42996eff
42c28fe5
41a94a9d
426fba99
41bb9710
427a30a8
42f4c98a
4242c216
41b1d671
425514f0
42eebda7
42664554
40cdda30
41d5b568
418f9700
428536d8
421a37a8
42289faa
4254701c
42a54d64
42baa605
42b80b2e
4185ae82
41876028
41ae121e
425a8354
42ad2c6a
41ff7b71
42afb1d1
4299187b
428bd4b0
42ee9593
4239539c
403b8764
41b62c90
41830b24
42d62dbc
4217940c
41f19126
428e7066
424454b6
42248911
42a4047e
4292bef8
42b1c043
4262d6a7
42677816
4149865d
429efc94
42bc468f
42904332
42035a2c
428d4420
425c887e
3ee311d6
41c86fde
42d15fa0
428c85b4
42cef3a4
42b3b41b
429dd9fb
4252a036
428cdffc
42b18dd2
42208751
42e499ec
42caab54
4292beb8
42af662e
42f94a45
42e70a49
42866204
4322684f
427b86a0
428d27e7
4316371c
42a57f43
42b8a44e
42e5e76d
42b8ebe9
42fd37c8
43012470
429a58c5
430bc930
42e15bb6
42375da9
42dbf7fd
4302465a
41a9bea0
42ae78fe
428c326a
42aca7c4
43010b0d
42bf8426
42f5008f
43263353
42164a4a
432196bd
426e5f13
42ed5642
42952e06
4249c920
4206b8ab
42731540
424b5cce
42bfbee5
42d3133b
42e6d37c
429c56ac
42df2cb2
42cd406b
42674bd6
4331df53
42c26e99
41218124
42735608
42162f90
428dadeb
42e29e92
42d70f63
42ffdba2
42a4f30d
42dbe31c
4276d2fb
42c65ca2
42f88940
c17cb7e0
43165cd8
42969eaf
428b7c40
419e0c85
42973bda
42a9105d
42bb6086
42d86148
42a5d4a3
42ade69f
4348ae45
42bc48b0
423fd6bd
418a0d74
4294524a
42eb20b6
42ba53f6
42811c1e
427f2c9e
42c3ea76
428fac20
42e757f0
42cea454
429d4b3d
42d685e4
429d74bd
42d28890
4205d48f
4300d36b
42d71cc4
4317c04b
42ad275a
42a47ab5
43109574
42342de5
42bb57f1
42d495ed
42ab9ae0
42c0385a
427713c3
433f1afa
424777aa
42df0d16
4300f298
42b94aca
432627ae
42fd2eca
42831840
42b28f91
42009b16
4300299c
429711d7
42f77774
41847057
42c4e799
4215dadf
42ad8494
428e86a6
431431b1
42a37376
43076fa4
4258b9ce
42f1355b
42d2351a
426297ba
42bc13c4
4284c988
4298f5c2
428f1ec4
42a49c46
4264a2e2
4262a2f9
4284cb37
432c314d
422b4c80
42f46ad4
42cfc062
42ae4bab
41fb3d58
4332c42b
42927390
42e4294a
4270696c
4257b9b3
42e2eb22
42d29bcb
425b4cf2
4286c7a6
42b4e72a
4196ed54
42b98fa1
42a20338
42824982
42b7b6f3
4280f5e1
42c79003
4309e9df
427ac8a6
430a391e
428df8ac
4263058e
42888eea
423b6408
4207b944
4288b0fd
42aa00fe
42bc4f62
429fb3d5
428ede76
4327de1c
42e250d6
42989df3
42c5c6b2
42a5181e
42f21c20
42970c96
42811c1e
4204b0e5
428f1417
42e37db1
42f3b866
430050e2
428c969a
42a17285
42b9a46f
42cf8789
42dfbd8c
42a53fbb
42fab239
42bbfaa9
42b6b56a
4222b6fd
422a5b1e
424d4c51
42c9524c
43014fe8
42aa3917
420abb90
42f8c9b8
43225363
4298c6e1
408c42a8
425da4bc
42919494
42b8039b
425a13b6
429fc0ef
42c46db2
42b27170
432a7ff6
42bebfd5
427a99b3
426dca10
42a56ecf
4303c5e9
42acc419
42b065bc
42d9da78
4292d1be
42b065cb
42a8f7a6
42e32673
419028ad
425f2f1a
41b6bad8
42a05cb3
42bcfd4f
424b70e2
42c39ebc
4206025d
42981311
42d35dd9
42e5b04e
42baafe4
4317ee3b
421c1796
42b6e323
4226d692
42ce0aed
42c36fb6
42b16931
423eddfa
41d84800
42377bef
41f4c64a
42dd5bba
4302b319
424e4544
42e81231
42b8a9e0
42dce669
42b690ab
4250bff4
42828cd0
420f5844
42d1d0b0
425326ac
42887eca
4224bcec
42706e2c
41cfe2d6
429c19dd
41b40b50
42d5226c
42cc277a
4287fda1
426d8dbd
42706456
42a76f28
428b1b2c
42d1751d
41cf0519
423c8c04
42c57d82
42c5799c
40e280c0
4295c16c
42b6cf43
424477fa
4201ccf4
43007d8a
4273f034
4294eca8
42d4e3dc
429707d0
42cbbb7c
428cf579
410a7c10
4267a806
42143ad1
42b6e7d4
4292a37a
3ebdb320
432eb53e
423d9f78
427fbf60
417a1198
42d35593
41fb8254
4252445c
42836a19
4280347d
42837754
40fce0d4
428be386
c1206d60
4246b0aa
42903bc7
41b1bb88
42ab4440
42da07f6
425862cf
420e8030
42cb5dd4
42b8fb1c
42263731
4199db76
42bb632e
429d7d52
40bc8710
41f8e300
424162ac
41c06fc0
42f63d9f
425ecc3e
42b524ab
4273f955
42ee26b0
426d92e0
40f7bbe0
bed782c0
427da4e0
428d9568
4223fd5d
422b24ab
4294ef82
42b9bd7c
42a416f3
42f689d2
42ac5878
42882184
42903b56
429069a2
43092f1d
41b2337e
4287e856
42278928
42986584
430c0ac6
42d93c04
4125fa50
41f51f83
42624dc0
43062996
4201eb52
421f86d5
4285c348
41c4d47c
41b94ecb
425c5a3f
421a3070
4225e88d
428402c4
42c03c68
c0e3e2d0
428f83c1
42075524
4204ad2a
41ba99a0
4280204f
423263b2
bfbc99c8
41926a39
428cf952
42caadeb
42623fd0
42e13f56
4241445a
419a326c
42ccd55c
42ad8a44
42692e88
4231cb3e
4276dace
42ba763d
4247ff32
42c5086c
41d03c17
424c5bac
42990722
425892cc
41d08100
4255ff24
42435480
42e2dcb0
41123dc4
42c16743
41bc4ca8
42e25427
41c2b78c
415f2c30
42580e68
41582700
427269b8
4220bcd8
427a3892
4262abe8
c002a180
4304b09a
422b6339
4285291c
4212c08a
4298d802
42327ea9
42c20f36
41b8a834
428a4ffe
4289635a
4259297b
428633b1
c0181946
42b0ccbc
425a3486
42b848d8
426b45d8
4168ecc0
42246f84
41eb8256
42c16514
42e496e3
425971e0
40e580f0
42d63f6a
41aa3900
41466c7c
c0d44090
4299018c
420d5f1e
429b1ffc
42823170
41ead7ec
42aeb200
40fa0240
41b8b655
429fdebe
422c0d6c
4293ddce
c180a5e0
4256bfe0
420bca70
c1815440
42bf2974
41de9ce8
42a42e9a
429a2b3a
41c6b5a0
412247a0
41df0888
c0d3d460
421530d2
41cf1640
4260ca48
41c65f48
42b28bea
424b424c
c09a4568
4287c384
42713649
429dcae8
4122bbb0
423291e8
428b3f3a
42a205be
4292df98
41d99d70
42b06189
42ae0219
4287c8ce
41f80860
428b4d0e
4286a01f
42f9e316
42bc701c
421e5c58
4302ee2b
423b9bbc
423bdf6e
42231f76
425dbbbc
42e6c9be
4184e848
428dbb7a
41f7f570
4190ee2c
40c7c000
4187d600
4214f488
418f1ad8
42180cf9
41ccfa3a
41d1f56c
4108d53a
42f002c4
425aa714
428c7f3e
41e8105a
4261de84
421a00f8
424f950a
42ba5bae
41204c20
4283df44
42129b7e
424f71f6
41c7fb20
420fc795
42761978
42cabc86
41ab0460
42d63ac0
41df42e8
4229e164
40c1d1d0
429c5327
41c1f2cc
41beae30
42c016dc
420c54b7
426873b6
42a0ab7e
412d4fe0
42b4c2c4
42078230
4282ef96
424a2da0
423c7f2e
4279d77f
4233d957
424e35b0
4280a78c
42256184
422a2c72
421d4860
41c87a8c
415c1450
c0995620
42174114
412ef67b
41c4bf7e
41f1fd10
425e8b6c
41943348
42297468
421b35b2
42517385
c1083d2c
42687d15
420eb05f
429cc022
42af75ec
41c3a418
4226e83e
3f689400
40b13088
4247ef30
42781d08
40a7a234
42390d90
42ad328e
42377f37
42276250
41ee4180
424543ea
41d87870
42aa755b
41e716ec
4273bae4
421be174
40fc21c0
4234ca48
41e1b578
416db180
42013f38
4275466c
42174c0c
41af4f30
417e2d40
4216f6c0
414a5c40
4207d284
424c90f6
42c32d26
42019008
42450888
41d67d2d
41b00ea9
41f494c0
41f73bc5
42b15438
42520600
41f9e35e
42c2db4c
421d1110
42c40df1
424277a0
41dc7eb8
40909538
42250df8
4202e23c
4286ab6a
412e9898
4195b308
41c9ffc3
42a941b3
407b71d0
422db87c
425d9068
424bd903
42611550
41b0782c
bfbc0fa0
4281b8e2
42511229
41523610
42133be0
4235be0a
4235d44c
423e23ab
c1a10454
42c574f4
420f69e8
41ecef24
421ead2a
427b38a8
426bd7b0
41f9ca80
425eff71
41eefda8
421362be
c095f880
bea52000
411ee5d8
41bf85e2
40c00eab
c1642250
421b5879
4078f9b0
41358308
41b31266
c00640c0
3dc36a80
41e1e72c
40be6924
42275a85
3f9ea0c0
bf47eec0
3f3bb7e0
41d1e3dc
c14ebe4c
415bdfc8
c1327f2c
404bd300
41d81302
bfad9d8a
414d7d38
c16b0daa
c08ab190
411eb456
42912eb2
c170a998
418dd1f4
c1b5245b
41ad95a2
41a30b9a
c1002b38
c08cf6b8
41c44b38
bf66ba00
c0b1d1c5
411ee5d9
41cb6f63
40b8a650
c12dc80e
41e06a06
c18e2a8d
419fe99c
40ba6972
41076dc8
bf18fa40
c0e53d74
c0d716c4
41280204
41528868
41c50d0d
415107d0
4098b63c
4152e94a
41c235c0
41cdb58c
c1e3998a
bf0d15e8
4142acf8
c11e06e0
c1716d73
c1e10720
409378d4
4191f87c
c187302c
c10f82b4
419695ce
41e8dd25
3fd46460
c19bbbba
40680584
c0a77898
40cb28e8
41eff1f8
41809860
c18e3be2
c1610230
418c5d3a
41cb72ac
40048c60
40fbe240
c1fee974
409144c7
4139cc5e
40af2ddc
421a3fc1
c109d804
414d2a6d
3f990e70
c0fbcc28
40f15c40
c0875e60
40addd58
412c01a4
bf36af40
41b835dc
4117c289
414547a8
412f2a72
41cba30b
41f0f016
41706200
40c45aab
40a1a5e7
c0b35960
41facd4b
c16b2ec8
413e6024
413f1424
41e6cc76
bfacd7a0
c1759e9a
41f86861
419b8ee1
41332540
4211ebd0
c178ead0
3d15ec00
c15cfbb4
40c88e52
410ee398
c1816786
c0f8eb88
417d273e
428d52a0
4204ab40
425f8368
4233ad24
42a2a74b
41268af8
4234a11a
426f8380
4217a314
42b9bf0e
40e3c030
4243a23f
40fa9356
42811080
41f7e6bb
42ca3400
41b4e728
42c31d10
423b6d38
4220017a
421e9146
427e15a9
4219bf49
41f00477
41e2eede
42de6aba
423c7ff7
429741c3
426025a0
421d4684
4198442c
42052a34
4236edf9
42133abd
c189a83d
42a460d9
420cd708
c22c0e70
420345b6
42a70204
429256ee
4218f04a
4114c511
41870b2a
42470818
4246f743
429963d6
423d1990
c130faa8
4228d9d6
4138bbc7
4248b616
41d6973a
4212e400
4284fb0a
4143c358
428ccb35
42855435
41f8e92e
4267a78e
c0aafe23
420a74d9
41d45a77
42411446
c178a597
4283ce2f
4283870c
c238eae8
41f85fd6
418f1f6a
42896f64
427a1652
411c8a38
4207e96e
4119afe4
c182fbe3
42930234
40bf40e7
413d2b27
41c045e1
42bf8022
42541d11
41f530c6
42845a1a
42420912
42845c06
41849a79
423b7721
4230f42c
40a2bae0
42513eb0
42a2d974
42614fc8
4284af35
427f36bc
412ae8c2
41c3da2d
4281a339
42858ec8
41009de9
41952f91
429c8236
423edb6a
41447410
4240ba9c
42402cf4
4268a74d
41d54acc
421442be
40eab8c2
41450179
426d189a
4223c528
41ef7a48
421465d3
42754322
41a068c5
3f8a19b8
422f53fb
4258c1a6
c0961d71
4281a5bc
4141ad0e
418d46b5
4243299a
420304b9
4260f8c2
4257ec90
427da908
425a9fca
4285f856
42c9bf84
426850a9
423e2b40
4309ec25
424f9d1f
42ca72b8
42b5b95c
428d640a
4254eada
429fed9c
42d38e3f
42a63010
42db2d3f
42d35c24
42a62682
4309270a
42314c60
42302e60
4301034a
42b040ec
43032373
41d137f2
4279f7fe
42ed5e22
4281dae8
4266ac5c
42b7591c
4290b544
42badf4f
4207cc38
4274635a
41460368
4246728c
42662a7b
40ec00e4
42bf791d
42828ce5
43051ba5
4265c2f0
42ab6dd2
42f4d43e
42870ba2
42bcec26
43244544
420e42bc
4139e3cc
42ad490a
418202a2
42719699
42716c16
42e73f62
42867d02
428e7866
43072fe6
42cb01ee
423b2362
42718eec
41943f7e
42d98300
42caccb3
42d7ad7f
c186a5b6
42457f72
3ff60d00
c1981fc0
4319b954
421e6694
42cedcc7
43183380
4281f160
4285c044
42175b08
c0d90da0
4220c818
429840cc
4215f470
419d2edc
428707e6
42d435b6
42c5152c
4303e2d6
422b0c85
428c0d30
428d906c
41cfdad0
431bc850
41e90706
419bef60
42d6d2da
42bc6fb3
4335baa4
424d7630
41e06260
42f9bac5
4275fa40
433e1c03
4232bb8c
4225a89c
430386db
428db376
429460ba
42a939cf
42fe8bd4
431847dd
42934e15
428f3e4e
421375d4
4251fec6
42d3d946
42f5bc6c
4200ade8
42479fc0
4209efc4
406e45a4
424b7815
4239db9a
42b73c26
42bc0cf8
42d0df60
42212ef7
4296981d
4298b4e8
42a83c61
42f40eec
42bf9397
42e05bd2
42c1ed78
42b885f7
42e6e834
42f038a7
4262d458
4305452b
42a74158
4279a1e0
43138cc2
42a30fd0
42de079f
42b4040a
42ee6ce6
42db302a
43062939
4257624e
42f5999c
42b01ed8
42b0b394
429876c8
42db33a0
418ce5e0
42b3ceb0
42826261
42f9b4a8
42e6660c
42b1ca30
42b0eba2
42e7f83e
427e58cc
432419d4
42c36ce7
42998ea6
42886048
42a2fa95
42a7906c
412e6e33
42cf4cd0
42b435dc
42fe497e
42996688
42dd0e23
42b5342a
42b4a551
43045cd6
4319de01
42e2f622
41ea5b04
42c4cb10
41cad7c4
42e9f152
429fd886
430262f7
4302019b
42a41185
42e81d78
4297d317
42fedb77
42c32be8
42963ae9
43069adc
42acf62c
42f3e342
3f6d6880
42dde496
42b472a4
42444020
43116550
4295bf4a
42a2c4b0
4304cac8
42ef7954
429dedf0
4192f5e0
41f18c28
42c14204
4208dca6
42690910
4289a23e
430748b6
42efc008
4290b135
42fc7671
42a3936c
42dad794
4220b309
42c2e808
42a77669
42c0cd6b
430d78d6
42aad77c
429fbce4
42e06979
4311834d
423c8d9d
42851180
429e6f50
43028c9e
42bd841d
427512c9
433c4b78
422d3c06
4251d473
42d076e6
42c6b450
4333f6fa
4296f7d6
42aa9f4d
4285781e
4257037c
42c0e6d6
4295ae2c
429e2fc6
42708cd4
42a4da0a
412ed571
41aafb07
42ac2796
432748f0
42d24e84
4312821e
42c6b699
42b289b8
42c72220
42a1cf62
42fad744
426a2a05
432023fb
4262542a
4267e320
425b1e2c
42a764c1
42b79334
42e81b68
418dc920
42e8c604
426d5384
43131a18
4267b9f8
42c6fac2
42891138
42b2cc67
433ec74d
42874c44
42b55a94
430754ff
427c621c
42e72b4d
42f41be1
42b8cabc
42057f98
428ede43
42632935
42e8fcce
42c3711d
4302c932
42c35c1a
4288c442
4296dc2a
420444a0
4254172a
40fe6058
424603d8
41d30a46
4218561a
4285c808
42533bc7
424ae592
42bbafc0
426fca42
429b851e
c0064940
428be318
42d8e61f
42c1b31c
42627c48
4203d556
41fbc360
4171ac40
42b83118
422cfe08
42bcd285
428575a1
425ec1b2
4282fb26
4290693a
4293db21
c0efa020
42c3190a
42ba08cc
42caa832
424a530b
42e9957b
422b38d9
425f6bc5
42c8f426
42945900
428d90f0
42cb5134
42f538a2
427f56a4
42477614
42579eea
4263271c
421fa461
42a4e8bf
42990764
42dbbcb2
4211187a
429e7bdc
42cebc30
42aeb019
42f7fd3d
4255e8ec
42d69e43
429f0ef9
4296a8c0
4312c98c
43046de2
4307858b
42b792ea
42abeb28
41ccb980
429190fe
42ea3d85
42f68b90
41b43a86
428f6e1d
4300f34b
42a56301
429dcce4
42c66b54
4299a3ea
42c50dba
42c3a638
42a5923f
40b3a978
42d53c40
42b701be
4228f0d4
4255ef94
419a29b4
43054ba5
411f32b7
420bb50f
42c57476
42bb3ec7
430a7530
42cb014b
42cf339a
42bbab27
42bb235e
43096ddc
42900d18
42a5f8d1
42a4cb60
420bfe2e
428e2c64
4254a3e8
42967602
43038b1a
42edd0fc
429a90f6
42e1c1dc
42b64d79
42b83a20
42900dae
42bddbb8
42908a41
42ef2a68
42f3c772
4301bbd3
42aa636a
43143e20
42941e60
42e65908
43171a7e
423d0198
4282c828
42e78dc6
42b21904
43372b2c
425c0494
432b263a
42af3dd8
42ae5686
431a910a
42dfff9c
42f76ec0
4225a658
42c3fb44
c0aec702
41e33aa8
42beacc4
42655ec4
42b1ee8c
428f1834
42bdd970
42fd95e9
429a09d6
42883f3c
43118126
421bfac0
419b36a0
41e048c8
422f2d18
42233fa4
42d56f18
4193ec60
42ec9d42
42f4b00a
42da3c0e
42122720
425f1dbf
42c9ac20
4262acbb
42c32508
42da6f14
42c75448
42485938
427d57f6
42a9e420
4246ec24
43094ee4
4271be50
422e9578
4328d1d0
42ee6913
426e8940
4113b1c0
42d9955a
4301bf2c
42b343c4
42843bd4
42840e38
4300d37e
42495c64
4289eea6
42f3a61c
41a83148
42c3324e
43297d26
42630630
427864f9
4214e6fc
42d21570
4300e057
4256034e
42ef3c6a
42ae77de
41e344d0
431e3845
4264c118
42dfdbea
420e9e50
423b9230
43076d47
c17d6360
429f93f4
42aa6964
428e44a8
432e155a
42bbaba0
428119a8
4217ce68
42bbf2b8
4301b640
427d2cc4
42c882d8
42a52010
429edf96
c0f88d86
425efb58
42ed6a99
42a93a60
42c81d48
430a1ef3
42a15bc2
42efdbf4
42758060
42b640a4
42661668
42619198
430797fc
42c3d536
42ebd791
429c3200
42913fab
42b99bb4
431a313e
427c35e0
42eb7f38
4310a07c
42a84908
427c29dc
42dac018
42ee8b2c
42ee3ba8
430b47fa
428fe8e2
4321e05a
42e17dc0
42d4f110
42b0f26c
4308c200
425eb81a
42756698
42b4b8ce
430871c0
4300751d
42f6219c
42ebe8b6
42f30cd2
42801435
42ef0b36
42ab8a90
4292611a
41ef8d08
42ec0e34
42560daf
c110c250
42dffa38
42f3a194
42e5e454
42b8c058
42e9991c
42e6b3be
42943232
42ecf462
43091668
43080ae2
41a37016
429fb988
422c5560
42a48056
4309563a
42ae5d8c
430fe04f
429c4252
42f96d22
42c3135e
42b4055a
42df7170
424daa36
42e412eb
42f74484
42e41073
41d65d80
42d5bfe2
4290c00c
41127220
4302ff22
42a467da
42e7827c
431c853d
42ed2f06
42cbefa0
41f35a48
41f1a398
42e0cd81
424f924c
428f7c10
42aefc19
4308f0e9
42939cca
430a8779
4310c213
42eb86ea
4319bc4e
42c64f6e
42f05ef0
42e79194
42580d44
42dea110
42ffc409
42eeeab4
42fca0da
4308775a
4205e300
42c5c7e8
42d2b4a5
43093ca8
4243f618
4231d47c
4316f267
426394ac
427ddb56
42d98f94
42e20396
42d7f788
431614c9
42918e26
428be018
428cf9d2
42f8e5d0
42b98612
4281cca0
423089a8
42aa3b02
41bcc91d
41af75ac
42bdbe19
42f29aa8
427fd434
43097cc2
42b2d3a6
42dd90fc
42d92bec
42a5a620
42dafd64
41830f66
c1c55fa3
41e45542
c17f20cc
41174946
c0a9ee6a
3fe5fd00
4203cce8
41b7eac2
4190441b
4129f75c
c0a80080
414fa348
41bb6a42
400dbd20
40c0bc70
bfa08380
c1a353b9
42361130
4142880c
40010670
4188674c
419018dc
c1e6c490
41f37958
40e66370
c06c6140
40dc4102
c1c7efd4
c1057409
3ef31c80
40ee6f90
4197de04
4141436e
41943746
4105ea20
c1a382dc
41b50b90
c0669b90
c1509970
4139ac1a
41aebaa0
c191035c
40e84180
41c77f51
3e8b8500
41a3f2e4
41fe1b53
41021b68
416f5da4
41a8280c
c165a140
4025c0bc
41a2326b
425bff2a
4163108c
40ed5728
41ccced3
41e89b12
4171522e
c13df4d8
400bfe00
414a2534
3fdfb1a0
4154220d
c181d970
c104ac88
c09b4e20
41c940a2
41c2b086
40b5b020
c0491200
4211f387
4169ea30
c0d73968
40abb888
417642e8
4134c8d2
c0ec93f0
bfed33a0
c09fd4c0
41c9b58c
4194808e
4202112a
c19a5a04
41187492
c0b3ade0
415d741f
40ee3970
419e9788
41fa4f58
c0167bc0
bf722340
c19d2068
c111a778
4114f080
40f2aa38
4168c730
c04dc008
4153f072
418d9fe8
4150f7ee
41d85b64
c1ab04ae
418a4ba0
4110fdc4
41d0be56
41d6cf7b
40dee8b0
41b3bfed
42042eec
c1d979ac
c18a1bd0
420f4913
41a506ba
c1406a2e
c1d136f0
c05c3886
c0a7a53e
40424d30
41a7f33a
40c4a860
40b37b48
c0b48f00
4238e137
40843b28
c146b4e2
42508497
42869367
4309e531
422d12d4
42c5d2bc
42ca57f0
431babae
414538c0
42d96094
42302054
42be2df4
43268378
4274b8e8
4287d57b
42d6ad92
4272b574
42b3cf24
430e7391
41c0e380
42bcacc8
42e3ba88
428e9e58
4268f1f0
42c91aa0
429dc688
42b8b3f8
422c2bc0
430a746e
424ae918
42f907ae
43081120
43067c8b
426ec39e
42b352ac
42081a33
427e10ea
427d8e4f
42a74a14
42915e95
424e2f2c
42c8a848
42bcc20c
429da640
4288f88a
42e19e0e
42254bcc
42e09805
4254f5d8
42dccf40
42cc8fec
4232cf40
4299375a
40e4f9c0
42c1e470
426a2a70
42aadb20
4302c2ab
4288ad71
4276f8ce
42986f49
42fb14c0
431c49ae
41779598
42867310
428b517f
42aaace4
418a1fc8
4295c570
42cd5254
42cc4bb4
42dcba90
42ada560
42922155
42bc7e8c
42f690b6
42302030
c119c040
41e67870
42c9f90c
42b39bec
42315e70
428f04c4
42bd83e6
430947f0
42c597df
42b536e6
429090ae
427edd90
41b78170
42e53622
4293f714
42c09e6e
43039c5a
42d4b144
42c353f6
42fd22ba
431e9f60
4092e6d0
40719c80
42b0abd5
42ca958c
429b93c2
425e263d
42ee08c4
42b90f54
41bda834
4302795b
42692a70
42a900b8
42a033c0
42cfc342
419745b4
4288cec0
42bef275
422e0286
428d8b0d
428b8901
42b4c918
422e63e4
4257c893
42d82062
4306d6bf
42943d08
430b1782
427acb50
41d71a40
430de312
428be498
427aa988
417ce82f
429ca216
42b50e8c
42908090
4242698b
4218fd3f
42658c94
42a2772e
3ffda4e0
422b4b61
42c1233e
415b2ed6
423f80be
42926b96
41d2adf6
41ad0279
42ac82aa
c1083109
426b8ea9
414638f0
429e6c03
42a2a41e
425c7f6b
41f29b6c
425d4aec
42475ae0
42dbc583
41defec1
42d9a358
3fd69540
428fca05
41862bf8
42842222
42296732
419b5010
4232b378
42aef9e6
42400829
c14ef2dc
428be5e2
42bef7bf
42b13917
4268637c
424b1f32
4272404f
42264e66
42eae552
42710b92
432003e7
421d137b
42733097
422ea5a9
4268ccd2
41df29b1
426545f5
4285880e
41664f24
4237560d
4235373f
421f0ed3
42b68822
4296f404
42014ab4
42546a3e
422e3168
4264ae22
42a78099
428ea15a
4219beae
425646fc
42bde053
41bd0bba
4282a15e
4297c70c
4263648e
4052518c
42063b48
42aa2e93
c1095462
419c45f0
42d7c922
42efd2de
42a324a3
4242910e
41c2f4ae
4286eff0
4315f6c8
426e8afe
42eb4ec0
41e04c06
422ef542
42aeaeb6
4218f5a6
42c36db9
42257b0b
431186a1
418099e0
420f6fc2
428e32cd
41e45122
422e721f
4248ec74
4293c2d0
428ad0b6
c1a77704
425942ea
4263f0ed
41a7cc5a
42e2f4d6
421ea1e3
418c600d
415f5938
4219f468
41e6770a
419d49dd
4092b2d0
4230e49d
4206262f
c08e6320
4152bc84
42a1ecdc
40f96b70
42b9ba09
42955761
41774cd0
42aee7e2
41a97f9b
4294101c
42c9a933
42ace69e
42907a5b
42b922c6
42df06a2
4262c9ef
42caaebf
43359c60
4213f04e
42fb7ed6
42bdd63e
42b70e2c
4246cda0
42cdb0da
42c7776a
43043160
42ec03cc
42f0ffb9
42768bf4
430f3986
4280f89c
42e69a62
42b7edab
4270c5a1
42d4d1d1
429ed9fb
4287a2dd
4315fea3
427fc399
42e3aa50
4315ca66
42a468bd
43193888
42246690
42d61b04
427bda4c
4276da58
412d8f53
42330ce4
430c115d
41d8090c
42c3d98d
429d2f77
42b9d4c6
42e734c2
4274f55e
42a69c7f
431807bc
4296ba5e
421c36e4
4211446a
425c0436
42114b9c
429a4583
426ccd52
42eccf78
42d96975
42fd09e8
4267f7c8
42b80645
42b3c56a
42396b08
42e6a787
42becba6
42df1212
4208136a
42427775
42763ecb
4237ed06
43099060
4276d5be
42a4cd2e
432b9918
42dc4652
42936ad7
41d5494b
42612f07
42cdc4f1
42b700c7
428482d6
426bccd6
42ac8b1f
42a2d436
425adc40
42ffd59c
422042c6
42a8c550
42fe757c
428349d9
42cac832
429da9d1
42caafa5
42a4471e
42a1b1b6
4304ba2c
42b8f551
422215c6
432dc7b0
42908266
430fb45b
4268cb1b
42716352
4300c415
424a14bb
427cdb91
42bd8932
42b7ae03
433d2d56
42ba7470
42623972
4231412a
42e3a0df
42f00e05
422558c0
42ac4da4
42833d0e
426bc962
41c5f534
426f5fed
42c5543a
42d82658
42efec17
42ef9d33
42bafb7c
42b83428
429dea1c
42b7cbaf
429786f9
422c7324
43047f70
4246797f
42a5f4ac
4200fa94
4294db34
427a2640
42b6fd1d
4222dd10
42bfd62f
42c79655
42bd4546
424e14c4
42c668d2
42990ce8
42b88894
42d46563
42407f97
42949295
42cca758
4280220b
422c4fe8
4294006c
427eb21c
41c03870
42a7a50f
43014ea8
428b9aa4
42b9a125
43190911
42d53481
427c1b71
42b7ed56
4273b5be
4240ac03
42721bc2
42c9fe55
42029a6a
422d8688
42ce9832
42a4ca95
4232cf7a
4293d217
430d2a19
4234de74
4271abf5
4290e048
42505270
42b96655
4250067e
426557c8
41c2d0c6
4259538e
42adb36c
42137910
42f9ae9f
42aac5fc
41c74698
421de03d
42cac336
42db331b
42727440
4290e21f
42b33415
42a2c2b2
4240e8f4
4283ead5
42974607
42811597
42d72c9b
4295852c
427302f8
429311be
43075845
426c0412
c116bf80
4215ff66
4278f554
42a2856e
4293143a
42a01288
42c15fea
423e0a9b
42d0d7a0
42e3920e
42aa7c21
42776958
4240f25a
42f65304
428a8e03
4289c61e
4306bfbb
4292a085
42c5174b
42c235e6
42da325c
3f57b640
4187d794
4243f773
42a485d6
42878168
420862c6
42a574bc
420543a4
4267cee0
42ade479
42813dcc
423f636a
42d2d29f
426eef61
421fbc02
4295c54b
42a6399c
41e9d7f2
428647ae
427e0bb6
4296c19e
420d8d56
41d3f2e5
42ec31ea
42e978ab
424058c8
42dbf4f6
42b8aeba
4273f66c
42b2bd78
42a01058
4130b860
4281014b
41ec7370
42824191
428045dd
429e9a2d
42331f62
41bc4560
4302ecb6
bfa9c040
4221e3a2
42c06d9a
40c07b40
40bc0b18
4291768e
422605fc
427d7c04
41a36c78
420f9e94
42b9c080
41af7f98
421d064c
425504f8
41aa00f0
c1d63c23
4298ac47
4238a740
40f0c840
42689c04
42155ca0
c086f602
42a5646e
411e7bf0
42bc7994
4147d3c8
41c31b3c
422ba909
40cc49e0
41d1ea5f
420ff82a
420aabfc
4224163c
42440368
42346780
4276e9ec
42a35ee7
421ad92a
426ba81e
42944ffd
42d47392
421d2fac
418ec930
4230dd88
428de980
422821d2
42c36699
429b4948
c02396c0
4296108f
424333ac
42581fe9
428ee412
42064111
42b1838a
4180a510
42462b43
41990d60
42368be0
42230444
425b47dc
4255806e
426ea410
42079fa0
42d088c6
4247abe8
4282cdfe
4066a140
41a0ee78
42430db8
414d49e0
40fad820
425ede88
420ccc50
425999d0
42771a0c
42126b04
422920ec
423bfa10
41ec6580
42a21b40
418e6718
428d8ab7
424fa1e8
41a24e90
42280e50
41ca56ee
42b510e4
422072d3
423ef8a4
4207f298
41b35a0c
42141e14
4184bb3c
4287c568
426aab14
412a511a
42443992
42789a68
42b4f0e3
42bbd6c7
beb41100
425cfb1b
41cb53c0
42910cce
41abe2f8
425feea4
4095f7c0
41cff8b4
41fd2640
4116a6ec
42058120
42829456
41f99bc0
426a6270
427ad5ae
424bc22f
42670dec
40b3f290
426350fc
420c6ce9
4304b4a7
4243745f
42a9b994
424271f0
42966cfc
4283ad7a
42aeacd2
41582284
42c5295b
428ebdd4
42cae546
4275578c
42e14dab
425307ec
4288fc29
430b5666
419f17b5
421e43d5
42a837f2
42b1e8ec
42983ebe
42bc1188
42beea01
4223e168
41c7bf46
42bffcce
427258b2
42d4c540
42a4f279
42aa4721
4294455e
42a2e2c8
421db87b
41e27e40
41af5e38
42813fd6
42759b9b
41d62a71
42de5fb1
4272da94
42460afe
428bbd39
429c2467
42617a6d
420a1f71
42a1a0b8
426d2328
42f16eb8
42457c59
428378c5
41a22d9a
424d0255
42853918
4227afec
428eb249
4282ccba
42503a4d
42832e9c
42ced06c
42b6d74c
42491008
426c6f24
42cdfae4
42c9bddd
41e03f48
42c65946
423bba68
422bd3a1
42b318c6
426f5c06
423bdbba
419c25d0
43089cb4
4281630c
4232ee5b
41b3a4f0
42731492
41cefa18
427e1828
428cb1d6
42cba525
42b68cdc
42a27636
42b18a27
428b42ec
42ef13d0
42365bb8
42ca9285
42b4e29e
420074c5
42feaa0e
4295453a
43018beb
42b304e8
42d5264c
4190e132
4182a748
42a8dac7
42db6d76
420feb62
4253dcf6
42b878ef
42a2afbe
40ef6f29
42a70411
42167ca5
42413475
42a1f64e
429f5bd6
c108b2fe
42af0e1a
426c9e6a
4222588a
41674c58
423f7e2e
42aef22c
413face2
c0463bd4
42a91518
42cb0ed6
42c1e1fa
42d87494
42a9c4a6
423dd6f0
42bda490
42ce0e73
428dd00e
428d0793
4321d504
429f8e9a
42972c8e
42be7008
4301382a
4280c4ca
43058349
418ca1e8
429f244c
42e52c9a
42e2b28e
42882225
429ce060
42b64180
42a312cb
43447ea8
429c4691
42fc85f4
42c1b7c8
429db970
42ea85e0
42e97f58
4274ef20
42815370
429954b4
42792a7c
4305f184
43005907
429c500a
42db3475
424591b6
42c43ace
4224d293
424aa5b4
40b3dc00
4289db70
4209d009
410be9ce
428e1700
42a3f241
42d3b5b8
42cd3634
423685fd
42a9e336
41c7df60
42d872a4
430c9ba9
43076af0
4202474e
41f19520
4254efc7
428b0e74
42865a0e
42932036
42d17cfd
41e9b1ec
42ba4d08
4295f6ac
42541478
42d03e8c
40cc2ff0
42f828ac
426c2ca0
42b3e38c
425955d7
43123cec
42a33c50
421100d8
42b9e1d8
42ca0ca4
42a2211b
430d01ee
42bfecc8
42c1e3d0
420fdd80
421794d2
42b5feac
4198066c
4226b95c
42cb3576
4305c8c8
429c4544
4242c170
42e97103
42aeeea6
4328e42a
422e3a1e
42f24190
425cc938
42917a0d
4314c327
430b7df8
430991f6
42c76d6a
430a3bc4
423951e0
42a988e5
430410e8
42d07cf4
41c78c9e
42ae7136
431d1d4c
42e3e71a
4268c92e
42c68ae1
42cb3cf6
430f8bbd
42df98d5
426dabc2
401ad998
42aa06a2
42f4c49b
423846e0
426eaf5c
41757798
431b77fa
4185bdf4
421f132b
427e6f2b
42d66b7a
42ef5d68
42ff6f85
42e74562
42488678
42e8cf58
42f6098a
42c2108c
426531fe
42b0ea94
41c2e4c0
427e86db
42867ce8
429d430b
41f20f10
42aec682
421938f8
420c4200
42a01d5e
42adf804
4287c748
42ad757f
429bad23
4297e4d4
42b64c24
427df635
42abed1a
429d4198
415b2a00
41d5b2c0
42caaf28
4267b32b
42337f4c
4155623a
424f7510
4292a153
4293ffd8
4288033a
42b88f22
41c15e24
42bae55b
4208a1d0
41ff9cb0
41a0eba4
41aa6d78
423fe11c
425d88ae
410a5e40
42a22eee
42590c36
42d448ce
428b6630
42a2ed40
4269f307
4219db5a
42c65a84
42684666
411ae128
428ccece
416a2cc2
427b2020
429c8b3c
42bf2a10
425519a8
421524f0
42617644
426f577e
42841228
428fd645
c1bbc370
42fdf9c4
429c29d4
42808b66
c142f7b6
429ba054
40d1d9e0
4193ece0
4299b906
41f79848
429887c6
42a9698d
426bda58
422c5bd8
421a5762
3f5c3e00
3fe37dc0
425c2b28
4273c390
419efda4
421b2b4c
4205a58c
42fb095b
42ce3a9e
428b8141
4260ffd0
c0cc1942
4292160a
4252ade3
42601efe
4250b6b8
42f1cde9
42e278cd
429c93ca
425e0048
41e9dee4
c0018580
4285b0db
42b6ba36
426c24f8
41429d40
43026fe2
428bf630
42c7c003
42a36a67
4295104a
429a143c
42b09fe6
42070d68
4260a216
41440ae0
42c0ba7a
42aaf24e
42463180
411b6350
42a73a6e
41a53acf
421717f9
4230b724
42d81378
425bd408
429c20ee
41f0f744
42b121f9
426979e8
428097b0
42608808
428b61e8
42d025fa
42cf7066
4299a902
427c19b4
4207f316
43019e5e
4307187c
41dcb596
429ce872
42a751f8
42c08848
42601c60
4303715b
424c070c
42c6de9e
42b8dd78
42764d60
4254b150
42a93876
4286c629
42f23708
4299a00c
411aa578
42818efe
42fcb522
42b4dd7e
42c21692
42abf62a
42cdfe84
43047e84
42197c87
430f987d
42c35f0a
42710726
42e89f57
42ad69ce
4128d55e
426c5e52
42a9df84
428e441f
42acc2ee
42beb8e4
4311ece0
42d9112f
425170e4
430c0bab
42bc07b8
43128692
42b91d42
42607c9c
428606bc
424c2d50
42959224
429488de
43035e7c
42a3e706
421f5776
41be3c62
42a14600
42c28e2f
43013ac7
42d4d402
42bc417a
42ad75c0
42d42a1c
42a8b112
42a9531e
430053c1
43049da8
42faaeb8
411161d0
430592cf
431aeb7a
4281216e
c1676768
42d8208a
42af2b4d
426326ac
42a377e8
4309be39
42fee47e
4261263c
42827023
428085d4
42700dc8
42f4bc4c
42bf99d0
43090034
41ca88ac
42fac568
43273e6d
424a1e12
42aee7ac
427a6a83
430f0ed4
41821b3c
42d62258
4241cfd2
42510d30
42d5aaee
428d9280
42f1363d
41c6c2fc
424c4d3c
42c57850
42c7d75c
42df25a8
430ea08f
4245dda4
429c2ac6
42990d68
42b203e6
41ed54d0
42abbbe8
4208d7a0
42547dfa
4217a73a
421fc396
42b7110a
43000a24
42bb0e5b
42f42972
43199972
42bdbeb4
42ab3cee
4272986a
423f5e05
41e395da
42f1500f
41c4c8cd
429f420d
42325cce
427e2cca
42ef9877
42d2aca2
42962cda
42f64c9a
421f5f7f
42f14508
42122b49
42cc53e5
429b6891
42afffaf
430e0978
4301ec6a
428393e6
4323beb9
41a7288c
42b3e8d6
42f650f6
42d1f410
42824c54
42b5edf4
42b09e59
42f816e0
429b6014
431b62ea
42832112
427ca71d
42a4858a
42d78c05
41e8d3aa
41353036
42acc4ad
410d8c4a
4224651f
42284e84
42963eb6
4280d3f5
42c0027a
42f5740d
42de0793
42102cbe
42c36022
42d04086
42225737
42b690f1
427f3126
42489430
42159b1e
4251a0e9
428e21d5
42cc7d9b
4271a3d2
4292b927
42c3fbc6
4252fb9a
4258e90f
428d3327
42ed98e0
42e0c856
4315c355
4220a3bc
42d608fb
42035866
bf001590
430db441
4212aef4
42438bc8
42aadaa0
42cec844
427a8181
41cd3487
420da1f8
41c841aa
427c3045
42b9eca3
4271579c
42e1afda
4215eb8d
429ecee2
42efe486
41bb83d6
42386644
423621c0
42867b76
42ce006f
42103904
4304ac4e
42e7d82a
42fc6cfa
431592cb
4113393a
bf9f0bab
42c6dafe
4223c497
4321a2e9
422bfbea
419d4a50
42d1d2ef
4296b722
42876ec6
42c2e466
42e9328a
4305535d
42873b5e
425987d9
420031b5
42f25136
430928ed
429a56c9
423e9539
42be50b5
42a11e10
41c55cd1
418b5229
4318f8d5
428f9666
42e6518d
42b224aa
42e3a553
42e1263f
421d91f9
42ee1cab
421f90bf
42d37540
42e8a302
428fd2cd
42711165
42c98ba4
42caa7fa
424b5dc3
42f61c52
4275ede0
428a6ae6
42d504ab
42a93a81
42ce5c48
42551e64
42bd1d81
42cff957
4336ef36
4252e146
42b371a0
42f4aa70
423f86bc
42d942a7
42a8f547
42853f98
4294853e
425c4c4c
42f50cba
42b03125
428e2cf7
42bbb077
4307118b
421ccb48
42df1192
41e831f2
42a3022c
4207e0f8
427e56fc
425f2bdc
414e6a51
4272e94c
424b1304
42bec53b
42c387a2
41d2ce84
42320ae4
422e6e70
429d2056
431abfc4
42a4c26a
4214fdd0
42754114
4161770c
4217119c
423ed158
42994b9c
42d561f6
428fadb2
42a11bdb
428660ea
42bff6c1
4297e881
c1a20341
42a20aa9
42966319
42b93760
c11afe6a
42b9c61a
428992e1
416bdad4
4297de64
4212cdac
42c8ea7b
430052af
427b2a2e
41e3c9c8
422e4592
416dc64e
428236bc
41bd18e4
429a5ab7
41fb4d62
42e97863
42907836
4215ab2b
42c25708
42ab208e
42935132
41f35b2c
42acca24
42931c62
42d28c56
42e50112
42d54762
42c6f506
42a26908
42b9b765
420a1964
4290016b
42e8c071
42fee51a
424efec0
427bb1bb
4326a598
42947ef4
429a253b
42bd79dc
42a9211f
4311c5b2
4215ed09
4298c4fc
421758df
42446d19
42927c3e
422b1349
42a099cc
42011ccf
42c2a1df
41fa6da0
41d1e977
429b21d6
431387f5
42af433a
42c42917
4282b2ac
429bc0f5
42947cbf
42b24906
42b54720
42649f50
43238b2a
42d37743
42bb9684
42981d68
42659d44
4319a4d8
4313918d
42963d51
43087082
428f7088
431c8004
428eee89
43280ce9
42ad38e9
43047be4
433d3c98
42a6b415
4238efdc
432a7a48
42a08b76
431c98e5
4308a3c2
42b2b19e
42cfc308
43001f18
4312035c
42d72c06
42fe5f0c
430fa66c
4328fab6
426419b1
42f195d4
430ddeee
424c3ae4
42a978d5
43045790
41d94a6f
41cbdde5
42dadade
42b8db92
43188a6c
42f48380
432b4adb
42d67bba
42836d76
4349c0b0
4309f952
430d79a9
42fdca5a
42cb563e
42587d06
424898c0
4294cef9
42c50786
431d62ae
42ce6ae4
4291d722
42d3e9a6
42b75de7
42b67358
431aea48
42d7ef00
4325f468
431b99e8
42b8881f
42f9eb28
429c7c6c
429adbdc
4330d5e6
42de3631
42188984
42f79990
433fae55
4289611c
419a3308
429cc9a1
42b13bf0
4278fcf4
42f3cfb4
43050fee
433e0e1e
42f63c00
429276f0
42e0bbaa
426c199a
431191f6
42b275d6
42f89724
42f5479d
42e0481f
4352d09c
42d87798
430d5d00
4313c888
42e9951a
c12fa1c0
4315ca54
429f3620
4325c985
42e978a8
42e1bc47
43229a1a
428b8b15
426c799c
431fbdd4
432876b2
4311b788
42db19f6
42c3fd3c
428b8bd4
42f0e54c
42f2cc46
42d1d51e
42631ff8
42a47552
427de468
42300630
420a7382
43112aa8
43207ced
431a80cd
4313325e
433ac725
42c50d6a
42ce1c38
42fa27eb
42bdc95a
430bef11
430f0109
42e937eb
42e7adba
431f6559
43187f25
428b4c62
4344314a
423f2cb8
424677a0
43397006
42d29e46
4303b247
42dd8f5a
430c3c44
42f225fb
431b738c
42daba0a
42fd2388
42b751fe
427255ec
42cb82fa
42bb77c8
41e9db90
42e011d2
42b8efed
42f648b6
43198b1f
42fc6f70
42c3df14
433895f0
42685e0d
4367ef07
427d9d9c
42c8e1c2
42e869b0
42a005ca
427ff66c
42a0b8f4
42da331d
42e2b5aa
4304e486
431339e4
42f8b2a6
42f8d9e4
42c70996
4309b925
4335d75e
4325c618
4226c080
42ab4fda
429726fc
42fb17bc
4284a53d
43126584
430ff7e3
42a0f364
42d720d8
423063f0
430483c0
431ace5a
425dae36
4350f000
426ed3e8
42cbf938
4244e3b6
4301e3e6
42f0cd70
42bed9e4
43167551
42fba486
42be6b40
434d09c3
42f35e90
42ca763c
40576340
425d10d2
42c3091e
42a3d198
427da6c7
42e6258e
43050862
42c4d210
42a55c62
431a71ca
42cb680d
43054d5e
4232401c
432acd97
41f69d44
431d1158
432d46ed
42db70bc
4311f809
42e70162
43489e52
429432c0
429ab777
42c8c646
42c77e04
43051abf
428cc573
435b33ed
42c66d3f
42d6bb5e
42ddfd9b
42f240c0
435e0cdb
4319937a
4236e624
429ae433
42593404
4312bad8
42167e00
4309b516
422025d4
430e71f2
425578c5
428e5e0e
429585f6
4354621a
42c119ed
432f9346
4301a95c
42b5febf
42fa41ec
42ba8b07
42aed42f
42982966
425bcc4a
41e23504
4215d61a
40c595aa
4185c247
424f88cc
428a45ae
408a4d60
42709a7c
42a06a06
424b07d2
41f0cc10
4261768d
420b2cc7
42c59db6
4212af7e
42834479
41e57a93
42c021f6
42945e15
bf3a0100
4247c1b2
4218ad80
424c1e94
42b9e7e4
4288ae71
4281685b
bfad2430
42a2edda
4282ad65
42408153
42af9b95
41a7a68c
41bcaeca
4269705f
428438d7
4227ef6f
42385b39
42a3e8a4
40177d44
41d16d0f
42280f45
43070032
4280e441
421a977b
425d8d9e
425f335a
42529df2
42623bcb
42026cce
bf881700
425c4826
4288b282
41dc7ef3
42b65ae8
42a8756f
40358da0
c147dac9
425864c9
42af6f8e
427e141a
4134b0c0
42d97c07
427e69a0
41f97c70
41c0f79a
4184129f
42629dc5
42d11cdb
4247131d
4239ed47
42a9bb02
42c5a7f6
423353fc
c11c6a19
4204ea82
c152f340
42291956
42812f98
422513d0
41bc7b6b
41e7570c
42a7a646
42adfb68
42862e9c
c0f97dd0
428d91a7
428d71e5
429eba1b
424046d1
420376b8
416459aa
4215760c
42a708eb
42774877
4108dd34
41d3ae6f
413d2339
429266ce
415b1f38
c0a039c0
424dc41a
c104f039
42461dd7
42056177
425926c0
42144a65
429897c8
42255213
4221a89c
42543a54
424f9386
41cef5e1
4231996c
424405ff
4154509c
c0f6d3ba
3e2b0908
42945708
42b31179
423896c8
4294ff64
42a8f023
425d1740
424d89fb
424cf096
3d3fea80
419cf48a
40e08c00
41e051d4
428d8401
429e7f6e
4283090c
41ad8cd8
429a0030
419538cd
41bcf4f8
42a43b45
c19ac09c
4116b6f0
42846dfd
4149e9f6
41512840
c0ea9360
41e0efcb
426fdf2c
c02ed6c0
41a833a4
420b6bd0
4226059a
c1a299f0
4290b7ba
40d69200
40f343b0
4239d39e
424d0fbe
40bdffee
41a1f890
41accd26
42a3d1f7
4243a8b4
41a44262
42292d28
40499d80
41e21f63
4223c09c
41b5eb48
426b9e52
420aefcd
41833320
426130ae
42af04b5
42885de3
420e4830
425d4c42
427f8add
41aa42a8
4214fdbc
42329470
42ad237c
4114b726
42b8d68e
42208137
c11b9680
429d8b77
423b80d4
424b1b90
427b3846
425c767e
42b70147
c0d5c7b6
4259c26a
414a3788
422e0922
42407124
42780f20
4286ce18
4245df5b
c118fcdf
4249c094
422585ce
42465422
c15a0606
42027e6b
4285aa08
41d87ee8
c18cf6e0
424be77e
41efdcf8
4290d2c5
4223058e
4119cb56
c189d5e3
42277008
4184a31e
421931bc
c0ec7050
41f2b8d7
424b0dfa
41927cb8
41bfa0f2
422f1272
42995d41
41dff338
41cfc088
40039600
417cbaa4
42467558
c07103dc
42486034
424c3d38
c20a6119
423041c5
41941816
42b571e5
426f2a56
416985a0
41c58640
41f2f0be
428b0d7d
4192c364
4205f43d
420ca195
419ac318
4185f8b5
41885626
4207c389
41c04c80
42129202
427ea524
41fdcc38
420eb7ee
423d8d78
c11109d8
42599379
42835f3c
42e11b3f
4009e252
428ced4c
42612346
430c6ff9
41c8a25a
42c547bb
41920419
42a4652c
42d0cebd
42b80a3d
425d2cdf
430f8f14
421dded4
42b1d69c
42fb01dc
426670e0
41e3ed87
42c80503
42584c9d
4294213b
42c0c37f
429cb900
42a72c4b
4231b996
429872c8
429e1321
42d77f46
42ccc76e
43148e8b
42611ece
42da549f
42262726
4270aa2e
42089238
4287ac58
4126805d
427668ce
42b7d42c
429311e3
42ae4114
42b3ed76
42b7e950
42218638
42c695b4
42564903
428dc49e
42bb9187
420baec2
41b3a9b7
41be01f3
4287365f
423b5f34
41e25c7b
42ac9d49
426eea63
4239346f
4264200e
4287e9fb
4321ba7e
42090737
428cc720
4289c344
42285d93
4252b835
425d1cf9
42bd16e8
42b0d0ca
427b50d6
429d8c05
4126302c
428eb441
430b53d9
42477f61
3f54cb68
424eb982
42ca14ec
42c896d8
41ba5e56
4294c7ff
42cdd26a
430597be
42a4d77d
42c0aedd
4154d47d
42aa3778
42922282
42d75eee
420a2c6d
421dbfe0
42e9d746
42f0d3e7
42d5aed2
42b8c637
4305a275
4086fc28
41b124cf
42640b5c
4240e39c
426f7840
42b04a09
42ad04b0
429500c4
4236e86c
42da9896
42723bab
429f4e64
42ba059d
420a7304
c10b77a9
42415697
42e35f6a
4279686d
428859fb
42869b6e
42bf25bb
4226529e
42740b8e
42a9b01c
42efdebc
4257815d
43091692
4288e91e
c1065710
42dfb68c
42a42099
4171b5b7
426ecee6
42cc1f48
423d6198
429d3605
4274555a
42bead34
422564d4
42af87cc
4217102f
42a93daa
42ff8c6e
41b1e908
423a522e
41e674b3
42482ac0
428218f3
42e5f3d4
42230a6e
42be3d83
42bc5cd0
4287494a
425e3c60
424c951c
4262bbbc
4255d7f3
4297ab55
4301d60d
4272c35d
427a8730
42e8fe90
42563172
42589812
428f2691
41d4fd76
422f3486
4214b03a
42ae0cfb
426bc4fb
41a6562e
4298cc4d
424e9e26
41d48d6e
421ae9c8
4294491e
422735ba
422f8d1e
423c531d
42a8f14b
429dedfb
426b6d68
422e87d2
41a73880
42839f97
41f915b8
423fcfb1
42ed8069
42452d8c
424321c2
422a9914
42b91459
42c497b3
41b65256
41f88911
423b73b4
42c36fd9
414dc5f0
429ce9cc
42a9cbbe
42164872
42ad5f08
42496ea2
4291303f
429f9d7d
4283a00a
423818e8
c0e81b70
419494c6
42743f94
41b1c785
423ed918
425e0614
42aa2534
4253217a
42246274
428a1502
429253fd
41b2e3c0
41e1037c
42bc744c
4271e2ff
4286a3a5
42d56f5c
422e4572
4284afe5
42b4d81c
42bfa326
4184aafd
41b459a8
4282a37c
42b3acea
41509650
bf750ce0
4296f379
4280ed0a
bfeb82b8
4265b8c5
42036d7a
429ea807
423c40e3
42940a1c
40d80d2c
42ab64e0
428184f1
c190f5e4
4275e7cb
428b352a
429427ec
41c0a1f8
c0c0acf4
42e29af7
429ec8ef
42494462
42ac2944
429012ce
424814cb
429936ce
426ba964
420ee616
424abd86
42c185f7
4279d6e4
42f0895e
42a1f9b2
426c4d4f
42b2c841
4314ef5f
422ba7e8
42ac745b
42b1d92c
42dfa238
42169cb2
43096500
42fe2a0e
42ee9300
4262fa36
42e1a79f
42cc2ac9
428934bc
42a83e21
423d8308
42e8829e
41a04689
425872c8
424f5a7e
41e0a464
431d58fe
42bba4a4
429449ab
42c976b2
42985a5a
4320e2aa
42d07a2a
423d628a
42001b54
425e34ef
41c63d1a
41f975e3
42f27b6c
42a3def4
42b67185
42acc95a
43115bdd
43103eb9
4293d536
42da87f1
42bd65e8
42ce59af
4046361c
426a904e
427fe598
42d4443e
43033d8a
42b8c33e
42bd4d03
42874ff9
430913f0
429b613e
42b46a60
42a43eff
42ca615a
433909e4
42da968a
42ecad22
41d52a9a
42ba44c6
420959a6
414a4125
43106d06
427c32fe
4286bc48
42d4d882
4309dbfc
430763ae
4214680a
41ccc0b8
429b1aa7
4287e517
42499534
428f55dd
429334a2
42907847
42fb469c
4329f92e
424d745e
43076deb
42a1b596
429305d8
42bb2fab
4137d528
42c916b4
42b7779a
42c7e9b2
42f3782b
42b83a74
425504f9
42c24fa0
42204bcc
42f03da6
428371fc
420099a8
4300f622
421e0b40
4265e952
42adae8e
42c0409a
4316575c
430ced71
418bc2be
42861f94
42b598bc
43161c0e
42c1002e
422f0938
42692aeb
42910e90
bebf82f0
41d376c0
42a1a786
42c29292
42d19e88
42ff7cde
42ceebb8
42cb02d6
429234b6
42b5a1fa
42a94e4a
c19da362
c1eb7750
4090e9e0
c1bff29a
405f1500
c0d2c0e2
c10a4450
c1bad8f4
421cfa94
3f8e0900
c1621f38
c18052f4
408889b8
c1ed522c
41294c40
c15ccdc0
c0255b00
c140fe72
409ca8a0
4064c000
bea74400
bffa2f00
418a0c50
c1ab997a
41054050
c12e32c0
3fa55600
40c69ad0
c1872258
3f8ffe00
c1ddb360
410ccfe0
c1b55d34
41e405f0
41bd6450
c14f48d0
40ab88a0
c057c654
c2517422
411ae9a0
c0a4a260
421cbe70
c241c0b0
c1a8bca8
c15483c2
410ae8e0
4122a6f4
41b7bbb0
c25679e8
c200f2e4
41009d00
c1a4eb3c
c1387964
c0ad80c0
bf5ac000
c0b34978
41645570
42014f5e
416dc4a8
c1858bd3
c2236d18
40e50db6
c18c825e
c1388b60
be254900
c1b2d16c
c1ce4d64
404f3f80
c1c683b8
418e2538
c1798c58
c011c7f0
4149dcd8
c1860c44
c1877b60
c0eb3560
3eb89e00
420e8154
3f18d000
c1b043d0
c1b58cf6
419d8568
41c754b8
c2162650
c0f34d60
c1ea21d4
401c61c0
41859d88
c271cae0
41b81f90
c1989c89
c18a0160
bf40cf80
c263aa4c
41a076e0
c197338c
c1216540
42407948
c13aafd0
41cd80c0
405489c0
41af84b4
40fe65e0
c23d9594
c12c6ddc
3f1b2d80
41012e60
420504a0
c24df68e
41d7c670
c0042500
c1217040
c1a4ed92
41d595b4
c13386f0
4123d9c0
c206b1ea
c1b8191c
4137318c
c1481118
c1a7d9b8
41322288
bf8e5620
c1d558ea
c0fb53a0
c11c3800
c1120b40
421f8608
41e9a133
4267d568
4223a8bc
42306970
41a03483
414e63b8
429eff8f
42b76699
420bca12
42b0cc01
41bbc9b8
427d5e6e
40b27640
42e6f921
40de7c18
42832e02
42510d2a
41408871
4260776a
429e7b96
4102a1f4
42b1b5a9
42345689
414507ee
41e29bf4
4284f84e
422da080
41e446c4
42049bd8
42c74e76
42968d24
418f3ff0
425c7c84
42706401
41d2575f
424e64f1
419aae9c
3e501240
4272d75e
3eb36f40
42349370
403b1360
425006c8
42b27c70
4264c690
418e1522
422ee500
4202dfa4
428d0ca4
42bf3aa5
4203c666
41d649fe
3fbc4e30
42734c80
42799ac0
42b35006
420e8310
416a7a9b
426d2784
429246af
421a9ad6
423d3136
42728838
42621c90
42904f9e
4227f821
421d127d
420066e2
42b8e17a
42734570
422bfd9c
c0e67540
423649e3
42c94a8c
41317f4c
40a539c4
427ff9ea
42162a18
42178e2d
428cbfde
42616d02
4289ea87
4150efcc
42a8d1a0
4082878a
41ede84b
4165a940
41f3108c
42ab087c
41b33853
42b4f394
42e45b0b
421e17c9
424e8eae
4112ff46
42170554
c114a2aa
4207330e
41977df0
42052572
427b7e6c
41bcc007
42428e4a
41b4919a
4208e878
42a1271e
4255bc2e
4217d789
428d4868
4217f9ec
4282d42a
4255214a
423b9532
41e237aa
426e78eb
41d130d1
417a74e2
422d22cc
40d271ec
42dba0d0
426ec2ce
42582071
421c5964
429379fc
42d28522
4204336f
41e2f441
41a7439e
42be24f6
42bd0a82
4294cc18
421cf8e0
428f8298
42354a79
429e0a16
42f2cb73
427e50bb
4265b290
4242b5e0
42d77a38
428805cf
429ce2c9
42b7f2ed
42f5a1d8
4302e312
42a2c450
416214f0
42f578f0
40c5b080
42e4f1d8
42036570
41f2da30
428c02e8
42d52b51
42d2569c
429b8a00
424df600
42d3d964
433a8adc
4117c97e
42e7981e
428a1ef4
42949405
42aa724b
42a69f9f
c1aafc3c
41ead590
42799c0a
41fc65c2
42eaa45f
42ddf9ea
42ae6610
41bca778
423e1493
42f0e0b6
42df4156
42815d13
429264f0
420a61ac
421f4394
403650c0
41b91d10
423fc4e4
42fb00ec
42a75b31
4207e7b8
42160342
4276f4d0
426424b2
4282e88e
42abaf34
4292335f
427f6528
425913e6
4233b6f1
429d14ee
422b0e70
4299f792
425c47a4
4230ca0b
43072963
42b16c68
41800b10
c0100460
423578be
426721f0
428871d8
42b17666
427777e6
42ef02c3
425dea54
c040b880
42b72024
421192d8
422bfde0
42425bfc
42a7f3a2
421ef41e
4301ac58
430f582e
42836c1b
428a3f83
4281bc4f
4285ee59
bfa31f00
42fbe5d0
4243d918
429f172a
42d86144
42bf7f10
42fec4eb
41cafba7
42ca40ac
42ccebd4
430458fe
43148f55
42294421
41a65320
42985470
424649b4
42aa66c6
421c1624
42c327e6
423c1d94
42328200
427f194b
425fc0b6
42b44df6
43192ab4
428b2b00
42a503b8
42eb8c9b
4245cea0
42299630
428cce3a
417dbae0
428d8024
4290f4e0
42321f1a
424c1300
429956f4
428ca775
42aa861a
42f4d4f6
41dc2ba0
42abf6a8
42303f66
42e57991
423748d4
42d18019
427d5604
42a54148
42aaaec8
42ad784f
4299161d
42b254d2
4255a48c
42a40c04
42dc56f3
4151d0ac
4272ca60
4237d68a
c1f70c8e
43142d7c
4206d164
42a3ace3
423fa2e0
42a95cd2
4304e7ba
42808cb4
426f5abc
41efe7c8
c15989a0
41ce5c3f
426f13ac
4288f9d6
4184dee0
42295a74
422d6ac8
42a199fb
42ff9ef8
41905ef0
42756ca0
42d8db90
42537454
42123345
41e6f478
42164d3a
425d9a0c
42ac335a
42ab52a2
42811ea5
42841829
42c8b697
4245621b
42a43467
42240600
4234b0d2
43140891
4278a050
42e194bb
41d42fab
42a522d8
41b6a478
42a2ea44
43095ea4
42642c8a
41ae453c
42c6597c
42f5fe68
429f0f46
421897bf
428ee770
4262a280
4227c40a
422c336e
424dc525
4275a13c
425388f4
427b107a
42b466b1
4191c439
42a5f8ee
427cef76
423117e0
426b6c38
42618cfc
42df8622
4293d23a
42603933
42a5875c
42755bec
4255b8fc
42be5896
422e1604
42d65048
422621ca
42373000
42f7201b
41d4df5c
425357a4
428a389b
4258db90
432e7932
4290c50f
426ec06a
41ce6610
42cc7fd7
42b8b6a4
42413628
42603438
4211d6b6
42a18e8e
c1d7a1fa
4203bd13
42a4a59c
428640e6
43276b9a
42c39834
42ba381e
42e80090
426a8b78
42ce1afe
42bb4dc0
4296c6c2
42636ed2
424f18dd
42720e55
42bf3674
42a11d09
422df4ed
42ba2862
423f554a
4267f4f0
42af2108
424f4570
42c743f0
42213a20
42a04be4
425fb140
42cb2f8f
423d347e
42521830
428f1d9e
4261bfa0
4260ad10
42a2faaa
423ee1f9
42862bbc
405acf00
429f89c2
42c6c07a
42316a90
4286ad22
42590898
42abfcbe
43043ac7
41dc69d4
42b4046c
4225a59a
41ea54e4
428c386d
41aba75a
42d865e7
41ff0564
4279846c
4202c2c6
41e61708
42917f03
4249f3a0
423d735a
42f21374
42298d18
c0fdfba8
4288c937
413c2028
4252d809
42233ab8
42808f98
4244ea98
42b33f5a
42ca57f6
41ff9bc8
42d4a526
425aa0d4
411e56ec
42af14bd
42453208
42b344f7
c1d0e2d0
425b9028
4242a140
41b7e4a0
42d8a4d0
41ce4c50
428741d5
42a9a4bb
4283f37c
4221f460
420757e4
41bd5887
42933ace
4219e5f4
42055067
41673c98
42913c2d
429a0f48
41f1dbf6
42b1d705
421f2f10
42883320
4262f7f2
420b1584
428f2fd1
4239b7cf
4289e2a2
424fce90
4261d924
42bdff54
42aa2a38
425245ee
4278ca90
427c99a8
42f26aa1
423f08ec
41e78d25
42ff9f98
41e76b7c
41fd1f32
422f134c
418701b0
43146750
41ce1220
42a06912
40bdc3e0
42562214
4227e3ac
41af5564
42573ea0
423d77c0
4280df16
c13abb7e
41bd474e
423a2c20
42c6ed3c
42b82f1f
42cb0e66
41c672e8
428f9a98
426cbe30
428dd58b
42c5d4ae
424f700c
42311ab2
4106d660
426bc836
41e7afc0
423ac926
422f4fb0
42e4671f
42162e30
43038e12
4280f659
423ed288
410aac90
430f7263
411fd8c0
42b8ed8c
427ce0f6
41c3a53f
426b0410
42fe3744
423702a0
426ba500
42a47388
4285a31f
42bddddc
420d89bf
42689f0a
4212c918
4199e658
42ad4dcf
42a4314c
4265b056
42844356
4205000e
41db3ce8
417521c8
41a81aca
424202ab
42643269
423cc170
4212498c
41d062b8
420b09e0
42d2e140
42922c91
425ff040
4201d8d6
4270415a
426d5254
42b63dca
42504e38
c10e27c4
421efa7a
428867d7
42a4b308
42aca14a
4257535b
426acc78
42cf3af2
42b64994
42a7944e
42082e8a
41da6a5c
42cf6eee
42cb38b8
c12c0174
41b183d8
4141fd00
4277e154
42a54094
4164d9c0
419f7ba0
42209e74
42ecd5f7
41bb8db0
41f203c8
41c1fb60
41ee33f0
42473850
42612be8
4159a4b0
426541db
42bc832a
43090f76
422399bf
41bc5152
c19dac88
426e5ec8
42842d58
42db4a5f
421d15ce
425cd800
425f3f84
4278f178
4297afee
420c80be
c0c02da0
41989810
41a02bf8
42cb75f8
41c70f60
4154521e
42357d29
42411121
418d5410
42af1613
42668e60
422c95a8
42603ab6
427cf4ec
4216cdf4
425de742
4272fed6
42a6585a
421eeec4
428acca0
c05c2700
41d576a3
c14bf0e1
42fa868a
4296e1dc
426060d4
428366de
422bc1ae
42b289b6
426322d0
4233c186
425a4408
42407f4c
42a2932a
429616bc
4271cb5a
42a3f5e4
4232d8ab
42d0ddb0
42dbb290
424546ce
428c7fe0
42554d28
42b3bfda
42924c18
42856830
429eafbe
424e7998
42dddca2
42c32cc6
425fff58
42c9df42
41eed660
429d7a4c
42c2bc34
4265c126
42a35906
4280bd10
4286a33c
42eb37a1
4271fbcc
42991a3b
4239e7e8
42807ac5
42ed623a
42990b4e
422d2e82
425d5980
424a6e07
42397fc8
4219d15e
4276fa9e
4270e674
42a294f9
428d9e2d
42ba29ea
42ff243f
41bd8a9c
42f09be2
42ff797a
4282a338
4280539f
42aa0ef4
424b074e
424b525a
41ea47d0
42d747f1
4287c69c
427d7a20
42a151c3
42527960
42794909
4202e2dc
42991c16
4304d1c0
4295c5c2
42fd5042
420ab514
42c702f8
41d705b8
41f359a0
431ec851
428018b8
423a7b18
42df36f8
42a598d4
427a9818
41a4f968
422f84b8
41bb9fc0
420aceaf
42824162
428b235c
42c2f542
42346b28
422c1610
42b38b0b
4216e7c2
429fcb82
4221a9a4
4280a72e
429c8e90
428f2ae6
42d9614e
42729d78
42cba16c
42f98786
426049a0
42083000
42ce144b
422f2b20
430d1e64
428b42d6
41de1442
43051b9a
42692dfe
4262ca3c
427360e8
42c2ed22
432064a5
428fc894
42817ea8
4215a1fc
42a26c3e
42a6cb83
42439fc8
423ee09a
423e50ac
428092cf
4081f573
41bdc2dc
4290e8a1
42b5b722
42f4e827
42bcac32
42cf6616
42d7673a
423c2830
42b76faf
42b1544a
4276e3d3
4271300c
4217d044
424d204a
4229421c
425c5743
41f7921e
42ad95da
3ee8c000
429931df
42ac943c
421f0c9c
4262aed4
4296821a
41de86a4
42575787
42a6f25b
41a010d6
4221504b
4298bbf4
4296dc8e
4208cde4
4283a15e
428f2229
429934b9
41b4a0fe
4296235c
423e805e
420e2232
4214ba4a
424ed582
4289d3ea
42ad0c09
c0aac9b4
41e2b2c6
41d681e2
42088ada
42a5309c
421282de
42b13641
41eb66d5
420b6f86
4208c838
42855c3a
4284564c
42003c76
4253b77d
428abaef
42aff424
42428bf5
426c77f4
c02fcd60
42627512
4220aab2
4276fd39
424e70ad
426a058e
423327a2
421d9e9c
42a56a3a
42af63a5
41d1dfb3
41b6a63c
42a1b446
429d2b30
c0200860
424dcbc4
41a7eb3c
422df750
42aabfd1
4224742a
42348219
42381781
42b7929f
422db456
41eeb2ac
4141cbaa
4190cff8
416e3430
421484d3
4204717e
4261eae0
42a4a448
42a9205f
426c2b3b
42751564
42213864
424e297c
42a04de1
42b48bdb
4205d90a
4230ab38
41ef0308
42a572cc
429e5732
42ab3af3
41dd286c
3ec108c0
4247e94d
42bc7391
412a1588
415dede8
42875813
4262ca14
411eac2e
4216718b
41dd94f4
4233a033
427d227a
42874728
c0396fc0
4226f9b2
41de6b78
42037455
41c7f096
4219122c
421c28c6
bf1aaef8
c17d8568
42571e47
42b6af62
425cd281
42a86027
423bb2a8
4240c58f
4290d6b4
42726d98
42849130
4287fb28
433d153f
42d93395
42ebc696
42bc0375
42a47f93
4329f1a2
431b160e
42967d9d
43129141
42e4d67c
43262309
42b8af44
43222dc4
42d8f60a
4310fcc4
43513b9d
42faf796
42629282
43436e02
42dfe41e
430f8606
43318fee
42ed44bc
42f2113c
4310c93e
432db87b
431813d0
4318e9fe
432f23b3
43274fa7
42ae59e7
4316707e
4315b21e
428c509e
42c37555
43281b1a
42350d51
41f3cc8e
431bf7f5
42d6d397
432d9ab5
4303d565
434bf95e
430f77ad
42b9feaa
43555a5a
432e77ea
43109aee
42d95195
42eda3cf
4277554c
42a5578c
42b754e8
42c04208
432b1722
43072bf2
42bb09a4
42b4bfd3
42bffa8e
4300e30c
432683ab
42f7c562
4341d5b6
432e277f
42cf6cc8
430ed52e
42b59b96
42a04a07
4365c20b
4308c5cc
42880261
432498b7
434fc0dc
42bff6fe
412dd0b8
42b2491e
42cd6c9a
42b5147a
42fb65e7
43181285
4341ecfe
4309b404
42b00c99
4320dec4
42958f32
432f8d74
42f59527
43018283
4314993d
42cbe602
43500a96
43053847
432102b0
43546713
4316ef10
3bd88000
432c1000
42be20f7
434d1e8d
42e41420
42d336be
433e04bb
4296c31d
42881c56
432446eb
432d4056
432df1fb
430b5678
42f401b1
4269077c
43132095
4319a4ac
42db1a4c
4275d390
42ce65a1
42b54d6a
41d0577e
425f1778
43146c7d
432c2b58
4331836a
433eb047
434718db
42c8eec6
4304c27a
4316cea7
42d0b400
42c5fb62
420474cc
4290e256
4265beec
42b5d14c
42228158
426cdde8
431cd7e6
419cbdf8
4299b192
42b7385a
42179966
427d3470
42c00854
4244f3f8
429e63a1
428196e0
42357ae3
42636a80
42a1fcec
41a822e8
42bb8530
4221a388
41a48020
42b6b10c
42448dcf
42878c8c
4296d0c4
4202359c
42869a70
43027c2d
42436a6b
431206a8
3f1b5b00
42c6ca1d
42b398b5
4180d448
41e135a8
42974255
42965eba
421eb79e
42540b76
4281ae28
4268da78
42aad70f
4250a92c
422fcfb6
42d94d3c
42affe12
4236d3da
422b9d74
42109b57
4195a746
423c5ec2
429dff87
42a5acdd
429d5396
4289c2b7
41ddc544
42c1ac04
42ab113c
411530c9
42b165ac
4219e444
424db426
41a96e3e
413948e8
4263b24c
42ba7db0
42a0e028
426b8cb4
422b11bc
430bf4d2
429bce10
41ae8c30
41042290
427a491d
4296831d
42961acc
423394c6
4239ef40
4282a668
424e7204
4292d271
422e5dd4
42389868
4215902c
42adbb8c
42c2334c
41f0f2a6
42e8a3b3
428d0cb0
421ba30b
427b89e2
42295f9a
42d0f499
421c5e68
429fee66
423d5fba
42550a04
42a37000
4218907e
42c67998
420b8173
42833a20
427408ff
424985b8
42ea8c63
42c013f6
4214d251
4272283a
41be7dbc
424aa318
4141bb60
42d3c9eb
41855160
41e6b566
42407d2a
423f673a
425a8370
42e96da1
4216b290
42a92ec8
42207552
42ba22e4
42762178
41be3060
42568c0a
41f6b879
42b46c1a
41bd61e6
42ddecb0
42c9c044
42804315
423a6eb2
4318f1ae
c1021128
42f514ca
4297b96e
42b22820
c177be56
43482b20
41edd526
42cd965a
4287dd9c
420cad98
427b7bb4
42bdc0d4
4237b710
42abd270
42f55a90
428eeab6
42bc5084
c18f7fdc
c1502b00
4254cd5e
42f4db20
4270dfc6
431c8486
421788f6
427feede
41829b20
420943f9
41cde554
c1476e70
4198799c
42a355a3
427e2a20
42896849
42681d64
42ad37e8
42bc2872
42dcf61a
42aef2a2
41a6d240
42a9ce83
42d57171
4208f84d
424412ea
4202640e
424fbf0e
42e2af7a
42bf6b28
42868663
4200cc44
42cd98bf
42f263ec
42b1825a
42d73b02
bf491fe0
42e5c14b
42cd8780
4295f5f5
41a8df24
42330fac
405d2260
42c65f64
42a4ac6c
42808b88
4228968a
428f37e6
4303210c
42738e60
424b37b9
4208d172
42a3c275
42ca2773
4232e6ec
42564332
417bd388
42edb934
4325ce62
427917da
41da4dae
42d87622
425ddd3e
42842162
42aca1f6
424b5399
4286b740
4300e450
42e510f8
42b71578
42b60440
410d3780
4271c6dc
42a25338
42b9ab01
428430de
426b1b92
42a8d9b2
42e7de4a
41bf02c8
4318560e
42830a22
42553022
4306ec96
42610d94
4236f416
429a2425
42f61627
42d827d3
4198076c
41677500
422d5976
4227f842
428c5417
4283d0d2
427b0080
42da096e
42b91252
421ab8d6
428b4b3d
42e9e4bb
425489ea
42b02e0e
42d65e78
4304f34d
427bc532
42a7ddfc
42b98f88
42e7156c
41a9dee6
4320d964
425ec39a
4300a227
4317026e
42d33620
42984c3e
42f95d2c
42ec7955
43189f86
43200933
427d53bf
42c8e7e0
4328293e
42a70d3b
4262e8ba
42d534b3
42b9db40
42e53528
4280aebb
4309c7aa
42b45123
42acfcbe
43036e53
43403e70
429a15e3
42ef48a8
41b17b9c
42a7c66a
4240aaf1
42b319d1
4289f5f4
41f7ad22
430e5ad7
428a0234
42f95961
42ab55e7
4304eda8
424990dd
42c35b2b
42b23815
430e514f
42b82b34
4223fd72
429877d8
c1021ca8
4292c33b
42c70c87
42b50435
43146baf
42dee65f
42b4c4da
42bf4130
42f78946
430c3b9c
41618f0b
4295e515
42fae1cd
42c3f408
c09b9000
42411280
4286b630
423ce6ca
4300190a
427995aa
42f27260
43128386
430c2f46
426e5a90
41b9aefa
3f868540
4296f5eb
42ccc844
428fcbca
421af008
42cd68c2
430bc7b7
43036ea9
431e44a7
42caf50a
42542f36
42871000
42d9bcc9
43197aa5
42b8a0ee
42c3c2cd
42e8a547
42d3f15a
431a0eb4
42ff7699
415c41e9
4277bae0
42b5c65a
43229f2b
428f4844
429fd329
430f0274
42846037
42bb2705
43029e39
42f4a712
42e91f14
42b16bac
42b46c99
42515c02
426c52fe
42cfa659
42c73bb0
42a30ed8
428b367a
42830d1a
421fd9c0
42488692
42dc0e57
4334b7c9
4299c0c4
430cd379
42922f1e
42566aef
43004b53
42ca0b40
42a26428
42e85ca3
430d3efc
42580c84
42bb2910
4299218e
42e95239
42908440
4307e5b0
41a6c398
42b0544d
430a062e
42c92c19
42ad0628
430fc20a
4268b2f8
4311358c
432d1b5c
4280b31c
420d4220
42fea63e
42d651c4
42f59756
42d50852
42b1ab9c
42cdfd44
42b2db18
4308b86c
42b6efa5
42e51c14
42b8de74
434abb44
422f78d3
4311f3e8
4247dd18
428d5a2c
426e909d
42e2ff61
421486d2
4222bfc9
42ed3599
427d105e
42f98c20
43052c84
42c6b2d4
426e61ed
42c56848
42def490
42f73d1f
431d98b2
42764008
42310c04
41f3f29c
4298b35a
428afe6d
421263b8
43024feb
42b26696
426b8c91
42582ffe
42b064b0
433327e8
42719dfd
4246989c
43095d78
42943164
426aea3b
42ba5264
42cdedc9
4295d2a2
42962c10
42b688ae
4250e86d
42ea7152
4318b15a
426fff34
41cd779a
425fb42f
42cfcd94
4265960e
42982a90
42bde7cd
430a04e4
430f1e94
4299e06a
42e37068
428aef9b
43013697
42d981ef
430b1462
4286d612
429afb98
4306540a
42eed3db
43038695
42bc16e7
43295258
4187ea0c
4289116c
42d98cf3
42aa9832
426241e6
42c4e96c
430d4ad5
42a9b831
424477a4
42fd98ba
42b796c6
42c64caf
42e09dd7
425dcd66
41bdd118
427c56bc
42e947f3
4285125e
4294945d
42757e54
42c14dbc
422e0658
420b0bb0
42b436a4
432f792a
4297137c
431cb5de
42ea8bf2
41b0cd30
42f81b59
42bb6def
424927f4
425fb88c
42b27c7d
4225221a
426c3e78
429a76f8
427f1758
42ce8f86
42df2d64
429149d0
42e081d8
42256524
42ee9eab
428579b0
42cc2c6e
4296d946
42aefbe4
430028d4
42bc4544
4257e2b4
4313c1a6
41f1a180
42bb26f8
43006de2
42934e12
429b0780
424eb75e
4269a956
42fa9006
4253b110
430992c1
428fd0a0
42a916b4
42df4914
42aa790f
42936d38
42238288
421634e1
41f99785
424475f3
428edea8
422c7a46
428bcc44
42772418
42bddddc
42dd7e08
422bc292
42989729
43030366
41bce1b0
4262aa6c
429271c8
41ceb310
41eaa4d0
4284006d
42a897cc
42a3fe3e
42c23cfe
42ba42ec
42972a2e
42b1aa70
4216a518
423ce3e8
42f4fe74
42c3b94e
43070df0
4171e480
4292d0cc
41de5ff0
42486228
431d9924
4219f9fa
423502b8
42ca4df0
42e56e22
4225b118
42077a0c
4269c104
42577640
429270fa
429f0f54
4219c013
42bb779e
427fa708
4283f1e2
42c5e5dc
419103ae
4261b998
427b106c
421161f8
42ca78a6
4284ffc3
42ed70e0
42c4025c
42a12d2c
4304cb2f
420f8cc0
4196ef40
42e2bfa6
42439e6c
4323402a
428a78ac
42374d16
43069c0a
420dabea
428c1d9e
42c24f40
42a51e98
43275c16
4232f386
42b7767c
420ec578
42d05edd
42b907f6
4291115d
4266aaf0
428d4c8e
42796548
bf34be3c
422d69fb
42e7e91e
42b238be
43189b32
42c81977
42a0ec99
42f8844c
42537310
42d99669
42b11da4
42433fe0
42f3a465
41a7b9a0
42eca1bc
42b6b408
42d8e312
42d6d88d
430d0f7d
41c62a7a
42e5e4e8
42cf49e0
42e32a8c
42a25a82
4319ae74
42818ae0
428401b2
4305d492
42eb9941
42afaf72
42fa7016
42165834
42b26dd0
432f62ee
4300a14d
4297a0a2
41b9f8ec
428e8160
43155982
43079970
430be00e
42add0d4
42c1d338
4317e412
4244ac2c
42a50f18
420e1196
422c74b6
422fac99
42da3cc5
42920dfb
42f44ff3
423731b8
42fb5635
42b955c6
432c49e2
42a1326a
4200bb68
4300fe02
42bd293c
41b5122c
42a3bbae
427a0fef
427e8c84
42c69058
42a57c2b
425c344c
429de504
42ce92b2
428bb5c1
42b38c45
430688f4
c0c2ca00
432dd77e
42c93d90
42d5d2db
42188c63
42d28b2b
42194076
428c9f50
430da46a
429ac818
427acb58
42e9f80b
42ef8b45
429a6792
42321324
428f72b3
42954898
42ed4340
4280bdec
429833a7
42a08ee0
4252f41c
43292a4e
42f66190
4245fe8c
43039d67
42b8bf70
42e0bf5f
427af5ab
42162f7c
42bf1c7e
432b3114
433857d5
431034a3
42d6b990
42385ee9
4254e50c
42b31f58
42fecd8f
4276ed63
414c4f52
430c6663
42e0bd55
42afc2ae
42c6e73d
4240ca58
42e7e950
4328e9d6
42861e13
415bf214
42a6b253
43139020
42935128
42910de5
423952c5
430854cc
41b3e7dd
428f4566
42ae39c2
42b5fbc4
42c63d94
430fb5e3
422cdf04
430428c7
42c89bb8
42d66ade
428c7c28
41dfdfb4
42e72c64
429ae44f
421d6364
42139cc8
421c679e
42c3416c
428953fb
4263efc8
429e94b0
41e23f38
42fde888
4285d79a
42b5f62b
4294424d
4292bc84
42fb0b68
423e44fb
bfa59600
42ca3c48
4251c7d0
42af1cc0
4294c814
423455f8
42267b50
42b5c8f6
42d50ee6
429b233b
42a31824
42f53be8
42d2eec8
427199a1
42add49c
42d4347e
425d15cc
42a139d7
42cacf9e
40897bd3
40df1f9c
42e95198
424bc830
42d9133c
425de548
42f9cb26
42125365
4218f3fd
43115926
428be6e6
428966a4
427eef22
427b0034
41ef7078
418c1438
4221dd84
41f913e0
42cbb8e4
42cdb309
41cbb0b8
41fa9630
428680fb
4236fe30
430189b3
428b0f32
42b08378
42a8f162
42a2a41a
4278f7bc
42968588
428c052c
43071d30
42b1e808
411e46b8
4292f2a8
431589af
422141d0
c151bc80
4289b83a
429d9eb4
42845d5c
428e38ec
42c67a6e
430e7b78
429ec164
40c21f60
42b19d15
41ef447c
42d1e8cc
42844bfc
4294e210
428ac2b5
429e6e44
4329d25c
42417ccc
4286c67f
42cd6680
42b85d81
c151a898
42d417d6
41ffbfb0
42c54b12
42d22042
42d15167
42ccf4b7
c0519b40
4245db66
42b8384d
42c77d10
42d53ea0
42541630
42934914
41fb6d44
42a63ed2
42569848
4231a90c
4236269c
427ac814
4232dbcc
418e6168
42331137
42b40204
42e98e46
42dc7448
42de3975
4304a3e2
42127860
428c5440
42c2c322
423013d8
4216bf3c
429c88ac
41e5cf70
423a6c70
42180cc6
423c915c
4282c392
42408aad
422fd258
428a2ebe
4282ceae
425c10e3
4272f13a
42209623
4227539c
42795c5a
42d4b036
42155e61
42204e4c
42bc820a
4249dd88
42859ac9
42b9cf92
427a21fa
41af4c60
4235a874
42cd0bfe
42892a5c
427dba66
42f3f694
4288547a
4246eaec
42685dd0
4220e6f0
42a4408a
4204b36b
42968eb0
418ce99b
40ba6c8e
42914298
422af166
4247fb67
42319fbc
4212109c
4219155d
4248ed0a
41c102dc
42af567d
41d34bf0
c02505a0
421e3442
40baed60
40964d68
4281b915
c0f10b68
428baa88
42b439d4
4230adfe
4184049a
4255b8ca
427f4848
c02668f2
41ae04f5
42951dbd
423fad5c
41990730
4208fcb0
425929a6
42005a90
429048c8
42150db6
425f5cc8
42a97176
4280d984
41079e70
4110ad88
425061f6
42a97841
42714eec
425b8698
42099b30
42981b15
420786d4
4222e9a8
427fd546
4234403a
429327dd
42a883c0
4216d1c4
424aef84
421bbcaa
42823e7a
42af74ab
423ceabe
429b4c0b
428e9d80
402d4820
428d5e90
428dffb5
42a22014
41f0fef8
42106cf6
42addfd8
402337c0
422b86f1
42843c86
41af0d44
426adc38
423159f8
429be5c5
41407fec
424f4d97
423a4143
41c7ef28
423be4cd
420e535e
4258fac1
404e6adc
42336d88
426d1bf9
427b4cb6
42589dba
42a50f77
41b72e0d
425e98f8
426f2738
425c5c58
4223fb7e
428ac1cd
4281bf21
42ab8899
428699ea
42d3cb30
428fb552
428417a2
42e1ba7c
42bca691
425649b0
4298bdc4
42a75ca0
42e5f716
42d6b5f4
42c9a8b1
42a6cdac
42d8c220
41f10893
42455316
4293110e
422dbc30
42bcad20
42c1fd50
419a2538
42ad2ba0
41a0296e
42dadae8
42a96c41
4294e9ec
428233cc
42f8c6d0
425fe2bc
431a3d8a
42d0afa7
42b9641c
42972bbc
4255a565
4259643b
4118f048
42bbbf6a
429c9dc0
43082f0e
42889410
42931fa8
4291ab9a
42b0c940
42f8bc67
4304ba36
429741e2
418605c8
42d3f4c6
41a1386e
426d9a04
42573fb5
42df62e0
429f5bed
42bd1ee3
42dc48ed
42990f70
42e676ec
4246fd74
429f5af2
42fb10a5
429d0eac
42be6116
c0c4f4a8
4278364a
42876e5e
42264e20
42f1ae80
423757e0
421d60ce
42bf3f98
42dbaaf0
4204e40c
41e68638
421e0378
42d05968
4253bbc4
425c9d0c
422ca98c
43069ce6
42f56f4c
423cb2f9
42ad4834
41e1476d
42d6d6fc
425ab192
4257acd0
428cf3e8
42a76a83
42f41bd0
428ffbe2
42810995
42a94ffa
42d148fc
41f11868
42b6b2ba
4250d890
42e9bb26
4301f730
42aa8701
432a2393
4164b054
425f6dee
42caaa4e
42aecc08
43293db4
4225524a
42943ec5
4289ae9e
41ad0c66
426aa534
42b787c6
42838644
42482ef6
420a5740
41a9a522
421925c9
42618345
431b59fb
42b65923
42f2e5cc
426c170d
42a9407a
427dd0e0
42680079
42f95328
41e64b59
43142523
426437d7
429e09c6
424732d5
42b38060
42bff5f2
4299f375
42751b33
4296de48
426f8c7d
4315c209
42bfdee6
42d59b0c
42e1e602
429c2b8c
431a08f8
42b1e916
41ef344a
42c04c78
4292fd55
429069c6
42fa440a
42a4cc98
4214b513
4280f431
42e4b702
4301d00f
42fe7e3c
42f168b8
42c6a688
42a98af5
42ff35f2
42eebcd1
4264316b
422120f6
42e7543c
41b4af2e
40c5ded6
43067ee5
42bc9ec4
42f65199
42bc913b
42ef8bf2
4291a4e2
427b2a00
431051fe
42adc5c2
42af41c9
419685aa
42974cf7
42336200
427f1c80
428755e7
420df4e8
42a617ac
42c35719
428be702
424b9b41
428ea3cb
42a8022b
42e0af65
42fc9e3b
42d82e1d
42c90edb
427b0f2e
42dca7c7
4299e7e4
4185b427
430c2b6b
42a41374
4222b7e1
428bf36d
43188a34
42af03c8
418f10a9
42311db3
42af5768
42908981
427b68be
42c12eda
4319b996
42b8ba10
4249f212
431ec017
42294b06
4321d529
42907183
42afab23
42a399b6
41a2b16d
4321e919
42dc348a
4301a113
430c8625
42db64d2
418490f5
42a3f5ac
42682a20
42fd288a
42ac0c33
42b44307
4309d0c2
42112779
42845813
42b6e3b4
42c05cf1
42ff3a2a
42b37c2f
42689cc2
4110a732
42a96665
42d7a19f
429b7e86
421901f5
429792fe
42d8c058
40a734ea
4227472b
42a5c1f4
4300f2c7
42d89c8f
431571fa
42ee7726
422256bb
42a901bc
430513f1
426f88e2
43015dd3
42d2fe96
42b9af07
42eeeeb5
432360b6
42fffcd8
426ffea5
4341b859
421d4c17
427a5ba4
43021c5d
42bd3004
42d17642
42c764df
430ace61
42eb980b
43082674
42bc60e4
42c1e6a9
42813fe3
4293dff0
42e10c40
4296a15a
41c975c4
42c5a508
41c21d55
4263f064
431bd75a
42b9200b
421a747b
431497d1
4296fb64
4358e7ae
42328dd6
42b6e4b4
424f1924
41c9b370
426d4937
4230fd90
43015219
42518157
42d2d4d7
42d73b26
42437ac0
42e02757
42821a92
42d0780f
431efd77
43091063
41294310
4260fa44
428981f5
42d21a91
42728c06
42ed0c00
42bcd9ff
427facce
43218a4b
4291cd68
430ed2dc
42c27849
42171694
434285b4
42507806
42f6fbd2
c0ec65f8
42efe87a
42a6318c
41be1eb4
42d5dc0d
425aa849
42b436e6
4303ca05
42c4ff2a
42dd55c8
42747b8b
416ccd2c
42d1679c
41f34e2c
422dbbc6
425eb76c
42cd9f16
42dfe37a
421c751f
4312f030
426de154
4305efb6
423f0ad7
42c1d4ed
426942e3
42a72ef1
430d51b3
429fc897
42ebb9fe
42b2a8f8
430a5b52
42bdcf08
42c56f5c
42c7ddd6
42f7ebfb
429a7976
427ad964
433e16be
42cbb003
423b4a25
42a9287f
428d057e
43708115
42a9ccfe
4201eede
42184328
42a977df
42f91120
41fc74f4
42af4130
423e6a11
42f5f14c
41bb4dcb
41cd34f0
42830bee
431f35d2
4300e3a6
430a844e
42c06697
42a70159
42ab6c21
42ca2630
42f3974f
41eeb5c8
42eea18a
42470272
42b7a1ae
4257c314
42680e80
42b88818
42958d74
423e88b0
42b637a8
42a797d0
428b2bfc
428a1305
42ce7be5
421b8e72
42977a0f
431239a7
41d9d129
41e24c7c
42d84c74
42922adf
42cf288c
42e1a630
42d571e4
426d4980
423ec66a
431d6bb5
422f9aaa
42f08d3c
42d100a9
42dc356e
422038b5
428871fc
428f31a4
423e95b6
42292322
42e0449c
4236dbf2
411ff978
42a27914
42ac18ca
42abe4e6
42b812ba
429467d3
4269e24e
429398c6
42b4d4ff
42ba6a6a
42d3e6d7
425358a8
42ac6202
41b9fc00
42134270
42584e63
420bc91e
42b2b5ce
42967c9b
424ddd10
428cbf1e
4299924d
42c650ea
425f2078
41e5dab0
42fe1097
42b7eeae
420a6104
42ad7dc9
427c963c
41f398c8
42aa0c98
42647c05
42475ba9
425bb460
42d418bb
41d2c918
41dd4c18
421cdb04
42a7bfdc
4223e540
42a69322
4292bc44
42f881b3
42ba20e6
428f23f9
4282f188
42639fe2
42ec600e
4290e5f9
42ad5ada
42a36f03
42344d69
42decc34
42c963ca
42f1a929
42c9703c
42ccb79a
c11286c0
4268cc8c
42b7cddf
42de945a
425e2bc8
42499923
42d58348
429060de
413a0760
42d9ce98
426ff004
422e6ece
429560a4
42b080b1
419ffb20
4284857c
428e0152
4276c14a
41c442d4
4263fb30
42688060
42077f45
4183f93b
42ab4896
42cedb03
42802e05
42d8ccce
428aea0b
42589b50
42ab9b24
42885da6
4284883f
40f7f990
42b90e28
420e5e12
42891646
42212d50
41aec3a9
42cf7ee4
428b224a
425a5c90
42dcf5a2
4230a99b
42ba4a08
42433722
42a30940
426c9556
4275c7a0
42b4d314
426b3492
424e9d3e
42ef1378
41ff9cc0
42712da0
42f1a000
42a29468
413ae6b0
422d87f6
42bd4388
42af0088
42a27793
4330e65f
426bbb50
429e3808
4282ac25
427e42e4
42ae8c04
425ab41a
4284ee0c
4160c638
422a6609
42ad07ec
4289475d
41e50608
423f3b98
42bb2bba
42a9005b
4247890d
41b980fe
42a2d2f2
41704640
412ece58
428ccc32
41a74810
c0c4a648
42cba798
41901a88
4294f649
42e6af5d
4254d6fa
4201d520
42a02d0c
42381418
4185902c
429d39a3
42bc3020
42a3e99e
42011f90
41ff7b32
41eef4e0
4266a696
43057535
42434278
42749f2c
42afd5b9
42c964cc
41ab5c80
410493a0
428afda8
4299121e
42de6609
42a04e64
423ce02c
4280826b
40d7a1b0
42c53ce1
42a83bb7
424481aa
4296950d
42af43e9
422b3e18
429e1412
4247524e
42acaa48
42c4f117
429131c5
42e7b2ad
425439a6
c02f42c0
42ab29f6
425513d8
42eda89e
42870cc2
419c6074
42aee3cf
bf417600
4288e2ca
42a7d762
42023e28
42765224
42a95a32
42c1d37f
421466f0
42ac50a4
42804d71
42222c6c
4247d31c
4231585c
42472c2c
40db146a
4285c5bb
42b7e13c
4251eb88
42aa8cf4
42aeff70
41f213ab
42e5e55e
42780290
42900576
4231a1b0
431be60c
431ab9e0
42a7a12f
4304a21f
42f32cac
430361c3
42b532d2
4346badd
422e9f13
42d4360d
432f2253
430ac53c
42f5c5f0
434dc524
42cd75b4
43385d7e
43193070
42ac5bfa
4270e23c
43164252
42c86708
42d39092
42eb279a
42a6c83a
43039f7c
42b99344
431d9530
42e571be
42e9d97f
4307ea73
437304d1
429a03d8
436e3311
42917688
42b4c908
43055400
42c12c58
429f67ea
42e98ab2
43166a46
42b2ca30
42ecb381
4322957d
4343ad15
42e7bde3
4306cfa8
4305508a
4314d98a
4337af8b
42bb27e0
42d3a8fe
4220e5eb
42f300ec
42d5155e
42f76010
43256386
4306f222
4296b404
42760de4
433449a3
4349036f
42c6a70a
4310b7c3
43248cb7
42fdd5ff
4242243d
42cb6140
42c79dd7
430b791d
431fa116
42de16e2
428f1473
4310c9b6
4356077f
42a1aabe
41b32eb0
428603ca
42a52dea
42daa0f4
42e79201
42d1845c
42fe7368
4318f844
431adec7
431d232e
42c6675c
42c7b60b
42b0a260
4337c0b9
42b91e31
43136851
43310db1
42d6c030
43216322
42ffca18
43462eab
421a30dc
423af1df
42af716e
42fd97ad
430c4a53
429cc4ab
434239ce
42ae13ac
42be763a
431a1e6a
42e312ca
431a0bce
431e7ac9
42974596
42ad9c7d
429a273c
430bad3f
42a23828
42ee5dfe
42a51848
42c0dab4
426a260a
42430adf
4305db86
437bb792
42dfc0ca
43409d17
431196c0
42c70524
430d6804
42d3579b
42866d12
42010970
42c22732
424cdf45
42988c32
4286328c
4220e863
431036c4
42b98a78
425a411c
42b4e360
42244130
42d3c907
42ae51db
42fd78a3
42103b82
42691cb8
43080ce4
429643d1
4154ef80
42f423a8
41e0d500
43024ccc
43108f7c
42ca7c94
428b79d8
4250ec30
42d7bb3e
42c0b460
42d57038
42f5f8c2
42b41aa0
42654dc8
42e3dbc2
42c2cbce
4293ee90
428b885c
4292598f
41b9fcc0
42717198
425590c0
42b31426
42a2e17c
42d7ebc0
42a2a7a4
42fcb8c2
4275ae01
42ba5f2c
42f358bc
429bfce8
42771dcc
42bf764a
42496d0a
415e9c30
42566040
4277ae80
42714a80
42baca76
427675e0
4258f1e4
4282a482
428a7280
42808136
42d10c10
42ebef90
42cf3724
427165f2
42b16e04
4228dd00
428cf3d8
43056334
428ef71d
41879998
42b905cc
42e59bec
41ac49c0
41e82548
42bc20c3
4293d460
42973788
42b9c812
42aa6a8e
42f61c9c
4262e350
4299d6a9
426b19b8
41a7e918
42ff44b8
42bd170a
4297bd10
42597679
42891141
42f5d7f0
42ec10c2
4303af50
42d9e8c2
429d3ad0
40c36900
42d43925
428cb3f4
42ed2b9a
42ba812c
424c4253
430857cf
42639450
4271c78c
42d20250
428d4270
42d5fd74
42c59181
42aad4d8
420f0f08
42913816
42ae1981
428ca6a5
424cde30
4237aad0
42877128
41c3e792
425bbd76
42a16371
42be63cb
42db6efb
42e3c8d4
4298c37c
42ebe190
427bac60
42a4a0a4
4295a770
42997ca8
428aec30
426acc91
422246ae
41cd2aa8
41726057
4287c6b6
42bd323e
40fcc2a0
424eb088
42468674
42529728
4217d0fb
42365849
422cd664
42a7a2c6
42b0c917
4230da90
4200d592
42863174
4239c7ac
42a7b0e4
410f9950
41cf3ae4
41ed5348
42add3d4
42978608
425e32a7
41bb1150
424512ec
42c40eec
417296a6
42aa94ec
418a17a4
42035fd4
42176e80
426dfacc
40ece2bf
4193585e
424beb28
411064a2
420cb00b
42945f19
4231195c
41f67074
bfefb840
429154d9
425bbfe4
42bdf3a2
428239b0
40c35f80
4206c615
410e2530
41fdb150
415f7b40
42adaf29
4230862a
4188a828
41466138
4245c0ef
426499b5
42195a4a
41d92c41
42767bc8
4256db38
4218c962
425d27b6
42418e4e
41889490
41e45e60
4210f554
421ecc88
42959411
42755944
420c0e94
419228a6
41d90164
41cdcbc8
c0af4ea0
42830706
424eba77
429d0797
41229eb0
41839fc6
42580cba
427cb2fa
4224c5e8
42565ef3
42bc9a55
41e16ed0
4288e479
42ae04fa
419ed7e6
42856d68
414f2040
42711510
41a31404
4261d1be
42500be4
421c18c0
417bc5d0
41f14416
42800ad7
42055b4b
42198200
420b29a0
4260ef50
4272c134
4269e7e2
40c5f820
42076f8c
423b5ddc
422ed2c0
c1140f60
42681adc
41aa7cd8
4235c536
420305c7
c177f220
4283face
42b6bce7
41ecea20
424380bc
42b75d73
424762d3
41e1aa10
42451648
40fd8520
426a7f00
42679b04
42424b40
4303f412
428f5868
4250a866
42a58138
432173a0
41f27610
42e29cba
42e6749c
422bb65a
423facdc
434369bc
4229ec68
42ce5606
42674b58
420372e6
429af5eb
428e7620
42adf98c
42bc6584
42e76980
4273ba64
42c3b1b0
41804d0a
42baecd4
4293c98d
42c3beb3
423653f5
430311da
426f0460
4319a35c
42819980
4266dca4
421fb6be
424d578a
426b22d6
4261de48
42bbfabc
42d264ce
428fde12
42bce3e8
42ce6cd4
4306a8fa
42d51ecf
428f8c7a
42a59784
431d43c9
42299706
42a5e310
42252e99
42a923b6
42dcebf4
42c09f60
42a0320e
4271d444
42ef4b8d
42d699aa
42e5daf4
430a4b35
42883f56
42c00772
43014404
42c091ce
40b79ba8
42760dbb
422d0488
424b08de
42a033c0
424165ae
42067f32
4284aa50
430b0071
42930138
425619f0
421edf00
42ccfe8e
425f41d8
4254beb0
427239fd
42bb79a2
42f13027
4334b0b2
429520de
423a87e8
42e9af9d
42ec6817
42e4c8f0
42a612a7
419b04be
428288c0
42b23381
42fab752
42883bac
42f90aa8
42082dd4
421df090
4269ca80
42a1abb8
42733890
41aa72ce
42c3f5fe
4297840c
4124d928
42c89464
424cc4a0
426bc369
4318c438
42122598
42728ba4
42056208
42cc89e9
42d132c1
423ee16c
424f68ec
41de70f0
42276ca8
c07fe028
42a1df29
42e28457
41d816f4
42f519e3
4226de35
42d3e5d8
42abfa28
41ec5870
42bbf75e
428fe145
42d59234
41e65209
427aea72
424e14d7
429a1f1b
4275acfa
42ceaba0
422b2e07
42a909d0
429fd0d3
42e4b4c4
42840300
42a23b63
42c9facb
42d4d27b
42e14101
42d7b513
42648940
42fca21c
4238e468
421e7ae4
42c1755e
42935804
4241dadf
42891a28
429ee301
42fae152
427ce486
43079058
42db8e8c
4296e245
42f049c8
423b089a
42928d42
42183678
42909245
418cdba1
4234a5cc
42cfda64
42485966
428c59c6
42a619cd
42daad89
428f7fdd
42672a80
426e5cd0
42c5b2f3
421dd926
417246d4
42252aa7
41bb1bbb
4231b3ed
42a61299
4204e9b4
42b9623c
42c90fed
4273fa92
41f7aee6
428f18a1
42b5f4d2
41cebd96
42d0224e
42ba1e7d
429beda8
41d2f8a8
4251e5f2
423a3332
41d3d888
42ec6752
4244908f
429a7cc6
42e8ccbe
42d54b72
4278f63c
41527a3c
41fcac6d
4239e6e6
42c3525e
42815e90
422771fd
4290a9ff
4233ad58
42aa8d5e
4317853e
4263c6a4
425f0692
429048f9
4291450a
42a80c6f
42363729
42ae41ac
42cca8bd
42b7a644
42fcd5b9
428d4938
41b5e04f
428cc19e
4247f5ce
42eada67
424e3c66
4223fbda
42df0bd8
41ced15f
42cce221
4293d679
429f6194
42ea9921
42a9a408
422f6bbf
41f27fac
428efdde
42d64a46
425c7e4c
42909a11
42744a19
42a9c06e
413146a4
4257a249
42b22426
42e27177
429b5a63
42dee6e9
428f3ed6
4285cbbc
4288acec
42cf28bc
41c413a8
425d4ecc
42964bea
425f4a26
41f199ee
42903748
42b34966
41e227f0
427d72ba
42566220
41e8bf07
426766c8
4277912a
42afdfea
421c3129
42719000
4226af9c
4306082f
40cb661c
4284212a
423cd75f
4229fdbb
42ac12ef
429068b3
41aa74c2
4234ab2c
413994c8
427b64d6
427bf322
4261e003
41f09feb
42652e00
4202ee70
429cbb2e
4243e3f2
42453a9a
40a56a28
41d0c642
424995bf
c1872f7d
4207a992
4230f3e8
42a336c2
4238f191
c120a300
41e35f95
41b4aae6
42977168
42ccbca1
428122b6
413ae276
4245a273
40d46230
42233edc
41b4e4cb
428906a4
42416af6
41f74aa1
4292ed97
42754211
4283d63b
41f2a90c
40a849dd
428c9ba8
41f4d363
42885172
c1574b50
42b29dbd
425c8620
4113c63c
424384eb
41d970b0
4215ddbf
425b4f13
424efdb4
41d4aece
42251534
416f955c
4287c1da
c197ad54
41e04896
41d7f1ae
42decfe6
429d0a8a
bdee5ac0
42426deb
421772db
42bbd402
40ca3720
423723fd
420e08bb
42541fb0
42cb051b
42900376
4268597c
42136638
4295f142
420777a9
421c06b2
42a03348
429d89dd
421ca272
42868cbb
43029364
4233ebc5
41cb9cfc
4274d0eb
423b2104
42ef8bf1
40401da0
4276d772
40e5e2b0
41b5446c
4203a200
422b6bbe
42118c50
4181a9b1
429b0fbf
3f0660b8
4053aba2
4209a401
42bdd0b0
42a67fcb
4297c032
4233dfae
42325f3a
424c6afd
4285cfc2
42d03dc4
41b13fed
4285dd5e
42319570
428043f4
422fddd8
41d9f3dd
42818f68
42b82f2f
41ea8578
428cc58c
424065c6
42821298
42002274
42bc9bc0
4264ff16
4271e938
428a3b80
4245980e
42218364
4285dd80
41e9fa20
4281f480
428b3f0c
4236c758
422b81f0
421a354a
4282a234
4282dea0
429b4d72
4288fd45
42bf6a16
420d9ecc
429825fc
424a454c
423f10d0
4209d646
4260b8de
400bccc4
41af8ce0
428453fc
4289eb0a
428ab084
42879274
428d95e8
4282c008
4243323f
428621f0
4277f530
428c83e8
41a92808
422eed9c
4214f96e
41a61fc2
426b78d8
421d1848
4279819f
424e98d4
426b1fb0
42526010
4236fdbf
427613e8
422c9fb4
429ce3fc
42860970
424c4cf8
420de30e
421a291a
4216fa98
41ba7328
428ba598
42447650
420bb5ca
42976d40
42a115c3
422d20c0
415dc2b0
420199e0
4284a469
428081f2
4228f730
425ea4b0
42990b74
423eb5c0
4293376f
42909568
41ff7038
42adc6c6
4285f186
428521b0
4248ec67
420617e3
428f10f0
42919fcc
42a54351
428abb4c
428608ab
40f0b3c0
428d28f0
4222bd0a
42814736
426dd7b0
422f23d9
428f8c22
42122662
423acbe4
428d1888
42872eee
42729ca3
42b5a9aa
41bdd598
42189d38
4214cef8
429411b7
42612654
4221ce6c
41e2d088
42135669
42053150
421341ba
424abf9e
428df1ad
4207cee0
42991d06
4244e979
4252c680
4254fc78
4235b4d0
421c0350
42bd1cc5
429fe698
42f7f547
42c057c4
42fe73e2
4280f29a
429be950
435cc8d4
4182c708
4317821a
4313a26e
4263103e
4282c80b
43247673
42700e48
42c1e943
42fb149a
41d637c4
42f6e184
42f55b7e
42bea021
43010402
42ea1700
426e1b6c
431f04e4
424d7ed1
42b6bd3d
42bb75ac
42b06d94
426066b8
4311f402
42ae6328
431370cb
412e8b40
42b74503
429d8712
420c9320
42bb5f70
425b72f5
43015202
42a78b7d
42df3afe
426df220
42cbde45
4313ef1a
42852902
42e17f1d
432553a1
432ade1a
429b29a1
42c0f3e6
41ff3a7a
4283818e
42b87594
431b7312
42eb5a08
42a81a14
4304ea56
42da6f63
4300694a
42f72464
4222dc3f
42c4e4ee
42c71f5e
42e95b32
41bfed82
427ba43a
42576a24
42eb2568
431a16de
42d9e6ae
4293ee22
432d142e
4312728e
428d364c
4215d23a
427aca3c
42de2eee
42720eb4
42438538
42b30582
42ebf694
431049d0
4312de9c
42719c0c
42b6d66e
42f61ae4
42ed6b84
430820aa
43005698
42f493b1
42bebe90
42932b18
42e71c26
42e214ac
432ba8a4
4239f100
42d8c1fa
42c7c832
430ab1a4
429c2dd8
4290908d
430ec694
42bb33b0
4206e812
42e15c0f
42c714fb
43018db7
4319e82f
42dcb89e
426bb5a4
4267210c
4289581e
42a12229
429ca722
41a816f8
420db71c
421462cd
4207f3ca
428f34b8
430d71ba
42c7dbf1
430bc0bc
429990f6
42ef2948
430a6639
426e8f34
432353e6
41ed9892
42c46f06
42137f0a
42700a26
41f9213e
42b77922
420fbbb8
42a9746d
42697f10
42acc62c
42bdfa12
4278499a
42724638
42c87f37
42725acc
42832ecb
430a99bd
41d12c6e
42cdd367
42b83fce
427d76ba
42924961
42e947e8
428c8b1c
426f6b36
4230ad6b
42e6f08a
42872d05
42c14d18
42960bc6
42b4ae64
4223906c
4278f030
427fde80
4234726f
c18c7376
42b134e7
4221c02e
c19ccfa4
424bbe54
42da5238
42d1360e
428bc683
4253421e
423fe733
4280b9e0
42a5c9a1
42afd3b6
42b7c05b
41a104de
426229c6
40d12e38
425016fe
428decae
425e6ce6
42a5204a
4215410e
4297ab3f
42cd6a4f
422b4ce2
42c81216
41830854
42413ae2
42a9247f
4276f1de
41074b14
42991f58
427bc55a
c0c9a2e0
4258cb28
4234251f
42523a81
42987158
42b02c76
423bdab8
41f0072c
414bc78c
42aeb33f
4200ec81
420045bc
4244d7ba
430b4e45
42c29477
42d2e5a9
42aaf26d
426b28fa
42d511a4
42808bfd
42b890e2
429ff7aa
4123fba2
429b528b
4300390a
42cfe569
42a40761
42bccee5
4093c9d0
41eca16c
429af7cd
42ac2d51
41c646f4
4276bad8
42c93eaf
426864b1
423b21d0
42b09fc5
42ae0fae
4248c2b8
42a41431
424cbe2d
418d24f4
411bb280
42a19d6a
42d2a202
421fa3d9
422339b6
428c34e6
41d9aeae
41042056
42876ba6
42c3787b
417162e8
42d0d999
421837aa
4229e540
42a3b667
4281ce0e
429b987c
4229f15b
4316ac46
42a9a201
4300b7fa
42c6b067
4262bdc5
4313bacf
4332af6a
42696a64
43310eae
42d0788a
43009c15
423b2ec1
42fc13a8
42e43e48
42ceb01e
430eb59e
43126750
42d41232
43415aec
42528bb6
42aa9904
430d0040
42fcb5c8
42c51274
42d545db
42fbbf66
4318a2bc
42e3be6d
434b32d8
42b8fdfd
42e5ee11
4300161f
42a3f9c2
42856912
42a313a5
42cadbaa
424ca6b0
42a46020
43047f2b
42c8a138
4285c1e5
42b81cdd
434421f7
432da819
425bca62
42e60d5e
4312488f
42aa7584
42c95561
42df115a
428b6b39
426cb418
42bb5054
42ec8a90
4310b511
42e5e1c6
42d08438
42b54135
42ec6a9b
42b23bb8
42ad6f0a
43240b1c
4303cfe6
433c6c4c
426dde42
42d006c1
4223e8e7
427ef874
43717d31
42c045b2
42d35954
431f5b8b
4314a872
42c37dff
410d1b50
42612e4a
424295bc
42f62e60
42dee648
42cd5d92
42ca4854
4237bedc
430a4c4e
431b7b53
42a489bb
429371da
429f7ab4
42e21f0d
431c2afe
42c09a26
4317cc1b
42ca1e68
431d6449
435d9a3f
429f4144
41920317
430708ce
4274f4f8
435b400e
42aeb8f4
40ff3300
4303ab58
42bac1f4
429b7bf0
42e59ff6
42fa481e
431f1e3d
431321c3
42da5d7f
42664a9a
432772cf
4312833e
425c6de7
4293a0be
42c1da26
42a56d34
420070c0
4256bd70
4327ebf6
42cbf7c8
4316a79c
43063d4c
430686d5
431fb660
42c5cd8f
43033e05
4296d05c
42864cdc
430a7e21
430442e0
42b64c29
42dbf2a8
42cf2098
428a32fc
430fb5c4
42894964
4295d370
430ad1b8
42d76e58
430a3b30
42f2b781
42f8b208
4291f2d2
43269432
41c40303
42f08d30
42a2a328
42a2c814
42b17ec8
42f86960
425a53cc
42af0758
42468c12
431f9a1c
42c06776
43078b86
429f47e4
43015e55
42952d9c
43209796
42a7581b
429ac91c
42a52d72
42b56f31
42cd1100
4185bcfc
42ed4a38
430d5f8c
43126032
42c225d0
42e1480f
42c7709e
4297880e
43270036
4312cdd2
43225371
42106a4a
430a1a04
41fab784
42bb4ec3
42a41548
43147436
42db05b0
42b0dde6
42c4b0ee
42aa8423
4302ac0e
42cb9958
4295331f
43150308
42b87aa4
42dad30a
41cb0c64
42f3ac26
42a7cbe0
427d8700
431de8dc
42dde9fe
42a7e3f0
43030e9a
430eefde
429b6300
41d02c90
420df960
42c006aa
4241d090
427ffbb0
42ce17b6
432d0ec5
42f2a3fc
42e1d47d
42f0416a
42e91411
432bc48c
422bfe49
4315da5c
42bd7f86
42e19ff1
431da59a
42c84b24
4312c705
42eaf05d
43366670
42303e69
423f8b70
42c813d6
43070310
4301e9b8
42aff262
43466a87
428b154b
429af944
42d81d7c
42e98310
43079834
4302838b
42c9e7a8
428092d6
41bc5ff0
428c1128
42b735a0
42932918
41d3dec8
42be4339
41f86a3f
42062abe
425eb55a
4342b1b2
42a9a814
4321fc38
42bfce4a
42bf1c90
42fad418
42b787b4
4312a174
4168cce8
42fe2760
42957a10
42a84634
42bcddb8
429d8752
426723c8
42d34d13
42414182
42c0670c
42ac25a2
42c6e160
42a783ec
42033fc7
430bf132
41ec0660
43089342
42b58b19
42a597b0
42c791bc
41e6baf0
41f83980
42b68bfc
42c903d5
421de772
41c78420
42e9abf2
42f30d0c
42eb9c08
430b9345
4268fc20
42dae30a
42c1a1a8
41e4d100
42aaf263
4234d57f
429e34f0
423e7714
41a46c74
43135fd3
42c08a7a
42963936
424ac2f8
42a2e175
429d6d55
421392b3
429404ab
42db59c4
422241f0
c1611b08
42b04de2
42307eb0
42080976
424751c8
42714120
4289484b
42bfd1bc
42ba6ef2
42324a88
42b81a2b
424ec29c
4140733c
430f61ac
4211e878
42c37b4e
41945800
4289f8c4
425c87cc
bfee1400
432202f6
4287f88c
42e97778
42e84c7c
42920544
4296f8d4
40cd0420
40c69de0
428e4f34
42d8e47d
422069f8
426c44f4
42b39a54
421030e0
426b16c8
431a60e7
42995e50
42cf4314
42159f20
428faf98
42d0d2a7
4244fa70
42d58a38
42ad46fa
42fa3e8d
432fed79
42b1db2c
420c270a
42a57744
4289b3cc
432336d7
429c0547
42074006
42ea027e
427e4a20
429addfe
425cf7b0
428319bc
430533a4
42ad9ba9
42a51c0f
3f92a9c0
42b27e20
429ebb39
418baa60
425cc604
424e4b6a
42d37dfe
41890144
428da5d6
427b5dd6
42b0ef58
42a63858
42e5f232
4237e695
42813a87
42acbd94
42e1a268
428b9eb8
42b09ca5
42b005c2
41b1bc12
4287fa4e
42983ad4
42e02403
41de1cd2
428965cd
42068120
41808708
430a7320
422b0bb4
42828957
42876746
4217d89e
42ccecd2
42cd859b
424d08a2
42cda0c2
4298cf2f
42a05f65
4237fd42
4300d085
41ffa870
4293bae8
423aed51
4272678e
42977ffb
428e5386
4232b330
42acefd5
400d2a50
42af47bf
424cb788
41d4b8e0
41792590
424d9952
4286d4de
41b2c351
3f953580
42738f0a
42a167bb
42bb58e1
42755fb0
42aa611c
42b28b6c
424387e5
4308e954
42a7ca1e
41346890
42563cec
3fa71de0
42e2d75a
42a4255c
42acf6a6
42a8c234
41d09f14
42869e0f
4248cdd4
423aed0a
42e9d633
c0c796a2
427ec80c
42cfa59a
428408e4
c0c6ba88
42d18bdf
42170fd2
4225b67c
428a2b3a
424b4928
42880fe6
42d92520
426ac724
423dbc4a
41e68254
41bd2420
42137fa5
408f81a0
4248350c
4216112c
4246f297
42a7eb8d
42bc1f17
429aeb8b
428aeb4b
42a1174e
41c015e6
42738930
422ab44e
424c431f
422ae4d0
42ff0e66
4288fe30
429414ce
42ce9758
41ea47ec
413e7b40
42c161fc
42985d16
415f58f0
41900eac
4315539b
4282083f
42290382
42c2ea29
4281cad9
42a99a5d
4291ef1a
42722dff
42332176
41aad017
42d7a10d
42af6825
42186410
4191d526
42a60238
c110aaf2
419fbf7e
421f917f
42cbc73e
4299c4ac
42cd4f62
42534a94
426f5059
42af7ccc
423e646e
42a734d6
42251ca7
42b76c65
41cc37f5
42901cb8
426b1730
4265c3d9
4276d664
428b22b6
412b2828
422bf5a8
42240746
42b3673d
4261e71b
429eab8a
42699c8e
427a541a
42bf59ba
4276fe88
bf887480
4261bc18
4236e434
42702a14
428e6b50
428c274a
420de308
413c0e10
42445efe
4295ea50
42a66336
423e5fe2
42a70948
4232308a
42bdb43d
4220f30e
41e5e468
41c098e8
422744ab
41b52c14
420968ca
429aa0d0
42137da6
42546798
42ac52e8
42480820
427315da
421b6e57
427be962
427b6968
429536e4
41842c8b
422b007c
4216b90a
422e614e
42160206
41d857b0
420dad22
42481c30
4254d34d
42010144
427a207e
42805ffa
4224bff4
42af25ac
429b1838
428dd5be
41c0deac
429fa4b7
41eb8830
4136e390
42842280
42109b3e
420e0630
41f55ab0
42a5e499
425efa98
421f3514
418379be
42160db8
42064060
424c2812
423b69c9
426ae9c0
426c200c
42109975
42b8a599
41d6d084
42c7808a
420c3451
425aa660
4234a8bc
41888d60
42ae68b4
428c4b52
42d57db8
42963fc1
4280fcfc
41d6f910
422a11a5
426cc004
42a4fb3e
4226a9e8
421ba2f4
42b7b300
42874c81
41dc2ab0
4276af02
4212d5d8
42a4c746
426d9df8
41dc0ce0
3d605000
4286d37a
429c0d3c
4205b8b2
41835380
42166040
429e4e89
411b3164
41a0a48c
4230d2f6
42a31878
42aa4777
42a8d052
4287150c
4201866e
4250f328
42a5890e
421e6412
42aa9a9a
42e70c21
42710dd3
42d1b940
42fbf5e2
42d7d1e7
429602ea
42ddfa76
420a9d48
42477e20
4312b79a
4299f54a
42c43711
427c7fce
42c14e33
42c4baec
42f664a5
42c0c055
429df55e
42b10f8a
429c90b0
429444a4
43070772
4262dec8
427940dc
42380560
42c1106a
430c86e6
42f74072
42ee235e
42f7cb60
4280af53
4315bc5b
423e71b2
42e79e20
42982064
42a170c0
421a838e
42246f8a
42edcb7f
4297518d
42c5b662
42c2cb37
428a5a1c
42d95d95
42d28536
4246c62e
432432e8
429ab31c
c21d3ec8
42794e78
4236aa46
429e8688
42be9b08
42321734
42b7bd09
42d37c0c
42d521d2
41024fe0
42abf81f
42f9f1fa
40201590
42fd344d
42a67cee
4283c2c2
420053f8
42a0ed61
42a4d148
4280b7a6
4301f6d7
42b35c5a
42c9769a
432a5cc9
42a5bbfd
42855de8
4125b210
4283b154
42f57164
42c63b99
42501729
4291d15e
42892cd4
428c7f5e
427ea723
4304b749
428bb4b6
431782fd
42c21dfa
42843d9e
42299122
42911869
42adb526
43056a0f
42b3142c
43038ccd
431b63af
4246d206
42d4e602
42e0e7ee
42d492ce
4290a364
423ae5a2
432cfff7
423d26c6
4289765f
42c5afa3
422dde68
4319369c
42e54674
42a0dc7d
4202991c
4291d49a
42f405ca
42091950
429bbc86
41fc04f8
42e61c41
3fe97108
42c30200
4210b89a
42e1ea92
42cf63bb
43175085
4248734b
4288175a
42e49060
4299443d
42a09d74
41eda85c
42d5e3cb
426a09fc
42bca84d
42a24fd2
42f86511
423a1620
42d97c89
42b87228
42b402e0
430604c2
42671500
42a2a6fa
42f0c0d5
429b7a4e
42672b88
42f19558
41f25502
42fd3f48
42bc4860
420959b0
428d996c
42ecd452
42550886
4299ff78
423f3608
431782c1
4289c36c
42f7a954
4306bc6e
42c55560
425aa10e
42d3d66e
42c5e93f
428e194c
425cd40e
42b5dc34
42635380
4201896f
4266d840
431862b0
42c48826
42915eda
42e0e14a
42976dc1
42da45b9
42acc278
42d59660
42ba9a7c
421dd0b8
42cfae61
41d5ef70
42a76d4f
4282a8d0
42e8f7c0
42e74aa0
426278b4
42a9dfa4
42d13a9c
42d06884
42e4e828
423964f3
42eacfc8
42653da4
42b62090
4185d820
42a04a2c
42c52288
4280eeb0
42eccf1c
4297d1f4
424602be
42c7ba16
42db10d0
422cdd60
c1101560
4221e9b8
42e03c00
42af59b6
4225ac90
42972040
430f7a9a
42d073f8
42f6f2c2
42a4e7a0
425a01f6
42a7ae84
4204f5e8
42e74f3c
4266886a
429b6d2e
4306a730
42ed9028
42cff460
42dc9d57
43014162
40a1ffd0
41ab9e00
426103ec
42b98c19
42d85e46
423694c2
43021458
427750b8
424d71e0
42eb075a
42ad9db0
42c549a2
42c6ac8c
429e40e4
425d058a
41d21ac0
42c484f1
42a9709f
42a5bcae
42842162
42915140
425303fe
42309ff1
42d3b22e
42fa6ff2
42025858
4302d401
423d0d7e
42a2d994
42c96a48
4244fc00
42a0d46e
c11d3faa
43201cbe
42a7f278
42f92b47
428d0b5d
42812248
430a3739
426e3599
428f6229
4291fe51
42d1b85c
429a2a88
42bc1b2d
42a48ec1
4285d78b
4225fb24
431f946c
424d754d
425cdcbc
42b4c301
428089d8
42d6697c
4309f80a
42d7e3e6
41f72e3d
429852a0
4355198d
42889ef6
4339ed30
43186b0e
42a719d9
42230798
42a1da92
43007a53
425e32d1
42a3e049
43272321
422c99cd
4103bdfe
42a62c92
431c2fc1
42ca88dc
42e715d0
42d884aa
42b989b8
42b2332c
4301d9f2
42d62240
42f8d09b
422cd19b
42fca037
42822d84
425ee492
42592713
423f829e
42d25f1a
429ff3e3
424b746d
42520668
4293d9d3
42c79d0a
42c11022
42aea26c
42e66bb4
42d54602
429d6fb2
4305608a
42c314ae
42146436
43099ef4
42d277bc
4271976c
42a7cf1f
42cd7202
423937fa
c0ba699f
4284aaad
42db9c14
427dafcf
42bdda55
43054269
43217958
4262588a
4282ea80
42a722f6
4297b8b1
4336037a
427a391f
42e5c029
424a7abe
42808f85
43242069
42f0dc09
431ac377
430877ac
430b01c0
c118757a
4296a034
42c5f94d
42e4a231
42ce154a
42148d17
430b64be
429a3a0f
419ffe1c
42e77f39
429164be
427166a0
42f2a1e4
42cb27eb
420e9da0
42a50074
42c47976
422b1b02
420ff184
426f1250
42bfbd01
4229f39c
4232c276
42add8a7
42cad9e7
42821622
4308e0f9
42c06bc0
42996ce6
42c4cec8
42900c4e
42815318
4284813f
427ec730
42c74d9f
4293500e
429269dc
421ec573
42c35668
4321a258
4294fcab
42ee14f0
42a01206
4277447c
42a044f6
42df519c
42a75d9a
429ab0c2
42e2ab26
4219f83a
42bf1dbd
42c8122e
422c73f0
42fda850
428ffe34
42082386
429c9149
4288dfb7
42ff6470
42bffa96
4267dbf0
42c72ace
42dae7e8
42921912
43111a68
428e5c60
42cafd35
427766c3
4283b144
42151a0c
41a9b88d
42bf3c1e
42a9e394
42acdd8c
426cff30
428dcd2d
42b40499
422cd188
42d42f6a
42dd9c26
42d3955c
4273a87c
4294d548
4228410a
4190136d
428041da
42b4c61c
42d8ff89
42afff1e
42d063f6
42a9a13a
42de238a
427712c4
42741a6e
42c8c2f3
427f86a0
42cea058
418fa0d4
424ea398
429bb424
42222bf0
42d27087
424cbf20
423d1ede
42f25170
42d71aec
42285ffc
41c63cc8
426096c8
42df715c
42488e52
42738674
4276f870
431ad37d
4285d9c0
429ece2a
428716a2
425e927e
42a544b0
42cb4e79
42da9f40
4295c796
42b1a6a4
42fc2ca8
425bcd36
42aa7468
428067c4
42c4a026
41fd96dc
42d2b870
42524e6c
42cb62e4
42ab80a7
425bb4d8
42ec3d90
41d5021c
425b2064
42922b37
42a3a2ec
4306cfe3
42b2bcc3
426bdd40
42801251
422acf15
4257bb03
423f81c8
42c0f96a
42478efc
420be658
423ed4f2
411ffe3c
42c9d416
42f9df7a
422ebcfa
42cadd3a
4282b89b
42f8cd41
425b22b8
425348cb
42bd6cba
befa0e00
43348504
4299bf38
42f85ec9
428d65b0
42d74b28
429d17c0
43157136
422c8e38
43211326
4307d2a6
42f0db3c
42597d00
434137af
42ab32ce
429d3110
4332c3f7
4224af7e
42fce8ca
43098da0
42996664
42c941a8
432b9ec1
4302f8d2
42a479c8
4262e781
431db85c
42a64c76
434eccb3
431af7b3
4321c50c
42993bcb
4295d2ec
429113c8
42842c4c
42179518
42fbbc3b
422db1da
41fb66d4
42f29bc6
433aa0bb
4302e4ae
42ddef9a
43109cd1
42c87b80
42cec14c
42e58980
42d2c1d0
43206be2
422bf2f2
42d124e6
4228e554
427028d4
42f3b939
42afe350
42fd10ea
42936ab5
42b20d5a
4307741c
42ad37c1
4321a922
422c6db7
42e2510a
42f42181
42af42da
429140d8
42be885e
42aa28e8
4295d3c6
43090dc6
43026f25
429eaaf8
42f4c544
432dabb9
42a491bc
415ae5c0
42451f74
430a0828
430316be
426a32b0
4301fc9a
4324cda8
430124a1
43437f9b
42f7fe62
42c4d57e
433f4f84
42bbebd6
4325f7fa
42eeb9bf
42697e08
431298ce
4336f15a
434137b1
4322fa50
432fea67
c1233000
426a6630
42e024e9
43006572
42c34d00
42bfb8c4
42f5da10
42e7a354
428a4b6c
43222475
42fafbf0
4211fdb3
434696c4
42c28178
420c2724
4276839e
4303ab80
42fdbff7
4257e074
423208cc
42cd43e2
4286ab44
429a3530
42c7dae5
42fe1952
424dede8
4326d1b8
4295787d
42813ec8
43273752
42c45f02
42b88860
421f6290
42f1fd80
42ca5d94
4309fdda
4300012c
41b49148
42d0e9e9
430611a0
41bcc828
42d2074c
42e44250
428364b8
4212eccc
42984ea1
42bb59f8
42bf3046
42b422b0
429dde9e
42262070
42e1288c
42a56b4c
4261c2e8
42a69bd0
42b5be45
42b66e88
42540848
42f9cd19
428ed240
42ea1860
42cfec80
42d6d888
42849da4
42bc6257
4236d210
421a4780
42d40160
42bc21ff
4292a675
4229e88c
43193eb1
425d3868
4296ba50
428e461a
431a85a8
42f10cba
428f22e8
42deab36
42fe1348
42d05170
42755612
42ea090c
4256ee94
42998f37
42777b24
42c5a02c
42eb2551
42bf6886
42b5c8fe
4254772c
42f6cfc2
429292e0
42c15d5c
42c3c89a
42fe422c
4316f4ce
42070998
42a61ef4
41f43c60
42492100
4340e388
42a993b4
42e247cb
42dc683e
42d1e8f0
429eb1f0
410acb60
41757854
4237f658
428f1e68
42c002f1
42ae3dc2
4226465c
429eec88
42897e76
42e0d0b8
42aabe12
42b7d838
422e28de
4284ece4
430af603
42bb5bea
42d3612c
42031778
42db06fb
4336760c
42cf26b6
41838940
42e94cf2
429734a4
43398246
42b08800
40ca9550
42e90d46
42b8e618
c034d8a0
42d3160f
42a05d80
42dfd46d
42c771b6
42da61c0
425f90d4
43113fe8
42bd0a20
41a848b0
41868f10
428486b0
4200aedc
41bc1ea6
421c6791
42b372db
42bf1b26
430a4d5d
42d94e14
42e3a09a
42a6de0c
42ce03c0
429581ba
42b23a36
43046c59
42a345c3
42a3f0dc
426efe46
42bc1ed8
42c313cc
420c8680
430d7697
429d700e
423c17ee
42d8684e
42a230bc
42eb76a8
42993dc5
42f5ad41
430165b0
43083b22
4238266e
42a3d8ee
42a7528e
426312c8
42be05ee
4241ab78
411636f8
4294ab28
4264b120
42ede48c
42c33c3e
4223a928
4271da16
4324e99b
42272ef6
432eec55
4264546e
42bce809
4248097d
4273118b
4240766c
409eec99
42b57ea3
42371fd6
42ebff20
42baa748
423c3988
41f50b98
427f4079
42d5bde6
430265f4
42c2ec80
41b83cb8
42554234
41785bc8
4273c728
426162e4
42a60dea
42e4a998
42a64b42
42bfe353
4273e1ec
42ee647a
42a0dac7
42021670
42cdd21e
4285f4f6
429e3008
c1ab8efa
4288b336
42b1f22e
40c5afa0
426dfcf8
41c0e40c
4299e792
42ed1bb2
42af7ec0
4234246c
421df794
4105177c
42a8ce76
41a79278
4275dc60
41b4ca5c
43061aa6
42c0626e
420c6b57
42ee0030
428d658d
42829e38
423de7d2
42bce2d2
4268d513
42bfe94a
42f01a54
42872094
42884033
422e1550
42d79356
4249c7fa
42825cb4
4294a494
42b68d2a
42a0dfa9
429cb9db
4327befd
41cd6104
42a797d1
429ca338
42b5ed3e
432d3584
420d0f3c
41f37f14
42855889
4151d0f0
428920e0
425da558
42ccd93a
4239d804
428ac27f
4210952c
40d63dca
42930116
433d808a
424d9400
42da8416
4291ab86
42884aa0
4259cc6c
428ab326
42a5fe2f
4239e7a8
42aca23c
424a0958
41a63010
41a73248
425f4197
428f11f8
427c44cc
42828fcc
4280ff70
42204810
42e8a42a
42a595c9
42c32d3a
428dd099
42a64d78
42f11c13
4225164d
4218dbc4
42b91a58
42761cf0
429c5884
42e0abc0
41f37bb8
42181600
428700c1
429f3258
42c4a9d2
4270ce70
42c0f7d2
42c58a10
4262fca6
42c50530
42c5f442
42959467
4204b708
429aebe1
4119ed7c
c1233dc3
42a82328
426abfab
42eb8563
42620534
429f3b94
4231a4ce
424bf805
42da11f5
42ae32dd
42530718
414522a0
423d55fc
40825310
41bcfae0
42a19dc1
41d4668c
429aa13c
42c193b0
424f1858
4225f540
42347f03
42681338
428d5b88
428265cc
42be1bed
42524048
422978d2
424bd77c
42708d2c
42297ac8
42bf41d8
427448a4
4182c75c
42b26794
4302927e
420db130
416800c0
428214df
42b4af60
425d5789
4248c120
426d0828
430acaf8
42a348f0
424adf1c
42be808e
42017fee
42e97572
42bdc11b
42680dbc
427dc51a
421bfb1b
42da6220
42c30387
4254110e
4293ebb6
42b04c2a
408a3f20
42ab666c
42397e1e
42a16da2
428b21e0
42cf3f9b
42f29f90
c1dd93b4
42a15b77
42a644ee
42b1b676
42c5d5be
426b7e84
426efe8b
42067fd6
41cc67d4
4263f747
42bcca17
42503ca2
42198654
425133a4
c0893074
42260520
42645c92
42e85904
429a67a0
42e45f26
429703e7
424d3268
427f30b8
42aaab35
42886856
4217509d
420cc381
41c4df51
4201beb2
41b20f64
428822fb
4112fc39
41d87087
42069a26
4148678e
428468d2
3fda6912
42a2bd6a
415d8ee6
41ebae10
40dffcf2
428c3971
c180af6e
4233e983
3fe39838
421fc2c1
421c67c0
41dfff04
41997013
40b11c64
3fd71c7c
42be3397
41f904dd
420c5a74
41ec51b5
418b4d44
42189f1b
429d6154
41a13417
424dc62d
40db1d8d
4222b7a0
423aeff2
c0dfdbb9
422e2199
42462b19
41a86f95
41b96cd9
c1a3537b
4047c944
41e1cffe
41a0df1f
4203a244
42684eee
c13d3850
41fa2095
40372793
41ff6e79
41408c52
41151b9f
41c0b235
41ff7930
420949ef
41370194
427a964d
425ff1e9
c06ab533
418e1b40
4081047c
41b364ed
c18edf24
42311ed9
4284c498
c039fb1c
3f69c4f0
40fec047
419fefca
411e6c32
41e0d1cf
4142a584
4186a872
41341ecb
428341ef
c134aadb
40a1c6a8
41647c50
42ac1997
4212be9d
417e8dd9
41dfb1d2
421078fd
4253a867
41f3a494
42767d2e
c09ae882
4101fb4e
4254bec0
41e1640a
422c5455
c0291c98
429b27ea
41fbc337
c1e3fcad
4229700d
412e36e6
4146f073
4140bcd9
426be735
4145854d
40088833
400daf5e
c1ba6b02
4211f616
41822414
41d117ae
c155465d
c15b8988
bf7e34b6
c10307ba
4229d182
41b8789c
4265be1a
40f88414
c1ad254f
41baaf28
4289e858
c19aad3a
426d761a
c0bb0be0
41b24e9c
41df4a3a
41a354b9
4210dcad
4252ed16
4231d424
bfa4d940
4288611c
41dda4fc
421e1a79
422a6959
42a95f42
41d30afc
42aa754d
421ac7fc
427a3c06
42077c4e
42ca1472
4239662f
42a7c99b
423bbbbc
42228209
41b04ec8
42911636
42539b90
42058368
4265d926
42653b76
4214c68a
be831000
42232ba4
427d3fc0
41973df8
4277b4d7
427601fe
428d0e00
42c812e8
41e5bcee
420c5920
40192c20
415844d8
4218bebc
422a6f7e
42a6e0d0
41451560
40a9bc20
42277bac
4280b0b4
4262760a
421d2cbc
4180ad52
42026d42
42349762
41d5e11c
420b6342
40a40744
421d2208
4288fe6d
41f0579c
422e0d66
4281f42a
4284fcf0
425d3ebf
42c62a9e
426c1408
41f0e01e
425dd456
42afda34
42ae53ce
c1d7a247
41fb854c
41037530
408e4a00
425f4732
c17060f6
420135c2
beb09e80
42c0ff75
4236d504
424e4e09
3fae0900
41dc6d20
42069132
424612ea
c0d89dba
4209c932
42678b28
42b5092e
42a8deea
41a83f02
416aee00
425a38a0
421f1858
42a46d69
c108e010
424076a8
4216b90c
42808088
425db1d4
41c22592
41d2bca3
41181500
41a2d3f0
42b195f6
414ad18c
be740500
4245f3c8
41dd58e0
418811ca
422bea13
40f07720
426b3ac3
4214daa4
41dd066c
414a1a7e
4273fd57
4258a284
4230ac82
41c5cb04
4280d58e
41e9f0d4
4009cd5c
c1b35caf
42b0fd5e
428c7149
425c6f40
42788668
41e94a70
428c36a2
41d90428
4276bef4
420dde48
42b61a7b
426c1217
42aa3798
42af6146
42fed288
423a3243
4293bbd2
42e3a875
421ec944
42403278
4304c3b8
41eebade
428f04fc
41b2630a
42b58fd5
42c709a5
42942b39
42bb7eef
42833f28
42b85e2e
42b70f0a
423090f2
42c45036
41fc9bc8
42d6d77a
42681395
42a9c49a
42e8133a
424b264a
426025fc
4297fece
4266b9e2
4302ae72
42381160
42914ade
42a2dc9a
428c5f7b
4298dc33
412da002
42eea488
41bb1338
42d28422
423b55cc
42bd62cd
42fafa5e
429ea311
42bc3744
432fdefe
4268cab2
40b16dd8
42aac98a
41e310a1
42bf9d58
426e5fa2
42bd914e
42be4a2a
42be67df
42eb3abe
419837ac
42a0ac70
42887382
426fbac5
42aa8524
42cbe1d5
42e290e5
bf7be900
428523a7
420bb2f6
41eba388
43294b27
427b12a9
42d39b30
43249247
426496f8
428787ca
41214b9c
41e1ad06
42614c5a
4217d8fc
426094c6
42379b7b
421cf1b6
42a5e0aa
41f9ba70
42da0b14
427e92b0
429e6adf
42982a70
419cf6d6
42d2bce7
42927a33
4221166d
422cfd90
4215c7d8
4317e89a
42cb15d0
423e3050
43060928
428dec93
431cefcc
4248d316
411deb2c
431853b0
41fb5029
41b24cd7
42864ea9
428ed034
432c55a6
4271675e
42b934ee
4255b1ac
42a8b174
42aa7f64
421cd228
4222c4d2
4241d107
41f61791
c1b32d4e
421f0822
4213d877
42c2569a
42f893e8
42e2a084
4297842e
429f6c2b
429e0b60
4259a65e
42e68911
430ba241
42f9f194
42db7488
42f9f067
42f1ad26
42dc3abe
424a8dfc
435d3e06
421bb5c0
42cb7cce
434800a0
4290414e
428feef4
4335551a
42bfb150
432e7f82
42f32128
4229d7be
430b25ea
42e3baba
42b05169
42e09d24
429e7b90
41c1d4d0
42fa7b60
42cca26c
43104738
429a5caa
42e32010
42bc93aa
437ecd7e
41c608ca
43354090
42304dc2
42aa893c
42d789b1
42b32ce8
42668300
428d0910
42cc18fa
42dd5fb7
42fc59e6
430bad4c
43190176
42b0df6c
42fa1f64
42e8e91e
430eb3f2
434ace94
4299bf78
4292069a
42234d03
42d47d9e
42ea7106
43077d06
433ca760
4298101c
42b3c9f9
42b7d88f
430fe9cd
433ec2f3
424ca2b3
42e92f9f
42e19db6
429f1400
4219a0e9
42921bb5
42dc14d0
42ebb204
42bd3534
42dec1d4
42b60330
43397d94
431aea62
42942e40
410100b0
4236661a
42e37e3b
42a90550
42a02c04
42ca5004
42f57d20
4305204b
4323f68e
42ddbb64
42f54142
42c027d0
429eda2b
4340d822
42886706
43209a28
430a9602
42cff1e9
42f4ab62
428dac1e
434ce9e9
41fdd47a
425a8d68
42c90bd9
428ad43c
42eaf653
429b79ad
4323ed8c
42b05136
42a554a4
43192b4a
430493dc
42e0eb1c
43302772
423396d8
42ee7a14
41d586b8
4301b18c
42a32368
4300f2ba
420ba1f1
4280dea2
42b25c6c
423348fc
42d1537f
4358a30a
4204b108
4318789f
42dbeafa
42ad9ab4
430e2b80
42214550
4297bf93
4233b3af
42dcd9c6
42c1c5a6
42d1c53e
42aad7aa
4274ad75
4290f4c6
42f3f6f9
421b9e54
42af53e1
430ab684
421f697a
42a3d6eb
4294acde
42a90eb4
427df632
42fdb7b1
422a22e3
429a3326
42affcd2
42974206
42981cce
42a68d9a
42a89d76
429e0984
427b966e
43357578
42855b6e
42fa4292
42b85131
42ea83b9
4266b0aa
42d6a1db
42236d7c
42915a9c
42948871
42fa050a
42810ccc
41187c78
42ffa635
42e097a5
42d39020
42a143e4
42b9a8f2
429af1c6
429d45e5
42dd6a28
42e4e033
43039760
4200c136
42c2a26e
4227615c
426c7ddb
424c2b92
4286eee2
42d82cfd
42a33234
4296f772
42550ffa
42b25ffa
42ea0ebf
425dd878
42803b24
42ad3158
42a2c472
42143619
4290ffdb
42aa7cb1
41e4e500
42e7c2d8
42b27235
42b827a7
42f7f1f6
42b02878
42642ee4
3f00db40
41d1c2aa
42c257a4
427e5bba
4261c96c
42b7f16b
42fab69a
42aa80ee
42a3d1be
42becc1e
42bec54c
42f54b40
42a337c8
42f67cac
42ac8d7f
4290da9d
42c273dc
428f78c5
42f9694c
42f7db00
43168f16
419173a4
428da595
42ae9f2f
42dce63a
4296fbbf
421dbef0
42e5b538
4293f7be
41f6e0b0
42a09a46
429b0cc2
4291e402
42f1fa55
42986429
4210d308
4239d99c
428e456f
420d262c
426b6ffa
42370014
426f3593
423f8585
4200bec8
426f7feb
42fcd914
41b825f0
42fd7c1e
428417f2
4251fc58
42d2fc59
4252090e
429523cc
4251f742
4289bd02
4147cfa0
429d9283
425d773b
4256fbca
428a8ede
42c3fe8a
423e07e1
42b697ae
4282d966
428320fc
4115418d
42b04b43
426895b8
42e57122
428e8bd6
429feb65
428e76ec
42cdca04
426d1780
428d8f5d
42c58b4e
42068114
4239d63e
424c0cdc
41ffa656
42cf2355
42475258
42cb691d
42ae7dd4
422b1582
429c96f4
4287af33
425da669
4081bea0
423a5618
bfdbabdc
4180d7c0
4273de9a
41d910a6
424d049d
425df1a5
428fdbcc
429c9e64
427927a3
41ec415e
42b5c0dc
420560a0
415fdbe0
4171649e
41cb6b30
4234a718
42bf826a
41e84990
42b8e02b
426bede6
42c3e0de
42888fbc
426a03e7
4282fd3c
41cd419d
4292343b
42bb9039
42b03bf0
40a46100
4243b980
420b854c
4159daa0
4298d412
41857cf0
4254a038
42acda8c
42a39672
425e3418
41f3e51c
42064630
429e0647
4251310b
42566618
41b7a578
42438742
425b70b8
428c8a05
42bcaebc
419519d4
425e197a
429fbe2a
419ee8d0
429099a2
416a7a50
42827e54
42bf2fea
421a8fe3
42a81e6f
4217e5dc
416f56f8
42c4743c
424fcb62
42c22b99
414ea8c0
41bce620
42aa189e
41c0b910
41eb6328
42b44b2f
42556bf8
42d5f89e
4256fa3c
421df2f6
421c0780
42b39078
42e1f6e0
427eadbc
4221a93c
426ffeb2
42328091
40093a1e
41cf4f1f
42c35d76
4238ee5e
42b21451
42994b77
4258a106
429a8ab9
4241f5b8
4273b758
4249d1ed
42c8695a
43121dbc
42af4e6e
432247a8
42c5fb74
4254f888
43059cde
4349c07a
40303980
4317202f
430e234d
42d104e8
4203475c
4344fa43
427889b0
432c342a
42d82b30
42863187
42b47a88
430043ea
43012ec6
42fb5cfb
42e31724
42937925
42a73564
42b2e4dc
42ca362c
42ccbf80
42ee82f4
42fa8844
433659b3
42897771
43225174
425be7a4
4265ba14
42b7e969
4299b765
4263b816
42baafe0
430a6c70
42820028
423312f0
42fc14da
4329e46b
4312cee7
42a52c54
42b24b7e
42d9c480
4345bdb8
42c07494
428d52c0
4278304c
42b05a22
431749c0
42ad3854
43205d74
42c60f96
42bc9be0
4299121a
43213dde
431ebdea
42ac0485
42da9fe1
432d4e1a
4311c0e8
4267286c
42d33cc2
42689818
42ee8d9c
43096850
42c55cc2
429f442f
42e4b080
4340de7b
42cde838
42346e1a
428cca1c
42b77db8
428339b2
42f14662
42dfebc7
429aba7e
42b3e244
4328fb3e
42dee092
42dc846d
42ff9e24
42e30abd
431c4b0f
42d245e6
42d0c766
43157052
42a924c7
43100d7e
42c5974a
431eba02
420e8a62
42a3c910
42d25b60
42f18e1c
42843596
41e246ec
42ffa112
42c2a11c
41a504ac
430d3654
4287b370
42aba94b
4338a7e0
429dc974
429fa593
430ce7b2
4305c9d2
4237c754
4285ba4c
4261a684
428f9150
4226eb85
415090f2
430ef4a5
430ad313
42fe3b02
430c36de
430c8702
430873bc
42ffcedc
42a7add8
4299462e
427a56e4
428e5f68
425e902a
4289ae94
42adf8e6
41e50350
41d5e0d8
4292c8fc
c07bbf40
4205c0b4
429b3cb8
424b6ad6
423aa6d8
41f51d02
428ccce8
42a461e3
427b195b
41eb2331
41905f00
42405e70
429d51d2
4199c338
42464fb8
4228538c
422e6a78
bfd31400
423b8c8a
4240394c
425893d8
41bada47
42ae4368
42248894
4292df03
c117d1c0
4213b27c
4239ec1a
41e28c3c
42747b96
41301f0e
42e12d1a
c0936ac0
424de5f0
422ca9a0
424722f8
423a4298
42239ab8
4230074a
42b047a6
42763ba8
c14df87e
4255b888
40a26a30
425436fc
4271dd0e
421f891c
424a8f79
428d0f8e
427e18f4
411f3ed0
42ac7d18
423fce2c
414e8733
423a62b3
42a82bd4
42819d50
c1605c78
422fb70c
40ca1ec0
418d5400
42a810c8
42027962
42b7ff05
427c8170
42680c00
424445d0
420d6b8c
c12562fc
41d896b8
41b18800
4248f226
41923816
bf95de80
427dfcb0
41fe1f18
42b1599c
428f0094
42961ef8
41d779fe
41a40e30
42ad2a34
4239139b
4202c828
41d7b7a8
4246ccd2
42a97863
429c59c3
420a2d3c
425155ff
4298719e
42d7610e
41fcc680
41b848ec
42c0fa34
4224553e
412a3490
425cddaa
41b69100
42900a33
421db5d0
42843c4e
41b22420
4282d546
4218d392
4187a67c
400f19c0
41489240
420d22a0
c14f1859
41b7ee7e
41275198
42a47d0a
42c112f5
428c81ac
4230aa6d
41e57d10
428da7e0
425c18b8
42958bff
42ab12fe
42ad81a9
42f0d61f
425e4958
42eaf056
428051ea
4221254f
42e62346
4211fe78
41bcccb0
42c1de9e
428ac9c3
42cec970
428168b2
42aed200
428dbbe6
42db1e6c
c0bfebc8
426fdb50
420f8c34
424fe178
42b0bfc0
4229d138
c0b5b360
42792afc
41f47888
42b81ffa
4245e367
429c88e8
4209b46e
43071398
41e970ad
43001d78
420a5db2
4296d5b1
42c936ba
420b5be4
427d2a89
419b5f6b
42b2295f
425204de
42cd5530
42861653
4248f148
42269180
423e1b8c
42dcfb43
42ee78f0
42ef89d8
41b70f07
42a1e8ea
41bd9848
424bad6b
422cd2b4
42cf20c0
42af305e
428d0e0a
427ed6d8
41e8e8f4
42eb5de4
42560cc4
4224899e
42cda87c
421d662c
427015cf
41855fa4
428a899c
4290c070
42a6a828
42b7b0ae
42a3a239
4271f680
42dcaa7a
42afae2a
42052a10
416e8b30
4210865a
42a4abcb
41ba2090
424e6e7d
42892be4
42c5ef88
42ac4172
4192b3c6
42611e38
42a5b866
42e6b57c
4166dfcc
42b98e3e
4202423c
430dcee2
4301c2c7
420a1ae0
427dba2f
421d1e07
43127543
4225e482
42721352
42abb81d
428bee8c
42edd1d8
42ac17ea
431f622e
4214756a
423ab326
42a909df
42863a22
4301a810
4273cf42
4293188a
4280d2fa
41a0fb10
41c10dd0
419f9bac
428a7a9b
c0d07d50
425e2385
41eae58d
42261de0
41939a80
431d1ebd
42afebcc
42c9715a
4299538d
4264ddfc
42b048bc
4236e7c2
42d941da
426f452c
434413aa
42d58d67
42ba80f8
42813518
42a4deeb
4303aa34
43047efa
42850400
430e311e
42bc8ab8
4310ad56
42c37374
430a3268
429e7f76
42e4bace
436dec1d
41e13630
42984b48
431e68f4
42aba548
432e1307
42f2f640
42db4092
4248aeb0
42dcb9b8
434685ae
429d8394
4315b816
4332d4b9
432d95bc
42721075
42c63454
42b77767
42a4cbe6
428a87c1
430be877
42153e38
418467e4
42dd4620
42d39b29
42d86108
42f63c90
42ca9770
42470fa0
423a9c1e
430eb938
42eefcf0
431f5608
42c5c888
42ad1018
4219bf40
414b6fa0
42acb0be
423d1b30
431f160a
42da47ca
423ee4bc
42b19961
42efff00
42dc5f78
4285e530
4284c4b8
4306cd86
42f16e98
429a3204
42fa6000
42dec6b0
429a4d18
42e2c9b0
42cc8174
42884487
42d44b98
432a8fee
4220a140
41e9f208
4297b563
42f79f80
42567f48
42f87680
42f633cc
434f519c
42b0f670
4295ce58
42ba23a8
42d96dfb
43218cb8
42a8b674
43226468
42b70602
42fb1a62
43613740
42ffed2a
431ec176
42c35e2e
43167a62
c0c71940
42bce306
43056e51
4303ae4e
42bacbc0
42df96bf
431ce35c
429b5154
42768140
43153e64
42d65580
42aece22
42d7c748
42e998d4
4226b9b0
42cc03d1
42a07487
424969b4
429b82da
4259408c
42db6a30
426fdb2d
41f21d98
430ea583
43263291
42d76ec8
430c9bf8
430a1b37
42bb0160
42ee54e0
42f43338
42a0f6d8
42a8817b
42a25a2e
42b57236
42885308
4307882a
42a515c4
4290e32e
431888d7
427744e6
42a72208
42b84bbe
42c1fd86
42cd3412
42a6a552
42df8e1b
4299f220
4304bb3b
429f6dc4
42bdde07
42dd723c
421bf2d2
42b5450c
42f0496e
4241d9a6
42d32cce
41c7fee9
427631d2
4306bd63
428b7582
42a20c64
42bde24c
42a98a3e
43178969
42445ba8
42c5a997
4273e3aa
41985664
42888dbe
4221359c
42bd1f0d
427ad137
42d8c516
42829799
4281d5d8
42fd18f3
4250faf7
42bcf509
433231b7
427be4d0
4191537c
42bebff6
41ff3baa
42612e5c
42809db4
43072348
429600e8
42b69982
43054beb
429291fb
42d815ef
423bc09a
418c260f
43227968
4282b96c
42ef19f9
c0ce093a
429f7fc9
42160524
424943e2
432486ab
427431dd
42ab66df
431c12fa
42b18a08
426a6c6c
4222b592
422294e0
42938932
428291e6
425561c3
42280e1a
42bc174a
42ad4186
42854178
42d91661
425b1200
42c91d02
4254728c
425d531c
42c31d07
42c82a4e
42c8cfab
42bb81af
42b5662f
43035ca5
42bc69ea
42661662
42ecb633
42a2c4d4
43251cb5
42b9ed74
426d3500
4336fab5
4264f870
42a3cf7e
42b1d94a
42b5a52c
434f3b79
428d1b50
42be3d2e
42452ee4
428119be
42a34182
428c5bee
42948478
41f793f4
4297284b
40442f36
427077d6
425c80a0
42fd0217
430e30f5
42ef802a
426fc7f2
42f29a61
42a1afd2
42bb386e
4310434c
bfd19090
4292171b
42324294
423d4b16
42041000
4242430a
40618540
424c579e
426dc162
4236c870
4278b2fc
428dd403
41bb4ed1
42bdd0f2
429703f2
4280d520
41fd2040
c11b7afa
42adac18
42175270
41ff2770
c0088a00
428ce1e4
c14087b8
4115d9e0
419bf530
425368a0
41c43fde
429663a4
42a6a669
42ac498a
41b4f4ac
4217eaf4
429a41ad
41ef4938
421d2da6
4227fac7
41ae70ca
3f8bf1c4
424cbb9c
42ae42bb
428f0370
41daef90
42e528f0
41984ad8
4291ce15
426aed93
4206f010
42298df0
c0f5a36c
427b6750
c0e0dc30
4257cd1d
42c9bd5c
42907918
42a51e42
4238f2f0
4227ca82
4282e819
428ebc7e
422d09f0
4234a7be
42a8e13e
42544278
42098e8d
40e84690
41a6b890
420cf1a8
425266e0
42a1e5d8
424dfd36
421c010f
4245faac
42ca9cb0
4215adc0
c12dcca0
4130b640
42809627
42953160
41e662f0
421c122f
425e81d4
427efc3c
42d80c38
4298295d
4251bacc
42791350
be4c5900
42444168
42618c5a
424799f4
429d9cf0
428b227c
41c96a30
4269b3e6
4296f191
c13b4490
4092b1a0
41957d04
424537e8
42be44cc
4258b176
42991cae
c16bedc0
425b8896
42bfaeea
42937862
41e06973
428979e1
423f8048
4295182e
409b09a0
42542564
42b6e7c9
41f61278
418df998
416bbd8c
41982ed1
4237fde7
42468b52
42a54556
42016146
42918242
4201913f
42266e9c
4290937c
41cefb30
42539930
41fc4378
41fdc96c
419150a0
41e0bb15
421b5468
4237bf03
409f55e0
426298be
c146a5ae
4164543c
422fbcc3
4182ddb2
41e6682e
42093e4a
4189404d
40e6ebd0
422ff4a0
41bce5ee
41c75164
4172a150
3f54b500
41e68279
4157c3e7
41e7f725
4215a130
408d9840
41a1094a
41d6cca0
42152a32
3f5e66e0
42245664
415aa7f1
4251209e
c18e581f
415f1b9d
4167c463
3fff3110
419a42b0
42166809
4156cff0
42069dde
41871050
4233e900
40d30424
4204be0f
414c5b4a
41918fcc
42083ce5
42630784
41966684
416297e6
41c6a4de
41c3b5bd
c0c01fb0
421930b8
41463b1c
c04f4410
419b1ed9
4181cbee
41c4349a
424c7397
c147a333
4246d5da
c052f5a0
41680384
41463774
420af82f
41b9f5a8
41ae9970
415a4dee
41f122f0
41828754
421321e6
4188b208
41bc14c8
41161bee
409e54b8
4125727e
417f0ebf
40126120
41e09386
41d4c641
41bbd546
41edfec2
41b5d212
41ad208e
41ed97ed
40173af0
42743fc6
c07e29c8
41f637f4
41f30834
41ebf1b5
428565f2
41937b79
4247500e
41bddcda
c0da6f04
41ef2b6d
4128e7d8
41948137
4124d3f9
4212deec
427a305e
41abb27c
417201df
41968c30
420ce42b
424978c0
c058b188
c061d298
400eb4c0
42052c12
bf855c94
41fd2a8a
bf29e840
424196dd
41d05c9a
41419f5d
40d54f80
4233a92f
4081b424
420f7727
418ee796
412ee13a
42020af0
41ae33be
414cd80d
42d62eb6
43143fec
42dbfcb6
42caf61f
430b5fd2
4305c568
41cbea70
432e4258
42190720
42bca8e8
432b8bf4
42e9b70e
42a915da
43105e63
42ec43f4
43091406
43093802
41c96e3a
43130431
42cbd133
42d1cf2c
4280f050
42ebd560
41c0e338
42ca7bd0
42368a33
429edf7e
42bf5745
42e4e946
42bcd56b
432b0b12
428f09fb
43135d04
42283cda
428d8728
42a95220
421d2516
42c8640e
424ff55e
4300c829
42a831f0
42e379b2
429e7758
4311a4a9
42b6d714
42b817c7
42d970a0
43183686
43153218
420e679d
42c203fd
41259d70
42f64393
430193bf
431ed259
431380f0
42ac8be8
42d78555
42b361ff
43240d64
42ff85c5
421183b5
4315aa0c
42c312ed
42e0f3dd
410e32d0
42c65a99
428c1102
42fc0834
43217d9d
42e12fc6
42d34bd7
43141b37
4328b5b4
42b988b2
41c64b54
41ef47c0
42b7fe06
428e7634
4277fee0
42a37307
42b35c64
4310c2de
430b47d6
43042b8e
42f88d07
42f3f270
41acc49c
4300cd79
42def3a8
430f48fb
431480f6
42cb2246
42c536e0
42ef3748
433bf57e
423c3095
4220d20c
42da8df7
4307f035
42df3d85
42b0295c
433e7b91
42965cf5
4288ea16
4312dc4a
42d352cf
43127f97
42fa7aba
42e2fadd
429bf742
4289c74e
42c62c02
42abaf46
429af81c
41c40dd4
42b7f58b
4196c46e
4261007a
42a333f4
4339bb66
43103a78
431d4e61
42d16c60
42ae64d4
43210a72
42bcbe54
430e099f
4286a5bc
43273eaa
426a1dc6
42afca70
4281acaa
42c1c8a8
42d892e1
430a404a
41ac4058
43215e53
42d19854
42ee9ab3
42168cb6
42d88466
42626a04
42e131ca
433bd112
42a908ea
42abdbf2
432c3ed1
42baa4c5
42fd8e4c
42ed785a
42d30a24
428798be
42e44eda
42d05a3d
42f50ed2
42d3341e
43371167
42e65fa9
42b437c9
42a8898a
4229bce9
429023ce
4224b7d4
42c43f47
41bcf15e
4239d1e4
42f56efe
42432703
425b39fc
4294e01e
42dedc29
42a6cbba
4206e7ba
4295faee
42e81c6f
42d24f6b
42ad4027
41e90e80
4222d50d
420242d8
42ab0bc0
41d6f9ea
43138b57
42be672a
427d3a80
427c006c
42b822f4
42f4bbff
4212e121
42762624
42d55532
42f884d6
4297eb3d
42c6a555
42ad1820
42b79a76
4308377a
42c4b5cd
428c8930
42fdbfe0
43186fc3
428d7bb8
415000bc
429ba7e0
42c8e192
42934214
42a79600
42d04c36
42f4d11a
428f8006
428dfbea
42d498ab
42992d88
42c85432
42ca51ce
42edc08a
42c818ae
42ab8aad
4328352d
42de903c
42e8258e
43086910
42ee93e2
410de36a
42d904c2
42d2e180
43087196
41b49105
42847c27
42d09404
42a18bdd
4217aaa1
42e7486b
42940ca0
42dbc3a4
42d24e60
42d4149a
bfa803d0
431bf94f
42deb9cf
416ca490
428d751c
429044dc
42e38000
41b0bf06
4227ff63
431771dd
42b5051a
430ce16b
430145f1
43025072
429b78d2
42f19190
43031eaa
424e4d24
42837d5c
42723c5f
429dbf64
4245282f
428c342c
42360c02
42deb444
42f6dbd6
41d4ed30
42a7afd0
42addfec
4283a264
42c6b989
42b24d98
421d23e8
42119d63
42d4be34
427d3f34
42a36046
42bb30f0
42267f46
42cd41b3
42f7aa74
425521eb
4293d57e
427e920a
42a2cbbe
42f6e8b3
427b6240
42c8d89f
42593b1c
42a51ba6
4311e3a7
4218ccd5
42d5ea00
429cedf7
421e49a2
4246b3fb
4288d160
42864708
42a49a5b
4267ecae
42808ffd
4273b024
43113b74
4212c004
42810bcf
4307c114
42aff4a7
42072ec2
4294dc46
42276e70
41ae3baa
428d15ec
429d8db2
426b1910
42c0abed
428cdc9a
41678390
42898bb2
42a3a824
41833a31
42d6f890
4278c81a
428df6d2
424b896e
42773a51
4245a098
42ce1dea
430af81f
42bd4aca
42122ec0
431d8cd8
42be0f48
420cf43c
4144a1a8
42d8dd48
42a178df
428ce6f5
424b3b62
42a5c967
42d3b1ec
41d49cb0
42c345db
42479ef8
427306c5
42e2bd64
42f10e07
42d117d0
420f8881
42b78686
42a0ff40
42ae25e3
42c3ef90
42a4b0bd
42f36992
4239ac54
42b29eea
4289d716
42a71388
42883708
420265f6
43050916
41cb88a3
42a3c95b
424a6161
4236ad48
42e93e7b
4307387a
42a8321d
420aca28
420798cc
42518cf4
42000b02
42b9740c
40cb39a0
42930312
40b38b1b
4261fb90
422a87fa
42bd9b82
42948d80
42ebef56
42398d27
4308d6b7
42990552
42720440
42b5d1ce
429646fa
42b80630
42720e20
42d76673
4248b4fc
428d289c
42a6df4a
432e3454
3fc140c0
43058649
42f4474e
42952aca
424caddf
43354cc3
4242d378
42c02e08
42b54bf6
42766e93
42a1d1b0
42c66ead
42bfe300
42a3a109
42c200fb
429ccc69
42cf9057
4289f198
42bb9262
42ca9808
42a92535
42913d28
42ea6dc7
42b67292
4322d820
4218285e
423d1d65
42491225
42830fcf
427ccab4
429c9893
42f8e538
42b609a6
426de500
42af1ae4
430db2aa
4304e880
42842f05
42c436c9
429270ce
432ca13c
42a8eb76
427e2500
423be7aa
42aa6cc6
42b4da5f
42b3230f
42c93581
428c5fbf
42a07158
429a5fbb
42d8f4a7
431e7000
42ab1fcc
42bbfebe
42e4968c
42d0fce1
42436869
429872f2
42671876
42a3ec7e
42e68f1f
42b18fac
4201d69e
42b2b370
432a57ba
42c3ee15
41e7b08a
4250604c
428be962
42764970
424ba54a
42c06cfb
42df5252
42d331cc
4328cd30
42c7f170
428d9ea2
42c1cceb
42ebb2c3
43251b06
42b89288
422be042
42ca7f0c
4284c221
43139e52
42bca154
430ff63c
421a7071
41ea6938
4240ac38
42ac3570
42363863
41f88570
42a559dc
42a88ec9
42052168
42945601
428e5b43
42881ab0
432e5744
4219e19f
41f2d402
42780aa7
42c76c1f
42830f83
4288fb87
427637fc
427a9798
4216c4d9
c0d86b38
42d06092
4301d47e
422ebd6a
430a26d4
42c3b72b
42b34cf3
42d0315d
42966c72
4274f37d
4293c04e
42464300
42470510
42a01283
427f9038
420d762b
42fdc037
4313f958
42026da2
42c8901d
4250073c
42859c96
429026c0
43234c1b
40880ce0
427e2e04
42a08699
422cf9f9
421bc46c
42b80ef2
40895140
430f7e11
429dac66
425e562c
429230c8
4241411e
42a006d2
4290309f
42590400
42caf6d3
42cc641c
425251d4
43214122
425a1fa4
429f145c
42b01e32
4137e1e0
41d1fdf3
42f61866
41b0f80c
4293d79e
40d7fb00
42d0b390
428e69f2
4300da78
4236ac9a
422d6304
42a2a7fc
42e90330
42cdf23d
4287274c
4269c657
410dd708
4250e9b8
42b07dce
4286b7c5
428c301e
4248aba4
42517f28
42e636bf
42af91f5
4220e57a
42e42e93
428f4136
42b97adf
422ca92a
426e8924
424557f4
42f15b2a
42a27bc0
42542099
c1552de0
42973f52
42ea3ce8
4135d390
41ffc5e4
42cf57b0
42808c54
427b00e0
42aab18c
428b69f5
42c67364
41e8f588
42e940c4
40f67eb0
41b9ca9c
42535140
42ae26b2
4301a0ed
40461678
42d808e4
42f7bf60
42803ab5
42f1c7fb
418806bc
42a51a9e
41eec59c
4236425e
42252de8
42390798
42baf4ed
415d6620
42c644a8
42765c74
4257c2de
429b88e4
41e84358
42b71440
42efde46
4226fdd6
42730a3e
4236161a
427f62f5
41b02cba
42cc778f
4207872a
4246a658
426d7e50
418d2244
42d6ae60
42d6e58e
425fd66d
42a92632
426c67ca
431f4d94
42209b64
421261e0
4231955e
427512b1
42b39531
3f918920
42e35052
42893765
4305ca54
41df3862
42d4a19e
417872b8
42990bb6
4312c5e2
418c3427
4230416a
42f62ec0
4172f925
428ffa4a
42bb0b39
420b2cdf
42ad32f6
42838466
4280e7f4
4291a612
42b818ca
428ef390
42927872
41bb999b
42c2ce41
42636915
42d96138
429d0e6a
42ca0d7b
421a2841
42d2fca0
41d40eec
4235c6d1
4186da28
426a761c
423b2a30
4280526e
423f47bc
42c086f2
41fb6ade
42b3d358
426718e0
429110c1
42cdd5ba
410724cc
428dc631
42f77e4a
4202667c
4211afe1
4206b094
42bbd999
4264424c
4250b73c
42a5a28a
41a1305f
428daff6
4290b0c0
42b0c646
432a720a
c0460929
42758447
42746e4e
4273ce02
413d7d12
429e9274
42ac65ba
42734f38
41fc6bd6
424c293e
420b25a8
4258b6b4
42ad4c6d
42521519
4194f83a
41fe08fc
42c0b733
424d5561
41c50430
4267802e
42965b79
42c66148
42f12ffc
426b4630
4220832e
428f1d24
4262a50a
42ecc0ed
4189ca21
41c8b74f
429e6646
42dc705e
42e552a2
426b8c5a
430307ec
41c45f7d
c1babf04
4298f1dc
420847d7
419e93b5
40d31f4e
42991d77
42da42c5
c0687a0c
42b20469
412b1d98
42311c77
42d9cce2
42023a33
40328e2c
42230b60
42dffb31
420f154e
4277a19a
42652da0
42bb26fd
4239c0f4
413eb6ba
42b09528
42aae083
41266f57
42e0b9fe
41dee22a
421b5b72
42c41fd6
420aa4b2
41fed30f
41323040
434809b3
42d44c4e
42d36f00
4292fb44
42b5591e
43156454
42d726b0
42648210
42f263db
42a9a29e
43083c62
42ac11af
42de5a7d
429fc335
4272a8d0
436375b8
426b6906
42a1273c
42f22890
42a77320
432555ba
430f319e
42d5192d
4224d1ea
42cde166
4326f223
42df4be5
43397a90
431de2e3
42d1d9a8
428676e1
42adf2ce
42eff0f6
4276b357
4252d410
431269f8
41d74116
3f28b010
42d39a5c
430408de
42e741fc
42df8c32
42bb3e7a
42b3830d
421a8a8d
43219552
42edbd2a
431bb25e
42968ab2
42ae1920
42940131
421200b0
427c3baa
424575b2
42fdbf0a
4296f913
428bb914
42a64524
429b7954
42bc4c54
42bf222a
42d6418d
42d013f2
4300ef12
42d1908f
4323722e
42e1f63c
4262089f
430cac88
42fdec19
424d6b10
42cc16fc
43153971
42987494
418a3764
42a6bc06
43067539
422fccc6
42b4c59a
431d03e1
43524f32
429c2412
422a2be7
42c23bd9
42a05ac3
435b0048
429b81a5
430e9d41
4289131a
42a37a64
4365a61c
43070493
432b5170
43016c90
4317d0f0
408de110
42e9a080
42fbe83f
4302f811
42a3e51c
42c6ecc8
4318a30a
42c45d28
41eb70bc
43019378
42cc6bee
42dd7098
42f827d1
42d765b4
410d91a8
42fb1cd5
42d57d5c
42234dde
42418a32
425b775a
430a3d3e
421836c5
421ec08e
42e6eb08
42dd2f89
4301038e
4315b99f
431644f1
429a36f4
42edfd4c
4303798f
42b80e7a
42dc722d
42c6ced8
42ccb137
42d05556
43083b17
42a228d9
42f5dd06
433d5b12
422b7042
42e40362
42f7aeec
42db7e6a
42bd7fd4
42f61cdd
42d47b1c
42f06ccc
42ff1fc0
42d76093
42df153c
42f1fc2c
42c404b9
42ef95e1
43152ec8
421ea5c0
42d69d98
42878ff6
425fb378
4339bfe7
42a246fa
42d38184
42dd8ad8
42d926fb
434a05b0
428c6a76
42ea0e48
429ec652
4221c930
427ca871
426a9de8
430bca53
42656240
42c9cc44
429cdc33
42d35360
43322671
42832fcc
42d0cd6f
433bda9f
42e01d1e
41d4e50a
429d0ac0
4261f028
42a49ace
42ec3650
42e95d66
42db3d8c
42ee6a18
431b0516
42629620
42fbed17
42bc6463
42689815
432cbc31
42d6c65a
430d2c66
41f15c40
42c830b5
4267519c
42b57162
43401a78
42bcb840
42a43f7c
433b3434
430f7a43
42c8b57a
422b9bbc
42af8a72
42e41b14
428d1e72
42890853
42a5d4ab
42ce2dd8
42b4a12a
42bea45e
4302f836
4289e142
4315330a
42fe3b7b
42a9c214
42c521ac
42bffada
42f73db8
42c79518
42bfc330
4308a90e
430df808
42973f34
431a87d5
42bd7964
43205e9f
42998a72
42615f00
43405b5c
42387eff
4286d18c
42c4fb22
429e2e92
435e6784
4303576d
42c5ed88
425f388c
42de0cbe
42ea28ff
42724364
42b14ae4
423065bc
42b894f0
c1445f74
4260fbde
42a45f84
4300ccea
432c9f03
431e2d6c
42ce4494
4316fa49
42d37162
42d6677e
4312a2bc
41cc0ef2
430eb753
42bd058f
42a54b98
42745a30
424bad92
42c36ec8
42b28992
4232deb0
428af936
42a9d5d0
42bb3cba
424326a9
428dcd5c
42ae5078
42b5ce4a
4318b536
4232f228
42ca9897
42954a10
42c58927
42e296ad
42edcbb0
42116614
41b856e0
42a9961b
42c81e82
42c3b2f2
43053ea0
429f1534
42d7d536
41a73de0
426a9d16
42beeb7a
4239988c
4185d920
42e68c05
415c941d
c2434e9d
429c61dc
42b1a193
42f9872e
42aff4a1
427294a0
428603a4
42232b3e
43029014
42e39310
42f75e02
411c7df6
42403ec8
4235c206
423ab372
42c8a9b2
420c5a34
42e13415
42441fec
42ac5f06
428aca7e
420e2196
4284524d
426cae54
42965702
42d1620e
429c5aee
426b7286
42ef8d98
428e90da
4033d1a0
42a93df8
42ae919f
42997324
42ea798c
42bbdb6a
429d25da
41e4ce50
4225c97a
42e5b01b
4108ac68
42811a71
42ccd8cc
430bb5ad
4279f0e6
422b88b4
42c78df2
42af89c9
43475d98
429753af
42a22d64
42878582
42355854
43011770
42f245a2
42bc9f58
42a730e7
42f0729f
415b11d0
42f0c0c0
42ee0161
42c091d8
4217ed3c
42aa3ef8
430b2194
423e7035
420264b0
42d8e6d6
42cd1e98
42abdf46
42ce9e8e
4282396b
4227a214
42922e73
42c49af7
428e6295
41bddae8
414c5be0
42b21e3f
41241bb0
41e78dcb
424c6656
42a7ed4d
42b53af9
42dafef9
42d6c8cc
4258434b
42bb6e56
42a4bdac
42c5c578
4226f616
42a4944a
423dc870
42403a35
4258d998
42a96d17
42702d7e
42bd56f9
42a67bda
42a8b1d8
42439df0
42c7cb14
42c20aa5
4256d7c8
42f000c6
4224fd38
42ea3956
42b5be7f
424a7464
42c6c8c0
40f88400
423cba00
427a3de0
4277906d
42397f5c
4245b7e2
42dc7cae
42f8b6fe
424eec70
43060e74
425335e8
42d31a31
430956f9
4296250c
42ac6431
4225b5f4
428b56c8
41c98166
41d649a6
42e5daf5
428fb1c4
42911fc4
422c4acc
42a93cc0
425d7c92
420cf580
42b31702
42a09431
41974840
41c446d8
4281d504
420baa66
41ecda3e
41958594
425c09ac
428c93f0
42bfa75a
429660a9
4234e9e4
42b6489e
422675f8
42762da9
43034bda
41ce3494
42c5a32c
4156aea8
42525864
42953cf8
3d8c6000
4303bb5a
42065e28
423641f8
429eb285
42b9b5f0
42550248
3f402700
41c3091a
4280dff0
42abcc78
42136a82
421bc338
43022e80
423ebb94
41e74fcc
4305050a
41a37f7e
421b2cd0
423957eb
428aba84
428d863d
422266ae
43027442
425a3f48
42aade3b
42f59372
4254b9f2
41e9c644
42866fce
410c2f00
42f579fc
42a78d60
422ffa2b
42cbd0ee
415c74c8
42a40a5c
42105cd3
428aae5c
4323d7d2
420ef3c0
422bccec
4103f2c8
4277a42a
4285f069
41cfc0f0
42a7e3ba
42b22a0a
429ddcde
41a3f1b2
41fdcd41
42cb3ea5
42de695d
42721260
42d2754e
427b93eb
42888d4d
420aa650
42cfc5a9
42171d90
433e014f
4307a6aa
42bc2310
42d6baf6
42e8a480
42c21177
4285acd0
4346d85a
413efa38
429a1cb8
431ad6ca
42ee6bde
42df411a
43206509
42c899a0
434ea396
431ca593
427cbe1a
41d7f3f0
42f987cc
42e20fbe
42f87270
425d2578
42704f08
42ea3668
42b2a258
430972eb
42b2ddab
42a1b0ac
42884188
438c873d
4224a200
435bbb99
419042d4
42af5598
42df8598
42a7f3aa
426dbc2d
42973ca7
431a2321
41bb8b1c
42f36f10
432314f2
42f1adb4
42647720
42c2112f
42fb1df4
430bff8f
434194aa
429994d8
425b3e88
41f46018
42a90ec3
42af2766
429178de
431c5131
42f1ffc8
42809b69
42123fa1
431e72b6
4332f414
4281acd6
42a776f0
431a6664
42ae1000
42039560
42a00108
42bab432
42b9a208
429b97fc
42a079eb
42aeaf8e
430c765e
432a36cf
4284b328
4237efae
4211bb50
4296b854
4257a58c
42e0dc5c
4297a9d0
42da9202
430df94c
42abbeac
430d08ee
42dded4e
42c3a2ac
42baa4f1
4325da34
429fb0dd
4311a24c
4310b828
4290d4d6
430466ec
42809902
43390d5c
423eb042
42878bb4
42e33a84
42bdc6d4
42c21262
42c73d38
4332148b
42a1533e
42a489b3
4300abd8
42cc6b7d
430b3ac6
42ea82ce
4220af50
429b261b
426a4658
42d07b9b
423e7854
42d79013
424165c6
42a16c17
4273c216
41c42dac
42b61617
437d8b78
42b1a890
431a4808
430c64ef
4255033c
42ed58ca
42b61e62
426058b8
41c5cbe6
430a5d1f
42be74ed
420ce486
42415020
42d17067
428ce224
42e769a2
422460e3
42df8610
42826929
42d747fe
42ab73c6
42be47d4
4281fede
417a7c5a
4350e4d7
41984235
42ce3732
42bb7652
4243b2b6
430a2414
42bfa104
42916eed
4278570e
428f1275
42da1a46
42b9644b
42e5c824
42af56b9
428e994f
42961fdd
4299f387
425e86d0
4266ce6e
410df530
42972d26
421824d6
c0bd373a
4293e762
42ddf432
42d21a2c
426c09b3
420b8976
42531fc7
c0bcf317
4309999f
42bcb09c
430632dc
42901b04
4256c69e
421fa613
417e4177
41b8ea9d
42939db4
42a90978
42130083
42785cf4
42bdaea6
42614430
428f5ea2
421f6f8a
42af63a8
41cd377c
42a80e2e
428544e4
42ebdced
42c308bb
4242a046
42b44b6a
42cc2712
41be9444
42b75a88
42eef4fe
4269fe9e
41aad190
425e38dc
42d47800
418b8eb1
41d22470
42e04554
43518f79
42aec7df
4221181d
427199a5
4280d7e6
431ad61c
42569748
4312aee9
42649f2f
4291e22a
43357ae5
42c926a3
430c6c9a
42974e5c
43023eab
41a2e690
427c0270
42b8f874
42b1c3df
4251ba57
42e43dfd
42e71094
42acdfd7
423e1fd0
429633fd
42c5b08e
42d1dda4
42b61f2b
42977f52
c192fccb
4244663a
42448504
422e9550
4280d3ee
41c7a420
42f0242e
4212e685
418056cb
429c71dc
42d99b24
42940506
42eb0fe8
42ca0fc3
42488bb8
42c56a99
42e4cf90
42c7494f
4317db11
430312d0
42c48fa7
42de1bc5
43334f42
43187240
42f1e5c5
435946c2
4293b392
42e3a8d6
432905e6
4302c970
4313b368
43072752
4300fb8f
430d5dd8
43492a87
430ca4f5
43024e5f
4328451c
4290623b
4321927c
433a1e8a
428e0304
430d93c8
429eec6a
42d29b40
43595e7a
42ec52dd
431cd0ad
43321340
42d4b0df
43742014
429530b8
432c18ba
42c04651
427c918a
42622ef2
42a37b94
42ffea32
42bdab0f
4313a2d4
43044617
42af508a
43324d1e
42dd050a
42c84eb8
437fd406
42db7082
41874364
42b0c58b
427ab7d0
42a7bcb4
42d9a456
43009f56
43052d50
430c445c
432af987
42857a23
43055c3a
431077e0
4112bc5a
43508920
42cb3874
4302face
42039be0
42e2152e
42d23e3d
42d88913
43415250
42da2ce5
42d010e6
43800da1
43090c52
429e9c0b
4218ba62
42d98496
431b1a2e
42f16eb4
429b61fd
42aef6f0
431259d7
42e7198f
42c2db34
431c0170
428b5618
4322f9c2
430a274f
42df0f1c
429902a2
430c5f78
43188481
43325120
4303d61e
43224db6
4333ad0d
429e2030
432e439b
4306f4bf
432ba14e
42e2e17e
42b4efb9
4380f0e2
429725b2
42fcfe90
430c0cd0
42d489f4
438d6fb1
430bcca4
42db48c1
4272fdc1
42b87524
431f62cf
429aceca
43123669
4250f077
43112d69
4191abdb
42def567
42b95887
433860e8
432a3c90
43477848
42b3c659
431a2265
4304089a
42f88ac2
43141be6
414501f0
42d3df49
4253df80
428fb58e
428bab07
421a9663
42c0de54
42481578
42025170
42260502
426385e9
426eac4e
421a48e1
4238bc02
41fd56fe
423df93c
42dc21f4
4252dc44
41d89980
4298934b
41e55ab6
42bae858
42af543c
426c11ff
4207233c
42734675
42b6c0e0
42490994
42df573e
42bda8a8
42989f41
4008f50c
4213b386
428cc66f
4202de00
426b407a
42a79d19
40b0a8c0
41934a63
41cce880
4283fba1
4284b370
42ac29f3
426866f7
4283ca64
423fb638
42936f0b
42c1dbf0
4285e3aa
4223a5e7
426932dc
4243dbf4
41c391a0
41ea2b56
420b62cf
429859b4
4221acf0
42025b10
41eeb922
41f65c5e
424ebf2e
422966f2
427908ee
429148de
428a9d4b
4278d62c
42b1fb0d
424dcf90
42399788
42aea312
42921f5d
42230026
42a97ac4
424dc450
41ace948
bff24a20
425d4c7c
4273ad94
421cee2a
428eea46
42abf48e
42963395
41e92bf0
4140f700
421d780c
4214c84f
42d928dc
41e9778c
424f128a
41a83746
4294471b
42d8e60a
42b0154d
42a8716b
42a9d7bd
429315a4
c1029730
42b3c1ce
42a006f7
4298a2ad
427a0624
420ead12
42ccf07e
42818bc4
41900d0c
42c0c2b0
4276a872
428ac4aa
4282272c
42858295
41fd93c4
429c75aa
42a39525
419f268c
41c878a4
41b91ccc
428125cc
41d72ddb
4252faf2
42578709
424de3b7
42b1a75a
42929b29
42a1df3b
424c74ac
427f8d34
42480464
4229580d
42af1798
42b44766
422b041d
42b5359c
42a5f2f6
425daeca
4308de2c
431671dc
416a7232
430900a4
42cb56e7
42a86afd
4224f840
42eb775e
4203d0e6
42dce5f8
42e32d45
4308a2f5
424fc188
432cf699
429c2f44
42cf65c4
430f408d
42c9bc2c
42f881c0
42cd94e1
427fa93c
4314bb73
426df62c
43078184
42a85a69
42b589ab
43076195
42439900
428eb68a
4289c19d
4283c07e
421f232b
42b309b9
42c6f82a
42020448
42641b14
429fb887
4307709a
432ea9dc
42720d0a
428f40b8
431a671d
429b3eea
42b1f32c
42629d80
424985ae
42698686
4296d398
428f8eb3
42d60931
42d0d232
42afc757
42262e4e
428ccd06
42eb66c4
427afa6e
42af58a7
4308c431
430acf4c
4278af9a
429c4c9f
420593e4
42c4ff66
433758a8
42ae0c14
42506a1c
431fbf53
4301d8fe
42894d94
41810726
42bed5bd
42509f04
42a79de5
42a8645d
42a903f5
4284c986
4288893f
42c685dc
42bdc9c0
42138e1d
428373e6
4307b1a5
429ae9a7
42d3263a
428e737a
42aa5ab6
42b8779d
42ce531c
43241d77
42ae37fe
41d9cb5c
430ac421
427fa4e4
431b02b2
41e10e58
4152d85c
42e55fec
428a5a06
4232a2da
42b72abc
42996696
4312ed55
42f50bbc
42b9d186
41cb36ac
4309c003
42ff2c95
42360948
4284365b
4297dc9c
427dfd74
bfe0906a
423abb8c
42ee7452
429a4c32
4315de3e
42ff7b62
42e17ff2
42f89628
42b33e42
42c6c832
428651e6
bfb75880
42606c36
41be68b4
42983c88
42647b44
4229b83a
42299904
42a61078
4272f712
42907ce4
42681cbe
41f2b8c0
3fa4af00
42c0e3ec
422cb468
426128b6
423839d8
420a1bba
42554bc0
4292d45a
c185c7a4
427b0d88
4258ab40
42075e44
423d8200
42030498
42a72e23
41af3472
42b3fcbc
42d13719
42df3116
3fe5f9c0
42102300
42852213
423a156a
42348df4
426f9203
c1a660dc
41f39fdb
41a1d118
42b9b639
42753568
427c46d0
429e2e75
42154b6b
42abee68
4206f4b8
425551b0
4214ccae
41faad80
423aa834
421030fe
41871488
4222bbf4
4253d3de
42ac2027
41dfbd98
4254d228
42a384c8
4242fec7
42770724
41dc825a
42947204
421631b4
42298898
41ca47c4
41442f70
42637ae8
42114808
424c9100
420e95b5
41db5fb6
428c0610
42538b20
410a78e0
c185c448
41d1d9e8
42a8a3d4
42c33aa2
42196a08
422f2cf0
427c9918
424a8de0
42964250
421c047e
407acb18
41f7e490
41deabda
424b2eb0
41d2c593
42612e0d
429c6310
42a61198
425fcd90
4283683e
42392067
c1cde12c
426f9d4c
41b516c0
42315078
42b25e7e
41f4bb3d
424afdd0
42333182
4206f00e
42d2786e
428f846a
42402c20
42835ccc
41ab94d0
427c77fa
41f1dad0
42b42449
426390c4
425891aa
4236a792
412e6360
428eee4e
426e050a
42a3047e
424c6ca9
4021c480
425b0f2e
41aec8d2
42341ef8
42402880
4046b700
41451058
427d4a20
43155b94
42d0d7f7
4306c837
42d5f7c4
42a7c213
43230052
431a617a
42972e5c
42d2b65e
42c336a7
42e8c608
42c95582
43183206
42b45fc8
42d77cad
432dd221
429d8ba1
42541acc
42d1f0f4
4295ea12
433b8a2b
42edacb0
42839ba8
428d2748
42c0d584
43244808
42fef0ff
431eaa1b
4309fa32
43257bdc
426cd553
43322b91
430f30a1
42c4a85a
42bd7572
4302462a
4137ed60
4209bd88
42ee8dda
42eac41a
42fce4ba
430a2bab
42cfb90a
42dfd45e
42afb5fa
431e27bf
4303079f
4325db64
428ea6f2
42aa57b4
42bb1a64
425bb3d8
428617c9
4280cca6
43084433
42c21f4b
42d45e48
429aa04e
42ea4b48
42e46e70
4300d36b
43101e24
42deed20
4301c636
42ad57f7
4305535c
43023fa2
4288a176
42fc03b0
42cd5e82
41fb2958
42e8ad00
431d741f
42929cd0
41b5ac50
42c314cf
432393e3
427e9846
42c2db16
430aa167
43485064
42c8d6f2
42300bbc
42ca8627
422e5536
434330e7
42e3ffae
4308d54a
4219d956
42c0177a
43603e9c
42df87e2
4313bd96
42c08818
431ee304
41c9a344
430fc93a
42c254d2
42d0da80
42f79d68
42b91fe9
432b45d4
4296a59b
4200a26e
4307fc72
42bb2468
4328df04
42fa9a91
4281edc7
425ae26e
42d94db6
43016baa
42314f60
42afe174
429a248e
42d05a44
426d1309
422437cc
42f7b776
4315f2da
42dc1808
43200fd6
430fb97b
42c9e575
42b99188
42bc17aa
42a669d7
42dc7f18
42dee6bd
42911b79
42d78ff8
42e2e354
428f999b
42e37be8
433bb04c
3fc84e00
430606fc
430b2d9c
42b15077
42890210
4322c920
4224d90c
4302c042
4312470d
42a7ae9f
428f92f6
431c7053
42b5f6be
430ad287
4315f717
42d15034
4304162b
428ec2e3
42b9db9c
42ec0732
42d843c0
42d85bf2
432e91aa
428b9f9e
43166429
41750458
42c788ca
42a1ce98
4274c63a
42554e48
42b1c689
42db2e70
42850e1d
42b744c8
42efc059
42c9c174
43199fbc
42ae7f17
428bd50a
432cb2aa
4310eecb
427de242
428b86e8
422dbc9e
424eecca
42d5fd04
42a75d1c
42e28aa5
42d56e9c
42c53410
42779a4a
42c553ed
431f149b
4156d8a8
42b1e5a0
43112896
42c59a0a
4256bd62
42947380
424e621c
42f13828
43086b7c
42d240f0
429a7a66
43349489
430d3cdd
4262ff40
421f5dc9
42b6e4a8
42c5161a
42bb9695
42ae0719
42b7c383
42ad49e2
42d2bfc4
430e0c4a
42aca38a
42a103d8
4303bb4e
4311d318
42f80bf3
42be7e1c
42d6e036
42af838e
43047b89
430c73a2
42fa468a
431cce20
420baba8
42f065cc
42f6b4a4
4300cba0
426f225c
426d2292
4317d60d
42c59537
428224e5
430295c1
42a0b528
42e589cd
43263e34
42c26e8c
423b73ce
42abc98e
42ebb0ac
428c3f3a
42a41549
41e371c8
429aad7f
4203545e
428aff8e
429f088a
4304e16f
42e83958
43141ba1
42a40b46
42e5182d
43055e55
42a22d10
42c77c4b
42897df3
4318a6b9
428b7f96
42d19d7d
428e1849
42a2f795
42cd9e64
4315c99f
c12683d8
43008f9a
43090181
42ac08a4
423cbc81
42bd7a75
426fb9c8
42afaf3b
431cb049
42d28459
42b7b7f9
430d4d60
42ad3568
42b65143
42d66587
42ec64a7
42a37f0f
42dd1d17
42ed56e6
42ef6714
42ec4b51
430729f1
42d49e21
429b963b
42d64b01
4128a764
4255cc20
425fcb8a
42d395cc
4238e364
4286c478
42e55032
42a08a71
425636cb
42cecb16
42f1adb8
42f4174a
421fcde7
42a616ce
42ed275c
430d4460
429cc990
424618e6
42744071
426b848c
428ef8f6
424b6ba8
42f85202
4294f7ca
425a4e44
4219fece
428f5710
4315e531
41ff362e
429fec6f
42ced530
42d38399
42a36de2
42d5fa3b
428a7983
429309f5
430a2976
42e84af0
42b586e9
43166076
42ed3cf2
42b34acf
40c9e7bc
426b1925
426ad725
4291162f
4294ab06
42ed7cde
42c08aad
423d51e6
42d6f8ce
42e70219
42d28c17
42d93ff8
42c0a816
431ab59b
42ae49f8
429f6851
42ea6ad8
42ca3bdc
4320fa4d
43116216
430c4970
41dd7475
429a99b0
42cd7b18
42effdfe
41aa62f5
41bcf6a2
42ca9e69
42e559db
424ceb88
42a4744e
429fad40
42a2e60e
432558b9
42933463
40dba012
42eaf00e
42f0b64f
410beed0
428ced56
42417aa7
42eb3b9e
4206f9e3
421957fb
42d0518d
42c65848
42a9b5eb
43038d56
42ee10e0
4298e81e
42f4a346
42d6f2c9
421940ab
bfca6b00
42a9830c
429b5de8
42844aa8
4289e7ec
41f599ad
427f4318
42d29f4f
42517d64
429e7154
41e78cb0
429b6cdb
4210006c
429101ca
42b87b56
41e59558
42b3fe98
423c06b3
425947c0
4283d728
c0c495c0
428837fa
4218db90
423793cc
42311290
42074a74
42a02b96
42630ab2
42aead7c
429911d8
429576b0
422ffa5c
42829d38
42758f40
42026f58
423104da
424be4d0
414dbbe6
41824cb1
42858a84
42a7f8f4
428e31fe
425e76f8
429c2440
425f62ec
41945254
42d0e1e0
42745188
4284ba9c
42505ca6
428ef108
4253bc74
416e9860
41837808
42acc742
428b44de
420c05b0
4283364c
42a25c02
428c47be
41473a40
4280a71f
42f5fb1b
41ccfad8
42b56656
41f447b8
427560a8
422a52a8
40ce0800
42cb14f8
4245a5ec
42316f63
4278bc50
428b39bc
42462990
40e73f60
40b97fd0
42431b90
425d8f7a
423274f8
427d50bc
42c82710
421fc390
4217e710
4293c0ca
4206ffd6
42895e94
3f5e9380
4292edf4
42808818
4284c533
42fb6fd0
4226bb67
42c690bc
42b2f1ff
4235c262
40ef4f20
4295d8cc
41e27620
42c9251c
42bd3a74
4234e698
429c2068
4281a3de
42255640
4287e01d
42bb3e24
42cb24d7
4277e5e0
420648b6
42234780
4273cf46
427a0a4c
420785a0
4223f920
42201544
422ad5c0
42503b90
41dec1ac
4293f544
4296e61a
426430d0
42750cf8
42950837
42795738
42278f50
427bbc60
425abd70
4266d100
42cab4de
425e467d
4273ce9c
428254f5
4270a62b
4248ca20
4305e8fb
41d1f3aa
42d33638
426c34b4
42d92fdb
41f0b1b8
430d94b4
4275e26a
42d01382
42dd6fe4
41ce5f26
428d22c6
42cb9df0
4227c5dc
42be6720
429f0d68
42293b3c
426b07d0
421cb1f4
42219a30
427c1321
429b4818
42b0b160
43146581
42278d3c
429fa8b4
42056ff0
4258e22c
420c87e1
41b17bcc
41697818
422eec68
42888d9a
424de2dc
4287f834
4295cee8
42a1ad4c
4252eac2
42280daf
427af068
429f45fd
42bc8cc0
424a76a9
42141bd4
41969a64
41a6df9c
42b65a8b
428c8ca7
42c0f9a3
4269cbf4
428085a3
42ad8a4b
42b5d897
4293b763
41806c1e
42b5fa6d
429dc287
428b126a
41dab786
4242da0c
421fd8b4
4298ea98
42914968
4268392a
42319bca
42a9e906
42feef30
422d3cf0
4209d1bc
4217abe9
42942a64
42851012
42710a6c
425440dc
42a35a96
42a0c9f4
42c9547f
4292deec
425d1b3c
42a2fda8
423fb64d
42b4670a
429116e2
42ab643b
42e7e134
42bb2a10
42aef54b
42641cf8
42ac147c
411ed398
42782cf2
428f0dc0
42a421f1
428c8799
42a5cd98
42c75d1c
4260287a
427d3cec
42e88f8e
42a7785e
429e6f0b
42b24e30
425438e0
424b811e
426638ce
429944db
428e9920
426626c0
41978e45
425a2e12
4220ff8e
422b666e
42a83594
42d6e0f7
42b0ba26
42aaa6fe
428e4ec6
428e3706
42acab88
4291fed7
4286d399
41c959a8
425720c0
41e94016
421cc3a4
42092f5a
41f209f2
42894a39
429181c8
42162135
42ab0c12
423ed993
4275e6d0
423161e3
42d1d68a
4191422c
424dfa55
42a1c95a
421c845c
41bd7e64
42d935d5
41dd62da
4277ace8
42d1853a
42937313
429cfe6d
42221b76
429a62c8
42455a8c
4260a324
42ad1a29
4291cffa
4239601e
4271ce03
424ad16c
423ae360
4233fcb6
424bfc56
41f726be
42209bb8
423be720
427994a2
428b3ae0
424b9f28
42b0a25b
429faef4
42687b20
427a297f
42a80a6c
42331fd5
42520f45
428e53b4
40d201f2
4191d5f5
423f00a8
4270c49d
42620f22
428d1c64
421ab3bc
425eecf9
422c7fca
428501c3
42269b5c
4225ebc7
42bc0ee6
4281f90f
41f56608
41e327c6
419cc1b0
427edc06
42d29d49
42542ca3
4186d593
429a1b4c
42becdbc
4117d640
40f7aa24
4258aab2
4227dfc0
428f5586
42530a9f
423d6059
4298c7e1
428edbf6
42ba1f3c
42254ff5
41a58a7a
424ae66c
4292dc05
4257e4a4
4298e0d1
423fa075
42596b56
429d4998
42935b0f
42c18773
4266c5e0
c1362df0
426da870
42049602
42ba3fa8
42710599
4222390d
42980b26
41e96d5e
424072f4
42a28c2c
428c7eed
42472238
42903ddf
42907473
41fdbbfc
41fe7457
42532a84
42a1c41a
420c7d10
421b6d36
415c8f00
418f2179
422105c6
4278bd30
42945f1d
4267a5e9
42a4cebe
4223fd8a
428a58a3
42777dbc
423d3f7d
42609089
4297e609
428a50db
42894067
420f51c0
42960ad6
413aad58
42a02a17
42b11cd7
422a83d0
426704ae
4290a0fc
4283e635
425b93d6
42184a47
425717f8
42c39a2e
42c61c62
42767dc5
428d2046
42fea7da
42262fe8
427da01b
42cd3b4a
422d0d6f
428cf7ce
428ef7f2
4286a484
428e83ec
41e08570
42ae6b50
42a65eaf
41978316
42793670
4206d9e2
4251caa4
42752474
422aa75c
424c288d
41cea4dd
41bd2600
41a32824
428be688
42844637
429871b4
42baeb5a
4205d260
4281b28a
43195953
4204f754
42349f56
42942a74
3f3a5b80
41c45028
429840e2
42addb42
42b688bb
42a097cc
424a25ba
41fbbb65
424e8ae4
41ef1dd0
3f6d9f80
425cb20b
42e1d972
42b150fe
40c876d0
425e64f0
c08968e0
42455660
42ffe00c
423b9a56
42b5869c
4316074f
42494114
41358fc0
41ae9472
422429de
406ed9c0
42019586
42be11d7
41e51302
42115a94
41a9ba80
4284626e
42728214
42a2bba0
421bb478
42263078
41f90d3c
42b88860
42dd72ab
4228c1dc
429bb0c3
4237ce33
42c4ae81
42308d30
413d3bc0
42cba334
42a036ec
43076849
423b563c
4199de67
430b59d0
41ae8264
429fafe7
42ad0907
42b84cdc
42ca64f2
425500fa
42c2d974
429c43b3
425668be
4262a38a
427766b2
423575aa
408de800
41c40f20
c0a26ee2
42299b7c
424afaed
42b28a5c
42e30f57
427a11a0
427edb6b
42ec4899
425f10b4
42586c8c
42b2e186
