// case 010 sync_sensitivity - B[128][256] BF16
// 16384 words, 32-bit each, little-endian memory image
3ea13fce
4062bfb8
3fa53e11
4077409d
3f414075
40a3bf64
40dc4090
3eb54076
3fbb40d3
bf2740e6
40aebe84
40193fed
3fdb40b4
408b40ce
40294110
40a43f1e
40b63f7c
4000bf37
3fc040af
bfdabf8d
40403f05
bffebf84
40154018
405940c8
4096401e
40ae3d8f
40b5405c
3f08407e
3fe5bdb0
3fd0401e
bf1d3f96
40da3ded
3fc94083
3fb740c2
bfe9c020
3d1a3fae
4073402b
400f3fe2
40233ede
402ac03b
3f663f3d
bffa3f4c
bf4bbe1e
3f9e3f50
40b93fde
40b1be3f
c0363d97
40173fdf
4032bf06
bfd940c4
40873e86
40c3bf8f
bf533e93
3cbd40c1
3f7cbfb5
bd623fa9
40b2bf8c
be95bfd8
3f9740eb
40804100
40943f57
3dce404d
4028bf14
3f0940db
be8740b6
bff23eef
40e13fd9
3fcebfd3
3fae40c6
402b40f4
3f1b3ed0
3e843f68
bf3ebf0a
4031c002
bcc6bd58
c01b3ffa
bff73fa9
be664034
402940dd
3fe14096
40593eca
4109405b
3fda4011
4041bfc4
3fc44011
40ee3f77
c0383f6e
be1340bb
bfa4c016
bffe4086
3f6d401a
c02f3da5
3fc23f5f
3e3fbfa7
bf42409e
405fbf00
40443ffa
3edb4096
3fc140e3
407fbf94
3f7a3f9b
40d34044
bf0a40b1
3e9cbff7
40a34084
bf113e44
40fe403a
401e4063
3f2a4071
4072bfd8
4065bf07
40a44058
be593f3b
3fd440a6
3fc2410b
40cd4022
3f98bf21
bf203f5a
40434091
bf363f34
bfd6bd85
3ff93f8b
beabbf9a
40894001
bfeec022
4069bcfe
40fb4073
bcd84069
3f1a40aa
3f47bf0e
bfd14105
3f403f55
c0174006
3faf40be
400b3ff5
4080be91
40d8bf1d
4053bea0
3fad4030
408cbff4
40bac03f
40bb3fa8
40984037
bf3a3f10
40544052
be963f33
405e3fd4
3ed84065
be124026
3fb83f37
3f14c000
40b73fb4
bf973e91
3f5a3e87
bf983e5b
406e4035
be9b3f8d
410f4034
40043e95
bdde3f66
bff8bfe7
40ce3e9e
4086403a
be1b40bd
3fa3406f
40253e94
4082beba
410f400d
3e45be44
40374017
4085bffd
bf233fb1
40a93ffb
3ffb40bc
3e0d3f89
400740ab
408d4010
c0154084
40103fc6
bf983f14
40b240f4
40513e6c
4106402b
40214095
bfa23f50
3fae4007
3f8e4026
bfaebf8a
3eea409a
bf82bfa9
40094033
3fcbbea1
bf5d402c
bf69bfac
3db0bf88
401140ff
40a4401a
4028be81
3d963fa7
40763dfd
409a3f8f
40d53e8e
40d0406d
3f5f3fea
be603fde
4028404c
3e664022
4007405f
3fdbbfa0
be9b40e7
40aabec0
40763fa6
3e554085
3f074012
40744088
bfb43f88
bed1bf1f
40ec3fa4
be1a40a1
3f0640c9
3f964107
3e16401e
3e89402f
40333ee3
4082bf93
408540d4
40d54031
bfbd3fb7
bd0ebf71
bf76bd09
bdebc03c
bff33ff3
41044007
402840b0
3f8840a6
4061400b
bf433f51
c017bef9
3fbcbf63
3d57bed4
3e4140a4
40653f64
3f8d3f86
3f9b4091
3f1bbf5f
3fe540aa
3e81bf04
c00e402b
4020405c
3fe8bde5
bf613dd8
40553fb1
40b2404c
3fcebfa5
40193f4f
3fab3ff8
40bcbf64
40a9401b
40b0bd7a
3fe93f1a
402640a9
409e40f0
c0053fa4
bf87bf85
3fb9407f
3faebf1a
3c6c406f
3f694035
3fe33c3b
bdcdbf3b
40294096
40ad4010
3f023feb
40b34051
bef3400a
405bbe35
bf9b3f9a
bf88bf5c
bfaa4046
3f093ec1
bf9140e2
40a240aa
40234008
40e23e4a
bf55bcd5
bf1b4023
409f4008
40d13f18
3fdb3f3a
3ed4400e
402a3e9c
403b408c
c004befb
40fbbf00
3fc6be73
be5540c3
40afbddb
40804003
3f8ebdc6
3fc740ab
3f524065
bf413f10
40e4be3a
bc734008
3ef5bf9c
3fc43fa8
bf5b410b
40a84008
40f5408a
3e4040a5
bf1e4086
bed3bfaf
40c33fc6
c03c4034
403b406b
3fdabfdb
bf94be51
3f653fcc
40ef3f26
3ff5bfbd
407ec00e
3fcf4107
408f3fde
3faabf2b
3fc33fe5
bf68bfe1
40b83f8f
3fb03f10
4082bec7
3f93bf61
bd18bb5b
becd410d
3f353fa7
c0313f8e
3f9cbf45
bf223f6e
3fe5bfce
bfa93faa
bf0d3f47
3e13408e
bd813f4c
bf4e403f
4083be90
40dbbf92
bf234031
407040d5
bfab3e85
3fab3f98
40a84028
3fd53ffd
bef9409b
40b0c014
c001bedd
40ef4059
bdfd3fbf
405240de
be8c3f0a
40c14024
bfdc408b
403040aa
3faebd18
40bebfc6
3fbf3f92
bfc23f32
400b405e
40663f13
be87406d
3f963f8b
4056bf46
bee2bfeb
3db43c08
401bbf9c
3fd4bf22
4064bf0f
4027bec0
3e274008
3fb53fc7
3f163f02
40dc4002
3ef2bfe5
4045bfb4
40adbf9c
40164038
40d73ee7
bfca4080
bf1b4093
3fb640e7
405c404e
40df4037
408b3fcf
402cbec1
405e4092
3f67bee5
40963f62
3e9f4043
bf6abf7e
bf7940ee
4006c03d
4096bf79
3e483f9d
3f903f01
405b4090
40bbbffa
bfa63fdd
4070401d
400f3fec
406540ab
bfd940db
406bbd24
40f73f0d
3f2040c0
40043fa0
bff440d0
befb3f42
bb2c404d
3f0340a4
403940cc
3f963fc3
4051be80
3ed53fd7
4020bf14
40783ffb
40af4093
40973f86
400c3f23
400f3e94
3ee2bfc7
401c3fde
3f4b4032
40894040
402ebf8e
3fbf4036
be8640a8
408e4002
409f3ee7
401240aa
bf09bf13
be14405b
bf423fe4
408d3f9e
3fb24077
3ff83e7c
40b7bccb
3fa3bf1a
bf6e3f82
3ffc3e6a
3e904061
3f5a4103
40b63f33
3ef8bfaf
4022beaa
bd32c017
401b3f88
400ebeac
40063ee3
3ff8bfe4
3f5c40da
bf83bfc3
40ac3fab
bfd43d6d
40264085
406f4086
be65410a
40e64037
3f553f70
3dafbe7f
3ff3c01d
40834001
beb33e93
410e408b
40353e3e
bfa8c014
404240f6
3fc1bf5e
4076bfb1
402e3fe8
bfb9c003
3f3140a5
40c8bef9
40623fc0
403440a4
3f184068
3fa6c011
bf883ff9
40193f2e
3fff40a9
407140e3
409b40c6
3dc23fab
403fbdeb
3f103fb0
3f4b4086
408240d3
bfa13f25
c005bf5d
3fe8404a
40004004
3fe73fcb
be1ebf04
3e7c3fc7
3fc43fb1
407c40a9
4098c008
40d83faa
3f87bf83
3f134059
bf393f44
3ffe3f73
bfbbbf0f
40af408b
3f61bf43
bfacbf5c
3c09400f
40ae3f8d
409bbe8b
40eebe6c
40404084
404e40b4
40aa40e0
40bc3f37
40703f11
3ff440bc
3f3140c2
408e4105
3f604023
bf92bf1f
3e823eed
3fd340d2
bfd040c8
40cb4036
40d3bf75
4020becf
bfbdbfc9
bf56bf29
3ead3fd1
bf1f3f9d
3fbdbf5f
3fb6bf8a
4087c004
40713ed6
3fdcbf3d
3f94400b
3e2440ee
bc67c005
40953d21
c0093fbe
bf534097
40703fae
bf7dc014
3ee03fd0
c02d3ffa
bed7408f
3fe73fc2
be00bedf
401a3ec4
bf023fe7
bf4d402c
3f583f37
408e40a4
40754023
410cbf89
bf403e99
400d409b
4048bfa0
3f6b3f96
3e8e408e
3fbebf37
4026402b
40a240a1
40d64010
40a43ef0
3e5ebfd0
3f383fe2
407c404d
40c44008
40d54004
bed54064
3fde40b5
40b73f9c
40573eaf
40c13d32
3fff40a6
40664090
bf0240b4
bf604008
40893f91
40064070
3f2a3f6e
40964096
bf4e4022
40af4052
3f184010
400d403f
3f4240b3
40e93f77
408b3c2c
3f48bf27
40413e06
404540a0
40df4031
40203db5
bd37405c
be364054
409a4046
40e43e16
41074034
3f26bfa1
40413f4d
bf3240c8
c0013fd4
40ce406f
3fd33d03
3fdfbfb4
4051c03a
40b24022
4083bd0b
3ff440be
3f9240b0
40983f78
40a0bec6
407e4004
3ff1bf8a
bf8c3f16
3fb7405e
3faa3fba
c01a3e9e
3f323f61
402e40ed
bf2340b8
40f04005
be48407c
3e4e408b
3fd43f02
3f3640c7
40883f40
410dbeae
3f594079
3d363ee2
bfb3bf6c
3dd33fea
40923f9b
3fba4081
3f6940af
3f493fc4
40844007
408d3eb1
40ef3ffd
3fe340ad
40453fe5
bf604073
40bc3d8e
41044001
3fba3f52
408cbfb5
4095bfd3
3f94bea4
40133fad
3fc1402c
405e409f
405fc02a
3f6a3ef6
410cbebb
be3d4079
3f6b3f9b
40563ebf
3fd04017
bf243fbd
bf044088
3fa1409e
3d9b4079
40be3f8e
3f8cbf81
bf20be81
407e408f
40a7c01b
3e0f400a
40f74065
3e493dda
3f9340c3
3f0940b3
3f343fde
3fa03f05
3f3640be
3dc2bfce
407e4064
40843fda
40bb3dcc
bf6e3f68
3e4740cc
be004078
405abe8d
410ebfb6
4029407e
40404077
bf54408c
bf803fcf
40b94030
bf534077
bf81403a
4056bf84
40294027
3ec64060
40023f91
3d503fa0
3ce740dd
40bb3fd8
c0003feb
402d409f
3fb83ee7
3fbd4048
40313edf
408fbfb1
3f5140a9
4088bfc8
409a3ea6
402c3f23
becb3fcd
3fa84087
bee5408f
3f6f405a
bffb4003
40984067
3f694047
40744048
40bd402f
40834001
410e406b
3f0b40ba
408f4074
400e40da
40643d95
40b93fc1
3ef6406f
3f014021
3e88c016
3ec03fbd
3f884077
3fbb4001
408c3d96
401940ce
bfbb4003
409a4064
3f843fa4
3faa40a1
40093fa0
40233f34
40873fae
40234025
3ffa3fa6
409f4032
40813e97
40e94089
40024060
3f933d30
403b40ad
bf9c3f99
3f924001
3e62bfac
40314087
3fe54079
40343f5e
4085401d
bc9c3dd9
4065bea2
40403fb0
402a403a
409c3fc5
bf74bea7
bf1d406a
404a400a
3f97407b
40cf3f8d
bffe3fa3
be79bfba
401f406c
4084bfe1
c000bf40
40fc3fa6
3f1d4091
3f704000
bf2140d7
40043d7f
40b84029
3fff401e
3fef4087
3fdec019
40de401e
c02f3ec3
3f333f8c
3f1440b2
40a1c031
3fee4022
40074053
be723eb5
3f67be84
bec8bf29
bead3f32
40843fbc
bf3a406f
3fad3f7d
bf6f40e5
40d43f3f
410e3feb
be4540ab
405f4081
408840e0
bfeb3fa4
4094bf8f
3f6c401f
4077bf12
405d403e
40e9401a
c0013ff0
3f8d3fd4
4090402a
3fa940ac
40a63fe2
40973f95
4040bde0
bf134034
4013410c
40b6403e
bfe8be68
3ff23d05
403140be
40b94003
3f4d3fdd
4049402f
bc443e04
3f9440cc
bffb40a9
407d3e6e
bf91be72
bdd7405e
bfb0406d
be5f3d17
40dc3f34
3fc93f14
3ff93fa6
bf8c3e92
3fe14091
409e4011
410cbf0a
bf7740b9
beb3bed6
bf7940a6
bffc3fa7
40b34043
3f3a409c
bfb73f0a
3e6540fe
40603fdc
becd405e
3f6b4025
3f4040c8
3f17408a
40b13fec
c015bf61
3efb402d
408f3deb
3ff34029
3e49bf36
40a8408c
3f934030
3f374008
40acbfa6
4071bed1
c003405c
3f4c3fe6
40394074
be444092
40d93f19
bfe9405b
3f14408d
3facbeaf
3fe7410e
bfbe3fe8
3fa5bf18
4003409b
3ff04058
3f554106
40763fe5
c0263f3c
be163f94
bf4640d3
3c164056
400e400b
bec4bf97
3dfa3f82
bf753ea0
3fdbbfe9
40243fd9
40833f9e
3fa6bf17
3f91401c
4065bf14
40bb4109
3fc0bd89
400abf1a
bdc540bc
3f803f8b
400540fe
4041403f
40ecbfa3
3fc23fea
40303c12
40bebfa0
40d84011
405f4090
4003408b
4022409f
4047410c
40da3fa6
3fe24031
3ff34059
3fd63f99
3ef9410f
408fbde9
40923f12
3fd44087
bfa33f4f
4036bf0f
be18401e
4039bfae
3fc2bf3e
be5fbffd
40a5bf3d
4032400c
403d408c
3fd03f8b
bed040a5
bf4240eb
3fdf400a
3f4dbf74
beed40ae
405fbfd7
40a14043
bfdd4026
40c54041
3fa0401c
3fbb405d
40213f8f
40953f1e
41004034
4016bf7a
3f274013
bf5e4031
40ec3fad
3fc2bfa2
bd9540ae
3ebb40ed
406abf23
40c13f72
40613fc5
4032409c
402bbe99
408640b6
be5d3faa
bf37bf3e
bf5d4015
3fdabf86
bfbf409b
40273fb1
406b3f4d
3f834022
bfb64083
40154050
3fac3f69
410abf62
3fc64039
407c408f
bfee4095
bf9d3fae
3f143f36
be9a4045
3fc04056
bfe940f3
40c73f9e
40d24068
3f17401c
40864085
409cbf03
3f203ebd
410b3fb4
3fb54033
405e3ecf
403f4083
bfa9bf56
c010becc
403c40bf
4081402d
40054006
3fc54036
40d5bf3e
402840a8
40673ecd
40b43f3a
bfe74022
bfe9402c
3ea140ab
3f2640a1
3fd4bf9b
4092bf55
3f8a400a
40214068
bf9240bf
401840f1
40a7bf63
40693ea8
bedfbe89
3f7140c7
3f333ee0
40a53f69
bfd03eac
3fccbfc0
3fb23efd
40484090
bfa24034
c00bbf39
bf1e4090
3e15401f
408c40a6
40554034
4020402e
bfb23edb
3e9c4039
3f80bfa6
401640db
40804026
40ed4078
401f3f50
408fbf8e
bfc3bebb
bfd6bf64
bff83f8c
be8a3f91
405f3ea7
408040c0
3fcabf42
40fa3fa3
3f1340ad
3f6b3d47
bfe8408d
c0123e5a
40c34001
3f204098
3ef3c01e
409c3f91
3ec1403f
3f504020
403540a8
bf844032
40b2bfa7
c0073dd4
40f43fc3
bdb4409b
400e40d0
40643ed4
bf10bf76
4107bf27
3eae4062
3fc540cc
408640d0
40813fa4
3fe23f2f
3f3f40a5
40594039
407e3fe6
3fcdbe62
40ffbfa7
3ffb3fea
3e3a408d
3f7bc015
3fa63f4c
40ec401a
3f253f77
4025409a
40b0c020
c0053ed7
40014089
401140bf
4081404c
be644066
40a93fd0
409a3f97
bf18bfa5
3f1540d0
bf4a40d2
3f413fef
c0033f53
be91407f
40224038
bf1240bc
4076bf56
3dbb406f
3f9c4006
3f71408e
40b7c02c
40c84016
3f894065
3f944051
bf484012
3f63403d
40003fe0
40f84050
3fb140bd
406c4010
bf9740c5
bf1f3e30
40b53fb4
4034beda
40623f4c
3f40403a
c0203f8e
3f663f1e
3e7ebf2c
3e2b409b
3ffabfea
40263ea3
4102bfab
3f7d4045
3fd040ae
40a8bfee
3e86401a
40b64059
401a3e85
bf3140ba
40b33fb8
4092402c
3fb6401c
bf1abfbc
407f40d6
bf9540eb
c0084031
3f08bf95
3f34407a
40804089
409740d7
40663ff9
41084056
40083f6c
4059bf7f
bf494050
3f4fbf75
bff33e9b
3f64bea4
bf2ec001
bfcc409e
4003bf24
3c10bf9d
bf193ee4
3ed84008
408840ee
405a40ab
bf90be6e
40c64070
3ffa402a
40883ed1
404040d2
4038bf03
40103fac
401abe82
3ef53f48
bee24077
402b4027
40234015
be1bbf4b
400e3fb4
40333fc3
40ca3e74
3eb54078
be2740bb
404e40ab
4032bef4
40a53f40
3fca407c
3f67bfac
4056bfc5
40b4bec5
bff0400b
40643e72
3e4d4081
3e8e4091
408b4002
40b13f5a
40503fa9
bf753fa0
be8440ef
405c4087
bec14040
40da4030
3fdf4071
405b40a2
3f59c007
40c6402c
410abf2b
bf0d3ff4
4039bf9b
409e4021
404d4040
3fcb4034
3f90407e
bfab3fef
408540fb
40233fd3
40c54075
bf143f8f
bf4d3feb
40ad4100
bfe83fd0
bed6408e
40083fe4
bea7bfa7
3f77bdcc
bf813ff4
3f654027
3fb3bea2
bfae40a2
3f9abff3
408ebee8
3ef44065
be91bff2
bea0bf99
40073fd6
4054401d
40c13ff0
be8ebfea
3e12c000
3f934041
bf9a403a
408f3f43
3fac4025
bf90c020
bf74bf2e
3eac3f42
40d73f4b
402e40b6
3ff940d4
40594006
bef94005
41004061
3f5040b1
4047bf87
3f853ffb
40944008
3f734071
3dcbbecc
40703c33
3f19407a
409fbeff
410fbeb5
3fe03f95
bf284066
40bac011
400cbeb8
40dc402a
4025406e
408740ec
3f413fc3
40bf3ff8
4019bfbe
3835bfe9
3facc00d
402f4097
3faf3f88
bfd93fc7
401d3f0e
4039bea8
bfcbbfa7
40af3f8e
40c5401b
402540a7
bf4140bc
40843fc9
bfb9bf68
bfd84001
4018bf65
3f0ac00d
40494082
40d33e3f
40f0be8c
40e5bf31
3fc04017
402fbfa8
bfda40eb
40de3fda
409e3fd6
3f4440ac
bf513f70
bfe83fa9
3d273d87
be87bebd
bebd3ddd
bf9d3f98
40b140ce
bfbd3eb8
bff0406f
4031402a
3f8abfeb
3fde40bf
bf693fe3
40f94070
3f904034
4055409a
405740ff
bfffbce1
40f14041
403cbece
bf47402b
404840d3
3fc63f8c
401c4046
40153f96
4059c00d
3f5440da
3f903fc7
4041bf60
bea2bfaf
beab4028
be5a40c3
4019bf4c
405b3f26
3f593fe1
bf29bf8d
3ff44089
c0134027
40cf3ee7
402bbfbe
3f52be83
404f405f
3ec9401e
3f943ee7
bf143f92
bc40bff4
bfcebf83
3f943f9e
40a23d27
bf743f05
be9740ee
4021be16
bf9b3f7b
3f843fd2
bf624019
3f05c018
404540ad
3e184034
3fb53ea8
3fb14010
bea3402d
40633f52
bfcb403d
c01fbfb1
3f1d3f5b
402f40aa
bff44087
bfa54010
40893faa
3f2e4098
3fba3f95
3f5f3f64
40bb3f77
3fad3fb9
3cbcbc72
3fac3f7f
40483fc7
4000400d
c0024031
3fb33e95
bf2c4025
408640cb
40f03f64
40e14056
4027409c
3f9ebfe4
406e410c
40ef3df2
40c94002
40153fdf
bf3f40dd
40843f56
40463f99
3ff13f9f
3bd3bf1c
4038bf46
405440b1
40e8400c
40a63d12
40284052
408840a4
3f473f29
40c0bee0
4028bf97
bd903f23
40864095
40a6bf54
3ef9bf49
3ecfbf64
bf584084
bfa73f38
bd7b40ea
bfa0bf5f
40464015
3e6b406e
4019bcf5
3f913f6d
40d23ee2
40d93fa7
3fc0402a
3ffebec7
403740e8
4084c023
40934029
4100befd
3fcd402a
405a40bd
3d933fad
3fcd4034
3ff54088
3f293ed4
404340cb
40834066
4065bf22
40a74025
40244040
4085407e
3fd74094
3f853dec
bf173d30
bee2bff9
406cbf33
40a040c6
3f523f17
be4c400c
3fb1c000
bf543f16
bff9bf79
40c43fc9
40c73f85
bf453fbf
3f284048
bfb1404b
3f923f49
3f993f19
4031404c
4084408d
3fbac03a
40b9befb
bfc4406f
3f513fe5
3db640ad
404d40f5
409cbd5e
40b43e5e
3fb7be30
3fed400a
40954107
c00f3f78
4088406a
3fef402b
401840ee
3f7e40f3
bf9e3faf
4102bfa9
3fd7bfe2
3fa13fa5
40983eaa
4077bf70
41004057
3ff63fe2
beb84063
4086be15
40bebe94
bfb34064
bdaf40bd
405cbfc5
bffb3ee1
4008be05
400abfac
bdf4407e
bf7740e0
3f8a3e1f
40afbf0e
406b4032
403140bf
40434060
3ff03f9d
bf4e3f5f
41054021
3f8fbfe6
403ebf2e
3fad40cb
407f4007
40984032
3e1dbfca
bf9040bc
3fc94078
408e4025
4092bf96
3fba3de0
bfad40bc
3eab3e7d
405b3fe4
40f3bf55
be493f9c
40574013
405b3f35
402a3e05
4102bed6
be95408a
403740a2
3eb54079
40e4be87
400e4026
be673f6e
bec04008
408e40bf
40aa3fde
4093bf6f
befa3e97
405c40ca
bec94078
bf513fd7
407e404b
be33bf1e
bf6740ed
3f40c006
c00fbe6d
40e9403d
beb0408c
40363f4d
401b4090
40683eb9
40e23f16
bf6e3fe8
bfb840ac
3f7a4105
3fa73fdd
405f3ff9
40f84064
4038bfd4
3eb3bfc9
4052bfcd
40163d3d
41013fad
bf05bde7
403740e7
3fe14077
40823e7b
410bbf02
bf2dbf82
408cc00a
3f6d40ae
bf8bbd98
407f4088
402c408f
3fda40df
4099c023
40b0400a
4032404d
401d4043
3fec3fbb
3d54406a
40a23f91
4110bf01
400840a7
40673fd2
40254109
40393fa4
40ed3eff
3ea74080
40843ebb
3c774057
40a64018
4096bf87
400c3ef3
408840b5
405d40f6
40a13c40
402d3f14
3ffd3d7a
3f9440b0
40b53fc7
3f203ede
4053bf99
3fd13ffd
bf474096
40ba404f
bf8e3fd4
3f8f3ff2
400b3f1d
be40bf79
bd3040c0
401d3f50
40b0bd4a
3e85bfa0
408d40e5
3fc23e92
c010bec3
40e64024
401cbe55
3ffc40a2
bf4b4052
3f34403a
4015403a
3fde3ffe
403fbf1d
3fe5404a
3dc9bf7f
3fa73d22
403e3ef6
403240b5
3d174102
40ac401e
bf933e9c
3d4c3f9b
3fa840a7
bf5a4101
40c93f8c
3fad3f22
401c3f8c
406a3eae
400f4033
40af3ea8
bfe24082
40003fe9
bf2fc014
40a4c020
40b23d98
bfc23fd1
bf163f70
3f54c00d
bf9140c5
40393fca
40e63fa9
40034062
3f0340cc
4091c01e
3e96402a
4076bfbc
4040be01
3fa940a2
40ba3f42
40e1be8d
c0054066
bec0bf59
4079c019
bfd7c03f
3ee3bebb
40963f96
be9240a5
3f224036
40314081
bfbb3fe4
410f3f18
bf71409e
403ec020
40bbc01a
bf7fbeb1
bfcf3fb3
3d34402a
401e40ac
3eba4084
c006bec9
3fe43f9c
3fb74018
401d3fa3
3fe9bfeb
3f7e408e
40573fa2
bf6b3f3d
40034047
401d4034
3f673f22
40c8bef4
3ed24015
3f883f48
3fcfbf06
be1e4103
3fe33faf
402e404a
3f19bfa1
4066bf5a
40654056
400a3f9b
40eb3fa9
4013bfe1
408dbfce
40b64068
bf213fce
410f4064
3fc53fbb
3ff4404f
40a2c035
bf624015
c019404b
3fc64089
40343ecc
4088405f
40ba3fbc
3f92408f
3f354053
407c3e52
403b3f9c
40d93fa7
408e3e4d
3fc7408a
bf76bf19
3fd7bf01
40023e11
40253fec
3f2f4084
3f063f72
3dec40de
bd553f8f
bf37bfbd
4015bf18
40294086
bff53fd8
be6ebe90
40e04085
3f654069
bf10bef5
be1140c4
40493e8c
3f873e88
40073dd4
403540df
bfe340c6
bdd74009
40c24082
be91bfb9
401abfb3
40843f03
406e3f0f
3f9dbfb0
3f62407c
bf86be53
40aa4102
40ec3f10
40a94083
3fd43fa5
bf923f21
3eddc01a
40a9bf28
40113f1d
40324002
bf8ebfe6
40b34047
40a1400d
405a3fea
40274048
3f2040e2
405b40e3
bd9e4040
c011bee5
4012bfc1
3f9540cf
406d3fc1
bfee3fb5
409ebf67
3f613ede
405740bd
4010c024
3f5b402e
bfaa406c
3fd54045
3f943f9d
3f2440c7
c01c3f0d
be724031
3e96bf84
405c40ac
4091bfe6
408b3ee6
40563ffa
3faf4071
bf294063
3f2a40c8
3ea04031
3f863f71
bce53fe0
bf6140a6
40b740e7
3f16bf24
40a33fb9
3fb6bd1f
bf64406b
bfedbf97
40983db9
4094bdd3
3f6dbeef
408140a8
beba3dab
3fb1c029
3db7401c
3fba3fc2
3ed6bfaf
405d4070
3eff4007
3e513f21
40b83f9b
400abf30
40573ff3
bea540ad
40c93ed5
c02d3ff4
3e9f40b0
bf9240ec
3f3ac01d
40e6bf1d
4108407e
40373ef6
3f78409e
408640eb
3e2a4031
40b8bf34
4019bf10
403f40c3
bd0c40b0
40b1402b
c02c4008
bf753f19
3e383fdc
bdc7c015
40663cd8
3eafbdae
3fa33f50
408a4099
409a40b3
40023e63
408f3fec
3f9d3e1f
bf984070
40c0be79
40dfbeb1
4108bfb5
4026402d
3e873f26
3e624095
bf95bf62
bff14065
beea4086
be6f407e
402a40fb
407c401b
3f8a4032
3e2c3f67
4064bff1
400b4085
3f40bf60
3ebf3fdd
3eb04052
40023fa1
401640b0
40123f5b
40cbbf20
3fe2be8a
40274039
4081beac
4099bf24
4009bf65
3faa4016
bed0409f
407c4033
40a9bf23
409bbb87
bf25401d
402abee5
4091408d
400d3eed
40983e89
3fa4bf44
3ec04074
3eb4bff5
40913f91
3fbf3ef7
3f064054
3fa63f2d
403ebfaa
3f593f73
40c54031
bec84012
bf6140d5
bfba4078
40503f9e
c028403a
3f01404b
3f4cc015
405b40b9
3e723f89
40fb4076
be8a4072
3ce2bf4b
406cbf58
40e44021
3fb83ff7
3f71be88
402240c9
bfb3bffc
40e63ec5
40f03fb6
400ebee9
bf0640cc
40534104
3f5cbf5e
3e644035
4026406f
40703fd9
3fc440ab
3ffebc24
c03c4050
3f80404b
3fb6bf88
bf233f95
3ffcbf64
40524036
3fc0bf4e
401a3e9e
40b240e7
bfda3f38
3f6ebe84
4091bef7
3d9c3fa7
3f3d40e3
3f814097
be964034
40ce407f
3ff94017
bf214019
40a7be2d
408d3fd9
bef1407a
3f963f1b
3f15bfa4
407640a3
c013403b
4005408e
401d4036
3f1bbea1
3f0640e3
3e8f3ff1
40d74025
3f134053
be894029
400840bd
c01bbd77
40c73fc8
402bbf1c
401ebfb4
3f8c40a0
40a03faa
bcf93fa8
3f403ef0
bd574080
4094410e
405dbf32
41073fd9
bef4bf82
3fe440a1
40b840f5
401b3ff5
40d74072
bf5e4060
beff3fbb
401dc034
40903fb4
c0063f50
4021bf44
40323ff8
3fc83fd9
beab3f17
bfe24014
402b405b
bfaac00d
bdb74105
3f11bef1
40b43ff1
3ff2bf99
3ff5c006
40994108
40063fb3
410a4034
400f40b8
40574013
3f9a3eab
c00d3f64
400a3e31
3ec0bfc9
3fe2bc46
40ae3eaf
3f8c3f34
40323e4c
4013bfee
401a407b
3fc740e6
40363fda
406fbf3f
bf5a3fa5
bf3d4056
bfd4be3f
4030bdaf
40733fb2
401c4012
4051c00c
401040d8
40ae3e61
3fe14006
3f1dbeab
bf8e3f33
3db640f8
bfd93fd2
40a84070
3f33be24
40853fe6
40a5c00e
c01bbcc2
c02fbf8f
3f974046
bf184032
3db840e6
40ab3f8a
40943dfd
bef73f46
3e8abf77
bf454071
4094400c
40183ffd
3efa4018
3f09bd1f
3f443f88
400f4011
bed63fd3
3feb3e16
400740aa
40953fca
3f1c3fcc
40e43fd5
3ffebf34
403840bf
4038bd8e
40793fee
407fbec0
bf23bf22
3ff63e54
409d3fa9
406a3fd2
bfa1bf1f
be9c401d
400f4056
3fa8bf9b
405440c4
bff33fcd
bfa0be2f
3fc440b0
405440e2
4009409b
4049bedd
bfcf405e
400e406b
3f45bfb9
3f8e40ad
405b3f00
40b23cad
be823fac
401c4077
40ac409a
3fb1bf74
4037bf26
be0e40a1
3fefbfef
3eac3f2f
bfe7bf7d
be92406d
3fb1408d
405940d3
3f8c3f39
3fa34007
be9bbeec
40403fbb
406b40c6
40c0bf27
40983f66
3f953f6a
401c405b
408e4057
400440e3
4013bf6f
401c4003
4016bf15
bf6ebf4a
3f7d3ff3
40964032
bfc74081
bf49bdbc
3e0740a5
4007bfbb
3fa2bf50
40bcbf8b
bf7e408d
408640e4
3f3fbfb0
c0013f27
40df4008
be9440a0
407d40c5
3fbac00c
40a83fb0
bfedbf4c
3f81bf21
4037beb1
40a73f91
be49be65
4085407b
3e4e40bf
bf2abfe9
bff44082
bfd7bf68
3f413eeb
3ec2402b
3f42bf8d
40a33fe0
40ed3fac
3fba3fb3
3fec4072
407e4020
bf0d40fa
40b53f8d
3e4b4019
3ec93f98
404940af
bfb14102
40ec4026
40e84044
3fa73f26
be63404c
bfd9c022
3e693f59
c02d400d
3fb33fd9
40704047
3fed3ca1
3f973f50
41054081
3fb83fee
3f9440ed
bed94022
3f9d3fff
3f7d3f55
40383f84
4082bfe9
400b40d2
40bd3ff0
40b9bf40
bf78be96
406740df
403740ce
bfc33f47
bd18bfba
bd504038
40393ecc
3d874101
c01dbf51
c01e3fcc
3f8ebf8a
3f914047
40a34044
3ffe3fc7
3f034078
40253f7e
bf494097
3dd0409e
3f85bf1b
40f04086
3fa64006
3e6a40a6
40a7400d
4077bf54
be093ff9
bf774028
3fb7401f
407440e9
3f5a407d
3f573fd5
3fe33fa7
3ee64085
406c3f08
40744109
40834018
409a406f
4031bd98
4026bd42
3e0d4095
bfba3fa0
40493f47
3f023fad
408e40d5
be0040e0
3f693fbc
be02406d
bf153f24
bfb340d1
4050c03e
4041bf64
3fca400e
3f253ff6
bf99407a
405b3fe2
40263f77
40fc4005
bf683fe9
40793fed
3eeb4086
3fb0402a
40c54087
3f31405b
3f374088
3fa1410b
bee6bf4d
40ad4036
40023f09
bf58400f
bf613e06
406d3db8
3ff83fd6
4009403c
be9340d4
3ffc40f7
bff44040
40b84001
bee1bfab
407c40ea
3e3740d6
c01bbeab
3f293fa4
3efc4029
400e4080
bf58c035
40d1402e
409dbcdd
3f8e4082
3eda40d4
bfd340a3
c003400f
40273f5b
400f40b4
40034095
bf10402c
3fb83ea7
40194074
3f4c4082
404240cb
3f5540c6
3fb43ee1
be2b4069
3f8540ac
3ef7400e
409b404d
bf573f83
41013ff0
bed8bff7
402d40cb
be453f6a
409abdd0
bfb44089
beff4024
3ff6becf
407440f4
40c13f8d
40f7bf13
400b4092
3fc9bfdc
40344110
3f993e9d
4049bf82
40304078
3fe73f8f
3f284088
40c7400e
c02c3fe2
3f3340a6
406a3df7
40b1405e
400a401b
40d44000
3eb94086
be8740db
4047bff6
40833fce
bfe83f06
3e903e41
bf2540f0
bfa44103
bed53fac
40ca3f9d
3eb13fbc
bd8b4089
be674093
40ebbc23
bf79bf97
3f45be74
3ff3bf49
40a240ec
40af3f98
40f4bee1
3fe53f2c
3f1b3ffc
402ec01f
40b2be72
40734016
40653d45
3f5e3f97
3ff6bfd1
bf373fae
40553fab
40b53f87
3fb43e13
3f48bffc
40a540f7
40af3fd7
40dd3e0b
bd6340af
bf7dbffa
40283e1f
3f4f3ff6
3f784055
bf5cbf4c
3fcfc017
3ebac036
3d993fb0
4025bfb6
3ec040c0
bf4dbe81
3fe440e8
40a83feb
409e3f5a
bf4f4053
40793ff9
bf10bfb5
40973f3b
408d3fe6
403f4018
4067409e
4006405e
40ab4038
41054088
3f74bfdd
4078409d
40b9408f
3ebc4029
c028bf1d
40333f03
bead40d7
409040d4
3ef4bf4d
40cf3f11
403f3fe1
402a40a0
bfb6407a
40ac4008
40e83ef9
3f4fbfbd
bf65c014
4078bda7
c004bec8
400a4082
3f844085
3fdc40cc
40184056
40343f08
40b33e75
3f82409b
403e3fba
40374101
bfea3fef
405c3ff2
3f603ff8
402240b3
406440fd
3f0a3ff8
3f514041
3e94be77
40173f08
40923f5d
4026400b
3f6f3fa9
3f373fee
408540c4
40803eca
40914003
40adbf68
3e673f79
bf3dbfdf
40853fff
40b5bd07
41064068
bf3cbed7
40774038
407ac012
40ce3e09
400e3e3c
bf0dbf8e
4077bfd9
bff440ea
40a13f34
40ca400d
3f2c409f
3e9940e5
3d7f40ba
3ddbbf52
40d84081
3f123b4a
403e3f24
40824046
408b4002
4032bf92
bea1401a
3f9fc01e
407b404d
3fad3f9e
c02d4070
3f9bbf94
3ff73f40
bef43e0d
3e84400e
c0003e23
3f18400e
4026bf98
40a44017
4073bf18
40784056
3f1e4066
3f0340ab
407b3f2d
bf3d40da
3eb93fe1
40953fac
3f96bf99
3e34c000
bfae40f8
3ec33ffa
40b2bec2
3f2d40a5
3f1a40e4
402d4076
40e4bf03
40de408b
4003bfab
3f02407e
409e3fac
bf4bbf0d
4015bf5b
3f67bde4
be8fbfcc
40b340bb
40b1bf43
40af3f88
402e4061
40873ebe
bfcc40ca
40e13ec7
c0293fdc
401c40b0
40713ff1
bf0b4107
40b14036
41064077
bf544001
bf89be9d
40234035
403b400d
bfbb3f16
40004040
3e183fd8
3eec409d
40873fad
c001404d
3f414043
4035408e
409440a8
40a63f4d
3fde407b
3fa44033
4071403a
3fb7c01a
bfc64001
bf584035
beb8bf5d
40064017
409840db
40d3bf52
4050bfb9
3fb4bec1
40074078
401940fc
409d4029
40e73fd8
401940aa
3e73bf89
bf733f88
403e4007
bf663d92
beff4055
403a408d
bf204101
be8c400a
40ca4049
3f89408c
407440cc
bfbfc024
3f65403a
bf084044
3ffabfd7
3e453fee
3fa5beb0
40eb3fb1
3eb13fb6
3f85bfc3
3ed23fda
3fdabe63
bf92bf6f
4107be1f
3fc04088
3fe140b9
400a40c3
401d403c
40a6be2d
3f33409e
40863eec
3f8d400b
402d3df0
40cdbf66
bf443e81
3f814002
3f0740ca
3f9e3ffe
401a402c
3e573fb5
408b400d
4063404c
3f074006
3fe04087
3f9d4087
bfa94056
bfb3c00e
40443f9b
402e3fa5
bf5740b0
3fef4019
3fae40e1
bffa3f73
41043f44
3f9d4015
3ecb40df
3f05bff8
40b83f88
beda3f1f
3feb4087
be11bf5b
3fecbf1d
bf124027
40d43ea4
c03d3f94
3ee2bf12
3ff7409c
406cc016
bf803fbc
40dd408c
400d408e
bf1940ca
406e4014
bfcc402f
40d2404e
403f407b
4070be92
403c4003
bfa7bda5
3f2c3f85
3f714034
408c40e9
3f674101
bddebd77
c015bf08
3f5b40ae
3e4c3f6c
4031c01c
bf91bf1c
4035405e
3f1f408d
3ff63fd2
406abf94
40a9beaa
3dbe4050
403a4071
bf923ff6
3f4dc016
40b03dfe
bfd23fae
402540bc
400d4037
4025408b
bddbbe69
40e14020
40303fff
bfbe409e
3fd3410d
40ea3fba
408d4017
3f5940b9
bee74079
40b240a2
40e93fb9
40b9406d
40274081
405d40b1
bfb13fc7
3ef7bccb
406f3faa
3e634098
4080bff7
406cbf18
40a03f46
c004bfad
40043f92
bfb53fd7
401c40cc
40813ff8
40ff4014
bf54402f
befe40ba
40a8c027
4064bf58
40fe406f
bf63409c
408b40a6
402fc021
403b3f31
402e3ed6
3e83bfd6
400f4093
40bc4110
40dc3f87
40a64085
bf56be71
3fe2c01d
401fc03f
40613f9c
c03cbe9e
3f9f3fce
3d9d4082
402c3f8e
c0063e0b
c01b407f
3e7bbf87
40594075
409c40b5
40a73fb7
3e5d3ed1
403bbeb8
bf643f44
40b1407d
3f92be5a
3f1d407f
40264011
beb6c000
bf9dbeee
40173fe2
402a3faf
3dd440b0
bd3b40e5
3dc54086
40264010
4037bee7
3fb34059
3fd640de
4085408f
3fcc400e
3dd7400d
beb43f76
3f9940ca
40a64012
404e3fa3
40d04012
bf51408a
bfab400b
405840b7
be9b3fbb
41003f48
3f8f4088
3fbd40a7
3ec9bff4
3edc40c8
3ed4bf36
40a24004
bf3b4096
be3b40c8
4071be18
40a04016
3e6abfb8
bf3e40ae
402d4095
40974009
40754023
3fcc3f8a
3c313f94
3f49bf84
3dfb4084
40853fa1
40983f57
3fd640b9
406840bc
406abf2d
40c4bf32
40eebdba
bf314078
3f543fb8
40894099
3ffebf61
bf364076
4024bf62
bf833fec
3f7c408f
bfbe3ef2
bfb44064
401e402c
40503f51
3f2abf77
408e3cfc
40973dc1
3cd94055
40333f62
40113fd7
404d4013
bea43f18
bf5840ae
40703e9e
3f19c031
408e3d75
40c2402b
4032408a
402340ad
40be4066
40c53fba
40f64049
bf3f3faf
4062bed6
bf323f4b
403cbf7c
bfdabf6f
3f213fe7
3f91bc83
40bd3f31
4084bf6d
be533f5a
3faebff8
408040e1
40a6bf3e
40e63e86
40e5405d
bf4e409f
3ebd4089
3f4cbf46
40ed3fc4
bf23403c
3e934090
406a40c7
40104021
c016bf33
c0033fa1
3fdb3f98
40314088
bfd53e8b
40b63f17
40fcbe3e
3fc3bfb7
3ea540cc
bdc0bfcd
40ba4023
bf584074
bf5d3e96
40434072
400f3f82
3fb4bf34
4088bfc0
3ea93f30
bd28408b
40694027
bfdebdad
405b4083
3fc13f89
bf834099
4084bf3d
40a34037
bf25bf88
3f83409a
406e403f
3e2540f5
3fb74007
40f03f08
3f0bbfda
bf024075
40a7beee
bfb93fcc
bf2dbc59
401bbf3e
be8a3f08
3fc640ad
3fd43fb5
bf9a3e86
3fed3e7c
bfbd40ad
40ae40f6
40a63f29
40bf4090
3f993e8f
3fde402b
bf123fc5
40224099
405b3f07
bfc3408f
3f6e4028
404a403f
3e4c40ff
40c03ea2
c00e3f06
400fbdb6
408c3e25
3f634021
3fb83ed0
410bbf6b
3f4dbf88
3eab3f0c
be264067
4060bf2b
40414012
3fb94045
3fcdbf98
402e3f42
40bd3f75
c02a406f
3e503ff9
408d3fd9
3f564054
bee1bacf
3fed4085
3f78bf11
40873fd6
bfc84029
4077403e
40943fa2
bdb340bc
3e5b400d
40ad400e
40e43d5d
3f423f8d
3f3f3f51
bf8d3fc9
bea6bfea
3f734036
3f70406c
bec84008
3f6440e2
4080410c
40074003
c025bf33
bebd4087
bf484022
3ec7c00c
bf243f59
40bdbf72
be0840b0
402f40ed
404340cf
bf463e83
402d3e07
3f2e3f91
3f864020
40ae4102
bf583cd4
40583e85
3f7140ae
408b4002
407ebf18
4024401c
401f3e8d
3fa1bffe
bf5f3f02
4062410d
bffebf3e
3fb1408c
bdba3fed
3fbc40b3
40b1be1c
40b0403b
3fa53ffa
3fef3fba
408c4083
3fc53fe6
3e7b402e
c00a405a
bf283e83
3f47bf6e
bff340f6
40cebebd
40b23ed9
402640a1
bfba40c8
40183e36
408c3e94
40fe404b
bf1fbf86
400f40bc
bfc040db
c00b4038
bff03e7e
402d4024
3eb63f0e
bf5b402c
bfd14010
4098403b
3ff94085
3f9e3f60
bf42bf90
40933edc
3d394078
bf03be40
4081bfb4
403d4081
40ad3f89
410ebedf
3fef4086
3e5b3fad
404ac004
40b33f99
40a44073
beb73eeb
3e943fb9
bf8fbf13
bf093ea0
3ff4bf12
3f8240b9
3f0540cf
40303faa
40033ead
40894056
3e78bf4b
3eb1400a
3fbabeaa
3fc940f3
3f6e4003
4108407b
3f71beb8
4083c011
3fc9409e
40ee4035
3fe34028
40383f6e
40893f6e
bf78c021
40bbbf25
4068bf69
bef44009
bf36403e
3eb9c027
40c7402b
410abfb1
3fddbf8a
3e0540be
3ec6c001
bf204014
40533ff1
3f3a409b
40523fcc
bf5a4090
401abf53
3f79405f
bdb83fbd
bf903f1c
40a04092
40b73f96
c00e3f3d
3fa140ab
408e40af
3e9840d1
40b84032
40ca4030
3d223f6a
404040e2
403dbde1
408c3f83
406e3f98
40393fe9
bfb5bfae
3f4bbfb4
406e4005
40e4bf2e
be84408b
401340c7
3e62beb4
40d53fe5
40e9bf45
400f3fc1
3f883dde
3ecb410c
40be3f2e
403c402a
3fba4067
40073fc8
bf543f82
400e3d0e
3f823fa2
bf21404d
407cbe3f
408fbf35
bfdc3f80
beb83e9c
beb8404d
405abfbd
40b240da
406ebc60
3f09bf7e
4023bf28
bf3c3f9c
3e784093
3fb44019
bfef4066
be8140a4
bf1040d3
bfd9400f
40513f3d
3f993f96
bf4440a0
40584089
4042bf9c
40e93f08
4071408d
be363f9c
bfa7be6b
406b4049
3f6d402f
bc82bfa2
3d3e402e
bf613fe4
4059be13
bff5bf42
40ff408f
4034be1b
408ebf0c
4031be06
4063be9e
c0404088
3fe13e18
40434070
3f00beb1
403a3fc5
3fc43fe9
bee9bedc
40633f80
40b0bfdc
40bf3f9a
40fcbf85
4039bfd7
3f803fb3
40233c43
401f3fe4
c0203ed7
bd0940a2
be5dbd96
3fab410d
40e23f0d
3de6bfa7
403a40b4
40853ec7
403a40b1
402a40c8
4027401f
c00abf9f
bf023e63
bf1540a5
3f2c4085
40ee3f8f
bf863fed
3f7f3fca
40274099
40bfc011
3fc03ea6
40d74036
3f86be85
4074c00c
3fcfbf67
4026402c
3ffa4009
beaebf0e
3e593fd5
bfbfbf05
be7c4008
c001405e
3f904004
403bbf97
3f0a4018
c0053eb8
3f3a3f2f
40313f8e
408040e9
3f794022
40dc3f3b
40c4400f
3e924050
beec405d
3f3e400f
bf453f5f
3f0f3f2c
4009bf7c
3f8fc003
3f95408c
404a3f2f
bfbd3f07
40334082
bf753fc5
409d406c
bfa44003
40ff3fea
3fb13e3d
bf9f40c3
408540be
3fbe3fc5
40bd4019
401a404e
40844014
403040ca
bfac3ec8
3f68be9a
3fcd4053
3fb8bd2b
402dbfe3
40c2bcb0
c0053db0
3fa6402a
bf103fb8
40adbe82
bf44403f
40a73f1b
40254094
3fb940df
40a4bee1
4028401e
bfd74037
3ffa3f5f
3f7ebfc8
407d3e03
408ebded
40ea405f
bd5c405a
408d405e
be0fbfe0
40e7bf2e
40fa4063
400540b1
3ffa40d4
3ff63fe2
3f463ff8
bfae4055
3fdd3f50
bf254044
bfca40a5
bfe5bef6
4102407d
3f1c3f90
3fcc403f
bfac40de
3fe54020
40404076
bf6740a4
bf3f40a4
40b0bf66
3fb43f3d
bf7d3f8c
3e36bfd1
4071406e
4075c032
3fc83fcd
bfa0407e
be204073
3f43bdf3
409b40ee
3fe9be8c
40d33e80
3fe53fb3
3fc940c5
bfc9410f
40914001
40cf3f89
3e5d4096
407740b0
beaf40b2
bf7b402c
c019bf6f
3fec4011
be1d40c0
406e406c
40e23fc3
4090bedf
3f6e3eaf
4024409c
406c3fab
bf84bf06
3ff73fb1
3fba405e
402040be
3c56bfa8
bf1fbf86
40163e41
409e4039
3fc93fd8
bea3408c
3ff040bd
40b73f51
3fb13faf
3f913e27
405840e7
40683e3f
40be3fa7
bfac406a
3f603ec5
bfa33ff5
be07bf12
3fbfbef9
bfe9407c
be393f23
3f0240eb
40a6c02f
bfb6bf4e
40bfbf98
400d3ffd
3eaebed3
4082bf54
409bbf4a
c000bf1f
403e403d
407840bc
40804103
40bb3fee
bdfb3e69
3f944029
406f4034
3f8a3f02
bfcd4020
40eebfa2
3fe64086
405740a6
40454013
3f943ee7
401fbf1f
be2c3f25
bc7c4004
3f8340fc
40563fac
40de3fc2
402e3fb2
4044409a
3f9fc017
40b33f8c
bf173f68
3ece40a3
bed1bf89
402c4005
3f703ff9
c00b408c
3ed7bfa5
40044075
40be40c1
40a93f58
bff94080
3ece40ac
bf3abfce
40a1be5b
40eb3ef2
40d2be89
3fad4085
bfa64016
40a740da
3fe63fd2
409c3f87
3e1640a9
4030c01b
bf8bbf85
be524016
bec53f8e
bf113f18
40473fa0
bf3340a6
c014400c
40204048
4002405d
406bc009
bfd4bf7b
3ff23fb1
3efa402a
3f0c409d
400840b3
40b7408d
3f2c3f8d
40bb4043
bf64400e
40783f94
be274090
40e9bf17
40b1bfb9
40053f87
406440c8
bf93c03b
40bf3f86
bf8c4036
3f4e400a
4031bf73
bf2340f0
bf883f98
bfa63fbf
3ffbbfac
3fb440af
403c40b3
3f24403f
c0213fe8
40283f27
4085bfb3
3e994090
be1f3e2b
bf8f4088
3f3e408e
3fd240ae
403a40b1
408a40a1
40dc3fb9
4105bf65
bd684086
400d4097
401a410b
40c53fd5
4083bf4e
3f4d4003
3f10bfda
40b6c00e
bf9d3fd4
40953fbf
40023f35
4087403e
bc9040a0
bf973f2e
3ff64046
3f74bf6c
bf9b4035
40b94064
40813f30
3dca4038
bf763f34
3faf4098
3fc34109
409d3fbb
4097401a
bd024073
402b40c1
bf64410d
40ca3f6f
40d74052
3fa13e97
4037407f
40ad40f7
bfe8bbef
bee3beb4
3f133ff2
be983fe4
3ea6c033
40193f4a
3fd14056
bc25bf26
3fd240ba
401e4025
401b4017
40cc4004
be86404e
3fd5c00d
40a0410c
3f3f4032
3fd9bfb3
3f39405d
bfb04096
402abe79
40ee3fae
4082403e
3fe540b0
bedc3ffc
406540b3
40223f7c
40ff4083
3fd03ff3
3f644009
4046c01d
be9c4012
4102bd56
bdba3f19
bcf540bd
3fc13fac
40064031
4019bfbd
beaa40ad
406dc00c
bf9e4097
40413c54
bfb03fc9
402c40c0
3f4e4051
40a540db
bf44be0b
3e80bf87
bd2a3f5a
3dbb40ac
401bbf9f
bf833ef4
40f6401a
bf294043
bfa53f52
40b740fe
3fe4bf4c
4053408f
40093f83
3f9140ab
40b33e2d
40ab402c
bf1f4074
3fb24095
be4d3f81
40a840a4
40983f86
410d4004
3ff63f23
3e6540c4
40a440be
408a3fb6
bf0f4013
beef4045
3f4a4040
bf104098
3dcf3fc1
c0383fb3
3ebf3f82
4075401b
40494048
400dbdaa
40894059
bf24bde8
3e35bf9e
407240b8
409abf40
41023fc7
3fbc406b
40493f51
40b140c8
40af401d
40df4012
400e4086
3ffe4061
407740b0
3e93be86
4081bf39
bdd23f77
4036bf89
40433f85
bfc140fe
406d3f45
bf55401c
3f76bfde
40544026
bf87400f
40d2bef8
3f4b405c
be2540a3
bf803fe7
40a8bf91
4053400a
41074041
3e574070
3e913f92
bee840fe
40a94012
4101408f
3f224018
3f343e92
bfa840c4
bf4dbeca
3f324046
3fa7bf6b
3fefc017
4042410f
be1fbf46
40e6406d
be91bf62
3e24bfdb
3f734054
bd0f3fe8
40bb408f
3ecf3ff3
bf23be1a
4063bfad
40723e83
40ec4088
3fd14007
3f934036
407a3ff5
bda64008
c0353fc9
bf22409f
3e964001
beea410d
408dbf40
40c0bf54
400dbfe8
3fe6bfb0
bfc6bfdb
3f3b4010
3fc4bd0d
3eaabff9
3f2d408f
becdbf4a
3e9e400c
40de4079
3fa73faf
bd563ff5
be93408f
40333fc9
bf7d408f
3f6c4055
400f4030
408f40e3
bfbebee7
3f07402d
3fc8bf76
3ff0c004
bf6dbfbf
bfdd4034
40f4bf00
3f8a3e89
40284087
bed8410b
bf3dbec2
bf9cbf8d
3fcb4088
3fe040dc
bfdd3f36
3f263da3
bf9ebd72
400c4020
3fa73fcb
403240d6
40893f24
410ebf92
bf47bfa8
400140d8
40aac00f
c0083ec6
c01dbf95
40324077
4074bf24
3f26be78
40114022
bf243f97
3f7f40a5
3f103e87
406640ee
40c03fc9
40623fd7
3f854021
408b3f8b
bf5f410b
be9f3fa8
40a84088
3ec44069
3f9240e7
3dd23fd4
408b3ffe
40e34013
3f474032
3fa74085
401040ce
40ea3f74
40ec3d6a
40704054
be8c3fc9
3d883fa1
3ecf4086
40e23fc0
41024065
3fb23f63
3f944001
3fc440c9
3f97403a
c02c3ed9
bf2e40a9
401d40de
3ffa40c3
40273fde
40f53ea2
bf3140b1
3e9c40c3
40a640f7
3e414008
c0183f1f
bf14bf6b
3ff54000
bf2040eb
40babf55
3fbf3f85
4009401c
405640a6
4009bf8b
c0183fde
406f3f76
403140ad
bf3f4042
3e01c026
40b23fdc
40374043
3f40bfbd
3fc73f18
409a407d
bf40becd
bfb34038
3fce40ba
bf2b4090
bf263efe
3fb43f5e
400c3eb6
3fb4bfaf
bfbabf44
4014404d
3fe53f8e
bfa03f86
beac407a
3fd24076
3fe93ff9
40683fad
40323f2c
3f973fa6
40224001
40a6bf94
40b0401b
4099400c
40263fee
bfa33e94
beab4093
40d6bf38
3fa3bf98
3dc84022
408fbf3e
404a4089
c0123e68
40f1403f
3ff5405a
406a4091
4039c005
bf4a3f86
4040bf3d
3f4540a6
4045beb4
40694022
3dfcbd82
3fd4be83
bebe4071
3fa040d3
be4bbfa4
bfd74007
4109404e
3fd5be9c
bedc4073
407640ba
409b3f78
c0124051
bee14083
3eb9bf90
40934021
40d93d89
bf8abf0d
bf60bf67
3fd8bfa0
bf20c00a
40aebf50
40bb403b
400ebf8d
40883f77
405c4098
be2b3fff
beb0bf7c
3e5bbfb0
bdb640cc
3fc13f88
bf604012
41014033
402f4095
408040a3
40a0c006
4086be8a
c03e4007
402a40b9
bf984060
3ef14101
3f20400c
40e13f63
be8a404a
bf8e4008
3fa04072
40ab3fc3
40673fd1
bf72400e
402e4085
3fc1bfb1
4011c00a
3f893f70
c0123f03
3ed0408b
bfab3e82
407e3fd8
3f883f5d
3ee63fab
3d92404a
bf3c3fbc
3f124022
40c24026
40bb407b
3f1b3fe6
4074404f
bdb74082
bfaf4020
40f04076
400e3f84
bf4b40cd
40043fe4
3f963d5e
40af403d
bf6040a0
bf0c3f70
407d40d2
bfa13c84
40d24029
be47405a
402f3fa1
4002bfd2
bf8b3fc5
c008404c
bf6fbf02
bf934016
bf8a40f0
4060bed2
c00fbf66
3fd1bf98
3f743fb6
408e40c8
c0033f1a
3f593f03
3fa83d9b
3ff24043
bfcf40f9
40e63f05
3ef84010
3d4f3f5a
404cbfb9
409c4106
c0093fb6
c03bbfbd
3f293f92
40283fc3
bf8d3f44
3fc2bed5
4042be5a
4024bfcf
3d01bee2
409a409d
bffb4007
407a403a
3f503fab
3ff2bdd4
40b8410b
3f7d401c
40c3bf9d
3f7abff8
4056401a
3f6f3fb5
4091400f
40cb401d
bf2f3f3e
bf1440de
406140a0
3fe3bdac
befe408c
be56bf98
3f70401b
bfc6bda9
40ed3e5c
3fd13fb3
bda64085
400c3f39
bf674031
bef54017
41064054
3f933f5d
bf26bca0
bf98407e
40efbf2e
3e4e4027
bf54bf28
3f923f3e
bfbc3f15
3d013fe2
40fbbf6b
bf753f87
408e40c3
40b640a5
40eabea2
40d03fd8
3ef64062
bd4c40ab
3dc5c011
40e83ec5
40ad3ea6
bded400f
3ff84087
bfc340d7
3fe6bf01
40843fa4
3f80be30
4075bd0d
bfa7c02b
40d5be64
bfd9407b
bf55beee
3fab4070
403640bc
bf353fe7
40123fac
3fe740b8
bf6740e9
40b0bf6a
bed9bd3a
40613fee
40cc4033
be364027
40603ec0
3fab405b
3f634034
40f03ed5
3ede3e5b
3d8e3fd2
405ac03d
409c400c
406f3e22
3e3dbed3
bf6f407f
409f3ffe
40a33fd8
40bd3fb2
bf2840a3
3e7340b7
3fe2bf07
401e3ce4
40ac3f65
3f8f3fe7
bfaebd92
40914008
bfebbf7d
409e3ecc
3f5e3ff0
40413ed1
bf7a410e
408d3fb6
40cdbf9c
3f2bbfe5
405e40d3
3e3c4030
beeb4009
40cabfbe
3e9b403b
40254017
405f3fbc
3fe6bf1c
c03e4068
bf16406d
bd29bfff
3fca3f0a
40ab3e30
41034059
3f47bf67
40363f92
4054bfbb
3fa0bf76
c03bbf2f
3f85bf9e
3fe53fc1
40b1408e
3f2a403f
3ece3eda
4038409f
3f7f3f25
3fd840d2
40c63f8a
40bd3dba
401a4050
bda6404f
404a4058
40c8be0c
bff53f51
4008bf5f
bfa94012
bef64029
3eab3ece
40cb400f
3faf40a5
bf88be7a
40884049
40c74031
41014023
bf77bf03
3e203fe3
bf6340a3
40c43fbf
40a04051
bf78409b
402f40d9
bf834105
40223ee8
40c8bed7
bf02bf34
bf55bfc2
4095c028
405b403a
40f63f7b
4036401a
402940a6
40844094
3f4dbf36
40833fa8
4010bed3
40573fa8
bf08c017
406dbf7b
bfed4003
bf1fbf35
be5a3faa
40ba40ef
3fd1bec9
3ea24069
bd263fa9
404b3ef8
bfa540e5
bfec401d
3f73bf1f
3f0640a5
407bc012
40953f6f
40e73fa3
405e3fbd
3f3f3f20
403a4029
40ae4105
3fc53fe9
3ff53f4a
400c4089
3ff54083
bfee40b7
3e1e3ff2
410c4075
40174072
3fe94075
3fd740f0
beff40fe
404d4024
bf974083
3f854056
40213d7a
bf5240ed
40834001
bef0407c
402f4083
406e40c0
3f2f3fc4
bf1b3f3e
c02d404b
403540a0
3f0cbf9c
be08c01f
406bbdb6
40eebfa1
3f1a4035
401240bd
405bc018
bf743f53
40e64089
bf2f3f9a
3f38403d
3e0a410c
40aebf26
41094046
402a3fb2
bfbc40a6
40bf3f87
bf4d3f61
410c401c
4028be33
3eebbe22
4024408a
408c3d51
409ebf33
3feb409c
400c400f
3e94bf56
40a0bee6
4078bf9f
3f9a40a8
bf3d40ef
3f00bfc1
40893eaa
40d04030
3eca408a
404940b0
bea34076
40423ea3
40e2bf87
4011407e
bf9d3ed5
40bb40ee
40703f0d
401bbf50
4007bfde
4037405c
3f5cc01e
bfdd4009
bf073fbe
be4b3fb5
40844057
408dc00f
40abbd96
bfc4bf1e
3eaf4059
40584054
4062c02a
40c73f07
402a3ca5
3f384039
3ff13f0b
bef440ee
3fee403e
40cebe90
bf523f59
408b4075
bec540b5
40ea3f9b
40924086
bf7b4084
3f77bdbb
402b3eef
40e83f9f
40914062
bf6e40a8
40293f9f
3e5240a6
bf02400b
40b33fa7
40294039
bef540da
40b6bf8e
bfdc3faf
40934051
bf5b40ab
bfb840f0
bf39c01f
402fbf47
410c408e
bed94087
3fca3f7f
40934018
40d3400c
40e8bd58
401f3f9c
bdd940c3
3d9d409b
40be3f06
bfe7bfb6
bf32406e
3f8bbfa2
40bb40a7
bfe23f4c
3fa54074
bf7b408a
bf4a40d2
408140c6
3fab3ffa
40e6408e
3ecc40bb
bd46c01c
be6bc009
40553fb4
3f864032
40e23f7f
bf06401d
bef740cb
bdf9404a
3f3ebf53
404c400d
3fd74029
3fb7bf3e
bfeebff4
3ec23f90
beb8402a
3fdd408a
403f4094
40474045
40603f76
410c3fc1
bf6abf58
400ebf2b
407840a1
bfcabf38
3f963f4e
403b4062
becf40d6
bef9c008
40a33dea
41034061
3fc7401b
4066403a
3e4f40af
40704015
3da8bd28
bf313d2a
3fad40a7
3d8d3f91
4060402d
3ed0bf2a
3ff8bfd6
404640c2
409f402c
40893e84
3fe83fe8
3fa8405a
bed540b2
bec73eb9
40e7bf77
40bc3fdf
bf7b3fd4
bf8f40b6
3f8c40c7
bf723f9e
c003bf86
40303f09
4005beb5
40764025
402d4009
3fb84081
3f5f4087
3f0940a8
4094c01b
bfa33d24
c0263f8a
3f823f33
3f8540c4
bff5c029
bf5c3fea
40f84028
3fd73f6e
3f203ff3
409340b4
bde3bed6
410f4020
3fe0bf5b
402f3fff
402940f0
408a3e17
410c403d
3ff640a1
3fa9408c
bf7840fd
c0053fc1
40d2be9c
3e9c409f
bed2409d
bf364000
3f7f3fe8
3ee9bfbe
401abfa3
40033d64
4081403f
c00f4022
40c44036
befebfb4
3d724051
40bc3fab
3f0cbdc5
4100403e
3fa3bedf
bd573ec7
4085c00d
c0054037
40e7bf98
400bbf0b
401a40ad
40794000
40ae4029
40cd4013
3f864081
40523fe7
40833ecf
c00a3ec4
bf364090
bea140c0
404640b1
408e3fe4
40214025
40394015
3fa0bfd4
403c409b
3fbdc019
3fa33fc7
405cbf89
3e02405b
3fc04088
bf423f3c
40ef4022
bf5f3f4f
c030407c
bebe3f9b
3d9b3f0f
40933eba
bf0f3fb0
40bd4081
3fc53ff4
3fef40b7
400f3fd3
409d4037
409e3f05
401e4074
401240d5
3fc3bed3
bfea401b
3ffa4081
be993fe6
408c4038
40a2bfb1
40b14033
3f233e8c
bcaf4097
4076bee3
40024086
3fa2401d
41023e86
3fe93f6a
bfbc3fd8
3fa6408d
be8a401f
40a14089
be85bff2
bed1406f
3fb840b7
40be4014
be07bf8a
3fba4090
bf2f4071
4029bcc5
409b3f06
bcb4beb4
400c40bd
bedfbed7
40793e3e
40913fa6
40833e33
bf223ec6
407f4012
bfa1bf04
40173fbc
c022407d
403940b7
40903feb
4098bea0
40b7be74
41073fbc
3f594036
4032bf63
40a9be94
40053f9e
40e23fe8
be37405c
4088bfe4
3fce4100
bf993e9d
3c9e3f49
403f4091
400240c0
4069bfcc
40e63f84
40c04081
3fb440ba
401fc018
40c03f2f
40f03e7d
40e04017
bc1cbfea
be954001
be2d4103
bfcbbf5f
40b43fda
3fe8bfd7
408f3fd6
4016410d
3f17400e
c01c3eb6
3fcb3f89
bf0a4059
40bcc016
3fe1beb9
bff84035
40203f62
401dbe60
befa4050
409bbf61
3fd8be8d
bf223fd6
4071bf7f
3cd43fb6
407d3e82
bfc1bf86
3fdabfa4
40864076
3fcd4096
bdf33e58
40084007
bf053e79
4002402d
40593f77
bfe33fa9
40fa3f0b
bf454026
3efa3f0a
bfb0bfbd
40be3fd9
3f854042
3eb8407a
405840bb
bfd33f1d
3fa0be33
404bbe6c
bda5bfd3
408040a4
40b840ec
40a63f5e
bf9e3faf
401bbff9
4014bfc2
bf3340e8
400d3ff5
bf07bf4d
40024016
3ebb40a7
404d40a8
406340ce
408e3e6f
3f89be91
bf1b409f
408e3f97
3f86c01f
bf5e3f96
41033f5e
3ed6403d
bf5840cf
3faa409d
404abe07
40eebfbc
3fa14088
408c401e
409dc013
400c3f69
400fbf95
3e773fa7
3fb940cf
bf003e8b
3fae4006
bfff3fa8
3f333fed
405f40b3
4009bfe0
4044bf0b
40c34071
40343e34
3f964085
404c40e0
3da1bef6
40674063
bf2c403c
3fd340a5
40a44105
4054bcb9
409d3e92
be384073
3e6d404d
40324105
404b4008
3fa73ddb
3ff3405d
3f133fa1
3f9d40d1
40053e3f
c0233f90
3ff6bfd8
bdb540ac
bfd2bea7
3fdd4008
40843fa9
4023bc36
4033408e
4040bf04
bfe33ea5
3ec5bf8a
40224012
4032bf6c
4087bd3a
4068beb5
3fe6be00
402b3b4a
3fbc3fe3
bfa5408a
407d4017
c00e405d
402d409c
3fe84060
40714029
40b7401e
40aa3f37
3eac40b9
bcda3d6f
40934085
40e3400b
bf7abf61
bf274028
3f143f8c
402e4107
bf1c3f55
40babf5b
3e9840bc
bf5940ce
beb4bfd2
40d33fb0
bf814085
3f8d3f13
3f53409b
404ebeb3
40553fa4
40d83f6d
401c4051
3e32bfe3
bf76408c
3dbabf2b
40fb406a
3eebbfd6
4088bff8
bdfe408c
40163f90
40f5be01
3f1b40bd
3e29404f
3fa14056
be2cbec5
400c4067
4017bf9b
3f2a4090
4050bdb7
40d44026
beb83e6f
bf00be39
3e9a407e
3ffebfa9
40d63fa6
40534065
3ff9bf12
bf3340bc
405440ee
c015bf47
be5f4014
bd713f2d
3fb7403f
40833f93
406b4008
40b9be4c
4084bce1
3fc33fbf
40254001
3ffdc01a
404dbcda
c021bf03
3f913f90
4089405a
407abf91
bec54023
4083408c
4003408d
403f4083
3f9540e6
bffb3f6d
40d4407d
40143e2b
401b40e9
3f2c408d
403a4024
c03d406f
3f343f16
4018bfe7
40ac3f68
40ac3f82
4100bea3
3fa6bfe5
3ef63fb1
40774095
bca2bea9
408b408b
3fac3f8c
4028bbfb
40b34063
4074400f
4022bba1
be7a3e91
3f5840c2
3fa1bff1
3fde3fb4
409d405e
3fa340a3
bfa74075
3eeb40db
3e47bec4
c00cbe0f
bf0440b9
4010bc60
408a40a9
40d53e80
bf424042
3e3bbfa1
402640ba
404a40d7
3f904017
41073fa8
bec3bf62
3eb7c002
3fc740b9
bf7e3ebf
40d94081
3fb940bb
3fd8bf75
407d3f18
bfb43ea6
40a1bfa9
3f234092
406740e8
bfb54005
c0133eff
c03e3ecc
3fda4049
3f8d3f8f
40703e36
4049403b
bf8ebea3
3fab40ab
bf5c3f76
3fbcbf29
3f4fbf2e
40cabe5d
401b3f18
3eeb40ba
4082bfd5
401abf70
c011406d
bec4407c
402840e9
3fc04087
40a43ffd
40593f95
bf4bbf02
bed3bfc3
3fa4409e
40843f11
3fd04042
4035bffd
3f63403d
406f40d1
3f84403c
40ef405c
bf004090
40164054
4099beb7
bfa93e11
40aabf81
bd4fbe87
becfbfa9
3f9f3f4a
3f2dbf64
c00f404c
be053d15
bf3a409b
400140ec
40013f17
bf54bfa7
3fee40c0
4021bfc7
bf323f90
401c3edb
40aebdb8
3fca3f34
3f0c3fc8
40354023
3fab3f55
3fa8bd9c
40acbf99
be1c3fae
408840b4
bff4c023
40883fd9
410f3fa9
3f81408c
3d2a4054
3e3cbebc
be82bf40
c03c4025
bf223fcf
3ffd400a
bfca404a
bfa74032
bed93fcc
bf1b3fda
3fcb3ef3
4003bff3
3db74037
bf8f4082
3f173ff5
bed74043
be1b40a1
40673f13
bf8dbe76
bf123fa1
3fc5403e
403e4100
40854037
bf104064
bf67bfc7
bf8c40a9
bfed4044
3fb73ea7
bf5a4034
3f8840b3
40383f0f
4094400e
bf8ebeea
409bbd83
bec5beef
401640a5
40864058
40d73fa3
3f713f89
bee1bf4e
40154075
4091410d
40114037
40f3bf87
3e9340a0
402a40a6
40aa403f
bfd63f26
40bc4012
40104019
bf02bdb1
3fbc410c
3f8a3fd5
3f7b3f82
40243fbd
4069bf87
bfd240e7
bf703fc3
3eed4065
befb4043
3e67bf8e
bfbf40c7
40b83f2f
40b1bfa0
3ec73f79
408d3f89
40963fb6
3f313fd0
40973f69
403c3fac
3fcb40b7
404b3f71
4074be12
40ad3f72
bf273fb6
408e40c8
bf2a40a2
40a0bedc
4015be27
3fa840aa
bfb63e9d
40103fd4
40b83fe7
40e14078
3f3d4064
3deac006
bf1f4063
4053bf53
4099beda
3e2640b3
3fbebf8f
3f0e40b7
bf9f4010
40edba4a
3f2c4026
bf8940ed
408040aa
3ff03f81
bf24403e
3f1340b9
bf45409f
be764107
4049bc96
400ebed5
403ebebb
3fa43fcf
bf773fe0
c01a401e
4035404e
402bbf25
3fc04075
408d3f36
40744019
406d3fb6
3fb03d69
40054091
4093bfe4
bfbbbdb1
40ca3e2f
40eb408c
3fee4085
3f264060
40bb40cf
bf233fbc
c01e3f2f
be0e3ebc
bfbd405a
4072bf8d
bff43f20
3fe3beb0
3f954050
beb1c013
40a03f3d
4078402b
40da3de8
beed3f9f
bf7540d2
40183fe1
40ab4014
40cebf63
40304036
bfb2bf4e
3fcc3f46
3f864019
3fe83e68
400bbfd8
3fe4402f
3fe74005
3f1d3fbb
3fc2bf99
4022bf89
bf24c016
4092bff0
4094be8f
40164014
3e144084
bf20c00f
40b7401f
406e3f2b
4034bfc0
4029bf17
bf27c004
3d3640d7
3ece4032
4080400e
3f8640b5
3f1940d4
40ab404b
40e83fe8
40d83fcb
bf1840b7
bf624080
3ed840ed
40b83f17
3f1fbf2e
4000bf5e
407c407a
40abbfe1
bf663ee5
bf9f3fa5
401f4094
4083bfa8
404f4069
c006bf16
410e4013
bf28bf37
4069c006
3fe94004
40933fe1
410cbeba
bf334082
3f25404c
40414102
40b43f04
40244081
3fb4bf89
bf9f40c0
40463f20
be923e18
be913c86
3fc6404b
403ebfff
3f16bfb6
40dd4036
bfe9bf44
bf02402d
bfacbf4d
3f2140a6
400a3f91
4068bf95
be88bf33
3eb3bebe
4096ba90
40c6400a
40d43fd5
bc50bfca
408340c5
bf87409e
bffb3ff9
410c3e0b
3f40bfbe
4022bf9b
bffa4109
3f9d3dbd
40a73f4e
bf6b40ab
3ebb4002
3f283e12
40c3bd26
40853fa4
3de63eb7
403740e4
3c483fdc
406dbf20
c023bf83
403e40a4
400b40ea
bff6403d
406e3faf
4000bfa5
403abfab
408e3f97
40a1405b
402c3fdf
4034bf43
3fd8bf30
bf193f29
40184077
3f453f89
405d3fe6
410f4018
3ec63fac
bf5a3fde
3fa740df
3f4a401b
40b03fdd
befabf98
3f5f3f9a
408fc002
404c3fc6
40a83f9f
3fb44059
3f594050
404d405c
40ae3ea4
4004be22
3ff140c0
3fca4034
bf04bfdd
bfa03fd8
bfe93f86
3fa03fb2
3fcac016
4004bf6d
40d33efb
40b1befd
402740aa
bf283f0b
408c4038
3f993f6d
40b9beb9
3fe2401f
bc3b3ed6
3daf40bf
40833fa0
c02e4019
3f81407c
bfa2bfbe
3f4b40c2
40ed402d
3e354081
bf0340a6
40814099
4042bfae
4026be75
4052bfaf
3fb33f97
405040c4
40a540e5
407a3ea2
40693ec6
bed54089
bf203fa5
40884025
40253f6f
410dbf93
3fae409a
4006bf0c
403dc025
bfc44028
405a4058
3ffd3f3c
4088406e
bff640ad
bfb93fa7
410bbf83
401a4099
4036bf98
40ad400b
3cf63fad
40a63ff5
bf5a404f
3fbc4084
407e4105
bf2d4009
40124089
3ec74096
406d4097
3eecbfe9
3fe03faa
40b5bf55
bf08409d
406d408e
bf3240d8
3fbb401f
3f6a4047
400cbfc0
3fde4084
3f3e409b
40ad3ec4
40b43f9d
3fc53d03
4082bfee
bfd840fe
3ff23c1e
bd4fbf73
bf494045
be6d4093
bf954102
bfd03e84
bf5f4009
40314093
3f9640db
40663f48
3f973efe
beaebf8c
3ff53fc0
3f603f0e
3f3540c9
40784015
3ff93e08
3fbebf7b
bf99404f
bfff4083
bf9b3f81
405c4039
3ff8bffd
3f95c007
3f65c014
4096be75
3ee6401a
3f99406a
3f283fd5
405bc008
3fd73f9b
3e7bbf6a
bfb64026
3fb24066
bfabbef3
3f963fdd
3fb64013
bf8fbf90
3e2140b1
3f4740d7
3fdb410c
40463e8f
40553f0a
3ad340a6
be183f08
bf82bf6c
c01cbda5
3fe84081
3f784086
4085409e
400f40fa
3bb3403b
40c13daa
3fdc3f18
3ef2409e
40a940ef
bf393f40
be47408f
bf5f408e
3f9b40bb
3f8d3f87
3f18bf50
40ed3e9b
bf5840ae
40664039
40b8c000
40cc3eff
4099405e
3dd3bf92
3e9f4026
40a63f80
bfc34005
40473e76
4003bf4b
40054004
bf0940d0
bf13400c
403dbf98
3f9c409c
408c401f
3e434083
401a3e03
3fb1bf0e
3f8e4085
bf2d3f41
40a5bf70
bf28403a
40994022
bf713f28
408a3f68
401540e2
c0163f5d
4110406c
402040ae
40883f3d
bfe7bf00
40bc3dd8
c0164004
401c40b3
40594090
4088bf68
bf683f0e
41054075
3da83f12
bf7c4092
3ecbbf6f
4092be33
c01b4046
3fee3f4c
bf7640b6
bfb73e1f
40d9403d
4011408e
3feb406d
be3840a5
40663ff7
40a83fa8
404dbfb5
bf404015
3e22405f
407b401f
4077be64
40393fc5
3fc93e8f
408dc012
bf1440ee
401a3fb8
410a3fcc
bf3dbd65
4082bf56
3fee3f37
409e3e6b
3f664069
4029404c
408a40a5
bf6140cd
406e3eb3
40ca403d
3f8440ae
40023ff1
40a44013
40a73fe0
c02b408e
401e40a2
3f613f8f
405940c0
40ddbe11
3f624058
be424006
3dbb4089
3f6d4095
400b3fbc
3fea4065
bf093f3f
3faf40d2
4088bedc
3ff0403e
3e3cbebb
405ebf9b
4021bf10
3fad4048
4037c00b
40633fed
3f96401b
bf4340bc
bf2b4090
3e29408f
c0163d3f
bfd24048
3dd24093
3f323f4d
40914092
40c43f24
4024bfb8
3ff340a9
3fd1bfcc
40ba4097
3fe5400a
3f683fdb
3ffcbf44
3faa40e9
bf393f05
40ee3fb5
beeb3fee
402340a1
402440ea
40174084
3faf3e6a
4002402d
3fe8bf8f
bf933fc2
401e3f0b
409c3c28
4046bef9
4030bf7c
3fe54047
bf8e40cb
3eff3f22
3ff9be86
4005408d
405c4088
40084087
40503fdd
410cbf59
3e0840bd
405640b3
4037409e
bfc24003
bfc4408c
3f984053
bd834031
409dc01a
40af3ef3
3f8ebdf2
be924002
bfae3e7e
40b640d6
40e54003
40e83f88
3fe1bd5e
404440ad
4026410f
3f02bf00
40be400d
4010bf89
403940e8
4048c02c
409e3f44
bd94bf2b
40264020
401040e7
406d4032
40213de9
40d9bf09
3f5340bc
3f7340c5
bf384058
40adbed3
40a83f78
bd23401f
bf894098
3fb2c03b
bf643d82
bfbc3fa2
bf443faa
40183fd5
4067409e
3f393f98
bf80408e
3ea04060
bf9c3fca
40844100
408abe76
41093ffe
4039400e
40663fe2
3f6a4043
3f103fdb
4048bf57
4029bf85
3f1940eb
40b03d67
40b8402e
40f3bea3
3fdd402d
4049bf64
bfff402c
403a3fae
4069bfb2
3f9e3fe0
3f8fbe08
bf9f40a7
be8abf28
bef54078
401b4059
403540dd
bf1340fe
c01c4005
bf8e3e03
3e214079
3ecc3ef5
40474101
3f93bf66
40f8406d
400bbf95
402d3f14
408a407e
3e5fbf19
40e0403d
40853f28
4008bf84
be8340ab
40a640c4
406f4030
40223ffc
3fe4bf6e
406e408f
402d3f1e
3fc63f17
402d408e
be2c4098
3f9b40ca
40684088
bf2d402c
be273f22
beb340a2
403a40ea
be56beec
40ba400b
40b1bfb6
402740be
408bc014
bfd64074
bfd4bf7b
3f483ffa
3e11408a
3f803f90
406d402e
4073401a
bfc2bf8e
3ed7beb8
3f3f409c
402640ca
3f413f81
402f3f8f
40304080
40883f94
40494095
bf884012
403abfbe
3eeb4011
bef540b3
405cbf22
3d843f93
3f06bfbe
3f7c409e
bf9abf70
408f4060
bf973fc0
40734006
bf284060
40224052
40913e05
40d6bf5c
4084406c
3c494028
3ee3bf49
3f2b40c1
3f82be84
3ff83f12
3fa040a3
3ff340e4
3fea40aa
40dc3fdf
3f884029
3fdc40aa
408ebfa6
be6abfff
3fae400e
c00d4081
3e96406d
4058407d
bf5440ab
4088bf38
40c6404e
3e5f3f51
3f714035
3eea40a3
408bbf20
40603f9e
be6840ba
bf543ec5
40b640a3
4006400e
40af3e10
3f2b3fd9
408ebf48
bf3c3eeb
bf98400e
3fa33f52
3ffa3f93
40584002
3f8b4104
3f5e3f75
bfd4be40
40364080
3f71401a
bef440dc
bff33f08
40ad3faa
3fc5bfd1
bdcc4077
402bc00e
40e23f18
3fcfbd4b
40334099
bfaebfb8
4017bede
40aa3f47
405a404a
4039bf11
40113ca4
be8b404f
3fc23fc7
40be3ff2
3ed5406d
3fbf40bc
405940c3
40423eac
40b84034
3f264074
bf893fdb
bf9440f0
40873ff4
40723fae
3ebcbf07
3e783fd5
bfab4021
40bb407a
40d94030
4084403c
bf0e3fb7
3c14bf5e
3ff640a1
409abf76
40f94005
3e26bfc1
3c8e40a5
bfc23fc4
40ab3fe6
3f3c3fda
3e7240b0
408a40c9
3f6cbfcf
3ff5bef0
3fc9404d
bdb940a2
3fa03fff
40154073
400d3e79
bdf94040
3e3b4031
3f584084
40bebfe3
bf95befc
bf004052
403b407c
bf8c408f
3fdb40a9
404f4008
40e5bfaa
3eb33fb4
3f0d4020
beebbff5
40c24040
407a400c
4022bff3
3fdf40a0
40bb4070
bf5d3b97
40f13fbd
3fcd4034
bfaa40eb
40babf1d
4077bf02
c023405b
3f4a3f9b
3fbf3f5b
40234085
40123fcf
bf914087
3fa740bc
bf9a400c
40984093
be873f35
3f333f41
3ff8be53
404140e2
bc62bfef
40dfbd8d
40ba4008
3f14409c
3f9240b8
3ff0be36
4007bdeb
409a3fb7
be9a3f71
3d0540da
3fc640db
403abf37
bff74080
3fdb3e25
3e4840d4
40a1beb8
405b3ff9
bf993fa6
bf324072
4072bf8b
bf6cbf92
3ff54034
40d8401d
3f22bfcb
404ebf80
3f89becf
40ee3f40
3fdd3f3e
bf45bf9f
bf034057
bfb0408e
40cf3d42
402c402b
3f66bf46
408740d5
3efd40f1
3cb73e6f
beaebf22
401b3e8a
40043f68
403d4010
406a4011
3eb1be0e
402f4057
40553e8d
400640b9
4099bf71
be374070
3ea4bf8d
3fd03f95
bf05bec9
c00a3f03
40184045
3fee409d
40353f2c
40054105
4088401a
be58bf85
3ec3400e
3fee4034
3e8240d5
c0053f99
be5e3eb4
3fa63eb9
bf7a403a
3ff9c012
4089bfff
40cfbf39
bfd4be24
bf7d40a3
4044bfef
408e40af
40c3be3a
40ba3e13
402fbfbe
3f85405a
3f0dbf03
bd62401b
40ea3fe2
3e994003
bfb3403d
3f8c40f3
be28bccd
40c5be93
bed7bfa3
40544037
409340bb
3ed33f2a
bf8d3f07
3f85bf8e
be3f40db
3faa3f7c
40383e8f
4107be2d
402d4016
3eab40b4
40834035
402f3fe6
be9cbfb5
bf7d406d
3e8f4073
408abfc6
409a3f02
40ac3ffb
3ff2bea1
408dbdcc
40b94073
be193f99
404b4075
bf254052
3fb64040
3e293df7
3fee3fad
40e0bfb1
4032bf65
4055bfe7
be3f4100
bfea3f51
40743fb0
3f8a3c27
3f66bfe0
407c40c6
4062bf31
41073fe3
3f44be2f
406fbf9e
400c3feb
40943fcd
3ffbbfa4
3fdb4080
4048405e
404cbf1a
3f383fe4
40fb3f45
3fcc3fd1
bf97c019
402c40ab
40c03fb8
40964038
bf6cbf26
40753feb
409dbffc
3f913f87
40e2408a
bf0bbfa8
408440e3
405040e0
40d13fd6
405d3e60
3d614085
3f9f4078
4035bff3
40c9bec0
40e83fbd
3ee93e24
408a406a
3b85bfee
40ee4016
bda4bf88
be114025
bf6340a7
408340b6
40943f68
3fa9bfaa
402c3f8e
bf9f404c
bfa4bf1d
40844035
41003ff9
bb153fef
4074bf30
40a2405a
c00b3f72
41054019
3fa14033
404dbf15
40ac4033
40e33ffe
3f8c407a
be4e4055
4044bfd2
bf603d0b
bfed3eb4
40ed408e
403f409a
3f26bff2
be774065
3fc8402e
3f033fab
3fdc3fc4
3f3140c1
405ec016
3e7c40a4
be874023
3e83404d
403f405a
3f0f3ff7
3fac3f98
40ed4011
40414050
3fb1409e
3fb43fec
40b3bef5
bfe1bf12
40ad4059
3dbe3ea4
402f401e
bf5ebf53
3fb53ff4
402dbe4d
3f883e4b
40503fdc
bfc740ac
beee4023
40d84080
3ef73ff9
4029be34
3e443e29
40dc3c0d
bf213e15
be4fbf5a
403f4028
3f8740bd
402cbf53
40a64017
3fd84067
3f8540d6
3f993f2f
bf45401b
4100bfc0
402b40a7
3f1b401d
40b5bfa9
40703d55
41063f62
40054078
bf5e3f8f
40624102
405a3fb5
bedb3fc9
bf2a40b1
403b3f8a
bfe040ed
40904026
40a8bfbe
3fee4009
3e8d40a4
3fa03f01
40bd3f89
3f953f2f
3dda3f7c
408840d1
40804063
bfe0be4b
bfc7bf4f
403b40bf
401a40c2
40c0bccf
40623fef
3f2c407c
400bbfaf
3fc03f64
3ff5bf85
3fc64039
410dbfbd
3f06bf70
40023f66
4052410b
be5c3f3f
410a4014
bea43f7c
3f334050
408e3f90
3fa2400d
4063bf99
bf7c40a2
3f8d4075
401c410d
40804036
bfafbf0a
be8e40bb
bf304088
409b3fd2
bf903fb1
bfcbbf30
4035405b
4059402c
3f60bf91
3f9b3fce
be863f7a
3f134098
bf8240e4
40143e9c
bf8b3ee7
bf384072
4031402e
bfa240a6
408c410f
bf8f3fb1
40793fcc
bd15400e
3efb3fc7
bf863fd5
4096402a
41054059
3f803dce
408940b4
3f9440d3
3fb8bf45
40e83fa4
3fd9401d
4023bdea
3f7a3fa5
408b403f
40613f26
bf32bfc0
406c40b2
bfb0bfc6
3ffa3e1c
bfb43cde
3fd4bf20
bf78407e
3fc3be50
40073f5e
40d04006
bf81bf66
403d40a2
3f21bfba
40224097
401f3f60
3ef94075
3f14be9c
405a40bf
bff740dd
be5d4013
3fa74021
bf604015
bf5e3ff5
40c03fce
40ad401d
410e3ef0
3f034045
401f40a5
402a40b9
bf853fe6
40903fe0
bdd64001
be58bfff
40593f0f
40f04002
3e42400b
bf6e4057
bfbd4027
bfe6c014
bf78be63
41084070
beda3f98
403b4089
406bc004
40eb3fc5
40bf4030
bf6140a6
3df7bec5
403840f2
40964037
40fd401e
40363e84
3e493f1b
bffd40b8
40e93ff8
bf25401e
bea3bfe8
4056407b
405040f2
be333fa5
40cc4075
3fc14087
40693f4d
3d11403a
bfd43fec
4076bf29
be12407d
401cbdf6
bfc64095
3f47be05
410fbf7c
3fcf409b
3db940ee
3f9240a7
bea14020
40efbfb2
bf3b4090
400abf8c
40173ecd
bf7f3fee
40423ea7
3f4d404e
bf073ed9
3f93409a
3cea3f81
40c6bfa0
3db53f32
3f72bf2e
401a4006
3f90bf05
4080bf0e
401d4033
407b3d81
4098bf5f
403a3f14
40083fe6
3ee43f5c
bd43bf7b
40974026
40a2bf1d
40e1beb4
be113f48
3e164050
40a2410e
3f30bed4
40003f8e
bdef400c
405c40bf
bf73410e
40ed3fdc
bfb1bf75
400140ac
400e3fc5
bc8c4035
4098bec0
bf9b3ef7
bd04bf34
bf3c40b7
be214065
40b43f0c
41074038
3fe2405d
3f914023
408140a5
403cbf3b
3fb6405e
3ffb3edb
3ee140a6
40a540a9
3f95be2b
410b4005
3cc640bc
40323f1a
3e643f36
402540c6
402d403e
409a4064
3d8cbfaa
bece409d
406f3f8e
4090bf6d
3d974074
400240a8
405abff1
40bc4092
3cff4038
c02f3fba
403a4034
404f4011
4032404b
40e3403a
3f97be5f
3d9b4055
3fa840c0
3f09410b
3e2b3f81
4033bf4b
3fd44071
3fea40eb
4018bfe0
bf913f81
40ed400f
be23bf92
3fcf40c6
bea54089
40ef4009
41013e76
3f7e401f
408a40ae
3e7d410a
40873ff0
406c4088
402e401b
40473fff
bfa34106
bf5f4024
40a63fce
3efd3fa1
3f4c40da
3fb540a5
3f2e4011
bf694070
40083fe8
408e40ed
3feec007
3f2cbf19
4016406e
be63bf65
be974078
40a8bfab
4095bc8a
409f401e
401e4008
4082bf85
bfdf3fc2
40a14025
40f54023
3ff54011
bf334060
408a3f9e
bfaf3f91
bd954082
3f98bfc5
404f402a
bf143f97
beff3e51
c00e3f9a
3e97406d
3ee340d2
3daf40d8
3f05be8f
4104bf5e
40154016
3fec40e5
40b8401d
40743dcd
40cb405b
bf173ea6
bfa0bf2a
40413f06
40bc3fba
3f114043
3f19be59
3ffe40ae
bf40bf38
40d73fbd
c0274030
3e30bfb0
408b4045
40684008
3ffc3fea
41013fc2
3fedbf0c
3fa740cd
bda1bff7
40c63e34
be993e9c
401f3dfa
bf063fb5
3c61be64
3fb3403c
bfc5bf81
402d3ffe
406b401b
4084406c
40ea402f
40ec3f0a
4013409a
bf593e4f
4045404b
bfb33fc5
40f9401b
3db4be86
bfb3bfc7
403f4051
40a63f5f
be934049
be46407e
3f8740b2
bf343c3e
3f7e40c5
3ed4be72
3f963f64
3eecbfca
bf40bf25
bf664103
3f133f82
3f9f402f
3fe3bfa5
40843fba
3fa44101
40c33edb
c02e4089
bea03fba
3f413fb3
406c40bc
3f343fe3
bf39400c
be754086
4039404c
3e8a40c3
40a6be67
c011beeb
bf50bf1d
406d4070
409fbd15
403f3f82
400c3eb4
3f643f63
3f76c009
bfb040b2
40c43ee7
40cf408e
3f673ec8
4053bf18
bfd240b8
bf52bf4a
41104022
3fc93fd5
be474036
3fe7405e
bed4bf4c
40054013
3f993fbd
3ff64071
40834009
bf8fbe0e
40c23fb7
40294027
be1c4083
bf9b40ce
c00f3eaa
c01f3ffd
bf69bfdf
bf5240b0
be583f26
3fa03e75
40b7bfa6
3edabf16
3f9040dd
3f264096
3fd8bf31
3f434030
40384047
401940f0
be873c5a
40b73fe8
c033bf2b
3f083ff6
bfb14097
404840fa
bf9b3fae
408a4084
be88402e
40714090
40244017
3dcb3f5d
bfa8407d
3faabfc5
408cbf41
bf3a3fbf
406ebf79
40d3402c
403b408b
408740b5
4056bf85
3ffc3f10
40db4085
be8a40b6
405fbec8
408b40d3
409dbeb5
410b3fab
bdcd407c
408b409e
bff84104
40963fae
bfff4000
40304038
40363ea6
40a5407e
3e0c3e57
410d3fb7
3fcc4088
3f4a4067
4006bf66
3f3e3fcb
3f6f3f4a
3dbbbff3
bfa1bead
bf50bf85
40a03f62
3f5b3ea7
4009bfa5
400a408c
408c4033
c00e3e86
40e03ee8
3e9c3f9f
404e4003
3ff740be
40823f82
bd63bf9b
3f274043
404ac016
409a4037
bee0bee6
40e8408e
40dc3f78
3f803d8d
bf81408c
beb1bffa
40c53f06
40884019
3f8540bc
bedd3fa5
be784110
3faa401f
3f0f402d
3c424016
bf92bffa
40183ede
406a4001
3eb73ea3
3d893f61
3f814087
40114084
40893f4e
c02a3e0a
3f1d3fb8
3fcebf30
3fa7c03d
40e1bf0e
40fb3dfd
bf423f2a
408240ea
4028bff2
3f9a3fb4
c009408a
3fc9beee
bef340ac
40b140ef
40d94014
40f8bfa5
402e3fe4
3f8d4099
bf1740f8
400a3db6
3fe1bdfa
be663ffb
400b4042
3f4840f3
be18bf55
bfa23f88
3ee040a8
3f923f8a
bfc54033
be683e35
4104bf0b
3fe63fac
3f1c409f
3fa74102
408a3ed1
40d84052
3e4f3fa2
409040a3
4052404b
40723ea3
3e813ef4
3fc04079
3f92406b
408340e8
bf81bf04
40ec4084
3e6f40b9
3f623f7e
bfe43fae
40003f22
bf734051
be5b403c
bf893d2b
4058408e
40444005
3f5bbf39
bf6840ac
406840b5
40a64040
405d3f87
4096406b
3f913eb5
3f8e4068
3e714101
c0123f9f
bf544057
401f3fb5
403a4006
3f6d3e7c
40d74040
40ee406d
40404009
bf7440bc
40b3408b
40b1bee0
41034037
3f94405e
bdc5409d
3db940c3
408fbe22
41013fbd
4014bf75
400940a5
3f5d40f9
4098400f
40c73e80
4004400e
4048bfc4
3fd940cb
405f3f91
40a2406b
3f3a3e86
40043f98
bf8a3e9a
bf13be1a
bfd23e03
3ff6bfdd
3f783f0c
408f40b3
403e3fa5
405a3eca
bf6b40a8
4036c005
404a410b
3ffa3f9d
bfa73fca
400dbf77
407540b3
3e5e40b0
3f30bfa5
40223e6f
bfa04084
3f99bf20
406540e9
4085403d
40d1402f
407f3f44
3eda4057
40174054
407e3f7c
409a3f99
bf943fd6
bf00406e
3f5b3f10
bed940ec
405abe85
410d4011
bf0540ad
40464087
3fc13fc1
40cf400e
40c43fad
bf0e4051
40513d9c
3fe3410e
be9b3f2e
40a73cd6
3f5c4019
bf84409b
bf9b407e
4021bee2
40b24054
4034bf8f
3f73bf82
bfb04019
4073bee8
3f5f4058
bf014013
3e0540ef
4098bf21
bf013fe5
bf023f9d
3fdd4026
3ff2bfcd
404b410c
3f1b3fd1
41014089
3d1dbe57
3f8a4096
3f2940e0
bfccbe3c
bfe84089
4022408e
3fcb409d
40ab40db
40b13ff8
409f4052
3d9e409c
3fc33dbe
3f89408c
c0063fde
40e43fcc
3efb4017
403bbf18
bfba3f6a
40dc4033
402e3eb8
3e4d4038
406e408a
40bd40b3
40efbf16
4084bfad
3dd540ae
3fcc4084
409c4098
40764011
40533e8a
3f583fdc
406440d5
404140eb
40a8403e
40ae4002
40184086
3fd0bfe5
3d20bf57
408f3f16
bf263f9b
4022bf2e
bf5d3e8e
4082402e
40d33e3a
4085bf53
3ff44076
4057404b
3f52bf43
409a3ef1
41014045
3ff1bfda
3ebbbf19
3f8140ec
406d3fd7
40014077
3ffe404e
407fbf7d
bff14106
bfd03f04
3fe83f15
bf6a3f87
4083bf89
3da53e9e
4002bf1d
3f873fae
3fcbbea7
3f7940a4
4026bfd2
3fbfbbab
40ba3f4f
bf4d3fc0
bf314015
402a40ce
40824030
40b04054
40114052
40074055
400e4110
404f3ffe
40ed3f3a
bf133fe4
3f91407c
3f67405b
40833f5b
bf1ebf14
40ffbe68
402a40be
4070bffa
3ecd4099
4073be8c
bfc34040
bf6c40b3
3fa74082
3f8d3f5c
40a0401c
40124036
3e4f3e89
3fe93fa7
bf973fe3
bf13bef0
bf9fbf37
3fb2be15
3e1cc010
3fe540d9
3f754034
bf9bbdbe
3f25bfc6
bf4a4008
402040d2
40ae4017
40cb4038
bf76bfd4
40844060
409abfcc
c0144005
40033fad
bf603f1b
3fe540a1
bfdb4107
40453fe1
3fcf408b
bee4bf96
befa40b8
40bb40b8
40353fb0
400b408e
3f9a3f4d
40163fc5
40454048
bf284017
bf31bf42
befd403f
bf62bfa6
bfe1c02a
40033eac
40d94002
3edf4080
3f90bf0f
bfd4c01c
bf9b4001
3eac3ee9
bc723cd3
3f883f76
40a940cf
bfa83fae
401e4047
40333f9a
3fc5408c
407540f7
402e3fa2
40ac3f3d
40223fad
408140e2
407a40c1
40823f31
40654034
40054003
3e92c01a
bf894081
3f5e3fed
4103407f
bf7840bb
bfb13f57
406a4086
400e3f19
40224086
3f843f80
3fee40d0
bfd33fef
bf5c3e62
40413fcc
be3b4077
4027bfaa
3f65c01f
40aa4037
40cc4011
400b400c
3df83e32
403240e8
40913ead
bebe3f39
402c3ff9
3f8440d5
bfb0bf1f
408e4017
407ebfa6
3fa24070
404640c2
bf174083
409d4025
3e5cbdda
3f114095
400240d2
3f60bfae
40863fbc
40d2bdf0
3f86409e
4083bfdd
bfe23fb0
40d2be9c
40473fb8
3feb406b
bf98c006
40613fcc
3f683cbf
3e45bf72
40224007
403b3fd8
3f0d405d
40b740cd
403d3fde
beb1406a
3fa74093
3fd6406c
be823f58
40d63fdb
bfe93f8a
bf144071
4051409c
40b2bfea
bfa03f89
4017bfa7
403d4096
3fdc3eee
4069410a
3f6dbf14
bfb24041
3f6740ac
4027bfd5
3eb540a1
40824021
4101408e
3fc13f8c
3fcbbf26
3ebf40e6
40693f7c
410cbf4a
3fee402c
405a3fc6
3f4140d3
bf903f1c
40634080
3f6a409e
404cbf24
40a3410c
c0134017
bf713fb0
403ebffe
be2cbfec
405f3fac
40d24012
bfac404f
bee6bf49
3fc83f21
4012400f
40e73fe9
40a53f1d
3fff4043
bd9240a6
bffd4033
40c33fb2
40de400d
4028bf1e
3f6abff0
3e2b3fc7
bf143f35
3fbd4005
3fee409d
4063c00c
40603ff2
40504024
409f403c
3f794073
408240d8
408e4026
40313f69
bffb4059
bdd44085
bf23404f
40344092
40cd4024
40ad4055
bf34401e
be0ebf7b
bf1040f9
40e73f1d
40534003
bef84096
402a40d6
402cc035
40babe87
3f923f7f
4036409d
400d40e6
bf59be7b
bdd0be88
40f54022
3fab40b5
402140de
404bc015
40df3edb
4108bed4
be3b40b3
3efc40ee
40b2403f
3fec4000
4106bf34
3fb43f8a
3f22bf87
bf7040d4
40b5bf64
40c4404e
401cbf08
be5840a5
4074bfbf
40ca3f60
3cf8408e
3fc53fe6
402a3d5f
409cc028
40233f2a
40423f12
bf3240a3
402f408f
bf9740a7
3dad3faa
405e4019
3f9b409a
3fd340e9
403ac040
bfd33f97
bfdb3fd8
3f6f4016
3fadc003
401cbfff
bf574104
bfd8401c
3fba3f3c
3faf40aa
3f92bfe3
bef4be99
40434015
40b5bf83
bc14405d
3ee24005
3fa24092
bf8b3ed6
40694054
3f88404a
403d4045
40433edc
3fc83f9e
c02e4001
bf2cbfa2
4084bfe7
3ea44101
40803e89
40084078
bf4d3cb7
4079400b
bfc64014
40e63fa0
40a14049
4033bfda
408a3f5c
409dbfb0
3fe1400a
c003403a
beec4098
3edc40e0
409d4094
40273e9d
bfed4036
4039402c
bf874078
40454023
40c23fdf
410cbef4
3ef0408b
3f6c40bc
407740a8
40203f76
bf4dbf24
befc3fff
beeb40df
bf8640ac
bdf33e2f
40a03f5f
3eb2bf9b
3f6540ef
3f9b40b2
40c03b1a
3f5f3eef
bf0f3b92
403540cc
bfdc40b6
3f3fbea9
bfd04010
bef9bf3c
bfa540a4
3e9340be
4089400c
40254085
bf6840b9
bfb540ab
4080407e
c009be88
4107bf2d
4027bfc6
bf3a407f
3b864097
3f163fa1
3f2ebe9f
40214084
4036bead
409b3f30
c0083f14
3c25407b
3f9a407f
4017403e
bfad40de
401bbe9c
40dc3fe3
3f843f9a
bdad3e83
40843fea
3ffb3ffd
bfdabe72
40374097
3f3340cd
40b9c005
40c13f66
3e583f47
beb63fd6
3f974046
befc409a
40194006
3f5bbf5b
402f3f0a
bf263f4c
40033e0c
bfa7bf79
bfd04081
bed2401d
3fb5bcc5
400c3fcd
409b3d1f
40ecbf30
3fdf40b1
bfb840ab
40934040
3ec8bf7c
400d4008
3f8b4011
3f174021
4090c000
40cd3ed1
bf22bf1b
3fb040a3
3e0c40ba
407e3fe2
3ff13f0a
3dad4021
41083f18
4003bf7a
be0d4098
40104057
3f853f14
40684069
bdbb3f2e
3e9d40aa
400540b4
3fa63f56
3fa83f72
3fbd3f6d
40334042
403f403b
3f6dbf4d
401ebdba
3fae4002
40473e7c
3f363fe1
3fc4400d
40044061
40064064
406abee8
bf674088
40d5bf54
40483e91
3f1b3fc3
bfa33ff7
bf8f40fa
3f143f58
40cabf6a
401c3fde
40703f11
3fafc022
bf5c3d61
40c03cfc
bea140ba
3fbf4050
3faf40d9
401ebd18
c0334081
3ef93fe0
3f6b40e0
40a040bc
40e03fd3
4106bf9a
400640b1
bfa640c5
bf5b4026
40d73fe5
40c43fab
3fa2bfe5
3f6bc00c
bfa1bfdc
c0093f4b
40ca3fbb
3f773f33
3f4d40c1
40a4c010
3f953eb6
c0404019
3ffc40bb
40784026
40b14082
40b73f89
3f6e3fd2
3f19be91
be7c3f81
40603fcc
bc9a4035
40cdbe22
3fd14024
3e19bfd6
3ffd4074
4070be2d
3fbf4081
3f443efa
3fdc40c2
4087407c
bd903fe0
bf963f20
401e3f21
40374095
be273f93
40424031
40303f06
3f893fec
bea440a4
3fc5bfc0
40ad3d2b
3b71be66
3eea4048
3fee3ff5
401ac019
3f583fe2
405abe4a
3f1f4094
403ac00e
40aabf0f
3f593fa0
bebebf49
40274062
40773f6e
3f6b4068
40e83e77
4039bf09
bf074063
3e693f4d
bfaa40ee
c01c3e0b
bf85bf82
bf493eba
3b9c408e
40a8bdd5
3fb83f8d
40a0406a
3f3d3fce
3fbc40bf
bedfc020
40ef4031
bf4abfb9
400c40a2
4081408e
40a44083
bf553fa7
40274060
3f5940bd
3ec640e0
bf514062
40174030
bfa03f70
3ff44045
3e2e3f15
402d4051
40b64088
3f94bedd
3fa1bf9d
bdbf4032
40873f4f
407c3e4f
401ebea5
40563ea1
402bbf3d
bdf840b2
bfdebe49
40dfbf02
40f0bf61
3f89bfbb
3f3040a5
be1ebfe9
404c3f83
41043fd0
3ff43eda
4056bfe8
3f04c03a
408a400b
40463f5f
3fe6404d
404c3f58
40954102
bf06402b
400e4000
3fd8bfc5
bf893f44
bfccc025
c005bf1c
40d03fa4
4024400f
3fe74038
40af40f6
3fe04003
406d4081
3f953f0c
3f793fd4
40bc4103
bff53f9f
3fa03fe4
40074029
bda5406f
40204092
3f133f86
404f4069
3fbd4066
bf553fdd
bf714085
405b3fc6
40824087
3ec640aa
402abfa6
40604077
40c1bf5a
bfcd4010
3fe8403b
406a4097
404bc03c
bf283fdf
3fa9bf89
3f36407e
4086404d
bf4f40e8
40d24007
bf92bcb9
4013405e
bf48bfe5
bfa54012
3f6f400a
40e1bede
3fa8bff4
403b400a
408040a1
bfa54018
40f43f36
3e984076
3e9dc00b
be683dcf
40c64000
40b6bede
3fdebfcf
3f8040df
3ffb3ff6
3fad3fb6
40323f95
3fb23f10
407d40c6
3dce409d
406ebe96
c03abf1e
40193fc7
3fcf4068
408f4107
405a3f16
40aa4028
400dbfe0
bf7540b2
bfa84105
40ca3fce
3f623f97
40113d8d
3fd340d6
4099c03c
40ddbe8c
bf8d3f58
40274039
3fc93fd9
404540b0
40de3f89
403e3f92
3fce3f2d
400440e9
bfc740e4
3fda402f
408d3ce3
3e8b4075
3fce403a
be9c410e
4012401e
3f9fbcb2
40a13fd4
40053e95
3f49bfc6
3fd7409d
40df3e11
c0104066
40003f22
3fe640a2
4048410b
4078401d
40bebf9d
3fdd40b3
bfa44093
bebbc01b
4032bf0e
40b1be96
3f353f3d
4072bfc8
bf94410b
bf8b4035
40984022
bea84038
4084404d
40884109
c0103f9b
c032405b
3eb5405a
40474041
40a640ee
40794024
3f3ebfa3
3f7dbfac
bf913fb7
bffbc02f
40e5bf2e
3f934010
3f30bf29
404440bf
bff140c1
40893f0f
bf224087
3f1e40a4
3f51bfb8
40b4c006
3fd23e22
4081403d
3f6dbf61
bf1f4046
409b3fa8
408c3fa4
3e973ffc
3f6940b3
3f4040e9
4007c022
40cfbf11
40224084
3f07408e
405d4039
3f904104
c0124014
bf13be62
3fa140b0
3f824020
bece3fb9
40193edd
4064bf1e
3fbc3ff2
bfaf402d
40323f98
3fa63fb0
409c3edc
3fc43ece
3f3a3fa0
404ac022
c01cbe20
4041406d
bf7b3fc0
408740d4
be334086
40903dba
be403fa1
3fd54006
3fee40b3
3f29bf44
bf0c3f7e
3eaebe9d
3fc040a6
4021407f
409c408a
3f464028
40244003
3d7e3ff0
3e8abfb0
40a3bfff
4024403f
40ef3f86
3f16bf20
bf7a407a
4082401f
bef63f55
40e04050
3f08bfa2
4026bf45
3ff84026
403a3faf
41013ffe
3f333f81
406abfef
406f40a5
bea13e04
bf08bf20
40194088
3ff040cd
4008409a
40c4bf31
40754001
3eb3404f
40773e26
bf804068
40ed3fa3
c02b4088
40113fdb
3eab40c2
409d40ab
3d4fbedc
40133f88
bf0b4079
3f733f90
bf2fc01e
3f6740a4
40874020
3f28bee5
4029bfc4
406840ec
40273fac
40c13f1a
c0243ff5
3fbd409a
3ff23efe
be1440b7
40d3bec8
40b94068
bec1bfae
3f024089
4064bf83
3edabd93
3fcd400a
401440a5
bd5d3fd7
bfc040ea
40133f86
400d3f3c
3f7fbfc5
bee140f0
405e40bb
40d4bf63
3f8e3fc3
3f0a3e0c
404c3fe4
40673f8c
3feb3ffc
40773c43
3ddb4092
3fd1bfe5
bdc1c03e
c011bf22
40b0bdbb
be164097
402bbf20
40b03f51
bf9c3d74
410b403e
3fe43ec9
bf7f3f17
4078400a
c00c4004
3e9fbfa5
402bbff7
3f77406f
3ff64089
40de4011
40214013
3f9e40a3
bf89bff6
40bd40c0
40cebf27
404c3fca
3f8240a3
bea940ac
408340d6
bfa3401d
40e23ff4
bf2040b8
3f9e4000
3f5a4033
3fedbd32
404d3f0a
3b98409d
408e40eb
bf8340d9
4089be92
41043ffb
bf1d40b6
3f383fd5
bf89c02b
40dc403e
40a13fa0
3fa24077
401240bc
3f313f41
40d9401f
4043bf5a
401f404b
406b4079
bf81bf9f
3e4a3f6f
c0294077
3e224005
bf1940ed
bf8140c3
40d63f44
40ea407b
3f50bf96
bec44087
bfc4c03a
40333fa8
40b3bf99
40234073
40123f85
3f56405a
402e3f8f
4097408d
40134076
4001bedf
40b03fff
406a3e73
405c407d
3f7ebf8a
3de940da
3fb340d6
bec43ea7
40a33cea
be814082
40134054
bea03f1c
40464031
c0144087
bf073fa1
400f402d
3f0940f5
408fbebd
bfe6bf52
403b4083
3f73be11
bf903eea
4098c007
40443efa
bff8402b
3fd34056
4012bf01
3fd64054
408c3f36
4022bf95
3fe3be9c
3e25bfc1
401440ea
4078bf3d
4107405e
3f963ef6
3f8bbfee
bf5e3fe6
bebdbe99
40884056
3e1f40b5
403840e8
3fed40df
3f13be61
4106408a
3e8b40b6
3ddd402a
bfa340ca
bfee3f96
410a4007
3fdd3f24
3fbc3fab
3fa6c035
40d13f9d
4083bf96
bf583f65
be103fca
40a8c036
3fad3ec5
3f884021
3fd73eb3
3d3440cc
409d401e
40eb3fa3
bf99407a
3f1340aa
bf9f4023
40bf4013
40523d40
3fab3f89
3fbc405e
404abf48
4060bf5e
bf483f66
4049bf9c
3f374006
be76404b
bf2c40da
409abea7
40f73f3c
3fd93e47
bf5540ea
bff640c8
402a3fd5
401c3f3c
be613fe0
402f40c0
40a13fb1
c01b4014
40df4023
bf5f40b9
4058bee8
4060c022
4086400c
4101400d
3fb6409b
bf0a4087
bff23fdc
bea64014
3fc13fa3
bf384030
3fa03f27
3f373eed
4005bf03
40fbbfba
be0a402f
403c4017
bf8f4108
3d284006
409c4007
bec340ae
3dde40db
40b640b4
3eae4027
c0344020
3fea4032
3fb74084
bfbbbf9a
40853ea5
4007beb5
400640af
40053f88
be20bec8
40303e55
40fcbf9f
3fb23fca
bf21403c
40bf40c9
3f963fe8
40a9bf2f
4020bf15
4090be6b
3fd1c03b
40a5bf1b
40033fda
be05404d
3fb7bd9c
40a9403e
40863fc7
410b3e25
bf193f8b
3fbd408d
40a63fa5
4009beb3
40d64087
40264025
3d6e405e
3f12be95
40543f2e
3fb13fb9
41053f84
3f4bbe7f
be044021
be854028
40b7bf16
40134073
3fc5bea5
403b406e
404940a0
40953f70
4004403b
3f514085
3fa8be96
40acc013
408c400c
40d4402b
3e894063
3fa5bd4f
4090bfcd
bfd7401d
bfc14039
403740a0
bfa7401a
40b63f5f
405abef2
4027401a
bde24061
bf694084
405dbfa1
4088401d
41053edc
3dc7bf8e
bf96bfda
40813f25
bf454017
bd87405a
3ff43fd8
bdbc4018
400f400b
40983ef3
4095400c
bf0e40b6
3f16409e
40ac4003
3fbdbd2a
bfccbf01
3f3ebf9c
4068befc
408240f0
bff63f11
3fd03e91
3fc04005
3fcf4055
bfe74008
40cd3fba
4104bfbe
3fb04039
3fdfc008
3f6840c6
beddbf11
40d13eff
3fd4bfdd
3f2b409d
bf524092
bf013ff9
c02fbfb4
400a3fca
400ebf7e
be8c40e5
bf214008
3f853ed2
bf394094
3fbabf77
bfe0bea1
3fe83ec7
40fbbf87
3fda4043
3ff7bf11
bfb240db
40b34024
bf594017
3f264006
4052bfa0
40bf40bf
3e923eba
41053edb
4023bf56
bf90408f
406cbf47
40e74002
40f33fc4
bf0a4098
bfaabe66
bf0b405c
3f6abf12
bfffbf01
be6cbfa9
406b4093
3ef9c03e
4027400c
bc933f22
bf1c3ff7
408a3f57
3ead40cc
40e94014
bef1bf83
bf3b401d
bf9a40c1
404dbfdc
be573e44
40f64060
400bbff3
402f4061
408240fb
3fcd3f98
c018bd02
3fc43d81
3f94be2a
bf4640db
4082403e
402abec1
4005bf5f
406e40d3
40093e76
bfae3fbe
4100bf04
3fcb3fa5
bfbe403d
bfad40dd
3fd240ec
3fcbbd2e
410fbf46
bf054082
bfbd409b
3e2340b1
4032bf73
3f9c408c
40363ff6
400d407a
408a40d6
3ffe3fb5
becabe73
40023edf
40163fa0
402abfdf
bd9e400a
c0253ebe
3edfbfdc
40764043
bff64039
40a0be98
40b43fe0
4001403b
408340cd
40b8409d
4035be98
40f8bf82
3fc14077
403540bb
bf20c02c
bf9b3fc6
402ebe1c
3f233fbb
401640db
409b4004
40dd3fc9
3f9c400a
bf40bdf8
3fb040a2
3f1240ef
4013bf31
4027408d
becc4087
400f3e32
3f974004
40a73ffe
bfcb4066
3f10bfb8
3d893f75
4093406d
40dc3fa6
40c23fef
40274087
bfaf40be
3da3bf8a
40c83fcd
bf46bfa2
3f8c3ffa
3ffb404a
3fa6bfde
40de3f95
3f8f3f0a
3f72bf5a
be9840e9
3f51bff3
3e9d3f97
40ba4064
3f343f0a
404c4098
3f9c4027
3f84bf03
410f3f83
4011bfa3
408040bb
bfa23fdb
40ae3f21
40c43fc2
402d4007
407940bd
40abbff5
bf6f4015
402d4017
40344072
400940ca
4023becc
bf893f76
4106402b
3e67409c
bf29bf76
406040f7
403e3e07
400e4061
4026400d
40893f8a
3f33c012
403bbf4f
40c8408a
bde3bfc6
405540ba
405a40a6
40933f10
c0043e72
bf5d40b8
3edb40b4
befe40f3
40073fae
40dc4013
bd8d407f
40214054
3f093ffe
403a4018
3dce4023
3fd2404d
3f8e3f24
407a40db
40073fed
402c404d
3f933e4a
4079c012
403b407b
40ae3f7a
3f8cbe5b
bd974091
405e40c4
3ec33ff6
3f8d3f12
3fb4bf1c
4104402f
bee83ede
3faf3f91
408f40c9
4013bf02
c03e3e2d
402c4034
3eb84048
bf60bfee
bf7dbea4
4016bf99
3fc9bf56
bf734025
40ba4069
402ebdd9
3f2c3f9f
4016400c
3fc0bfde
be9d4011
4084bf00
4103bf8f
401dbefa
bf913e70
3e64bf9a
bf9fbd92
bf98bf3f
3f92409a
404fc00d
4063beec
bfe54017
407d405a
40293f78
3f93bf87
bf1ebfae
409f3ed9
3f9d407b
40004090
3fda40cd
3e513fa9
40893fd3
bff34082
3fc6bf06
bf7d40d9
40acbe82
409c3fb8
40953f54
bf0f4012
3ef340ec
40bb3fdc
40c73fca
bfe03fb6
3fbf4059
bf9b4032
40ae40a5
40453f7f
40df3f0f
becd4064
bf364057
405f40a9
403d3ff6
40fd3f67
3fa94020
3fc0405a
409b3f89
408a3f0b
41073e83
bf1140b3
404e4068
408e40d5
3fc43e68
40ddbf96
3f81be19
4081403b
3f8f4082
40a1befe
3e453f16
3f9d3fc8
3dd84085
3f974007
bfcf4017
4088bef2
3ff64033
405a406e
bf90c006
3f5d3fec
40913e41
3f9cbfde
4075c001
409fbfd1
405b3f4a
bfd0bfaf
40043f76
402b40be
bf254108
40b7be10
40024067
be9b3e94
3e89c011
401e3fed
3fdabf12
c03a3f11
4028bdb0
3e8340bf
bfb24102
bf8f3fff
40fd4011
3f6f4093
3d2840c2
3f8fc01b
40c53f8c
4108406b
3f6b405d
408a408d
bff840ea
be393e39
408b4010
3ecb4013
be7e40e3
be9b40ac
4032bf06
4048bf35
3fa4be3e
408240c8
407c403c
bf13befd
c00c3f37
3fb43ef7
3f85401b
404c3fe5
40be4106
40db3ed5
4081408b
3f14bfbf
403840a3
3d5140a5
3fc0bd91
c00f3fcc
4013bf9a
40734067
40b240be
3e483f9b
c03a400b
403b4021
bf86409b
4077c02d
3e8a403c
4109408c
3ea0bfe9
402e405f
40a83fd4
bf753dd7
bf873f9f
3fcf40bd
bfbebf9f
3dadbfaf
40ba4016
40d94027
401e40ae
40183e07
40114100
40e8bf4e
40cbbf9d
3ef340be
bf873fd8
3f9040fa
40ac3f79
3f964037
bd71bfbe
be4a407c
40293f33
40d34032
404dbf41
3eb73fc6
bde4bfb4
4016407e
4036402d
3f673fb6
bf72405f
3ed640e9
40af4102
3fe53ff2
3e8c4062
bf133e80
be203eb2
3ec240b0
40b93ea0
40844086
3e6440a5
4085402b
40374041
408cbf22
3f903fdd
3f4b3e52
4026408e
40624033
40da3f75
40933f3a
3f57bfc0
400c4066
3f9040ed
40a83e8b
4082401f
3ea9bf90
406a40e9
408d40d2
bff13fb0
c018408b
3f044088
bf413fd2
409c3fa6
be953f7e
406c3f61
be9a4055
bf893fa8
bfe3409d
405e3fa0
40d54029
bf20bfbf
3d3540e7
40014090
40b2bf41
bdb5bfaf
403f401c
404740b5
4063be38
40bd3fa3
40cb4032
be24bd8b
3f17bfcb
bfbd3fb5
4031400a
bf694046
bf5b3faa
bf753fa0
409ebf06
40dd4008
40b14004
beb4bf77
3f26403f
beb54010
40bf3f5f
40e54032
bea4be17
3fcc40d8
40914004
bed43ea5
3f37402a
3fe9befd
3ff540a7
40093f36
40d93f53
bf9d3f8e
3ff740be
be733ef6
3fe9bfa4
3fae40c8
3fc3bf56
40f94072
bf4cbf05
bf5f3fb6
3f62402c
400a3f36
c018be62
bdc4400a
401cbfe5
3e29c014
3f0dbef1
bf9e4016
3fbfbf16
405640e9
40994066
40ed4010
4083bf1e
3f6cbea7
4084bdf7
3ede3fe6
3fe0bf1f
40183f2a
3fdc408b
4068bfed
bff33e0e
40ca3eb2
bf4e4007
3f4b4096
bec040c0
40af40a8
409c4009
3faf3fd9
3fb93ffd
406c4067
3f58bf10
3f96bf49
3fdd4059
3f4abff9
3f123fb9
40814074
40d5402a
40c4400a
401c4095
3f8dbe9c
bef2410f
bf2f3e59
bfddbb7e
3f234021
bee8409e
bff5bf7d
40284023
bef84021
3f2540b9
3ff8402f
bd9540cf
409e400c
40a3bea3
3f5940b9
403a4093
bfab40da
40babee8
c02b3ed3
3ff64039
408e409f
bf6b40f1
c017bf1b
407f3f79
3f0640a1
406cbff2
40263fa5
bf9f3f17
bf904026
40303fd0
3f7a40d8
40734088
400dbef2
40903e4c
bf55bfbb
408e3de3
402a4108
4084bf1a
bfe3bf1b
bf543fcd
3facc015
40584032
3fe4be97
3f24bf31
be5c40b4
405a4047
40b8c020
40923e94
3e3d4041
bebe4089
40873f6d
401bbf34
409bbf5a
3f613ed9
be17409d
be263ff1
bfa53f18
4055bef7
402a4013
be3340be
3ee7c013
3ed23ff0
bd8fbf03
bfa64012
400abf60
bfaa3f58
bf93410c
40a03fbe
40f93eb7
3f8abfa6
3f144075
402840e3
3e6a4032
40ddbee4
3fee3f21
3f384091
40884106
3da93ffd
40f33e21
3fe9400a
401840b9
4075bf23
40434038
bf20406c
c000bf27
40134068
3d7940bb
3db44049
40a6be49
beda408a
4034beae
40613f5d
408e410a
40274001
40e53f32
bd8a404c
3efabfd8
406040c9
3c1b3f5f
bf8bbfae
3ff0bfa4
bf8cbf6f
3f543f46
40c43f96
3f454061
3fb34070
3e944067
40bc409d
3f0f401d
400d3eaa
3fd54031
40484028
3fea406c
3f96400b
be68bf4c
402240ab
3fe040f0
bfb64096
40813f30
bfa94005
3f023fb6
3fa9beca
4087bfa6
40593ec9
4098bf89
3f904099
3fea3e82
40a140dd
405b4026
404d408c
be5640ba
3f824090
3fe83f03
40c6400f
c03c3fcc
3e30bdb4
bfb14078
4032409a
40eb3fa7
40b8bf9c
bf3e3ff1
4088bfaa
bf024058
40e94019
4083be72
3fd9be5b
3e264068
3f4b4081
40aa3fbd
4053401d
3fc03f97
401e40e3
bfaec013
40033ecb
bf83402b
3f8440a3
bf7bbebd
bf7f3fec
404d4000
bf0cbfbc
40164004
40563ee3
bf993f93
40d5bf4d
c00e405b
403dbfa7
bfa240e8
be80bf96
403bbf03
40f3bf55
be84bfd5
bfbd409a
bf12bfae
3fa34034
bfe54024
be9b404e
406740a5
be9c40f4
3fb0bef1
40a4404f
3f61409b
bf8a404f
40994105
3f0ebf65
4059401a
3f633fa7
3ff14093
400d4109
40b5bf5a
40283f97
3fd5bfd6
402c3f71
40a93f87
3f864019
408abf0d
bf40408f
40314092
40754048
c0023fbf
40a14031
3fca40aa
400040a5
3fbb40b6
40c33faa
40af408b
bf2e4028
bfbebff4
407f401b
40434007
3f843fe8
401140b9
3e303f26
bbd9bfca
403e40b1
bee33fd0
40ad4048
bf5240a9
402040c7
40983f95
405c4028
be99400a
bdef40b9
40504024
40994109
40a73e20
bff24019
3ff2402b
408840a5
40b440ed
405d4015
409d4037
3f2c40a7
3c87407f
4004c009
407f3fb7
3fe13ff3
3e6440be
3fe64092
40914015
c0123f8b
4100be97
becb40a2
be5d40d2
3ff33f8c
406c3f02
40e74006
3fc3bfa6
401d40cf
403f405f
40413f01
40f73f7c
be8e3fcd
3fdf3f90
3d7b40bf
40a7be9d
406c3f77
bf0e3fe7
3f20be56
404d40ab
beef3f73
40c9408d
3fe4406b
401240b3
bf71bfa8
3fe44033
409dbf36
bf35404a
4014c005
40a9406f
3eea4033
3e4f405e
bf164088
40514029
3e19408c
40aa401e
be9bbfa1
3f2f408e
beaf409c
bfa940cf
409f3fd9
40123ece
3bfc3fd7
3fba40c3
4056c014
3d043f15
40ac3ec3
401d3f38
403540be
4098bfa1
be173fa1
c02a4047
bf4a4085
3c6c40e8
3e15bea3
3fe9bf55
409abfb1
40053fb5
3fb8bff5
3eea4009
3f4d4004
3ffb3ffa
3f903eb9
402740b6
40b340d9
40e23d64
410b3f47
400f4082
3e864070
3f9d40b6
40a34003
400f4017
be47405a
402240d8
3e1840a3
40e14027
40df3fde
3fb13f94
be59be0a
4087403a
3fcb3fd5
bebfbf23
3e19bf43
bf2c4041
404a40c0
40a63fa4
4105be9f
3eed406d
403b40ea
bf8a4105
409d400e
41083e2b
3f754068
404640db
40b8400d
c00b3fd5
bf8c4042
bf784073
408240b0
40344001
40774027
bfd54008
c0174048
3e92bfc8
3fb940cf
40a9bf40
bfce3fdb
3feb3fe8
bf3f3f46
401d3fb9
be9840f3
3fe1bed8
40c9400b
3f363f6a
40794095
3fcd4008
40d63fb9
bfee4044
3f7f4012
3f5cbfb3
406d3e6b
40984009
40ca4089
be5f4007
408c3fa1
404d4105
408cbf7e
c0113cd8
3f7e4007
402b40ad
3f3a40d5
40e53f51
c01dbd47
4005bf12
4044bf8a
408f3d55
409b402e
40ed4029
3f8abfd6
bf03405a
bff6be41
bdb5402c
40173f88
3ff9405c
3f683f85
40953f13
3fad3fea
3fe7408b
bf6c4094
bf043f82
3e76c009
3fd83ed6
bf363fd4
bd37400d
404040ef
3fda40c7
40a0bedc
3fd93f5f
3e8b3e1c
4080400a
bfd94104
bfa43f9f
bf29404e
3e09bfab
bfa13fef
407540a8
40aa4016
40bdbfb3
3f384097
3f9c4013
40943ece
3f6ebd26
40174024
bf3140b6
be32408c
400e402d
3f103efc
40ae4055
3f83bf20
40814066
3c4040fb
40413efe
40ab408f
401cbe8a
408b4096
4071bed3
40823e8b
410a3f20
3f763ee0
bfaa4061
403b4109
40464016
4075bfba
3eb14018
3fa540eb
40873f05
3e953f87
3ebe4072
3fc540ba
3f114085
40b14085
40ec3ff8
40c3be7e
3e17bf9d
bf8640a2
bf1140bd
400b3f8f
3f1b405d
bed6bf68
bfbc4004
40234109
401abf3e
408e3fc8
3e8a40a2
3f9f3fbe
3fe33f11
400a3f75
40b1406b
3fcf4095
be6940c6
404a40f3
40c03e20
3fb13fd6
bf2640b7
40323f6d
3ed340ec
bfd13f90
41034026
403abf6d
40174089
405240eb
3f9440c2
409d3f8f
c01e3fce
402040b0
3fe53ebf
407c40ff
405f3fb3
3f4bbee2
3fe04074
3ea340c9
409f40af
40884023
4110bdc3
3fd43fe6
40883cd1
3fc1bf18
4086be67
4101bfb1
3f913fcf
404840a1
bfe04046
3ff43fd0
40eabde7
3f15bf8a
be844092
406240d2
4089be34
bf383f0c
3ba73fb9
408e40a2
bfc24108
40a23f95
40e04034
be973ea8
4090bf94
40b63fbd
40343d56
3ef1bf96
4037402b
3fd340b7
bf91400a
403f4036
4057be9f
3fabbfaa
3eab4037
408d4082
40353e96
3f39bfb6
3c8fbfae
3f9a40ca
3fd9410d
3f9b400f
c011bf96
bc9f401b
3f0dbe09
40434102
3ee04016
3f094071
be51bfda
408fbf10
3fc9c00e
40d1bf67
40cebf27
3fe5bfa7
405a3d6a
40063f57
409f403f
c0143f83
bf7f4097
4010406e
40b7407d
bf1f3f0d
3fa24076
4022400f
3eebc00e
bed2401f
40a14030
40074017
bf003fd0
be554082
3d763fda
3f9b3f2a
40e5bfb6
3fc3bf90
3fb6bd18
bf8fc00e
3ed3403f
40e14075
3f93402f
3f9f4089
40504008
40703f14
40fc408b
bf423e0a
bfaf40d7
402a3ed3
40e73fdf
3f47401b
3f344036
3ff04006
40aebfcd
bfd63e87
3ff6403d
3fea40ae
400fc008
40bbbf9a
bfe1bf29
40e34007
3fc9bc80
3fb7403b
402bbf2f
3d483fe0
3f34bf19
3ffd40a5
3d984049
3f813f4b
40c6400d
4092407a
3ff740a8
3f2dc003
40be401d
3d9bbe59
40434013
bf1f3fb7
bfb6bf3f
408340cc
bfc7bff4
409e4035
3d68bbb2
401d405e
401740c4
40b6bfa2
40dc3f96
be153f9c
40344036
3f8d40e8
40ad40e3
40144033
3fba4044
402b401b
3eac3fbc
bd344081
40c53fef
408bbfbc
bf594005
bebc4090
40a04023
40eebe90
401ebfa3
3f3b3fc4
400a408f
40094000
40cfbf7d
3fc4bf98
3f5b40a1
3f11c000
3e8d3fe2
40d33fd1
3fb5408a
40273fa4
3e92bfd5
40ae3f7c
bdd23ed8
4068bec5
be8c4075
bfa6bfc2
406dbe1f
3eb84025
41093f92
403e4089
408140af
bf614016
40cd3fe8
bebb3faa
bf4c4075
bf77bfcd
4066bf4d
401b4029
40ea3fa5
4023409f
400a4069
3f4a3e3d
bfa3bec9
409f3faa
403a3f9a
40173ffa
40823ff8
bf8c3fdd
be6f4085
be203ebf
4069bfcc
4092bfe6
4006401b
41053fb1
3fc0408e
407fbedd
3f7640d9
40d0403d
c0133f58
bf553f7d
3f9abffc
3d8740af
40ddbf37
40ecbf28
401c3f04
bf15407c
3f27408b
4087bf65
40a0403d
3ef2bf98
bfb0401e
401940f6
bf2abf48
bff34031
bedf40af
3d2840c0
bfc540ff
40683d30
3fbebf90
3ff83f91
bec940ad
402ec01e
4032bdef
40fb3fe3
3f524036
40623f76
bed5bfb8
408ebedd
be984038
3fc44080
4007bfad
40ab40fe
40723f61
40943fb4
401c4019
40723d8f
3e1dc029
40044017
3fa73f9c
bf67bf1e
402a407f
401e4091
bf983eda
c0303e5e
bef93dd1
404d40c0
bfd640b3
4095bf55
40b44080
40134048
be9740b5
406940a0
40d93a20
405f3f03
402d3eba
bf6b3f8c
404b406b
400440c6
40d53eb3
4010bf75
3eee4016
be484013
405440b6
3eb6bdfd
410d3fed
bd2b3f8b
be78bf59
bf974109
3f153fa5
40a6bf7c
4008bc3b
3f77bf4a
40433f85
3fc64029
c01e3ea1
3e5cbf96
bf42bfd1
bf884074
3f834012
bf79403c
3f053fb8
3fa240bc
4011bef0
40a13fa9
3fc73efc
3f1a4080
3ecf408b
bf2c4029
3f193fb6
408b3fbc
3e2dbe3d
40393faf
bfc5405a
40964018
40fb408f
4034bfc9
bf903ef2
bfd6c01e
3ea33fbd
410b407f
3e9d4058
4058bfde
3fd9409d
401b4038
41013f99
3fe84098
40853f92
403a40dd
bf5b4030
bee8406c
3f8e401f
bfa43e03
3efa40bb
3f523ff2
408e3f35
3f2f4099
402740bd
40364105
bf973fd7
bf76bdb5
3f633fa0
40533f05
40a4410e
3f0fbf7e
bfe3bc11
3ebfbf8d
bfa6bf3d
3fedbff3
40e3bf15
401dbe8f
3f613fd0
403d40c5
408b40ad
40d83f0c
4001bfb6
3f0fbf3a
bd9fbf17
40783fdd
3d5c3dcc
4036401b
3fad3fb2
408040d7
3fcabf80
c00abe42
40d34027
3f3f40bb
bfacc01e
402d40e1
3e3d402b
410dbf2f
40153ed6
40324040
40a0bf02
bd3e3f1a
4097405c
3c86401a
403d3bff
3c60401b
40453fd7
40904055
be993fa5
bfaa4042
beec4100
40b03f05
bfbabfa6
3e6f400b
beb340e6
40bac015
40a4bf4b
3f484045
bf803e94
3f3a3f25
3fe540f3
40ea3e1c
bfd03f23
3fea407e
3fd7be44
bf953e48
bf133f76
c011400b
40033fa5
402c4062
3e71bfaa
3ff63f69
3fadbe9c
410dbfa9
3c62400b
3eecbd2a
409e410d
400fbec5
3f233e77
bea6bf93
bfbcc007
bf264095
40ba3f5f
403dbfb6
401f4012
4004bf22
408540b0
400c3f99
4088bf13
402940ae
3fc34087
3ffb3f86
40493fe4
c0083ea0
bf694070
4083408c
be8e40b0
40133f2b
3fb73feb
3f7f40ac
3f7a3dcd
bf054014
40babeeb
bf06be50
401fbfe8
40104013
bfc34005
409f3fce
3d593fa6
3eff3dc8
400e3fa0
3f7c4020
40e53fc3
40954030
3ddabe8c
3f2fbf80
3fe6bf14
40983fbb
4018402d
3ff53fc9
408b4031
3f3b40c8
3f67403c
be0e4061
bf0e3ffa
40204010
403c3f51
bfde3fd9
40d4400e
3fe73fc5
407240bd
bfff401d
40a64036
bfa8406d
3d18bfee
bf5e408d
40a64034
3f973e8e
3f784023
3ec64034
40004037
bfb04024
4079bf16
3f043e86
3fce3f10
3e933f84
40744004
4009403f
bf62bfbb
bd00400d
3fe43fae
4024c013
bf64bf25
40de3f7a
3f14bfd3
3d9b4095
4060bfb1
3fb23f04
4042be79
bf56bf45
405e3f06
bf6ebf5e
40c4be4c
40963fb6
3ff6bf8b
40424010
3f54be8c
c01b4016
3f13bfbc
3e9040a8
4081bfc5
406f4064
408f4008
410f3ebb
3f4d3fb6
404640b4
bff2c019
40c8bf68
bfbe4054
be87406e
bf4ebfea
bf96400c
bf8abe47
bfc2bd10
3fd340bb
404e403c
4065bf4c
bf363f27
4079407e
3fd24000
3fc93ffd
3ee14088
40a03fb0
3f094005
bf373f44
3fff40d9
3eff4078
40b04024
3f90bd5c
400b3f96
403f4017
3f844061
40bbbf32
40863e8c
bfb0bf45
bdcf409b
bcfd40ba
4085bed1
bf903f6f
409b3fc0
3fea4064
3ef5c002
3fde40f4
bec0bf25
bf8b4045
3db2405e
4032403a
bff83e5e
40843f43
40eb3d5c
400f4090
408840ac
3ffdbfb6
40963fbc
3ec9bf4e
3ec440b8
beab405a
4045c02b
c0193e8d
408d3f97
be3abf3d
bf88bec8
4049bfc3
400b400d
bf6e4004
402a401c
3e47403e
40953fdb
40743fc5
3e164046
bf4ebfaa
408a40f0
40b2bf04
40434020
400f4031
3fdc4096
bf9040e8
bf543ff6
408e403a
bfa04006
4007401c
bfaf404a
40b140a4
40c63fb6
3f673eaa
40304083
becabf10
bf813fe8
3e68bf18
404bbfad
bf4c40bc
3fdb3f12
3f85c007
3f61402c
3ed43e12
bf3dbc63
bfa74024
bf0ec026
40a74031
4012bf5e
be91409f
3f4c40db
405e4079
40914028
403f402a
40083fcc
bf6240bc
bfa1bf98
408a3fc0
40bf3f2d
40193ee5
3edc40d8
40b5bf3c
40d33f7d
4087bf9d
bf334049
3f7540d5
4076c017
40e43fdd
40464032
bf7dbfa1
3edabfe8
40a44083
40704020
4095be5d
3e3b40af
406c3f0a
3fb640b3
40a4bee1
3f5c4020
40074030
bd00404a
bff8c00f
3feb4038
41054074
3f1d40bc
3f443f94
3f874084
bfb23f67
40e53f97
40003e91
402c40cf
3fb14106
407f3f04
4108402e
3fc63e1b
3f983ddc
3fd340ad
407e3fc0
402c3f9a
3fc240aa
4027bfb0
bf09402c
40b7403b
40863ffc
401d406d
400e3ea3
bead40ba
404ebf24
bffa3ebb
40ca404b
bf38bc4c
bfa23fa6
3eb4403a
bf9fbe87
40f54044
3fdbbfff
3fe54095
bf43c01c
40823fd3
3f5e400a
401b405f
bfbe400f
408c3ea1
3fe63fad
40183e83
3eb1bfa0
4072409a
408a403a
3fdebf1b
4085408c
401a404d
3ebe4075
3f3640dd
bee53fae
40bebf32
403e4083
406440de
408e408b
407fbf09
c028bfad
3eb34036
3f3d3ff9
bf80bffe
40ee3fe4
3ffabf07
40163f8f
40053fde
3fe6408f
40c53f3e
41043dc5
401dbfa9
3fa7bfb4
bf2e3ef7
408d3f4a
3eef3e0e
40333f41
40844044
3e24bfdc
40663eea
4105be44
bed2be13
beff40e6
403b40e3
4080beca
402bbf10
40194056
4011409a
3ffb4109
3f073f9f
3e734040
bdc23f78
406940b8
402b4080
40dabf5b
bf044028
bdce40a8
404c3fd1
3ff9bfdb
40784034
3ec34088
400fbe93
3fb94082
40103f93
3fad3f22
bf94beb4
be514003
be54405c
40af4012
409d3f07
408ebf65
bf46401f
3f3cbecd
40a3c012
400d3d9f
beadbec4
3ffd4083
40703f12
bff2be6e
bf96bf64
40b1bf4c
bf664065
bf5f4049
40ac40c2
4051bf44
40d2bfa7
403c3fb7
40344009
40184037
3f023e42
3f9ebf55
4014bffc
bf1ebf8f
3f8740ac
407ebe9e
40ab3f8d
3ffe400d
405740a6
405f40f3
40ed3f8c
405cbea6
3ef04059
406c40b8
407b405c
40b44036
40bfbfae
3f573f84
3f944007
be3540b0
3f8c3fa0
bdbc401f
3da5402c
bf684014
bfcf4092
408bbdf6
40da3ec1
40a23f75
bdc43ef0
bf3340d8
400ec039
40693fe0
c02cbe5e
3f3fbf55
be1740dd
bee03e84
4066be74
4100400e
3f11bfc1
40063e1f
403a40b3
c0073fc2
3d383eea
4039408c
3fc1bfd7
40884059
bfbf4033
40403ee9
3fbdbfb6
407f3fce
bef940e1
3f30bf5f
40993ff2
3f9a4069
401340a3
40a8bdf1
40804022
c00f3f34
3ff13ef0
3f0d4009
3f2140b8
40a5bf7d
c01cbfb5
3ec2402b
bea03f95
4004409f
4043bf10
bd2b4065
3f364037
bf323e45
400740d6
40d2be94
bfe03eaa
bf4540bc
bf9e4038
40aa4077
409fbf00
4108401e
3fafbf39
bfb4be0a
40814087
3d3fbf15
40b8bf60
3eaebfd6
be15bee4
3f8b40a4
40cd400a
3fdab9f1
4022bff2
40773f35
3f4140c5
40ce4023
401dbfbe
bdf13f29
3f6040e9
40aa406c
40ba4035
c0104018
40314016
bf7440ab
bfbac014
408e3fb4
bf5d3f01
3ffe409e
bfa94051
bf284047
40113efe
3fc63fa5
3f8240bc
40873f76
4057bf48
40ea400a
c0294090
be5cbfd9
3f833f75
408c410c
4091bf71
40ac408f
bf44bf29
40533fb7
40444037
40c53f97
bf2a3fcb
403e4099
405c407c
3f6c40c9
40a44006
40ec3ebb
3e9740a4
3d5e40a3
402c40b3
bfc83fb3
40db3f70
3f55404a
40593fe3
403e4068
4074bf3a
c016bf86
3fbabfec
40603f84
40844090
404a3f25
bfd54027
3f08bfbb
bf1840ce
3f7f4075
4079402f
40653e35
3e89408d
408c4061
408640b7
bfd3402f
404c3ed8
41004033
3f8f3fc3
402f400e
40934084
408e3fab
3fd1bfa1
3f2d4086
400c40c9
3f3abff3
401a4004
40b33fff
401f4081
3f42402d
bf9c40c8
bf714000
40eabdb4
bd90408f
4084402e
bf954027
bf2dbf0a
40853f70
4006404d
bf40befd
3fcd3ffc
bf713ed7
bfe2bf11
400540a9
40844060
3ffcc012
3f313dcf
3f28408a
3f693e9d
40863fbc
3da3bfb7
40df4003
be3fbec8
402f3f99
3fa6c012
4048bfaa
40d7401a
40833fda
3fb940b5
bdaa4064
40b8bdea
40973ff8
40ef3f7d
3f5a4095
408240e5
40473fc5
3e98be1a
40b8bee6
40053ff8
402340d5
402b4013
bd76be34
3fe2bfb0
3fbf3f39
40134043
4088bf9b
4001be11
41063f92
3feb3fee
3c2dbfc0
405440da
3eaf3fc1
3ff63f48
3fb940bc
3fd240e8
bfc3410a
bfddbde5
40adbf1d
bdf140a1
405ec010
3fed403f
40e2be89
c017bfaa
4023407b
3f6ec00e
3f273fac
3fe7bbe3
40bdbb95
3fd5400a
4054beeb
3fdf4088
bf5b3fd8
bfb3407f
40154062
bf94be39
40abbff2
bfbf401f
40864033
3fcdbf84
40403f1c
bf40bfc8
3fb14019
bf843ff4
3f59bff4
bf1240dd
408040a8
401b3fbd
3fe1404c
becb402b
40314039
3f3c40c4
3dcc3f9d
40c43f17
3fef3ff8
408f408a
befebe8b
40bf3fa7
410f4053
4038bf9e
3e9e3ffe
be97408b
408f4000
40e2405a
3fbd408f
bfbb40a3
bf08405d
408a3ff3
409d4054
3f96401b
bf8c40c8
bf57bf48
3f75bd5f
3f3a3f8c
4003bff6
408cbf1b
3ff4bd5f
404040b5
40c43ffe
40f63e4c
40173f38
407940ee
3f1240cf
bf633fa0
407f3ff9
3e324031
3fff404c
40b54070
bff03fbc
3ef9bf9a
3f74bffa
bde040e5
409440f0
bf094035
bf86400a
bebd4055
3ff53e8c
405b4027
40eebd8e
40a9408f
bc944097
be5a40ef
bfa4401d
40923fb7
bf613ed8
3fd04018
40214085
3ff43fc8
4045400c
40e9be93
3fefbff3
402740ed
4003408e
be723f63
3e82405e
3ffa3f3d
3d2140d1
be18408d
40db3ff5
bfd4bd5b
3f904023
4074be05
3f234060
bdbe3fbf
c001408b
40304090
406b40b3
40bc408a
bf31bed9
40be4019
3ef440ac
be814024
3fdd3fe0
40ebbf4c
3ec4405f
40023fc3
3ed040c6
3efebf04
3ee0bf20
c0084006
3fce4034
408a4070
40bd40da
40783f72
40e04086
bd6e4083
4076bff1
3f304109
3fd83f84
408fbf95
bf4c40ac
3fbf40ee
40b5bf0f
40b6bcd3
4100bded
40313e02
bfbd40dc
bead3ff5
3ffd3f8d
40344043
40164002
bf5e3f95
404540e0
bf373fdf
40a13e1a
4023409a
bf53c015
409340cd
40573ec1
403a4040
401b4000
3f674084
4008be62
40e13f00
4043bf4d
3f1b4019
408140bf
3f0f40f0
c0003d04
c0383f52
bee63e8a
be1e40da
406340b2
40df401b
bfb8bf8f
40253fdc
4065bfa4
3d85bf88
bff74014
40bebfa3
3f0a4076
406c40d7
3f07c031
40413e8a
4093408a
bf45bfc6
3fee40e2
bf6e4095
40e3be8f
40a63ef6
bf754016
3fa540d2
4070bfac
40aabef5
c00d401b
bf6dbdee
3d843fee
40004057
3fa9c023
40b73f98
40983fa2
4003bfcb
3f4b3e34
409040fb
408c400c
3fad3fa4
40183fc1
3ebc40e6
40b9bec4
bfd0401d
41074020
3f3240af
3f87400f
bdc7c006
be2f4039
3fc24065
bf77402b
3e5140b9
402640a2
3f473f8c
40813fd9
3f48bf4d
403abe9e
40a8405b
40c4bf71
bfce3f14
3f6a4051
3fc04045
bfa8410b
40ea401e
3fddbe2a
4011401c
405cbfbc
404cbfd0
bf674010
40ba3fa1
befe4093
3e9340e9
3fe84037
3faabf7c
40cdbf90
401a4027
40704061
408b3f11
40d2403f
3f1cbe3c
3fdf3fae
bf3d40a9
3d1c408f
40aa3ebb
40713f3a
40043f06
4070beb7
4014bfb7
40893fc3
409b4003
40013f4b
3f354016
400840d1
40d43fcb
3f08bead
40294090
4039bfb6
3f483fdf
4000bdef
40c53f20
40193fa1
405a40bf
3ef040dd
bff7bf18
bfd7404c
3f99bf85
3f90bff0
bff03f8b
40bebee8
3ff8406c
3f8b3f14
be55bf34
40a23fc3
bfe9bf60
407ebed1
3e6e3f3a
3db4bf41
bebb3d24
402a3cc7
3ebfbf86
401540b0
403f4015
bf9a40ec
409d3e3d
bf16bf1b
3f2fbfbb
be8a406a
bf0140f6
401f3f4d
4093bfa5
4036be22
400540bb
40793f24
becf3fb2
402abec6
bc093f8d
3fb1bf14
40974085
40ecbe3e
40b7bf0f
3f833ff9
40464093
4018bf0e
be8f4016
40eb3f70
3e4c3fd1
3ef0408d
40964014
bfdd3e7c
402ebfb4
3ed340b8
408fc01a
405a4101
409b3ff2
408f3f4e
3fa340bb
402abffe
3fad3eb2
400340d0
3f263f8b
40d53f86
3f8f3ef8
405dbfdf
40923f22
40c23fea
410b408f
bf69beca
bf33bfd4
406c40f1
40863fc4
bf603fb4
3f394058
408540ba
40553f58
40603fc5
40fcbf42
402c4031
405a40d9
40a640b1
40c44030
c03e4017
3dd0bfb5
bf52bded
be764108
40d7bf57
40ec406a
4008403d
40284094
be06405c
bf47be0e
41023e70
befe40b5
3f1440ef
4092c023
40bcbf14
40ee402f
3e4a40be
bf3b40b2
409ac01b
40b53fa5
bf574051
3ecfbee4
4024409a
408340ea
3db43f83
410f4025
bf753f22
bea54025
bf444103
4047bf14
bfb9bf89
3fc73e08
3ee5c01c
bfce3fe7
bf10bf53
c01fbfb6
3f043f02
408f4065
404a4109
3f3c4036
3fdd3eaf
404040a8
405b3ff0
40a24088
c01b400a
bfdebf79
3f69bf4f
be6a40d0
bd8c3e27
c012403d
40b8406e
bf6fbfbe
408d408d
4066c026
3f71be4b
41064053
3fe54000
403b40d6
40493e5e
40993f4c
40a43fb9
3d8dbf92
bdfac013
3e43406d
bfb03f95
40484063
4015bf7c
40503fa1
bfd73e92
bf853fe1
402f3ce0
3eb640a2
3f8b40a6
bd83c00d
bfcfbf18
3f994076
3f1640ba
3f9a3fd5
3f7a4003
4076bf47
bf1fbf6b
3fe6bff4
3fb23f96
3efa4104
40cc3fb1
4055bf2b
3ff3403e
bf23408c
401f4043
40854011
beb04030
bf44bc55
3fe23fbf
bf6d4094
40bebf10
c02e4048
3fc7bf8f
4025c004
40a2bed7
40073efa
40853f59
403fbd4f
bfb54098
400b40ec
409a40e8
40e03ffb
40f93fe8
3f9140a4
3f6a40eb
40a1bff4
4080403e
3ea94060
3f9e40aa
40614086
3fa6bfcb
40e23fa5
40f3bf1e
bf443e9c
404940e9
3fedbfb0
40ad3fe3
40954009
3fc5bfca
3fe33f90
bf073f6e
40be3f20
bd9e4080
bf5b3f88
407ebeaf
401c4038
bef23f49
40d1408a
3f874019
be8f40ec
3fee406b
3eff3f9a
40223eef
3fca400a
3f6a3f4d
bf81bf8c
407d4008
c01e4088
3fa84090
befc40d9
40a83ff0
40863fec
3fcd400d
3fec408a
be293ec0
409a3f49
40393fff
40ed406a
4009bf86
3d5040a6
40644004
40e13f21
3fb23fac
3dbb3f8b
400a4083
40bf3f7e
3fdabe8e
4031405f
3ef34072
3f93404b
40503feb
3fa64005
40883f78
be27409f
402b40d1
3e044004
404c3c5f
3f50408e
3f483fa6
3fea403e
3e7840c9
3f713f8d
be233ee8
3e2d3f3b
3ef53e68
bf304065
40bc3f24
40ff3fb6
3f8cbf6a
bef0bf8e
bf0ebfdf
c00b4008
4019bda6
3fb8bdac
3ed84011
bf2840cf
40e53e12
3f43bf9c
3e474098
3f0040b8
3f6c40ff
400e3fb8
41034077
402cbfdb
3e9e40dd
405bbfa1
40a33ee3
3f473f35
bef53fcf
40023fb4
bfe84078
40d0bed9
40dabf3d
bf29bf38
4015be9c
40af40bc
40c53f1b
408b4080
3fe13fcb
bfba40cc
3e60bf93
40b23d05
bd9b4021
3ea840a0
bfb34083
409d40e8
3fe0bf0f
410a3fa4
401340b1
3f48c011
4061401e
bf7b3e59
40b93fb0
3f9ebf2e
bfaebff4
405b409d
4002403c
3f2fbd7e
c0054030
3f07bfb7
be2e3fdc
4080402c
3ffe3ef7
40984020
403fbfc3
3fddbf4e
40b1405a
3f673f11
400d400c
4026bf35
405540d8
3eecbfe5
40a33feb
c00b3fb6
bf7f4016
3ed6c018
bf8240a6
bf573eee
41064026
402c409b
4061bfca
3e8940c4
3f60bf0f
c0024041
400d4054
404840ab
408c3e4a
bdc6bed0
40e33f94
3e27be2b
3ec7bfb7
be494101
bff04017
409bbfa9
be253fe6
40654020
bf773fb9
40813f84
41023f14
bd77bf8f
40123fe8
bf2ebfc2
406e4022
40b5bea3
4008400d
bfb7be92
3f234097
40ea3f9b
40e74075
3fa44048
be8a400b
bfd63f34
40e13fac
c009404a
3f5f4086
408440ab
bece4088
3fcb3fb1
410dbf0e
3ed73f70
404f4067
40a9400e
4094be72
4044bf89
400a40aa
400340d6
4064bfe4
3e193e6b
3df53fc5
beb34004
bfb2409b
bfe7be28
40ef3f8d
3ff73fcb
4018be4a
40853fbe
40a34104
40c63fb3
bf964025
3f664023
bdd33ef3
402040cf
408abf51
3f20bf57
bf76bfbb
3f02bfce
bf9abecd
3fb1bf6f
40383fee
3fb73f93
40024048
3fec4030
40a24017
40b3400b
bf2240bd
3fa6409d
3f27be6a
40e6400d
40523f79
bf334013
bf9f4064
40abbff8
40a0401e
40d9bea1
bf11bf78
3fc1c01c
4096bdcb
3facbe39
40ff4038
bf43bff5
3f0740dd
402140d2
c007402c
40e33f9b
3f38bf18
bf004007
3fd8c008
400f3f8b
c01f401f
3f7f3faa
4071bdf1
40a33fcf
406f3f4a
bfb4beb1
3f8a40b2
3f824070
be2dbfa8
404c400c
40144040
408dbf96
3fe0bfb5
3fe1409d
bf93404d
3fdd4014
3d7c4068
3f1a40ba
408040a4
40b13ff3
4084be44
40903f09
3f9d4052
403140a1
3ee53d26
bfd1bc25
410dbc85
4021bfdc
4024bf64
3f1d4096
40d23f89
40a03fc8
40093f99
3f183f91
bfccbff9
3ed1be5f
40b5407a
3ef23f07
bfac3f0b
40b44100
40e2bf0e
40c0404e
3f3c3f81
bf774026
409c3fc8
bfce3f2e
bf21405a
3fe03fcf
402240ca
3f1bc016
403abf6f
40d03f88
3fae40b7
3ff040db
40a540da
40c5bead
4042bd77
be21409c
40873faa
402240a7
3f0b4034
bff0401a
becd3fc9
408840cf
40af4057
3f883ea5
4023404a
403b3fff
408c40a4
3f9f40f4
40c84016
4096bfb9
3fae40b1
40123e0a
3fce4102
3f5fbf49
410f403a
bf6f409f
4003bfff
3fb1403e
40b3beef
4105bfa4
bf2f4057
40844089
40253fb9
bfe4bf33
40c23faf
bdf53f38
405a4012
40a540f5
bdc53f73
c009bfad
bf1a3f18
40633f92
40a04099
3f89bf21
404d400f
bed4bfe3
3fc04097
bf2f4089
4092bf3d
410f3ff0
3f824081
3e8ebfdf
40b94065
3fc64028
410e3f35
3e07bf48
3f2d4073
40663f1c
4063401e
be954036
bf483e87
402cbfaf
406940e2
40af4029
c02a3fb9
3f0140ac
be8a405c
402dc001
400a3f25
40434083
be814030
be3440cf
40673fe0
3f804029
40b7bef6
400cbf24
4085bf8b
3f64409f
400d3f54
3f2c3f03
bd8c3e83
4051c00b
405bbfac
40943dfe
40cb3e53
406dbf85
bc0f4084
3f584048
3f4fbfd6
40c93f87
3fe6bf9d
bf5f3f5f
404c40bb
40b24099
3f544022
41013e70
bed64035
400bc014
3f514101
3f89400f
3e293f55
3f97be6b
403240bf
408840ab
3f6cbed1
beb1400a
bf48bfae
bfb2409d
408e40a6
4043bedf
3fff3fe1
400c3fb3
4038400b
404240e7
40a7bf34
bf2e3fda
3eff4010
bfa03fe9
bfcd4106
40463fe2
40933ea1
befe4032
3f2c40ea
40b040a0
bd753fb8
3f1d4014
3fe93f94
40403e7c
40a03f59
3fb83fd6
40ce3fb4
3f08bfbf
bf6540b0
be95405f
40673f26
408c4023
40293d5f
3fe94032
bf87403c
bf9a3f29
4081bef4
3fe3bf36
3f774037
40b24028
3fdf3fba
c032bf77
3fab40bf
3fb5bea4
406b409b
be713fd6
3f1b406b
be6abfa9
bf49bfea
bf0e40ad
40a03f81
c020bf0b
40113e87
401340a7
407a4076
408d3faa
c017bf35
bf0b408f
3f7b3d19
40554081
40e9bf07
3e8e400b
3fe840ba
3f0f4067
40ba4057
bf933fb6
400ebfa7
3f434010
bf89bf35
400940e2
4079bf50
bf15408d
3fed408c
3f0e4095
bd4bc003
40e2bf06
410cbf6f
3f01401d
3e9d3fe4
40b240a8
408cbf21
40d53f97
3fb8be01
bed43f68
403e40b3
40b33fa9
3f9d4074
3fa840b8
3fcac000
409940db
bcd74025
3f0abeaf
3fcd4091
406640c2
3f484107
40053f70
3decbe9c
40353f7e
3ec540d8
409440cb
4095bf61
40f73e83
401f404e
4037bfbc
3fe53ea8
c01f3f83
40eb408f
bf794007
402dbffc
be45bfda
40b33fc3
40de3e76
41044014
402e3fc5
bf6340ea
bf9740c7
40493fe7
bfbc4064
be553e05
4003405c
3fba3d58
bfa33ff4
c0293ffd
403a402c
3ee24071
40724090
40863f0a
3e8abf98
400b3f95
bf89401a
408abe2c
40ef3f13
40e1bfb9
3ff0406a
4089407a
3fafc00f
404b3fff
3eba4057
be9bbffb
4080bf56
40214088
bfd83de5
40733f34
bf5d4063
3ffc40ce
407e40e9
40abbe74
409d3f01
3df8bf10
3fa1bdf8
403d40f4
40e23f79
3fc6bf54
403bbecf
3f0bbf50
3f5340ab
40274013
3ec9404f
40354007
bfae40bc
408dc015
c0014003
bf6a3ee1
4015bf98
3fadbf90
40ad40ef
befa3f97
408a404d
3efc4080
3fbc408e
3ff940c9
40d63ed0
400e3f5d
3f4a40ba
bf90be60
bf3a4090
bf3a401a
be17be3d
bea63fe6
3f454082
3f07bfe7
40753f65
407c3f80
3f20bdc8
400f40db
3ebe40cd
40153f55
3f4dbf7d
3fd74011
bdce40c0
bfaabf11
40b4bf19
4089401b
3f273d53
bf83be5b
bfcb40e2
bf1e4014
40cfbfa6
bf52405e
bf7b3f5b
40c0408b
40b4be1b
3cedbebb
be85408e
bfb34083
40a9405b
40493fb0
406d3f17
3fec4066
40463e50
4092bfd5
4097bf45
40ad401b
4008bef7
bee240b7
bee740b0
40983eac
410b404a
3ef64028
3f814028
406e40ec
3fe34005
c0204053
3f01bf26
3ce9c012
40bc3f86
c011beed
bf733ff0
3fd93f53
4071402d
3cb34102
bec43f6b
bd2dbf1b
be89400a
40873f9e
408dc032
40504101
40543fa3
40f1405a
3d8f4088
3f263d73
40bf409b
40cb403d
40dcbe68
be73407b
bf824072
4063410d
3ec3bedb
40b7bf83
3f5c40a1
404140d0
403c4008
3fb94010
3f154056
40043f21
40843f96
403840f2
3f1ebf18
c00b4025
bf44bf83
3fee404a
3e4ec02f
c00c4023
410b406f
3fbcbdfd
408c3e0a
40133f78
40e7be5b
40cf3fbc
3e9f3f7c
bf9f40d3
bfccc028
4082be63
bf834031
3ea1407d
403ebfed
3f164079
3f853d0f
40f4bf53
3dc6400c
bf3540e8
409940ae
40a53f13
bffc3eb5
3e874043
3f21c000
407f40d3
40b23fab
4068bfa5
402340a9
406e407b
40213eff
bf263edb
40c7bee0
3fdebe65
408f40a3
3f1840e3
bf944020
41034041
401abfc2
bf5e405c
bffbc005
4055400c
c005408a
3fe04092
bec9407a
3f9ec03f
bfafbf17
410d4083
3ffcbfe8
406c404c
bec8408e
bfba402f
bf61400b
bedb409d
3faf3f1a
3f9f3fca
be403f92
40a1bec6
bf61409f
400e3f8f
3fe24098
40ec3f2c
3f55bf8c
40254097
400840b9
3fab409f
40883fbe
40b4be10
3ffbbfe6
3f2b40e7
bfa94010
3e164009
40b3403f
3f964077
408140b3
403f4093
bf94bd41
40bc4023
40394096
400f40e1
3fa5bf99
3cff3fdf
40e04042
bf6f3deb
3f9c401e
40684014
40733ff9
3f07401a
3f04bf09
3fbebf56
409b40fc
3e984027
3e07bf95
403d3fff
40243f6e
bfda3f97
bf694004
bfe4bd88
3fdf4067
3f9dc01a
408a3f8b
3f263ed9
40874086
40ce3f9b
3e55bfb9
3f743e52
3e2240b2
40bc3f3b
4107bf49
3f8b3f9c
40214040
bfc93fa5
3f053fba
40633ea1
4008403b
408e3f41
40a04105
40ec3ef5
40bb4029
3fb63e8e
3f92bfe8
40994095
40ec4002
40cc4024
be204014
4034409e
4058400f
40b9401f
c00fbeff
4018bfab
408f407d
4069c004
3eb3401c
40e53f80
3fa2bf7e
407e4082
40a64103
3f354009
40cebf85
3fd5bf6e
4071bfef
3daa410a
40a33f3f
be103fdd
40374047
40083ee2
40724080
40ac4012
400abfb8
3f394082
3eca3f8e
40be3ed3
404a4001
3fbc3fd7
3febbf1e
bd7b40cc
bf074020
40b4bf3c
4089408d
3e094085
bfbc403a
bf5a3f98
bfb8bf01
40354053
4030408b
402a3fe3
40863f4c
4060bf24
40b5bef2
3dba4025
3fdd3f0b
bef93fe8
402ebf54
4071bfb2
3ff0bf3b
402b3fcb
bdc0c036
40d14028
40433ea9
3eb6bf73
40823e9a
3f2940f3
bfa33fe0
400c400d
401140b9
bf7a40ea
403bbf43
40aa3ec7
408c3e15
bec8401b
3f854099
bd354057
3f3b4036
3ea44055
bf663f4b
406e3ff6
40bdbf98
40cf4028
3f51400e
402fbfed
4030c01d
40484107
40574029
c03f403e
bf1a401d
40824098
403bbfba
3f223fa6
40934031
4038bdfc
3f924096
4038bfd7
bf8cbf51
410a3f07
bf514042
3f2340ee
be1a4008
40b43f43
c0233fba
3fd940ae
402340e3
406cbe02
404d3fee
bfeb3d76
3f6a4081
be9d403d
40ad3fc7
40d63eee
40ad4028
3eb33f10
3f8e40ed
3f224036
3f6d3c76
c0154033
bdcf3ff4
be5d402c
bfac409c
3f5a403f
40663fe3
40f0406b
bf4f4080
40494094
bf373f21
40174016
40033f0f
400e4072
406cbfa0
3e15bf7e
4093bf09
3e8e4085
400c3fe0
bfb0c00e
3f8a4030
3d9f402c
41033f6e
3ffc407d
408640bb
404b4022
409b3c09
408d400c
3fdc3fde
bd874087
3fe93f23
bfd3bdd5
40193f36
40024029
bf9840a4
bf7340a3
408b400e
c0364062
3f2a3fb1
4079bfa1
4019c030
40d2402b
410f4030
3f66bf25
3f844061
bf8340fa
400fbf7f
40c6bf92
bf08404f
407e40b8
3f4c3f39
bfbfbc2b
3f9b3f18
bf753fb4
bfbd403d
4096408b
40b54009
40df400d
40043e8b
3d864079
bfa14023
40d14023
be88be8f
3fa24053
3d11bfc8
bfa2be43
40e03f87
4059bfbd
3f9abf40
40314077
40074050
40e43f85
3e294033
b9373ea4
3fc43f7d
40783f85
3f3e3f68
41073f62
bd90bf40
406bbffa
4040bf84
40823f94
40b43ed0
40154069
bf75405f
407b40ba
40a2401b
409dbf19
3ff140a8
3dff40c5
403a40d8
40833f78
40d4402e
403740bb
3fedbfec
3e6e4054
40d64029
3ff6405d
3ffd3f8e
bf9840cb
be544100
40133fe4
410d3f90
3d893fe5
406abf14
401340c4
bf4a3f78
3fbd407f
3fa44061
405ebf7c
4045c02b
3f7b3e98
bf4d408e
3f41bfae
be82bfc5
402340c6
40e0bedb
40c23fcb
403d40a8
3f85bfe2
409240b2
40dd401b
40ad3fc3
bec63f69
404240ba
3fb340f6
403a3da5
40694024
40ed4034
bf0340a1
400340b5
400b40d8
3f373f40
bd3bbf95
bdb14071
3f9fbe88
bf674026
40aa3f64
3fc63fc4
bf724080
3fc040b6
40b3c032
40b33f62
40a5404a
400e40a3
3f9bbf9d
be5a40dc
bf8a3f0a
40e93dbd
3f1f3fe0
3e714045
4035410f
408a4033
410fbe06
3f7e40b6
bf794053
3ff64106
40693fa1
3f1c3ff4
3fc6bdd2
3f9d3fdd
3fd23f98
4042bf47
410c403e
3db94060
3f923f33
40a140b8
406b3e5e
403a3fb7
3fed4087
40463f51
408d405a
409cbf46
3fef4013
3f964074
40394027
409ebfd3
40c93e71
40a2402d
3f864028
bf7f3fd5
400a40de
bff4403c
40364068
3f843f8e
406d4046
3fe7c026
bf863f2e
3f003d0c
3f85bf67
3ec9bfaa
3fbe4082
3ea13e1d
4033bf33
3fa33fe2
bf8640ab
40b840b6
3f24401d
40433d4b
3fb3408c
bf6e3e5e
bfeb40c2
3fef3fd2
41014063
3f974097
404440e2
bf8d40d8
bf0e3f31
c01cbc15
bee9bf05
3e623f4a
409ebff1
3f2bbe6d
4108bf8a
be41bf87
3f1340a6
bffac021
4043be41
40bc408a
3f104089
3fe14083
bfbf40b7
3fd13f3a
40764046
3fe13fea
4088401c
403d40a7
3d3d3f88
3efebf46
3f0a401c
bef73fd7
3fbf40a7
bf294005
400b3f91
3e3040b9
40534072
bf6840f9
40373f45
40e5404c
3fb74020
4088bd54
407f405c
40e04034
3f483f48
402040b3
3e9940c2
403b40fb
40d2402f
3ff33f00
3f314073
402540c1
400040e8
3f0b3fdb
40ccbf22
3fdfbf81
3f0d405e
bfb33fc4
402840ac
bfe4bef2
409cbf17
402dc000
3eacc00b
3fb0c00a
400a3f1e
4005405c
4020bffd
402740bd
4088408f
3fea3fef
40eabe84
be7c403a
bde33f54
40354035
3fe54011
3ea7bf2c
3fa1bd22
407a402c
405f3f78
bf383d91
40bc3f25
3ff9404b
bf2c4034
40883f1e
40a33e73
bfc1bfa8
400ebf6c
bfa1c01e
40714107
40de3f79
bece4055
3f6a40b2
401ec001
401b3ea0
3fe9bf1c
bf1f404d
bef04039
badf40c3
bfec400c
c0023f17
bf53405b
401e40b4
3e7dbfdf
40834000
40ba4002
4094bf58
3ff2bf66
40073fbc
406abf1a
bee54018
3f9c404e
3fb04033
40033f60
bf54c006
c00d3ff5
40fa3f39
4039be1d
bc85bf57
40854082
beb03fa7
bf733fa6
40103fd2
3e103fdb
3fb340e7
bfb1be7d
40a74054
400840ab
406a40e1
40763fae
401ebf67
3f9e404d
3f953fcf
408b4085
409dbf9b
bf6b3f9e
4080bfb6
bda03f38
be314085
4013c032
40cb3f62
4100bf68
400c4098
406b40a0
407240c6
404cbf48
40c33d2c
3fbc3fe4
3fc540c3
3f9840b4
3fa0bf68
be284015
bedd403e
bf003f83
409ac035
40a44007
3f77bf3b
bdb640a5
be484038
3fe7c00c
40353f9c
409b3feb
3dc23fab
407cbfd1
40b3402f
bff73f75
c0184015
3ea540a4
4036400f
40b7bee5
407a3f88
3fe23f9a
401cbeea
402a4065
bf274056
bf84402e
40fa3e38
3f443fc7
40724056
40184086
40133d49
40384084
3e89406e
405a408f
bfd5beb4
3ff140bd
40543fe0
4109401a
be7abf13
3f0140db
404c402d
3f8f3fc0
3fb4403c
3f03bfbe
bf0ebf42
bcf8bec3
40d9bf0e
3fadbf9b
bf093ee4
3f3d406b
bfafbfa4
40233ec3
40b63f1a
3c803f8b
bec940d5
409b4014
3ffa3fe9
40444083
4031400a
3e574044
40244103
40bfbf30
3fbc3f0c
3ec9408a
406340bd
be303f2d
bfb73f91
bff84064
3ea44035
bf1f3ed3
40aebfdc
3f9b4027
40a83ff0
3ffa3f01
3fbc40cf
400c4085
c00d4001
40584023
3fac408a
408a4059
bf544105
40843fc9
bfba401f
3e864026
400b403f
40b33eb0
4036bf6b
408d400d
be6e3f0b
404e408e
be2d4108
3ff83f4e
bf8fbf0c
3e144092
4024be91
40a23e0c
40d3bf24
40d6bfbc
4012bfda
405d40b6
3d5940aa
3ea0bead
40dc407a
bf46bf96
4060402c
406240c5
bfae403f
4032be80
3fd840ae
bf4c3f3d
402bbea2
40c03fdf
40bd3fde
3f9340b9
402fbe98
3f9a4018
40a5bf47
c00e3e09
4032407e
3efebf2e
40a5410e
40404017
410e404b
40013fd7
408c40a9
bfc73fd7
c0054029
4104405c
4005408f
4067402f
408e3fe2
3e863f8d
3eebbd8d
be473ffc
4017bfea
bff14088
bf8e3e88
40ec3f36
3e4f40a1
408fbfc6
bfcbc03d
bf913f84
40073e94
40054083
4082408f
bf913fc6
4085bf2f
bfbfbf30
3f4d4006
403e4027
3ffd3f84
c00c3ea2
c002bf8c
bf193f5f
4079bf8c
bfcc3fda
3fb2bf68
bf60be61
3f5a40bb
bed7bf75
3ff9bfc2
3fc54014
3f57bfbf
3fc93fa4
3f863fb6
bde2406c
40ae40de
bf99403a
40bc400a
40403f7e
3f4c40a8
3fe44007
40983fd2
40c53fdd
40374016
3f5c407d
bf954106
3fb0bf59
40283e30
be234087
befb3e84
40b9bfb1
40b03fd2
3fe9bf81
bf2d3f8a
404940f0
402dbf5c
3f643fdb
c013bee4
3f9b40b2
3f68bfc9
401540c3
bfbb3f95
be31405b
3f42bff3
bef4405e
40a740b3
bf834016
be0cbf68
40223f68
bf39408f
4068c012
40cd4010
40f33f49
3fd43fbd
3eeb409a
bf753f20
3f9bbe74
3e96400c
40044049
4074408b
408940a0
40753f86
40f44049
3fa6403c
408b3fc8
40aebe5e
40e3bdd2
bfa4be72
3fe63fe7
4081400a
408a40a8
40c4bf11
bfeb3f79
bf70400a
3db44083
40bf40c4
40ce3e85
c0013da3
40114098
4006bee9
3e5e4094
40653f91
40fbbf31
bf26bf8e
4046405d
408d4060
40933f59
410b3f08
3fa7bfd1
403e4002
bf98bffe
408dbf1f
40b14080
bee340a4
402d3f9f
bf25be1b
3fba3f91
40d03f95
bf00bece
401840a8
3fab410d
407a400e
40f5bf83
3f8e4009
401b3fc6
40ab4063
bfb8bf79
4084401d
3f8fbfec
bfb43e29
bf34bfb2
3f6e4019
3f4ebf4d
be8c4024
3ff740d9
be04bff3
3fa0bd9e
3fb53f98
bd9d40ae
406f40b2
3f824037
3fbe3eef
3ff3400f
4020bf97
400b40e9
404dc021
400a3e3f
41013e92
3e2cbf1b
4081bf9f
40aa40b5
4010bf47
404d3d40
3f1abfd7
4030401f
402240e5
be263f83
3ff73fdd
3fab3f05
400e40ec
bf014002
40bdc034
409f3fc8
40d6408d
40244055
400d40e3
40914101
40a54029
409a4004
3e9c3fa8
3ffe406f
be26c00f
40d54031
410f403b
403f40b1
3e4240de
bf844107
40cb3e2a
c01b3f7c
bf71bfc4
40753f9f
3fdcbfb9
3ecb3e9d
c0233f90
bf3d409b
4028bfa7
3ffd3e9c
bf453df8
be9bbf46
be1e3f26
3efb4089
bf984106
3fa8bf58
410a405e
40093f18
bf96be18
bfd140a5
40d4bf19
40b7408e
402e4081
40723f8d
bfe540bf
40c63e7a
40c5bfa5
3ecbbff7
3f1140a6
40bc4024
40533fd8
bef53fbb
bdf54055
407abf81
404c40a9
bf403ffd
3d954046
3e203ff7
40813fbf
40343ff7
3ffd3fb9
40094028
bf7c3f6a
3f533e97
bf8cbfbb
40354036
40a43dc5
beb04099
402a40d7
3e7d40a5
40a43faa
3f30be46
befcbf5d
be843f40
bfbe410a
3f6cbeee
bf943e8b
3fb13fe1
bf3940a6
3fd43eb6
40c03fed
40db400f
4008bfde
40444006
40bc3e49
bef4bf0b
bf7b4000
bf29409a
3fc34052
40adbeed
be90be53
40054076
40203f75
3fbf40d8
4034402c
40ba3fa4
40793fb2
be8e40a5
3ffcbfbf
be91c002
3f553fb7
beacbf8e
3f08bfee
3e0d3e98
401bbbdb
bf533e53
40f6403e
3fe5be9f
3f194083
3f8d40ec
3f99bf0a
40aa403a
3f2040aa
bebe3f57
40b4bfd0
bf383e8a
400e4054
bf6d3fb7
3ebb4088
bfa8403c
3f4b3ffa
40df4059
3fc0bf94
406d404b
bef83f0e
40bf3fa2
40564057
3fdabf99
408440b4
3fef3fdf
40ac3fac
403c3f94
bffb4026
3f673da1
3f6bbf52
bfb13f87
408f3f53
c03b403d
bf3ebf1e
3fe14085
bfe240ad
40d34030
bfb04009
3fd74081
403240c7
409740d3
40b13fb5
3eac405e
3faf3e83
403fbd7a
bff2c00b
c00b3fb8
bec5408f
3fa7bf20
40553fa2
406a4054
401f4034
bf264068
3f92408c
407540b3
40853fc1
40eebe92
40aa4075
3f8c40ac
3fdabf90
4065c011
40974022
41063fc0
bed0bfaa
bf8e40b0
405b40e6
bf6a4034
410e3e9f
3f603e76
403a4097
3f5240ff
40be3f41
bf66400d
3e9440b8
3f32be47
400b3fd2
40c73fa4
405abf79
3ed84076
3ea44097
bf97bfb7
4002bf50
40ac404d
be344097
be86bfbb
bfd54001
40e1bf20
40623f7b
3fb34084
bf284013
bf2e40c6
bfde3daa
4088403a
3f73be09
bf3540cd
bfbcbf9c
40adbf0d
c019403e
3f6d3f3a
3f5e40c0
3fa340bc
3f50bee9
3f18bf19
3f5ebf47
3f4b3fe6
401e3f36
bf56bf74
40c13f33
befc401c
407dbf63
40133e93
bfaf4006
40aa4042
402040bd
bf46bfd2
40a540b8
3f983f5c
40e93d9c
bf5b4063
be7740c3
be673fbc
409abeec
40674042
3fb4be5d
403a40ad
40a53f6a
40393edd
40ab3f36
403b3fae
bf154058
407140c8
40933f51
40ff402b
3f9840ae
be063fb8
40b540e5
3f91bf3f
405a402c
40144099
405c3f5c
3f80408e
bfc1bea8
4032bf9d
bf104098
408ebffb
40b440f3
408a3fd8
40f43fb2
4020409f
4063bfab
4093bfaa
40c64017
beb43fd0
bdb6bec9
bd914095
3f093fc6
40a93e5b
be854025
be533fc9
3e5840a9
bfbebfb0
4098403b
40893eae
4011bfaf
bef7be75
3f9e4046
3f3e403e
40453fbd
4029bf26
beb94006
40373e0f
3e114081
405c3fb2
4108403d
3f88c000
bc81c001
408140e5
40e53fe9
40c53ff4
3fd3bea4
40023f9c
40494093
40a8bb9c
41034042
402a4099
bf6140cc
bfbb4001
3ef6401b
bf05bdbc
40044091
40813ef1
bf81bfc3
402e3edf
406e3f10
3ffc3f81
3fb8406f
408a4007
40e3beff
c009bf89
3d9bbfe0
4062405f
40acc00d
40b93fb6
4105402f
402d4000
bfa540bc
3f6d3f88
3fd8bf79
41013f2d
3e4f4022
3f4940a7
bf2a4105
40573f94
bfe34061
3ee4bf96
3f263f01
3f1c403d
40c23ce0
40be408f
4011bf62
4041bf26
409340e8
40babf29
c01f3fcc
bf764071
3fd0bff4
400040bf
40ac4038
4036405f
3fb2408b
bed6bffa
bf67c032
40b54021
bf1cbfb4
3fc44072
be8d40c4
3f0a3f87
c00d3d61
3f5cbfb4
beebbfae
4067bf77
3fd03f6e
3f9f3e0b
c00e4034
3f3740b2
3ebf40e3
bfdd4000
40323fab
3fc84081
3f2d4097
408940e9
3f9d4094
40cdbec7
bf963f86
3f3e404c
3f9b40a7
405c3f7c
bf283ffd
bfae403e
4024bf9a
4089bf89
40b6409f
40514018
3dc83ff3
403b408c
402c402e
3bde3f3e
bf584015
40974029
3f9840ad
4034bfd5
3ff640c7
bf004038
401abdce
3fc840a5
bf5f40b2
bf8a3e20
40a53f97
3f284057
3fa74016
3fb5bfa5
409cbff3
3f4740b8
401f3fbc
bf674009
bf173e8e
bf93bf38
3f17410a
40a34034
40f9bf8d
be41beae
403b40c2
3ffdbf17
40de3f34
3df8bf87
3f8240bc
bf1a40a2
be15bfcc
40734029
befa4040
bf5740bf
bf1d40b2
bf9fc01e
40c03fbf
40903f99
40153e0c
3fd3c01b
40363f94
bfc23d0b
3e884038
403a4024
40813ffe
3f94401f
409bbf40
3f5b4039
3dae3f3e
3fa740bf
409740a8
40a74035
c000406f
bf1e40b1
bed940ab
40babfb0
40cc3e43
3fb64045
402b3fa0
403abffa
bfe8bf7f
40834025
40b54071
400a40ad
4080bfba
bfa5c021
40c73ff7
3fb73fe8
3e4840a7
4042bfb2
bffb409b
4099befe
40c53fb2
3f804091
3ff440a8
404540ea
40864025
c023bf8a
3f5f3f12
404b4076
40b440f8
40e6bf20
40babfbb
3f64bf65
400c405e
bfec40fa
40ef3f89
be9f3f26
bf64bde7
408e4061
3fbc4085
c000bf28
c0383ebb
bf1740b9
bec940bd
be9540ab
407fbf02
40ae4041
3e444094
405040c1
40adc02d
bf03bf09
bee54055
401d40b6
4000c00c
40a0bfc5
40a9402f
40f33f16
3eb14040
bf9d3f4a
bf5b3fe8
40574007
40fc4055
3e2e4052
40524003
40834084
40153fed
40824064
3f2ebdb6
3ec540e6
bf7ebfff
bf8c3f83
3fd34061
3f80bef7
3f90409a
3fcf40d3
40bd4013
40efbf9d
402b3edc
3ea04088
40c0bf89
3f8a3fa2
40ca407c
bf564086
be473fcb
bfee40f9
40b0bf31
bf15be89
4014bf82
4059c002
4092bfe4
40e4bc9c
3d1d4007
4050408b
3f8b3f70
bf5740ec
40ba40b5
40a8bf2a
402abf84
bbc44035
4073bfe7
3fb5409e
40c2402a
40824034
3f9e4063
40194082
bfb6403c
402a4011
be18408f
3fb74090
bf01403f
bf9540f8
40b33f36
4105bfb7
3f324068
3fb6bfdf
407e3ff1
405b3f84
4084bfb7
3ea6408b
bf1f4071
402a400e
403d3e9e
40a63f70
3eb7409e
4072bf51
40b540a0
bf2abd99
40bb401b
400f3fb2
40534050
3fee4104
3ffe3deb
bfe2401b
3f98401e
40754026
400c40f4
3f7a3fca
40c83fe1
3feabfbb
406a4002
be0140cf
3e923f6f
3fb24082
3fb5408e
4082403a
3fbcbf0f
3e893ec8
3e3b3f82
40354092
3fad4022
3fcdbfa0
406ebea9
410d4029
3f9440a3
3f64be85
bf9d4013
40884037
402a3e79
3f944065
4034bfe7
40a43f7d
40654039
4062405b
401abfb7
4088bf1f
3ff840d8
40ecbf72
c0303da1
3ebd3ed6
bf0e40ac
bf7dbcc7
409d3fa9
3f1b408d
3f8440a6
3fc63fbd
404d3f18
c01e3da3
403f4079
4018bf37
4024bfe7
3f7c40a9
3f8c403e
bfa4405f
3f50403b
4029401b
be0a4009
3fe0bf58
bfc8be97
3d463fba
3ef04086
3e5440a7
3ea3bee3
bf3cbf05
3fde3fb3
3ff640ea
bfd04084
bf173f94
bf98404a
be96be37
be1ec00c
3f8f4104
bf79400e
40853f8d
400540b2
406cc001
40623f90
40ea3f41
40b9bf21
40243fa6
402240d2
bff14078
40944003
410d4056
401b3fb0
3e7140ae
3f7d4056
3f4a3fab
3ffd3eb6
3f5cbfab
be0a40b5
bfb540ac
40993f15
408d400a
4064bf60
401bbf22
4005c01f
40a240b9
bfb33fd6
40bc3fa7
3f44408a
bfa7403d
3fb340d6
c0173f96
406a4079
400abf88
3ff74096
bf82403c
40d94038
410f4026
3f4540ba
4066403f
401e4062
40eebea2
409f3ff6
ba5c3f67
400740e3
40a54027
40d53fc2
4091bfbe
bf80bf13
bfa43fe4
bf7840be
40bc3dcd
40c93f86
40264067
406bc01e
3faf40d3
40983f26
bfa63fe3
bf1d3fc1
401f3fb1
bd7640d0
bfa34038
408f3ff1
bf373fe1
bfb64063
40ad4060
c0103fda
3fe93fc4
bdd0bf50
403540c6
3f264040
40d74010
c013403d
bf38408e
4079407f
40a640d4
bdbfbebe
40abbd7e
40194041
40854054
bf2940a8
bf764026
40b44088
3eab3fc4
bddb4091
401840d3
4014bf66
40383fea
3fb53e97
3d2340b2
40544108
40a2bece
bf96407c
3fee3f81
3f3040e2
3f9640e3
c008bf4d
3f91403b
3f8bbfe2
3f874082
409340ac
c0153ff9
40284066
bd24402c
3f324091
3fd540fc
40c9400b
40a43fd3
400640a3
4070bfa5
bf1c4037
409a4011
4095bef6
402d3cfb
40823f92
40543efb
40893fbd
40cc3f8c
3ec8bf74
3e204034
40493fcb
40503efc
407fbc9a
4028bcd3
40533f31
3fad4102
401e3e8e
41074020
403bbeaf
40734081
40a7410b
c0013fe4
40f8405a
403a4093
3fbe3efd
401640c2
bfa23ff9
4087be89
400440a9
3f2a4095
3f2cbf6c
3fc94028
3fa4bf22
3e784077
3d39406b
4037be5f
4093bf6c
40b63d73
4097bfb9
3fe83f13
3fa5400a
408340a4
3ef13f32
bf424001
bee3be00
40244082
bfe8406b
40cd400d
41073fae
3fec3f44
bfa94046
40933fc0
c00b3f12
40eabfa8
3fe340a1
bf9540b7
be0640cb
bfe23f86
40893fb0
3f78408e
bd4abdf1
40114077
3f31bedc
410e3efd
bf5840ba
4012c003
407940e3
40c53ff7
bf983f87
3fe24041
407240d3
3fa14088
bfc03fe9
40ff4077
bee24063
408d3fae
408c4109
3f693d71
4106bf7f
3e0c3f66
40803dcc
4044410f
40ad3e24
40d73f1b
401440a6
400340bb
3fd53ff2
40a83fed
404f3f3f
bef43cea
40174080
3fa2bfa2
40584040
3ffa407d
4039bfe8
bf1d3f35
40633eda
3ee7beb3
41054030
3e3940ab
40643ff5
3fdb4020
bfb7401f
4015bd87
bf343ffd
3fe54081
401a409b
3f6f4006
be993ffb
3fa43f48
40864020
40abc032
3fb5bf6e
409fbf7e
3eabbf3a
405a40d4
40844018
3f1b3f25
407f3fbd
401e4006
40413e02
4024bed1
4061becb
40324021
401c4088
4015401e
40754067
bed23eea
40ad3f95
3ffe40ae
3fe540bc
3fc93f08
402d3fce
bffcbf1e
3ff14093
3ed3c018
408b408d
3fac3ecd
40a73f9f
4008be1d
40394055
40384057
3fb5bef2
c0293c95
be173f81
4037bea7
bf8a40fb
3f663e4a
401b4053
3fbf4072
bf57408a
402fbf1d
bfe1402d
410e3f82
beb140a9
406b4087
4098409f
40554008
bfcdbf68
3f50400c
4043bffc
40484036
40a23f7d
3fbe4033
40343f53
403b3f7d
3fe140b8
3fb4c009
c01e3f11
4081bf34
3f8e3fac
4086409a
3f11406f
bee44026
3dcd3f03
bf25400b
4070c00f
40684043
40394020
3fb14036
3fb03faa
bf413fba
bfeb40e9
40bc3fc4
bf98408c
befd4015
3f494091
40bd405a
40ab3ff8
410e4087
402cbfea
3fcc4012
401d4084
3ff64016
41024021
3f0b3fb1
3fb53f04
409e408a
404d3f5b
bf883eef
3f484024
bd56bf4b
402440cb
40c83f4d
3e883f48
40364030
3f65bf90
3ed1bf86
3ff2be99
409abe5b
400fbefe
3fd84034
bf964098
bf963fa7
c01cbef6
3ea740a6
40754025
4040be6b
40724003
40bb4066
3e8a40a3
40553fe8
bfedc01c
4027beeb
40bb4024
40243f90
3fb7406c
bf7b40e7
3e4c3e9a
401f403b
bf2ebfd9
bf5c3f53
beb540dc
bfe23f7b
40ec404e
3f164010
3ff640eb
4044409f
40ebbf57
3f8a3fcd
3ff8bfda
3d624032
40894080
4089bf3b
4060404c
bf27403a
bf0140eb
4031bfb6
c014bef3
40944011
bf073fef
3cacc003
3e2cbf31
40e0403d
4058bf9c
3f943f98
403b40ea
40a9bfa4
3fe5400a
407d4076
3f783e89
40043faf
40af4095
407d3ff7
402d4028
bf4c3ed9
3f6440c0
bef340c9
3fa4403d
3fa73f8d
bf51bf8c
3e293fe7
bfc540cf
40babf75
410b3f8d
4003bf95
40473f0f
40b33f47
c00d3f9f
bf5b3da1
bec1bfc3
3ecd4038
4066bf8f
c0113fb7
c0354084
3fb6400c
408c4099
40bc3fab
3fe63f09
3fddbfb7
3fec3eee
3f8a3e89
4086bf8b
4045409e
40dabf2a
40df3f21
3e103e66
40264027
40a13f4c
4057bea0
bfd73fda
bf104063
408540c4
4097408f
40963f10
40914060
be43bf54
4032c000
40a63ff5
4084bef6
40ea4042
3f513f98
3f66c019
40c040eb
40b14031
40d94038
be424090
bfa9bf7e
3fa2bd64
3fbf3f5d
beb43fec
400a40bf
3fa83fc8
401c40e9
c0053f41
c002408b
3e6540a9
404b4080
407d4089
4062bf3d
40843ec0
3e0840a8
406f4093
bd953f91
4084401d
40a04085
3f26403c
405140af
3fd8408a
40ad4025
40a83ffb
4001401e
40894099
4045bf14
40d13f23
3e144061
3e2140b7
3e303ff6
40b83f8f
40c83fc4
bfbc3fef
4009bf8c
408340be
40914017
4052be23
40dfbf7e
400a4082
3fd140a8
404abd18
408f400b
40ca4073
3fb4407d
bfb23fc4
403140be
3ec63e44
407ebf40
4021becc
3f29bff4
be8c4106
bebd3f9e
404abe67
3f743efa
bf25bf6d
bf89408a
40de4034
410d4088
401e4048
403840d1
407940d6
3fbc402b
408ebf3f
3fd440af
3f6340ce
bf20410c
3ff13fe3
beed4082
40264085
401b40a3
40773e96
40913fae
bebf3f2b
3fc6bf55
3f913fd2
409d4096
40c9bf48
c03c4084
3f533f4c
404f40ac
3fe3becd
40e13e8a
c007bf45
4035402e
40754032
3fc53fe1
3f3b3ed2
3fa1bf2b
bf39408c
3f9940ab
406b3f35
bfff3ff6
3f6e3fb1
bf054094
3e1440db
bfbd4098
bff33d3e
40883f8b
3e094055
3fabbf90
3f55bf70
40ba3fd8
4073bf34
40a0404a
3fd34038
408140be
4031c03e
40d63f24
410d3ffd
40194055
403c40d6
40364043
bf99bf61
40603fca
4007bfac
3f66bf33
408dbe35
3ff34034
41084074
3f9a3f71
bf723ecc
4085bdc7
40933ef9
410e4047
3f3ebebf
3ee4be9b
401ebfc2
406a4035
40d8bf64
3fd24086
408fbfef
4007c001
40a5bf37
3fc04022
be823ffc
3f893f21
40584081
40ce3fc5
40a34021
4037400c
405d4055
403c4106
40c4401b
bfeb403d
3f244056
bf104036
407f401f
3f0c3fb2
bf7dbf32
403abfe2
4073bef4
404a4103
3fca3f97
4053bfa8
40174078
be6f4042
404540fa
40b23f47
3f003f0e
3f6d4046
bf124049
404a3ee7
40a8bf20
3f363dde
3f8a40bc
4073bfa4
40a24035
404b3fd3
bfba4072
403cbf83
bf3ebf98
3ed440cb
4097bf0a
bf874011
403ebfb5
3fb3c01a
3f8340e2
40823f95
41083e80
3fa740ac
40414080
bf914059
3f7abf73
40fcbf5e
400b40b8
40173faa
3ff64099
3f353f79
bfc03fb1
3f90be87
3ef0409a
3f4040bf
3ff6bdaf
402d407a
3ee14086
403a3eee
bfcb40f4
bee73f62
40324010
3eb1bf8b
40203f67
4051410e
3fba3f3c
c025bf7b
bf4c406e
405940a4
3fcd3fed
3fb8400f
41023fd2
400e4031
3f9b40d6
4088410b
405ebf23
c01b3fda
3ee24089
40883f28
3fd13f68
3e1a402f
40d93ff2
403a3f85
bf8a3f30
407e3fe8
3f29bf66
bfcc3f4b
3fac3fa7
3fbfc002
408b408e
3f414024
401dbf57
3f59403d
be99bf20
3ef840c6
407d40d2
40a0403a
3f883fb1
3fce3ea4
bceabf7c
3f73be3e
3eb63faa
40853fe5
bf4f404a
3f87c01e
405240ec
3fe73e64
be65bec7
401d3eb0
bf1640a2
bcfe40cc
3f7cbe90
400c4088
401c40c0
3fd5401b
3fd93ecf
40cbbeab
bfc4be3b
3f9a4084
3f1040ec
400f40d1
c018bef4
c0284086
400b4082
3fc740af
408a40d8
4081bf22
3f8e3f6b
4026404b
4013409a
40584067
4019be9f
408abfae
bf6cbcae
bfba401e
3d3dbfc8
40bb3ea8
3eb6405f
3ea43fa0
40863fab
bf8bc021
3fe7bf60
40f1bfba
40114050
bc3940d9
409f40bd
40983fe4
40464001
400c3f2d
4075bfa5
408540c4
c00c401e
c0184010
3ff03e24
3f1e40a7
4092405e
3ff7402f
c040401e
3fb24081
400cbfca
bfacbf88
409b3fb7
405e3e37
be814082
3f3e40d5
404b400f
bd434014
40e33f3e
bdea3f84
bd9040cb
bf5f403a
bfac3fc5
c02f407a
3e93bfff
3fa340ba
40a0bf4f
40d83f9b
40d34053
be714034
3af4bd87
404d3f1a
3ecebf02
403a3c00
402bbf32
3fc24089
3e524078
3f933f54
c00b4018
3f49bfe6
40294079
3f8a40cd
40213e9a
409d4048
3f5940bd
3f30c00b
bf2840ec
3f9dbf38
40fb4044
3f9ebfc2
becf3f5e
3f7ec015
bf9b3f8f
4099bd89
40383f9b
3f91408f
3ee640c4
40dbbf26
c009405b
3fdc4014
3f6a40d6
40503ba8
3fe2401d
40003d1f
bf113fd9
3fb1c00c
40aa3f98
409d3fe0
40984059
bbfc3f9b
4019bfdf
3bf93fb7
bfc8bf10
406fbf09
408e3e8c
3f9c4076
3f7e40b2
40b04101
4077bf49
3f793f0d
400abf4c
405a4012
bfc23ec5
c0163edf
bf51405b
3ff8bfea
bf983fd7
3f863f87
bf3f4039
3e453fb3
402f3fbf
bf3540c2
bf454087
40b5bf33
40f43fab
3ece408b
3f714098
3e3a4036
4050bf6b
c022bfbd
3efb40bc
406a3fbc
4064bf76
bfe73f95
bf534081
3fb14074
408540d8
4035bf6c
40c73f98
40ad3fd5
bf393fde
3e2b40ef
407840b7
40bc3ef7
40d6bf68
be8ebfb7
40333f44
40aa3de5
40bdbec3
3e774043
bf55409c
406b3f90
40a040a9
3f543fa8
4097402e
3f60bf25
3f523f64
409c3f4b
40653f94
400a3f3d
bf723ecf
405240c3
bfb640b8
bfe33e74
40863e9e
3e8c402b
3f1dbf88
3f664089
4025be16
40803f8f
4011be1b
3db44085
40b33fa8
bec63fc4
410a402e
be2fbfab
408f406d
40bebf97
40c94026
40273f0a
bf654063
400d403e
402440e2
3f854034
40d03e97
3fed3f55
400fbfb7
403040a9
40b63ec3
4013bf70
3ea23f8a
3f074044
bfe94064
40c8bf73
3fbdbf8c
3fe53fba
3f4a4089
3f09408b
bfa43f36
409f3f2d
3f3abf47
3f8ebe15
3e804108
40813fd6
4025be38
bdcb409c
3fa64087
be944102
3e903e8e
4036bfb4
3f9940a7
3fda40b4
bf68407b
4057be2d
40babed9
befbbf53
bedabfa0
bf32bf1e
4003402f
40e6402b
3f3c4089
3feb3e31
bfb540d4
3fad3e04
3f4c408b
3ff54088
40313fbe
4038bf31
3f323f84
40de4025
3fd0bf95
3e49408d
3f773f35
40904029
4049bece
be9f401d
be6c40ac
3e3fbf33
3e95bf7c
40a93fa4
bfe14057
bf283e4b
4018bf62
406440a7
3ff73fc7
c038bf89
bd8dbf8e
402f4012
40b8bef6
40b53bda
4086403e
3ee8bd9a
3f2a403f
bf2e40c1
bfe3bef1
bfabbf59
bf293fa5
3f95bff9
3f90bfd0
40e93f6a
410c4071
3fd440a0
bed84096
bffabf3e
40dbbf33
40e2bfac
403e40a9
3e943f92
404b3fa7
c01cbe18
bd6dbfac
be67409b
400c4060
bf66bf9c
40a13e76
3ff0bdfd
3cd4bf8f
3f374094
bf4d409f
40243f19
40be3f71
3e163fe6
3f10c01d
bfed3f2d
bf6a3ef3
4088be7e
40193f66
be9b40b1
402940ad
3ff13e44
40513f62
3f283fe0
3fb03f84
3efe40d2
40b03f12
40a33f49
3ff1405e
bf07401d
4096bedc
be993ff1
4037bf38
3f7abffa
40864067
3f87bdf8
3fea3fe6
3ffa3ec3
3f2b3fba
4032bfe3
be234105
c008becb
40d2bf23
bf3d40b3
40484083
40bf40da
40513f8a
40103fc8
bf17bf9a
be6fbfa8
40ab3ff0
40ca3ff5
40aabf62
4022bff1
3f99bfe3
40a74013
c004401b
bf534016
402f404b
408340a6
bf163f16
401bbe56
4105bf91
3f9a4050
3ead400f
3f083fcf
40d83f26
bf84407d
3f4fbf5d
407c401c
bfcb408f
bfce3e4a
40f1bf22
3f993f7b
4085407f
bf904110
40ccbf24
c03b3fdf
bf2abee8
bf19bffd
3f8940b0
40d24001
bf834037
3f9e40bb
407040d3
bfb84107
4087bf62
bfb7405f
bf0e401e
3ede3f33
405f40de
405e3f9b
408abf34
40ca4086
bea63e72
400cbfa6
3f6cbe8a
4014bf09
c0234067
3f2cbfe2
3f8bc010
bff4c008
40a7402d
4044be6d
400840ac
3fba4090
40444005
40a6bf7a
3e274082
3eb4404e
3fac40c9
3ec44105
bfd24038
40a2404c
4036407c
404c4053
4031c039
40124001
c0083fb4
402abeab
bfac404b
bf8240ac
405f3f31
3f5ebf18
3f334007
bf86bf99
bfd64103
3f9b403a
409cbf8e
40043fcb
408940b9
bf5d400b
bfde3fc5
40003f12
3fe03ffc
3e1240a7
bf0dbfa5
4089402b
408f3f05
bf2140b1
3f2040d6
409b408c
409a3faf
3f5f3f4d
4020bf4f
bfa03f45
3ea53fa0
beb14008
3f8c402b
bf6bbe48
405440bd
406f40c5
40913fee
c0103fe6
401d402b
4082bfe7
408c410f
40bf400a
40d54016
3edc4093
4009c01e
bfa03fca
4017be44
3fe7be12
3f82bed2
400940c1
bf84410d
4092be41
41053e2c
402840ba
405340d9
408ac03b
403b3fdf
408e3f9a
401a40b1
403c408c
3fd73e87
3e09403c
40f8408d
be914099
3ebb4059
405040aa
409e3fe6
bf1c4081
400d3fd9
405f3ed2
406e3f17
4084bf58
41024044
3ff8bfad
3fe740ed
4088402e
40023f9f
40724009
400e3fc3
3fb6bd2d
bf33bf74
3fde3fa0
4070bf20
3fc340b9
3f14405a
3ff73fe1
40a4bd54
410d3f1c
3f243f94
bfa44032
3f84410d
40b73ee3
3fd0405c
3f33407b
4088c00d
40b84105
3eb6403d
40d34052
3fa43fa5
be6e4021
3e773fc1
bfd2402c
404f4029
bf833fa3
3f6a3fad
406cbfb1
401040d1
40d94032
be83402a
40244095
bf354092
4030c01c
40eebf51
c0294089
bebc407d
be48bec5
404940b1
3ff83faf
40b43fa4
3f8d407e
408ebf5e
405cbf9e
3f024010
408bbf30
3fa14041
401e403c
40b740bb
40f0beee
3fa0407c
4028bfd8
3f94bf65
4064bfbc
40e1bd34
410a4053
3f17403d
3e13c00b
409840c5
40623f0b
40c54061
bf6d402f
bc59409d
408940a6
c006403e
40af406e
401a4096
40324042
bfb03f54
3eb63fab
c03d3f8e
4008404b
bf6bbda8
403dbfe4
40bd4006
40523ab6
bec84093
bf4840a5
bf9cbfb6
c0173f9b
40573fd8
40384085
406f4069
3e9dbfc2
4058400f
40314032
3ea24097
3fe84081
405840f0
404b3f0a
40d0bdb3
3f964053
408d40d3
3f623e92
3ffabed6
40364025
3fb8409c
40013e8c
3ffa401a
40b83fd8
c02f3e70
401e40be
3fe83f38
40af3f86
407f4004
40613fd4
bf04bf8f
bf08c001
408c40fd
40bdbf79
3fb64087
3fbb3ca6
40824074
3f013fff
403b3e25
41014011
403340a9
3fec4016
407a3da5
bfbebe89
40193f82
3f1f405c
3f5cbfbd
40554002
4083bf56
bf7e4071
402840ad
bfbd3fc4
bf7d4036
bfce3ff0
3fa1bead
3f754067
3f7ac00e
bf834064
bfd13fe4
40b73ed0
4001bfb1
40013fda
404d4105
3ff13f6a
40b4bf07
400cbff7
3f72407c
40af410a
40dcbcce
bfc2bfbf
be97bf5b
4079402f
406e3c34
3e0d3f7d
4073bfb3
beabbfb5
4063bfcb
3f8d4014
3fd0c017
bf10bf1b
beebbfa0
3fbb4085
4005c004
40693ffd
bfc33e2d
40e0bf0f
4010406d
40564086
401840fe
bff7402b
40dabf4f
3f8bbe9a
400ebf34
4081bfe0
40a2402c
3f31bfa6
bf654045
3e2a3e1c
bf17be4c
bdefbeda
4035bf72
3d963f69
3f9fbfa9
3f5dc00f
bf47bf27
bf77401f
3ef33fa3
3fa9404a
407040f5
40814013
bf7fbf97
40324098
408740e7
409ac022
bf6f3ffd
bfe9408d
3f6e4054
3e9c40df
3f93403d
408c3ebd
40f63e4b
3f984084
bf8b3f0c
40a940c0
40644035
410f3fc2
3fbe3f7a
402a40a2
bf04404a
404c4036
403a4065
bdfc40b1
403140d4
401340c3
3dd53fc9
bfe43e05
3f783d37
3e9740d3
408b3fef
407ebde4
402b3faf
bf384077
3ffc4096
3fb33fa8
3f9b400b
c01b3f96
3fcdbf75
405d40db
4041407f
bf28bea4
41063fa1
3fb8bff0
be3b3ebc
4022bf8d
bf4d3f82
3ebebf00
3ef44082
3d4840b7
bfc1bf55
be643f54
3fad3f82
403ebff6
40343fff
40a13e88
409c3e13
40474050
3fdfbf09
408a405e
3f7f4104
40a64014
c026400b
40074088
4052bfc2
bf5240e1
40304028
40814016
3ff93f17
404e4093
3dc43f13
40853f2b
bff44088
401fbe05
400ebcf1
4068bf50
400f3fcc
3fcb3ffa
3fb43ff0
bf94bfe5
bea83fa7
40d7bc42
40084030
3fbfbd90
4083bf1e
3e9f4102
40123d77
40334023
4008be8b
3f163f1c
40a94088
40b63f70
40cabfad
3ead3fba
3fc03ede
bf0840f8
beab3faa
3fe7bdfb
40dc4082
bec7bf63
bf713f57
40a4402c
40243f34
4024bf77
402e4038
40893fd9
3fcebe9e
bf7f3b40
40604037
3fc53fb0
bf52403c
bed540a2
bf973fd2
c0033fa8
3f7fbfdb
40834034
409740ae
bf563fb9
c036bf8d
bf2b406e
4088bf30
40b440db
3fe5bf6f
3f664000
3ed74037
3ff34019
bfd2402f
bfb93f96
40a23faf
3e6bbfd5
402a40e7
bffb404a
40b63ffd
c00bbe56
bed94036
3f984083
3f1fbf49
bfde3ea2
bff4bfbd
4021405a
beab40e7
bfa440d5
408e4023
4097bf6c
3ec64032
bfba3ecb
3fa94069
4082be2e
bf87407b
3ff74054
be6a3edd
3f8c40f9
bfb83fdb
bfcc3f0e
4039bfd8
3f59bfe0
4008410e
408d3f62
3ebbbf85
401dbee6
4087c001
3de8c01e
40e83fd4
4045bfb1
3f8d3f52
40643f58
3efd403f
40a53ff2
40f4408f
40303f9c
403c3f54
4058c007
3e8c3f9f
40f93f95
bedebfaf
4086bef5
40243f9b
3ef63f94
3fee4004
3f004083
3f9b4093
406f3fd2
40e93f96
4003407a
3cd640bb
bee53f9f
3fa14070
40a43ff8
40864040
3f1540a3
3f32c019
bfd0bf8a
3f953fb6
409a4013
3fad4011
3ffe3f89
3d84bfdd
40b63fa9
c031beda
bf704031
3f8b3ef3
404340ba
40b43f80
3ffb3fd5
400f3e85
bf084040
bc87c009
bc52bf06
41044058
3f42bfdb
bf743e74
405240bf
bfa2be3b
3f99bf9d
403fbfd5
40684030
3f7abff1
bf944000
be003fb1
400d40ad
bedb40d0
40a7403c
c00b3d82
403c3e8d
400d3efd
3f864082
3f94409e
40a4be76
4039bf2d
c01d4086
3ffe3f5e
3f6a3f83
3eb240b9
bf933fba
bf3d408e
3d74bd8f
3e9a4040
be454012
c011bf04
410d3f14
3f783f66
bf9cbe72
4001410a
3f143ff2
40294081
40164086
bd8e401f
40154077
bd9b4039
408a4023
3f8abfec
be97403d
3efa4105
3fba3f62
3f29bf4b
bebdbe83
be9c3fe3
40354100
bf6fbe07
3fc03fb3
3f6c40ad
3fed4016
40bdbe6b
40174011
3f803fcc
40323fdb
bf3f40be
3f9b410c
40803ea9
40d43ee3
403e3fbe
3e854098
40843fd1
405cbf07
3c1bbf14
3d1b400d
bf9d408b
40724088
bd103f87
40243f9b
3f943fb0
3e87c010
bea94095
3fad4015
bff1407a
3fe84039
4018bf11
3fefc001
40d74039
407c407f
3ffd4054
402ebe6e
40bd4095
bf653fe0
40cabf53
400c3f8d
bf394087
bf523f8a
400f3f76
bfe74003
3fa23fe3
3f32bfde
be183fb2
3da0bf29
40c34044
40123f38
40793f8c
40bd40d1
3f893fac
40c03f9b
bf2c40af
405440a9
402440c7
40ea3f05
40f43f89
bf03bfc5
407340bf
4088beae
40573f9d
c0314042
bf4a4097
400940be
bec34079
40e2be9c
40bd3fa1
be91bfcc
40744004
4053c03a
3f133fbb
bfc03ff2
3fc74014
4078404d
40ad405c
3e0b402b
405e403d
3fe94020
3e7e40a3
3f184098
3e653f41
409e408f
3fce4047
3fc93ee9
3fb93fdf
bfa83f83
3fffbf62
3f6ebeec
bca5bfa3
3f6d40e8
3e883cb6
be803fb0
400dbf81
3f11408d
40564107
404f40a7
40053e84
3fb03cbd
3f804066
3ffa4071
4090bf0c
40e9400a
40133ff4
3f613f82
3fde4050
403e40e0
4004becd
bfc13f29
3f78bfb5
3fc93e96
bfc7bf9a
405dbefa
410a408e
3ff640ad
bf3e4034
405d3ff2
bf8a3f3c
40674052
3e253f0c
407dbf4e
402dbe83
bf8bbf77
40473f0b
bf673f19
3fee4009
be81407b
40c3bf02
c00d3fb7
401b401e
40574098
bfb24102
40e6401f
3e1b400a
3eb83ebc
401940a0
3fc23ebd
400c4026
4030405a
bdb33f6f
40524093
3e22bfbd
3ecc3ff2
3fa2beb5
bd4c4038
400b3fba
408a3f8b
40443fcb
bf1e3f93
3fe840ab
4006406d
3fe44105
3f1cbde1
4100402f
3fa3be98
406040b4
409840ed
404c4018
4025bf12
3ffd40bd
bf5f4040
40ad410e
40ee3f1f
bfba4018
3fce3f51
40723ef6
406c40d4
40da3f4f
4033401d
3f37408a
4089406f
3f874102
40d83f8b
40853e9d
3f91bef1
3fe03f6b
40303f9d
401d401e
3f073feb
4034bf7b
403e3f65
3d57bee5
3fb33fff
4011bfa3
401a3f9a
4081bf4d
3e15410d
3fa63fea
405d4014
bf02bf58
bf9a403c
40b63b87
40cd3f60
40d23fe7
beb2bf32
3fcbbf05
40acc003
4027bf66
406dbf52
403640be
bef8bfac
406240c7
405d3ea0
3fb43fee
bf05408c
407c3dd1
bf2740a1
40e63f79
c02b3f79
3f674096
408640c0
bfd640ac
40de3fdf
406b4071
4025401c
404e40c9
bd844000
3f9cbc8b
40134084
40283f1f
3e9c40e7
406140d2
40264004
40574003
40204051
3fe4407a
bf37407e
40a4410a
bf1f4015
409f3fb3
3be840bb
40554017
3f1cbf4d
4078be80
40bc3f6f
3fe33f61
4030bf29
bfa940e4
3fcc4040
410abfb8
4007bfae
bfaa40cd
bf6b40ce
40b33fc7
405d3f8a
3fa23f80
3f1540a7
bc133fc8
4085400e
40fa3fc3
3fc6bf4c
4053bffe
3fe4bf42
40e93ebd
4052bf29
40194032
406e40af
3ffc4067
c0064021
40623fb6
3f843c41
402c3ff9
3e2a409c
bffa3ea0
3f223ffb
3f904021
bea34073
406abf9a
4015403b
40934051
be8140b9
3dc23e92
bf283e6c
40903fb0
40c33d4c
beadbf86
407b40c5
401bbf05
bf0d3f91
c0103ec0
3df94081
3f5840ee
4044405a
40083fd1
40dd406d
40374067
3f51405c
409c40fe
401f3f1f
40cabf55
be36bfbd
3fc3bfe3
40754070
bfefbeb7
410dbed8
40004090
404ac014
405b410f
4082bde2
4004bef0
3fc0bf0b
bf223cb4
40a140c5
4068402e
40ccbeaa
3fd2409f
408e3faf
bfbb40ef
c0033f99
4090be4b
3f9540a3
408c4033
40844093
bfb1bf27
40443ff5
3e95bf90
bf3a408f
3fad40dc
bfcf3fa4
40b14033
3fbc4014
3e8c4053
bf2940be
403d403e
4024bf82
3eff408d
404a40c5
bcd23ee7
3f23bf5c
bfe8bf28
bea03fd7
408c3fd0
40434101
400c4020
41053f4d
be774019
406e4004
40b040f5
40e5bbe0
410e3df2
3fb33fe9
bedf3e0d
40b83fb6
bfffbe2f
c000400b
bf1cbf90
406140e3
bfe14051
402a3f17
4017407a
3e774036
bf9b40a6
3fd0bf7b
3f144061
bf513fbe
3f05404c
40204043
4006c01d
400b4102
40efbf22
40463f8b
3f3f4031
beccbfa6
402b3e67
3f45400a
40463f74
bed63e6a
3e4340a4
bf963f3a
bf064039
41083f29
bec3401a
bee8401d
400b405e
3fbcbeb6
c00b4041
bf2e4057
3fbe4067
40aabec4
bfac400a
40c54083
be10407e
40194069
3fb740b5
bf7b3cc5
40863fc4
bf423f44
bf8640bc
bf843fb2
3eba3f90
c0263f9f
40374082
3f0f4040
4009be9e
408e401c
400b4007
3f8c3fa3
be383f6a
40814090
40f03ee7
40a7407b
40043f0a
4014bc07
403b40b9
40ce3f64
bfa44071
3ce33eb0
40693e81
3f8cbf74
40d3bf4e
40943ecf
3e1240b8
bfb3bfa4
402ebf9e
bf4abe3a
40983fdf
be1840b6
3fb24030
40584092
40ed3fd9
40d14010
403c4093
406abfb2
bfd540fa
40ae403e
40c94011
3f9e404b
bdb140e8
40aa40d4
bf25bf6d
bf93402b
bec4bfa9
bf4640d4
40bd3fe2
bff13fc4
3f223e1e
3fa94094
3f3d40e9
3fb13f52
bd3e402f
40073f46
bf7c4098
3f764041
bf873fd5
bfbc3f9f
40924009
3f0f3f7e
40884062
bf17c027
3fe2bf4d
40dc3d1f
3fe84001
3f90bf8e
bf6dbf39
40ee3fbb
3f1ebf8b
3e873ea9
4047bf9c
406b3f59
bfb33f33
40a3bf6d
3fd73db2
402240ca
4089c01b
409ebe8c
41024002
3f1f3ff5
bf7d4017
3f81bffa
4021402d
bf194066
3fc1bee9
3f54c009
bf51bfd8
3fed3fe8
bf4a3fa6
402b4005
403d4015
406040fe
c0163f28
4089bf14
bf863e73
3fdc3ffa
bdc5c018
4073bf8c
c0073fc3
40f24046
3f4b40bb
403a3fae
40883fca
406a3f3b
40ef3fc6
be02405b
40584081
3feb3f1a
bfcc3f9e
3e853fda
3f23bf95
3f4f409c
3eea3e82
40e9bde0
40b84065
3f71bf35
402d402c
3fc64108
40643f28
be2c3f4a
bf04bebd
bea1bf83
405a407d
3f764007
c03b4088
3fed4037
3fe740e6
4093c020
409f3fde
40b8bf19
4010402c
3c8540c3
404940fe
40a1bd41
40d83ffa
40124038
4058402a
409840b9
bfc7403f
4039bf56
400fbfd3
bf57c017
3fcd3f6c
bf8dbf09
c0093fde
bf38407f
3d943f0a
3e7bbf10
40a13fa0
401b408a
3d7f4000
bf214016
40bc4086
40933df9
410f4028
3f8b40ab
3e36403f
3fca401a
4068bf63
40ff3fcf
3f873f82
40584001
4076c029
bf8d4040
40024047
3df23f1d
be663f97
40a24082
4085becc
40b8406f
3fe040b6
3f84bc17
40944100
40e7be58
401d3f08
be8240bb
3fdb4082
3f8dbf11
3ff3bf41
40643fa9
be7e40a3
3f883ea2
3e3239af
40163f3b
bf70be97
be9e408f
bf3abf10
bfa44059
404ebe0b
40e2bf94
be683fae
402a402c
be3b4095
406cbeec
403dbfbb
3e073fb1
40804045
bd4640f5
40973f95
4090be70
3fbc406d
40174082
bf8340ee
bf183fc9
40134043
40043fb3
40784073
beb440b4
40103ce1
40ff400b
3f9ebfef
3ec54085
401840af
c0193eb1
4016bf38
3f424093
bf2a40d1
3fc6bfcd
bfc5be69
c00a3f13
bec13f66
bea9bf9b
3fc440b3
bf50410d
3d794032
bffe3e82
3f8cbf95
3ff640a5
40b2bf2e
404ebf5d
3fa03f3d
3f87bef4
3fb5bfe9
40a0bfe2
40d5bf69
40493f1a
bdc33fa5
407f408e
bfdac029
3fba3fb2
4005bc0e
3f8c4065
be4fbfcb
3f5fc016
bf523e76
41063fb5
3fad4079
3f1bbd20
40ac4015
3f2e4012
beddbf20
3ee0408d
bfab40c7
3ee34051
bf16bee1
40eb3f48
bbbc409d
40734095
bfb7bf46
405bbf78
3f64408e
3fda3f8a
408dbd80
bf4dbd13
3f343f1d
bfedbf83
bf334052
3fb84028
40b7bf30
bfdebedf
bf693e87
3fc2407e
405940ae
40634006
406f4029
40c7be9e
3e9abffe
408340c3
404d406d
bfd03e8d
3fca408e
401640a2
3fd1406c
409f40e4
40b43f8c
41064084
3f943f1d
bfafbebe
be8b4042
40a3bf63
4082401f
be6940ae
3fcd4082
4004be5a
bf223fd3
bf3ebf59
bea5bf81
408640e0
3f44c029
40564012
40bb3fc9
3fbf4092
3e6c3fb3
bfdd40b9
40424005
bfc24056
40044084
3efa4096
400040ba
40823fd8
bfd2404d
3fd940ad
bf6040bf
40374049
c00fbf7b
3ed9406a
40053fd6
bf81bf6a
40833f22
405cbf70
3fd54048
401bbdca
3faebecd
407240eb
bffb3f94
40ce3ea6
bedfbef4
3fd23fed
3eca3fd6
3e30bd3e
40923f95
3e8f4078
408540c9
402b403e
3f8e3f9b
40634017
3d893f06
bf4d4054
4074beb4
3f313ef8
40e0bf32
becc405f
3f1f407f
40b2409b
3f06bef7
bf75bf46
3f7240a7
402140e6
404cc024
4027bfab
40af3fa1
40623f7d
40103faa
bfba3fd5
be9940a0
bf763efd
3eb53ef7
3f183fd2
40883fea
3fc440fd
40c94018
bd47402a
3f14bdb0
3f2e40e2
3f61bf8f
bf563f3f
40d1bfa7
3f8740b1
bf733f6b
3e9d4021
be963e18
40a84052
3fe3bf0e
407d408c
bdd640f8
3fb03fc4
c03a4035
4017bf9f
401a4022
3efd3ff9
4051bf31
40f8403e
bf0d4084
40583fac
40984033
402a3e0e
bf904041
3f3ebff3
3f6b4059
4099be62
3e473fe9
4100404b
3f25405a
bf6e40d8
40ba4022
3f9abee8
3f814033
3fecbfcf
402940d0
3fa13d9c
3e994029
bfc7bf09
bdeabfff
3fec4046
408c40b8
c00d400c
4067401b
3fd9bfcc
3f5e40c8
40933f2f
3e3abf4a
bfd73f32
400b3e50
3fdcc013
3f96408a
406bbf68
40823f3d
40304008
408bbed2
be1f4098
bfe73f34
bff74081
3fac3ec8
bfbe40c3
408740c6
4099bf2b
be034004
40033e84
40893f35
3f8b4055
403ebed7
3f583fb1
bee1bd88
bf824093
bfdf410d
3fdabe27
4032406d
402640a7
3fe540f0
bff840a1
40354022
40883f65
3fa840a7
3fab3f83
40bb40da
c00cbf16
40ab407a
bec74090
4039bf25
407c4026
3fa93f47
3fe83fb5
403940a5
bf47bf69
bfc940ef
3fa13f0a
40a93fda
3eaabf70
40823ed5
3eccbfc2
bfcd3fe8
c0003f72
befdbd7a
bd703edb
bf3c40d7
bfe83f2d
4025bf4b
bf733f63
403f4004
bf8140e3
40924017
40b73fd0
3f5fbf77
408640b2
40aa4101
40dbbf10
40af3fd6
41073f82
3f7e40ba
bd9c4004
40c04067
be7c3e7e
405f402e
40123ef7
3ff1bf86
401d40cc
bfe24004
40b03fc4
400ebfee
bf47bfe2
4006c02e
4081bf2b
bf82408f
3f10bf85
3f8ac01a
40294091
bf334028
bf7dbf34
bf124095
3f6540d3
405340ff
40b1be25
40e34027
3f653e45
408240e3
bfd840cb
40a63fc3
40eebe6d
3f7c402a
408d40b5
4067408b
40d6403f
407c3f80
3fed4027
4021bf36
3fe33ff9
40c03f0b
bf934027
400b400a
bfa6bec2
4026bdfb
407bbde9
40b34052
be814055
40014029
bfd74053
401c3f97
40df3edb
403e40ab
4049be15
3fa24054
bf643d90
40dd3fb7
bf0440aa
bedb40a3
3f6cbfa4
bf98bedb
be153fe8
3ffa3e79
4050bff4
bf98bf44
3fcebe99
40e54026
401f4035
40254091
bff34052
3ee23f77
40e24048
3f07bf94
402640c5
400c3f85
40923f1f
bf953ec3
3f974004
3f8340ce
4004bfb7
bfd13e60
40c33fd6
3fd940b0
3f6b40e0
4018bff0
40a23f1c
40ee4090
bf4dbfc4
401340af
405c407b
3d913e56
bba8408b
beb03fb1
40453f87
408140d8
bfe63feb
40f8408a
be9b4060
40814070
40be3e6a
40c94034
bdc1bdfc
3fc1bfe6
bfb84007
bffd40b5
40483feb
3edd3f8f
3ed84099
3fb4bf8e
4080c01d
4085be29
c0264055
3e534017
3f5a40d7
bf8fbf7a
409d3d88
40013fdc
bf054085
405e3f97
407b4085
40d0bee5
407f4040
be2740b2
403140ab
40bd40ce
405f3daa
bf46bf94
4035bf8c
3f893fa4
3fb2bf46
3f164055
bfcc4002
3f783f56
40174001
bfb53f57
408f4004
40544036
be054070
402f401b
4063405c
3c5e40a7
3ed2402e
40bd3ffe
bf5840a1
3f83be92
bf4540d7
3d804021
40574045
4008400a
3fe93f59
40b8beb6
3f433f6e
40733fec
401b3fb0
3f74bfaa
400f3f81
4095400d
3f6b4083
be263eb7
3fd5befc
bf9540b8
40d93f32
408f3ef4
3ff34002
3f19bf90
3f393dab
40e73e99
40d1bdc3
3fe5403e
3f924025
402ebf80
408c3ff8
3d95401d
bd3e4083
40143fe0
bfb54020
40d5be50
be6c3f48
3fd63d97
3d124007
bf3d4101
c0183d9d
c036be54
3f32403c
40553e9f
4080bfe9
3f48400e
410fbf4e
be4dbfa4
bf843f91
40034093
bd90bf24
40863f1a
3f264050
405f403a
409840ea
40783f32
40b44076
3fc4bde4
be063fd6
402bbfd7
40063f95
41034059
3f86bf20
407840a3
4095c017
40053fa1
40153fe9
bf11bf1a
400a40d9
404a410f
bf164033
3f6c3f1b
be6d40a0
40184044
bf43c00a
c0163ecb
410d3dbf
beb83e5d
400440da
40b2c025
3f1e4034
beb7bf9f
3fce4044
407240ea
bfa1bfdf
3eba3fed
3f34bf6a
3f46bfdb
be0e3f35
bf94402c
40df3f43
40893f30
3d874013
40884079
3e83407e
40793fbd
4101bf02
beb5befb
bf88bf49
bfd3bfd7
40cd400d
be41bead
400e3fbf
404bbf2b
3ee540ae
40ac4030
40963dc0
bf7e40b2
406d405e
beb93faa
40bd403e
405d3f0c
40214016
bf643ff0
3ea24043
bf3f3f96
406f3f3f
4108401a
3fc74005
405a408d
403e409c
40c24004
3f203fc4
401640a4
bf713f42
3f964067
3e773f3b
4015408b
3f973f1a
bf0f3e18
bf543ffc
3e8c3ef1
40bc4083
400f40b7
40143e05
becfc006
403ebed4
3f884066
bea6bfce
4090bf47
bf2abf12
4095be74
3fd8400c
40174043
bf39c016
401340e7
40b5bd9a
bf4e4011
400d40b8
403c401a
bf573ffa
bfc83ffb
409a4032
3fa94088
3ed940bb
3f3a410b
3fd53e54
c01d4017
40253f42
40634086
4058c026
4096401f
c02e401d
400f4080
400e40cd
40a6bf77
4037bdab
be98408d
3ef54038
3fe6402d
3fb3be94
40c93eb4
bf7f4067
3f2e3f92
3edd4014
3fa840f3
4087be9e
bfe24070
bf5a3fdc
401b3f57
bf27bf6c
3ffa401d
408bbd14
3f733ea5
3f3740e2
3ffe3d6d
3f8e403b
3fa4402d
3e6bbed2
405cbeb1
400540f8
403dbf0c
3ff3400a
4007befd
40363e95
4078402d
3f7d403c
41054075
400b40be
40653f20
bf17c006
3f774025
bfe43f62
be6e4001
402c40ee
405140a2
bf544019
c009be0f
3fd04050
400d4080
40b64101
4035bd31
406cbf5f
be44405f
beb840be
40a63f83
bf3cbe65
3fc44060
4032bf2f
bf8f40aa
bfe0404e
bec63f8d
bfc7407d
3f463ea2
3f724041
40a83fcf
bdc63fda
bea1bf4d
3fcb3fe7
40343e59
3e9e3e00
40cbbefb
bfe73fd7
3e044097
bf944088
3f77400d
402bbcf5
40ec3ff0
400e3fe5
404e3fee
4026400c
3f893ed1
40af3fd7
3f0e3f98
becc4038
4085c01b
bfbf3fe7
40a83fa4
3fc34019
403ebf0e
bfae4049
3f9a40e2
40953e7b
41084045
3f33bfd5
3f084083
40084104
bf9c3f93
bfd43fed
401140b8
406d4065
3ea2c01f
408b3f55
3f8a4044
40134012
bf3b40b3
4090c03e
40b84005
4096bd87
401b4048
3f33bf95
bf7f4080
bfa73ff9
408e3feb
40134019
40443fef
40763f66
bfa94019
40bc3f9d
3d00bd8a
3fdf3f03
bf963f4f
40d43fe5
bfbd3dd9
3f51406f
bf9a3f6d
40464021
bf7a402d
40b73ff8
3e56bf87
3ff14006
bfdc403a
3fd8bd0d
4086404f
3f554054
4085bf4c
be1fbfa8
40913f9a
40bf3f9f
3f59bfb4
3fdb3fde
400d3ffb
4060bf48
40d5403d
4012bf0c
3d16403d
3ea33e11
4016bbf1
3e22402d
bebf400d
4076405f
bf1340a6
bf953f66
40a04077
3ec73ee0
bf793fd5
40ac4061
4094bd87
bfa94020
403fbf6c
bfa7404e
3f1dbfad
bff7403c
40f03fff
3e98408f
bf8c40e6
bd0940e4
c0073ecb
4081bf0f
3f86bfc3
405d40de
40844089
3e593f02
40b0408e
3fb0bf9e
401f40e3
4028400e
3c39bf2c
40b0bc51
bf4f4084
3f7d402e
be973fbb
40953f3c
c0054009
400840a8
3fbe3fb0
408bbfe4
40e33cca
3f213d20
40073f5f
40273fd3
404b410c
40cc401d
4078bf7c
3e37bf4d
408f40c8
bf4a3fb1
40b44021
40554061
bed840ba
40533f5d
3f144095
bef13ff2
40ca405d
bc124074
bf2cc007
4071be95
3fdabeaa
bfd64083
3f503f88
3e05bfd8
400c410b
408740e2
40683fec
bf6a3f2a
3ee54080
bf13bfbf
3f8bbe5f
402b4020
bff33f2d
becd4003
408140df
40a6be2d
40bf3e1e
c012bec6
4025bbed
bfad3f9f
405d3f6a
40eb3f25
40bdbf48
3d22409b
405540d3
40a7410e
40c63f5b
409e3e90
3e533fd5
408e40eb
40a73f5e
40953fe1
3d5c408a
bf0abf22
3f63bf6f
3edd410c
bfc53fe5
3fa73f3b
3f964093
4015bff9
3d23406f
401a3fd5
c0173ea1
bd953f7c
bf744068
406940c1
40eb401b
4003400a
3fe7402a
3f1540e4
3ff83fb3
40ad3e05
410a403b
40084043
3e203f0a
404bc00a
408a3fb4
4026bfb6
3fda409c
3f2540c8
408b40f7
409abf77
40a93ff3
4010404e
bf7fbec2
409d40b6
3f7e3f68
403a3faa
40303ed5
3f41bf83
bfe63ead
bfbdbf08
4064bfa0
40213ebf
3d8240b4
407140f7
40743ef5
3f9abcc6
3fc2bf3e
3f5a40b1
40843fd3
409d3fba
c021beaa
40383f80
40713ec1
3fd73fff
bf84400e
40a24085
4040bf0c
3eda3fa2
409d3e88
40d04030
3e8ebea6
bf52bfc2
403fbee4
bf2f3f50
40db3fbd
406a4060
bf463f9f
bea3c00a
40244108
40e7be96
3f2d3fde
3eca4070
40833ef7
4022bf85
3ff73ffc
403a4075
3e244089
be1f3f9f
bee8408f
40923e9f
40234070
3fb140ad
3fb83fc8
40bec01d
3fe14004
40b73e97
bf2a3ea3
3fc440e9
bf8f40af
4016be21
41094084
3e893fea
403e3f8a
bf2d3f66
be8e3fd8
409abf63
be1d40aa
4022c00f
bf32bff6
40983fba
3f104019
3f954081
3f9140bb
bf1cbf84
4095409a
40ca3feb
40c34071
3dde400f
408dbf15
40363f99
3f10bf45
40bd4019
bf704056
3f484097
3fddbf9d
bf304020
40074025
3fca40a5
3fc54088
40a54097
408a4005
be8a4031
3f28406e
3fe63f27
3f32be14
bfcf3f9e
bf994088
3fe74095
be7e40bf
3faf408a
408c3eb2
3f9bbe5a
3f7e40b5
3fed4038
bfe040f6
bf78bf64
bfce3e5c
3eb7bed1
40274007
3fed4016
40b64011
bd6b4020
3f204032
408240a7
4089c032
40e63f91
40a5403f
3e70409b
3f6440e5
bfa23f92
40a13f35
40a9400a
3fabbed0
4061bf63
be6a3bc6
40b3be09
4017bf9d
bdc940aa
4083402a
405e3fbf
bed93e15
bfc34035
be8e40b8
4073bf46
bfba4109
be2f3f9d
40a93ef6
401d3ec3
3f72c01a
bf91bfdf
40eb403b
40ec401b
40133fec
3e964096
405b408b
4086bf10
40ef3faf
402d409c
3f8940ed
4005bfc1
bde33f88
3f0d4072
403d4035
4066bf84
bfee401c
40c33fe1
40ddbeb6
be544078
40623ec2
40bac01f
403c3f2a
4066bf54
3e903f5e
40363ed1
3dff4084
3f4e4032
40fb405c
3dec4087
403740c2
40923f9c
bf0c4019
40323ded
3fb34051
bf99bf1b
3fdc407a
bf063fe8
bffa405f
3fe840af
3ff640ee
3fe3407d
40a0bc63
408a3f52
3f9b3f62
be4a4094
3f67c01a
40e64011
40a13fd9
400f3f95
3eee4068
40a0c038
405bbb98
40963fdc
4023bf99
bf4a401d
40a34105
bfc6402d
40224025
bf5cbf81
400c40ba
bf67403e
3dcb4087
40c03e02
bfb2401b
be884050
404a408b
40103f37
bf113f7f
c00a3e70
3fa43ffd
405bc018
40b73e96
bfe0402b
3f6b3e3f
400e3d64
3d454014
3ffbbec4
409c3eee
3f6fbf9a
3fe2be7c
3f4ebf52
bfd34089
409f3e9a
3fa34012
3f82bbf1
bf6bc000
4082bf2f
406c3f8b
c01d407b
40004028
40894030
407c4098
bf8d3fca
40b24016
3f77bfdf
401a40cc
4043c03a
40833fa3
40eb3fe1
3e93405c
4034c001
3bc9c03c
40594039
40a63fed
bead408b
404440d8
bf5d4088
4005bf1c
3f8abf31
40344064
405b40e4
3ff6bf1e
3f8f3fef
409d408c
3ed3409d
402c3fea
3f3240e7
bfe8bf13
c02d4082
3f84bfbf
3fbc4091
408f4104
40e3bdf6
40aa408c
3faa3fa1
402d4039
3dac4012
40813ffe
3fd13ea6
40013e3b
407940d3
3d2b4099
409e3f41
bf3a3fdc
bf603f70
bf803f95
3f5d402d
3fe43f34
40fa3fb7
bf6abf4b
bf85be7d
406040fd
40c6bf6d
40ad3f91
be83404b
bf07bf09
4090c00c
bf153f17
bfee3ffb
bf4340ba
4006bfb0
40903fd2
3eb13e89
40ff4007
bf39bf9e
3f064021
40b2c03e
40773d7b
4105bee3
40144004
40344001
be9c3f32
3ffe3fbb
bfb03f7c
40303f31
4085beaa
3cb94109
bdb63fd3
40723f1a
bf1140b1
bf99c013
3ffd40f3
bde23f4e
beaabe44
bf523da1
3fa840e9
3f7b40fa
408f4021
40d14031
401bbf89
3fbd40c0
402abfa9
c0194031
40be3e13
3f7d40b8
bf12405c
bf58407f
40a4bf4d
bed73eda
bf163fc9
3e373f3d
403bbff4
bf2fbf40
4052bf47
40ec3f87
3fe240b8
3f9c40eb
4060bd44
40af3f00
405d3ebc
3fd73ff1
bf71bf06
bfee40ef
405f3e08
406a4051
3fa44091
4050bf77
3e92bfd8
bfa44040
3ec2bf54
3fba4035
40824086
bfed4045
3f72402c
4004bf0e
3f3d4013
401b4097
3f70400f
3e28bed2
bfe33f06
3e33bf71
405ebe82
400abfb8
40a13fa2
40e3be39
3f8140b2
40613e34
40383fb8
4087402d
3fc0bee8
401b3f01
407e403b
400440be
3f39401c
3d12beee
bf1c408e
bc9c408d
408940ec
40a03ebd
3edd3f75
4020beb9
40723fd3
3e21408c
40704024
40c1403e
bd7d4087
3fc7bfb9
40bdbfb8
3f944032
bfee4047
bef5bf6e
bea6bfb5
4028bfde
40b83ec6
408d406b
4039bfa1
3f9640df
40afbf4a
40823fa9
3f8e3ed6
3ed93f0e
40873fb5
3e1b4108
40454013
41023f52
3fd2404c
40604059
3ffe4053
bff73f83
40d64000
3f07404c
40123ec9
4050c024
bf903eea
3e803f3d
bf0abfeb
40663fb9
403340ba
bf194002
410b3e5f
4006403d
3ea04040
3fcd40ee
3fc13eef
4077bf9d
403a4096
bee8bf99
40a040df
4086be9a
40bb4080
bf77408e
4063bff6
3fdd4045
40cf3f6a
40583fec
3e6d3f47
bfab40df
409a4015
bf9b401c
3fbe3cc4
be6fbf32
3f403f83
40ab3daa
40b43fe0
be754049
3f753f07
4036be79
4078bf94
40ef3eb7
40ca3fb2
bf743d82
bf59408b
3eebbec3
bee4bf2c
40a7bf76
400abedf
40404018
3f744078
40634099
bfd9bf64
40ec4010
3f874054
402e40b6
40ae410f
402e3f3e
3f034068
bf544030
bf94bef3
bea44107
3dcf3ff9
4089bec6
3fb63dfc
bfa33e12
403440a8
407f3f18
4050bef0
401ebe68
3f293e15
400a3f72
40454039
40653ef5
40244091
bccdbf4e
bfeebeba
40033cf2
40aa400d
40373dc9
3f6c4049
4029c02c
bfc0bd54
40f2bf94
3f544083
401640c9
40a8400d
40e73f1a
3fcf3f16
3f8d408b
3f87bfa1
404c3f80
3fc93e6f
40e33f9e
3dbe40b8
3e03bfc2
3fb64002
bf11bf3e
4020402c
3b9c408b
beb640ee
bf034060
3f0b3ff8
3e774024
40243fad
3f40408c
40ab40ab
40093fd1
40424076
3fb7bfd5
3fbb40ee
bf4040c5
bee84033
40234070
bf1dbf9c
3f5abf87
40bbc03d
40b33fe9
3fcb3f8c
3f7c3ff5
3f68402e
405c3fb6
402f3fb0
40e03f99
befdbf0e
bf324006
402c40da
40cb3e69
3f913f85
bf324013
bd623f1c
3e3f4064
40ba4024
c036bfb7
4037bfb4
40514076
40a040e2
bf543f55
404abfbc
bddcbfaf
4068bfa1
3e7b409d
4070bf0c
4039404f
3fe43fac
408ebeca
3fdb410f
40a03f16
4055be5d
bea6bee0
3d40bf48
4080bd07
40593f73
40fb4060
3f584090
be824054
bf7340c0
4036bf6d
bf0a4015
402f40aa
402d3ff3
be8040fe
3fd4be23
40fbbf02
3f813f77
bf7e40e5
4085bfea
3fe13f87
3fae3fce
4033405b
bf2440ea
40b040b5
3ff43e8d
410d405e
402abfbb
40054003
40bac030
40853fd8
40b23f2b
40f1bda5
be433fde
3ef8bffa
3ebbbefd
4058babb
40fb3e87
3f5ebf1e
3eeb40cf
40bb4100
40bc3f32
40864080
3f973fd5
3f87bd1c
4016bfd4
404bbf64
404e4073
bf023fd9
401e4048
bfabbe77
40424023
40203f45
3ff840bd
408340cc
401bbf58
3fde4007
40463f61
3fff3ff7
4027bef6
408240bf
3f833f7a
be733f15
3f513f19
402b408b
3dfb3f60
3e2c3ff9
3fe03f8d
40184045
404540b2
40b340e8
4080401f
c0054077
be253f8f
3fed403a
40a84022
3f37bf47
bff84073
3f323fa6
3f8fbf28
3fc23f74
40dd4007
bf364050
40383fda
3fd43fe2
409e4032
3ff7401e
c03dbfb5
40153f6d
40253e5d
4062bf61
40864009
40e54076
3f023ebf
bec14039
40bc3db9
404b3f80
3fde402e
bf7f4047
40573ed2
400340b2
40203fa1
3f24405e
be8c3f70
bfb83fa9
40c040bc
bf974036
40fdbf67
beb94027
bf80bfdf
bf654026
bf9e4025
409a4075
3f94bf9d
3f643fd7
405840bc
be983e5f
40fd4067
3f7040b2
beae402c
40763e56
40673f94
40f3bfbf
403a3f88
bfb94054
409e40ae
401fbf21
bfb93f53
402b405f
401b40ad
3fd140e1
408dbf35
41093fbc
3fdcbf3c
407340e6
bf944099
bf92403a
40a1bf65
4009402b
bf9d3faa
40014096
bfb13f94
3faf3ea4
bf5b40b7
408140aa
bf87409f
40d1bda0
3fc44066
beef401e
402740b2
3ed5c018
3ffc3ddb
c00bbe55
40214026
40063ff8
401cbfa7
3dfa3f66
40293f57
bfde3ff1
bf3d3f8c
4005bf3f
bfaabfe8
beb93f17
40674027
3faabdc0
3dd0be88
bf7a40fe
c0083ff4
3f783f03
3ff7bed8
3f1040cb
4045be87
4044400a
bf383fe9
3f0c4090
4078bf43
40a7bf99
3f99400d
40b24035
40064006
401bbc89
40924042
4092be0e
3f323e01
4028bfd0
bf43400f
40683fc1
40bb3f3c
3fb13fc1
bf67bf98
3f88be47
402cbf75
404f3f4b
40d6bfb3
bdd740aa
406d40b8
405b40f0
40b63fa8
3f573fad
3fe940a3
402340d6
be703dc5
40c1be1e
40de3e0e
3fb64034
3e8f3fea
4095408a
409e3fab
40b04032
bedbbf4a
401f40d3
bfab3fd1
4070401c
40f04020
402abf77
bed2c00a
3fd240aa
403d3f0d
3ddd3fdd
402fbfd7
405240cf
40a240ad
be1d3e9d
406e4030
4009bf91
40314064
402540b7
3fd04022
40dc405a
3fac408f
3feabf25
bfca3f9a
bf9abe83
bf3b3fe5
3fde404c
3f31409c
3f484049
40d84026
40674065
3e313f06
404b4097
bfeebeb4
40073fd9
bf70bee3
403f3a72
3f02402b
4043c03f
40ce4025
3fab3fc9
be8640bf
3f6c4057
bfda4036
40243ed3
40e0bf61
3f5bbfd1
4084c01e
bf853fb3
3fecbe5f
bf56bcd2
3f204062
3fbc40d0
40b33f98
3ed9bf5f
3f223f30
3ff73f06
3fad4097
400540ae
407f3ed2
bfee4028
bd5d405f
407fc019
4090bf48
406d3f84
bfd14022
bf5d4092
3ffac00a
409abdd0
bf61bc5b
40b83f9a
3e4f3fef
bd00405e
40ac3f4e
4052bed6
40fcbf43
40214014
3f4abfab
40614018
40293feb
3f593f4a
40603fdb
3e0b3f7c
4090bf40
4099bfdb
40d03f63
4034400e
4033403d
40313f52
3fdb410d
406c4024
41073f94
3f9e40a7
be2640af
3fec3fa2
40374010
4097bfaa
3e813f43
4033bf31
40a64074
40203fc7
40e23eff
3e603f8d
3f2f3ef4
bfbebf5a
4037befc
40d84013
bf20bffb
401c40a6
bf9c4083
40dbbe19
40d63f00
403c3ff2
bf9e4091
3f1940aa
409f3f52
404bbef5
3f643da8
401240aa
bf893f2c
bfe93f85
bf633f9d
be5f4032
401f3d92
404240bf
bfbebf33
c037408a
3fe43e9f
401c4081
4085beb7
40e83fad
3f7a3f17
bf4b4096
3fc6bf23
40944055
bfd43f03
4086bf02
3ff840a7
400b3fd3
40633f9e
401fbf7c
bfb34057
3f4d3fbb
408a3f95
3fdf40d7
409c3f7d
40a0bfc0
40323fd9
400f3f2e
40b94050
3ecc3f69
40f44031
3daebfcd
3fd93fcd
3ed040f4
4058402d
40963f82
3fea40a8
3fd04038
bfc94052
4084be5f
406a3fb7
3eb2bfac
bf854043
3f7040b9
40733cda
3f31408a
4001bf03
40744054
3e593f65
40a13fdb
41033f7e
be8d4062
3fc13fbb
40b33ff6
3fab3e9f
c028bf98
3f52bf9a
3f8d40c6
4032bf9f
3f17bf49
40c73fa8
3f3abf8b
401cbe1e
3f703f7d
405c402b
3f533fdc
3f384015
bdb6bf8f
40134072
3ee0be97
40c63ff6
3fa13f88
4075bf9a
409b400a
bfbc4024
410cbee5
bf0abe85
3f0840b9
405a40b4
40453fb2
41063f87
4011bf1c
bd1140d4
3fda40c3
403d3fea
40aa400d
40f93d13
3efc3f53
4069404f
400c4066
c00dbd06
40ec3fef
3ebf3ee8
bf3840e7
409540f3
40a44018
40f73fc4
400f3fc7
3f14beaf
bc97bfff
40cabe83
bfaf3fe2
3f674097
40834063
40034065
40de3ff2
bdfd4051
4018bf47
40374031
40b8400b
403f4002
41063f93
3e814073
3fda4021
3ef240ff
bccabebf
40c84063
bc86bfb1
3e964024
bfbfbee3
bfda403a
4070bfad
4036409e
402140ab
4047bf6d
c01bbeb6
40b64087
be80406f
3f9d4077
3f88c03d
c0204004
c0043df9
bf37bed5
3f59bfc4
400c4016
3f834040
bf173fe1
3fb5409d
bfbb409a
405a4005
bec1be45
bff74083
3f054063
402ebf0c
bfeb4066
40d1bf7c
3f8d4048
3f733f93
4085beb3
bff840f1
be8e3fcf
408d4084
4001bfe4
40063fa1
409540c9
4094bf51
bdef3ea8
3f92bf09
3e7fbfcc
40983dd2
3f9d3fc5
c02f3fab
bec0bd11
bf9bbffa
bf6d40de
40b83fcb
bfddbc36
3f77bd8d
408740db
3f7b4018
40023f93
40b6407d
403e408a
40694014
bffd40a5
3f313fda
408f4020
bf763f00
4089405c
40053fa2
409bbdfe
410e3fad
3fd44023
408d3f73
3eb93d8e
3fea3f42
3fa5bf5f
3ff9409c
4005405a
402fbf83
40eb3f94
40bd3f7e
be27bf31
40433d0b
4062408b
bff9bf77
bfb53fe0
401140ba
400440e7
bfd4c037
408d3fe5
408a3fdb
3faa3eb3
bf804031
3f61406c
bf514020
40943ff1
be844082
3e7240d1
3f0840f9
40c6400a
bfb1be33
3fd840aa
400e4044
beb93ffe
bf6140ab
40c2bee4
3f11bf0f
40204086
40673f1e
bddd400d
40cebf0d
4004be51
bbe440a5
3f3ebfd2
3e4d40a8
40c53edb
40074075
bf554092
bf00bfca
407e3f93
3fcbbe71
40e7bf97
4037409f
3e7a4094
bf50bfe8
40c1bf56
40c9bf8e
3f733fd9
400bbfff
3ffa40fe
bf633f29
402f4022
befc40b4
4009be52
bfbc4107
400e4011
403dbf92
3fe44079
3f83bee1
40b33fe5
4082401f
3fa53ded
3f463df4
bf1e409e
40b0410c
40de3f7d
3dfa4032
401d4088
4017409f
bdf53fe6
3fa94015
4067bf0e
3fa2bf6c
40894082
3f4640a9
3e853e85
41104046
3e844089
3fbfbfea
3ea6403d
40834002
40b44081
3fe33d64
bf1ec017
3f3040df
3f5b3ed4
bf78bf8b
bebe4075
be623f85
bca240ef
be10401c
401a3fb0
401d402d
3ca3bf45
40984109
40a93fbc
40d53fd0
4003bed5
3fd23f90
bce8c026
4032be23
40cebfa6
3f293f35
bf9b408d
40b44085
407a4033
bf68bfa3
3c7bbfc7
bfa2bff4
bf893feb
408f403c
410cbf10
3fb440af
400e40e2
3f89c026
4078bedb
3e513fd3
3f5740a8
bf3e40c0
bfe24048
40a7bd9b
40d2bf81
bf4a40a5
bfb240b3
bf1b400b
3ffc3eb4
407d3d66
3f3e4084
bfa34092
40b43f90
40c23edf
405d3f26
3d7d40ac
4001404b
3ebc408f
40a64010
410bbd80
3e1d408b
bf6e3d20
40994101
408a3f92
3ee6bf68
3f86bfb3
be9a40e7
4022be84
402f4011
bf8a400c
3ee4bfe2
bf4340b5
3ee63fe7
40943ec7
bf9bbe76
4045bfa8
3e9e400b
3faac00f
3f4740e8
bfa63fc0
bf4c3e84
3fb0405a
bf7dbfed
40214018
3f46bf48
405c3f35
3f45bf48
408440eb
40154097
40c73fd3
4060bf2c
3f843fa4
bf4f40c1
40a140cb
3fbf4017
bf993ee4
4016befa
bfb6bea0
404ebe33
4091403f
401cbe9b
4023bf01
bf5b3fbf
40ad40e2
befbbe85
40cb3f52
3fd74048
bfa03fb4
40bf40c4
c009403b
3e0e4026
bedf4018
400b40e2
40bc410e
bf453f65
bf8e3eea
3f55408f
bf8bbfae
404cc02a
bfe5be1b
40b34014
bedf4080
3fc44034
3f054089
3f7b4034
3fc7403e
3f4e4004
be3e4054
bffcbfe7
bfcfbf48
4056bf3c
400abfb7
4025c01c
bdad4109
c0094009
bf39bf9b
3fbf3f1a
bf97bf70
401340af
40a2402e
4105bf93
4038403b
befc40b7
40a5410b
3f4f403c
4051403e
3fbabed5
3e374085
40b14092
bf87be9d
c0124074
403ebe6d
404f4094
408640fd
403c3f49
40093f50
3e23bfcb
3e024033
40a9404a
401cbe9a
40624080
40304011
407c4062
40a8bfbc
3f8d3ff7
3ff04082
3fc04090
bec03fa8
404a40e3
40cd4009
40ad3fbc
3fb74062
405f40cd
3d81bea2
400f3f8e
4077bfbb
bdefbfbb
3de14035
40a74085
bf2e4022
40a8400e
3d8440af
40903dcc
bebebfe2
3fae3ff7
40af404f
3f063d82
40843f96
40b9406f
407e4024
40f0be37
4025bfc6
bdf340ca
3dc34029
40493e80
40a8bf9d
3fc63ff9
bfaf40ec
3fc94085
40023f97
402c4004
