// case 004 k_multiblock - C[128][128] FP32 expected, row stride 512 bytes
// 16384 words, 32-bit each, little-endian memory image
44a6a272
447b9551
447d5216
446c00f5
44935212
446f9051
445a3c0b
4469bac1
447462ad
4472e70a
4481dc12
4480cdf4
448ac437
44946c69
4475fa47
449ced39
446ba387
44821f2e
448d3b3e
44825321
44999034
449de728
4460d1be
448e991c
4491b2c5
44a055f4
44747c0c
4481d857
449a2e83
44809d05
4495318e
446d7457
4481ecd4
448bd2df
4487675d
449282a5
445f4424
448e6ff3
4461f4fe
4457831c
4497f879
447a27f2
44723fea
4441e316
4486d9df
446948c5
4498e050
445a564c
44687f43
446cf0be
4496a156
44921662
444bc08a
44817684
444f3705
4491bb97
4481a7b4
44874e6f
4493517b
4480cb34
44a92c9f
448bc264
447d4cef
448dc659
4446014e
448c5675
4495132f
448f55b3
447f44e4
445af1af
448d1b82
448013d5
444412a2
446b4f18
4461bb47
4495703f
447fee48
447328bf
448611c5
446b15fe
44898f7f
448d0757
446b1bd9
4498bbad
4491b739
444e50fd
446eb481
4483f9d1
447fc2d0
44827e62
449b036f
444c0205
44593073
4473fede
44890cf9
445ad0ce
4481cbbc
44926759
4449fe39
445d285d
4487013b
44765b70
444fd5d6
44898e04
448429db
4487efcb
444178de
4496318d
445a9d42
447da153
44aea39f
448e467f
44885f2d
448949c1
446de5d3
4491a6cb
44747813
4442aa99
44a0b9e0
4481725e
4485e35c
44751b88
449410fc
4490d08f
447ea307
448f2d46
44814192
44630a2d
4460a2c0
449ec5ab
448632c7
44642e32
442f1c34
444e7758
4461f766
442e47c7
447eca9a
445fd92e
4477aea8
448525a4
445c55a6
44973eab
444ec57e
44653c70
445aa022
4482decf
446a40c2
443b379b
44591f18
449a3f7c
44633c3c
4480fe01
448bc482
445464af
448cff03
4476b48a
447730b1
445767b9
444612ef
448f4e44
446c2512
4489f0dd
4486854a
44547abb
449b6a18
448da1c7
4481fc41
445c1bc2
44543b1e
448f2d23
446beb8f
4465cb9f
4477459c
445122e2
449f7ee7
447c9c94
44542670
44832bf6
4428627d
44adef63
4460e737
44719688
4434d2fd
445e935f
4492b7e5
4479d6b7
448377fc
447a0e62
44787870
449c5770
44712c54
448cbbc1
4454683d
448c3439
44ada3b6
44765138
44854e4b
447d836f
4469cd06
447946a5
44690134
4465f689
446d0a05
44714e4e
44698179
4438ab5c
447d9537
44574b28
445ceb92
448600f7
444abb3b
4472051a
4485b817
445fee9f
4482a378
4479a67b
44624f58
443b8ef3
44805989
44807edd
4425c12e
4478be63
4467e558
4462111d
44a5e746
449152bb
447785bf
44318861
446e181c
4469ee51
445b1dbd
4436fd52
4458a610
445c211f
4489b673
4480e349
444059e2
448fe2cf
447143a7
4493fba0
4473d0de
44995e87
445ed2be
4455a328
449f3cc7
44601dae
4485e33c
445bd35a
445e5d8e
4487c67c
4469c75c
448b28c3
4491ee80
4461e39c
44986a5c
446b9e9a
4451cca4
446c6bce
449eb3f1
4439b7f4
44876d30
44840584
4449e0e1
44929fde
4443c98c
446f0069
447939ee
44491454
447c4b7d
4471ffbf
4473f6f6
44805886
445b0b58
448e7580
44543094
446409eb
445d839e
446564c6
44575a37
446fb74e
4475fcd7
44555b54
44488d56
449eba19
4494dc4e
44507425
446cdda2
444fba29
4481868f
447a5de9
445a566e
44730634
442a6b39
4488a6b0
4434acb7
44468ddf
445fea40
443eb624
449391a3
444abe82
4484510c
4460b6dd
448138d1
44896bd8
44562e17
443cd7f3
444bee61
44880314
44707f25
4471d7b6
441a722f
445ba891
44590f40
44970c45
445d09a9
444c1f14
447f0093
4482ec5d
444c0a2e
445f7875
4482b0c4
44914f3f
4442b249
4493b6f7
44829dde
4457bb84
44727253
446038b7
447ded41
44325de5
4465ea38
4453086e
4440be93
4458ec8f
44441188
4482dcf2
4455aa6f
4461ea45
446d2b13
44380de6
44908070
43f42f2f
442fe8a9
44895bd9
44354132
447e782f
445927bf
44558b09
4438884b
446f79ea
4483e9e6
44569f1e
4454ef68
44855690
4445897b
444e0f61
44520f05
444e4edc
4469bb7e
446c42a6
4454f43b
44628bbe
442cf9ba
4490c251
4434eb3d
4468ce08
448ffdee
44835582
4475a13d
448c9a53
44653645
4431ddaa
443c65a7
44759c58
448d69ec
446c12fa
443538d5
445558f6
448129fd
444b5f11
4457d148
444f18eb
4450f4cd
448057cc
4479d816
4474f8f4
44970f32
444ac4d2
445e444f
445684ad
4474f917
44608686
44950b5a
444d2b2e
444599f9
4478aeeb
447d390a
448dd2f2
445f43d0
445e810a
4463afa4
447fb175
4499205b
445fd777
449097c0
4493abb0
44805e80
446721a7
4476de42
446f60e2
4450ab3a
4489a75a
449c2403
4458de95
448bd885
4455bce9
44610904
448c9a7d
4476d351
44652c9c
445d0de4
4480294b
447406a2
44488009
445a18f3
44574d87
447d0fb8
4454688d
4463b2cd
445b6bc5
446e364e
4440cedf
446d5296
447f3127
447603c2
44836e8c
445f1864
44920a04
4446a87e
447e8d0e
4463b9b5
44897411
449931f2
4480493d
4477d3f7
446f11fb
4452d6f7
44a936b1
44476792
44877f7c
4482c15f
448650fd
449e10fd
44762da0
4459e10c
444fdb14
443d8786
4453f638
4466f89a
446671a3
447a702a
44519aeb
4492771f
44727fcc
4452e589
448bc3f0
444690ee
444dc93d
44768716
447559bc
44805706
44539f02
446e671c
442c2c2c
4485992c
44403cc4
44456656
44505e5b
446526ca
4484f359
44838856
4485275b
446c56f2
4437f2f0
4433845b
444f3562
445a7534
448f534a
4445fc9f
44805c54
44268ece
448a82fb
4474bdb9
444a7434
44791f89
44487104
44824aef
4495aee4
44469887
4444ba9e
44774b70
448c199c
449f542b
444e1ca0
444b0b55
44744dcb
446f64b7
446a1c6c
44416eec
4471f35d
446f3159
4476f294
4461a28f
4489be03
4482b883
4454e3ec
44860cfe
444e5780
4468e8b7
445e031c
4487be72
4498ec82
44454ea7
44497ac0
4482dc71
446c4b29
44a190b0
4489c514
446b0905
44793bf8
4454bc6c
446ab10d
4482639c
44772a87
4480ae46
446d2b6d
44963965
445dcfd4
447a79d8
445b701b
44720c0b
448c4957
4460f43b
44762c4a
4460f682
4481d224
4495a546
446dbf8b
44972a7b
44822249
4471c07f
448d3778
44456813
4478350a
4479a7d8
442e078c
446f7bda
447de08d
4496ca6c
446bbdc7
444d8f32
4491eac2
4488fded
4483aef7
447e098e
44741352
448582a5
445066bf
44774475
447ca399
4491b4ca
449b93b5
447bfa0a
4495445f
4494378d
4467bf5b
446dfac1
4488854d
447a7224
446cbd87
448c5f66
44792ef1
447834d5
4482fee3
446be58b
441cd772
4485d147
44730fa3
4480b8dd
44480113
4459d0b8
447fc23f
4488e934
4467684a
446470fd
446260db
449dcb26
44373be6
446126a4
442c297e
445d5288
445368d8
44891a2f
44718689
445c81ca
443f8e07
44934636
444857bd
44854b6e
4456a05f
441b33df
446163ea
444ad617
448d334e
445f448d
447d1d42
447d638f
44651d89
444b66fd
44884e57
442db1a7
449d43a8
447d4bbe
447ebc32
4459eb2a
4474787a
4485304d
44595ecb
446cd093
4465d4ca
448c1e75
4487faca
4480fd61
44833b8a
445c3538
446b9481
44853f5a
446c6d6d
447f230c
448127be
442b0fbe
447e2802
446de9b8
4447038d
44617d4d
44645321
444d11d9
44568cb0
446ff077
44193392
4464eadd
44354f7a
4440d83d
446c0cfa
44614853
448ecb1a
445d5a7c
4461fe5f
445d1b94
44542278
446abd52
44213094
446bac53
448815f1
444cea84
4455fcc2
445d08b6
4462ee27
4480a5da
443ff484
4476fd6b
446859d6
4449fc3e
44773e23
4457d8c3
4492078e
44827041
446299aa
44564c60
446eefaf
44885f6f
444c84b7
44559131
442ea86f
44444d81
448151f9
446756f2
44625bbd
44154088
44474c79
447a2108
447226c5
440434bf
446494c5
443f619c
446ccd05
444f3037
4481c624
444aba74
4449af28
4484d0fb
4488e4c1
44774282
44564525
4459319b
448bfd1f
4458b54b
446ec84e
44618e04
44632093
4486d8bc
445667c1
44370024
445fd983
4453c1db
44838e9b
443d6394
44292634
4472e7df
444c620e
4476a58b
4448c5d6
448253cd
445fc908
447288af
446c53df
444d8c7c
4458ace9
443c9a9d
446de9e1
4492bb63
442b4567
4462fe75
4446cc1f
44583353
445a757c
446032c8
448d8294
44206a79
443b6dab
44807e2c
4454db68
4437a421
44678627
44439861
4483af9b
444e975e
44774cee
4463f4d9
44324cc5
44916771
44601b33
444a3585
4475bdaf
44356c86
44893fda
44414f1a
4470054a
446a92d6
4428fb5f
445fc6c1
443c31c2
44745266
444d928b
445bcf10
44580718
4458460b
442f220c
445b1f79
4487f68e
44728297
443b1c0a
446a3515
4458930e
4487950d
440f1e72
44694e62
4444d0ae
44523302
4485fe7f
44695cdd
44826346
44467924
446cfe17
44a58f22
4481037b
44646a47
446da94d
4482f447
4488897c
4482186c
4481c184
44839ea0
4457f794
449095b9
446357e5
448542d4
4488d9e7
448465e6
446c2a70
44454f4d
4495e88f
448ba530
446564a4
44796384
44628791
44805d9d
4463402d
44574467
447801d8
445bcaff
443ed606
44718162
44615eeb
44a07d9d
4461315f
445bc438
4467cce8
4474c3ba
44954d86
446e872b
4486d1ee
44746842
4455af1e
4492ecaf
44676a74
44854f3c
44830ab4
44839c9e
44ad6783
447715b2
4484f4ef
44713dcf
44943bca
449a0044
446e1c3a
447c8d70
44729f37
446c29e8
446186c2
445a11da
445ca983
446b5456
44587ab3
448139e8
4464d338
44557bad
446b017c
446c1347
449f1bb5
441b9f43
445b958b
448c0c67
44260cb4
44691f23
4456628c
4463d7e9
4442b774
44903ba9
4473930f
444dab4d
447816a2
446a69a9
444c56ca
4492a318
447258eb
444727da
4431f775
446d038a
44862bad
4424e434
4485db7b
4473af8e
446954f3
44798225
4466046f
445aa249
448afdcc
448f23f7
4497e336
44679805
4494b40b
4475fdef
44626f79
4480d444
4480e0c9
449eaad2
447d58ed
446ab616
447f99ab
4450782a
4488b5aa
4480befc
446abf64
448a6451
4476d456
4478f068
44a56349
44bce803
444b4971
448a68d9
446e9f0f
44939db4
446c0720
447144b8
444f9bd9
4478ede9
44711d64
4491feac
448a461f
445d4502
446b23f4
44849c34
4484cea1
448a3a82
447e8c33
448d350f
4493a466
449d7a43
44876dcb
44849fae
447fd8cb
4474bc44
44abdb88
44909c64
4480a563
44818381
448a17b9
44887020
44801aaf
447e3423
44805205
4475285d
4497979a
4462213f
44820468
4447d8e9
447821b9
44b2898f
442d025d
448d5a67
445ee670
449270bd
44a66a51
44556f13
447db145
44613974
44a19d8b
44965cbf
44820699
447996f9
44857df1
4474f698
449ca053
446ef6f0
4486a81a
4484a195
4498280c
44a3efa6
446b1361
44859516
4465a60a
4449fe2e
44b1e30d
44834378
445fe662
4483b9ba
4467a349
449557b0
447ee79b
44871559
4472e372
44751554
4492626c
443cdfa2
4455f426
44688413
446d0c0b
4485b327
4438825d
448bd7b7
4442e2ef
4487f9e8
44afa9f7
4446a6a8
44709d23
448786ac
448593ad
448c5828
443e90ff
4486bc1d
445fbb09
4485899f
44c514ca
443a4bd6
446d4fb9
445f7b27
4482625b
44a7b236
4480bca1
44924b23
4456901d
446bfc96
44c0572b
443f1d0a
447f9d7f
4482e10d
4487c54c
449260e8
448446ed
447baf7f
447ddff4
447a1e06
449add88
449326f0
448f2a9f
4455923c
4471eb07
448c6003
442f96ae
4486c4cd
44742e26
446a6498
4486b5dc
44813cfa
4476cd63
445122c4
44678a27
4457f0c2
4444a500
44308d84
444cd44a
44535eaf
443169c5
44374c20
4470e578
4466ff62
44840a06
4440843c
444a15e6
44566e77
44632dbc
4476f5e5
44557a65
44893d89
446ba433
44626017
4489181f
442e1d22
445bb366
4465b5fd
4465c6fc
448f810a
44609224
443ae2ee
445394fa
44467ff7
4492530c
4478a07a
44740518
445f9a56
4453c672
44852e63
44431821
4460ab20
446e5757
445e9c7b
4436dbfa
444d9d1d
44537677
44931c47
44520fd1
447a5d0d
443719c9
447d7549
4482f166
443c4516
447ffa53
444f4f5c
4479381c
446adeba
4478aa5a
44786d15
44547b36
445f8a49
448ddc94
446b1fe0
448ddc20
445db4e4
44710778
447cb9b0
44796d92
4482aa0d
4449a962
44752d13
444d3de5
44362b0d
4442ba6f
444aae99
447de3e4
44516ef7
4451f092
445fe6eb
44332b34
444685cb
44700a13
4439dffa
44626719
446a9bd3
444c8484
444845ea
4466c8bd
4459d111
4460742d
4474c59e
442558ae
4432d8f0
446bb043
4440f923
444f4f31
4481378e
447f03cd
4487a4b9
44333a0a
444c319c
4472c514
4431857e
449cf813
4404dac8
445a32ef
443f4a7b
4467c32e
444a3f00
444fccee
447dc89d
4472d8d8
442cfb33
4482a4af
444e572d
443a258a
446ad4a7
445c5bda
44953e75
443edfcd
44715766
444c66a2
4450e18d
44851f77
443b2f40
446e7683
4469e1ea
4434fdac
44660354
4482a0b2
448ebb89
4455564c
448d924f
447581d1
44809777
4471b885
44713547
44659443
44798bb3
4451bb62
448b5e3b
4485acc0
44a008e3
448d7b68
446be4eb
4483c8e4
447f2d97
44857fbc
44817ddc
446ad5fc
44874629
448f69cc
44a7bd0f
445db214
444a6a42
447faf09
4482a7da
449368ac
446dc18d
445bf90a
4469757c
449eb7e5
44ab271a
443d2c34
44771ed3
4492bfc7
4473245e
44890abc
4457c5a5
445b88a3
4483f828
44500796
447d506d
4478a5a7
449af844
4474b4e5
444c3843
449024c0
44693cfc
448cc4c0
44569cbd
44823133
4486509c
445fb647
4463ff69
4489330f
4481a864
4468f583
447b1b2b
4493c930
44738885
4466d2ac
4460e479
4488afe6
44782f29
4482c132
4482af78
4484cd3a
44806606
4472b4b4
4469d241
4449cec3
4485583b
4487abac
445eab02
445dc1da
4479ea6e
44779e83
446b87ff
4470afaa
446f91b6
44770803
448fbc77
4445cdd6
445a05dc
448d0733
4465b6b0
447b6f62
447dcd0d
4461a4b9
44624b7e
4469fc4a
44933276
44459006
448668cb
448f4678
443f7a70
44872d13
446919c0
44837eed
4473f394
4480d9e1
448505c1
448473a7
445f8073
44aa657f
442880bb
4492df34
448f3ec8
447dd2f3
443f749f
44802583
448379f1
448083c7
4467c42c
446b44fc
448a50bb
448875c0
446b52b2
44831e92
44853953
44734681
44980bdd
443718b4
446efdcc
44788c0a
44a1ba6a
44910829
448a5ce7
445c71a1
4482815b
44869dd8
446af584
44877673
44841c96
445a1b4d
4465f504
446196af
44842bb5
4483aa6a
4461b775
449f045a
4474599a
445fa46b
44897ac6
447343be
44af7bcf
44905826
44880a32
448a4b5d
4463455e
44a585de
44682285
4486af21
448e1cde
445127a6
44a23a38
44649c8a
446d787e
44832c96
448a8804
44926f1e
445c5df7
44823c9d
445d1be4
4476ac37
448ca321
4467db5f
4491561b
4443c848
4469b1d3
4484c945
44821c48
445a3625
4465def3
443b8db8
44957a62
447091fe
4464a56d
44735e41
446ae99e
44a30ffe
44819077
44784f79
446e9fc7
44738a4a
44a78601
448e4f26
4479bb9e
447a6758
44664b64
4495801f
4485f661
44908472
448730f2
446cdb3d
448e8058
4445ee92
44634c22
44801336
446c2646
449a1883
44432d44
446bc34f
4465c482
44567704
4495067b
444b441e
44726ebb
4460bc2c
448cf144
4453d81a
4454bee1
4488e810
445844bb
44669195
448a62bb
4457cc20
4463c095
44758a02
44643e86
446ad593
4463e4de
447eac3a
44298ce0
445f5509
448f4ae6
44688a1c
446c1f91
449d636f
444f8de0
44824ab8
4473423c
449726e2
446a45c4
44746a81
44a45eca
44783da6
446b74d3
445fac62
447676b4
448e4f2d
444c16a6
44909bbe
44839754
44804f78
448658e5
4474b252
447e5d34
4470433e
44783db6
449de6f8
4470b481
4484e3b5
44626108
44a59a1e
4483cfc8
4463c751
4483bbdc
44810b9d
4466765b
448250e2
4455bab0
446ff611
4466d554
448f3b37
447f137c
4484cb90
44806680
445e8a40
448c9bb5
4478dbbd
44813fdb
444ff4f4
44399a0b
448cecd9
448b6800
4476aa51
446d8ce0
4455116a
4467c311
448b80f1
4480fcf8
448e1b61
44719f1b
442fd888
44713482
4494052c
448e0ac4
4439c6df
4461d6e9
448fcd87
445b4734
4471f489
44445865
448ee925
4483858a
442d1d3b
44859097
444909d6
449bb325
446b4f0a
4468f336
4492a6b9
448db13a
448115a6
4462cff2
448139c8
4483b69a
447dc5f3
449110a8
4486b120
448739d4
448f6494
4476df17
44a3153a
4452fb8e
4479a92f
448f1823
44809c19
447e355c
449058fd
447cb3f6
44587f64
44416efc
44937895
445bec08
445477ae
445dfa58
446ce06d
4472e552
444bb2eb
445bba19
448913c8
446c53a2
448bbe75
4468beef
4444b84e
44a6e7d1
4442399e
44837b8b
448bee3f
44538e86
44897aa0
44891534
4492c606
4465123a
4434152e
44869295
445761c2
4494256a
446975e0
44560d90
44573bda
44544b43
449119d6
44752847
444579d2
44919a22
445de38d
44843d45
449206bc
4443a926
4494f695
447c0061
448567bf
447b7cf5
4492312b
4492aaf8
442fd044
447fb71d
44780bc3
446e9dfc
4488fa99
446283af
4496c2e3
446984fc
447c5d05
446b859d
446c3afb
44b180e0
44858750
4491c1e7
4497f443
44aa614f
44631188
44936e95
44897e71
44a3dab0
44a66848
449540de
4458ba36
445a6256
448a1ec6
44b9bb90
4496b3af
44ab9611
44902d39
449523fd
44959b4d
4490bab6
449f0968
44a8587f
448a16f8
44acb360
447d88e2
449afd8a
44a48447
4494c68e
44a6c868
44887576
44953d67
4479eb45
448bfa2a
44b341a5
448393cc
449aeb3d
4494eaae
4488f574
44b1595c
4484c6ec
449aa50c
44664a01
44990fa3
44b9b1ec
446013f6
449e5859
445ebeb9
44abdc06
44a4300d
44849762
4493f90a
44841858
4492b04c
44a85b12
446c9c6b
4488fb44
448421ee
44a51e90
44c063fc
448c9e9b
449c3d0c
44974dba
44a501c2
44bb4269
44869307
4478a125
44a2887a
446d1d6c
44d03542
44859065
44703e0b
4497e168
44992f50
44aab42d
44940f2a
44a2b648
448ecb60
4475a5ad
44a53b97
44800d14
448bb11e
44807f64
448a6fd6
44a1d1ce
4480d558
449e73a2
447abe09
446012f6
44c2a950
44654852
449c5e9f
4499dd02
44937771
44b3db78
447d9921
448b4d91
444f741b
448b2f71
44c32ee2
442eea4b
4487f792
44848acd
44955c02
448e4095
44a1ab23
449262b4
448de0d7
447c5949
44e59489
445c1620
44961c3a
44aae984
44a28141
449383e7
44954092
44b04f14
44873528
446e6ed2
448b22db
44b0fa0c
449484d3
448c5de8
44708274
44abf2fe
44862ae6
449628df
448e2121
449202bb
44a6874e
44548f44
44988136
445a6eb3
448f5be3
448bceb6
44508347
44805c19
446b03e2
448d4dc2
44727a68
44810b5d
447b0ada
444a7996
4499e2f9
4480a5bc
4456350a
4457fda2
444e7586
44737163
44708b1a
44886cb8
44988fbc
44824dd7
449ead0a
44855ae3
44650fbc
446ea122
44673e68
4493cda1
444dad15
446e34c3
4448f82a
447741b6
44917d1e
4469695b
445b2775
44799d39
447d37ea
4470f6e7
444a0840
447bd6da
448c4876
445bb363
4468b722
448190cf
44732356
44a41486
44675f54
449acb48
44887f25
4479bf62
4488ec88
4444a7a0
44614e96
446c2576
449e1808
44896b45
447fcf99
4497235f
4461ec5d
4479fc8a
4490552b
4466a71e
44801bd8
445177d6
44868863
449d8e7d
446185b4
4486349a
4467ab8d
447225b2
4454b6b8
4450098e
448ac2ef
446a6677
44886f4a
44638ab8
443929a8
449adc46
4470d228
44680789
448427fe
4437efc4
44664edf
44854203
44898386
44632311
447abf43
448083b3
44623521
448c83dd
4463254e
444ea2ef
44849282
44581c9c
445ec6ff
44808a58
448858ea
448d5eeb
444c54ab
4489d123
44983688
444eb77e
449e2282
44755d36
445bd784
445cac91
446da8b7
448162db
44815dd4
44823a18
4484d113
4461fa5a
448aa548
445b3586
444e05de
4486887e
44703469
4488c2a2
44598ffe
446d630c
4476b8ec
445527f3
448ee8b7
4458527b
446fcf74
447b5fe9
4473816e
44774dee
44839d39
44727901
445d93d8
44967d2b
448420f3
44827c14
44843931
448e1f44
4480f757
445a5b7f
446d7e3f
447248b2
4488677c
4496ed8e
448be17d
4493e6c4
4460ff14
44873e08
4485ee74
449861f2
44878d56
4493030c
44796bd3
449d963e
447a8a96
448066eb
447eefc8
448dac96
44aabd7c
447ba149
4491cb97
445e2f33
4488f75d
44ac56f8
4482bc4d
44930306
4490dfc7
4457e4af
4476c469
44499edc
44619568
44765032
442d4042
44af2780
4468edc6
4490281b
44845c75
443cccbe
44861c95
446e634a
44871cc8
444fc1a0
448cad4a
446cc786
445fd37f
4485003a
448922c7
4468a3fe
449ab9aa
4494cd44
44a56829
448d1f5d
447169cf
4487d212
448ab7a1
445f0684
449648e9
4486de0d
44848385
44759805
448517cc
448102d2
4473e67d
4480a2c4
44703cba
4485d82e
445f8fcc
448ba49f
44891ccf
447e0f3c
447b66fa
4475bf77
44853a75
448c7bf2
444e1606
448a064b
4462f7fc
4463b6b5
44554cb0
448cb030
44808e92
447a5452
44532c70
44922ba0
4465c943
4487bbce
448a3414
4444b4df
44877696
448161d4
448cc6b7
44849ef5
4497925b
44b4595a
4479fff7
446896ff
4492ec21
44645e8c
449e6ddb
448845d9
446625dd
44862f25
448e2b3d
448376cb
446df776
4470d0e9
4476496c
44a1d2a8
44a554df
445e2d14
4487fd5c
444dddfa
4459cde7
449493f1
44871983
448adf6d
449233c7
449a1b99
445238b8
446b7c6f
445b60f5
4491b474
449970df
443d053a
446f1cd5
44828972
4463459f
4493d5e3
446e4ad9
4487ddf5
449510b8
448fb2f8
44b07cac
44721cfa
4485aff9
44653259
445296e2
4483b1b3
4489687a
44808232
4494618f
447e35fd
4490ae59
44569a7c
448386a3
44951fc7
444a0427
44762771
4477509d
4458dbfb
4489ca86
446cf98a
4480d31c
447c3c73
447cc46b
44902e16
447e20e3
4481bde1
4479ee1f
447a79ab
44713733
44816b0f
4469dd7b
44941a84
4463c22d
444b5f3d
4478fde0
448174c1
44624409
443013e4
448695d0
4452ea29
447cec23
446f784c
448287e0
44840ce0
448e9071
4494c16f
44890009
44918c0c
447f8c7d
446e7dd1
4493a5c4
448b109c
445f4b21
4495680e
447333c4
449f40c9
4481992a
4469d437
446dd1fe
4457fa44
4489b256
4436ccfc
447b7803
448a8406
445f36b8
447ba989
44792fe4
448b82d0
4481efa2
44a88893
445c9368
445889be
446d12a9
44851565
4473a138
447d0786
4457be6e
447dadfc
4488ed6b
446cf2cb
448ee14a
4485e701
448d547a
444362d4
445bd1d9
44a37cd0
4482fc70
4439f2a8
446cd070
446ca092
44a1dce0
443b3987
448be313
4468a408
4483e26c
44a1d232
446a529d
4476545a
448903c2
446f5a08
447c52d3
4466715e
4471ba8a
4484dde7
44738a6a
44859bc2
44567697
4482a2a4
4471d66a
448187ff
4488cae3
448a88a3
447b3429
4451ed5d
44b20c45
4470af07
4476b707
44888243
445fab7e
4486dc4f
446da6d8
448bbe33
449a1ce2
445c1fbb
448db15b
447c4c53
448edef2
44905669
44454a48
44550da3
4447b61d
44650dae
449e102e
4459c383
4481bf4b
446ded7c
448194ea
4492b765
445445ae
44782c21
44833bec
449810f9
44933339
4453f0b9
448c755b
44703cba
448a4066
44ae6986
445dc98f
448d04c1
44851ab4
4481f127
448f2b4b
4440a8f2
447dc62c
4485349b
446c14b5
4495cab6
4480ef08
44a2c1a9
448b5ebe
445760c2
44947e07
445e4c6f
448eea04
4475d0a8
447ecc2c
4458548d
44869cdb
44b3dcff
44612a6c
44896f29
446e8796
446caa9d
44945f31
4487a32e
44812036
44804df1
448b8a94
4489f659
449ef285
44a2c976
44693c4b
446e5380
447a219c
443c33dc
447c8f90
4494fb16
446a58c2
44608ecc
442ca811
447dd491
4492c23e
4470962d
448d8728
444e9d7c
446f48be
4486a060
4444b01a
446dec31
448d2d6a
44479e9c
445ec09f
4480f217
4467792a
4457179f
446240a0
4497b58c
44563577
449842da
447e4b9e
44655903
446b8fc3
44625467
44af7744
448e27e6
4490a5b6
44907578
445dbc52
44569552
448f6ad5
445bfb4d
44884fc8
44943419
449aeb60
44766cfb
449a86ab
4494c341
445c292e
449a3ff7
446e4c4e
449bee2e
449eae2c
444ac686
44a5eb8d
447c88cf
44841aac
449c0fd0
447c1722
44a400b0
446fbf15
4490e3d8
44984914
44b10613
445aca4a
448c7cfc
449216d5
44844b6a
4497934e
44859766
44863d42
4487ab47
44888442
449a019a
44836235
4499f973
44a7dff4
4460c6e6
44888a95
4481899b
447e378c
44a51180
449106a5
44a32328
449b7f29
4498f332
4481929d
445b936e
44897cc7
44927714
447f1465
448aa1f8
447ee7fb
44a0a25d
448f01db
4499573f
4496b08c
44795f68
44bbab1d
447d8d8b
44836ddb
44726cbf
447619a2
44a179ac
4459cd95
4486874d
448c25af
4489369f
44ad0879
446f3e02
448ae967
446ce319
44830512
448cd6a7
444ca0f3
4478ae56
4473699c
4465e2bd
44adc84c
447a75da
4487dc0e
449a5381
448fc0e0
44a5e931
444c11f5
4486a12c
449dab81
447ee210
449a2050
44898fe6
44820ee2
44828929
447814d3
4495ff05
448614eb
447c8bd2
449b125f
4465b07c
4499e005
44877dcf
449133d5
4483ddac
448284b6
4495962e
4458b3e5
44983b64
446b8c7b
44623f38
449fa42a
445ce3b0
447424fc
44955500
447c6332
448113cd
44797a8b
448c3d9c
44868d31
448d97c6
44aa427f
442870dc
4487fd30
44740e5c
448f2e23
448c0789
4497e709
4498e30b
4488ace4
44745067
44c066e1
44697f73
448c2a11
448d83ca
448a8983
449c6747
448b0d4d
447e3dd8
4452b26e
444e456a
446ffd09
4483d0c0
4474ee4f
448ba6ac
448984f2
448cb14c
4484dc27
446fe2b6
44a74696
447d045e
449f9324
449cf169
44a82356
448b10ac
4481dc9c
44953853
4484ee6c
448e24ae
447163dd
44a3e3af
445e1268
448559b1
4495ee54
447ad234
449db2c5
4487ee47
4486c6a0
4496e432
448ab452
44a28d6a
446ba20f
4491e27a
44a568dd
4496dabc
44b6efb7
4471e660
449d8906
4495be11
4473509c
44b0ca39
447e46ee
44836e2f
4465e363
446975a3
44a50000
449fb10a
446af8fe
44835142
4487dd12
448bb8b2
445001a2
448da4e0
44897b22
4486ed80
4475decc
449192fd
448d79ec
44a8c9a6
44877f70
4488a2ca
44852d84
44a7a47f
44aa4565
444ca7be
44a3ad86
44860e06
449b1647
44b8ffb3
449535b6
44a7845e
4475e5a9
4487bd78
44a4d8c9
446e147e
44ab6e9f
445d822c
44a08828
44a89cc2
448ec70e
449af8c8
4472a151
449d376a
448dc334
4482eebd
448f1cbf
4479fbfd
44a22f2d
447e2fa1
446d2cdb
449a1977
4468ee27
44971d76
44981c8b
4459197e
4490269a
4484b83b
44729161
4498246a
4484abe5
448066fc
44682c44
44a4efda
44769034
445226a2
449069ea
44966215
448d6e3f
44957237
4497427a
447a1cda
4479f4a9
44895426
449b03da
44826926
44b2f31a
448ec742
44916eea
4479530c
448dcafc
44996a77
44875a76
4498c6b6
448cf9cd
44663f2a
44a68e12
447a5a68
447284ea
448c415f
4467313e
44be58f4
4469a37a
4464947c
4490244d
447a4c40
44ab8429
444ceaf6
449a6632
449c57f6
448fb928
44626062
4460ad5e
44823ca1
4438ac7e
4478a78a
444b1c53
44587ba5
446f660b
445260a6
4490a239
446ba4ba
444c89e6
4447cef7
447f0b41
448cc9bb
448dfe06
445c7e91
448917ee
4470dabc
445f6585
448e9431
4462a268
448d2ec3
44759309
44971770
44562a9c
445c32be
448383a8
448608fd
4480d72a
448a51a9
44761620
446dfc10
449115dc
44bcab22
44886843
4468fef4
44774c3a
44463f48
44680a16
447893ca
446b764c
445b993d
44046cc2
448f58f8
4464d581
44875d07
44832207
44597230
44803bc5
44815cb5
4460289c
44883a31
443d903c
44772f07
4471608f
4470094f
448eb897
448a4247
446f1f8d
4480572e
44936ee7
4486d276
446aa909
44550915
448e5b5d
4459dbf9
44845c09
446dfe7b
44886d2a
4479cefb
4490645a
44751f67
444f87b5
4456c477
4478be42
448356f1
445560e3
447af288
4490277c
447498a0
448735a1
446db9c6
4462efbe
448d551a
44516a22
445a55b8
447b97cf
4438f770
4454ac89
449647cb
443ea9ab
445dfd5b
447314f6
448a4666
444e4b83
445f24ec
447397e6
445c3fdc
44352d13
4483cf00
4450bbef
4460296a
447806c6
44932dae
44828174
44706d8a
448d16ae
443ae492
44abe254
44678f7d
4476b56e
44875558
4482df28
4463f6f2
44749397
4491e5c6
445d0844
44780421
4483a32a
4480472b
44739664
4465214c
4444d7a9
447e4792
44804218
4478f6a0
447a4c25
445b453b
448606b4
445306fc
443bab45
4466c262
447f8324
44801e46
4445c370
44704b83
4443ab07
44433e25
44625756
4448a600
4477d79a
44558d31
4462796d
44548f3e
4448fd34
4451d3a2
4465ccf5
448f3714
447a1b3a
44696bcb
4480a1da
44509e28
445d6d8b
4470b9d4
445b72b4
4493ee43
4459af57
44622085
445ab91a
443829f1
4494cdc8
447f8d1a
4462ce45
4457b500
44494cd6
443d36cd
443ca248
443b9ac6
444ef84f
44700f07
444e13af
443665dd
448ac41c
44773aae
44753196
446bbcb6
446b7932
44611625
4489be52
442cf99b
44675462
443fc626
447e0dc9
445ff000
446da431
445353b4
446bdce1
44709bea
44898842
44453a89
4479397a
443f6e52
4476828f
445e281d
44790627
4481df02
445a2aec
4483742f
4449d607
44339d2b
448363b5
44655ab5
44863493
4448018d
443451fc
44728920
442ec3ff
4437f7d2
446baafb
444b447c
443af5e7
4487912e
447b5080
44691031
445ce563
443593e4
446b41d0
449183b7
4431f4ac
441cccac
4446e09d
4455f214
4470a602
4477fc98
4479dfae
4443e1f9
4458258c
445d07f1
445d3f4f
4458a3a6
448719e9
444d347a
448f089a
443d2d0b
44840add
44487c4e
444c8aa4
44916268
445b9852
444134b3
443ed85e
444ef940
44546313
44696176
44795a7c
4494f1e5
444c9e46
446bf1a6
444d29d7
44568b66
44579bb8
4451431c
448bfd3d
4462253a
4472d29b
447dc1a0
44b3169d
444ec743
44809e3e
446e8d14
446a3e8a
446bc220
443a1fdd
4483e688
4469e244
4454f9f5
4492557d
4462a6d3
448cfe9f
445041a5
446539ff
44a1ba90
44574a57
446857f2
445bf4c4
448590d8
44a4a811
44568730
4495592e
44662278
4448fe2b
449cf48b
443d0f82
4488dadf
445594df
443752f1
44611ae5
446cf84f
4480e71b
445c3653
4449981e
448fe2e8
44596108
44867fd1
446e73cf
4482b03e
449f6a5d
445bc670
44326d4c
4448e355
445b9dc7
44aa6905
447503cd
4489c994
445ff8c3
4477d01f
4496d194
44517765
447329cd
446ce199
4476463b
449437f1
4483367c
448c8d81
443e8785
446fe301
44ba7e72
443e8c0f
448ab7a3
444033d7
4487d679
44acd46d
448a39d6
4469266c
44679be2
444d2301
44844031
442a71c8
446214cb
443d177c
447ffc3a
448482b9
4442c28b
445c97c9
445f890f
444f0ddd
4491091f
443ce0df
445ede4e
448dde3a
44560e48
448f3bfa
44491028
4440ac16
4452605f
449a3a15
44850a3e
446c11b4
4450f5e2
4481e800
445cc164
44910166
447e7325
44569f88
443a9988
4461e433
44a34ca6
441fefee
448ca4b0
44812179
446b4173
448491cb
445ef45e
447206ee
4484081a
44815eb0
44972a5d
444da20c
448bd9a1
444a05de
44498ee0
44971bd8
4464e153
449b53f5
444a63a8
443cacd8
44969c71
444e8177
4484f9aa
4480ef8f
44734c37
449ac493
447a1f09
44847e66
44887fde
4491d755
446dec92
449fc95b
4485d036
447c13e4
448d1f8c
445aaacd
446c9aa4
4492c1d6
443640f8
448f7e2f
448639a5
444dd929
44a04cda
445f4d3f
448d55ef
447219cb
447c5d4a
446c6e21
4481d430
44a6f2b2
4493b2f3
447ce7af
4486c450
447c684c
44aae57c
4490dcb3
4484f2b9
448950a6
44594bd0
447f20de
4485c09e
44930c2a
4491965d
447cb751
4491230d
44556cda
447ac275
4473ba71
4482fcc1
449f83b9
4469db57
449286b5
447a7c77
448e971a
4491f2c6
4461da52
446ebb20
448d2766
448ff55e
448a8a74
447a8c3e
4461d7ac
446c7c4f
447b7efe
44a840fb
44843099
4487a2af
44a236aa
446ef63e
44a5dcb3
4486a38b
44a3fdd6
4493dcd8
4462bcf8
449c9dc2
445392cd
4462c117
44873695
4454c3c3
4487582c
4491764a
4474fe88
44738880
44462cbe
44991db0
4476612e
447612b5
44568fec
44744824
448f447b
447245ca
44994305
44389ca6
444c8374
44b9de6b
4442d8b8
4489e83a
449006d1
446d309c
445867cf
4475491e
447230b9
4485efee
4468176a
44a49966
44671986
44854da6
4474db96
445f29e4
4488a6d0
449005fb
4470dc9c
4493c6ad
44712fbe
44c7ea02
44654f13
44888452
44965f04
44914475
4475f550
4479cb41
44817684
4472c64b
444881e9
4486da30
44835824
447ff5e0
447931e1
446cfb62
4497d69e
447e57dd
448a709e
449097e4
447c0ed7
44a1520b
4468641b
445c4cb3
4444d7d5
4467c628
4485f0cb
445f8cf3
4437041b
441dc91c
4496b4af
44497535
447c58d3
444b27a5
44508544
44932e7b
4442472f
44704ba8
445a0256
4481b12f
4480c7bc
445f6be4
4485e096
445d1f4f
4484c325
44954582
446848b6
4458601d
44478f13
444d4074
448a1c4b
4478f74e
44520aad
4435b5b5
447f697c
447c6bb9
445fc96f
44356b3f
447aa52b
443e12b8
4465c84a
44558661
445633ab
4447ed1c
4444e1c8
44499110
4455b39c
44445fd6
447340fd
4472af30
4419d676
443139f1
4455681a
44325812
44566a81
44677268
4462573a
448f6ebd
4464e992
445c2d24
446dda9f
445f2d42
446abb98
445f6ae6
446db724
44550d43
4462c1a9
44818a7d
44622e22
445fd763
4474078d
44773210
448952f5
4448f800
442f66cb
44643235
44279eea
44620b7a
4437bfac
441b5db3
44806e7f
44355950
444eb4b9
4443e106
444462c9
445f58f4
4488f9af
44487b01
442a6c4f
445f9d40
445dc9e6
44588ffb
44911ad3
444acbc8
445d8e12
445d843e
442cdf87
4454d502
443636f5
44541443
445e46f6
441df7f8
447f4db7
44625023
443f9940
4486178d
4435adcd
446c3265
444c7d60
4452ea88
444c7c29
4478a110
447a31cb
4474009f
446dacfa
44814530
44258b25
443cff2c
4473f0bf
4441ffe5
449739b8
4442bd5b
445d64cb
4446c229
443efe42
445efd22
445a3d53
446e6e63
4447da7e
4447e834
44716750
44a4a6a0
4466eb0d
446c5848
448c0742
446771c9
447890b0
44764736
448c87e7
44971b17
4468fbb4
44826d5e
44823752
447d2585
449e3ed5
448dcbd8
44818acc
447f2f8e
44881f3e
4489298d
44822b44
44867e50
447af65d
44997a22
44a4ae0d
447ca209
44674317
449284d0
448ea24c
44a1e46b
4480891c
445885fd
448af0d4
4496b8d1
44b4af08
4475ecc0
4477c7c1
4474bdce
44792ebe
4492ef4a
44527325
44770e81
4494001e
446cc1aa
448ce6f3
4469e143
44ab4e87
448049b1
447395ef
44aaa01b
4484fa4c
4469be0e
447229b8
44759311
44811390
447fff43
4496edd3
448b8781
4479aeca
4493d939
44584dc5
4496e90c
4485ea4c
445da5fe
4495fdd4
44947e14
4478af67
449bab01
4499a9f3
445f1b0e
4485e227
449938ee
44835616
447bf647
44939a46
4466afbc
446c1bec
447b303e
448a6a70
44682e85
44809f3b
448319f5
446a91d0
446b73ea
44b5550f
446dee89
446cdba0
44732619
4425cbe9
4487145d
448fdbf7
448b90ec
4456ab24
446aac04
448b2a5c
446c84db
448ca80b
4489891b
443f92ce
44893f88
44570bee
44802417
446da768
449398cb
449bc060
448b254e
446ff3aa
44a00721
4437d059
449d9d8a
44959af2
4488023e
44676f14
446f69ea
44955c86
445e6ab3
4482ccba
4462fbd3
449f225d
4468cb42
4451ea1d
4476fb89
444375ee
448dff9c
44a7dada
448d0c18
447243c9
44661a50
44927cce
44888a7e
44873be7
446a0841
4486254a
447168ab
446307bd
449069ec
449b6371
44866680
448caae3
4481ec49
44871c74
44625e8a
44764e69
4494fd0b
444be13d
44822822
448bebf0
446067c8
449afa03
44852ae5
448cbbd4
448dfd08
44623478
44a1402a
447847dd
44a2a547
44953b00
444bf897
447e51a9
4440a16b
44664570
4486d87e
449a5807
448beb94
4471fbb2
44819842
4455519a
445b904c
44761f40
445cfca2
449593ae
443c5718
446f9e24
44950443
44969156
447803fc
4483c8bf
445b9bd7
448c6c4d
4473d91b
4478941a
4473bed6
4430be84
44916e8e
4479b341
44a461ee
4477c835
4470fe6a
449163b8
44865418
44998ed4
449a62d1
447d826a
448d9f5b
4452c707
449b1b34
4477239e
448745b3
448e19e7
445750e6
4468429d
4479fa22
44688fd6
448a756a
445a6596
4485ec62
4448bad2
4491b6d2
4494cc1f
44853964
44846b3c
44428e70
448af44a
44559c84
44698359
44964349
448a7cfb
4463ccec
449055ab
44424f96
4451a0fa
4453aa25
4464c5e9
4482e782
447fe53f
4487c9b2
44540736
44599021
44a09a28
4487f044
447d54af
448449fc
4423f075
448e6058
44473c0c
449c9d94
448646f1
445e5bd8
449407ab
44513e46
446128e5
446b3a5e
448b310e
447b905a
446f7383
448633aa
4485a50d
44675a52
44927af7
4458d710
447569a4
4479102c
4483a1a1
448dcbfc
44631ce2
4499539c
447bb8a5
448d8502
4483b76a
444775ec
4468b1b2
4471401b
448f03eb
4440770c
4480c9b5
4466a6b5
4458abe3
448ee28a
44463f2d
448f7f62
447b9a97
445efd81
4485ecf1
4452d60a
4447b61a
4475aa3e
447582d0
44942fee
447b3f00
446b4d8d
4480481f
445b788e
444e663c
4462fbc2
447aab30
445e2dfc
44470b71
443bf170
4464db78
448c0ef2
448a43c7
444fc9f8
4492f5d9
44513c5a
445f321e
444ff95d
447c0d74
4491ac48
4458ab17
446163a6
44828220
44596cfc
44ae0f10
444172ce
44617bf4
4474063f
4456ae03
448533ef
4464efeb
447a444b
443d3e7d
44505e75
4480dee0
4488b691
44714161
44778ac8
4482f2b7
44a2571f
447f4be8
448cf53d
4488c7cb
448ba31b
4487b93b
44816966
44845b7b
4464e034
445393b3
4465e56b
444f1552
44512063
446cd5b6
446d7690
44804590
4463e124
4461c869
44860622
445d7398
446bac09
446272b9
447961c9
447713c2
446a66f5
44863988
44567e1b
4458c822
44363b8a
448619e2
44688b88
441929cc
444eb793
446ae546
443f2928
448cd3bf
446b3d8b
44551d06
44508747
4443dee2
4474ff2f
445fb0bc
4495b842
4464b7c6
446751c9
44926b26
446fd3d9
442c0ea2
44728b39
4472670e
4461443d
44765f2f
448c6640
448b0172
4442b9d4
44943ec2
444ea5a0
447b14c6
44658948
4473756d
449000eb
4448e822
44670fa2
448aa252
4467c9a0
44943b67
44456757
445345b5
449437bc
4492b27b
44616327
44590d16
445cd23e
443ead79
4481cbcb
444a5e31
4446d608
44273dbd
445ed962
446f4f78
446bb381
445f2b28
448844e7
4450e1fe
44583b12
445aa419
4477e544
448558e9
4464a150
4482f132
44489042
44591f31
4460596b
44496651
446d57c8
44980a50
44284077
448e2520
447204a4
4435432c
4491f1ec
44705985
4487feab
445d3ab1
44969e95
441ff509
446c498e
446208e2
4453c6e3
4480a097
44208647
445b6748
44651e48
446e4da8
44816230
44236de6
44815e37
44411568
447cf742
446a0aff
44628e7c
44237db9
4441c83f
443663aa
44933807
44471e8c
445cd1c4
4478cd10
446e3ffd
4467cf40
443daa2c
444e525f
44701d15
4456e322
444ffc0a
44814761
44255472
447784ee
445518e4
4467b042
4481fdbe
446f7330
44816e5e
443c7229
448565eb
4465780b
445f48eb
445cdb81
44282da0
44533814
443a5d89
448419e4
446ffad0
44302bc9
4478c9bf
4444a970
44610b63
448bca6a
44536377
443293bd
44648526
4480023a
44504d19
444bf9fc
447a8269
442c3bdf
44630683
445464a8
445f7c4d
447e85a2
445c2f31
4451dc66
44840c65
445bf38e
4492550b
445cc211
4455be0e
448f47ec
4482ea52
445fc9de
4451d616
44746216
4461e208
4423f710
446feef6
447f916b
445f77e4
44684f45
447a86ed
44406ca1
4440ce78
44577a00
44682dce
4464d6fc
446caee3
4493113b
449a10d7
44929222
44871a02
443cc665
446d8698
44560631
444f60a4
4491e6ce
4445bfae
4451626c
446d7cc1
44768c13
44a0b994
447db399
448c3852
44733bdd
447c11a9
448320e5
4444f65b
44880396
448a4a41
446aa3db
4489330a
4461d100
4475ae44
448691d4
446d9ef6
44baacd6
444e7310
445f558b
446c40e8
4472ea6c
44a05459
44843cc5
44504c62
4438f950
44823d16
4489525c
4433058c
44715f38
44826248
44876120
446d8781
4469368a
4470c8ba
4470d65c
445978ab
446964ce
447c8616
4477c0d7
44621586
4470a805
449ebef8
44311174
4483745a
44979558
447ef704
4471ea5b
445ec060
44894ed6
4460d4e6
4460630d
44a6b7a4
444b0261
44827eb3
449a6066
447ae5db
448478fe
4461b8dd
4472bb4b
4450bd94
444bb110
4485fb3b
44407d88
44807795
444e8002
44698eea
448e28a9
445f9247
4450cc36
4448febc
44632bd0
447ee165
4455ea7b
447a5620
4472c961
448e5b0f
44802df5
44581ce2
44955fba
445bfca5
44617862
4460d90e
4477974d
445f1100
4491d137
4489332b
44866ba0
443333d8
44639c54
4486dc9c
44631f1a
449551ae
4456f5f8
4488de57
445bbbd8
449577ff
448a958e
445e7f5f
44977d29
448902b5
4451eed3
44948b9d
445b8597
444e9641
444eee0f
44883c70
44b17f35
442928ee
445d092d
44812a3e
4451be1c
4498f5de
444a3a34
44731e88
448509ce
447a6be6
4467a480
4494c9a7
44a1b43e
44818172
44a7eb4a
446c04ae
448ef4fe
44791d76
44866272
44ad9174
445dc8ae
44811ede
4486299d
448f455d
449e89bd
448b7658
44a50c86
4478fb2e
44821391
449d80df
446ee2dc
44989cbc
4496120f
44862de8
4494e3f5
445e5b58
4490136e
447e7d45
44831860
4497487f
4466142f
44849248
44866af1
448d0f02
44b31358
446d2360
44957994
449ce615
4476ad61
44993018
447e3272
4476107f
44845f7b
4466e2ec
449486e6
4474ff22
44a852de
448b0a7b
444a98e1
44b693cf
44794be0
4489835e
4479c783
44831ad1
447ad225
4457c332
448ddfbe
449edc4f
4496f9ca
4498c64d
44651d6a
44935f9c
4476edf9
445ea3b9
44a0dd00
447350b4
448e26c0
447d6a97
449dbc55
44902090
4486c5a4
4488428a
448b0b28
447c1491
449f466a
4481dbd7
447d060a
44710097
448736f2
4491d60c
446c3405
4492bad4
44746af9
446cc395
44a9e6ac
4481cd95
44693408
445cf837
445a55d3
4498eef6
449aa81e
4480380c
446e3994
4487c952
44974aeb
444c3b52
44906448
448a6bd4
444c1552
447a7645
44899d7e
4494c124
446ad3e0
449149e9
44897dce
4490e087
448060b8
44ac757e
44451b59
44a512b8
448e8c19
448427a2
44863313
448aa458
448fc0da
4476956e
44aec0ff
44580a26
449e1efd
449d476f
4463109a
448f8efc
445f7f9e
448d17c0
44bbcd20
448818ea
44851c68
44954e39
44856326
447f19ff
4463f240
44855ab7
446d466e
4476ace2
4446301b
445f2cdf
447395c6
4454a555
448f5e4a
44833d68
4472b2e6
448704ba
4467aefd
4488b904
4460f654
445307dc
4487f47e
4439332a
4487ee59
4472c7c3
446bd16a
44868810
447587b0
447c0744
448c6eb0
4481f96f
44905a2e
4450f6c7
447366c0
44546b68
44561af6
44976e2b
4485bda7
446b34de
4452a076
448d1c4e
44863b9f
4454e944
4478baff
446204c2
44975d48
44875ea6
4484a5f7
448acf86
44865bf1
44797f12
4480b792
4438984b
44713aa1
448cf6c4
446f0fa6
4481f80d
44585dd5
449bf5a9
44802e09
4474cf4e
447ae687
444ac690
44906c2b
4483da65
4482ff8a
44871627
4434052b
44a16381
448c74d3
449aa9a8
4499b1ff
446a57e9
4491cd98
4442609a
4461e5e4
4478fa7c
446b5285
44907b53
447d830f
4465b51e
4483fed9
444f3cf8
4476ad9c
447357d6
44794826
44871a9f
447134ef
443239be
446a65ec
44816257
447ccf08
44565264
448edf61
4451cfe1
4445940a
447e5eac
44686b85
445c3f36
447d7757
448c64c1
443c725b
442e3139
448f1aa0
446725bc
445a6c0f
4491002e
444b3f3b
448ed2e7
4465a9de
4484915d
4481658f
447219c1
44a29494
4464a3e2
446a8084
4494cdb2
445538d5
44250684
445d7636
44793e15
44ab2007
445025aa
445b5f57
444885f7
445b3b9b
448be2f0
44686307
449ac1fa
4481bf4b
44812bf3
44469202
44a66c14
4496955f
44755a9b
4465af55
4443e447
448b7b40
4452844d
445fa1c4
44965f7b
4432e92c
449852a2
44818c4a
448f5a3a
449db590
448166db
447570f8
4475199f
448de1fe
447de326
446d3acf
44b37ac6
445bd54d
44879a0d
4485778c
445481dd
449999ce
4462fed8
44846ec9
4481808a
445dbdb8
44982209
4470a99d
447a4174
44afbb0d
4461b45a
448da60c
447c6758
446ee046
446f418f
445e9c93
448c6266
4468ebd1
44551153
448482ce
44656c1e
44c022b8
44691d32
446b4e67
448c14bb
445e7173
448a5c13
445f616d
44876dfb
44834dc2
44356fc8
4498e3d3
448fba89
4493ecee
447a6645
44490545
44967a5c
446edaec
4481b950
44591946
44769b06
44af2132
447997b5
44962314
444ac1a7
4467bd99
44ab2de1
443a4005
4487ce74
4459d040
445eef5b
449a7104
4474f090
448192ef
449667c3
44835be7
449656d2
44610d6b
4470376d
449a5e19
4444b52d
448d0f8a
4475930f
449382c0
44994edb
447888a4
445c6931
445dbeba
448060a6
44910a54
444a1aa3
44a01aa2
445c2642
4466d006
446ac63d
448f3d46
449d9b8e
4456f7cc
445c346e
44883563
44800196
448aaeca
448d8883
445316c9
44850c2e
44935987
448dc8bb
4454a99a
449d0bdf
449769ec
4468ac8c
4482c96b
44866750
44a23856
44919cb9
44565482
448255b1
4472fa42
447905d4
4489f32a
44769a55
4481fb4a
44885901
44921b86
448ee5cb
449f9b8c
44559272
44857229
446ad158
44642dd2
447f17e8
44645afd
4480d280
4480e258
447f23e8
44851a40
44888556
44781396
4492c524
444cc2ba
444f1417
446596d4
448076e9
448e06f7
446fae0e
4487f0fd
446fad0a
44859918
448073f7
4466ffc2
4463ad51
448c592f
444daec8
44919150
4453d7b0
44831b44
4486d3a0
448fe357
4495c0d8
447850be
448fc749
4440bfbb
44593288
447964ba
4480dbfc
4495bf04
444b4a98
44863f92
44874285
448ff8b4
4480450f
446d9a1d
445e3f31
444df441
4487cb3b
445ec35b
4468b460
44637ce4
4480afc1
4471b220
446be108
447f6f61
44856242
4495a120
44859547
448c747a
446b3bbc
4456ca20
44901771
446f99d8
4485be79
448a7be0
445c214b
4492e618
44890878
447cf9ae
44733128
4450baec
448d65c1
443992d4
4461c9cb
44547d4e
444081e8
44748ac2
443f2195
4474e84f
44786554
4472eb0e
444cc7b5
444b67fb
44816c05
44434f7d
4454b30a
449c73dd
4458933d
44680e4d
444af7f8
447d0e4d
446f726e
4470c2d9
446afb3e
444b61af
4468fb61
4487dea0
446d48eb
447f259e
44888910
4489bd0a
448f41e3
4466a98f
44a1ad00
4463f0e6
44812fa5
44a115cf
448a66ec
4486318d
4456005c
4470e2a0
4479731d
44492d72
4482d2a2
4490555e
4465fd74
4451bc3f
4455f9b6
44722a69
446d6a58
4439e244
449385eb
44590284
44810c71
449736cc
449abe18
4480bbc4
44a308bb
4476bea0
44819db7
448bcd2c
448d4f14
44accf01
448bcb3f
447879de
448f6bd1
446a0107
44a91f02
44851c37
4491c8eb
4480a1f4
4491cb7f
44acbb00
44817604
44a8d062
44863b70
44972ce6
448c0367
4499f565
4492a932
44925406
4459ab5f
44c739f9
44882a57
446bd2d1
448e455b
44833d12
44bacb89
4499f3dc
446bb48a
4474e689
44778e8e
447098c0
446f9c7b
44874d61
447f477c
448b86a9
44826d6c
449757de
4483f108
44b1255a
449d2b62
44988bab
447cbb3a
447eeca0
4494f1c4
448c4441
44991f80
4469f34e
4483d425
44916897
44933b9a
4490d358
447c5b46
4499c452
44993e17
44816530
449bf836
44741d8c
449a8033
449fbcce
4481525f
44c75bb2
44841338
448871ff
4481ab47
448487f7
449bc35e
4487923e
449fe8cd
448de9f8
4475502e
44b39885
44990af9
44763730
4482589f
4474ae73
449b1a23
448f44ff
447bb2a7
447cd500
44848a36
44aad9bc
445b518a
449e061e
4475918c
444c77c8
448c478a
44989208
445110fe
44894ec8
448fd3ba
4453da98
4476116a
44909a3b
4485dc9f
448b8636
44a55a9d
448b1e38
449679b1
44683efe
448f71dc
44911852
4484ceef
448408a7
4479be7d
4480ef65
44cd5f91
446ca0fa
4456cc8d
4471e15f
4457e662
44bb0d58
44792ebe
44919bcf
44844364
447f77d7
44a3ccb2
449a6e62
448caa04
44849f8c
448fdde7
4481d4d2
44716081
4469aeeb
442c9e49
449494d5
44740080
447be6db
4483e69a
4488812a
444ec682
44743821
4462e49e
448509d9
4450675b
44671080
448b39c3
445bc364
4488bd97
446d3f7b
4474c5ab
448038d4
448e6893
4493753c
44935fcf
44753a68
446bff6e
44509235
449af86f
448fb9db
4470e4ab
446989a3
44498bab
446d0d2c
448121dc
448af4ef
4475ff06
4462cd2e
44905887
4441bdc3
44870d05
444ee99a
44451eac
449269ec
44488f79
445a6e47
4481217c
4472421a
446ac98c
444951f2
449a47e6
44670433
447a2bb3
44881b61
4455cff7
4481bad0
4479d298
446c2da0
4496db44
446e26cf
4482825b
44811b30
449a6d92
447c470f
44789e54
4489e359
44959a7f
44690852
448fb6e2
4487dad3
44893355
448e5aca
448b0075
445c10d9
446eeaac
4488d1b8
4473ea30
44784f92
44695a93
447024f0
44853a2e
4453a3be
4491e3a9
44778c08
444cbbbd
44b83467
448d6eeb
443a9e74
448e3b01
44487afa
4482dcbd
448d3e54
44505eb6
443da560
443b1e17
448c3f01
44620c38
44771d2c
4498ecb8
44335acf
446cd4fd
4495e261
44864587
4469f3f5
4480f354
4491ea65
44831a3e
4476d078
44add239
4422939a
4494cf76
448a1697
446452f0
448e16cb
447ce057
447fbd48
4474718a
44848de9
44583e93
448c5534
4493c02c
44803526
4483b38b
4486a705
44648bc6
4496ae5a
44818c39
446ec454
4498fbd8
448f69d9
44552a38
448695c6
445ee720
445e8c7f
444c7c27
4463d30a
447fd697
4484166a
4450e5dc
4476b44f
4426b9ec
446f5a1d
4481e6c5
4454c309
446d3a07
4450546f
44928a35
4488802d
446a4eda
44311422
445407fa
44439337
44908686
44673788
4464625a
443f5de1
444bad6a
4485a3f8
444b6c61
4467cb52
442cc08e
444a1d1e
448830cc
446cb320
443d324e
4431e25b
44664c33
4443de49
444a3490
446061c7
44505431
4460c900
443bd12b
446321d4
444a7c0d
448a213f
447399c5
4454fb57
44562030
44732401
44607a0e
446cba1a
4465588a
443279d6
447a3751
44806235
446a3724
44655157
444e9e7e
449a17e8
44546c98
444c7095
446b5fbe
446609da
44828eea
446e89e3
4465f362
4496af7d
4446b698
44807ac6
444abd7a
447509ee
447b2cec
444be4bd
447543e6
44415356
445141eb
445ae909
445180da
4478c82c
4463b3dd
44502a27
4474cb1a
44806a5a
446805db
446785b4
446c8af0
44612bd6
4447f4a2
4486f40d
44442169
44280d85
44812547
444b1d1c
44481e3a
4437e0bb
445f9ed9
44206c5c
444c06e4
445758ba
447214e6
444c2885
4462a13a
444549f1
44802b53
443f7b5a
4488753e
445c40be
446b31bf
44905bd4
4447b06e
44249662
4489511f
44527cc6
44244b9c
445645dc
445c6261
448b36db
443cf752
4466a9c3
446678f4
4450990f
447ff063
44705688
44984dac
44430658
447fca46
444c85ef
44810ceb
446ec603
44188e59
44534960
44167b63
4428ea14
4438ef55
4448dcb9
442d882b
4431f5f3
444f229c
445478eb
4452e479
445824d6
442c6e8d
4470bcd0
441f42ac
442da872
445057bd
44630ea2
443d54d3
44532822
444df05d
445ecef8
44324c99
44541daa
444dcbea
44555df5
444c4fde
445ccc76
4447b89a
442a64e8
444bfab7
448744c9
443e8b4a
446c5b11
44551434
4419edb1
440f2c7f
442e64e0
4456e65c
443e8d6c
44284f4f
446c1fa5
443abcd0
44700873
440707aa
43e0df4a
44631184
443ee867
444c3dad
443995aa
444e42f1
445048fd
44268edb
446db6cf
445048f1
44476942
446fd5b4
442f9f66
448bbdde
44756896
442f7d8f
4454511d
4429744f
44784561
44661573
443f72da
442e3340
443c98f3
442403de
440b949e
44494f48
445d371f
442ee4cc
4406452e
443015f8
442b67b5
4439a045
44019afa
44713ce6
445cae63
44384fce
445f0530
443252ce
441d2ecb
445eb050
442a689e
443dc62b
4468d036
444e239f
442b278e
4443bdf9
44246f1e
442b3bef
44436fcf
44509aba
4425c68e
4432b5df
444337de
448290bb
444e3bb4
44665070
446365c8
4430e5ad
441ff1fd
4483ca50
441b0071
444b118d
443c0206
4439522e
444d5005
448112b6
4457bf57
44296e34
44733d68
44260a90
4468d478
445b3d52
443372c8
443b07fa
441c4885
444f62ad
44304e28
44393c51
446bed29
4453f60c
4480d16d
44930a5e
44a99916
4454a5f7
449164a6
4475f5c8
4492f9d2
4471be36
448c7e36
44746c20
448b76c5
444e5bfd
44a1f27c
448d642f
449de041
44a36818
448dd765
44a1c034
448a535b
447cb78f
4492f522
448709fa
4499da53
445f3d80
4494b105
4485b0f5
44883706
44979d40
447a6534
448722fb
448e9877
448289a4
448f5f4d
446d5781
44a76dfb
449059de
449a0a75
44af80a9
44645311
448ac2cb
448a5c55
448f2f77
449f04d7
443dda2a
44a6bde3
446b2997
448fde78
449b7534
447912db
448949a5
44513477
448e458f
448c96ee
448496b6
44636573
447702c8
4494b321
44c160b4
44866122
448fcc8d
44a6e50b
449a85a3
44aaf136
4481e675
4485c1a9
449d74dc
4481251e
449bd551
448c1e08
44958056
4473caa2
448484e2
449c98a2
4491058e
4489173d
4483bbf6
44888dcf
44a6a6b2
443854fe
44a4c8cc
44701c72
44954a51
448ae99e
44482b1d
4494ed16
44552ba3
4475d29b
44b2d36a
4491223a
4489debf
44a2fd00
44877602
448b8c35
4474157b
448a685d
44443ca9
4489a59a
44aa0541
4433da24
44821564
4467ac51
44883578
449b8dfa
44461780
448dac42
448763e9
44806605
44c5ff8a
445a178d
446ad348
448d05bf
449a24d2
44a3600f
449548af
449c2ccd
44893e96
4483050a
44af6545
448fc712
448a4a33
4496b4e9
447c1227
4462abf6
4485f51c
4496e0bc
4488149c
447afb3d
44b6a47a
44a33b2b
44ac620e
448e5da5
449d5e40
44604b7d
447f7f82
4489be31
447cf36e
449eae8f
44780dc1
44a02127
4497d35a
44766ccf
44c0ff9e
448a3745
44a95407
447933ca
448f154d
449b97ff
44764015
44a9720d
44abd562
44a43b89
44b76ec2
448923ba
4495e0ec
44a99696
44640503
44e7660f
44830e0d
448ec73c
4477a41a
44950d92
44afc067
4498e798
4465e0c6
44954663
446e2b67
44b07f70
44556e12
44853a73
447db046
44943e55
4482cbb4
448a2501
449a950d
449d4262
44825398
448ec50a
4482e354
44968814
448f77e2
4482f1a1
44bec5b3
4489add6
4494a631
44af27be
448c529c
449cabd1
448fa91d
449916dc
44b66222
448b6164
44afdf41
4487c377
44ac506f
44b34b48
448f4921
44b0f6c1
448abc8b
44b70eb3
447c1277
445faa73
44b74fcc
447b2859
44a3a793
44694e58
4486fb13
449c6a84
4496d53c
4486a00c
44886173
4485c7cd
449559a1
448ea932
44879490
4480e822
4485975d
449d52b6
4480c117
44b1b48b
44889338
445ef2c8
4498977a
44933666
4480dc0f
448e5dfa
449f4ab1
447e17b2
446e2b60
4492a05b
4497a329
4483e2cd
44b23460
446dce0a
44a62a77
448c7746
448c84d5
44a5bef4
4498df4f
449cfd22
449428cc
44850128
44c284a8
446f014a
448831f7
449bb4dc
448b76e1
44ddd017
447109f3
448800c8
44817f94
448114c4
449fecb8
44771be0
44a01946
44a86c2e
449c4872
446f2b54
44970055
449ad4c5
4467f52b
44883079
44860240
4494418b
448ae82b
4493cdc2
4486a9f2
445a6e5e
44830b66
448ca7b8
449bb09e
44a5eb84
44958910
44b1ab42
449fd22c
4482a506
44b1edbb
448cf575
449e1ba7
44853954
4495a480
44aa786a
4487bbd4
44881469
4499bfb3
448a879c
44a10818
446d46f2
4474c8f3
447dc84b
449fd9a8
44aff581
44842e4c
44730aee
448c2052
448fe144
4486c3e4
447338c6
446c7e30
44a66e3d
4486f514
4475c830
447df8f6
44b6d8ba
44995330
447b014d
4494a1f2
44872ec1
44836176
4486a8d3
447062c5
44826c8c
44949c46
449ee9b6
44a5db6f
449d6114
44a099be
447ae68e
44ac0c34
448f5527
4475e7c1
4499bf19
449910ec
448a70e7
44acd562
44967970
449e1260
448646de
44a2824c
448dcbd3
447887b6
449a7472
449008dc
448820e5
44864d1b
44867691
44910949
44853840
44888bed
449800b8
446c2cd0
44d724a4
446e061f
448ec8c5
448cd6ff
44820d72
44946980
448c4b3d
4493976a
44708b22
447eda36
449bdc25
44798470
447a5add
4496f2b7
444b5ab5
449bf9e7
44866cf0
449783ff
448d7e10
449b71a5
44a691c2
44868324
4479c018
44a7d5e0
44507dc0
44a28b3e
4496c901
4495d7b2
448f26ad
447b4832
446db761
44613f2f
44926c1d
4499ee66
44a9484f
44a84092
447b434a
4485975a
44847fc8
4481c5db
44a62c3c
448e4709
44980c66
4494ca10
447e0796
446ae268
4486ce82
4461d848
44801236
4483e0ce
445b2b02
442bf4b5
44675ff1
44427250
4476dfa9
44544b96
443ced48
44749797
44813c32
44774f26
445afe57
446e258a
447b0cd9
444e6287
44902e45
4482b3ea
448d6da5
4467404e
444c8a0b
448aac36
444d1868
44905258
4495c132
443552e8
449c0217
44324494
4459c93a
448455ce
446f38c8
449fecd4
4459092e
44766e68
443a46c9
4429e405
4485d677
445c6d46
447fe4aa
445ab9e7
443140fa
449c316a
447bf174
44673dde
4458afe9
445eac27
44889078
445f214a
444ac2f6
44744c0a
441bb8d8
44818862
44706083
449ee636
44753ea0
44867dac
449a4463
44728cf5
44820586
44a1d494
4466bd54
448c5eac
4490ca9a
448bdd1a
44707ae4
446aec8a
449b07d8
443e97ea
44829126
448244f7
447e1eea
44a1dce0
4449af47
445d0540
44860330
446929f6
4468513d
4450dc4e
44849c7e
446c6467
447e2c16
447a02bf
44481726
4468fe11
4414b861
445e7ed9
44afc0ef
443107ad
4437631a
44558396
44638975
446cf9e5
444a7f6c
44959b1c
4441bb17
443cc77d
4463fa0a
443c5748
448b3a6c
44885eb5
444b7379
448e83f9
4460a114
44926f8b
4480eaf7
44677b99
449707b4
44831f30
4472444d
44601cbb
44419036
4463ec8b
4465c7d3
44813223
44846f1a
4445ee69
4470fe14
445dda42
4461ff92
4471d937
445bc13a
44987f6c
44665c83
4470a5e2
448dc0d2
44a445c6
448fd26f
4488de72
447e6815
4482489d
4471e982
446e9ff9
448c2d69
448999d6
448148b2
44725a08
4482df68
4489821f
44889019
447aa79e
44837598
445b94a4
44664d16
4487fd7e
4487c4d2
44a5f36a
4481b7b3
44927bea
44971e2a
4487f998
448e56a9
446603e6
4492be24
4480d947
448c979c
448950d3
4495231b
44938d23
449dedfa
44639771
448e06ea
448c3b60
4475147f
444dd8bf
44842a27
44882e0b
4475aa76
44300279
448d12a3
44839795
44b55e45
4480d0cb
4487cca1
44690cc6
447a5ada
449e5c20
4482040d
448608f8
445cb3b6
449d08ca
4489076d
44834bfa
448be5cc
4463d313
448824af
44a2838e
44818a58
449d9b5b
445e8e50
44a9d8dd
44ac862c
448df9df
448ff156
44565152
443aef4b
4477d194
447171f3
448c0211
448a9758
448c6bc9
4499b22f
4446c465
44826ec8
44802aaa
4486328c
44923854
4463c1ec
448c984b
4498143e
44842df9
4487f1fe
448f4b4d
448b861b
4452004c
44993496
4481c7ca
446ce653
44638d26
44859445
44778f7f
44962f71
448b769f
4484c0bd
44552576
44724def
44afe3a1
44828f3a
447e0234
449533b0
44813f72
44871326
44916e34
446c39a8
449a69aa
449f19be
4499df2d
44944557
448ca710
44812cfe
443d5939
4493117c
4488c44d
449b4ddd
44964e43
4479e33b
448e9ff8
448d1746
448e92a8
445f14d6
4481f062
44a8ef90
448d0b1b
4483403a
449247a2
449e9568
44806e5d
448ce5f5
447acdd0
44842307
448a3b95
4485d4cf
446f637d
446514dc
4442556a
44849713
448e4e33
4444a165
447645bb
44815776
449ae5ca
447e22db
447a5729
44674087
448a2f64
446c0ac1
447edaac
4474dea4
44888541
444aa2b2
44ab9c8a
445d38f5
44636636
446c8c89
4482bcb3
44a62309
446b08e9
4463460b
44553859
4453907b
44a5e9e7
444af5a2
448ee03d
4463fa34
447d6435
44a0bf5a
44526ecf
44993623
44406ab0
4482a2be
446bafa4
44469d3c
448375d6
447c44db
4481b73e
445101cf
44850856
444cd618
4484c39a
44656ba7
44a8c13b
4435479c
44548bd9
448b3492
4496662f
448d52fc
447b00fa
44887224
44960251
4486b45f
44a0710c
4495611c
445e9d44
445cc3b9
445b8ac6
44495b2c
44837b07
446ada3b
448cc78c
44507f42
445da40b
446ef215
447d4808
44401138
4449df0f
4475e417
444757d1
448caea8
4440546a
447d4457
4490888e
44352720
44663402
4494417b
445787cc
446ed121
44574220
445fdbe4
4445b7d7
445d435e
446f820a
446c6a30
44628552
447c5002
446494fd
4487ef56
4476d10b
4468ea48
44849061
445cc2ec
44aab74d
44469cf9
4450c7d4
449a30a8
4486c327
448a4bd9
447ac012
448c6c2a
445c27cb
445a2207
449cd77c
44860208
4477de48
445fa011
446c5170
4467e1df
447a201e
4490af24
448c7dc7
446681a0
4480368b
447db244
449d9faa
448c711d
44a51bb9
4477d758
4488a0fd
442b2e38
44801677
449bd988
447cdff4
44a115f8
444226e7
448018cd
449f4cb9
4490bbcd
449ad6f1
44821196
44692f10
44849f62
446294ba
44854e60
44889a30
447159d0
44a260a0
448660d9
445601cf
448c3ef9
44670a7f
44c86409
446ea118
4481cefb
4420c835
4480b1de
44b78cec
449d8821
44614cb6
44778512
447b9834
448be8ea
44598e1e
448adfca
445873f4
4489f74e
44801620
447c1564
44852d1e
447bf192
44859fc2
44806363
4479bfca
44813864
44a32706
44804968
449769e5
446f1b22
448296a0
448f3dd5
448309de
449096bc
446c85a0
4484a245
44886074
44802b4d
4494fac6
44861afb
449f67f1
44867a00
447a156f
44a230de
4474555d
44a2b4e3
44599d62
444c539a
449634c0
4467b8dc
44a49576
444e156a
446631fc
44874b0c
4479ee59
4462f44a
44740006
44696044
44591cb7
4482311b
4471428f
4458e836
448750ee
4493e1f7
447eab2e
44838548
444e39d0
44425ddc
44888436
447c215e
44899b9a
445cd996
44895c5c
4473d2f2
4481c633
44891329
4479220c
4476d9e2
449632b5
44834fb8
44aa7a32
4464f62e
44898b67
448997f7
448e66ce
4487e759
445f93fc
444c2d55
44933242
447008dc
443ba11b
449535a5
44770474
44b9276f
4473e7ba
445425b4
448ac8e8
44596d80
4482731f
446cb074
448a1183
4485445d
448a6c61
445e838f
448e16d9
4474650a
44719e2c
448ce92f
4471428c
44781b67
4453e3f4
4487f026
4481cd43
445df866
4474a9c1
4488a084
447e68de
449459c1
44954b9b
44682908
4496ae98
446ccb3c
4495887d
44720bf4
448c4f76
446490bf
448a441b
449be36a
4471ef2d
4478c7d3
448f9f40
44733f33
448d2f0b
448ffb39
44819234
447fcecc
44893c3a
44bb9b5f
444ce09f
446f6100
4499d449
44638c8e
449f9515
44554d34
445735d6
4487cd5a
44608c96
449bb112
4481222a
44a33495
44855b51
445897a6
44a350d7
445c15ba
449cb6e2
447fe1a0
444f19e9
44588292
4467a3dc
449760df
4499c6c1
44604196
448aa008
446af111
44901918
448080ff
4466ac7d
448d62a8
4498bd5b
447e94c8
449b3c2c
4485283e
44806803
448f0b30
4481d9e9
445d1813
445bdb48
44914113
445f2657
4487d0a7
447bb122
447e66a1
4490ada8
445c13a9
4476d766
445e9d7d
44533304
449c46de
44619b4d
44847d78
44840197
44493d27
4484db8a
4478bfbb
445b03ec
445534b5
44529a2c
44895749
44554883
4480480a
447e9927
445ed38b
44780eaf
447fc079
4475c4fa
44810473
4472f7eb
4495dfc4
44868f25
4459afb4
4487b460
4447f777
449499ae
448fc001
4478627d
4482832a
447fce35
44909a9a
447273d8
4495116f
44918fc6
44811fe3
44ac13b9
4475ab55
44806be1
447ae99c
445ca626
449f610a
448561ab
446590e7
44707743
449d58e0
4487806d
4492c24f
44594041
4496020c
449f7195
44842760
44726f2d
44985b81
4488000c
4483d58d
4470234f
4491d6ec
448e7fa4
447b6db2
44ad4d81
4477b821
4482d3a2
4498e902
448583e3
449e65aa
4493daa5
449f8e86
449d801c
448faf48
4483088c
448b7cad
4482aa6a
44997e74
445f32c6
4488ed99
44697f22
44753160
448f453e
449189c2
44805720
447a24d9
44855e99
448bd7a8
4460b0dd
4478d3a7
446ad8e9
448527d0
4448cc1f
4457a15d
4497fd0a
44a727d8
4499dcc4
447d1806
44543020
447ae297
44a02ef8
44701284
44898b50
446e0d0d
4489de74
4480611e
4490a287
446998c4
4496b192
4496ce4a
44994a8a
449d50c4
44822ed4
44811a14
44b376da
449e1db4
448fa688
449e792d
4474ff84
44aa72f0
4481ad6a
44869680
447b4f84
447495b8
44a22230
445f69b2
448b100e
447389f1
4481eb2e
448e11f6
447546ab
44952d47
446f475e
44981bf7
448065f6
4461bcfb
448a1622
44830846
44715fa8
44a43526
44819923
44936173
4484f37e
4493b7da
448c0685
448d8538
44a135fe
447dab70
44395685
449dcb02
44878046
4436c4ba
44922aa4
4453426a
4493309f
44603af6
44a741b1
44598500
4466c58c
44996d5d
4494d1c9
4487ab24
44954557
44650f9b
445f250b
4481c864
4492bffd
4491fbfb
4468f63c
448446f2
445779b4
449f2e98
4470389a
448bf97e
449d03d9
44747a06
44937c25
443fca4e
4492597b
4465a0c4
446eb4e6
447f2374
442b6a6f
4464c4aa
4442cd3b
4485c587
44681371
4454b436
445d9c08
4442ca88
4460ac66
4468a64f
44517f67
448db80f
4458d30c
4467eaef
44442cb7
444eb2f5
44a429dd
443fee35
4482a1ab
447d3886
44464ea6
4493cb23
446278a9
445b08c2
4457643b
446bd190
447b7667
4441476e
4461c19c
44858a37
441985da
446e2e0d
446cb574
44413e3a
445d693f
4451ca73
4480d45a
444f1ed4
443985a6
444efe36
444d01d4
4497d64e
445bc633
444d0d47
448d4328
4459e228
44871283
443fa2ec
44840058
4452ea18
4448e6ab
44590c61
446dbb7e
445a0d74
4446bd5a
444d8e60
448bc109
4457cf37
4457607e
4454e491
446fb9de
44aaaabd
4446851c
448b37ea
444cffb9
44406dd0
44545add
4444668f
446c9f8c
445c6558
444502ba
446ed8f1
4426d08a
445e5125
445f7210
4441d692
448dcac9
4445ab4c
444cccb9
44895a48
44387a81
4455797d
444b33c0
4441b16f
446ee80c
445fc048
444f589a
4417c542
4473cd59
44739b02
4445c614
44841859
4465828f
446749b8
4436d199
446675d8
447864e3
4451aaca
445bde07
44841bee
445fba26
44680175
44555bde
441339a8
44512569
447caee7
446df167
44492339
4462ac07
44771677
4432f058
4461e638
442ec30b
445b997f
447f4a80
443eea64
4484a780
44328cbb
446df66b
4449598f
445171ca
448f2b01
448234e2
44864459
445afe2d
44a53c96
446ff379
44860490
44862226
44834812
4486ebf3
4484ce0e
446150c4
445c6bcf
445e735c
448acaec
448b9ac2
448c16a8
4496a825
448170e4
44b61c8d
4490b241
44841b55
445676f4
44721489
44a5c7a5
447294b2
44989661
448b1b12
446eb3bc
4485802f
449a1094
445ca763
4471ca7b
447c4c94
447ed14d
448f886d
4472ec86
44612fe2
4484a566
4495df21
44690831
448d1ac6
4484c45d
444c9aed
4487409d
4432060a
44a9ac70
44842e67
44885f92
446c3d80
44659496
4468628c
44664917
445978ce
448c32ba
446ee66a
446df890
445ccd1e
44878527
44b9ff09
4480b51e
446668d2
449c1bc9
44887910
44976229
446b9052
4470841b
449a9e46
445c9ee5
44b1c640
4493fce8
4483dd16
4491e6ec
447c9856
447ae4c8
449734de
448a06c8
448dbd6e
44618737
4481b2ef
44769f46
448706ad
444d53e4
4470726a
44728f4b
4470c847
44a1678e
4464f870
443ee355
44a32e93
44873679
44913a19
448f7a40
447849a6
446c6600
447c9a0d
44889563
4430b595
4474354c
44ac9e98
441f6257
445e6ff1
44844aca
4482998d
449e41d5
4457a484
446f03d2
4499934f
442e87a6
44ad01da
44407cdb
44524a0e
44a1d29e
448dd35a
445f7343
4499c76e
4494a4f4
44666279
44561692
448b5a19
449dd692
4484c4d5
445edd34
4471f349
44866fe2
446fca55
448ef9ce
447b9cc4
44388c97
448c100f
4493c039
449a2de4
4470eb4c
449bfe24
446524d8
4476e23e
4435705d
446f77ef
44955921
4472b3e4
4469a38a
4460c7ff
4485438d
44916ea4
4471e6a9
447aa50b
4484e044
44596d38
44b33307
4459e6ba
448efd8a
449c7a6e
445bea80
44b2116b
447c6782
44956133
449a0492
44663e5f
44c074ff
446fc262
4454689d
4460251e
446caec2
44a83421
44878f30
445388e0
443edd63
4473cf47
44a8d515
4438c7cb
44851296
447cefb9
44838f44
446699dc
44735000
448a6f68
44920efe
447e4c3c
4488c780
4467a344
44934ee6
4488db52
444e675f
44903cf2
44578b7c
448c8345
44889be3
448f6d81
448eb4de
445f4462
448f4fd2
44807835
4474f9fe
44c51fa2
4469236d
448bedc4
44860abd
448f1b71
448de591
443e7c56
44a302b8
44467be1
44544168
44aa0daa
44748bf2
448d2886
445a510b
4489296d
447e6282
445b28ef
4483af50
4462be92
44788acb
445bce25
4468b8d0
44437a9f
446da60b
447c21f8
448df7e1
44516b2c
448aee88
444fd51a
4442d6ed
44619740
4464785a
4471727b
447f70e9
44902446
445c3741
445826ec
447a8336
4475435d
4438d8f9
44bb8ce9
446fad51
4482cd49
4450dd84
4488c00c
44874a19
446a74ef
4496468d
4484399a
443268d6
448fce14
4469ea57
44455ab9
447c330f
44523f34
44a8c94e
443a8407
447831cd
446eabac
44859e7c
4494cd24
446422a0
44938073
4480aa29
446719ab
44413c06
447c4052
4476a838
444a6050
449e0fa9
447921b0
4475f2c9
44575847
448daead
446a473a
44495066
4438080e
44733025
4474d620
4492888e
44385c99
4465206e
444eb74c
44798509
448a6941
447e2e0d
448b4dc7
4461a920
44898367
44a0d43b
444ec35e
445db1e6
4482a3d9
4481c92e
448f845d
445d7a0b
4451683e
448769e6
448d0f85
4497891d
444a1566
446e824d
4491eb1c
44494f3a
4453d0ba
443ff97e
445dfd36
447e553e
443f82c8
448d44d4
4441f4a4
448f6767
44667df1
444fb6b8
44992853
444c2128
44694075
443f231c
4466b1fe
445e1f5d
4453aa10
44741fd7
4487b175
444e92ef
446aa6f0
4422aaef
448783d6
4488f24c
44534f35
4451abda
4482453e
44759a09
448e043a
448217e3
4476f9c3
44720749
447b21c4
4435af80
447f1073
44864bc8
4465b63b
444c8cb6
444b1de0
44656ac0
44479ac1
4454c0d6
4460ee0c
444b5150
445513e6
44825e0f
445268c0
445d9510
447999ec
44497224
4476e1f6
446bff71
443ab5fc
445b410a
44433083
448e7814
442be7d4
44497ef0
448b6520
4453acfd
44856fba
445bb94e
44684986
4486e784
4482c062
449d898d
445cb00e
44373829
449f2ca5
442cd612
44638585
448648f5
444e53e1
447df537
44662e1e
44984b70
443c7b79
44533755
44752eb2
44908051
4494e1b4
445988d8
44682666
4471cf9e
445eafe2
44829758
4449a2ad
447aab8d
44647336
4493b42f
44924fb5
4491a59d
446c0198
44874600
449fcef2
4474b9be
4477ba8c
44814aeb
4450bdd9
448629d2
4480e838
448ce3b4
4464bba0
44892ffe
44a23281
4468ab19
449ad5e0
44977efd
4480e2ab
449f9b15
4486d47c
448d934d
449fec58
4487d106
44afcf32
44a0a99c
4485fdae
44958f76
4480debe
449525dd
447da3df
4477f638
449729de
448c8322
448e08a6
445efc3e
448aedce
448ae2f2
446bfc50
44873ec3
44784107
445a80f5
4465295a
44814d3a
448382b2
44a00968
4490a107
447fab60
44318918
44830ba9
44854d12
44722129
446e047f
446e6aca
44873dd7
446f2126
44a1b90a
447fb0b6
4464fca6
4488aa8f
4487315e
4470e19e
4489ea32
44587ba4
44ac14e2
448f6dfe
4487b3a1
44932bd5
444f3288
44a2dc85
448d565d
446b50b9
4488b997
44810768
4495cd93
447617e7
44862b24
448eb419
4456f687
448e73ef
4475ace6
446bcee3
44865b6a
448d7750
44708271
446fa05b
447f1676
447c1364
448d77a8
448d9dbc
445737e0
446cbba7
447898a8
4467e134
449be1a6
4454459c
44a88d93
4437209c
4476d6a9
4484b7c3
447bb756
444cf7fc
449d2d52
446c41ff
449a2857
443f1025
449a2a0f
4470e574
447bd9f2
44ba8eea
4487ccc2
44433e1d
446f287c
44767968
4473b320
4480b3e9
447aed10
44a645b6
4451c317
448e546c
44619f1b
44892da9
4485dae1
447b6eba
44976597
447dd064
44835ba9
4487bd33
44cd3ac7
4489eae2
44853285
448c40be
4490ebb7
449e40af
446a3ad5
447ccc18
449ef066
447fcd20
44a3b860
448a1857
44a93a58
44a03fd9
44921e6d
4495e2b3
448e9786
44809fae
44a8e003
4496b0df
44bac3d9
448e4373
44a0354a
449ea491
44877d40
44bc0923
4461c5a3
44954cbb
44a403d3
44965026
44a2c51c
44927a71
448bd6e4
44bd4d2f
44730796
44acd05e
449357e5
449865c9
448a7985
44839b86
449fa76f
44931c55
4486613c
44a2e36b
4480a1df
44d72aba
44948d07
4480a3e3
44929988
44867df4
44a72107
4484f7d9
44a2fef8
4472e515
449485b5
44b531d6
44a7e645
4497789e
449e880e
448ac12b
44b91d38
44a4155e
44aad5f0
448da21a
449c1141
44c68ba1
449b1a8d
44a66d71
447ec3f2
44879458
449a07ed
4476af92
44a33a43
44907067
446b5868
449291e8
446b0469
449ad1c2
448f424e
448b1e74
44a47037
4495ddd3
448c6b7d
44ac3ce1
44669f63
44a3d11d
44928705
448789ca
4497b439
44a5c52c
44816131
448104ea
448c4ca8
4499f926
44826b58
44b67192
44881c8a
44708d36
44896258
446486cd
44cd35c3
44856473
449d8f55
4498528c
44785d3d
44a01864
449c90d0
4488a004
44a0434e
44abe9e9
44b53b35
448f7716
44b9d14b
44a1c0a2
447c404b
449eef5c
448c7573
44ae1994
449378d5
4457d07b
44a4c8fa
4484fdfa
449036a2
449a38fd
44982711
44b12d65
447e0297
446d7b14
448766fd
448ea15e
44709e0a
44a3a7bc
449bec50
447e7401
446e596f
44882526
447a13bb
44953a7b
446c0097
449d0c98
44a0079a
447a184b
44966fca
4468893a
44788a78
447d8a03
4489b144
449eeccf
4488d50c
44a948c2
44837fed
447570f1
44883830
445d2493
44a2801c
4498cf89
4488632e
4486d4f6
44865984
448d1b19
4491826f
4476000a
448e9fb2
445fa8a1
44ba6394
4457c664
448094b5
4447e31c
4479e8b5
44a3417f
44519ea0
4488e575
44809585
4481d301
449bddb7
4432ad87
447a4f44
44651637
446ad090
448bc3c1
44888b52
445d30af
4488c267
44861b99
44ab6e7c
4489e734
446f9f1b
448ca583
449c671d
44a93507
4472b460
446c0681
44a59493
44511750
44a766c9
4491ffcf
444089fb
44907a25
44739e37
44643c37
446a7e7e
447cad7a
448d1a67
44786135
4491fb34
444004e3
44569c66
446dd40b
446de9c6
4486d0d5
445252d9
449bc4c5
44468a03
44557415
449c0d0f
44398a44
4450725b
448f2f56
44758924
44966d48
4458178b
4480eaf7
447daf61
44843ad7
44b0137b
447d1072
44606f90
44859a60
44843c8f
44a4817f
447817f3
44948777
447c594e
44687bf5
44b5cbe4
445bd947
4482351c
4480f6e9
448f2e53
448a1ab4
448469e2
44919295
4458617d
447cd638
4481848c
448c6441
448e76ed
4473ab9a
4468ceb6
4499bed9
446e1dd9
44857b5a
448f727d
446d3898
448470b0
44967f29
44a420d2
448d7364
449e3aa1
446efa8f
44853436
4448ddb0
446ec4d9
44ae2c2c
4463a169
446db791
447bf6cc
448184d0
44ac160a
448c6303
4490a2d9
4481c38f
448264a8
44921f85
447488b4
4484b018
44814a7a
4486983e
449370cb
44922b5a
4491e3ae
4496b6f2
44803e52
44b5634b
4473de4e
4462a11a
44735f07
4478697c
44aa8312
448e9a68
447ab482
445f6e86
44915317
44820f03
4468ef63
446d2223
4482226a
4490ef57
4494f3aa
447f9931
446dbca4
44ad8911
448286df
44805f1e
446c75b6
448df5b1
44900d2b
4472d9a8
448f1a9a
445d57b8
4488b10c
4492226a
4487a6bc
4498f1ac
446437c8
448bf5c9
449e16d9
44877707
448279c5
448b2e69
449cad25
448528b7
449a4b8f
44b65afb
44527503
448a936d
444ac446
4484aedd
449fde94
447f10cb
448b12f0
4446c624
447d2284
4498b8ae
44648fdb
44556752
4488fe49
447b8c4f
44964ac4
448a0a76
4447267f
44822e44
445a87f8
4489a0cc
445bc645
4483067a
448bb3a5
4477a028
44834fdc
4479ef20
448b9bfa
448e37e5
4499bc82
44580791
4472448b
448e9953
4493b18a
445683b0
44a94b41
44960c9d
44983485
4447609e
44962e40
44895c21
4486b710
449d89ba
447e1d54
447de345
44a0ac1e
44641191
446dd343
447c1602
44835dd9
44c47922
445d39d9
4461f129
4492db5c
44757a13
44b49c63
448d8f50
4480433e
4492fdde
449291d6
442f0ce0
448e6a2e
449e5648
442e2d33
448f00c1
444cd738
447aba4e
448a98d3
4466ba86
4468021e
44584a04
444acae0
44823b9e
44872a8c
448436a4
445748ac
4468438a
44671de0
444eb49f
44808fe7
44596d4d
448a55da
447e336a
448c8ecc
449c7e33
44163767
445ad76b
44868286
44600d8b
449bf97a
4464b2c4
446fd0bd
447753ca
44849099
44b2c234
44619b8a
445a44e9
44874ceb
443b9dda
447307a3
440e24a5
4481ad30
44714cc2
44083ac8
44a24ca2
443b4ee1
4490bd17
44773b72
4455e813
449f81c7
445edc5a
445ae9dd
4490bee9
447c53d0
447f6504
444aa013
44995020
44872f91
4469e127
4446fbe0
4474932a
44949b5c
44849111
44583be7
44762d90
447fab0b
44533675
4481099a
44499f18
4463f078
446b9eaf
44812392
4465bba8
44675184
44a020ff
4456059b
4474b09c
4453ce9f
444b017a
447d9a47
446073b1
44815cc8
44797eec
44572619
44943f3a
44592c22
444c0cfa
4482f000
446240b8
446653f0
44708756
4467bb46
44736b82
445dbca7
448ba98b
4461adea
44643ef8
448cd292
44691b06
445be888
448aa737
447a49c4
446fdbe0
448021ce
44a0e404
445f0180
444c70fa
4496fa08
4453a765
44a8dbde
4491f33f
447ab9e7
448b644b
448699ea
448d618d
443a8c32
4479063d
4477e34d
448fabca
44973a2e
442e0121
44749a1c
44562af9
4461d35a
4476d8f4
4453704c
446ffa53
447e8442
4487c833
4467b1ca
4464f23c
44519cf6
4463bfb6
44728f6a
4444dd38
4431fda3
444dcb0e
4437159b
443d5b7d
4456121a
444f55bb
4480beac
447f631d
445fbc38
443e6393
445ca5ce
444a2236
444c2a13
446586b4
44583a38
446b6ff9
44748557
44447f4c
448acac7
44336a33
444793e3
44733bd3
444c5a15
4465dbaa
441beefa
44539325
4476ca1a
44353fed
4435bbd7
44372f3c
445b74b7
4446dd25
443ae8c7
443c21b6
44485883
4475f071
443045ba
445b196e
44737f1c
445d8f8f
4458f512
4466a394
444aa811
4464b8ae
442c9797
4444d332
445006ef
4431d2f8
445aa9d5
443d195c
44852958
441ef78d
44592787
4471537c
4457401d
44544057
4463e641
442d607b
44851140
446df659
4473bc83
448ac42d
44541b38
4457ea6b
44487678
44329f08
445608f2
4437f491
4477dfd9
443803fc
447c3d32
44669115
442e315b
44248e65
443fe8c9
442cf978
440c5b40
44727906
4451d888
4436efd2
443d84e8
441fb782
444b8261
4471bd7d
444dad4a
441ce788
44366742
44525f50
444381c7
442f939a
446cbdfa
4431b40e
4441290c
4470519d
444a6fab
447b712e
4489c214
442b1857
44652c02
44410151
448a2879
443cb068
441b5fbe
446d874a
443fe11a
44628034
446c3f2b
443836cd
443f0e0f
44439a9d
446ad938
447916c5
4439ce19
44432822
442dabdc
441f4fdd
448545b1
4459821e
44848c58
443fb1fc
4456aa51
447192f6
44a4ffcb
44826604
44885839
44735fef
44879f89
4480a396
4460a562
449944df
4460b47e
447426b1
4480b9d5
4483930c
449437f4
44938e99
44881e6d
44a0beb0
446efa64
4481e6f4
446e0ebf
4488cdb5
44aa50a8
4485a730
449ce860
448732d2
444f5a0a
44a1da16
44842466
44a3315c
4475444f
4487275f
44869e97
446c2250
4496c4c9
448b74b5
44864fb5
44981c9d
44745b62
448055c9
4459e682
448097ee
4486a006
4463e16b
446969a7
448745ce
4484f2ac
449d2dcd
448c5fc4
44708ff5
4473fc1e
4472792e
44ac8811
4467d538
44a59a78
44625b7d
44640978
449a710f
4493b925
44944cf3
447d5382
447ceb88
44a6cf62
448fd171
449dcc8d
4495b629
4491c5d4
4499276e
4476bb6c
448e2533
44872442
44992ea8
446bb6fd
445cd0e3
447cea04
44873a29
448a06aa
4482c916
4454beb0
44a03000
4428e9e4
4482ca21
448c731b
445d3cd6
447077ad
447a44ee
446802a4
446baf9e
44887883
4480f84d
4479e4cb
44944abe
448a9b73
44581836
4482dee4
448f6978
4457b952
449f49b1
449c57d3
446a40b5
445d7512
4485c29e
449f0ad8
44607fd4
44b31ffe
448d50be
44820a4d
448efc39
44908f62
448476de
44824c87
4490679b
449210d1
44801de1
449c0919
448db534
443f4be9
449a21da
44641cb5
44aa57af
44897bd2
446adcf8
448cdbfc
44810602
44685085
44aa5a24
447cd48d
449108b3
447fc7db
44732ff9
4485ce6c
448fdf86
445c509a
447fcfec
445045fb
4484449a
44950424
447508c2
44374602
4457b4d0
4460e1a5
448de508
447d7ea6
447ecc66
447b9ba1
4447025c
4482e244
44835e8b
4480dfb0
44735e72
4466d976
449527b0
448c408c
448610dd
445158a4
4474e6ae
44901527
44905ca8
447cbda9
4481bc93
4452e070
449eb93f
4483cd9b
4477e26f
448d8571
44827074
448952d7
4451678a
4481ed78
44701453
447dfbaa
44a2ebc2
443d57e9
447b3922
4461cad5
44658f9c
44a73193
4467df64
447f562a
446c5edf
4454f1a5
447fd2c2
446bcc04
4457a370
444bd549
448547f6
44b1ca9b
446157b0
44756f00
449e9da0
44813ede
44a62abb
44547f54
4470280c
446a0f8b
44489c56
44ad0a4b
4485ac80
4468daa6
448190e7
4483d8fe
448a1c5c
4480ef58
448ddcd7
44596b0e
44497581
44708dd8
44788196
447fb3b6
4458a0a6
447d6ac2
44910d47
444b859c
4490c02f
44428bf4
444dbefe
44abff20
4459377f
446e11eb
448bbada
4478ddfe
448b2e1a
445d9735
4484e2bd
4439dc1e
446bd82a
44a901dc
443ff7c2
44642f52
446cbf89
445bc5be
44a6353d
448914db
4476ac76
447fe267
4454940d
44bd64ce
44228bae
444e89c7
445e01e4
44898c63
449630fb
448beba0
447fe379
44805322
444b1db8
447709b1
447f5ae4
4454048a
4466e0db
4440e65b
448b38a2
447758d2
448b9c0a
447f4c20
4456cf03
448041f0
44994537
4485c699
448fadc2
449f6ceb
4487777b
446dad39
4477d18e
446f4964
44a7247d
447cd3cc
449151cd
44a21966
44713ac9
44b4a51a
447c9ef1
449a14b4
4483a3e6
44a500ff
44974ddd
4477f4e6
44751fd6
44970d75
449785d5
44b2cec9
448feb2d
44897c76
44838118
44810812
44bf11cc
447ce039
44741ef4
449275de
44810701
44be6c74
44857c01
4464411f
4485e5ae
448caa06
44865fe0
4478a915
448202f7
448227bb
44902fed
4494e4a1
448cdb77
44767cbd
449e7679
446a5ad1
44962c3f
449016aa
44749dfd
4487bafa
446b7887
44b1b479
447689a6
449ad6c4
44962757
4498f0e1
44960929
44887934
44a4e40b
44ada36f
44812c51
449ddd42
446ce244
44919245
449b5d3c
448dedf3
44b39e8c
4486e491
4496f5c2
44728b32
44544ef3
44886fd2
448440d7
448ef387
446006f5
448081d2
44b4693c
448e573c
4489decc
448a0d97
448952b1
44951fcb
44a3618d
448d5d7c
447b32a3
448c10f6
448adfb1
4442879c
448686c3
4481d5c4
44841bf3
44997a37
44804a0d
447cab62
44a1202f
449a33b6
4494ee7c
44714392
44875a73
448a58f3
44848496
44871d18
4478a58b
449540b7
4459a279
44921e01
448be3dd
4492709c
4483893d
4485c869
44793316
44c3265d
447172d7
44775eda
448f87af
4492039b
44b595c7
4484ec76
447dfbcf
44848815
4487f716
449bcb8e
4488a542
4494c1c8
44a4d7ff
449013c2
444962c3
448e8518
44821251
444fdd1d
44949c75
445341a0
448dad3c
447f5a88
44675bd5
448a5c5a
447df4fd
446bb378
44735d06
447319f1
449725f5
44713ec7
448b91f4
4464c883
446f7843
44a79004
44561065
448b9f27
44652c99
44900650
44815f75
4467cb9d
44823422
448d98e2
4471715d
44861216
445e2b9a
446731ee
4445310c
44822ed9
449ad3f3
44531406
447a2fa6
44979dfc
44379344
4478ca25
4469ab1e
4480ca5a
44978e05
4459f7db
447f6532
4475653e
44af718c
4463e89c
44602558
44a90919
446edc98
448cf7a3
44807fbe
44810de2
446651d2
44803adc
44946109
449dde2c
448eded1
449259b8
44758627
44932bed
44891b32
4452716d
44724b14
44705e51
44700fe8
448cfa58
4475fb19
446332ac
4488c57b
448e9179
445fa35c
4483e169
448e0348
4479480d
4471f0cd
448082d8
446dd639
4460fe31
445f1a26
448cdd88
446cf74d
445fcb32
44a1b526
44590451
4465dc2b
448bdedf
4465ae3e
4493aeef
4470c36e
446a2620
44699279
445583ba
448790ba
44627177
4465a372
448a7b4c
44565c5c
44845a5c
446c1867
4489aaa9
4461ef0b
44910144
44945a98
44662343
448a2aec
44a669da
446a7712
4488a63e
44951e79
448b6b68
44459338
44653a5e
44871882
44586ece
44858fa9
44893c78
4492b208
448a9519
4475ac54
445dc4ed
4494e8ad
445e1f80
448e3993
447c19f6
4482a2fb
4485708a
44aa28e5
4483c249
448afebc
448707b0
445717a8
44a7410c
443c97f4
445d9391
44836e04
446c923b
448551e4
44735ee7
44935902
44876489
44752098
4496f283
447f4431
4495c8a3
449065d2
4473078e
448c32d2
446ffb44
4481dd77
4495c9db
446e71da
449d5fc7
448162db
4465d836
44a829ea
44479819
448a57a3
446fd017
447e8c62
449056f2
446e7584
44839f9d
447102f5
448e2670
448d7322
444c44de
4486661a
44582c4c
4497fab3
44402b4f
4467787e
44924449
44851cbe
448ac0df
44610b4e
443ab105
447c1ea9
446f8d6b
44878818
4484d07d
442af3c7
448a4d8c
449156f1
44a0e36f
4493d0c0
447a8af7
44a64216
446b2f10
44846788
4488fc2b
4485d2fa
44a31018
445323ea
448df428
449d2691
4456d321
449f9dbe
445bc955
447eb2a7
445f3cfc
44358fbd
449db7b9
44596ddb
448e0411
447af214
44808593
44573d59
4492fde1
44560b83
445c9100
4491a03c
44266630
4460b308
4489773c
445da7ea
44625877
44a87685
44556f9e
44376615
443bb275
4476ab68
44619936
447f4f7c
4471c31f
442c4405
443ad8fe
4484debe
444910f5
447186ea
44768d81
4448960b
448be598
44444d1b
449aa45e
4483f6de
44687917
449b251b
446c0bde
44518a9e
4481a907
443cb31f
446a2282
4489342b
448c03e9
4490e7a4
44580d4e
4487d4e4
44654766
4480c231
447db8af
445caf74
44a86161
4459e77c
448cbf7e
448f67e5
44b34f9e
4497ed1c
4496337e
449ee2bc
44868b7b
4483e8ab
4473ca6c
448df938
449836cb
44867374
44a7ec71
4492ebe5
44a38482
4480fbdd
449eed6e
448280e3
447c1bab
448b6ca3
448b2d1d
449c9bef
4497b1fd
4490898b
44929f0f
44874f5d
44839087
4493ef01
448b45e5
44b09d7c
4488ee30
44884534
449bee08
44869268
44952de4
4496635e
448a94e7
44b72eee
44993d18
4480b14f
4491e4e1
44871b99
4489f359
448362b0
4481ff54
44a52552
4484a899
44c5f04c
44771d2e
4480d01e
448df3aa
44802c2b
44a5a61b
44837fae
44a51f1e
448a7264
44790796
44ac479f
449c056f
449ac2d8
44684b4a
447bbebf
44c2657c
448beec2
44948df3
44819849
44ac9bb7
44a7b1f0
448c4e48
448f20a2
448cc0bd
447ebba6
44a38e55
44446f7b
4494dac2
44854cdc
4494f85f
449bb58c
44612d30
4495d954
448b74ec
44881627
44a59d1f
4480a406
44974530
4480e03b
4487b6df
447ac72e
448f0909
44943f07
447f0807
449893b9
448f6e7b
4495dee4
448dd6e4
4482d109
4476a6d2
44a962a1
449ccf56
4480c042
4489d559
448ec720
44aeff73
4487a81e
44936fba
44942b7e
44850039
4494d5f2
44a3bd5f
44818c86
4467b0a5
449d4a7a
44a7a1e8
44887d59
44c1345c
448ec71a
447359a0
448746d2
44862d92
44bbf027
4482714e
4496ee14
449e8bec
4488c8bc
44952e2f
4496bf19
4496251a
44aeb2b2
44865b04
4483f9ac
4481730a
44b24a67
443baf78
4483648d
448f65c9
446fc60b
4488b284
4490668e
4452d8a4
4471465d
444cbb32
44ab91c6
44853945
447ccaac
44883bef
446970fd
44a76c53
445f6036
44514b18
4467faf5
448be972
44852797
446306a2
448aacd4
44689149
44818ef4
449e7484
449c0578
4464f834
4467ad32
4446c673
44867a72
448fbf52
4490dff4
446d35e4
44795690
44ade639
4466acdd
447d77a3
4451044c
446bd1de
447e8f9c
4427960f
446afe7d
444ef344
4481c612
4483e8bf
444d9b10
448b4471
445ab9e7
446fcfa2
4480750a
4481acc5
4460b2a6
444ffc63
44890224
44ac2e99
445c4a78
446411b2
4481f762
4485fd4e
4481a02e
4445d633
44758346
449b5cfe
445d5e0b
44912f39
44853238
445c4d4e
4484e4b0
4462853f
448f4826
44693c37
4479ead5
44807ef7
44370ed3
44732f14
445fb26c
4481b365
4482bda0
447601d0
447cea89
4451c21a
4497a5b7
446d714d
4458b7e9
449ce0e8
443a46be
44814a0d
448a5141
445da7e8
448370f4
443dade6
44809567
44583555
444daef1
4498b726
443a74e1
4473cf75
4482e451
44613979
448a5353
44689813
445d60ed
448151b3
443f1ced
44bb7a3c
442a75f2
44432ead
44920522
44861e29
448ea62b
44585791
4486358c
447de4c5
448270f2
44a4f83c
44859f02
44696d0b
447079ba
448dc62a
4479c0ac
4446cce3
4470c395
4475c90e
442d103d
4492370a
446968a8
44895a3d
447cce8d
447624f7
447d6190
446f1e5c
44469ddb
444f7a68
448d1f2c
44753fe3
4484284f
447b38ed
4480503c
449bada9
44613424
449e6aad
4489578d
447309f1
4480a8f8
4460e83a
4487a442
449dbac9
448291f9
44912d44
448305dc
447ff931
44906e8f
44574f85
44b2e472
4466af22
446a053f
446c3e89
445772f4
44a18953
4471f280
4467deb6
4454e132
448bffa3
448abfbf
44595ec9
4467015f
44868a48
4451329e
4468ac93
4476e1b9
4477cf05
4488eaa2
44849dbb
4466151d
44787952
446c54b4
447c8efa
444d9011
44a4b393
4482c543
445e2f95
449cd814
44821a88
448e03ee
44587046
44642e73
44980d27
4466629d
448662f9
445088c3
4493999c
4490d18e
448af5d5
4493f8ec
4459b69d
4496ab39
4469f3aa
4444ec62
4484a4b8
44680659
44843fb7
442168cc
4473cf3d
448fb0d3
44810749
44756440
446c4c5d
4451d5c7
4486c424
44584e45
443c0996
444df333
4469cb0a
4484a528
445bf156
4480ac60
446e12e5
44530b5e
449cccdd
445a6ddb
4457e9d2
44672607
448917f9
44874ab2
44734034
446e07d9
44595488
4417b146
448df44a
4487e46a
4483bf16
4442df9d
4481f9be
4486deb7
446a0095
448ce593
448af4cd
4450dffb
44a6540e
446210ea
4446efbd
4466079b
447763a6
44b19e03
44434a98
4456ad95
4480916d
4456555f
4488d0ff
4473545c
448148dd
44891f89
448358b0
4498b4c3
44846f83
4489de7f
446b3421
44aaa173
447e07c1
449a6e09
446a53ab
4468d754
448afcf4
44897dfa
448ed1da
44907304
4482a8af
44a0af35
448ba7b3
44970331
4487a298
44833d15
44b0d3ac
44825011
448f26cf
44894193
4488b743
44a3680a
447ccc35
44717b8b
448cef20
448c3d80
44abf1f5
44831709
44822262
4482f967
4490db5f
44b583c3
445f9c6a
448657a0
449a071b
44636b7e
44974736
4472bee7
44871f6d
44879c49
445ad40d
44ae3357
445c3eb3
449d0318
4489e368
446bbfcd
448a32e8
4488a056
449ad3ef
4493a160
4491e927
44842c79
448394b8
44973fde
44999210
4485752a
44a6de8e
447dbf0f
44a5176b
449b3f34
4439f7f8
448bc3fa
44a3fe9f
4485d9a8
44a75db9
44841ec0
449581a1
4497a62f
448ba55a
44860b10
447b5c23
447e1b28
4484a683
4494f96c
448860f4
44928ca6
448c7e30
4486b052
448bfffd
444f1eaa
4473759a
44b47078
444c0d48
447f534e
44997acc
4452f280
447e590a
447db5e9
4486c273
44846b8c
449184f8
44960138
44655f29
448ab7df
4490be0d
4436bcb1
44937d46
44616081
44a571b8
4497cea6
4483f192
44aea3bb
4465c1e8
4451934c
4492448a
4480f6c9
44c1fabd
449bc966
449d9367
448fcaf7
449b21a2
44961b28
446347dd
44837d8d
448aa88d
4492ca29
4493e347
44912688
4489e30f
448be59c
4473627c
448e51f7
4478a66d
4493dbc8
448b4090
448c4873
4474b9bf
448c001d
448679e6
447be00f
448a1c5d
44610c84
447a2cdc
446f11a2
444f88e9
448ace18
4479edea
448fa04a
449fadbc
4485c943
44afb659
4455bf39
448e5403
4472f153
448ac482
44921bb9
4484d67a
44a17f0e
44976cbc
44756c86
44904260
444e725d
4493d430
449433a1
44737fb0
448fd391
4484212e
4489ba55
44921f41
4480e2a2
449856f3
446b7403
44863a8e
44724cba
44687c7b
448c0acd
444dc1b2
44988165
4448446e
4483308c
446257dc
448cd23c
4481f6ae
443f697e
446fe952
448b36c6
448b6780
447d7bb6
446a8141
445bb01d
44a0b58d
447df43d
448aef58
448d2775
448e64af
44a18a86
448c805a
4495aba2
448bd1da
44824a2e
44901bae
44690584
4497e875
448f9948
4479d635
448f7c6c
446474e3
44627738
44632dd5
4463f243
44928cf6
44794a38
44825b48
4475ed43
44643c24
448b2e63
4451a256
446edf93
447427f6
4494eb4f
447846a6
446cb4f0
4482cb5d
445af698
445cd73d
44a12328
445ffb8e
4483b369
44577750
446b2de3
4488729e
448539ab
449eea78
4478f1cc
445a7c27
44830810
447b72f2
4490f106
44abb3e8
44607279
4495c924
444b0610
44b2ed72
44778df5
447a7c50
449d8580
4477d6a8
448689e2
4481dc28
445a76e2
4485179b
4479bf9d
448e431b
448fff27
4481ce7f
449145b8
446be94a
447f6114
446da3f9
4490ed15
449d45f1
4481c2bf
446e217a
447fdad5
448a5142
4484b5c3
447f879d
4485183b
44758cb6
445970a0
4483f90a
449631aa
4486c4af
444fce75
4494c8ae
447f4bd2
448c90c9
4477c262
445d83ee
44975226
4472cfa6
448dde2f
44577f8e
4460dfdc
449aadab
44479d0f
44948842
4472352b
444b1be7
4489b1a7
4469c088
4470062d
4475565f
444899a9
44763f05
4481342f
445e000d
449ebab5
44655296
448f4392
448b1261
4485c40d
44824f39
4471f16e
447dddf7
44849364
4463b876
44907790
4469010e
44c150dc
4472c4cb
4481a654
447114c1
446d884b
449df3eb
44582ee9
4474b3b4
446b45ed
446c455a
4495fa8c
448b085f
449c1a52
447092c6
4467625c
44aa78a9
447350b7
44962623
448e3ae3
44904204
44b84d28
44a0fed9
449700eb
445e27f6
44685714
44844cbb
4429584c
447915b7
44792fc7
446f18ac
447e36ed
4480c5ad
448aeb84
44623dad
446a8ddd
449198e5
445b8d10
445416ed
448a011f
4447e16c
44959a4b
4473d55a
447beda1
445e2255
4472fd74
44817f90
44607368
44680321
44678c6e
4454a513
4491c9d9
44848b47
445d49e4
44618d02
44734f5c
448fa7a8
4440ad7c
44a11548
44517252
4465948e
443973ce
445658cf
4454a97f
448437f8
44938a26
44894640
44580566
4491812e
44763d4e
442effad
4497e6a0
4473ce09
44a50dc1
447100b6
446c9b88
448bd670
44832769
44846366
449325cc
446b808f
44a10584
44758268
4454d7a9
44792085
44a3e61e
444629b0
4480f663
4440832b
44858b8c
446929eb
4447161a
444b2644
444e4a50
44554b1c
448fe9af
448c180c
44649db1
449379e4
4471238f
447977ca
4475e3c8
44853a18
449c6441
4483c463
448f38fa
44868961
448043bc
44694561
4460c076
44990406
4487e9a2
44816c0b
4478b353
446f42e3
447cf784
448a45c6
44848577
4482fb6d
445864d9
44936e03
443e3d5a
447a5620
44390371
445a499a
4470d939
4430b2da
445819f9
44636094
446ba752
44842127
445f1d54
445b7e59
445c4278
4493ab4d
4487dec2
444cd615
44789036
444f2eab
44610fb2
44acd445
446970b3
448bc9b4
447f9a94
4487fb7c
449392e1
446166d4
4467ef67
448e8277
44632b64
4497dddc
446fd2b8
4465eca7
4452c75e
446e607d
4482028d
44665944
4476b55e
445a7636
44430cd7
44784bcd
444fdfd2
44688de4
446bcd64
445d741f
4481b8a1
44250809
44a3982c
44549795
4436c767
44a3d366
4439a634
4488331f
445de8e1
4486cbc6
448d81d1
4458aefe
445dd0e8
4478a184
445ab5dc
44a855d7
443a6c07
446d02d6
444aa667
445fa938
44563aa2
4468b52e
448cd325
448065f4
445f50b4
44ad790f
445a53b4
448c8da1
448cfb5d
449945a0
4473063e
4464dfe1
44891858
443c7a20
444a5b46
448960af
446525c3
448b40e4
444ea005
44692152
44903e8d
446eddc0
4474b5b6
4485dc15
44608e3d
448a7d5c
4463314c
44ae99c9
449e57ce
447a3563
448be836
4454bce8
44709485
44454610
449aeeba
44825c31
448e4641
44839e24
446cc203
44931941
4466f1f8
44885e85
4482a006
444dcd78
44a48e9d
445bf9ab
4484e322
4493d411
448aadd6
44a481d5
447f7336
444d5a7a
4489dd19
446ae7fd
44bf0166
4484e740
443d29b0
4481f592
447634ef
44b859da
44ac5c2d
444fd17f
449b8a6d
44703d82
44820b23
445f2f37
448ca896
4484204c
4465e514
4447f1bc
4482753d
447af5b8
4497d820
446c2259
4483f135
448ebe71
446bcc63
4494b274
4479b220
4494fea6
448a5e31
448a4556
449583c6
445e685c
448e02ab
446b806b
44674bac
44910d69
44527847
447ec065
445c6563
449f2359
4491156b
44952087
44ad81a3
447d5fb6
448ad4c1
4462d5ca
443c5342
44aa2866
4457cbfc
44804b39
44902786
4445b58c
44833811
4483a9f1
446caef1
447541f5
4455f94c
4494e97f
44601d82
44778fb7
446a3ae0
44946d25
4456acbe
446a8229
449fdeae
44352656
44546b61
44896cfa
447146ca
4474422b
4490cd9d
4496b297
446c69f2
4470fe2a
4465dec7
4483fca9
443e0fbe
44b6ebc4
447f2758
4485b6d1
44808d53
448b4981
4492fedb
448ad036
44a018e4
446dc338
443c45ce
44a1a562
447c68ca
444f000c
449e59f3
44655cf5
449335f9
44685c75
44821953
44986d5e
44475e2d
44982109
44640ad6
446a4a40
448a79e8
448259fe
444e1746
4472ab40
4448693e
44599d97
446e9c53
4422a349
448b6f07
444f85fb
443b3a86
444ca043
442e5ab5
44625360
44669a96
44660a11
448e3a79
44648f93
447d25f1
44471b70
44532ff4
4483fbe9
446bb277
448a59c0
44635675
447fb534
4459e913
442ccec7
443cd70e
44806691
446705c1
4452200c
4464a2dd
4472f413
44704566
444a4a8d
4486d6f7
444c6bd6
44577bca
446300eb
44267fcc
445579d8
446d86d8
443ddfdf
4484b56b
440fcdf5
444c0c26
444f9f89
447825c5
446d0f96
441d3b13
44811c1f
445ca4c8
44873c45
44612f99
4451593b
447535cc
444091e1
448c0cba
444ac41a
446fa87f
446adbe1
445d20c6
4450ddd8
4483d0f6
44578498
443eb1c7
446b1d70
445c754c
4475d4ab
44624cce
444aa963
443ae508
445e631b
4440f1c8
443280c5
4446703e
44619ae7
44371a6b
442fb9cd
44576a88
44846497
444d5b9a
4463efb5
446ce52a
443dea00
447d6238
44454f14
4446efc5
44720871
443d99db
445a2303
446b4701
443ba2e1
44359f52
44438033
447f46f0
441ebe5f
446c1988
445cbfae
44298ea0
4460b4c0
445d4768
4459728b
445bb106
445e5bba
44738a59
445974ac
445df378
44941244
4446038c
446479d7
447979a5
4481351e
444d8305
44628583
447713f2
443da8cc
444cd7a3
4452acb2
44574f7a
448947e8
44383677
444d08e6
444037f2
445b600a
4461dfb5
4471ecec
445e427b
446817a3
44a0f918
448e2ca6
4492a19c
4487a994
449e1965
449e2a28
446062c6
44945b0b
4468fcf5
4477ae04
44ad2cb7
449499bd
4492d75a
44974d1b
44982448
44b97771
446091ed
4478820e
44933d89
448a5407
44a6e596
44832f52
4495f584
44b4e451
44860717
44a8d827
44618706
44998538
44bf55c7
447cc503
44a97d3c
446cd6c0
4470820c
44a72146
448c6763
449ff5aa
445ef186
449c48b6
445afe72
4483ec4c
44856f87
44794ce5
44a593e4
447b3ec4
448cb875
44912249
449be7c1
447c2caa
449df48a
445c7b0e
44a5f995
449659b7
4491f38c
44912e1e
447e7a7a
44aede26
4485d798
44925caf
44a2b082
448a17b7
44b6e23c
44857ab2
448ac21b
44a465ca
44730f2d
44a2dedf
448d4240
449f12cc
44a9b8c0
4488ae28
449bf4c8
4480f497
44618e2a
44858d85
448561a3
44aebe8e
4483bd7f
44916820
44947aa1
446774da
449e9e2a
44819f32
44723bcc
44831390
4492215e
4472e0d8
446f28d8
44ae8556
44841f14
448aeef8
44a80af0
44630bd6
4486c18b
44823562
4487d403
4494bdd7
44744e9e
44ab555a
446b2b1a
44654e35
44a7b424
44732cb8
44925904
449af6dc
448f92b1
44a83f7b
4455ead2
44badb7c
447a5dee
448b8ad5
44a4e5ab
446f56d2
449a42f3
4493d14b
44896700
448bd806
4453f5d7
449ba8f1
44a52ec5
4481c383
44a77fd0
44745af4
447ee002
44827bab
447f15c0
449f2fad
448fa705
44831304
4481293a
44ab883d
4482fa04
447c4ae0
44807c55
44647caf
448ca394
44507236
4476872c
4462a107
4475ca42
449471fc
445aaf91
4487166a
44682831
444d9040
44857e38
4466ba73
4495f994
4464fd1f
449d6248
4493c7d3
44827d78
449ba267
446a5796
44774171
449fc7cf
44617396
449aea7c
448acbbe
4454cfbd
447c9b03
44723a9a
449c8c26
448b7675
447465a2
4491bb11
4483581d
4463ca60
446f1a9a
4452b60b
4484af47
446f0662
44649b0c
449c390a
447ce0c5
44966da6
447b9f31
4477b9e4
44826ab4
4466f7c3
449be9e9
444da369
44950613
4469b579
44675be2
448e818d
44840bd1
4487fe99
444a0f85
448a18f2
44996c00
446b8c10
44869053
44827179
4496d95f
449e617d
4495ffe5
449eb5d3
446ad9a6
44851b8b
44939a4a
4432ce17
4488d2e8
446eabf8
447e7a89
448b40b9
4457e8ea
4480fd36
44607966
44644860
44826eaa
4423d984
4458ad19
44689388
446493b5
448496f2
4486650d
445bd44e
44586c2c
44943ca8
446251d5
443b01ce
4471b4dc
447aacce
444a509a
4499507d
4482ec29
4474b187
445ef54d
44817a4a
449aa3b2
447f66a2
448b9a85
448cbcae
446f3927
44821430
448594de
4483c50c
448272b1
4483a607
447c8eee
4443ba77
449672df
44452899
44440005
4489c8dc
44711ccc
448c5f89
44744956
44731016
4478f142
4455ab16
4479ffd1
446a5c54
448f73c4
4490316f
447a99d0
44764ed5
44874c39
449c68fe
4452165b
4460019c
446186f3
447a4a62
44818241
44836a9c
445177d7
44820cd6
44439c32
448c14ba
44898f21
446f510b
44824fe7
4441c75e
448ed210
446690b1
44686773
447dc373
44777cd4
4494b8fd
4469a2bf
4485d5d6
448564ea
446d2eeb
4483ab9e
44935856
445946b3
447d46c8
443e1972
4470e089
446ddad9
448da0a5
446e814b
446988d6
44893731
445ccb15
445b4398
44848dbd
444aac4d
44752b61
445d8d21
44841d5c
4454e69a
44811ed3
4469bfde
444f0505
44796051
445fd127
449a7968
4461af57
446e49ee
443c0dff
4468144a
447616b8
44a2504a
444b8465
446cfb85
448a90b0
44989626
44705751
4446abc9
44623d67
448b9f26
4451ff4c
44a0bcda
448bd67f
4471dcd6
447b6aa7
448b4935
445e222f
446f3767
44843f4c
4463f182
447ba3c0
446687a7
446d90d2
447f2380
4471137f
445e50e7
44640bcb
446e8a85
44869800
44456825
445a1575
44883cb0
446dd946
4462278d
447d16e9
446fa43a
44501d24
444e8f15
4464332e
444d6311
4454bfce
448a5a04
442746a4
446fb1f7
445c419e
44741dad
44957e8f
448df888
4488b3aa
447f43fa
4448445a
44a0e347
443df310
4484bf89
4497e36e
445a8d2b
443fd9ad
4473c77d
447f1be4
446f1425
445bf45c
44a83235
449b7fb7
447cb9e5
44405d24
445830c8
449fd063
447f4f39
4487940c
446f813f
4446f559
4489c069
4467db77
448c3fdd
44819086
4479a8ac
444aebc6
447952d2
4450fdae
44598f61
447bc30d
44453bce
447a0c6d
4482e1e7
4481b45f
448af8d4
4478e8fe
4479c9b7
448ca9ec
4491ac7e
44ae1047
4461b068
447b4f12
448e3775
44723e74
448f24c1
446fb96e
44727453
4462fe54
447d0589
44a3a873
44814b27
4453b370
445d4aaf
44700a04
44a3ee4c
44730b59
44579cf9
44554bb4
447986d8
448e94e4
445f4650
444db63f
448bf9de
44951056
44688d76
445443b2
44826712
448bd0e7
4483f90c
444b8e48
44721e3e
44823b1d
44891a7d
44728c0b
449ab76e
4460dbfe
44642cd2
447d0119
4486c218
4497968b
445a1d2c
44967bae
4489e0c6
446d4752
4496bd42
44686cc6
449122d8
4493e893
4489b905
44aa5eab
44334a83
448f9549
445feb95
4454918e
448b0e00
44507890
447c72ac
447d06b3
447990ef
448ff2a8
44655605
4459d3ef
448e71f6
44821203
448e6f80
448ba91b
444abd49
446931f6
448f5c8d
4469fe8d
443f33bc
4485bda6
4463aec8
4437aafa
445b1769
445efde5
4458ea83
4484645b
447d55d3
4437a9a9
44587fff
4454b883
4494b2c0
445cc48c
4492e630
4474975e
4488fd32
442517f0
44840444
44679021
44606ea7
448d31ac
44709687
4454ba00
449b4153
445eb060
44274bc7
4481729c
4474376f
4485eb60
4474b15d
4462a116
44a17716
445c08a9
4482219f
448fff1a
448e47af
44848c58
4490d08f
4474ac78
4498eed9
44930c69
444e9734
44b8c137
4484f858
4481fd5d
4485fff4
44897490
448a9a83
4468bc9c
44882d0a
4488803b
447903da
44934bd6
4488a39f
448146e1
44886460
44880798
4479e434
4466a85c
4498ed4b
447ce247
4462c2eb
44a0858d
445b24d9
4455d730
4496ea87
448122bf
44a60530
4482242f
444d4023
4478ffa9
448bbccd
44b4c144
44506efb
444b5d1d
44a09c3a
44800eab
448c7f26
44704497
447f1f4c
448a2338
4437092b
4499ed02
4475fe1a
448b1003
448dd4f1
4445bca9
4488dea2
444e46ca
448aed54
44970e57
4470a14c
44505f52
44886a84
44920840
449c58a3
448528e9
449ad1a4
44958e59
446b1abf
44962ccc
447c9ee9
447dbb02
4497334a
44662066
448cc6cc
4477226d
4489c91e
4480e913
4484e723
448432fa
4468f2d4
449e1d1d
44767201
446923d1
4483cc55
44807deb
448de297
445c94b8
4490fe9a
44908d1c
4468849e
44b6291a
4468a256
447737df
44938194
4485232e
4486add5
44894aa9
448336de
4477a38e
447bc0ac
44889b83
44479213
447ccff4
44a0b2eb
444a18e8
4459e32b
4485ecdf
4496cbe6
446d1920
4486b1b5
44945325
448b11b1
448091c1
44aa8a4d
446d8318
449153a6
44983d3b
44957440
448fd0c9
44939a6c
44924ad9
446a3c35
44947c1b
4477af48
44826f04
4480541c
44673379
448e1538
4463fad6
4479d7e2
447ca444
447247ca
447e20aa
44945050
44918784
448328a2
448a02af
4464edaf
448d8b41
447dd635
444336ba
4444a9b2
44887b3a
4484d6ee
4491cb90
447391b9
446380f2
448046f7
44680bc8
449e9f12
445dcf5f
4463a9ac
44885865
4461458c
4481d40d
448a6500
447f29a6
44a3c7fa
4447d7b5
44820d73
4478d4ce
44836caa
449bd651
44536e8c
448d6893
44703710
447926c3
4489d219
44698c3b
4492a8a9
44785541
44832f88
44767fa4
4454c903
44962c75
446e9c9a
4482ee78
4442defd
44750537
44842ee3
4474a72a
448d039d
44640767
4480f2ce
443b12a3
4482d4fd
4434ad3a
4486cfc0
4437ce6f
4478bed0
4486026d
44890655
4489660c
44814860
448a22af
446e46eb
4460ca6e
44868f35
4461204c
44a0189e
4467822a
448f2b39
44729923
4479e144
448f2b98
443e1981
4480b838
4460017c
446d5d45
448d0314
44418385
4458d723
446433c7
44602f62
4488a593
4446e66d
44580638
444b55d3
446970ee
4453122e
446f8607
447797d2
4469d82d
445d9ce8
449a7793
44344384
4439cbff
44700383
44834658
448b4499
4476b07f
447d0d5b
44549acf
445f1b2d
449c6946
443b5c38
445e2e8a
44944d4c
445a36ea
4499d7df
444a6202
44a5d50c
4477d19d
446ae0fa
44a29b1a
4468350c
4460d6a8
44846fd9
444d322e
446a0e9f
44531b09
447c21a6
448a5bac
4454113a
447095ad
446b2df3
44731073
447dd2d5
44561b56
4480c85f
4458f19d
44850e99
4465a1cb
44b20a6d
448f2711
4482e91b
4491c354
4481c22c
448a9f10
4481e1a3
449cc6c0
4489888b
44804c48
44945658
4478f4ae
4487f7a2
44750906
448d1164
449f8292
447e50be
449f7c50
44829bab
44832632
44931bbe
446141a1
448a4c8a
448959e0
44834b64
44aa544a
447416b2
4487aff1
449ac8d0
447a62bd
4486c055
44865fef
44abca88
44adfedb
4475742c
44b2dc76
4485c302
44412623
448c7f58
4473aa1d
448a02c9
4495895e
44526ce3
44a435f8
44874ecd
44abd1f2
447c9e78
4493dec5
4494e409
4478ae8f
44a907fd
445f81af
44817fcb
4482f3f6
4469917c
44a4bc68
44803737
4486a7b2
446dd905
4478f470
44a180c0
445d33dc
4483e64b
448ce31d
4495d77b
44923ff8
44916e9b
449a0a43
446e691f
44781313
449dfb88
44642a06
448b77b7
4461223b
44835d61
44865c4c
445b7e72
447b4e2d
448c4e41
4445b8a8
449169b9
44672ac9
445c9fd0
44845231
44579dc2
448ea2ec
4497f621
445ecdd5
4478b423
4485f138
4462e515
4463ce42
443f544f
448c21f6
44503aaa
448e0e4a
448e93ee
4447beed
448f6a47
447dca8c
4491cf07
447da9f9
446ab236
44809e8e
44894650
445dc48e
448c86a4
4471f291
4480b9cb
448babae
4477acaa
44338682
44943ac7
447756da
443e2c7d
44a1dde4
4474b886
44a8b3cf
4498c8d6
44808005
44944daf
44773bc9
4489d4f7
447c36bd
4482c326
449af296
44707cad
4494e06e
449261d2
44a0ebce
447ce98e
44a00855
44868a6e
448af0a6
4499a410
448c43f2
44828f68
447ae08b
446e1628
4483361c
44889b16
4480b8ac
449f3484
4482c8db
44a59924
448880c2
44900ffb
44a808ea
447ec5a1
44afd799
448b0959
447fbc60
449de74e
447ccae0
4488c78e
44804a23
44834224
4499755a
4482d251
44730ecc
448928ac
448d4760
44a09398
448ee98e
449bee99
445eb50a
449b1f16
44977312
448bf2b4
44a0fc6d
442cf65b
448c609a
449c6ec6
448419c3
44a19027
444dc9d9
44913600
448ba389
44889532
44896606
447f1d23
44596a2e
4487e4f8
44871d4e
44a04b1c
4480c0f2
448429ce
449e3a6d
447ce502
449f2d5f
44651db5
44899749
4489dad6
4487221e
4490cd5b
4479eef0
448688e3
448c507e
447ef133
448ce5af
448e9f7b
448d33b1
44a2eafc
4435a661
448cfdee
4479e7e7
4481f5ad
4487952d
44811c7d
4481c89d
447b71f7
44a44dda
448b5c7a
4485ba98
448cc0aa
44620437
4481a226
44acead2
44700fed
4492a03c
44658b19
448a806b
449b1ecd
446d7d2c
44967c47
445b183c
447e606e
449f85a6
44534536
4479b435
4496be7a
44756e63
44997d88
446c2358
44ac7b30
4468f713
448b993d
449e5a62
4496c70e
44817d05
448bdd33
44835f07
44873e19
4456c955
449acabd
4484b148
4475e258
449767d6
44869ac1
448c8d72
448a205a
4488bf37
4494c3ad
4454cc33
44977cfe
44ad8368
4497d98e
4468441c
448888d3
447a3949
448b4034
448bab1f
44457065
449a6dbb
445f625d
4481b10a
448bbc03
447cff43
449d89ee
447b8305
44906c4a
448de0c0
448f8684
44a5c518
4471559b
4497f745
449272d9
446ac22e
4496029f
4483a29f
448d4af4
4497c19e
44637e6c
44888fe5
44823058
4469b1da
44628aad
44568705
44a447f6
44937c5a
4478406b
447aab9e
445e383f
448301f0
445bf3a0
449f2ca6
4489738a
447bc56d
447e89c9
4485d283
445fc56d
44ab72ff
4474fb38
44a12cf3
447982ef
445a8e47
4496b825
44531b2b
4498b47a
444c1c03
4495bc45
4492d73c
445f6dc9
449bed44
4467ad93
448351f3
4495f782
446aa7eb
4499039d
44631168
44976346
44a84c92
44667d4b
4493e31a
44749fa3
44976b32
448383d2
4443caa3
449e6d8e
446310aa
44980952
446eb161
4456db2e
44a27927
4455c60b
44742ccb
448f1377
44620651
449619a2
448539b7
4482d026
44801b60
446d10a7
448556f6
44678109
447fef93
44707a69
44507b87
449e2687
4454c383
44772c08
449a1eaa
448e2778
44829572
445c238c
448b0649
44854336
445dbe2a
449c29d2
4460c98f
449fa1a4
446dc2c2
448416b6
44575ce0
4478a177
449c952c
446eb501
4450a61e
448280a9
4452fb99
44680b0e
447c1eea
44528c70
44b7f6b4
446e40ee
448da95e
4451ef54
44527b4a
448f493b
447e4874
446aa15b
449b6df6
445c9d45
445af373
44630152
448cd893
4463c3b9
44834fe3
447610f8
448265a0
4434dd17
4455e49e
44525deb
446b450d
445f02b6
4447f8d3
447fb1b2
4467e9b8
4471e3ea
4489298b
446095bc
4470711f
4489d6a4
4443857d
448479e4
448839df
446832ac
44854eef
4451f991
4445d62a
4496d227
4473da0e
44767194
44918542
4437ff5b
4472a582
44787e2a
44928395
446e9d11
44794798
445daddb
443c8522
4452f6bb
446b6cda
4469e346
446ea6d4
441ef48b
4494047f
4456caea
44673f3a
446d8167
44456b8b
44632a72
4456463f
4498eb36
446d46ae
4472dac8
447266ac
446c8a10
445424e1
4467093d
447e5c2f
4484dc5a
449ab679
447753b1
44888bd1
446bff79
44a08d24
4483bc90
446328c7
449b8d9c
4452f323
44578ee4
4475725a
4426827b
4467c218
446fbd4a
4474569f
446b964a
44544af8
4451eecc
445cda8c
446caa89
44584072
444d066a
44947650
44448b6d
4489ae9f
44531706
445bc1cf
4486a9e4
44509c84
445f598a
447d238c
4463762b
444d5711
446b5851
4456bbb6
4466c115
4454a515
449373fc
4428741d
4445b432
4465c84e
446bde06
44801955
446ba262
4451b574
445e7c3e
44459a1d
4494fe55
44728c1e
449ab5a2
4490b806
4482e25c
4482ac6e
4479f83a
44663dbb
444c576b
445f2839
4459457c
4461ff18
44853044
44591fd8
4463a8a8
446e7ca1
44445bfd
4461080e
44843e5f
447df085
446361ca
44a0e997
44891ebb
449cec10
444a1558
44732526
449afa15
443e5e4d
445b0856
4471b695
446e8ed6
448576cb
44804b0b
4492506c
448c73bb
446761d0
44a3348f
444877d6
4454b95e
4471b1b1
445f875d
44a080e3
44659dc4
4498940e
4484764a
44676402
4479c1d1
442a74b8
4482d81b
449052e1
442b5001
44a0b75f
445a4e15
443a2782
4499ce98
4489ee0c
449ad1c2
445c0620
448f33a6
44755148
4448ebfa
4448b00c
444c1655
44682827
444a3cf7
4467e630
4484081f
447d6b9a
4454fc70
446efa05
4449f06a
4486a256
445e3eb0
4462c55f
44828499
44510cd2
447ea063
445a48ba
449bf141
4470a727
44550f82
44927031
4462e13d
44865055
4463dec8
446bbcbc
447b0538
4484e1a4
4487b190
448253c4
448cd91f
448c1e4b
445eaf0d
446d92dd
44644a22
44661593
44ad86ad
444aa0c2
44897e6d
4487deee
44733b18
44602825
446c0cf9
444e04d0
444c3a3d
44834182
449e0041
443bb0ef
4474344c
443afa79
445815b2
44a68494
445e999b
4467a9a3
44408a7e
4464b53d
44491f06
44736d3c
44815a0e
4459eb12
4411d8b9
4496910a
445afb07
446467ce
44893cbc
44654a78
447c9855
4446bfdb
44baf0ac
4444a738
444ef816
4484c459
44601a9e
44888631
4474bcba
4439ffde
447a1f3b
443f19a0
449067df
44764b42
4443b926
44995236
446f3ab3
445f1e66
445dd403
445b5c3d
44adc09a
443e3af7
448af40d
446419f3
446a4595
4479444f
445424ec
4468c2d1
4446411f
44804e0c
444e3018
448275da
444369f2
442be175
4468daa6
4455411a
446fb8e8
44473f3d
4456e789
4467c5cd
4461a712
444abdee
442e3e15
44740d9f
4485c659
4461809c
444be84c
446ca8a1
4452980b
44808270
442b8d30
447e10c4
446140ee
44593c14
4486cc8e
443be008
44699d1f
448c3596
443d80a4
44761813
4459bc29
4439d61c
441e7f8c
4433b104
445ff0c8
444542cb
441a3ae5
446afe28
44670130
449c1125
4451c747
44529fca
4451808a
442c0da3
448ccad5
44625116
447c1a59
441f6a6e
4439f120
44968b1b
4483827b
446c0c34
44577c80
444a860f
4486e6ab
4452873e
446a867b
443b4a2a
445da792
4489f384
447cf271
448afe9a
44232739
44421e06
447fdb50
445966c8
4448ea53
44533aee
44881739
44863eb9
4438adf6
445d5f3a
44620d44
44375cea
44918294
4416d507
4475a6a3
448a3f37
443f9a96
446ff585
4451a75d
4452ac50
442757b0
448dc9f2
44570036
442b6d87
4439039e
44613b75
44237108
447dd268
44671891
4449ef88
442dd042
44367470
4484eec1
4458ea03
447582d5
445fa53c
444f9022
4449731c
446744ed
44670b7c
4483f406
44645b26
448717cc
444401f7
4480500a
446579d5
440732d6
44987b2a
443ff203
44689595
445ae5c0
443507ed
4481b041
4428c822
446f4538
447520fc
445d60b3
44523888
446faff1
4468baba
448e4a85
4499eb93
44319fc4
447c4858
4450be8a
447b3f55
4474c06c
4473309e
4465567f
44238616
445cd948
447c37f6
4476b6aa
44877de6
4486f6b4
446f9642
448013e5
44689ef0
446af782
448df432
4480d0e7
4487f734
448c4ce7
4493b59b
445b7eb4
44738c48
446f7081
4482f543
444ffcd3
4482dfb2
44794d55
4491aa25
448239ca
4462923e
44597417
4458ec8c
449a7554
445f8da6
447347af
448336ee
44723a99
448a4ed1
444d7820
4482a5e7
445f63af
448a18d1
4475cf06
445a53be
44829fca
44668c00
446de0f1
445fc458
4446ff4b
4438d89d
4465cb2e
4481b224
4497d12d
44804be5
4460c215
4488fb07
448446b8
4474effe
4457ac60
446fda67
44726c18
44774ddd
4497aad6
4462eeb5
44652a9c
4481e2b7
448c085e
4487bd57
4450479f
444275a4
444ceb6c
44426b2b
446c7eee
4465f988
44852b24
44568465
44860871
4442942d
44554368
446a0fae
4424d63a
4473c688
449a8c0d
443d40ab
4493c613
448b1bcb
446a772d
4462f7e9
448279ce
44676fcd
441ebc9e
447249c2
44977888
44430a6e
44611eac
445e297c
444dcf13
444c3c16
4473ae7a
448cf477
4468d70c
4480a68b
449f6998
445f6c22
44914b6c
44883921
448b4f85
44864a02
44814b80
44915bac
44419a90
446b767f
44807840
448a1a61
448c4325
4435fa58
4489715b
446b791c
44419c6f
44697834
4467f50b
447818b8
4475e060
4431cbeb
44729cbc
442a98aa
4460ff68
4430db22
442ad686
44275b36
44271241
44813577
4445c206
44518aa9
44488c56
4425c7ca
44824cec
44400ab0
4445b168
442eedde
444327b8
442aaaa6
44302901
4461fce0
448d16a6
4456b2d4
449299ed
443e4b37
444363be
44498f10
443458f5
44806ae3
4438e0dd
44419adc
44152056
44114005
444afcd6
446dda5f
4438f26f
4468b618
444dd61f
44678706
44312fe1
4427c86a
4434212b
44398f50
44593fac
4449a42d
442182cf
444aef22
44478513
4426e6af
444edcd9
442c0517
44453db2
4430d093
445fb1d8
44311950
44617c87
44599baa
44361d42
44640a3c
44294dda
445cf329
4432318b
444dc842
444bc6fe
44356195
4442f9e8
44529597
44425441
44614d45
443f1edc
4439b4c6
443861fd
44310ffc
4441efd9
444269c2
446a029a
4450f97d
4431be97
4446f976
44245775
443ed715
444329d8
44242b63
445983d2
44319b62
44298a33
445af3ea
444397a8
4466733d
4422f65d
442c1e0b
444d10df
441a0e4a
44407c51
4459da06
4422f5f3
442fdd48
4459976f
443ad81a
43ff76d8
44791cf6
443b824d
4459e349
444e965f
4441249f
44611a83
44359414
445473cd
44344a93
445c6f60
44666977
44219605
442370fa
4468cd81
44413a3e
44182c2f
444e475b
444ace6a
449069c3
445f0796
44563657
44466f2a
44277cd7
44910a3e
44357ec4
444bb7ad
44669345
446d60e9
44699bf6
447f3d95
44a460f6
444f02c9
44a20726
44708a85
4489e16c
446bd7ce
447a3e7f
4480cea4
444a4405
449541a9
448adf62
448c9034
448e7eea
4483a454
44875b59
448a8565
4480e50e
448a4fcc
447c70c0
4494e085
447d591f
446b4147
4496d2ce
447044ce
446f6d2f
44876142
4487c3d8
44842d1a
44751643
4483d9c2
448c352a
4489c591
44990648
446e0007
448b524c
44a0e7e4
445ff956
44792e2e
4474ca0d
4444c119
449f3397
4454f676
44a76995
446e88b2
4489784a
4489c09d
445e35ec
44a716f7
4477a573
44890223
446b01b8
445795bb
448205d9
445ba870
448b454b
44995ce1
445e661d
449f9bd8
44624f36
449d5805
446eb304
44656fc3
448782ea
448631b2
4484c841
4489fd5a
4470713a
449b031a
4481fa65
446d52c8
4472878c
44807325
44986e32
44822b68
445502a1
4470ee3e
446d6e30
4496b7ca
448d325d
4486547f
4479157a
4452cecc
44a9c3d8
446e3a26
4463418a
448afd46
4446a1bf
44914df7
44903e26
44510409
44798120
446764cf
447a7fcb
443fd5d0
445da83d
44ad036d
4413d3da
44902447
44714c2b
44615f93
447ec71e
448414c7
449a9f17
44373612
4479755b
44ac86bb
444d406c
449b6342
4487f373
448394f1
44847298
448d5b33
4485761d
44711568
448ba0af
448a4298
4491f49f
4466f25b
445e6568
4465a00c
44641cc1
445fb709
449118e8
447fd47c
448f75d5
4481776e
449d10f6
4498ca1d
449ec7ae
448b92f5
4497ea60
44976c96
44839743
44a7d260
44a3bdd8
448fb905
447ebfc0
448202ae
44991285
44ac75e9
449c3a48
44a3c075
4483cfc1
449bd954
449e1db8
44970900
44965549
448ceee6
44920442
44aa1bb5
448efa34
4499fda2
4499e6fb
44a2e0eb
44ad9310
4482254c
44b06841
4470476e
448af58c
4496a1e4
44948db1
449b10ed
4485d718
4497727d
447d22ee
448923cd
4493bcb2
4480b734
449d7235
4457fce2
448b683d
44b4fb99
4495313d
44888493
448d3263
4454401d
449e162f
449524b6
4488bfca
4499e1a2
448e033f
449a1fce
44873a02
4494352a
44920e78
447fa05f
44bc2f98
4499cd93
4492df17
4479355d
447529f8
44a66dcb
4480bc80
448561b2
44a524d8
4484dae3
44a41c78
446f71cf
447cb1ba
4497a22d
4492a329
44b0e3de
4476a5d3
448e5d69
448e48dc
44894fcd
448b3bc3
448d6888
449b0a14
4479f817
44b04c8c
44955367
445a7961
448c0305
4486489e
4480db21
44b4a5da
4475f511
448c5aa8
4493a7cd
449d7d4d
4486213c
449163e3
448e7a9f
44827f96
446b98f2
44b3b302
446ced92
4481f704
44aa12ee
447e748a
44af36e3
44651b0a
44bbf229
448a9bfa
448adda6
44c3082f
44984817
4487741b
44901801
448120fe
44ae1ca8
4486b14f
44a5a7c7
449e20d2
4484cae2
448e74ad
44716250
4485d004
4484b2c2
4488e339
44b2b455
448350eb
449de748
44806717
44c9d072
448d60cf
447319fe
4459d017
4485b52c
446a4a0b
445cb157
448c386f
448a621b
447f9aa8
44b0536c
446983de
44a12cae
44817f7a
4487e66c
44ac7062
447d3a8a
4480ad00
4480b3ae
4478ee04
44a86a43
4473d845
44a29dcf
447bcf9a
446c2a2c
44894110
4460d128
447b8095
4491ae16
44745dc5
44887401
4472bf3e
44960722
44950bfd
4465dbff
4495cd56
449e0194
448891a8
446cbcb8
4473085c
44962092
447a54d4
4457e8ad
44758a2d
4485833d
44ada68f
4462ec91
448d3f27
448dccb8
44865166
44a299b9
44665fd5
44ad8603
447a2d02
44900b22
448bec2b
44968428
44a2f12c
448d08db
449085b5
44ad7b7c
44767abc
4494d61c
44686870
448ceb20
44ae5e26
448d0a63
44950988
4490ed8c
44783e28
4480c021
4439c52d
4481907a
44765e7d
449361cd
44922483
4464769c
449dcb88
447e76d4
4473513d
44a8ac38
44693844
44763332
449882ca
447385d1
44928634
44553eec
445945da
44616abd
448ca277
4497f223
44666332
448708f6
44811b42
448660d4
44c14ff2
44894320
44585f0d
44745e40
44735b17
44b0cfd9
44490638
4492f57c
4490defb
4480bf11
44a1277f
448c46fd
44762603
4492505a
449b9f6a
4498b9af
44652fcb
449b19fc
44855f15
4458a69a
4483abab
4484f101
448906a2
44722fae
4476a072
449103ae
4439af78
448f9f63
448aa8fe
4473c67d
449e1332
448d9a47
44964df3
4485cf3a
44af974b
444663d4
4456fada
449f5819
44804006
44850637
443e9d3c
4420ad3b
446dbe3d
4479e073
44898d48
4489808f
449b0561
44965107
445a928c
449dd363
44871bf7
4461af28
4489c423
448d8d4f
448ed1ab
446fe006
449387f0
44843e7d
44673337
44973a93
448e7104
4436bea6
448df656
44241b2e
4472cf83
447f8e52
4486e327
44952e05
44820975
44aa0607
445b84fc
4443d9bf
447a873e
4484bbf3
448e1ff5
44496592
445a5dca
4479957f
4483352a
4485aacb
4450df22
447c98f6
446eb352
4474c00a
44646393
44492ed4
443be657
44807e2e
4470836d
449e0b92
446a974d
446ea8df
448c2ca2
44733034
4451ba9a
445efb63
445fb408
4498f3f5
445065f0
449836e8
447e27df
44544087
44993256
44730748
4489173c
446efd74
447c4117
4488b325
44629c36
4476075e
447b9c38
446caedc
4485f265
44601a69
4490936c
44442b71
44988d6f
44751bae
4458ddb7
447c8aa6
4433138e
4479e688
449ce505
44498ae4
4456aebf
4416c5ca
4484f72b
445fd6e1
446b356d
44ae9e8e
443aae70
444a70b8
446523aa
4478ea69
44886a72
44896306
448ebc83
448cfe91
44626634
44b25dba
444e2af0
446eee58
4494e386
44873c3d
44898a1b
446bbcc0
4480d42d
447cd614
446c0c4d
44a10e10
4463669d
44631189
446547ae
446e2451
4481f1a9
4439d58a
4479ab0e
447cec31
445c9721
44802f13
446a6dd6
445af96b
4479742d
444b4725
44677693
445ab87e
4456e631
443a68fd
445821b2
44732ae8
44530797
4481e197
447b4ba0
4482416e
446d00b6
448ae91d
44271bcc
44728a23
44a0a904
446215d5
445ff790
4488f568
447fd005
44a13ea9
44589b11
44324c15
448707b5
447b2562
44ad277e
445370ce
44365f7e
4454f46e
447f644c
4488413a
4473477b
4445a3ac
4452105b
4440d47a
448a11a1
4463fd5c
4456b574
445bcc78
446f3aa4
442d73f6
4455dab4
44788590
448be41e
44694b4d
4482bf7c
4460a241
441ee235
4472c3b0
442e5a0a
4460b711
443aea19
4466ac93
4494a962
44561cba
448fba4c
445cd93c
4463a75b
449029eb
4466184c
4480a8c8
44491a3f
448c81f1
44555508
44713068
44875cef
44374870
44812992
447ba105
445544d2
447bc4fc
445eda5e
4446a100
446b5089
4450484a
446e9681
445b7825
4473e721
4477a74e
4450050b
44691845
4463418c
44429506
44478de1
44527c51
444fb55d
443fa95c
448f8f97
443bc63a
44286db8
445d99b8
44368830
4443cc75
4483120d
4483adbb
4456e377
444c4da8
447225f6
4470c940
443aefea
44980d37
447083f9
4469dd69
443dbc0a
4485ebab
4492bcb3
446f589f
447c6842
44865581
4466b5f4
446a7736
447778d8
44481afb
4465938e
44636bb5
448b17ed
445de793
4460030f
444e6137
4458227f
44953afd
443867f4
4493fd29
44660fb5
446c3838
445e8772
44645f23
44902e90
443147e9
44694cf2
447989b6
4461ea62
4451c59d
447564a4
447f703a
445b70a4
444baf4c
4480a2bf
446520cc
447a1cea
4456d15f
446ff06f
444add6c
445434e4
447d59f8
4457e74e
448628ca
445d3692
44631f8f
4480fa46
44514cb9
444ab335
44441ef7
445d899d
44573a46
4480553a
4444f66d
4437516a
4473bb84
4482cf9a
44494310
44637a47
4466160c
443c6b75
4449fe4a
443bc48f
43f58931
444fb997
44439126
44840a44
445494d5
447c5a03
443ce68b
441c902c
448b381f
444440da
446785b2
444ca982
44538a65
447a741e
44416df8
445fbc9e
44658edb
4471d7b1
447de5d7
445e0403
44880d91
444f2002
44499896
4486ce08
447bee82
444be9ba
446dad58
44719a0c
44422fcd
445bbb70
443b231c
444beec5
44449422
44899848
4449d840
44332961
444a2864
447f5e57
44848be3
4464a11b
4458e613
44539883
4456b9f4
4486a137
4480ebcb
44225d51
44676ea6
4478549b
444ea076
44869ccc
444fee82
441cbb52
441cfe01
4446cd0c
44414cc5
4423f31b
4458e489
43f481f4
44881e96
442a915c
444f7cb0
446c6633
4450630e
44573309
44482145
441eb16b
448ec131
4414dbfb
446fb0f0
44805f94
4466fb77
445fbea8
444bf109
44753e6f
447620a2
44524a43
446f4ae3
4478502b
4470ca88
445a61b2
44594a0b
445c08b8
443de684
448245d4
44556d8e
444bc15f
44557bcf
44a8d5b3
4498351f
448428cd
44808091
448bc4fb
448b5526
448309a7
447d6525
44857159
44718ed2
44930de0
4484f880
4492f83b
449de24c
4486141b
44a4871b
4484cf39
449780d7
44926736
4485ce75
4492230e
448b5dff
448d7d4e
44a5487f
44864d80
44a0539b
4497c4f5
448b6177
4494e637
448caa6d
448fb553
44768da4
44976369
4497771e
44905984
4497d937
448fcffc
4488011e
4474e844
447435c7
4492d457
447a3c44
449f8639
44803ba9
448e065a
449869bd
44b2b0bd
447b6e10
4485d81a
447f70e2
448fde04
449b81b4
446182a2
4498d50f
44651d86
447e54b0
448e6c7d
4495a7d1
448471eb
44652cf5
449a725b
44a318a8
4478fc60
447bab5a
4478ed24
44a61a05
449dd0c7
448e9ef1
4499717d
4487a0e1
448d232f
4473e218
4452d1c3
4481fb20
4470f3a7
4489f4b6
445244a8
448e9bab
448d96b2
4467924e
447d5cc9
448927b5
446172b9
44738c2f
448d4208
44656926
445ee958
44851ab2
44610e18
446cf54b
44a7b1a7
446faf3a
446ef0f9
447933ca
4493e4f2
448818de
4492d3c8
4492f19b
4480a63e
447a7246
44997a31
44733a76
44549b0f
44acd786
446aadcf
44a25c79
4468801e
44a034e8
444ad64b
448b6905
44a6c759
448f38a2
446cf558
4487eb89
448ba0b6
44915e46
4485f661
447ac33e
44a2b244
4489966c
4497c5d9
448b3a0b
446441cd
44956d2a
44860792
44a1272d
446a4894
448884b9
445829a0
4470c3d2
4474928c
44646d01
44561d2d
445556f9
44905c0a
444014e6
4450f516
44601152
446bf23f
4473bd7b
445d3d64
447222fa
44811fea
4467a77e
449758e6
44858e54
44705629
44813746
445f7125
4482d0e1
44644e2a
444d6771
446d11c8
44712408
44828453
444578d9
446212e1
44548056
44538e06
4452914e
4435d928
44776943
4490e5de
4445723a
446dfb1c
446630fc
4454fe05
44513752
444a139a
4489b53d
4469a9e0
443c4550
44743e2a
444a36ae
449c6038
445929a9
44576f15
448cb23a
44845fea
4492f3fb
44400857
4488f72d
446cf6ca
446cd1ce
4479f10a
445cf189
44809b4a
44768f36
446cd498
448e9664
4433cb56
446fc667
4462f710
446f9145
44a91fe5
447078af
4478fd31
44558f5a
44471de5
447d6b0c
4443a4f8
44473605
4466dbe8
44580c46
445a2ab8
44328f7e
4460d666
44433c18
44632d75
44583116
4471caf6
44412188
4473fdb3
44522692
448ba888
4464a036
4452a585
4474187b
4463d7b0
44759927
443a2f78
44444e0c
446afa6a
4449b3fa
447bf310
446737bd
4423cff1
4468b8b4
44523376
4487d007
4442be52
445afa3a
4480b295
4444807e
443da520
4482d856
44579668
445ed0d1
4477772f
447d6f00
4428d3be
44685c82
4467b672
4441f234
44611227
447d960e
44696c2d
44843fd8
445498e0
44738f05
445500d9
446f2ea5
447baa10
4469efe5
448a6488
446a6137
443b65ca
448136d4
449e9418
444c78c4
444b4c84
446410f5
4489bde3
443a640a
44838330
442c4dc2
44758731
444daaa8
449bb2d7
447fee60
44904e61
4472ea98
44852bb7
449c0550
44638c06
4492a71f
445540a8
445de9a8
4490a837
447253ba
446f8542
445bc32f
44451153
449d10d7
446de53c
4455bb93
4466051e
448a73bb
4450eb50
4483fe25
44566f44
4476e06d
447228f0
448bd626
446a90f4
446f590e
4456ab79
44698734
44a5217a
44333a57
447106ca
447281b8
448766ef
448d0d7e
44502446
44872682
445c9361
446a9af0
448fc237
446a7bb0
445a35cb
447cad07
446817d7
44a2ed4e
447d4056
44807c64
44736eb4
447f75bc
4499e6d3
448208ee
4460738c
4485caec
445dc6fc
4495a763
44867f0d
447307df
446549ea
446f791a
448b5237
44529696
44811fd2
448a2b3d
4468b1a0
448f07d0
4438a0c2
4453444d
4465addb
4452baa4
44820d9d
444a6c5d
448912bb
44864dea
4423a507
448a8e84
445410f5
443e1621
448ad231
445e9207
444f1dac
4446ff63
447acdbe
44600fe3
4476fb48
448429d8
4458bfe8
44658e9a
447f3eb6
445f4371
44981616
4474a9fb
44649765
445eab34
44603764
44aab041
44493691
4448949f
44864567
448b890f
4485f85d
4465810f
44809f51
4445185a
4471b6fb
44960620
44867d0f
4476a53a
4461ccce
4448420c
444076b9
4477205b
447b48cb
44763d34
44516cbe
448dc994
446a3281
448a2d65
44865304
446a06f4
446c8382
444114cd
4430fdae
4453ed04
4484061d
4464ea47
446cb0b8
4475f6ea
44622a5d
448f0def
4434c7f5
44802061
446e88c0
4446fac9
447e939a
443a706f
448585a3
4473b033
44679d5f
44869244
44571ecc
44343fae
4495a75b
4469fbf2
44a907ad
44628bee
4441b262
4468ae5a
4469354d
44b181c8
44864bfe
4455ad9c
446c9ad5
445648b9
4448e6b0
4466f85b
44513fc4
449011ff
446a8823
444331bd
444a3b8f
443878de
448d3355
443f754c
44803288
4448dd62
4437438c
44888bd5
445cee5a
44927c28
445e8208
445b3bfa
44879986
447cab56
4480d119
4457f904
4486ef8b
448dc97f
446f10af
4485ec7b
443a3168
44770f4d
44ac556c
4472ec0d
44a13396
44521807
445a273b
44371672
4434bba2
449b52f9
444682fc
4461c13c
444bed3b
4450925d
448816e4
445998cf
444bb683
44852332
4441846c
447ff45f
447e98b3
443d62b2
44759589
447c4f4e
445e6099
44318774
448451da
445959ed
44385aff
449360fb
44539310
443b17bc
44868dd9
44903744
447715c8
44203cff
4486dd76
444bf2c3
4451f19a
44971dfd
444b88ac
44725391
4465766d
4482128f
44854ae3
447e6fec
44818d98
447efe02
44201a0c
44a47077
445877be
4442df0b
44634c1e
4481ab32
449d11fc
4444bc03
446b332a
4483f7e3
44650aa3
449c8c1b
445b9564
44776c00
4483e0df
4433501f
4447279a
448a7389
448969de
4466f36d
449431a4
4447de4c
4473549f
445c49f8
4485d93c
448e20ab
446d3355
447c3148
446a7c61
4470d7e0
447ef14c
4482078d
44810a16
44819a3b
44765da8
448e2087
445e086d
447f6712
44853b64
4466660b
448bd96e
444a0dc3
444c1833
447bb882
44830d42
448d56bc
44819a58
446e1b7b
4483845e
44730327
449fa056
4479f7d0
44973117
448d20b8
444b154e
448a1133
4467ca4c
4459eb28
446c5a02
44464f29
44822201
446cc5ff
449299cc
44741fec
443bf8e8
449f023a
44579bc8
44956c1c
44690aac
447dec82
448e8e84
4481a6d4
444fe687
449534ab
448709a5
44a33277
447aa82e
4485d411
4485d8ec
442b635e
449f24e7
4478f2ce
4491923e
4483fae0
449562bb
447a7048
444df510
44777441
442b967c
447d10f4
44821dcf
444f01d3
44798802
445055bd
44970754
44768846
447db205
448bd85f
4461af14
446bc229
44a3a8a0
4442b882
445bc028
44631e41
446502bc
445867f4
446a61c2
446f40e2
447cec82
445fd9b9
447efe62
44503623
446f63a2
4489664e
44485525
4427d11a
446575c6
449f774d
4477ebec
4476fe8f
44784339
4471bf4b
4477c5ff
44862602
4451d8ad
449343e9
44891051
448a0ddc
44694871
446f8a4f
449e9edc
445d4d2d
448123ed
447ffe3e
448bdbbc
4488942a
444e1ce3
4470ce19
446c6a0b
4485e62a
448baba7
446e1d1e
448a31c3
44829723
448f746d
4489e082
449a068f
448c8608
4498c819
44b95e2e
4476f8d1
449e12cc
447b21eb
4479ce3a
44804935
4473f66c
44746cbb
44993b86
447d0e92
44bb2869
4469c4a0
44971dd0
447cdfa9
44888a78
449a192e
447946c1
44939117
44acebc2
448a31ab
449d8f2b
446a3067
44855a63
44a6a745
446c6d62
44a1887a
4473d245
4467b39a
449dc49b
44987258
44a142d7
447ec91f
4485a8a1
4477d61f
4483ccbb
449b650d
4464bd7b
44900f66
448adc7a
446fbdbe
449e3dd1
449deedc
4493b65b
448c24b2
444ecd87
44a716b7
4498874f
447e751b
44863576
4463f864
448b5717
4467cb6a
449820ea
448fb1d3
448a1981
44b3b1c8
44910360
44855f90
448b3ebe
4477eb14
44a07f34
44a24c0a
4489e780
4494845b
448003fe
4496df02
44732303
448238f6
447fece3
44722122
44b45b62
446d06d9
44640187
4492a292
448fa912
44a30542
4454cbb0
4484c9e1
447612af
44b3807b
44828216
44847782
448e990f
449aa94b
44997119
44b729b8
446b3d61
44815d87
4490f432
44876d04
448847c8
4469666c
44a5f7c4
4454ab51
445b7bb0
449984a2
446ea441
44812a7e
448f165d
4448a954
44a9c40c
447c05a4
44a1d28f
4497bf19
4489dc2c
44ba2c28
44738388
446ad39b
44882fe3
44876a3c
44733bd3
4475b42e
4479f38b
44a5c12a
446c5b87
4494503a
448ef097
449319ce
44810243
44874171
44c4cf65
44924740
44935b05
4463e57f
448115a4
4461b859
44496c4e
443d3058
44508d1d
44813846
445a435c
44610aa8
4466660c
445e0bf0
445fb4b6
4454db4c
447baea6
448ba1a2
4448f608
44760169
44655c07
44794363
44919997
447489da
447dcb76
44721649
4475ad37
4476a012
4467883e
447fcdcd
4455eeca
445be170
44474c06
4469b135
4449c8b1
445aeb01
44799182
448da2d8
4444f626
445a2f28
445c9d22
44551d13
4452f79d
444bfd09
446ba8db
4463fd23
44552230
4474901c
4468a70b
44a19249
446cf4a0
44163823
44648603
448c3292
4483cb56
4434b467
447f6e68
448712c2
4446bfcf
449008d7
4466548f
4487d13a
4459df6b
446e156a
449f3533
4448735e
448fbea1
4482806b
44809add
448db5d0
4472a685
4480bcb0
444d0a8f
448007e6
448d5790
44288fe7
44611c41
44766a56
445e21cb
445e3d55
445bccd4
4484cabf
445a54a4
444b79ad
44a5fa2b
4465918f
444c491e
4447d381
443b4390
4463ff47
44464b4c
44228482
447393f2
448d08f6
44542e21
4404915a
4460d4b4
44920780
44580b2d
445f7f93
448012ec
444d6205
447c637e
44744615
4477c1b1
442ea783
445f2d9e
445c66b0
4453aa0c
44622c04
44808285
44474e1f
4448a5e5
44815da6
44898cae
44711682
449072a1
4465528c
44695919
448bacbb
4415a334
4488e4e8
446749e9
4448c6aa
448eebf4
4445cd6e
443bcf21
4485449c
4479218c
4488cea6
44504cb3
44752e83
448d30ac
44954d53
44403701
4486ad5b
446149d7
448d9ec8
4471a606
445a9c3e
44750487
448473e9
447aaf91
4483501c
445ea68a
448604ec
44870dfb
445558be
4490f5d3
4489afe7
44482dcd
4482a358
446974b1
449a01c3
4476f6be
44866e7b
4469e8d6
445bde0b
44a1c017
447cf5cd
4476772e
4477d130
44523f83
4486b43d
445e03f4
44817f8a
4484345b
4447e1b4
449d5866
447c377a
448a2b0f
446a04b3
4486e2b9
448eb351
4426c1a8
44832a91
4467d7a3
4483b159
4483e998
44513066
446b48e1
44562844
4496064c
448e4227
447c1578
44529918
448ab8b2
4473bac4
44a6ee84
446de346
446a6e4c
449b2da7
449c4aa6
4492e841
446a2728
447d17ab
44911f97
4446517c
44a725cb
448afa47
448cd459
446c4490
446e731e
44934e6c
4464d73c
4481fcde
447f4f86
4455e23b
44866d6b
443c79ba
4482c5dc
44744590
44691ea7
446a5325
44457ce4
4483fc3d
4450a715
445bb4c9
449be521
4438e172
446bd7b0
4486152b
4462e34e
445c282a
44539774
447807f8
445b0246
44650873
449829b3
44499528
44846452
44801acd
447b14ea
448cdb78
447a25e2
4484ffc4
445fba06
44716d24
44ad551b
445e4219
448d38dd
448b7e91
4479ab87
4487ea98
4480f8e7
4469e9d0
44461f51
445e9803
449a4c7f
44623aa9
447bc972
448763a4
4460e841
44680716
444139a6
4490de29
446ab38e
44646a25
449545c7
4479fa04
4485031c
448d985a
449b525e
4459b34e
446bba16
446641f9
44704afe
445b43a2
44698c1a
4425e001
44636625
4470b4f5
449772f8
44760418
44689295
4471b67c
4493b870
4498ce74
44560e30
445db46d
44848d92
448a129a
447b01c3
4477c550
446f1c0e
44883686
445e5fd5
44994b06
44865733
444e8647
4442d3da
446d7312
44ad9a00
447f6ad2
4476c0cc
44650aa8
445c803c
44820dab
445e4d2e
44597df0
44691a0e
44880e23
4459c50b
4475f5fe
4467b4b7
449d475e
446150ae
4493c6b9
445671f9
446db483
447d4c6b
4468e4df
449a84dc
44653902
44846772
4489c4db
4484f439
449dcbfa
44623fc6
448a03a2
4494b31f
448567cd
449ab2f4
445c38f3
44772bd1
447b75dc
448281f7
44927c56
443aa18c
44710f71
4487fae7
44670343
4489cfec
447006a4
444e51bc
44905dc7
4468b4cc
447e8e75
445b5407
4463a6e0
4491cfab
444a23b1
4483e513
44750c4b
4471e6f8
4447efbc
4489c013
4473aaaf
444a2774
4496c3bb
44808d28
445a4cf9
4471b132
4459e7e4
445b794a
448eab8f
4495af68
4456ee61
44671805
4455234d
446e8e77
44651414
44914370
4475a80f
44882ca6
4470cbb4
448503c5
446e65db
4478c4ba
449111f9
4482e9f5
4464bf6b
447ec369
444fcf4d
4435abc6
444aefd0
445449fc
44bd1b96
444d3d72
4458dcd8
444000ae
444e08e3
4497682b
449087ce
44704148
4485b0b6
4459ed5d
4435b2e5
44539e03
44780d4f
442bc725
4483f149
44483675
442aeb07
443e8fd4
4471ecb1
444f59de
443281fc
4463ba6c
4453dc12
44745abb
444f2aee
4450e3b4
4430902a
444ce58f
44431f3b
44588ebb
444c8a9b
446f8189
4443dc05
445902ef
447a1292
44228ee9
442e334c
4464076b
44636086
443d73ec
44383d73
4456578f
4412e74a
444e3378
448acc9d
442695bf
4452f7a2
445e4561
443ba6a6
4441e338
443ba1d9
442d19e6
44473174
442d965f
4480d85a
444542e7
44638532
446fb61d
4429ac72
445a8a16
44249b33
445eaab4
442824fe
4444e29a
44374027
4422d7e7
446646b0
4455cc63
444249cf
4464e119
444eea61
448bcdbe
443fd319
44330441
44735f19
445a920a
443c9744
44748359
444b4e1c
4435ee38
44769644
44525562
44417309
44351def
44606dfc
44568177
443da8ad
444b857a
443637d7
445a6d38
444786f0
442dd292
443f4b3a
4447655a
44463c10
440bf12a
445861dc
4448ea3a
4434fafc
44334279
4437f0e5
4436309f
442c4b4d
4438a7cb
44679b5e
4454ce64
44396c26
4477a145
4435e8f3
44691abb
4447ed0f
4446f7c1
443f738e
44621d3f
4466d031
444767ec
4438cfc1
4477abce
4447139e
4468ef5b
4472e125
44505952
44468dab
44540fe1
445e134d
4436af47
444ff331
44424b7c
448c0dcb
448499e5
442a4100
4473d216
4428ae5b
4418402a
4481311e
4434d768
443578f4
44647d70
449da3b4
4494f056
449c88b0
44950230
4489ca49
44a491f5
44858ee1
44926800
44916768
4462372a
448c2437
448428c6
4487f1f6
44985756
4480bab7
44a3c308
4478d026
4486b502
44a86f99
446528b2
44a524cc
446c2346
448be812
44983e3b
4484684c
449d1ced
44640194
4495486a
44b24cb8
4454690c
44988cd1
4430e311
448021f6
44a59711
447bd49c
448cdc75
4487eb94
4480e68a
4484976f
44605484
4478b526
446de1e7
44a44d37
448026f6
4447315b
44a1b747
44827480
44898e08
446e5f89
44575ccc
449f1a4c
448c40a7
448781a9
4483ee65
44722f05
4480f838
445c59bd
4465e286
4483a226
4488095c
44a3821e
44846349
447c75c0
4483ab1a
447d7b44
448b27bd
44834773
4486c55d
4496ae76
447cf13c
44a4be6a
447dad7f
44766903
44930a1e
446ebfc8
44a86bfc
4455519d
4490a622
44a08b68
447c5eea
4495aa27
4482bb59
44887991
4486606c
449e48c3
4485c2b9
4467aada
449d5846
449b182d
4484d6e4
44b1f089
44571188
447b6bf4
4487984b
448edd78
44810941
4484170e
448c56d1
446cdf2d
44419201
44a7f3af
446fea76
44606013
448c77dd
4455cc0f
44aabee7
446dabdd
449bfd03
4475aeea
44774e34
44b33766
4489e760
4481bb24
448adbb7
44847197
4489f71d
445c5465
448850af
448f9916
447407e1
44954c1c
4485e47b
447ea4e4
4473bc1e
448661ce
44a4178b
44607908
4485bdd0
448b566e
44b87287
447da848
446701f6
444c6bd6
4465c33d
4476b3b4
4429d18a
44927538
4465e8ce
44862dd2
447ecb71
447c0c05
4473afa0
448934fa
445f9958
448651ca
44953943
4480cdef
447b89d0
44863402
4486973b
4472880b
44873561
446bcc76
447b7c76
44858b51
4484cb45
447a9d06
447a0eaa
4475c4a2
448a9ed6
447e7586
4489f445
44894484
445adf8a
4481c3e1
4482f402
4470e12e
4480ceee
446af2e3
4492308d
4495ef44
446441f2
4463f584
44839bf6
448d94da
44720d33
445ccae1
4492869a
4464956d
44ad9280
4461d86e
448cf748
4473fa9c
447b0b6c
447a0430
447d8ccc
44921411
44830e7c
4482ed42
4488807a
44862622
4467c9dd
448a8502
448d488b
44b0f7cc
449c43b8
448f65fd
448037c0
44859922
44664712
445cf98a
447b8e22
44866ee0
448f5545
44846c47
445e50bb
44953c67
44729d57
445c0820
449029b0
444e3299
44547880
4486d3ce
444c7b00
4464c6b3
44607a3b
448bb0f7
446f5cf3
4492a744
446569d6
444c7dff
44592e24
44866152
446554ab
449d2f60
448a8de4
443d695a
443f21a8
447347fc
4488ac76
4468e282
44877491
444cf215
44561b62
448fca7d
4483e903
44252093
4487b042
4483968d
448cf4e0
44706b35
4499f3f2
4470ece2
44367bc0
447e6ac0
4463d003
44872039
44665bd4
446676b9
4491611b
4451df2c
447d1e60
4492b1d5
445fad29
448335a4
44904c21
44273de8
446a7796
448754af
44486523
4445201c
444123d8
4461ed20
44893b8a
4469c17a
44473330
44537ea9
4447c788
4470455a
4473948a
44835e6c
4478425c
444ea4aa
44496234
444b4024
448118a7
4479f805
447bba13
446d989f
446421e9
447284cd
445a72b1
443a8e8a
44433996
448b89e4
448048bc
44504d4d
446004ab
443e2e48
44739ec1
447af9ce
44571ac0
4433e997
448b4ee6
441b873d
445b2c62
44355fd3
44541949
44863959
44258326
447dcf88
44567b2c
44802159
4454fffd
442fc76b
445d6e4b
444794ab
447fc9d6
446b3270
443e0674
4460d124
444f83be
445ea910
4474c208
44638796
4457f05d
444f84ca
44627690
4439c77f
4409dc70
444ffd16
4468f408
443171bc
449b5b0c
44899937
44590a99
444559d8
446006ea
444b6e6e
446c5b96
44662c90
444b0610
44600544
443686a3
4474d940
446b5463
443d6910
4473efb0
44325d25
445446d8
44791b7e
4434fc36
442d676a
4491b5f7
44532eaf
447a9479
444a59d3
442063f4
44469cba
442625fe
4425241a
4441120c
44398172
448bfba5
4420bddd
4451f481
44519478
446f8876
445cbd30
4435a1f1
44730283
44341824
44313dcf
449426b3
4418af86
4465b05d
4476fb09
44605082
444bcc16
44635b13
44705281
441de60e
44547f18
4472dd3c
446a7b2a
44602cb3
44757beb
446822a4
4484e816
44561de8
448776ba
44348eee
446e98aa
4462f43e
447b4e01
44b33089
44854503
445ebe38
4484f5cf
44851eec
4480d2c4
4451cc1b
44aa9de6
447cd88c
4498fa63
447bb547
4473c655
449c5674
4453a657
44881749
448a4982
447bf642
4481f7fb
446ea5e5
44860262
449c5883
4482d32f
44a55be2
445ed603
447dee22
448b08d6
447c029c
44952b79
4484ff4c
44817ff3
4481ce00
4462b08f
449bb015
44a73605
446d63b5
448446be
447c903f
4474c5ca
4476534a
446cfc6e
44842666
448972c9
447e8674
44911a68
445bef50
44852165
4442c914
44678524
44861c09
446145ac
44958516
4450465a
44918e0b
4481f498
447ef340
4487659e
44885657
44915ba6
443d0400
447f3f3c
44974eb5
446d75c7
4483d676
4466d72e
4490f248
44923e60
446d7262
44946112
44521e92
4492be8a
44590b4e
444a819b
4497e01b
445e1060
446f80a7
44633f99
4460a96c
447f5333
447ca1cc
445ab277
446d489b
445bb024
4463e8d8
44884e3c
4451e623
4469a488
449153fa
447b26e2
44760f37
4472856b
4430fa1c
444e3ded
44a3d08b
447fee72
4449adf8
4473e5a4
44920dd6
44244117
4482e991
4481a1f3
4484e728
442a2184
448278e4
44743e56
4463bbf8
447eb5ad
44934ffb
4474ae4d
4479fe86
448c4ff5
448a43f3
4453c4f9
449bc0f6
44661aa6
445d2ebb
44816a90
444e0bc6
449c727d
4459d00d
4444439c
4477a175
444839da
4467165b
447a84b7
4466e355
448ad34b
445f867d
4454525b
447300c9
449910a5
445fefa4
448deaf6
4472d306
44782ab5
448cfc67
446c4598
4477cdb0
446a01a8
44704ae8
44714307
4469be3e
447d1d64
447a1340
446f775b
4471be0c
447d058d
44913a28
4463d76c
4497d0ce
44882b55
44743779
446f1936
444c5d52
445e04cb
44887e35
44677318
447cfa5c
446ad220
448f16a2
446bbcde
448e4823
44826b76
446bbaac
447a47d9
448fd6b6
44456632
4488718a
445f7d5c
44765bf5
4498a65a
442ad471
449ad3b7
445e60d0
448a2d24
4488bc9d
4450b6d1
448b947d
44830d00
449821c3
446d4cb3
4468e972
44746f62
446e5227
4454f1e0
4492d10c
446fafd1
449724b5
4486693a
448a7e80
4496807d
44636981
4482af6d
448e69c1
4488f458
44906d9c
4483857a
4453f077
44635229
4464cd43
4468fffb
44535c8e
4463ee3f
447e29b8
443c790c
445ec5ed
445eb4ce
4482e7cf
4469a350
4461cdb5
44795dc0
445a675f
448b60a0
4447c709
4460125c
4496660e
445b332f
447cb445
444dcf42
4467305e
447e3506
446893d3
44667565
4450b652
448142f6
4498a57a
443ec605
448c7342
447d0959
4484df29
4475e499
44728e02
44932cfb
4451a6a6
4458b509
44aba5bf
443a93d1
448c751e
4487ac72
4460e61e
44835b30
4489481d
447b2e80
442bdb9e
4451bd1b
446c965b
44954552
4491c7b2
44749fa3
4480e7f6
44941097
446fe85a
44979983
44536303
4484a215
448b1a39
44922a84
449fe924
449f3fa1
449134b4
44898eb5
44a04360
44774791
447aca96
44888fbe
44806770
44a70c98
4456b8da
448f523d
449c0ba6
448b3020
44a15d62
448915ac
44892a22
449a16e4
447ee754
449f726c
448ea251
44978fba
449865aa
448507be
4496b6b0
448a9372
44869c14
44ad6bf0
446607af
44b88bf2
4451ca68
44788dca
449868cb
4499334a
4493c84a
448265b4
449ed044
447259f2
447a9e86
44a4aa1b
4471c56a
4486309b
448633df
446c13e6
44a939d3
44a67b48
44a18e17
44821988
447b5a18
44a05394
44a59b44
447a6faa
449d977e
445bea9a
448a0bb1
4483411b
449e16ff
4494b2c1
4488133c
44a757dd
4495ffb3
448c67b3
44807cde
448dd73f
44b52415
449360b9
4495a2da
44992db3
4493c67d
44a9d2c6
446aa28b
445a86a9
4488eba4
44633366
44a6209d
44821bbe
4454f189
448d12c8
448a59b3
4490b60e
44863d3c
446da967
446f2f81
449b37a8
443a8312
446436af
447bfe11
44731aef
446f6889
44b13051
447eeddf
44764dd0
448fa696
447539fa
445a14e8
448d6e53
448c5219
447069a6
444ada6e
4489869f
4483c968
447c3a9c
44895e05
445902be
4494861e
446862a3
44aad52f
4486e9fd
449146c3
44b1a544
4476bd17
44663a3d
448fb1f0
445ae06c
448f3145
44479b1f
44a1e37d
44a352fc
4489b4bf
449ad2b7
44874ad9
4486cefe
44784f64
4486fdc7
44b4a5d3
4481316c
44910c2c
446ff1dc
44a32676
449dd0e8
446fc62a
44702149
44826fae
448fe9a0
444c8eb6
44910ba4
4483e0e0
447725f6
44906082
4480c11a
448f0042
446b75ce
4475ff76
4485025c
44832543
447c8afb
44834ede
44899801
4495d6d4
448249c3
44832ae2
44950ea4
4487e347
44990670
44734f3e
44892f5d
447593a8
447fda92
4480da4f
447079a6
44945b1a
4498ac3e
4456cef6
448ec5b4
44858f95
44866470
4467ba0b
447978f8
4467e91e
447e14a4
446cf06b
445b7b07
44779eea
44ad6cd7
448c2cbd
448014fe
448067b9
446549f2
44a8b933
4483cbfa
449a8b6d
446cc042
447e0904
44a2cc36
4490d619
449643fa
44765560
44777d42
44b48b8a
44652d8b
44a07c9b
447fe51a
44a58e01
44c17f7a
448efbd8
44a6e777
445c2ac4
4463e346
448ede20
4442ca49
44897b60
4497ba08
4481c297
4480f329
4480831b
44885560
447d31a1
448429dc
44ab2908
44882d15
448bbb8d
448b87fa
4455a0c2
449591b6
4484a8fe
4450bc88
4460c01c
449a9b6c
4492f599
447cdc59
446c1360
448f6066
446c87fc
44a39b02
44a4bbc6
443298c3
448b4237
4453fd50
44a01a8d
44750874
449b5378
44868db9
44880b88
444c2e4c
44840d35
4472b015
4481ec3f
448b3691
44a991d6
448110bd
44aac58e
44846898
44536681
448a1edb
448b7035
44ad8dd9
445ed091
44510d7c
44a4bf68
4458f9da
4491fb9c
44ba014e
4487ee02
44a90acc
4478603d
442a7139
4488358f
44a03823
445c6cdf
4466523d
4479fffd
448ce49c
445a933d
4480e8fd
4454f829
444856e3
4478b75c
4472cae6
44812458
448352d5
44777372
447af0d9
446e1999
4483a504
4481f389
44822aec
445ef4a5
44a13e0c
4470e1a1
44532d20
445a1047
44693c1d
4490765d
4485f812
44537f3e
4454d08d
44823847
4492f6f8
4485a12a
44615edb
446eae5b
44693a01
4498dd1f
44676022
448470a8
44553046
448354cc
44b60f6f
44476982
4479c276
445dd8b0
44831985
4493c8fa
44538ed8
4470bd04
44683482
4480c079
447d0506
4476832f
4468803e
448561d6
445d3caa
4476eb8b
445867ca
4452f542
448c1d22
44776369
4476769f
44629b1b
444ae036
448614d3
4461fb2c
449a3b83
448c302f
44518a8b
44698352
4471abb5
447703d4
447984ff
446201c8
44838bcb
4459903b
4431eded
448424bc
4469adf2
44587682
445d6f3d
4481ce26
445ece5a
444f49ce
44510bc1
44568211
44938951
4467e4bc
448971e2
44926262
444661d8
447960e7
446fdb62
447bc744
4438dfe6
44833a21
4495b3a7
440b8bd3
447cc47a
4440e351
4455f667
445a9227
447a4aad
446874a4
445a5280
446bd867
44b87427
446136d1
44666a14
44841626
44652aae
448d28a8
4473950a
4491c996
4443cc5f
44645af3
4489c83a
448b8ccb
4478f4e1
44837094
44735391
4484517e
44655f7b
446521c8
44990f98
4480f246
44895cef
445dabcc
4480583a
44813471
44581f98
446591e2
444c9c82
446b477e
444c429c
448f5612
44492c75
4433c107
44635b5c
445113b7
44921c8e
445473bf
446b41dc
444d529e
447d55b6
44916862
4465a8bf
447589a5
445ce1e2
4436f92b
448a51ff
44738d50
44760529
4440ffe6
4485578c
449548e6
44551bf2
44506826
442fc4b8
447ada08
44883ec6
446454ca
4488fb50
444c3ea2
4444ef55
446a76c5
4452052f
442c7f32
443bdb65
4488e38e
44401abb
445f8b86
444ca825
4487e3f1
4437b43c
4455a2f1
44691750
444b41d8
446a70b3
44524426
44443780
4423e9db
4459532c
446d1e05
447e16c5
4485747b
4446435f
44707d56
44779649
44685dae
44797563
442d1066
44817906
447be393
44857d25
44939531
44646798
4461ae24
446a8a4c
445fd638
44a22bc4
44551fad
44215710
446715b1
4465f165
446bc845
4458172b
4444d079
4486ebe6
443995a5
445995ff
44852326
44523d9c
4452362f
447fa88d
44728ea2
446b344c
44846c2b
443c6707
4455a8d6
4458d33c
4447a5d2
4445b61d
444d7c53
4467ef6d
4425fc3c
4444241e
448258b7
445b03ee
4432167b
449b2831
4452ab85
4484a036
4453efa0
445175d9
445cdadd
444eab9d
448a5a98
445c9ff9
443516cc
447b7aa6
44615256
442b26c7
4464c64e
44481f2b
448b9232
444dd0f3
4480c95a
443d2947
44403e7d
448bad9f
44507bdb
44846c3c
44547748
4459aa5d
4449b8af
447771ee
449c064e
44638610
44a24073
4464b93c
4491118d
44621c50
4473d3fe
44973db7
4469cb56
44754919
44813f2f
44888bd8
449764ae
4460d466
44917716
4494dc6d
446868fc
44a3e577
446e795c
44874bf6
4468f202
443afd71
449a1cf6
446018a2
445f0765
44808936
448378ed
44930cad
446e5957
447150f9
448494a9
4481be26
44b131c6
447ce90e
448f846a
4479c2fc
446ed792
448f77e2
444fda39
4485beb5
44927cc4
442ed1fb
44a8cea2
444bdf54
4494afcd
4485263a
4443d614
4494f11f
445cd5bf
44893efd
4481dbf0
447822db
448a11fe
44611131
448ed343
446f8813
446f1b23
449d9f8f
445266ba
44a0e238
448cf3ce
44564619
447b103a
448d962f
44883bfb
44a025a3
448302c9
4477c0d8
448c59a2
448bab60
44548ffa
446acf47
449baa48
44701f87
4476abb0
446e0cd6
445b3f07
44a475da
4484514d
447c009b
448c7340
442736ea
449dbd84
4479ae88
449a6cad
448a5154
446a53ed
4480475c
4488475b
44913c6c
4472ff22
44611b70
44943421
445c4b4c
44878b89
4488e94a
4421ded4
4493bc40
444675eb
4492de3f
4482a513
44412907
44898dc1
4462a86f
4449ec73
44919848
445e76ba
44974292
4491991d
44910731
4486af88
4489cce3
44a70935
4447a997
448dec2c
44852d3c
448d611b
448f6e6b
445b5b5c
445c10b9
44827766
44650363
44ac5dd6
4458aca9
4457f2f7
447cbc1a
44563d8c
444e6e82
44697859
4449ce0b
444d4b03
446567c2
44447486
4449546e
443d8ca0
44443885
4464f97c
444fa0f2
4463d2a7
447cbbee
447e7e6d
4499e05e
4432039c
446fd965
44621fe2
444bdb0d
447d0ff6
44571c53
4466a42c
447bf829
4468ab4f
446d683b
446089a8
4447c00a
448980df
444c30b0
44963640
444b99c2
444e395d
4484eef8
44748bc9
449277d9
444bebf6
4485291b
444db4ea
44626ea7
44812cb6
444feef0
443a7be0
44226514
44312b56
4481e6e5
4459df52
4465a90d
4467bc25
443b9b7b
446847a5
44548feb
443820c9
4451ec14
445afdfe
444c571a
4462efe0
446a3caf
4466779a
445fd741
449e0577
446a8283
44412234
44386f49
444e3f84
44910103
445f1efc
448337c3
4457d70a
4457c832
447a2a26
4430a0a9
4412c9ff
4455e942
445c6a90
448ab52a
443dd157
4448ba0f
4469d0bd
443a97a6
4461e4f8
44470c4d
44255b8d
445790c8
448530b7
442b1e13
444c4528
441eab24
446c48dc
44542777
4481abfc
44433861
445065e8
4460e7f4
4461d1cf
4474204c
4442af82
447fe811
443dcd71
4444af0c
445ce0d9
44535c5b
445f385a
446052a3
44315116
448a11e7
443cd121
4467eaa3
444822ae
4467bdfe
448ebe10
446677c7
44520fcc
447a1661
44461c58
445fec82
4448b2ab
446dd0b0
447fade8
44490674
4482a363
444ee64b
444a6134
4471ad97
44571dbe
44775efb
44509196
4475ab20
4482ef76
44a076ab
44981a0a
4466fda4
447cee9c
4439d216
44a05469
443d4e71
445e5f57
4462e1fd
446ffe03
44776c3b
445debe5
44600dd0
448632e6
44661de2
446fa746
44804a5c
44624272
4463171a
447fb01c
447464eb
4471e0c6
447d6724
4470e592
446f1627
448a1a54
44592303
4448c595
446dd129
44691909
4487fb26
446473f3
44740b82
44920f94
4451118e
4485f19d
44715d7e
444f7efc
445bf5d9
446028ba
448cc0be
44793ba0
444f414e
44781565
446f89e2
44b3f6c5
447de7e1
4479e98e
44906744
443fff95
44932dcb
44725dfe
445e019d
4459e707
445b01d7
4490e8d5
447d0482
448ccdd4
444f4637
4485f9ed
4490d8f3
446487a4
447511a9
445ca48a
44915798
4496a8c4
447ab0c1
447e77eb
4470cb3e
4463211e
448d8062
44859ab1
4479373c
446dddff
44663ead
447105b8
445b9fcd
4463340e
447c54fb
4433843d
448af7fd
4459be17
445c1629
44532a64
442d818c
445ee77d
4486884e
4455ba48
446d0ee9
44788f14
4452291e
44571aae
444e0ee2
44820959
4461f0ba
4469d891
44901939
44565b49
44682d5d
444b7310
4497b92c
446c2772
44874f06
4485f108
447aeeea
4469b80d
4490957f
442f36c1
447d577c
448b83fb
44899f0a
446f8d79
448b88e9
446b8564
4431c5ce
4482a80d
4472b61a
4497d48c
448d67c0
44559317
44850b30
443e5057
44803430
4463d787
4455733f
446a7a2a
4488f602
44738d9f
44905544
447e0346
440ae3b6
4453bee3
44560c7d
448932e5
444294d2
448ac80e
444381a5
4459cbc4
4457e0c9
4449331d
447c450f
4458d5c0
445dcba6
444ee4eb
443a363b
44435b44
44733eea
44844709
4484412a
44800cd2
444a468c
446fdbad
446e1951
446fe507
4486da91
44662a20
4476506c
445c4bfc
4468f262
444e9a2a
447f1006
448bb8fe
44216457
44639355
449724c9
4466dd8a
44627e16
443f1329
445908b9
446de268
442cf0c4
44861d0f
447919ff
44826190
4450ff39
446b711e
44574b8e
444eaa55
4476f9e2
446e5057
44546796
444335f9
4479f5c3
447e6890
449985ae
446f8d92
44567165
448427f6
445fcbfc
4499690d
447b044b
4458f1db
448806d1
4471847d
448d6369
4462c3d1
441f4dc9
446bc5f0
442efd50
44634110
4474ecdf
4467f959
4458b2c2
4438ab3c
44449ca1
4461e376
444c7fab
4423283c
44573fe7
44826389
443c2d43
445a1e2c
444259d8
444b2cd9
448ea3c3
444a14b2
4472c62e
444e07cf
445cc643
4466749a
4454c775
4458fa2c
443bb3e9
4437a5cd
448afa6d
4424e39b
444b6c02
4459165c
4466ea9a
444e8671
4487b296
4463298e
4444f775
444d13dc
44a67be5
443000a4
44430114
444d5ca6
446f591a
445aeade
44833cad
44697c2d
44341750
44657d1e
447c59a8
447e8657
44433457
442fc4bc
4458f944
44531c56
447216ba
440f751f
4480b4b4
44726323
446b95bd
4476525a
447a902b
448b14f2
44489d85
4489740b
44711e0a
4450a244
443b43bb
449a6580
4477fe1b
446834f8
44833878
448cc1d9
44995c6e
4479644f
447c31e1
44760ede
4485c3ac
449f2641
4465b520
4467a93f
4491839d
4477d3be
448fa881
44810fb2
446aaa0f
445a7033
4431b984
449a5ea9
445443ec
4449284a
44799af0
445f3ad4
44a8b961
44993977
44485e65
446e9af8
4480027e
44841f82
445f40fa
44723e38
445c3b5c
445edb0c
44578919
447c120a
4445cb1e
449aac50
44633203
445c090d
448a0fcc
44837386
445d15e8
4441a0c9
4496d722
446287fe
4489d80a
4489e34a
44887973
44855e8a
4454a3ec
44705f3e
44985b9c
44673c56
44a2dd57
447a711f
4493772f
448cddbc
4472770d
449dcdb2
444be109
445b39ec
446f3d23
4432b48e
448b1126
4433d7ce
4483b5d5
445e3a4b
44390ec8
447b7939
446c6a6f
4488e41d
446bd14b
4450ca4d
44902612
4451a5af
444cef9f
446395a3
4456c456
4459dd18
44404afb
4486a6be
44655a6e
44529fb4
4490e399
44840d8f
44705c8a
448e4f90
4494f108
44748d4c
443ad9f5
44633537
4477668f
4439432c
44801cf3
447362f4
447f6979
445700c0
448358fe
44671350
4443534a
447b2a08
447d4bdf
4465d240
448b35da
44612f46
443d2930
44825226
446d9136
44b83774
444c4f10
44803527
447d4eb7
446ccc27
44a82d12
44704a57
44801757
448c225e
44627201
44516298
4455dc87
448ffab9
44422902
44895b14
444c36d8
4473f9df
44355f80
44503aac
4464b106
443b6f67
4458ff9e
447e6441
4452efe2
445ea331
447110cb
44804185
443ccb7e
44734c4c
443dec42
447a3cf2
44616805
44815a76
44554660
445cca73
4445c307
4481c8db
446f19cd
44772557
4476ba65
445e34f0
4444ab9f
4455d53a
44685bb8
4496d39a
445a4b91
448a7e05
44863f75
4437145d
447231eb
44456c5c
4461f3ca
446623e1
443692f2
4467d25e
44555bf6
447c50c9
446f3a64
4441affe
448314c8
445ea155
446cc01e
44642ef6
445ee7cf
44646e92
4475da0c
444c09e2
4494f003
4463c8b1
4493b8a7
44490473
446a4b7a
448707f4
4428f658
44503fe6
444dbe72
4464c1a9
4493082e
447a7fb2
445f4c96
447bc9ee
4468061d
443b2f78
445ca3ac
4464a92b
446b7214
43ff77f6
446148ac
4471aac7
44814f75
445222a7
444b734d
4472c61f
44205144
448ebc10
4465c7e7
444740f0
446e4eec
445436b0
44608cc1
447170c2
44600687
4465d3d5
444c96ce
44207418
444c462c
445b4aed
44868bee
442ae471
446e43dd
446638e6
445afef9
447070a0
44434b39
446802af
4448c9a2
442b8ec5
448951f1
4435868f
447f6a5f
448170ad
446e7da0
4479813a
4441bee7
4488f6cd
444231d8
444d0d85
448a34f7
444d65ca
445fbf06
4464e78b
44112210
44462bda
446fa1e6
4442a9d9
44811b79
445d36ee
448096f3
44a71bf8
449d2f94
4489b664
446d356f
445cce6e
445e623a
44436471
443b7a0a
448065ec
44625f08
446dfa68
4459d511
4485d2f0
4486bca4
447d5198
4490e415
4479337f
44798ff9
448b4bcc
442e1294
44b44b29
4447e202
4490efdc
448d7427
4462af2d
449b8c9b
44798f54
44811447
44ad3bb1
444459b6
448ba332
4468d4a3
447b3cbd
449cd95e
4481b2f2
44686d83
44642257
447e7ed3
44943eb2
445d175b
448f26df
446f2536
4473dd08
4457a61d
44636120
4490d46a
447ee2e8
444a98dc
4457afe2
4457f941
446a9717
4480043c
443faf44
44994f22
445de8aa
4484b08a
4471fb1b
448197d9
4489f2a1
445db7df
44a2a60b
44884511
4481cfd5
44857f50
4463711e
4468e24a
4485ef94
44707f98
447d168e
446bc158
448ca968
44606244
4458871b
447e9223
4459cf25
4497c69d
442200a2
446b6b75
448398ee
447a33e3
448f29c1
4468e9f3
44693ce2
4462c300
447629e4
44784dc6
442cb867
44688d63
448395ca
444187cd
449b5260
445a386d
4452fa64
448637d5
445e8cea
4467ce55
447bd21c
447cf6e9
4456099a
44594279
446f7a34
44658c32
445a7976
4482b64f
4439f6e1
44903a71
446953d0
4499f8b2
447e5b23
448833a0
44a2fdc9
44865e59
446aff38
448a8058
4450f677
448ba739
4481fc63
44685894
449028da
44349888
448439d4
445fe928
445cb870
44821a3b
4450ea20
448e483b
4479b2d5
44801c2f
4479262e
4495b465
4481d453
447a0fa8
4475dc32
44568bc6
448f7e55
4462b1a2
44873477
446634b0
445a2b16
447220c6
4469c695
447e51ca
44632af2
4474c704
449a22ea
4451f35d
448704f4
4479da01
448f70d2
447924d0
44720122
4482f30e
4461c9fd
445abd6c
4460e8eb
445a4233
4484272f
4463d49d
443be312
44581e21
445dc378
4470f1aa
449228f8
44360303
44841bf0
4477ac78
44576eed
44668b32
444c4464
448405d6
44686521
44477d14
44825dee
4473e439
44a1fcdb
4465aa07
4451a98a
44835c69
445a3584
44764e9f
445fb754
4482cc0d
444bc24d
444615fa
448afcc2
4464aca0
445f76d8
446ec493
44800bbe
4485463c
4471c1f6
446e7051
44787ca0
447d0a24
448be063
447058d3
447b9276
448779dd
446945a1
4492ae52
446d21ae
44812b63
445e30c5
446ca18e
444a985e
445050b0
44831e37
445b4057
443e36f4
448f5f70
44413749
44722609
4453329f
44501649
446bff8c
4483a261
44637f46
443c9861
4464d0b2
445e639c
44868648
44674ca8
443def53
4441622e
44711f10
446dde90
4463e2b4
445f1480
44774582
4478e033
446bf097
447eea97
447043a0
445a0dec
4461735c
447b0b87
445a297b
4463034c
4482d1ce
448b18d5
444d3a79
446c1e84
445365db
443247c8
4477f921
448756f2
448f72e2
446628fb
4448cd36
44629cb8
44426ef9
44859f57
4473ce31
44661187
44520737
446e1b7f
4462638a
448fe544
44b07e77
4468287c
448b6d39
447eae1d
44802f88
4498c88a
446e9f44
4483352f
4478784d
44423d27
44aea3ad
448d7691
4482e4b8
448d93bd
4458252c
44816ed3
44938e13
44733a52
44855812
4472068b
44ae7a87
4484db56
448e9268
44770384
4468a72d
449ee8ad
448c3c8f
448e0915
447c0111
447ef0d8
44a7c1d6
44910652
448bc1e2
447f8021
4482fd1c
44ab539c
4467dcf4
448f4e5b
4463de28
44743f1d
44b07b25
444a991e
4486792f
4477e77a
449210de
448a68ff
446fbe42
4483cba2
447b95fb
44844ec1
4489790e
44807949
445f56dc
44483724
4476e50d
44a55203
447ac062
4475541f
4479f5e5
448d0bac
44956372
44857fb9
44834b53
44858d73
444c527c
44a2879e
44872670
4491e0d5
4481c20c
446fd998
44659b62
4465a42b
448464a2
445eec35
44709c26
4462b973
44802d90
448631f8
447aacaf
4475f4f9
448db25c
442b401a
44a38081
4468ce80
443dbc29
44a0e270
446451be
44918bfb
44798883
44603a29
44866b62
44595e0a
44869abc
445b59fc
446e2edb
44af2d3c
444b0ab4
4459397b
4471cdff
44873d3e
447a7a95
44849243
448f6366
4481a41f
4475be70
44dabcb7
44417865
4471e7e0
448e425f
44653d9f
448b5546
447f444b
4479f782
447670e5
44697e9a
4474aab1
4478986f
44a69175
44841453
44834954
448e412a
4442eadd
447d5faf
4441195b
444ca70c
449a843c
4456d02e
449f7ce6
44850ccd
44841783
4483fade
448d9a7a
44368d72
449723ec
44988dbe
445cb43d
4471ee2b
445b77b7
446c4d29
44926b10
446ebb6e
448b10b4
4457805e
445f1b93
4466cda1
445ff1fe
447cdbf7
44875c2b
44843543
44aa3541
44885fe1
44536288
447e5d14
4493100c
449f6962
445d0be4
448a7977
442cc42d
4451a0a2
44a79edc
447863ec
4461cb0f
4445e3dc
445cfb69
444c97f6
4454f8b4
4477f3b4
4478a0d8
44609b98
447ab2bc
44449636
443cd76d
447a6956
44656c5a
448ac57f
443fa730
445d0ad3
447e7c35
446058fd
449920ce
442bc1e8
44617036
4460aa43
4485044c
44a3d11f
443fe42f
4491e6af
4489bccd
448adf53
44a1f28a
44593c06
44848528
4486ae1d
447746fc
44872ee8
445b05ac
4496f7db
44800ee7
444e2aa5
449c4fae
4460bf2e
4478a149
445bd7dc
4458ad4d
448e55a2
4465149e
446a41eb
44506c9a
444e19c3
4474b823
44670a38
443ca284
4443e543
44865eaa
4488af3a
444456fb
4494bf7f
4458d4b1
4452aa25
44913362
445dc0b2
445f1a8f
4489585d
448d4a76
44806b28
443c9a63
4488efa8
4448d918
445d739b
4495908f
4478356a
44a37c41
4480ff70
44919e1e
446a3ed8
444df751
448be63c
44684e58
445c6cba
449aef1e
44686859
444f8383
4451ec68
44408d53
44a46482
44375d46
442922c1
4477c1cf
4453ee04
44897ba8
4473bfad
44506ce8
44895e57
447275fc
444fcb9d
447bd9f0
445e8405
4446a44f
4493ad72
446cd8a4
4483427e
4485729a
444b5e88
447bb4f4
4474cc69
445617cc
4472950b
44741764
44862a71
44647713
4452d47e
44801b51
447a5342
44608756
4460bfda
4479c839
4482b8b0
446e1795
449bf5a6
443c7595
444de087
447a1cf9
446500d3
44878cf2
4456186c
44558a59
447203cf
448f6aaf
44873557
444a1283
445bc475
448cf939
443c0966
44885f3d
4437665f
4454d685
448a3256
441e2241
44896fd2
443e04d3
448b3ff0
4469813f
442b467a
447ad6bb
444ddc0e
44784e5a
445e4624
444f9d3e
4479125d
44610277
44502f0d
4468cdf5
4465d7bc
449bb581
4458c45d
448b4f48
44622bdb
4443c5d9
448b1f95
4462c4be
447b26d5
4471b316
447d72f6
445db834
4467cdcc
44873565
4454cf2e
44483090
444ce7b4
4446624c
444fe883
4448c9d5
4480eeb6
4486ed54
444bf593
447c9fd8
44445700
444cda69
44a5e1c7
4444909e
4462b981
4484181c
4444931b
4477ccb5
44729432
447f3368
4450b179
447083eb
445f4cf6
44502065
445ddcc9
448f782a
4415b6a3
44618264
4463195c
44829356
44490f2c
44644f8f
44980f91
446a0e94
44563f5c
4487bb8b
4451d1c9
448e138e
448a3a62
447f831d
4466592f
4479d257
4483fc70
4443b512
44811d58
444b693a
448c5d7f
446c8d42
44520db5
447e8a73
443ac87e
44405245
44874168
445b1672
44767814
4465d72c
44831a03
447eb799
4493c4ca
443febbc
44777b85
448a4b92
44741a7f
447ba3b6
448a5905
444e9fdf
448cc31a
446f3afa
44699917
446f240e
4458ed16
44993d56
44606fc6
447170b3
44944fb0
447043b4
449b03ba
4483cb18
447772ae
44a45f5e
446256cf
449cb3fe
447a64b0
4487b58a
449a186b
4462a75c
4481c660
442a00ad
443cf508
449d2d5a
44634979
44906100
447d0546
449ac782
4478c68c
4446915b
449a128d
445d89c9
44844a75
445c228e
44818abd
4483bae8
44816e86
4487b7c4
446ae906
445b7d38
4492ace8
448e14cd
44630ad7
4469d695
444c1ad2
44ad9ff4
4468cc96
449b1557
4470112c
44799b78
44ab8aa3
448dfd6d
447c1b3a
4487f40b
445e6600
4485fb9c
448882f2
44a02b0d
447b4592
447146c1
44996044
446ec461
4467d0f4
44804a5c
447775b8
448b7192
4429703e
446dc6a0
448352e7
445d4519
44873914
4471cf5a
44908641
443ede6b
449ad40f
44450af5
44708e50
44997368
4478c892
447976f3
44aef287
445e5460
4485bc0c
44692058
444cd789
4481268a
446d1ffd
449ad938
44208656
44795ef2
445e24b2
44667585
445d96c9
449c4c13
445bd352
44842848
4452c811
4495ef54
445f1d3e
444c1661
448f1968
4487c4a1
4472e421
448ec846
443a69e8
44809fc7
445a393b
448c2530
44834da4
443eb6c0
4477a4ae
446a8583
4480aaa5
44913c6f
4482e362
44aa25e8
44808305
447cdb56
44927da0
44bda0a8
4491621c
448ba9cf
4498188f
445b911a
44b2c40a
4486e436
449b30a9
44947a15
448c7642
44aa3b4c
448cd117
44a984b0
4491e22a
4472f749
44a16360
44924700
44938caa
44a30fec
449380a9
44cc9355
44902760
449f8f22
449346e2
448cc584
44aa4e4e
44823cf4
44ac8e54
449b221c
44797c74
4475bd1c
44923770
44b12ae7
44b4045a
44804ea0
44a0c2cc
448e375a
44847cf7
44749510
4479fba1
44a721ca
44a1a2c9
44837ded
449f1ecf
4487834c
44d67e57
448ef913
448a6e0c
44a2eebf
4489130f
44cfc45c
448faf24
44a385ab
448e0fe3
4490550b
44c20b33
4490cb63
44a4388e
448d52ec
448e630c
44ba2dee
44943c2a
44a96ad7
4491cef5
44a27645
44c2682c
44919278
4499d26e
448349df
448a9649
44b5c190
447826a8
449a05b1
4499cb8a
449b688c
44a3ef5b
4487a9d2
44926b40
44a08803
447e2ab8
44ba853e
447f0115
449b5bb5
44c63092
44721852
44a6868c
449abdf5
44898952
44985827
44915365
448cd828
446fb7b7
44915437
449f3877
4469480b
44b7eefa
44a7ef25
44800a15
4489e068
4489e364
44b6d65f
447dfeef
448dc64d
449f6e7a
448029c3
448f0ed6
4491a5cd
4476d474
44b4642c
4498eda0
44b3ac10
4479315b
44b808c4
44893a16
447cdf3c
44aadb5a
44881932
44bf1ea5
4497c53a
44862f70
44b8301c
448cdb17
448ab348
449fcfce
449caf45
44b138cc
449930d3
4493ad3f
448ea107
448efd48
4467df9f
4464d368
447a652d
4483ce2c
44884b57
446caec2
443263cb
4491c312
447842e8
448bfa38
4482c456
448a9b25
44821ded
44551d10
44879591
447c2082
44533c5a
44862dd5
4489238a
44867052
44859b63
447c8f6c
448e47e5
446e282f
448b71f4
44a5720a
4462239a
44706857
443d1f9c
447b75be
447a53f1
4484138e
447e15df
4447d05b
44960a92
4459d996
442e5114
441e5865
4459da19
449459b6
44481474
448a627a
44633708
4489c04a
4492f9d7
445ca451
445ffe82
44711b86
44910a16
4467aa42
4472e973
445bb35e
4483f927
4479b64e
448beb1e
4463e353
444e68f9
447d036b
4488914b
4466c8a3
4471d10b
446ea576
449a05c4
444d400b
449ba1f3
448bb7f6
4455cc2a
44941f89
4471c51c
449c943c
4463cf46
4448aa92
448b83cd
4459da94
446b06c5
44830089
444a0925
446b2ea8
4468271b
4462de09
44599aa4
44962a07
44371af0
44400876
448dc256
4446f309
446bed22
447a169a
4448f425
444da43d
445b9ee6
44670bc7
4455bd77
445d8794
448db613
44353b50
4443b819
4463cd1e
448b75f9
4474e880
447d18dd
4487aca3
4454e126
445f409b
44af0f33
44564ce8
446f9ecf
4491dfe2
4459e118
44860215
4489027a
446c391c
445d6a78
446d5711
448c7b67
448350c3
445febfe
44400970
44745666
445d5630
445292f6
4469426c
448434a1
444f129e
448ad851
4477f1d7
4495ab78
4485cf0b
44ae02df
4463fd31
4492f2d6
448a1317
44531cd9
449e603e
447476f5
4498b39e
448f7666
4482fb60
44b2d45b
447cf206
4489be46
448aef91
447bc81a
44b9ba59
448d80b3
448e14e5
44a06cbe
4484e860
44bb2d52
446ec9b2
449264d9
449ee6cf
446b8961
44c2e7c7
4483f383
44825f70
4486a4d5
4442f06b
44b27be1
4495157a
448f8472
44808293
4472d1ce
448c7bff
4486e97b
4483e0f8
448131d8
44887fc8
444ce5d6
447ea332
4490f569
44aae7f0
4491cd8c
44873f02
44882c22
44842bea
44b2f95d
447d9a9b
44b079d0
447b19e1
449d687b
4496e499
44813cb8
44a7716b
448ebe52
44987afb
449dd59a
4494ba6d
44b7f0fb
448873ad
4485fc53
449cbf18
446ab84e
44b5894f
44817459
449110ad
4455b48f
444d682d
44a0c3fd
44831bea
449f2dcc
447df52c
445f1af2
44930fa5
448d4349
447fddad
448c6a18
448ea0e3
4488c8bf
448f02b2
448db1b2
445889a8
44a1e95c
44a5da5e
447b3040
4492ef39
4485149c
44778ef6
448b6c39
448bd66b
4474af85
44aac603
449c9d7f
448ab90c
44763169
44982af7
4489f53a
4480eea4
44990591
44a00c76
449bb629
4464025d
449969c3
449fb0ad
44849043
448abfe1
4486b52c
445caa2c
44a6d6cf
447ca0fb
4464e19e
44855799
44848636
44b36df9
4484f8a0
447a1fc8
447bdbed
4486dedb
44868f9a
448cd500
4491c1c0
4485a690
4490f789
44673818
4492b1fd
44719828
4467e5e2
44848540
44745855
44605c0c
446961b1
448971fa
447f1e9f
443db6da
44718c8b
4478eeb0
448ffee6
4493fd7a
449e37cc
448b6b8c
446cc3a3
4447ee61
44852d27
4481330c
44865898
4479d42e
4496af61
448b4732
4456af10
44727ab6
4488a9be
44a44e4f
447b14d9
4474feb5
4471c149
446b3fc9
449202f3
44af7cbf
445c95c3
4444adfc
44820cee
4467e5c3
44477390
446c7b8e
4446f399
448a3d44
444ab07f
44767e9a
44572d0f
44a423c2
4462c5bb
444a8421
448ce6ff
445bfae8
44766cbd
4461839c
446922a1
4453acb4
44547ca6
4490ee3e
448ce164
44789490
4470d9f4
4461a28e
44904f19
4482a4d6
445e54a8
44769824
4495e2fc
443fe391
4482021d
4484831b
4433049a
44894523
4451a9b6
4480a502
44688cd8
44814480
44822768
446cc412
4468fc79
443c2bc4
44930904
447b40c3
448d3643
4451e4e9
44734447
44b6bb6d
4459f633
44496584
448dd97f
44597f72
446e2663
448f1322
44840ce8
446bf5bc
444a0781
4495d1d2
444aa21c
44727731
4498bdf1
4459874e
44859d1b
44604f6a
447ec889
447cd1b1
447f1b94
4480d841
448adb6f
445ab3ff
44a35408
443fe4d0
448bd18a
44939b31
448fe8c4
4460278c
4492bf8c
4488923b
443ec94a
449d1a8b
4475711f
448488f2
446e4c46
444b08bb
448a4aa8
4458f33c
44790f79
448742f9
44615dde
445f6e93
447f78d4
446d8215
44511cda
447e1c63
4440443e
445930aa
44985061
442dd4f1
44730728
44819cc0
4430c1bb
445d232b
442ee82d
44475e29
44708f23
4483fb82
446b6e83
44512264
44498b70
44673a08
4460cb42
449718bb
444ea281
44884f25
445992c5
447c64f1
447750cb
4460319c
4480518a
4493b697
443fa0cc
448b8e1e
443cfa04
442e21a3
446867a9
4447d9ae
449436e2
44678684
4462fa51
443c8f83
4439b7e8
4460685b
445bf030
446bfc68
441768e9
44560611
44639cd7
4462ecc7
4482be41
447276a2
443df4a1
448e1535
444b2cec
44417740
44408841
4407d50a
4468478b
4443f6cf
44aa3d77
445bb3b8
443a3318
448ba34b
446d9305
446e2249
44600e23
44578a09
44836954
446582a6
446c6822
4489846a
443a1718
4482fed0
443b8464
444a219c
4449690d
445fe3f8
446be01e
44563af3
44705cc3
447e097b
444b6a9a
446c9328
443ad905
44636112
44190642
448c7f3e
4461738d
444a7a80
44403b56
44185a0d
44503813
448f6910
44660cdf
442502c5
445e23cf
445a0ed3
445f8602
444d6eca
4473dbbe
4414b244
442be8b0
44573fcd
44437495
445e0dc7
449c1ddd
444785ee
446ae316
44384931
44831b7b
44553c2a
4455e956
448245b2
444982b0
444d2f0d
447f9dfa
44452b70
446477a4
44476bb9
448ba9db
445eca1e
442b20ab
448d6b5e
442ce56a
445f292f
4488bed9
4486ee40
448d819b
444c8cba
445686f7
4469bea8
44973f33
446ca38c
44701ff9
448f9236
443c7b9f
44800ae2
446d8d3b
448488b4
4478958b
4456678e
44706066
44814183
44692163
446ca108
446a812d
4488341c
447a77bc
447b606c
448c88da
44543efe
447c7130
44721523
44963a94
44962ef1
4444afe0
4491516c
446e7963
4467adee
449482c6
44698bab
447821a0
44690ea6
4498e51d
44a3c39a
44397f8a
444ca362
448b6928
4448c282
448766c5
44519f44
44814a5b
447608d0
444a5580
4490c8dc
444def75
44a0df3f
44529944
447ea223
447b71d2
44634317
44a1c489
443eacf2
44767be8
44801635
4462df88
448b053a
4480ec83
44773ffd
447839ad
44692a38
44967ffc
448d70bc
4471c8d8
44847e50
4484136b
44aa47b1
44944ff0
448cf0d8
446f5c53
44734192
445b04f9
444a0e73
4477d173
4481dbcd
44802364
44651ba7
4454d0f2
4462bb00
445d7b90
444bbe02
44867248
4461dabe
443cf029
44aed3fe
4429ccd9
4490090f
4485b365
44610741
446fef84
446e1f92
444a4f88
4443b7b3
44673570
449c7176
444d1937
4491938a
447326c9
445e40dc
4472dab5
44824b2a
448480a9
4461e50e
446d8253
4483f184
44649ba5
446cc1bb
449c6425
4465fa9e
4483cafe
4478fbf1
448be1cd
4451ff8f
448b8bb1
4495471f
4438541e
44848f53
4481245e
44865c56
44961b73
446c4acb
447e4ea3
445c47fa
4473d9b4
44699086
44870606
4487a5ca
4492fa9e
445a25a4
446f27b0
447f0232
4452d60c
44788f07
443e31b7
444d2549
4490264d
4455e43a
4430fd6a
446748b4
4441e3d4
448d7185
4469337f
44511e53
4476aff6
44440d9c
44555189
44811413
44508eb5
4472c5bf
44744fa4
44763446
447a7534
4486a220
444beccb
44513b61
44785d73
446fd781
44718b04
4456290f
4452830d
4484c905
44660fd6
446771e6
4454db11
444c6576
448d4a47
44607cc8
4454334a
44233ec6
44640fb5
44956195
44223fba
44721669
44492449
4468f35b
44795b1e
44319f03
441ed6ab
44636ed5
444ae37b
4479ee95
44606268
4436dada
445bab6d
44847a13
4476e4e2
4458586f
444e6a66
448b6eb0
4476371c
44946e7e
447c285b
444d7a7c
447cfa71
442f019b
44985d6c
44635a6d
444d8111
4463e1d5
4441d42d
44878242
4447c794
445a2535
4448d482
442b1a97
44636055
442fd0b3
4483531b
444ccbae
444f2229
445622ba
446d7ef2
4474bd29
440d6afa
44669dd2
449a0494
4452d4fe
4435e0b2
4486e678
444ed5a7
447d6bf8
443f7fd9
4456a375
4469d734
4434b412
4499f20d
44422a12
44548c8d
4446c56b
44504a5b
44459b78
4441072c
443ce652
447c5285
44386e4f
449ca01a
444fb3f6
446bd192
447ea6e0
446cd1f6
4454f232
4468732f
444304a1
44395c13
4437159d
448199a1
4475ab84
44632ef6
446f98e2
444e580f
44549171
4430d558
445405d0
445638aa
4444419d
44865e48
