// case 008 massive_act - C[128][128] FP32 expected, row stride 512 bytes
// 16384 words, 32-bit each, little-endian memory image
4dfa981e
c611e9dd
4694e4dc
46b7a56c
c72488f2
c615bab7
47187719
473fe7a7
c607b191
c6e9b623
4701f0d2
45c9ced3
4509634a
c69186ff
c66adbaf
c718db41
c727089f
4565651f
46f47519
c6bbbbfd
c7aab8c5
c38fc6c4
46386117
43ab0b7e
c55200b4
452c6a7e
46ba907b
460357c7
c79eb04b
c7586a99
45407b3f
c51bc3f2
c5ddb116
46f0362c
4600909f
46a05933
47f49e20
470325d6
c6e51d0e
c688f1dd
47270193
c5c21df9
4791fb69
45dc4e85
c74ea2fa
4597db43
c79531dc
4774e3bb
c615d097
4687fab5
c65bea64
c656f0e9
46e7f480
46d56d88
c672e5d2
47aa58cf
c6a035d0
c6af7f5e
c5caffaa
46efd475
48075bd1
47997031
454aa811
c7284dc3
c68112bb
c7029f5a
47faeabd
46edab52
4681694e
c6b73cb2
c70445d9
4706e796
450db6ee
47a152b8
47982152
46b3c7ed
45b53669
46b8bc10
46018219
c77a003c
47a94cf0
c70cdfe4
c7981de1
4793193a
47513372
4719a077
4667c8c7
4717ec86
4799e815
c4d7e5a6
c73571a8
46143509
4698c352
45c9fc31
c52a28ff
c642c9a9
47934229
cdfa97e0
464ffaaf
c5420337
c66d50d5
460a3047
46d82adf
c642dec7
c79b97d5
46659236
4687cd8a
c774e7bc
4714f3b7
43c1ba8c
46fcc2b0
c6926b27
46fa3f88
46ac7fc2
4754a6bf
c70e2216
45ade035
477ecfcb
c577a774
46650bac
c5f4ffdc
c73fdd44
46647116
c6bad424
461845ef
45af69b5
460a875b
466d8a1d
c59777aa
4dfa981f
c67753b3
c71d91ab
c72f56da
46b9caaf
44ad87e6
47514e52
c464aada
46fd770d
c695d7b3
4744504b
45009910
46206372
45b4de16
47227421
c520d35e
c658724d
46adf479
4621cad9
c5a9c38b
c711fa71
4517dec0
46b4b54c
461a57e9
46e51e50
c6cf9a24
c7434845
47909399
c6040369
c77f247c
c5a23fc9
c7577d31
c5ad2173
44c4b715
462659d2
4644053d
c70b5473
47156a0e
472e945e
c6bfb5fc
c6b0b7fd
c70143dc
46a292a9
c6506d97
c6b0cb7e
c721b977
475c3b41
c74eb735
468b1986
c65e656e
c720416d
c722416f
471f1249
4662700b
c3a98d23
468c69cf
47115408
c627ef17
44e116d5
c6fd9b76
c663ace6
46e9625e
47273c71
4752f8c2
c626029b
46ebcf55
c683cebc
c74e7a9e
46743a21
470ead57
c505e26c
46019624
46e8fec2
c6a15b52
46c584cd
46b3a694
471cc156
4788c176
47110782
46fe5574
47252cbf
474ac8b3
45cbb75e
c58b0d4e
c7160714
46cda0da
c69d87a0
c516aaeb
471f9547
45ef4396
42f23f7d
c6bcd051
c77b6f1a
c6840544
4762df33
466f302e
4730f232
cdfa97e1
474842e2
c7196c6b
46deab17
c5f52796
4729b6b5
46b6e45b
4715b8ca
c4fbd922
479893e8
c6b6928b
c33845cb
c5042e55
469ce374
c6f3fd98
472bc37f
4685e71c
4621f913
c49a0d9e
4635ff24
46afc3d1
46a7ba5f
461f59ef
46965ea9
c621ff6b
c6f41741
479f84ae
c5d5df5b
460d2758
478fbc1a
470e081d
c5192b72
4de3d024
c6c28caf
47097712
46f1670d
465994e5
466175eb
c6141896
472a7e7d
4662b796
c70f96ae
c2296395
462eb437
c734d054
474ed82d
c7941ed5
4670188f
46b78cfb
c56467fa
c7315155
c70a9ea8
c6e4d37f
476baed2
c6d84fc5
47767ac5
c56dddfa
c5d8fab5
c7691c5a
c734472a
47918413
4701246f
461faf76
466b9f19
46b66201
c4b8cb4c
4732e6b2
c70f0368
c61ca1d6
c75a2fb0
477401d6
c635e8ee
47872e8e
c5c0505f
c65f4633
43da64c9
c62321da
465d8066
46daabc8
47147402
457b4057
c71f531b
c66cdc30
45303baa
c6df9f30
464c6560
46497d6d
47368154
c634870b
47079853
4630fbf0
44d3b15a
c72a773b
c7109f59
4693f34a
c7450e2c
c5071f7a
4721462d
47897727
46a68084
c68e69d4
43e8b405
4686e3d0
c6d48d0e
46332f8b
c525929e
c7b518bd
c6220722
c71eec03
c74744c3
4657d615
4712dc6b
c7c740aa
c6ba610b
c7468c8a
c6bb041e
c690842d
c7c6aaba
c5129620
468d6da0
c5725051
45958a6d
46f5630a
c7102095
c6901a63
4791864d
c6fdd6e9
c729bd1e
458c28c2
cde3cfde
43fca446
c4ef9053
c7662038
c56be4cc
4622f516
46ad6a0d
c72124f8
c6799a2b
4761d50d
c6833eca
46620f97
476e516f
4739606a
47ba0f05
c708a9e5
c78fc08c
c76060f1
46d8b7a0
4693cee7
c5f72276
c6d1b4aa
4725d54d
c6bbe38e
c6ab10b0
474d4221
4725406c
46e5bcb1
4656f81a
c60c73b6
45a60436
464981d5
4dfa9822
c4f077e4
c6afa484
47013990
4733f36f
47933869
478f4276
c5c4d562
c64bb2b2
47b316d2
c710ba62
47107450
c604b5bf
4705be57
c742fcfc
47cb3013
c6d80a0c
c77ab4a0
c7100efc
c6674aef
c73951cd
c6ef751f
c6b850a9
472cffcf
c69e61a2
c50128ba
4740b05a
c72ab463
46f44b48
45142eea
c7315f79
c66a6f20
c5f8bbfc
c527a7a5
c6aa6188
c752b88f
45edb3d7
45e5db5f
c6d997dd
c6046e83
474f0d32
46e5b762
45129604
c6539079
47232dc0
479aafdc
c7287176
c6a74aae
c7a5adb1
4691e4b5
477e7539
c4ddad4b
c790d6da
46cf83c0
c617f9bd
c6a19cf3
c6d830a9
c3a566cb
c683da8f
46094cca
4681f1bb
c72e41f7
46bcf18e
47b646da
47b16d2d
c7cd367d
46504b10
c6200bc2
c6ac622c
468dac8f
46641f96
c62c406f
c726f44d
46be4b29
47711ba1
46b4c59e
446b2b0f
c6b44183
c5f14972
46c10c6d
47146f73
c6ff7038
474ce217
4797db10
c74585bb
c6467b92
47303ec2
c5bf0814
c69e6021
c6676db4
c5501ec8
c6367952
c6fbcae8
46b4dada
c6a01c58
470b26bb
c602106e
cdfa97e2
45f6e371
471e5cc2
477c2c97
c72aee10
c749641d
c71f5f12
455975c8
46bf8851
c6bccdda
c61ffae3
c5050129
4697594b
c738b70a
c6abc018
c728bdd1
c6a8a87b
47110098
46f04ae7
c637bec7
46f1bd9f
c52ba65a
c5703510
c71afce2
45f8421e
44818a29
c710fd83
c5941527
c773b0b0
c7968ba6
46f558bf
c6bf4fad
4dfa981e
c703390f
c704045c
4580768c
470cde7d
4723fd31
c71c85e2
c69ef17f
470063dd
476c72d3
46da03dc
4722e18d
c7807293
460f8fdc
4682bf59
c5e24ab1
c63fa29d
451e20ed
460aee53
4613fecc
c4a62a1c
4715189c
c6f89456
c73df53c
c6e65588
c6a02e25
46c6c21e
c608d495
474476ff
46a51943
46cb37dd
46e95baa
464a3e97
c707cd5a
c6ea8e53
c7969292
c73b376f
c5a0f749
c5dbdff2
475586f4
468e07ae
c60dd460
c6d9c5f8
c633fca8
463a964d
c79a83b7
4785f09f
c72b02aa
4755e019
4657ee5f
c653d496
46aea0a1
c637b77f
c74ca4b3
c69797c8
466a7e5d
c71cda4a
c33a9b3c
47a0b1ef
c621316b
c6cb1f63
c7035931
c79bc74b
c6b596c8
47089bcd
477bb878
c6961c70
c6e6c532
4732c6e4
c707339f
c668b02e
c6edcaeb
c710d0bf
c685cf91
c769734f
c71b629c
c5f0c24d
466ddd0e
c6751f3a
45824a73
4625488f
47b30aa0
c79239a5
c696a4aa
4716d8e7
46f31ba2
c5cfa2cb
c79a2883
c6ab3ad3
4794cb8f
45263a36
46afa5f2
c71b65c3
4648000a
45f059fe
c77f2f47
4738edf4
cdfa97e2
46c43ec9
c6d3118c
474325ab
c60f76dd
c71806d3
469db977
45a458d9
45d13dc1
c67dd023
c72d2f7e
c71b6b73
46c1efb5
c6890bee
c6dbaed2
c6043cc6
c5dd1699
c706066a
46878c16
459b706c
c630ea16
c71f0463
462a5e5a
c54219c6
4700672d
469b306c
c77abb0a
c63f1061
4751c72f
479273be
c752c11c
c7563b81
4de3d01d
c6d34b42
462d0701
476b8c28
46badcb1
c729389a
471da5fc
c7089616
46bd1f42
46bceba5
46242a90
46d3e921
c737c463
467a0269
c6db35a2
c7204e16
472b4351
46e0b0ca
46994d2e
46d0c906
46c62388
c7242780
c735439a
4521ab93
c73eafcc
46804fc1
46d0add8
46d9899c
4594e7aa
47856891
c65cc5b5
4676791b
c6c9e187
45c24b08
4713373d
474794c4
470b47f1
465b963c
457e8e59
46884703
c6ff2905
c4e19fca
c6fafdad
c51c80b9
468d7eb5
c6afae86
46f89c2d
c4cd605a
45e27fae
46fa79ff
46b7760c
c6269e34
c72e0095
463007b5
470af22c
47496760
4733164e
c585c96e
c6587a19
4707ab38
c5531bc5
46935408
c72300a2
47067cbb
c76c22ab
c6ab0269
c7868796
46b71e10
c5147d16
4772785b
46cd328b
46b276eb
c703fc70
46e6870b
c70c371a
c473cfbb
46d0233d
c7820462
46ef42a6
4718a7e7
c69e996a
c74c93c4
c71f53df
c7396fc6
476af312
46e0abe0
4675158d
45af7d07
46f79a3d
46ba1e6f
46c64aa8
c74fa941
45ccc5c1
c70a13e5
c7412803
47096337
476572a7
cde3cfdf
46ecb781
c75f943f
44f48e2c
470a6582
4722fc1a
c75522e3
45f77717
46c7cec4
c5854210
c690130d
c5f24014
c58f364b
c6b847bb
460587bb
460b59f0
c764071c
46f2bb1f
471ad618
c68a7619
4695f43c
463343ea
470b853e
45e1be5f
c63beb56
c5d68d26
47758874
4786d044
46be4e56
c60d1447
46a38810
457b70c8
4dfa981e
c6c14e2f
c59640d3
c57710cc
45ea4eed
c674ea61
47331f85
4714f870
c79c5b36
465d1c65
c6d46332
c6af73d2
4736c88e
474e549a
c6b78e88
4722bd6a
c6e6c60c
473a9946
c3aa592e
45a822b0
c6a50373
c65dc6cd
c5bdd905
c593671c
478cae0b
46ab16f1
c75a9fbc
45d4cfc8
47a703db
c4913125
c6ab2f28
4713ce43
c6e52f11
4618062f
471724c5
47a73de8
458dd059
c6b6d69c
46077236
c70d7039
c69b5d8f
45d01f7c
45c51a8b
c6a22ca0
45e22942
c71545f0
c6e6282d
46c3112a
461b6dde
464734bf
c70e0362
4699eac1
46e8051f
469fffdf
468b82b5
47081858
465666d1
47571237
c608bac5
442f41c2
46994e73
c53bc44d
c69cbd1c
458d350b
c78054ab
4712c1b3
46188e19
464257c9
c64e53ec
4669f4cd
4731c24b
c5ce4f6f
4682ddb2
476fbb33
c761fdd7
c77fa0b0
4759c395
478c8f97
46adf57d
47c74c19
4619de60
47b3bd7b
44cb0ede
c6f3ac56
46706de3
470a62e6
45f940c3
465ee845
c70fdc0a
4666ffe1
46e2d745
46853333
c715a0e9
44fb269e
47729391
470f2715
4644b68e
cdfa97de
457d14df
c5b8ddfa
4731ca81
c6b7c034
c6825975
c5d1ebac
4688c5e6
474fbb9a
c4548a61
c5f09575
4727b396
c5aab567
c696d0f7
c704b4c1
459e9b02
472f3b69
475217df
468a7373
478cef69
46eb8bad
46c9fbe4
46b3d20c
c74fe298
465dee02
c689c777
c73df507
46654851
4704afb5
471dbe86
c69b3bfa
46f7975e
4dfa981e
46782e26
47b0de96
473e28fb
c6edb839
47220acd
c63c5b52
474974e4
45b6e3ca
452255a4
c5666729
4703b2fb
4720a72f
46ec0cfe
46d3a13b
c715643b
475bdc7f
c67bdaca
46c480ae
c715d350
47066478
47d41695
46c7b15f
4775ae5d
c6c1e978
471a58b9
47399975
c5928765
476a1b25
c7601a95
47b44f66
c6193696
c4f80857
c7252b8a
4617d20d
c58b2c02
c726215c
c4bdd058
473b2892
c52dd020
46dc42f5
c76667bf
c7a2c637
46440fdc
c766cabb
473ae44e
47b66e4b
463944f1
c63716da
c67570ec
46b93179
47196684
c595be05
47dabe8c
4725c5a2
c6914291
c68a4ce9
46b48060
c6ad7086
c6969da0
45e9ed19
4695f05b
c566e398
46e55833
46adcaaa
4730be3b
45870e59
47866bfe
c6fdfc22
4737f687
c6e82452
c5e8bf04
472a51c4
465f35f9
464d1fb9
459bd50f
c61b5939
46a3c6d3
c6b4764f
4667a732
46059670
469c76ce
c71d7b16
c62084f8
472091cf
46b53ba5
4748c36a
c69a9824
47514970
c77bdd09
46d2d241
47a30eaa
c4ca2ee7
c71e0db3
c732a4c1
c5f73c54
c5cde405
cdfa97e1
46ba1bb3
c75d0b8c
c625263e
450fce1c
c6d98564
4702b72d
46b5122f
c6a83848
4684e306
47031771
4634544b
c6e68b79
c7252ec9
4738db36
47597f77
4626e3e9
c5e3797c
c64037ac
473fff9f
c6f9e88e
c7130802
c6c36f4b
c612f85e
c6da5e05
c6af064a
c75bd35c
c71e74fe
c6f98956
469f20a6
c7144e0c
46c95f82
4de3d01f
46a79a61
c6874807
46f49c81
46643925
c6d221df
4781c06f
464a6249
474e5628
c69cb978
c74252f4
c6233929
45d57eec
c74d57b0
c64dba3c
47024147
c6db2513
475dc550
46aed19b
c6454cf9
c69556c0
c6821cd8
46945ce5
46c670e4
c6a04570
471f08e5
c65a0bb9
466f84bf
47729051
4688b985
475b8f51
468a596c
c5615103
4692eec4
470351f2
c6a19f07
c6a019ec
c72391a6
47933683
467db62a
46a4459c
4644b4f7
c5ab99ed
4776a045
c68d32b1
c72375a9
479edd61
c65a8a00
45ea5a1b
c72a3620
c76f707d
464f537b
4788632a
4676c5c9
465e859a
c597281e
c639424e
c5f7f313
459368af
c7340f64
47008fff
47cf8daa
46ce120b
470253b2
46ad8cfb
4778f50b
46bc596a
c793d8b7
c79e656e
c711e500
47d3ffe8
c6b9ef4a
4727e45f
c69ffddc
c732b166
c4f9474a
c6edfa60
c69cdbf3
c789286d
c73aa621
c644d7e6
c621d84e
c652dc8a
45c49f83
460497c2
c5cef953
4749b6c4
c5e68443
45fe8afc
44d80e7d
47433112
46e7faae
477aaf9c
4531614c
c59679df
4613f0ca
c540334a
cde3cfe2
c75859aa
471d556e
46c56982
c5f8b150
472d5ae9
c68e1e28
c72eb97f
c6a7ceb1
46873d45
478c97ad
4526a8da
470ddb63
c61b8ed7
47377d6e
c6c8970c
4759d86f
c73a29d5
c6601405
c52db799
4724661b
474c23eb
c6a3ba42
c68f2f48
4761acaf
c607f581
c6adb8f0
c6bc696b
4708bbd8
46d1f77b
c63dac31
c62c993e
4dfa981f
c66a9a1e
c70d55db
c7143ecd
469c1b71
473ccf84
c662d139
c6ee85ff
c5f9233c
470d94e2
47455ad5
474c3437
c6d0c15f
47037e2a
46786f6f
4798d01a
c64801c9
46376e65
4601f6fc
c72412b2
c650d0f1
474843a6
469f2324
c70c91fe
c698beec
45191b88
45057aa3
47624b1a
c6337576
c7313140
c70554f6
c7900265
c5a70722
44b4df3d
4601da6e
c6cad5f4
46cee59e
c5ad400b
46d56cb0
46d560c9
c73d35cd
c764ef66
c349f59d
46bdd140
c71bb72f
c5af65d8
4700f4e8
47a5c38a
47146acc
c7af81d0
46cab5e2
466e5989
c7214b8e
c6e60f7b
46df1389
c65f88a8
46598dab
c697675b
c70e8717
460284a7
c50eb81d
46b6e520
c56bfa24
47665dd5
c70c4a37
c6802545
c6e7b37f
463b84db
477c6dc0
46c1d558
c6d33962
c6a0bfc4
46372b5a
46dabc95
c58f6032
455a15e1
46484146
4740cad8
c68433c1
c6a6c577
4616275e
46adbcd9
46bb6dad
c6bf211b
47a2932c
4709776f
4715bba6
c710c8c9
c7086710
c74ef6f2
c703d87d
c69f24ea
c7895e72
c792b5ae
46e4e149
463b6700
c696a3b3
cdfa97e0
4682ad3c
c74119b5
461392e5
c72e0302
c6b9cbdf
4718d0ed
c6880561
470aa4c2
c7300eb0
c6ebaf87
c782c9ae
4657cb74
c70a5297
c704f9b3
c7846810
46f040b3
c606d85d
4716dbe2
c742f5de
c6308b11
c6ecc47f
c69c9c04
46806cf1
453203b3
46c82598
c713c6cf
c66ff88c
c7a451d2
c68d76c2
4753896a
c73f8c6b
4dfa981e
c73e5046
c70492f3
c4f3d583
c6f3f504
4699a02c
c661d07f
c73f0c19
c709daba
c70f5809
c71120fa
c7a65c8a
c69e61cb
c6c0c178
473f349b
4731c50a
45f22c72
46681e13
4599d607
46b3a4e5
476d5e34
c7ae80cb
476a66f8
4671c4c1
c6f1c9f7
c760b667
c751cbbc
460fd46c
4752f702
46cb50e9
c6b80ffe
c73b8fb1
4428c98d
46a28158
4485a1af
c74a496e
c5c65b2c
c715e836
c7b67cb5
c673e13b
42d36643
455850aa
c5886038
c6aae5ec
c5e1448b
46134014
c7076ca5
47b1ad5c
4780a1c4
46b9bf9e
c761a66c
c7096266
c61bab60
c6d65904
470e5550
46b95811
c6a32faf
c6538b18
c7500262
c7405c53
c67d6740
47093df1
4593bb13
4795cf94
46b594dd
c65e7126
470fee2a
463ac8f0
455a6a72
4785edd1
c75e2083
47082f33
c6c3a9f0
449e9eb7
46503723
471a89ea
471849fe
c6f7ca87
c7b2c3c1
c69cbcd2
c604b10e
473cf483
469315b2
47c62ae0
c5368240
466ef6de
46af4727
c59d8600
45cd1510
46db8484
451e7cf2
c6bc658a
474b28b5
46da7e2d
46dc82bc
c369572c
4694e2c1
cdfa97e2
46b2ac64
4747ee43
c665d174
c6beebce
c5efac91
c74eefdb
4750547e
c6ebcb02
475ec5cd
45ab7b8d
4631c7a2
46eb9d95
45bb5344
c7b49e84
c7a95f5d
c680b53b
c6eabfb3
c7172255
c70ab20e
c747a490
c4c4b919
c755b359
c678ec59
c6f92d4c
c6b0c246
c57ab07f
47230e57
c64351b1
c6880f1b
c747e804
466b31ba
4de3d020
c79de1e3
c5383f39
c6d20ade
450c6e80
44ff6fb7
c74b1c97
47c66b6a
47002016
c7cefdf7
c654e001
47ad38f6
470e44f6
45d5fbd6
c5c5e035
c70ec1cd
c6f5afb2
4684d7d7
47abc294
461ffb30
464eb69a
c6d747ba
c7882460
45f5f2e1
c675ddf5
4775516b
c6a4a760
c74f154f
468272af
4659c662
472d7001
471369e6
43e2aa8d
c72be622
475ee39a
c783c5c7
c727422c
47991788
47bd75bc
4616b9ff
c667a422
45da65f7
46e394ea
47145a91
c72506ad
c71d98d0
c683f0ec
43de68b2
4586d5f2
451ecd3e
46d11ccc
c7434f5b
46fee40b
c5cf00c5
479aa366
467491d4
c70514fb
46793651
c61e1684
c6c75dcf
c757b209
46854db3
466eef5a
47164651
47359fbc
46e02a8c
c685eb3e
c69525f0
46b03733
45fc528c
c725104f
c5c7e20a
46846b16
4605b230
c632d2be
471b5597
c6654271
460f3b5f
4739fd81
4697e924
46e43a79
c4f0e94f
c717d700
46acad43
46e4619b
c6c7a1cd
c68d6fad
466d4678
4722274d
47527536
4499404f
46eceda5
c663db47
4685d4d6
46411da1
46e92206
469a0a26
cde3cfe0
46f01c5d
46efef47
477c91f1
c622939a
45e5a027
c5965eae
c731bcc2
c6f889fe
47ec2ac9
46d00cc0
c6f2fd44
46e1d1f4
c71eb4c1
c6892b4c
47041d18
470a1e0e
c7158429
c76d5fb3
46dc7688
4296bbd7
c70946dd
4737fa98
470b397d
c4eaac27
452d55b1
4786021c
46d1c3a0
4698e04f
c706f8fc
44c3fdec
46edab6c
4dfa981f
46d70e92
4749f30b
c72c9063
46668ee0
46c7168c
477ce8b9
4731a26a
c69b5c21
462451b2
47a61fa1
c634f6e2
476a6cf5
4692cfbe
47330d08
c78b24a5
c617af26
4727991f
4796e007
46fa87bb
c670c500
464312ec
4570e901
47383c76
c5fb69f1
c648f814
4752f579
465644c0
4763ede0
4706af74
46d41bf1
46d6c4fc
c685f1c9
c70b6f3e
45e76995
47465afb
44e99319
45caebd6
c780ae31
c4fad66f
c689579c
46c0b862
47137d5b
4791e34b
46f560d2
45a3e238
46ce3cbc
46ee4763
470fd181
45b8a210
c5a824df
c682ca9d
45b2a7db
c64f4524
c66a55d1
46eba645
478de6b1
c6ba0ca3
478dba13
466c2fe9
46f41287
45e3dbbf
c6a99e71
4605ea9e
46494c3c
c55dea94
c765786b
c5b916a2
45901488
471ffa7f
c65fd54a
476c379e
46a96f3c
c5d46166
c663203c
45d5547f
c5494307
473579b6
47e9f38f
4682a389
c73eed92
c6a8d47b
c62d6242
478a13f6
c6dbed2b
c6a4dd2a
474d6797
4630a082
c6f5339b
47a99a6a
c7a1d95b
45de6736
467db1f4
c61eefef
c661b2ea
c568bc20
c7511d73
cdfa97e0
45e07464
c791cd52
c6903ca3
46c07dde
c72a4e77
c613e6ec
4517ad6b
46a8650e
c70f03b2
c746d6b0
46e94418
c7019d73
c5e17762
c28c13d5
45a050dd
46c79ae2
c6b7d84a
c75579b9
46bcf8ba
47252277
471005d3
c6ea1a13
46c5a174
46858844
c60458da
4492c857
c6ae1ede
47120196
468407f7
4557c5c8
c62929bd
4dfa9823
c66c4871
4698c887
4703b7ae
46d44bc4
46d2b4af
470bd4f5
c6f4764b
46ffe5ba
c71fea2d
47670b9a
4558ea47
c789d8ed
c5113f6d
47ad50e7
c5f5c02c
c62ffbe2
470f8e48
4633679a
c52ddb3b
c6d2484e
47304d1f
c6cc756b
c7942279
47678f12
46893bab
c706c8c3
c527ccb9
c769d4c0
c6be8175
4604167c
4793c8b2
c6b6f609
4700a6c8
4584d825
46fc85ff
c6baa02d
c7887c6b
47181efb
c68352d4
c4639332
c6ea4d9e
47250864
46b02ed0
c538a80d
c6da118c
46ea9e7c
47209ca1
46d1f408
c6d2e2ec
4500fdda
c4d4cd94
c6815ba1
c651d3d6
c67bb1e3
c6a57118
c5ded6cb
c6825f1e
47942d7d
4775220a
4773fd27
4658922b
4686d5fe
473eeddc
463418cd
c7a1a701
46158852
46a1c517
46eefde0
46b6a394
47532650
4711098a
471f31f1
470357ee
c549dfce
c6283e96
c72f5ea2
c706d8e3
470e0cf3
45fc15ce
470f0c1f
c6b56c27
46bf431a
466fad02
46d74d2e
c5ef2224
c72a4e79
45f3529f
45fde22c
c6ffb38c
46cdbbf8
c6abc2b5
c6de5663
465b097e
c76d7bd2
47523659
c64c94fb
cdfa97e0
c74a2cfa
45c36f4b
c4054c9c
c66ad87e
c64bda6c
c73c6a77
475bf680
c63999c4
479fae7b
c6bd3b24
4798af1f
47a025d8
c59d70a8
c793dbda
46e81138
473ba091
46c9f697
c6be338f
c66429e1
46e60a21
c7523eec
c69113ea
c79c9462
47390456
46530ca7
4609c04c
4711b846
c7014378
44b5e561
c4a9f089
c5d524a4
4de3d01f
44457d5e
471da0e5
c7574cf9
c73831c1
c6bc8cfa
c4af1781
4714f569
c76f69f2
c701ae2d
c44ffe9e
c504e8eb
c6e34764
45fd0638
466692e1
c72d2454
c6bd0c68
479dedc3
45c740f4
c6944fcb
462886ce
c7658bd2
453031a2
c765898c
469c3bf1
476e75d6
c6948701
c690cc84
450c0b41
c704ca04
46ecf40d
47884ea0
c6bf2dfc
46df6908
c74778c1
46ca3f15
c7263537
c694e725
c61b4a06
c5e0a93c
c6b28c6f
46b36984
4469d445
c293bdcf
c72ea526
c6743678
463cbdce
4593d13a
c68d0092
c78082f0
c6c97ad6
c7337a83
46bba8c4
c6b9f01f
c6a93bf1
471f5228
4745867a
43ac211a
46e62b9b
460c004c
443695b7
464f4cda
c64e07b8
c60ece38
c60941e4
c768e2db
472026dd
c673bd7c
47592dd8
4765e840
c719dbe3
c63e57c4
c766f566
4693ef7c
c6b65338
45426bd1
c63399b3
c6a1f6df
c7898eae
46baef42
46d9e6ea
4693706d
c6efcdfb
c6cd078e
c6529019
c788afef
46a0c854
472a4cac
4749e3af
4616aac1
c6eb4b5c
46dce0af
c6a640dd
46a3c337
46416291
4722d219
4651cbf5
cde3cfe0
c6ac11e8
c6c44dad
47373d2c
46f46f67
470c4379
470aba2d
46339171
4741817c
c5bf8a9f
c6f336a3
45d4883a
c637c760
c70d7dc9
c5d4df75
4748e3fe
c6bf02a9
c69f63f6
4755e0a2
46ac1960
c6aef94c
c6ffeab4
c687bb21
46f73517
c662420a
47293f84
c62e8973
4671f550
c716b538
c782f2c1
c4bf9108
473c2bff
4dfa981d
471ca71f
c6ccf091
c7030942
c53cc973
4750bb90
c71be865
c60edb34
4711078c
c62b7d6a
47242646
46d0e01e
c70701f5
c6125ba3
c73ca4c9
46984602
46d4199c
c795b86a
c7658e74
c5f8bbec
c6aacbc4
c6e125d9
479a8768
470ef6d0
c71a7b23
46e8de7f
c7744a98
47465543
c70858b2
c6a862f7
c6c7b4eb
47143498
45702d67
47209e6c
c708f066
47133275
45c12067
46edf039
c7715641
451cec74
c6bdbb05
c7227b1f
c6db677f
c788c1a1
460b9652
46e1376f
c7810203
c727afc3
c6c5cff0
c6575ca6
c51d7838
c73d07ab
c57c56e1
c5838b89
4789a82d
c50c36bd
c6f62eb8
45aeb07d
c7974bea
c4915a90
c764842a
44f9713c
4621ced6
45982435
c5fa4b03
c74b7211
c783bd91
44a63965
46aed9d3
4707c43e
46e1946f
c3687ec4
47097f22
46ac43c9
46dbd27d
4644b95b
c55eba23
46cdb206
c7a29cbd
47597fd0
4622d103
c7206a59
4608508a
4534b25f
c7aca22e
472055ed
46c1a406
c6a06d2f
c75e4902
4617c82d
c5d79315
c68634c0
46e7b8cf
c6aa418c
463e9f1b
c6a5427e
46b67bd6
cdfa97df
c73425f4
46e0aefb
472a1082
c71302ff
c78d0fb7
4729ac54
c6adfe84
c6fad269
46d84b82
c791884c
464340b6
c5ffa76a
46ac39e2
46e63eea
c78e4bb7
c536fd65
c6fe3286
475c89b0
c64e89fb
c689ae84
c6ab3f0a
c67549fa
46d6b3ac
465ffdbc
c5b094b2
46f01f00
478f591f
c75c3fdc
463b5a87
4715ef30
46b1fce0
4dfa9821
c7c127b4
c6bc8669
c7909587
46023f3e
c72d385b
461e1df2
466d4eab
c69b56ea
c761d80a
c6cea0a9
47661d21
c6cd6aec
c5f12a79
4668e743
468caa33
c6b6f942
c677c5ad
c6807f80
4159e228
4761516f
c6debdaf
c700f435
c763ea94
c6cb127c
c6e87712
455bce2c
464a37c8
44c1f94d
c6d04579
4759b8aa
45e63f26
47384385
c76a7ba6
46a9667c
c6e52c86
c70133d2
c48cbcf8
478a7947
471f5195
44e8a635
c7599ee4
4631f81f
46915c95
c75ee152
47754512
c7a119da
c7ba842e
c6df8a57
c72801b9
4664033d
c71a35d8
463b1b2f
c48c2f2e
c6833035
c65cd2c9
c7818c04
c5ad0cbd
4645113c
4595ed83
46954185
473dfb1d
c720bbda
c660316e
c5d51858
4689fda6
46dc9d97
c59fa654
c6a7d3c2
c64ae9f2
c63653f9
46a9c39e
c70a271e
c7b728ec
45fcc972
c584423b
c762e8e2
4674cac7
46a057ef
4716eec6
c75c398b
c6c5a42d
c7527788
470cf35a
c74031a4
c709ee98
c75f0060
c7b01f02
c6005501
c6a9a0cd
471b85e6
c6cc5bd2
c7c70420
c66a54a3
c73a9179
c6d843ce
c6d39c3e
cdfa97df
45a1fa3f
470f18a7
47838970
4738cd31
463a25c0
c53e0c4c
c5a89ffb
459031a2
c69de74d
46840a34
c6fa29ed
46e783aa
478302eb
c723b91c
c77c0abc
4725c95c
c6f55c4e
c6fd6d8f
468fbbd6
4791517a
470ae8f3
c5be1831
46b66879
467b17ff
458da500
c75efd36
c65db34e
45d0f958
c62ddab8
c6fc5511
c7295552
4de3d021
4729a310
c6f89a73
461b1cc6
4707252d
46fe5eaf
c74780c2
45beff2b
465cf272
c6f2ea41
46b5a9fd
c6ddd7ce
4748bd47
c3e6dd4f
c4ee8510
458b29a7
c59b0f37
c717d31f
c709f3c9
c6f63310
4561814e
c694f0c1
c761a8f8
c74b4839
465335e5
c5419527
45d01e4f
c6959823
47222441
467f83a5
4638501f
c71c0b25
472bdba5
c72ff6ee
c6daf6d4
46d588aa
c59ace6d
c7472fe8
46e4f59e
c799ddd9
460d9425
46a52ae6
46476a94
c659d293
46927771
c6b98ed8
46cd1ae0
c71dd345
c693bb33
465b83fa
c6cf984f
46da68cd
c78e57fe
460fbf78
45b594ff
46c01b34
c68dc09e
c6def23f
c744bdc5
468a3ee6
468be714
46d9f4df
c606ed62
c7692cf7
c700169e
4774cfba
c6d7295c
c654e232
464b968f
45977131
c7c29a9b
444b2829
45a64bc6
4720f5bf
440556e7
459c8609
c5be0770
c7574cc1
47210740
c6f07220
471adc8d
c4e5e1ab
47a16f78
4614df53
c77ecae6
c68f64f0
c5d8e8b7
c7161dde
4534dd40
c6a0ea0a
c7672cfe
474f1d37
47681d65
43f23b4c
4616bb0b
c728ff71
478fcaab
cde3cfdd
c6cab192
c6c60ac4
46cd02b9
c70ba3fb
47258a23
474efb48
c72548e8
467e9bc7
46e19867
c736c75d
4585a2a5
45f7906d
46158b38
4659ec18
4628da52
472f8cc6
c601d470
c721d411
c732e0dc
c70f73ab
c67dd0cb
c7b544e1
c739c494
c67c58e7
c6c24c73
c632469f
477b6c65
47569c06
46d76c2d
448c5a76
c5ce71e6
4dfa9821
467d2733
46c5833b
c6184aa1
c7347f36
c712c054
474dab9c
46473226
4749b799
469035cb
463d4a4a
c6a91c8f
47910940
46de1128
c606f901
4773338b
c680e011
46c09e72
c59a6fcb
47119f98
c6aaf739
476275c9
477bf05b
472b8e3f
47817b10
c6b15104
4642c3bd
46bbfb4b
c6f77274
c54452ec
47a95859
c71da7c7
c76d2d58
45861d03
47854ae1
47974a52
451a6b74
46fd113f
47153a26
c6a2f440
4734304f
475df87d
47a1cfeb
c5b0bacb
c7417b9a
c7250083
46a5268d
c6b00d01
46d7d81b
46f19b51
c5ea484a
46f29755
c699865f
469dd13e
c684b496
c64c6278
474a3655
472a7230
47474da7
c6b82a2a
47379acd
46ca445d
c7277bb6
46526a0c
c5bdf1f6
c6ac920e
c779d368
c58204c3
469353df
466f6068
46bbef22
45242747
c6a249ab
c7262026
c76d0861
4675b4de
4618dace
c6f09d99
460e9936
46f44ad0
4791cf7d
c6d2a001
45c6b0cc
46f5813e
4780d3fb
469be243
4762d5f9
47d71b71
4781064f
c6972ff9
47101e40
47990584
c758bd7d
c729c31f
46ec3535
46ce26da
4615898c
cdfa97de
c3112c3f
4494c1b7
c33cc062
47b41497
45e36cda
c673ba94
44f00280
469f0db3
46182972
472ae723
477c2db3
c789afea
465b1da1
c7192e74
c5271070
46e0c638
46c97b0f
45d09dd6
47b6811b
4748e6ae
4603aa0f
4723851b
46db2a23
4751426f
c72a26f0
45ba139a
47864b00
c7047f9d
4622ae47
46e8d5e4
472b2802
4dfa981e
c5bd727d
479565d9
c60efac5
46f570da
c66d10ec
47b1a9e2
46ac35d2
46f89e90
c6e1f48c
4788d8bc
46cb03de
4638f71b
45e7bcbf
46c913af
c5c155b6
c7a7132d
46e54f6f
c7404847
46a0d653
c64fb5a5
465e2564
478d5f8b
c60648f4
c7382924
c4920226
c6b58dfe
c317d72e
4594847d
c58d07bf
46a8d063
4681b910
c7b3bfe5
465fedfc
c69ac343
476307ef
46657208
47179406
c5e3187a
c76c7bf8
47a2dbdd
47b17ebc
470dda53
4780bc01
4518c269
47efe83a
471d40e5
470d4c71
c6427747
4724a18c
47833ed2
c76a0ca9
470ae409
46cef06a
470f62df
c52da8ca
46b25d10
472c8307
4699a16e
478c3877
474c00b1
47477f5f
469a5a38
c62d1d05
472328bd
4751050f
4765c86e
c6020e1d
c71d2aa0
477c317b
4640ce29
46fe2e20
474ba7f2
c75ea3e2
c58170ec
4732d2ae
46ba128b
47109a33
46e93430
468544f1
46ed4dc5
c6232da7
46f3100d
c5b31719
c7b0f4a8
c70ea6d9
46b41241
c69f2e9e
471ddf90
c671da59
478003c5
47017afa
c7175134
475de5c5
c535b960
45ca36ff
465ff3e0
cdfa97e1
468839b9
469a2c00
46d231f2
c719d634
475d1087
c75592be
c2b5f358
c6531ebd
473a6a44
c7a06d2f
c610c91c
479807b9
46c75905
460ea290
45ddd65f
4711eed6
4622dbed
c6d54ade
c6b8e325
455425fa
47589859
c7a302a3
c6fd9554
47326d33
4629833d
46003279
c72653b0
c78da485
c6cdf68d
c69d7155
45abdbac
4de3d01d
c5bd0b29
470fe25c
c6b9ab81
c60619a0
472184f5
c604a4e4
c6c00abd
c73affe2
467404ae
c39bd637
47594e03
45abef46
c6bf8e5e
44e38ca4
c6fff5a4
c667f9d6
c52fe824
4681f2a9
46f652e4
472569f7
c7178c1b
c6947907
c707bf13
46ee3bd5
c71eab51
46b3957c
c719571c
479479a0
466ddcc8
c75fead0
46b1c139
46e693d2
c7005abf
c5af8ed6
4790df3c
47396b64
471d0a7d
450d730b
c658b769
c729cc0c
46f0361d
c69fd303
45ef9e04
c5d6cbe7
46468961
c7039c06
c70192e6
457c0bbc
46013ab2
c525f743
47b04590
c5a73a35
c695f86b
45ddcf48
c721c412
4797406b
43a270e8
470fcba0
468e1609
c665507c
44e1d0cb
c60cc2f7
45c8cad7
c74c1586
c70d16ed
c654507f
c795e9cd
462afabb
c6def482
4784bce1
c722b20b
c5f43fc1
c797754c
46b7f63c
44b98de6
45be7b0e
c6575125
45c35573
4608baba
c685362a
46b83fa0
c700b357
479313d9
470c539a
466093a7
c7020020
c6a1b1a0
46853e39
c6cffc7b
46a30dae
4734c611
4748b494
44f55f3f
468084f6
c659bd88
45b7780c
cde3cfe2
c71d34fe
c788b0a8
460b860d
c6e1b5d9
c6a4d4dd
4754e102
47371d3d
46f02d5a
c4613cff
c69dd6f2
c6702653
47a223da
c68cbe5b
46ffc8ab
c6ba0f0a
467b0688
c60ecc31
c6aa6b57
c687caf5
46b8dd9a
c52b6018
47965019
c6a1585d
c6bbc17d
43e9ccf6
c790693b
c6ba90b7
46598d86
c75a9fe6
c6f728cf
47278b9f
4dfa981e
c7198a82
4737d9f8
4757e17c
c6adedc0
47568b6a
c73458c4
472dd92c
46a38e3a
c71d900c
c702708d
c6e6263d
466458e1
c6b9c841
4613967e
c6851960
c687cd5d
c6bb40d9
44fcac0d
c706fe51
c67055b5
475f00c3
c6a7aee8
472df5c2
c5dcc0f9
c740efcc
4748582c
c6f4dd4c
c5395472
c7759a51
c7b34bb9
c55b3dd4
c51b8da9
c606a635
c68db109
c65c6271
c5fbf96e
46d628f1
c4b6c6f4
c6210bca
c77bcdd4
c5b8388c
c68943bb
c7434dd3
c5c13cfc
46a4f082
467f6eb5
c6b8e9aa
46e5c026
c6609abe
4736c032
c75480de
46e19a6d
c78ac8a6
468c765b
c7592160
4715f0f6
c630f1a7
c62904a5
c74f4333
475df7a2
47858fc0
c600e2fd
4606df04
c6f6b1fe
46a1e3e3
c61d66f9
47343caf
c7231ca6
c73cdbf8
46154031
c690c3cd
c736e710
c6feb0d8
46886f2a
4749d89a
467798f2
c69768db
4772b316
c59f2005
c71b65d8
c67cd038
c7904978
46c15066
469b0fce
c71b190f
47154ce9
c655d655
c68b08d8
c716c9cd
c727ce9e
47012565
46187720
450447aa
c6ac4348
c748cded
45932641
cdfa97e1
c78711d9
c6d4f394
c560be79
c6dbf712
c7450f95
470e3768
c6d8b3f2
c699d35a
c40f7bcf
4523c723
c723ef26
c66270b3
464d56e4
c5ede14d
c74c060e
46a7dbc5
c7563c8e
c6b4bc12
4735c0e0
c6e0accb
468f3f71
c74a9256
4732ec66
c67c99d7
c5a5ff77
45f86727
c643c355
4581e41a
4713e7a7
46022d7d
c679ba5a
4dfa981f
c725711d
c677ec5a
46565534
44e4a5e2
c72007ea
459f736c
4638a993
4682f91c
4724cc86
c68c341a
44578721
c7443015
c674b171
c64a4c2e
c6f7941b
c47cc8e7
c6ed9e1a
c6af5562
46106337
c601c8c4
c72c82a6
c588804a
46e8a87d
c5cf985f
c0fda309
46bcac75
c6c1be61
c7049b67
45e3a216
c717e0d9
469456ea
c7913a61
c64724ef
c721da56
471c7600
46fac55d
47716db1
c4f59857
c7283041
c6d724c0
c72a79c7
c6f6cebe
c6d3b0d2
c79c070d
4769096b
c5cfff99
45b2098a
c6180d12
4780b49a
c6643fa9
c626957c
4726e975
474f4b1d
c7926030
472b9cb8
c769abed
c77f8a64
c4933743
c6d80d21
c74e0b8c
c7a51af0
471988ec
c719120c
c6f198c5
c732a457
c6b30de6
c6966a49
c5ca2ef5
462a906d
c724dd73
c6af7e2d
c73c3654
c779ba0f
c4280442
c6f7867c
c6ed1a36
476d53d0
45b000a4
4660a054
470a6bee
c7626f21
c77a57ba
c693e83e
c6c8098a
4677ff65
c5d087e9
4716a973
c6a14864
462f199b
45697ec6
c6c0d112
c711075a
c6d35fa4
c6e60451
c6765091
c4bf34be
cdfa97dd
c61da27b
45599e1c
c66bce2d
46dc3348
478ce147
c604a9c8
c78e3546
45b13ee3
c76fa9d5
4636c7a7
c4fef2d0
c6b79b90
c72db8f1
47155d85
46a613bf
47397eb1
c42bfef0
c64df48e
c72e5e30
c78d7c1d
4681d316
c71217f8
c6985ee5
45b92d9d
c57cb5d8
45ceeef9
c6eaff2d
c648169b
c6bc2d0b
45d41a07
c5003fa5
4de3d020
c750c04a
465131b6
c5ae14d5
c62b27f0
4703856b
c468801c
46244295
46635e25
469c1ec5
455620a0
45e79225
469afa6d
c671eea3
460ced2a
c6071a0f
c5b233bc
c7747cc4
c78ff426
473de022
47097ce3
c66765b7
46a82668
c71a6306
c712f37b
c5a3ce4d
476c6834
4578944a
46251d2d
c68373f2
46d6b38e
4604894a
c4669e5c
4548b0b1
4591e4bb
c6497215
c785ac0d
454e346d
c62ec392
4734aeb1
45588ba1
4604cb42
c71506f4
c769059c
449c2cc6
c748694e
4632da6d
47544009
4657382e
47d1658b
c708c0a4
c732c230
c75c71a2
479014cf
c6974068
c7063d3e
455227fc
c7361c40
c609b3b9
45528fec
4721ebfb
47351b15
c71a143a
c6814bd2
c6e8904f
c68f7830
47377831
c748a5cc
c5b54ebf
46bcaa4a
4488e093
46bb2dd6
46ad621f
c6d94d57
468a0353
c694c518
45ee6287
4635b2a0
46e5a789
c765aff0
c66e8165
c6d14d50
46691b94
4678c9fb
47bf6f27
46ed5331
c749ff71
c4f84f55
477afb21
c7995400
c5ca87c3
471c87d6
4702988a
4739bfe8
46087cc2
467b98eb
47849e9f
cde3cfdf
45b6ff5a
45d5877e
c7c0e2f9
4758bd3f
c64a81f4
4733fa1f
45f1ae08
466dbc6e
463faf47
c736eb82
c684bd95
460c58e0
c7459a43
45fa2ac5
c68800fc
478b87f8
46a94902
47223672
4776626a
475990f5
46c31fca
c731cc6a
c604bf2c
c55b0955
c736b8c3
470680c5
c685e0e2
458d845d
c6f0ec31
c5f9dc91
46874669
4dfa981f
4724e2c3
46c43762
46839ac0
c6ae7bd3
c725df65
46e0dba4
479606cd
466eae80
464bf03d
46268222
471f0cca
4669299e
c747754c
c68e98fe
c78e4f18
451cc63a
46a3b939
474ff663
c519bedc
c76f58d0
469a65eb
c66568c6
46ac8e7a
47206b24
473ccfe3
c641243c
c6da7454
c533e8f8
471b7903
c6cbd23c
c791130f
c670ec65
c69bd75a
4798c505
45cab15f
47afea49
4557e2e7
c631ee46
c6867f8d
c6e182c1
c7121a07
c4cb8746
46aef965
454f8336
47586eea
c696eac5
4789725a
46e6aaf0
478d8ef9
c6874ab6
472a7b64
473ccaa6
46891784
4735f48c
c5db0455
c6852e63
473720ef
c6d682ed
47183800
478a0698
c72a2a25
c70716b8
478ef31b
c79fac7c
470bc0b6
47048f93
c784b684
c5eaebb3
c70040ca
471ec2b9
46992a72
c6c9beae
46690f60
4688540f
47219969
c727afac
c5eb29f7
c73d0461
c52f4b18
46c6e2c5
c6f5a6d8
c66b1429
46663d39
c7010937
c5c2f680
c756b3cf
47922db2
467d8bf2
47c35e5c
c6e048dc
4593de0b
47637951
c729d6aa
c65c7a3c
47b685fa
46168d43
cdfa97e0
446cee4a
476dafbb
474b1f25
4566b11f
47c28cd5
4493ce0f
46ca73b5
c7580b37
46c11ea5
c613f28a
c732da7a
c712eeba
46264ce4
4697d038
45eb5683
c69798b4
c7a5e417
c792a4b8
470b0bb9
47106fb5
45d67bd4
471e52ae
4701ef00
468fb62f
477de73f
c705e4d1
c66da617
c70b551e
c7396bfa
46d6207d
47407b29
4dfa9820
4733b541
46d12a5a
c73f51d2
c6e76f6f
47855252
c6a0f75b
4724b1fb
c6c4effe
473257c8
4748452e
c71adff3
c718a18b
c6994839
c7567296
458e8e5e
c6abd70a
c56b5190
4722a7f4
c57ab50c
c7116c02
c6927c55
c731c365
46afd139
c62e9f3e
c5a7d98d
c7312cba
47234096
46a2a87c
47148706
479dcabe
466302d7
452b5f70
4651c332
46a2ab62
469aa52b
472400da
c6ba0056
45dfa5e3
4651a82f
c6a19ad0
c63b8bd5
c6fbb04b
4670d0c6
473e5fe6
c59d579b
4749b19c
47cac9a3
45698076
c72fc67f
c74c06cf
47a26eeb
c74b4abf
46f71a05
c7052700
c7e46f97
c6199cfc
4772d2d5
c70c93a6
c7598bb3
c5a749a8
4724044b
c542ae78
c6e5c224
c7307765
46c657ef
c70a45ff
476a131a
46ed16ba
c5c03ff1
47091daf
c5c2b418
c57b9e7c
470c2cb3
467880a6
47885ae4
47bf9ec3
46acb005
46328acb
c5cfa2c9
c6a85d7c
c62ecc38
46e5cf78
47b2bda2
c7074059
46ffb1c8
463d49df
c6e94caf
46abc10d
c6a5d344
c6427b58
46f0e8dd
c6c8b7e5
c69fa05d
4788f5dc
c55870fc
c77f1648
cdfa97e0
467480ce
c6d3e60e
c67a765f
460532d7
c60e7844
c69f6a6a
c5d71907
c57c7905
c2691910
c5896245
c629637d
46d891b0
46e29177
c6c3b725
c76ec418
c78ded26
44c54f18
4766e2b7
4628a85a
c5c44908
46ffaf2c
468638cb
c71e0f15
c6f6bb8d
472407a1
475d731f
47076b7d
4681a27d
4737d738
c6419c2b
c6fd8c80
4de3d01d
46bec132
c6f80c9f
4735f7cf
c6fae165
c61e9d94
c61ae585
c6583086
462bb666
46bd6d56
46453794
46b963e8
46eb0e72
c6f8a3e4
473514ef
46ea4124
46bd27ae
c72051a8
c6a0cada
47980ea2
c72be476
c6e3a986
47370afa
47430fa7
c66db378
c6e26008
c48d770f
c690f5e7
474027f1
45cec28a
c6ce4e36
c6d61369
c6e017cf
469db9ac
46c53eef
c58b16ba
c6471f7e
c6d4349c
45b495cd
4684e256
47159a5e
c6f448fc
c5e80895
433ef33e
47364ad5
476a330d
460c9ac3
c6b36824
462a3d5f
c7a43510
4606cb1d
4620d241
c736805e
47282c39
c73a8645
c67be9eb
c58c9708
c6ff290f
4691a3d0
c7af76c5
c6b00335
c62146f1
470b36a0
c7664dc4
4706aaa5
46430773
c703c7da
4632f37d
c681d30b
460a494a
46c603ff
c6e99f0b
c556f4e3
c754d24a
45c42b7e
46eeaa57
c66061ca
c6f500f3
c6fd659d
c6da6691
c6049aac
476c0dba
c6500657
c75b2042
c72aaa4a
4599014f
4685fcbb
c71e2467
46e08226
c6baa1d3
c71c85c9
c6fa12b9
4666b28d
c669e89e
c7111a9d
45d80c3b
463d9a18
cde3cfe0
c62b693a
4610d265
c6332afd
471a4321
c721f470
c61cbb4d
c72fc2ca
c4fa5436
c7957652
c7931af9
c73634af
4734d47f
46cf522e
47818b6b
c7620af4
46fdbf83
46577e26
45e012b6
c6de8b0d
4780765f
c7b5546c
47ab80e6
c7785595
c770a416
c67ff3ec
c630a80b
c79993b1
46d0a96b
46c4da21
468d8ae8
c696e702
4dfa9821
c6f63328
47120697
c74e0f96
4744ece2
475dab9d
c780aea3
4580c1f9
c6b5440c
c6d7d55c
469f654c
46dc35d7
46cc4bcd
c6aa2fc9
c783df28
47668bd2
c76a50a4
47a309ca
c686e45e
c50d9962
c6ef8202
c782cc14
46b80c30
c7099b89
c72a4459
c5e6bca9
47527a44
463c3dff
46141b96
c70837ac
c6f9ff7c
c7c02a57
c4e69554
45479456
46b25dd1
472ae1d5
c6982f74
47095cb6
c7937086
c71707e3
c66a7609
43e478a6
c73172ae
c72048f8
c6b91787
c6877bd3
45198a6f
c6f4770a
c6ca4235
c6fa8add
472b1ddb
46204f5b
45863313
c66b2f93
4613892b
c707ce88
46eccda3
c763f5a2
4581447f
c4e5b315
46261cd0
c7ab3707
c781952a
c57c16c0
c58bee17
c76e9fed
c5c70e19
46ddad0d
c784c29f
4645cec0
c6ba0127
46991b16
46915fe7
c5c70445
470e1d49
479cba9f
c7192ea6
46ffda35
46d9cc9f
c75af637
4751c2d2
c6c6d87a
c67440ff
c44196ff
c67063a7
c7efef7f
472d15e3
c745e003
c5cf1ea8
46ae2dff
449aa4d2
456bb0a9
46f655e5
c712382f
c4fec276
c76dfebe
c66f9e9c
cdfa97de
47850361
c5b2abee
45ca5bdc
45a5a29e
c592f983
c7072ed0
47441b27
46fc9159
c42c4d8c
c76c38a9
c67ba000
c6a2d902
c6b76016
44044758
c7335b0b
46f1cc43
4534927e
450d066c
c798257c
c70f94bc
c6a6514c
46e5241e
4765a9ed
c661a9b2
475f533b
c6e66af8
c74ac02c
47bf2663
475dc7c6
c655e16e
45ca9c63
4dfa9823
c695d6f1
42cceafe
458af567
47abef9a
c749a741
45f30338
46b106f0
46cb5e28
c73d1850
472a015b
45dd6a6f
46f4aaca
c699001c
474c7a57
c74df2eb
c6629c81
c760099f
45c52865
c77fd418
c7800577
c73ecd1e
c6fdeb91
c5e7f70e
c6a96a13
c6498de0
c77d2d01
c7350715
4532b94e
46812974
c6b7f8cf
c4f15fc6
46d10270
c755aa00
c6a74345
c7940734
c697c929
c736a0eb
c5d70be2
c7614da9
44f02f9f
4521e48d
46b5e71a
46ae264c
46e1630e
c6c94f47
c779db51
c7154c60
46b7034b
c691a383
468d79ff
4781f03b
c6906a44
c628aa70
c7375a65
c75ca443
c71a816f
c68f9522
c670dbef
c7167b76
4629db71
c631532c
c6f9c36d
47369f27
c62ddc85
c702f2ce
c72ef108
472eaf0d
46534a77
47132f83
c69abdbf
c6821e0d
c6b25ed6
c73f0db6
c644b150
45afc9ac
c791a843
46868e04
45a3d713
c601847d
c6f5a335
c6c494f6
45383ed7
4697630b
472dfcd4
c6d289bb
47001760
c5e6e1ff
46c13c05
46bc94b8
c690515d
46f07a13
c688c55b
c5f32a44
c7961bf5
46f11ccb
c7aa612a
cdfa97e4
c607b20a
467bebac
47936729
47100b38
46bab6e4
4659a278
c765d131
46945e91
c6d7ad84
4702b13b
c7824002
45fdc6d7
c54c229b
c6adcdad
c6b25556
c59f2752
46ebf285
c670a51a
c721777f
c77afbcc
c706ff5f
c6f0f8ad
46f013a7
46e3c62d
c72c442f
c680bdc5
c6fd0d67
471470c0
461653b3
462d6b9a
c7713670
4de3d020
47d3aff6
46be3109
4751ccf5
c671ecb2
461cf509
c6d63032
43e7b893
c7123ac7
c5d57022
c5889742
460bdc72
c6bba60d
47a53d9f
c719d5c3
45c3e124
c60d5e06
c64bee90
c6da9c91
c63c3acf
460f54a6
46a150ad
46b5654e
c77bcf76
c5f879a3
471d943a
c6c0dcc1
c5d4fac8
c69e4038
c7045594
46506da0
4690e7cb
c783a1c3
466c601a
c653fd03
c6a600bd
c72985d7
c6a28921
466be4dd
c44d3cd2
c613f932
46a05af0
c7062fe4
c5b182fa
c6335cc9
c64edd8d
c7518932
c587e3d2
463fb680
45bf3784
46ffc3a6
c650761b
46f659c1
c5baa33d
453b56aa
47755b58
45ad6ee0
c7ad6c4b
c6863d84
47bc4d0d
c69058bd
4693bdc9
c7631c6a
46e22bb4
c6d53c0b
4712f86a
c52b48c2
47253778
c75fd13c
c7148991
474ed1b3
c700ee87
478c42bd
c646a2c6
465b9525
c64912f0
46c9951c
c69982d0
476b03eb
429ed0a5
46a05f41
c71efbc9
4731f553
4668d384
c5927fb0
c622a7a4
c65a180a
474174b4
c706b4a3
c7056713
479375c2
47082d27
467dd251
c717da18
46b7156b
c69d38c3
465b5d7d
cde3cfdf
c74e2f08
c71e9639
c6fc9bc4
4715e771
46803f0f
47a60238
c616c9b4
471c02ec
462d1bc9
4604adaa
45efc7ea
c4f22061
c7282092
47760276
46bc528d
469f0f8b
c482ece3
469c4075
465c6d36
c722efee
475e31d8
c5631c86
c53dab63
c6901b66
c6759548
c6025f01
46985543
46b2b0c9
c701e95a
c6cb0f73
c715e71f
4dfa9820
47198261
474540ed
46e67e7a
47901494
4719ca34
4790d28a
479a0cef
c6ae3301
44e0b804
45f76e27
c57ff36b
45e92304
4704f68a
47049395
46dab5d3
c563c947
c56c4cc9
46d08fbf
c737f32f
c7497d29
46e88035
47829cb3
46ba416f
44a8e7db
c6bb6dce
4707f2fb
4700d57c
475e6409
c738bc3c
c63aa5bf
471068f6
c73f89ca
466bb1c6
c72dde1c
46d8952f
4717a3dd
c470363d
c7658e94
c689fb8a
46fb7b69
46e6dcae
c789fc29
470f9de6
47450114
476059ae
c68a7e6e
47aa1e3a
466f4110
478a2e6b
c689bf8b
472ac1bb
47377e14
4781acb4
471d10e3
c324109c
45afb8df
47aa5377
c711fc89
47a379d8
468d952a
c4f6e067
c632ff30
c7125c99
44f3108a
4601c1d3
478b6f46
469ef28d
c7099570
46d68330
c6a64df3
c6b32a61
460be182
c577d859
46692ae6
46bcd7c3
c660f857
46ac1f26
475744ab
c716c456
4698f344
c6de4b77
c7088311
c656136a
c75451d8
46893ee5
462262d4
c7037c77
45de84c2
46a38efd
470541eb
c719391d
c6c4c7ee
c5ae3f00
471e7b79
46cb0a23
46877b55
cdfa97e5
c52f2f4b
c709e204
c7805744
c7b3c980
45fd56d8
4636ffb1
c73c6d15
46ba8e33
47538b98
c63866fb
c710c3f7
4687e122
c421596d
46f6426d
470085d3
c6a19d45
c5f33a48
46322e21
474b9565
c4db4e5f
476e262f
c69508eb
c65d052a
45e93991
4708050d
c6b1c3c4
463b42a8
45ee4226
c64892a4
46eaf429
470cf182
4dfa9820
c6a8da0f
469eda75
45de9c93
c74720e6
c69443bd
c6384011
47237869
46089a89
c6919ac6
c62640f9
4632a670
469681d3
44a50ca1
c475541f
c4ac6804
c6ed31e6
47154459
476e7115
c761b569
475b2e8f
479a898c
472456c1
471a943f
471dab71
c7615a21
459a8f29
463730e8
468c496b
c6604c67
471de4cc
4628d96e
4539c7f5
46fa639c
c6814d81
479fa505
c6c80133
c672b64a
47a984d3
c5a82a91
4765b242
477c0110
4625b56e
c59a6dbc
c65edddb
473ea3a7
c731a606
c6c1f6e2
45860dd1
46d2d3f7
c74518ad
46ec23c5
c641897c
46ec7f2a
c671e47f
471566e3
c6cc5ac8
470409a5
4505c175
47085b4c
47186ce6
46898ab0
4702ac44
4621ff43
469c1b1b
472d2611
473e6bd0
45c0937b
4787cb99
473ac791
47256d0a
c63d8497
470b9c8c
45b8ff18
c67b6f58
455f899c
471362b3
46bd70c4
4607cf24
c684db8b
45de6e29
463b9bfa
473fd312
46e21cdf
c7188509
c679e707
c720d5b3
47249a84
c6ed3711
466799d7
c6d1251c
45308b1a
c5f41284
c5d56b8a
47419101
c66101fc
4648e73d
c695425d
c65df70a
c709bbeb
c60b1ac6
c6763378
c5b38ecc
472b9371
46999e6b
46df0d8c
c6b5fa36
c651f3ab
43666f04
c70a4bb1
47973595
c6345598
466a400b
c782772d
c5cc5831
c665640b
46fe0984
47812566
c71bc0d5
45dd37f7
c6be6135
471c24b9
c73a8f93
46ab0c32
c6d19c17
c6878f4f
c7832464
c5625646
47740551
4de3d021
c73afbf8
c6850770
c5a81a97
477b6eb4
c659e4e1
471d217e
4701dd2d
c58fbbf4
4772ad35
c5845459
47343139
46820cdb
c6b0dcb7
c6fc677b
c70da793
c687ee3a
4676133b
c6198f05
c62d92b0
46575fc9
c76ce627
47574cae
4522f924
c6c14e9e
45a8a7b9
c78b9461
46a6cc2e
472de6f7
c75cfbc9
c75f2816
46482974
c69588e3
c5035cc8
c3e49603
c78ee671
c7849d98
4628755f
4778cfc2
c63461e8
458a2cc1
c64092b6
c73d5b4d
c6d768fc
46abb592
4716308b
4711e385
4603d7d2
c6c359a3
4654aad4
453a0f4a
c6d6cf76
479b1a05
47293920
c7051969
467b342a
468d699f
47218381
c6f0f4ad
462c23e0
c5e7d312
4755c9da
c5fbe4c4
46a22855
c6f4fa91
4713cb07
471810db
468a550a
46968f08
4761958e
471ba989
c6c622cf
45d7fc36
c702ad8f
46519309
c5f1361e
45dbb3f8
46d867bb
c63e9f96
47336504
45bf7e47
47362ed8
462b9338
475682e1
c71a52ef
c7376583
45a29e5b
46637397
46bfd88e
46ef2767
479fbce6
4711031b
46d9bb01
469d9e4e
c6f14e6d
c6693dd6
468119b4
472b4116
46a2e1c3
c739165d
45e4d2d5
c79cba37
c6b08fc2
479d68db
c6cc39a1
46bc0bee
45e12c7f
c6f38a7b
c63e8af4
c7631694
4639badf
464c3433
46995d44
c6ed096b
4748faf9
4781fbce
470e7939
c5d8ccb4
c725a94e
c7108304
466a527a
c765c2a4
c7078951
c6f79653
c6c8ab5d
4605e972
4746fb5e
473f5c68
c737caff
4dfa9821
c3e73bd8
c6258b83
472d97bc
c6a46e6e
c70ffa31
470507af
c72df93f
460d3edd
46e29399
4654950e
c746e75d
c46623a1
46f02314
4761d420
473da4f7
c73bde75
c771565d
c6a3c1e0
46d857c0
46da88a5
c68daf4d
46fb7e2c
46d3f889
470c3696
c4ab2915
c78ff0d0
c70dc01a
c5eed0a1
c6e6b935
c71f1312
4554aa6d
46590379
468d461b
c65123a0
c55b1226
46198a06
45d66fa5
45b4bf57
c7c33f6a
45e7f12c
c6ae63da
c5d80951
c6598d68
c6b9bae8
c7644d1a
c6e7a35e
c6501e3d
46209749
c716b4cc
c292d039
c6f77bd9
c52c913a
c7811fdb
c65070cb
462d063c
47ad7d0f
46e63c8a
47145169
c7312ab9
c55ecb17
c6ce8f02
47151664
c7152632
c5a700ae
c635f496
467f925f
45f813e2
c4990e78
477cc2e3
c73c4b2b
c78bccfa
c71cf4a2
c7780abd
c703eb78
469fed3e
4750d121
4747ce6c
c793e35a
4685f599
c693df7a
466dbba8
c6ed15f4
c653ac2e
c798eead
c69ab9de
470292dc
c6c4726b
46146875
c76ee389
4721bfab
c704bd90
c7469439
46787fb9
460c5fa9
47a594df
46c255ed
46b8b8b9
c630908f
c7140c70
4655c2fc
c62fa980
c62d8d1c
4524bf3a
4729a7c5
c63a2ce4
46f130f8
46746cb3
45b3ecb4
47582385
c54351dc
c73a6241
c54d5ba6
c65d8bb6
470d0861
4657588c
c69d2ef5
c72ef6f6
4615d839
47a7f944
c693e92e
475df72b
46a870d2
476915a5
45e94557
c652a3cc
4747d688
c767e90a
473b8587
4de3d01f
c735dd15
c5eaba21
c68d8044
4684f075
c60996d4
46fa5c04
c72c54df
c6fc98de
45cc28ba
c74832ab
c4934eea
c516609f
464ece0a
c68b923b
4654a87b
468635d8
c6d688b8
c6933683
4731b09f
46d4861f
461794dc
45bc1409
c6081f53
4746ef97
439e72d2
c74680f9
c744ba51
c5e5d5e9
474c7c1b
c745bfba
c703380a
c4f84daa
c61edbc8
c6cecc72
46a51bce
c4cad6a5
4783b41a
c5dd3198
c705602b
c757943b
c59bacdc
4792a74b
c6514526
42357d8d
c628edb2
436c4df6
46c674f1
c58fa52f
474bd3fe
47211a50
c75e80cb
c73b4cf8
c63ea5dc
46eef17b
455b55d9
c6f780a1
c698bbca
c43dec67
46c74918
c68f73c6
4717328f
c3ae401d
c713123a
4735be88
c5986b4c
460097ce
4718deee
c742c61e
457bde78
471b30b4
c69d9247
c6ae0bcc
c6a4a769
c5961b54
46a8e6c5
465e7abf
c6744d6b
470efbd4
4782227e
4728a6a6
462f4f2d
c5f4b22a
4682c8da
c6f176be
45f92688
473effc1
c754c9ea
46c0be1f
c74649bc
c73073c8
c7024e52
45290447
c59c8479
476c57b9
473ac54c
45d861a5
46e19202
c632564b
c6321dd6
46c41f51
46e80e6f
c6c243cc
476c84b6
c693bf05
4751a71f
4717ca0d
469af6f1
463ed54e
451bc3c1
c63239d9
c79509e5
4706908b
4711348a
4440af76
46b8d87d
c6b45fd7
c6bb1a4a
c6d0b1f5
c6f7e299
470cd0be
c6770bca
c7276cd9
c729e9fe
4661a5ea
46f45f95
46e78e71
c6fb9317
c6debdad
4de3d020
46819802
46fdc04a
c69d05fd
469854f5
47336074
c53102ec
464cf7f2
c696ee15
46af63f3
475f33f6
c64bdbf0
c63f8594
c5f35e21
c542f49a
c5d546e7
468349ce
45e14d0c
4574c2fd
c687e65d
c6e7c63c
4430fca8
c6a0e4cd
47623c2e
472b2854
45470ca0
44b711a8
45251b4e
c3e4b344
c6ff8887
c6156f4b
469b96b3
4731f7e1
c67eb77d
c63646a5
468d6627
c5cd9b8c
46752aa1
c7300235
c71099b8
42f1da5c
c6351cd0
c7a29ff0
46c9be68
47486dee
4683dc73
c6816116
c65760e4
c68a37ab
4685c6f4
47939e2e
c6a647fa
c6608d28
c6d2b0e4
468e0cbc
47ba9d6c
c65908ed
47b6becd
47214aa1
c710f12b
46e2a318
475987f4
c723b7aa
c7303971
c6cca2bf
c709d76e
4736ab76
46122bc4
46cf53ad
46f1851a
470f2d8d
c75c0468
4779f40f
46cb6ef3
c6dd456e
c67eddb7
45a49ed9
c6cc5fec
c5f44e27
47240d56
c736346f
45042bb4
c424b06c
c5c347aa
45ea0cfd
c6196dc0
c602c10c
c73a3a82
c76646d1
c4724e08
c6871fec
46aae615
c748747a
475d724e
c66d6f39
4742fb6a
c771c024
459e1a56
45a4ae25
478093fa
c66b1700
c67597fc
c6a17cd7
4748fdd3
c6c06991
c62197b5
4792bdd4
458a8c5b
47229410
472b3c1c
467f3108
c712fc3a
469bb28c
c5818ef9
4671684f
4740b1a7
c701c476
46dfcf21
4749053c
c68b91ef
47baf472
47c5edc6
c76623ca
477e8d35
c649b71f
463f8994
476a4190
4723709c
c32f278c
4dfa9821
4650aa66
c63f0599
c6986fd1
470bb16d
46559cbe
47266a7d
c60e6bf7
4786ef56
c5ad6479
c6e9ec4e
461c3a7c
c754eee2
4772d883
471d848f
47f9df9f
45dd413d
c710d7bf
c6cb5870
c66cbdea
46f48fd0
c7094dcc
47a976ac
4647ec80
c61b3cd4
c6c4e9f2
44da144e
c750fed4
c66cb265
4765d002
46976177
47312512
45dd8f32
46b66a23
474d6d48
4723797b
472fabb6
46be7405
479b9670
4684ece1
c66bcf22
4703a31d
44a52226
c6261815
c7a413e9
c6918095
c6399ad5
473d4831
c546db96
46a1c63d
45f2e97d
4628abd3
c6c6356d
c643870d
46528946
475f2655
c6b3ad93
47160b3d
470f1c00
c6ea60db
4702f99c
c64924e9
46bd17bc
c7126b51
47d9670b
c6c74601
c76fd44e
c5d2e961
4635e27c
475a7c41
47d37a08
c58a0ebc
47d00061
473cd929
c79c9f1a
477201ca
4687eb11
46af0c1a
46a83251
c7021fb5
c6338269
47085018
464f9e13
c7062eb2
46330de9
4733c801
46000fd5
471d7237
c722e5ff
c60af458
46b221d0
c7690dc5
c74b083f
c6160af9
47055c4a
c63bbb68
c61aabc9
458c85f6
47245e2a
471358de
c70dd8bc
4573f927
c704d5b4
4523c964
c5543051
452bc5f1
c739aaeb
c6cdebb2
c717fa55
c73d73a3
46e7b3fe
45df9346
477933d7
c6df46a7
44e5732e
c723902d
c68c642e
c7867749
c68d06ac
c6ba34a7
c716e31f
c6c43220
479fbe03
46068860
46911cb0
c61d583b
4608941f
c7006fff
c6a1aca2
4de3d021
4710a8f2
c72606b8
46928887
45823eb2
4753ff00
c53314a6
c596cd47
449a234f
471fcc5e
c6868820
c701f32b
c71384ac
469e5a09
477a21bb
436e30f9
4761bbf1
46cb13ad
c61dfa20
c5e71f27
4713ba07
45b645e8
471a4068
4712fb3d
471e656e
c5bcf4c7
c6969d40
c71f7b3a
46bb9e1c
c6827975
47597db2
c790d03b
44f756a7
46a39c6c
c71e8db6
44d9c0cc
4787b70f
46414874
c2c96ea5
c6807917
45ce4263
47184682
4596448d
4700c0e3
c72d4fdb
46a8fa67
4701cb1c
c63add5b
c33f63f7
c6936da2
c615a44b
c7326a72
c73a9f47
c589642b
c632a476
c6ca8716
45b719fa
461b73bb
c680a2f0
c708097f
4668c80f
46fd543e
c63c235f
45be1f26
c500030d
c6849641
c784e66f
c743c0b9
4635594f
c68e4e4b
46f54a9d
45fec7aa
46a67062
47506b42
471b90da
463fb101
c7090fa0
46f4de82
c6800201
46fb1328
c735bfee
4627d9b5
44d8deb7
c6861a47
46311b4f
47ecae84
c6a15e41
4707478e
c703f138
c6e833c2
c703d20f
c5c4926d
46657920
471b7dbe
c62206c3
470c80c4
c69949ee
47270870
462fd4ee
c527473e
46397eab
c79efdf7
c6cb0c19
c6004640
4720e74c
c6ed0588
46ac5151
c5c49fc4
c70241b5
455192c4
470473d9
44bdbf4c
47245f9c
46cd0a3c
c69ef006
45aae537
c70a9763
c72386cf
c70d6210
c6188b9e
c6e77fb0
479f7b00
45a486c5
4710f0bf
46d17efb
4783f551
46080fa1
45f5d97c
c5158c98
4de3d01f
467b8845
46fb779b
c74e0a7d
46855f40
464a285a
c62b674c
471c309a
c6585547
c6a80037
473cc957
c633dc1e
c6965482
45fac137
42da8085
46b4d2f7
c62cf700
475128a5
c6df923f
4674dfe6
47a2e3c0
c7710592
46c84524
c6b2d6d7
c753796c
47928aca
c6814836
47356796
474abbbc
c78cca51
c5c1730d
c4c0a8ce
c7ae0679
45f37851
4580dfca
c6cd7e86
c6e48ce1
c69e6443
44f80a8c
46b7cf65
461c7c99
4679bea4
c68bb317
c6ff3048
4738cacf
c7245ecf
479cac33
463ef164
c73a2313
473627ba
c63f373d
4586ffce
c5b15a8f
451f9a8e
c6a8325b
45955536
c5b8916d
4732b67e
46cbc74c
c660a73e
c701ca19
c638c506
c612b07f
472e6573
472ef6ee
46900741
46ad46bc
44fd68f9
c6c08339
478f6c2c
46c6ea72
c6a150a5
c71334ca
4604ad0c
c5269c9d
46c4e934
475f1dae
4684fabe
c6bc6ed1
47690b1b
c47c52fe
4724a83b
c5822644
46da26da
474997a8
4769da3f
46be8a7f
c773544c
473d1b92
c4cfde62
473e6834
c55e7f1b
c7b6bb70
c6c7c201
4605ffca
4734d407
44a275d7
47144232
c6f0ca1c
c6ddbc11
c68b98c2
c6b3ad7d
471c5286
c62f45c9
c714882a
4641801e
c73f5bc3
c5fe2309
c75e5d4f
c4facf25
46d0b65a
47a44209
c70cc919
44b453b4
440932cf
4546dbd9
46906923
c76a755c
c6916ef6
c4aff03b
c681e05f
c62df825
c4465ae6
4720b90d
478f7ec1
c6dfa413
465fa96d
c6c90f04
4725b0ff
4dfa981e
c7767224
c299a55a
c78cb542
c6eeefdc
47157548
c78163af
476af9d0
47b85fef
472080ec
c62e8818
478e1225
c78cab2e
c614cf26
c68c93fd
c72d8344
4684ab14
c626f080
c6fa34b3
c6d7d7ff
45c73dd3
c787063a
c79482fb
c752a801
c6de6665
c6a61abb
c609fb53
4758d0c7
c63fae69
c6ca9d55
c7804744
c714e368
c71f2871
4814881c
45da54ee
c4f81d14
46bdb343
c73272a9
c687daf8
444322a3
c6282f49
c6999fb8
c7938d8a
44db0c57
c71e7d25
c70ef002
c60f46f1
c5bd73a2
46445abb
c5607fcc
c6955615
c59397e6
c6b157e1
c7369751
46d30442
c5c2d1ae
c6d546f6
46b42a6b
464b3ab3
c713a762
476645f5
4684e53d
461b55b8
c68b2750
c6047f55
c787b46b
c78b20e8
47764321
c6de6338
c4f6160a
c6f49578
c73d9e20
c7571575
c71eac06
43a96956
c729d65d
c6a2812f
46f9f296
c688aba1
c766994a
c5b4f22e
c700f6c2
c78d52fd
c60a4129
43ec6e53
c6918ec1
c54c803a
c74779c4
461ef55d
46e4582d
c6a2f159
c4c05b82
46157979
c5a0b783
464585cc
47a82dc2
45f8ee8d
468919fe
4685d4ac
46a2ab25
47087233
4785fa35
471a0578
c5c25672
460a42f5
c5817245
4676d8e7
c57f9eee
46327cb6
460ce97d
c5bcb324
c71bea9d
469bc358
c74a6377
47904880
c76053f8
c615ec59
c4d4ffe3
c677d5c8
4767351d
46ceafb5
c62d5a44
47039734
c6ec097a
450e4c7a
c5d9516e
474dbda5
c6e082c4
c74a89af
4de3d020
c53377b0
450adbe0
473078d5
c743c3a3
46df4070
c724c10f
c5a9575c
45500d93
4726575d
47948cc4
c7873580
46c3ef60
471e8b18
470de05b
c64e5efa
46cb72eb
c5248ab8
c73bbd57
4736a571
c6452bcb
4712bfa2
47016eb8
47248cdf
47542610
473425e9
c72ef1d8
c6f88f39
45f5b5e5
c703c948
46471110
c6636ec9
45672704
c6109dd1
c69b77b5
c6846b2b
464f373a
474ec507
4785a765
473513f9
4761f4bf
c739b090
c66c5b60
45b7d246
c68f0e59
468c7554
c6920e42
474f2eaf
470f176a
c6e42332
45805294
4736394f
c6937874
45223fde
47356b4d
474966fd
c7277b58
c6a69cf0
c6237298
c6fb0c47
478ebf74
c508bbb7
45b00602
c78e82ed
45443a22
46d6cc51
45ec689b
46142993
c6227a20
c5d9eae9
c70a2b71
c714f086
c69b2116
c5a32f82
c6044a90
46fece6b
473fac01
c618858a
4766c392
c46533be
c777eb74
47b2dc75
c6eda42b
47393a04
46f8772d
46cc193c
4738f3a3
c538420a
45bc884a
463c12cb
46290e53
c6fc447b
47c4d4e5
45153949
c720e219
476821dc
c667ea96
c68d045f
c670711c
c7567cf9
c6a2c135
47913d31
c69558a3
4581c171
c7250daf
46aa6d60
467a3740
c6d82550
45c64bd1
c6bbaf52
c6b74fb5
c6e313cb
c57c3d8a
c745943f
472b1624
46ed7b3e
c6efc2c1
c6f3d40a
46224f73
c4a1064b
c30b0df2
c70ed6e8
46f5b99a
46a76dcb
46b9d108
43bbeaa3
468bfe8e
c712f5a8
c7a000d3
4de3d021
463aa8e8
c6c0193a
476af3d0
467d9721
c6fd5301
c69ae70f
461dafe1
c7355876
47176bcd
c734955d
475c9b79
476bedd5
c5df98e0
4691b3bd
46aba85b
c603edb1
c720784f
c6835ca5
c5462a30
460604eb
c6642da1
472ff98a
c7aea031
c5ba4f03
c54315e2
464dc66e
c5fde3ab
c7384cf3
4724473d
c68a7eb8
c719e79f
c69c4985
c28aa570
c6a63759
47191433
479a8877
4620f50b
c58f7f04
46863a6a
c66ddeac
464e5383
c4cbc505
c778fb06
4658eae2
4634708e
c71389ee
c77f19ca
460caf52
c680dda3
c75d1064
462f7c37
469f706f
c6b8d87c
c711e634
472957b3
c731f706
c79b1930
c70f7b13
4743496d
c7b3a29d
c73e9cc2
45f13080
c7348923
469ee7e5
465bdfd5
46242e7e
470fe5dc
c6bbea58
c789bfc9
46c15c27
478246b4
47a4e35c
c5ee6a33
c6c64095
47676ae9
c6333a03
4796fec1
46637dba
46a91115
c6ac0900
c6c44ee0
c701737f
c6041d09
c68a0420
c70daa6a
463fc3c6
47350f46
47845938
467921ca
46b9491a
c5be3359
c708b3bd
46c54644
46db1a73
c604009f
c5e1778f
c7676012
c68a7aef
478a4275
c6a66a78
c54d7ace
c676a00d
4560218a
c403b099
455b35df
4733b8b5
45fe6e6f
c7b5ec04
46aa7aef
c77f21ae
c6914bbb
47846593
4770c2ef
4664a8c6
c612dbe0
c5bfaa48
c6c12e85
c6d33b54
467b7068
47217463
47181cd2
46176ebb
c712f828
c741d4be
c6e56016
c5c9531c
47930d24
45f69352
4dfa981d
46062c2a
c36312a1
c62e21b4
45ac3fcd
4668168a
c7014c5d
46deb931
c6b02ce6
c7384f54
46895838
46da1f8f
c79181a3
c5746812
45dfc27f
c74eefff
c7000d6e
46471901
c6ed557e
47991089
45d77c4a
c5405200
475390b2
47a68cb2
469f34be
c78881fb
47491053
4725bb4d
45ab08ac
46c45a35
46f5cacf
475e83e7
c72ef608
c60f9975
c7037372
463d453f
c607d867
c724b8b4
c616b430
c56dfebd
472d1219
4763976a
c57130fe
c63b92ba
c69c41bc
c6eafb05
c65dcb29
473ba444
c54b1e4a
45dc821c
46cedacb
c6c4641d
4715a2de
45cb6b3f
465eebd9
c765036d
c66005e5
469d7c94
c7210eac
47619bf3
464245c4
c7085dcd
c74d1be0
462320aa
4789289a
47d433b4
4723ca53
c6fd129f
4718af3b
46b2c62f
4786a979
46d230f6
46e678f5
46502642
c6ad1949
479fedcc
47c9f290
c6293eb1
472a731c
45105b14
c7092776
c6c3c695
4676113a
c577e19b
46a29d9a
468034f6
c6a3c7ca
c635f615
4462d95b
4725f23a
471ec533
c7074adc
47828e03
46a265b0
c6891dbb
c764e523
46902ecb
c7964457
475ad9b1
c6dee906
c6f75031
46323c4e
c5a9a854
463e6eb5
46422bdb
46118a91
c74069ad
c6ab091a
c5457173
471b0581
c76e15d4
4731887e
c4d2e960
46e514fc
46cb865f
c733c694
46eb4d74
45ff3dbc
c6f0f520
c6f07ed1
c4cefbf2
c528a32f
c693a05e
4769b2f0
461235fa
c6c36776
c67d7afb
46a98c6b
46288341
4de3d01d
c72c449b
c5036ba8
478264a5
c70c9524
c6485482
c6d3b5c4
c6fcaf1b
c607c2ec
c685c7af
c6f2eb47
c6ac300b
477980b7
47706618
456c5906
47345afa
45a2ef0d
474a339a
4764dfdb
c6598e5f
4570c11e
46f6fa49
4714366d
4683dfd0
471af1fc
46f5f7ba
441fd5d5
46d36b73
471856f3
c6cc5f0e
c7097f34
474ee880
4699b589
472df316
c54cb493
474732b5
46a560b7
c731637e
4745cf79
c6604276
44856e00
c6c7ef57
c6622ab7
c4ccd1e9
46cf288e
4724dfa8
46639616
47054616
46f1c0e5
472f6989
46548f04
c6832443
466d4d00
c737ec32
c70c2048
457ec469
46891ac3
c6f54ad1
c78b8723
c2bbcdf1
c733c70a
c6cd67fa
c65c311e
4789b872
c58a769b
44206984
c77ea416
c73ab112
470392a9
c6a7f5f6
c71ac6ba
c442823e
47286f1c
c571cd73
47b541a5
46fbcb59
c5e32f13
c63b0384
471908ff
c72bc3e3
45810498
c483b057
46da5dd5
469ae012
4318d223
4697a0ef
c6fc806b
46009614
c3733757
45c1b216
c67bc63c
471946f8
46e93f8a
c6601b34
c65a9b63
c68ebf6a
c61e1a8c
c78b3df2
c6e8c4be
c4759b86
467cf4c8
c6031ddf
c6d965a4
47265bfd
46bc0c44
c6c52f4c
c75faf54
47495cea
47b7050b
475324b7
47527c38
4725f0d4
46b088e4
c73a6a8e
c700d3b6
44b83e1b
46f55904
c5d5211e
46dc04da
c6e41f7d
c707e6d5
47507b69
47184268
44cc25a4
c79b20b3
c7408f70
c6d9ef0c
469f503e
46ebfd5b
4de3d020
c6c817b7
c4a884a1
c6d70dbf
4723b73a
44d7b51f
474eb5a2
c6c27bb5
c6117155
c665b53c
45a02a9b
44569e70
c6d8231a
45487bbe
472e19d7
c701864d
c70a5385
c6214589
46128281
469366e5
4754d62c
455ebcbb
c78eee9d
c629e534
c75501ad
c6d8b007
c7352ecd
c652876f
46725cf7
4725a2ea
c703c70a
4741e7cc
c68a2c28
46e9c80f
46d72f2e
c6518de4
c7089ea0
46e102e8
47567cc9
462e8571
c6c2b76e
c767d561
45bea7e7
c6a57f89
c631263f
c6e33232
c6d24cca
c68ebd96
452a14b3
47155cbe
471540a5
46c1121f
c6639100
457c2634
473d265e
44dbf86b
46b0974b
c66a679e
45aeae08
c764ac33
44a10724
c5acfe9c
c6b7d4e2
479852c5
c6fc692a
4755960d
c66ca0ea
469fac6f
c54f9926
c438f59f
46a5f165
c69d23eb
45e5edec
c6411eaa
46ef50c2
46457ad2
c73c4731
c793252d
c70e3bef
c738e7ae
45d4381b
4701f038
c581fb85
467bdff3
454ecd38
45992cb3
c64e20da
c5e3cbae
c6031dd9
470eb9b3
477250e7
47e05501
478b70f7
45db801b
c78396e7
46679e23
4728986d
c6648e38
c6a4b982
c53f2c4f
c6d00b35
470739fc
c6b95c48
465b4ac1
453ae3e8
c792e2c7
c70e493a
4706c612
468cdf56
c71f1d78
c6b162de
c60012ae
c74304e4
c72070ca
436b8bf9
c61435d1
470340da
46781772
46e113b6
47080658
4776f8f7
c60ef2b6
c69f5822
47d8ea26
4762c070
c620abde
c6997891
c7803f19
45f183b3
4dfa9820
c4de183d
46b0af32
c71d5dc9
47037420
c7055a9c
c71e3a28
474a7b5a
461d6f8b
471a2cd5
c6c8333e
c64cb160
468b0408
c5810cbb
47420156
c5a69b9c
c31433bf
c78c3825
47108010
c50c1e93
c5b26e56
c71ed7a0
45eebf57
4615bcf6
463c3df3
4780e928
c7139ef6
4742a533
44bd7b7c
c6a8db83
c5fa26a2
4511a562
478eb516
467e6b49
c71a66c4
c603a461
c72dbe65
43446ab7
4798871b
c6503595
46a91c94
472804a2
c73954a8
c70c462c
47064a3d
c69d2630
448d005e
c44abfda
456ed34d
c6e13217
c68fdfae
452b286f
c6478aa7
c7432768
470bfbaa
c6741fc1
45ab0ec8
c7963454
c7c2918d
c7ef9615
c798af13
4612115b
4656906d
c71bfc68
c7a562b8
c566d279
c7114467
c67b82fa
c6c9bc31
c79c08cd
c770dcd3
c77b3a81
c6a69337
c6315054
465c6f96
c5c165a3
c672c912
c6d379a0
c76ea884
470835f8
463ade08
466b10a5
c7192e95
c6db36e2
4757e491
475409e0
c70407e0
c77d11d7
47089a22
45c9b153
46127edd
c56afb52
c56aa7ff
c75df90c
c71de0fb
c72c805f
c73e0008
c708580b
c6aa684b
4629031b
474bd99d
44844fca
c73a7f9a
466e88c7
c6b726ca
c6315759
c4ef0cab
c6f2cc57
c6ca6768
c70e18fa
44a6117e
46ba1297
464c2fed
469bd955
47e270b9
c5fb31b4
45a2a52c
c715c276
43dc9ee1
c72b5c6d
c7062fd3
474d35c4
46482050
47872148
c773f363
c60f0f72
c5b240f9
c5877709
46a7d733
4de3d022
c730920e
46e543c9
c688b7a8
47297b2b
c798c9fe
c7024ddc
c76b95c9
c7567e65
c59a4381
c6d70b6a
46d8a11e
46aac9f0
4524db24
4709af62
c5ee20cf
c73e9945
c4b68deb
c6184ed2
47983820
c71adeb8
c58c248f
46e6bb7b
c7657910
463c7afb
46903691
46af5702
c5a06ff9
c71f0b1f
c7624356
c6ee6d4b
c7322b56
c612faad
45919ab4
c79a8364
c6edce50
c78232d8
46fce6fb
c7231616
47399163
c72e7fe2
c732970d
c75050ba
46a277f1
467eb41f
47446f9a
45741c81
457c4a48
c6cdc7f7
460d39b6
462dee9b
453eeae2
c65ca754
c6a171c8
c766f3cf
c51f355b
46ac54da
46dc8639
43c2510e
4726d9ae
46d0151a
478175e3
475df0a1
c6b10dbd
45a799d4
46e4a94d
46df7a00
461b2bac
c659153c
c644ddc9
47867a58
4719a490
46f60fb9
c7705417
44c55aaa
46dba42b
c4eb5d56
c6cf5836
472fa9cb
c74f0173
46d5e6b9
c767f70c
c68fdb50
46911bc4
4653a6bc
46c857be
c6e09852
c70c2d49
45e6d88c
45fb21bd
c6da9b25
c672d914
c635ba46
4469d0ac
47a0b0c9
c6881522
c75b6ef1
46d26289
472b1c83
4635db48
c5c8042c
446f68ba
c7308904
46705af5
46c939a4
c7658847
c6737874
4656c255
c7192620
c709fd94
c7026072
c69af95e
c68fd0c9
469773c8
45ee66df
4699fa22
4693e50d
c7b6b832
c78ecf3e
46876389
46c9813a
c714cb7c
c6183570
47a3cb63
c6eb04cd
c7200da3
465ad42b
c61dd1aa
466daece
4de3d01c
c709c317
46f711b2
c5b4bca4
c7170a68
45f62fdb
c74fe766
c6b0b395
c64e0c3b
c6890e7f
45a6d47c
454dc6ea
c6474c57
47699409
46df2056
46d4535b
46dccea5
c62f9976
471ca197
c5968090
468f055d
c74acb74
471d2d0a
c764b82f
c51fef26
c6969b48
c6a74a7d
46891482
c41b4e32
45cdf643
c73b82c0
c6e5eccf
46963d35
c7344a65
46a5e59c
46ca732d
439cd2e0
c6c27be9
448e51db
c644a13c
c71e89a6
c6130761
46abfef6
c73df40a
c5c7cf5f
479f83dd
c5377622
45136aef
4746c5dc
47258b39
47934858
c7196920
47242f70
4711e14d
45aefcb9
c494b391
466ef5cb
c60e3490
474c24ff
46f1cae0
c7524f18
46405a98
c778a967
45af1011
46892f2f
46d1f0cc
c73bc4e7
4649bd53
c712763e
c6e656f2
467c9c9d
4609386a
c756a93e
47e393e0
c5366429
471d90e0
469ded26
46ebfe00
c610bce4
46577b90
4622c43e
47846862
c6d0550a
c66a8e2f
46add074
472019b3
c6c0b1c8
4723f106
47ad4e46
47c67553
4783ebce
c5c549fd
4500d2fb
475b6c7a
44a3149d
47c1fa32
c5686f0e
c72bdaba
c6c36446
46b00c2d
c5ad1fd5
4641b6cd
46fda08e
c751e72a
c5f20512
46d3b4fa
46319992
c66a98f6
c7502161
c5424f06
c6d44a31
46258d9e
46654506
46b08414
c5c4646f
47507758
47921fe2
c61d2b04
c5c8371c
4725aa37
46d3f738
46942f84
45c9e589
c6f6e608
472bd56e
471e1073
c6363c5b
479cd2e1
4692fde9
4dfa981a
46b0b8b5
c6b9acf1
c5baf91e
47a3e73c
c690d1b2
466a7472
c74e95ac
45fa6e4d
c6b9dd87
46507ff5
c4a3a626
46338e11
46aa5121
47735dd4
c53fec07
c5966a0d
c6516067
c665711c
46905bde
c7290878
47266ad2
46673c67
476f4958
47622abe
46a97d89
460aded9
4712347f
c74b8cdb
c6b36666
458c7485
c773ef05
479fa523
46c845d4
465668a3
c5f29d63
46883a2f
46d2b052
46d74c7f
c783c80f
470c5787
c12f3b47
c5d62953
4687b9f6
45ea11b4
46679094
c76193f4
47f5d368
c634f8d9
c7a0fb57
4680eabb
c564c996
47820534
c68b5033
c717ed5a
c7488de6
46902038
c75573b5
c718297b
c6fbd8f1
c61239b9
4593aa98
464de1d7
c7674caa
478976b9
470fea83
478ac86d
4665200f
c6860620
4715e6a9
46275a00
4710b58c
46881ac8
46f36caa
c6eba5af
467ddaf5
4721b8c9
47ac3690
4766b4a0
45d5ebd1
4481e1e1
c4ae0fcd
47720002
46c9eff5
c6ffed1c
c6453eca
47964392
464f1f78
46b4b96c
47189372
4791805b
c61dc6bd
467d4dc8
4619df7e
465067ff
c6dc1d0e
475a0d90
c6e58959
c746bbf0
47614fec
453ebacc
c6f69b40
c728c840
c72faa9e
4751071d
47662814
4653c2f0
c68645a0
c6800149
47126b77
c7747a10
450fc696
47890b35
c756e6ca
c6aaadf7
c6a01bca
473ff43f
478ea8c8
c6933a0e
45c03a08
c616396b
c7046130
c70c5cd6
c59d6d62
46afab06
4750b5cf
46c8afa6
46e5827d
46c27e13
4de3d022
c6c67c9a
4551229f
461304b3
475fcb3e
c6d83205
c6e20cb3
c6bbea3c
c685703f
46c77b92
45846195
473e692a
46355a99
470237b1
c6b4e62a
c642fbfa
c6fecf36
46983fbc
471442ff
46b2d937
c7a75215
c54f4801
478b5cda
c5a49945
478655ac
c6c061de
44e5a39e
c717003a
46be43c7
c7135af2
465bd59c
c710199a
4641974b
c7920bfa
c67e85d9
47154900
476a8d9f
c7ba252a
461eeb31
c5581662
c69661df
45e9229e
c6c36688
c69fa9f9
46a0a294
c6012135
c66ff52c
c4e310bb
47a6a1ec
c3ba1e0d
c76d15ff
46ce5711
c6a8d5c8
46e88861
c76176cf
45f05118
c50c8836
c75cb0a5
c6081af4
c5d7a109
c71fcb44
c65f415f
c7770436
c694d9d2
46d1d000
472a5cf9
47312d94
c780cc3a
46034eb2
4798e4b0
c5abf11d
47965bd6
c72700a2
c6ae44b4
c683e179
46144c92
46994d33
c7081ad8
470be92c
45e6485f
477ba35f
46e19105
468f1020
4752ccf5
c5c8d277
c6d249fc
c698b47f
45b9f1f2
45e3ffa2
46d26f95
47108d9c
47219924
46831698
47017058
c74a4136
c760b20b
46564e1a
463df742
473a2122
451f3f73
c7926480
c732415e
461c5b84
c71a022b
c615ce43
c76e506f
460f54c1
c652b10d
c7ccca37
47280cee
46889018
c66790ae
459abc00
45126d14
c68fec21
c637db1c
c69fd910
c769ca67
468d9059
46b03f52
c72cf11b
c662baaf
45f66ca3
c714fe94
470df6a9
470a9ec1
46492732
c68db8ce
c6b851ec
4dfa9821
c7613a11
c7abcc49
c7b3eae1
46ac083f
476c64b8
c6d36f44
46b3f5cb
4590d9a1
c6eaccf0
478a1f1a
468f1666
c7a56222
c38bace3
461f087b
46ce7978
c6c9d496
4756fc52
c647943c
c7360743
c682c89d
459ee66f
c6380100
c731408d
c69d3bfe
c745a519
c5ef38fb
4562f898
c6c4d5e3
45582ff2
c7763818
c7a32749
c6d5bd61
c6750ba0
c6759ad0
c52a929a
c74a8d52
c730ec7f
c6280828
4775e5f7
c645b1de
c73bdc13
c7ae6c91
c7553b3b
c78e0b61
46bd23ae
46fb865f
c6d71017
c6ceb971
46e63256
c7897e47
c712696d
c61056bf
46c8894c
c6523c0d
4710570b
47089f1f
c7068ec1
c651e4e1
c5bf9c0d
c68cee6b
461c120f
4734f2b4
c5f1fcf8
c70093fe
46a20060
c7a49fad
c5946e8b
478e6326
c725982e
c7012a80
c6a76d51
c6b54b48
4723eb75
c69411c2
472e2835
47445904
466f6773
c70115b3
c7349b1e
4714d912
c7379063
c4ad3d5f
c5f52b14
466788c6
4739978f
c7a1d523
c60e710e
469253f2
4753106c
473652f7
c6f01a92
45a967c3
c5ac6bb7
c73c9eaf
c741e70b
46ab23a1
c724c1a4
464c0226
46fed5f5
46e59087
477b5a29
c745f5aa
449bbb39
466f0753
45f444ee
c6d14b03
47334b43
45b43be9
4731317c
45b8c90d
46e30d1a
4713562b
468112e0
46dc7f83
474386a5
4720f9f7
c6fca4fe
c697dd38
c7113dea
c728c856
46d9de96
46a74e41
c5ed114e
c7576453
c77d321d
c7033f27
c67f4ef9
477bc19c
4dfa9821
468bd291
c6f4beda
c789c83d
46cf01d3
475008f2
c6ef4a7d
4669fb9a
c48f79f0
c705072f
c6a606d3
46975b3e
c71a2ce2
46866364
46c11518
c671f186
46d8bf96
458e8e61
46dd6474
461a7ac1
472e10ad
c76b6546
c6df6fe9
46bcf0e2
c76f4923
46a53e36
47054085
c78a9a8e
c582e600
474992d2
c7052b62
4782e628
c70f830d
47543f3e
471e95bb
c74973fe
46bcce1e
4686db9d
45de419d
c77932b1
46a031eb
c7024b40
468e9f8e
47591774
4688da8a
c6d04dcb
461cd3ea
469332f0
c70ddb9e
46d14dec
468650ae
44cf00d6
c6bac1a4
c6b96236
470cf1d2
4662291e
c5c7d509
45fcca20
c7024386
c6e4f870
c6ffada8
4611cf07
4419377d
c62f583a
c636577f
4703ab5f
c689d231
c6f5f951
c7563c0f
c7beb096
45a2f43a
c6f20858
c6ab76d3
c6eecded
47682072
46a8a05d
c7135986
479c15d1
c6a68db7
c78bcaef
c6c88f21
474f93cf
457997fe
c6af7072
c6be9483
c7715264
466551ca
c5f54a4e
4741ccf3
c66ed07b
46b2e188
4691020a
46b2c0dd
c6049a11
460d5ebc
47309e8b
46eca6ce
46804d7d
c582bd2c
47c60b86
c761bff5
c74ba357
47ab7664
45c141fc
c7b06c76
c754a150
c7419622
4646967b
c66bcc90
c69c14bd
46f99df4
c58d1f14
c65bdcea
c76d7ade
470a6bf4
46bb7c1a
c71ae795
c75db4dd
46116d8b
46d141b9
c69f5927
4782ba18
4697f918
c4b88918
47094997
46f3be18
450ca2ff
46179999
c756f50e
4de3d01f
46e3666a
45e64aa3
c78927e3
4603a181
c5d008d7
46ff7391
c641f94f
c6fa7e6b
c69d9be4
c789a3f0
c59a9139
c73527ec
c722e6a8
472e3f46
c6cbd8c0
c7acf350
c73bbb6b
c71b400a
45468ad5
c49ebebe
46b5fd92
c68d7756
c6a2d625
c6b80692
46934d85
4737d2fe
c5e9bc4e
c7387988
c6bd5fc9
c52a07c1
c5634ee7
4606814e
c6c6d43c
46bb69fc
45b230f7
c789850b
c75b840b
46c7b3bf
c779bf64
c685cdfb
c5b85a65
c5283f83
c6b86169
45d2e213
c738538e
c257b1a5
47198c23
45f2a84f
c7072edf
470ac46b
469b4ec8
c71fd338
c68a2b43
c67d772b
471e3820
c58d570f
4603191f
c5b284db
c675071e
c7059dfe
c6bffd4f
469a1073
c64826bc
c6da585f
465e3e33
468a6646
c753772c
46735f20
46656504
c7020d6f
45dfec98
47af4687
c6acccb2
466af7d1
c711cbbe
472fa019
c58bc8aa
c7189a86
c72ce549
46705ad1
47358b1f
46210dc3
c6967c4b
c5eee0aa
c708b545
4740973a
c58beade
4686985e
466bcb4b
c64ae30c
c6ec2590
c6cfe7cf
c69c965e
c62aef23
472181a7
4531effd
c7863630
46e71dcf
c6908b34
47cc2cfc
460407c7
47054b79
47904053
c732f714
c5f10dba
47675964
c685b0a2
c6f303ab
46e30c4b
46b19736
46dc4ba8
4721790e
c5b3e23a
46d79310
46ebd901
4749b1c1
463a980f
c62c1ec3
478d4720
46529952
c77eb04c
4695206e
46e84544
47b4075a
472e907e
4674eded
479fca91
47517011
4dfa981f
460eb8aa
c5d09f97
4644c462
c7196c49
46d8942e
4732818a
47216b15
46efddab
c75073c1
45a0384b
46e3deec
47088522
479454f1
c7a5b683
4662e671
4771216d
45d146f7
477b5ccd
4781a9bc
c6c70901
c77b1efa
478c83ab
c62f53b0
c4ae27b9
479b1cc4
46eb8b48
c6e2131c
c6a3783d
c6908ee0
47b1ddd6
476189ff
46c56474
c70abd79
462f3c56
c60b32af
47a25828
46a79fd4
46323801
47636d62
c6b9b305
46e4c592
4508672d
c6e256f1
c7863507
4516a26b
473fec20
47842593
c79502b6
c744f4ff
471c9df5
46941940
4341c0fd
46c66398
4709c6db
4792ca92
c59718b0
459ef848
46b75395
46872ec9
c570aa66
c621828a
45de9b6e
c72ce310
4741ac9d
c4fa99f7
c542ebc0
4712d9e5
c68c073c
47ad2252
c6e94bbd
470b3fe7
47115384
476f19e4
c6c1f3e9
45bb4a8c
449b23db
46094fd0
c68003a6
4725dd96
472347b4
46d48961
46e5b6c9
c6b0ba7c
470cd7c5
c69f9c66
479608c3
c6e793ed
470a6e3c
461f844a
c70d0d62
c7ab3c4e
c6a60d86
469343b1
46a6bba2
472fa5d1
c70a10b8
c654d04c
46be0046
4514a3a6
c70309ad
4683fe61
46aa7b47
c708aac2
47155a27
c4fe06f2
46eed776
c73498fe
479ff6bc
44432b96
46feae7e
c657b52a
46d27eef
c64ed192
46f7c21d
c4a2176a
4623ce84
467651da
c68b0087
466baf78
c6d31eb9
c6708548
c70479e0
4771a562
476c57e3
452d8c45
c73f8ac3
c6b44f66
479d3f51
4dfa981f
476c07cb
44c450d3
c6541f78
46a37b0d
469c0034
46678336
470cb450
c7050ec8
c7235c78
c6c0b5dc
469d581a
c7a5dd56
46a55bdb
453ee7f5
465b9555
45480754
47871d93
c643b75d
46797c21
478931a5
47366068
47d29587
4746c38f
4667f6d6
c406e3ae
47e7f1ea
47470d7b
c6a44660
4739472f
c6dc0d5f
460ad1e5
4620044f
46cf4a59
4686f907
c562c53c
4718b863
479bc501
45dea11c
c6156fe0
46296474
46b3d6cc
c6d82412
c6754d4f
c7212c67
c53478e7
47499092
4608babe
c7849fa7
c798fc2b
c654178d
4599cba1
c6b016f7
4602ec9d
c7344335
45b221ad
c6fc8158
46d86556
473c62b9
475e4a72
c6bdbae1
4600d10a
c743108e
4723ac67
47743f5a
45b25ee0
c6b84fc3
46e34d76
47365c64
45a4d6a8
45e63eb3
470c8c3c
c6cc833a
47be872d
46a11621
46fef6e2
449fb210
c6fd3e4d
472be54c
c6b67385
45a007d1
4731498f
c72ef54c
c7517f21
46a45367
465a2629
c710e939
47dd276c
45313415
47292990
c647c399
47764a6a
4710dc8b
c72b18bf
475e0d7f
c70de18c
c7140932
474a3586
c5fc6ecb
c6a54e21
c6366941
46948e5f
c6d077be
c63619e9
c6535630
c7399a2c
c683154e
467d4543
46f0e67c
46fa624c
46d954c8
4510e869
4615119f
c72989d0
c6cff9f3
45451653
c6e4b0ee
465aa49a
473c6ac1
c78ca637
46af69be
c6f48206
c55e7284
c7445b12
46b2ccaf
471835ae
c4983530
c6e61db9
c674d5f6
4de3d021
461295e3
46175d2b
462fc98b
c78512bb
45c12f16
46a39b5f
469264a0
c543c06c
c6c414c3
47b716f8
471b2f17
c4eb9dfb
455aac0d
c788c95b
c3cbcfda
46690a78
47297fe1
c495de02
461b85d0
c64be308
46bb37b5
c64a232d
46caa5e6
c50b4a92
c5ff5b1d
c5c480d7
47821771
c6a5a15d
4688901c
c6c3771b
46cbed07
46641e77
c6068ff6
c70e709c
c5a2cceb
c704f460
c7842525
469fbc17
c6b477d3
c7a4b5ec
c73812d9
c6e4ca85
c6cdb23a
46fa9b2f
c58374d5
46b931ed
c646fbdb
463733a7
c5c953d5
46e253da
4690af59
c70f6ded
4788432b
45cba02a
c7c0221e
460ccfd9
c766bae7
47329098
c70b9ee6
c7289160
46cfb67c
4580297a
c5a7cb0d
4710f573
c6b40868
46b9684d
47c20a6b
46275e50
c737ce74
476f33c1
c72c8bde
45532ce1
c60facb7
c7533370
c6d9bf90
c6425104
45b11123
c7d7297e
461292aa
46fbd73e
c7690df8
c610131a
c6ab6dd6
45fc7b53
478e171a
46484334
46e309ec
46978029
c5c7b3f0
4681a0eb
47c427e7
c60c7378
4665653d
47442582
c76dc8a0
46bd1db6
46b610d1
47104854
c6ff68c2
c6f726a8
c6b02006
c635c6de
47343ecb
c71e4a50
46865a3b
4527a160
c7a449b6
458db819
4633aa0e
457bf8fa
47146d0e
c558dafb
4654187b
c6df3678
44c99616
c690d7f4
4708bf37
44c7c664
445954e9
c5001305
c6e2b7f5
c72176ce
47596736
4655ba80
c6bbad74
c422c17c
45b0fa97
44968dfe
4dfa981f
c54f7a71
c5fab560
c7139ee8
c60b723c
4775df22
c48688a1
470f43c8
c563410a
c42fd286
c720861c
45537335
c705d395
472e090c
47aaf5c4
c76132ac
c72e2804
c712ff4e
c6330243
476712e1
4685a80c
46efa903
c4ce0b91
46ed29e7
c5b300e4
4674a4e6
c762a7c2
4730cb4e
4670af02
c68edd83
4596025a
447d99de
c682ce62
c6d14136
44eb15ea
457f56b7
c6882ccd
c72fd907
c770ff27
475d3b13
c740ae6b
459e67fb
46242b4d
4704b588
46c97d0c
c6acbe79
476ba334
c75d983f
c681ce05
4720bb42
c73eb513
c68c512b
c7c8eef1
c69dc8f9
c5a2ad9f
c68491f4
45abae65
4606ae6c
c7601011
c7a3a94d
c688b083
c707face
45ac9a98
c63f62c5
c75fe292
c77dd3c7
4685664a
c79f3cda
4780d673
453aa68b
c7186d3b
4712dc0d
c75a4ab2
462bd656
c7201615
c51371c4
c714cf02
4743079b
c640520d
c59c5f25
461354ce
c6464a3d
c70810a3
46a78d88
c6a829a8
4553a72f
4736fcd1
c74ca379
c78dd2c5
477451ba
c7168332
46e230f2
c6d79c26
c64d6798
c6861705
c79204af
45eb61bc
474b1876
452c3a8a
c7b98335
c6b4a858
c745ff81
454cd536
c65ee32b
460a8b93
c705a70f
c2ee661b
47132706
46604192
46aa525d
c70c5542
c6b3122e
46dfac71
4796f1e5
45f14868
c7450992
c715e82b
46f9a3ed
c7883d7e
c6cff256
c53ace17
c5b3b9e8
c740631c
c78dbe7a
4735fe23
4738d263
c6dfadec
47637d90
47468086
4dfa981f
47123bec
4629ac23
47a0dcc2
450832c9
4643d2a4
c71e21a9
c7be7d0b
c6f3239c
c6d397a9
46ee45e9
c60dc0c5
c6e75f2f
472fb0bd
474a4eb4
471985f5
45e3f7cc
c6ca2060
c6f5f1ca
461ec953
c53f82e4
c5a5d4c9
46d2b387
c6d2fabd
c464855c
c71a3042
4715552a
451811d1
c57aef69
c7c24c4a
46062c7b
c5e5742c
4601cf7a
471be442
c6aeef75
c790754f
c748315d
c6b66707
c787d7dd
c64809cf
46e6bee8
c713c152
c719a9a3
c782ea97
c68d5efa
c75bb5a8
c65511a5
45d7fd80
c726c9f7
c6aa2608
46a5680d
c5b45fdd
46c9abb5
46d50b3b
c716d618
46be67a2
47abe1c7
c6fb1917
c63e9aef
c55c79d6
c721e6d4
c6805ead
4731ef18
4703a8a7
46b4d0d4
c6f5074e
46f77448
47dee681
471b77f4
c6f6e421
c779e7db
47110783
4720b906
c6e41a89
c682fb52
c5e93cd5
c67ac512
45452d5a
4643da56
c6ba833d
c6ac5df4
449605e8
c6a7af65
4682703d
47ca1aeb
c5fbd765
47188d00
c7818691
c6c4f177
c6598f10
470bac5a
4626181f
c78a13f4
460365a7
4529ff97
46ef1196
c6a8c46a
c7284f3a
c6b55324
473e85c4
47ab9f12
46a8a6b0
c64188ca
46a6ca5b
c75573a8
c53cecc7
47411d65
45de1c1e
475f834f
46603d0d
c649d8c2
46f6ca8f
c703c388
46b63251
c621f248
c6cf9bfc
46b9d1d8
470ba2ef
46d0e36c
c5f5ce48
47883b25
c59811de
c7092609
45b11638
c7affedb
c60d8912
468caffc
c6ff3061
c650e887
4de3d01e
47111d58
462e18bf
46836bd2
46ff9b35
46855082
c7a7c2f5
478a62f7
472cc02f
c650dcd0
47954fac
4411c6de
46e770d6
46fcc145
c6f8a20a
470ee0d4
c686298e
c77d106c
c6218530
4167fd26
47a5af5f
46b98655
c4b9d990
47a22fad
c6e403f5
c71750de
471ba30e
472b36a7
46a3f93c
c6e71cc3
4739ba8b
47646d0e
47771f25
c541caba
47094bd4
c70f1808
c7290e70
467bf88c
47371469
c79c94a3
c616f454
44e193f8
473021ab
4718c6bb
c63601e1
4626e27f
c6859a92
47048562
47570921
c674ccfa
469d5b08
460e10c8
c71a66a1
c757429a
c69922e1
47a04b5b
c70b4b99
c68e436f
46cf6215
c639edbc
476fa87c
471ffd9d
c7837292
46ba2c59
c7388fa0
4650ed7d
47340433
c6c93f73
44fab05a
c6bd471c
471ec46d
47591e61
c75da553
47105f60
4594f5b6
c756fb15
45de473e
44426ebb
c6c9a9fd
c52ccfb4
c7564791
4764fd25
47420be7
47866341
c79f8e61
46e28864
c5fa743e
478f6dc3
4785de74
46b351f1
c5d7feda
454fbbab
4670f7b3
c6ff9467
4643a109
4629792d
c6cbcd98
c6459cf9
c75018f6
45ef655e
c7578d86
c60229a1
47231574
c5abfb5a
47bef192
479c91c5
c70823f2
c559ccad
c67919a2
4648b7f0
c5658c48
c7514624
47618902
46e6a682
46e12038
45389715
c73be3eb
4658a3cd
c7679826
4736f1f4
4740a983
44ad39f3
c741e98d
c5362543
c5b62768
46e1fdf6
c52bbd20
c6987199
4556bd86
4dfa9820
4441f03a
46854a6a
46de8417
4692cdc2
c68132dd
4759e625
c68231b6
45b8dd98
c74c8b93
46cc8235
4674e08c
c7923d25
4755aa4a
c5340314
c709d84b
c6d75b7a
c74f46f3
c6df5869
469f5a02
c530e501
c56c0aad
47c2ea35
46cbef22
c6ab5f29
4525fbfe
c6b6e322
47a28bcc
c6afecb8
467e2eca
c4d38c23
474b0a09
c6cb94c4
478e94f7
46ff4682
c60a15bf
469c3f7f
4752f80b
c5ba84aa
c62e617c
46b2f30d
4596947f
c72e8001
4792c277
472a2505
468f5f2f
47340c96
46e92d2b
47dbb1cb
c67b1c37
c6ce3665
45954a0a
47757f3d
47317f26
c3426f10
c6d204ad
c693398d
c50b4801
473aa812
c63795a0
46f3d887
474de3d1
c715f06d
4599eb39
45177459
46e466a3
46ca8fbc
465b1c19
462a4d38
c713fc0b
c6882d9e
c63ac871
c7493d9f
c6660d77
c61a4fd8
468b4567
468c8a01
45737f35
45a80c17
c712bf79
c67215f1
4661e07e
c7409f1e
c6e4d9b5
c6b98d26
c70b04aa
c67647c9
471210e3
4783b5be
46cedbbe
47078b52
47593b1f
c6d189db
c5a96fd6
460d1b58
c73ec60d
46bb9c17
c6b9421d
c6e3067a
c5f90f48
c7238a8a
47b77a62
473b83ab
c70af0e1
c5942594
476c3dc9
4766a0ae
474e5a94
c5efeaeb
45c24ed9
c68ba85c
472f0995
c7b74ba4
4599ca22
47313fe1
46dd4dab
c746d229
46adf753
47221848
45e158df
c7918881
c6dae0d4
461461cf
4705030a
c748aa1e
c6f280e7
c6c1d000
c6b3fe11
4725a694
4dfa981f
468f3b83
478762b7
46ec8da2
4653e0c7
c5a58692
476be1b5
4746e64b
c6d14594
4686c646
478684ea
475a426c
4652546d
c4bd05ba
470755d1
4719d3bc
44b452c6
463d7531
479db446
c66b48ad
c67b2f1d
c617c234
c708d820
46470b80
c5d0cc9f
47401384
c639a6c4
46f0ce2a
4710fe85
474e635c
c722dd3a
c6cd1ff9
c5f92d73
469b7009
4622d9ee
c6ee4f56
c710e9d4
474984e0
471935d5
44a91117
477140cf
471552b3
4629f39b
4477f1f6
47579a53
452dc0e4
463fe775
472e389b
4786dd3f
46202963
47af1451
47400822
45e37a39
474aaa2a
46a445e5
c6842cc2
c67087d6
c6bcfd6f
46de7b1a
c6e51e2b
45a46573
c6cef393
46270d82
46ead83d
4532f2c5
4686782d
c6623165
c7118a83
c71ec825
452052ba
470ec36b
464eaa54
c6105390
46f7218b
c68a956e
c66ca42b
468dbc10
46cb6f0a
45243416
4720cb0b
47870c25
c652d55c
c737b667
4675f890
4653b9ce
472154a6
47887a95
c7942e28
c45ca46d
c79d3db1
4708a1b4
465effe5
c66e5e8c
c66e8e9a
46cd6fd9
4783623c
c6e8ff41
c67cda54
467b2573
c6bf4651
c7b95620
45807624
470b17e2
471906b3
4696d7c5
c488d3cc
46cadf89
470f709b
c634a9e8
c708fbbc
45c19acc
46a0cb53
473b1e0e
472a792b
c75eee47
4633a8d3
42baafe2
c687e492
46f9c0d4
c75e14cc
c62bf3ce
c682ed1c
c48a20ef
47aea59b
c681fbdc
4723b046
c5c1ee12
c74a8bbf
47032dee
4de3d01e
c73b2894
47366aa4
c7473f82
4481a9ae
472186b6
45789875
c7382dd3
479504f7
46e8649d
46cb42dd
467969c9
46799457
c771f016
c6a1d768
46c520d5
c6bd2070
478a7978
c7967e6f
c6ca9c43
479037e5
46f71e03
4792b2e5
47430f34
c5ae78ca
4745915f
c6207804
47892e4e
c6ea4662
c6d54716
4671c5b4
46469f48
4414ad6c
46a16da8
c651b729
4708211a
45f64fe5
c597bf61
c64a6dcc
c54e7c96
463172bd
c6ab2f1c
45c1afbe
471fce13
c785c902
c5bcabab
c712c7af
c61f2281
454e5cfd
468e26a5
c6041c19
459f56c2
470cb455
c69f5382
c7a0f996
45c66f00
473bab89
c443bf88
46236fe9
46a5dfd3
c6edf42b
c7000c31
44da3a77
c540425c
45a1b3f4
c682c9be
c6be203b
c68a0791
c5da1002
4658cb0d
46aa9549
c6548f30
c6059e03
c6f4f6e0
47b2ca39
c64473ef
c6192285
46b66560
c7831ee0
c64afe15
c72d8499
c72b2c23
c6d4dea1
c6d5dee8
4788f1e8
c5fdc5c5
46adc21b
47b475df
c5fdd1e4
c71055c0
474946d8
c61ffc6c
c501c716
463da823
46caa8c3
c682cbe2
c753ce7b
469af1ba
c664e57c
44faa6a2
c77abfae
c7592ba5
c4d6dc1d
c5de51e6
c70197dd
467daff7
c76cad95
45d54a6f
468027a0
c5038ce8
c6cf8ed7
c6867cc5
c6701f8c
4797e564
469f5f2e
c6400455
4440fac3
c7cd1e0e
c7477252
471b4448
46e8b974
468369eb
46afd3ae
c552018f
c74c1501
47a5dd4c
c59c980d
46912aa6
c5ea2384
4dfa9822
c73ee46a
c68f6243
c6852d04
474e13ab
46a5c64b
47507ae3
45dcc0b0
c5da36a6
4569a6e2
479e0c7f
46e6d0e9
4579dc96
c670616d
c7502c7c
c5849180
c7156c6c
c569bf8f
462d6901
c79bea4a
474e43b2
46e55d43
c68d1b3f
469e3a07
46d27caf
c753864e
c6e1ce3a
c55da269
44862274
c72617d2
c7887af5
c68b94fa
47028511
47adf802
c69a48f1
47da846e
45a20c23
471d5e0a
c4d73a08
c6a32c43
c698e80c
47b187a4
c7a19d33
c78416ff
4657da82
465150c5
473ff619
4770212d
c6736676
45483c62
471ffd4f
c6dc6fb1
c6b2e328
c7a88576
c7876fd3
c732299f
c761bd63
4669cd29
c791528e
c680e7ef
c4ea7533
c245f9eb
46351cac
c6210e8b
c6bce845
461fc3cf
4718d7ca
4752c4fd
c6d8883e
47095d12
45017aad
45d62b88
46fe645f
46a5848d
472885eb
c644e517
c694d1b4
471cfda6
420edb9d
47905e9d
c647af40
c6b12433
47428857
c663ed55
c698a1d6
47330b51
c7ab68e9
c6339fd2
c5542b92
471a737a
46706883
467af171
45968deb
46902d5f
47001487
c63805d3
46ef3b08
47789e94
c69d9a61
46501793
c6afa922
c71868ba
47a58378
c6038cfc
c6c1ceea
47231979
c5abd3df
c702293d
c5a6a7bc
c7229fa0
458fd750
c69258ca
c717d407
c70f2727
c6ea144c
470d214e
c7741386
471451f3
470f2c07
45096085
473c68cb
4648bf40
c7728f21
c6056011
4725f171
c5d3209e
46379faa
471df273
c6c93337
4dfa9820
4648f199
46567305
c78abc13
45dbe75e
4616b069
c5efb71f
c5b7ab47
c67569ff
45f2e5d1
4667bed8
c6a913af
474c2aba
c7634938
45a79d90
c6902e14
473b98a6
c6b1ca5f
c76f7367
477f3a03
46891500
4620d7e7
c7079480
c65517ba
46b474a8
c6ca1d47
c7cf720b
47286833
46f528cd
c5fce3e6
46f57960
c649bb91
c60713e9
475a6286
c80a3b95
c702f0b7
4705acae
c69a7df3
c7213da8
c7717010
c75789b6
471348c2
c77d11a5
45637931
c701f6f7
46a2237f
c5ab6673
c7559855
c6739427
470edac4
c6093107
46bf036d
47826bd6
464c15fd
476588c6
c78d1114
478ce6d3
c75399b0
c66cf805
c7258a02
c68c413f
45e9039d
c704c9d9
464b7a51
c6647e28
c6c39e61
c7187029
47192ed3
c54c797e
458adb5d
c33253fe
4721dadb
46f1a871
44a02aaa
47362569
c61155b3
c6b913e9
4637a1b4
4684ced7
46b5d0d9
470268cd
c58d291e
c68bbf78
c66c3bff
45acc27e
c7c828c8
c775731e
445787dd
4771d811
47041f62
c5cb9ee4
477f1946
46991cd7
c7fb50c2
c6fceef4
472c4f6a
46e59dd2
45e616e4
447536d4
c70bf936
c76c3c13
46e66717
c7035150
c71b0d55
c6d117af
c6ac29c7
475e2e02
c694f28c
c608826a
461eba7f
46f17c94
c607af16
4747a7df
c74f7977
475ea98e
c47c412c
c76470b8
45d1d5f5
c5c6534b
c68a9403
c730f2f5
c747faa9
45ac1d5d
46fe2950
c644a61c
46f88315
46a38620
c5c4f048
c6a09e6a
4de3d01e
4591c377
c702865f
c61c401e
4714f9a7
c53d1b8c
c702281e
c61a6ff4
c7a2fa7e
46b5c028
46afd2a3
c72d0122
462310a5
45d6b6c7
c7884a2b
c648863d
459196f7
c782c41e
47128a3c
46bd8994
469123ab
c6a5abf8
c7867873
46723a08
c717ede9
474d89ce
4711fda4
4680b296
46805f81
c70dd0a8
472e1af9
c5c973c4
4688395d
4741a9b8
c6700fc2
c745fa6a
c674200d
458f73b8
46992cf3
c6c707d4
c7392e09
467fc200
c7417134
c6da0163
4692f574
45fa9dbe
c66b49e7
c7365a56
c79b838e
4786d189
c71fe14f
c5ffac0d
4636d50d
470500d2
46e931f6
471f26ad
c7177053
4699b627
c7788c05
c70feb98
c72b2cfd
47921d05
4791e7ed
c729fe52
c6adae90
c6970e98
476f1feb
4685dce2
c65d572d
476a95ca
c562d33f
c5d766ce
44ffb2bb
46ef6a24
46293ba6
470187e8
c5848bd9
c6ba1183
c50741c2
479d2f27
c699ea64
c4181a23
47173ef4
c66ccdd1
c66b63a5
c738c9ea
c68bdc04
4779196d
c70bb896
4764994a
4750a753
46fc1d66
45266fb2
4740f7e0
c6e5d71a
c7661c04
47709524
472786e7
c6146490
478802af
474e01f0
c7665715
c660d2cf
45287436
c7364c86
45b2afba
46f8ef02
45a2c1f5
c71e425e
c482cdda
464423f0
46a65c61
4708fb57
c69d24a2
c709a6fd
4732bc5b
46aca04e
4763330f
4648651b
c625e20c
c6c33ecf
c6f545c4
468f39b9
475fd72e
c68c8afb
c5cc11d2
463c16e3
c5a6278e
45980bca
4dfa981e
c67aad39
46f198df
47a31d5f
c6129ace
46db8f3a
c70af0e7
c7658bd0
46dbb1de
c71064b7
47336f35
46de23b1
c72f536d
462a417c
459f415b
c68798ea
468d151e
c64dfe52
c7589c83
47a26625
c6a70064
c71b2585
46c9518d
46892d12
45f485b0
c402961f
44b1e1f7
47198bca
478ea481
42824545
c6f6a24f
c529cc0e
470cc4db
479d948b
c7111124
47464935
47355a1b
c6cdb061
46a8ce98
468983b9
c7472056
467dc01f
c692e62f
461d38a0
47046383
4775f8b5
478c96d4
c684f43f
c68b2647
46dd0f2f
c792704b
476abb32
46c43de4
46c61406
47872a41
46e1ebc2
474ea6f4
c693d0d5
c78528ce
473a0f38
45564ca9
c7710a60
c74f2613
462e8ffa
46ff3516
44474f66
46aec5dc
44eb9b63
468f61f1
46e1bd35
47a3a965
463aa44e
463992e1
c5bb53ac
c6e800db
4742a8f7
c6ca6dc7
4554fcae
c665d988
470ccc8a
458df75a
c620711f
476bae58
c7a642a9
475b9e29
c5f8e1d9
47478c1f
46fb132d
4604869d
c654d02f
c6f044fa
45dc056a
c71837ec
4673d69e
470bfd3e
c6eb946b
472b48d4
479a94cf
c5fff478
c6af9e54
45845e40
c72c3e33
46f4278f
458a46cd
47468636
c5b5895b
c6bae785
47a18d31
c725df9a
c6ce5e8a
46f7db55
c4ee6387
4694aeea
469cf156
46ad2497
c66f821d
c5f6dc98
46d5fbab
472eeb48
459f54a0
c72f3ad8
4676766c
465ab0d7
456e324e
467ab2e4
c7480f3a
468f08ca
c532ec8e
4678c607
4dfa9822
472feb64
c723f2d8
468ba22f
c660deb0
4734018f
456fc93d
c5c868f5
463f9685
c685302f
c74ce543
c6875a9a
465684c8
47148006
c575298c
c642b470
46f7915a
c6d648f3
c60ac3fe
c6f92913
c6923151
c5a688f2
c7960d3f
c6a77505
45fc6ca0
c70ea117
474dc6f8
476138e3
476967c9
4743a04c
479b40d3
4619f7db
465aec32
46e3dbe7
c7306480
471980c2
45320b57
465618a2
c71fd4cc
465d5d2a
c5d7c120
46f69ef0
46f8c608
c70684ad
c610c230
45a92a22
c5ec7314
c71f8a76
c586a45c
4799fdbb
c715c848
474c1607
c6b03ba0
46dd7425
c6e84566
c744b95a
4605098d
460868e7
c5de7b5d
c65b2cae
46cac4e5
453a1f01
475fa43b
c5de281a
c785fdd8
c75c2b04
c62c32d2
c58e9fb5
462bfda7
47638fd5
c60360b1
c73961eb
c7126aae
45e273cd
c6b98675
c6f9953d
c578b0cb
4645e2d9
c7275cc7
c6c031db
47628a4b
45831855
46a796a3
47811e71
46b51dab
c605bcd5
c6895620
466bcf25
c708c94a
c5f05250
c6981dcf
4786d807
4609bd4c
c6a9f16c
46121fcf
c72543d5
c73c0c0d
c48398ba
46ca6e43
c3ffa559
c74abea0
45b4eb6b
c7086aa0
c71293a6
4797cc37
46be3cd6
c7417173
46d13211
c6cca8c9
c66d000d
43ae82ab
c4917567
466b40f5
c7373843
46856529
47150bb4
479b9621
46b39a02
463014bf
470f10b6
c5952bf0
46a1f16e
c73a9e79
4749ffce
c713773a
473934c9
c7422947
4646a705
4759b3e5
4de3d022
469fb31c
47476d5a
c639d6cb
c6ab2a10
c699a505
c6c5bba9
4713bfda
c7a3bc7b
46a5a2bf
4684baf0
43e34a69
c74f17d4
c57de8a4
c6db6977
474f1632
44c6e893
4628c7a0
c782a5d3
c6e1b5ec
474200a0
47843f64
4786080f
4715d7c8
46fde1aa
c508dc60
c6cf320b
c5dfbbee
473eee20
c625fa82
c76dbbec
468af721
470d27e4
477a7f04
478e6401
c645a4cb
c7d62768
c5b41e7c
47084433
46f11227
4511b5d3
4765ea19
45934d77
46cf0dbc
4742f868
462fa7e5
47a03eae
c6db0c3a
c78e944e
c588d66d
c72a90af
c7481dc8
c69472d3
c702d0e5
c5fdccd7
c6860f96
46caf30d
c65f3cd5
4784b5bd
c6166309
469071c0
c67b5071
c67baa85
467c268c
45e1eaa6
c6a1887d
c64b493c
45489cfa
4716be1f
c6b597a2
c752eeee
c77efa96
c7a05089
45c5d435
478414c8
476e9a56
c6300688
4603c0cb
470bba80
477a406e
47859cc4
c5194c8d
c73a0d38
c7539dc0
c62f63d8
c534263f
c7b6b959
45051c04
c5a92c0b
477128fe
c6559c3f
46a71e28
46b2d51e
c74d9d54
45f24f2e
4682f564
46a698ab
46b3a3e3
c572313e
45acbfbc
4452170f
45819bde
46854fb8
47432b0b
47540e6f
45c75b7d
c74628bb
46fcdbff
c70d4fbb
c770ed7c
c6a5d851
47ca35bc
466d4318
46ed3931
47130acb
46db080a
c752350d
c590b092
c6774861
470496bf
46558edd
4608ce56
4669aeff
c601e906
4646722f
46bd55dd
454d051c
c6851ec4
c7922ec6
4dfa981f
c785a3b9
c7430209
c6556936
47128e62
c701741a
45811bbd
c6dd40d8
c69f61fe
478f139c
c702f65d
c72eb1be
4752a2e7
c444e6be
46d6f276
46fa9cee
c6f66310
46a443b0
4689e556
c5d9cf51
c61f86bf
46d6d561
c797e4fd
4601b840
c6f5b0cf
c719664c
46cac524
c6e8dd6a
472f781c
c71accb5
c6c6d2b5
c70e4f43
46b0e3c2
c6809ae9
45342540
c728eda7
c74d82f3
c727503e
c69e4f2f
47256e53
4796b048
c742d8a2
c7a2b6e4
c39b567c
c6927a95
c65425b1
c491bc8f
c7b14bc4
c6ea57df
45865881
c6a23bd8
475a61a5
c3f880da
463cd132
4700c8a0
c63ad9de
4761967d
c70b5ecb
46deb2b8
45a05705
c70be033
c6b3ad7d
45ff34a6
c60d99c7
463e06ab
44ff382b
46fc9204
c3b235f8
466b4c7d
45c4e3b0
471da7ea
c6948144
46814cf5
c58056c0
46b23a25
c6b0ea34
c66f44f5
474fd286
46c91990
45b5ae1d
46acb924
c6bbb669
4517b447
45fd89a4
c67820fd
c6318c59
c5273410
c706bf3d
4733317d
46827b53
451adb85
c545e6ba
c728378e
46e90904
c750f637
c6b92778
472a0149
c57ad3ca
c510be66
c6fbc6d0
4615cc9c
c7372588
46ae5add
c78e7a3f
4605fc92
c70f9861
4793ba1b
c6a41337
42913d05
476870b2
c6cf4669
46e28a0e
c72f2d85
462d70c8
c7458e53
c78550d2
c74757e9
468f4e8f
c741d49d
c6b541e5
c643c407
453d71dc
c6f4d0ce
4666a264
c6e62198
4716d954
c68511cc
4701b572
c73f1344
4dfa9822
c5a5c3f0
4733f0b1
c718c975
c72af015
c767fbf3
c7367252
c7605b1a
469bef8c
45a84ca3
46c4d401
c6097f8a
46411cc1
c6442e6c
46e68fb1
47718381
47455bbf
c706acc3
c6e22d90
475a86ce
4666995a
c6a7db35
c7890bb6
47b547df
431f43c3
46dd0ddc
464c4fca
46c47291
46963fc7
c619a846
c5a4bfb0
4650b742
c6c7156f
c745d408
c7801f93
c73f9c12
c6cba8e7
c6d8786f
475dbc39
c60ea056
c6777544
c697cc64
46800e9a
c73f7885
c6913a89
45a01f6c
c5c5d686
c58c434c
c68c6938
46ed5b24
c6bd132e
c5c06a89
46e88f41
c5f40c06
c4076d4a
4651ef4b
c72db3b6
c70c87a2
c532e8a4
45bdf5ae
468b2214
45eed321
45d721d1
c73d8211
c730dd5c
46c3299a
460fd068
c7c861dc
c59ffe92
463ac829
471824c2
44e808ac
472e795f
c69afcaf
46d1925e
46057351
c630886c
c7c7cd79
46912780
c69fa1ad
c61eebe5
c631406f
c74ea04d
4706708b
44f43eb5
46bee879
c702876c
462041d0
c6356b24
c681900e
4678422d
46bf180f
45bdb97f
c67f1f15
c592b984
4799ecf5
472d7aff
c7e95d8c
c600811b
464f291f
c69c2396
46fc27e4
c7364800
c7162287
46b550d6
c655cfa9
c6bf8254
c640c9f2
46d37ed2
47094092
47034bb9
4417e587
c701f44d
c7529c97
4439bfa2
c757ca86
c505f43c
c6a00e68
47d0215d
c597373b
c714cf13
c7163cd4
c6b0ecf4
470eb910
c528686d
46ca0c8a
460edea8
c53ca54b
c6d9cdeb
4de3d01e
470b28ef
c6b3f108
4731f0b1
44a9c25c
46ec8903
4646bcd0
c6070e42
c6c7bfa0
c6a56f8f
46efb7b4
47173168
47301f11
468b849d
47051cc2
470feb0c
45a340c6
c6ccc167
c6057241
47804d6e
4668f24a
c70d27cd
c6624d03
46a043b8
c5f25142
44ac242b
4648e16a
428f914e
c6fbf801
c7038968
c663f925
476a7196
479a0bc7
46090873
c5542130
479d816c
46bb30b1
45badc4c
c78006da
c644724d
c777c2d5
4599b1cb
c7a0e39e
c65d2fd3
46c64bf1
4749479c
45aba3e8
c585c2b8
c6b4e4be
45fb7fe6
46688c0e
c71f3edd
c73de483
4719e806
4765b638
461f2c3c
c75619be
477d797f
c5a9665d
47f3e3e4
c7194832
4605fe80
c7253abf
45e7442d
c60725f1
47a00d40
458c68e3
c77962ea
46b7908d
c742d3f9
c69bfbb1
46881efa
c63e9be1
46eefa2a
c6282418
46a6075d
46e5f81c
471b58d9
46245f5f
47834cb3
46f0c912
4777ed9e
c5ee4142
4764c606
c654f18b
46b4e0f6
c7797f9e
c684454b
c60b9e43
468d9668
c680992d
476abe33
c719d581
47599b44
4795e132
c6c30119
443953a0
46a19a1a
4779b77c
c76ab96e
472a81fd
c6a4da42
c697787e
4408d54e
c7165c80
4712adf8
45c5e27f
459d6d43
4420040f
4444ff98
c7831b22
45606f35
c5a3aa25
472c9b11
c66ca0e6
c676501d
470f043e
46b581a5
c62bb6b3
474d99f2
4680275a
46c7f502
c6812976
c75c373f
47727aae
c622a524
4737b142
45c8f4b0
c6d9544e
4dfa981f
461b5b0f
c7478c19
46d12187
c49bdf96
46815fac
c60200ad
47540425
c479636b
47717759
c73ff6a3
45e24782
4696810a
46a9c96b
c6c567ee
45143b47
45c3d44f
46375623
c6d62a7d
44f156ca
478baaca
c69ddd2d
476cd8df
c6df2070
c6d80f2e
c481a353
c6f5571a
c69dd4a1
4629c37a
4766ce37
47940741
46a04d4a
460144e9
c769a7df
c60e2423
4745c549
c6f40150
47714f5c
44889830
c6ba18f2
c5cf5127
c6dc087d
c6a255b1
c6a74d1f
45438389
c599b448
4747ff86
46f2d360
c6a8ef7c
c603599c
44b54b64
c6b4ef49
46d56fed
45365755
4784e13a
461b5a85
47176315
470da9ce
46edec18
c71beadc
4742ccaf
c78362c4
46871855
47b26d33
46ff33c6
466e4708
c6acc00f
c691240f
c4afa475
4731a6df
c696fb8f
47768ba0
c711f436
44df32c8
46961ed1
c6a7e30e
46e021a5
c5db8898
4721a94d
c78492dc
c6bf3fdd
c65ab6f5
c4da581c
c761979f
47044ade
462df298
c538965d
4763780c
46bebb4c
46504b4e
470fc768
c5b2cf03
c6b13997
47499824
c5dc5923
46c0efad
c5d1c8f4
c70361fa
477419dc
478e341d
47183d01
47296d6e
46d4acad
47458b62
4731441b
46bad2b3
c668c565
4744b82d
c6906e64
46140754
c5c276c0
c70f20ea
4703b8bf
c6e7ce05
c608f447
c694f180
465b3619
c699d520
475824f7
c6f8a51f
c794ba34
4626b905
c70d698a
468af2d1
c6783474
c6849740
471320d1
475e07dc
4763e261
4dfa9820
c68a6fdd
47097ce7
c1e9da59
c562fe7f
4787543c
45dfa685
c738acd5
4608337b
47b779c3
45a0ac1c
468a27f0
c5cc0995
42f389e0
46e817aa
47045c4c
c78e2926
46b50f19
c65e9cb9
4729d2ad
c72f9011
472b1351
c6834acb
46616af7
c581718e
c5aa3fee
c7af204c
45ef3717
47177d8f
471e0ba0
c69a6d1e
452aa0c2
c72e62b1
470e9e6f
c43d6438
469526af
468090b9
c725736f
c6aacb25
c74520ad
4764518d
47129072
4637a3e1
c6077332
447df784
c5472572
47064c0b
46a6ed1d
467e9090
466471fe
c5f10558
473d2091
45d89419
476f28e0
c5211477
c6615a3e
46b27c20
c71df2a4
c59d6eab
c6e8e7de
46daeb4e
c5bc4357
46f93e3e
4758ac81
471e08d0
c749a660
46143a5f
c67964a9
4531485b
c4ea7f3d
46f742e7
c613f5f1
46f96bc8
4749b49b
46f298d3
470790de
475b90c6
c588e3c8
c73e2dc6
c6dc4e0d
457fc575
4701d98f
4766007e
c71d1ad3
c6a065e9
c73fec78
4652c01c
469bae90
44d2b2db
c783a27b
c70b9ce7
45814cdc
46ca295e
46da4a74
c611d402
46b65ff2
4772f245
c6c1a842
4734004a
454d433d
c7396bfd
4716f3d4
c691a56e
c68c1342
c6cea3c2
c632bfda
465753f9
469ec311
c534a5c4
4614bdf5
46465635
4698e20a
c6c43eed
46938c0b
c5567523
c72edeb1
c6b48586
c6b4fa87
46ab4263
c74a3804
46a54718
c6d46aeb
468a5b32
c6feb65b
c733d282
c5494409
c75469b3
476b5e9c
c6815484
4de3d020
476a0474
46d4daf2
c6dd5116
c6ae7fd3
4757600e
c6cad1f8
4718428a
44d518a7
c768d772
4695fed2
467aa640
c78efe40
46fda6a0
c726b22c
46ee4549
4792feb5
c56daaf4
c6f95fb5
467ac44e
460716df
478d554c
47005de2
4643e35a
c73f8e6e
4747e33f
c6be6605
c52d98bb
47529e4e
47a4776a
c6b003b8
c63903f2
c694a30f
47648033
c7ba1e98
47329a28
c61cebc1
46809f6c
c62830b2
4743e30f
c665adcb
c6f2eafc
c7952e73
c69b886d
455af06d
c6f6ffd9
4582e836
c6be193d
c52b0f20
44bd1ef8
c7acbf77
c69da4e9
47351ea8
c6b7417e
c7681347
c498aa5b
4572b811
47839ea4
47210ec5
c52bde67
468cf829
47189593
c72c3567
454eeabb
c6986a12
c7dc6c11
c6226704
c71a4145
454234e2
464b32ff
470d94b5
c719a12f
c705d1b6
c71b480f
47048d7a
c7136ea7
45ce29ab
46a57b7e
c734b3b0
c7262736
c50bf8c7
c6fefc3f
c6f3714d
c760824d
c67bd474
c6b276d7
c71014c9
c5ea480e
c6aaaf6e
c780a52b
c594640c
4719990f
46e7d29d
c7732eba
4739fe84
440bc861
c6330293
474b2a30
454575df
477e93fe
458b72bc
c61ab176
c73b9a5e
456bc763
46620d38
c5c7cba4
46ab462f
47a2550c
478c9049
c74f0e84
467507c3
46a01266
45c08a4d
c68730eb
c71f8535
476e1eec
45868849
c624b1a4
c61ea313
c6047911
c6f5ca50
c75da99f
c744e2e5
c7be96ef
c70d3a00
c5e77e60
c71686ea
c6d5ac5c
42fbd4cb
4dfa981f
c1a0bc6c
4603b963
46d086ec
c580c392
c7e8f886
c620eccb
c6b83790
46eeddce
c5152c07
4553d1c1
43fd7cc4
46a091cc
c71852f7
44ddc7ab
470b16ec
470dbd05
c5879864
c718f24a
c6b2cba6
c6bc0ef5
c781f1cd
c6d675f1
c5775d34
c780aa3b
c6fb9a10
c778eafa
c7877e82
c66998ee
c76c9f29
c56e95be
c69a735f
c6e415cb
46c4e3f4
468ea0ac
46e2bde3
c74efe72
c754fc85
c61e9aaa
46f61359
4680c572
453e9f4b
c73d3bf6
c61d77ec
4738d69b
4599f9a4
c64e2790
46c17e18
c6d53b74
c6e64f9b
c67df147
46fb79a2
46d5e921
47485c9f
c7ba428d
476bca05
c77667f4
c7557ad7
c6d4bafd
c58aea7e
45b0519e
c72af017
c6a923e3
c75bbee0
c6d8d6fa
c7158966
45af6823
c6664bc7
c790d016
458542ea
c6d9733d
46aeb613
4713d7b0
c60d4949
46de9db8
46fad2f1
c67bd3df
c7070f94
c638dd7b
46970b50
c63600ab
c71627f0
46fa1162
462f2b61
c7241bcf
c716c6d3
c708e426
c7183f6c
46abc5ce
456c8ce8
c4d40dbb
47a6c10d
c4bf78a7
c581e40f
c72f3dd1
c29af3c3
c689ec8d
4745e46b
c697e8d1
c73795c1
46f7d9cb
471d235b
4640183e
c649a3e3
c53f2a20
c732c0ad
c6e2141c
47984556
46170a21
c70e3406
468595f1
4493cfbb
c639c63c
c6971e1d
45dcbd8c
c61ce0ca
c6b0c070
46cab59b
c446084f
c714c39f
468f7b74
45222896
c6b88d78
c7808bff
c60b4600
46264e5d
c6984087
c36d5fd2
c71917d9
4dfa9822
471822f0
45b121c3
472c0709
465dca6e
451ae375
466873b9
c69d4843
c69d28d6
c63a7bf2
45aa8e03
46a3a4d0
46f14560
44da6ba9
c72ab6b7
c72a91e0
c65bcb18
c6dca3ce
c7315445
c6e3c37c
475cfb0f
4715c51f
47a497ba
c761f287
463ef1b8
46a7472b
478fd0e6
4610a0ff
c65763a0
47370f01
44b46428
47293913
469693a7
c7052653
462f0988
470083e5
470616c7
c65789e9
465c2100
c634210e
c73994e8
45a999ea
46276dda
c6afb1bc
c69905d1
47b5be10
c4bbe609
c4c10403
c6b18f61
c7152006
c6ab6ba7
c5db8768
c62c0d83
477714f0
c64642fe
46564121
45bb513a
c6182b45
c6ebb5c7
47544fc4
47851a9c
45f6ef29
c735b5ef
c78f49a8
47002f66
46518ac3
477a649a
46d2b9f7
470ba6bd
468eabca
c60402b2
46528ec1
474e7893
470be209
c4e82371
c6eeac60
45d76848
46e7f439
47384db6
c59b4c86
441b9f01
c6563013
479333fe
c776ef0b
474c9e31
c5ab5b98
c798efbc
c5217173
4706fe3b
c78f0358
46acae13
46929137
4561f0a5
c702c185
451623f0
c7437f68
472b53dc
c707d352
c7551ee5
c60e5656
472791bf
44fd5236
468a308f
c6a52a31
c721d22e
c73b0561
c61e4edb
471fcf00
c41321b1
4727d83b
4597df4b
c652092d
47303510
c6186d25
46b67a5d
46d3ae28
c73147ca
473868d9
c6b75275
459ca5d3
c70d51c3
c72b9c0c
469ec392
c702dc69
c6c74cfd
46a47bc5
c786a0db
c753e189
c60c84c1
4de3d01e
c65f186b
c4ec8e1d
469619fe
c75cf530
c6c95847
461c069f
c69502b1
c6e5c863
46c698d6
c4afb049
c714799a
c773f6fb
c5f89ef8
c70ecbd0
471a571d
c72bdd80
45938aaf
46607f77
47546f88
46926c90
c6f28cf9
c5ff2f5d
46c47c29
c6e87fff
c630e0f7
46ae9543
c736a4fa
46a7f493
c59574b7
479a1657
47686026
c731c1d2
c5104983
468daf8e
46cd23b7
c6741580
c63c3ffd
476c9ad6
c6677f5f
c67a8d68
46280c47
c71b1fa4
4701f3d8
c76f8301
c74f788c
c720dd84
45f944b0
4624a3ee
46a420a0
c7aad4df
47a2481f
46afd738
474feedf
47410b4d
c6d0b4a5
c7789f0d
c66351de
476609c7
472d13c9
c641408f
46863360
c788d82d
478599b9
473ced51
47554b94
46587546
c5c082ef
45c66be7
c699be13
c7738a41
c65dc028
4713fae3
475fed18
c5c7f6a2
c5f785e2
471f7552
c7802984
4694c082
c4fdc306
c7902a2f
46e6cd2f
4789698f
c73f2ceb
472c3c85
c6ab15a4
462c77d0
47909d2a
47009c6e
46412857
c68a1e55
c443426e
473c4419
c73d2199
c5228e46
440374ea
4704dc75
46cf24b9
462729fc
c69abb0b
4785746a
4729bef2
44ee232c
467c0ed4
c77d52ed
46ed4e5a
4767eae9
476b6a87
45416778
461dfd07
c68578a9
469ef2b9
47582fff
4710e5ce
47477f0f
46d2d238
459eb420
c69de226
475ba435
46f99937
45c9bba5
4426698a
c69ff6fd
45ec8f5f
46e7d127
46e8209b
4533cef7
c74dba80
45b04700
4dfa981c
c6998295
46cf6f5d
463d4246
4748131e
45c1b5b5
c76c7c15
46fa71a3
46c7aee3
46018021
c7277569
476b404a
47e33e13
47794328
c6b18079
464ed5d0
464ea0bf
46e50afa
479df0fe
471cd560
47690b8b
c73cf70a
c5b42379
46901cf5
46f031e3
c6bacd0f
c6fa1921
c65eaa40
475543dd
c550de5c
4769b624
c4ae4b5a
459fb903
4529b013
4687076c
c5818d7d
47178210
470d060e
47381ce0
4415b713
45675902
c69b56bb
46c45d27
c5a02283
c65b7e38
474282ce
c7141d9a
c6eec0d9
47787971
46914536
43be6114
c714f652
c4876c8e
460213e1
45476bfc
465759f8
4673b4c6
475ec7d9
46699d8e
472d4269
478cbda5
45a849f7
c6ee1086
c7307d92
c7946a64
c687cbbd
4320302c
c71e08f4
c75a86e2
46e2f120
47804260
46397947
45bf05ac
c7364783
c6d41c01
46531c0b
c6b421ce
46cc367d
c4aef0a2
44d8a917
45a22210
c68ef27f
c7935f39
c70bb224
46c034f0
47600c7c
46ae139b
c7541ab6
c71e0d8c
c70c3ff1
c6094ba0
c6a1e753
46a7dda4
468ea6eb
c735611c
474d96b2
c6db0c49
c6e1229a
478cc856
4687446d
c5cda8c9
c6d1ebbb
46ecfcae
c700dcc0
475ee2bf
c708c095
473f08c0
46681359
c691de69
465cc7fd
46991320
469c5f08
c2b2b2cd
45f6d367
46dea77c
c7751e86
c5deb366
47635d22
474388b4
43a15832
c6e3eb77
c5e26405
458f8003
46e176bf
c5fe3ddd
468822e9
c733d1e1
4671cc5c
47adfcc8
4dfa9822
471a9eb6
c6cc1ffa
473279b6
44f82593
c63f2954
c55de337
c6513e85
46a155eb
4733331b
c6960b6c
c6c13ca7
47069280
c5b26cf9
c6c12d5f
47b51c48
c6c16899
46b19855
c6f4eb76
47bbad8d
c7417bf8
c71c96fc
472ccbf8
4605b04c
c69b3e7e
c7064fe8
c720bf76
46a714a0
c76cc027
467ffacb
46f7ff5d
46e2e6b1
46d9cc8d
c776fc81
47978f2d
4702d8c4
47615c9c
46842b92
44909233
46e8bf71
45e8d2a7
47378c5a
46c5be89
462d74d7
c6a50021
c601b1ee
46f06082
46259245
476bf055
47393c96
47216d1e
47653607
c7739adb
467461c2
c630b4c4
c7988907
4694052f
469fa7f3
c59217ba
c7b5ccc9
c6bada4b
464f3e46
472868b3
459304a5
c765986a
471af9a8
c52ab0c1
c6f2caf1
46f31b18
45e13cb9
c720bc6d
c6093008
c684a536
47170663
c3efe0fd
4771bbc8
45a35e53
4798517e
c75dc04d
474572eb
4738b9d9
c7029ad9
c7196a4d
c66d4586
c4269699
46803b4e
c70f9a40
c70ddddc
c70d3b6a
c5d15145
c7ae9ac4
c614907d
467b83bd
479aa6a2
46a8f771
c696240c
472a9b4b
c6871f95
4789a432
46877d75
4782e22b
c6238cf7
47282e94
c6dbe826
c632e409
47151844
c691e11e
4626fa39
47aff327
c7242156
4711fe09
c775917a
c6da9a87
459de61c
c6b514b5
4798dbfb
4685e702
c5a12b07
c71cc6a5
c6e78108
c6322e53
c721f1a0
476c27af
c7258c37
c6d857ca
4611287f
46a4cc45
c53ffe30
46f720fb
4de3d01d
c5e22f94
c6d538d7
c7176f34
4702a383
c752f9bb
c75a23de
46e0861d
46d0b014
c55dfd3a
470eb9b6
c4bc1e7d
c66f48eb
4681eff9
44822a8d
47227db1
c6b36bd7
c786c251
c7924e61
c7815e34
4681d954
46bd385a
47a56f3c
479606a1
c704d3ec
c6a0b663
4650ed34
470a8cae
c6e85be8
c583fb36
46e9037f
c75cc3b4
476fe118
c718e8cf
470510f0
46a8f058
46d2d306
c6565820
47ace3d3
467b1fcf
c5beca82
c649e1a2
c729b235
c6d72373
461b5d8f
c4cdbc0a
471cccdc
47267d6e
c736382e
4683d6a3
c69345d5
c7456ad3
45f7f73f
4544c467
46fd7274
4709ae8f
c6e332ed
44b87725
45fc3bdb
4701bf9f
4743ebd8
46b4e756
c5ba37c5
c79e8864
469b8ed6
c67d92f4
c6ca5649
c5cec512
c7412287
479a073e
c793dd10
462032c4
c5ae37a7
46fdd513
4761379f
c6d7f13a
451e165c
c70cc5ff
c65bc332
46df90b0
c73a3aef
c503154d
460e41f3
46cdc572
46ec1acb
4615e4ce
c6d6228f
c643c18a
c7460bb8
449f409c
c6fdaab0
c7022a11
46a00410
c76e0112
c78328f9
47357869
c6e2350d
c6336577
c5f3afb9
c6fbbc2d
c63fa23c
c723f49a
c6884066
42e7e6f0
46b8953d
c6529442
c7346f5c
468e668f
c71fcae1
c749c059
c5668651
c700593b
c69c00a3
45dbac18
478fb044
467203be
c6ebe64a
4777cca3
46404975
c680b441
c75a734e
c744c89a
4560d99c
c7768454
c71e37d5
45d9cd57
c7d99e03
467f9658
478296b1
4dfa981e
4757d7b7
46ca2b01
c7338759
45e54d59
c6c9dcd3
47679e2e
47307587
c7777359
471d00d9
c7196882
c7ca0c42
c6ac1ff3
4745910d
c5ae18a7
c646dfd9
46905189
c51c876b
46b73a96
4531c266
c611d1d7
46f861d7
c68a82fb
c5afdffa
c76e8012
4522e813
c64418cf
46b51b3d
c6179199
c6de88ad
c76343f4
47361470
46f37b4c
c5e2f5b5
c6fb4084
46656835
c6e24da3
c7180882
c6216974
c66a7b2c
c6a444b0
c722e839
c749296b
4541081b
c579308c
c6cc4509
457c159c
c6cda361
c692f90b
476b1b31
46b2e3ca
465c2f61
c6e467a1
c612f60d
47921e25
478438a6
47e124a9
c6c58f4c
c6208792
c632c8a6
4591ac10
47c5621b
45fe61b0
46ac551a
c653455d
465df045
c7b0d076
47a425d8
467ff3b5
45d5727e
4607d79a
463b99dd
47915ca9
474a063f
46cd48d8
c7077b3e
4782078a
4640477a
4723c0de
46754f21
c70ecf21
471ffea1
c644d4ea
c6ea676d
c31a141c
47bc262f
c74cee79
c75dd1ad
c68bc888
472d8a91
c64e815a
46e63c61
4685a1fa
c71c9a71
c75b5ba0
4676f489
47251f40
46ffdb23
c6a3b3c2
c705206d
c6e43ea0
4688cb13
c5ce7d97
c7327868
c6ef4e9b
c4cea210
4610a5b0
c688494b
c635be18
46c81299
c7a3492e
46b87df2
477da524
46816bce
c7179247
4758382a
c7732192
c6aab647
45182a7c
c6f1cfd9
473600de
466325ad
c7bd552c
460ede65
c5f33d76
474985ca
474c9a17
c5a83adf
c6dc362d
4de3d020
c6610df3
469a4ba2
46ca9124
c7268b51
c7038d79
c6a33b9d
4687ef3c
c62d1d89
46e04de6
4710fc28
4728cb59
45f568be
46d17838
474d2cdf
c6939b9e
470d4b43
c7044ffa
c790db01
c5e1bcf7
46b5f2b2
465882d1
c72568d7
477a07ac
c7205924
4738185e
c70bdc52
c625227f
46cc5c7e
c69d03c4
c68494c6
c642bd04
c6296eda
c70a280c
478d22fb
c753dd6d
c60d85bb
46437ada
46cedd18
c64eccc2
c74a9d90
c71b006e
c6f76337
c677a323
c70f81ff
c682fb19
c7cc2785
46f96fcb
c67d6d48
462d6557
47150ebe
473b1c41
4660c402
c5575688
46bfb800
c6a9f2ab
c73bf4bd
45d0538c
c74ca625
c73edf91
c74d7486
c5e04629
c69659d3
c713ea15
c2d559e0
47a2de8a
46a2be85
47026d5b
c7076456
c7215fef
c6da77dc
46e81a84
c6c2f900
45a9e73d
c489e2ea
4407d58e
c6872442
c73d20b3
473094b0
4698f04e
c775c01c
461d7873
460acbea
45ae182f
c791477c
c72af735
c6d196f7
468296d3
459ef517
c7431b60
c5a96493
c669a4e3
c56bedfa
c6e07cdc
c6db3750
464d6007
4660ae33
c70dc12f
c6982580
c5d73b9a
46cdce8d
455e9077
46e68fdb
46d7f535
47143aca
46b223e2
c75be6bf
45e5669e
475cc3e5
47201574
c7719879
473b2f36
468c70a8
c7269443
46db3690
47085867
c5e2401a
47076d64
c69be55f
461cc7df
4763b0cd
46bf8855
4785e94c
46978528
c66e2b4d
473f18bb
472954ac
45cf1c32
4713ba1e
4de3d01e
477e004d
c68c5a98
4574c4bd
468cf587
46ce1f32
47289d6b
4720e8b5
c78f79a3
47334e37
4529b7cb
c783c3f4
46997de0
4717d619
c591064d
43a761bd
473dfd6f
c5a6ea97
c6ea6ce6
45bc828c
c71cbec5
c72d0f53
c7817d29
47263534
c4a94066
c73a7c69
472dc5a7
468b3479
4762f02d
44e687b1
c6c8f37c
4688a9d7
4796da07
c719102c
c65b6897
455e4a34
47edcfea
471d0097
4702128c
c586475b
47a11559
c6bc7a63
47b9ca5f
46d226e4
c642c8a3
478cb7a0
471640f7
460aa02a
c7504f12
465e61b4
4701a084
4750ffe3
4692e2e5
473645a2
c6e5b2ba
c6c52ab0
c6531c4a
c61dee95
c71f8f0c
46a0f45c
45271253
4706f1ae
c63cc898
c728c04f
472dde19
44d263d1
449033fd
4771ccfb
c6c4a26f
46637677
46976434
47098bd2
4750ddc2
c7953779
c702b069
c6ab7437
44a2ba0f
449e4e6e
c672404d
c7871ed6
c735a8b7
47338256
472784c5
462a011d
4748d7e8
c70981f9
c4c37af2
46cca59d
47021f77
c6869c32
c7347697
46e72f99
473ed3f3
c5ebe405
461ee486
471eecf3
c6e7ad33
47069793
4771e963
46a8f20e
469875fe
40ad6561
c4de2673
461c1337
46f5fcab
c6d922b6
c640654b
c59eb107
46d06786
c5b2038d
46b1315d
471830ea
467b3b1c
470fbf8b
46a144d5
c6e37234
c76c074e
c6f17fb1
c5a3ede0
46750b30
46761693
c72e3b78
c5920d46
4594ee12
c4ce146e
c570ceba
47972aa7
47005078
4789c68b
4dfa981d
c73957a6
4642a21b
c733c935
c6589ad7
47127f54
4750761d
4641ec1e
46090148
c784ad8d
46c945a3
46c2b11e
47acf2a8
47523a75
469d7cbb
478caa59
4677f8c9
461c004a
477b0a0e
474a474d
470dfa98
469ce111
469974f7
4640de95
46cfaa16
46bfe486
4653bb36
47286e65
4769fb99
47343ff2
4780cee5
c66f3e26
44a38b46
4712d8e8
46c6593c
45dea388
4691cb0c
4710c46b
c532de8d
c723e353
c71fc4aa
c59cb3c7
c6d53b81
c6d4ae4d
c6e60dad
c63b4ebe
472ffdd5
c7097043
47048552
c704cd38
c6dbbddc
c744dec6
c60d0200
c641e460
468955a7
c66dd5d9
c6a21ffa
c4c62bf5
4782b2ac
45200795
452694c6
c7b439f1
c73b44af
c6195aeb
c6c6af72
c6cabc7c
c7b7176b
454b06a4
4682dbd4
4661fabd
47426628
c7534289
47074c4b
4781028d
46595cd8
474c6882
c70afafd
c705b154
c68393f5
4712096e
459cf5b6
457a7f16
46ea785e
c6927d2b
46d10d90
478815cb
c688e990
469b4a19
46a515d8
478eaa6f
46b37073
c6075e53
c7081575
47060102
c4efcdf1
c70ef761
c72bdf96
473976b8
47068a6e
468cd746
47432e6c
c6115047
c68ea4d0
c6acc6dc
46b1dca5
46f8787a
450469ee
c72098ff
c6823b22
c5d10f4a
c60992b7
47248a1f
464dc840
477e4537
46737de2
46f7afc2
c694fd1d
438993ff
4538ff9e
474bae2e
c6250e22
461fe484
c5d2f366
46f26260
42f45c55
c6b1a5c0
45b64711
c5474693
c6e5dcc1
4de3d021
c62a3986
c6b10ead
462c7a6d
4738009b
471af9b5
47ae1670
45600c72
c6490cb4
47781dea
460a8fb1
46dd20c4
c5b993ed
467cb0b2
c6ccf533
46a54917
c77c8eed
477abdcb
c595e096
472b38b9
c5602b1c
c709a7be
45e0ec66
47259baa
c7004e18
c75364b8
c5d8669e
c6216ba0
4700f5b4
47a302d7
46946c2b
474f48ce
46e0fd3a
470fdc27
47159d47
46457c38
c51273f1
46142982
c5d2add9
4725a077
c53540c8
c7962146
47324082
c65244a2
c714d294
475c4632
c709ae5c
c5c853c6
4747eb54
46f3a379
c69c03b3
47ad23a6
c66bdea4
c602ab00
c6b56f7b
c79f8b32
c74b8a2d
472dbb77
473bfceb
471674e0
c7a1a43d
c7949350
c5936f4a
474b5674
469fa495
c73a2051
c5d71ed1
c7a2f153
c62e536d
46ec0830
c73c9ad6
466140d7
c7152dce
4686a5b2
46b2bc21
c5894fbd
c6805f71
c69bd994
4705fd11
c6ced239
c6d0b37c
c6543c53
c6a10677
c70b99ed
4785f5c1
47823b4b
4665beea
c785427c
c76bb3ab
4719b4fc
47255df7
c725ea72
c585f647
c69398da
c5cc2566
c6ba29e2
470ffdbc
c6c516f7
47784f06
471e0a12
c6d2dfcf
c6923a77
46a625cf
46c1517c
c6195127
c787186f
4623d3e6
4219f19a
47238c67
45588cdf
4523eb7e
477f119a
46d93426
46f245e9
4635ab15
4555ab1f
47b14046
c73b3c7a
c601947c
c7af81f1
4704ff8e
45e4ddfb
c5e83ccf
c778e125
c6ad03e2
472d27eb
c60a9bd4
c704d131
475d8723
4de3d027
c5914716
c6a4a3a1
c72ed2ef
470ff6e3
46cedbf3
c70ace51
c753500a
c771fe5c
4784c5c7
46d1fbe0
46ab26ca
473f2c75
c6a3bd64
c6041daa
472ee095
c6240dd1
c7521518
47885c99
c68b5110
47315b5d
c7759057
466bbd20
46c85a74
46064d6c
c754eeb5
c78a545e
c633795e
47925f49
473e983f
472ccb22
c6fd7d93
459ca4e2
454b6f6b
c55979da
478a07e7
c65267a2
46baa7b7
478e6daf
4743d85f
46fdb0ef
c61f52ef
c6dc6096
46846e69
4737faf4
c71c48b9
4534681d
c6eb431b
c76e5849
c6023bf1
4525e8a2
c663e3da
465742ed
c659d909
c4cb77be
46a9dfca
465123e8
c744a4ef
c797a035
c60562a3
46181d43
479db35d
c6c72ffb
c6e313f0
c5946e4c
479409b3
c578c705
c6838267
46db6479
c62d034e
c5f3c020
c6fdee6c
c5504c44
45f9d1a7
c6b8b8b0
c7c2cbaa
c6cc4094
c74bc75f
468fc4e9
c5c7d01f
46f91894
c5fdd904
c75ef138
c703ba68
c6aac5fe
c6d5c7f4
45d13c9c
c44e253a
c7052f87
c7654785
c692c5c2
c6b4cfb6
4614ba17
c52cd633
c6c8b994
45cfb4c0
46e81032
47665234
473439fe
c6497dd8
c684235e
469bfff4
46ab5165
472d9371
c6af989a
471512a2
c7733411
46c82efa
c734f8d3
476a4868
46f15b39
451d427d
46ec9fa8
c72c20ee
478036c6
455669a0
47012492
c40ac624
c5911fef
c68ddf4f
c74d7d76
467fb7a5
c75c19fd
c6341026
c76939ca
478e3f1a
45833b55
46ac1c8a
46374c50
4dfa9820
4563766d
c67466d7
c676c694
4512b513
4713dfb2
c68aba5e
c60afc70
c6ee6589
463937e0
c63827b8
c63ed3da
c75bad18
4652e7d4
c6e8d380
474622ea
460b5f05
45e4198f
c71d6b8e
c7447bdc
c50e565f
4735e08c
c6d9c6b5
c676c301
c65bbea5
c5e27b30
46fc0ceb
c3c1b14d
43681fb5
c6e0f515
c71b64bf
c5ffe493
c63c95e3
c7c50ead
462e6f1d
46951196
c700437d
c5910c6f
4763c4ba
469e454e
c7710444
c70620da
478e2c37
4701f83c
c7b5158c
c7912699
4756f08d
46936a6a
c71b6a81
c6adca49
c7a02a26
c62662c1
c70ea167
472687d2
47969b30
46c3a027
c74004ca
47afe914
46b04ceb
c71009fb
c69a28b6
46ebee6e
c72bb790
c74cefca
c692a078
c68cf9d2
45bda56d
c6252405
4744473d
c7909820
47060aa2
45af715b
46a13e99
473b9e29
46758e5c
46769be9
c6434a2b
4700c8b2
c7756bad
c773569b
4643ed41
c735f08b
469774b6
472a3c4a
4659bc3e
46e71c24
c7000514
c66f214e
478b2e79
47afd9cc
47bf8c74
c6b1ad08
c624290c
47179b2f
44aa7298
46e126dc
46a4c34b
c730d4f9
476c8471
47567333
44fdecd4
c74a45c6
475af315
c768ff81
c56f433c
c6b618f8
47656eea
472ee19e
c6365499
46a23c04
47638a7c
c6907c67
c76f7098
c79b9176
4727d14d
c730c14f
47623fa4
4773f0e0
4721561f
c50bd2b4
c771ca3d
c593c7cf
c78429d3
c5e0f49d
46c5c312
47d45a29
c6b523af
474c11cf
c70b0a6d
4de3d01e
c74dbe65
c5546266
464606a4
c6daf644
46e911e7
46fbe15c
c66ed43a
c646de8f
4656a6b2
c713a381
c65d0e1e
4794f055
479dc8d7
c781695e
c745098c
c6b61432
445d6719
479268e9
c6a7e772
45d1ff49
c7ab0bc1
45b81e0e
c68d4fe8
c69a9834
c6a1a6a5
c6d25e4c
469a513b
c696d736
c4444758
4761c303
c6803df2
45b1ccb9
c6746327
c5e104f5
c6dea4c4
c726a3a4
4692ccfe
4518fcb3
c60d7de9
4610e78a
472dea80
4666f7a6
c7433c9d
c4f626e7
c7261ce6
4789eac4
4769ecab
c701d50b
c79e7fc3
c69d11a5
c7581734
478687a4
c6bff31c
c6839025
c630fb17
46b5297d
c7838f79
c70f9608
c738f538
46792871
470b1526
c34a0868
469c27c4
c6d4a5bd
c64bb0da
c5d85037
465761a4
c65bb042
c4994f4b
c6996c39
c7187a32
47b5f9d1
c70db0f8
c755e554
c74256bd
46a5f028
478d10aa
45d9f5d7
c701ba1e
c79065ec
c715eac6
46b61e98
430e2c8b
477ea2db
47052c3f
45c19c9f
c781ca78
c4a25398
4691d254
c627ef49
4711be27
c721c016
466b2a3c
46df7d44
470de617
47156e6d
c6b92d6f
4682ada4
45e1f84c
469125bd
c6c191f5
46092281
c6c93824
c6fce7b2
c77ea1ec
470d19c7
46fdb723
4568d792
c609b27b
46e947a5
c458e24c
46f54d90
466b3619
476a7099
470f14d6
46fbf73e
c699c898
c529252f
c66ca2ba
c6f4945f
463ffcf6
c69933ce
c64aeb69
46936c2c
c393fd62
c70f1989
c778127b
c690144f
4de3d01f
459daec0
c57bb777
c657eef3
c6e4818a
c543cde6
c633b446
4528aeb4
c5e745f9
c62e0936
c5fbfec2
47329ae9
45c431cc
c749a05f
c7174c7d
c5eec73a
474cc2b9
471f8040
c5e9dcc1
4745ae41
c69dc18f
46d501fb
467fda03
c73ed090
c7234617
476a90e3
44eb7775
c3add9ba
4675c9f2
c73b2b0d
46b6f413
c6a1ef92
471b8bfe
c5674d76
45c7380e
471286c5
c6e92662
4727b9d5
45682071
46796197
47843d85
c775fabf
c7ac248e
c7108ea5
47169d24
4619f42a
465b6692
472b5887
c56ebd2b
453c8f5d
c726a36a
46c1819d
46fb76ff
460dbcb6
46bb9a89
c68b141d
4722e098
4496b38c
c61415e0
46dd98ff
c651914a
c70a5412
4526ed0b
4744df6f
4624a0b7
46867846
4642c82e
c742de57
c69544b6
c5e3c17a
c70330a6
46a4422b
c70b9ac9
4654223d
4621e431
46026e13
c6eb90e3
c685eed7
459416fe
c7075da2
474237e2
47869752
c6f83565
4656b252
c54f6134
47124382
46917ef1
c657cb1f
47195113
471af68b
47f87230
46de2ef9
46e9cf34
472e462a
c700300b
47587e7c
c5bae8c1
47440543
c6a1ade3
45d26332
47934de4
c6c4916b
c71d6691
47629275
c5a954bf
467343ae
c7394193
472a845a
c7816de0
455250dd
46037801
46499ec9
4650668b
46189019
46baa6b3
c667bc6f
c69519ba
c6074184
c711b45f
44e24996
46fc66eb
c7001279
47cbd4f1
c6f0889b
4714d4b7
451d3f09
c7352315
47001448
460d2944
4dfa9825
c738981d
46fa2e20
472fda31
46ebfaba
46b20b36
476117c2
45c1ff6e
c7a38918
474318ed
4752c4b1
47027e31
c727ecb9
c5def8b6
c61584db
c78ef081
c61117a2
47d2a0df
46e8daaa
475f1fcc
469c2435
46b2cb43
c6b28ad3
476288db
47149f88
c67defc1
45bb723a
c609f81c
4749b2d0
47a59d1c
46821e9f
46bc7296
c6654b95
c73b7a1c
46a02b64
46950fa4
47199627
46846d15
47444d65
47022bd5
47060c76
c6e6d191
c54d62dc
c7475261
c77d4739
47607363
c71431d8
c58971bb
c7060fff
c5ad02f4
4507a346
46eae53e
47169b11
c64abb60
c68172b1
46a842e0
46af9a46
c71504d6
474cff38
46ce085c
c5ef6569
467617a9
46955b0b
47456532
4783137f
45d67165
4653d0e3
4689d624
c76ed8bb
c6ac67b4
4701533f
462b220d
463e82e1
c6f027ad
46748d1c
c5ab8f09
46be2ef8
c5fec289
46a55cba
c4167c32
c703ace4
4632ea4b
4710f071
46f14711
465cfb0e
46831a98
46d94d97
47722df1
4700cdb8
c7010bae
43d73096
46d387ae
450a33ad
475fdbcf
47813e0f
c68f3ec1
c748f06b
c72af187
c731b89c
45a611d2
474b4ec6
c677f19f
c63b6749
c4988901
45c4d6c1
c4e258aa
c65be8d3
c626b1c8
471897cb
c68ab9da
c6d5f7c7
c710e1d7
c6776629
4505a750
46e5f2ec
c4ae7ce2
c6a39092
465d3fd7
46860cb0
c7b13062
c581c596
47a324c9
47458799
4306015b
450f2a80
c7428cb5
c7084be0
c772f7d6
4749544b
4de3d01f
c6946fba
45b524a3
c7a101c2
47445438
c592cbeb
c611ce21
c5b0c1d1
c69bc96e
c71c2667
46b94601
c6d91062
47910f51
c6b841bf
46a4cb4b
c56c7e27
470e91e5
c62759e8
4531147b
c70a462d
c72b3231
c559bf8a
47886fed
c673f790
c6f87c0f
4601d87c
c6f3d0da
c7286932
46077cce
c72a6623
46cbf3fc
c70dc8e6
c6f86285
45d2459f
c67dae22
c66d4a65
473d0200
c6f8c410
c73619bc
4704863c
4782ac57
c6c0dec5
45e7ad3f
4628cab3
c778a853
c5355880
c6321146
472ecf94
46b42b5b
c702eac5
46536cdd
c7599779
4728137e
c72fa98c
c616d9fd
c5959658
c77bf0b7
46fd23cb
c619eee3
46489d19
c7726a85
c618f03c
c5effcdd
467abbfd
46d03443
c55a3760
4643fd07
c6d9265e
46036026
c72bd378
c6dd67f7
c707d37b
c66d18ce
c75458fc
46f63ffc
4706ab5f
c6da9a61
476902d0
46d494ad
47223d61
c621e2c0
c730a636
c6f5ceab
c70428c6
c75659eb
c70895df
c7854c24
c5ca4dd1
46de2990
46833bf2
c72e833f
46167349
c72abef5
c719aa48
46f9f1d9
46fe6568
45d66c82
46011292
46b129dc
c6ef615e
46efdff5
461dd051
c6726df0
47b49f19
46ea0eb2
47554e5b
47788e6c
c72c6c01
46c0b050
c6b30723
46dd9ff2
473f8786
45d113bb
c73766f0
c6b71b71
c76aae2a
47106424
c5fc3586
46d5a269
47027242
47921570
47201f02
468537d5
c77f50fc
c6b0bbf2
4780fb27
47385280
4704d4a5
47177dbb
4de3d01b
466403ca
467de9df
46bbb08b
c78a60d0
4717176a
478075cb
465b9b1d
c6a7f64d
45eb7ed9
46a353ff
478bbbf7
445796b7
469f0620
c6ac1227
c55373c1
c6e9bc82
46033caa
c6f2b9f0
4744fe0c
c792efbd
46fe19d3
c5a02ef2
4586a731
4772bd62
c781f17f
478303b7
c6a2ce31
46e4b172
4622cd59
c73dddab
c7897c97
c6b1a578
44513d1e
c6b441eb
46cd0fe4
c75df862
c727785e
46d1e34d
4665861d
462943d0
46ae7870
c5761710
c3f0c9a0
c67a1bde
c70f61a0
c5173c90
479160a7
c77b4147
46f7a10c
c777d4ed
c6b57a8c
c66c50ae
4446dfe3
c67ef006
46b10187
46d3a79e
c668ff0a
c76eef8d
c70baa85
c7528bfe
c6837090
c76c8d4c
c6e190ce
474f9021
c7220b73
c6f986b5
c4ad7a28
c717897c
46b03ecd
45a005b0
460b59ba
c72eaa24
46e4ff3d
c6bb9d7f
c57fc29f
470560c4
466454b2
c6c308e6
458c65a4
c6f814f8
4705d582
c71fd73a
c5b60e2e
c742ad7b
470ef689
44114260
c7761bb5
c68c3d5b
c607a196
475c5536
4632cdc8
46ca9a04
46b2b404
465c7aa5
46ddc29a
c684499e
c644add2
c71d8f61
c6e6b077
4643ad9e
c6e393d3
c780913f
c7987752
46c50b7c
c595ebd7
4695f64f
c4aa54f7
4789db7d
c71e42e5
c7963252
473409a8
4507dff8
46265cf7
46e0f286
43b7a1f4
47353c58
46a104ca
46ed8d50
45a6c86b
47793ca9
c7171007
c6959fd9
471c5d33
c6e1b28c
c763902e
478a6aac
c773e59a
c7179946
4dfa981f
450bbce6
472afc08
46ecdabf
464adfbb
c678e4db
c75d6569
c65b6600
c69af631
c689c0d4
c715d525
478a66a9
473e4e74
c7827b6a
c68536cf
c6d75ec8
4702d597
c7c829a6
4689c6b6
c76ab31e
47822fc4
c6463ee7
c708eef3
c6d967ba
46bb1310
c6c52d35
47a86bcc
c5d22988
458d10e8
c470575f
c6b2bc3b
46fbdd71
c50e23ae
466a40fc
c6d80aca
c6a57b25
c7239cde
c69ac5c5
4657b3c7
c76836fb
c7995c88
4521db3a
46a0fea5
47aa8350
45f5dc8c
c5996109
c61fd912
c6d5d78f
c71f507d
c6e4f047
471e0a58
c76d2279
463bcbc9
c52bdbfd
c6bdf135
c7957d33
c51a537b
476a6ad5
c631a88c
465e36f7
4673aefc
c6244011
46957220
c706a1a2
46c63d97
42ebc57b
c66f933a
469c16cc
43a5452d
4705d081
c5682d14
c7a2bc10
4702010c
c75a6ae3
47687fcd
c6d6285f
476b4cd5
471434b0
47113ca4
4770e429
46c8b9b7
c5d79ed4
4538484e
46a163e4
c6016067
46948c7a
c64b140e
471d0514
c759faab
445def82
473b4db9
c6629ba2
c5f1814c
c6fa94dc
478eb1ce
c5a40b71
47135ef2
461f869a
47965c10
4741c4b2
c64d071d
c6479d4b
47a9190f
c73fd1c4
460ac270
c6a9d824
4744ae55
c744d57b
c5f3a4a6
46312e58
c7009ae2
46b01872
c5d8dad7
44d2b3c2
c71ee44c
45f04404
46814ccf
46ed6c5f
4708d046
46c17071
c7580508
c6a88a83
c4b8f392
4780a9b7
47456a2b
c713ba4a
c6edf448
c6abf753
46aadadd
4de3d020
460ba54c
4692889a
c6fa3f08
c6739958
46a02e87
c6a51ab9
c6a30fa9
4758f96d
470e51cb
c6727614
c6b75004
c6908a61
466d4af1
46f737a3
469d4127
475d615d
4662e586
c4269434
4666f7b8
46019928
473c348e
c6d50a47
47422d9a
449ddb52
c783b146
46911146
c7bf99fb
c6a71d32
c56a0317
c68e513a
46aa953a
c6b8f3ac
46e1a51e
467e327c
46ec4029
c6b71c1d
4748f991
c786c20f
46f8048b
46b46794
471cd7c0
43e7b421
44f24423
c73badb1
c6ac6bd1
44235cb2
474576b2
452c3aa9
4797a047
c66eee23
c6d732b6
c53c13fc
47080c83
c7353d06
c75da897
c72b79d4
c6d51ec2
c76a43da
c52427f8
479f95d5
c4e2b728
c579e417
c736896d
46c09410
c736705e
c69291b4
461af3ae
c728fa13
c61945f1
c6c59371
4738d117
c6c8d94c
47551e83
c73f4e6f
466b276e
47419c84
c2b83770
4743f38a
475868ab
46854ddd
474dbab1
c676fa15
47944c29
c6327d48
450dae41
c7852561
45faeff7
4636878d
c74a008c
c772baae
c69b244c
468db89c
c740b8ae
46c623c1
4709a852
c70b2deb
47abb200
46f5c860
4529cb22
c63212da
476ea8fd
c6a21d0d
c69e6abc
47a64b1d
c7172e80
c73cbc4d
4718623b
4635efa6
c1eb1677
47361182
c58c5f7f
c6c2b121
c68062aa
c71ab13f
c6d649d2
c688fbba
46a0b55c
4751ce8d
c690bc7e
c64b3004
c73ab45c
c740d6ca
c6a7643b
4644d753
c6bffdc4
c5f3e8cc
469e36d9
c72519bc
4de3d021
c586f1e7
c6a948d7
462a495c
453d98e7
c70b08db
476433d0
c51345dc
46f5be88
c741149e
c6203b06
c63bcf54
47a6a51f
471a8385
c6845ec1
c6a97af0
46ac53e9
c6994694
4496011e
46a08cde
c6b6b56f
46875936
45c43b1d
47275c7e
47059fe2
c6dd5c0e
476dd021
46f830ce
c7bb0d9b
c766da82
46771a61
46c83f01
c6922d02
46eef35b
478c9fb0
46eb612a
c6f383be
c4d7841c
c7bc0354
46889469
c702c0fc
46a427e3
46a1f539
c6993a93
c6a2867a
c787ad24
45e1002f
46e19e39
46004959
c72c731b
c6673df8
c6bb3527
c60f1b17
45e1fd79
46a41cea
c6164570
c68697c3
c803592f
c52e5264
477a28e1
471efd04
46a92fc7
44dacdb2
47344fe0
46ac2f62
c69821b9
4693691d
c6769c78
c6d1b792
47b3fec7
c6fa7f47
472499ce
47164f6c
c65a5d82
c69bb417
4600452a
472db24c
c602e47a
c398cc14
c72631a0
4698d7f9
479a01fb
457a86fa
c50fe6e1
467b864b
c533fe3b
467b2b2e
c6a6f407
4718020d
4693d9d8
4756d393
c59bbd80
c6ad7708
466b36bf
4730cd97
c62ff635
c5856275
c6873ab0
458b825e
c7026494
46a868c8
c72a1c9f
c466e5ec
c6a62ad5
c727fce3
46899d1d
c6b413dc
c612b438
45eaf095
471de2a2
c74e502f
46d576d5
478403c7
c6e17a85
c6c3bf9e
c5b2076f
c55b3ab2
46901851
459b595d
c6687b65
46a7a74f
46e390dc
4604e02d
47282c71
c5b71395
4684d7c6
46399dea
c6b71d02
46f944ce
4dfa9822
c46d4c90
c61f729e
4720da56
472e15ba
47006112
46923711
47896e43
473d0e5e
c72c87f4
47670f29
45a3dd89
c65f83a8
46dfe0cb
c6b49289
c764af49
4784e473
470711ea
4702f3e3
c70a19f1
477b2e4a
c5da08b6
c6a9c1b2
46ef21ad
468025cd
47b38018
46706bef
c6e2e894
4714296f
c60757e6
c60a1b60
46877951
46fa7e0f
46b8601b
c4287ec0
46ee1508
477b66aa
c77db364
4603323c
46e14f32
47290521
c616f74d
45c1092e
469aa58a
469b9f63
47531abe
c75a7756
47488b08
c63254ee
4608906e
47574317
47c6fef4
467b3ae9
46c5c91b
c6754e6c
c695b05d
c6e71f61
c6e10737
c517fd70
45748a68
46a0f0ec
45277e57
4796bcca
456507dd
c799eace
46bc04cb
474a3935
c75733e2
c6a0a699
c645d619
c5b41c58
465d3ea4
c4e6caf5
c5d72e69
47493501
c74da284
c65d56ec
c6d20d7f
46fb5092
46467290
47028d6f
c71db83b
473fe4df
477db3b3
46ccce6f
c7459cdf
46cf117f
4724afed
c6808971
472fdd96
c66b90f9
c6bd82f7
c780a93a
4626a700
c632e85c
4693d3d5
45e81064
4793bc29
460b55bc
4658967a
45a6cdcd
c6f3d127
c6938805
c6f0d96c
469088d1
4726a7f7
4614eb07
c626594f
46ebf245
47200ba4
4745f173
4793bc0b
c6ae9582
c533d22d
c6f14255
c72b922c
463416c2
46a1a8e1
474a3f90
c502ad3a
46401838
472b4da7
46c009a3
4743b6c0
c69a9f75
c63baf94
c755c5af
4680818f
479e447a
4de3d020
441152c2
c7380873
c70293b5
c77fa16d
46de43ac
462f1967
c7008abe
c6b2ffc7
46252ea1
c4732efd
4756b03a
45371b54
c735ab23
4486260b
c61c5b2b
c6f3afb1
4745589a
465a1648
c73152e3
45868621
c6d508e1
c6f12eaa
46e4bb54
473deb6a
c63b7abf
c74460d1
46f881ac
c6781cde
4797dd0f
c695ad17
4581caf1
cdfa97e3
c7090783
c7583413
c76cc085
c55f30ff
c60b5c23
c672f4a3
4703fb6d
46cd31f2
45b1898e
c64d3482
c7a070a9
46d042ff
4682c1c9
471f2b65
c5e8e68a
4501be4e
c70f72ca
44fd7620
472ff5fc
46d6c838
c5e9b9af
c73a7134
46ebbb80
46acda0c
c783e40f
c665a201
467c5025
c4e0e3c1
46d1885c
47532443
468cc2cd
c6217198
c63bbfc5
c5f55878
c75ac43e
c77e433a
c626389d
c466659b
c7567494
c7af5726
47475539
c701d57a
c73f6498
4769d6da
c6125eda
4744aba6
c73a0a71
c5d8ae10
c588ece5
c6ff86ef
c6b867ca
c78a8aa2
c6b89981
470fec72
c7607e34
472f5128
4577831f
47143314
45cf1c9b
c7ca1197
c745e90f
c72c0623
46a07636
c60ac690
47035f08
c77c119c
46102420
c743e82c
c6cd3017
475eafad
46abdfd0
c584430d
c755d035
c6f6d94e
c78ed861
469f055a
4625f480
c685b68c
466d37d1
c7ca25ad
464a6636
4605a1d1
c75bfef9
c6d0c00c
46e2c417
c72fac1b
c646bed2
c7a24d9f
4724f423
c45d2cb2
464002ae
c7820508
c5923988
c6cac560
4707d1c2
c7a94ecc
4dfa9824
4709764e
472aa151
475c8bf7
472095ec
c59f9294
c5d06014
4467aa79
c6dc0e18
462a5599
473521a3
47235111
c6c421ca
c6cd0837
c52dda9e
4691a30d
46b252c8
c68458bf
45e49b01
c6b17774
c48eb71b
4676a089
46c79d1e
c6908e5e
4706047c
4754d611
4691f182
c6ea0eae
479f1451
46bc1535
c784fe3e
c64c8856
cdfa97de
477007db
47269efe
4760645c
4668c88d
46fb52c5
c6df950d
c761c6e3
c76abcf8
c785f279
c705c3bb
469aacad
c53f63b5
45e304ee
c59647b9
c661103f
c5c906f0
c723d8c7
c5df0ecf
46fa7649
4682b449
4604be85
c6a74382
c72cf5c7
c70d8027
c482751f
4598de08
c7a99ec4
47134ed9
462ae33d
c5e8c3e2
c4d74053
468e7d06
46cf1ba5
46643adc
45a9d2fd
c65038c3
c5d3124b
c614705f
46853996
47a219e8
4511408d
c59fd351
4684b2b7
458ad6fe
45956634
c79b0a59
470ab274
c718e5e0
462e8a27
c6dc1d6e
47979a01
c706e372
4586d288
c70de54d
c7481ad2
c78837c2
46b13177
46820b76
469afedd
45ab2e6e
c6e55036
c7c4ca49
c732b3c2
c6bfaaf0
4614a4aa
c6e4fb2c
4615dcb7
46a91b76
c7336c5d
4303c6a3
46ca5e44
c63e5c16
c531a54b
c6c9a273
459d2b13
c73ff49b
460310d6
c5c5342f
c79004d0
c636940c
c70be9aa
45d37eba
472d5f79
46c5cd78
c644214f
45dd3dc9
4636d4f6
c6bef94b
44f55b0d
4737a38f
46e7481d
47371d93
46c9a200
458aa649
c5d6b456
c6b46199
4dfa9822
c7b4f006
47204c97
c70fc2eb
c6d29da0
c78ddaab
c72c470c
46be475b
4703a1bc
46572c01
4634e13e
c68b216a
c4715f5f
c6e26481
c4bc6dfb
c6b295e3
45e703f9
46553e9e
44eb260b
c7053735
45112325
c6dcc593
c5f095b0
46960c9f
46a7cd36
4775691c
c6fc3455
46b8ceb5
c7053deb
c66a5399
471670b4
4642e921
cde3cfe1
c5959698
460d31c9
44ba2d4d
c5f9b1a7
44e29414
c5c1efa9
c60220f6
c73cf7e9
463dec81
c5b6567b
4744c726
c740036c
c6ce0d0e
45c93d2a
c64041be
470e7caa
46e32cd7
46c6962d
461caeb6
470d473a
47121b7c
46a5800f
42ac9596
47007f06
c63a8cf7
4718e019
46ec78e5
c71db7aa
c7676c8b
c59ea6ee
c714d72a
c79d6831
c6b0b52a
c777c021
4622c63c
c6fe25d6
46d6efab
c709883d
c6242063
c642257c
c6f10998
467a6502
c743a5f7
464e72b4
46888330
c742e380
c710b8d8
468b9323
c65095c9
c66a6198
c71a194b
46a809fe
c5bc16ec
c78c4018
c72ae2b2
46c98dc5
c7146a5a
472d3809
c72b2851
474802a3
c61f3934
464a0262
c6b78bce
4704ea9b
c505c92a
c6fc2fad
c6e307a6
c6b41f2b
c6865ace
c66fb35f
c6699b57
46973863
c74b0996
47629121
c5cff810
461a7988
474d2822
c707a78c
c3e00c30
47153dc8
472b48f4
45fb53ca
46b6ef54
4790cd4f
48048201
45a44ea2
c66d704c
4728a7d9
4586e95a
c797fb3e
457bb4fd
462eeac7
c7408e9e
47278d34
c6d4abb4
c621ff53
4de3d021
4701141c
c7154cfc
46ef0181
4504c194
c6b17a81
c51c5df4
461b564c
4751df9b
c6e1bd07
46cfe4a4
c78c5feb
47165112
c788c0e1
c6a9af6a
470d12dd
468b3683
470c65f0
c569cc78
46246e3c
45a3d6ac
c7826127
c6fab40d
c7083989
c5471062
c6e5f87e
c68b9f72
c61229c0
c72ab86c
45d73924
c6ac5318
c5a0d0fa
cdfa97e1
463f635c
c6d14466
c774ae81
c715d6b1
c7022bbf
c790c298
461e9bfe
468043b3
c7189622
478659ed
c752dc22
465b0e50
c5ebb29b
473cfb17
c7291dba
4703170e
46d85af5
c70b11e0
476203db
c65ea8c3
46f5a83a
46f7e1fa
c595bf74
c6c3509a
462278b6
46743ec2
4779ab8c
c7429609
453f555e
c59e4aae
41e6ad79
474034da
c6604e68
c5add1be
c652b051
4543fa14
c6f9c31c
47adb89b
44b634ff
c62089d8
4626c046
c70de291
c75c5eab
c69b1b5b
c79fb10e
470d025e
c6bc10f7
479adbc5
46dfd5f4
45dfcca4
46bc6b34
468c2047
c761cfa1
c65b7bf0
45b4d395
47240822
c694d34e
46f229a2
46b3c2e3
c7490826
4783783c
463c6242
c69f2261
c76ca4ed
472cbd31
c6dcb079
c720032f
c77c407f
c68aba77
c5f11591
46c6cade
477824aa
c6a1ba84
c734fe7a
4744cf7e
468b4c51
473e3a85
c3aced79
c62127b0
c5468cfd
46e1ecff
c640bed1
c78001d0
472af239
c6903046
468080cd
c626fd5c
c5ee7420
46c4e809
462ce6aa
4741a839
46dc2ed0
c6bdb7b7
46d0cc7f
c669c42a
45945476
4dfa981e
c65b5a99
4644c412
c6eff842
471c8d4b
465371ff
4732353e
c55a6ef3
c6b88640
c6bff6fe
c6892817
46b648a9
c6a307ae
46bfc900
46d7ca2a
c64ebbf0
46978e6e
4551e83c
473200a6
c6d3ee03
4707a61e
45b5f021
c3475dc9
457b7545
47226e04
c5aae21c
c6b7fa47
c6314c9d
4780ea3a
46ae1b22
4702b0a4
c334a2c7
cdfa97de
c576a8b1
4710d7ab
c71dcae5
c7a190ab
c59e1de0
47413f61
46958490
46da67fa
c76b0498
c5db3dc5
c6a8b505
466dfe29
4484ba44
46aaad1c
46961f25
467c87a1
47680daa
c49c227c
45b5c092
c70eadd6
466d71d5
46d2d7f8
4652607a
474f1fa8
4629273e
c61fb33e
46ff16f7
471104ed
46daf95c
c6cdffd6
c73de185
45831a52
463fdadb
461527b2
470a5b75
4782684f
c68b9d91
46912028
c49103c9
46bdb8fa
4780aba0
4728b5e8
467ca5f5
471420b0
475199da
c69baf13
c6f78420
462f96e4
c72de225
47388300
46e87810
c5968535
474c268a
46c4ec31
46edbcf5
473b8985
470d524f
c741c3f3
c73ef1a7
473b0b8f
47952d86
4787192d
46f9e75c
c729c237
c6e438b4
4663623a
4706d436
c712e6af
476f191d
44ac34dc
479b9afa
474f72ee
c5ac81c7
4717f2f7
4680304e
46742aa5
c7882f6d
c6a99813
462a36c5
4556aee9
c7925ef6
468bc6ed
46467a8f
c727ec36
47546029
45ee0525
47537ada
46b6aaa4
c7628e21
c68a4d85
c67b206d
47895024
c643066a
474710b5
458c2c07
c6942563
4dfa9822
467be0aa
46d8b8c6
c61b18dd
47691697
45b20133
c6c9f0c7
c3216e42
c779dd4e
469a63ac
46d66667
46b7d911
46e8340d
4631f8f7
c5c93583
c23c3172
45dab696
c6bb650a
c6a42d13
c67e957b
474f251e
c6082686
c50bcddc
472495fc
c74d5308
c5be5e2c
474f8625
45bc4608
46929aee
44b5fe04
461e9f41
462d1ad5
cde3cfdc
4702e675
46d6bd45
c51108a2
c5480805
c6955bec
c71708a2
c690bf62
c76d6940
c63c5777
45176505
c724264b
47117188
46905d18
45d7a8f7
c61e1b5a
c67c7e13
44707a83
c7288271
c68f8d59
c6624078
46de32b7
47546eaa
c6a3f306
c6f84f6a
46c90244
c6920c1d
c6f8a88f
c5273914
c68c9529
c702ef29
468bfeff
c6d35ff6
4680f418
c73cf89c
c65df10a
46a616d8
c7581e1d
46788604
c4d54850
4777fdce
c78aab93
46e1d2ee
4785ebd1
461e0cca
4744feab
c79aa1e7
c6119ccf
c71616d8
c5a66c5e
44c3d4ec
c72a8ec2
47370f94
46a9e05a
c78134ea
475bfe47
c6f3f234
475de76c
c7993c51
c715e166
46716866
4495d929
45c66f8c
c6c1719e
c515c3b1
46a0bdb2
46bb66df
c6a7a20d
c6e849f9
c7869046
471b99b9
c78c6123
46a723c3
c6823868
47842f3c
c69a13cd
c6b87574
47884493
c6200c9e
c6a4c30b
4751f627
47217ecd
465c55b0
4770064c
c526aa95
c6f0fab7
c63c6aac
c6d5ac2c
44144a73
c6dcf3d9
46e39d84
c62d1788
456b4596
c701f82c
c6b3aca4
46412c7a
c62c6a83
4de3d01e
c6feac7c
46b12500
c75a5b1d
c74b8b9b
46bf3e11
475eb794
4741ace3
466b15c4
c571a76b
4611b62e
46d07e1a
46904773
c5d7d482
468099d4
473480b6
47077223
c75d9dc0
c63b6059
464e31bf
c6cbb72a
45bca3a9
c71a81ca
4669bd6c
47bcb2ff
c6f3bd01
c717f388
c6709415
c6e1e157
c5cfcb97
433dd253
451aac91
cdfa97df
47a28ae5
c6b82677
c7028581
c6364283
c56d81fb
46456a99
c611e397
47107842
c6d38969
46d4df4b
46161597
c5e514db
c73782a4
c511810e
c68c9ef7
c7090584
c78d3f0e
c71a510b
c7832458
4727102b
c60cdda2
464aa757
468adf50
c78c447a
4600241f
460ddbf2
c605a4e0
c7860bbf
c681b375
c2a03667
4579dcbd
4780537f
c79c0314
4651c038
c6d6fb21
c5dc6ffd
c6fc2095
c753d118
47099882
c6af6d69
c698b257
c6f0a40a
4696b16b
c68d7b75
c7873297
46a4fbd3
c6a8c8a3
4706ba9a
c6438e46
475616da
44562c10
4656bdf7
468976e1
c71fc88e
c6cc9a5b
c6b9f092
c77d00dc
46903ba0
46c64f5f
c743b49f
c6d0f658
c704b387
c6cf8c89
476aca38
46626615
c74b8e49
c7229993
46e05f70
c628cf84
c68ff8d8
4787206c
c59387c6
45dd5d31
45e5cf18
46e6d07b
c716cace
c5711935
c5360208
c76a3c31
c744ff6e
c73244bb
c5e3f444
c72b5a5b
45d38322
c55e4d4a
c37ff77e
46d8f9b7
461f843a
c48266d1
462259ff
c71080be
c6315066
45cfbd1a
c7259e32
c751a365
c66b5de2
4dfa9821
c7648e4e
47150b3e
c57e144b
46f62acb
471d8a79
c73b399d
c724d86f
c5bbf366
468a6d9b
46351160
c6c9e38e
c6e93d89
468847e5
4779ad31
c6c1e17f
46bb6345
c6c42dbf
46cc38fe
c5c657af
c73b5a90
44c06531
c6cca829
472cb021
c621e48e
c6a319f0
45bb9585
462cc3c1
461d239b
463b4bb7
c761fb06
c744191d
cdfa97e1
467d5f2e
c6765915
c72aa74e
46bd0227
470c8c0a
c62e5427
4508c324
46cbcb95
45e65386
4684a9f1
45f2490d
456a3119
4631139f
c78e2691
471b42fa
c5663421
4706c883
c6c4c7e5
c66729a8
467e50b5
c7a9dc37
c6702467
c6bdcd75
47260807
c76f6430
c6c337e1
464a0d2a
c74d93a4
4710465d
c7405248
462bd186
c7894bf5
c75d77cc
4714890d
4700959d
c51e34b8
c58b55e9
c70782f7
4520a99c
c6945611
4747cf6c
47bedc01
c781ea70
4760242e
c5814cc8
c6b77ea1
c69a7a85
46fe8168
4631fb92
c66dd256
c4f32cd5
c70f64fd
c49dbb41
c724d5a0
c639ff9a
471952da
c6d94cb2
c6b58620
c5194e82
c66e7ea3
c78cc7e4
c6441351
c675ff20
46ef52e7
469c6d8b
47109c69
c73ed8d8
46b92344
c7456b21
473892ab
45858304
c71ef8e7
46a17bdd
c679a729
c6c90208
46c5dc90
c4b7ef07
474c9675
44826eaf
468bac95
c72701b8
470147e7
45feeddc
472948a0
47225071
46c82bc2
47d64c51
c6a49301
4677e5f7
467210de
c710ebfd
c69de62e
42a1214e
c52be627
47ae7906
46e20c96
4dfa9821
c74bbe23
c6616b3c
460fd188
45f4d293
c7332441
c5c6aea1
c78ec6f1
c5d2ae0b
c6b535da
c727a890
c7400a88
c6383699
458d9c9f
44f5351d
c74fdcb7
c7685b1d
c5e785e3
467e2334
45f10d6f
c66589fd
46990b94
4692ce76
c6c62b2f
474f3a16
45b4df73
c59b7e9c
c597cf05
45d49ead
c72bcfe6
471a97ef
4615ea6e
cde3cfe3
c42723f9
4615945c
c6ac6226
4611e8cf
c40baf63
c6f4317f
4719a15b
c763f743
c718b61d
47913f6f
467e9a69
c73ce4a8
473791a4
c7095b9c
c6b0c5e4
4743efb6
c581d87c
466911af
473061e2
46040119
c6ae3012
46f951cd
465899de
472c2c1b
46c773b6
4708b252
454424a3
46fca9d5
c6eacff9
46b29fde
4727f7ec
c697118e
471a3a1c
46dd02c7
47671b2b
4765b9b6
46ae2ae2
46ac935a
46cc199f
c6f8c28f
c605fb41
c5ea1d81
c7d02fc9
46b1de79
41d659e3
46a06107
45e43c8c
46e4a534
46fdd3cc
47cb2f09
4615cb7f
46136296
46076da9
c6b790b5
457af185
479659c0
c6867f3d
c6b48451
47803712
c6280c57
c7556912
c707123d
c684d2b2
46f7d87b
c69c23db
c783eba4
47a9bd76
474ba0f9
475becdf
c73ca7c2
478869f6
c3cdf275
467d23fa
c708a013
45c7b2d8
c6197344
4676f491
c67a3287
466d773c
47a219c0
47582844
c70b4c9d
c625716a
452e59b5
c68c77af
c72c0d45
47398780
c697b471
c6b35b37
c6e69c0c
470a72c3
c669223b
46ce485e
46fbdf23
c5db879d
c6dd633e
4de3d01b
47162d8d
c6e2750d
c6ee6d55
c63ebd87
c64bed18
c64b4863
c56f0c8d
46f16565
47339c26
c7b4f1bb
c5918033
4610b2bc
469729bb
45a6d785
46939ffa
c790ed07
c4996071
c69604ea
c6c893e6
c6d7c7ec
c612c0f4
c6cbc1ca
4715d3cd
46abb997
c5ff5997
46bacfb9
471c5de3
47250130
c7a89e25
471608d4
46455141
cdfa97e1
45fbf8f0
4775f0d0
46cf44a4
47211eb6
45fdee51
c70886aa
473c776d
c6c2c986
c6d0b785
471016eb
c65f6419
c5566df2
c73b9868
4698e4dc
c764a99f
c70dd751
c78cbad9
c730029b
474fd4c8
46b1c8d9
c547dee5
46bf8e26
46bacac0
46b6c924
46c74c80
47075e9f
46b9243b
45c91923
4756d3dd
4620f5bb
46aa93cd
46243186
475a7e63
c66526f6
c67f4c93
c6c76cb8
475ef6a2
c7206345
c628f18a
46b90db4
c5289de2
c7938330
45696351
477bef4d
4674f2ad
c5165820
c746647e
4599a531
4709462b
c742d0c9
461ce5ee
c4df57ec
4777726b
c788fea4
c6c78a0c
c741b619
47271739
c6d822c2
c5fedeb4
4600598d
468f21da
46ad83a9
c6fe800a
47a38bcb
4710a070
4737f366
46bf05fc
461ff08b
46157a03
c5946537
c67e711a
46753456
c6a1e732
46fce520
c73ffa9d
4744fa80
c74b157f
47326634
47021600
c66d4617
c51fd384
44af173e
472d1a4e
c5ee4353
46ae210c
c6289c41
4766985f
46948e28
c6b2152b
475569d7
46afbdea
47649193
44d8d9ec
470621b4
c7062931
46a99394
4dfa981d
c5bb3525
46d0213d
45b7e336
c644cd1d
c6dff00a
465e7d11
456327b8
44c37087
471b0d40
c7510ec1
470150f8
469d5bbc
47520ab4
451d4a8a
474a5117
46aebbb6
478e033b
450bb30e
47262b87
45b87291
c6594763
4791cb68
c6925cdd
464b271b
c71fc45e
c5ceb182
c6843963
470a5c1e
c65a8eb5
c797393d
c6118efe
cdfa97df
470b49a1
c70f11ce
4668206b
476bc163
c728cc74
45b1d95b
4709d836
46cc89b9
478366d7
c6abbd97
4703e2b0
46466337
c4f076c1
c71462d0
47049073
c72240dd
c5bcc93a
c71a5c1b
46808601
c780b32a
475c73df
c713da80
c5276355
c5f6f208
4788d271
44f68b2b
478b7771
c7855c9d
c4f93296
c6f560ec
c6647ecd
c5a816ba
c70bc60b
44aa768e
c623e5bc
c5b66666
477b354e
4581262d
4741cf79
c67dfdf9
c5c22c93
c69f9e74
c4d5ab0f
c3cbef6d
46ba224f
4770830e
c6f90152
c71485f8
460ed130
46eec23f
c138f89a
c67a52df
c66df0ca
4623c522
46a8d579
47524093
45d1af59
47aa1094
c6efcb04
c74c6a17
c74fb713
46aaf028
c684e26c
47219138
463e99b9
c507e4c5
45485dc8
c612023a
c74b369d
4642ebb1
c6414b8b
470f126e
c6b5ddb2
45b16a7f
46800030
44f85dd9
c6401c9e
474b8f0b
463e9d90
c760cdd6
c68fff16
474c1c6a
c7b23d7a
470ddba0
474ec2e6
c6349794
c731fdf1
c349d63e
c71baa19
46826211
478de7a1
c6772d7e
46c26aa3
45f4b714
46d5f5b5
4729165d
4dfa981c
c5b223da
46b662da
45b9d5c6
c436b7e3
470909c7
47805567
c70ab2b9
472a13f8
c7a3a34e
476108db
472bcb1a
c690d79e
46c03167
47a6968a
4631bd69
4753ea01
46c7a715
47963eb1
43217e48
476b4ffe
45863f2a
4722d5b5
c6f345b4
c50a3c19
4761e7a0
46172a17
c587b951
c5c2d5b4
4486b56f
c6a430f1
c77bd8c5
cde3cfdf
47945cd8
c60417df
c6b02c5f
c685fd0c
c6885ce2
473c87f0
c7256177
c680cb4e
47a2532f
c6788da0
c7d829da
c7800649
c284de3d
4710ad14
c692713b
c779f01f
c7119773
c79188d8
4716a2cd
47c05c4b
46f15106
c64968c3
463fee79
468204f3
c77962b7
c5c48ef7
479325fd
4654725b
c6ae331e
c58699d9
c68cc951
c59fdbfb
44b233d8
c7b9e2e0
4678ee82
46144f46
c7715364
c65c8bd3
c77787e9
470bd64d
c7582c96
45748ede
c6bb0b2a
474ce8bd
c655ed42
c485991b
4497362a
c5437698
c68c4ec0
46e4dd1b
46ff2a43
4738eb9d
c5388c48
46e93dc7
4523428a
c6c4dfdf
c71e756b
c6b8285f
459a5e76
47a98b93
44dc00a6
46fd46ee
c72428ba
c7519839
c74ac5f7
4625fdfa
46ab7d7a
c760b95f
445b796e
474ffc24
c7054d06
c60a2d8f
c6408f8d
461006be
c726175b
453774c7
c6723519
c6cdfcfb
46e54772
c4ed4803
c70d47ff
45e0d3b8
46c7ed67
4727ff41
4610f141
4699b6b5
44de49fa
46185677
c676dd9a
c6fc7856
c6f980b1
c6914f7f
45ae93f2
45f90d5b
4735ce20
470302b5
4de3d020
c6ac4d81
c66dfe77
c62e1d88
46e40587
463c8595
46467c6c
c616df1d
46973fc3
c7b77f85
45d17fc2
475f014b
4587709d
4713bcf2
c60d833b
46c6c804
477ab86f
47739f48
474901d0
c78eb433
474bd3d2
c608b361
c693fafa
471ea309
c64b94a3
c5950842
46116cb8
c51b2b20
c6c8cc5a
474b664b
46e8b963
c696bef1
cdfa97e1
c3b7ad0f
45bca276
472fb164
c62045e0
c6b2f52f
c6591abd
c688f254
46a06a0b
c6067e87
c6dfe7aa
4689431b
467ac94b
c72d9b20
c6ffbf17
47556ff7
c711bf8a
c6caa5b4
c6509edb
46aca4a6
c68c417b
4644a9f9
c64a8bb5
c78dcc93
473a63f5
45556886
c68a41fd
c688560c
c6b33382
c73eba52
c6cad00e
469298fb
46e02489
4704f075
c52ebbed
c781fdf6
45bf0abb
473125fd
4771c844
c707db32
44274b20
c70ad214
45cb88e3
c783dc1d
461b30ca
c758b1f7
4421ec40
464dce79
c75c280e
45d6d51b
c7a81bb5
46561a75
c5bae01c
4658e5d1
472c9186
4687ff5f
c75db3ee
472281e0
c6ccc01c
45ae0a69
c6b4c284
4555f029
47048449
c6d35e48
46fb593b
46c8c558
46f0fbcd
46cbaed9
c6e9fb92
46940f3b
46818271
c677db1a
c7551507
c718ba2c
c68a79a9
47538c2e
4783c915
c52c4a76
c72ff139
467289be
c7334820
45e42d37
c5a80abe
c77ffb3f
46d670cd
c6d2d09a
c5924255
c70a2288
c720c9d9
c784c036
47ad3f60
c79de154
c70f7bb2
469ef369
446efe7d
c6bb5e13
47355a42
4dfa9821
c6ed547b
46a34063
46a809ec
c6c3e13b
4730fc48
c71173ae
c6d00057
c68e85a7
4716f28c
c4a8b3f2
c6f8a71f
c7184a2a
470f9630
c6106afd
4671da0c
46c5b051
4627641f
c5a26c58
c63bdbe5
c73ceb04
c648709c
c6b2e33e
c70418e0
c689e4c2
46e9b464
c481d015
46da1740
c7d2941c
46a5f157
c6f612ee
472db267
cdfa97e3
4765ef25
c7a6079b
c6f7335f
46ea9efc
459b41bd
46b0716a
474c6dd0
c704369e
c60048e1
c6af4b7b
c75eec3a
c6df6c77
c60a3952
c71a1d21
c6ca20ec
476fb862
c763641d
4653f6d8
45985786
c774718a
c7844550
c669e839
4681bada
c73d7253
45600d01
46eb1f73
472341ff
c6eccf31
c680b9e4
c71dbfa2
c73a3cf8
c6ea715c
c6c613be
473366d9
466a6dfa
4369ea1a
4738a7ef
44515f77
c61a663d
471ef693
c597fbf9
c60adac8
c7863eab
4650053d
c62e1b72
465409fc
c704d1bb
c6eaffa9
468f8734
46235eb6
c701d249
46a1fe27
47516391
c6e1d793
c6af9237
c71310f8
c7282452
45506c17
46717b91
c702e684
4692b389
c78d36d6
c6bba73c
45c2a5d8
46fbfc59
c60ba0ac
c6ccdcf0
c7288850
46040ee3
c660f659
c6a4d854
c7071582
44cddd9c
c727d24b
c6ba5031
46cae0a9
c58cadf5
c7752f1b
c6abdd92
c7789c33
c4d5201d
46f31356
c71f1b2e
c70c741a
4688f2b4
46b74bb4
473e9d0b
4585ff2d
4710d8cd
c72b0550
46c871f6
46d11975
476b070f
46cd4758
c6a98648
c682e4dc
4dfa981c
46391c33
47761cc0
4503744c
c71523a8
c6694ca9
c5ccca25
c78f44da
468352e7
c6e09694
c6072cf5
c6a35d05
46a5218e
469af2f8
46ee7d94
45f56203
c7b81ae8
c3e46b94
46e9105a
c65114b4
47291109
c6b9e3ef
459dcacd
45b3f8e6
45755202
c6cae831
c542e968
44c8bbd7
4690e370
c695e58b
c40fde42
46bc6340
cde3cfe3
472782d9
46c49815
479a4786
475030c2
4788a251
c6dca5b2
c6fe9c64
4601560e
46967184
46c5f3cb
46c04130
c3f2b04e
46ce9789
c77ee426
c6ac30d4
472500c9
c7373e7a
c6e078b5
c62cfbf1
46c2d1bb
47dd9d07
4685be2e
474933ec
458fd74c
c7423d54
4649b15a
c688643f
47389e43
4614a8ff
c6fe74cf
c73f2979
473947a1
c74b7562
c543281b
c64891cc
c79605fc
47342738
46baf760
c6b1f7ff
473b8cbb
c6e2be67
4664c659
45c42595
47205125
465207f6
46f2f9eb
466e9326
c6cf633b
472164ac
c718f105
441cc9d0
c6904e37
4795d13b
c7425296
c6dd2c1d
c78ee126
47358f39
c6104c6c
c646ed1e
c6ec1c83
468fa0dd
c6f5acd4
c672d392
c55c9270
c5a8fe55
c6d98bb9
c6cd7491
c5dbc046
c73e8484
4745394b
c725f1b1
46d3cca7
c78959d6
c77e2961
c6f14247
46e35272
47a02d20
45aa4e9d
c7963677
468c8b40
4641654d
476d3dbc
46c1ad66
4730df20
4494c6d3
476d1e03
c6ca7f6a
46cfe26b
c75e4f1f
473538ac
c6eb9620
c6547249
c523d197
4611de5d
c70cf701
c6d1698f
4de3d01f
c68bef3c
c70e646f
c7828f94
c701ffef
c7987d69
c4eca9a3
c64ee3be
45e8a557
46bce6a9
4622942d
c6c56813
47305090
45b5f4a3
476ef921
46945459
4621c613
47182419
c703999f
46af6af9
c70768ed
47a0c757
4702c175
c7475bd3
46961f53
c75df95b
44f5a735
c7038c8d
46c34ee9
46b09550
c6734100
c69e123a
cdfa97e0
c68fb244
46a5dc03
46fdbe43
46eb26a0
c707c1dd
c73deb15
46fcf7f2
45bc2eeb
47416b91
4645fe3f
c74512e3
4620b64c
c7a7fdc4
474c64dd
c50cb1d3
c5abbdf3
46994b21
46a7c063
c69d30f9
45cb1ac1
46d8803d
470bb4d3
459f5e62
c53dee3c
c5f9c58b
46ea7fb1
c7aaaca4
46c54cc9
c62fc247
c6e5b055
c5b14d9a
c4511284
c6f858cd
471c2b95
473e5286
468eafe5
4631d696
478e5bcd
c6a1d946
c6dccdec
46b25f80
c6f26185
477c80f9
c704ebb2
c4556862
47ab4bed
475fd0d7
c67c5f84
472b69d0
471efd60
c6163dc0
462ccc57
46ef5dd5
45d84789
46ec6ecf
47a7420c
c780d2e9
4694a4be
c6b6a296
45ba0b1b
471b3396
472f0536
c6a2bf23
46cdcdd6
470f6e21
4744a286
c720c2c2
455c10c3
c6dbc5c5
45ff099f
c6a00433
46fd8272
476aaa30
c649272e
c649c8db
453b5c6a
c714cf14
46ae088f
c6a1cc71
47071e6a
46833cd2
c6b36e62
c69d2d2e
473bc8c6
469bd319
c78962ec
4602a694
479d5a9b
c621afd8
46be0e69
46ed4915
c5f08240
471ae1fd
470d1bfe
4725ec55
c73873ec
4dfa9822
46ddc556
c69994aa
c7153f5d
4663b2ca
4761c0bf
473fc2e3
4545d6b6
c5d6518f
c7734467
46ba708a
466b74ff
470f8683
4796e005
c6e5c966
4769f1cf
c65391e7
473adb8f
c7919d7e
462b0f55
4680d238
46e75579
46b01733
46843b5d
c705e0f0
c6e516de
c6f1f952
c7004eb8
47455d4a
c6a498c9
c74216eb
46bc866d
cdfa97de
47a5abd5
4628d58d
43e4d4fe
c6bd50b8
4609da59
c6eab168
c7253446
454e7607
475136e9
46e38ac9
c77a44f4
463b5261
47354bde
4734ef2c
c6ae1e62
465b755e
47306134
47020eef
465fd898
c6c12173
458106d7
45ffe469
c6ccca9a
c587b75a
c71d3ba5
477a2540
c7068020
457edacc
c6f07ad3
c6ee83ab
c683550e
46c39a9a
471faad1
c752acab
461cf675
46ab7394
c6f3864e
45ab1eb9
c6648e25
47a45204
46dec132
468e427c
464baed4
4775a5ea
c70c7c22
47483f9a
472124e8
4639b05b
c685973a
46984feb
46d0a3af
c7439849
c76a69c9
461a5016
46f73a77
46e94297
45b8f117
c682b4bf
c740d16c
c701a2ef
c704cda5
47d7dae5
462fa3ee
c62d32ff
45e36488
c675331f
46d47264
46ba9275
c57ef7df
4783523a
4532210a
4752a1d3
464e5d86
43e84172
4698bc1d
45d46e0a
c5305c5d
47330d4b
c78c9095
4600952b
4732ddba
472625eb
c6576f3d
47585732
471e5e34
4750557f
47aaf790
c6fbb6ec
473282cf
c4409f93
46eb4ce1
477fb7d7
46bfb1f6
476de1d2
47280238
c6779eb8
4dfa9820
464b6966
c69503ad
461a934d
c6d709ab
46d6ae66
46d1d067
470eb1a4
46768fcf
46de4b8d
c674201c
4721115b
c6332653
c7c6889e
c6715ee6
46eead12
c7042123
47774d2c
470c4f61
434266d8
c75da354
c754c79f
46e1d691
c62ad8e2
c5e67a34
46ab13ee
471b186c
c667fbdb
c6da1bc9
c408151f
468c3066
43f2627d
cde3cfdf
46f2eb7c
47437774
c62784b8
c61ade0d
c7020952
c610ab4c
4633ffd7
45aa9e39
473be772
c72c96f3
475a8c6c
c6e928aa
4725d495
43dd0aa9
c729bc50
46932ff4
465e8fd7
46cc22f0
4679b6c8
45eeecde
47100c1a
c79cbc12
46c7198e
461a7807
471c468c
46fbaa59
45aec35c
c74fe75f
c7367acd
c53bce38
478dbf59
c7361fee
c53f110d
c61e37dc
47001bd0
c6e495d8
4749de23
476e3402
4685da9f
c707f5e0
c661f63b
c6d334d1
c5817026
c742152c
46a11634
45ec30ea
c5054e06
c7196c7d
c63a2d6b
45a5b099
46a2e98f
c7343c08
c6a580f9
c716e70b
c67821f9
46522d9e
456f7334
c621ab7e
c6fd7d41
464ab199
46c66eab
c4ffc013
473636a9
474e0c24
c6eb116d
45c48238
471a5a46
470e33c0
477db35d
4709396d
c5ace55b
47203c24
467a85dc
c7a0336b
c736a24f
470e5e3e
c6215f7a
c7b0461e
470fb173
c4c4d264
c5358ae6
c7d7f833
c60c2a9e
4745d573
458aa9a0
46ea15f0
46990bf8
c631b80f
46783f77
470e8513
c6f72f2d
c6d0de60
46c0ecce
45bdccc1
4770c168
c6d1067e
4de3d01e
c72db1f4
462c76f6
c6a7afed
46691677
c712a1de
46333b2f
46df7280
c6f915e8
c7249c21
478c71d0
c6da53e5
c6c669a2
c7399c0f
c6c1fb78
c70b3f49
c69da74f
46f1c82c
468b9708
c59d239e
47393c4d
45f52991
47478e7b
c43c5d57
c5c9cb50
c6479998
c63d76f0
46f4aaab
c6629fdb
c70539a3
456409e4
c6e2aaef
cdfa97e3
c5a6af1d
c6478f84
479ea1f1
46808f02
4753c4fe
c751127b
c5dbcc87
c71345b4
c63a2704
c7058b29
c5cda703
c6bb0500
459f53b2
465efb1d
c693c755
46a29d65
46c5ad5e
47252d6b
c75d3fcd
47523225
c71fb673
c75f8b6a
4701850b
c608527a
46d1f46c
471cb507
c6b6ca36
c6722200
463c71d8
c698f84f
4720e41d
c5a88ec3
c4ca6968
c7d0e118
c7b3aeb0
c6a2a0e7
c6a2f600
c74b4f79
c6a43813
c6ebb46a
c665a39f
c78b4317
c626c187
4734347e
c7046ef4
c70de3e5
46bc44b9
c6de5b3c
c692dbe8
c7587694
c6946a43
c6195bce
c68c01a0
c54d8b58
c5e572aa
c7495f1c
c7757cef
c7751226
47678f4d
c61109c4
c6c78b2f
c63aae9a
4666473b
47198583
441b23c0
449ae141
46bde9a8
4630362d
c648b535
c7096de6
c663a180
479b2c3e
4723f7a3
46777e0e
c721399c
46eb996e
c712bf02
45b0295c
c67e9bfa
c732f1aa
45c03939
c6c3ccbe
c568f319
c630bdbc
c6cfae32
c7323075
c77bce60
c657a573
473257b3
4595413a
c7478d15
c70d5ce5
45d854ac
c69ca183
c6d455d0
46eb6914
4dfa9820
c5df318d
c618c797
c7838e39
c763eea4
c69a8ec4
469e5c02
c55f28ad
c6eebc82
c63e05a9
c68a17e5
c6fbfd88
46bd4110
458f9f2e
4416f7c8
47180904
458605df
c7921071
c5580945
c73424b9
c65c17f0
c6c8ffb7
c632ff25
c7272674
c6cbd34b
470aa4c3
c518966c
c75d5a53
c730743a
c6f24335
c7105c23
c693b1b3
cdfa97df
c67ac0b1
c75b3b52
c67552d7
c70d1d55
4735f1db
c503065f
44cb908d
c7130f08
45e3611f
c74ad5d0
470cad97
46cd734e
45fae427
c6941319
4798b2f2
475d48aa
c5ea82d8
c728cbf5
4625ec3f
c6b0471b
470108da
c75d582f
466c29f2
46c1ec78
c6989bb4
c70c081a
c5313548
c63cd3a4
c7190fcd
c770a8d7
c788ebc8
469555d8
c72d2a8c
c6d84e64
c77ccd68
466887ba
c73fa8b4
c749bcaf
46a1c6cc
c73a0087
c72c402f
c73566bc
c78e344a
c77f4a35
c69acbd3
c66002db
c66b928f
460082e8
c70c1c44
c76b73ca
47ba4c11
c6de3e11
46bb5402
c5c0d533
c6ae1a3e
c68e439b
c6c66950
c67a1e5c
c7068dbb
c747963e
c74453de
46aa199e
c71b6a2b
44d30ef5
c6da1265
c61766b3
c72387da
47460509
c6f9d672
46b0b9af
464bb5b8
46c16f71
c6cf42ed
c613a933
c75b724a
469ac236
c7a876f4
c72cff64
46c83b6f
c7745957
c6919d55
46ad0ba4
45cf281b
473a7d85
454995ba
c4c64c52
c5b9a3a7
c6aaa3bb
c5f4b7a8
c750c3a0
c6fda944
46f18b78
46cdcd89
46d86753
459ae619
c708037f
4dfa9821
4608cfb2
c70d66bc
450873ce
473d3e5f
c7a3e81c
c6ea63cf
c69953a5
46b7dcf2
c6abd426
47855e6f
c73d9a03
c7507708
c798af17
c6e4f013
473c22b4
4607fb80
47150c5e
c6502ceb
46bc8f18
46abce87
c7232d06
47908e10
471461d5
c6d712a7
c5fcd906
c5e66f89
471884e6
47babef5
47637e8c
46b9f871
c6b8437d
cde3cfe1
45b6a024
c6374797
c5766dfe
4761cdf4
c710146a
c65d4816
4630931e
c545134b
46237a42
4696fc0a
4646b191
4722402a
4700eeb9
c6cf66db
46c40fdc
c4c6de14
47869dd0
c7291418
463357be
c5db1cda
c6fde9c5
47a1d420
466daea2
c7445f9f
4788a079
46a6f78c
c6a9e6f0
c713b430
c72bb998
46f31090
c691f6fe
c744712d
c554c2d0
c624dcef
c52e835e
c6aeae98
c77f54a2
c690e9f8
47315a70
46988515
45a46f5c
c5e47088
46cae92e
c7028484
4714036f
4736d4a0
46dea9be
c5817273
c7401f9a
c729e033
c69452df
47835162
46cd758e
c711ad45
443fbc3e
c79ef301
459e8c29
46daacf2
46dcc4ec
465330d2
4678571a
c45d9a8c
4752070c
47933bd3
479c0daf
c5ad0c35
46186266
c64ca1cd
46c9f3ec
c66c3c5a
475bc474
4581900b
4680d2ad
c69be51b
465ee75f
c6bb820f
c5d496a3
4743e4d6
466e1328
c706f5dd
c7804b70
c6386b13
c6eee1b4
c6ff1d35
c70cca69
46b5b2f9
47038c2c
c693a056
463c6aac
c69b6828
c729ed86
c72bf1b3
c6a68f15
c72dcd48
465d33dd
4674eec6
4de3d021
472bb541
473e2e20
46b1046a
c68390f4
46a0e278
c6dc7824
c6e8c580
46bae7dc
c6a756fa
459ab2b3
c48c7c97
46cf3d57
c6f4fca1
c541a0ad
c507c5e6
c347cc96
47846e46
c730a2b5
45bac85d
c7215ab1
c747b24f
c77341fe
47557de4
474ca332
c571a2c7
46c953b4
47402b99
c5f9ac3a
474687b5
47a076a6
c6cb9013
cdfa97e4
c5af5639
c6985935
c68e9731
471a19ef
c677be2e
46fa3b41
c7b18c94
45b27603
4702c7fe
c667cefe
4701aa61
c796a246
c700b009
45dc3493
4771f434
46827abe
453382ff
c6bd63ba
46ce4056
45bf692c
c614aaba
c690e328
472c4002
474d4972
c4f6a68f
c7a9fa89
c58306d6
c75deafb
469ad7a4
472dd04e
46569cb7
46a4ddd9
46ee160d
c691b15d
c69979ab
46b4ba66
470f46d1
468654d6
471a3206
46f8c155
c5b17b5a
47cbd049
478207fa
46950266
c6ff32c8
452cf090
c65416e7
c5e045db
47049b9f
4699ce6e
471ffdeb
c66da35f
46f25645
c6def3c3
472660e7
c679606d
46d628f0
c6e0cae6
47ba797c
c6c68e64
c73a76af
45b298c0
47167ff0
47024ebb
c713a609
c707e26a
c6b7d375
46f88780
4711a10b
c6c8d195
c78e0df6
c4fa1186
46cb35ca
c63ab66b
c681a467
459c07db
c7a8232f
c605a306
c69fd7cd
4788957d
45858715
4698fb9e
4735825c
c5874a0d
47704fee
469a84b5
4553087e
c63ef540
4663338f
4745e44c
4695634f
c6f1ebf6
c5692f77
46f5e8d8
45962f40
c6888a77
4dfa981f
47e73087
4578d178
c6e69a0b
466ca30e
4671e641
c68b135b
4798a343
c530c3ac
463562da
c5452bea
478bf5ce
c600edd0
c4b19356
46bd782b
473054b8
c6349a7f
47e868ac
46f8a4d1
c70fd8d7
c5da4357
46099184
467d421a
46ef466d
465767d8
46d27f33
c53ce04d
47793f47
46855ec6
c52d9b8e
c5db2663
47568e72
cdfa97e1
46e3af83
45b27775
c72825d5
469e97b8
c6ee2f44
46e8a817
470192f2
c66ee76d
46bef57f
c75b84a0
c6766b44
46197248
c730acec
c422490d
c7131700
c5b16713
46994de2
46ba5ccd
463ffedd
46c4742e
46fffc26
c756649b
c5cfbd88
c5b1a8d9
46142b8a
c75f38bc
4622c16a
4615261f
47729b9f
46ab30d1
c66329d4
476c181d
c790cee7
46d88e1d
c71eb1ff
c67a1392
c6071fed
47964f1c
465a5116
475c596a
46cd2edb
479b0f76
c593a436
47edd7cf
c58682e2
c7839f24
c6adf02b
c602f6c2
45e3dab4
46d29302
47a4a4b8
c5c4ea71
c72536a1
471e51b9
c6f43792
c53d5b14
474d67b5
c6d9b41c
4797087c
47a0389e
477efcf6
c7463990
460ee52d
c7a15fa5
47104f3a
47447e38
c6eb60e0
c6a3b5c0
46c7cb61
46a25f1c
473a8ab6
c5cb7a99
47e2f0db
c75ad482
470da241
458f7d96
c70490cb
c654367c
c6d1868b
c6bde03e
474b820b
45755466
465c7651
469b12a7
46b82729
c68006c5
4482a7dc
c749d919
c595682f
c6a82a3a
46ba697d
c61c83ec
461b2af2
c4dd9f5c
4690da9f
c70254c6
4dfa9822
46d59e24
46234e07
473d3bcb
c7356251
45612952
c6af6997
46f902d3
c53f8f06
478f11e9
c729ad8a
4675f8aa
46a9ebc8
c6ab7fd2
46ddd22d
c66aac79
c6ea6e61
c6a0a32e
47079f0c
c737e731
c494fa02
460af2e6
c5f451e0
c6a35c5e
44432662
460c9bf0
461e3168
47899adf
c604350c
c6b21177
4661b98d
c6434e2b
cde3cfdf
c7147c2f
460ef0f8
475cfaa8
c7580198
c7559150
c698432b
c5ff27b3
46be5617
4631f801
c6a1f039
c5933031
474f5b3e
478fb90f
c68eaa02
4635a1bc
47894e2d
4795a63f
4799ea34
c5abd606
46abe03f
46cdeccb
c61b2fac
4711c522
c73ab7fb
c74284bc
c6ba1ac5
c71cc85e
46066781
c5c76eda
c6ef9b61
475d8697
c69855b0
c6fa6896
c67bc2ba
46df7c7b
471e8a01
47186477
c6b67ef5
46b159b3
c7427b7d
c5dc0b50
46d04b6f
47268c1a
c58183d4
47d253e1
c5f83c4a
c7106754
c6b6eea0
c724ed59
4658b09e
46c6f9c2
46072a5a
c6cf0cb1
c68c68df
47873598
c7130349
47993e2f
45ad012f
4543083c
c6c64702
c72715b5
47579b28
c5cfda11
4705e32c
c51edd5d
c6683421
465f518a
472468f6
46b07f20
44dc47ba
c6e205fe
c599f67a
c6ef32f4
c6c6baa6
4755e4aa
c68627a2
c5baa557
4720e14f
c56f5d7c
464fbd2f
46522f9a
462126f4
c702a9ea
c51841cc
4739087f
46eb0081
47481498
c69a9e2f
4793b061
45aae6ff
c74d0353
c787f01b
c6af5e84
4724f3f9
c7029f5e
c7409054
4de3d020
47ae7b90
c6c61730
4749cee1
46697250
47144483
c6a941da
c5bbebfb
c7176355
45e3ff90
c53431ad
45c3aa12
46f24a20
477072ef
c6643105
467e5589
c72a0d75
47617355
472d21bc
c6798f9e
c74bdb6b
c51fbb99
46d0f156
c54fbf93
c621c66e
47b1ceed
c6b62ef9
c6c10e5b
c796b75c
47536293
c6240cdb
c71223f4
cdfa97e4
46700e14
c63339c8
c772332c
c6ee56f1
c640c269
45eb65cc
c741df7c
46ae8c5a
c5ba0d83
46f7372a
c7474a7e
c611319a
c64806d2
c69a43ef
c4949a97
c715db91
c778d675
46707b8c
46b45a21
4788a1da
c784d15c
465e2998
c667ab0d
c6fa1c5d
c71b4229
c6f524e8
459928f2
c79e4073
c6c385a3
470d38ab
45fbfb6b
4724b836
4635e3ad
c5ef5e38
c69badbd
c752c46f
c6b88316
45472d67
469e201d
4733b0db
47359786
45f33e4d
477b2423
45cbb0f9
c69a6953
4622bc4d
c717eaba
46279c93
c79e8f73
46f3cea5
472050df
c702d405
46a3b11f
472494b3
c601638d
4522d019
c69ada60
46e9732c
c6856977
c681f5ef
c708c7f2
c6074156
c6f6097a
46ab81b2
c6e33739
475c669e
4747456e
4701ff0f
c6b1ef5d
c7962594
c6b08775
474228b7
46436c20
c700e2af
464219bf
4761c5ae
c6dd8a67
47222b84
46547393
c69ed336
45ec945c
c76ba46a
c7bd3374
c61997f6
45d1ff05
470f6f02
c74ac42f
c3ba976b
c7a0c47c
c6311f47
c637641a
c6434cbc
47ead803
c5a230c4
c78a2eea
46645d12
4dfa981c
c755165a
c78a4324
c5218409
474f377a
c71e6d43
c7023c62
c74b006a
4720bd6f
c7225931
c759aaa8
c600c6b9
c56f2e9a
4693f28b
4645512c
c726c47b
c615e1f6
47712b38
47577037
c6d8d5ef
c757038d
450fd411
c72e7fa3
c78663ce
4421892b
c7a058ed
47a2234e
46b9b313
47549fb9
4705a183
46e770e2
c73e5de6
cdfa97e2
4681cf5e
c62c1353
4729efe8
4721921d
c7244c36
47609034
c6aa75b9
c652b904
c5e69a95
c651273c
c55fc0a8
46979b48
471179cc
46f9ed62
450adbcd
46bb7ead
c69fc254
c77650b0
c6bdf014
4779f5bc
c6bb546f
4772b188
c6b1498e
477cfdae
4466ea27
46542468
c76f0369
46e05428
4712ae18
c71aec4f
c633e208
454c6fd4
c7144bb1
4687b98c
c705e634
c6d813fd
c5d5e452
c73dcfc6
c78f24e6
472f903e
468c8d3d
c5c02989
4636c86e
c76fb1f6
46d44428
c619a585
c702c4cf
c79b78bc
4718d4d4
46061c12
c76f3762
479051fb
465e6fb1
4554961d
469e7fc3
46b9c818
c641e5bc
474d3ac4
461b497b
4623ff10
c73a7e0a
c698471d
479ea350
47ae2c32
46729162
47392640
c6d92bbc
c78ed26d
c7095e1e
c5631390
46223a47
4704f723
c68c6c08
4598cfcb
c459dab0
c71cd1ea
46b575ce
c7108db1
c6a9edd1
476c4ce1
472c0816
c523194e
c783f891
46edc14b
c62a652a
c6892794
471363f2
4687e196
45c5a1db
47033809
c7943058
46a3f55d
45aac08e
c74efe6d
c741413c
4785ba65
4dfa981f
c791888c
4671a8df
46c4b49a
c68008c9
c64ea412
46faf545
4759bd7c
45536c65
c74d5c57
473b47e6
458e5504
46450d6f
45f1ca90
464b9244
46ab071a
478e314b
c70f395d
469c1e9d
46e5d80b
c727ffbb
c6d88df2
c679fd09
c7202a1d
47096bc2
c7775bc0
c545233c
c7d7588a
47157c52
c772118e
c6e95966
472e7037
cde3cfe4
46f9fedb
c57525bb
c63811f1
46fd8134
c5f4671a
4658785e
c7328df6
c43138d6
c5d74fe3
45a331b8
c74b45f9
c6e85f49
468ef79b
471af043
c74caf06
4682e362
46ff6625
471cf90c
c7a637d3
467cf991
45bc31e5
c6850e9c
4718ae23
c63868a0
c541bf5a
47495443
473f8a3b
c60e8371
c4d3e3e9
c60a5563
c6e16476
4719d876
46523afb
4741e688
c69e3575
468be25a
4689f725
47437650
c6aa52e0
471a5729
460e09de
46950d67
47214674
c70f9c1f
c70c62c4
46615531
46a3e4c3
c728a598
4752e8cf
46bafb1b
c569005f
46ee9285
c70d4194
c62a4172
46e60427
472e563f
c66b1f0b
c69f733d
47868abf
4700a05f
47b032bb
46edc00e
47254e5c
c6d28ead
c719f658
466fa6cb
4672bb28
46b2347f
475c926a
46159eb5
46af666c
c7212eeb
4767dd94
4745982b
c7883262
46c121a5
c5902cdd
42061ad9
472c4d72
474a4358
c75c5343
474dead3
c693e5f4
45f268aa
473dc783
c68d1b3d
472a679b
475ea21e
46c14174
47800943
c6877ab6
477d902c
c70b0156
475cd93a
471989dc
c69c7cf8
4de3d021
c71fc4de
46eea867
c6940f3a
c70b0a01
468ba787
46c95343
47348af9
c719469a
46af885a
473f8bca
47b2977b
c6ad6a21
c6efcff7
c6c4633b
45ee53d8
c7a12ab5
4700238d
c5433417
46c02fbd
45df3420
46f46074
4655f8be
4705e4f3
4774e8be
472f7683
c70537d0
472584ca
c69f6129
c70b464e
477d6f98
46710b7c
cdfa97e0
47042a37
460c2b92
47095642
c637479d
c731f812
46fe5660
45bf64fe
473ecfba
469c1efa
473b9c39
c6c7873e
c5907452
4708d0ce
471ad099
466d749a
4758519e
c6d276f1
469ee304
c6e16866
47197620
46da0862
c69f0fe6
45b007b6
4790b5c2
47318b47
c6222ff9
c7040fbc
c5344717
45fa64d3
471d587e
47a917d0
46c02704
45c2d2e5
46d02394
45a4dfe1
46ea7815
c73f5c40
475c2499
46046072
472d6c5f
45680c89
464a3f31
472a4046
4786ac2e
46d3822f
44cdef80
4745613c
4770c828
4705bb12
c5fb742d
c64fc958
c5ec4386
c6522716
c793b33d
4715721a
441e2ea8
46ed58ca
469d7a1b
c6cf0ce0
c71ecc62
475eba94
47ac1fd6
4495c866
464b7d8b
473af375
c4fee64f
c7809768
478bf171
45eb983f
474967e0
c6f5b697
c672b02d
47495c57
46aa41fd
c74313ad
c49f85ab
c74e2d3d
c69aa8f0
469491b3
4389f08f
479bc026
c6d257cb
4455f974
46b712fb
4751f8bc
46a76aa0
c73567c6
471d42f2
c69879c3
c6c8d127
473232b6
460b9304
4709bc0d
467eea86
c68ae50d
46b500a2
4dfa9824
c781f05d
c70e71a3
466e9ff2
c7437e5a
4684fde3
478e5401
c6484b1c
c645d6e3
45ae7d32
46f16e12
46fd79f6
c3f7d8ed
46a21906
c654bb2b
4722ddfb
472f7d85
467f5d0b
c73cce6e
46ba5850
45fa74d3
c620cdd5
46d6bbe9
c66992d5
46764c24
c34793e5
469473a4
4662ac59
c7a62ea8
461c2a0a
45e83f71
46ef500b
cdfa97df
4705c219
46e6dbfa
46bad66a
c7a6bf88
473d541d
c66bc3cd
4703b893
46580b73
4649b069
c3433ba8
c6a66419
c5573c6e
478a012d
c767feb2
46a37b50
46f470e3
c4cddf1c
c7002dbc
47861adc
4778e1fb
471cb155
471cac09
c5c9e267
c44388e8
c5d0b0be
c63c560f
c6d032e9
c73ef322
c721fc4d
468d9ca8
46a34085
c47888cb
46f66bdb
c79a3454
47bb2230
c7066bcc
46344264
c654c7d2
476f8386
c6a8181b
c754eaed
471d7dd1
c6c2d000
469cc2cd
46da1b92
46abbef1
c68b0911
46d2f506
46b7df7b
4694dd0d
c76174a9
c580c12e
c6dfd241
c6b3af0f
471d5172
474d5cd6
455413e6
c6004c71
c5fb46aa
466c20ba
4738e88f
471a5828
c705c85d
47268c4b
468fd507
47761fb4
45881fd5
c6322116
462e882a
4634c1f9
c6876dd9
c6245a94
47025c1f
4636d444
46dbf892
477364f3
45fe9e73
44dc6d96
46c51c4f
471c3034
c7367301
c68b8ccc
46f10124
4653e9b6
4769820b
453c0855
c72fc9a3
c77cd34d
c6a7c7bd
c7068fe2
c67c3183
47663556
c480fbae
465d5709
c6a0f44d
4754b7e1
4dfa9821
c5105d60
c722788a
462af293
c60d0468
c6d5f433
47214e66
c6cda076
c5beedf9
472ff61a
46447216
47b65c59
c6309daf
c706fcde
4789b9cd
47791088
477c72af
c70e6b29
c41e2e60
4641ee7a
478333b8
466ffdbe
46f82dc7
c6ebd3dc
c4f88a06
46a00b50
469ea9c8
461348ee
c4851bfe
46bb7818
476b21cd
454d506a
cde3cfde
46d73e69
c5b31dd9
c68d1c93
465e5fa9
c751df05
4510843c
466fb6cf
46eedde1
46735128
c7879918
c6d67014
46a210da
c3042937
c51f7d34
c73383ad
c73ebe41
471fe289
c5b9dbb3
47076afe
46a8ade9
c718034b
c6f8569c
47362c04
470710ef
c75a57eb
c61cb335
c6444f32
469f2993
47450fb5
4704d78d
4718ca0e
476a917b
c61a4577
3fb6af4a
46f37835
477da07a
c53cad60
c62363b6
c79332d3
c633d9fd
c711ace6
4710c9ff
c735e23d
46e403fb
46c6cbcd
46ab02e4
c457dcbb
46a0fba5
47799e01
c73f6724
c6c23a40
c78145f2
c68b9c8e
c62225b8
c5aadaa6
c62da6b7
c68d13e2
c70a51dc
c761dc04
c582e4d0
c6dd09dc
47409c20
c70da994
466a2870
c677db0b
44195b53
c51e0761
c6c3e99b
465d4edb
c73137a7
c68fabd5
4688d881
4563404c
c6d5a75c
c6e4eb70
c73ddb8a
46d0d1e6
c691c578
c72c9b26
c760f5ab
c66938c4
c70a107f
4599d4bb
47125416
46353782
47121594
c736505a
47140fb1
4629ffcc
c73a9e64
c7083eda
46250682
45ba9582
c750267a
c7375df8
473ced52
4de3d022
c79ac9c2
47897b82
4609aa5a
c60f5c3f
46fbcd8c
c734db8e
c6879374
c7045e6b
46455d28
c6eb877c
c6a33320
c69b5dae
c6b79caf
c58fd656
c657a8b3
46e7b093
c71c62d5
c6f5dfea
4490090f
477d0c52
c6d933ff
468339ce
46658d81
c72bb714
46de2eae
46a51c80
47ac6f14
c71f44b0
46bebfe0
c6f1de86
c4a6b283
cdfa97e0
c77ae457
c75fcc69
c6ad0005
c634eed8
c6c55770
c735faf8
c7822083
46ae3f45
464a102f
c6c9a3dc
c6acc4f2
46d7f53c
c7541101
c59699b9
c69bc4c8
c5f93e0c
474112f1
c6cf39e2
470f0831
45fc523e
c6c8a0bb
c711eabf
c6ca1cbe
46c5be95
c7869751
c5ef5b2a
c455c02e
c5c38808
4716c76e
c6d5464c
c6f49649
c5e581a8
c6c8bb29
470ac4d6
c71fcd30
c7041534
4580d91f
477ab42f
c6b2cd90
c525fc14
c7440610
476bdd58
c60636b8
46fea7d3
c6dcb302
46fae126
c68f6749
c52f1288
c73d22a4
44c85113
c7364d69
c71897d3
c72439e3
c73acd76
46d3de2b
c6209a77
c66854cb
46c33341
c7325963
c6a52dc0
c54c3ee2
46a2f095
476183f8
45b3f94a
470cf500
c72fe528
c734a708
47741921
c74eaf4f
c6b9e036
c637fab5
46a9e878
44d9872c
c707d828
448be526
46f6057a
454e0aed
466f04ef
c67d9c27
c6cbb08b
c68a614e
479b8c4d
46e2ed52
47282279
c70f8beb
c70bb571
46bd0654
c66a9d2f
47314312
c72786e0
46eb2d08
c7997ab6
46d39c58
c6d8d551
47073964
46ccb555
4dfa9821
