// case 002 m1_gemv - B[128][1024] BF16, row stride 2048 bytes
// 65536 words, 32-bit each, little-endian memory image
4021401a
3de7bf78
403a4040
bfa340d4
404e3e6e
40403eff
bfafbeb8
bc4ebfb7
407f40dc
403a403a
bf953eb8
40cc3fb0
3fbd4094
4086400e
400b4046
3f94400b
4096408d
3fe7bf1d
bfa640cd
bfd840e4
40003ff4
40153f50
3f88be99
40444087
bf8d4101
403f4000
bfc4bfb3
3f06bf91
402040a7
40054102
bfe3403e
c0044026
3f4c3e94
3fe1bfd4
403e4008
bfaebf5d
40bfbfb0
beab3fea
4002bf65
3dc4bff0
40863fe8
bfea4025
3f87bf93
408c40eb
40bd4093
bf5d3fe2
bdd34070
40233f91
406d40e1
be3c407e
401e4026
be474049
40014096
3fb840d3
40894091
40d54039
bef7be33
3f6140b7
40793ff2
404140cb
40494018
c013bfb5
3f9d4028
408f4020
3ff83f2c
4010402b
40b14047
bd724060
40764085
3f9240d0
409abe91
c02c4047
40384089
bfb24086
40a44066
3ddb400d
bfa7bf3d
3fec403d
40773f61
3d0940c5
3e4d401d
bf92bfb4
3fbc406d
3f633f53
406a4104
40ce401f
40e8bf47
400440b6
401140ea
bf723f25
3f3d3f97
3fc23fb0
40224002
403d40b7
406abfd7
40a2400e
40eebf58
be8b400f
406a40d7
40ad4057
bfd83f18
bf95bf07
bd8d3fd1
3ffcbfe2
406b40e0
c004bf4f
bfc03fa8
3d9f4045
4035be8f
bdb0bf9a
409f3f7c
41044087
bde6bf8b
3f074052
3f98bfc8
40933ff1
40c74032
4014bfa3
3f423ede
405e40e6
bf953fc5
40af3f95
3f09401c
3f8ec019
407940fe
40973f6b
4056bd7a
be094006
4081bf2c
40b74067
bf43bf3b
407c3f59
3fbcbf53
408640d7
40ba40bf
40df3fe8
40764021
3df63f8b
4067bff4
401940d8
bffe4032
410f3f1f
402b4079
3e833fce
40ad3ed2
409fbf7f
bfc9bf55
4022bfed
3ff6bf22
40613fdf
40d43fc8
407f407d
4021bf4d
bf48c01f
408d400a
bee93fcf
3fde3d5e
bef63fac
3fbdbfc4
408c404b
4099bf4c
40043e8d
3f063d94
3f5440a4
befa40b6
40adbf28
40ba4013
403a4088
bf26409a
406f4073
3fd84012
408b3fb1
3fdd4045
3fdac00a
40ad3dcb
3f9d3fc0
40b43f9e
bf0a402a
406840e5
408e4030
bf923f9d
40b13e83
bdc0bff9
bf75bdd3
bf074101
bf1e4022
3f943def
3fe04056
403b3d48
408f40f8
40044039
40643fdf
3ff5404f
402e404d
401640c4
3fd53f8f
40cd4001
3f653fec
3f3e408a
3f85c02e
bedcbf21
c021bfb6
40124091
404340c7
405c40fa
bfac3fc7
40dd4040
bf5fbfed
405a3e2b
3f1bbfd6
40d73fc3
bf1b3fca
bec140ae
3d003dfd
408f3ffb
40bc4034
bf7dbf70
400dbf84
4085bebc
406b4059
bf044029
3f2d3ebe
bf7f3fdb
3cf24023
406740a4
40e44027
3f784031
402abd9b
bf0c4088
40acbfd2
3fa93e06
4102be2c
40344075
408240db
40354049
402c402e
410ebfa0
3fee3f00
bf06bfa6
40ad407c
4097bec1
bfcf4051
40033ff5
3eb24083
3ffd40b7
bfcc3e64
3faa4021
3fd44095
3faebf8a
bf9f40f4
4057bf1f
40a1401a
403d4048
3fecc00e
401b40c8
40633f53
40c9bfa5
3ed040a4
bfa6400e
409e40bf
40283f90
409b3fde
3fcd3fc9
3fabbff6
3f9840d0
40273f8c
41014027
3faf4005
3f43bfca
bfe03f82
c01f3fae
40a9bee7
4030404e
40863f9e
40bc40ac
bf883f64
3fb44052
3fbd40a8
bfb9408f
bfad4104
40a43fd9
403dbdfb
3f94406e
408540a2
bee04039
bff0bf78
40623f36
3f06406e
408740e5
3f0d3f7d
401c3ff5
410a3faa
4003401c
be8cbffe
3f0b4039
be77402b
3ee04089
bf163d3b
3fcdc01d
bfff4108
bfcdbe50
3f003fd3
4034402e
3fc2bf9e
407340cd
3f4b4011
410c3f8c
3d5c3fac
bf43c00e
3f874098
402c4003
40204013
3fe83fd6
407e4032
4017c015
40373f5c
40583d60
3fd1405a
404040e3
3fcebff2
40793f54
40a43eb5
bd8c4042
40564010
3eb93ff6
40c13f17
3f4e4056
4033bfe7
3e57bf22
40a04103
bfba3dfc
3f4b4078
3fc73f2e
4023402b
407d3fb2
3f444035
404bbf1e
3f93408b
3f194049
40a9410e
400f3ebc
408c4086
3f99409c
3fcc40d1
bf0a40c5
3f82bedc
40ec3e15
40144009
406b4028
40b0c02b
bf8bbd8c
40c4408f
be86401d
3ff2bf0a
3e51c01a
40513b75
c0383f80
3f9f406c
401f40ee
3ff840aa
40c9401b
bf07401e
3eefbffe
4014bddf
bfda4001
3f5e3f6e
404f4060
3eecbfd1
408840ba
405a40e3
3f854040
40d03fe9
3eb53fc0
4020be94
3f0a40c2
3fd63f37
4088401e
3e5e40a4
401e3fc4
bea0c000
3fe4be86
40c9403e
3f89408c
4089bed9
407c40b2
40a44013
bfc84056
40044072
bf874077
bf8b4104
bfec3f56
40803fae
bf7c4048
bf6c4091
3ff04101
408d400c
3fbe4034
bf10bf94
406f3f91
4022c01b
40924038
bfb83f6b
3f874032
3f5b3faf
be0e40a6
3fec3fd4
3ff03fe7
3e94bfd7
bfb940bb
409b408d
c0174027
3f674083
3f1c4043
3f654061
3eaa409c
bf2e3ea6
3fb04015
3fac3fed
4047be9a
bcf43fa7
3fe8becf
4050402a
3e5c3fde
4002c007
407dbe3b
40cf3f43
3e063f3c
3f7cbe80
bf543fb1
3fddbfa6
40c74003
40293ed1
3f954094
3f91bf2f
40724110
bfbc3fd0
40c1407a
3f274005
404f3e05
3fa93f85
400ebf6c
3f213fde
403b4091
403840aa
be583f7d
bf9c403d
4109401c
be9c400a
3f6d40b1
408e3ffd
40e3bf54
40eb4087
bf674046
3eb6bf83
40ba3fb0
c0033dbb
40eebf28
403ebff2
bfa9408d
40804026
bf9ebe8e
409b3e65
3f553fe6
4077bf6a
40a5410d
401d3fbb
40323feb
3f8b408e
bf0bbeea
4080404b
4097be31
410c3f22
4015bf76
bf18bfe3
bffe3fa8
406c3f62
40a9bfb9
3dab406d
3ea93f08
409740dc
3fb03f8b
40e63f44
3fd940b9
407e40d9
400e4026
40853fe7
4042bcd0
3fa03fb9
3fa2be3a
3eb5405f
beff3e6f
3eb8bec7
3f7a3fab
3f0340ba
bd813faa
bb794008
4008bf97
40073ff6
3fc6bfd4
40994041
40e3beb1
40e33f1d
bd9e3d73
4003c01b
409040db
40944013
bf2a3fc2
3f49bfa6
3f9ebf3e
403c40ca
bf9d3f6d
3f743d85
4028408e
3f593fbd
bf45403e
40e63eab
bfd44067
40303f92
402abf67
4098410a
3fec402d
40d63e97
403a4091
40884088
bf92bf93
3efe4019
410d402a
40334079
402f401d
40874107
be53403c
3f99408b
3f014081
bf84406b
4032c00e
bfcebea6
40d34038
40353eaa
4077c00c
3fb640cf
40163e45
4106bf8f
40264080
3f633fb3
3fcac030
40e83fa3
409f401a
400e4090
3fdc3c47
406140d3
3eecbf63
40d64086
3f3ebec3
bee33ff3
bf10bf2b
40253feb
408d4037
3e943f73
bf7ebfb0
bd1240a0
40733f1d
c0133fb4
bf264092
3fd74051
40ab3f2a
40b3bc80
40f6bf37
403d3fc9
3fcd408d
404cbf61
40a93fc7
40fa402e
40224089
bea33f97
409440a3
403b3f2f
bff84044
bf38bf11
be8440dc
3f1e40bf
40ec3fed
41083fad
3fb23fb8
40894052
40173f80
3ebb3e2e
409fbf93
3f51bf68
40823fd6
40ba4103
4029bd07
3fff4013
40234088
3f8340c2
40344022
bfe93f39
404b4018
3e364099
40643f38
409c3e30
bfed3c6f
410b4046
bc4bbff5
400d407b
408ebea5
3ff5bf31
40b7bf23
3ff9bf36
3f61bfb8
40923fb8
3ffc3fb4
408dbe80
402fbf39
3f9d408d
3f254100
404a3f9f
3fbb3fdd
bf524047
3f634086
403ac034
bf7f3fa7
bfed3f9f
3bafbf98
3fe74068
4081c007
bfd43e2a
bfea4055
bda14023
3ff640a9
3fa4bfb9
4077be9b
3f8f3ec9
3fcc4083
bf8140f0
3f873f50
40bdbec0
40a13fc6
be4b408f
40004023
3fe64108
40843f39
410f3fcc
beea401c
403d40cb
bff0bf8b
405a3f8e
c0234043
3f71bf56
3d0f3e78
4044403f
40eb4029
41023fa5
40393f71
3fea40a8
3fc8c007
bfe9beeb
bdd94006
3e3e4036
bf5ebf22
bff5bf22
3f983fc4
be144072
400740a6
404140a7
40b840ef
40b73ff6
c03f3e71
bd8fbf6c
4071bfea
408d4030
403fbeee
3f5d3fa5
3fc9bf77
3f42c00b
3f433e93
403c4027
3de44039
3f464091
406240e5
3ef2bf1e
bf413f4b
3fa83e8f
bf033e98
3f69bf5b
bf4e40e1
3f15bee1
bf043f5a
bf633e69
40783fae
40283f94
40e33fa8
40be403f
3fcb40a9
404c40b8
3ff9bedb
409f3f06
3ff23eb6
400d407c
3e0840d2
400dbe1a
40a7bea8
408c3f2a
3fc64089
bf9840c1
4052c001
405a3f6e
40bb4018
3f99be88
be6040bf
3f493eeb
40ac3ef0
404b402c
3f0940bf
bf8e4095
40873fc6
c0114036
410a3eab
bf5c3fae
4039beab
40b34072
40543fd8
c00b3f4a
3ff54096
40123d82
40824109
40773f98
bf844049
3ffa4056
3fea4008
bf0640e6
40843fc5
3f73bf06
bede4085
bfa0408d
4033410f
409a4025
41103e9a
40393e40
3e15c01f
3f0dbf34
40bdbf77
40f7404c
3e84bfae
bf5cbfe3
3faf405e
400f4031
407d4013
3fa13ff6
3f4e3ef8
3f64befa
405e3f0f
c0004058
3fd340bc
3f35400c
bfbe405f
4030be5c
bd7abf7b
3f974052
408d40af
409b4087
40483fc0
3ff3403e
40323f11
4074406f
bf9f40b5
40c7bdeb
be7a402b
3f593f92
bf21bf31
bfc54088
4098400c
40f83ff4
3fac3dad
408540ca
3d5f40b2
3f233ffa
bfe7bfbf
3fd6409f
3e054083
404d4084
bf863f16
406b4010
beb33d0e
3e5a4005
40a340f6
40d9401b
bf08bf64
40034034
3e06bff4
40b2405e
4073401c
40c73f07
3f55bf8d
3f7840a8
3f40406d
40d7bf7e
bff0be2f
3f90bf61
403940f0
40913ffa
3fb74032
40b83fac
4038406f
bf684021
bfb3becc
3f443f91
40963f7d
40403ec8
bfae3fc0
bd46bf2e
c01b3e4b
4097405f
bf7dbf09
408740a5
3ec2409d
40d5bf47
3d704089
3fd2bfe6
3fc93fd4
406bc034
3bdf3f24
3f8fbf93
be0040bc
3f744017
3fdc3e12
bed04010
406b4060
40004052
3fba40b7
400340be
40603fc8
bfa6404f
be9a4018
408940d2
bf673f21
3f6d403e
3f4c3df8
bf134001
3fdebf06
40b5401b
bec53fc0
4086beba
3e163e6e
bef6400d
3fc040cd
bfe13fd0
bebd3faa
3ff43fb9
bf86c010
bfcdc015
3f32bf11
40ed3f15
3f3f4024
4088409a
40113ffe
bfe23fa4
40c3404f
befbbf94
407d40cc
3ff54101
4011bf27
4076408e
40314096
bf98bf90
408e40be
bfecbf26
bef9be95
3fb7bef0
bfb74097
bfd1401d
40b33e70
3f184012
beaf401a
3f5a3fe2
bf6840cc
40b7be70
3e94be2c
40224087
40534042
40343fa4
3fcb3e74
c025407d
3e873df3
408940a1
3fe94088
3f1d4000
bdf43e8c
3fd7beef
400b4097
bfe9408f
bfacbe35
40ca3cd6
3faabfe6
4088bfc5
40054102
bf9d3ff5
40f43ef8
40204065
408a4083
bfce40c6
bfdd400b
40d34010
3ffa3e81
408a40ad
402e410f
be833f15
409e3f4d
3e32beb0
3f7640c9
bf723e68
bfda3fcd
bf8e3eff
403140ad
bee74007
bf3a3e76
3ec64008
3f844070
401a40b3
4047bfa0
3ee9bd2c
bfb24032
40fc403f
40364023
402dbf31
bf874105
4098403b
3f8dbe8f
3d09bef0
3f954030
408a40b0
3fa53fd7
40a03f3d
bf653f0f
4065bf08
40b240a6
40e2400a
40b64040
3ff7bf9f
be883f14
40ab40ef
40413fed
40373f42
4010bfcd
3fa640eb
40a43e89
c0183fa8
4105be9b
4000bfe8
4062bf86
3dde40fe
be793ebc
bd873e69
3ff5bf82
3ee53fbc
4063401c
40e6bde7
bd7f4005
3fbd4050
40874099
408ebc39
bfcd4007
3faf4039
4002bf2f
3fff4018
3f5540cb
40c53e47
4096bfa4
3ed0404a
401640c0
40be402b
404d4029
40793e48
3fec4040
befe4012
bfcabf2b
403a3f85
40413fc5
3eaabfad
3eb64089
be8740d1
bf454010
3fb53f62
4027404a
40304064
3f7340a8
3f6a3f5e
40d04056
3fb23ee9
3f414078
3b54405f
40c53f85
40833e12
3f053d9f
3ed64052
40164024
be544037
3fc63f58
3d874024
401f40ee
4001c00f
40273f52
409e4021
3e8540b5
407d408c
407b40ca
bfc54002
403d3faa
becf4051
4031c01a
40b44109
400a3f73
3f343fbd
3f154079
400940c0
404abfcf
40c4bf1c
bfce3ecd
3fedbfc2
407cbfd8
bf10c040
bf943fb2
40103e47
4034be14
406940a0
bf48407e
3f0f3f45
40f1400f
403840a9
405540c8
bfd84077
bf5e3f01
bfe7400c
3fef3fd6
4046c002
3fcb4105
3fdf3f35
c03e4018
3ef940b0
bfb34011
3ff44068
405b401d
409b4043
3eb33fe8
bfb73f25
3f0840f4
bec43f1c
405b401f
3fdabff4
4021bd81
bf3ebf15
40e03fe6
3f773f9e
3e8abf0e
be623f9a
4090409d
3f9e3ecf
40e24085
403a4097
401b400a
403cbf49
bfb33f7e
408fbeac
bf63bf4f
3ff340a4
be30409b
be443fe9
bf863c4f
40253cb8
3f1340a4
3f61410f
40e8bed7
3f213eba
beab40b7
407a40d4
3fc0bbf6
bf4b3fd2
40bfbfb3
40204079
405e3f0b
3fff4062
405f3f9d
bffd3fda
400a4022
406d40c1
3f353f6f
beeb3fbb
40763eaf
4006beb4
3fd13fcb
bfe93fff
40c53f4c
4053bf3a
3f804069
bfa53ff3
3ec5410d
40883ee5
40f0be7d
403ebda8
400b4022
406bbfbe
bf783ffe
40a83f91
3fe43f14
40804044
4052bf61
3f35402f
40383fac
3ffa4017
4034401a
4086bca3
40bdbf1a
41053f72
3f49409a
bf97c00a
40724080
3f133fcc
3f9f408c
3fd340b1
3f6b3ff1
bfa6c012
3f1a3f9f
bf014083
3e13bf16
406340dd
408b40dc
3f1a3f12
40c9bf97
3fa53fdb
40853eef
408e410e
3fa23fd8
40b93e7c
401440ac
40354041
407fbea3
40a63f81
409d4033
bf0d409c
bf3840b0
bf95bfb5
3f423f2e
3daabec0
bef140a6
3fdb40c9
40a7409e
40283fa4
40eebe76
bf143f6a
40274050
406bbed2
40383e3b
bf9fbf8d
40124081
befc3ff5
3fc43ede
40bf3fdb
3f1c3f05
3fd040b0
3fb24034
3e354076
bff3bf0d
40904014
3ee64065
404240b9
403e4012
3f58bec8
409a4062
bf54bfc6
3ec340d9
bfe83ed4
bfefbe3b
3facbf60
3dcfbfeb
bf983fd0
40203fa6
408d3fa2
bfb13f8e
3e5b3ffd
4019bf68
4090405e
bfe4403c
bf70bf38
4015bf38
3fc93fe3
40b4bfe9
40e1401c
40234006
3fed4068
40274073
3f233f3e
407b3ffe
3fa8bf64
be1040a6
3dca4031
403fbff0
c007be34
40c4402d
3fed4075
3f03bea4
bff14055
40ce4001
3ef1bf3d
403c4001
4011408d
40a3bfe0
40a74025
40c4bf63
3f244085
3fe140d0
40b34031
40ba3fac
3fb5bee3
40294043
3fed3d27
3ed3408e
3e81bd3b
40713ff2
bf23406b
406d405c
bf8e408b
3db43ded
40edbf47
3ff240b2
3fb3406a
406940c3
3fb33f60
c0093d9d
bea2bea9
3de140d1
3f9cc017
bf9e3fc3
40774064
3f5ebf2d
404140b5
40544003
40444036
410b405c
4015bf39
bf9b4074
40924031
409f3fd1
408dbfbb
bf61409c
4075bda3
3e784019
be014009
410d3f0d
3f8540ad
407b40ec
3f7440a6
40a44029
3f98be42
3d63be43
bf153f8e
3fecbf8e
407b3f50
40dd4041
3fb84016
3ef04056
40b93ed1
3e2c3d83
409dbf92
bd504045
407fbf91
3fa6c01f
40d53f7a
3c014005
40244091
3f2240d8
406dbed9
bf8b4023
40f54068
3f2c3f82
406cbe8a
3f1a4081
40e6bf37
4102be98
3ffb40b1
bf9fc006
3f9c4102
40cebdc9
3eb84060
3fc03f83
bf9540b4
3ea7bf65
bfe0403c
3f92bf16
bf4abf1d
3ed44058
3f8b40cd
3f353f73
40c74058
3e9a4090
3fcc407f
3f9a3f9f
bf163fd6
40cd3f7e
3f6dbfc9
3f48bff0
bf643df4
3e7e3dab
40dcbf0f
bf5040bc
4088409d
3f8d403f
bf623fa4
401f4090
3fe740af
40093fb7
bfb640cf
bf0b3ef6
3d4e402a
3f74bf85
bfb84008
3df1406f
40913ea3
3f69bf38
be953f22
bfa3bf4c
3f763f10
3fda3f3f
bfed3fa2
3fcabfe8
3f8340bc
bf464109
bfed3fa8
3ffb3fda
bda5bf73
3f40409d
403a405f
bf45bf04
40c0408d
3fb4bf99
40603d9d
4025405b
3ff63f1d
40cf3eb5
403440aa
3f96bfed
40b140ca
bfa43dfd
40c23f82
3f273fee
4038bfa1
3f89406c
3ffc3fd5
3f3d3e00
3e813f5e
bf083f6e
401440a3
40cf3f78
c019bf99
beb04099
4013403e
3fb1be8d
40b43e95
41033fba
beac40a0
401040aa
406c404f
c01abd0b
408fbf79
401540be
3f92404b
3fbf4078
3ff83f48
40d3bf06
3f8a4029
40633fb8
bea7be9e
408ebf38
40a7bf40
3fd3403d
bf094094
3f914083
bf3bbefd
40a53da9
401bbe07
be4440aa
bf14c039
bf173f48
3fea4004
3e4bbf19
bf1abf48
40533fc0
40873f88
3f393fe0
40093ff4
4017c01f
bfd340b8
40bcbea4
bfaf3fee
3f9a40ba
bf504053
3c9f4105
bf164003
bfcf3ee2
400f3f97
4041bf13
404a40b7
be693e9d
409c3fc3
3fa040a2
40894016
bfe5bc23
be3d3fd4
40843eb7
3fa2401e
bf2a4089
4022c022
bfae3f22
bf833f5d
bf1cbfbc
3fad4032
bf8b40e5
4023401b
40113eae
3fbc40bb
40843f71
3f05c00f
c0013ff1
40d83d96
403d3d09
be463eed
3fedc004
40e43fc2
40c4bf00
3faf3f1c
3fd9bf9d
40904011
40093f88
bfeebf01
3ffdbfb3
bf304083
3ee7406d
40ae401e
4059bf8a
3df3406a
bd643faa
3fee4067
40ba402d
402a3f55
bf643f7b
3fd340e3
bf8c40b3
40844005
bb9ebfb8
be703f56
3f82bfc1
40554108
40b3bf71
40b4bf51
3fd0bf6b
40173ad8
3f03c027
c01dbe1a
410f3f15
bee4409b
408140ae
bf393f85
bf50be7a
3ff33f3e
3fcc3ff2
3f7bbfb4
3ff33fe3
3f3ebf32
40994030
bf3a408d
3fd64098
3db44105
40b5bf77
40833f02
be7b3f43
4061bf0d
4003c012
bf8d3f1c
40c14003
bebf4080
bf93bec0
40903fdc
3f5ebf57
be43bf0d
bf2440a1
bfb140a3
3f5c4102
bfcf3e16
41024064
bace3ecb
3ed74096
40a8c020
402c3f0d
40883fe1
be954094
bebd403b
404dbfad
4081400b
3f9bbf81
3fea408f
3fc34099
40b2410b
c0103f2d
bf854004
3fd8bf7f
4089407f
4048404b
3e54403a
c02c3f39
4035bfd4
401fc00e
bff840dc
4074bf08
3ee4be08
beb83f83
408f4032
409a40db
40103f91
4037beb8
400240ab
3e8540c1
400240ed
bf95402e
40dc3fef
3f9d4025
bf0d40d2
bfa740e1
3f9c3f88
402c4038
3f7d3f17
40644074
bf86bf6b
c015bead
c0334063
3f5f4028
406fbf38
bf2dbfb4
40874012
40fe403e
bdfa4066
bfc040e1
4035409d
40994007
3c32bf92
40243f69
403640a2
4040bdde
40c14034
c00f4057
bf46bf43
402c4060
40ba3fa0
c003bf17
be98beb9
bf024061
3fe240d5
407a406e
bfc4402b
4100405c
3fdb4051
3e613f63
40843f42
40dc3f82
41084042
3e96bffb
3fc740da
40a83fe6
3b9b4019
3f88bf28
403140be
404dbfba
407a406b
bfd43d29
c02e3f1b
3ea340ab
402840e3
406c410c
40c23fde
3f92bf4f
402e3f8d
3f88bd4c
40be40a8
4047bf52
bfc7bf48
3fa94091
bf5d4096
bf544104
3f3dbecd
4033bf90
40384098
40594031
bffd3fee
40643fd5
40504023
400b4062
4060bf5c
bfca3fc4
40bfbef6
40e63f75
3f1b3f8b
bfa740ab
404cbf08
40c5be23
40c24061
3fb8403a
bf9cbf8d
3fcd3ff3
3b904019
408c4078
402c40a8
bf5c40d8
40b74097
40803f02
40863fa9
401a3ff2
407d3fdc
3e8f40fd
4002402f
c00dbf11
3f6940b5
3fcf4098
bf813f8e
40de4009
40904070
be224098
4001bf18
3fd74108
40e5bf7a
3fe8bfa2
3ff840af
3f86befa
40744103
bf49bf5e
40d8402d
4005bf3c
bf22bf1d
bf694090
c0154027
3f75be8e
3feb4053
407a402c
bfac40a1
bfe44018
40da4083
3dab4004
401140de
40b740f5
bfd33fc3
c0044085
400c4099
3f54bf65
406e40b9
3e4e3fb6
3fdc405c
bee93fe6
bf04c007
40b440a4
40bb4014
405bbfa3
bf41bfba
4038bfe3
3f45bf62
40f03f73
40f8bfad
3df040bc
bf874072
40583f6f
3fee3ebb
c01bbfb4
3ea44011
3e56be19
beb84096
3f394008
40f7be92
3f414087
3fd44046
40a140d2
3fd04010
40bc4031
3e883eff
403940a6
40504099
40e33ea5
3fa2404e
3e223fde
3f794037
400d4042
405dbec1
40c64085
3f644023
403540cf
409140d0
40424032
be19407a
402c40a6
401d40ed
3d5a4032
bfb83ec4
c03d3f03
3f4e408b
be1e4049
bf3b40c4
403c3fa8
40d04016
3d6d40aa
3e09404f
409ebfd1
3eae3f98
40d63cf3
3e0d4091
be9ec00e
401c3f28
bf33bf48
4090404f
3fa2bfde
3faa4030
3ff0bfd3
40b34027
40593f9f
4021408c
407140cf
40ac40b1
3f843cf6
bf773f9c
bf634075
405dbff4
bfd94033
40d23fb0
40ca3fdd
402640b2
bf844093
3ea8403e
40293e4d
3ee93fb6
3e624068
bed1bfe0
bee13f79
3f713e9f
40f9408c
403e3f2b
be21406a
3f7e40d2
3fc83fde
40e8bf79
bf003f9b
3fc640a2
befd3f7f
3fb6bdbd
40b23e9c
3fae4033
3fe5409f
beee40d3
40903fda
3f93bdb8
3fa440be
be043f3d
4073c028
40b8bf4a
409dbfbc
3f834028
3fbac00b
3fcbc01b
4048401d
41003f07
3f5c3ecc
bf6740de
401d3eca
40ec3dbc
40ee402c
bebcbfba
be864010
400d40b1
40d94002
409b405a
bf693fad
408fbd0e
3f3740a3
bfd73e31
40884047
4029bfb5
40264081
4051409d
40883f58
3fad3fad
40294083
405a3ef4
bf0dbfbe
40c63f87
40e2bcb9
be7140b1
400540e6
40233f78
c008be76
3efbbdb8
3f92bf37
3e5b40e5
3e3b40d0
becebed7
c014402f
3fbc3fe1
4024bfbd
3fae40ff
40cf3f26
40ba3f95
3d214017
3f19bfae
404940b8
3f133fa9
409b4059
bf73bfb5
3f354069
40bc4036
c000bf3a
40033cc9
bf64408d
bf3840d1
4084bfa9
bfa13f7d
40184085
3fda4011
400d40ca
40514095
4058be4b
408c4026
3f91bf10
3fa340cf
bfaa40bd
3f2d3e3a
bff5408d
be034013
3f754055
3e654013
40973f06
3dc14083
bf7640b3
3f443f66
40114028
40a14035
4109404a
3e3dbfa0
3eb5c010
40953fa6
40aa3fd1
40bc4069
401c40b8
3fde4097
405340ea
40c13f8f
3fee3fe1
3e9f4039
4085c013
4043408a
bebd4008
bf984089
3fd5be2d
4002401d
3fff40b5
4063bf43
40fa4017
3ff8bf8f
407f40ba
beffc023
c0113f0c
40a04010
3ec240bc
bfbcbf25
40344108
3fd64001
40f34081
3e913ee1
bfb23f50
3ed33f00
be384013
40684043
3f26403b
3f9940a3
3f3940ac
40a9bdbf
c02f405f
40364027
3fbcbe6a
40954009
400f3fe7
be574081
bf65bef0
bed8401e
406a3f13
40b53f4f
40c43f2b
400c3ca5
4042408f
404f40af
3f67beb6
40d44021
3d78408a
404b409c
3f52401d
3f8d3fc9
bfd53f93
bf324075
40503e29
40754099
3f6c403c
40883fbf
3e74403b
406a3fc8
40bf409a
40843d3f
bf1cbfb1
bdee400d
408e40b0
3fa8410b
40c2bf69
3f753f00
3eb33fcd
408d3f8c
400640f5
4005401d
40034077
bea54079
400f40d4
bff13f52
4091402d
4023400f
40353fac
4063bffb
40afc02a
3f823fb9
40b3401f
3f85bff0
bd8a3e78
bf7540a5
409a3fa7
40464063
bd38bf6b
405b40db
bf93408c
3fe73f9c
40613fcd
40363f00
bdbabf61
403fbfff
bfa33e89
403d4052
401abf6b
400e40bb
bffc4020
bfb4beea
40f8404d
3fb740b9
408bbda3
407540b5
40ee3ec0
c03d3fb6
bf274051
405e3f86
40ad4051
40ad3fcf
41043f9a
3f97402e
bf1b401e
3fa54096
3fc13edb
4091be91
3f4abfa0
40184082
4094c036
3c12be9f
406e4063
3fbbbe56
403240e6
40b040c5
4044beb5
4041bf35
3f11bfd1
bf253f83
40bdbffd
3fd5bdca
bfebbf8c
bf1a4090
400d409c
406340eb
40c63eac
40914081
3f4f3f99
bf3b3fdb
40864093
40bd3e4c
40633f9d
be2a4008
bfa9c005
bf073fe6
40aa4005
4102bf80
3ff6408a
404d4094
3ea54055
40a8be84
40e1404a
400fbee0
3f8ebf91
40b93f93
3e173f8e
4056bfa5
403b4079
3ffc4089
404dbff7
bfd14024
40193ffe
400fbfad
4031bfd3
bf41bf56
3fb6bf50
40393fce
40234003
4071c00d
407540e2
be9dbf2b
40b04042
40323ecb
bdd940cb
40154021
40db3f93
beb2401b
40343ee7
40564079
40b84019
3f1e403a
40193fd9
400a4097
4066bf62
4064bf99
408d4027
40d2bfaf
40363f73
3f9d40b8
401f4098
bfdd3fc1
40e04033
3f34404a
408f40a4
bf2b4047
40e8bf3a
407c402f
4011bf46
3fffbf2a
408e4064
40d2403d
40d64026
3fb740a5
405e4087
40b04101
40d93f39
40344007
3d3b3fd9
403b40df
40813d9d
40ae3fa0
c0054008
3fd73ff9
be8f402d
404140f8
3deb3e9a
410a4055
bf014082
3fd9408c
3eab407a
40c9be50
40e4beed
bf14bfe1
bf724074
40a8407e
4008be5f
4052bf83
be2c4037
406c40b2
3f4e40b3
406e4007
4022405d
4003402a
3fd23fbd
401140e4
3edc3f69
c0353f11
401f3fdb
404e3fc4
bf7640e9
40d83f6e
bf353fd0
3fb3408a
3fbb40ae
4070401a
407e3eae
bf634084
be414076
402b40b4
4088c018
3fa03e9b
40a53fac
3e17bfb2
3c294093
40434077
be30bf3d
40f53f4e
be163fea
405e40c3
404740af
3fe94003
c0073bc1
402e4026
3ea7c01b
404e40e4
3fe73fc3
3fa13ffd
3fc6408d
3ff73dcc
bfcb40d8
40853ee2
40fd4082
bd693fe1
bf60bf65
40ac3fe1
3dadbf2d
3f36400d
40403efe
402f3e54
4068400e
bf62bee4
40933f99
bf6a4027
bf6440c2
400b4015
40ee3fe7
bf96408e
becf3fe9
402bc018
bf6040c0
40ce3df7
40f04083
bf444092
40603fc9
40674098
40e23f92
41053f8c
bea84003
4038be9f
40a8c037
3e163f82
c03c4030
3f1d409e
407ebe98
405e4023
bf813f7f
c00abf0d
3fef40a2
405b40eb
3f1c40e6
bfb03fe2
4054be97
40393f3d
4065400f
405a3f51
40303f99
40a7bf4f
3ef84059
3efdc014
40524101
3f613eaf
408e3f8c
402a3f6c
bf8d401e
3fdcbed6
4081be74
40033f58
402ebeee
406640ce
409a4023
40563e1b
bf2bbd25
3fe44082
3f114033
40be4007
bd433fb7
4095bf3a
bf653f42
3f164021
3f96bc7a
40c0401d
40cebef6
401dbffb
403c404c
bfd04006
40c93e28
40743f4e
be75bfc3
3fea3f60
3f453fd8
40cd3c33
c0003e82
bf1a4045
bfa140e4
404fbed6
4017bf62
409d406a
3eb53f34
bfb2be08
40abbf8f
408b3e51
c024bfb3
bed7403e
408140b8
402dbfe0
be603f7e
40e33f76
3f283fa5
3fe34025
3fd03f7f
3fbf402e
40ee407e
3f49408c
407f40d6
3fdd4024
c00a4020
bfc0bde8
3e98bf19
3f6c3fa2
408640b1
40563f17
40c7bf23
be874098
bf4f3f61
bf3f4105
406bbec9
c0293f66
3fa84028
3e99bf66
be934101
40a43f3f
40333fef
3fb23db4
bf99bffb
bfad40e4
4081bf49
40f0405c
bf7c4078
bef1bf05
403c3fb6
3f693fa6
3f3b3f8e
403840a1
40523dcb
40393fa7
3fa63e24
bf293ff2
400640a0
bf214069
3fe9bf8a
c000be33
41093e51
3f454089
3f113f29
3d81410c
bf623ce4
bf784047
bf1940b6
3fd8bf9d
4067410f
40d83f56
40fb3f8a
3ff040a9
3feb409c
40ad4069
40d7bee9
40743f38
bd0c4027
402e3fbb
bf874080
bfbbbea6
402c4016
3fae40b9
40643fb4
40633ec4
c0094006
c040bf7a
3fd64095
40533fb6
bf9a40a3
3e9e401c
bf814084
3fa84005
3e37bf0f
40abbfaa
40a2403c
410fbf4a
3f314094
40073fbd
3f3bbf29
40b3402a
40854086
3f904074
3fbbbfb0
406840e3
4048403e
410e4016
3f4a404f
3f0f3f28
3ece4096
40efbe05
c008bfbe
3f933f1e
3eda3f33
408a3f4e
3fb73fa7
4001be50
be9bbfd5
3e89bb95
403140e1
bff13f19
403cbf2b
be1d409d
be6bc006
4071402e
404b3fe4
4102404a
40123fe4
402f3f93
3f71bfd6
bf98bf3b
3e7c4047
3f7d3e13
3f0c3f98
3db140c6
4022bf19
c008406c
40064086
3f7c40d5
3f7040cf
bfe9bee0
c020402b
bf444090
3e36402a
403d40e0
c0013f03
c00cbf9a
3fe740a4
3f3740ad
409d4023
3fe74019
40cc3fd4
3fb2bfc0
40203d06
405040ff
bee03e6e
4101bf98
3fc04088
40173f31
402640e3
40bb3fe1
41034005
3fd9bf26
40193f9d
3f9540ac
40cb3fc9
404a3fc1
40183f20
3f8f409a
3f5f40d3
3f67bcc7
408d4009
3ffd3feb
40513cc7
be273fbf
40333fa4
bfae4090
be71bf9b
3f884075
40923ec3
409f3fa1
409abf45
3d66bf62
3cf54062
40ac3e50
3fdb3fe3
410c3f3a
3f783edb
bfa2bf08
bf2540b4
bf9a3fa6
41013fca
bdad40ab
3fa53f56
bf81bfb0
40d8bf07
bec74086
3cd8bf4e
40673fa2
40363fb2
3fc73dc5
40ee3ffb
bf3f3ff4
3fa34045
404d40c4
3e67bf0b
4037406c
4026bfa0
3f003f8a
40853ff6
4041bf2b
3f0f404e
3f0e3ee4
bfb340ae
be893f70
4082bdaa
409d408f
3f30bfea
40543fcd
409bc010
3fd3beeb
40914008
3fdb40ba
3edd3fdd
bfeebfbc
3f3a3f6f
4030bf7f
3fc7bf54
3f3fbf6d
40b7bfed
3fdb3fa6
3f33406d
3fa33f5f
405640c1
4026c00e
c009beec
bfe14076
bd7b4020
bf25bfa0
bf52c02b
402fbef6
40b5404b
3f844038
4033c01d
40b240af
408d4036
3fe0bd3f
3fc5bf97
bf743d51
3ea8bf7d
40923ea6
3fd2bfbf
be8840bc
3f9540d2
bf664093
404b3fe9
be8c3f87
3fe04033
40884018
3f293f0c
bf98bf4c
bff94077
3f98408c
bf654019
408c4073
bfb33f0d
3f263fd1
3f5abe5b
bfb440bd
be573f9c
3feebf0c
408e405a
bd664015
40463e8d
bfca4108
40d53f5e
41083fd7
bf72bfde
bfab40ca
bffbbf57
c01e3fc2
40ccbea4
3ff5400a
403dbf99
40aa4051
bf243f41
401d4034
3e84403f
40363e63
bef33fd6
bf77bf3d
400c3fdc
3dbd3fe3
bf373ff5
bfb64103
bed54034
c0164035
401a4062
403840c5
408f40cc
40e63fb8
401a3fce
bee340b5
40854099
bfa2403c
40a64013
410a3ee0
3e6dbe87
bf624085
40ab4104
3ee13d0f
3f4ebf65
bf273fe9
bf8d4097
bf83bf08
c00cbf62
bfc83f33
be85bfae
3fbebf76
404b3fee
3fd03f8d
40a84034
3e1dbe67
3f4ec00a
3fe4410d
3d49400e
405a3f7b
403940a1
3febbf41
3eafbf7f
40c7bedf
be784025
3f0540bb
40823f43
bfc0bea6
3fecbf7f
403e405a
bf0ebfc1
3fd14086
4090c02f
40363f84
40e2bfb3
bf4340ab
bfb14094
409d409c
40cf3f8d
3fd2404a
3ea13f06
400d4002
be7440ff
40113f16
40a93c1d
3fd2bf05
4029bfbf
40924025
405cbf3a
40114023
3e39400c
406d40a2
bfad40a9
40613f3e
4022bf26
3ff64083
4081407a
401740a9
409ebf5d
409d4074
402940aa
3e3d4099
40be40a8
40844026
bf8b404f
bea440bc
3e8f40bb
3ebf40c1
bd2a3f89
40e5beca
bece3fdb
400740eb
bffe4052
c00a400b
40ebbe91
3fc63e5a
40404099
bf833ebd
40a2bf55
4075bc7d
400abfce
bc0140ac
402fc01a
c0193f97
bf1f3f62
bd61bfec
40463ff5
3dafc028
40a84019
40a74008
3fce4008
3fa04086
3fcd3ee2
c0063f09
4016bf5c
400dbf1d
40113fde
40c04003
40743fc0
41013e9b
3fca40be
40663eac
4051bfd3
3f3c4039
3f5e3f7c
402340ba
40734089
bfe5410a
40ebbf74
bfe64057
3f05bfbb
beb5c01e
40a840f4
c0013eca
400f407e
400fbec2
bf1f403b
c00040b6
3cb53fc4
40ce3e1b
40113fa3
bee740e6
409440c9
40593f4c
40f9beeb
3efebf6b
40824059
bf8840ce
40e23fea
40ec3f9c
3fccbfcc
bf0740bd
406b40a9
40754038
3fd93e97
402fbffa
4059bfa9
4090bef9
3fda3fa2
40c24089
3f973fef
3e91402b
3f47bff5
3fb93ff4
4099bd71
3ff6bfc8
3ff54028
3e1740bd
402a4002
40183fee
3e644097
3f2a4078
3e933fc1
3f363e98
3f733e3b
40204041
403640db
40ae410b
becc3f8b
40ffbfa0
3ef34098
4011400e
be6540af
3f5b3fa4
4081405c
3fb740b5
bde83ff7
bfbe4064
3fd4403c
40953ec7
3fcf4015
40073e51
4073410e
40323f0c
bf03bf93
3e823e42
3f6cbe4d
bfcc3ff5
40be401d
40383fd8
bec84057
4028bfda
4035bf9a
40724018
41073da9
bcfa3dcc
bfb8be74
403240ea
c0004030
40884036
3dde3fe8
3f6c40d0
bf5740cb
40e6bf2c
409b3efc
3f9a40bb
4066be85
bed34103
40593f64
403d401a
3ffd409b
4071bff0
405040ac
3f6e3efb
405a4017
3fdf4080
3e8e407a
40a94085
4074be84
3eefbfb8
3eec4056
bf2440e2
3fe2bf9b
c00a3fb1
40fe400e
3f534085
400f3eb1
3f584105
40da4025
c028404c
3fefbf22
405d40e2
3f5fbfcc
40b93e11
be3ebfa8
3f39bf30
408840bf
407140bf
40eb3fcf
40964078
401b40b9
3fe140c4
40b84108
40394024
3f7ebfb0
bd304085
be4c40a6
3c97bf8e
4059bdf6
402d4077
bf1abe12
3f95bff7
40b8bf55
40ef4040
41053fd2
3e9abf8c
40893f40
be1f4046
405f3f83
4077bf94
40254037
3ecc3d8b
4050c03c
40914027
40374064
bf06bf56
bf75bf94
4063bfb7
40e93fde
40f44057
bdb63f8f
407c3f21
bf15bf61
409d4012
3e0cbf49
bf5440b2
408d4077
3da34042
bcc83ed7
409a407f
3fa140a4
bfa04018
3f0440fe
40ed4021
be36408c
3eb03f30
3e7440a0
3f313f96
c0184031
3fa74008
3f33bf34
bdfe4005
406040a2
40c1bf00
40b54072
4017407c
406740c1
40a5c038
40bb3ffe
4060400d
3f063f1c
407740a7
408dbeab
bfef3f94
40c0403b
3fee4098
406f3ed0
409740f2
4007be78
40ae4021
3f494087
4013bf8c
3fa9c025
4027401b
4031405d
bf47405b
3f953ff1
3ee73fe5
40b63f73
41054036
becc4091
3fa34031
40203fc1
40163fb3
40c53f48
3f0040ab
3fdd40c8
40aebfac
40d3bd7a
40b7408e
402b4063
3f8e3faf
40124082
40db3fc0
40d73f6e
3f884086
4027407f
403c3f34
40ad3ff6
409a401e
3fde40b3
bfbdbf35
40a7bf82
3fd23fad
3f15401f
bdbd3f16
3f5e4097
3f50c033
40dd4015
40db4038
3fe1409b
bf6740be
bff93f98
bf0abe9b
40504064
3f073f3f
be3540cf
40b94104
401c403d
39533faa
3f844085
3e8040dd
40863f68
40c3bedb
3e843e8a
40314093
3fdd40b0
4040c01c
4087bd09
c0123f39
400abfe9
bf2d408c
bf8b3fee
40984022
3d07bf4a
3fba3f39
408cbfb8
3f8ac014
3fb13fa8
3f743fce
3e15bfca
405f40c3
3fe0bf9c
40853f94
c00a4038
3eb0403a
3fb03f9b
4069be39
bfeabec8
be8d3f9b
beee400d
3b673f18
bfb1410d
bf373fd6
bedc404f
3f0f3f79
bee93fc6
bff0beec
bf4e401a
40853fa4
bf623ee5
3f81bef0
40b640c6
3ddd4021
40803fa8
3fae4034
400140b0
bff33fb3
bfa4bf4a
408a4000
3fe5409b
3f6e3f3e
3f43c02e
3f613e14
40e7bf97
3f8840ab
4074400d
405d40fb
40433f04
bfd6405c
bbc83d24
bfbe4045
400a401b
3fbcbf61
3e9abfbe
40274014
407c40ca
4087c039
40b24031
c01e3f85
be7a3ff8
3e023fb1
3fe640cf
4032bcad
40debfa0
bf183fd1
3f1d4035
40633dd4
bfa73da5
40964082
bf0bbef6
3f0a405f
403340a6
40e33f22
c0163fde
3fdcbe52
bf4a3f93
be88c030
408a401f
3f924075
403c40b8
bf18400c
405d4105
3fa64005
407c3fd1
3e4b401b
408a4099
3ff640a4
4038401a
410b4031
3fe040a4
40724021
bfb13f2f
bf44401c
410e4081
3eb63fb3
bfa93e42
40b5bfdb
401f3dda
3e7b3f42
bd1f4015
3f783fd7
40a740eb
4089bf11
406f401f
4016407d
4032405d
40b83ff5
c00dbf76
40e1bdb5
bf7e3fa2
4006bf40
3ef44103
4036be10
409cbf09
bf65405a
3f013f30
bf8f40e6
40af3f48
41013ffb
3fa94033
bf58409b
40a840bf
40c7be1f
3e3ebeb5
3e2340b0
404740be
407f40b1
40ee3faa
bf8a3fd4
3f483ead
408dbffb
3ed54007
40cc3ff8
c01c3fda
3ea33f9e
bed940cf
3f2e40b1
40a33f39
41044057
3f70409c
40343f58
bfb83f1c
c0154032
40863fc3
40074093
408d3fb3
40814017
40ee3f42
3f033f8b
403dbefd
bf8940a8
401e408f
3fa3403d
4068bf1b
3ffd4023
be994034
bec83e92
40a84036
40583f9d
3fc24062
40033f9c
407140e6
400f4010
40c6408b
bd7dc000
3f43402e
40ad3f0a
3eb24004
4089405b
bf6f3e19
bf94c005
3faa3fa6
40d53e9f
40f74005
be1a408f
be8940d9
40aa40a5
405b3f8e
bfa8bf2f
403a3f54
4050c00d
bfb040ce
bda2bf0b
c0354086
3fed408a
40883ecc
40b240ad
bc8f401d
40c93f75
3e9abe99
400dbff2
3fb3bcd1
c017be92
40643f6b
becdbd76
400b40b3
bff9bf52
409bbf4b
3ece3ee0
4019409c
404e3ef5
40a6410d
c00e402a
bf33bd87
bf26401d
3ec740d4
3f63c020
beae4005
c03fbf67
4020bf2a
be21401f
409e40f0
40954005
bf35bf29
bef9404d
bf913f81
402340cf
40b03f34
40404026
40084035
bedd4052
402940a0
bf303fd1
40804071
3edf4032
3f3d406b
40aa4110
40504014
c00abfa5
402abf04
3ddd403c
40a23f8e
406a3fab
40663f94
bf384035
402b406e
3d8d4106
c0023f53
40604076
bdfbbed1
401340cf
4038c021
404b3f83
bfa24018
3f803fb8
bf9940e7
3fd240d6
40abbf4a
40f24067
401cbc08
4060bfcc
3dca408a
40034010
409e402c
3f8ebfc5
3fc340de
4015bf39
40b23f45
40824089
3ea53f32
405bc011
400940f3
40933f29
41003fe1
beb2bfec
3f4f40bf
bfcb40dd
402b3f39
be99bea2
3efe3f8e
bf153f7f
bd5340d6
4038bf2f
40b43ffc
bf6e4098
40513fa9
403d402e
40a33fc4
41054001
bf7e4093
40874094
3fd93e7c
bf93403d
40c64066
3eaf4062
3f8d4030
4050be8e
b9984002
40f8403b
3ee9405c
3eec3f61
3f4e3f95
3f4d3f86
bf3a4013
401d4080
4045bf9d
3f6540b9
be383f4c
40e64017
be1040bc
408e3f1c
3ead4077
409cbf58
40e7bf41
403f3fe1
bf4fbffa
3fb64014
40263fd9
3efc3fdc
be0fbec5
3fe1bfcf
4084c02a
40793e4b
4064bd60
3f264087
40874085
408840da
3fe3401e
40863fb8
3fea3e4b
3fefbfae
3fda3f90
bf483fcf
410b4070
400f3f4c
403d3f7f
40814098
3f54400b
bf65bfbf
3fcb3ff2
40464078
409e3f8f
be243fee
bfbb3fb1
4034bf45
40064054
40594057
beabbf4b
be43400a
402a402e
3f4f40de
40a33eca
402f3fbc
40464029
3f6d3f48
408740d8
3ea640b8
3fab3fb6
40fe4021
3ff04086
3fc44016
407840d0
bf233f70
40babfbd
3dc7bee8
bfb7401c
40b2c011
3f8b3f36
bf6c3f53
40093fbc
405b40eb
bf1a3ff6
3f63400d
409f407f
bf174082
3f643eb2
40b14108
3fd73f71
be02bfa9
3fed4042
404a3fab
be494104
3f05be8d
40bf3ecd
3f8e3e77
bf67bf73
3fb94061
3fc34007
408a407e
bef14021
407e40cd
40a040b7
40843b98
3fcabf4f
3f55bff1
3ed0bfc9
408840a4
40124023
c034bf6c
3e84400e
4062c020
3fc14000
bf4d4035
41043f1b
be734088
40544098
3fd3bfb9
3fa9bf6e
3fcf4039
bf344092
3ef54009
40b040e9
40babe26
40a43fb5
4011bfe0
3f773fe6
409e3fe2
3f603dc7
40804029
3f2cbfc6
bf8540ad
3ff640ab
40ce401e
40843f4a
40093ef0
408140e7
40bd4089
40343ef4
403e4085
3fbfbfad
bf64408f
bfed410e
40cbbf1d
40dd406f
3f484036
402740e9
4035400c
c00d400b
406fbfb0
be7f3f5d
bf9abffd
4081bfdd
40c43f88
40134074
3fc1be9a
3ea4c01c
40a44105
4086bf51
3f96408f
400c4003
bfb8bee3
bf283f33
bf944012
4060bf44
40264092
3fedbe14
3f3e40f7
401cbeb9
40bd4077
3f503fe0
40283fdc
bfb5bff0
40dcbe62
41104059
bedb4004
401f40c5
bf1e4014
4006bf10
c0003e90
401d3ff6
402b3fde
3e01410c
c01ebf56
40d5bf7b
bea53cab
3ff64093
405f3da7
40e9be73
40e8403d
400b40ad
bfa840b3
403340c5
409d4000
bffd4027
400d4055
40183ffd
40ad3f28
400e4012
3e0b4030
3fe44056
40403fae
bfe5c015
40b23f65
c014408f
3ea240b5
407ac01c
402bbf40
40d2bdcc
402dbf82
3fcf4092
3f3cc014
bf4240a8
40ec3ec3
402dbf97
4020bf84
bf87bf41
bf6a4032
c01f400e
40dcbef2
3ea540bd
4047bf04
408cbf35
bec94003
40c6be7f
403d3be2
400c4007
bfd5401c
c006bee3
40a5407b
bd8ebfc6
3f2d40b2
3fc040ac
40a43ffc
40684053
3f8f408c
405bbf41
401940d7
40943e06
40b74025
3f44bfc9
bf664035
3ea6bfd4
bf963fde
bf8f3fba
3fbfbfa7
3fa03fd8
3f60410e
40aabea2
40ea3f0c
3f464016
406d4093
4050bfd8
bfe83f84
40934075
bf104029
3fdc40ea
407140fb
3f6fbd10
c0163fcd
3fc1bc72
3f313ec4
3faabeee
40503e8e
40cc3fdb
402a3fbe
3f6d40b4
3ecb3ee7
407b3fa2
bed0bf14
bf143f8a
408d3cc2
be0840dd
bead3fb3
c001408b
40223fe4
3eda3fba
bfad3f86
40b43f59
410dbfa7
3de8407a
4080c007
404b409b
bf96bc1b
bef1be69
403740be
408b40b9
409a40fa
406a3efd
40dc4075
3f4c3e9a
40884063
be8dc00a
40b13fac
40223fa0
bd3b3f69
4041bfbc
4086bf92
3fb44026
3fc03eb9
3ffb3ea5
3fcfbffe
4028c00d
bf83bf5f
3ff84084
3f723f9b
401fbfa0
408ebf61
40794022
bfe93f82
bf6c3fdc
bf81c003
3f43400c
40d03ca3
410ebf06
400c3ba4
3f2e4041
3faa407b
4085bf10
40ccbe59
3fcdbfcb
be9640ca
4039bf3d
c0003f30
40644086
3f70bff3
4027c01e
bf8d4068
3f2fbf4d
bf983ea7
beaf4009
3f6b4046
bf47410c
4033be89
40964086
401a3fd3
bf2cbf37
40b93fc3
be423fdc
3f114021
be213eb6
3fca40eb
4023bf49
409dbf6d
c02a3cf8
bdc8bf6b
404a4034
40793f6e
40eb3f7e
40bf4056
3ffb402c
3ea54025
be2c410f
3ed34009
3f644082
bdcb40a4
3e213fdf
3f773fcf
bde73fd9
be10403d
4019409e
3fc3403d
40b34010
40663e8d
c01c4056
bd1a4083
3fdd40b4
40b8bf81
4079bf16
40d14081
bf554054
3d2e40af
40b73f66
bf18403f
403a400f
be1c3f22
3fb4bf25
4087409a
408c3da8
c0393eb9
bf4bbeec
bf703d91
408f40f4
3f5c3e2f
40db408a
3f623f38
3fa5c019
40bb409c
40b83fd2
3f1dbe33
3faa40bb
bf1bbf6a
3fbb40f1
40ecbd72
3f8a4082
bdeb408b
400b401d
bf4f4071
40363f70
4079bf63
3e95409b
bf4d3f33
409e40c2
40b63e4b
40d53fa6
3f04bf54
3e5f409b
401840d9
bf6f3f35
bf4a4083
3f2e3fed
402a4093
3ef640ec
40843fb6
c01dbe52
401a4041
401e3f9a
bf764101
40ba3fe5
40c1404c
bf524010
bdee408d
3ea240fd
40c9bed6
c0303fec
bf68bf96
3f6c3f0e
4028bff3
403ebec9
3fc4bdae
4010bf36
40863f0a
bf2cc007
3fa93ecc
bf71bef0
3fadbe87
3d2b40d7
409140f6
bfc13dd9
40d0bf65
3fbc40af
3ffe4023
bee1bf3d
3f1c3fc4
41093ed4
3f464029
bfaa3f84
40154046
be4c3f9d
40edbe55
40244022
3fd4bfe4
3f0840c2
bff4401c
c01e3feb
403cbf88
400f4009
3f6ebfa1
40cebf18
3f42402c
4030bff6
3fd63f22
403640b5
4030bf46
401e3e60
403e4092
3fcabfe9
bef0c037
3f9e3ee6
bf424003
3ff23f5b
406a3f9e
409440fe
3ec33f5c
405b3fad
3e874002
4003408a
3fe740e5
3fde3ff5
41083ff1
3fdcbf55
3f774085
bfec3dd8
40d54009
40a1bfa3
3f63400b
3f683f9e
400240c9
3fbfbec7
41043fab
4004bf39
3f294049
bf8540a0
c0113f92
40d43fc5
403b4051
3f2cbf6a
3ee640ef
bf013fbf
40184061
3f563f21
bfa540ee
4092c027
bfe8bea0
3f023f99
bf7cbfaf
4045bf48
407f4030
40823f93
40944088
4024bf4f
404240de
4042c015
3e9f3f6a
bf803f9a
bc8b409e
3b024017
4055408a
40c6be86
bfedbf6c
3fc9400b
405040a1
be0740f0
40db4034
3f5d4020
3edb40b3
400e4096
bf7cbfb6
4021403e
40554015
3f82400c
40524098
bf4e40a3
3e253fa7
40663ef8
3fff409d
bf054007
40a2c001
40283fc9
40093f7c
40174026
40413db2
bf32c00b
40643fbd
407bbe87
40223fbd
3fa9beb0
bfa0bd6a
40234021
3fa0405b
4024bfd1
403040c2
409f40ea
bec93fff
3fdd4024
beedbf86
3f5f40df
3f28408b
40314032
3de93ff2
bf3440af
4040bec5
407e3e60
3fe34022
40a63fbf
3f97403e
40204096
bfce400c
be9d3fa7
3f57400e
3f9c3f3f
40364095
bf87c019
bf883f00
3f84403d
3fb74011
403f401b
3f0c410d
3f903f8c
bf933dd1
401e4024
4031bfef
408cbfc1
3fecbf05
41083f7a
3d1b3fc3
3ee64096
3fb0403c
3fe53f25
bf4a400b
3fb140a7
bef14067
405c40ba
bed83fdf
40923f9a
3e6940ba
3ff3c013
405d4088
409a3fa8
3e734071
40224004
400140d1
4030bfc2
bf093c8c
bfc94060
3f0ebe0a
408a3ef7
403c4097
3fd6bf55
40684072
be184010
3fca3f7e
40b54066
3f413fec
bff83e89
bf1140b7
4082404d
4049401b
40a4be96
be953f16
bf2f408c
4042bfb2
40c03edd
405dbf38
c019408f
3f994055
406f40cf
3f424108
40954031
bfb13fd3
403a4005
40214075
bfa8403f
bf283e5f
3f363f8b
400c4090
3b843ef1
40ac4076
40834031
40e53f50
3f93409f
4049400b
3da840bf
40ed4014
40a3400c
3edc3fe7
bfb6bfc8
3edf40c8
3f84bf05
40c54030
3f263e91
40634012
3f834097
40284014
3f924080
40004052
402cbdd9
bfdb40a4
40a83f8a
bfa73fc8
3f754037
3fbd4042
bf9b4030
40d93f74
be363f6f
3e6b404e
406bc01f
3f803fab
3fbebec7
4008403a
400d4098
40883f3a
3e80c016
403f3e36
c0053d54
bf424083
4037bff7
40144099
40aa3fa0
40dbbd8e
3e4c40ad
3ed740bb
40144034
3f754034
c0334047
bf44406c
bf754051
3fd440a0
3f0a3fa6
40c53ff3
bf743fee
4087bf4a
40b04038
40e23f89
3fce4011
bec63fe3
3f9440e0
bf31407a
bee84003
3f6c3ff6
3ff5402b
3ed3bf18
3f3fbea6
bf943fb7
3ee6408a
bf68bfe3
3fee3f0b
4031bdfa
40d0bf27
3fc03fc4
3fad40a3
4045bfd7
40674076
40cfbf63
40cf3ce9
bf2f3f82
4008bfbe
40b23fc4
40613f12
4105408a
beed40a3
bf133fbc
4021c032
40f04003
41063fc4
40343e99
3f7540cb
400ec00f
4099beb3
408c3ebe
3fbb40be
3fb33c98
408c40af
403b3eb6
40e6bef5
3fd840ae
bf0a40cb
402a3e1e
404b3fdc
beba3f08
3f1a3f1f
3f9a3ec8
40643de2
3fae3fde
3d9abe53
4006bfa3
3ea040e9
409d3f76
40c43f73
c011be3f
3f35408b
bfb740e8
408e4054
3f8d4007
410a408b
3fd7bfae
40243ee9
3eea4003
bfd4be45
3f243fd3
bf11bfd7
bea940ea
4074bf23
403e3f65
40553ec4
401a4085
3eb4bfd4
bf9b4049
3fa04019
3fa24049
3f2a401c
bfb93ecf
3fdcbdda
3f1d3fbf
40ea4058
3fd54062
bf35bfde
3c9540b9
bdd9be28
3fe94041
bf1d4083
3fdd4042
3ee3410e
408c3db1
40103f24
402b4012
3e1a4013
40884108
3fee403e
40643fc5
3e2440ad
40734052
40944076
3f643edf
4097407b
bf68bfa6
3eab4098
3f60bda2
4032be22
bf21bed7
bee03f13
3f463fc7
3da240c4
c01d3e3a
40ad4039
4007be5e
4045c007
3f8f40fc
40b73e21
be7cbe2e
403d3ec2
4017bed0
3e3b409a
c0114011
bf6e4081
3fffbfbd
bf2a40ca
408a404c
40c93e7f
40d2be25
3efe4085
bf744019
40943f69
becf3f8e
40be3fd8
3fe3409e
4040bf67
3fd4410e
406f4038
4100bec5
be0abf92
407c4085
3fe140b3
bdaebf78
c01e3f47
402f4002
bd963f27
403f40b3
4057bc42
bf7b3db2
3f984022
406040b6
406b4096
40cd3f71
40863fab
bf693e95
3f89403c
bf4f405f
40ba3fa9
3f71bed1
3dd9402a
3fd43fde
bfc440a1
c0193fe8
4084402f
402c401d
4070bfbc
bfb3400b
40eb3c02
3fe64088
40104090
3ed14012
bfd04066
3e5fbf4b
bf9d407a
bd1b4082
be634010
3f343ffb
40cc3e54
409dbde4
3fa64033
be604091
407f3f67
40b24009
bf03be3c
401a4098
bfc040af
bf0540fe
40024034
40c44039
bdb5405d
3fb63d31
408b40ad
4084bf19
3fa7405a
3f794096
beff409c
bf4940da
4087400b
bf53beed
3f7b40c0
404f3f27
408c40f9
be933d94
4049bf98
40224095
bed44010
40babf65
3f093f58
3f2cbf6f
bead3f42
4074404b
4070409a
3f943ed5
40c33ccb
400ebf7a
402c40a2
3f0040f1
bfafbf51
4057bdf7
3fe2bf8d
3e0abed3
bf703f25
40393fe7
3f2a3fb8
3e33bf80
3fd540e0
408240f5
406e3f6f
4014bf21
3f30bf5d
3efa3fbd
403e3fea
3f98bf2c
410f4013
3fe03f8e
40643f1d
3f093b92
40523f8b
c015403a
402fbe91
3e84bffd
bff140bf
3fe84021
408f405d
3fa03e98
bf7240d2
4099408a
3fa53f1a
c00f3f61
3feb40bb
bf744039
40323f17
4072402d
40313f51
bea8bfe3
3fda40e8
be8cc024
40663eba
bfee4047
3fee409f
bf0840b4
bff8beb6
bef63ffe
409dbf4a
40183fba
404b4008
4029be6b
40824023
40dd401b
3ea440ba
3eae40c9
400540ec
40e54039
bff84085
3ffe40ba
bf94bfa8
4090401c
40783fba
40e53fc1
bef94038
3fe840b7
405cbf01
40133de1
c01f3ee3
402bbfe3
3f183f81
40934034
40913fe6
c00cbf9f
3fc1bf53
406f3f93
bfae4058
40b53ff3
40e4bf91
3fd1bfd4
be8a4019
3ff4c039
4016400c
3f86bfb6
40074008
4054409d
3f5540a8
bff0bdf6
400f4079
beef4086
bf454065
be2e4103
3eec4013
408c404e
402e3fec
40144026
40ba4071
bf7bbee2
bdcc3f88
bf593f03
3f813fad
4016c03d
40debf7e
3f073f90
3ee9bf32
4056bfe5
408dbfb3
bf714023
bfe63fc8
3f2abee1
3f36c009
40b5408a
3e80403b
bf464057
beb03fc1
3fe9c013
40a040e2
c00a3fd4
c008be96
bddb4091
401340b5
3f1a3f89
3fcb3f29
40df4081
3fbe4096
3f27bee6
bf984072
4046bf0a
c0034043
403abdb7
bfae40cb
bf6e3ef8
40673f23
40443ff4
3e8c3bbd
40373f8e
be1bbf48
40354024
40c5405e
3f93bf0d
40023f0d
408cbfa3
405b3f9a
be9dbf99
3ff23fd9
bf114076
408b3f69
40974021
be8f3fa8
4030bf3a
bda34005
3f2d3f1f
bf253e0b
40eb4017
3fd54085
bf6e40e4
4017410b
bf283f09
40ffbef9
4002bf98
befe3ed1
bf9b406f
4092be8d
40e73f56
403d408e
406abf4a
bfd740fb
40bb3eed
40c93f22
403540b7
3fe0beb6
403dbfc6
407dbea8
404ebf2d
400b40ab
400340a7
40894083
40933ea3
3f5a4052
3ff2be96
bded3fc8
404b40aa
40d33fdb
40a74051
402dbfa9
bf9bbfe7
bf06c02e
3ffe3c22
40cd4059
bd85bfd4
bf8cbfd0
40673f91
c0004005
3efa4082
4035404a
400540ed
40b74099
3f923e5e
bf3c4065
3f3abe33
bd3640dd
3fd63fae
40354034
40c13fb4
bebdbe94
3ff7c005
40b14098
3fe7402b
40ab4041
3f29409d
bfafbcc6
408a40fd
401c4032
40d3bea9
3f96be64
4087bf5f
4011410f
40e23f04
bf3a3fea
be2abf0c
bf8f40d7
40304013
3fbe4015
40a7bf6f
402040a7
3f3a3ff9
404c40a9
40acbf16
4098bfaf
3faa40b2
bf3e40eb
408940b1
bd9c4027
3ff63f98
3e10409c
bfb73dd5
bffdc012
c00e4040
4079401b
3fb3bdab
3fec403f
40a6408b
40234005
4005bfab
bf153d8e
bf9040c7
409c400b
bccc4022
3f333fc8
3f213faf
400dbf25
be413ff5
40ebbe55
40854071
403f3f93
3f94bfdb
3fa84017
c0183fda
40db3f37
3f953f01
bec8400f
402d409d
3ee2402e
bfc2bec0
402c4093
3fa94096
3fb44093
407abf17
40ce4085
401d3f55
4037c002
bf0a40d2
3e943f19
3fb13fe9
4010bfd8
beb74081
3fa2409e
4077400f
40fb3f23
3f7a40bb
3f854088
4001403f
40133f5d
40fc3fa9
3f15be86
bf554085
409a40b1
40883eb1
41033e89
bf62be4b
406940c7
bf9b4102
407b3d40
3dfd4087
4015bf01
bf87bf23
bed140e9
3ed93e24
4032bf16
40383e67
40903fdb
bfdac005
3f623fdd
3ffe4048
3feb40b5
3f3340c7
40c03e98
4007bda1
3ff4404e
3fe13f2c
407b3fe8
40bc403d
bf5c3eb9
410bbf6d
bf38bef4
3fbd3e98
403f409a
3f7e3ed9
c03f400d
3fc5403d
bf103ebf
bfaf4087
c0154001
40cc3fb5
3e6c3e6e
401f4008
403ec01e
40953dfe
3f9e3fa4
bf31409e
bea64095
4055c024
40973fe4
40f6406f
bf02c000
40254087
3f6540e4
3fee3f78
4105bf1d
40344097
bf5c3f3f
40233e90
3fe63fa0
40cd3f97
bf3f3f09
40703f95
3f6a40e7
3f8d4032
408a403f
be9040a0
bf1bc00b
40584109
40194008
40fe403b
40364015
3e6840c7
40653fce
bf943f79
40874025
3fec4095
406d3fc2
403b404e
bedc3e37
41093f8a
bf773ef7
406140ae
408240cf
beb13fb8
400d3fa1
3f3f4052
405040eb
3f603f71
bf353fde
3ff54020
3f753f7d
bfa140aa
40ad3fa4
401a3f9e
40023daf
bf4f4036
3f9ec001
bf8a4084
3ffe3f7e
40c33fb3
3fb2402f
406d40ee
3e144024
c0193dba
40e03f94
beac4043
40793f1b
40a74105
bf77bd32
410e3ce2
3effbfb9
403a3e0c
bfee404c
40483e56
40533f86
be6d40a9
4052405b
bfbc4094
4086ba90
b91c3fb5
40044037
401040b9
402e410f
40b33f80
c00fbf31
be7a404d
409040bd
40314100
40d7403b
c00c404f
400f4083
400340ea
409e4070
3fea3fb8
c015bed2
3f77401a
406cbe93
407140e0
bf433e55
41023fd1
3fc5404d
bf9240c4
406a4092
bff83f3d
4109bfa9
3f20bfd5
3f843f81
409a4027
40e04013
40df4007
3f1240b2
40003f1d
409b404c
3f123ffa
3fb43f5e
401640bb
405b405c
bff7bfc6
bed43f8b
3fa33f07
3fd0bf74
bf9d4064
40563f9b
40bf3f21
4110bf71
4034bea9
405940b3
40a8410c
bf3c4033
400c3e06
4030408b
4040bf0d
402f404a
3ecd3fcd
40fa4089
3f074046
3f4abe8a
402a407b
bdab3ee2
40cbbc32
bde44064
4006bf74
40b94074
bfc53b6b
c02e3f0b
be88bdcd
40874046
40adbe64
3f633f50
bff83fe4
3ce6409a
4052bf56
409c401b
bd953faf
3f1e3fc3
3f524009
beba40b4
402940b2
40e4bed3
402d408e
bf06bfd2
bfa540e2
be8240c4
bfd64023
3eac4011
3fbb3ec6
3f21bfe8
bf76c02b
40453f9c
40b93fb6
3eeb3f9b
403c4090
40bf4001
bd2b3fe9
40723fe8
4008bf35
3fbac016
40a4400b
4055bf57
40df4044
3eb1bf51
3f0a40e6
40884054
40703fc9
3f1b4034
bee74083
3f2c3fa8
40914083
40dc3f6e
c0313f51
4016bfb7
402140b2
40173f5f
3ffbbe88
409a408d
400a4050
3fa040a2
40924105
409b3f82
41034067
bf6940a9
407040d5
3fce410c
408c401c
c03d403e
40263ff7
40803f85
3f8c4083
bfe5bf6a
406b4067
3f614082
40453e45
bf56c02b
bf6f3eb9
bfa03f72
402240a2
3f663ff6
be6b3fa0
bffd3f55
c0304083
3ffbbfc7
407abe23
3f8340a6
408fbedd
3f9f3f98
3fc3bd10
407dc00b
3f2f4090
bfdcbd55
40b2407f
3eda40b7
40744038
405b410d
40b0402e
3f73bebb
403840bd
4055409d
402a3f97
3f033f9f
be353fb2
401e406c
3fb740a8
400dbfa5
40663f69
4020bfa5
400a40b4
4017bf27
40c04055
406f3e4c
402d408f
4011bed5
403040a5
3eaac00b
40ac3c77
402d4027
bf664042
3fc7408c
3f8fbe89
bbc43e9c
40c74003
3f0e40c0
40303f4b
408b3fdf
bfc13fa4
406bbee3
3fab4088
3f20bfa9
3ff7c00b
bff43f9a
4014bf13
3eb94088
bf6040c3
bf87bf26
40503dbd
c03dbf93
3ff640ae
bf743fd6
3f633f9b
c01d3f10
40e3beb1
bf6d405c
405b4083
401040d7
4020bf50
40b0407d
3f133d94
3e80bfd2
40374008
bf284018
40a9402e
bf563f56
3e1ebea0
40a53dce
bdfc403b
bf05be4b
4023bf8c
3e1dbff6
3e994105
3f143d4b
41104010
3fef3f8a
3e99402b
3fbdbc24
409a4011
40174025
bf483e18
405740a6
4099bf39
40833f82
40c7bf88
4001bf74
3f8dbdb8
3ffec035
405a3e38
40f44020
3f37bfa9
403c3f97
40ae3d12
40d2401d
40013c99
3fe0bdf7
bfbbbd39
3f91be9a
c00f3ea8
40fcbf88
402e40a2
3fe940ed
40984021
bdeabf17
3eccbf5c
3eaabcda
3f654034
400b3e87
bf9b3e6a
40014087
3fbc4003
3c543f47
bf413f99
3fa74022
406a3fd7
3e503fc3
3ba5bfd0
403abffb
40323d4c
40be3ffa
3ca74004
408240db
409d40fe
3d854024
40193df5
3fb33da7
405c4010
4098c003
bf8fbec8
bfd2408b
40263ff0
404840dc
3f9940ac
bee83a33
409a4087
3f8a3da9
4087408f
3fc840ae
40c03e99
bf85401f
bf27bff7
404a3fd3
40b2410f
bfbb3e71
3f4e4080
bebc3fb9
4004408e
3fab4107
4073400b
3f953fe2
bed5404e
3f7d40b0
3fc240c0
40023f47
bdb4be9c
3ea8408b
3fa5bd39
40b7bee3
40a33fc4
40e1bde6
401fbf3b
bf2540b5
3fe0c035
40db3fdd
40a63db0
bef8406e
bcce3e81
3ec2c013
4019bf14
40074059
3fb7bf9f
bea7bf53
befc3fde
bfea3f14
40784016
4025bfae
3faa40e6
40a34050
4096401a
40ea403e
3fd14075
40094090
3fe2c03e
40c73fc4
c0353e81
3ffa3ed4
408ec00c
bf2d40be
be7abed6
405abf9a
401d40bb
bf7240ed
bfcc3ff2
406dbebc
be663f83
be934027
40414025
402c3e90
4059bf4f
3f9fbf8e
bf62bda8
40284034
40ad4057
40ce4028
c0363fe9
402f3fcb
405940ce
3f9c405b
c0203f5d
4012bf18
bea3403c
3fa74071
40b640ac
40c6be78
3fd6bf6f
3fc03ef8
bf2140d4
4089bfdc
40693fda
becbbf58
3fe54063
3fbcbf75
407e3f6a
40debf73
40283fa0
3f15bfcc
3ef9bfb9
408140e2
3f6a4006
41053ff3
3cde3ee6
4070409c
bf843ffb
bff33fb3
40e8408e
403240a9
40573f58
3e73bebe
40e5be04
403c3eee
40333fd7
3f49bfc3
3f8ebfd7
40e4bf7c
40f83f81
3ee53f4e
3f3940b4
40863ff6
40d2403b
bffe3f9e
3f0cbe85
3e953f60
408f40a8
40cf3f57
3f98404e
3fd240b0
bf20bf17
4089c03d
c00dbe3e
40cbbedf
3ebebf11
bf34bfe2
bfec40d3
3efe3fc2
4102bf0b
3d41bfc6
3ee440a1
40af40d0
c00cbf6b
bf844008
4019408e
bce140a3
40b64066
bf03bf71
408c3fec
3e3cbf27
3ec2bdeb
408740a0
40c6400c
40ff4072
3f93bfc0
406ac00f
3fb540b0
3fd3400e
410f3f7e
402a40bf
3eb6bf11
40a7bfdd
bef93fdc
bf403f1a
400c3fa1
bcf1405d
bef93e88
bf4f3f84
400d3fcb
3ec63ef1
3f4a4047
bdab40cc
40ec3f17
40383f2a
4005bfcd
3fcd404b
402ebe85
bf7d3f1a
409c4033
3ff93f12
bf273e6f
400b407a
40a6bf12
3fcb3eb2
4035bf9b
403e402a
4003bec8
40c64009
40c03f53
bf1c406c
3fd0bf2b
40a24045
3fab3ed0
41103f2d
bf07401b
3e9640b8
bfff3b76
40284034
bf90bfae
3f0a4054
4036c002
40b34010
40d94007
3ec93fed
3f9dbe44
3fa94074
bff5be63
bf3b3f8d
c03f4078
3f33bf16
3c214099
bf5d407f
c0014029
3de53f93
be814083
40463fa8
408c40ce
3f683fc7
3ffe4082
3ce04004
40404085
bf8e410e
40c9bee4
3fab4047
bf0f407b
bf4ebd10
405bc020
3f454017
3df4bf5e
3f9240a6
4087be64
40aa4007
3f6b400c
407bbf6e
be11405c
3f9b409c
bfe5bfba
4082bf08
3ff64089
4034bff3
402940e8
404a4103
40993f73
406d3e44
be053f1f
40843fb4
bf1bc006
3f28be00
4031bf29
3f9f3f64
3e284035
bfb33ead
4086bf54
be643e88
3fbc3f8c
bf82bf6f
3f324025
40804014
bf62403b
be92bf86
3f824089
bff43f3d
40824031
3fe9408f
bea7401b
3fbb4085
3cc3bfba
c01abe80
40623fcc
402f3f8b
3fed4021
403a408e
3fcabeea
4105406b
402b4048
40424081
bfddc030
3fb7be54
403d4064
40073ddd
3ebb4057
405240c7
40493fd2
bf003e03
bf3840b1
40833e1a
40b84046
40823f93
4003408f
400f3fb6
401d4031
3ee7404c
bf06bf29
c0074060
bd5a401e
401d3f53
40bb40dc
40483fea
40b43f8f
402f3f9e
be5840ee
3f953dcb
bf80bf6f
40e0bf05
402b3f12
3fab4067
403540c4
bfccbf42
41044080
4036bffa
bf943ef1
40aabfab
40dd3f67
4099bf04
3fd93f51
3f7c4059
408e3fbd
bfc33faa
3e4abdec
beda40aa
3e50c016
bf10410a
400bbf33
3fa93fad
3f8440be
3f3940b2
bff74096
40663fcc
409a4085
3efdbfaf
4027c011
407d410e
3c24bf2d
40dd402e
3ef94089
bfad4000
4083bfd7
3ff3becc
40963ee9
3ec73e5d
3ea140dc
40124060
402a3f65
40e53fbe
3eb3bff3
3e833fd1
409040fc
3eec403e
40054047
3f4f404a
403abf9a
408c4012
4090402f
bff53f43
401dbf51
bfa2bfb2
3f1f3fab
3f974009
40a3401c
be01bfa8
4019bec6
3f753fa9
bf023fdb
4040402f
40083f7b
bf84bec8
408b407c
40db402f
bf2b3fe8
3fc340ac
3c8b4091
3d3d4082
4041bf3e
bf794023
3fd04057
3f3540da
be9ebf36
3fb53e86
bfb34040
bf2e3f51
4009c00c
bf8f4061
40cb3e29
40054008
3f114043
3f8d3fc2
402b401f
3f6abeeb
40d8bf9e
40084081
401a400d
400940de
4066bc48
41033f34
3f18bfe2
bf2e4066
3fc840b0
bfac3dba
3ec8408f
3fdc40b8
40563c24
3eed40cf
bfb03ea8
c0044077
40313f88
3fb2beff
4024c009
bf013fea
40fd3feb
3f97408c
bebf404a
bf514103
4012403d
3f1b4090
3f923f98
3efc40b3
bf464031
4085bf72
40593f11
3fe840b5
3fa9bfea
be73bf89
4008bd75
4095405d
3dc3bf83
40114062
bce94101
4092403b
3f7b408f
3fe3bf1a
bf853fb8
402c410a
bef64000
bfce4002
3e493fda
401c3f24
3f823fe7
40c53f78
4042bf07
40354008
40623f1c
bffb3e9d
40883f50
400b408d
3f9fbf72
be2a40ae
409940a8
3e893ec8
3f8bbfaa
3f98409c
bf063dfa
402b3fce
40d73f46
bf053f81
3fb63f7c
4015404a
403bc023
40ba400f
4082bd1a
3f504051
bf9d40cc
bd2740c4
bfa1be1b
3f623fe0
3fe74092
3f99406c
3f23be2e
40b3bf1a
41103ff3
3fa03f46
4015be89
409640de
bf263f7b
bfb4bf51
3f863f90
40843fcd
40a540d5
40883e9c
40a24088
bed74098
405a3ec5
406c404f
40574024
3fb2bf2e
3ee53ffb
bf8040a7
40483f89
403cbf56
bf3d4076
400e404f
bfb53e97
bee9be86
40ae3e07
40f9404d
3f28bf96
be00c01c
401c40e0
40cf3e6e
bf3ebfa7
4040400c
be5f4059
4058bfda
4031beb7
40dfbead
402f40be
4041404c
3feb40c5
4045bf3f
bfff3e3a
3f084094
40654025
3f9440a0
40933f93
3e934016
bf034094
3e6340bb
bfa83b85
3ffbbcda
409dbf89
40284022
3edc3fcc
3fa5be68
bfadbe78
4035bfa2
400bbfd0
3ff4c012
bfeebf54
40b8bf5c
40a54025
bf803f72
3f1d4095
406d40c4
40a93fa4
3ef8bea5
be91bfea
405e3db2
4081401e
40303f09
3e213fed
402b4054
bdee409d
407440ae
3fa13f86
40424066
40174056
3f954051
407b403c
40bf3ea4
40af4042
3f854091
bf99bfef
40374027
3dfa3f2d
3e2e4053
402bbfaf
3ff3406b
40a1be91
3f85bea9
bfa63f89
4037402f
bf98403f
3f94bcef
bf14bea5
bf9c3d9d
3f77bf9d
3e1740e5
be0d4023
c0043e93
40b33f5f
3f764014
407940b4
40a84090
3f973fec
41054038
3fc13f51
3ff3409c
bfab40c2
406abe65
40724007
be8b40b0
bf754092
bfe240c9
c0183f57
40a5406b
4010be5b
406ec002
3e534107
4058be9d
40fd3f90
3dbf4085
3fc7bf90
3edfbfde
3eac3fa4
3fb23e5d
bf3b3f50
3f163ff1
4025c031
40c0bf52
bfca405c
3fb33ebb
40684025
3eb4bfeb
406b402a
40f2be30
bdec404c
403540b4
be5940af
40cc3ffc
40603c83
bf3e4068
3fa340bd
4077c014
404fbf7b
401a3ede
403a409c
40694076
3f88bf4c
3fea3f67
40f2bf9a
bf0c403c
3e694046
bfbebf84
4088400e
40063ebc
403cbfbd
3fafc006
407f3f3a
40823fe9
40d0405f
4030401b
3fe640e4
407140d4
407c400f
4069400a
be4940af
3ea5bfef
404ebf95
bfb6befc
40d14087
40154050
3f5240d5
3f964046
c01c3da8
40934060
3f203fbb
bed9beeb
407d405b
c0033e9b
c01fbf0f
3feb40b2
402740e4
40b94092
3e40beec
4055bfad
402ebe0d
bfa3bf14
3ff34035
40613e2b
be8e3f37
3f40bfd6
407740b8
3ea5c01f
3ffc4006
bebebf12
40264085
404c3fae
404e40dd
bde2be88
4055bf08
400e3f98
4065c01e
4093c03a
409c3f8b
4072bf8d
4018bf1a
3cc1bffa
40bf3f3a
c0053f25
3fbcbfb6
3f634081
3fec40bb
40b2c004
408b3ee4
c01c3f7a
3f5540a4
3f9cbe2b
bf7a40b6
c0093eb7
3f9b4047
3f673fd2
bf653fce
bfe1bfbc
40434014
400e3f4a
3f834092
403f40e0
bfd13ffa
403f3f53
bfc6bd82
40274092
bfad4089
40af40ac
beb23e48
3f333fcc
4036bd1d
3e8c40dd
40293fd9
3ef04001
bef53f0a
be2c3fc3
3d43bf51
406d40c7
408b3fb4
bff34012
bf75bfcc
3f92405b
bfb73fa9
be21be67
40bbbf06
3d9b4087
be9940e6
40a7409e
3fcc4030
40633f74
400cbfac
3fe0bfd0
4086be93
400a4032
40284082
4033bf18
bf093ff9
40a43fa3
40c03ff0
3fa73f1e
4031bfd6
bf54401c
bfa44085
3eb4bf6b
407f3ff9
3fed3f98
3fd94057
40313d6b
40a0400f
bf164014
bf333faf
3e9cc003
3fb53f9e
bdfc3eab
3fcc407d
bf1240bf
bf9abe62
40ab4102
40ac3fc9
3f3f4001
3fca401d
3f86408c
402c4083
4064400a
40513ef6
3e964036
404540a2
bf8d3ea8
bf13be82
40eebf89
3f1240a2
bfb540a4
3e80410d
40adbf59
40e7be41
3f0f4029
40544025
408440ae
40243fed
c03b403f
4024bfb7
4088409b
bdf34103
40473f61
3f5c3de4
bd964070
3f5340ee
40bbbf0c
40783f1f
bf523fff
4037bff8
402a3fe1
409040fc
40cabf1b
403abe46
3e96bee4
3f3f3f1a
3f804032
c0033fdd
40de3f7b
3fa3bf20
3fa340cf
3d964086
40073f0c
3eb43fd5
3e8f4036
3ffc40e0
3fb8c010
3ffa3f8f
41063e07
4040404a
be833fc7
40a0bf91
4091bf45
40f34072
402dbff3
bdd2c008
bf16bfa2
40c43f11
bfd84084
4030407c
40314073
402340ae
3ed03ff5
410e3fbe
bf333f2c
40814069
403c410d
3f924008
40ac404b
bee44038
3fd9c017
bf893fbf
be163f45
40a44084
3e99407e
408e40b4
bfa6bfa3
3fb73ffa
408cbfab
bdc83fa1
3f2c4030
3f9dbea4
bfd63fc5
be974014
3fe84072
bfb33feb
bfc84076
40c4be57
41094081
3c85bfc4
3f0b3e5a
4017bf7b
4079402c
410a3da8
be9d400f
3fe2bfa1
bf544108
40de3f10
c01f407d
3fb54067
bf88bfdc
3ffe3ecf
40303fe7
40cd4086
3f9d4023
40614015
409b4012
3ff63f85
3f7b406e
4037be8d
4008be66
406b40ce
40debe25
40113f90
403bbf0f
bf364096
bfe5409a
4003bf27
40f7bebc
3fecbe1d
3f92c015
3ef940ee
40d2bf7e
40eabfba
400a4052
402f3fca
3ffe409a
bfce3f6d
40843ee9
bcdc4078
3e5ebd76
3f1e3ff1
bf55402b
40c2408d
3fd63fe8
4047bf01
bf873f24
40134030
40213e9b
3f2a409e
bf0a408a
3fdec03f
bffc3f9a
406f3fd6
401440a1
bf0340a7
3f8740f3
400e3e75
bef1404f
3f18bfee
3fe43f61
3f3640d9
40a0bf0e
40cb3f39
3f744099
3e8c3ee8
405b4015
bec73fc2
bfed3e83
bdca3fb8
4064408d
409c40b6
40883fb0
403c3e63
3e934039
3ec240aa
403d40d1
3f063fc2
3fbc3de8
3ff03edf
3ed9bed2
3ee140e3
40eb3efa
4077408e
3f563ea6
405a4001
40313f7d
3ff44011
40ae3f6e
bf2d40ad
beec40b7
3f8540b4
bf47401c
3ffe4075
401a405a
3fd9408d
bfa93f97
405a4019
3ffdbe01
3e443f67
3f673eb4
bfee4017
407fbdf8
c01abeb1
be71bfb5
3f7740b3
401140fe
3f04402f
40004083
401140a4
bfacbd87
4037c023
40e2bea6
405d4074
bf793f72
3fe140e6
bea53e83
3f614018
40fd3fb8
be5cbf76
4084bee9
40be40c5
bfd2bf7c
40093f13
bf0c3efb
3f02bff1
403a40a0
3fa3400e
401e3fce
3f9bbfb4
403440e6
becebe79
4099401c
40623fde
be5e3f7b
3f434034
40354011
40c94005
40ad402d
bf5dbf92
bf66bff1
bfe3bf2b
40683f6d
40173f32
bf35bf97
3fe4bfa2
402d4110
3f7d4011
40d44074
3e3f3f9a
3f164038
be1e3f3a
40cabd9a
bf193fa5
3f943fab
3fb1be99
40a93f21
40c73f6b
40b83fad
bf674056
402340da
bfba4087
bcd5bea6
bfbb406e
3e214023
3f8f403a
3f8b3fc6
40ea3f22
40424006
bef240b5
be4b3fb7
40ab40ec
bf10bedf
40ccbede
40013f40
bf97c016
40bdbf97
40034024
41104016
401c4039
40794094
40144087
3fe3bf3c
3f08408c
3f3f4047
402c40da
3fb5bf33
c0203ebf
40be3ff2
403e40aa
bf274079
40b540e3
40e6bf22
be113e36
bedf4025
4038bf8d
409f40a8
bf924039
4103402e
3ead408b
40123c87
4027c035
3fb3bedd
410ebeac
3fd2bfba
3f494053
bfd3bf12
406c3f6f
40973f87
bf69be87
40514044
3fed40a0
bfe94039
40f3bf9e
3feebdfc
408140be
408d4103
c005be64
410a3fd4
3fdd3ff7
bf0d40c3
4004410e
bef3403e
40a5404c
4015bfca
bfb24096
3fa9407d
408b3fa3
40363fdf
400cbf6f
3fddbee5
4019c00d
3f5e3d12
c023beae
3de13fdb
3efa401d
bf4cbe1b
404fbe82
bf204065
4030bfbc
40763ff7
bdd1bfd4
40103e81
40ec4081
3f163f21
bfa340ef
407d40e8
4014402a
3f7e3f4e
bf17402c
3fcdbf7e
406b402e
bf17402a
40e84088
3f40bf9d
400840dc
408c40f2
c003400e
bfb24009
3f06401a
3ede3fb6
40813f14
3ead3fdc
40a73f09
3fe1bf88
402dbf95
3ecc4086
bfc73fb8
401f4085
3e904091
bf1040aa
3fb44085
40ca4003
be5c402c
3e87bfd0
3f963fcb
bdbe40f8
c01c4006
40a0404e
3f484074
3f1b40a6
4044c030
3fdb3fe1
c00b4023
401c3fe6
bfbd402a
40b2c029
40ab3f45
40f03ec8
4030bf1c
3f8c4050
3faf4006
40cd403a
40efbc9d
3f6e4034
4052400e
40914081
bef2bf3a
40134063
3f45406d
403a40ec
40114054
bf184034
40df403e
3ea64078
406040eb
bfab3f34
3ec3bf80
40d64035
4022bfc5
bd1c408e
4001c034
40c63ff5
3fc7bfa3
bea0bfab
3e1bbeb2
40314102
c00b3f9a
40ed400d
3f22bff3
40163ecb
bf5a40af
c00c3f9a
40464051
402f3fe6
3fab400d
bfb84019
409dbf40
40ff4033
bf29bf8a
405840e6
403a4009
400e3fe2
4093bf96
40044080
3fb9bfc2
4054bdc0
bff53fc6
40924003
bef53f6f
3f664057
40334088
40ce4018
4028bf36
bed33f77
40833f11
3f71bf12
bfd83fc7
400e404f
bf65403f
be18bfe6
40b94008
40a9be7f
40063e33
4027401c
3f3d401e
bf013e64
40a44013
406dbf78
3e8c4092
bfaf409a
bf384038
40ef3fa7
4106401a
402140b8
3f0d3efc
40653d91
bc8e4024
4108401f
3f9a40b7
3f30bda1
40893fac
be494010
40384048
40353f66
beab40b7
3f9240b4
4062be89
40514083
401b3f80
4017bf36
4006bfa7
be9c4018
40dfbf94
bf744014
3f56400a
3f2e401f
4031bf65
3fc83f60
4011bfa0
405140ea
3faa4049
3f32403f
c0274028
402b4045
4087bf16
bf5b3f9f
bef03e8d
40413c25
bf203f49
400b3ec7
bf6140ce
4064bcad
3ba83fec
3f1e3e01
3e70406c
407340ee
40193f28
40f03f2f
3ee5404b
bfbf4096
401b40ab
408cbd8b
3fa73f6f
3fa24012
3fb33f9e
3fab40a6
40d0be5d
c005be87
403e3eab
be85bff0
409f40b0
bf584009
3f3ebf89
40234040
3faa4008
40144018
3e183df1
c034bed0
3f3f3ffb
bd82bf5c
408340aa
40a73fa8
bfd2bf8c
3f7440b8
bfa2409a
408640a5
4020bec0
408bbf37
3fcfbf44
403340d6
401640ae
40e93f8d
bfeb3f84
bf5b40a7
3f813f61
408f40c6
40a5403b
bde34003
40114094
40194004
3f4c400a
40e2befb
40c33f72
401a3f04
4089bfcf
bf383e88
3f803fe6
40a54018
3fa53ff6
bf1f40af
4097c03a
4008bec8
404f3ff5
3f9d3db8
bf764074
40694008
40a63fca
40c44028
40154096
3f9040e7
3eca407d
3f5e4038
bfd03fbf
402e4055
3f19c017
4019c003
40e23f18
40aa405f
4020409a
3fd540bc
402e40a3
40bfbeea
407e4022
4037409e
403b3fe1
3f2b3e83
3d8cbf1c
400f3f0b
bf2e3f8f
402b3e05
3ffcbeb4
403bbf30
3fea3f69
40373fb3
3fc24090
bf7d4017
bf82bf18
c004404f
3f9cbfbf
4041402b
3fb840d6
40e8bee8
41074042
403dbf95
3f3f40a2
3fe14013
3eaf4034
402b406e
3facbe80
408f40c3
403fbdd5
409c3cc8
40a9bfba
4033bf83
3ff43fe0
bf5440be
40834018
41004065
be4a4029
3f65be0c
bdfdbfdf
40a03f94
40d83f91
bf26bfac
be7abea7
402740f8
bf3e4032
bfd9bf75
3f113f84
bf8a3e9e
3f5bc024
40b4be0f
410c3ffa
3f34bf7a
bf8a40dc
40b53f30
40de402c
40a53f42
403b3fe3
3f963feb
bf1f40c8
3e913fac
3f98405b
3fdd3ead
3fe9402d
4003be39
3f134021
40364089
bf7a40a0
bde140b9
4048bf08
c0033ff4
40a74087
40223f74
40303fb6
be223f51
40664032
4103401a
3e24bf66
bf8fbe78
405ac030
3f34400f
408fbf62
40304062
40093f41
40bb40de
403f3ff1
bfb93fb5
bed73ff0
4074c008
4003bfbb
bfc13f87
beac3fe0
3e333d72
400240e7
3f8440e2
40413ecb
c0344012
3f9140a5
3f4cbfeb
40363f0f
bf64bf11
c02dbf9e
3ef8408d
3fdfbfca
3fcd40cb
40d03ffd
40254010
3f874023
408ec013
bed440be
4038bee9
40114040
3f5ebe3c
be0d4064
3fb54066
3fc4bee5
3fb53f7a
3f3d402a
3f8540eb
408540b4
40bbbe64
40cc407e
be4ebf85
be6140cc
400b4102
408d3ea5
410a4084
3ddabfa2
40263e76
3fbe4068
405f3fd8
c0223c8d
3fbf40b1
bf8540bb
4085402a
bfc3be4d
40e44083
3f923fc0
40474066
3f0a3f13
bf943e06
bfc03fab
3f9ebfa6
40814087
bfb83fee
40c8bf04
bfe84088
40334044
40734083
3f88bf8f
40473f88
40a43f04
4021bea4
3f3e400b
3ff6bff3
3fa53fa1
409d4010
3f2b40a2
bf8840e7
40a240f7
4088bf25
3fbdbf34
3e0f3fab
3fe23ef7
40af3f94
406f3f86
4099404b
bd9b4087
3f4440f0
3f5c40f0
3ea13f40
41064019
3f4f408c
3f584049
4016c020
bf97402f
40cb3e97
3fc5bfad
405640cd
be89bf03
3fa03f0f
40b13faf
be804085
3fb34026
401e3f55
3ff43fc8
bff1bf3b
3f27bfee
401240e0
3fd0408f
3f843f87
41104058
3f184097
3fee4089
bfcc404b
4013bf0e
40e53ec3
3fe84097
407d408e
40b53f0a
40a73f42
410f3fca
40073f5a
4038bf5a
4082404f
40d5bf3a
40164039
402040a3
bf86401b
bf11bf0b
be85bee4
c00f4017
4003bfaf
3f7a3f82
40074074
404abf75
4097bf81
40294069
bfbe3f58
40553ee7
4077bd0c
408a3fb8
3fd2402a
bf5f40e2
4032410d
404f402d
405b3f8c
3ec63f32
be5ac00e
be9a4105
3fb3bf7e
c00d403a
3feb4096
3f023f20
3dfe4045
bf534020
410e3fdf
3f8f409d
3faf3f89
403c40e3
c00f3fe6
410a3fb7
3fd14099
4049bda5
4086406e
bec93f72
402f402d
3f973ecb
40124017
402e40b1
bf353fef
3f593ffa
4008402d
406040bc
4021bf68
40983f3a
41013fd2
3fb3401c
407e408e
40b8bf39
40513fd4
bfdd3f33
40383fec
bef74091
bf6240fe
c01e3f8d
bffd3fb0
bf7c4010
400040ad
4082c02f
bfc1be53
40c63fed
3f7b3fcc
406d4044
400640c6
40a03fda
4104be18
3ff84081
3fdf3ec0
40a5410b
3f4d402a
bf1e4025
bf2c40ae
4041bffa
4046bf09
40eabf26
3f1bbfb6
403e4063
3fbf407d
4030c003
3f33bf0e
3ea5405e
3f5a40ba
3e883fbd
3f12bfb9
bfe43ff7
bfeb3f15
3ef540a9
407a40c6
4096bf0a
40853f66
41094011
3f9f409e
404e4013
bfd1bfc6
408fbe43
bf954032
3f824098
3fdb4071
40bc4099
40cc3fbe
3f09bf94
3ed2bf1c
405e409c
4016be16
40da3f40
c019402a
4029409c
bf2940b4
bf4540e8
3fe93eef
3e1cbd9e
40163fd7
4043bd48
bf8e4034
408ebeac
bfe83f61
3f95beed
3fc240af
4034406f
c0054033
40ef4037
3e8fbf3c
bfa53bc2
3f99bf52
bf3d3fec
c0273f56
3f63bfd7
bf7140bf
3e7e410b
40bb401b
c00a3fb3
3fcabff0
bf553ff0
3f8640e9
bfb63e7e
3ee8408a
3e9dbe34
40664076
bf9240b2
3fa7bf0a
bf25beaf
403e3ddf
bfa9409d
3df0c03d
40103f7c
3e6b3f03
bdab3fad
403040dd
bfc540be
bfe7bf22
40393ec2
bf633fe2
3fc0bdef
bec3bf95
40b33fdd
4082be7e
3fff4070
4044406a
3f2bc000
3f223f23
befa4073
400c405b
be554015
beed40e8
40c2bb78
3f78bdea
40083d97
402540c8
40a83fb5
40843e58
405a407a
bf334019
400ec008
408c403a
3fa1bf6f
4086bedd
bf603f56
3f2440a7
bf9c3cde
bfc14023
c01b3f43
be7c4028
bf9b4084
4025bff8
3f924024
be123e57
3f703fca
3fa93f8b
bf47bf59
bef5bf65
40bd3d85
3fcc3fb2
3fefbfcf
3f153f97
40454014
c0214045
beec408a
402740c3
3f33c025
beb03ef3
403ebf93
bd433f81
beb2bed0
bf3540fb
40163d90
3fabbf79
3fb33fc7
bf934001
bfd640c6
40a03f11
3ff7bf6f
bf164030
401d4096
3f844070
3ed2bf65
40fd3e03
bf603fb7
405abfaf
3fc9c019
3f82403e
bf0c404b
4032406e
bf693fb8
401d402e
bf59401b
40d2403c
bea83fa1
3f314039
403e3fe3
40a9401c
3fa04025
3fce40b9
3e2b3fec
401040ae
40884031
40f63ea4
4027be0e
3f494051
bfd0bfbf
c0084033
bd463d1f
3f1140a7
3fd0408b
3f9240ff
40db3ea9
c03bbf99
bf404013
bfa34098
40a440a9
3eccbef5
40923fc7
401cbf12
4073bf7b
bfc5bfbd
3f50bf7d
bf333e41
40293f79
bf253f68
40a0bf89
40a84025
c0153fb5
40313f9e
bdd83b4d
4018c018
40a23f64
41064084
bf5a4004
bf84bff8
3fb24033
40a1be95
40304016
3fb54042
3f9a4096
4096410c
3f473ff2
bf5c408d
4038bdd0
405840d6
40b140a1
c0104016
3ffb3ffc
3f08bfc9
3fc6bf6b
40033fec
3f263f9a
3e54beb3
40373efc
3f2740bb
3f55c03e
409b3fc5
c0083e13
403bbcff
3fac402b
401d4100
401e4001
40f93f14
bf144089
407440d9
3ffb402d
40ec3f92
403e3f64
4023400f
3e25408d
40a94089
3f793fc4
40f8be15
3e9fbe9e
bf36402e
3db0400f
be5f3ead
41014014
40283fa4
3f643ed7
3f5c40f5
407ebf45
4105bf19
403fbfea
3fc8bf5c
3ff240df
3f47beec
40bc4056
3f574044
3ffb409f
3ef2be67
bfb44014
3ffd3e86
be403fc6
bf1b408f
40343fef
40a7bf20
40e63ec5
bdab3fc5
bf1f4085
3e4140aa
403dbf72
410a4045
3edebfd9
3d00bf83
3fcec01a
c01e3ee6
40f93f22
be4c40b8
3f814062
4085406c
3f1bbf66
40984032
4015bfb9
bf18bfe5
408e40a1
4039400d
400a3eee
3f953fc4
bfb0bf32
bfc9bfff
40a1403f
406f408f
bf074031
3fce40d3
40b33fee
3f843df7
40f13fe5
40343d6f
3e97c000
3eaabf3c
40703ee6
c02f4088
4026bfeb
3d2840c7
3e6dbe0e
3d84403f
bf0e3fc8
3fb340bc
4032c012
402b40df
40dbbccd
40c73eb4
bf1f3a50
404f4040
beee403c
3e38bf75
bf7c4078
40064043
bf8b40e2
409e404e
40484032
40a3403e
3fffbf41
3f7d40ed
40a94009
4036be9e
408a3f0f
402dbe86
3f153fb8
40aebe3a
c0173fed
40ae406f
3e95bfc1
3f223f58
3fddc00b
3d9d3fa7
c01d402b
3e4f4017
bf92407e
408a40ee
c0183f42
41013fcc
3fd13f6e
403b4050
402940dd
40d8bf42
ba5dbf81
3f2c4087
3fcc4081
3f39403b
408d400a
3f2bbf56
402bbf83
3e28405f
4081404b
406a4007
40524088
3fe94023
40254047
3edb40b7
3e5f401a
3e9c4083
40113f93
401340c6
409c40c2
bf404021
40a9406c
3e67402c
3f3c408d
40b340a9
40a93fe8
40cc3f27
402d3cda
4067bfb0
409a4103
40da3fb6
409b3fec
40273f91
406e40c1
bf3340d1
4057bed8
bf844016
bf454054
bf8040b0
3f334091
40c0bd04
410e3fcc
40143f29
3f444055
bfe4bfe7
3ee5403e
40d4bf7b
3fa23f4c
be503cb9
40023f8c
bfd33ec0
40133f35
3f643f19
40463fb9
409c40cd
bfce4014
40944051
40154080
40433fb1
40274011
401f3f79
4105400c
400f3f85
bf804097
408e4105
bfd93dea
40ae3fbe
3e96bedf
bf8c4007
4096408a
40ea3fe2
3f6d3f7c
3fedbf93
404640e1
3fc0401d
404a403e
40b14017
bee93e09
bfa840d5
3f43be9a
bf1a400b
40b34085
402bbfb4
40814059
3ee340d8
40d6beda
410f403c
3eb24065
3ff4c00a
3fc3bfad
3e9a3f74
bfc5405b
bf5f4073
3dcf40cc
3ed440b3
3fa03f9d
401b3f5f
402b40b4
bf6a4022
3f8540ca
40ee3f2d
3db93f2b
3f7bbf5d
407a4047
40013f32
3fa0bcc1
41043f0f
400d408f
bf7dc009
40b440b2
bba83d77
410b3f6a
bf5340a0
3f1cbf0f
401ebf8e
40803ea2
3e68bf83
3f3c40ab
40263e87
407040c3
3e9d401d
40863ee7
3f9740a7
3f314082
bfa740cb
3e824037
40dfbf93
3fa73df5
407f40aa
3fce40ea
40ec3f58
40823fd1
40313fa0
3fa33f64
bee740f3
c016be85
3ee83f24
3fbd4037
3f803f30
3e1b3f33
40144026
4099bf16
3ed5bf61
bf6f3f8b
bfe73f64
40bbbf4b
befd3f00
402e3ea9
bf943f93
3f9a40aa
c01abdfb
40f3402c
3ff6bfab
40284065
3f83402a
bfdb4021
40a83faa
bcc2bf75
bfafbf8a
bf8340b7
40e1400d
401ebfbd
401440a4
bf8040a0
3fe64100
4054403c
40be3f53
40143fed
3f9e401a
3fbe40d1
40a7bd64
40e03fdc
bf183f96
4081401a
40b53f18
bf1d3fcd
c022bd21
3fd6bc8a
405040a1
be5f3fcd
3f683fec
40183fc6
3f3fbf77
bf453fa5
bfca40a6
bf1c4010
410c4080
3fd5401a
408a3fa9
4085bd8e
3f923fff
40d64065
3e013f8f
4005bf25
bfd6be4d
3fa33f38
40683f82
3e99bfc0
407fbf02
409340a5
c018402b
be703f32
3fcd3fe2
4082bd9d
3f853e83
4012bf3d
40fe3cee
3fd4bfa2
bdfa4055
3f033ff0
4089bf10
40e33f16
3f2a3fa1
405040c3
4061bfe1
3f1dbf63
409b4069
be41409c
405e409f
bfa4407b
40883f75
4089400c
3fcd4096
40484052
40973fcf
407b400d
40b83f34
3f224032
407b4089
bf9ebf02
bfcc3fb1
410b407e
bf6040bd
3dc54041
bfc6407d
3fde3e13
40e63fd6
3f38bf9d
bf084058
40ba4101
bffe403e
40b64070
3f944085
40344084
3f5640ee
bf843f6e
40233fe9
4033bfe5
3f7c40b2
3e0a40cc
40eebf51
40114084
40394044
40593f75
404d410c
400d3fef
400c3f7f
4027bf04
408d409b
40973fd8
3f70bf5d
410b3f21
401f4096
bf5240c1
4049bff8
bfc83f2d
c0373fd6
3ffa4091
befc404b
bf283e5b
bff0bed6
4021407d
bf3f409a
3ffc40e3
4039410d
bf814000
40164085
4027bef2
403940db
bef84015
bfa73f9a
40febf45
3f883dc1
3fbf40d7
40043fb9
40b7be48
3f9b3fd6
3f55400b
beb13fac
4043c019
4062bf7d
40d84023
bebe3f58
3eee3eab
40a94101
3fbc3fbb
404bbf65
3f02402a
408d4093
4051bfcc
402bbd1e
3f8fbf6e
4025bd6d
404ac002
405940c8
bfb73ff5
40d33f12
403740b2
be98beaa
3f0240aa
3fc93ff6
beb7bf72
bf334090
bf793fa5
405cbf5c
40ed3f4e
410a3d9f
3b91bd89
40164059
40b340ab
bf9f403e
400c4020
3fc83f0e
3fcebfc5
bff9bf3f
3ea33fa4
3f644057
3e0bbfa3
3e704037
406740d2
40294036
3de14038
bf21406e
3fa8409c
bfd040b8
40c13f19
40563e4e
3fe5bfa4
40063e42
40944010
c01c3f3b
bfc03f01
3f10bf97
406c3fb4
beb94042
40c93ff7
40f94013
bf473fee
3fa940db
405abf9c
40843fca
bb61be2e
3eaa3e4f
4009408e
bfee40a5
bf403f78
c00f3f1e
bf5340bb
bdb640c9
3fedbeae
40a24006
4027406f
bd6e409f
bfafbf33
3f7740cd
40da402c
bfd83c29
bf30bf4d
401cbffb
3efb3e83
40e93fbf
3ffb3f55
3f4abfca
3f8d3e34
401dc03e
40914009
3e703fe0
3fa13f4e
40594013
4081c00c
40c63c2f
c0294055
400fbf53
4032bf30
bf774022
3c8a3eab
3fcf3fb0
bf72bf16
bfbd3fd5
bf4e3fb8
be074010
40e1bf8b
bf3c3fd4
3f69be95
4003bf13
409f401d
c0253c84
3fbf406c
3e3a4036
3fbb3e05
404dbf46
40804077
3fb73f05
3ff73f6d
4003bf45
bfac3f04
bfd74072
3ff74032
bf6bbfbb
3ff84093
40063dc9
c0054017
4001402f
bf5a40ef
40a0c009
40c43fb6
c0323f50
3f763edd
3dde40a6
404e40e8
bf8abe89
bf3c3f81
403b4046
40193fb6
3ffa3f31
bf69be9e
405abe38
3f5d3f45
407fbe7a
3fda4101
40073f22
40b03f6b
bf654090
bf14bf7b
40bf40dd
c006bf61
40c94082
bd584097
3fa14010
40b540ee
40343ffd
c023bf97
40284099
3f48403e
3fe6c032
40953fcb
40ca4030
be764075
4009400e
40b140ce
402e3c5d
bf85be12
bf66c000
403640ae
3f0540a1
404d3fae
408e3f7a
40053f9c
3f0940c9
4048bf28
4087401d
40834048
3f894047
407a40dc
405340e7
40ccbe3e
40cb3e78
403ebf69
3f814044
3eda3f9d
3ff63fb7
3eb14087
bf41be92
bee5bfdc
40ae4082
40dbbed9
bf893f41
bc654058
406cbeb0
bf94410e
40073f07
bfc3bf67
bf683e91
402840c7
40894073
40b6403e
40f33e26
bdad3f0d
40723e59
bfe940d2
3f973f0b
40bbbf83
4002403f
be84bfdc
40944062
3ef1400d
3ecfbfb1
bf7b4083
bc47c01b
3f8840e3
3fb8bf74
bfacbf3e
3e9b3e10
be9a40d8
40763f98
40e1bece
bfa03fec
3fec40ad
bfab3f8d
bfe1c02c
40983f6f
409e3fc0
401b4095
be7bbf30
40a7c025
40e4bf44
3f86bf20
3f673f53
405540df
bfd740f0
40efbf19
4003bfad
403240af
3f24407a
40b240cc
be094013
40684077
40054048
bf3c40b0
40b8bedd
402f3f9a
3d0f408c
bdc6406c
3e3b40a0
3fa64066
bf044003
406d401b
400440a5
3fc1bc3d
bf784086
40613f1e
40aa3f7a
403f4056
bf5540d1
400e4105
40ce3a03
40f83f18
3fae4003
408440ee
bf2dc00a
3f78bf40
3fb04064
3fbd3f4c
3f383f8e
beee3f82
40c83ea5
402c3f3a
bf25bf10
bfb4bfa3
40a14009
404a3f04
c00d4087
bf60409f
406c40d8
bf9c40f7
400a4040
4089be4f
3d90bfe7
408e3d16
3fce3f89
3fac3f6b
407cbc35
3f06bfcc
bf52408e
bebd40ee
40603f5b
4105402c
3f0d3da7
4004c010
40a74104
be8a3fee
3ed43f5d
3f1c4025
408b3f52
407cbfb2
40243ff0
3fd8403b
3fec40be
402840e7
40773f5c
4036be98
410a4008
3ff0bfec
3ff640c8
3f9dc02d
40263f4b
3ffe3fad
3eccbff4
4025400b
bcc83ffc
bf533fdd
3ebdbfa3
403c3ffd
bf14408c
40a2be92
c017bee4
bf9fbe54
403e4023
3e6040eb
40a4c001
c0013f74
40a8bfaa
bd653f15
3e654023
40314032
40e93f3d
405f3ed3
3daa40b7
3ff93fc5
bf844087
40a4bf71
40f33ea0
40383fa2
3fe34053
bfb83f25
40bdbf5b
c0293e6d
40233e3e
bf1abfcc
409a407a
40524038
3f234087
3f6e4089
40064041
3f723fcc
3f443ddf
bf11408b
3fa0403f
405b40c6
bf3f4043
40ca401e
3e494048
4017406a
3f024082
400b4109
bf883fc6
410c3f56
3fcabf24
401f4061
400a4096
3f50beb5
3f574015
400040b1
3fd740c8
bd2240d8
bfd53f96
40bd405d
3fe3409b
404d3f86
3fee400f
40c9400b
3aee3f9e
4010becc
bdb34098
bf9540a9
40c0400b
3fc94036
bf30befd
3fd53ef9
40bfbe3a
40ab3f41
400a3f92
40083ff6
bf03c01c
40924101
bf93bef4
40963fc7
bed73f92
40383fd5
4062c020
40273eb0
3fb93fb1
3ee040b7
3f413fbd
bfed40a3
40bfbc9a
3f6e4009
403e40ac
402b3fee
bf274017
c0183fa4
40ca3f9f
3f5f3f44
3f783f09
bf8a3f4c
407a3f97
4060bfab
3fd340a2
40794016
3fdd40c2
405a3f2f
bf2d4071
40264011
40233f95
40ae403a
c0013f94
40d23fdc
3fb93f07
3f503dd2
3f52bfc4
407d3f91
40c5bf7a
be0740ba
4033bf9f
405440a5
407f400e
40494035
bf513f00
bd47401b
40614007
40a2bef8
4059408f
3c8540c0
3ee140da
3f6540e2
3f183ee5
40bbbf84
401b3fd8
40734070
3f563ea9
c0103e87
40e7bdc8
40393f2e
3fa63fc0
3fad40db
3ff6bed4
4072be61
3ea1408f
3f473fdd
40b140c9
3f1c4020
be914071
3f194015
bfb340a6
400cc02b
bffbbe52
4093bf9d
3f094077
40454095
40bdc023
bea9bf1d
bff14067
40243d3b
bf7b401e
402d3ffb
40ac4024
406dbf52
bf16401f
3e183f27
3fe440e3
40da400d
bfd0be97
3fc1bffb
408b40d1
408840ad
40e03f8d
4061bc42
3f7c4092
3ef14068
3f8f403f
404d3db6
40f53fd6
3e6440bf
3ff73fa7
40b4bf9e
bf893f9f
40144004
3f6f4088
bf2e40c1
bfbe3f30
40773ce0
bf8b3f99
beafbec3
bf28405e
40ab40d8
40203e75
bfbc406b
be1f4047
bf8bbfd8
401f4019
3ff24009
4008bd66
400d4042
be4e40a7
40a63fd7
404fbe6e
bd81be24
3fd33fe0
4083bfea
3f9a40ac
be813fa0
40e0407e
3fc5bfc2
beb9c002
3f3d40b8
40813fe4
bf15bed2
40333f42
404340bb
409c40f7
40ba4015
4090be85
3fe63f7f
3f663fa6
3c1d4014
bf463d96
bf083fe1
402e4070
4053bf81
3f8e4102
be533f72
c0014027
3eb54036
405640ab
400140d7
bed5bf4e
404cbf21
3ef6bfa7
3e8340cf
40573ea9
bf82bef2
40e5401a
be8a4089
bfa84025
3f223fcd
bfc43f30
3fa23fde
40154063
402ec009
bdffbee2
3eab3e22
3f683f50
4006beac
3fbb40b6
3fea409a
3e273e8a
408c3e66
3fb04019
bfa440b9
3d98bfec
407d400c
404e3ec5
3fe24013
3f8cbfd5
400cbfbd
409fbf39
bfb94059
be133f8e
40393fde
4019beeb
408b3fbd
409e3f85
400d4068
3f8640a3
bf484107
bf4a400e
c026408f
40373dea
3f0b40a8
402c40ea
3f883d0d
41023f16
beda3f8e
408540cc
4085bea5
3fbf3fa1
40f8404e
3e134015
40183d7a
bfd54007
bf2bbeba
3fc14028
3f9140b7
bf9e40c3
40033f33
40854027
40013ebd
3dfb4066
408d40dd
3ff03f11
402b3fdc
3f853df0
3f653fcd
404840e9
40b74077
4083bf37
3fc24020
3fb54016
bf8540ca
406e4090
bf3b3e11
3e5d3fde
bf2d408d
bebf4040
bfcbbfb6
bf503fa3
40d8406b
403a3f94
40363e73
bf2b4030
40974004
bf7a4020
40194069
3f9a40d6
bfbf40f5
40c2400c
3fc93fc6
be353ec5
3ffebf40
40b0bed2
3e44bf74
40c94000
4015beaf
3f7b3fd7
409bc00e
40e4bf1e
409cbf2a
4035404d
3fda40e8
3f5240e5
bf784021
bfcd3ebf
40004089
be0f40b4
3f74bfb0
3fcd3f17
bfa5405a
3f96408d
3fbfc003
bfce4010
c0023ffb
40643dd4
3e74beb1
bf94401e
40343d07
40333f9f
3fe7bf6c
401d3f63
4043c008
4077403a
409f3fb8
c0353bc5
3f433e71
bf01bf8b
bfe64105
bfaa3fc5
40ab402a
3e1cbf82
bf5abf05
3fda40bd
c0134012
3f9a4033
3f75beb8
be1c40d8
be1940ea
3f4a3e6e
4101403f
3ffa3f69
3df140e3
3f4e4100
bf11bebb
4103bfa3
bd83bfcf
4076c009
4039bff7
4031bf68
400d4025
3fd6bf4e
40603d4d
3f01bf6e
bfe73fb9
4081bda0
400a406f
3fdb3f52
3f4c40a6
40dd3e5d
be823ec4
40073f3b
402fc012
3fa7400c
bfca3fea
3fad3fdb
bc3240a2
3fa03f25
40453f9a
3f9fbecb
40fd3f82
3fe43fdf
40244069
4078400a
4049bf77
4072bfa3
40113fa0
40803f14
3f9bbece
3fa83dad
c00b4081
40173f9e
406dbf04
3fec4055
bfa5be80
4101bee0
401a4025
40503f96
3f8c3f15
bfcdbf17
4043beae
3d2cbfbd
40563fc0
40083e01
bbcd3f90
40e84042
401d408b
406c40d4
be4a4097
3f843fa6
3fefbf9e
3f413f28
bf92bf0f
40a840fc
3e3f401d
40694000
bf3a4009
3fca3d90
bf854091
bf854003
409b3f9a
3d414002
3f71befd
40a040b2
403a3ec7
400a3fe9
bf693fd0
3f2740db
401240b1
40e9bf05
bff03fab
3ea44007
4030408e
409e40c6
4021bf3e
4053be08
be29408f
3ea540b4
40a63e88
40ab403b
bf47bd72
3f39bdad
3f2340d8
40934107
3fcf4001
41053eff
3dd4406a
408b40e0
40a240be
bf63bf64
3f1fbf46
3f8c40be
40223dae
40ad40e4
beb14024
c0053f41
3f1b4089
402e3fb7
3f933deb
bfacbf4f
3f353f0f
400a402d
40883ea4
406f40e0
bf0b3fa0
3f1ebee7
403fbec0
4050bfb0
404b40d1
3ffdbf1a
beb83ff0
3f47bfd4
401e40bc
be8c40f6
40333fef
3f1a4087
4021bf97
3fa0bde2
409a4092
bfe5be51
40f2bef5
be703fe5
bf02be57
3f23bf58
40e2403c
3d733fbf
3fd94030
bfadbf93
407140fd
40843ffd
408b408b
3ff9bfc7
3f1640cb
3fb0408e
40093fc7
40a14021
be8ebf98
3fd640ea
3f984097
bf3b4035
4103407d
be8bbfda
bf773f6b
bfb140ed
4058400a
40dabeef
3ea5bfe4
406740e4
4015403f
40d13e59
40813f10
3f98be2f
3ece402d
3fd440b6
3e8b4009
40913da3
40133fe2
403d403a
bf153f9b
3f803f8e
40743e31
403f4070
3fd1bea5
400940e4
3efbbebd
40854020
3f81403c
3f12403b
bf163f88
40d53f35
41043fe0
bf113ff9
bf8c3d8f
40ad40f3
40e03f66
bd9a3fdd
3f624060
40713f93
be794040
3e193faa
409c405c
40203f69
3ffb3e65
40a93e23
bf963fd5
407ebd8f
3fa4bf92
bf1f401b
3f40409e
3ecf3f9b
c00f3f44
3fc9bec7
3f353fba
40b4bf94
bf68bee4
402b401b
3fd6402d
3ff2bf2a
3fbfbf8e
3d604012
40904085
401d4023
bfb13ff3
40bf40c1
40bb4000
403c408f
3fd240b5
4086bea6
bfc040e6
40833ff1
405f408f
4004bfe5
3ff74011
bf244106
bee04008
408cbe5b
3f2e401e
bf69c01a
3f03401d
3e6d3fd7
3ff94000
bef14081
401240ee
3f4cbe49
bfa43fa9
c0314015
4023405c
3f984011
be964014
40af3e85
bf473e9e
3ebf40ab
40553fe1
409c40f2
4075beae
40ab4021
3fa240a5
3fb2405a
bea8bfca
bf623ff7
409f404b
3e5a408b
40353f99
bf2ebf9e
bfd13fd3
3e054085
3f20bfb5
bfbf409d
bf953f4c
40323f8e
c020bf79
bec53fce
3fbd4047
3fc7410f
4005bf04
bca9bf70
3f894082
4036bf30
40b33fb9
bf023f95
bf964007
be80bfd3
3f944071
404a40c8
bfc0bf49
40ba404f
3fe1bf9d
40563f11
3ca23fb6
bf8b3f79
40864088
403fbf26
40653fd2
4092c022
409d3f90
bfe5bfb6
bf7c3ea0
bf9c40cf
3ef73ff3
3fc5402a
bfd9407b
400f3fa7
4006401e
3ecb40db
3febbf31
40274085
3efabf16
3f78407b
40bc3edd
c0023f8d
bf11bf9f
400d4007
4054bfef
beed3e2f
402a3f3b
4078406c
403cbe0a
bee140dd
40b93ecd
40dfbe59
40e53fb4
3ea8409d
408940af
409f4043
3fb53fcd
400b4003
3fb5bf7b
bf27bfe8
408dbfce
c010401e
404c4054
be8cbf77
40293f18
3ffebebd
40853fed
409e405c
3f8f3fc2
400e40af
bfb340d5
3f363f17
400cbfa1
401340a5
bd1d400b
401940ae
bfd74021
40dd3dd2
bf554020
3e6140ea
40b5409c
3f18bf0b
4105bf3b
bf56bf6d
406240d9
bed9403f
bf8abf5d
3e234051
3f313fae
bf9740c7
404640ea
40873ff6
3ef8bea3
bf58bf18
40844014
40acbe8d
bf454037
40d23fdc
bf0e401f
3ffe40a0
bf873fd3
3fb24030
40c83f5f
4026405e
407e40d1
405a40ec
409e3fee
bfa23f7d
3f5b4017
be6abf31
bf80407d
4001400a
3f973fe9
bdde3f8b
4032be37
409c3f80
3d953fe1
3f833f3a
4024409a
4088407a
3da43f90
3ff33f2b
4036408d
beaa400a
3f213ff8
3fac40c8
bf1a4022
40c0402b
bf4b4028
bf9cc01a
bf9940aa
3f984025
40e44060
3fc24074
3fea4007
bf4e40b7
409a3d59
40abbdd5
3eb1bf30
3f393ee5
3f88c00e
40e9bf1b
bf6b3fd3
402c3c99
40534052
405740a9
c006bf2c
3eb13f77
bef1bfb4
4028bfff
40be3e2c
bf6c3f98
bfb34066
401340b1
40494094
40ad4104
40063ec2
40adbf99
bf72bf07
405d3fcc
3f0a3fed
4090be44
c032407d
3ed23fbb
bfb84064
407abf14
3f823fac
bd093f0f
402f4081
3edc4088
bdf14109
bef73eaf
40d84011
beb5409d
3fdfbfe9
bf37408f
40ac3fc9
bf3a4054
3fe7408b
bf303f57
bdcac01c
bebb3ee2
40ef3e60
403fbf01
bf92beb0
3f4b4109
3f9c3e80
3f0f3fdf
bf4a3fc3
3fe140e0
3fd640d1
3dff3f43
41064083
3ed3404e
3fc63f16
406bc01b
3fab401d
bf16408e
40133ffe
405fbfb3
bedb40a4
bf26400f
3fc34052
4019403f
40884060
3ff74104
3e85bd0f
3fcabe82
3f8a4022
3f0c3ed4
beb7bf08
40653fa1
4061400b
3f9c40ad
3fa6405b
406d40e6
bfc63f12
40b23fd1
3f68bfd4
4045408f
4094c00d
be8b4028
becdbf99
bf1d3fc9
4065bff8
40b34020
bf88401b
3fd7be34
3f043f8e
40303f82
4093c040
404d4033
40dc3f15
bf4740bb
3f5840e6
3eb5410b
40903fe7
40563e1b
bf75bfe4
3fbf404a
40a540b6
3f833fac
410d406b
3f12bfbd
bfb340b5
40ba3e29
40ea3f37
bed2406f
3ff7405c
4025bff4
40784099
3f733fd5
c011bfbe
be094096
bf3b407a
40b2c02e
40d63e2d
404f4016
3f1440bd
bf71bed3
407bbfcb
bfe3bd15
c00ebe91
be233d86
4081406a
bfa44000
c01f3eb3
3fdd4039
bf774091
3fcd40cc
bfa83fe0
4019400f
40a23ed2
3fe64063
40053d94
3ff54107
400d3e2d
40613eda
3f843e98
bfaa3e63
408f410a
bfe74013
c018beaf
3fb1bfbd
bfbf40a5
40be4006
bf6f3ddc
40e2bdfd
bf5340a6
3f763fdf
bf813f57
3e9abf51
407a401f
3eaf4062
3fbebf3d
4057400d
405d3f92
409a3e9d
be013ec7
402c4078
bfb64014
40bb3f79
40974087
403140b9
3f8f4081
40a9403c
40e43fa6
bf8dbfa4
3f943fa3
be194028
be534106
40ca3fc9
40973ffa
bf40bfce
4047402b
bf944083
40ab3f4f
40dcbf53
3f7abf84
4084401c
4095bfbc
40d03f3e
3fb94083
3fe13f7f
3ff1becc
3f66403a
40013fff
bf3f4029
3fcebfe9
3f3c40ed
3ee540b7
bf00bf7c
4098bf37
bf7cbfe2
bfa9bfcb
3f903f2e
40ad4012
40894080
403c4006
3fd13fc7
401540b2
3f4e4003
40f6bf99
3e3f404a
40644031
bf2a4050
40664011
41034019
40243f38
bf944096
40b74090
3e963fb3
410b3fdd
bebc3fba
3d6abf48
bf12c026
401f3f6c
40284016
403c40b2
4070bf1f
bff040f5
3fe3bf6b
41084083
3e90bf01
bfa9bfca
bfa5bfad
3e133e53
c004bf90
3d9340bb
40263fdd
4085bfe4
40be403f
3f154071
402f4085
3f744019
40a94060
c0093fee
bf07bea2
3fc93fde
3f1a4087
409640de
be9d3f15
3e9b4059
3ffb3fec
beec402b
3fe7bf1e
bf343fb9
40ce3f97
beb73fa0
bf313f1a
bf993efa
3f05403b
3f8e3e70
3e39be9d
40413ff2
bfcf403f
3feb3fcc
bfcf4023
3ece3ed2
bf0abe4e
409c3ffe
40d9be3e
bf21bf67
4031bf97
401d406a
405c4084
40c64010
406f4035
4017bf54
40053fce
bfb1c02a
c01a3f33
c0344023
bdf24090
3f904011
bfe2401e
4092bdde
41034011
401e408c
3f9340b4
403bc01f
40eb4017
400e3d95
bf0e3eb6
3fa74086
40aebfe5
40c94029
40903ef1
401e3e62
3e7440be
40664108
bfd03e70
40e04089
be71bffe
4078bfb2
bf18bf85
40943e2e
bfe73f26
3fd64009
3d2e40de
3ff640d4
40ec4025
bf24408b
40404016
4004be95
40494009
40e9402a
40af402d
3fa0406d
3f3340b5
3ea2c03d
40433fdb
3e173f35
3e8940b5
3f6cbf82
4063bfc3
bfcf3f50
3f70406d
bf2d3fc4
beda40d1
bf174090
40df3fa9
403e4036
3fe33f56
3fb34026
408940d9
408d4026
401a3f98
3f3e408b
4037bf3c
bffc4089
3fca3afc
3f5d3f93
40183f16
3f9840c8
402b401d
bff23fa2
bf423fa9
3fb4bf38
3f0dbfd0
be3a40d1
405a3f9e
410d406d
3fdf4056
3fe93f74
3fb7bfcd
3f2a3f9f
3d2f3fb2
3f863f95
40283ef6
406b40ca
3f8d3f95
403e3fd3
3f554054
3e80bed0
40b140fa
3fc7401b
40424038
3f70bd6b
401b4051
403f4098
40c34029
4009bfa6
3f173fd8
bfb440ba
40844016
401abe3c
404f4041
3f4bbfd8
bf254095
be8fbf7f
c0073fd5
407f4016
3fcb4083
40274092
40c0bee6
40813fde
c00c4005
3fc8405c
401e40a8
409140d9
be363e7c
bfb3bfae
401f400d
40463f55
be1f406c
40713fc3
c008bf0b
4025bfc2
3f1bbfc8
40824028
40714034
40823fe2
bf05bf67
40523ff0
bf1540e6
3edc3e8c
41013fd7
40293f65
4018c004
409540ec
bfd23fed
40d33ea7
3faf3f82
408f40b3
40804095
3ffc3fd7
41103e98
400f4096
408240a0
405ebf1f
bfcf3f02
bf854062
3f2a3fab
3ff2400f
bf59be88
bf58be61
3eca3f06
bf053ee6
403a3ef0
bfef3fce
40b43f9c
40513f1a
3fb340bc
3ed94028
40874066
40303d8e
bfe63fe6
3f4f403b
3fc840ad
40adc018
40e83f32
3eaa3f87
3e9cbf7e
4029408d
3fb440b5
bf8c400c
3f6dbf9e
3f463f69
408c4007
40873f91
bf953fe2
40013f34
3f994038
404f4095
bf36bf2e
bebd3fed
407c3fa7
402ebf0e
401f40c1
40894059
3f6e3ebc
400cbf11
3ff6406f
bf8a40ad
bfa04081
c019bd15
407a4086
bd85bfd1
3ff340b9
bf823fbb
40213ed9
40fa3f7e
3fce40a2
bf7e407b
409d40f8
bfd14036
bf903e97
bf27408e
406dc004
405d3e2c
406d3ec0
40fc4076
3eeb4056
40383f8f
404d404e
40a9bf36
40d73f36
bf7e40af
bf1ebfc5
407540db
40ae3fde
3dfd3f0a
401abfd4
40474095
3f643e73
4015bf06
40dbbe9f
3fe340bd
3fa140be
bf2540e2
bf293ff0
410a4016
401a3f40
3ef44047
3d914058
40c63f44
402f3fc2
bee7bfe3
400740d9
4086c00b
409d3f4d
40164086
3ef43f8f
3f904086
4058c02a
bfea4014
40413f47
3f603eca
40594058
40674062
4058bf2f
410e3dda
bf63408e
3f8ebff2
40ab40a0
40103f91
40cf4017
3f5c4066
3ff940b8
400ac02e
40bfbee1
40f44081
bf414031
402540a0
40bac035
4084bf61
4057402c
401ebf62
bfafc018
405f403b
40cc4024
c01c406f
3fe53fdf
405b4023
4048406e
3f843f23
40c03f38
4027bfb5
3fc73e67
402e3fe2
40963fb4
bf614008
3f653ff2
3fc1bfea
3f16409d
40a54012
40224065
3f774032
3faebf46
40b44109
403abe7b
3f8d4014
402e3fde
3f7cc009
401e3ebd
bff43ede
bf40407a
bf1e4021
3f98408e
403e4006
40c5be3d
40784083
3fbf403a
404b4077
3f09bf63
3fd5bed5
bed53f67
bf033ed1
403d40b1
3de43fdf
3fef4014
40fc4080
bea540a9
401b4095
3bc54055
3ede3c31
bebb408c
bf403fec
bf164024
bf964100
40183f9d
4045408b
4037bf95
3fcb40c2
4012bfd7
bec0bf5a
c0133fa7
3fe5401c
3f14bf82
4092bfea
3f353fd9
be114017
3f26bfdc
40314082
3fad40cf
4045bf48
405b4052
bf48bfc4
bdf7402a
409b40e2
3f90bf2e
4011bea7
3f12bf1d
40643fe3
40034011
40984011
406c3f14
3fab4027
40083f17
40a840ec
3fffbeed
408d3ff2
3fb44090
bf61c003
4079409e
404b3b86
be724082
4022bf00
3ff84088
be9dc012
4063beed
3eae4012
be0440ae
404e3fd4
bf4ec03d
3d423f0a
40f6bf83
403a402e
bf813f99
be9540d7
c020bf25
40be4055
40253fc6
4076406d
3e6240a2
3f3cbf5f
41034066
be7340b6
3fc9408b
40b14101
40e33e6c
4071405b
bf7b4073
3fbcbfee
bef940ec
bfbd4032
3faa406d
bf033fe3
3fdc4098
bfe9bfe1
bd5bbf0f
bfa84012
3d8c40a8
402d406f
408c40cc
408a3f61
3f5abf24
bf2640a0
4039be56
40be40d0
40b73f8a
bffb3fd7
401c3fd4
bf424041
407640b5
40843e25
4029403f
402c4073
40163ffd
3e3a3fc8
bee6bf17
41004026
3d2a4088
3f794022
409740bc
bfd4beb0
40a13e84
40283ff7
40833f81
40444084
bfdf401e
40f43fc7
4038bf95
401340db
4028bf85
40e73fdf
bdcf3e78
400d40ae
40704087
405d40fa
bfe83f85
402b3fe2
3f3840a5
3f3f3fa8
40404034
bfce3fb1
3ea1404f
401a4084
3f5e400f
bfa34066
3fe23f1f
40094085
3e2240a1
3eb13ff2
40413e8e
3eab3ddd
4036bece
402c4086
4020409f
3fb7bfd7
bfb8beba
40203f43
403a3e21
404f4050
be1dbd9e
3fd64019
4105bf32
3fb8402b
bf8a40f0
3fdabe42
403c3fa3
3febbd42
3ed8409d
4087400e
40a2bf2b
3e02400a
c0044066
3fd5be8b
bf8ac01e
401fbde7
bebd4008
40ed405d
3ee1bf47
3e4c401a
3fb83fc3
409bbefd
403b4058
402e401d
40043f51
3f1c401c
40c9bf5a
3fc33eda
beef3f59
407a40c0
3f8e40f9
408f3d81
40113fa0
402a3f1f
be1740ce
bfa2c022
bf443fb3
40a4bd43
3f834010
3ffbbfa8
40a4408e
bf284012
bfd23ee0
400540a1
406640d6
40773f48
40db3edb
bff93ff4
4026409a
3f77bf8e
409940d1
4099bedd
41063e8d
bf68408f
4005be93
3f154074
bff83fa2
40f8bee1
3fbd4015
40583f1b
401f3fb3
40b0403c
40d6408f
3f904032
3fec40b4
3f884089
40604035
4014be81
3fb8bf80
bf953f96
bfd24035
409d3f7b
c022bd1e
4004bf50
408cbebf
3feabfd8
40c1be94
41014009
3f7e3fa9
3ffa40d5
bfde40a4
40d83d75
bfec3f39
3fb04042
4086402b
4016bffa
3f73bf34
4014beb3
3f33bee1
3d853fb7
4044c003
405a3ea9
40c84016
bf534078
40314096
4050bea6
c01ebf75
bff54040
3fa340aa
3f3f40dd
bebd404c
406abc0f
40d64035
3eb63ffa
3ed2404e
40be410d
40ee3dbe
41083f31
3f623fcc
404940c7
bfdd3f12
bf0a4006
4016406c
3fa3bff0
405040c4
bf81410a
409fbe95
bed4be85
3fba40b7
bf49403f
bff03ff2
40db3e83
41004013
3f8ebfb9
bf9240da
405440bc
3fe93fc6
3b843ee5
3ffbbf83
bf143fe6
4074c032
40583fa5
410f3f70
bdc63e16
bebc40f0
3d2940e1
c002401c
40153ce7
3fb5bedf
40773fe2
bcc140b6
40b9400c
3fc5bedc
3fbf3f24
4014404a
bf94406f
40d3bf7c
40ce3ee1
4021bec5
3f393fbd
3f84bf08
beec4032
40423f16
3f8e3fec
bfa03fcd
404d408a
bf103fc2
40ed3f3d
3f9e40c0
3f2b40c1
408940b2
40903e80
3f163f68
bf42400c
40733f92
40244086
bf0abef3
3fbcbefb
bdea3f94
4001bfea
3fb53b21
407c3fa3
40a84061
3ec84087
bf5ebf88
4079c01c
c017403d
40adbe89
3fce403c
bf65c002
bebf40e9
bf20bcd8
3fdcbebb
bf43bf79
408740ee
3fa9406e
bf994007
c02abd38
3e044089
3f343f9b
bf8a40ba
40b7bf36
40324080
3f7cbea0
40874059
4095410c
40cf4015
40f6bfbf
3ffb3f58
bf82bfe5
bfd9be74
4012402a
40663f1d
3e4e402c
bf51402a
403b3d4e
40cd4024
3ff03f63
400f3fc9
400cc01f
3e8c3f95
3f503eec
bf43bd0f
3ed5407b
401440d3
40a1400c
3fb8be22
40813f82
3fc53e96
404d3f2d
409fc027
40ddbf23
4103bfa2
403240a6
401640bf
bd0e404c
40e83f00
40583fd1
3fc23fc9
408f3ecf
3f6c401f
40a9bec7
40b73e20
403f3faa
3d8c4053
40984101
3f8b3ffa
40263d89
403c408a
bfaabf09
3f91bf8b
3f983f82
bfa7406d
3f7e4086
3e8f3fd0
40543ef2
3f823fa7
40853fca
be173f8c
bf6c40d0
bfee40d4
3e3fbf05
3fcd3fdd
3fe2bfbb
3ec23f26
be30406e
40d73f94
40fc4001
3f744093
405abe6f
40364105
3f80403b
40084032
40143dd1
bf24be01
40ac4092
403fbf74
bf504025
bf2b3fe4
408c403f
3f74403c
40e1bdfc
3fcf4015
3fd63d9c
40803e25
bfb24072
3f343f2e
400fbfa1
403fbce8
3f824098
406640fe
bd183ffd
40b1402c
3ee540a2
3ea93de3
40bac009
bf813e6b
3f84bf91
4020408e
3eb03fb7
4052bdbb
bef23e25
404b4057
3fa9bf95
bf45c00f
bff540a2
bfbbbf4a
40b14048
3feabf6c
3faf3fd6
40264091
405cbf5c
c03ebe38
40014021
408740d9
be44c00e
40db402c
bf974057
3fa8408d
3d893fd5
40b640f2
401c3e8b
410c4008
3dd1403d
401f3f9e
3f7f3fc0
40ea402a
3fef4052
3f7440b8
3fc13fb5
4079403f
40aabe89
40174003
400e3feb
3f25409a
40a740a4
40af3faa
410a3fcb
beeebca5
3f283fb1
40a1c014
40613fc7
40a3405d
bf70be56
4034bfbe
3e9d3f46
40cbbf31
40524077
bf6dbf88
bf01bf99
406940db
3fdd3fb7
40d14082
be03400e
404fbf79
3f0240f0
40af3f2f
c017bdbb
be79404c
3f4f40af
bf7940ed
beb94033
40d64045
403b3f45
3e984017
bf4c40bc
40534031
41073fbd
bf0440ba
405a40b2
3f403ef2
bf3e401e
3f8fbfa2
bf303f5e
40504084
3f5cbff3
40d63fa1
40af3e44
4009bf12
3d2340ce
3ea14107
40bb3f29
3d87bf0b
3d5bbff4
402340b8
3f134102
40ec3f0b
bfcd4043
3fa0be1a
40043fab
3fc64012
40b93f1c
40e53fd0
3f054009
4042405c
be1340e9
40684026
be5fbfad
be63beb4
400a4027
403f403e
be513eb6
c00b3f5c
3f98bfe7
bbe33f25
3ffcbf26
4095befa
3ff53fd3
40154083
407dbfff
404240bc
40bf3fb9
4083bda2
401040c0
bf0d3fbe
40374091
408d3f23
bd3c407b
3fc3bfc8
3fe540a1
40613fe6
be4d3fb4
bf8e401e
3ffb40b9
bf1cbdbb
408640d7
40d73f33
40533e96
3f67408d
3f0840d2
bedc4055
c0093ee1
40ef4005
3fad40a7
beb63fa4
404d3ff6
40df3f12
c0083fd9
3fc53fee
bfb9408a
408e3e69
3f923f23
40943f26
401d4059
40234033
40bc3f65
400f3ec1
40804005
3e63bfd4
40633fdb
3f8c401b
bfcd401e
40833d88
3fd840bf
3f1b409b
40b23f54
4040bde0
bf9f404d
bedc3f94
bf8640b1
bfbb410d
40b74033
3f4fbf75
bf40bf5c
40843e78
3fe8410a
4083be1c
409f408f
bf273f62
befb40e7
3fb64038
40a83fff
3e86bf83
bedc4058
40853f92
3fd8bfbf
3d8a3ff6
3db0404e
3f2540b0
be8f40ca
40913d6e
bfe64037
40c03df0
3fc03fec
408a4041
4066c032
bf373ef1
40194088
3f3abf4d
bd8d40bf
3f00bfb8
3ff0bf40
40d24042
3f5dbfc1
3fa93fb4
bf89407b
bee53f6d
40e84079
3ff840b2
4085bf6d
3ee2404e
40ea3fe5
4108bf49
3e86be85
4072bfaa
3ed240b1
be92403e
40f44054
40143fd7
3d22409e
3e193fa3
40a63ff9
41033c4b
400dbfe5
406a40e1
3fb2c022
403a3e88
befb4025
40043f9f
bf664081
bea740c0
bfac4014
4089bfbd
3f79bf64
bed34091
3f8940fb
3fc73f6f
406d4083
3f984080
4074bf1f
3f9440dc
40b73d99
c00a3fc6
3fec4034
3f6240a6
4073bf7e
3ff5bf72
bfed404f
bec83fe7
4077bfc3
40b8be90
40ef4029
40ad4061
bf493ed9
406a4086
3e8e40c0
3e35bb2e
3fc1402e
3fdd40a3
bfb54069
3e5040aa
3f834037
40acbf88
bd7a4051
408540d2
bf0f40f2
40863f84
c0184017
401f40be
40193f53
409a40f6
3e283f94
40ab3ed5
3fd1400e
40164054
40b3c000
bff64031
40f6bf34
3e8c402d
402abfd7
4030bfe7
4071400a
bfffbed2
403f4094
4059bfca
403240e9
40364015
bfbb402c
402ebff5
3f663f49
40984073
40d53fae
c029bfb9
3e564005
3e75408f
3fa940a0
bf93be62
40b53f0f
3b844077
3e213ffe
bd1ebf91
3f144007
4034bf93
3cebbf98
bf77404c
40aa3f63
40b93f91
40ec3eb5
3f963fdd
3fc4c00d
3f76c026
3f27bd97
befb403c
bf0140b5
bf2f4055
403d3f63
bee83fa3
c0313f98
3e19401b
400540e8
401d403c
40ac3f5a
bef83f52
3fcbbfb9
4051be99
40ba4029
40853ce9
c0074053
3fd940c0
3f784065
3ffc40a1
bf9dbf46
bfebbf81
3fe140a2
408b3f41
3fd64102
40df3fa8
bf854009
40133f9a
406f40a2
40764102
40173c90
40e73ec3
3ffd3fa6
3f99409e
40b8401a
40193f82
4077bedd
402dbaf1
4036c011
3ef64003
407c400f
40ec4030
40264086
bf2f409c
40b63f51
40943d45
3fd83fc2
bf3b40b6
40783da8
bfcbbf95
3fadbdac
bf814045
3f87bfb3
3fe74000
3c7ebfaf
beec401f
3fd64078
beef4067
40293ff3
40ba3edd
40344029
3cf63e3d
3f713f7e
bfadbfef
bf2bbfba
3fa73fe9
409bbe5f
400440bb
3fde4033
407040a8
bf51bf3b
bf46bf9e
402c4097
3f32be95
403840a3
3fab3f9a
40eebf3f
4018bfc2
40003f9d
40a53f8b
405f3fd1
40dc3e7f
bd3e3ff2
bed240ba
40a540b4
40a83fc6
40014008
3f89401e
404140dc
bf0b410f
40513fa4
40c9bf97
40043eab
401b40e0
40814028
bfacbea0
40aabf89
401f3f3f
406fc001
40b04028
3f0e3fb8
3f4c4057
401bbe74
405d4099
bdc83f91
3feb3ebf
3fca4073
40333f8a
3f31bfd1
bf9240d3
3f5d3fa0
401f4068
40253fbd
3c92bec4
405bbbbf
40813f46
bffabe97
401240b8
408f40b5
3eac4086
40b43fb4
41063fe6
3fd03f9d
bfa43f6d
402a4043
3ff93f2c
40fc3e55
bf103ebd
407abf36
3e19bf82
3e564031
406b407d
3f0440a8
bf86bfed
401b408d
409d3f56
bfd9408d
3f9d40a1
3f394083
40b4bf86
40254011
3e09404c
3f333f5d
bf2540e2
bf9c40c6
3f8bbf23
bff8401f
3f5f3f9d
3ee04013
3ff5bfce
40dabf55
bfd1401f
403a4034
3f244034
bfba406f
408abf4d
40f64081
3f863faa
3f76bedc
3f5740a7
bf413eae
40a03ce7
be7d4060
406240e6
3f353e39
4084bf71
bf473dbc
3fd7405d
3f8040cb
bfb340fa
40e7bf3d
4006beeb
3f993d94
404a40a8
40064104
40af4016
40febd0e
40303f4f
3f0640bc
3c4b3fa7
40a13f91
40d74072
3ec6405b
3e3a40b5
bf0abf17
40b8bf38
3fc9bb23
3fe640ae
3ff940c9
3fd140fe
3f65be7d
3efd3fdf
3fcb3f5b
bf76408e
40a440f6
40d03f87
3fd04059
bf194055
40674001
bfd63f15
bdc6bf6b
40b7bbf8
3f86bd90
4057405b
40304008
4098be1c
c0014034
3d604021
403b3ff4
40524098
bfe03fe7
40563fbb
bdb040ac
bebd4083
bfbd40bc
40794023
40963f57
4001bfed
3f7d400e
bffc3fca
3fa34019
40ed3fe5
40033fa5
be983ff5
bfb73fad
4013bd62
bf283e6e
3f49bf45
3f73bfd3
407140f6
3d1bbf51
407cbf9c
401cbf5e
40833fa5
40b0408e
3f944039
bf9f3f75
4033be9f
4061bf3e
403dbf66
bfc0bf5f
bf6c3ff4
400e3fbf
408abf1b
3f64bf4d
3e2e4031
bf8e3ff2
3f773fd2
400a4097
400140d9
40c0bf0b
bfd53d75
3f913fb6
3f90407d
400c408a
40f03fbf
40f03e39
4032be81
bf1fbf65
bf3c3fd6
3f823ff5
40f2402b
bf0e4052
bd854082
40aa4101
c0143ee8
405c3ed1
3eba4026
3dcd3f40
409440de
bfa33ff1
be433ecf
bf4cbf22
bf6f40d8
405c40b2
bf623e45
40a0bfb4
40134057
404f40c5
3d7a410d
3fff3ff7
c02d404d
bf804077
3f774021
3ee1bfdf
40d33f63
3ee33e9e
400ebf9b
402dc004
40bbc00c
40d5bf70
4091bfa6
3e934092
3fbfbfd2
40254015
bfa73f48
40853f86
402c408b
402b3fca
bfb14104
3fb6bdf8
c0103e87
3fe53e9d
3fc5404a
407840fb
40723fdf
3ffc3ff6
beea3fcc
bf5a40b6
3f7840c6
402fbef4
403a4056
403040ba
4046bf38
40be3eb5
3f823b9d
40b63f10
bf644032
bfa9bfe0
4026c026
3fd8400b
c006402f
be3d4012
40464020
bfef4084
bf263f5a
bf82bfa6
3eadbe8d
406e3e12
3fc7401b
40233e76
40edbe3e
3f0040b2
3f1d4097
bf90bf81
40c33f88
4009bf96
40173fd1
408440ce
3f2fbeac
3fa8bf25
407d3fb6
401c4066
bda6beba
408fc036
40a33ff8
4103bfba
3fed400f
3e88beb1
3fce3f46
40ac3d7c
40e84083
3ece4047
3fbf40d3
bfc8bf2b
4041bc6f
3f9e406e
bf434057
be51bf51
404a40f6
40dabf1b
4102bde9
be934089
bf89bfbc
408640a2
bf103fb6
40664027
3f4a406a
3fc74073
bf9e410d
40163f87
4081404f
402f40aa
3fcf40ee
3fa0409e
3e1d3fbf
40b43ee4
3e824087
3fc0bdf6
409bc005
40bb3f90
3fd2407a
40164073
404a4057
404d4093
3fff3fce
4085bf6a
40203efe
401b401e
406140bb
40a43e9c
41053f94
3ebabebe
3dce40b8
3fbf40d0
3edcbf0d
be274057
be6740b5
403b408c
bfe6c02f
40ea4040
bf904081
bf71beac
403140ef
3f824038
40ee3eee
40fd407f
4009403c
3fa13ff8
4052402a
403dbf7d
3ff7bf89
3f804003
4026bfb0
bf904106
40da402a
40bf3e37
beb3bffd
400fc00c
401c40af
40d93fd5
41003f7d
3eeabefa
bf583efd
bee83ee2
3fa43fcb
c00d4088
3f8e400f
bfbb3fd6
40a73f79
4054bf38
4029becd
3e19405d
3e234021
409f3fda
40bf3fe4
c0273dbe
3e453cf5
4036404e
3f5a4106
401d4008
c01c4010
3fbb3fd6
4057409b
3ec740e8
c0013fd2
403ebf37
401c3fdc
40273fc4
40134038
bf16bf69
3febbf1f
3edcbfcf
401740ce
bfbd4101
40ecbf6a
40633f1b
bf4ebee6
40323fdb
bfb640bb
40833f03
bfba3fbf
4030bf46
be8a3fc6
40a740d6
bf9a3fad
40533f2e
3fb63f85
3fe840cf
40803f75
3f9c4028
409c4027
3fbc4020
3cf540b1
bfe93f12
40964001
bf15408d
40283fd9
bed3405d
bfe4bf83
40e23fc2
3f4f403b
be1640a6
4065bf1d
404240fa
40a1402d
4043bfb9
3fd240b8
3d564032
3f3dbf61
409fbe8c
bdb63fb6
403840a0
3f36bdc0
bf9dc025
40bdbf6d
c03a4001
be88404c
4069c01e
bfc34092
3f1c402c
41063ff7
3fe24052
be924008
405640bf
4078bde2
3e2e401e
3eb93f8b
3f7f40b3
40a04083
401a3f84
bf3b407b
402b3fb0
3e6740d0
40bd40ab
3fc0403c
c0233fe9
400440af
bd95bd56
bd9b3ddb
405c3fa6
40d54019
3e614021
bf1c401b
bff140ad
408b3f1d
3f97bf66
4022bea3
3f38bf78
3f973dc9
4083bf0b
40cb406c
40064024
3f994095
40973f92
c00b3f64
3e8f402a
be14402d
bf913f8a
bed5bfbf
3ed43fef
c024bfa9
3d914026
3fa84090
3f8a3f1b
400a3e2c
40dc4008
3fd53f26
400e4073
3eba40c3
40cdbed8
bf943e75
403e3f80
401c3f0d
be204049
40664009
c00b402d
3ff93e7d
bf944088
409f3fd7
405a3ee8
bec14051
3fd34044
400740ec
4019c006
c0063fe4
408fbfa4
402c4049
bca93f33
be88409f
40d2403b
be7c3d96
3e0f3f80
404d4094
408040e7
3f85bf03
bfea4045
3eb1bfd5
40484070
405a40ab
4070bf19
40c64078
3f9bbc99
bf653fd0
40b44044
404d3fca
41064004
bf4d4023
40834061
40b140c9
40c03fad
40254060
402840b5
beb54073
409740c9
bf064031
3fb33fa7
3fd0bf08
408c4085
3de94016
406e3e1b
3f9bbecf
bf524013
40273f11
3f17be46
c013bed1
40dc407d
bf6440b7
40523f83
bfac401f
40273e6c
41074088
bf34be55
3e1ec01f
40a740bf
40c53f3e
40013daf
bf2140a2
bf593fbe
406b3f3b
beaa3fc4
bfe64038
3ffabfa3
3ff240cb
3fbbbfaf
405bbed0
3ea53ef8
3fac402b
3f953faf
40833ff7
bf8bbf14
bf904018
3ef0404a
3f8b4075
408840fe
40bebf27
bf814059
3f994037
3f3f4090
bf9b40d9
408a3f3e
40b53f8b
beda40a9
40084087
4077402d
3fc83f5c
bed33f87
3e8b4095
3dac402d
405040c9
4089bf0b
40b64084
3f153f95
401b40d7
409e3f8d
be03bf59
410dbfbb
4012be94
3f8f4083
bf9440f4
be80bf35
4101bfb9
3ff6bf8e
3fa4bfab
bffebec3
40c8bf5c
3fd94024
3f964069
40233fb7
4097c00d
3f98401b
bfe9bf42
bf2e40b0
406440cb
40943f61
40b04023
3ff13f43
402c40be
408e40da
40524037
40904020
40c93f1b
3da23eec
bf163f77
bff43d0f
3fe93f38
40ca4044
3f843f4b
bf3f40c5
bf9c4055
3fc03fa6
40804002
bec040b8
3f7340ed
4022c011
bfe1bf5c
407c4083
3f05bf87
3f8fc00d
bfce4035
3d084014
4089bfb8
3e1940bb
bf973f2e
40643fb8
40c83fef
3ff6bf8b
be44bf4e
3f9640ae
3f224009
40a74004
40a84082
3fc0400f
4011c00f
3fc93f1e
bf493ee8
c03d4057
3f033fb2
404540dd
3ff84084
3e83bed9
bff7bf95
be8f3fe3
3ef24050
402dbf39
becd4027
40e03fc2
403e3f74
3fdebfae
40714013
40d5be11
40a04000
3ce74085
bf5f40ee
bd0f4053
404dbe02
40aa3cc5
bef04066
402b40b6
bc5a4054
3fd03f78
40f7402c
3f583f0b
3ffa4031
bf943fcf
40c8be36
c025bec0
3f89bf4d
3f90c019
bfc73f63
bff13f71
bf29bf59
3ff64028
4086bfd2
3ea140fd
3fa64018
bfde3f1e
402d4053
3fb74031
3feb3fe8
4056be88
40edbfb9
3cfb3f9c
3f713f3d
3f874102
40194004
3fbf3efb
3f653fc3
3feebfa6
40ad402f
bfddbebe
c0244041
402ebfb0
408640d7
befe40f4
409abe58
40863f03
40243fb8
3eddc01e
40974087
4089bf39
40a4bf03
4026402c
bf873f24
40423f73
bebd3ec4
4080bde0
40124072
bfa44000
bf0b4008
bf334016
401dbfa8
3fb940bd
403bbf4a
3fa54069
4025bf33
3ffc3f66
3ee0becd
3fe940b5
40a44103
3fd4be2f
40a03e78
bf3c4071
bf66bf1e
bcf94050
40d03ff5
41033fff
bd04400b
3e85c01e
4026bd97
4087beac
4105404f
bebe3e82
3ffa3f8b
40b44028
40034025
40a24070
402940a4
bd4c4041
3ebd3f0c
408e3f96
41024002
bf284053
4010bfc5
bfcf4072
40e0bf78
404cbf2c
3ff240ac
bef24051
3f3c40e3
bfb24004
40523ea5
bf6f4094
4055c008
405b4086
4037bf6a
402c3d23
401cbf08
404c3fb7
408b4105
40bfbeba
40e8406d
3ffe4064
bf1fbfd0
bf484104
402d4032
3fff3f07
3fbcbded
408e409f
3fed4069
40764021
3e053f36
be9cbf96
3ff93f9e
bf584104
3e4f4033
4110405d
400c4042
40903fe4
4055c008
40d43f89
40d5bfac
3d37bf9a
bf8940a3
bf61403e
40613fce
40053f29
be773f09
40483f24
40984084
bfab3fed
40f83f0b
bf623fab
401d40de
bfc840ef
3f02bf5a
40ca4037
400240bc
3ff7408b
3fff402c
bf00403e
40253fdc
bf1e4096
3fb23fc8
40833f68
bf024012
40173f9a
3fedbe48
bf0f3fb4
40a3c008
40e33fa6
3f8f3ec9
3ebb3feb
4069400f
3f3ebffe
befdbe01
404d4039
3fa83f4d
bf2640c3
40343e13
bff94035
40cf402f
3ff140a8
3fd640df
40684032
bf4b4018
40dd402e
40314031
404540a0
404940d5
be373fdc
40313fd2
3e903f1c
405b406a
3fcdbfbd
3f8f3eb8
c0374079
3fdebf48
be16bf4a
bf9140eb
c00e3f81
401f4024
bddfbfaa
403e409c
4070c012
4098be47
40ca402c
3f0640bf
40433ea9
bf8d4047
40b1403e
40d33f20
3f7c4025
3f764011
bf374047
3f984021
40d84035
bf0040b9
3f3340d3
bfd4c019
4013bcbc
40ea3fd0
bf3ebf84
400640c7
400540d5
40c3bf4c
3f10beaf
bf5c401c
408840a2
40a640f8
3f843f23
40d6bf21
be8bbf53
400c409e
4094c02a
bf544040
402a4075
3fb7408d
bfbd4067
404e3f92
40853f9f
40994071
bf80407d
4046bec8
405e40cb
406ebf04
c034bf88
3f8b4065
bf033f97
4092bf78
4081401b
3f944072
bf4ebe97
401c40bd
409640d0
c01e400a
40a2bf63
3f2b4092
3f0c4078
4019c006
4083bf16
40e14072
3f784081
407c40cb
bfee409c
40863feb
3f51bd82
3d1740be
403040a9
bf423fd6
40e2401c
4022bef0
bf5e4079
3fbe4020
3e5540e8
3fd83f21
3f3c4052
bf17bf25
403140dc
409d4025
40423f49
401c3f92
403d402e
405abe5b
400140c8
3fd0401d
bffc4033
3ee74080
407640c4
4087c01b
40ab400c
3f913fe3
bf593ffe
bec740f0
3f69408b
bfa9bde9
c012402b
3f793f12
3fd24005
40bd3ff8
bfc44007
40c73f89
3ff5bf0d
407abf41
4086c02a
40953f6a
3fba3e38
3ee93fd3
3fcabf7a
408a4101
40b83f0f
40b33fb6
bdc440ae
3fff40a5
40bc409a
40b83f88
be62405d
3fa13e4c
402640e2
3e934009
3f8e3fa0
4110402b
bee540a8
3ef8bcae
3fef40c6
3f163fc9
becb407d
401840ac
405d4043
408f4070
3fd63f6d
c018bf0a
3fce4050
3f923fc7
bf8c3e36
bf07be83
403c3e56
400e40ad
3fbcbfc6
3f9640dc
bfddbe41
40d74079
40204075
406b3ddf
3f154107
40783f8e
c01d4012
bdaf406a
3ef740d3
40684099
40c73f03
41094033
3f71bfab
bf0c4028
408c40d1
4098bd7a
c030403e
3fbabf62
bef6bfa2
403e40d8
406fbf48
3f0c4045
bee34065
3f9f407f
bf7a405f
3e9a3e87
bfb2bf9c
4005bfa4
bdec3ec2
3e07409e
408a3f76
bc653f4d
3f3f4022
3f5340e8
40be3f52
40663ef8
40804083
3f5d4045
40894092
3fd540ac
3ffc3f8e
bff1405a
3b91bf2f
406e405e
407540b8
bf0b3fbb
3fff3fba
4029bff5
bd39402c
bec73fb3
be62bf74
bf5c3fa7
3f614044
3fb93f0e
4037bf45
401b3f87
40f44076
bde64083
3f4ebf44
3f534063
40e03fb9
3ff9befc
be63402f
401640ca
40b94045
40ba3e32
40f0bf03
3fae4044
4082c008
4074bfca
403d4025
40a14082
3ff9be8a
3fd140b1
40854044
40ddbf79
bf1f3f83
3f53400a
bef940a2
401cbff3
40eb3fdc
3fea4079
3fbb4020
408fbff4
3e82c02c
3f353eac
408e4047
bed64026
3fbbbf15
408e3fda
409d3f4f
40414014
3fc5405a
3ec34099
405e40b2
40753e09
3fb63da1
be083fba
401b3f6a
409a410a
40964023
3fee4064
3fbd409f
bf854024
40b740b3
40894026
40f0be81
3ef4bf83
406b406c
401a409a
bf81bf0a
4104bf96
3e944093
4034400e
bc8b4106
3f28bdd1
40c14044
3f93404e
3f253f1e
bebc408b
40393eab
402e4037
401d409f
3ee14074
bfa84017
40493fc8
3f2fbf85
3fc33d74
40583fee
409abdf3
408bbeef
4105408c
401fbf62
bf114048
3c9bbfe6
bfcbbf58
3eeb408e
bf18bbf9
402440ef
40a73ec7
4089402d
400c4073
3ff140b1
3e8d4069
409d409b
bf623efc
40f44023
3f28bf9c
40554025
3e6f40ca
40153f94
40c6404d
be82408a
bf0440b3
408d3f0f
40184025
40034089
3fa2be69
3f92bf35
403740a5
40c8bf72
40edbf23
bf6d40a0
3f8f40c8
3fc44055
403c3f71
40db4027
4034409c
bfaf3ff0
3ff2c00d
3ecc3eba
404d3e9a
bf35400a
beaa4052
404a409f
4004bf4b
bf554055
3f823f0b
408b40ef
3fd7408a
40653fb2
3fb3408c
3fefbfa2
400c40d3
bdc6bf8f
40a13fe5
410a3fdb
bed13e9c
406e40ed
408240de
c01d3fe5
40234082
3fcfbffb
3f384018
404ac01f
c01e3fcb
40ccbf38
400440b5
be343f08
4035409a
bf743ff9
c0124027
3d61bf52
bfbebe81
4002c023
4046be65
bf414070
4035402a
3fc84021
3f533ef3
40174029
bfbc402a
40224034
40314067
409d4068
40a43e36
40223fff
3fbb3ee1
402bbe1b
400abf90
40e23f71
4108407b
4011404d
3fd2c01f
408b3f1b
40c4bf51
bf95404b
3ed3bf3a
3f37bfd8
bfc640ac
40b63f71
3e8c408d
3faabec6
4019bf86
40514094
c00e3eda
bf0c3ecb
3fef3fd5
408540e1
beaf40de
3fff3f9d
bfe4bfac
bf0cbd95
408b4007
40b44014
40c4be74
40a24090
40383f11
4026bfa1
3fe940b2
40e04001
3f143f14
3fa43f8b
bf9b40d9
3ef4410a
4099bf51
40ee4085
403840a1
4082bf84
bfdb3ee1
409f4003
3e9c402b
bf264088
408bbfdf
3fd63f95
40acbf15
3ef2bded
bf403f7b
3f9440bd
407bc004
3f8abe78
c038bfa2
3e1ebf9f
406ebfa4
bfcec03f
3fc83f96
408fbf8f
401e3fe5
4005be2d
bf234100
bfab3fd5
c0304045
3fa04007
3f573f5b
3fe4bfea
40884015
be033ece
3eb140bd
bf5dbfa3
3ea84086
40c6bf24
40aa3f99
3e9d3ef4
be6abddb
3f1740e7
40e73f58
408fbf75
be893fdb
4084404f
40924071
40144002
41093fba
bee63e7f
be7240e0
bfa2bffe
c0193e06
410bbf91
3fd740a7
3f87409f
40963f53
40bcbf6e
40964086
3f924081
3eca40ca
3fb74019
bd673f8f
40e24063
3e8abfa2
bf2dc009
40bbbf1f
40173f4f
4107401f
3ec6bfb4
bf684004
406840af
bfb5be8c
40cf3f91
3eb7bfd0
bfb24035
bfdb4105
40b53fa9
410d4084
3f5cbf64
bef2403c
bf8640ee
40b64024
40bf4009
4022408a
3dbe4052
bfc54100
404b4038
40ecbf2d
3f85bf56
be01401e
be8b3fa7
40ba4008
40d43f8f
bf34402e
406f4092
bfe0407f
bffa3bc3
409fbf03
40154026
4066c00f
3fd24043
3f42bf76
3fa0bec9
3f1bbf93
be87be4f
bfd040a6
40123f92
bfb83f83
3fd64089
408240c2
3fa8bc26
40273fea
4071405e
3febbfb2
3fbd3fe6
bfd7bfdb
403dbed6
40b63fc1
40094083
bf7b4001
409a4002
4055bf5f
40cabfa8
3f8540bb
400cbf11
3f47bee4
40314019
40a7bf91
3fb6bf96
bf2d3f24
3f503e21
405d3f49
40753ea5
40254041
405440a3
3eaa3fae
bfb13f6f
40c63fc2
3f8740a3
3ee13fe4
4045c039
40063fa3
3f484001
3ff13fcb
3fa6bf07
405d40ba
406cbf38
c00b3f8b
bf064093
3f973f3f
4060409c
40af402b
bfc73ee3
beb2406a
3f6abed7
bfc63f0a
409f4016
407e3ff6
40014012
403dbfa9
3f5740d3
40b53d07
403a3eaf
401a3fe9
404d4030
4089bf1d
3fc73f59
40c6408b
3ce140bf
407e4082
400840a9
3fce402e
c0093fbc
3fc74085
405240b3
bf2f40a7
40bb3ea8
40dd3ff7
3fec3fd3
405540c0
3de140cb
3e7e3fa4
bea04027
3d564026
3f1e40e0
40083f68
40dc3e49
40e9408e
bdb5406d
3fe64061
bf7340d2
401fbf0e
3fb73f63
3fd2bffe
408d40e0
bf6dc017
405c3f5f
409c403a
3bd34094
405d4031
3f573e33
3eadbccf
c0144061
4024bfd7
3fe3bf9c
40184083
405d3f4c
3e58beb7
bf1a4065
40534008
3ffbbe3e
401c3fd5
410e404d
be2740ac
404740de
400b4107
3fcabebb
40894077
40203f28
3fc44001
401340df
40bfbea7
3e133fad
bf0940a6
40123f32
409140f7
40753f41
3e023f0f
3f06403e
3ffdc009
4016406f
4096401e
3f8b3fd9
3f3740bb
3f9740dc
40413f96
40643f93
bf0abf54
3f0b409a
3e28befa
40b5410b
405c3e73
40884083
3f97bf13
40744077
40bd410d
40ac3f38
40a0bed8
be593fee
bf42bd73
3fc24029
c0073ef4
c0184042
4015bea4
408f3f50
4084bf82
c00d4026
beb93e6a
4036be5e
3f5740bf
40834089
be024038
c040402b
401c40bb
4074bfe6
3fab40a0
bf5fbf50
403d4030
3fba4089
40254099
bfb5bea9
c013bf04
bed74054
3fbdbe60
3e2c40e8
bd844029
400e3fac
3f13401e
3ff0bfff
406940a7
401e4077
bf923f92
410dbf80
3f583a28
3fa63f87
4095bf8d
4097bf1a
c0293fc2
bf6c409f
402740e8
409440e7
403b3e5e
408f3f40
40404046
40313fd6
3f914105
40e4bdbd
3f904071
402a4087
bf5140a0
3ddebf87
c0043fc0
409e3fa5
402bbfc1
4031bf57
4018bfbc
4048401a
40863f07
3f2a3cc8
404a3f8e
3f3d40c5
40233dda
40d64024
4015408d
bf1440b3
3f7540e2
40893fff
40384081
400b40b6
bf64401b
3f243fb7
bfb93fb5
3f674079
40073fbf
bf86bf99
bf3d40ce
3ff53f9e
bf204030
3e5a4054
4076c00b
40364071
beac403e
40b14034
3fa03dc8
403abe33
40a84100
3fc03ef9
40cc3ffa
4025bf26
402c3d38
40b9bd0c
40d23fd3
4086bf95
bd7ebf7b
40544070
3fdc4059
bf913f08
bf3d4039
bea6409f
bee14081
409ec039
3fcc3f8d
bfee3fd5
3ed9bda9
401ebfb3
3fc63ef9
40de3ea9
3fddbf97
befe40a1
bf81407f
bf83beec
bf763f9c
bf0bbf9a
40103fea
3fb24034
bf9a40f8
bfbd4014
3fc63fa4
bd5b3fd5
408d4015
4086be39
40edbe90
c03a3fef
40064010
be674073
405ec00a
bf9b3fff
c0274044
b93f3d97
4050bf13
408e4109
40c13fce
40f04090
be8b4070
405a3fec
407cc028
c00d3ffd
40f9bf87
bd87beba
bf984083
beb440cf
40b63fca
407abf9c
3fe2bf13
bde740a9
bffd3fd7
3fa63eee
40c3bfa3
be4d4086
be933dea
bfc64093
40763f93
bfd04017
4015408c
3f9a400f
4069bf95
40393fa3
bf223f8c
403040bb
3f8340a2
402e3fb6
40b63f4f
40ac4026
befd4093
bfb5bee1
408e408c
409e3f96
3eb9be8d
3f30bfdc
bf9c3f27
3fd43ec1
bfd03fb0
bf883f33
3f183ede
bf97c016
3fbac02f
404d3ea4
c0104041
3f873ee0
3fe740e2
40174032
405b3f46
40c23f4a
3f3f40b4
407d3f4f
3f36bfe7
bf7c3fa5
40ed4038
bf3a3e07
4055bfe5
3e74403d
40eb3fd3
3dfa3ea3
4035bfe2
3f824082
bf98bfa2
bf18402f
3fd93f9d
bf6a409e
40193ffc
40373f90
408b3fcd
bf9dbefe
3f8f409f
3dd840b5
3ffe401f
3fc84034
40584079
bf3abedb
3fb640d1
406bbf02
3def3f8a
c003406c
4010be2b
404c4088
40984037
4098bf1c
bf833dfe
3f71408d
403840d1
3f4c4109
40614002
bfbc4001
40053e9d
be823f02
be5c4049
40c24032
c0004028
3f7f40a7
408b40c4
40904104
40c5bf33
bedfbeed
403ebd4e
3f82bfd5
3fe1be39
40dbbef2
c011bfac
3fc73f45
3f9b3ed5
402c4063
bfc63fcf
40a3bf4c
400c3fed
403c4014
40bcbfbb
bea5400a
bfbe4084
3f4b4098
3ff74040
404b3e87
40443f29
40be402c
401c4086
3e8ac016
40b03f88
40f0be4e
40e0bf3f
40084084
4010bff9
40bf410b
3f2f3fd3
3fd7becb
3fd53fd2
be7e4077
4095c02a
4048bf06
3fd03f75
bf42be15
40324005
4014bfcf
be154008
40504075
bf474073
3f693e23
bf0e3f0e
c00e4015
bfd83c21
3f83bfa9
40453ebe
40963f92
40ce3fad
40174062
bf7abf7b
bf97bfb8
40a440b8
407cbdcd
c038bf82
be3b4095
407340e9
bff840f6
40913e8e
3eff4021
4038401d
401a408c
bfefbfde
3fe2403b
4041408f
3fd63ebf
bd843fce
3f89c023
402f3fc4
bf82bfb5
402a4085
becb4072
40984090
3f11bf29
4063bfaa
be4e407d
bf8b4050
40a840de
40b5be0a
3daabe9b
4036bd2a
3e844088
bf834058
40813e70
40e6bf94
3fbf405c
403cbfd1
bf234081
40d83f5f
bedd4062
3e3e40b5
406e3fcc
bf4ac012
3f873f4a
3fb8bf43
3fbf3fb1
406340d4
3f523e8a
bf483e76
40ca3f9f
3f8540a2
3f3a3fb8
3f803ff9
40253f44
bfa13fc1
3fad3f74
3f193d1e
bfc6bfe3
400dbf52
bd9b3e53
bed8bf8f
3f70bfbb
401d4103
403e403c
40624006
3f633e47
bf4940cb
40483ffc
3efc4027
3fbf4008
403b40a4
403d3f14
3eef3eec
bfb73f74
c0033fe1
3ec7409d
bf3740d5
402b3fac
4051400b
40873f9e
402340b3
402b4033
406040f2
409a403c
3f27bf8d
400a40bc
4084bf4a
bf0b40eb
3e8a3fa4
40703f4c
3f8f3d32
400a40ee
bfab3ed6
3f9e3f0e
c0303e2b
4016bcbd
bfae3fa5
401c40d2
3f813f9d
3fa04022
be0940ac
406bbff2
409f3fdb
406f400e
bf7a4068
bf593ea0
408f3fe2
bfe2be55
3da44007
408f3ff7
3fae40ab
4016402b
3e824006
4054beb2
4088bf09
beedbfe4
bf92bded
3fe0c001
3e9fbe06
40cfbe09
4015bf01
3f99bfd9
bf07bef2
3e7d3fb2
3f8b3fab
3ed240a2
3ed04085
40643f3c
40c9be68
3fe2be27
3fed4070
3ec14071
bfb7c030
408d3e97
40823d30
bf74401c
40393fd8
bfc7c036
3fec3f12
c03d3f9d
3f8540a0
4079bfd1
3ea33fca
40394013
bf87bdef
3f03bef5
40183f52
4002bf98
40e0bf3e
c0253f09
3f324048
3ee840ce
4097bfbc
bde1bf69
c0323e85
3d6cbe84
bf7a40c6
40293fc6
bf823f96
41063f0b
3f33404f
404e4081
bff740fc
40be3e2e
bf6a400a
4019bffe
4082bfd9
409040be
c0084029
40f3be0b
be453f81
395cc007
bf8c4042
400a3e2d
410b3fb4
403240a2
be66bfec
bf4fbfcd
4009be1f
bf81bdda
3f203fc5
bddf4033
40a54077
40d53fc4
4105408a
40394002
bf53c016
3dd04109
40e63f09
40cf3ec7
beb53f84
3fea3fd4
bee24050
40873f37
be884071
3ce43ff4
3e843fd4
bed240c1
409b4005
40a83f88
4012407c
40483f2b
408c40aa
40a83f59
409bbfa0
3f1d3ffd
3fa04012
408cbff3
3eae3e96
3fb13ec3
3f413f23
bf7b40c1
bf8e40bd
3f4e4038
41063f0d
bf5b4042
40604053
bfa93f92
3fd24005
406c403f
3d7c4088
4067409f
3ff34021
bf0fbe87
409f4086
bd86406d
408a406a
405dbfba
bfcf3f8a
40043faa
bec63f34
3fa23f7e
4048bfd6
bfd13fb6
40cd3fb8
3fd740a8
3f1540d3
3f91c029
40a73f40
3f473eb7
3ff84082
3e6d40b1
bfb840cb
c0073fc2
bffd408a
3fc33e24
406a4058
bfec4095
c001400b
406abede
3ffabf35
402f4084
3f8e40db
bfdcbeaf
3e323fa5
3f0f409e
403b40c9
402840dc
3f253f0c
c027bfb6
bebc4081
3fb7c000
4086be9d
40a44023
41023efc
4014bfc6
3f4d4071
bf74bf25
40eebe45
40efbf98
40113f35
403a4008
40a54093
40cf3ee9
40d63fc1
3f8c4051
bf38c01c
408940cb
40e53fa2
40584025
befe408e
bf81bf52
bf3a40a7
40db3fd2
40e14089
3fc740b7
402a40c5
4094be46
4098bf41
409d4019
bde83ffe
4012bfba
bf3c4047
402fbe71
c02abfa5
3fdb4004
3f5940cc
bfe44005
bfa4403a
3fe03fdd
3e654088
402a40a9
40aabfed
40bd3fc9
bd46bdfb
4013bf80
bea8406d
409e410f
40c2bf05
409a4063
4013404d
40814098
3fda4055
40394027
40894089
bed03ffe
4076bf50
3f90be67
be06400a
40a83f89
402b4088
3ef73efe
40a0410e
bf863f79
be0b3fdd
401240c0
3f8540a6
3eda40e7
40a63fb0
3f683fd7
bf54bf70
403d40b1
4032406a
bf913ff2
3f183f6f
bf683f85
3ff740ec
40b540c1
bfef3eea
410d406a
3effbfae
3fb33f9d
4020c013
40d23ea5
c0024073
3ff0bf7f
40493f20
405b4105
bf8a3f8a
bfa2bede
4038bd35
bf293f82
3f804047
bf2a3f37
40b8be30
3f92bfbe
40844030
403f400e
3f85bf21
c01d3f9b
3fc74010
401f3fd5
403d3f96
3f6ebf1b
4096404c
bf31bfab
3f8940c8
bf8d4045
40b74020
41003ffb
3fe6407f
3ff1400d
be19408d
c00f3ece
40b13e81
bf724085
bf8c3eda
3f243ffe
bedb3f32
4041408a
3fa2bf85
40714058
3eccbee1
bd203fd3
bf6a3f7b
3fa14018
406b40c9
bfe040b3
c0013ef5
40eb3e7c
3f1dbfc1
4000bf5c
40423fdd
bf7b3fc8
3fac4086
bf49bfbe
3e7f409b
bfa5404c
bff04003
402c3fd7
40324039
400cbea9
40a33f40
40483fca
41063f68
3fdc40b6
3fefbf7a
40a240a0
bf053f01
4102bfbf
3fb03fb6
3f733f9e
40b440bc
40493fcc
40f4bfa9
3dac3f0c
404540a7
beb0405f
bf584035
bf983f4e
bd8a3f97
3f294098
408140ed
3fb33fa3
406a3d67
3e373f78
406940ab
40124084
40b1400f
40634035
3e344053
402040be
be3740bf
40d0401b
405c404a
4029406d
4023bf52
3e914096
3f83bdb3
40c4bf9d
402d40a0
bddc409b
bfe03f51
c0114013
40d8bfab
400140b0
404540c7
3f8dbdc6
401c3fbb
40e2bfbf
3f6e4080
bea040c1
bfc5410e
40a73fdd
410fbfad
be9cbfda
bf063fd2
bf3a40c7
c01d3f4b
3fcd3f81
befbbf91
3edf40dc
bff14099
bf1abe74
409c3f85
bed34032
3f4340da
4021c006
40863e42
40073fc3
3e01bff7
bdd940a7
40943f04
40a4bd9a
408a3ff6
4004bfc6
3e0d40c9
3f1f4106
40753ff7
3f253ebc
bf6a3f73
3f8bbfa1
401a406b
408ebf42
40e94013
4001406d
bfa640d2
3f834101
3f87bf54
409a4047
3fbe40a8
bf3b3fcc
409dbee9
4099400b
403a407e
3f5bbfc9
408240e7
bfb140dd
40753ec6
40b13f50
3fdb409b
40864092
bf86400f
407f4026
bfc8bf95
3e914059
3ff03fad
bf0e40d1
407e4001
bfa3bedf
beda3fb8
4061404b
40bd40a3
40e13fb0
3f2dbce8
bdf0bfbd
bf874077
bf9640fe
c0013f5a
3f7e3f9c
3f71409b
bf1b4001
bfa54002
3fbf3f3b
40943ff4
3f133eec
4002bf4b
40c040e9
40a54025
3ff93d6c
3e9c4061
3d8140d9
bdaf4090
3fb1402d
40febf82
bf123f9f
40343fe4
4089402a
bfc63fef
3f693f76
bf15408b
bf5c4093
40bd4051
408abe58
405c3f36
bf7a4054
406cbf93
408bc00c
4058401b
4105408e
bd9e40af
3f703f8b
bfd54108
3fd1bf73
be9c3f8c
bf21bf7d
400a3fbe
3fdb4102
400d4019
40fd3f1c
beb44080
bf8b4066
3e8840c5
40b64038
bffdbe4b
bf25bf28
bf55bfa5
409bbfff
c01a3fe7
4083bf07
bda6401b
403d4056
3f903f21
40babf50
405a3fbc
40404014
407e40be
3f0b40aa
40953f8f
3fc3bf82
bf61bfc4
4021403c
3f633eb1
40093fb3
c0163fb4
3ea7bdce
bfaebfcd
bf3740ee
bfdc4025
40a9bdb5
40094097
401fbfbb
3ff83f60
bf85402e
4085bf3c
403b408b
408c4075
40b740c4
40ed3fa4
40234051
403a408c
bee43f03
40194038
c0183ff7
4042bea7
3f984016
bf2c3f0a
4049c023
bfb1bf47
be944054
3fd140a5
be803fa5
40bf410f
40c04009
c0134049
bf3abfb1
401740c6
40423e63
3fa13d58
c025bf03
3fe0bdea
bf124092
40b4bf4b
3fdd403d
c0093f69
bf283fca
407e40e4
4054bf0b
40ea3f49
be964037
3f8a3ff2
bf954039
3f334106
40e6be4f
40304059
402dbe21
3fc640d1
4081bc27
40c63fef
40f8bf1e
be5d40b3
bec03fe8
40ad40a2
3f2f3f5e
3dcfbfb9
be2a40ad
4082c018
40443fe2
40eabf50
40854086
bedb3f6e
bf86bf8b
400a4102
bfa93fc3
40e93ddd
3ec3bf93
bf954083
408b40f8
400a3e92
3f963f9c
3f8a3ea4
401c406f
4051be25
c00d3fb1
c0203f8c
402a4065
be2640be
3fb9c03c
40934029
3e8b4012
3f52bfca
408240e9
bfaf40ac
40263e82
40264023
40203f8f
40843fb9
408e4036
3f3f4035
408d4073
3fbd3e9d
4071405b
40ae3f7d
4058be14
41043ff8
3ed23f4b
3f254053
400cbf87
40de4016
40883e7b
bf603fe3
bf064086
3ff7bf87
40114039
bf713e85
3fbbbf9b
400ebd99
40b340db
3e314035
40e53fdd
3f89bf9a
be4a3f6d
406040ab
409bbf61
bf964010
4016be19
3fd340d7
bf3840da
bfaf3ec6
40a4407e
3f1d409b
40244073
40373fbe
3ec7bf2f
40994067
bea9bfd8
40103fce
bf6c3fc5
40a43fbf
407c402a
3ec6403d
3e8a3fe5
40874089
3f843fca
40f23fd2
403f3dd0
4025be4c
3f0a3f4a
408abde0
410d400b
3fd7402d
be7a3fc9
408c40bf
bf9e3e53
bc984072
3f78bf23
3e2e40ac
40503d8b
3f553fa8
bfd6bf8b
3fdb4090
3f7e40ae
bfd63f7b
406cbe5e
4045bf7e
3f984010
3fd33feb
405e40a5
40eebea5
40cf4017
3f5cbff5
4062bfb1
3f82bf95
be67bf3d
bf89bf1c
3f01bfef
408540bb
bf62408a
3d95bf4f
4016407b
402abf4b
405e40e3
401140a4
bff34010
c02d3f8e
bf803ee1
3fa740b7
409a4000
400d3fec
40b9407c
3fe34064
3fc1bfa5
405e4082
beff3fc9
40cabf9b
403b4055
403840ca
4027be80
403b3fa9
40173df3
3ff33f7f
3fa64096
4022410b
3d61400f
40884085
3ffb405f
3eb2bd4e
3fe74093
4050bf22
3f92bef0
402e40b1
3fd740b0
3e88bfe4
40e23fb8
40f7bcf2
401b4003
4082408a
bd6e40eb
40e44040
bff04084
3f87bfc4
408f40b7
400a4061
beff3fbe
bfeb407d
3f1f3f44
bee440d7
bfe14022
402ebf77
c005403b
3f5440b8
3f393f33
40b8bf75
406e3e0f
409c3ffd
3fe1bf2a
3f4740ad
4051406e
bf983f4f
40c03ffd
40063fbb
beb64081
bfa240d3
40e2bf1c
4081bf2b
3edd3f69
bf5f40ac
40ac3f77
40113edd
40c9be0a
3fc63f19
40404003
4089406a
bf844017
410a406a
4030400d
3ff5bee8
3fda410f
40b63fc7
407f3f5b
bf1b4023
4027bf05
bf5140bb
407f4039
bf49be8b
bf5dbda5
4085bfe0
406a40fb
403f403f
40844086
3fac4080
404440d2
3fb940d9
bf033fc0
406a3f69
3f2c3ed8
bf9c40b9
be66bfb0
40e4beb0
40debe12
bea84038
407fbe21
4045c03a
40d1bf35
3f27402b
3f9f3f4b
3f9f40cf
40063fc8
3ffb3ff3
40a53fad
3f914010
40524078
407c3c1d
40683f84
bf753eb6
4031be35
becdbf9e
3f69403a
40e5403d
3f654062
403e4092
bf093fbb
3f58bfcf
bf8e3fc8
bfa8befe
3f8d40af
4048bfff
407940f5
3ddf403d
c0084069
3ff9bfc4
402b40c5
3f9e4015
40db4037
40ad3f3e
3ff7bfc5
bf3140d2
407f40ef
40b7402e
3d523f4a
40304083
4055404f
40293d43
40573ff5
410f4084
3f144099
402c404a
bd964057
40e63ed3
409e3e19
bf5a4094
4080bf6c
3f853f4d
40d5bf65
40304082
3f953fe8
becebedf
bee4c031
3eba401a
3fdcbfbf
3fea40b7
4014bc25
40974054
409c3fd1
4000bf33
bf024083
bf594051
40b93e76
3ff04034
40d4bf8a
3fd13f17
400c400b
40a83f74
3f03400d
bf97bf06
3fe93f8b
409040a2
40b13f78
bfbe3f72
bfc93fb0
bebcbff9
3f93408d
40913e15
40783efb
40db3ef4
403c4030
3e28c01e
bf1cbfe1
bf42be4f
40344014
3e4640bc
3e7240be
400540dd
40993ffd
40414037
40204076
405d40eb
bed64065
40b53e01
41093f7b
3ff64077
bf19bf63
406440af
40b83e15
4012408f
bf63bf33
3ebf40a4
40be40b6
401f3e45
40583fde
beabbf40
3e83bfbe
40a5be38
40363f9a
40b8401a
3ecc4093
3f0640d7
4074bfdd
bfe13f9b
4022404e
befb4085
bf013fd3
bf9540ee
3f79bf19
40b33f5a
bed5bf02
404d3ffc
404d402f
3f6c4027
3fa1408c
3fdd408d
408440e0
40303f85
3fa04004
40393fae
40373f84
401b3f63
bfdec009
40a33f48
bfb7402a
3fad401d
3ef140ac
408e40aa
bff83fc7
3fc14043
3fc24084
3e76c00d
bf4f40b3
c00c401a
40d1bf07
403ebe04
3fcd4037
404dbfc7
40b2bf7d
bfb04008
bef73c10
bf8940e2
3f23c01d
3fcc3fe3
40c63ff8
3ea2408d
3f3c40e6
40a1bf64
4092bf7c
40d13f5b
3f154052
40493fe7
408440ef
bf0dbe98
4098bc04
3f9ebff4
bf49bf58
3fc3403d
3ede4010
40d64027
bf2a4007
400e4066
409b40c0
3fd33fbb
40a44044
3f914033
bf874087
40af4067
405c3ec2
bfc84048
3fbcbed3
405d409d
4032c037
c01a3ec9
40db403d
402abe6d
bfb8bff7
beb43fa8
40de4011
c02f408d
bec5bf9c
400fc003
402140ec
3fb5bc05
3e96befa
3f2a4057
bf73405f
bfe640fe
40b9be6f
bf6fbdd6
3e4cbfdf
bfadbfcf
bf8540fb
3f6d3f8b
410d4047
3ff1bfc1
bfbf40af
409e3e9f
beac4033
40b5bef7
3ff93fbe
40624020
407e4030
40a7bc9a
40db4087
bf454092
3fe7409f
bf7340c4
3fbf3ed8
3ff74083
beadbf85
408240d9
403940a7
40453e79
40ae3eca
400c3fb0
3e2d401b
40804049
4026bf1c
40cc3fa2
3f2f407f
bd793fe0
3f24bfdf
401b3f70
3fb94009
3fe43d6b
bdd040a9
3e87405f
4067400a
40d4402a
be71be69
beb04007
3fdbc035
3e243fc7
3f743fe6
bcb54073
3f8ebfe9
40a440ea
40e9be4d
40d13fac
400740b9
4033bf1e
3fbdc010
40b4400d
40de4050
bf434058
402640b9
bed9c02f
be2f3f09
3e82bf92
4038bed0
3fd140e3
408340a3
40174035
3fb7bf84
3f3a40ad
bec040aa
3fd940c6
c00a3fba
4100401e
3f8740c0
be86bffa
bfd940a1
40e04030
40f14082
3f284057
405c407c
bf61409c
3f7a3fd0
3f99408c
3fa2406a
bf4440d1
3f1e3fb4
c00b3fda
bf81400d
bea63daf
3f90bf46
bfefc023
40c13f89
c018bea7
bf5ebf8e
400ebea1
40574056
4094bd25
40c74059
4012bf06
401e3f63
403a4067
3f803f2b
bf9d405d
3f22bf99
3e863f84
402d40bc
c0053fdb
bf52bee4
bdfc40ba
3fb840ac
bfd04098
bf30403d
408bbdb7
bdbd408c
3ff340b8
408e4107
40ae3f8a
3fe54059
bf0440b3
3e10c003
402840fd
bfecbef4
3f80401e
4006400d
bf4040ce
40063f0d
40173ffb
400c4024
3c494006
4003c00c
405440bf
bb9f3f32
410c3fab
403e406e
3f9cbf72
bf1c4106
4046bf1d
3f7e3fbb
3ea7bfd0
406b40e0
408f40f1
bf4abf46
40863f54
3f97bf08
3faec005
4015c028
40443f70
3f174069
401ebfef
3fdb40b4
40bd40aa
3fb8bf6c
3eee4086
bd8d3f73
4023c01a
40414064
bffe3f8c
3fa23efd
40283f9b
bf9f4083
bebcbf40
bf38be95
40873e2c
40253f9b
400ac002
40a040fb
4086bf0e
3fa3406f
3ebe40a8
bf4e3fe9
3ff3bf75
40ae4015
40eb3fb1
3f39bf2f
400a3edb
40164110
bf753e87
40fabe95
3cb04043
40153f02
4025bf96
40c63f37
40404054
be6c4094
3ead40bf
bfda40d8
bf154028
bfb2401b
3f814070
408a3f11
407640c5
bf0cbf21
3f74408f
bf703f60
3f9a4087
40863f61
40ba3fc5
40823f94
3ff940a9
4088bf62
bebbbf65
40d3be0c
4100406e
be054011
3b93408c
40574060
40db4028
40fc4011
3ff54017
3f9440b4
40564061
408d3fb5
c0163ff0
3ffa408b
bf8d3fde
bfaabfa8
40483fd3
c009bf8b
3de1404f
3fd04004
bffbc028
40913f2c
402f4089
3eb7bf83
4065406f
bfcdbef3
bfd5bd83
3e49408b
be763fd0
40903fb8
3fddc02a
40b9bf59
bfb1403a
400e408f
bf17bfd8
3fe94086
3fcc402d
3fcc4070
3f064039
bf1c3fd9
bff44039
40e94001
405b4055
3d9f3f8d
bf83bfe2
40323ffa
bfb8401e
bc564082
3e12402a
3fba4098
3fe24102
40c73e7d
40343e2c
401d4082
402240ca
bf7e40f2
c00bbf3a
3e813f59
401b402b
3f53c011
bfa240b6
3fb0be94
bf1c3fce
3ffa3ed3
3ed2bf14
3da9c028
3f5fbe88
400d400e
3f7e3fee
40884063
4087c03b
bff1401b
3fa6be85
3fe040b2
3f944031
40b64101
bfbf3f96
4077404f
3fa5bfe0
402540a9
3f2a4086
bfc54021
402bbe1d
3fbbbf2c
bf3b4058
409dbf9b
bff44037
40a83e09
3fc14096
be4c3f37
4025410b
40e43fdd
3f9ebf98
3fc9bfc3
bf81bfa4
bf6e408d
bfbebf00
40743f8a
4005bfe5
400b40dd
bebc40d5
40c5bf00
40ae4030
3f434012
beb8408e
3f3dc00f
3fd53fe3
40ba4040
3f01bf35
bf37be49
be53bfd3
3ff7bf1c
4107be60
400d40c0
3fd03fed
40ae40a4
bf263f82
4086bed7
3f5d4004
40323f30
401f4010
40ae3f6f
41083fba
bf4a3fa0
4007bf67
3ffd40fe
3ea53e96
4023402c
403040b2
bf3d40d8
bfe84087
4056400b
c0173fe3
3febbf94
bfa33f1b
405340ba
c0103dcc
40c43ef0
3fca40ad
3f1cbf71
3f4b3f86
40ca3f98
40833e9c
3faa4098
3f81bef4
40934070
3eef3f2f
bf59403a
3f0a4086
40543f0f
bfbfbe08
c00b3f96
3e92401b
bf253f84
4088be6c
bf7a40b2
40b2be8d
40cfbfbe
3f2c3efc
3fbdc000
4091bf4d
c006bf7e
bf8e4017
400ebf96
4086bf0c
bf87408a
bffb3f82
40f73f8d
be80404c
40823fd0
40a140d9
409a3f6b
4031401d
40303ee6
401d4085
405dc02d
3fb54035
40da3fee
3e3e3f8a
3d8d4023
40ae404f
40c04034
bff74085
3f0fbf31
bf9c40df
3fd53d2b
3f86bf51
4005bdd7
3ec63efe
401340eb
4049c028
4085bf43
3f6dbea8
bf4740ba
402a404b
40aa40a4
bf84befc
bff8407f
be343ed7
40564076
bf9ebdc6
c0194034
40b34064
be70404c
406fbfb0
3fc440d4
40acbf49
40fe4083
3fd4405c
3f923fa6
40434089
40f0402c
be373df9
3f69bfd4
bf864050
bdecc03b
4016bf1b
3fcabe8e
bf474047
bf10c001
3fe5be9b
402a4029
c004bfa4
bf1940be
bf7e3fcd
bf8c40a4
bf523e52
bfc73f7e
3f7fbf6b
404140dc
bebd3f90
409b3f8b
3f954024
40193d27
40504037
400f40a4
40a64040
4093bef1
3fd34092
3ecb40bd
3f633fa7
409a3f8d
bd943e6d
40123ebb
404540c1
beebbf06
bf45bdb3
400d3cb8
bd3d3f03
bec93efd
4022bfab
408d3fbe
bed83f52
401840af
40363e2a
3e4340fb
c018bdb1
410cbe15
40204019
bf8840ce
3f80bf54
3fe2bf7e
40624051
40254021
3e3f3fab
40ac4023
40d1bf20
40c13f92
3f32bfc2
3f8b3f78
3f5140f6
40934001
40833ec6
3e37bf67
3f10be5d
3ead4086
40e94024
405c3f45
4024be80
3fd43ff8
bf6e40ac
40d33ff2
40c2bde5
4016bfea
4088403c
3e0dbff0
400f3e18
3f48be8a
3f5a4037
40543f72
4070be71
c00a4021
40d3bf95
bec4bdf1
40893ff0
406f40c7
bf8a3f8c
3fa23fb3
401c408c
bf8b4079
3eae403b
40a13f67
3f8fbf5f
bd9840bf
3ff4bfc3
4065c03d
3f673f38
40b33fca
40124032
408840b0
408b3e77
bffb3faa
3ff5bfb7
4008ba7e
bd6a3f3c
40afbf48
bfd0402a
40593fc8
3f104048
bd75bf30
402940d5
bdd53fcb
40f44073
40353faf
3ebbc001
3fc140a4
40664025
408e4055
bf0140ad
bf234080
3ff34018
402e3e5c
bfaa4057
40074046
bf874049
bff33fe6
3fd44036
40d93ec8
403940be
406cbe8d
4012bf33
c0113f90
401bbea7
bf62409d
bf8440bd
3fd13fc5
3f433e45
4045400f
3e8dbe26
405dbf30
40403f6d
bf444035
c001bf3e
40153fb8
402a408d
3f2e407f
408d4015
3e384011
3f90bf19
401340e1
bf8940be
40353f80
40af3eb7
402ebe62
40794090
bff23fd6
40473f45
40f63f19
401f40be
40744091
3f6a4057
401e3be1
40584015
bdc73f47
408940a7
3faebf95
bf423f92
bf413eac
3fd340b8
40703ee3
402840f8
3f5b403e
3d3dbfa4
be554050
3fe5bf7d
4039c036
4025beec
40a4beb3
3f5a40b7
408e40a2
be193f2e
3ff83f79
3fea3fee
3e0d4043
4079c014
3fa24086
40abbef2
bfd73e6c
bf354097
408f40a3
3f923f97
40e6bf08
be45400f
3fe14027
3dc9bfa6
406540e1
40d9bf59
40e9be5c
3f93408b
beae40ad
40873ffe
40cc3e25
bfb53fbd
3ef84022
4060bfb5
bf4b4094
bfd1402a
40f33d1d
4008bfc9
bf90403e
401fbfbd
3e35bca3
bf6b3e83
402140b0
405e3e1d
40b340bc
40a03ea5
40b43f5b
3fab401f
3f1e3f52
bf023f9b
4025bf4c
40e1408f
3f9540af
403cbf5f
40b140b2
c01e3e93
40c7bf22
40134030
bf7a3e0d
409a3f91
3f963fc2
40864037
3fcb3ec4
bfb8bf21
3ed03fb9
40893f6b
405abf87
4031bfe2
3fc94045
bf60befd
be3fbe8a
408f408c
3ed74061
bf88c01a
3f6e40d8
bfe53f84
400fbfa0
3fa7bf74
402d40d2
3fd6410a
4085bf19
c0103f16
40143f97
bf1dbf92
40023d92
3fc33e52
bf5fbf02
3f96bfe7
407fbe87
4081408e
40b93f93
3d27400e
403bbf99
4044be38
408bbf14
bf4cbf72
40813f9d
3e3140bd
bd993ee6
3e4440f6
bf933ff1
4088bef5
3e8d4099
403ebfb2
bf16bfc8
40303f77
405c406f
3f963e68
3facbee1
3ff03fc0
bffc3fb3
c03fbe96
403240a3
3f8a4089
bf8740d8
40abbf5f
40d8bf4b
be25bf9e
bf993fd9
4095bfe7
3e9fbf15
3fd74055
3fe0bf14
3e16c013
bfb23f96
40ec3f87
3e813fdf
4032403a
3f8fbfd8
bfb24075
bfdd3ee0
3fc43da7
3ede4084
3f9840c3
400f40a2
be20402a
4001408e
40093ff7
40883f93
406c40b0
3fa94010
40e24087
bed94087
403a3f9f
40ae40e5
bf903ff9
3f6abd45
401b401d
3f4d405a
402bc011
408d3f6b
40e54034
3ea73f24
3e09406e
3ed040d1
40694016
403e3fee
3f7b40b5
3ec84080
bfd54023
40a7bf31
40f64010
bf01bf0d
bf0f3fce
bf9240b2
40933fe5
3ce53ef5
403c408c
3fb240d4
bfa83faa
bf9c3f1d
4043bf93
3fe7404b
3f76bfec
40863fe8
bfcb4024
4002bc59
bf2740ba
4020bf7f
402c410f
4038be72
40ff403e
be723f26
404140c6
bf854001
4009400b
40c54021
3f9c4016
3e884096
3d0640f1
403ebc6a
407fbfa0
3f9dbfb1
4031bf3a
3f914003
c007bf00
409e4085
4026408a
3e573ed6
4056bf8a
40503f8a
3f703fbe
3ff240aa
3fd03f27
bf44c019
3f9a3f30
40963ff4
bf684095
403640ea
409e3fd8
40033f98
bfa14085
bf094061
40634010
409f40ea
40493fd2
40e3bf01
3dfb3fa4
3fe840eb
3fc340e8
bf85402f
bf99bf91
bdcabf74
4003bf1f
40744097
40173ea6
40bd3d04
3f84bf96
40023fac
402040b0
3f78400c
3f763f10
3fb640a6
404840ea
3f1540fa
3fdc3ede
40d94075
3ff14024
4032bed1
bfa54011
401e401b
40c24038
3fb840b4
3f0240db
4088bfcb
40343e0c
3f71407d
be70400a
3f24405b
40bb40f5
403cbeae
bfc74082
3f4b3f9b
3fd54067
4084408e
3f1f4020
40ea4056
bebf4087
3fe74001
bc613f0a
be0bbee4
40d03e8f
3f93be67
401b4092
bf31c039
40bcbe13
3ffb4025
3e5cbff6
3d283f75
3fdd4058
3f2e3ccc
40c44088
3fec3f50
bf69409b
bee840cb
3f6f3f82
bec73ecf
401c3fb6
bf2540eb
bf1dbea5
4072bd3a
bfe14007
400f3fd0
408b4090
40b740cb
409bbf6c
40e53fac
40383fe6
bee0bf08
3ff040f2
40c5bed2
c003bf1a
3f4b3f64
40293f08
3dd94101
4037befc
41094045
403fbec2
3f9540c0
bfaec034
40df3d54
40b54052
3f5a400e
bfa1bfb3
405340b3
409a3fe9
c01dbf6a
400840be
bf7a4087
3fbf40d7
40af4004
3e813eca
3f92bfff
408f3f02
3d1ec038
bfa13fdc
407e4079
403c3f38
3fc14022
bfb23f4e
3f923fb7
bfad3f91
3da340b2
3f5c40b7
4063410d
406a4039
410b3f6e
3f87406a
40823f97
3fdd409f
402fbf45
c01f3f00
3f0a3d06
408f3f1e
3ea940f3
40493f3d
bfc5bee8
bf2d40bc
3e45bff3
3fdb4107
405c3f96
40ce3ffc
3ffd4005
bcc64000
3fae4056
3f943ff9
bd7a3d59
40053d64
3f0440b2
3efabfab
403abf16
bfca4086
bec440b7
3f6940bc
40844023
40ad3d94
3da54086
3dac4052
40693f96
3ee5bf1d
bf58402e
40f24053
400f3ea6
3c6bbfe5
404b4082
40df3d8d
c02f3f78
3cae40bb
be9a3fe0
409540b4
408fbef2
c0154055
401740a3
4086408d
3f434040
40cb401c
40b0405d
bf5840bb
401c3f80
4069bf14
40a03fe2
40894043
3fb4bfb2
40714019
40163fab
40e7be15
c038401d
beb140b1
407d3e17
3eda40c5
bf8d4029
c03d403d
40063f04
40704014
40953ee4
4033403b
405fbf70
4038bf7c
bf8340e3
40aa40a9
409abec3
3f1e3f73
3ed83fbb
3d8240b8
bf6abfe6
40094035
bfd03f56
be6f3f35
bfbc40bf
40084014
40d33ecf
3fb7402d
bef14050
3f3d4001
3ff040c9
40824025
40894051
40233eda
40783f0e
bf5740e7
3f9e3dc1
40d9407b
40003fd8
3fcfbee0
3f2ebf14
40943f60
3f283f40
3fe340c0
400640e3
40a04079
bf20be03
3d6c4019
bd83bf54
40034011
40b5408b
40b23f8e
40ed408d
3faa4049
4054bf0a
bf1b4097
402c4029
beacbf78
3fcd4088
3f9e40e1
3f023f66
40bd3e93
40ddbfa2
3db63ffd
3f95bf2a
bf1ebfdb
bf444015
4070bfbb
3f504004
4084bfc0
bf8a3eab
40a53e2f
3edbbf1e
bf394023
3d6c40e8
3ea14032
404e3f7d
40e34087
3faa4001
3fd340d4
be9040cc
3ff03f94
40f14009
3fd73e8b
405840d8
404340ea
bfe8bee6
3e8c402d
403b408e
bf18bfd6
409340ac
40a13ff7
3e65bf87
3f7b407f
403d4043
3e7f3fd2
3f4dbec9
4005bf61
bd2cbfd5
bf934073
3f58406f
bf7b3ff8
409abf30
3efb40b1
405b40b2
3f9dbf36
3f954019
407a4065
3e09bfdb
3f1ebfc1
40a14069
4089be33
bed93fa8
bedb4022
3fb940cb
bf45bf14
bfc34037
40de3fa0
4007bf69
3f964095
40b53f96
40263fb3
40c94037
be5f3f57
3fb2403e
3db740f5
bfef3f0c
c02a3fdb
4020bfcb
406e3f4d
bf8840fd
40b83fbf
3f2b402a
3f6640a9
be9ebdd7
3fad40db
40193f08
410a4037
bf7a4094
3f853fef
409140c5
40043fe0
3ff0bfa3
403340ac
bfb0406d
400a40ec
40d43f87
40074088
3e8ebfbf
bd1940b9
3f8a4091
40384029
bfa5bfb9
bf423ff2
be54bfc8
3fa14077
40d6bf56
bfb83fb9
3fd140ac
3fad40dc
bfe14031
3f65beb9
40d93e68
3dce40a9
3f833fe8
3f46409a
c0093fdb
3d9b3fb3
401ebefc
3f9d4001
3f1040ae
c0003ff2
bf7d4083
3e17bf38
400dbfcc
bf3c40cc
402e3e06
410c404b
402bbfce
3e81bfb3
400c40c7
40b03ff3
bfe8402f
3f9abf72
3ed54087
40ba4106
3f8d4009
40614008
403f3fca
401cbf97
407740c5
bf8e400e
404c405b
3e953fe9
3ea8bef9
3fde40f1
40e53e2b
3d12bf98
3ffb40bc
be1840d9
408e402e
bfda3f9f
40193f15
40394087
408b405a
3fa640f5
40203e3c
c0373e72
3b5c401e
3f3f401b
409940e9
40903fe4
c03c4087
4023bfe2
bed24042
40b74063
bfb73fce
4003408f
3fa0bf38
3fa940be
bffebfa5
be693f73
40684007
4029bf72
bb514044
4065bf6f
40313fd4
bfdbbf9e
3ea0408c
bcca3ea8
bfa2c030
bff14021
41093f8e
403e3ddc
bf3640b7
becebf3d
40e73de8
3fb53fbe
3f76403a
3fd03ff3
406dbf79
40a3be32
c0223d76
3f873fd5
4027bff1
3f1c3f1c
c017bf6e
40c43f05
3f91408c
407340b7
3f3f40d6
3f9e3fa0
c0063ede
40043d2b
bf5340e5
3f2a4080
40d13e6b
40953fa7
3ea53f50
40293fc6
407d410d
40ea3fe7
409bbe84
bee8408c
40313fc5
40a840f2
3ff53d89
40354018
3f89bf67
bf924017
40a34106
bff3beee
408c408b
3fe940bd
406fbf4b
40b8bf6b
40d44016
40de405f
3f203da9
4044be6a
bfc6bfe2
40873f47
40b94060
40373f79
bf4f40a1
beff40a3
bea2402f
40ffbf9c
40034078
40893fc8
bf593fb9
40d64023
40923f4c
3ee8403a
3f0640c7
bfadc03f
3fa84009
4092bf90
401bbfa2
3febbf07
40b8bf89
40b44012
c03fbee5
bf47bf8c
bfb3bfe5
bfcf40d8
408cbdcd
40013e54
3f1f4095
bea64011
bfb9410a
40dd4014
3bae4044
bdf9bf0f
3ff340af
4055bff8
40a23eb8
bf9b3fa4
40333c1e
3fc54019
3f8fc019
405fbed9
40f04019
401140a9
408e405e
4089404a
409c3f23
4108402c
3f39bff1
bf593f8f
40143fba
bfb3bf5e
bff14034
3f4f3f64
bfa9c016
40bec03e
beac3fd5
4100bfb5
bf3bbea9
4062402d
407bbf9b
40c43fb7
bf4b3fef
3fa64010
40813f8f
40b7bfcd
bf9f3fd5
40dc4085
bdeebedd
3feac004
40473ff5
401e402d
3ef5408a
3fd0bf1c
3ff84075
405940de
3eb9bf42
40524042
bc974062
400d406f
407240cf
bffcbf79
40833f4b
40074049
3e433f34
bd3a403b
409a401b
401e406f
bf573fed
3fa9401f
4083406d
4048401a
40973e9e
be9c4033
4022404f
408d40af
405d401d
40fd405b
be93bfe6
408bbead
4021bfa6
3f793f11
410c3fc8
40044031
3fc9402b
408f403a
40e14011
40a0404b
bee53f32
3e80bea5
40bc409e
40824026
bfd9408c
3f3f4056
bf864046
40b74051
40bc3f1f
4108be50
bdcd40a8
bf054046
bf1cbf95
40983fb3
41083fcc
be8d4070
3f0a40b6
bfd440d2
bf1cbf1d
be3a4069
3f34bfb1
bfac408d
bf64c033
40ec3fe6
bec4be49
3fd040b8
405740bf
3ff74061
40d04002
c00c3f84
3f974040
405ebfe9
bfa2bdb7
3ef8bef3
3fa03f55
3f154033
3f123f18
be7840a4
40d1403b
bf2b402c
40014089
3fb14093
bf333ddc
bf3cbefe
40394009
4014400e
bdd9404d
40293ff5
40423fab
40fabe14
3fd73e05
3f40402b
4053bfe9
3e5e3ee4
bf193f8c
3c9e3f9b
405b40dd
3ff44093
40a43f31
40fc407b
40094004
3fe1bec9
bf544061
3f723eac
c00cbf03
3fc13f71
3f8940ed
4024c00c
3fbd3fdf
3e0b402c
3f8dbfd4
3ff34072
40a740b3
4049be30
bf0ebf01
3fc24092
bf924023
3fd04103
c0033fd4
c02e4039
3faa4091
400d3fec
406a4032
40763f9e
40bebef4
40063ff0
bfb140ba
bf644102
400f3f8f
410d4043
bf403f0b
4018402d
409440af
c0104033
c03abf4e
3f7d4055
3fb2c014
4032410f
40294039
410c4090
3f74bf3a
3e9e40d1
40873fcf
3ff6bf2a
bf8a4052
bf393ec8
40653fb2
40bb406c
40da3f98
3f34407f
bf0a3f80
bee23f78
3db640e4
4062bf0f
41073fd4
bec73ea1
4009bfe7
40774105
40eb3d63
41053f2f
400740aa
400640d7
bfdac028
409a3f23
40d93f07
40364049
bd30bf32
3ff1408c
40e33e58
40e93fc8
40083fce
3ea64088
402f3dee
403a4007
3f1e4014
3ff9be7d
3ed4bf22
3fa240a5
beb94005
bfe74054
bf6ebf0a
403b40c4
40744068
3ef03f9d
40d83fba
40063db8
40414004
408b40b3
3fe13f0a
befc405b
40183efe
40893f6d
bf4fc015
40703fee
410e4051
3ea83ff8
40154085
40a43fef
40493ff7
3f8abdfe
401e3ed5
403a3fc9
3f0e4096
400b3f1f
4013be3f
40034054
40774011
402340e1
4094bf7c
3ba6404d
3fbdbf85
3f9240da
3facc006
402f3ff4
c00a3e70
3f1abfd4
3ee640e9
3f7b4013
bfc73ee6
40a53fed
beac408c
3f5540b8
403abf3d
40cdbefd
bffa3e09
403d40a6
40744049
3edd40a7
40963fa2
40b8402d
402c3fec
407e4070
bfde40e9
40b43f5e
40c6403c
3f974016
40523e2d
40634054
40673f76
3f743f10
40314080
406940b8
403e408c
4021bf68
40663ffb
3f01bf2c
4080408f
3dccbd37
40bd3fa0
409a3eda
4030be38
3f1b40d4
40c040d0
40b7401a
4069bea0
be4140a7
bf9b4029
bea74050
c01cbe25
40de3e56
3f2a3fbe
40213f46
40014105
40b44012
3f273ffb
3ea6c000
3f8640a5
3f63405d
bf873f60
40903d5e
3e4d40b0
40584008
40a74094
40af403c
40de4044
3ff5404a
3f9a4046
4064c011
3eacbf73
410c3f8d
3f1a4022
405cbfed
3e3e3ff1
c0123fbd
40e93dc7
3e02bf8b
3e6abf69
bfb140c1
be88400d
3fd0bf60
3fc73fd8
3fba40b3
3fdc410a
c0033e96
bef7bfb8
3fc8bf48
3f1cbf13
3f0d40cf
c009bf04
410e3fd0
3fef40a2
4064bebd
408b3f87
3f8f4038
40e5bfa7
3f0740bc
402e4037
3f7240dc
3fb4bf33
40d13e54
3fd0bfed
4055bec3
405b4108
40e5bba2
40ec3f21
3e4e40a4
3f6f408c
40bf3ff2
40813f5f
c011407a
3f4740ba
be32bf5f
bf9240f4
40c03f1b
40d23f86
40313ff8
bf844013
40b14066
3fc74037
bf5a3f7f
3ed4bdb7
3ef8bfc8
3f753bab
c01e4003
40514067
bf78bfd7
40404005
3f373fea
403d3fb2
bfe23f4f
3f8b405b
be7a40cd
3f8e3fde
40a14004
40213dfb
3fe8becc
408f408b
bef6bfa2
40a14013
c004401a
3f1d4024
405f402e
bcaf40c5
40babf2d
40914040
be614046
408abfaf
3ffcc02a
c002bf13
bfe63fb6
bedb4014
bdb640a0
3fd84022
40eebeaa
3fa23f39
4002409e
401540a3
3f69c01e
401b4003
bf3f3ee5
3e6b3f2c
bfa3bfe3
4065409b
3f9d403c
40d23f14
bdb64089
3f954056
3fe03fc0
409c3fa5
405dbdb7
3dfebffe
40344095
3d984016
40eabf2b
409b408e
3fc93f65
3f9840ec
40384091
40ce3fbc
3e303fea
baf54056
be6940c6
40713f80
3f9cbf57
40dc3f59
3d8cbfab
407f4089
3f9d4031
40673f81
3ef7bef0
3c74be95
bf5d4085
3fb440ab
bfb33e88
3ffdbf61
3f3c406b
be8d40d2
406540d0
40733fba
40d9402c
403f40af
3fbd3fe9
bf4bbf27
40913ea0
bfd4bfc0
401b4069
402f40e4
bd4240e8
40b23d4b
40d33fbf
3ffe4034
3fda40e1
40713d98
bf663f51
3ed74029
bf3e4081
bf4140d9
bfdbbeb2
40ef3eb5
3fbcbf0b
bb98409e
bfbcbf56
3f97bfec
bd5a3ff1
c03a4061
40313fc6
404a405d
40a53ec0
bfeb3f2b
3f2c403a
bf4040c0
4013403d
bf2840fc
3f223fad
40cc401a
3f993fb2
40383fce
401ac016
40763d30
3e873e37
3f58bddf
4028409c
400dbfb1
40cebec5
406b406b
3d604084
400f4014
3fc04101
40e64024
bff83f2c
bf1a4097
3fc63f2a
3f863ed1
40c1bef6
409c3fd2
3fbebf47
404d3f9c
40693f4b
c0123f8e
4104bf82
403a40a6
bf4440e6
bfa6bf9b
40cd402a
41073e69
bf5dbea9
402cbfcc
bf8a4101
3f333fca
406e3fd0
4002bfd5
bf9640c9
bdc5410d
40cb3f96
4070be9e
400640bd
405c40b0
3ee040f1
3e393f82
3fb94043
3f44bfcc
3ece40e1
3ffdbeb0
40e4401e
3f864066
3fd63ff2
bf8740b5
407440aa
3f893fa8
c037bf72
3f00befa
404d3ff1
4037c016
406a3f15
40813e77
40333fd4
bf894053
40133f94
c0073f95
4015408b
3f4cbfd0
4043c005
3fdfc021
be6e3ff6
40123f65
bf593f84
402c40da
bf153f01
3f6dbf7c
41083f21
3f7340a4
3fe940cc
408a4004
c00e4003
40234010
3f4e3f80
bf7a3f09
3f374063
401d4008
c0074017
4020be52
3fe14091
bfa2bfd0
bf974018
40c84011
3e9d40b1
4020402b
4088c038
c01f402b
400abfb6
4040409f
bfb1c007
40444031
40a33f56
404f3fc1
4021bf55
40854017
4039bf58
3e6d3fb7
40f93f05
3fdb3b0b
4019407c
400dc009
3fa5be97
bfe8407b
40363fc4
bd2b3f88
bfe9410e
404d3fb7
4041bfbb
40254042
bf3fc00d
be2bbf12
40ccbf6b
40bc3fc0
4014bf33
bd1e4003
40983f4f
3fff402b
40c43f12
3fbe40bd
40134085
4002bfc8
beddba73
40b6401f
3f2d3f93
bfbb3fca
409040c1
40a0bc98
406e3fc7
3eb0408d
3de8405c
3f4bbeeb
40a6bf78
4106403c
3ffbbe8b
bf3c3fe5
3fd7c027
bff9bf24
40053fd0
bf413f18
3f994094
bff64027
406ebef0
409e3ea6
40173fc2
3fb9bf1b
bff94026
bff53fb1
4015be31
401f4060
40893f78
40503fab
3f563ce6
c0013fd3
bf574099
3fae4075
40b8bf79
402d401d
bfe3401a
3f8abf57
40524080
4052c029
bf243f45
40983f1e
3fa1bfa7
4031c00a
40b340a6
40863ccf
41013fd2
4033bde7
bf04bec7
4035c033
3fdd3f9c
40d6bf31
bf02400c
4060bfc8
40933f90
4048bf1c
c01e3f5d
402f40aa
4045bf1c
40bf406c
408d3f9d
40973f9c
3f4e4024
3f12c01f
409d3ff0
be143ff0
4103bf34
bf19bfd2
bf6e401d
be7a40ed
4075bf24
3f763fdf
be58c000
405840e9
bf9f409a
4003403c
41014011
3f383e09
3fad40be
3fe74033
3f203f00
4092bf64
bdf040a7
3f9140c6
be583fc2
40724034
c0123f3e
3fa14088
40383f77
bef2408e
408ebe3f
40b6404e
401e3f34
bcdcbf8f
3ff3401b
40563fc5
40e63ffa
bcf84072
40664058
400f40d9
bff5bed3
40614067
3faa3fff
4044bda4
3f29bf11
406f3eaf
3f9c4000
3e74403d
bf4340b8
408dbfd2
3d7c3fb7
4108bfa2
3e8740bf
3f9a406e
4083bea8
40abbd86
410abf8c
bf064065
404c3f5c
40a6409f
3f893fbd
bedbbfac
4024bf97
bf96bd39
bf9340b7
40c13fea
40e54088
3f5d4007
409040cd
40a3c017
4054402b
40c3407c
bef8bf3c
3f904072
40a83f60
402bbe22
40fc4041
3f77402b
3faa3fbf
40a6bffc
40b73fbb
3fb54017
40193fa2
4030405f
bf9fbc87
3fc8bed5
410d3ed8
3e364014
3fa24085
3f6e3f52
c0053f40
40a43f64
becd3f8a
3f60407e
3f7e3e55
3fabbec6
c03ebd25
3f9340ac
3fff4014
bf954028
40dfbe8c
410dbfb5
3fc1be74
3f904021
3d833fb1
3fc5bf76
40824037
401c3ebf
3fce4025
409640de
409f3fac
3fcc3f10
3fc94060
3f333ff0
3f9a3eb8
4087bf3e
40c5405b
40093fc1
403d3fb6
3fbe3fbc
c00b401c
3fcebeff
40014040
3e73bfe9
bfeb3f79
c0193eac
3f0d4084
3ea34018
407e40c0
3fd2410d
3fd73ebb
40c63fa1
beb7bdad
408940e8
40664084
3ebc3f3b
4088bf62
be0bbf4f
3fa4bfde
40a140ef
c0063f71
40994006
3f47bfce
405c3fc2
406a408a
40c93c06
3f62bf39
bc6dbf9b
4036c008
4021c008
40ac3f3a
40614013
3ff63f85
401d4036
40abbf22
408f3fe9
bf1f4089
4037bfd9
40094069
405d4090
40c13e9d
4060bf61
400b4053
3ff2405b
409a400b
3ec04012
3ff93e23
3f4f4065
3fe240ba
40bf40cd
402e402b
bf46bf3b
3ffd400c
4011404c
4028bf5e
40e03f12
40b83d35
bf01409e
400240bf
3ea840fe
403b402b
4089bfb0
3fa74080
3fae40c8
bf8a4041
40b64037
40474045
3f164016
3fb9bfba
bfe9410f
40913ed4
c0363fcc
bf3f3fe5
400d3ffd
40803ed6
3f273fd1
40934037
3f22bec8
bfa340ac
bfa1bfe2
40c1bf3d
c0154070
3fc940a4
406f4052
bebc404c
40c13fa8
be3f4051
3e67408f
4040407c
40aabe40
bfcfbf50
40b14014
3ff94095
3fc73e8c
3f914097
3cdf3e64
4098bfb5
3f97401a
becd4028
3fa73ff1
40ea4003
41023f44
be2d4082
408bbf9d
bf91401a
40bb4029
40913f11
400a40b6
403140b5
bf1dbf4e
bdba3f27
3ef53ffc
bf3bbef7
beb0408b
bfddc004
3f7d3fc5
40d84068
400b40ae
beb5406c
3e5d3f9c
40c34028
c0353f81
3fb6be45
bf6040dc
3fc740bd
bf144028
40bd4082
3f9f404a
3fb84037
bf2140c5
404bbef1
410c3f62
3eae40ac
3f0e3fa5
404140a6
3f82bf69
40a24039
40404035
3fcd409a
4091be4b
402d3d57
bfddbf61
3f5e406f
4077bdad
3fd03ea2
3fea400a
4105bf8c
3ff340a7
bead405e
40814008
40e03ef3
4110405f
3f0f40c0
3faa408b
402040b2
3fc7bc1f
c020bfa2
400a3e77
3fdb3f86
3fac40d6
40a63f3b
c0194009
3fdf3f84
bfb34065
be40bf82
3e8cbe53
40474060
40133ddb
4087bd06
bf96401c
bedbbdb7
3fe73fa9
40154075
40553fce
bf16bf94
40cc3fab
401b408a
400ebff5
3f743f53
4083bf9c
40c23f9c
4108405f
3fef4073
403f40dd
bf9e3f80
4049be8d
3f114067
4013bf5f
403540a9
4027bf8c
bf524031
bfc4404c
3f1940a8
408140b6
40433ee1
3f093fd6
3fa83fa2
3f9abee9
3f9640c9
3fe53fe7
408dbedc
4025400b
40273f5b
400e40b5
4097401c
40e43ddb
40024051
401dbf86
bedd40cc
40b54106
bd373ef1
40553f9e
bd3b4052
40004005
4086c02a
bfb44017
405d400e
3f684095
408dbe4e
40bfbfd8
409b3fb0
bfafbe45
bec1bfec
405b40b8
bfef3f7c
40053ec9
bfd64019
bf593fff
3dca3f99
3ff040bc
407f3ecc
3f544054
bf064080
3f5c40dd
40abbff4
be154024
4103be25
3f8a40b3
bf754060
40874040
c0084001
40174079
3f894076
beff3eca
3ffcc011
40ecbe41
bfddbf85
3d5e401a
400b406e
402340ae
404d3f22
410ebeb7
bd1a40b2
bef840c5
408740ce
3ed53fbc
c0044015
be74bed2
40503e7a
bbcd40fb
4090bf64
40da408c
3f844013
3f1940b1
400b4094
bd7a3f4a
401dbf7d
40054083
3e913e63
bf15c010
3f553f16
bf7e4058
401b4013
3f64beff
bf6ebfe6
40aa3f0c
40243e99
403e40b1
3f9dbf87
3fa840e3
3d7dbf06
40784089
3fae4012
400b40c5
bfdc4089
bfcfbf10
c02c3fca
bf634072
4006404d
bf04c038
40e14015
bfea4075
403940ba
bf9dc00f
409340a7
3fc9be42
40f3400d
3f66bfb7
3f98406e
3fee4094
c0164009
3ae9408b
40234007
4063bfab
4089bf25
40dc4027
40983ef0
bcc6406c
3fe0bfcc
40944062
3f8d3e5a
40464059
3f084043
3fb73ef2
4086bf88
40aa401a
4008408b
3fb9bff9
3e0dbeeb
3ff8be7e
40c7bf73
40e03f1f
3f1e40bd
bfba40b8
409a40c7
408b3fca
41063f54
bf773ff3
40383f40
3f5cbfd3
4082bf11
40ed3f81
40103fb0
3f32bff3
4054c019
3fc53ff9
3dc33f30
3fbebf9a
40844033
be9cc002
400e4037
40fdbdaf
401b3f2f
4045be8c
bf9a40f4
3fbebf30
40a2bf01
be43bf3a
3f8dbe87
bfd0bfb7
4069bef4
410a401d
3ede4067
400e40cd
4067402e
409abf76
3ef7be57
be8c40a5
bfb440bb
40be3fb1
402c3fd9
410a401e
4033bf51
4050bfc3
40b64092
40773f06
be88403a
3f953f3e
4055bfff
3fe73fc3
40984013
410b403e
be25bff2
3f243f64
3f9d40f3
40ba3fda
405c3e45
3fbb3f05
4062bf2b
bd5f4006
406e3fb4
40e73f25
4034bf95
3fc64042
3ef43f2e
bf4b3f7e
3fc0bf11
3ee7bee0
400940e6
3f313ff0
c01dbebc
40a24018
401cbf76
3ecfbf26
3fac410c
40833ea9
40c7bfbb
40373f82
40604023
bfef40ea
4087402f
41013f8f
4031bfd3
bf5240e1
40613f36
406a3fab
c03c4023
40223faf
40173ece
403540b1
c01e3fcd
40ce4056
3f8c409b
3f91c019
bfec40fb
bfa23f50
41004052
3fc03d2b
401cbeee
4024401a
bfcf403b
40953f11
40223ea3
407f40b8
3f1d40d9
c00d3ee6
c00d3e52
4000beb7
402a40c8
408d400d
408dbeb1
410bbf49
bf46406b
3fda4033
bf3e4082
3ebbbe17
40e9402c
401b40ac
400a4097
400bc012
40673f82
c02d3f81
3d5c4017
40584082
bfdb40b2
40b7401f
40a73f23
3fa3bf9a
bfa93f99
40a03f06
408b3f57
40113f02
3eba4044
405cbf74
400f409b
4092402d
40454021
3dac4033
404a40e5
40b24099
3ca83e00
3f314055
3fce40bf
3f3d3ec9
4001401d
40d1403b
40bb405d
3d263ff8
bf833edf
3fbd4007
40963dc2
be83be00
3e21bddb
be9c3f13
bf4a4032
40ae4040
3fc3408e
401cbfe0
40024023
40bec021
3fa94008
3fc7be47
40144030
4068bfab
40a1c03f
40a7401c
408f3f74
bed33e0f
3fe340bb
4093bf66
c0194033
be2c400d
3faf3f8a
406d400b
4099bf73
40744000
410f4065
bf1b40bc
3fcdbe74
3eb040a5
3fa5bf6f
40d33f11
bf6b401e
4071c01c
bfc040ef
40b5bedd
40cdbfba
3ff040a0
4044bf82
bf2c40cc
bfd0402d
408c3f12
3fcebe0b
40753f64
bf34c01e
bfbfbe64
40afbba3
3e5a408c
40743fc5
3eb140bd
4086bf24
3f814089
400840bf
bf134092
bf8f410e
40c43b41
40003fb6
bf464009
bf8040df
bfe53f7a
404bbf66
400c4043
bf454025
be94bf71
408640e0
40b3401d
40a5408f
3f00408c
408b40ed
bfa83fcf
40d3bee3
c0253f91
3fc0408a
4075408d
3ff3c035
40dd3fb7
40ac4032
bf073fec
be1b40ea
bf9a40a1
40b04004
40dd3fd3
3fefbff9
40584043
3fcb40c5
3f664004
bbf13e9a
3f66bf7e
be893e4b
3e824102
40303f37
40e33f83
3d78bfca
bf9f3f99
40884010
40ba4020
40523dc3
bec4408f
402540c9
40403db6
40c0bdf0
410e4065
3e544023
40303f04
bfa040a6
c005be64
40dd400f
3fbb4063
bfbc3f6c
3fbe4013
4083402d
407b406e
3fa440a0
3fb840dd
bf7a4069
40d23fff
404fbedb
3fa1407c
400240ea
3f66bfd7
3fc9bf0e
404d404d
3fdc40b0
be32bf3f
3f2a3fc8
40de402f
bf89407e
be12408e
4063bedb
3f4040a5
407f3fa2
408e3ece
be2640a5
402a40e6
408b3f42
3f2f3eaf
bfae404d
3f8a40b2
3d8c40a5
40533eb8
40123e99
40ca3c33
be0640a6
be2abe6d
bfb940e8
40c33edc
41033fd2
3f11403c
bd9e3d76
3fabc004
bf383fe0
40853fd9
3fc9bf8c
4070408d
409fc01e
be193f87
bff24015
4015bd90
407bbff8
40b9c006
bfdc3f39
3f924063
bf753dd3
403bbe1c
3ffe40b7
3fad3fe4
40a64087
bd96be2a
404d40da
bfa64031
40e04036
bf024011
40004069
be3c3f83
40bbbf52
40234012
bd80bf91
402540a1
403a40e2
bf664084
40563f41
40d64003
3e97408e
402d3f67
bfdebfcf
bc913fe9
40984022
3f4e4052
bf1fbf32
4099bff5
40783fd5
bea83feb
4025bfbb
40783f0d
3fc140dd
3ff1403f
bf75405e
3f18bfa4
40504081
40aa410d
40b43f80
c027be41
4001bfd0
3feebeb9
bfdd40c4
3f1dbf65
40e9bfb9
be8f3ed5
3ff34041
3c973ee4
40a23fa9
bf5f406a
40273e9e
3f9d3f6f
40b540ab
3f784022
40ab3dd8
3f934053
3bd0408b
40adc011
40bfbf3e
3e493ddc
bf3840ac
40024094
bf104081
40163f99
40ab407a
3d6c3fb9
3fdb4017
be94408c
40c73ef9
3ff63ff3
3eb73f94
408e3f63
40a43d8c
3f103fdd
409d3b19
3ff0bee3
404540d5
40084100
c01f3eda
40b83fca
402e3f2a
bfb6bf85
40bd3fd2
bfde3fcf
40c53faf
4031406b
3d983fb7
4014bfec
40c0402b
40743f88
3fe740bf
408d3f9b
be87402d
c0203f07
3fbd3f95
3e3c3f33
3fc040ca
bf954046
401b4027
40a94035
3fed3def
406c4093
400fbf92
400d3fe7
bfa7bd12
3f8a3f2b
407340d8
40b6bf64
3f0f3e2a
c02f4011
bf4a400c
3f03402d
409240c9
40043e3a
bf344022
3fc13f00
4056bf7c
3fff40a6
40894038
40f14087
3f844048
405ebf84
409e40a4
3e50be66
c0023fa0
3fe140ad
408240c4
bf2a4095
3fe13f23
40e24019
401d403b
3f834092
be60bf72
40c33fcb
40babe4e
bf364095
beb4be65
40bf4043
c01fbe9d
be263fa2
40224090
40873f15
40b5bf20
40ae3e2e
40cd4006
4020bf92
3f9740ae
40b84106
be234033
410e407e
40123f8a
bfb33f02
408940a1
40843f14
402f3f9d
401b3eb2
3fc8c01e
3f90bf34
408ebf22
c014bf62
bf5d3f9f
3fd840ac
3fb23f99
c0184036
40e43f83
bf5a4092
406540bf
403dc00c
be553f85
41023fa7
40374048
401140a8
3f123ff8
40cb3f71
40d9bf24
3eb93f8d
3f7a3fbb
403f4045
bfb83fc5
40733feb
beb7bfae
402a402d
40b0402e
3f46bf1b
bfb6bef8
bf70bf11
401f3e16
409a4080
c0193fc5
4008bf97
403a4036
4005bfd0
bfd840f3
3e8cbf1a
3feb3d6d
40133fbf
bfa140e6
403ac030
bfd04030
40b83f74
3f843e17
3f97c005
3f2340d7
40a34020
41043f2a
402f3d27
408d40a4
409d4069
40c2400e
c0073fc8
40033e8f
400d3fd9
401ac020
401dbf67
bfec3fc4
40134089
40623fd1
40b44107
40704029
bf89beb5
3ed74083
3f1f40e1
bf9d40b8
bff43e8e
40f73eab
3f0b40b0
403ec01e
bfe040dd
4009400d
40a33ffe
beaf4023
bf9e40c4
405f4099
40bc4008
40ad408e
bf36bfe7
bf18405c
bf594107
409f3f9e
40d54016
3f113f99
bec4408d
402f409d
406b4004
bf0a3f96
3ef3bfb0
3fa94099
40753f0a
40c7bd5e
bf684030
40123ff9
3f8f40ec
bf4440f9
408dbf71
410e403f
3ff64094
406e405f
3db5bee1
3f334030
409f3f5f
3f99bf36
40774027
3f9dc004
40dd3d15
408b4079
4006403c
407040c0
3f6cc000
3e3e4025
bec53ff4
3da340bd
bf364072
3fad40e5
40e33fcd
c0074084
3d38be91
bdf54035
bf964010
c011be45
40db4023
bf303fb0
be9b40b3
408240cd
40844039
bff6402d
403940bb
40583fe0
40b3bee1
40374025
3eac404f
3fd5bf9d
402140b1
409a40e6
40953fae
408fbf3b
3fbb3fb9
3f6f40c5
bf9dbf2f
c0183f3b
bbacbf06
bf6b4063
beb1beb1
bfdcbec8
40aa3ea2
40db404b
402c4043
be90c012
40694087
bd2d3fb2
3f094086
3f5b404a
40343fc1
40ae3fb6
bf493f1a
407b4086
bde7408e
40473e7a
408240e1
3f554004
40ed400f
3e7a408a
401340bd
40954007
40c13f0c
41003f42
400c400b
bf9bbf99
bfed40e5
40b63fe0
3e94400e
3ff24055
404e40af
404a4110
40b1be48
3e914089
3fb64030
bfa4bf03
bf4d4102
3fd13e10
40883f51
bef74013
406140a2
4035400c
40cf400c
40d94089
3fa9bfc4
40824042
40924109
409abcf6
409ebf23
bef6beee
401940a7
3e5cbf86
40c04011
40884061
40074040
bd353bde
3f38be85
3ee2403e
402a3fa5
bc9ebf8d
3fe640b1
40a8c026
400c3e1c
408a400f
bedf3fb7
4003407a
bfcfbf9a
3fd1402a
40d7408b
3f29408f
401a40a9
409e40b9
bf82bd50
40c3bf8c
3f4dbea2
40384075
bf98c024
40993f4f
40c24005
3eaf3cbd
bf07bfed
4084bfa1
400b3e84
410e3f6a
4029bf5e
bd4abfc4
4064c00a
404c3f40
bef23f2f
be373da9
40043ff0
bfffbf9e
40e1be8d
40bb4076
bf38bfd7
3f8840d7
40b640ef
bf023f07
3fef4032
3fbdbe83
bf7ebf83
402d4007
bf804010
41053fdf
3efd3f7f
3f2c40cd
3ff84108
40c5403d
40c73d63
bf533f89
4065c001
bf864110
4068bf42
41103f3e
40373ea0
bfbb404a
404640af
3eb5bd83
c0114022
3f953fe7
3f91404a
beae40f2
40124016
bf2abee6
400e3ff5
bf5040c3
40423fa7
3fc93f01
40bb4048
be8bbfab
40314033
bf6f408a
3eebbf53
3f8f408c
bf6f3fff
4025bffc
40a7c023
40e33fef
40c3bf35
bf4dbf79
3f5240e6
40253fd7
40eb3e6b
408ebf6f
bf19bf2c
bf1a4009
4077410c
40793f74
40893e95
bef8403c
408340e2
3ed940bc
bfb8be96
40c13f29
400840b3
becb3d16
bf893fdc
bf4c4035
40873f53
3fa0405c
40353ff6
bfc84096
40783fc1
be24bee9
3fc33fe2
4010407d
407e40f3
bed33fa7
40d14065
3f8d3f67
4059409f
bf3fbf72
3f053f15
3fc3407a
bf75bf14
3ff93fe4
3fadc007
bf573ff9
41104006
3f91beac
3f95bef2
3eca400e
406a3f4f
40a2bf88
3efd4003
40734036
3fcf40ac
40b1be68
405f3fbd
40324019
bf1ec005
40a140bf
40af4007
3fda3f51
3fa63f59
4061bfa4
be40bf8e
403f3f7e
400b3ff0
40233ff7
bf20c010
3fa040bf
40933fb1
41083fc5
3f61bfa3
bf91be86
407540b0
40d13feb
405f4046
3f68bfc9
3f823fcd
bf02be42
40ad3eb1
4067be90
4039bfe2
405c4097
be62bfe5
4001bc5e
40723fcc
40013f96
3f9f4031
40744082
bf3b3fe2
c022bf4a
40134094
403e4072
405d3fca
3fe23fa9
bfda4089
be6f4061
403fbf48
3fa5bff7
40123f47
4060bed1
3ffc406a
3fa440e6
bfe4bfda
408a3f98
c0163ffb
bd884010
3ffc3f5a
4000410d
4075402d
40833fde
bf05408e
403540b2
3fb24093
c01c3f4c
40cf4067
3fd44018
4081c008
bf10404d
40563fe7
c031407c
40144005
3f9f4017
3e48c01e
406dbed7
41034042
40233ed4
406f4056
406f40a3
40ee3f93
bfb6bf55
3fb43f13
3fb9c00d
bf284070
40a34036
3f9e4011
3fc64052
3eb14029
3fc740ea
c017bd76
408f3ffa
3eec3f87
be863df9
3fafbe9f
40973eb5
40b9405b
3f413f7e
400c40a0
40794055
3eb0bf04
40c44066
3fba40b3
405a40de
408ebf92
4089bf03
409f403b
40323f21
40134035
3f4b403b
3def3fe9
40974042
3ff14007
40254014
3f0a40cb
40c73fbe
406c4034
3fa23f3f
bef03f2c
402e3e94
40ba4002
40fc3f38
3fb54073
4087bfed
bf513dfc
40dc3fd5
3f3e4065
be1e40ba
bf8340c4
3f123f91
bf8c3f99
3fcc4073
beb3bfd9
bf1bc014
40343d20
3fad3f88
4021bf82
3fb4bf93
4083bf9d
bfe44036
bfb1bf17
c011402c
40314034
4074406d
3fb7bd2c
bf393dba
4015407a
3fb53f48
405d4091
403e4101
40b93cbf
40d44051
bf303f5e
bf18409a
40ba4026
4090be22
4076bf90
40223f6b
bf7140cb
4062be29
408bbf4d
4086bf30
3f82bfc2
3f84409c
3fa84095
40e54034
40ae4087
be83400f
3f66be65
406dc005
40053f7c
bfa1403d
3fb33fa7
bfbc4015
408a40aa
40ebbc05
4012400e
4002bf27
404b40bf
404240e0
bf49403e
40f74089
be2a3fac
bf37bfa4
400d40a3
3ffbbf42
3f103e89
bf5c3ec8
3fdb408b
40abc02b
be943f7c
bfd73e4b
bf6f4068
4026bf4d
3ef94104
40c7be4e
40db3f93
3fc43c4b
3e3a4098
40713f34
bfe13fc6
3f813de0
3ff74073
4055bfc7
3f9e408e
3ff53f54
41053d06
3f863f56
3f893feb
40b640c0
40633fd2
40e34013
bf60bfad
3fc23f16
4096bef2
3ff63fd2
4072408e
3f7b401b
be943fc7
bfcd3fe8
40994012
402f4013
3e9b405e
400dbfe5
40b3bf8c
40183f57
40224086
3ffb4055
3f433da4
40904082
3eb9bdbf
3f0abfae
400f402e
40733f2a
404d409d
40eb3fee
40efbfac
3e2b3fa7
bf22beb4
3fd840de
40883ef0
bf814068
400abfb1
3f893f1b
4065bf22
40a23ffb
40b93f04
403540ad
be973fad
40764108
be3e4002
405d402a
3fac3eb0
3ebd3fc0
3e3e4055
bec0403f
3f82bd37
bf004073
3f8640a9
40404030
408ebe64
40573fa4
3e863fcd
408a4092
40a14093
bfa5400d
3f544045
3ff5be64
408540c6
408e408d
bdbf4034
40d3bf8a
3ee4407a
be6640ab
3fb040ec
bc463eb9
be51406c
401740b4
bed64011
408540dd
3f974007
3f12404a
40373f94
4084c007
409740d6
40e54035
3e983ff2
bd41bff6
3fef40ea
3ffd4102
be9a4023
c0393fae
40354050
3c9140d1
bfaec01d
409f3ff1
40ccbf97
3f33bf1a
3e4340a1
40a84090
3f89bee2
bf013fe3
bf7fbfa4
3ff840c9
407d4013
40ca3fb7
3f88407b
3f633f96
bfbb3ea5
409b40c6
4067bf0e
407cbed2
3cfa4031
4054402a
404740db
40e9bebb
40cdbfc0
bd264030
bf89402e
40443f92
4000bf7d
40d84085
4033be2a
40854053
bf2dbfee
c00abd8f
3ef43f85
40394052
bf004073
be84bf65
3f844004
4044408c
bea94029
3feb40d4
408e410d
40a1bf40
3fae407d
3ebf3f5b
bfab4026
408240ee
404c3fcf
40313de3
3f4040a9
3f064034
bfbfbfb6
3f10bebf
40634076
3fb7408a
40193e84
4018bef3
40263ea9
bfdd3eef
4007409f
4086bf8e
40584074
40904016
403d3fe4
402ebf16
be713dce
3eed405a
c0063fe0
40043f8c
3ef3409e
404b4046
408f410b
40233fae
3fe03f04
bf4f4050
401c40df
408c410c
3e904030
3f353f0f
401fbfda
407cc01d
3f8e40f3
40e5403f
bf224078
4007405a
3f0840ab
be2f4107
befbbf7e
40d0be31
be32407c
3df84036
3fb4400b
40b7401d
40da3f13
bf7d3f85
3fe4bfb6
3f8b410d
40954013
3e533f97
bf1440b5
bf5240be
40bdbfa3
40db3fcf
40b6be96
3ffa4071
3fb2405f
409bbf14
bf033fe0
c0023f1e
4012bf6f
bf0740aa
bf95404c
40393eea
40d74018
40233fe5
40194056
bde83ec9
3f543fe0
40ad4089
be993fe5
401540bb
bfefbc9c
4067bf07
41064077
3f263ff4
406ebfc5
40ba40c5
c019400c
40633fbe
bf5640a9
bf5e40e7
4058c006
bf9cbf3d
c0084003
be194042
bdfc40a3
bfa34068
40043ed6
40eabe14
40143f18
3d8d40c7
3f9dbfd7
bfd63fe0
c01b4014
3ff63dda
3fcc40aa
400c3f59
bfc4bee4
3ca1be88
3fadbfc7
3e8340e6
3f6040c1
40833e8b
40cb403e
bf5c3f63
be453f6f
40bc408f
bfb33f61
40154042
3ed840ac
3f7b40a9
40af40f3
40ec3f7e
c0194088
40083fee
4081c00c
3f5440ed
40c9bd73
40c33ff3
bf153e61
3f233fa9
bfbc4106
3eea403f
40f24000
4017bf9e
40143f84
40b740bd
bef83fc4
40b3bf9c
3f794008
403dbf87
bee740b3
40d53dff
40614031
3f54bedd
bf9140ea
4067bf60
beb64027
be0a3fe6
3f764042
3dacbe54
3f20402e
bf2abf16
bf44bf5a
3fd8bf9d
407f40dd
406ec02f
c018402f
408f3f8d
3f07bf16
405440a0
bf113ed7
bff33daf
40e93fbe
3f783ee1
bf9040eb
bf0c40a6
3f8fbcc2
40a44020
3df74062
3fb3404b
409140a6
40b83fea
404d4053
3eea3f4b
407e40eb
40a5bec4
40a44009
bfb8405d
bf344052
bf4d409c
402040b4
bfa93ff0
41003fd1
3f3cbfc6
3f8ebfda
3fe2bf85
404e3f63
40a84033
3fbe4044
3fa64025
bd934018
bfc63f95
40e13ead
3fc33d49
bec6408c
40bc40e7
40ab3fe1
40054032
3f6e4068
befb3fc1
40124109
40bd3fc4
401f4089
bf334014
bf0b408e
401b40f6
406b3f92
40c8bed7
40354050
3fcec01f
bfa84094
bfe13f8c
3e8abf17
3edf405d
4068c01a
40953f08
3fefbf70
4109404e
3f5bbfda
401640c6
bf9f410a
bf3a401b
40e54071
400abf35
3f5c40a6
bf054090
4030400b
4021bf89
4018bf5d
bf733f32
401b40a3
bf8fbe5b
3ff5bf35
4025bf10
408b3fef
404140cc
bfdd3e42
bfc73f01
3f9ebde7
3fca3fc9
be3740bc
40403da6
40bf4040
3fb2bfec
4067bf16
bde24108
40714011
405c3f26
3f8c40bf
3f6d40a3
3e9abe42
bf264021
c03c4074
bc123f99
3f5c4024
40673fad
40dd3f80
40cc4056
400cbe81
400f40b8
3fe53f70
3fd43eb9
3f5e4013
3fd6408c
bf56404d
40a840b7
40c33f55
3fcabe9f
3fd93fec
3ed84090
bfefbf67
c01a3ee3
40784054
3f193f83
405c3fdf
bfaabe01
40534016
bfb23fc2
3fa2bf96
4078bf63
401f40cb
406a3ff3
40d2be37
3f674030
40604058
3f423e33
bd0f3fd2
c0293ebd
3fe93f0d
3f663f02
4052c003
3fad3e06
40e3405d
bf7c3e4d
404e3fd3
bfc84109
c01fbf1a
3f39bd02
be9a4016
3e8540d5
401c400f
c01d3f88
c0013f7f
3f324065
407a4084
3fcc404b
bf233fd4
3fa9bfb0
3f844047
3d074050
bfb7bea7
bef74004
3ea73d28
40153ddf
403d4073
bf3e40bf
3f934015
406f3eaf
3f163db5
40783fd9
bfa23fa2
409ebee6
bfb94061
4024403a
3f153f54
bf2a40c8
3f88bf13
40573fc7
4007be9e
3e07c016
40874047
3ff5bedd
bfadbec1
3f4c3fd4
402940ef
3f1c4051
3ff94012
40bd401d
4002408e
40853f4f
40c040c5
3fac3e58
409abf53
3fc740a4
400f3f51
409d40eb
401b3f82
c0393f6c
3f02bfcd
be4cc01e
bfde40bc
3f94bf18
40bd3f67
402a4002
40493fb0
3fa5410d
40484034
40ac406d
3ea23fbf
408c40e6
3ff340f7
408a3fd4
c02dbee4
3fbd4004
3ffb3fb8
3fd03fb1
3ede403e
40dc3f3a
3f94bf65
3fe63fc5
400fbf18
40b9400c
40a53f22
3e67bfe7
4060c00f
406540d2
c0183f23
c011bea2
3fed40b5
405d4088
be86c01d
3f8e3f23
40cb406d
3cabbe23
3f71407b
bf1740db
3ec74027
bfffbead
be82bfc1
405b4033
4080408b
40b03fcf
409c3f9a
3f5440b2
40854064
40bc4089
4035bf06
40384081
3f35401c
404040a3
4041bfc9
4025bf14
3f604003
402d40bc
3f634095
bfe93ff8
40694022
3f01bf26
3f993fc2
3ee440df
3f71bfbb
40663f24
bfdcbe12
40163e0a
be0b40da
bf2f3e2c
3fa63f7d
40b43fee
3e314010
bfc03f24
40b1c02b
403abefd
40db3f94
3f53bb95
3ec740b8
3f66bf99
3ce43f9f
3f9a4022
3fd2bd40
4064c004
401b3eb8
bffd3e2f
4076bf10
400c403e
3eec4081
bdf0c035
40993e5b
40433e8a
bf3e404c
403f3eff
40824001
c007bee2
bfbebd98
bf10401c
be153f51
3dc940ce
40e13fc9
3f003fe5
4002402c
bfb83f62
40a740bc
bf103e9d
40e0bf3c
bf624051
402c40a2
bf093fc8
40a93fed
bfa93dc9
3fa54061
3eac40a5
40823f83
404a3fc5
40f3405b
403e4005
401b4012
bf6640e9
40d9401c
405b3f66
bec93fac
3fc13fa1
3fb840d4
4070401d
3e6bbf5c
3ebc40b0
4029bf22
bfb14035
c0063e4c
40873feb
40233f8d
3d8dbebd
bff8410f
40eb3f53
40543caa
bf7ebf43
40373fe7
4072400a
408c3f4b
4082407d
3fd54071
406a40cc
401a4095
40793fbc
3fbdbe29
4025bfd3
3fdb4078
bfa24029
40c23f99
40fc407e
3f1cbfec
40873f0b
40bf40c5
c0054016
3f4ebf97
bf5a4006
3fa04042
bd9e40bc
40d44027
c0123faf
3fa7407d
40793fb8
bffdbe7f
bf0dbe57
c0134055
beaa4065
3fca3fb3
3f434101
3e093f29
bfa2402c
bd753ee4
407d3ea4
407a3ffe
3d333f42
beb14045
bd8c408f
bd753f50
40be40d4
3ec3bf3b
3fe63fe0
3f244084
bf75bfe2
409f4039
3ff13fc8
402f3fc2
bea1be18
bf6f40a1
bf8d40cc
3fae3ed9
40afbfbd
bd43407e
3f9340ba
3fc140c9
40f0be82
3fb3bfbb
3fb9bf88
400e409f
3ffdbe9a
be983fc3
c0003e8c
3e403f99
bf8a4016
40654041
409c4012
4003bf89
becb3f8d
3fd6405b
40843ff4
40913fd0
40893fc1
40023e9d
3f4b3ef2
4098bfdc
bf4a3fa4
401b408d
3f0c4072
402f40d4
3fb93fc7
40e24034
3e67bfbd
3fad40a8
bf1840c4
3fcbc015
40954011
bf83bf74
40214088
4070407b
3f9140d7
4007bf12
406e3faf
3fa140a5
40663f08
3f9f40c1
bf983feb
4102bf39
400e4011
bfb94012
404640f2
bef23f81
40bb4089
3f36402d
403c3c23
4084410b
40884009
bf2d4082
4040bfab
402b4015
4096bf99
bf3ebf15
40b53f4f
3f9a4092
3e7040a2
40b1bea0
401abf7f
41064076
4033408b
3eb64003
bed240df
bf22bdc6
3fe9be59
bed0bfa3
402e40b2
4001408d
40e7bf19
3cad3ffe
3f6c404f
bfb740e3
bf1140b6
40c63f03
40953e39
bf483dd7
401540a6
be17401d
3fab403b
bf9cbfba
bed43d10
bf58c01e
40a540fd
4086bf10
bfdf3ff3
bef940bd
3fca40a5
403140a3
40a83f96
40844085
3e23bfa3
408a4039
407540c6
40553fe4
40814078
beeb407d
4008be99
3f32404f
4097beac
bf084001
bf4b40b1
40704074
bfb1410b
405e3ee6
c027405e
3ff34085
406c40a4
4096406b
403c3fc8
40c6401a
4000405f
408040e2
3fda40d2
3f81bf57
3ffc3eb2
3fa53fc7
3f3640ee
bf8ebfcd
409f3ece
40803f6a
bf12bf4e
bf80bcc0
40b540f5
40c54007
40c34082
bf11bfbe
bf5140a5
bf1c3fba
bf963ff4
3e523e85
bea33f92
4071bd98
4051404f
c01f403a
40c3bf67
be0a4098
bd39bf28
3ee240ed
bfd7bf64
bfe93f4b
3f034075
3f6ebed0
40ba40f6
40d93fec
40cd4034
40054059
406840c7
409840da
40f0bf6a
3eddbef9
3fe4bfc4
408040b4
4032410b
be6e3fa1
410dbf5b
3f633fce
40533fa5
40ba4081
3f183f19
be8c3f75
bf7dbff3
401bbf96
bde8404d
3f9bbe89
40f13fb9
3ebe40bc
be1f3ec0
bfabbf84
3fa33f27
bfc33f58
403bbe2f
3f9e40c2
40b8408a
3fc43f68
c00c4043
bec7bf93
3fb8be19
3e404074
408d3ed1
40df3ed5
3f65bfc3
403e40a3
405dbf96
bf634032
bf2b403b
403cbf57
3f9fbf7c
bfb8409c
3ebcbee3
40f7403e
40273fe9
3f8ebda6
3e31405c
40873ffd
407c400b
3dc0bfe2
402b4076
409440a0
409fbf4f
4091bfb6
3fd0bfa9
3fa4bf8f
40984094
40883f90
3f994003
3fe93f42
40903f19
bc99404a
c00e402e
3fc23e0e
401b4040
40513f2d
404ebf6c
4011bf30
41073fec
bf623f9b
401540ae
be8abfee
bf954026
40d2bec9
3daabfd6
40114010
beb5bf56
3fc13fa8
40c54026
beadbfcb
406cbe84
405240d6
3f2b3f5d
bfbe3fed
3f8e404e
40414061
402d4056
40123fad
bfc24023
bf5a40b1
401d4062
bfdfc009
3fca3e83
bfc83fbb
402640b4
407540df
bff7400d
3f224010
40a8bf9c
4011407e
3f9a40be
407fc019
bfcebf6e
bfcc3fd1
bf453fe8
3f113fa8
40acbfb4
40043f7b
410dbf0b
3ea44051
405e406e
3f323f7b
3f5e401a
40cd4089
4035409f
3fa83dfd
40063fbf
c019bf77
4028403b
3f193e8c
407b406d
40b0bf47
3f82bf6e
40b94084
3fd44052
3e28c01d
3f6c40d7
bf914004
40a34081
3f8b40ad
4078bea9
40484028
40123fad
40e74033
3fa04035
40084085
4005402d
bfb3bf2a
c0094002
be8a40ae
401640ad
3f0c3fe5
40c73f82
40863ecf
bf78bf34
3f35405e
4077404a
403c3f70
4097bf04
bf5340a7
408640ed
3f8a4104
406ebf44
40c8bf05
bf573f83
3fbdbf82
401940a4
bf683f94
bfbd3fd9
402ebe8e
405240d2
40a040fe
40acbf1a
bf96bef2
bc5e4016
3fa83ff9
406240f5
40803eb3
3fd9bf6b
3e18bf83
4074c019
bfdb3ee5
403a3fd1
bfe0bf47
40374088
408f40d5
bffd40e5
40543d1a
3f83bf3f
bf444046
404a3f3a
bf7040ad
4063bf6c
409dbfa2
402f4035
3fb3c00b
bf8040eb
4055bf3b
bf834050
be8b409f
408a4072
beb3410c
c0103fc3
40df408d
402b4058
3d2abf8c
409e3f65
bd0b3faf
c0323ee8
3f844086
403ec011
bfd7400d
404b3fd0
40c7bd07
3fd54053
3f67bf1f
40a13fc5
40a4bd0a
404d4084
3feabd67
407c404c
409c40b0
40704015
bff2406d
3ff63fb7
bf2540ab
3f1940fc
40b23f33
bf8c3ffb
3fd94068
4026bf63
40224042
40363fc6
40f1bf29
bebbbfb6
bf743ee3
bf10bf1d
3fe94026
bffc4053
bf193ee9
bf7c4087
409c3e70
40d23ca2
410a3ffa
bf1840a0
3fdd40dc
40a0404f
40e13f1b
4100bf8f
3f74bf9a
408b4082
40ab4007
40663f63
bf1fbf8f
bed8407f
bfbc4024
bfa94021
4039bf1d
3f95405d
3ef83f9b
bf883ed0
40583e9b
400f3f99
40664086
3ef04048
4082400b
40a03f09
bfb43f2c
3ee6bd05
be0c3f4b
bf5b40ad
40953ea7
3e79bf6d
41083eeb
3f80bfda
408c3f3b
bf9f40be
bfef3fdb
c01ebea2
3d91bfb9
404640d6
40214073
401bbf71
bfe74033
40373f63
407dbfe7
3fa93d15
40963fb6
bf564056
400340a0
3fa740ba
3e31bfb1
3ee6bf43
bfcc4086
3da1408b
bf87bf3b
40823f99
40dbbf15
bf88bd65
be6c40a8
40004014
40944044
40aabeb2
3fdebf1f
401a3fad
4087be2e
bdf34040
be1dbc93
4107be89
3ee0bf78
3f9fbecb
3ed9403b
40dc3fba
40034014
3eb0bffa
404a3eeb
bf4a4000
40c2403b
40eb3f11
3f1d3fa9
3e5fbfe3
bf844011
40003fc5
3ffe3fbc
403abf95
3fd93fa7
40913fe6
bfc13ff6
3e994017
400abfa8
3fb84008
40a14076
be593ff9
4091bf8e
bf4040ba
40334005
bf9f4097
bd183ed3
40394043
bf2fbf9a
3f3d40cf
4022c00e
3fe03f77
bf6dbe5f
3f404081
400740d1
3f764066
3fd4be99
40bcbf53
bf2bbde8
40334007
bfe33fad
bfccbc41
40304043
3fa84009
4007bff5
4022410d
bfa03fd3
bede4010
bf72bf07
3fd7c004
3f5dc016
404bbf2a
410a3e33
3fd840b0
3f963ff4
3e4ebead
40833f42
404c3e8c
3fbc4091
400140a6
40bf3efe
bdc83fc3
40c3408b
4019bfdc
401e4028
408f3e06
40c14022
3e694080
3ed2bfe4
bf3640b9
40aac019
bd37bdeb
40de3f68
3f5dbfa4
405240a8
400ec02b
402fbe0b
4094408d
3fe03fb5
400abf7a
3e0a40cd
40e74033
bf88408a
3d7e3f88
bf96c016
40923f06
be4cbc97
bf68407d
3f7d4082
3fb7c004
40a23e92
3e4abf29
40ee4021
be2bbfe1
40884086
3efc4085
bfe83fc3
bf9bbf89
40353ffe
3f9e406e
bff13fd8
40ce3fe2
3f013e28
40104032
bf3b40e4
408bbfd6
40853ed5
406c404c
402f3fc6
bf9640e3
bea24002
bfa63d7c
404a408f
bda2bf57
3f3b405a
408c3f80
4076bf23
3f0c3f8c
bee4bfd7
407940b3
bd514092
bf783fc8
4024bfa1
4014403e
3fc8c018
406dbfad
40e33e93
403c407f
40234089
bf23bfb3
4075bf93
3e74bf5b
3ed6401a
40123fad
4019bcf3
be7e4060
40903e8c
c009bf93
3f233ed5
becc4050
4057bf03
c019bf05
403dbebc
40043ef9
406b4047
402f40ec
40b83f8b
bed8bfb5
40134016
406f3f20
bf894004
40ab3fd3
40bdbfbc
be53406f
4015bf01
40b83fd0
40e93f4b
40923f93
4029401f
3f744045
408d3fd3
40ac3f37
40a54046
bd6e404b
3da43f91
40014039
40933e8f
40a03d9f
4016bead
3e4a3f28
bf96befd
3eb03cec
41024016
bf62403c
3f5d40e2
4008bfe3
bf02403b
40783ff4
3ec1408c
408f408c
3f0f4100
40da3ff1
40e23fc8
3ef33efc
405d4064
409a40db
40c43fd5
bff44035
4029bd9a
3e7b407e
409b4034
3fbebe4b
c006402c
bf1540b1
bf6440a7
40b04082
bf553f26
40a7406a
3f7d40a8
bf14409a
40b540f0
c0154007
bf02beb2
3f6d3fc8
bfa640de
3f8e40e4
bf653ffc
3f8ebe72
3ea940a2
3f5ac01b
406ac00a
3f083f9a
c03dbf97
3f0fbf73
bdb0409a
408e3fea
3f0c3f67
c038bf9e
3e41408c
3e133fb3
bf2d410b
40e43f82
40e53fb8
bef3bfc4
bfb1bfff
40ac3fdc
402a3fdb
40c0be34
3fab4023
3fc440e2
3fa1c01e
beb9400c
3f254014
bf514072
403640b1
befb3ffa
408f402d
3ffb4057
400b409a
bef54036
40b8be4b
40743e79
4076bf8e
3dfc4005
3ffb3f67
400540c9
3f943fc3
4058bef2
40264083
bf524067
40a63f20
40d83fef
4020bf4f
becc4063
3df0c008
40a040b8
3fc43fa3
407d4055
3f95bf96
bedfbf0f
408bbf64
3fd4bf28
40f3402b
4032befa
3fa7bf56
402540cd
40e03fa2
40f24086
bc89408a
408fc01c
bfa54048
40ecbc38
40ffbf87
3f144092
3edb3e41
3f9340b2
40003fd2
40e13f8c
bf53bf19
3ed3be47
bf0a3f9e
40c4bef6
c0084090
400c40b6
40754061
bf8540e5
40c2bf36
3fb73f66
3f433f14
3de93eb6
3fb03f4c
40ee3f9e
40b14044
bef6bf88
3f74bff5
bf9c4019
405e3fd6
4098bf62
be1cbf7d
bf42402b
404540f8
bf834006
40b2402d
bec33fe9
3fd43f8a
40693f50
40993fa4
bf0f4065
bf03403e
405ebfd5
bfdabfc0
40a8400e
4103be4b
403c406c
bd5c4023
3f224005
bf9ebf6c
40924039
403c409d
401640c6
bf8440ae
3e8c3fd2
40af3f8e
3feabf65
4063bf3b
3e9d4073
3f033fdc
40cc4005
3ee33f76
bf47c008
bfa2bfd3
40d14035
be703fc3
3f4ebf94
4024bfba
bda2401a
40eabf40
404d3dcd
bece40ab
4086bf47
3e27bee4
40cf4006
401d3faa
be7f40a7
3f833f83
bf334090
40b63e8e
40cf3fc5
3fe1bfa1
be8e40be
402ebf17
3ff0bf24
4037bf59
40133f4f
bf7540e0
40513f06
40a04033
40c03ff7
4021409f
40813fec
3d6040f7
bfbdbed9
40773e9c
3f3140a8
3ff13ff6
3d9b402c
bfd43e8b
4076bfb3
3f9a3ea7
408d40a5
bfe7bff2
40123fba
c03c4073
4039bf50
407f4080
40b640f0
408e3fc8
bf963e8d
3e0a40ac
40804093
400e4086
40b9400c
3fc03fc1
bda9bf02
400e4097
3fb33f83
c0043fcc
bda0beb3
3be83fa5
3f5abf8c
40764103
40c03fb7
410cbf42
bf4f3f7c
bf09bfd0
40bf4007
3f6d4010
40ba3f43
3e51bf3f
3fbf40c1
40bcc031
c01f3f94
40e3405b
3fd74042
bf9c3f32
3fedbfdc
3f284014
3ff44057
4030bfd8
bf274009
404a3ed1
40debf01
40dd3fce
3f79bf50
bf793f79
bfe540c5
be21be5e
3f723e6e
3ed24096
bf2840bd
bf75bfdf
403b3fb1
40e7bf8e
401d40b6
403a405a
40b94091
40773f1e
bf82be54
3c8b40b7
406d40d0
40ac3f35
bfd63ffe
409f406c
3ea7bf84
403440dc
bf8f3fa1
3ebfbecc
40914048
3facbfa6
40044084
3e91c038
3fee4031
4101bfb8
3ed540a3
3fe7bfab
4030405a
bef14014
3fce3f87
3fdfbee0
bf9b40d5
bf2bbf45
c0014023
410f3cd4
400abfbb
bf1140e6
beb13f6a
3fc54021
c0293fac
3ffcbd24
bf6dbf90
409140f0
40e03f04
40834072
3ffc40a5
403dbfb6
bf014081
c00e3fac
40ccbf7a
3fd1bfab
3d14c01c
bec6410e
3fd2403c
c0233f81
3f013ff7
400040bf
be85bfc4
40ad3fb3
bf074043
bf5c3ec2
400a40c5
409a40fd
40ee401c
40f6408c
bea23fe1
40504000
401b3eea
3f5ebf13
bfb83fa8
3e0a40a0
408e40cc
4027c035
40293fe3
bff9408c
be29401e
400740e9
3f96c01b
40843fb5
3f5dbdfa
40063deb
3f7a4093
bffebf5a
be573faa
c02c408b
3f9240a1
406140b0
3fcf3f08
40e93f68
4014406b
3f073fc6
3fc84035
40684036
40ab3fb1
40f43fa0
3e574037
407c4072
3fb1bf9b
401d3f90
40c3be95
3fac405c
40084083
bf85410a
3f91bd17
3f923f2e
40024017
3ec6c012
3ff23fb5
3f31403d
40b94081
401fbfea
4001407c
3d4b4049
40943fe6
40483f97
4040bf4e
406bc015
bea340ad
40814006
c01a406e
3fb34053
4010bfcf
bfc5be4c
3f2bbedf
40dd400e
bdd04048
bf0f40a4
40bb3ecb
3ebf3f7e
c01d4080
3f953f23
401c40a5
bf9040ef
40b0bea4
beff4088
be993fa3
bf2540d0
bf95405e
bfc9bded
bfa23feb
bee24049
40334010
4044bfb1
40463ed1
c0164086
40333e93
4038bfb4
bf79bf8c
bf02400d
410cbf38
3f2d40ad
4075c001
3e1a4102
c0013f7b
3f2bbf0c
3e25409d
408940be
409c410b
bfb9bd19
40833ffd
3fca3f25
40784083
409f404f
40bb4004
40f1bf9e
bed4bfa5
403ac01c
3edd4086
409e3d26
4107bf5b
3fbf409a
bed6408b
40a5405f
401f3d4f
40334064
40194081
3ffabfa2
bfa940c0
bfa13fa7
c00abf27
4008bfd7
3fd840a9
40b53f5c
bfd23f7a
bf254087
40214030
3e993fa7
405f3fbb
40dd402c
3e7b3ee4
bf75bf39
beea404b
bf45bf97
40243eaa
400cbed6
3f1e3fd2
be20bfc0
3fd54046
3eed3ffd
3fa53f5e
40333ff0
bec74070
40aa3fae
bfed3ef9
bf06bf47
40033f07
bf4d40d5
40bd40bd
bf863ed6
3f223fc1
bf7040b2
40484019
bf604070
40793fe1
c0123f1b
bf7dbf91
bd6640d3
3fc0bf54
bce43fc5
40b8407e
402d4095
403140ad
409340da
3fd93fbb
3f4dbea7
bda44086
3f91c007
404b4107
409f3ea2
3fc5bf6a
bef83fb9
bdea3e07
be56c027
4066bf4f
4017bfa4
403d4092
3ec4409f
bfb0be5a
3ef64037
41063f4c
bf3440b3
40813fc3
400c3f29
40cc3f08
40a63fa0
3db33ed5
3fad4091
bfc23ff2
bf1dbf2b
4041bec4
3f713f50
3fbb40ed
bf60bd59
4086bed7
40c44088
3ee14027
3fd1bf94
3fe940b0
3f78bdc3
410cbf51
3ec14013
407dbfb5
40b43fda
40794019
bf6b403f
403340b3
3e99bec1
408f4091
be9a4022
4056401f
400c3fac
4079be0a
bfbc40e7
40eb4009
bf9dbeba
3f6ebf97
3e5640d8
bf3440a9
40ac401f
bfae4081
3ff43f87
bf9d4011
3fcb4096
40de403b
4077bd4e
40224005
408c4043
40a5bd03
bea73f2e
40f1406e
4009bf03
406740c3
409fbff2
bf633fec
40c1404d
400740aa
405e40c2
4099beab
40d9403e
40413f0c
bf6b3fe0
3ea640be
4029410d
40263f89
4084401c
3f9c3e03
3f894015
40564109
40e03e31
40b9bf93
402bbf9c
be1c408a
bd4b3f66
40383f88
40debf51
3f0a3f8b
bee23fb8
409c40d3
40ccbf10
40fdbfa8
4014408b
3fe540ac
bfbe3fe3
beef3f3a
40aabf1a
3f7ebf17
3dcc3f1b
40504108
bf26402b
40e24073
400fbf8b
401840c9
bfb240ed
40cdbe53
405f3ef1
3ead3f15
3f973f49
40163eca
3fb9be49
40fe4015
3e7dbf16
40453f5c
40223fe9
bf993fee
40b34069
3f304024
bfaa409f
40b740dc
406c4033
bf78bee5
3f873e9d
405b40a6
40af40d5
40873f72
3fa4404c
3e3cbf8a
40853f75
40b340d3
40edbe81
40a43f0d
bd6f4053
be0a40af
40853fae
40903fc1
c024408a
3fba409e
bf8e4048
bf43be6d
3bcb3eb4
40f1401b
401e40a6
3fa840a6
408f40eb
3fcdbf41
410f4046
3fa74050
3f50bfd8
3fc940a0
3fb1befd
410d401c
3fabbf5b
3fccbeb7
40463f52
40d14031
3ff0bf9f
3e6f409c
3ef73fbf
4041410e
beacbf75
c02f3fff
401fbed8
403440a1
408140b0
40a63f09
40fcbf86
bd763e97
402fbfe8
40bb40d6
3f453f10
409c4076
bf36401c
3fb0beed
40983fac
40c63f99
bf814064
3f914002
bf143fe1
40173ac9
400bbf5b
3fbd3ff5
3efd3f84
3fab3f6a
40703fd5
c015bda9
bfd33f4b
bf22bff7
bf9f3fb1
3f1d4083
3dab3cd5
40f93fd7
3f5a3f48
40174012
bfb9bf6e
3f58401e
4100bf46
3f4f3f83
408140aa
3ff2c024
c01cbe5f
3e6b3fc5
3ff94095
404840e8
3f7a400b
3e903f9f
bf474006
40034022
3fc83fd5
40be3fac
c014bf44
409b4002
3fc9bf89
bdf04098
3ef8bf50
3edf4022
406a4053
3cd33f28
3dacc004
4000bf49
40a94011
40d14089
3ecb3f66
403340cc
3c8b4052
402d4032
3ff44088
3eb9beec
3f55bfe2
3fb1bff3
40aebf21
40a43db8
3fffbf3d
bfb140bf
40b740de
40944022
40e53fe7
bf584091
bf7340c7
40913f0d
3ef23dce
41043f87
403b40a0
401f3fe4
401a3fcf
40b23f56
40854090
3f0540a5
3eef40a8
403f4040
40e1bf4e
40024084
401640a6
bfb940b7
3fef40d9
40873fa1
c02c4083
be864014
407740b3
404140a0
401cbf3f
40c4bf2e
3fc73fc2
404540ad
3f464021
40993ed1
40a7400b
becc404d
404a40e2
40994104
3fb54032
40bb401a
3eaf4086
4009404a
3f9240e0
40da4027
40a74088
40334081
3f9c40b5
408d40ef
40d9403c
400b4065
4007408e
bd0840b9
404c4066
40c03fa2
410fbf55
3f3140bd
405040a9
4027bef8
c00d3f64
3f7b402a
401b4073
be4240aa
bf0740aa
3ec7bf6e
40693fbe
3ffebfb4
bf63403f
4085bf14
3f993ef6
40ee4018
3ff040b9
bf4a3f9b
40314038
3fb5bf4a
40bd4075
40113acb
3fb940a4
40a640bd
4059bf30
3f013dfe
beea4012
bfb140ea
4029bed6
3e7f3fa2
3f623fe7
3f434041
bebf3f5d
40b940ab
402dbf35
3fe63dc0
be3140b9
3e7340a7
bf6d3f64
40e93f9d
410f4007
bf61409e
3fd03fbf
40be40e2
bea23f7b
40443f32
3f684095
3fa93ffb
40bb40e4
c00a3f2c
bf9d408d
3e584073
3f2d408b
40904105
40583f04
41014024
3fef403b
40223fed
3e994017
3ef63ff3
40983ec9
bf2ebf29
408fbf2e
4011bff3
40a93ff2
bfe6402e
be424096
3fafc00a
40ad4103
40893ff7
3f093f96
be99bfed
3fd64092
3ec9bfad
c005bf4d
4104bf23
401240be
3dcd40c0
bf1640c2
c0103fcd
40acbe62
3fff40bf
4074409f
405640b5
400abf1c
3ffd4055
bf013ff8
bd184095
401c40f2
40ed401d
40dd3fbd
bd85befd
3e0c4078
407740b4
40cabee6
40cb3ffd
bf223f06
40104046
40924110
40c2401c
40ce405a
bf134069
407b40d1
400cbf4a
40cd3fe5
40a4bf7d
bf2f4082
bdf940a6
3fe1408f
c0043f8f
406cbe99
3fdebfb4
4017bf45
bfe9c027
bf6b3ea5
40b33f72
be5f40b4
bf7f40ee
404e4009
400abede
3fb03ff3
3e7e4098
4017c019
bf8f40c2
3cc33da6
3f0bbebc
3fe63f9a
3f1c4097
4082c02c
be52be8f
bef94089
bdde4015
bfb7bf98
4090bf36
3fb34030
4083bf85
4000bfbc
408e3eaf
40babfe1
4035402a
40ff406a
403d4097
40243f56
3ffb4020
40b8bf4d
40d04023
bf34bfec
3d86404e
402140f7
40c73f50
410e3f9e
be82bffc
3f3d403f
407340f3
40a43f97
bffd4064
3f94405b
bf843fe4
40533f98
c01fbf61
bf6b3fee
bd044075
bf733f76
402640e4
3ed9bee5
3f9c3e6e
beae3e89
403b4004
40acc00e
40cdbeb3
3f09402d
403b3ee0
3f643e26
4059bf29
bfd2bf79
407b4077
be27be7e
bf9540b0
3f63c037
40a13f32
bf3e403d
4019bee1
beadbfdb
3fde40bc
3e8d4009
3fc44079
40273f8d
4003bf36
bf864108
3fa33f81
40d5bf86
4036bf9f
bf854015
3ff8bf85
408f3e85
bf773f09
bf25bf13
bfc04007
4055402d
3fa4bf55
c0344071
403c40a0
405040bc
40784030
40c43eca
3e37be04
3fa84083
3f65403a
bfee406b
40383d8f
41094009
3f1c4055
3fcd3f5a
3f91bf66
40863f19
40fa402a
3f12bfc8
406940a5
4047bfac
3fdf4031
40dabfa3
3fd94093
bd2b40e9
4061be8c
3e3e400b
bf86bec3
3f473ede
3e834075
3fe1bed7
408e403e
40c73f90
40114024
408f40d0
406240f2
40b7403c
405b3f9a
3eb33e8b
3ede3f10
40ae4106
40394010
40053df4
4008404b
40264068
bfdc4051
408c3fb2
40ec3f42
401f3e11
3f073f3e
40a7408a
3fbabd9c
4086bfb7
40103feb
be72bfb9
40b940c7
3ff54001
3fcbbf09
3f9a3fb0
bf7e3f98
401fbff2
3fff403a
40fa4084
401340b1
3e874084
3ff54104
40d93f05
4060be82
3ff340b7
408c3cab
bfdebe86
bfdc3f92
be683f42
401c4035
405e40aa
408e40c0
3d4d3ef3
3fec3bb8
3e6f40b5
3dd14095
3f374004
4080beac
408d404f
402c40b0
3f04be02
3ef540b1
40c0be23
40303c9c
3fd640a2
402ebffc
40ae3f5f
3f91bf32
3fd54004
3faa3fd6
40814029
40af40cb
c0013fdd
40e7bf14
400f3e67
404f3e84
3fddbf31
40d8bf6a
40adbf84
bceb404a
4028402c
40203ebf
bfd73ebc
bfbb3ffe
3dc83fc5
4027bfcc
40a740b8
40423f5a
40ea4000
3e4ebfa9
401f4083
40103fa7
c00b3ee4
3fa04042
3fdbbfcd
407a3f6a
4092bfd0
404c3ebb
401d3e17
4034befb
40703c23
40454082
409e3f98
40b5bfb4
40054022
3ec8400a
409ebebc
40703fc8
bff94035
3fa5bf1a
3c6f4029
3fa74101
40d63f43
bfcabf14
402f408d
3de3c009
4095c01d
40933e37
40ce3f9e
403b3fe1
beeb401b
40bfc018
40b04040
bff93f8d
3fbd4090
bf25407a
405a4063
401ebdbb
41053ffa
3fbf406f
bf1a3f81
bf1c40ff
4045bee3
40c4bf21
40394015
3f3d40b3
409b3fe4
40b9403f
3ffe4062
401e404c
be953f0f
408c40c9
404b3ed3
3fa6403e
402a3eff
bf793f17
bf58408b
40a33fe3
bf124077
40124018
403c4054
406fbfec
bf8bbdaf
3fb4bc71
bf724067
3ff9beda
40894039
3ffc3f0a
400a4080
3f873fad
402c3f43
bff8410e
40584033
40a94013
3e61408b
3f204001
408140a6
40053fed
400d406e
403b409a
407c4062
40ad3f4c
406f3fa3
40f63fd1
be134012
3f353f96
bfb540cd
c0033ff9
40203e02
bf724082
40283ff1
3ef3bf91
40d63f08
40c53fcb
3f483fef
3fa6406d
3f84c00f
40823f5e
3fb6408e
bf324008
40003e90
40a9c00a
40dd3ebb
bfe23f68
40364083
3fd3402e
40b04103
3ffc3f6d
4101404d
bf2bbfa4
403e4009
40433f97
3f7fbf4c
403c3ff2
40344044
bedc4089
3ff94109
c0124001
3e2f4012
40213ff2
3f9c4096
3fe13f5d
3f223f78
404abfad
3ee94093
406ebf2b
409c3f6b
bf263e3c
40743ffa
3fd43ed8
3f1f40ee
40854083
bfa14037
3fa9408b
3f91bfb4
401f4084
409a4086
408c4027
4106bc10
4004403e
bf053f41
400a3f1a
3f473fae
c03b405c
3fb63fa6
4011408f
4049401a
4040becd
3f874041
3f1d409e
bfa9bee5
bf6840fa
be734001
41083fd0
3f1c3c21
400c40db
bf9b410d
40c04027
bf524049
be9d409b
bf5f40b9
4085c019
3f1d3f8b
c02b4010
3fa6408c
bf363fde
40c0c00b
bf3e4008
3f543f00
3ee1401a
3e764056
bdbb40c6
4097bf60
3fc3406e
3ddb4009
401240bd
3f314075
40993f1e
405a401b
3ea53fae
404cbf5b
4096c015
40abbf4e
4059bf9d
bec83ed1
408c4089
bfaf410a
4084befc
3da54079
3fc34022
40713edb
40933f19
3e033f94
4103bf62
3e6e4009
406640e7
bdcdbe94
40b94017
3f0b4076
3fa6bfb0
bf9d3ec3
40744034
40b83fb4
3f92be5e
4016bfd0
3f1140e5
3fcd3f53
c01ebe9d
40513c98
be30bfa2
b953401d
401f410d
40af3e7b
40d74041
be15408a
40374086
3f8140b4
bff93f39
40f04004
40243fd5
3fbfc011
40bdbfd9
406b4039
40493fb3
4034404a
bd9440d9
3f9640dd
bd874014
407f4015
3ee0bf98
3e78bf5e
400b4028
bffe3e89
406e3f1a
4022409b
408d409d
40bd3eaf
40a3bf15
40ed4053
3f9e409c
40354074
bedb403e
40e53f13
3f3a3ffc
be9e4075
bf95bf15
4003404c
bf2d3f0c
40b44089
3e9ebc41
400a40e8
408940bd
bf483f3b
c00e3d6e
3f64bff9
40713d68
4085403b
40ba3f53
3f83bef9
3b53be04
3fd24073
40b44001
3fc84002
40aa3fdd
bf6c402d
bf2d40b9
3f58bf97
4041be4e
407b403b
401b404f
3fab40d4
401140a7
c012bf21
3dccbf07
4039bfca
40223fcb
409b4108
3f953e71
40c63e4b
401440a5
40153eb1
3f1d40bd
3ea9bf4a
40ef400b
bf6dbfe3
bf9cbd44
404540f0
3f913fca
be843fca
4029be2b
bf4540b4
409cbff5
4094befe
bfa0406b
3fbe40a1
be61404f
3fd8409d
40c8bf69
3fc3405f
3fc2400b
3ff5409a
4059bfce
40754018
bf2e4078
40314090
3f614060
bee54101
403dbe96
40674077
3fc7401e
3dae3f0b
4088bea6
40e14009
be85bf06
4035406c
408d408a
40894096
bfd34014
40a64053
402f4013
3fa84088
40b84022
4098bec4
3fd43e39
401640bc
3fef40d2
402fc00b
bfea3ef2
3fcb408b
400440ad
3f6c3e8c
bf7ebfe4
40493c8f
40f8405e
40354015
3f81400f
40aebffd
3f924028
bf294081
3fa64079
3e44409e
403cbe2c
bf483f8f
40044084
3f9140a4
402c4039
40194030
3fa8bf70
40f64078
3eb34093
4081c004
40a9410d
bfb53fd9
40864058
4035403a
4026408f
bf78bfef
40a1be46
be6e3efd
3ffd4092
bee640ca
3f1cbfdf
408d3a2d
3fb53f9e
bd8d40be
bf6fbec6
40a1bf6c
40284034
40cdbf29
403abfa9
bf753fec
bf9abed3
40513dd4
40cb4010
4031bfba
4084408b
4075400e
c0023f91
c00abeb6
3fe640af
4047403a
40ac40b6
40c9bf2f
c000beff
3f033df4
3e8b40aa
bfcbc03a
407abf58
3fa9bf38
bcb03ff3
401d4096
bfea3d19
3f70bf07
408c3fe4
3ff9bead
4027401e
bff64107
bf8f3fc0
4018beb0
3fd54085
bf8b3f71
408cbea9
40babf7a
bfdf3eee
bf78bfda
beeb4090
4008bffc
3f9bbe74
bffe406c
3e2c409e
4057be98
40a040c0
40d6beab
3ff63f1d
40054093
bf08403f
bf9f3de6
40a53f16
4108403c
bf2cbf09
3f04406c
bbea409a
40233f39
bf8f4026
bf624064
bfbb3ea6
bfd4c029
40c93ff9
41014007
bf7e40af
3f414083
bf84bf89
bf9c4017
402a4024
401e4083
be70bf9a
3f15c02f
40253f7c
c005bf31
3c0c3ee8
405040e3
bfd7409d
bfa3bf1c
405c3fc3
4039bfe6
3f4e40e5
401b40e3
3f494007
4044bfa1
3fe23eec
3f634060
401440d0
3f7d3fc1
4092bf8e
3f604062
bf09408a
40af3fed
40c63eeb
409dbfa7
bf123fcb
3fda4083
408640b2
40563dae
3fb84015
bdb14009
3f194084
40183ff5
40e13f93
c0094008
bef5405d
401f4006
400140f1
408e3f46
4020bf5c
3db4404a
404640c0
3ec74055
befa401d
40cb4048
bf5a40ab
4052c01e
beae4004
c00bbf46
40274035
40033e50
40394073
4022bf56
40683fc4
bf16408e
3d76beec
40413f84
40714081
4036beed
40823f5a
3f96401b
bcf0c00e
3d9c40b9
3eab3f50
c0024082
3f343f4b
408cc006
403940c2
bff23fee
40553f05
3fda4036
40583fbe
bfc83ff7
40d24009
3ff1bfb2
bf57be7a
408f407d
40a7400a
bf57befd
410cbf3a
403e3ee0
402dbfee
3f814107
c0194029
40574001
3ff43ed5
40013e67
40464036
beb04026
41073e02
be844069
3d1f3efd
4025404a
3fbd3f9c
bf3e4045
3fdc4085
402a40ae
3ee3c02e
bfa83ea9
4061405f
3ff2403f
3fb73f42
40aa4101
bf943fa0
4106bf8a
403d402b
405740c9
3fb23e59
3f123fe1
c00b4049
3f7c3f8a
bf7fc00e
4017407d
4037bf37
41073fc2
4000408c
4062409b
409040b3
40cb3fca
403b4013
40154041
3fa83f9e
40c040e9
c01a4040
401f3e88
bf1f40aa
408c3fc1
40104099
405f3fa4
40c53f48
3f7e4024
bf504053
be193e36
40d53d1e
c01e4088
40084083
40054051
4093c019
40893e8a
bf5bbf97
3fa24078
4070be8e
bf7f40c7
40633dd0
bfb53fc0
3f19402f
3f76be6f
408240ab
40a1bf78
4087402d
3fdbbeda
3eb040ee
bfa14090
408c3ff1
40ef4069
3fb43fc7
3fe83f89
3f0940b4
bf95be4b
408f3f4c
40103f86
bf433fc8
bf5f3f98
40913f94
bfc53ff3
bf1040ac
4002bfff
3d35c005
40ad4025
bfd23e62
bd8140ad
40134037
bfa73f99
bfcc4039
40c1bf6c
40294044
3ed73f93
4087bf4d
4025403d
410d3fef
400e4001
4048be6e
407f40b1
3f974013
40a0407f
402dbf18
3f9e407f
40a93ff1
40e43ec2
40163d38
4014bfef
3fda4096
bfcc4019
4003400d
40d3bfa1
3f9a3ff4
3f2a3f2e
bf813ff8
40b93f0c
bf9a408f
40223f70
bf3040af
3f104020
3fa74036
3f59be1c
403bbd34
bedf4078
4003bfe6
40dabf5d
3f6dbee3
3fbe3fe1
40164010
40a740fd
408f401c
407c3fee
3f59404a
bdf24089
40a040cc
4028401e
bffdbf24
bf533f18
3f85bf15
3f324036
bf303f50
beef406f
be263f8d
40414014
40583dd4
bf973ffe
bda24077
3f7c3e45
bf4b3fcc
409540bd
3fdf401b
3fb54031
3f8d4030
bf1e404b
3faa3f2c
40123eec
40c2407f
3e01407a
405ebfb6
3ed34006
40db3fb3
4051400a
bf554078
3ec63f95
bf2e3ff0
40b4bede
4088be69
3f204041
4014406d
40763fde
be9b4010
bf42401f
bded4050
3fb7409a
407d40be
3ea8bedc
bfca403b
402fbfdf
befbc01b
3d853f97
bfb7401a
c02b3fb4
4021401b
3e7f40e0
407d40f0
c0134022
40604068
403abf3d
408b40be
40acc00d
3ee03fce
41074029
be2a4085
bf573f81
40244107
3fa33f1c
40d83f82
40193ff3
40513eb7
40b2408f
40e33f88
bcc54052
40063f2c
408cbee0
404abf9a
407d4039
40be407f
bf714096
3facbfbd
3fd43ffa
bfc64009
40ebbf13
bf623df0
befd408b
408f40fa
bf78be6f
bf47405b
3e9f3fb0
40864060
bfa9403f
3fcabf25
4019bc8f
3f703e1e
3fbf408f
3fed40a1
bf633d1e
3f3e3f8b
3feb4027
402640c1
40944015
404f4001
bfaebf15
400a4086
bf3a40c9
3f134009
bfc33ec1
40d33ec7
401a40ba
bf8d406d
40ac40e0
bfafbf2e
bf743f98
3fe440c0
40033f98
40544048
408f3fc0
4014408c
40093ff1
402e3f4b
bf4340b5
beaa3e15
40c8bf8d
bd98bf92
3ff4406a
405040d2
3fa6bf54
bec94043
3fecbf5a
beb74001
3f96bf7d
40bf3fd9
3f76405d
3dc53fd7
3e37407c
bf1640a4
40874028
404e3f8b
3f3b3fba
3fae40de
bf1d3fcc
bf733f29
bf85402b
4006bf4d
bf0040b7
403840c9
40823fc9
4068402b
becabe83
bf93408d
40a73f88
40233f69
c03f408f
3f6c3f41
3fa6402c
40a34081
40cfbf4b
40e0403b
3febbf30
be603f45
401340c6
40c13fff
40453ff6
4006bf76
bf4040d4
409f3ff9
40ca3d94
40a8408e
3f04bfe2
3e3e40ab
409240e7
40ad3f33
40f53f0b
3de7404b
4050be61
3e3bc037
40943fe5
40ffbee2
bf464089
bef24085
408740d7
bfb6be15
409d4017
3ff63fe9
be784084
bfdc3f19
bf073de5
40b0bf69
3f113fdd
40554018
bf3ec027
3f823fab
40bdbed0
bc91408c
bec6bff9
4084401a
3e203de3
40cf4087
bf18bfea
4086bde1
405ec01b
40b8be3c
3fd83f3f
beb04055
408340c6
bdf24100
405ebf66
40763fba
3fdf4036
3dfdbe19
3dc9c006
40253fe9
402a4058
bec3bfd2
40804015
409ac02a
3fd13bee
409c4065
403f3f96
4024bcb8
409240e9
40844018
40b34012
3fb6bf8a
405d3f07
40a33fcb
40094004
401dbfb8
be2ebe1d
bf86bf42
be824026
c00a401e
3ef43fae
bf354036
4088bfa3
bfda3f1e
407a3f07
40e7bfb4
3ffcbef3
408340d9
409d40b0
40da4030
3f9d3fe0
bec44027
406b3f59
bf01bf89
40293e92
40a63f5f
3f873ff6
408ac01e
bfc6409c
be6a3f98
3f773ffd
40303fb4
3e1540b1
be2d3e89
408e3fe2
40fb3ffb
bf67406a
3f6bbee9
bfa1408a
3fbc3f95
3fdc406c
3f184095
40874088
bef4410b
bf953f2a
40da4083
3f8bbea6
bea8bfff
40344042
bf583f73
c00a4081
bc933f85
3fc0401d
bf6d407b
4008bf01
be14bfa0
402f404b
3fd840ad
bf874061
40afbdb3
40d54012
3d314090
3fbdbf51
404bc014
40384031
40c3402a
3e68bf0c
bea1bfcf
408d3e90
40113ef1
40664071
3faebf51
403cbe87
3f553f12
40a93dd9
40b24072
bf244097
4083403f
bff6befb
bff9401d
404f4072
4023bfa0
403040ce
40844037
40ef3ffd
408e4062
3ff54091
403a401b
409a3fca
3e7dbc7b
c0063f3f
beb9bd5d
3f5e408d
bfcabe96
40764005
3f55406c
bee8bfb8
405dbff3
bfb34102
40b2bf12
4076408a
3ffc4003
404f40a0
403c4099
40624024
3ed2bef8
3f943f78
3f8640bf
40ab4093
406a3dff
4103bfa0
3f4840bb
40063fec
40a940bd
3ffe4003
40ab3f5a
bf493fba
3f21c00a
409b4069
40ccbcc6
40ff4042
40244093
bf0bbfb7
bdf1bff5
40b13fe7
40a43fce
3f75404b
406c3e62
4071c033
3f544021
40ba3f84
3f13bf39
be87407a
bf02c032
405c3ffc
40a34026
bf2c40a1
bf66405d
3fa0bebe
3f954012
40d64012
4012bf7f
bfb94016
bf3a40d5
40cfbef0
40b2407d
3fdc40b8
408d408f
40644048
bfa0bb4c
3f92400b
3fcebeee
3ec540dd
407ebe47
405a3ef2
bf993f69
bf1bbf7b
408ec00c
40a1bfeb
40713fc4
bfe93f8a
40324004
bf9540d1
40533ea0
402a3f6d
406e3f0d
3ff240ba
3f96bfd0
40b4be16
be16bf5b
40483fd2
3d614000
3d0740e7
409840f6
40e13ed5
40a9bf5b
bef14076
bf743fe3
3f05407c
40173ed1
41054052
3f6cbf96
40784082
bf1f4042
40e9bf0d
c01bbf86
3f1ebd50
4057bea8
bdbb4108
40c53f9e
409d402d
3f8bbf06
3e4fbf2c
405e40f6
40903f58
c00e406a
be09be0b
40033f1e
409540a4
3fe24019
40b9408f
bef8beb4
bf5d40a7
407e4090
40ee3f9b
bfca3e1d
3fc2bfbe
405240ba
404440d0
40d14037
bf67408b
bf1e3ffd
bf78bf61
3f33c01d
40084023
40ae3fe3
3fa33fc9
bea7be45
bfacbf7b
409f3e32
3e01bf4e
3efd407a
408b4009
409240ce
4028bf4b
bf634047
403640ae
408f4095
404d3f7c
bf6a3f42
40c24040
3f3940bb
3f79bfb8
40284101
406e4035
3eb9405d
3e2ebf57
400e40bf
bead410a
c00a402c
bf954033
4028409c
bf9b402d
406040e4
bede4026
3fa43f3e
3f2b4058
3ff440ce
3fa64093
40a6be9f
3f2b3ff2
bde73f4c
402640e9
3fa24025
bfa1403b
40bfbf4f
40134014
bf423f2c
bfde40bd
bf4d3f89
4094bf48
3fd93e98
bfa7bfca
408740c0
403e3fc0
4085bfb7
bf374078
40623fd4
40bdbff2
40963ea8
40af4078
3f69bf96
bf96bee2
401cbeae
40e8401e
bfbe3f68
3ff84088
3fbb40e0
3fabc019
bfabbf5a
410f4005
400a40ad
4009c000
3fa9c001
c01f3e9b
bf4e3f45
3ff2bfbc
bfb2bef2
bf40409f
402a3f81
bf3bbfa4
400d3ee7
40773f3f
40b5400c
40134039
4060bfae
400abf6a
3fa6400b
405f40fe
40a83edc
4100bf9b
3db83f32
4075bfe9
406d40b7
3fee4035
40bf3eab
3fb93e7c
3d4e4086
40664085
409f3f1b
c0003e21
401a3f3b
3f5c3d6f
406f4026
406dbf6a
bf374012
3f414007
bf9dbf9e
403f40e1
be0fbf54
40aa3fa8
bf44be0b
bd69bfab
bef23d57
40283e3a
c0234061
3fad4045
403a40d1
bfbc40c2
401b3f58
3fc8400b
3fb83fd2
401cc01c
bd3e40d1
bf75becd
4074401b
bf414076
40254023
4089c036
bf84403c
40df3f33
3e9c3f3a
3f873f79
400440d7
3ff7bed2
405d407a
bf4f403b
be80bef4
3fa23f90
3ff83ff5
c0193fc6
401a406f
40774003
40513def
bfc0be95
4013bf39
3fc5c000
be9f40eb
404740cd
40223fab
c023bebc
3e6840b0
404640a0
3f244106
40af3f82
40fe4067
3f4cbf0f
bedd3ec4
4046403f
408c3f8e
c02c4061
be5a3ff8
3fbd40bf
40b93fed
409e400f
405e3f88
4004bf76
3fde40db
bff83fa7
40b4be44
3ee5bf9e
be844047
3e07bfd5
40a340aa
bdb54006
40843f30
bea2bf81
bfbb405f
bfd4bfc5
40c2bf4f
bfc63f08
3f69beda
3f134002
bf4b4042
be573fdb
bfec4086
3f913f38
bf1d3ef6
406f410a
3f9dbebd
c01b4029
3f5d404e
408c4005
40424056
3e8fbf57
c01c3ee2
bf17bf2f
3cf9c019
beeb40c0
3f20401b
40a03fb9
bf1b406b
3f703fb2
bf954020
402ebf25
3f38406f
bf1b3fdd
bf0b4093
3f79befb
bfbf400c
40723ef3
3e35403d
3f9040a3
40573fa0
bec34030
bf83bf19
3ec44027
3edf40d8
400b4091
4094beaa
4105405a
bf19407a
40053fb6
bfd9410d
bf4bbf35
3d8ebef2
40173eed
403cbfc2
bebe40df
bf983fc0
3e3cbe0d
bf283faa
be96bfbf
40a9403a
c0153fb2
40b23f1d
40034097
4076bf97
40a640e2
bd9b400a
40ec4071
400cbfd6
3f7c408d
3e6e40ee
40c43f65
c03b3fd0
3e0840a6
407a40d2
4080bf5b
4091403d
4099bf09
be2cbfcb
bfb6402c
408f4090
3fb53ec1
befc3ff2
3e4c3fb7
40573e84
bff64073
40383fc2
410cbd46
3f543fc7
4043bf98
3fc9beed
409f3ff3
bed73fb1
bc753e22
401b40e0
be8540aa
40c23ffd
40633ff4
3e323edd
bfa0bf8d
bfc1bfb3
c015400c
40d8bfa8
3ff73f3c
3d0e40dc
40b740ea
be104012
4089bf97
4035bf92
400bbf82
408740a2
bfbf4038
c0303ed3
bf234081
4080bfa9
407ebeed
c0093fb7
40e9407e
bf76bfe7
bd514032
3fac4031
3fa83f8a
40e5bf96
bf61408a
408fbdf2
40ac4104
bfb03f62
41024065
3f2cbcb4
bf973f98
3f0e403f
40ed4022
40433ed6
bf09407b
3fe8c014
3e894105
be884029
40474044
bf28bec2
3f8940e5
405d4093
40b23fe5
3fd2406f
3fe740aa
407c3fa9
40b1400f
c00a402e
40404081
beff3fb2
bfa04080
40bcc016
3e583fd1
405f4066
bf26bf91
bf963fb8
40504033
3e903fe9
3fb94011
3f873e8c
4038406c
bfb54003
40cb3e79
40bbbf84
bed14042
bf33bf09
3f4f40f7
bf0c3f91
3fe1bfb8
40273e48
3faebfad
40303f70
3f5b3fa2
3f95408b
3f87bfee
3f7f3f55
3f824106
409c3f70
40bbbf11
3f69bffd
3e243d54
3f4e40d7
c00dbe30
c039beb5
be9840af
407c40da
409cbfbb
404abf46
bf254029
3e293f28
408f3fb2
404340ad
bfdc3f74
3f943f95
3edc407d
406140dc
40ae3f92
40803f82
bfe53fee
3f0540c0
bf37bff1
3d9d40c2
3fddbf2a
3f924021
bf004078
406c4091
3e32bfd2
406d3f8e
40a93efd
bf6b4084
40793fd3
3f3d3e58
40833f1e
3fc6400d
3dc93fe1
3f5e40bf
409740a9
40413f9b
4017402e
be8a4090
3f0abfe3
40b940c8
406bbf60
be543e5b
3fcebfc4
3fc1bf8d
40a4c00c
402f3f8f
41014040
4027bf29
bf803fe0
bf12408e
40b43ede
bf694041
bde84058
3f8fbe40
40a040c9
3fcf3f42
4013bf3a
40283fd6
3fbabfef
be304110
3fbf3f8a
4081406a
400a40a3
4071404c
403340eb
402bbd56
be973e52
3f0340b9
3fbd3f9b
403f40f3
405d3f53
4109407d
3f9a3f54
beee406c
3ec14099
403b3fb2
3fc9bfa5
3ec3bf1e
bf3d40d1
3df440f1
40ac4028
40fd4001
3e9a402b
bf0040ec
40bc3fae
408b3fde
3fcc4013
3f21bfe8
408b40b2
409cbf8c
40bebf72
409a404f
40304018
be4a4032
402fbf8b
40bc3ebe
40ccbf91
402fbf0e
bef24036
3fc24106
3f88bf43
bf70bed9
3f71bf6e
4070bf1f
bf1d400c
40d53fcb
3fa9bf6f
3f85bf94
402740e5
40933f8e
40013fc0
3e274016
3fe53f87
40863f27
405e3ecd
40ea3f44
40f64068
402c408e
bf093fef
405f403d
40c24017
40b64078
bf5e40b9
403f4061
bfc94000
3fa93f8e
40af408b
3f10bfef
3e9b40e6
40a8be13
40cf3e96
40d33fbb
bf083f51
3f09bc8b
405340c7
40813fb3
c017406d
3fbb4052
400fbec4
bec53f52
c011400e
40134032
3f00400e
408340c9
404440d1
3e33be62
3fbabfbe
3f653e0b
3ec44058
408a4089
40d0402f
4104bfa3
40274050
bf9d40d0
3ff840bf
40853f3a
40454031
bd874064
3d7440d6
4090c033
40dd4026
bfa3401a
bd9b3f37
3f2b4014
bf273f23
401e403b
405f3ffa
bcd8409a
3fc640e2
4017c008
3ffbbb84
40be4039
3e6f3f18
403b3ff1
4005bfdc
40013fa5
40f1bf94
3f9b408d
403540d1
3f9c3fb1
401a4004
bec64033
bf22be61
3ffc40bc
406f3fb3
40e1bf28
bf7cbe7c
3eb14052
bdee4094
40964088
40a93fc1
c019408c
bedd4024
3fc4bfe1
40293ef8
404e3f78
4053407c
40304063
be39402f
400dbe6e
3e053fdd
40293f25
3f66bff8
3e4e40ba
be1240d3
40653fe0
40a23fe0
3fcabfe5
bf2ac017
bfa03ff3
3f993da8
bfb4400a
400740a0
4081bf42
404fbe9b
bfde3f87
40ea407b
3f69bfb4
4033be46
be553d71
40cbbf0e
c00f408d
bed74047
bf5c4039
bf2e409a
bf0ebe81
3eed4025
be0fbeed
3fa3bfd7
3fa93e77
40183f0d
40d6bb15
402ebdf5
bfbbbfdd
4011bfa5
c0163f94
bf66bfb5
400bbede
401f3fc1
40a83fbf
bfb44032
40b03f88
ba1c409e
403640ae
3f66be10
bf393e2b
409c3fee
402a3ff3
3fe7bf5c
403fc038
4047bd03
410d4041
bee83f6a
bf0940a0
408a40b2
3e11be5e
3fcd4075
bf374082
405a409b
3fa1bfdb
c01e3f4a
40b0bf8b
3f88402b
3fa13d71
bfe04078
4053be0e
bf8e3ff1
400b3e8e
3e9fbfa8
3ff14090
3e103f14
4066400f
40213e9e
3f7f40d5
3ff940cf
409c3fd2
c01c3fbc
400a3ef0
4084be22
408f4072
3fd4bf06
4063bf26
401dbf60
4061c015
bf20402e
4043bf11
4085404d
be5940ba
3f77409f
3fa840ae
40a33ff5
3ea64006
3f7840b0
3e5b409e
3fea40e6
403d3f86
3e23408a
bd5a4053
bf6e401d
3f55bf18
3d853fa8
40d5406f
bf5ebfcf
bf27bf27
bfba40c1
408d3dca
410b4020
40233cce
40384007
4012c008
40be3fee
3e903f6c
3ea74096
3f85bfbe
3fb43fee
40d93f9c
3ff93ff7
4000406e
4075405d
bef4408e
40ed3fcd
410a3fc9
3eb0bee8
40863f59
408d40ba
3fa54009
bfcb4084
bf403fcf
3f40409b
3fef40ff
40984023
40ccbf57
3fec40a0
4016bf31
404a4073
c01c400c
3fef39c1
bee1bfc6
bf8340c0
405d40ef
40e93f6d
bf173f93
3f093df8
407b40d7
4049400a
40cc400c
bfa8bf1e
402f40be
40493f53
4078410a
3f203fdd
40184045
3f2d4031
3f8840cb
3f804057
40843fa5
40de4084
bef9bfe1
40263feb
4093bf9f
c00f3f82
befa3f4a
3e9ebfcf
40083f8f
403240d2
404d4013
40bb407c
bedc3f93
bd0d403e
bfe64066
40ab3f59
40574021
3fd34096
4061bf9b
bc0c4102
4099401f
3fc43f8c
bf524079
bf4b4074
3f9d40e2
3f17bf55
40cc3f89
3f9d4054
bf54403a
3f8c40bb
3e0dbe34
40173f40
3fd13e10
bfbb3f7f
be03408a
3f97be88
3f903fb0
3fff4039
3fa140ab
bfb74064
40643d22
40824027
3f8f4027
4080409d
4051403b
4077bf13
c032401d
3fc94067
3f61bfe9
402a4103
3e8c3f01
bf4b4090
3f5f40aa
bf4d4032
404e40f9
3ece401d
40abbfa8
4003bf05
3f373edc
40adbe1b
401abf1d
3fb7400f
3f12405c
bd923f87
3fd04082
40d03e98
c03cbf4b
bf62bfde
bf844082
4056c010
3f36401d
410e4088
3f31bf9a
40874044
bfd5bf23
40d53fd5
bfe13fe9
3fa03e82
3fcd3fb7
4095c01b
40e33fd6
40ff400a
bf7ebfd7
40173eb5
bff33f0b
407e3f97
40383e2c
3f723e7f
be3fbfb2
3f9140ec
4004bed2
409d406a
be15bf4e
40793e8d
402d4088
40923ead
40d24063
3f82bf82
4075bf27
3e583fee
40c44023
40f43fd2
bf1f3ff6
40694058
4068410c
bfe3be5b
3f044027
3ee740bd
3e2c405e
404e3fca
3f85400c
40653e9b
3f14408c
4008408d
bfcd405a
40653f84
3fb44090
401c40a7
404dbfe0
bf8bbf3b
40d13fa2
40e5408e
3fb1403f
bee64092
3e92bf94
c01dbdde
40d33ede
3fe5bf9e
3ef93e12
bf24bfa3
40a63fc7
401cbfb7
be9c409b
3f894064
40bb3fff
4099bf40
3fed407e
3d1e40aa
40854092
3f833e78
bf48bcb2
c0374083
3f954051
be9740bb
40a3400e
3fde4000
40da3e3d
3fa64087
bfb0bfd0
bfa2402c
40ee3f22
40903d21
400c408d
3fa0405e
3fe0c00f
409cbf2e
404b400c
3fe23f19
bfa9c000
400bc035
40363ec7
4025405a
bedd4029
406840cf
bfd54104
40af4012
3e943f12
3c9abff3
3fe0c00f
4086bf97
bf27bf43
40694012
bf42bfd1
3e5cbfcc
3fe1409f
4096bee2
40323fd4
40053f99
4002408c
3f123d02
bf3d3e5a
41073eb6
3fa8408e
3fc94082
3f9d402b
40573f6f
be273f31
bea1bf8e
40204046
4050bf07
bfff4023
3f833fd1
3f2f40be
40623f97
3fa63eb7
3fe3be80
c01dbf1e
3e74bfb6
3fa53fed
4061bfd0
408e400a
40ee3fe6
3ffd40b5
be633ffd
408ebfbe
bf3f3f4c
3e82403f
3ef740b2
403b40e3
403e3e89
40604040
40c23fb4
bd3d4009
3fcd3f8f
bfae3fc1
40abbf66
c0354043
be953f93
4082404a
4087bfc7
bf53400e
bfcabf06
3eca408d
bf9440a1
bfe6408b
bd9f4030
40b2bf90
40094054
400a3f70
401cc03b
3f5b3e88
40d44050
3e6abc78
4086bfcc
3f474101
4093be36
40193f9f
400740ae
4086bf55
408340ec
3fd74027
40cfbf53
bf1b3d40
406fc00b
3fa2bf28
4009400a
40e33f6b
4026409a
3fa0409d
4083bfca
bf9e3f2d
409b3fb2
bf2240a4
403a406a
3e3e40bd
40eb3ff5
40a33fd9
3fcebf7d
bf7ebfb4
404240d5
4087bdf7
bf54407b
3fa1405b
be1a4029
bfd3c000
40e83f2f
41084045
bf51408e
3fc03ffd
bfb640ea
408c3fa4
409ebfbe
40233ef8
4069bd6f
4008bfcb
401b3eb8
40fa3e45
3ee240be
400e3f28
bfeb4090
40c33fe5
40af4083
403940a5
401b3f8b
3faabfa5
4034400f
3dab4064
3f56bf93
3fc54080
409b4104
3f6cbf0d
3f98bf9b
bf7cbfc5
40844014
bf8cbfe8
bf8a3e9b
409c3fb0
3fefbfbe
3f9b40c9
3f3a40d2
3f53beac
40e1bf62
3e0e407f
402bbfcf
40573f89
40ab3fd7
410e3ff0
401bbff5
3f16407f
3ea840d7
40664013
bb1e404e
400540a1
3ed24042
4028bffd
bec7400c
40f83f0c
402c402d
3fac40bb
404f40b2
40c34029
40273ffd
402dbff8
3f88bf5a
40b340a8
bfa03f7c
bf9e4071
3f7a4090
402cbe46
be8840e6
bf133efe
40ba3e98
bf7d4085
4081be13
bf8d40b3
40dd4032
40343f6c
4020409d
3f9e40af
3f66bfcb
40404037
40e2beef
40084093
bf9fbee8
bfb8408e
40864028
4084404a
3ec7bf4c
407e40e2
bf35410c
40c63f14
40b94023
3d8d405d
bf7c40c7
405bc016
40964035
40dcbe8f
3fec4093
408cbfa9
40773f88
c0143f88
3fdc4081
bec84014
407f3d14
403a3f85
40da3f97
3e843f28
4002bec8
bfab408d
bf153f2e
beee4013
40f43fa5
be243e9b
bfbdbfed
bfe4410d
3fae3f49
410f3fec
3f943fb4
3f064093
3f1cc020
40a9bd95
bf5a4083
4021bf1d
3fbbbfe2
4085409c
be344022
40d03f87
4012be52
3fcdbf3f
3ed3c023
3f933f49
408a3f51
3f343e6e
bfb63f24
bde54110
40c13f9d
4003408c
3ded400e
bf314018
40264024
40ae403a
c037bf94
40124047
40123fec
3f9440cd
3fa53f8d
40884028
4017bffd
3e263fe1
40ab4100
409b4019
3e0a3f34
bf803fa3
bf2940ef
bfc840b3
bfe64028
40634054
40203fda
bf333f9a
409c4016
40e3bd05
40f1400c
be8abe9c
3ebe407f
40563f9a
40d5400b
bf89bfa8
3dcdbf01
404c409a
beb9403b
bf67bf73
40cdbf26
3f284097
404dbfc6
3f2e4094
beeabe73
40694013
40054052
beff40ce
40b2bf5d
40e0bf5f
40394037
3e5c404b
40603f75
40bdc004
40403fb1
bf623fce
3fbf402d
bdec407a
40463fb7
3f804035
407a403d
bedfbf8f
402a40d0
bf96c009
401d3f99
bf8b408b
bed1bf82
405ebfe2
bfea3fd6
40dc3e0e
bfba3efd
40103f5a
bef3408d
409840bc
40ca4015
c014bf9f
3fb24049
408140a1
40014099
3f0c400d
40bf408b
4002bfcf
3f9e4084
3fe8bf5d
bf2b4017
40c13f30
40053e49
bee3bea5
3f2bc03d
40ad3f10
bfbe3f99
40313fa3
408abeb4
bfe5bfcc
40bdbe35
bc0bbfae
3de34083
407e407e
405d400b
bf2c3fdc
40cabefc
3f6040a3
40324098
3ed0408b
408c4021
41013f91
3ff24077
3e303f48
3f684022
bf903f9e
40654014
400240a1
bf6fbf0d
40844082
bde13fb1
40963fbc
3ceb40a7
bece3fb2
40ba4081
3fca401c
40023f82
3fbd3fbb
bf9840d6
404040af
40754018
40e13fe1
bf7840bb
4076403e
409fbf57
3f92be0b
4023bf46
bf774097
bcf9bf7a
408340ef
40cf3f76
3f5c4017
bf68406e
bf5440c2
40a740bd
40474018
40bc3f91
bf6a40ac
3f03bf28
3fed40b6
40bc3fcd
410fbf85
400f3f92
408440ea
3feabfb1
3f674039
bf65406d
401c4002
bf833fff
409c3f27
409f3f98
c018bf08
402a409b
3f7dc01f
40b540fd
40cb3fd0
403d4042
40263f82
400940d3
400cc03a
4086bea2
c0404020
3f833d92
3f9b40c6
3f724090
c0033f0f
40584083
be18405b
bdd7bf7f
3fe5409f
40efbf1f
bf424003
400f3f9d
3fe5407e
403240b1
40983f2a
bef04063
4030bd5a
400abff6
404b401c
bfd3401f
be9c3f75
3f384092
4054409b
4090bfb4
40903f81
40a1bfbb
3e893fac
40874087
3f9c3f6d
40c7bf4e
41074082
40054075
bf914014
bdb24096
4040400d
40f34046
403f409d
400bc007
3fd940b7
40bd3e87
c03c3f21
3ffe405d
408dbf29
40a8bf10
3fe93ee1
40e03cf4
4025400a
bf5040dc
40b33f88
40cc3fe7
3f7c4064
3e7c409f
3fa14099
bfbe406f
3f863ffd
bf433ec7
3f65bf16
bef83ffe
bc0a400e
bf85bf6e
410ebf51
3fec402f
408a4018
3fc540cd
3fb24029
409dbf82
bea140b0
3f2f40e1
bf24bff6
3fd24010
401c3fcf
3ff1404d
40853fbc
3f91c034
bfa64010
40d9be8d
3fcf3ff9
bf22be84
bfc2bf92
bf8c3c87
40bbbee3
40144015
4085407b
40bac02c
3fad3e86
402e3da6
403b4068
3f66bf82
beb34074
400c401f
3fb5402c
40353eb0
bfa84087
40bd40f2
bfaa4039
3f80bfa6
403540a7
402c4078
40904107
40d4bef1
40d03e82
beae40c0
4085bf7e
bfe94020
bf1b3fe4
3f374086
be6d4064
40333f89
3ebb4073
3eb23f2d
3f754017
4019bfd6
bf0c40a5
bf1d401e
40c1bf32
c0133eb7
40083fa1
403d40cc
40544052
40283f8a
3feabe98
3e9a3dd2
bea340aa
4013409f
bff33e42
bea4bf2a
bf4e4020
3f4040d3
4050be53
3f294029
40a93d87
3fd83f5a
401f40cd
3fbb4097
bf923fe8
410f3f96
bed3404c
bfa5bfd8
bf41bf88
bf733e82
40eabfb4
3fd3becc
408140ba
40444052
3fd8bee8
409d3e69
3f6f3ec2
bf53409f
40a84072
3ca83ff0
3fbe3e08
bdaabfea
bf7c4087
3ec43ff0
bebdbf65
40a53e5b
40243f21
408540b7
3cad4042
bc874018
410b4077
3d033ffc
40253f8c
3fef410f
3ed23fae
40644061
3d93407e
40474025
4056c027
bf2e3fec
40863fdc
bf313ff7
3f25be46
3e3940a1
401ebd67
40a84038
3e0b4011
400e40dc
bf73bf9a
3f523f17
40fb4056
3f243f9f
3f38406f
404340fe
c0183ffe
40e6beeb
3fc2401a
bfabbfa8
bfdd40a1
40453f8f
3f5d408e
bf0d407e
408d3ff7
bea6c01f
40943eb9
409fbf38
bf6440b8
40773f45
3f99bfdc
bef8be83
40da4079
3f4f4044
4034c00c
3fef40ed
400a401d
40b8405c
3ff24044
3ffbc00d
402e410a
40273cd5
bf54bfa2
3e95bfb7
bfa2408f
3fd43fa4
3edd4019
bf903e1b
3f5c4033
3f4ebf77
3fffbf8e
3fa04026
3ce13f88
3fcc3ca8
3ee5bf90
401640b8
406b3f67
3f8c3fff
3dad3e00
3fecbfe0
4023bf65
bebe3fd1
3fff3d0a
bf463ef0
3ff0bf9a
bfabc02c
c008bf04
c0324032
4001bdf8
bf7240b4
408a410d
c0044011
3ff73ff8
40113f3a
40873ef2
bfe040c9
40013fbc
bfb13f4b
bdb34095
3fd040a1
409f40b8
40b53f36
410e4073
3ff8401b
bf9f408b
bff03e8d
3e78be47
3f60bf2f
402a40ae
403bbf9c
40bcc00b
3fa43fcc
409bbfb8
3fa2bf5c
40273f63
3fa740ba
bf063f8f
40f94047
403cbfea
3fee3fd6
402f40af
4061402d
40ab4084
3f9f4080
4047405d
bff03eb8
40df400c
40774089
402d40a5
406abf74
3fd83e95
40e43fc6
c01b407d
bef0400d
3fbdbe4e
40a6401c
3ee3bece
40633fd2
bf3dbf85
4077400b
402940df
4007403c
408dbf9c
3e7f4008
bf61c00d
40a940f4
bf1cbdba
be444031
3e503f3d
3fa94061
40793f9f
4084402d
bf25400c
3f28bee9
3fdf3f75
40194087
c0093f86
c0273f4b
bf793fb7
408040c4
4085bfad
bf753d8b
4096bee7
3fbdbf85
3fd1c013
4058c014
3f263e1a
bfc1400b
be633f2e
407f3e2b
40abbf69
40bebe92
3fbcbecf
3e1a408c
40263ed2
bf113f67
3f9abe7a
408d3f27
bf614022
405340aa
4019410e
40d83e81
40f1404e
bcbdbe81
3faa3f0d
40a23ea8
40a54032
408e405d
402ebfbf
bf7740b5
bfd9c017
40e9bf22
40db3fcd
4005402d
bf153cdf
400c410f
404e3f9c
bf6b4019
bf30bfbd
3f87bf01
3fc84093
bfd5bf0c
4090bfb4
bed13fe2
4045bf1a
405f3fe9
40c03f5a
40743e9d
3f073fcd
3ecf3f79
408c3fbb
bfff3f02
bf874066
400fbf55
408f409b
3fb6bf8e
40a13f2c
40573fdb
3ffd4068
408340de
4057c036
3f03402b
40fb3ff0
3e7e4077
3f2b40ae
400b40cd
c020bf1c
40a9405d
bea4bee6
3e893fa8
4091c003
409bbf52
40fa407a
3fb94069
40884092
3e824050
3f733fb0
405dbea0
3f0c4062
3d004044
408b4096
408a3f74
40a23eb8
bf1ebf5e
40864094
40a0be72
be80bf06
4106be9e
4003bf58
bed0bfc0
40924100
40c44027
40353fe4
3f513f36
4028bf42
bfb2c004
40164035
40a2400f
402ebf1a
408d4087
bed63f83
3f4fbc97
40bb3fd7
bf5dbfb4
406dbf85
40253f84
3f3d4028
3fcb4024
bf01bf79
401c3f7a
40abbdb3
406cbf60
40fb3ff2
3fb44003
4085becd
3fdd40fa
40904014
3ff94024
3e8d40b0
40883e18
bfa840f9
408c3f4b
3f71408a
bea73ec4
407c400d
3f86409b
3fb1bd98
3c163edb
3fee408a
bf79bfd1
bf3b3fe0
bfb83fb6
be8b3f51
401fbf07
be053f5d
40944034
40b53f0e
bf944018
bf3f4019
3ffe404c
40443e77
40174024
c0084034
3fb94094
3f31408e
40b84087
3e963fa5
407b4007
3facbe7a
3f8740d1
401a3fd1
40d23fb3
408e407f
3faf3f96
405540d9
409240c6
400ebeab
40edbf6c
3f7abf1b
be9d40d2
400e3f9a
3f8d4015
3ef24073
bf33bf93
bf993f77
bf9d406d
40763d21
bfea3f2b
bd30be72
3f6e40a4
bfa6bf09
beef3fa5
401a4018
3fa83fc7
4089bf88
3fd73ffc
3f8abf11
c01e3fd7
bee640b1
40484054
bf864105
bfbbbf54
402bbf22
3f4dbf20
3f6140e3
4098c032
40bd3f91
3d04bf6b
bf35bfb4
3ffb40c6
bf87c03d
bfea3f65
c01f3fa7
3fee40a8
401740e2
bfc94028
4004401a
40a9406e
40124092
40244097
40b640c4
40d6be84
3fcebde8
4013bfec
4080401c
3efd3c54
3ff74005
c0254024
3fa53f2c
405e4039
3dae3fbe
40873fe7
40464081
3fd63f93
be73bfab
409b3f74
4090be16
41073f01
3e7d3d5d
40454092
3ed73f39
40314013
4054bfb6
40083f4e
3fe74024
40bc4103
40d4bf7f
bfd93e95
4035bff8
40664085
40a7408a
40a33e47
40ae407a
be124073
bfab40df
3fb0bf32
3fbcbe42
bf7d3fd2
3fbc3fb0
406c3fbe
3fccbf6a
bfd4bd99
bf213d3f
403e3fe2
3dd7408f
400e4065
40114034
3fc43f9a
3e0d4033
3f9540cf
bed840f4
408a3f39
c005be7b
bee9bf90
bf88402d
3fc7bf6d
40663fa7
4061bd9e
3f9bbfd1
3df03fce
40884101
beb04037
bfc24043
403c4021
3f81bf2a
403b40fb
3ed3403c
40a64075
be3d3e35
bfbdbee7
bfe0be00
40c4bf6f
408a4048
3e8440ab
4074be92
3fad40df
40443f0d
40df4027
bbf9bf62
4088404a
407c3f15
3e743fe9
40963f94
bf804017
bf75bfb1
bf8fbec3
40dd3f3b
409d3f86
3e7e3fc5
40784072
3f66410b
40063d66
3fa93fff
3f1440bf
3f743f93
40784091
40e8becd
bd70bdac
bec13f4f
3f62bf20
3f2540f7
bf9c3fc1
bfea403a
401a4062
bfb4409c
404c4030
407e3f88
410abe92
3f7c3fcc
3fc64005
3fd9408d
3ec23ff2
41104044
403a4007
402dbee8
3fa7c02d
403bbebf
40e43ef8
3f72404f
405740eb
bfd7410e
40a53f9d
c01c4055
402f409c
40013e80
bffdbfcf
c0083fca
4108bfa0
3f993f02
40873f46
bfb13f93
3fdfbf4a
bfff403f
bf1b40a5
3ff63e26
bfe340c1
40363fe1
40acbfbf
400b4012
3fcd40d8
40ac3f49
40f03cd6
40ed406e
403c40b2
3ff8bff4
3db83f18
406d3f80
409a4014
400f4092
bef24048
4026400d
bfeb3fae
40393fe0
40073f84
bfbebfa1
bfc44001
3fbd4024
be8f3fe7
4040bea3
3f2d409e
40aebfcc
3ed54032
404d408c
403e3f47
408240d1
40b8bf59
3f50be28
40f53f1d
3fe3408f
404e3f49
40adc013
40d34024
4071405f
4018be4d
3ff24040
3fb640b8
bf0dbed0
beb43fa0
3e7d4091
bf983fe7
40b6402e
bf8e3f90
405c408f
bf22bf57
bed0bf8c
bfaf40b8
40723fd1
3fcc4040
4019bf97
3e8bbf78
402bbf33
bf55bf6e
3d374061
3e093fb5
408040e5
bec13ff2
beed3f03
410a4009
3f8b409e
3f08409e
408e409e
3faebf3b
410b406e
3eb540b5
3f864021
3ebdc010
3ecf4001
410a3fad
3f11408c
40573f12
40074108
40143e6a
40babf91
40084002
40074081
40b2bdfe
40ae400c
bcc3bf0a
3f644061
3f3c3f23
bef5be6b
3f823fbf
40eb3fea
bf663fa4
3fff40ed
bf6a40c0
40733f1c
bec04001
3e7c3f78
3f5440ad
bf02bfa7
3f833fb2
40924003
beb33ffc
4032402a
4008408e
40c54005
bff74084
40274009
407940b5
409fc03c
40b74011
3f263fac
3f893fbd
3fcb4095
bf504040
40b33f3e
bf95bee5
3fa54083
bef1408c
3ee1bddc
40bcbe9a
4100400b
4023409f
40173f27
3fe4c00b
3f613fbf
bcda3fbc
3f0a3fce
405540e4
bf7b4092
3f98bf15
406e3f99
3ffd40bb
3f90be46
401c403c
bfe9bf67
4082bf6f
3fc24096
bef3400d
4009410b
40ec4014
410b403a
40374044
408e3ff1
3fe8bfd0
3fb7be93
4054bf29
3e9f4089
bf0c400f
407f3fba
bfb43e8a
40d1400b
bf78bddb
bfbb4062
408c40fb
bf4b4017
40e5bf19
4039405c
3f1540a2
bffdc021
4092bf57
bfe7bf0b
4035400f
bf5b40d3
bdbcbf95
402d4003
bf5d3f07
3fa74098
408e40a4
3f33407c
4057bf3e
bff9bf30
bef340a1
4007c01c
40853d53
407a3f9a
be4e3f47
3fb23e7c
3f47bf79
401b4101
bddf3f9c
be98bf22
3f913f07
40844096
bfe0c006
406a3e98
c03dbfa1
3ffdbff2
4073bf4a
408a4023
bf4a3fbf
bfc83f6e
3e05407a
bf0b406d
408540b6
407dbe3f
40c83f9f
bf114055
40493f74
be2840f4
3b9e3fe3
c03c3f85
3f9f3f71
4008c006
bfe0befa
40e43fdb
be8cbe36
be534015
40663fbe
3f1bc01f
bd9f402a
40994067
40173f3a
bf79bf09
bf9e404f
40b03f78
3fdd3fed
4029bf14
3feabee7
4067bfe4
bffcbf1b
41033f49
bed33f34
bf8bbeaa
3fd44109
c0033e25
4061bfa4
bf634061
3f573f82
3e36bf16
40d0bcc0
c0003d89
40083f54
408c3f89
bf424110
bf5c3ff4
41094012
3e1b409d
3d0740ca
3f463fe8
bfeb402f
3f8b4063
40213fa3
401240e7
3fa840b3
40483f91
40d03efd
3f4b3f08
405ec01c
4050405e
bf53400f
40103f29
3ea33f93
40863fe1
40903ff3
40973d8b
be6abd2c
4024bfaa
3fbf3f5c
3f7a4030
4091400c
3ffc408b
40324056
bfa8bf96
3f2740fa
409a4010
bf26402b
bca7408f
408ebf6d
40953f4b
40ab4019
c0063f98
3fdf405d
3f8540d5
4044bf40
bfb7bece
bfe9bebf
3f7240b9
3eeb40c5
3f9bc014
bfaf4039
40203eac
bf703ea2
3dbc40af
409540e6
40d2bed2
4101bf98
4004407a
40624032
407f4089
bfe13ff7
3f984089
beb13fb2
4041bfd8
bf9c40c6
3d70401b
bebd4075
beb940ab
40764029
bf0440f5
404ebf68
40c53e2a
3fc94043
4081405c
40243f95
c009bea0
407c3fc2
3fbfbeb3
403c4003
405fc02e
bfb44032
3d963f8e
bf6abf44
bf81402f
40254033
3f9e401a
4035bfab
bf764058
bf3abf71
40b140d7
40a13fcf
bf273f05
bf75be8d
408d3f7d
40553f9e
bebcbe6b
402f3f7e
401e4066
bf83404e
40b9c031
40a04031
410cbf2f
3ff04063
4010403a
40333f96
40c24012
3f20bf20
3fb2be85
408040e0
40843fdb
40a5bec0
408c3ea3
bf433efa
3fefbf9a
3fe73ff3
40ca3f77
40af3fd6
401c4062
3f40bf65
bfe2c014
40b13fd4
40ae404f
3f6f4004
bf264055
4008401a
40b43f83
bfbdbe4a
40243fc5
3f65406d
bfdc3f84
bfd73fd0
bdc5bf9a
3faabf2e
bd8f4096
bfc740bf
3fcc4025
40e8405c
3fae4072
3edf40ac
400d4109
40403f20
40b14084
3ef9bfae
3e973f53
40644025
40dc4017
4088402f
403fbe59
407e4034
3f5740d4
be3d3fc7
41054060
3f613cee
4029bfd9
beda40c3
400e403d
402fbfab
3f4e3e89
4085409b
4015408e
c014bf31
40f14033
bf6d4007
bfb6401e
3f6740d9
3fd33fe6
40bc405a
3fe4406f
3fde4051
401c4058
bfe33fb0
40b7bf11
40204035
4041bf3e
40bc3fd3
bf33bdc7
40b83e08
be9f4015
bf01bf81
3f29beeb
40894032
40973f90
400f408f
bf863ffd
400140f5
be8e3fce
4031bf58
3f52bf89
405940d8
3fa54092
3f8bbed2
40b34031
3e9d4093
3c4ac007
3f51c025
40cfbd1d
bf28405a
40084036
4087bf6e
be75bfa2
40243feb
be093f63
bf3cbfc2
3e944074
40b7be9e
bf8f4021
406abe3a
3ddabf43
401440e2
3fb24072
bf97bf2f
40053c90
bf334083
bef8bf95
bfa8c030
3f313ec4
c0244057
bdef3f16
4070c01a
40a6409b
40e04016
befb3eb8
3ed04003
403040e7
401b4080
3ff43f7f
bf7dbfa7
bf184037
401d3ffe
bffd4041
be074035
bed64015
3fe8403b
408cbf5f
40a4bf96
40aebe7f
40184078
3f7fbcff
bf874085
40933dea
3e9cbf11
bfec403d
bf69be03
400c4079
409c408f
40a3400f
4043403f
3f3b4092
40434008
be974005
403b3e33
bfac3fde
bf343f11
408bbe95
405c40fb
c00fbf68
40debf8f
bf644021
bf72403b
40b64091
408b3fe2
3dee3fc7
3fe14090
3edc4089
3f804102
3fdbbed2
3ca33f2c
bf7fbf3b
401a3fad
3fd13f37
401b3f94
40ef4059
3e66bf65
3faa4078
40bfbf19
be3fbf09
c035407b
bd334095
3fdd4006
40babef3
40d04004
3f143f43
3fd63fa1
404b40ee
3f6dbf31
3f76beed
401d3e4a
3f834095
408740a0
bfb6bfc8
40eebdbe
c00b3fdf
3ffd405e
3f82bee7
3faabd7f
40074034
4026bfa0
bf3a4005
bee0bfe2
bf7b3fbd
3fb6400b
3e834079
3fdc4035
bf0e400f
40813f10
4088bebb
3f3d4017
3ff6408a
408e40a3
402540d5
40d2bf55
bfbb3dfb
3e96404f
3f9e404d
bfcd410a
40b14002
402d3fd6
3f64bedd
bf58c019
4049403b
3fab401e
bfcabf56
3f134009
bfbd40ea
becebec0
401cbf7d
40c73e70
3f6bbfe7
3f954095
405cbfe1
bfe73e8f
401cbf63
3f34bf88
405140a9
409b40bb
3fcabf57
404a4033
3fbd4062
bd8e40a4
be1940ab
3eeabf51
3fb7bf95
4018bfae
be74c01b
3e6e3f1c
40623ec0
40924058
bea7408f
405a3eb8
4085408f
40b5be0b
40f1bf38
bf54bf1b
405f40a7
40bf40f4
3fdc3f09
bfbe4025
40144015
3f9d405d
40a8bfb3
bf894039
bfeabf0c
3ffc402d
bfa93fcb
408dbfb7
40bb4012
3fd4401f
3ebe4043
408cbf50
bf354108
3fb64015
40854088
3d93bfb6
bf323fad
40954099
40453fdf
bf7a406d
bf164081
403fbfe9
3fc740a8
40d83ea1
40b13ed5
40363f9d
408c407a
40144083
be1f3f44
40cd3f56
3fe6bfbc
408c400e
406ebfe0
bf90bf67
40c8be38
3f5440b1
bf043f78
3fb0bf2f
40a0be8f
3f0a3f9c
3f683f9d
401ac00e
404a4057
beb83f6b
403a4086
3e4340bd
40494054
4095403e
3fd23e50
40b8402b
3fa7bd8d
408a4003
bee540b7
3e51bed8
40743ecd
3d93bfba
4001405a
bf9040bc
400c3f50
c02dbf1f
3f284087
3fe33ff0
40944100
40e03f93
3fd4bea9
bf7b3fbe
bf47bfac
bc9ec006
3e953f26
40893fc3
3f7d4068
4021402f
4024bf1e
bf9b3ebf
3f5a3ef2
3f03402d
be4b407f
40b04087
c0133f73
bfa93f5d
403c403f
bf8e40e0
400e3ffc
40c53e13
be263ec8
40294063
406f40e0
406e407c
bfd7402e
4081bdfb
3f9c4033
4016bf85
409dbf8f
be793fad
40a33f71
3fefbf4c
bf5a404f
bfad40e6
3f914030
40abbf46
3f7abe87
407140ad
bfd74101
40dd3e84
3f53be87
bf5ebfce
bcb43f92
40b3409c
3f1f3f65
c0184038
40113f6e
402bbfa9
40094041
40103feb
c01e3fb3
3f93bfb7
3fc0bfff
405540a0
40914035
40e04058
becd406a
40554029
400d40e3
400b3fb0
40babf35
3fd9bfe9
408fc00e
409340e3
40a8bf03
c01dbe81
be9c404b
3e5dbfdc
bfb3bf75
40d64020
40d03f39
3fcc409c
bfa3bedc
40ab40fe
40bbbf3c
4106bf57
bd6a40ac
3fa840d3
406c408f
3ff6bf78
40383f95
400a3fdb
bf22bfe9
3f3b3ff7
40183f9a
3f864015
be3b4072
40494082
4070c018
bf11bf70
bf9a408f
3f233f04
4005bfb0
400140ff
40374037
40f6bf58
bd8540ae
40894083
40213f05
3f9d4040
404e4086
3fa54069
3fdd40a2
408340f2
40b0bf5f
3f3a406d
3eba3e0a
3fefbf88
40bd4049
3fe63fb2
41024073
bf52401e
3cc240e5
be7f4108
40d93f97
40b03fcb
3f903f04
3e6f40c1
bf19bfab
40e13fcc
4023408d
be2b3e29
bf6d4036
bda93ff7
407dbf0e
40a44081
3fb73eb1
bfb9bd44
409dbf8a
40a13f35
40743ff6
40333e27
3f8c40e1
3e9f3fa4
3ff13bb4
40bdbddc
402a3ea2
3e6b40ec
408cbfc4
bfe63e3e
400f400c
3e6abf70
bf3c40b5
408e3e31
bd28403e
4004407b
401dc000
4038bfc6
40b5bffb
bca43fc7
bef0be3f
40384071
befb403f
409b40bc
40e73fca
406bbeed
3f083f9b
401d4078
407b4104
403d4020
40834077
bf5f4010
bedd4089
40843ea9
400f3f54
4049becf
bf61407d
3f8e4056
bdcdc023
40c4401e
40b7bf1c
3f70bfaa
bfb1c019
3f1e4053
bfad3f57
40f13f83
be683fb9
40463fe3
3f7b3f63
40303f83
40e24019
4009be1c
bfa83f9c
40a43e93
bec5beef
40c4401c
3f204038
405b40d8
40b94096
40cfbd63
bff4bd8e
3fb7bfb5
405b4019
407240f0
4006be86
40f23ec2
3fba4071
4066404b
3f9740fc
40433efd
40ab3e98
bdf83f6e
403640c9
4029bd67
4001bec8
408cbd39
bef540a5
40694086
409a4025
40c33e88
3fd93f0d
40113f71
4077bfe6
4085bfae
40ad3e47
bfcbbfa2
403ebf12
3f80409e
408a3e96
c01d3e75
be854004
3ff63f61
be483f41
bfbe4044
406d401c
3feb406b
3f984010
4013bfeb
40883ffe
c0053ebe
40f54076
3f784036
3fe93cc9
40a63f1d
40734037
bf604067
40053f21
bfbd3f73
3fe8bf1b
40ed3eb2
40f4bf9a
40233f62
bf154003
3ff340d0
40094023
40f2bf6f
3e5c405c
bf6340a7
4004408f
40ad3f77
40083f9a
bec7bf00
40233ef7
408dbf83
bf973f63
3fb23ea7
402c3f3c
bebb4005
bfb74035
40b03f78
40444089
3fd34012
3e9b3f6c
40a8408a
403b3f09
3cc64042
3f963eed
be08bf7c
3c9440e5
40ae3f49
3c663fc9
3f8fbfe4
3fc9400d
40af3fea
3ef7bf07
bfea3fe8
bf38bf2a
bf23406f
4064bb3e
40aa4012
40ae402f
3f4d4058
408d40d9
3fc9bfdf
3fe73f8b
404e3eb4
402fbfdc
3efe40b9
bba74033
408fbf29
bd8e4031
bf353fff
3fe13ef0
406040f6
40a53f74
40474089
bf703e49
bd4d3f01
bdf6bf87
40db4032
40d34084
3fe3bfc0
3ecf4018
be973f71
40dc3f8c
40a8bf8b
40053fd0
3fb0402e
408dc00a
408f4030
40f63f3b
3f433cf9
4086408f
40a4be9b
bf9cbdb4
406d402e
3f91bcf0
404040da
408e40ff
40a73fcc
bdd8bf99
403c3f5b
405c3f94
3fa6bbde
40d53efb
bfb0bfbf
bf0e3fee
4057bf43
40403db2
40b53e96
3f51bf0d
beaabf5d
402b40ea
409e3fa5
bf923fb7
c0363f56
3f5f40b2
3d114072
40854093
4020bf63
befebf4c
3f283f8b
bf5d40e1
40673e90
40aa3ff3
c0054043
3ed64081
bf00bf11
409ebe3c
bfab3fe1
3faabf37
3e6340aa
3ff340e3
bf213f87
3fcb3eba
40de4040
bf233f6f
4081408f
bfce40f7
bed74040
c0094087
bdb3404b
be9f4019
bfbb4055
bfce4022
3f5a407e
3ebf4091
40623f25
40a540d3
4009bf06
bf4abf46
3f0d408c
40654003
400b3ff0
3efa3f5e
c02b3d89
bdf0bf20
3cab3f04
408340e5
40e63fcd
c006bf31
3f8f4083
3f734090
409d3fd4
3e533f50
c0334038
bf2d3f86
bf8e3e09
40a14073
40d1bf39
407bbe63
3fdfbf99
401b4066
40254009
c0183fda
40eb408f
bf57bf14
40534001
bf683fa6
bf6f3f40
407abfa0
40123fa5
3f1d4016
40abc02c
40903eaa
40b13e0a
bf634059
402a40e7
4087410b
40e13fc6
40bb3fce
be8c40af
beefbfaa
beee4054
40bfbf73
409c3ffe
403fbf96
3eddbf16
40874106
4023bdc4
c00f3fcc
3fe4bfb9
3d993f16
4032bfb6
40713fc7
410c405c
3e12bfd3
bf3e3feb
40b93fd0
40e4bf20
3f903f7d
bf3b409f
3f97c007
404440dc
bfe83fd2
3f7e4008
bf2a3fdf
3ed63f54
bd9f4054
406b3f85
40924013
3fd84084
3fbb3d27
be9ec02c
3eb03f73
3fc33efb
3fcc3ff1
401b4059
bf3b40a8
4081bde6
41033eef
be3e40b8
bfb8403a
bfcfbffa
3f5b3f94
40283f0e
bf26bfae
4029c004
bee040ee
40cd4029
3fff3f71
bf463f93
4088bfae
bf5f40cd
40acbe9c
bfc6405d
3fba4017
407440e8
40434106
bfc2be8c
4023407f
bf6440b0
40544050
bdfa403f
40ce3ee2
4106be4d
401abfb9
3f183fe4
bf663ea2
40dd4005
3e0bbf95
40203fdd
3ed73f7f
3e14beec
403bbf45
bfe13fbf
3fbd4097
4059c003
3dcb3ec3
40a9bea8
40ae3ec6
3fd8bf0f
be963f57
3fce3fc3
400a3fbc
40b1bd0f
40114086
bf6fbfd8
bf3d40cb
3fcbbc5e
408b3ffd
4019407c
3f7940b6
401cc01d
40d0bd96
40824067
3f8abdd5
408fbff7
401140ac
40b53ff7
bfde402e
3fa64003
3e83408f
40bf4080
40df4033
41074014
3f6abeb6
408f40b3
3ebbbfd0
bf8d4010
41013f08
40284053
4024406e
bf81be31
bf25400c
3f64bf5a
402ebfb3
3f29408e
bfde4022
40783e74
40a44014
3fea3f3e
402cbf35
bfda403f
40d43fd0
408e405b
bf1d4061
3dbac013
bd96bfa7
4037bea2
408f4061
400e408f
3eabbfd9
bfdbbfde
bf534017
c02cbfaf
3f94be9d
40004066
40523eb1
40b13dff
bfa6bfb3
4026405c
404e404b
40813fdf
3f8a3e11
407e3f64
402ebe78
bfb1403f
403540b4
40bdbf05
40c0408a
3fb43f5f
40804043
408840ff
3fecbf7e
c019405a
3ff840a8
3f3840c0
408fbfef
bff7400b
40f5401b
3e5abe92
403b4062
bce1c009
bf893f4e
4005bf9e
3df0407e
3f4b409c
bd094063
40b83f8e
40944069
be21bfb8
3c2a3fe9
405fbe27
409c3ebb
c018bee9
bf3d3e54
4084bf01
4063befc
40d13f1c
40203f97
bf6c4041
3f163ffe
3eca4108
3f4a401a
3f863e2a
3e9bbfe2
408540d9
3fca40a3
40034025
40414040
3f9b4030
bf38bfae
3fb1be99
3f9b402f
40b03ff0
3f79bed1
bf9a4093
3f453eba
40c83fda
bfdc4015
be954035
3fe53f21
3fa140e5
3bb83e87
3dcd4030
bd1bbfca
402abfed
3f95c00b
c01f3f29
bf094056
be8d3eff
3fdd40c0
bf43bff8
40ee3f4d
408ebfbd
3fcc3f7b
bfb740c5
bfc63f29
40e43fb4
4089bfbb
3edc4062
3f0740b2
40b8bfb2
be42bf24
c0134010
3ff83f9d
408e4096
3f4540a1
3ecf3fe9
41004036
3e3940a6
3fc0bedd
be24bf59
c01d3fa4
40ae3fe2
403e3f34
3fff3fae
40aabf55
bf9d3f78
4103406a
bf713fea
3e9fbf8a
40894029
400ebf30
c0183fc6
4021406f
3f60c00d
4067be57
3f1e3e09
41054076
3fa24074
3edf4041
40404051
3f753fab
4061406a
bf69bff6
3ea23f6b
3e463fb9
bef34017
40c83f90
3fad4093
3dcd3f39
402d410c
3f893c95
3f6d401e
3fe4bf91
40693fdd
be1cbeed
3f72402f
4010bfb9
3fd3bf2d
407f40dd
bf8540d4
40193ecd
40e43ebb
403d4022
bf2240b5
bf0c4065
bfa4be52
40473f58
3fc73f1d
40604084
403c4026
40d2bf61
bfb84041
40064099
407840cb
40b840f7
404a3fc2
bee6403e
3f54403f
3fd44098
40534025
406e402b
402a3faa
3fe34052
3f9d3fa0
3db7bf12
40594031
40b6be66
3f924083
3f19be3a
bff24102
c0154038
40a0bed4
be7b3fd0
be3040b8
3df93fbf
40bebef1
401c4022
402fbf27
3e5f40b3
4069406f
3fcf402f
c037406c
3f24bf5c
3f82be69
40b740f4
be90be6d
40fdbec3
3f953ff2
408e401c
406c3f89
40d43bfa
40514065
3f2d4083
bf3b40b7
40a5402b
bf0f3f1d
40f0405f
bf6e409f
bfb940d6
bf7040fe
bfdfbe10
4110bf01
4021408c
408540b3
bf23404d
bf8b4028
3da63f6d
3fa2bf58
402fc00a
3fa4c02f
40cd3fb0
c03dbe2d
3f643f84
3f463f5a
be824052
40b33fe2
40ee4085
3e9540a6
403040c2
40544106
3ff43ffc
40e44031
3ffdbe17
3f8e4087
3e7c40e2
3fe33f0a
3e45bf1b
bec83fb7
3f14405f
403740fa
40dc3bcc
c003beb9
beeebec5
40443c87
be7a3f17
408d400a
3fcd4031
3e7a40a7
40544088
bf38402f
402fbf0c
3dc33fc2
401d40bf
4051beb8
40b040f8
40753ebc
41073e0e
bdac4051
4062be2c
409d4073
3f4abd90
3fc2bf4a
bf26bf3c
400940d7
409b40e7
3f7e401b
bec8401c
3f253e56
403b4096
3ea9402f
40c43ff6
4108bf77
3f9b4054
408d4089
bff3408c
3fda3fb4
c00d4041
400c3fdf
408a4030
40a340ae
40593fc0
bf55be9c
3f454020
3fb6bfa8
40224039
40ae4024
40ed3fe3
3fbd4075
3fd1bd32
be6240bf
40c53f9e
c0373e7c
3fa2406e
bf923fac
40af3fe5
3fdb4007
40cfbfa5
3f694062
408c40e4
4010410c
bd8fbf1d
bf443fad
3f074065
408a40ae
405d404d
40b04012
c02e400e
3fa74091
40264062
be0fbf27
40dabed1
3fb0bf3d
3c31407c
3e344069
bfdcbffc
bfc0bad8
bf6fbfa6
402a4002
3f88c007
4094403a
bfc93e8a
3fea3f4d
3fa44015
3f0c3fda
40894108
40ee3f36
40514079
3f03402a
40833fc4
4097406c
c0133f65
40d6beaa
3fbc4064
406cc001
40903f87
3ff63f05
40b83e81
3f483f89
401d406b
3f80410b
bf294002
407c4079
3edc3f6a
407040d2
400b4095
bfbb3fb0
3fcd4029
bf5b4012
408940e9
403340fc
3faa3f7b
41063fad
3ff03f57
3f1a40b9
be02bfc5
40ad3dca
405a407f
3fb94082
40203fc3
bfecbf9e
c00f3e16
40063ebc
3fc24093
4016409c
3f8640dc
3f843e42
410a408b
3eeb4094
beca40e6
40bc4102
40164002
bfa54045
bf6cbf71
bea6401f
3e9ac000
40afbf4f
407d4053
3ff44034
3ff64044
3f98c010
40d14026
402a3f90
3f113fd1
400f3f94
3e44bf3a
3eb84021
406cbf4b
be0a403c
bedcc00f
40283fb8
bf123fca
40eabf8c
3e7cbfc0
3fc340d9
40843fa9
40db3f24
40eb3eca
3fe24027
bebb4064
3fefc020
3fea400c
3fe1beed
3e6e403c
bf814084
3faec02d
3fbe3f43
40074065
3ede3e19
402c40ef
40993f86
bf04bf4a
bfb2be57
3f9cbfe4
401c4024
40aa40f4
40a23f6f
40363d18
bf1d4009
408b40de
408940f1
40a8400e
40934010
3fe340a0
40664043
4017402f
40afbe1f
40eb3dc8
3fbd40ad
3e6f4080
403640dd
405b400d
40a74010
40194035
bf57404e
40b44109
3ff13eee
bf1abfb3
3e264030
3faa4010
bfef4098
3eb4bd81
40c3bf94
bf15407a
4084bfa3
bf85409a
c00f403a
40bc4028
3ffc3f96
4027402e
40703da9
40a03ffb
40744002
3f494093
3fdabf6e
be673f00
40a03f94
bf8d3f57
3ff340bf
404640cb
403fbfcf
3ff54024
3f25bf56
3f2fbfcc
bf063ffc
3fd14065
bf553fe7
40b6bf8b
401b4071
bfa540b3
4084404d
408a3ff2
40eb3f6c
be55bff9
406740da
40843f39
40ac402e
410a3f24
3ecabf94
4082bf81
3fe6bfba
40bd3f1d
be323e81
3ff0408e
400040a1
405440b0
bfc94026
402b4071
3fe93f6a
3d99bfc2
407a3ff6
bff53eb4
c0043eaf
3ea2409d
3fd1c020
bf184093
4062bf64
408cbf1c
40144001
bf96409b
bf39c002
40963f95
409b405f
3f8b4053
404440e3
40b9bfa1
be4c4037
40b04082
3e434073
bf8d3ef1
407b3ea5
bf943fd0
bfc84061
402b4099
408c3f9e
bfbf40e6
40394009
beb5bf7c
3f8540aa
3f8f4071
408f410c
4078bf1f
c0113ea0
be4c4084
404abece
bfb73fa9
40c23f57
bed93f57
3f85bfe5
3f793fe5
40394101
40ed3ef7
bfa73fcc
40283ec9
bf9e40e2
bee14104
3fb93fd3
40854047
400fbe7b
bf7ac00e
401c4061
40cfbf37
40f1bf81
3fd840b8
bec53fe8
40954107
40943fd7
40ed3fed
40253fe3
400240a9
bf89bfd0
3f223f32
40c43d84
3fa2bf0c
40364032
40b5408a
be0c3fa7
40d63d87
3f884015
403dbebc
409e3f28
4043bf37
3ff03e1a
401f409f
4040bea6
40944007
40aa403b
bf88beb5
beba40bb
3fc63ee1
404840a7
40253df4
40a73f95
bf6b3fe2
3fc13ff1
4071c025
c012403b
c0403fcb
400840c0
3f91be98
409c40e7
c0113edd
4055bf11
4036be9e
3f894065
409fbfac
401e401e
40ddbf56
bf754001
401c3fd4
3fd2be55
3f9d3faa
bf0d3f35
3f3abf86
408d40e2
4003bf43
c0084039
40d04045
3f33402d
408d4032
408e40af
3ef73e8e
c02fbc6d
3fc84052
400c40e5
3f3e3f0f
40873f64
40d6402c
3f32bee8
407f3fb6
4062408c
c0093eda
40ccbf2c
3f6e40b4
bf603e0b
4090bff7
bf9f3ee2
410e4087
3f984055
404b40cb
3e3dbffe
bfd7403e
41044083
400c401e
bedf405b
40734057
bf45be80
40103f16
3e6cbfe9
404d3fc8
4050bf94
40e63f40
3eaebfb2
40363fbe
403b3f50
3f91c031
bf39be4d
40a9404c
bf1d4043
3ff3bfde
409940c4
bffa401a
40eb400b
be55be33
3f23409c
3fbac032
bfbbbd88
3ef3407b
4013408e
3f8240a6
404a4108
c017be24
40c43cf5
401140af
bf0abfb3
bed240bc
bfe03f11
410b404c
40213fa8
40843f6b
3b4abfcc
404f3fed
404abfa0
bf4d4099
be84bc88
bfc3c00e
3fb7403d
3e6ebf30
3fa8403f
3d934040
407640b6
beaa3f47
40824058
bf1640a1
3dc74009
408e4022
3fdd3ee3
c0074005
3ff9408a
bf8740ef
401740c5
409d3f4e
40373f64
4026400d
3fad40dc
3ff4405f
c01f3fbe
bfbc404b
bf4b3ff5
40443d41
3eee4011
3f9f3fd8
40a5bdac
be7e40bb
3fa6be09
bf23c005
40533e88
401d4070
402b4062
3dcfbf53
bfce4101
c01b4023
403f404f
3fe3bf8c
40744068
4070c00a
bf9d3fea
3f7b4006
bf46406a
408f40c1
3d33c022
3f603fd8
40824083
3eac4090
404040b4
3fc540a1
c00a4015
bfc13eea
3fe640a5
403d401f
40b0bfdb
bf5b3fab
c027bf3b
bd91bf65
3fdf4038
408a40a6
bfa64039
40b3bf04
3f41400a
405040d7
bf6ac00c
3fdcbf7a
c009401c
3fd34015
4025bf2d
409abf8f
403f4014
c0013fcc
3fd64040
bf92bfde
404340cf
bfde3f0b
40a83ff0
40323ff4
bf6a4072
befe40ea
40173f8f
bfa7405e
4014402a
408240d5
40bc4093
40e74001
40f4be2b
3f0e4096
3f1a403a
bfe84087
4046bbe1
41093fd1
bf7d40b3
3f4e40c4
3f834054
40194023
40a5bf2a
bf80bfdb
403540bb
40553fa8
c01b4001
3f433e4c
3e82bef6
40374048
3fc7bfe9
3f9dbeff
4000be6c
3f923e06
406f3ecb
40814106
3d973fdb
40524028
bf34beb9
bf714008
402ac024
40c33eb4
4099bfa6
3e173f7b
bed240d6
40704001
3fcb4007
3d994012
401940a9
3fc63ec9
3f443d80
c0113dfb
400d4022
3f3d4039
408640aa
bea640cc
4085bf4c
4094408d
bf653fb1
408a40a3
3f1140cf
40083ff6
bf9fbf1a
3fa640a6
40883f9c
40ad4100
409d3f63
3f83407d
be97bfaa
beb43fd1
400b40b1
40eb3fac
40e44068
3ff3bc93
40113fe6
bff1402c
bfab4025
40f2bfb0
3ed14009
3d4d40b4
409dbfdd
40c43f5b
3f983f0a
bf2940a0
be73bc70
40a340be
bf863f91
407fbe8c
3fd94094
3fef404b
3e9e40c1
4099bf4c
3fa8beff
3d943eb6
3f3e40e5
40644099
40a03e8e
3b56405f
400840a7
3ebd40b8
bfc140b5
40b24010
bf974070
4005bf5d
3d064044
3ff53e9c
3e9a3f32
40444046
be82bf8f
bfb64005
40b84058
3f8e3f0b
410b4076
3f86409b
3fa63f39
405f40d8
402a4038
3fe8408b
400d401b
407bbeab
3e8f3f58
40c8bf39
c021405e
3fcd404a
3ebf408f
3fc44013
4006bd18
4017bf99
3ff8405f
bf184035
bffa40bb
4011bf34
3f82bea7
401abf10
3fee4021
40a440b4
409dbf74
40d1400a
3fc7400f
405b4018
bf624109
bf40bf05
4023bfa8
40123d9f
403940cf
40aebfe6
40da4006
3fffbe1f
3eecbf6e
3f944049
3f2bc004
c016bf67
3f97406f
beee3f78
408cbf03
bfa840bc
40bdbf58
40623feb
4010bfb4
3f45bfbc
3fd24027
3dce3f88
40404042
3ee2bdf1
3fc9bff5
3f10bfcc
40b9401d
c026becf
3f74bfc2
bfbdbfc8
bf30bf11
bff33f6d
3f873f58
403fbf46
3e6840ac
3f374088
c0103fc7
3f1cbed8
3f85bd40
4004bfb7
bfc640e0
40983fae
40104088
3d02bfd4
bfa440cf
3fa2bf01
402c3ff5
3f97bf09
40193ed3
bf4a40eb
beb540e8
3f313fda
40174059
3df6401e
4069bfda
3facc003
c0014037
40f13fbe
3f22be4a
3f594004
40ad4106
3fadbf33
c01abe89
3f9b4032
bf953fb0
3f8bc001
bf194035
40bc3d63
3ea1409b
3f1c40e4
409cc010
40b24037
40ed4042
3ffd40ad
3f373f65
40bb4096
3fb23ff1
c02cbdfb
bf1a3f90
404c40d0
bf074059
3fc93f7a
bebc403a
40273fe8
3f0040a2
400740f3
40c23f46
4088be3a
3fe8bfa1
3eba4064
401f4088
3f523fbd
bf0d4038
bf1f4003
bf9dbf8d
40b1402e
c0103f92
41073fa4
3f8f4051
407340ba
405b40a7
40dd3f3b
41093fc9
402dbfd7
3eae4051
408e4058
40843f6e
3e5d408d
3eb3bcad
3e8c40dd
bdb7c03d
bf26bf14
be864080
401b3f67
3fb9bf95
40bd4066
3e3f4030
40ff401f
be253ff3
4083409b
3f203f06
40d13fd2
bf233fb6
3f6b4027
3e5c3fd1
40484107
3f83bf43
3ffdbe25
403a3c87
3fdf40c2
409a40a5
40efbc68
3ec9bf8c
3fec4037
40754026
40a840a7
bfd04017
404e4086
3f0640b7
bf04bfc8
3ff53f93
40a63ff4
3e4a3ee1
3fc0403f
40533f6f
4080bfb2
40d1402a
40c63ed2
3fa74084
3e054092
bfa6bfd8
40713eef
410ebf69
403c4011
402bbfb4
4017c01b
409bbf16
41093fb1
3f2e4000
405e3faa
3e8a40b4
40e34032
3ff44050
40133ff9
4001408a
3f184108
c0013ff7
4060408d
402bbfb8
400a40d0
40aac016
3e564039
409dbf78
4011408d
3fe13f98
405b40bf
be583da6
40874074
3fdebe83
3dc53f5a
3f433f5f
40d73ede
c03f4026
3f3f4013
3fc64073
409d4018
408f400e
40124088
401f407b
401040e5
3ed640a8
3fd13e00
bfae4006
bf5f4046
40564095
3f3a40ba
408abe74
41014059
3fee4027
3fc2c010
3eb840d8
4012402d
40ce4012
3e1840c0
3e94bfb1
404e410a
40a73f79
befd4050
3ff1400c
bf9ebf4f
3e574058
40313f89
40754029
3da140ad
408e40a3
3f7a408c
3fd4bf43
40b0bf18
402c4046
be6b40aa
bff540fb
409c400c
4031bf6d
40183fcd
bfb8401b
403840dd
40ae402a
40e23fa3
bdc34090
40113f9f
409b40da
bf903d01
40b94042
4006bfb0
4053409b
bf83409f
bf8a3e35
40c7bf3b
bd89404b
bf76bdc7
bf1f40bb
40673eb2
40774055
3e9e4095
40363f84
40b93ea6
be583eaa
40eabfac
3f7140b8
408dbff0
3e4640b1
40f03dc1
c022408a
3e98bfeb
404d3f2e
bfec40c6
bec93f50
40263f94
3eff4096
408d3e38
3f8140d1
3f823f00
4022bf3e
bca940af
3f3ebf51
3fe64102
3ed9bce3
40abbed3
bdc740a3
4087404e
bfd2c029
bf1dbded
c012be6b
bf243fc4
3f984030
40a44103
40553ea4
402fbe88
3fd1400f
400e4014
4094403d
bfae3fc0
40ec3f8e
40053f54
bf3e3fe7
4061402f
40ab3f69
3fa7bf82
3f8b3f96
3f1fc006
bf273fbe
3f913ca4
40e74058
40004098
3fa7bedf
bf2ac012
40be3de8
41073fd0
be0a40b0
400d40c1
408b3fba
bef63fd0
bfb3be4f
40244091
3f5640e6
40aabf1b
3ff8403d
3f4b3fa8
3f0240b7
bf3640e9
404ac038
40c13fcf
41043f20
3f6fbfb3
40834047
beca409d
409f3f2d
40113f8d
3f1d4002
bf45400a
404e40aa
40e7bf6e
409c3f64
3e6f40ae
408ebf9e
402f4028
40e13f02
40cfbf4c
3fc8bffc
407fbfac
bfd240c4
c019bcc8
40debf00
becb4091
4077bfa2
3fd7c020
c018401b
bc4b4002
40283f6a
4006408c
400f40fa
3dfb3f68
bed3404a
4009be40
bf4d4050
bff740c6
40714018
bf87401f
3fcb4087
403d3fbf
40a340a9
40e5be96
3fef4021
3e7c409b
401fbf66
3f8f40ec
40b03eef
40f4406a
3fca40aa
4043400c
bf9d40a3
be99400b
40ce3fcc
3fa4401e
407dbf5d
404040a0
bfa23fd3
3eca3fb4
3f1f40a4
406a3f81
3fdb410d
40984036
3fd3401d
3ec74052
4088bf75
40b44096
3f5f4021
40dd3fbc
3fcabfd6
4000403f
404140bc
4094bf4a
bf8f3f1a
3f954087
4006405c
bf29409b
40473f05
4046be6d
bedc3ddc
402e4028
40a2bff3
402d3f8e
409f4028
3fd24091
3ea43f75
3f8b40d6
c0163f25
40a5408c
3fa1bf84
3ec43f35
4078bf37
4066bec5
40de4029
4004409d
bf674040
3f60bf55
40503fb1
40133ff8
bf4e3eb1
3fef40d9
409d4102
407a3fd7
40e9beff
4038408c
4031c020
3fb44079
bee13f80
4104401d
bf3b40a4
ba8a40e7
3fb3404c
c00a3ff2
410e4056
402cbf54
408fbf81
bea04070
40263ea3
40434004
3f623fc9
3fe33fc6
40b13ebd
bf863e7c
410b4004
3f4abfef
3fea40e5
3f9cbfd0
40c53f87
410e4004
bf6dbedf
3eb640b2
bfb4403c
c0104039
3f8f4049
3fccbfc2
bf18bfd9
401840c2
bead3eee
bdc3bf69
bec83f97
bef64065
bd303f72
403a4021
40f14044
403e408a
3e3140c9
bf2240b6
3fc04038
3f1d4006
3efe40a2
400740a2
40b540e3
3fd74033
408c3fa6
3f354056
bfa9bedb
405a409a
40da3fec
3fedbe1e
bf72bea3
bf283f20
bd28bfe1
409a3f5f
40543f09
3e923fee
3f8d409a
40ab40e6
bf363ff4
40dabf3d
bf7cbfa3
3ec740d5
bf224107
3fdabf08
41003fce
bf0e3ff7
40144038
bfef4095
407d402f
40f94088
400dbf31
bdd0409b
3fe74014
be483fd4
c0343fa5
4027bfdc
403540ce
bf5a40a1
406f3f70
40a33cae
3f2f4099
3f6c4093
beeb4108
40753f8e
40684068
40153fe0
407040da
40564109
bf873f27
40f3beaa
402d4024
bcb53eb8
bfb1c007
408a3f2b
bfa7400d
bf23bf06
bfb03e3c
3f93bf85
bf1e402e
c0034044
3f99bf9a
3f8bbdd1
40403fe1
40d63e74
3fbf402c
3fab4082
3fa34071
3f31c013
bffb3f17
c0133f1c
3f8bbf4c
3ff13f92
4045408f
3f9b3e2f
3f50404a
3f194063
be6d40b7
bff23e1a
40b0bf4c
400abd8e
be77406b
408e403b
3f664088
4009bf06
401c3d8d
bdb6bff0
3f6740d8
bfe84105
40db402b
40014043
3f51403a
bdcf40da
bfb64039
3f9a3e52
406bbf98
401cbfd1
40394001
4096410f
bfb43fca
40bfbef0
3e24406e
400d407d
3f8c3f9f
bee13d3f
40423ed9
40094024
bf454069
3f8c4004
40e03f77
40dc3f89
3d60bfa7
3e154023
bf8a4087
40413fe8
4022403d
3f664003
3fd1405d
bf6a40c5
40be3fa1
3fa4bf4b
3f8c40b7
3ff1c017
4062bfa2
40a63fbf
40fdbe14
403c4017
3f834086
3e7240c6
3f9d400f
4080401d
bf1b408e
406840ba
3fc03faf
c00a3ffb
401d405b
402cbf5b
40183f0d
404d40b0
c0053fe6
4043beea
3ff13fdb
407540a3
40acbf8d
3f01bf45
c0223f1f
bf7bbf72
40233f85
bd693fbd
40d44010
40453f49
401c3bba
3f474083
4084bc9c
40a6401a
3f973fa6
3f37be0e
4008bf13
40b5bf88
bfc63fe3
4089bf54
40163f23
403e4022
40aa3d8e
3f9b3fdd
3f923ff1
be8a405e
bf3b40eb
40414091
3f903f09
3f803dd9
402e4040
bf4a409c
40a5405c
406a4040
40683fea
3f7f40c0
bf6a402d
3f083fee
40acbedc
40d93fa8
402d3e55
4011403f
bd7a40b5
4039bf71
40ad3fe1
bdb34042
40294075
3d7940db
3f8e3e2d
40c1bf8d
40273dcc
408440df
3f904075
409a3f18
3f123feb
401b40b2
bf7940f0
40bb40e8
3f954040
410c400c
3f0340b0
beb43f69
be0140a8
40793f84
40b74077
3efc406c
406e408c
407f40f1
40c73fc1
4024bef8
3fe6409e
be8f4058
3f3440d7
40903f36
40d24064
3fe4bf64
bfa83d9c
3f013f90
408d3e39
40bfbf66
3f83406d
407340af
406cbfbc
40333f95
3f533f01
401d3bac
bfb7404d
bfbf40ad
4091402c
c01d400d
3f1c4013
3f364007
4027bf80
40914032
40e04019
bdfd4021
bfb43fcc
40754059
3f8bbf06
3ee34068
3ffa40b3
3e29bf00
3f9340f0
3f0fbf08
bfeb404a
3fbb4010
408340ef
bec03f96
40ab3fdb
409ebf0e
3f5e4020
3eb13f93
3f6c4046
bf97400d
408c401e
3fd24060
be1f4044
4025bfea
40644016
beddbfa7
3ecfbed9
bf70be03
400cbfbc
40734009
40714090
bf09bfd5
40374012
bf7c4014
40abbf2f
40fabe6d
3fa5bf37
3fd5408d
40374067
40743fa0
40633e3c
bf0f3f35
4026400f
bf1140f0
bfea3fe5
4086bed8
bd874012
40593ce4
bf2c3fa1
409a402e
40f53eda
3f9b4056
bf9b4095
3e0c4006
408e3dbb
bd2e4003
4004bed2
40584095
bf433d83
beebbeb7
40114087
401f4094
3f1d3f6f
bfce3fc1
4046bf52
40204053
3f174077
403a3f38
40864029
40a73fa8
409a400d
3fa13fd4
402e3fe3
bf813f91
bfb33fb4
3c013fd7
401d408f
bd1a40d2
4013410a
4058be0b
bfd5bfb0
3f47403a
4067bffd
409abe9d
4096401e
3fad4050
3fab4060
bfa93eda
bf7240a1
bfb63f3c
3faa3fb2
be504099
bed2bfa7
3f78c019
40983e6a
3fac3fbd
402240a0
bf273fa0
bfdb40c7
c011bf5b
407c404f
401b4000
be88bfcc
3fd340ba
c0143f83
40a93f48
3f62400f
400f4088
3f61bf9d
3fca3f3a
c030405a
3f3f3fe4
3e03407e
3f9940e5
40af3f61
4062bfb2
3fd5409f
bfa14056
400c4002
40b73f2b
40223fb8
bf113fcf
401d4000
3f3d410c
40083fb3
403ebf59
bf53bf90
3fea40b0
405840b2
3d98401c
c013be49
bd833eb9
40154045
3d8bc00c
40b1bec7
40894042
bf1d3f9a
3fc93fa9
bfef3f7e
4012bf2f
bfea4023
402a3dab
40373fc3
402f40cb
406a3e9b
409b3fc4
bd92404e
4067bfa8
bf263f9f
3ff53e97
bfd23fcb
3fac3f5c
beeac004
3fba3f89
4079bf1f
40f64089
4011bfa0
40423cdf
3fa8c033
40ebbf11
3e7d3fb0
3f19bf14
3f89c01a
be58408f
40b13f1f
be5e3e2d
3f104093
4087408e
bf9340f9
408c4025
40f23f06
3f873eaf
bf5d3f21
3e89400d
c01bbe2a
404d3f91
403b4083
400640c1
4054bfb4
3e0f4017
3fdc3f11
3f9cbef3
408cbe8b
3f9dbffa
40214037
c031bf39
3fce408a
40314056
3fce4069
40ecbf1c
40d74031
40183f9c
bf0140b4
be04beaf
bfbdbeff
40474002
3f3abfbf
3f86bfc2
409ebf5e
40cd4033
40fe403e
400b40af
4081bfa0
bfa43e2b
40ee400c
bed94041
3f323fba
3f493ff8
bfeb3f15
3d893f3e
bf883ffa
3d9c3ffa
40793da7
409240bc
40673ff4
bfaabf56
403640bf
3fa240bb
bf8bc017
bf46bd14
40ee3e0c
3ef44028
407fbf95
4001bf9d
bf914033
41023fcf
3fa93eba
3f9f3f28
406d4090
bdb03f84
408c4083
403c40a5
3ff04091
40c03f60
3e283f27
3fe43e84
4031be5c
402e40d6
409440a3
bfc83ebb
3fb33f4d
4003bf92
3dc53d87
40b240b9
40bc3f0f
40f73fd9
3fc74008
408e3f88
bf3c410e
40943f69
40dd3d81
3ec73fe0
3e5b407b
408e40e1
40ba3f46
4029bac8
402ebeb3
400c4032
3e6e3f1d
40a0403e
3f7d4001
3fb840a6
3f62c019
3f963fa1
bee7bf72
3fc44069
bf1f4002
3f954080
bd67c030
3fbe3f63
be883ffc
3fbabfb2
3fda3fa7
406a401f
40773fa4
40c1bf65
3fc340bd
4009be43
bfc7407b
40833f2d
406e405e
3f47bf9d
bf793ff3
405b410f
3fdbbf1a
410a3de0
beec4051
be903fd5
3e413ff2
4050bea9
3ff6bea6
40073da1
3eb340eb
40a5405f
40aebde0
3e863f7c
3fbf408f
408040b3
40ac4100
3f654015
40cb3f47
3edc4085
4006400d
bdd73f63
40833fd6
4004bf59
bf4940a5
40124048
be06410e
3f9e3d45
40844027
3f49bfe6
3fb040d3
bd7d4044
bfed3e26
40b84027
402f3fcd
bfbb3dda
408f4100
40993f97
4083bf9a
3f974075
3faf3f8b
405a40ca
bff7bdce
3fad3f44
4020bfc5
40694086
bfe84104
40943fbc
bf37bfac
4035bea9
408a4092
405340db
bec84039
3fc13f11
3dcabf0e
404940e3
bf1d4048
3fb0be9f
40f04083
3f164017
404f40a5
3fcc408e
be26bead
c021bf82
401ebfc9
bf8d40e2
3f93409c
40413fe7
3fc0bdc8
402740b1
3fa7bfa1
40b94110
bfaf3f84
c0264051
4019bf4d
4006407c
3e3a407f
4050bf44
40744028
be344008
3f34400f
bf2f4099
3d993fca
40d34037
3fff4020
40113ff5
404940c8
3feebf06
3ee1bf6f
3f4f401c
40683e17
404f405f
3e503fad
bfe74029
3eca408c
bed44051
40b64006
3f833ea9
bdaf3f5e
bf22409c
3f4940e2
3f914105
4008be60
3f1a400e
3fe7bf08
3fcec00b
40584087
3fae3f48
3f713f8f
be88bfae
402c40b0
3f4a3fbf
3ed7401e
3ff23f90
3c9c4046
404e4011
bfddbf18
bf683f40
41054089
3f89bfe5
beebc004
40884104
3f634028
40a8403b
4027bef5
bf9340a6
3ff2c019
3fae4025
3f214024
bf153f77
3ffd40c2
bfd1bec8
40af3f9d
4103401a
bf6fbf6f
40763d99
40b4bf50
3fd33f64
40844089
3ff33f86
3c5d40d4
bf97c026
40ad3fa4
beb6bf9e
3ed43f5d
401d4088
409b3f99
40dd403c
40c44021
40283f79
40643fda
409abf24
40d63e69
3f8b4013
3f46408f
3fcbbfe3
40884098
be453dee
4062408a
bf6f3ee6
40613f4c
406cbfa3
bee23fb9
410f3fa7
3fb53f23
404440b9
407e3fcb
40233efb
40bf3f8f
be8d404f
408040a9
beebbf85
bdce3e2a
4095bfbb
40363f91
40634098
3f4940ec
c0003de4
4004401b
4015bf02
3ef44072
4052410d
c009beee
40b83eb6
3edc3d70
40184045
400d3fb4
3ff13f09
40e53fe0
3ff93fa1
407840ee
bfed4035
be0a4007
40374012
bf654079
bf9a40c5
bffe4101
be8d3dfe
40984087
bf51bff2
4084bfa8
bfb0410c
409a3f80
3f534082
401ebea1
bf53403f
3faa4085
4099be77
407b3e72
3fdb3e44
3fcb409b
40a7c031
bf8b4003
40d34003
40173fce
3fac40cc
403ebe09
3ee43f76
3f354017
4010405f
bec63f9e
3f783fdd
3fccbf1c
3f9b3ff7
4026408b
405940d7
40b34010
40cabf64
3f5d3fd2
3f9c3eaa
406dbed7
3fef3ff5
4000be73
bebf3feb
3ed03e83
bf2a40b6
4013403b
40233eb2
41034063
bf63403a
40904088
3fff40c9
3ed3be71
4100bf92
3ff3403b
3f8b4034
3c2140a8
3fe5be8c
40f23fa8
bcd44064
3fce40e4
40234010
40c23f92
c007402a
bf3d4056
400c3e0c
404c4102
40993f82
3ff9405d
3f2440b6
be424055
408fbf07
bfa13e48
3fb63fbc
3f6040ad
405cbf10
407d409f
3f733f18
bfb03f46
40093fdf
becd40ad
403c4109
3ecb402d
4103bf4b
3fda3d0c
405bc01a
be84410f
3e95bf33
40ac4024
4023401a
401c408f
3f2a401a
bfdf3fd6
3f114084
bf45407c
403c4098
bec540e1
3f833ddb
3dc64082
3ed940a8
3f864013
40a44041
3ecc3fbe
403dbf5d
3f43bf91
40833f6b
40b04038
bf443ecb
c03abf20
402640be
40273fbe
40bd4100
40dd3e11
408d405b
403740a1
4066bffe
40b9410c
40cc4027
40ec403e
bf193f46
3f373fa3
3ddd3f97
40dfbf6f
400a3ffa
bf13bfdb
bf77bfea
3f6e4057
3f09bf57
40553fa9
400fbf02
40544078
bf1d40bf
bfbb3fa8
409e400d
40144038
3e46406e
400a3f3f
40704015
41084002
be823f7a
3ed9400e
406c404a
40c43fdc
bfc64078
3d9f3f93
4062407e
3ff14031
be9cbf1e
c013bf82
4026404e
3f9a3ec4
3f7d4086
40a5bf1f
40fb402d
4029402e
3df8bf62
3ff540ac
bf543fcf
c02abe4a
403640b3
3f9dbf1b
bf3d40cd
40603f70
40bf3fe6
3ed5400f
bf713fbf
407940f4
40e53f23
409a3f7a
3ea2405b
3e394038
40a0bcb2
409c4007
410b4011
3da23f67
3f9a3e55
3f883f9d
3eddbd32
beadbfbf
3f823fc3
bd9640e3
3fcb4084
400d3eca
40d73ffb
be183ffe
3cd5406a
bf9240a8
403b401c
3f7e3f25
40224088
400f4059
3f224024
bfde402c
3f5cbf96
3fd0be77
404d3fde
bfb94097
40893ecd
bfe1408a
3fb23f23
bf76401c
403e40a1
40d3400a
4107bd80
bf1f40ba
4062bfc5
be9e40dd
bec0bf79
4064bfab
403abf0e
404c407c
40804105
40853ed7
409cbf93
bf65bf8a
40504011
be5740de
409c3d2a
40534088
40393ff3
bf72405c
408c4088
40ae3ff1
3fda3f83
3f96bf79
40063f10
409b40ab
bf673fb7
c015be3f
3eb83f5a
bfa940a2
40b13d8e
c0044027
bf754076
3fd64096
3f09400c
40a140f5
bf8b4020
bff8becf
3fbc4098
40453f96
3f9b408a
40c2bf39
3fe93c21
3f873ffc
3e0f4079
bc15bec4
40d1bf43
bf78404a
402c408e
3fdd3e38
bfab3f88
be233f70
403f4053
3f20be89
3e36bf08
408940b2
3e8abec0
bf8a3eb1
bf50bf39
404b4086
3fde3e4f
40ba3fe1
c01d3cba
3f1240bf
4073bfe4
be82bf82
40ef4015
40614085
3f6740c0
405d40de
bfbb410a
bfbc3fcd
c0123ff6
3fc13f3f
bdb43f90
4064408a
3fc83f34
3f463e4d
3f803fde
3f294027
40a540a8
40943fcb
3faf403f
bf5c40ab
becb3f71
bf51c02f
3fee4030
c00d3ee4
3fd13fae
40654081
405d40b0
3fc44019
4083bebb
3f964059
bf68c008
40b73f49
409bbf3c
bfd04063
403a3ff2
3f3b4010
408cbfbb
4010bf72
3fb84024
bf0240a8
3f133f21
40bfbf69
bfd03fbd
40aa4021
403a405d
3fdb401e
3fda3fbf
40edbd4e
3f924010
402e3ff3
404f400d
405fbfb5
403c3f8c
40754046
4027bef9
40623fd3
404b3fb7
40cabe9c
41094087
3f9fbffa
3f113f55
40a940fc
40963da6
bf474074
40183fb5
bf9b3fc8
3f714103
40593fcc
bf9f4084
3ffd40ba
406e40a8
409e40fa
40c8bf70
c02ebf53
4036409b
bf85bf61
40363fc5
40ec3d43
3ffa406f
400ebf8d
bfa93fa9
3e793f82
4093bd18
4003bf52
3e8f4034
bf6c40b6
405c404f
bf484011
40f6bd23
bebb400d
4053bf51
40903ea4
400f4032
bf743b41
4032bdf0
40253fab
bfb84103
40d4402e
3f00bfb7
3f964081
407e4009
3f18405f
3f504030
40953d19
4016bfd0
40124089
400a40ad
40b03e86
40673f89
be8b4088
3fc040bd
4029bf44
bfe43fa4
40c9401c
be98401f
be27407b
4091408d
401e3f12
41054014
40184087
3edf3fce
3c00c002
bf54bf18
4102bdd1
be773fb1
400f3fd9
bfde4094
3ffe3fe7
4090bf96
3f07bfea
400dbf85
404240f9
bf603f98
bf953e01
3e6c3fa2
40713f90
3ffe4100
40053ea5
4084bed6
3f91bfd9
3f8f406f
bed340bc
3f91403a
be9e3fd0
401a3fed
407f40c7
409b4100
c0103fd1
4091bef2
4017404e
404740d4
4001bf41
3fe4402f
4095402a
3f703f02
3f983fea
409dbe9c
405a3f27
40cebf4f
4016402a
3f7e40e3
4058bfba
40bf402d
bfa1bf8e
bf104013
40583fe2
405f3fac
40cfbf30
40e53e2e
402a3f8a
3f1e4091
be0c410d
405e3ff4
409e401d
bf493fa9
3f6d405b
406d404e
405cbf69
40334011
3f063f51
4011401a
40bfbfe7
407fbf0f
40063e98
3f72bfcc
4010be7f
4021409f
40a34000
409e4061
bf5740a6
bfb33f68
bff5410f
40c83f85
3f8abf72
40193ff1
405b40e2
bfd04011
c01c4005
3e90bf30
3fd64086
3e453ed4
40acc026
406a4035
3e244002
3f7d4086
40283f4e
3fe74108
40ae3fa3
40874040
3f96401f
3f2b3f42
3e6340c4
3d973f43
c030bf9e
3f0bbec5
3efd4051
4083410b
40a63f66
403f3fbb
be3a4010
3f003f50
3f184103
bf183f14
40564004
4040bf0f
bd9040a5
bfc1402e
402ebe5c
4069400e
3ee740bf
406c3eaa
40a23f67
40c33ff4
bfbfbf82
bf4140b6
3eacbfd4
bf8d40d7
40383e9a
40c03fb8
3e6f40af
4063bf1d
409ebf0b
40b63fb2
40e34084
3f0c4093
bf9abf4e
408140e3
40eebf69
41073f40
400c40b6
40434079
3fa640ba
408a3fe2
bfa63e92
bf2e4072
3f473fd4
408640d9
40a13f71
41004084
4007bfc3
bf703d6c
bf0a40cc
40363fb5
40aabe49
401bbf4a
407d40be
40b14065
3fbebf31
bf44400c
403a4067
3f46403a
3f364093
40a6403f
3fa14082
3f62400a
3f9a3ed5
407bbfbd
3fb7401f
3ea0bf32
3f523fe1
bfa3bff2
400ac03e
40a8400e
40863fdb
3f8b408b
40164066
4061bf31
40723f4c
bfb93e4b
3fe0bf08
3f643f4b
3f733fee
40e3be48
bfb03fd4
3eae4064
406640c6
40643f8b
bf7b3f31
40a64064
403f3f2d
bdc640d9
4003bfcf
40273fa5
40c83ff4
403f402d
40623ead
40b440c6
40d93f29
3fd5400d
4007404e
3ff1409b
4089c006
40443fc0
4052bea6
3e32409b
bf2fbed4
3fe4bedd
3f81bf73
bfba3ebf
bf44bf41
bf54403a
4099bfe2
be8d3f9b
40413fef
be394048
407a40ed
bf824096
3f653f49
3d9c3ab5
3fab3f31
bfbfbf82
4089c02e
403e3f9f
40e7404f
402b4025
beae40eb
40a240d5
40103fe2
40d5400e
befa3fae
3ffa3fb5
404e4102
4056bf09
4089bea9
40143e2f
bf08402a
40b8c034
c020401a
4105405d
3ff03f0c
402bbfce
3fde3ef5
40a14015
409f3de7
bd45bfe6
3fc7becd
3fd7409c
40a0beb2
40b0bf21
3fc44051
401a40cf
be504108
40c13e9f
3fb7406a
40184092
bfa0bfa5
40af3f2c
3fc7bee7
40f44081
3f8e4086
bf8cbff8
3fb540db
bfe9bf68
c013bef1
3f31bfbf
401740da
406c3fe8
404b4015
407cbf96
3dedbfda
40323fc5
407fc020
bf603e9a
40754006
3fdd4061
bf79bff0
40864095
4073bf35
3f2d401a
bf484053
bf344023
be9740f1
40a34009
3f7d3ed9
bf37bf81
bf5ac002
3fd0410f
40b83eb8
3fb44033
40083faf
3f053fd5
bf424008
bee53f7c
40bb3f7a
3f9c40b9
40534042
3f08410f
40debee8
41064002
bf7a4001
4029bfdd
beac4100
4048401e
bff93fc6
401f3fbe
3e2dbeb4
40904052
40a13fb4
405dbfa1
bc923e52
3fc9401b
40a3408a
40b5bd27
40f2beea
be1a40c0
400e40b7
3f68bf53
3fc13e64
40bfbd97
3faa4084
3eb240e3
400440fb
3f0bbf3e
40b8406c
3f9f406c
402e408f
beed405a
40a83d97
403d3efe
403c4084
402640b1
3f214093
40b83f44
40633fb3
bd544077
3f9840a3
404c403c
40154039
41054063
bed140ba
408dbf1c
3c85be4f
402f3eb4
40873fb2
3ee73f2a
3f75bf35
409ec028
40b7bf6e
41053e91
3db94084
40874097
40744015
bf71403e
408bbe43
3e0fbef2
3f3d3fac
40204096
40b03f1b
40804080
3f1f4006
bf20c012
bfcd3fe6
400d3fbd
40d04078
402f40be
4041c00d
400840f4
40484034
bf30401a
3ee0bfd5
407c3f83
4011bd42
406d401b
3f504054
3ee0408f
bfc03f8a
406040db
bf2bbd38
bfc73f8c
bf72bf1a
3f7140e5
bfe7be3d
bebc3f5f
4004bfa6
bc2cbfcd
40843f8a
404fbf02
3f524027
40e84033
4030bfd3
3fd34099
40594110
40b44020
41103ebd
40344086
3fbf4035
3f0a40cf
4083bf39
40573fca
bec74017
409040ad
3fe8c007
4075402a
40274087
3f81408f
3fcc3ff6
3e1dbf63
40504037
3fa53fdf
bed740bb
bfb1405c
404c40b3
40d23fb8
c012402f
3ed84043
bf544094
4014401f
4098bd4a
3cc3405f
403d4024
bf194006
407a410c
c00a3f57
bde5403a
3fda4050
3fc940bd
40bcc02f
3fd14037
4092bf95
3fe5406a
40564046
402340d6
4069400d
bf84bfb3
403fbf5a
3e8a40c0
405a40dd
402f3e28
bf92bf98
3feb4077
406d40e0
403b3feb
bf513fe8
3f803fca
4002becf
406440a2
401540b1
c015401c
bfcdbe7e
401fbfda
3f5d40b0
4016408b
3f954010
40a54023
3d7f40a7
bf97bfbb
40ac408e
bf214000
40f63f5d
3ec440b6
3f823e87
bfca40af
40b5bdf3
40814059
3f15407a
404840e1
4053bf77
bee23ff3
403a4063
3f18bf73
40714006
3fd13f96
3f5abeb5
40d53f6a
bf694066
40813f5e
401b40ba
c01c400a
40bb4044
3fefbee4
be343e44
3e274013
bfbdbf6f
40d03fd4
be5bbf06
3db640bc
3f8c40c1
bff2400a
40a5405f
40254059
4046bcfb
4053c015
40973f97
bff73f73
3e8640b0
4048408a
4080bdba
40833fc1
41044038
3fbb405b
403bbd1c
be3f401e
bf834019
40f6bf2d
40053dff
3f4bc00d
4062bfa6
40603f80
3e983f79
401a409a
406abecf
40a14102
40733f62
40b13ea6
3fd44002
bfa9403d
3f8f40d2
406d3f7f
c0234019
401940b0
403840eb
3f984105
40664007
410b3fae
3e213f42
407abf63
407a40b0
4082bd8f
3e8fbebd
bed24095
400c408c
bfae407a
4088bf1e
40cc408e
3f023fc9
4045c006
409d3fcf
40754007
3fbc4084
40133fae
bda4402f
4037c010
40b03ffa
4103408c
3f32befe
40104096
bf303f91
3ed2bda5
401bbfa7
bd154035
3f634085
3f5a4107
3fc6beaf
4086408f
3d9b3faa
3f4540a0
40564084
40d53fc6
bf323ff3
bf63bf41
4066c012
403c4061
c0163ec9
400c4075
3fc3bfdf
406640cd
3f48407f
40d03ffb
3f0a3fdd
402f3fa9
bf483fd7
4012c035
bf0c3fdd
3cf5be72
bf6dbea1
408740ec
40ae403a
3d564006
40f93e95
4038bf51
bedc40ef
409e40ad
4020be07
404f3f6d
3e644003
3ff6401c
bfb540e5
40a03e21
40814019
ba22bedf
be9a4032
4012beda
40933fc6
c0383fe4
3ebabfd3
406940c3
bf91402a
408bbee9
3f54403e
be2c4074
4027408f
bf314080
4078bf0c
40bc3fe9
401d3f9d
4010bfb9
3f334110
bf88bf60
40cc4052
bf04bfb4
40703fcd
407c40ed
c0123f82
4046401b
3fd54042
40414062
40563c88
40b73fd9
3fe9400f
40404092
3fda409d
408a4000
40b64015
40bb3ff8
3f24400c
405440e5
408d3fdf
404d3f8c
bc08bf21
3f473cfd
3fab40c1
40684081
40bb3ec7
3eebbf93
3f47400e
bf78bf47
406e3f37
3f913f91
3f30406b
bf2c3ee1
3f613f1a
be094096
bf95bf47
bde9be10
3db040b3
4082404a
4030bfbc
40debf17
bf433dd4
3f5b3fbc
3f9a3e8d
bfe440aa
40b7bf1a
40873ef4
bee3bc07
bf95404c
bf224000
3fef3f38
40cbbf94
40224055
beaa4080
402a4072
409a4013
408bbe79
40053fe4
bdcd3f13
40753fe6
4034bf3c
409f3eb4
be8bbfd6
40174038
bc87408c
408ebe9f
40f33fe7
be6fbf27
bfbcc010
4096404e
40523fae
c021bef7
4010bfb5
400c4050
40b040ef
40723f67
4041be2a
3fbc40a7
3ece4055
4044400a
4012bf21
bf9e4042
3f6abf59
bf154008
3f7c40d3
be203ebf
40b5bf67
4028408c
3eee40dc
bebd4074
402ebf61
c03b3f7f
3f8c3feb
40423feb
be5a4109
40bc3f3a
bfc04052
bf6e4081
bf3d403c
3faf401e
3fd53fb1
410a404f
400e3e38
403940ec
409e4031
3fa43f84
401f4009
4023bfce
40594057
40b3bfc0
3e86bdcb
c0073ecc
400b3fb7
3fae4085
40a34102
406a3f55
40f3406e
4025bfdb
405a3f6f
40304044
40323f69
3d584089
4022be88
3ff14050
4072bf4a
40073e90
40be4019
4022bee8
406f40cb
3f6dbff1
bfb73efc
3f403f34
bed3bf58
3fd940c6
bff740c7
407d3f79
40174016
be7c4087
406940e4
3fc0bea4
3fd7becc
400f401e
3fd5bf3a
404b40da
4027c00c
40623e03
40e84001
bf763fbc
be923e5d
4045bfe0
bf5d3d91
40844086
3fc84031
403540dd
bfafc03c
40a73d50
40824076
3ee43de0
3dc63fdd
40373f64
3e644027
3edf3fca
400c409e
4081bfa5
3fdabf96
3f03bf25
41034000
3fcb3f95
3d0d3fd8
bfdd40fc
4088bf73
40403eac
402a404a
402640db
40b040c7
bfc0401e
40d6bf51
3d5c3f7f
3db040d4
405240cc
40b34010
4049bf28
bf28406c
3e8a40c2
bf00bff5
be143f82
3ffa4061
3ec940ad
3f0b3f51
3f5ec013
40ef3ffe
408a402d
3de840ac
40603fb6
409c40be
40babf41
410c404a
3fe7409c
4014bf67
bf954008
40b44005
408d401a
401fbfc2
be7840a7
3ed23f1f
3fe3bcbe
38b94037
3fba3f77
402f40e3
bfdc4049
be7abde3
40f1408f
400c4035
3fb340ca
409b400d
3eb74004
40953fa4
3f113fef
400240e6
be44407a
3e43bcad
bc8c408c
4032405d
400d40eb
bffc4090
c0114021
3fb5bf19
3fdfbdab
3eff40b7
408a40bf
40a3bf17
40334003
3e294013
3e8ebf48
bfa03f70
402a3fbe
40b43fab
3f954007
4022bf4d
be5240d9
40023f26
40a73fc1
40133f26
4080bfeb
be403f05
3ffd3ff9
40213e9e
bf693f2e
bf9a4093
407e40a0
40af3f8e
40fa4050
40303feb
4043bebc
3fd3c033
bf9f3fc8
bfcf3ff3
bda23f91
3f45bfa6
3f1540ba
3f6a3fd8
bfcabf98
bea64023
bfbbc00f
408040a8
40d34024
404a3fb1
3ffb409b
40903fc2
409f4086
40c63f35
c023bfac
bdc04091
3fa53bf4
3f9140fd
c017403b
bfa1be40
400a3f81
3f9f4035
40bbbfb7
40c1bf42
40743f0e
3fc7406d
be4b40cd
40a8c01c
40e73fd2
40e23e5f
3e64bd9c
4084c01f
bfbdbfb5
403abe56
4005bf9e
4034bfca
40484045
407f401c
3f0e3d13
40febfbe
3fa7bf28
4077406d
409d40ce
40ddbefb
c020404c
3fb23f83
4058c00f
406e40f1
3f323fdf
3fc33ec3
400fbebf
407f3f9f
3ed9bf7a
40983fc5
40a1408a
40313f17
407440d6
bfcdbfe8
3f43402d
40a54080
3e8d3fb9
bfb34085
40ac4097
4081bd88
40a63fe7
3fa9bf23
bf1dbffd
bf4b40e3
40154003
40ac4071
3f9abd9b
401240df
3f66c031
40b7403b
3f3b4084
3fdd40bb
3fc94003
4002bfd2
3fac3faf
41034042
40204039
400540cc
3f5c3f78
40d5bf2b
406e407f
3dffbfc1
3f623f55
40193f41
404b3f5c
402ebf9e
be32bfc9
404f3f09
409140eb
3fd33f2a
40743d11
bf7a3fb3
3fc4409b
408fbf9c
40edbef6
bff13fc9
3f373daa
3fd1bf50
405940b2
40574009
40944035
3f7b407a
40284058
40ad40fa
40584000
40e53f53
3f9dbffc
bfa73ff9
404c3fbb
40373f45
3f1c3fd1
3f2dbf35
407b4011
3eb040a0
3f8b4036
bf0f3f33
3f43405b
bed84029
bf9bbff3
c019401a
3eea3fe9
40374091
3f033e69
3ff24096
4098bf32
40844035
3ffc3e1b
3e864097
3f1c40f8
3fb6401e
40e74045
bf48be64
3f4c40e0
407e40fa
407c3ef2
41053fbe
400ebfa5
bf363fb7
4067c038
3f9d3f91
406fbf68
3f863f1d
406ebfd7
405a4103
3f243fdf
41053e45
402a402a
4053403f
be39be8a
bf814016
3f994002
3f18bfad
3ff540cf
40b34023
3f6fbdb7
403c403c
3f4bbe88
404d3e60
40b3bebb
40dd401d
bfee407d
40234066
bfbc4050
404940a7
c01d3fd2
bedb408a
3efebfe4
bfbc3f65
4050403f
bf50402e
406f3e6f
bef540a7
403fc000
408c3ec5
4094bf33
bfcf4062
40234003
4080401a
bfd8401d
3f943fd8
40ad3f81
bea8408d
bfb74056
402abfbf
407f3f06
3e304025
3f033f86
bf8b3fec
bf2140e1
40ebbf1a
4100bdca
be16405a
3f2540da
bfec409d
bf5f402a
3fd4bec3
be6e40b2
bf014062
bf4440bc
4057be05
c0304008
3ed8bf25
408540ba
406b409e
4000bf1c
3f593f93
3f81400d
4070bfac
3f4340fd
3fd73ed7
3f993fe2
402f3fa0
408f40ea
401fbf6e
3f974002
bfae3fdf
3e2b408e
3edb3ff5
3f3a410f
404a4031
40af4083
4014bff8
403a40e3
bf8840fa
4092bf11
c01d405c
3f6a4081
3f5c4084
3e5a4065
40d2bf6b
41073fbd
3d323f8b
3f80408f
bfc2408c
406a3f34
beac4086
403a3f8a
3f69bea7
3f29409a
40df4009
40c33f80
4032bed9
3fde4013
40aa40b8
bfe8bf44
bfe63e9a
3ffd3f08
4070403e
408f3f8f
3f65400d
40b74035
3e844019
3f93bfb4
40a4c006
4024bf6e
bed24068
3ff540b7
40884067
40024086
3f3ebf1a
3f96beb7
bf554089
bf463e04
bf183f29
40964037
40f63fb0
3fac4015
bfba3f1d
3fbec00f
40973f23
bf9d4022
40123fa4
bfbf3c94
40babff7
40d3bee3
40f33efa
401fbfcd
3f803fa3
3ec83f70
40ad4035
40d7bf59
4006bf1c
bf13407e
bfea40e9
bf81bf05
3ff74000
3f4140a7
3e5d4095
3f93c018
4078bf48
c030bcd9
40084090
404cbe44
409f4080
40d44007
c0303f62
3e0f40ae
be99409e
bf2640ba
bfdb3fce
40ee3fc7
3f9d3f85
bfb140d8
bfaa4031
40be3d3e
40ac3fc4
bf6dbf77
bfaebef5
3f2c4074
403cbf7b
4037bf32
3f8d4099
3ff8c00f
402cbefa
409abe93
410a3fe9
3fa5408b
404d40a5
3e8d40c5
40b03ffc
40cfbe42
400f40b0
403040a4
3fe14044
bf8f3e80
c03e4068
3ed3bf2b
3f963fd6
4079409b
bdd74008
3fac4061
bf174049
40463eef
40ae40dc
bfe63f61
4032407b
3fee3ffb
3ec93f81
406b407c
c00e4025
40af4058
3f4d4005
3f1040cc
3fb140e3
403a4030
4109bf21
3fd840ae
bf5e40bf
407540fa
40a84031
bee0bf6e
bf6ebfd7
bf94bf75
3efc40b6
3d8a3fab
c03bbe93
be404086
40804016
bf5940b6
3fb73fcc
41073f6d
40263f4b
407d3f80
bf9fbfd6
3ff23f3d
40354020
403c3f8e
40573fcf
40693f80
bfc03f65
4027bfa5
40134059
408c40b7
bf224084
40ab3dd6
bfce3fef
3ff83f15
4032c01e
40b04084
be453fd6
bfbcbdb2
be35bf18
3fe54062
3fe240ea
40553f9d
40133f5a
402b405e
403dbf4c
3f5a4093
be7cbbad
41063f66
be154053
bf9e408e
bfb640dd
4074beb3
4094bfb1
bf793fab
beed3fb7
4009bf08
3f973fac
c03cbfa6
3fe63ecc
4064402f
405b4104
bfee3fe4
40c6405e
3ec84008
bf8dbf13
407dbf37
3fbd400a
3ec2bfa1
403f40a4
3fa240d6
406d409c
3f8d3e50
bfb7bf0d
bf333ec8
407840c8
3fcabe87
bec6401f
40834072
400a3fb3
407f40b0
bcd94109
bf40bd84
c0194089
3f373fff
bef64076
bfc94003
40e3403c
bebfbf5b
bf4d3efd
bd3abff4
3fa0bf47
bfc6be58
40853fe4
bec93e63
401340a1
406140b0
40b83ffe
4103bf9b
bf7e409b
408140b5
3ef23f72
3fbb3f1b
c00e3e22
bea5be85
4086be70
404a4107
3f7a3ff9
c021bf9b
3fdb4028
3f4b408f
bf3ac00e
3fee3fb3
40974001
bd87bfae
bd8ebfa3
bfeb40be
3f3837bc
4090be9c
3fb43ffd
bf744032
3fa8c014
40e23f70
4019bf98
4039405e
be054000
3fc740d1
40843ff5
bf53408d
400b40b9
bf8740e1
40ab408c
40924016
40924071
3f5940b7
3fd7bf8b
3eb440da
40e83fe3
40c03e3a
3f12be78
4067bff0
bf384088
bf86bf07
40b74080
3fc440b8
bd9d3ff9
3dfe3f9d
c0103f7e
409b406e
bec540a1
3f603fed
3f0a3f11
3f233faa
bcfd3ffa
be81407f
4087bfd4
3f4740bf
40ca403f
3efb3e79
bf20bf1d
bfbd4097
bf89bf9b
bf434018
bf94405a
bf3b408b
bfbdc019
bfed40ed
bed7bf56
bfecbfad
3d7abf89
408f405c
40a9408e
40213fc1
402d3fd5
bef940a3
3fd640a8
403c40d9
3fc13eaa
403c3f8c
3f8e4059
408b404d
bfe8401c
40b03fc9
bf893fbc
3f833f7d
408840ba
3fd03fbb
40b6beff
4103bf94
40323f99
3f9d4023
403cbfab
402a4021
402abefa
3fa54006
3f8a40d1
40803dbd
40063f6a
bf094035
3f02409d
405bc01c
4037405a
40533ef0
3ca7406f
3fa2405e
405740a3
402c40f6
3f0a3f6b
40253fc2
be264026
3f503f15
3f8fbe90
40de3ffb
40c84009
3f25409b
3dba3f56
40b8c01b
404d3f45
40fe3f9c
3f214040
406e3fd9
404ebfdb
40b94039
bfdabfad
3f72409f
402640d2
40b14107
bf134004
bff1bf59
bf11403e
4081c00f
407f4091
40e03fce
40944059
bf453cc2
3f754072
3fa440f6
3f6f3eac
3fa8405d
3f514049
40483e09
4076408e
be5e3fd5
40a2405b
3e933f9f
3ffb402e
409540f9
40e33fbf
4079bef6
3f663e96
408bbfad
3d55405b
40a03cb6
40b5403a
bbee4022
40833f6b
40504077
40d23ff5
40b54074
bed83fee
400c3f2d
40b7bd0e
40c33fca
4107403d
bf60401a
406a4095
409840e6
3e19bf21
4050406f
3e383e3b
3e37bfe3
4088bf93
40eb4029
bf9dbf00
3fdd3e99
3f1d4065
40b140b5
40d63fb0
404c401b
402c3e9a
3ee640e7
40204100
bf19bf2d
be714003
bf104014
40144090
408b4067
3eb93f72
be294070
400440a7
402b3e94
bfd2bf27
408b3f6e
40703eab
4018bfdb
40623fac
bf42408d
bf573edc
410abf49
3f81407a
3f864045
bf90402d
40bf4004
bff3403b
3f8abfab
bf9b4042
403f40a2
3f273f97
41084003
3e9540b8
40313f6f
40bd409a
40cc3fbf
406c3e67
be8d3fa4
403e3f2b
bfb9408c
40d93fb2
40964090
3fe8bff4
40484089
4020bf3a
401c403f
c01b4044
be9e407b
bea34088
40543e3f
bf473f59
3eda406c
be01bfe9
404240c2
be9840fa
40ef3fd8
3ec4406e
be204012
406dbf99
bfe6bd22
3fb13fba
c03c4007
40314027
bf534082
40b440c5
c016bf3f
4038bf99
3f3d400d
bf8540ef
bf424096
40eb402a
40973f69
beab3f02
4005bfc4
3fc54108
3ffb3fe2
40ac3f19
3eb13ff3
4031c005
bfa8bfd2
40913ec4
410c4021
402ebfea
408c4009
3fb240cd
40b84034
40334003
3fdc408f
3ff7bfdf
409740a6
4090403c
3b684016
403d4056
bf6f4086
3fc6402c
3f1b3ff6
40b6401b
bf624092
3fa4bfc5
be5dc018
40e13ffb
41053f24
3f834011
3e1840d4
40984085
40933e72
40ba3d2f
bc693fbf
401bbf89
4098bfe6
40864012
40da4045
3f873fec
3f004096
402140dc
40543f60
4072bf23
3e94be99
4069c010
40673f54
40414021
c01f405e
402f3eff
40444022
3fadbf64
be74be7a
403b3f66
bf524086
3e254048
bffcc004
4034bf15
bf43be9c
3c34407a
bf04c005
be8b3f60
408f3fe7
bef2406e
be2abf44
40034073
40ab4084
40ea3e7a
c027408d
40213e8e
bf50bf36
4007409d
3e824036
4083be08
40344091
406d40d9
bff84060
40c73eba
40e8be9c
bec64003
be8fbfca
bf31bfcf
bfedbd97
41023f30
3f43bf2b
bf88407c
bf154103
40673d90
40ae3e8e
3f9a402f
4000bfb3
40473fa0
4044bf2b
40ed3fb4
3ee24086
4027401e
40894107
40de3f98
c0234090
bedebf27
40674050
40abbf01
40273f18
3f68403d
4015bfad
3f0740bf
3eac3ffc
3f8c402d
c0224078
3fc1bf76
bf9f406e
4077bece
3fb7bf7e
410bbc38
401d400b
3cf04054
3fec40d1
c003bf15
4092bee0
3f93bf82
3f754054
402440ab
40d63f9a
bf6c4087
3e74bf8d
401c40a6
3dc0bda4
40aa3e30
40e93fe1
3d283f06
3fa740ab
3ed3405e
40684027
40d3408b
3fad403f
40144091
4039409a
40983fd1
400a407e
4028bfda
403840c7
bf943fa8
40974001
40d4402f
3f534091
406b4011
bfe2bef3
40423f14
40d24003
402e40b2
3f9040c4
3f163fa3
bf9b3f0b
4089bd7d
3d133f4b
bf2d3f70
40533f80
40ac3fdd
bf1d3fd3
3e4d40a1
3fd0bfd6
4028bd12
401c4028
bf173fcd
bed14059
bf974095
4086bf97
40b53ed2
410a4067
3fbf4006
406a40e4
beca409d
bef43e93
4107bf92
bf3a4087
4063400c
40303f6c
bfea3ee8
40fd3f88
3f904099
be2f40ed
3fe34109
40ea4017
410a4049
403a408d
3c6c40c1
408bbff1
40cdbe55
3f1e3ea5
3e53408c
bf3c3faf
40904051
408f400b
401b4045
40114050
3fee4080
4064c03f
be403fc6
3cd13f34
3f93401e
bd033ff5
3ee140a8
403dbf3d
401abe9f
3ff3bff0
3f6f40e2
40734024
bf82bf47
c02e3f03
4035405f
be874064
407940fc
3e753f47
3f853f97
3fd43ff9
40633d7c
bf323fa3
bfa2400b
40d3408a
beda4058
bf8e4058
4082c006
405b4013
40ff408f
3fbe3fd2
bef14015
3fcf400e
bfa9bf0b
3e623f96
4038bf83
3f9ac003
40094033
be864030
40963d60
3f8b3fc6
4072bfae
bfcf410f
bfad3f12
40384013
3ffc40ab
bea0bfe4
40aa402b
3f86402a
40aebfad
3f95bf0c
be474079
40213f46
3fe43f8e
40cd3fc0
3f0540af
3f9b40a1
beecbf54
3ffc3f38
40dd3eab
3f0e40c0
3fdf3f93
40a1bee8
3f28bf08
c0034006
3fd740bd
bf2b4004
bf2d40d0
3fe83ea2
4098408b
3ebd4062
3f68404d
3f99409e
40dcbf4b
405d3fec
3e9b40bc
bfaf40a6
be3640b5
40c5bf40
4107bf24
40154020
bfa84023
40b440cf
4069be07
c02e3eb4
40164010
3fb34098
40bbbfbd
3fa63f40
3f39bfa2
3f5640aa
bf93c019
3eda3db5
bfc13f67
c01d4007
3fb53f02
40173f3a
40b1c018
408c3f2f
40a04008
3eb5bf25
408fbfd4
406640b7
40a03f04
4010bfb9
3fc83e91
beb74095
3efac03b
40a9403d
40d3bef2
3fe23ed9
bec040d5
3f8dc023
3fb6be69
40cdbf28
3d6f40b3
3fe24060
3efe3f83
3fc53faa
41014039
402e40b4
bfa9c005
408940f7
3ff94019
40424089
3fee40c0
400a4053
406140c4
40184017
40df3f31
40264094
3f18406a
409ebd0b
4058bd33
401c4085
3f8abfe1
3e473ff9
404fbfb4
406ebd70
3f153fda
4014be51
3ffc402f
bffb40df
3ef03e9b
4009408a
bdb03fd7
3fabbf6f
bedc4005
bfdcbe56
40d94083
3fe3401b
3fe340a1
3fce409a
bfdcbf7e
bf4e4088
401dbfef
400d40e6
40383e1b
3f813f75
410e408b
bf1cbf5a
bf1abd93
3fe840d7
be133f5b
bf1d3fbe
400bbf9a
3e254076
4083bda6
401b401a
40443f2d
3fe44014
4065bfd5
409a402c
4006bed1
40dc3fe7
40373f9f
bf8e406c
4098406f
4032bf2e
4091be57
3f4340ac
406b4052
bf75c00f
3f35becd
409e3ef8
402b4068
4018bffe
bfb040e6
c01c3f91
404a3feb
400f4028
3f60bfb1
40b74000
40bb403b
410bbf0d
40004060
3fff3fb2
40094103
3fc13f98
4102be85
bc0a409d
3e9640e7
404840f0
40963f90
409abdd1
3ff6bf6f
4030400c
400f4094
40af3e56
40cd408b
3f874092
408f3e29
4089bffe
4001be2e
3fdabed0
bea13e91
4042403d
3fa040f9
40d0be97
40f23f08
bf654085
be9c40cc
4086408d
40ab3fab
4002bf93
3f8e40b6
bf7c3fda
3df83fe4
3f59401a
bc60405e
bf0c4051
402bbe95
401cbfd0
bfa13fff
407abf47
3f8a40be
bf9b40a7
beba40df
bffa4020
40f5bf22
4012bfa7
3f663f88
bf0c4033
40df4007
40ca405f
3fb6409e
bea040c5
4069be81
40193f67
402d4037
bf603ff3
40244089
406940d1
40313fe7
bffc4056
be55403d
bf23bf04
40703fe3
c01a3fae
c0134086
be9f4084
404dbfaa
3f28bfa4
3f393fa0
409d4085
4035be22
40454061
bfca3e7c
40803f6d
40ef4007
400ebfb3
3fa740cf
3fa940fa
3e26be3e
408c3fca
3feb40ae
405e40cb
4076bff7
408bbe35
bfa34072
403a4052
bf93bfda
3fc94101
408e3fcc
3fd0bf15
3fc04092
bebe3fd9
407f4103
40afbdc5
40d34038
3f063faf
be83405f
40a2bfda
403d3f5a
3fff4003
bf764092
408540d1
3fd1beaf
40834039
40d94048
401abfde
408e40b4
bfb5bfcc
bdf93e89
4059beb6
40163fbd
4028401e
3fddbeff
bfa54004
bfb9bf92
400540a5
bd0e40eb
bfe340d6
40993fc2
40183f87
4005408b
3fcc3f5e
3f614102
3f254016
c0274033
be963f6f
bfa040e6
403e40e8
be373f93
bf9abfad
3de74055
bf383f97
409e3ff6
40e13ef4
3f55bfb2
3e3fbf88
bfb4c00e
409c40ae
40b1be13
406e3fb1
3ee93e5f
3fbd4022
40334075
40c93fda
401c3f71
4017403a
408f40bf
bfcec037
40ab3fb2
be39bf79
bef63f28
40043fe3
bffe3f03
3f993f84
409dbe39
bea23f86
3fbebf93
40823fde
404cbeff
40f53fd5
3fd44085
bfa2400a
40183f70
bf89be6b
3fdebf87
402f4022
bf6d400d
4028c00a
c01abf03
3f3a4041
3f92bfb7
3ff1bfe8
4087bf13
404d403a
410a4055
3ec240a4
402f3fb4
405b4106
3faf401c
be98bf55
400a409c
bf90bfc0
400740cf
3f0f3f25
be82402b
3e92bf8d
40214089
bff7c01e
3e6f3fa2
40733fb1
be924099
3fd9c009
bfa04040
40254018
c0133f7d
3eef403b
3fc5c017
40bd4034
40b5bf50
bfa03f85
be4440a9
bfbc4000
bff83fcd
3f8c3ec6
bf59401a
3f86bf97
be6fbf46
40854060
40ccbe1b
3f314000
4009bf88
bf8abe93
beb240a4
405d401c
bfac3fda
3fe44062
3fa53fe5
bef84056
3fef3fa9
40cf3f92
bf2a4021
40813f5d
bece408a
40923fda
be5dbf33
4011bf9d
bf2b4060
3f5ec027
40e14035
410a408a
3f0d4057
40303e2d
409a407a
c01d3e9f
401a3f74
3f2ebf8a
40484088
407240da
be8b3fd0
bc3e404c
4003406a
408abf45
bf5840bf
40c4be81
40e84053
bf41408e
3f32406a
3cfdbf96
407e3fe9
bacf3ff5
bf494083
40894085
3fd84103
beb73eb1
bf974089
401b4025
3f0740aa
40b53f67
403cbed5
c01c4010
bf073f8f
bf414095
3f66bf53
bff83cb6
409b4008
40324056
3c6cc002
40b03f7a
40913f24
40d13fb6
402b4087
405dbfcc
40a33fd3
c01f403e
40ff3fa4
4010bf8b
407e3ecc
bfb7c008
3dd83f1a
40bfbfa4
3fe34067
402d4096
be123f0c
40373ef6
c02cbf3e
bf3f3f8c
4087402f
4092bfbf
40933e27
3f85bfa5
3f07bee7
40474006
bf724095
400b3f55
40c83fac
3f3c4029
4018c016
3f103ea9
406c3f98
40353fe8
3f9ebeaa
406840e7
bffb4022
407c3ec6
c02d3f0a
3f8b402f
3ea440ef
be6dc01a
3f853f56
bf853fd0
3e633fca
406840dd
bf73c031
40da3c9d
410a4089
3f8c3fc0
bed34084
3f6d40c7
40d13f3d
40e63f89
403cbff8
bfb140bb
407bbee3
40334039
40af3f14
3f844070
3f97c013
bf92bf3d
bff13f75
40a24022
3f94bfce
403cc012
3f0f405b
3e9b400a
beeb401c
bf4e40b6
405e3ecd
bf6e40f9
3edebea1
40d8407f
beacbf88
400440de
404240a3
bf383f9f
3fcbbf89
3f374062
bf8940b7
40af40f6
bf683f35
4093bf46
3e8f3d85
3fc340ce
401b40f8
bf314001
41024067
402c4012
3f8c4089
40bb40b6
40a8bf62
4107bf53
3e8140a8
4056bfb4
bfb13ffc
400f402f
40eabf88
3f884048
3fbb408c
3fb6c01f
3f5f3fa3
bfb34036
3f51be62
40493fd9
bfca40e8
bf75bf25
bfdd4083
bf404093
be7a40ca
3fe340b6
40e23fc7
40834015
3d2fbf82
3fbd400d
bfb9bffa
bebebdc6
410b3fbb
3daa4088
be21c016
40bcbfa2
40c74035
4106bf25
3fde3ef7
40473f0d
408940fe
40a3be68
c0393f9a
3f8d4082
4088becf
40b3410e
3f033ef9
bf974064
3e6abe99
401d40c5
4069bfae
40ce4037
40a13fbd
bf193f87
bf2b4096
401d4037
3fcf403c
408d4056
4000bfd6
bf864028
3f87bf96
bfd83f3d
40393f4f
bf51402a
401c4029
404f4094
40c0bf42
c01b4043
401d4097
bf8c4049
409640d7
bdde3f22
bfcdbedd
3e3e4087
3f0b409b
40b64003
40d93f94
c0344015
401dbe72
40214002
4069c01f
406b3fd4
3d2c4046
3f8840ba
4087bf9b
40b84029
c005bdf5
40a3bf24
3fb13e44
3ff5bfe8
404c40de
40e3403d
4092407f
40233f1d
3f9540c0
4045410a
40073ee8
3f7abbdd
befb400d
3e8140d2
3d7a40c6
40633e4c
4071400e
3dea406a
4056407f
403ebfc5
40be3e98
40614062
4002bfde
3fa040a4
bf7abf99
bfd7bf31
40964042
3fcf40a8
3f59402c
402940b0
c00b3fac
bf87402e
bf7cbef3
409040d2
bfc6bf92
40c1403a
400c407d
4024beeb
3facc008
3f0d40d0
3f83403d
40ebbf3b
3f31400b
3f2440a6
bfb54034
3ff13fd2
3f983e3e
3fa84068
4085c01f
405d3f43
be6b403b
3e95bed5
3ed63ed6
3f07400d
3f804105
4081bf13
40ea4084
bf0440b0
4088bf3a
409d40e4
40a0402b
40324088
3f6b3fcc
40703fb1
4082bf4a
40063f82
40994069
bf2d404b
bfb240f0
405cbf07
40dc3ff8
404e3f1d
3d1c3f66
3ffa3f8f
3f9a40f6
40b23f58
c0103f4c
beb93f05
bedac018
405b4000
4005401c
bfcf4003
3efe40b4
3fba3fbd
3ee8bee7
bf52be40
40ff400d
3fb13f46
bf8e40af
40a74083
40483f9e
40fa3e00
3f0e40a9
beffbf5f
3f7740d9
40ab3ebd
40fdbdcf
40184000
bf79bf81
3e173f25
40bfbf0d
4077be46
be8dbfba
405b3ecd
40bb4043
4020bf58
40054088
3bcc4097
403540bc
bf1640be
40bd400c
40b73f83
3f3140ac
401dbf8b
bfdf408c
3f073f86
40b44074
3fe74042
4069c00e
409740af
3f1b4017
bf204058
3ed13f8c
4038c00e
405a4080
bfd2400c
4099405e
bf2cbfb5
3f8b3fbd
406b4088
404bbf3f
bf8a4022
40103f6a
402240be
bec040c2
40b43f59
3ffd4078
4009bfda
bf23bd39
4027bf00
40df3f7e
3f5ebe4f
be904008
3f693f97
40ad4041
40854031
410f4088
3fe540b5
bf614059
3ffa408b
40bfbcf4
3f1abf76
3fc54094
3e8d40db
4006bdc8
bfff3e0a
3f9a4017
bf66bf9f
3f403f9d
40b7c033
3d0b3dbb
bf15402a
40204083
3f6040d5
3fba409d
40db3e8e
40b04064
3fa640a3
3ecbbf51
4021c02b
40d03e17
c02c4044
401d3eda
408dbf97
bf194091
3fee3f31
404d4002
3d5ebfa0
4066bf66
40a2400b
400c402d
bfea3f8e
3ed3bfba
3e76bfc6
3fae3fb8
3fdd3fa0
40c3400c
40203f70
3f6e3e6f
407c3f71
40753f05
4013bf9b
3f88402b
3f9d40a5
40adc03e
40ac4021
40d1be92
bf1240a5
406d40a2
bf614060
40db3f8c
409b4040
bdfc3ff6
4085406e
40c04074
40b7bd8a
408d3e8e
4007bffc
bc8740aa
bfee4100
c0143ecd
bff64059
4011406a
408940b4
bf46bf97
409a3fa7
3f4a4069
40104038
400940c0
3ff540f4
40b9400e
40cebfa8
bf70bf7c
3fdb4069
3f784007
bf2c402e
bfdabf3d
40093ebc
40344011
bc31409c
403fbf3a
40f7408b
3ff340a6
3e6d4012
404940e5
3e81bf3e
be904037
be17be87
403c3f4e
3fb240bf
4098bf22
4019bdca
3e8f402d
3ff840e9
4015bfd1
c0084019
3ec23e8e
3e69405d
40833f86
bfdd40c9
40613f8a
40a93ffc
bf01becc
408b3efc
40bbc03a
40ccbe81
40d5408f
3fae40b2
4005bfff
402a40bc
40863f78
3fd33e3e
40394054
403d4044
3e554081
bf793f6e
c02dbf65
40234046
3e083fcc
3f37c022
4077bf72
40d53f67
be5e4054
3f453fe1
bd6940ba
3fd1401b
40a04037
bea74000
3fc54094
4028410c
bf24bf5a
41044064
be5940ab
4057bfe7
3ebd402d
bfd4400f
408fbe4d
3ec6406b
bfbd4040
409240db
409abef1
bf9fbeb3
3ef04098
beae4022
40a04040
409cbeb4
40a54071
3fe44012
3ef24071
40694106
40134018
40a43fe6
bedd407d
40404022
3f103d68
3f4a4024
bffd4006
3e9abf10
3ea3408a
3f66409e
40244009
bec23f8f
401dbf97
3f1b3fae
3ec24109
3fd43e89
40594038
3fef406a
3fb640ad
403e3eeb
40733fc7
bfa6beb6
3ffc3fb3
3eb5408c
407340a7
3f7b4011
c01e4005
bf79bf16
3fba40e0
405e4082
3ec0bf62
41073fc1
3d9a400f
4076406a
40a040a2
40c7bf69
405c4083
4009bf94
402a4086
3f6c406c
3fc23ffe
3f644081
3e57bff5
bf9f3eda
400a3ff9
401d3d26
3f37bf6c
bf66406a
406f4092
bffd4007
3fddbe17
40a64066
3fd14079
bda34080
4029becf
3f2abedb
4057401a
3fa440a1
408a400a
40a94028
40cf3dd1
bfc8bf35
3f61bf43
408e3fe9
402ac03d
bfafbf3b
bf59405d
be97bf33
bdc8c016
bf2dc02f
4064bf64
410f3f3d
bf42405f
3ede3fd5
400c4057
bf1d3fd1
41093f52
3f6fbfbd
3da6bf94
4080409c
40123fe5
40e03fad
4021408e
be904053
bf9a409d
40223f1f
410c3eb5
40124060
408e40df
bf2c4049
40984019
c0233d7c
3f873faa
bfb6408e
3ff440d9
c0003f57
c01a3d01
3faabef4
40344057
be81bf10
40b4beb0
40c23fe9
40284010
3f3f3f5a
407cc01a
40ac3ffd
40934079
be944075
3fbc3fbb
40b8bdb7
bf8a4021
410b4020
3f404066
bfb8402c
4087be5f
bebf3e30
bf714075
401e3f83
be4cc00b
bf32be61
409a3f6c
40d34050
40303f65
40024071
bdf6410c
3f174037
3f604012
3f3c4007
4030bf87
3f184002
40873f97
3eb13fe1
3f4b40bb
bfbc400c
bfcb40e9
3ff93fac
40e34030
40303f32
bebe40df
3e3a4086
40e93fd7
bff04006
3ca94045
4029bf19
3ee43f5d
40823ffb
3eab404f
3fdc3fc8
3ff440ae
405d409f
40ce3f23
4092402a
3fd24042
3f91bfe5
40a14045
bfcb4012
bf94bf85
3fe640a2
401c4085
3f44bfef
408f3fae
3f873f09
40114003
bf94c00a
bffa4104
402a3f9b
40d14016
be2f408d
bf13bfcb
4018bf58
40c34035
40bd3f03
3f52bf23
404e4062
beb2bfe6
3f773f92
401e405b
40173e2d
40643c4a
3fccbf88
40cb4007
410b4086
bed53f3e
4082beb1
40a340c4
401dbf0e
40cf3ebf
3fc43e4e
3ea2404b
bef0c027
c0083ed1
3fa04025
3eecbfa7
3fecbfb6
4017c005
40efbedb
bf883f28
402e40ad
3dc640c0
40114030
407f4017
be923fad
bf11bff6
3f923fd6
40b5410e
40ab3fd4
40c9bfb3
bf27bffa
befb3f20
409a40c1
40e33cd1
bee83f7f
bf5b3f3b
408840e0
405840db
400c4015
bfccbf5e
40003f74
be4d40a2
bfc63f43
40c23f13
3fcc402c
3eab3fe8
3fe8bd85
3fa1407a
40b84037
40ca3f3f
3f7c4051
403dc018
408440c1
bf803fdd
40003ecd
3fe04049
402d408f
bf0a409b
40ef4012
bf62bd4c
3fc7405f
bf3b405b
409e40ec
bf954006
405fbfbc
3fc23f2b
4050bfe8
3f484073
40ebbe2c
3f16bf12
402840b5
40513f49
bf693f42
3fdc3f92
406a4033
3f663f7b
402040e1
3f7040c4
3fe8400b
40f2be4a
bf14bf5f
4084401c
bfce3fab
409a3f88
410b3f8d
3e0b3cee
408cbf31
40ba4023
40b43de0
410e400a
3fc5bf63
408340cf
403540ef
40ecbe93
406abee2
3fcabf56
bf853e9b
405d40c2
40df3ecf
4090408c
bf583f2d
409040a9
3f7e4096
409f3f89
bfa73e8d
3fc3bf97
407cc015
3e114004
3fcfbf25
405c4059
3fb63f73
402640cb
bf813ef2
bf4d3f9b
405c4044
3f95bfa7
bfa93ea7
3f8740d8
40d7bee6
40e4bfa4
40364046
406ec00a
3f994090
40383fca
c024403c
4035bf01
bf3540a0
bd834020
c00e3f86
409a3f37
3f0b4015
40133f9c
bee3405f
3ee54000
40a43de0
bf3a40af
40333f25
bfb14009
40b8bdac
40ab3fcd
3dd9402b
40814058
be68bf22
409ebf14
40c73fc1
4024bef3
4085bfb7
405a40a3
bf67401c
40eb4079
be933f91
4009bfda
bfe640eb
40cf3fb9
40f6beb5
400f3fe0
402a40c2
bfb74103
4047403c
3fdf3f89
3fb0bf44
402d4005
3ffe40f9
40ac3fc6
40e34067
3f7d4070
3fc04079
4051bf66
40e03f75
40414014
40054086
3fcb40ce
bfb7c020
3fd4403d
40f7bdd3
3c96bf37
3eccc005
409fbf2d
3fb84021
4080bd7c
3fd5408b
3fee40c9
40a9be5f
bfd83fc7
bedf3fa4
40394080
3f41bfbc
405940af
408dbf78
40edbf64
be1f3fb0
4002401b
400c3fb8
40c53faa
40a74015
402b4018
3fa0c00b
bffa4104
40104028
40fb4059
3ec9bff0
408640dd
4008bf58
40193f4f
4031bf0e
3fce40b5
bf2c3fef
404d3e99
40b3bf77
bf9f4035
be28408b
4024be14
bfea40e8
bfb5bed6
40434087
400040ae
4033bfda
406b40c2
40673f2e
402f4006
3f0e3e67
404f403e
3f77c00c
4039400b
40384031
be28403b
4053bfb5
40244067
c0024002
41013fb3
3ff7bfce
4088c00f
4047c01e
40ae3feb
bede3cbd
3f364017
3f7640e9
4099406b
be3fbf12
3ffe3fcc
4005bf6f
bfb240b6
402e40ac
3da33fa2
bf763eab
3f9c4021
bed34042
40774090
bfb3bf3a
40843fc4
bece4035
3ec440d2
4086bfae
40afbe6f
40ab3d72
402940b2
406140a3
3ef0402b
bfc64023
40b73fb9
404040a6
405d4072
402f3dc9
40d9bd14
40e9406b
3fca4014
404540e3
3f0a4018
40ad402f
bfd23fd1
bf634031
bf66c014
be784095
bf083eaf
becd4087
4006bf83
405740d1
bfcdc025
3f3a3fcd
4040bdaa
3f1c40bf
bf7b3f06
4039c00d
4045bf7f
400b407b
400d4091
407a3f07
403540ea
4078bd6c
40713d7e
bf174095
bdda4088
40084014
bf2b3e66
4072bf7e
3fedbf6f
4030bfd6
bfde40a0
4099be5b
3efd407f
bd723f1d
4087400d
406b40c5
402f4036
40a8bf4a
3f983f96
3e3b4082
3f7a4049
408b4020
40d84038
bec04020
407640b4
bf3cbf82
40c63e9a
3ff84086
3ef34081
40294021
409c40d9
bf3a3f6f
40934065
bf454009
3f23404e
bf8940ec
408c3f93
3fa5bf24
4024bf51
3fa5403b
3ee93eb8
40df4032
40103f43
bf044021
bfb140de
401bbe27
40953ff8
400abc96
3f8b3da5
be3cbe86
be9b4060
4003be55
40f44045
3f8c405f
bf2f3ea3
bfae40f9
40763f42
c017bf18
3f094024
bf9d4018
4077402c
3e9d3ec3
beb5bf7d
3fb93e67
404fbfce
408b40b3
3f9c4013
40a33ee6
4021bf47
3ff64088
bf153f83
c007402d
40c54081
3f553fcb
bfa24047
be6b40cf
4093bf62
4055403c
3f6d4070
bfbe3fb6
3eff3e39
4082401c
40d44076
4004be89
403440ac
bdcd40da
be9c400a
410f4083
3eedbff7
408e3fe1
3ecf40ff
40213f5a
40164067
3f133d1e
40383fed
40a03fbe
c003be36
40fcbfac
3e9640a4
3f843f1f
40b740e9
40d4403c
c03d3f54
3fe74048
3ef13fcb
bff84106
40d53f52
4043407c
402cbf57
3f083dfe
3ea240cf
bf58bf67
40284028
3fcc3fe4
bf3bbfaf
4083409d
40793f93
40a7bf38
3fc04039
bf82409e
407e40dd
401a3fae
4026be19
3fa83f0e
40264070
be2c40fb
bfb23f34
406abd1f
402bbd8c
3f5dc015
bff13e40
40d24017
3f84bea8
3fe3bf9a
3f41bca2
be93c010
3ff13fea
40743ece
beeb3f07
bf374083
3f5b4060
40a24025
40863f36
3fe7bfd7
40884018
3f854093
40c8bf78
bf16408b
400a406c
40424059
bf87c016
bfae3fbf
3f324029
403f40bc
402c40d2
3ff1c023
40e44037
40b54009
40244027
3f2ec00a
40b840d7
3f864010
bfbebfb0
3fd140bf
408d4093
bfd1c003
c0133f3a
40bf405e
3f844070
bed44061
bfb33fdc
c01b4002
3da7bec3
be8540ae
4082bf9b
3ef43fb1
40d63f0a
40754075
bf794020
40783e56
40ba40e3
40d74028
beec4040
401ebfad
404e40aa
409d40ff
40c33f59
bfd63fc7
3fcb3f87
bedb40e1
bf30400b
3fd3bd65
40ffbf52
3f944060
4026bfe8
403c3ff5
40e83fcf
41093fd3
401cbf5c
bf4c40b2
bfca40ba
40673f46
410e3f15
bf4e409c
3fba40b2
4099c033
bf353ed2
40903ff1
3fa740bf
406b40dc
40424093
40ec4026
410e3f84
40334095
3f264051
40ba40bb
40c03eb7
4100bed6
40094081
4088c016
40194055
40f03e0f
40344007
bde9bd36
bdeb3d9b
bf3240d0
4090bf3e
4018bf49
bdf6bfaf
3f7340e7
bfa3406c
bfda3fb0
bf0a4048
bf31407b
beeebe56
3ff1c01c
bf5b3f80
40833f45
3f883eab
404c40cf
bf4c3f13
3f913fe2
4025be89
3ff73ed0
bedebdae
3fa8bf5b
402e4032
40944010
3f073ffa
bf834030
bf603efd
3fd8be80
40fe403f
401a409b
bf753f68
40784097
40bcbd27
40863f64
3f3cbf93
bcc140e7
401640e5
40303f58
408c3fa5
3ff2406e
3f0f4077
400840fa
40df3efb
bf394088
be5d3fbf
3f4c40da
40123fae
3cf3be4b
4068bf38
40043eb0
40393f99
bf7340d7
bfe73ee7
3f614074
bf594086
bf243f44
bf0440c7
bfb53ebe
4030402b
3ed64045
408f40cd
3f1c3f9b
c01fbf33
410fbf7b
40234068
401240d0
4090410c
40db3fb9
3fddbeea
3f6b406f
bf25bff2
3f17bf09
bf03bf28
c03bbf93
402540bf
40893f9a
bfb240a0
40a83f06
bf32407a
bf1b3f91
40084099
404c40c4
40c3bf0d
3f82bfb6
4013408d
403c40bd
3c1c4102
40a9bb8c
41034087
3e353f50
bed4c004
4035bf4c
4093bf6e
40d7403e
bf273ec6
bf93bf61
bfecc006
3f3bbf01
400ebf50
3f89409d
407ebfb9
be5e40fd
40c43f9f
40e5bfb9
3fecbfb9
3fd540e2
3e344065
400a3ffa
40234085
bf12403f
40493fb4
407d3faf
bf913fe7
bfab3fb3
3f0bbf17
403640da
40804028
bfb4bd8b
c007bdd8
3fbb3ec3
3f9a40da
3ffd4070
3fea3fc7
3f08403d
bd823f28
bf5d40cf
401fbf19
40ac400c
bf884073
403c4001
3fd23ffd
4035c03f
40cf4016
3fdbbf36
bf433eb8
3e2a40a7
40b84076
408e402a
40e2403d
3f41bf8f
404dbfc7
3ec44040
3f833e6b
bfb3bece
3efb3f77
4083be2c
3ea140b7
bf684010
400bbf70
3f0cbfc8
40224076
3f7cc01d
3e1fbf26
3f574044
bf56be8a
3ef73f3d
bf764068
beaf402c
bf7f3f5b
3fdd3fb0
bd7d40aa
be3e4089
40a3bf76
40f73f7f
402f406f
3fed40d8
bfaf405b
3f0b3fd1
3fea4078
bf4abf8a
3e7abfbb
bf5440df
bf7e3fdb
40a23f82
3e0cbd8b
bf0840df
bf1240a4
40e1403c
40fe4046
402bbfcf
408b409a
4083c01b
404b3fe9
410f3fc5
4002bf20
be45bfaa
bf05bffd
4030bef5
405d4050
bf024002
3e99409d
be9ebf4d
40d93ed4
40e04079
3eccbfad
3d9ebfb3
408fbd58
40ef3f34
c023bf1e
bdaa403a
402fc008
40964105
40e43fbc
40d8bf72
401d4062
404240b1
3fcfc029
40bd3f99
40b53ebe
3f4f409a
bf954019
4089bf3a
3f973b08
40ef3f83
3eb6407c
3d6c409a
4082bf63
40d43f30
3e39402c
3ff04093
3d984088
befc4063
40da4018
40603f82
3e844055
3f75bfc5
40b9410b
bfc64037
bfbb3f8e
3f63405c
40203fe3
4054bf04
3f543f20
c024bfa4
401440ba
bf2b40b0
408b408e
40d03f0b
40ad3b5e
40193f7c
3dae40e5
3fef4099
40df4031
4105bf38
3f2740bf
40583e29
3ff040f1
bf14bf58
404dbdfa
3f30bf6b
403a4083
40014015
40843fa0
40013f0a
be533fde
3f36be9e
3f25400c
4029bec9
40a1402d
4015400e
3fc2407f
bf79409f
403bbf1f
c03b3fb1
3fd6bff3
40444097
3d824105
4036beef
bd5c3e64
3feebfc6
3f473d21
4093bfc5
40db3fb0
3fbcbf30
be0dbfae
3ff1bf89
4081bfe7
40d63fa3
403c4051
3d053f7b
3d9040ba
3fb53f2b
40013f48
403c3e83
bf1140ae
bfba4096
bff640bf
be083fe4
40ea408c
401740b3
408b3f5c
3e463fbf
bfdebf49
bfa03c8b
3eb9408c
bfb23f8f
3e42bec8
bff63ffc
c0014002
3fcf408a
3fa840d7
3e6f4094
40223fa6
be74408c
3ffc40a3
405b3f5d
3fa5400b
40c33f93
3fd13fef
bef04025
40114094
409740c8
3f8a3fd4
409abfa7
402f40a0
bfa0bf53
bfd4bf91
40993e97
bf23bede
401740c0
40013f97
3fb64029
3f033f9c
beb24056
40143ef1
3f8c402e
bfae4035
40d23f2e
4082bf85
3ffbbf6d
bfa14084
40a3c00b
3ff73ef1
4034bf45
3fbb40a6
408f4038
40454065
3ebe3d97
40efbf54
beff40a4
bf3f40b7
406b40e2
bf01be8d
409d4084
3fee3fca
3f933e8d
bf85c020
bffa4033
3f7e3f0e
3f6f3fc6
404b40d7
bf8d40b4
bf7bbf13
40414029
3f823ef5
bfb3c013
403bbe3a
40c7401d
4100be74
bf32bfc8
bf9040a5
3e054055
bfe23e60
40dc3ff9
bf063be3
406940ef
4080c01f
bf233fef
bfb53fb1
4027409c
400e40e8
408d40e1
40ef3df8
4100404f
3f88be59
40884076
400540f7
407fbed3
c0083f59
beba3e71
bbfbbec3
40464024
bfbf3f68
c01c3dee
bdc84013
3fb03eec
40774058
bfa8bf4f
404dbf12
3f4dbfed
3f9e40ef
409f3e6b
3f40be98
40b94031
3fb83f31
3fc34003
409f4080
40123fb9
409d3fd5
bf6fbff4
4047401f
bfd74085
4075bef6
c028bf46
401e3fff
408940a3
bfea40ca
4091bda6
bf93403d
4032bf21
3d1ac002
40aa3fa0
3f4d3f4e
40443f35
3e9dbf35
bfa840ee
bf4140e1
bea5bf26
bf9b4058
3f8bbd93
4010be40
3fe3bfd8
3fa1bf79
beca3eab
3ea440b7
4002becf
40903fe6
beb53f14
409ebf82
3fbf4096
bf83bfad
3fcb40ab
3fc9bf40
40d04058
40174047
404d3fb1
40104063
40e2bf62
41053d1b
be784088
404740e6
409440df
3f45400e
c035401b
bf4ebfad
4061402a
40ad4030
40ba3fb9
3ed5bdd8
40244096
bf9a40dc
401440ca
bf7bbee7
40313c97
bd0d401d
3efd400b
4098bf94
bfa0bf38
408d4056
3f96bfd9
3fee4049
408e3f1e
40224036
40ee4084
bf4ebed6
3f3740da
406b3f24
40d13f76
4095406e
3fdd408d
bf8c40cf
4087bfe7
40c63e0f
be904055
40103ef4
3fc440e8
3fac408a
bf9b3fb2
bf403f51
be074002
401b408f
3fea4042
40534005
40e8400b
3fbebfb4
be43bfad
3fc5410e
3e053f75
4102400d
bf2ebfed
3fe2408b
40b54072
402a3dc9
40633ee9
3f684023
3fd24035
befabe66
40cb3f95
3fc53fdd
be1dbf7d
408d4053
3fe040a9
40bcbea5
3f573edf
be374018
3e36404c
40a64078
3fda3f8e
3fbf3fef
bc784084
408c3f73
bff0bf42
40debebc
4075bf00
bf063fe7
403740dd
408840fe
bf743fd2
410e4074
3fae401d
3fd7bdda
beaa4058
bf6f4005
3d7e4066
be823fc1
bfa0405f
406e4075
3fddbedb
40f73fc5
402c401b
3ffabeec
40bc40e0
40bc3faa
bf32be83
3e64baf3
3f55bf4e
40244108
408b3f88
c00f4072
40333e51
408740da
40adc01d
bf1c400e
40944004
bf3bbfb7
40064089
40abbfba
3fe5be18
410f3e1a
40203ed6
4061bfe1
402e4109
406a3f89
c02d4082
be1a4090
3c00bfba
405740c0
3edfbdce
40934078
3e814042
405a40cc
40bd409e
404bbe6f
40b8bf4c
bdbabf93
3f3cbfcb
bfc840d5
bff94034
406b4067
bf44bff6
bfbc3fa7
3ef64093
3fad3f90
40494076
3ea5bf02
be144084
bf383fcd
c0003e60
40e4bf54
3f42404b
400a3f5d
40a7c01e
be2d4023
bfcc404f
3fdf4094
4058c001
402640cc
40983fe3
40a74017
3ffe4082
3f854010
40ba40d3
3fd53ff0
40264071
3f43401f
3f2240e4
3fb2405c
bf114028
410e3fc1
4037bef6
bec03f46
40b0bfb5
3fadbf48
3f8cbfb5
3fec4041
4045bff7
be944101
3f71bf7d
bf404073
bf3d409e
408440e9
bf29406a
40b23e88
3fecbcbc
be933ffc
bfb240a0
405f40d7
40504032
41023f0a
403740a4
408740a2
3fd8bfd2
bd05402b
3fffbf8e
3ed74098
3fb740ea
40bd4062
bfedbe91
3f27bf22
be08bfa6
bf5c40b0
40184083
40b84011
c0403e9e
3d01bff0
bf8640b3
3deb40cd
bf2a3f78
bf233eb5
3f8f4082
408bbf56
3eae4032
3dd13e68
40fe4043
401f40b5
40413ecb
408f4035
bfed3fad
3f194066
40263f7b
3f58407d
4083410a
bf6c3ed3
40963f80
3da9408e
40353e0c
4067406f
3e81400b
40f24022
3e4640b9
3d924083
4053c005
3ecdbea8
bf403fe7
3fc640b9
40554048
3e4c4072
40e44004
3f21bec8
400b409e
3e59bf8d
3fdd4105
40874004
40f4403e
bf4dbfa5
403140ca
4042c00d
40a6bebd
40ac4066
403a403c
3f4d3fff
bf874065
3fcabed3
bfc13fbc
3ff43f9d
3f3c40a6
4070c02e
3f873f73
40b2402a
bf533f2e
3ffdbfdd
40a8401f
408a3fc4
40de408e
bf724026
3ff9c006
bfb1401c
40b64009
408e405b
3fd33fe8
40733fcd
bf4740c4
401c3e08
bed93e9a
40254089
bdfe3f04
3efac03f
40cb3e2c
be4f4047
3fd04067
bf4c40cd
408cc023
40ab400a
4098bf82
3fa03f44
40614096
40ae40ae
bf58bc29
3fba3f22
bf194081
bf754095
bf6d40d0
406fbf7e
41034056
3fc5409c
3e9f40a6
404fc03f
40a73f86
40a33fcd
4002403a
bf7e4075
403abe0a
400c3fa4
3e49bf2d
403340ac
405440d7
3fcd402d
40df3ff7
bee3beee
400a4046
bf0dbf6d
409f3e50
40df4024
4048bef0
bf0340b8
bf87406e
bfe7c010
40ab4006
404dbf9f
3f7e4081
3f9940d2
402140a7
40bbbeeb
403fbec7
4018bf14
4075bf36
bfda3ff5
409ebf04
bfec404f
403e3fbb
bf673e71
3fc440c7
3fdc403c
409f4002
3ea240b3
bf924082
bfc3bf85
4047bf24
40b5bfa9
401e4091
bfa640bd
404140c7
40d63f11
40ae3ff6
3e02408a
be2240c7
400e4081
bfeb4019
bfdf4086
400440a9
bd2c40e2
40b5bfd6
c0154017
40594048
4039bf46
3d804056
bf17bfed
3f31403d
bfe3401b
40343e58
3f8f40b3
bf0540b6
40b4bf20
4032404e
bf24409f
bf6fbfbf
3fce4024
4095bf09
c02d4025
3f793f5a
bf923f13
bf3940fe
40e9bd96
40573fb1
bf074092
3e304082
40ae406b
3f773fcf
bf0dbf87
3f88bfcf
3ee7c009
4086403f
bf89bf05
c021bf27
be823fb2
408940d2
bf01bfd9
40ed3e91
40fe3f77
3dbe402c
bf9240d1
3fe440f4
40ebbf3e
c0364065
3fd73f1e
408fbfa5
3fbd4089
3feabf08
bfb63f8d
3fcb3fe6
401d3e18
3fab3f05
40bfbf7b
bf60bf92
bf1240a0
3fe1404d
407340d0
401e3f73
405c402c
40033f28
3f9c40ce
bf413f53
40713f44
3f8a400d
3e63bf8a
bf263f5a
3e8ec001
bfd03fc1
4104bee1
3fc5be71
3f154094
bf524104
401bbf71
401abd8d
401d3fda
3f0840d2
40903fa6
bf4fbeda
407e4044
403d408c
3f85403c
bf6240e1
408e4014
40c64025
3fbb402e
3f3940ca
40943f0d
bc9f400b
409a4041
3faa4092
408f409e
4069c022
409f3ee2
3f8bbfb2
3f9e3fc9
40364008
4097bf6d
c0154007
bd1d4021
3f9bbec4
3fb640b0
4085bfa2
407e3f90
40cc4015
3fbcbfa0
4075407b
40b440b1
40db4019
c03fbe67
3f933fcd
40153e77
bf234016
3f55bde5
401f403f
3ff940a2
405c4064
405d409b
4021400b
40f13f03
403d4061
406540ea
3fad4055
407d4038
3ffe401e
bf4bbfb5
bfa7408e
407f4103
40bbbf56
40c9bf22
bf08408c
40643fed
bfb9401b
3f82bea7
be3c3e75
bf05bf89
4086bfc8
409f403d
40be3eb9
c0093dfe
4021bfcc
404a40d6
407540b7
40de3d9c
3fee3fc8
40004090
bf89bf92
bf113f99
40e7bd67
3f9c404c
bda53f98
3fff40e9
402540cb
407c4010
410f3f9b
402e408d
bd9d404a
403b4081
c0193fb4
c0334079
403040bc
be453ec8
bfd4c036
3fc93f3d
40843f36
3cd3be85
bf8b402b
bf9e3e8d
4039400f
40ae4039
3e51409f
407d4094
401b40da
bf5ebe13
3e013eae
3f3c4080
401640c0
3fa4405d
40424019
405a400b
bd014089
401ebf7b
4086410a
3fce3ffc
3f7f4007
4012bfcd
402d3f30
401a400a
40193e95
c0083f22
3f3bbd7e
bf91bef1
bf2c40fe
40d8401a
4001be50
3fdb4031
400c40df
40b53f50
40b33f13
4102bf6c
bf0cbed8
3fb040a0
3fcd4080
40ba4001
befa401b
4021408d
3d4340c2
bf4240e1
40a13fc1
3e2f3e94
3f183fd2
4062bfed
40994018
40f0bf78
404f3f9b
bf77bfed
40844044
408640ba
bf644021
40864060
4029bf4e
3fd53ffb
4097bf6a
4005beba
3f004005
3fe940bc
408c4036
403f40ac
404cbe6b
408f405e
401cbfba
40694089
3fa04057
40b03ff8
3fea3cf8
bf25bf97
bfa2bf91
408e40aa
bff5bedf
40504034
3c8a40ae
3e22bfc1
40374049
40ac3fcc
40503d38
401d4054
3fd640c6
40544096
40c13ca7
40d43fca
3f9cbf35
406fbeae
3dca40d5
40d0403a
40d1beda
3fc4bff1
4085bf17
409f3fdf
407b3da3
40363fb3
403c4068
405e401b
409640b1
3f90bd4b
40c5bfbd
40193f8f
3f293da4
401c4104
bfc53f21
4046402a
bf453f46
4009403e
3d8e4106
bf9a3fcf
bf91beb8
bed7405b
4083404f
40923ff0
3eef403f
bfca408f
bef8bf81
40753f98
40454006
40e63fc0
410d408d
3eb34057
3dfe409f
3e363ef4
bec93eb3
402c4003
3fe0bfde
402b40a7
4043408f
bfae4016
401dbea0
3efe40b8
401540d6
3f9740f7
bf833fa9
bd45408e
40183ee2
bf71bd8b
40b9406e
3f1e3e01
3ff83f8f
bed74039
3e01400e
402f4068
3fbe3f90
c0224057
3feb405b
40343f99
408f4096
bf1f4037
40c73f49
beeb407b
3e743f84
406d4098
403b3f44
3fac4086
3ebc4014
bfb73c82
3fb1c00e
3ffabe96
40fcbf44
3f0740bd
40713fb1
40534066
40cf3fe5
40924073
3d58407f
3feabf4e
402740f6
3f3c3f8b
c01a4084
4027409e
bfbac00f
400e408b
40ba3dbd
bf4d4081
40293d2a
405cbfbf
3f2440b8
40b13fbf
40f53f96
bf24bf98
bde73f98
4094c01d
bf853fd8
bfb54012
3f11406b
bf7a3f09
408bbfa6
bf97402a
bf0c3e3a
be0c3f9c
405bbe0b
3f0c4099
3fd24024
401d408e
bee9bf63
408940cf
40af3ffe
4084bec1
bfc43ff0
3f7cbf84
bfb74045
bf1640a3
40c0bdb9
40a14085
bf48408a
bf9d3f9d
40ae4105
c0113f09
3f29bed6
3fb04013
3fb04016
40a740b2
c007bf4f
c0104060
bf303dd9
3f8fbe10
3d9cc016
4098be41
40a3bf43
3f803fe8
40573ea5
bfddbf7f
3f66bec2
40634044
4012bfa3
405340c4
402340bd
4012401b
bf2e4054
3f26bfe2
4061bc5b
40bfbdca
40313da5
40403f96
40084082
40263fb8
401dc007
40ad3f7f
bfce4005
3f223dd6
bf8c3e91
3ef64087
40e8be3b
40aabf99
bf0e40a5
3f0140e8
bfbe4091
bf3c3f39
c0003fc2
bf11401b
401e40b6
bfaf3f9e
bf90bf14
40fd3f87
bedfbfee
40383ff1
403ac00f
40c23fa8
4106bf3e
402e4084
40314064
404dbd2b
bffe3f06
408b3f23
3f14bfe8
3fa44078
4070bf98
3fc33fc3
40b73e66
bf23bf72
bd4f40db
3e954110
404d3e9f
40233f96
bb8f4011
40733fb6
40b940f4
40993fab
40e64061
be1f3f3f
bf6c40aa
409ac00c
40b43ffa
40ea3d6e
4018bf34
3eb6bfad
40a14069
40cc4017
bf54bd9f
4017407b
408e40bd
bfcb40b5
3f21bf78
bf7f4070
be294039
3fc9bff4
3eb53fcd
40433ffe
400bbfb1
3f353ec0
4046c003
406d40bf
bee03fdd
3f923e8e
403fbf3d
be4b40bf
bf86bfd9
40b93fb4
c0343fa1
3f87bf38
bfa4404e
408540f4
40e73f2e
40534006
3ff8408c
405b40b7
40374049
bd8ebe46
bcbc407e
bec13e22
4081bff5
bfd73fe1
409f3f8a
408fbe8a
3f63408b
401140e2
3f684055
be7d3ff5
3da5bf70
40154057
406640d9
406f403e
bf39402a
40d03fec
3f36bf12
3ddb40c9
407e4055
c0193fa7
41003fb7
bc66402b
406c40eb
402040ab
bff83f33
40ad3fa9
3fba409b
40844046
bfcb3fa0
40cc3fed
408f4002
4033bfce
bf81bff2
40c0407e
bf76be4b
40963f82
3f303f4a
3f38bfd2
bfd94041
3f3f3fcb
40e94012
3f143f06
4043408c
409a3e86
40c4bf5c
3fbc3f5a
3d933f1c
bf8440cd
3fc040ab
408c3fa1
4022408d
bf03bfcf
bfaf40ed
bf8cbf67
408e3f31
40923fcf
3edfbfdc
405f4096
bf044095
3e8ebecf
3fb03f32
3f7c3fe0
bf3fc015
409d4091
bf67403f
4012be82
3fea405f
4012c00d
40a6410a
4078401c
4094bf88
3f584032
406f4008
bf123f37
40b63f9a
409dbfa7
bedbbfa0
407b402c
3f844078
40ef3f2a
3f7f3eae
3f333f82
4047403c
408d3f6f
408fbec3
3fe6401c
3f9abfbe
407ebff4
bfa640cf
40a5bdb6
410c3fd0
bf6bbff6
3ff14085
405d3f4b
bf413fbd
3fac4023
3bc04025
408ec00e
3fea410a
3e414015
c00e402c
3e8ebe32
3fc440cf
bfae4091
40d33e0c
40464013
3effbfcc
bf8f4055
402a4101
bff94016
40e9403e
3db13f8f
bfa53cbc
bfa64075
40ad3f9a
405f4014
3fce4020
3fb43fa5
4051403c
40a34031
bfcbbe34
3f1b40a6
bfba3ec0
401ec034
bde03ffd
c02f3fc3
3ffa40b8
3ff34029
3ef5bf41
408e3fbc
c0203fe7
beb8bfc9
40824054
40984097
c0193fb8
3f5fbf79
40124079
407c40c9
402040c4
bbbd3ffe
409c400c
400b402b
be03400b
4094bfb7
40143fa7
3f234038
3eeb4040
3f40c018
be624071
bf30be88
bf89407e
40274007
bf88405c
4052410a
40cf3f3a
40e5bf99
3fae3ff2
3f4c3ff7
3fdfbdde
bf3c3e83
40dc3fb0
bf434012
3f1a40de
409240e1
40463f2c
3eda3f4e
4040bed0
bfbf40e2
3f8b3f50
40c23f56
c02f4082
3ef33fb2
404d4031
4026404e
bd423edb
bed6bf23
40323fb1
40163fc5
402240df
40873e25
bfa9befa
3eeb3d05
3feb4062
3f1d4029
40423f22
40824085
40024036
3f8ac00f
3ecb3f79
408f3fef
410e4086
3fb1406e
3f534023
40a440ce
40ec4035
40c1406d
beedbf7e
beb1bec7
403040a9
40d53f90
3f7abf84
bf3a3e60
bca140b2
40af40d8
3eba3fa4
402fbfb0
3f29bf52
408140ea
40ba3ff9
3f06bf58
409cbc8c
3f3c4087
bfab40b8
bfa9406a
3fdb3f98
40b33f25
401e4081
3ffcbfab
40984087
40d23ff3
4001be45
3f2c403b
40884092
407cbeea
40d53f93
40d63e61
3f9e3ffe
3f86bf9c
409740fb
4093400a
40954061
40153fcd
3fb0bfe6
40193dbd
bf994035
bffa401e
3fd3bfdd
40593f78
407c4065
40713faa
bf803fc4
3e81be05
bfb4401a
3ef9404e
bec2be76
40223fcf
40283dbd
407e40e0
409740df
4006beca
403e408d
be003f7c
4004406b
40513f2b
40e3bf5f
40fe406f
beff406b
403940a1
bfb440e8
400fbe33
40063e1e
3f613fa9
406f3f98
bf5640b7
4025bf3e
3ffbbfa2
3ffd3e22
406e40e7
bf1b40b9
3ed53ed9
3fb2bf5e
401d3eff
4061402b
bf4e40dc
40cf400f
c01b408f
3f89bfd4
406e405f
3dbdc013
40cdbf01
3e06bf73
4010404b
40673ffa
3ff3bff5
40be403f
40733fbe
3f8f4063
be92403a
4078402a
40d7bdc1
40f03fc3
3f9abfce
3fcb4098
bfb14011
40d74033
c0373fa2
be7f4087
3faf3fa9
409a3fff
40173fbc
40b33fc7
3f8b406a
bf5c40df
3fe53fc5
40ea3ff5
3d80406b
3fe6bfbf
406540e5
3fe5bffc
3f9cbf66
402b4035
bf51400d
3f7b40a9
409c40a5
bf83be76
3f8b3fe1
40383fdc
3ef63fc7
bf5f4103
40cdbda1
40783e1a
3facbfcb
be0140a4
406f40ae
40103f9e
3f7e4063
403c401f
407c3e94
bf08403c
40924035
3e8fbf73
3fce403b
3d5f3fe1
3eb33fa5
40d73fce
bfba401f
3e0b4093
bf7040a3
403ebfb9
3fc03ec3
40babf93
becb3fa1
4011bfef
bf1a40e1
3f3f3fe5
407e407d
3fa23e6d
3fb740c1
4017c018
bf62400b
40b2bfb2
3dfe40b9
402240bb
be683e74
40a64025
3fc53e2f
be523e97
3fd03faf
bf353f86
40483e69
bdb34043
3fa7400f
3fd540e3
40a2bd3e
bfdcbdda
40014029
be8cbf3d
beb7bf83
bf6e40d1
409b3f66
40993fd0
4019bf33
3fa8bf20
bf9640b6
409e403d
403c3f2c
3fe3407d
3fe3be17
40a640aa
40e94018
409f3f07
3ff7bec4
3bc640b3
bf02403f
408f401f
40a13f8a
3e3e40b7
405140b8
bf1c4031
3ed3400b
bf9abf43
3ed43def
400c40dc
3fc44010
40ec3dd9
40df3f03
bdf6bff1
404d4096
4091bf9e
bee04015
40bebfa0
3fd6bfcc
3f3040eb
bf803fe2
40bf4019
c03d402c
3fe54059
bf90bfd4
3fe8bef2
3ddd3ff3
40a9be34
3d4fbf71
3f6bbfe7
4014410f
407fbf4d
40cf4034
bf343f97
3f9440db
3f86c022
bf28400f
beeb4071
bf4cbffe
3f8440cb
3eed410b
3fce3eb6
4013400d
bed4bfda
400040e8
bfbb40ef
bed8befd
4103bfa6
3f244032
3ff6407e
3f48bdb6
bf613f74
401e4029
3f33c000
3f2f4023
bfe43f27
40023fe7
40f13f1d
bf71bfb7
bfa0bfd3
3e94bfa2
3f97400a
bf8b3fa6
4037bdf5
3fde3f68
40014107
4068400d
4084bf5c
3e4b402d
404140a7
408c40b3
40b73e96
3f174062
3f9a3f5f
408dbee3
40b13f19
c0164003
403b3ff3
bf5c406a
bf874029
bf2fbe97
bfbf3f61
3ff1bf2f
4032bf93
3fb73f9f
40474087
40cd4039
40554066
bf4d40b2
4061c017
bfa5bffc
bfa93e8c
3f8dbe05
40353db9
bfb740c7
bed240b7
40e93f32
401f408d
3fc44080
4065405c
bf17bfc6
409dbed9
40894083
bd8d3ed6
3c3040d8
bd924029
40283dbe
bf2cbe65
3e7bbf87
40624021
4021c019
401b3ff6
40cd4040
3f423f4b
3f9c4044
3f8abfa4
be94bde6
4100be9c
40043ffc
4084409f
404a3feb
bfa7bf52
40863f99
bf3d40a8
405cbecc
40b740b2
4096bf1a
410ebec4
401c409e
3f8b3fc9
be744089
3f9d3fd1
40363f7d
3f9a400d
408940ee
405c4003
3f543f17
40653f78
401a3f88
402b40d1
40ae40bb
40a53fe6
40d33eeb
3e02405e
3c73404a
409c40cc
40c03de0
40fabf8a
3fc13ff4
bf06bd00
3f203fa3
4049bf52
bf944090
40123fd3
bfa7c018
bf9ebf88
c0173fa5
402ebec4
3ec440b5
401340a0
3f09bf56
40d63fde
bfe73eba
3e4f404f
402abf77
bdeb40af
3fa24016
40e94036
3ff53e87
3f9c4026
4094bfc3
40163ff4
40823fdb
3eaf4012
3f924006
3fddbf9b
bee13feb
3f9e3d5d
bf01404a
3edb40cf
40b6bfd3
40724029
40bd403a
3d91bf12
40543f47
4090bf0f
40d2bf0d
c00f4084
bf23408b
bf6c4095
3f093fd5
40f03fda
40f0408e
3fb73fe3
3e063f9a
3f2d4100
404c3f41
40dc4002
40274095
3ff5bfd6
bfe1bfef
bf973fde
40853ee2
40243ec6
403e40b0
40a040aa
40533e41
40d4bf58
3ed6406b
401a3eef
bf8240f4
3fbb3f90
3fe2bf5a
bf47409a
3fc5408f
bf92c03a
bfc43f9a
beab400b
40223f16
402a4031
bf883ff5
40583f20
41093fd5
3faa40ae
407a40a2
40993f83
406b3f4f
40c93fa4
3ec73ff1
406140bc
403ebfd2
4033bf04
3fb13f21
3c04bf3b
3fb23f8b
40a540b4
3faebe09
40693f95
beea400b
3e6e3fde
40854035
3f834017
409d4083
3ea03fa7
3ea43f06
40514088
40183f1b
40e74022
402c3e93
3f3640b9
40bbc015
bf413ea9
403abdb5
40264012
bf77bfeb
bffb3f29
3fd5403f
40463f9a
3f4340b6
3ec63f13
3f5140ce
40143eab
41023fca
3dec40ae
40393f0e
be3d40b3
3fbd401f
41033eb9
402e409b
bc5c401f
bffd4104
3f0f3e83
bf2d3f6d
40023fbf
401240ed
4081bfce
401b3fa7
bf7dbe9c
3f8440b0
4045be38
40a040ea
3f1b3cd2
40a9407a
3f913e52
3fd8403d
4045bed0
40113eda
c02e3f07
3f11beac
3fbc4099
bf463fa8
3f1a402d
c03e3ee6
4018bcd2
3e913fa3
3fc34054
40ac3f7a
c01dbc13
3eb340b1
401040c9
4091403d
40ef4026
3f763f83
3f1c40b4
bf2e40a1
bfc74108
40b03f86
bfc03f81
3f814093
bed53fee
bfa140b1
40693fd6
40ae3fad
3eb4beac
3f8ebf15
bf87bf83
bf193e58
40cabe27
403ebed7
4073bfc3
40793f24
beb03e37
4102404c
3f443fd1
3f39c002
401e404f
40c63f45
bfe4bfbe
3f883f0d
3f71402a
40ba4096
bf9b4013
41054079
bf5cbf88
40864032
3f8d4084
3f19bf59
40823dd6
3f7e409e
3fafbf87
3ee5410e
4011bd70
3c084081
40084016
bd6bbf83
3dab40e9
409ebecf
40c34070
bf5d3f98
3f3740e0
409fbfc1
3f913fbf
40ac4084
3fea4071
408e40c0
400a4109
40d04038
403d402d
be453ff9
4036c014
bfaa3f21
40463f6c
c039be6e
40333f51
4023408d
beba40ec
bfdd3f4d
3fe73f44
3e14409a
3dac3f11
40a53f02
40dabf79
c03a3f70
3fc03d44
4083408c
3e9f40da
40024007
40d04090
3f024043
4018406c
bf0b4100
bfddbd2f
3cb53f44
4022bf31
3d6f3fd7
409a3fee
3f99bf0b
41093f51
be24402a
3f4a3fdc
407b3f12
40a34037
40f04058
3eed3dac
3f873f9a
3f2dbeac
bfd23ffc
bfd0bead
3f444013
3fc040cc
bfc2410d
4096401e
40ee4033
3f813f8a
beb34021
bf6c410a
40833f71
40093f3b
4031409e
be9a405b
3f4140e9
40cf3f69
4091408a
40173fde
bf9e4046
3f7f408b
40c1be8f
bf844031
3bc74029
40544041
bfde407a
400fbede
408abf12
bf46bef6
bf393e90
401ac031
3f463f99
401a3f7f
4030bfbd
3f534096
40b74008
40033e90
4084bf66
400440a0
bf70404c
be294022
400c4017
40633fb5
3ebe40b8
3f8bbffb
404b40b3
40bf3fa6
40bbbe47
3f944072
3f7c40cc
40b4409d
40734021
408abe9f
bf36406d
4071405e
405d403d
bf113fae
bfee3fe0
3e4a4083
3f2f409b
4079bff6
4051bf10
40004049
40204069
bf4340aa
406c4046
40023f37
40963f49
3f684012
bfa640c5
401440a0
40a7be3c
be9a4022
401abffc
40534078
40b3410c
3fc33fda
bf044081
401940ba
bedf3e82
bfd2bfe8
40cbbf76
40284080
3f564087
3fe44086
40a6409b
3f8cbcc1
bf683fb5
3f74bf83
3f734011
40ae4096
c0074038
3faa401b
40023fe4
4030c00d
4032401d
be4a3ff6
402c408a
3fd0bfa4
becd3ec7
bf03410b
beba3f18
3f703fe1
3ff03f3f
3fdbbf82
40a33f4d
3fb03f9b
be89beeb
40213fb2
40263fab
3fb340b9
bf953e76
40703ea6
40124030
3fe240d5
408740bb
bfae4009
bb744070
3edb3efa
bf794037
3fe940b9
40b13fd6
bf31bfad
40274098
bf45be15
4035c039
40e3bf35
4060bfaa
bf31bfa4
beff4024
40a74036
40ae403f
4100400e
3f324083
408b3df3
bf32bfc5
40d53ffd
3fbbbfb3
3fc84095
be9040e9
bf9d40e8
404abe9d
3ecb3f25
3f2cbfc6
401abfde
3d89410b
4010401e
bf83bf02
3f04402e
403dbf34
4027bf3c
bf7e3fb9
3f0ebec4
be74bf09
4064bffb
40384046
bf8d3f95
bfd43ed2
be193feb
4084bf43
3ff34086
40c04032
40cfbfb3
4006beb6
bf3a4067
3f3440b1
409bbe8b
40834019
3fa14036
3ffabf7b
40a4bf8d
40273f75
40f73e33
3b054098
404b4094
4078410b
bff1400d
403d404d
3fcebfa2
bfb33f88
402c3ea7
40144009
409f4087
be874094
400d40a1
3fb74066
40d1bf54
c0363fc3
3ef9bd68
403940b2
3de54082
bf8d3fe7
bfeebf50
402d3ef0
4024bfbf
4031bfad
becbbf44
3e1cbf61
3f713e91
4087401f
4014410d
3fb4403a
bd99bfb2
be193efa
402940ad
3f183fdc
bfae3ffb
bf8c3ec2
bf143f7f
3fe540ea
bf8a3eaa
3d7d3b23
4043bf2c
400b4045
4057404d
bf17c00e
40ed3f3d
c0304043
3ec53f98
3b243fa3
4092bfb0
4035bf6e
40ce3f9c
3c04401d
3fb23f7a
4098bf52
40643e95
bed8408c
4033bfa0
3f9a40af
400440bb
401a402e
40f8400e
40384088
3fdcbe3e
3f92be87
4077be70
40173f29
40054001
bf67be6f
4044406d
403bbe58
bf7bbf2a
3fbfbeaa
3f3a4013
40b0407b
409c400e
3ee4bf7e
401cbf83
40884031
bfd24088
4055402a
4023bf5e
bd044052
4032bf85
40b340e3
3fb2bec9
40fbbe66
402a4029
bfa840ef
40bd407a
bf9b3fb5
bf96bedb
4001403c
405b40b2
bf93409f
c01abf44
4083400f
be76bf8c
3febc013
3ddbbf94
40aa3f77
c00f3d2b
402c3f00
3f2e3e83
40264103
4044400a
40a54001
3f4c3fa7
bf5e4083
406b40bc
beed401f
40a1405e
3ea43fdc
bfaebf8f
bfce4050
3ecb3e68
3f8a3fc8
40164006
3f4c4092
3fb540c2
bf7e3fac
3f19408b
3fcb40a1
407dc003
3f473f1e
3fa04020
bf573fa2
3f88400d
408ebedb
3f894105
3ee0be84
409c3f97
bf753fb4
4090c015
405ebfb3
bfca3f82
3ec2bea3
3f6640ab
be5140b5
403540c7
bfdd3f4b
3fea4049
3e624044
3f793f5b
404ebf49
3f853f97
400d4052
bf5540b6
bf3f407c
4003bf1f
40373f6b
bf1c404c
400d400c
40843f41
3ea5bfa8
40d2be35
c034408a
3fdfbf62
3ebc40ed
4085403b
3fa34032
c009408c
3f8c4006
be8940ee
bf993f0c
40ba4014
3f123f00
3fddbfdd
40323f48
40014027
3f484033
40b0406d
3d5340ac
3fb940ac
bf834106
405abebf
3f9f400e
bf544059
3fe8408d
40a44016
408f3f54
410abfb3
3eacbff3
bf87c00f
bfe940d2
40c14036
40c7bd9c
4004403b
bf5e40e1
3d2240cc
40a14001
407c3f8a
3edc4098
404f3e6b
409140c1
40ee4010
c0053da0
402a3f48
40883f18
bdc540cd
40803f64
404fbe84
40213e8f
40854021
404340f8
40aa3f2a
40523f96
3dca4017
3d2c4094
bfb93e55
40964021
40ef3d62
402bbf3c
408dbf84
4028c006
40bc403a
40c0bed0
40374038
bfbabe85
bfd4406e
3f974022
408c4005
402a40b3
408a4099
3f3e4030
40003d73
c012bfab
bf7f4049
40214091
40804083
40013fed
41094052
3fff4043
3f7a402a
3f453fdb
bf833dc1
3fa63fda
4030be5c
3f9f40df
40053eb4
40c8400c
3fabbfb6
401440a6
3f10401b
bffabf1d
40603f73
40bfbfb2
3f37bde5
4078401b
40b3bf79
bfe34007
c0274084
3eeb4084
4071401c
bfefbf82
c017bf37
befebf9a
bd3d4085
bf723f5c
be14bf85
be07bf75
40bb3f15
3f89bf32
4017bfc6
408440fa
40433fa7
3e4c405f
40303f65
3f073f3b
beb5c026
40aebf5d
40af408c
bec3409a
4087bfc2
3f4cbf4b
40c6bf6f
bf78bf07
be204047
bf133ff2
3faf400e
40bf3fdf
c029be2a
3e91bfdf
408d4080
408d40fd
40e53c3f
3e6dbf6b
3ff640a9
40043fa8
405a4056
c01b3fa6
410b400b
400bbfe8
3ff3c006
40bbc00e
40194007
40b83fd8
3fbb3fb7
bf673f6c
3fa2408e
3f03bf41
3fd84059
3fb6403d
4013bfd3
bec53f58
402e3fe2
401c3fb5
40363f7e
3ff83fce
405940fa
40b8403f
40d54063
3f82404a
3ef3c001
bf9c4103
bfec3fdd
40ca3ff4
3f99bf81
3fa6407f
bfe040c8
40a53e7b
3f823ff5
3f7c3f93
3f14407a
4091bff5
40b34010
40c43f9c
400e4044
3fc140b1
40914029
bf663fe5
40ef403b
3f5340b9
400f3f51
4097bfa1
bef1bf7d
bfc43f74
400bbef8
40224026
bff74034
bfa04038
3f2a3fb8
bf1240b2
3fb0bfa8
40a1c008
400a3ff1
40b34087
3f82bf92
40783ee2
bfd040ac
400b402f
40a2bfa4
bf0cbf5e
ba5b40bf
3f3b4048
4068bf4f
40673f40
4033bf9b
3f6fbf4e
40b2c02b
404b3f43
bf5e3fc0
bdd04022
3f2c4058
403e40c1
4092bef6
bf913f16
be2c3ea2
408f4004
40bb3f5b
3ff2bf51
40c64061
40023de2
3f8dbe7c
bf34c009
40d53fc7
41013f68
3f2bbff5
bf013efd
40a6c001
4074401f
3fa04073
4003400f
bf6f4038
bfc64085
40e64003
40d2401d
403b4037
408240d4
409240ac
bf8f3f81
bf41bf54
401b40b3
4019bfee
3ff4c03a
40a93ff0
bfd0403b
40034021
402b40e9
bfc340d0
40e1bf0f
bf73402a
3fb23ff0
3fb640e3
405cbf06
bf5abf4f
c0373f61
3f3f4044
3f8b4031
be453f38
3f8a3da5
40804067
3fb8409e
401dbff9
40053fcd
402bbf2c
40af3f66
3f3340b3
403d4014
bce140b2
3f8d3fd4
3f893ebc
403e40bf
3fcc3f08
be3b40d6
40d43f2f
40143f52
bebabf91
402540ee
bfcd4109
40b8403c
4023400e
3e48bf7a
befabf47
408f4081
bedabf41
be99be5c
4028bf96
bf9540a7
40963ea5
402d3ea0
40a83e9d
400b400f
404f40a2
408e40d4
40c8402e
40d7400c
4034bfdb
bda440d7
4042404c
403f3ffd
40d2bd6e
3eb9bf13
3c2f3fd7
4018405f
403f3ff2
4094408a
3f5fbf65
bfac3ffc
40ae3fd8
40673ebe
410c4002
4036401d
be243f4e
40b3bf4e
40874036
41043fd7
3fe13f29
3f734012
be5bbdc1
3ed3bf10
40bebf3f
bf633ce4
3f453f3f
bf95bf2c
3ff53faf
40db3f41
bf3dbe72
bf4140d6
409d4066
bf2d3fc0
40b9404d
40104004
3f89408a
406540a6
bdf53fd1
40c3bf8c
bd0a40a2
4086bfcf
3f8440ac
40b53f90
3ee93fe3
40124092
bfb23e43
3f4d4109
bfb44038
bfd63fec
401a3ffe
403b4017
404dbf14
beedbe55
41063fea
3f29bf48
bfa9408f
407e4044
3fa3bec3
40983f99
401c40bb
bed9409d
3ea23f66
40e2bf60
404a3f6b
4018bfac
408b4091
3ee94033
409f3f90
3e273f80
3f38bf58
4087bfe9
3be24091
40293f01
c007403e
3fd4402d
403f4020
bfab400d
bd64bebb
3fd64028
403a40a3
3f213fbc
3c86400f
3fc53d1a
40e93eab
3fcb4074
4005bfbb
40294037
3f914030
bf85405b
bf443f25
40294032
bf1140e4
3f464015
40c0bf57
bebfbffd
bf8d40d2
3fc43f3e
409d402b
3e7a4080
403540a4
bf8540ad
bf7e3f67
3ec23ede
40e93f0b
3fc9401a
3fdcbfe3
405e4064
40b2403f
bffe3fc1
3ebbbf18
40613edc
bf5b40f5
40593fa9
bf50bcfc
bf1640ab
bf1c40c5
40343f4a
40e8401c
40f9bf7e
400a3ee1
4010bfc2
bea44067
bf9b4028
bf53bcaf
be99404f
be4b40e0
bed9bf96
bfcc3feb
40523df6
3fe43fc3
40124097
40af405a
40993fa8
bfb9408e
3f644092
4005bddc
3fc040cd
bf5f3fa1
3fbc4009
beaa4089
bf924040
401640bd
3d824019
40bf4040
3fc9bf90
3fae3ff7
4081410a
40964022
c0113fdb
403a3f9c
3e61c009
bffb40c2
3fc2bebf
40724003
3fff3f35
bf1c4070
bfcf40ce
bf80400d
407a4012
3f824043
408e404a
bde7c01d
40d13f2d
bfc94016
3fd33e5e
40194042
bf443f9b
3fa53fa8
3ece401e
3fc2403e
4050400d
bf893e32
c0103fa2
40e9402a
bf5c3ff9
3f8340c6
3ff740d6
3f533ffa
40984012
bddcbe22
3f6240c0
bfc340de
408cbeaf
3fc9408d
bf164039
4036be55
409a40dd
403b4017
40c6bf79
40163fd5
bfb940a3
400440f6
bf68bcb9
41014077
3f7a403f
3ff93fff
408640a2
bf484002
40ba3fac
bc81bfdf
bf42be74
4003c017
4050be54
c03f406d
bf50409b
be21404b
40b5bf57
408a3db8
c0003fce
3fbb4074
bf8440a3
3f924108
c0143f2d
40743f8e
3f6f3fc5
3ec8403f
3ff24087
40ca3fb2
4002bdb6
bf6540b3
bf893f29
bf7c40a8
4036bf29
40884082
3fc43e7b
bdd3407c
3e724094
40ccbf06
40b34033
401c40a7
bf283fd1
409c408a
40dc3f96
41053ebc
3fcc4078
3ed74001
409d408d
bfbf3efb
40323ff0
40223faa
40414082
402b3fe9
bf7abf6c
befd3e8a
bf0b40b7
408240de
402c40f1
4002bef6
407cbf7f
3e6b3fdf
404ebdbb
bfbe403f
3f573f95
40b54050
4012405c
bee44092
409a40d4
40394023
bf14408c
3fa1bfaf
3ff140b5
409d4052
40643f81
40e5bfb8
bf56bf9e
bf85401a
40b340e4
40ba403a
410c3f60
3e744009
4070404b
3f3b40eb
bbc4bf17
410d3d47
3fcfbddd
3ef23ff3
408bbf81
3f4c3d5a
408b408f
bf7c404d
3ef93f96
3fbc4087
40ad400b
408f406a
3f1f4065
4017bf9f
40843ff0
40924023
404d3fea
3fad4085
40834099
40254029
40593d70
407dbe84
3f3fbebc
408340dc
3fc63fc2
40a03ff2
405d3fc1
bf244026
bfbd3f28
bf204051
408a401b
40c4bf2f
4029409f
403dc000
3f0e40d6
40d33e16
410b4011
3f9cbeda
3f93bf0f
3fec3fe3
40a2bc3c
bfc4405d
be854054
bf63400a
be84bf39
40714040
c030be26
402a405a
3fec3edc
4011bef9
4039beb6
bfa2406a
4039bfbb
409040ab
4082c02c
3fb03ee5
bf00408d
3ef23ee2
3f90409c
bfda40f0
409f4031
4109bf92
400b3f5a
bebbbfa1
402f3faf
400e3f22
c0373fa8
bf5f40be
bef54081
3fb2406b
4021bf76
3fde3f8d
3fdc3e83
4039bfb3
408240dd
408d3fd8
40e1be73
3f5440ab
401e3ff8
40063e90
3fb24027
40cf3fe7
40213f99
408c40b8
3fb33ecc
40424035
beed3fbf
3fda4038
405a40b7
bf3a400e
405b4038
40783dd3
bf244029
400f40cb
3f35bf43
c0103ffd
bf10406f
3fb4bf18
bf9240d7
404f40c1
3f8b3fba
be0c406e
3f164088
bd75405a
be9a40ef
3f0a3fc0
4108bf73
4027bf0a
40483fe6
40954108
40d23f94
402a4001
3fea40ac
3ea53f2a
40a73f9f
38ad3ee9
408a3eae
3db43e9a
408a3f8f
4067bfa4
40a53f62
40ad404a
bf6c403c
40854002
407fbd73
409e3ebf
4029bfa4
400b3f7d
bf9e4070
3fe8409c
3d9f3e21
40934074
bf3c3f18
3f2d406f
3e25405e
bfff3fad
403c4038
3e8b40b3
40214042
bfe440c9
3fcf3fdd
40f63fb6
3ee73f07
3fb640c3
40bc40b1
40a53f7c
408b408c
3e544031
401740a6
3f9e4057
bf06bd3d
3f9abf32
bf1c4077
4053bf8e
3ef5bfbd
40e83f33
c02a4033
3f8f40b8
3fcc40ea
40ba4038
40b23ea1
40dbbeeb
bf6940bd
3fb440c8
40ad40fe
bfdd3fc0
40094067
4015402e
be45bfc1
bfce403e
40a03f7c
40803ddc
3fd53f51
4085402b
3fe740c6
40d83f25
4028bdd8
403b3fc0
3ff5bf88
bf2c4007
40c74040
c02c3ffe
40084086
405a40cc
408e3fbb
40e44013
402f4007
3f7b401c
bf93bf76
bf24bed9
3f6c3ffb
4022bed0
4018bf93
3fd340a4
404fbe99
40c43d2c
3e164045
bf2ebed9
3f9640bf
bc544086
bfbb3fbd
bf09bf86
3f36bf87
405a4071
409140a6
bfb9bf3f
3f30bf0f
4037bff5
403e40ee
bef23f64
408c4025
40834089
3f64bedb
407a3fe1
409dc02b
3f0b3f1d
3ef73f3c
4013bee9
beb340d4
40963ebd
3e0a3fd3
3e594042
3fffbf21
3f4b40be
3fd8400b
402bbf75
40cc3e90
3f73bf07
bd9c3f68
40b1c034
3f703fa5
40b93f0b
3fa74045
be0dc003
4052406d
bfd6401e
408f4056
bead4036
bfaec017
40b240ee
4081bf32
40d3405b
3f934030
4061c014
bfab3fa4
409c4039
4103408f
bee040b9
bf28bf72
be5c3f76
405ebf01
c035406e
4012bfa3
403e4003
40344074
c0164023
40fa4036
3f903f34
bf623fcb
3f00408f
3df7bdf6
40af3fd5
bf3a4005
40283fc0
408bbf2e
40684012
40d83f07
401d3f05
400d4006
3ea1400e
bfd0400d
406f3edd
40013ef9
403bc002
be9740c8
405c402c
40d44081
bf60bf32
bf87407f
3e1240c9
bfec400c
409f4048
bf6c3c71
bd6f4017
3f923fa3
40903f77
c01a3ff8
3f3d3fc9
3dab3e83
3fef40c0
bec23fb4
bd9f4055
4033bfbc
bf9b4078
bef540be
40ae3c53
be6cbef6
bf40bf5e
40393f9f
404e40aa
bedb3fdb
40fbbfa0
4035bf5f
402a3f8a
bf25c014
bf293f38
4044bee1
3fd4bfe7
bf6b3da5
4089410f
beba403c
4100401b
3f373fb6
bf26406a
3fc94094
40d23f0d
40733fff
3f1c3f71
3f95409d
4034bf9c
be0e3fc3
3fd1402c
402dbef5
3f964053
40c0c031
40e3400b
40a34014
401540bc
bf6abf84
bed34107
4064bf3f
40e14045
400740bb
405b40c4
40bb410d
40c14025
3fd74081
403ebe2f
3fd23ded
40313ea3
406c4020
40bf4014
3f363f21
407840d5
3fe8409d
3edb402d
3f1d4000
3ffbbf44
40843f14
bf0840cb
3feb4011
40e14027
402a3f4b
401fc002
408cbf02
be4c3fe8
3e883fb8
4039409b
bfa6bfca
40b53fb6
40723eb3
40ad407e
3e234084
40843f9e
be263f37
402dbeee
bfd5be40
3f843fd4
400b4025
bddb410b
40e8bea2
40e53f10
3fc03ff1
3f4640a6
40a83fd6
3ff33d23
40f83f0b
403cbe87
401c4009
3fc540e6
40d13f9a
40973f5d
bf673e8d
3fd7409c
404f3fea
408d403a
c023405f
3fee40a5
3f293eeb
4099c007
40a34026
bef03e60
40223ff5
4067bf88
40493e64
bfbb3fc7
405b3f44
bf0a3f82
4030bfdf
4015bff5
3fed4002
bfb2bf9a
400c3dbb
3e6a409d
4098bf47
40bb3f5b
40594034
401abfef
407b4081
40384107
409c3f1d
403c4074
becf4092
3ea6c01f
40bd4098
40154036
40803ffd
40294051
405940a3
beb94005
40983f26
bf9b4082
3f104082
3e5640af
4062410d
beff4001
408e3f4d
3ee34091
400a4091
40b240b1
4033befa
bfb43fd3
3fe1408b
405b40be
40423fcf
40923f8c
40f8be35
3e483ef5
40154089
3fca4039
c0123f0d
40c5400a
3ef73f6c
3fbbbfc7
3f7540b1
409b4022
c03ebf4d
403d3faf
40863ffe
40694102
4070bf25
408a402a
3fd73f87
402940b1
403840b0
3ffb3f27
4096bf8d
3ffa40b4
3ff93f30
be324101
40d03f91
403a4064
3f2640ae
3f233f1f
bf0e40e0
c019bef4
bf364058
befc4087
4090bd98
40833f61
40153e55
bf65bf9b
3fd73e72
3f8cbf94
3f93bf31
40ab402e
4106bf56
3fe93f81
40403c06
40a43f0d
4037bea5
40943f42
401ebf8c
408740a8
3fca3fef
3e843f4b
40ee3cab
3fa44048
3f7040d7
3f903f3c
bf713fe6
410abf7e
bf253ffb
bfb34046
3fa83f50
404fbf2b
40dabda0
bf7c4025
bfbac003
3ffb4105
40ea4015
bf174083
3ff74022
bf79c01a
bf8540af
3fbc3f73
408ebedb
40174032
3efbbfb9
bf5d400b
40403f55
4100bf1e
be4a3fde
407440a9
40bfbf02
3fe13e21
c01f405b
3ff43fa6
3fa74042
3eac4022
40c3bf37
bf694029
bed4bdc7
be993ffc
405740fd
bff5bf22
c0323d17
400340a5
40223fee
402b40cd
40973fe8
40aa4008
3e614093
3edfbf0d
be7e409d
400cbee5
409a4086
3f0640a6
bf21406a
bf0d40e5
3fdebf52
40d33f49
beff409b
40714022
400e4093
40e23fac
be67bf48
3f444042
bf93c014
bf92410e
408d3e95
40764007
401fbfc6
3fe3bf52
402a3d39
407c3fdd
4050400a
3f5c3ed6
bea340e9
40bd410a
40b03fb4
40473fca
3d9ebf13
3f98c005
3fa0c007
40b0bdec
bdbdbf50
400c4007
3cea4068
bff5bf8c
406cbe5d
40c43ca9
3ff7bf3a
3fe94029
408040ba
3f033fee
be3abe97
bf7cbf65
3ffd40ef
40943f91
404f3fcc
40b14003
bf194094
bf27bed3
40a53e40
3f293ffe
40843f82
402bbc1b
3fef4025
40004043
3f4ebf5a
bfe9bf97
3f653f15
4056bee4
3e2c4073
c0123ff9
40f2bf98
4012403e
40733e43
40a03fc6
bf753f44
410e3e2f
bef14068
bd24409d
40b4c01d
bec93e3c
410a400c
bee33fe7
be84bf7b
3f7c3f0f
3f3c401c
bf933e6f
bf4e4049
bfbebfdd
40aa407c
40e23fe7
40a93f87
be124032
3fab4083
40683eda
40693fbc
40fc3ebf
403cbdaf
be57bf1e
3f9740cc
40663f09
3ec6401c
3fee40b4
bee14039
40054094
3f033fb1
bda13d0d
3f5b4011
40614089
bf3c40b1
405f3f29
3f3c4032
3fb13eb5
be7440b8
3fa8c017
bfbe4035
c0184088
403e4043
400640ab
40acbf93
40813e9d
400b3fad
bee14004
404d4058
40954046
be80bf23
40e64064
3fe0bfe4
402e3fba
40afbfd4
3f6d3ff8
40d63f59
3f8d3f85
3fcbbf91
40903f21
3ccb4022
409a3f85
401abfdb
3fa03dca
3e894109
40d1bf70
c0024049
403d3e1b
3f2740ea
bfeabf9f
3f71be9b
40cf3e9e
bed33fde
4058bfd0
3f713f8c
402a3f84
40573f81
3fe14010
bf294001
bfc23c8d
bf444029
bf894086
4008bfec
beec4032
3fc24104
40a1bf67
3f88408a
3ffb4036
3f534093
3ee3410e
bf283fbe
40bbbf23
40383f7e
bfaf4015
3ebc408c
4004403c
40d7be25
bf6bbcb6
3ffcbe53
409440f9
3ffb3f85
bf904067
befc3fb9
3fc340c8
be41beaa
bff33ff6
3f254081
3f68408c
3dac4030
40b5410d
bfcb3fbb
bfeabfac
4029bfe5
be293d11
3fc8c01d
402d403b
40ebbf3b
3eb640a4
40084046
bf954006
40823f13
4051bfa8
3f684048
403940b4
be80408b
40d53f97
40e6bf88
be8140aa
40454083
406940fc
3f96bf7b
40b04055
3f9b3f4a
4081bffa
bea53fce
40ef3fbb
403dbf9e
3f704056
3fa14061
403b4016
3fd63fd1
40ed3eb4
3fc84048
be53402e
40ad40cb
40df4006
3fce3f79
3fc43f9f
bfba3ffc
3f8b4048
40e54035
40974048
3fc640ba
3f6c409b
3f8b4107
c0073f71
bf483f98
403c4017
bfb9bf87
40af4107
bfa94028
40864050
be753ffc
bf813fd0
40bf4060
40e44030
40d2bea4
3fda3f13
bf1bbf05
bf41bfa8
40cc3f85
40f23efa
be20408f
3fef40a3
bfee40d7
40cc3f80
40b33fc5
40134081
3fdebd84
3ffa409a
c0183d83
400a3f5e
3f704074
4055bfe0
3f5540c7
4050401f
c026405e
3e0b40be
beee40e6
be7c410f
bcb4bf75
404c3f9e
3fb5401d
403f40c2
bfa440f3
40a5be2e
40843f92
3f994072
406abfe9
40ac3f91
40773f0e
40583e51
bf25bea8
bec4bfcc
408140f0
3fed3feb
3e663f38
3f493ddc
3e67bf3f
40b4bfa0
c00f3eab
40633fcc
bf493f94
bfa7bfa7
bf0c40ea
403bbdbe
3f8bbe81
400a3fa1
40454084
403cbfff
4010bf52
40973f76
3f763fd9
4082409d
bf1540da
3e664007
40a63fdd
3fd23e14
3fab40de
3ce44000
407a3fe5
3db5bfb0
bf03405b
bfa5c005
bf0c40e9
40dd403a
4004bf8b
402c406e
40254068
4092c007
c004bef6
4019400d
3fca402a
be9b3f2d
40a840e3
40c4bf22
40124067
3fcb4059
408c40a9
40373fc5
409f3f4a
bf934005
4008bff1
3e9ebfa5
3f17bfa9
40d4401e
4086407d
400b3e67
3fea4073
bfadbfc0
40983ff2
40dfbf49
3fbb3fad
401040c1
3e374106
bf823d33
bfaa4076
bf2cbdca
bf76bf88
3f244030
407c3f55
bf88bfbe
400c3fb3
401e4043
3d7240f4
403b3fc2
3fce3ee5
3f9a403c
bfb83ffe
bf9f410e
4017403b
3e573fb5
3e013fb6
3f9a4005
40b1bdc8
40543f8f
c03dbfbe
3f28bfd0
bc86409e
3eb4400e
bfcfbee2
40f1bfbd
3f934090
bf69bf4c
403d3fa7
3fadbd13
40bd3fe9
3fb240b5
3f62400e
409540bf
40094014
4103402c
bec2bff1
3fe2409f
40013db5
407b4028
40ce4053
3d00402e
bf8fbf82
40b0bf49
40e6400d
c0033f47
3ed140a2
40204088
3eb740d9
40263f1a
bf773f76
403d407e
3ecdbee1
408ec00e
40df4033
bf894024
40153e99
3f41c006
4007403c
400c3ffe
402c3f9b
3fe0407e
bec840cc
bf2940ed
bfa3401a
3f443fbf
bf2b3ee1
bf8f40da
bf8d3fbe
4092bf16
40e1be39
bf283fac
40494088
bf8a3fe1
40c53f9f
40f0402b
3e5c4071
beebc018
406ec006
3f26bee4
bfea3ffd
4031408d
3f33bff4
405140f1
3eefbd7e
bf974084
3fd5bfbd
400b40db
bfef40f1
403a3fc4
40cebf27
401b401a
3f9cbf71
40a240c5
40efbecc
40fc3fcd
be9c40a6
3fd2bfb8
3fadbfff
409bbf0e
40c8405c
4011bfc2
401040d7
3fd3c013
bf55400d
40b73db6
3fd54089
40653ef8
40aac010
40d63f86
406a407f
3fe03f99
3f67bfbb
4060401a
bfae400a
404c405d
40204024
bf2abea7
3f4b40b1
3f683fb6
4103407b
bed74064
bee5404d
3ff540f0
bf3e4035
410f3fb3
3ffb3f85
3fcb4028
405c3f29
be713f14
409e3f8c
bf423fa3
beee4078
bff840bf
40aa3ed7
bff9bef7
bf5d408f
bf9f40bf
4061409b
401b3f50
3fbb4044
3fd63e82
3f804054
408940a4
c0133fda
c025bfb2
3c2b4086
bf6e4052
3fcdbfb6
40a13f01
bffc4075
401840a9
bf393f5c
3f753e7e
40a13faf
40aa402e
be7a405c
403140b9
4032c026
40883f3e
4087408a
3f9abfe2
be02c007
bca0c02c
bfa6bf62
c01c4023
bf384097
bfab4081
3f8f40fd
40334020
3feb3fd1
400a3fb5
bf9dbf6c
40894014
40aebdcb
3f59bfa2
3f0840b6
bf6c40b9
408b4093
c0083fd1
40cf4016
be0e403d
3f90bf92
40513d8c
40a6bf01
410cbc94
bdf53f43
405e3f1b
3f6740fc
40a73f29
3fccbf08
bf674028
408040e3
409540c6
40eb3ffa
3fcb3e88
4007408f
3f2c40cf
408a3f8a
40ccbf03
40f43fed
bed63d96
3f543fbb
bff9406b
409abf77
c01e3fc9
be8a3fda
bf7b406e
400640db
40ef3fb7
bf8e3ef4
3dd7408a
3ee340c2
4095bcf2
bf54bf02
40fd3f8e
3febbfe9
3f96bf51
402a4061
403fbe9f
40754029
402fbf41
406b40d6
3f524086
40e43f77
40aabf06
3ef8bf82
403abfb4
3f524018
bfe24029
bfe73f24
3ff83f64
408740dd
402f404d
3f06bf2c
bf0a3fc5
3e4bbf44
bf3c3fba
4041409f
409b3f01
40223fe3
402cbfef
bee7405f
409d4079
40294022
40e9bec2
3faf3fd2
3f763fb7
409e40d3
bf893fff
bec0bec4
3f873e66
402a3fdb
40634108
40e93f07
408a3f2a
402abec7
40803fc8
400d40ab
409bbe18
4058400f
402e403e
be134029
400e3fae
40ae3f97
40264062
3d33402d
bfab40c8
40164035
40b33fe5
40a8bf89
bf02bf34
408a40cf
bff440fb
40b83f73
bfb23f4f
be293f41
3f80406f
405340a2
40d73f86
3ff04007
3f7a4012
408340e9
4098402d
40a44009
40cabf88
3fcfbf84
be9140ab
4038bfde
40b43e9f
40864032
bebc40ac
40074075
40a34081
40b2be33
bfc73f5a
3fd040ab
3fc2bf87
3f4e4066
40b14002
40583fc9
3f01401b
bf213d0f
bfbf404b
40c94004
bf763d83
bf76408c
be9d406d
405f40ea
40d03f8b
40d74032
bf1b4076
400e40af
bf10c007
40a43f9b
40654085
40373f12
bf093e8f
bff9bfc1
c011401b
40c13e98
bf27bc8b
408fc00f
be2c40e5
40994032
410a3f3b
3fd140bb
3fc1bf73
bf194091
40d93d42
410fbcc1
bf7e3d9b
4053bfa3
40bf40b4
bea8bf6f
401abc07
3b96bf66
bf104085
3fa0bf62
401c400c
40773e4c
40234090
406c409c
3fc0bfaa
bf8dbe4b
c0254026
3f284066
40353f91
40a0bfba
3fec3f2e
c0153f5d
bebf4094
3f8440bf
3e0fbebe
402c3fbc
400e4019
40113e25
3fa64019
400340de
40eabec9
406ebefe
be7140a2
3fbfc008
408540f8
40033f79
40c6bf8f
4021402a
bf20401b
40a33ee0
40674009
41043fa6
3fc0bfb5
bf4fbfbf
40a7bf07
3f093c9c
c03e4056
40344088
40614010
bdbac023
3ff53fe0
3f90bf45
3fcf40bb
3fa34013
3d8840c1
3f883fb8
3f7b3fc9
401b4076
bf0340af
bff94103
40a63f0b
4050bfb4
3ef53ec7
3ee24064
407640bc
3ff2402d
4085be05
bf46be90
406f4086
40b84077
40b14002
bfe43e36
bf0dbfe2
406940d4
404a40fd
c0163d9b
408e3e90
beee3ffa
40463f7c
4015403e
3fae4030
40b9bf0d
be0f403b
3fc34082
4066c039
4098bf28
bfa83f23
40274091
3eb94064
40aa3f0a
c012bf05
3f65404d
40354004
3e864077
403dc00a
3f9cbf47
40c34024
becdbfd2
bd4f4039
3fc14069
bf473f33
bf57404f
bf533fa0
bfaf3fa3
3dc94067
40113fe9
3e223f4e
4005beec
bea140d1
40ad4061
40c7beaf
40f1bada
4034bf91
be0d3ff4
3ff94089
40a44013
403a3f8f
403d3e08
403140e5
bccc4043
3fef3fbf
bfd93efe
3fafbffd
406240a3
3f8c40e9
40bd3f6f
40df3ff4
4020bf1b
bdfcbffb
3f87408d
3ffabe47
3f98405e
3f09bfcf
bfb54058
3f44406a
4089bf29
40214010
be944075
408e3f19
401a4105
40813fb0
41034025
3f583f2f
3fc8bdbd
3f954015
3fc2400b
40013fa8
40154097
3f2cbfa2
40ae410b
40ef4029
40a84059
bed53f02
407740e4
bff9406a
401f3eab
40af3f67
3ff24080
40434048
3ffebf11
40803f63
c033bf6f
3f024089
bfc040a3
4087410b
400b3fc9
bf88bde5
3f8dbfe8
bf8240f0
40664096
3f994014
40f5bf2c
3fc4bffa
4087bf93
bff34009
3fa9bf01
402d402b
4032bfaf
bfb0bfd4
bfe44069
bfcb3fce
40e8406b
bf1b3fce
3e27bf88
3f83bfcd
40df3fab
402b405a
4021bfd6
bf2b3db2
40574001
40353f6c
408cbdbe
3e90bfdf
40243fb2
bead40f8
bf9fbd72
408b3f30
3ed6407a
3e8d4000
40b64058
3fcb3ed7
40c14073
bf4640bf
4071be9a
408dbfa5
40bfbf29
bf494084
4014409a
3f5a3fa5
bf9240f9
3feb3fb7
40994051
40394070
3fa0bf61
40594065
be983f9a
40953e5f
bf383d6d
bf8c40a1
40af406c
40434017
c00b3ec8
3ec5bfd6
406f400e
406cbf25
be8a3f41
4004bfaa
400abfb1
3f77bff0
beb53f7a
4085401d
4061404b
3f17bfd0
3fca4053
3fe34102
40d33f35
c0344077
400840b4
3f5f409f
403a4014
40943ed3
40d53fe9
3fd5bfda
3ed640d7
3e7f410b
bf0cbe4d
410abfaa
4024bfef
4035408e
bfc0409a
40d73fe0
c00d3f28
3f253fa5
40904018
3fbf40a6
4076bf73
3f47406a
bf004031
3f7e404a
bf2540fa
4004bf55
40963f82
3f44408f
40074045
3f994036
bf973ccc
3f2a4081
3f8c3dd2
40383fa7
400240f7
408abf51
bfa93de3
bf7bbfb2
3fe53fb8
3fec40d8
40a33eb2
40bf4038
bf0c4049
3e203c68
3fd53fc2
bff7bd55
41043f60
bed93e17
40633f91
3fce3fac
40bd4011
bf883f93
402dbf14
3f03bf61
3f3fbd05
40d13f95
be643fd6
3f58bfb2
4086bd97
3fa84101
bf9fbf17
403f403a
3e93400c
bfad400a
bfd34081
404a4011
40a1bf98
3f983f5c
3fb34093
bf9840d4
bf233fd5
41003fdc
3e8a409a
be2dbf93
3f15bf12
3fdcbf63
40f43fa8
4035bff3
3f8340e0
3e0040a0
40433f14
bf83bf33
3fb040b5
400d40ef
40b6bfe8
4096be6a
bfaf3f96
3f2c401b
bfa6c019
409e4099
40993faa
40c24086
400e3f8d
4090408d
409a40a9
4084bf5d
bff9bebe
3fd1bf07
bf043f4a
40a640cd
407cbf1f
c02f4089
401fbea6
3ec73ed2
406140c3
bfa73eda
bf50bfa1
401abfd3
3dca40be
40a1409f
40143f46
408f4017
3f9940ab
3ff74021
40773fd4
401f403a
bfa4beea
3f943f28
bf3240c5
bf7bbf8c
bed83e8f
4070bf53
3ff8409d
3f86407e
4046bfbe
40943f3c
4096407c
40253e39
3e604031
3eef4086
3ff23fcd
3f2dbf4f
3ec8bfee
3f93bf8f
40b040f8
bfc2be8f
4090406d
403b3ed2
beb83da9
3f1a4052
3f58401d
c0123e32
3ef9bc0a
3d633fca
3e8c3f1d
40a8bea3
bfed3fb6
3fec4004
409040eb
3fb74106
40b54000
c02e3fca
3fe0bf4f
bfa73f3e
bea340f6
c0134024
c0294066
3fe04037
3fc740eb
bff1410f
c0033ff3
bfad4088
401e3f6d
4009bfce
409bbfed
400fbeff
40a13f43
40343f17
3fd6bf9f
409840a2
405d3f87
4096406d
401e4096
404f4001
403f4099
c007400f
3f36408e
bf4c3feb
bfb44041
401e4078
40d23fcc
3f333ff8
bf5a4053
3f2240a6
40624107
40bdbeea
40babecf
bca540b7
3f5b3db0
40a44092
3fe9bf3f
410abf7a
be33bff2
400dbeab
3f9640f6
40b73e0c
40ca3f44
3fe3408b
3f7c400f
bf363fd1
3e8c4039
41093e05
3f2e408c
407a4043
3f3140f9
40c73fc1
40403f5b
bf24bfa2
be754003
40b840f1
c0163f99
40c93fc1
3f0a404a
bfa0401c
4072bbbd
3ebabe6c
3e7c3fc0
4028bf8c
bfa3bd8d
3f9a4102
40cf3f23
bf09be86
3f1e3e1c
bf5f3f4e
401e4110
3f633fcd
40a64027
40144086
be963e51
4043bf5c
4036bf4e
40e23ff4
3dae409f
401940db
40a64040
3fd13fbb
4109403e
4035403f
404140d5
402540df
bfeb4014
40d04085
403e40b5
bfab40e3
3fc6c012
405e403c
400d3f95
4012401a
bdcd40e3
bdedc007
4006401c
409dbeb5
401b4093
3f04bfe9
beba4100
3fc93f97
40bfbeb4
3ffa3f85
3f2a4016
409a40a6
bf903f91
3ef13e32
bf58bdb6
406cbf64
3f944058
3fcfbedc
40f5bf0e
3f1d3fec
3f094015
bed8beae
404b3f68
410e3fe5
3f3bbfa0
3e0dbfcc
4085bec7
4051beb1
3f933f8c
40073fc1
bfa540cc
bdde4099
40b44009
40cd3f54
bedb3fa9
be1d40e5
40b7c012
40a53ebe
40a7bf24
403b4088
4059bf66
3ebabfe0
bf843fa4
406b4011
3ff3400f
4015bf87
3f15bf4d
3d3b3f8a
3e854082
401240af
3ff3bfcf
3f8240e0
3f303fcb
bd683df1
3e5a4023
3c4e39e1
405540e9
3ff93fd2
40664084
3fbcbf81
400ec00a
bec240d0
40aa3f17
40cabf99
3feebf87
40233f31
bfc0408b
3f96bf07
40443faa
403f4085
3f5e3ffd
bfaf40a7
bfd0beea
3fff3fb9
bd45bf1e
40133fb4
3f88bf86
3f203fd2
409dbfba
bf253e1f
3f6b3df7
404f410f
40b73fdf
c01b4088
3f914032
403840a2
405cc016
3f67bf60
40ae400b
bf37bf67
40604038
401e3fb2
40e03fbe
4094400b
400a406a
40844026
40aec016
bef4bd23
4016bf76
3fc7bf8a
3fa2404f
403f4104
4085bf04
40bebeb4
3ead4037
bfa33f68
bfde4035
c01a3eca
410d406d
3cad4061
3f4cbfbe
4047407e
40793faa
c03e3f98
3fe93f1e
4015bf5c
403a4103
3eac4030
c02a3edb
bec5406e
40614063
bdcebd86
40ed3f3d
bf65bf39
3fd14050
40873c8f
3f7e40de
407a4037
bfabbf61
3f114076
bf7340d5
bfed4007
40b5be88
408f4049
3fae3f6f
bfaf4093
3fd6409b
40b13f0e
40cc3fb4
bf66be27
40123f66
bdbfbff3
3db33fe7
40df3fc9
3fe43f83
404940a7
40124087
4094bf7c
40eb404a
3f8b4083
4075402e
401fbee9
405c3ff7
40c13ef9
403b40b1
be6bbf9a
409c3e0b
40e7bef7
40b74052
bf404093
3fcb4045
40b140c7
402dbeef
41044061
3e494061
408a40c2
4091c01f
befd3ffe
40ee408d
befe404b
40243f87
40bc40d0
3cd73fa8
3f27404f
400840ad
402d4063
408f3e5f
40a53fb8
4080bee6
402f3ed5
bdb44079
406340e8
c01f3f0c
bac03feb
3e1340af
bf8e400d
403c4109
40483fd9
4098beb7
3eaf4078
beef402b
40b64109
4060403b
40134014
401e4055
3e5bbea9
400240f5
3f843fc4
403fbf1f
3fc74076
bf1ebfb5
bfca40c0
3faabee8
40983f8e
bf203f30
be8ebfcb
40b3400f
401c3f09
409dbcf2
3f8040a1
bf2840eb
405640ed
3f2abefe
3f84bf66
bf154002
bfbb4062
bf98407c
3eaabd7f
40c5bf19
bd45404b
40463e02
bf41bfe5
3ffc4002
403b3fba
3fa93f09
3fd440c1
40a340ac
3fdc402d
bea04000
bd943ff0
40743f94
3f9b4098
40ddbf10
408f3e9c
3fd44008
be11406a
40824108
bf473f43
40374060
3fb7bfce
3f0b408f
409f3f5e
bf7cbf5a
41054071
3f6cbdbb
3fa7bfc3
bf3d40b2
401ebf4b
4094bf0c
bf5f4046
407f403d
3fbcbfa1
407d3fa6
403b4087
3f86bf50
407740bf
40544070
40babf3b
3dcc3fc1
3feb3fb0
3ffe4082
40733f0a
bfd43fc1
be933e9a
3fb8bfac
402cbfcf
3fcc4089
405cbf31
bfb0bfac
bdb9bf26
40694094
40b13faf
400b3fb7
403a4052
3fee40a0
406fbe8e
3f323f20
bfe53fa9
40973fcb
3f373ffa
3f5d3fb3
409abf3b
40be4017
40ae3c16
3ecf403a
bed8400c
3dadc001
40673e93
3f104081
beb83fdb
3f6cbecd
bf7ac03e
40ba3f5e
40e64015
4021405c
be843fba
407740e4
40eb3f87
40ec404e
bf52bfa8
bf0f4094
bd593fd0
3fa93e91
40e93fea
bf3c3f79
4046403a
4098405a
bfaa401a
40e2bf67
3fab405f
3ebd4095
40744080
400d3da6
bfb8bf54
3fd8bdf0
be60403c
bfaa410f
4078bed7
409b408d
bdf0bf8a
bf60bfc6
404c3e7c
c011bf7d
c0094067
4032bffb
40434066
40ba3fb1
40d2bf78
3fbcbf5b
bf7d40c0
3e81407f
408540be
40ec3fbe
c035bfc0
bf1540ad
bdcebfe7
bf004081
c01f3fb9
40c93ff9
3f6d3e11
407b40d3
4087bfca
40c14022
bf334047
402b400f
400040ed
3fcd3eee
40ef3ffc
3f72403d
3fbf4085
40654084
bf893fb6
bf60401f
bff3beda
3faf4032
bf33bf7c
40a6408a
40e7be7c
41053f78
3fbf3fea
bf1940a2
beea4090
3fcbbec5
40eb4062
3ffd3e98
be4e40b4
be0240b8
bedcbe1c
bfe43f49
3efb3f0a
be8d403d
be8e40e9
3f9f3fb4
bee3404b
401d4069
3ebebfbe
4087beb6
bfe33f58
40f83f8f
3fea3fc3
bf05c01d
40874019
bfb34029
3ca2bfa0
bf763f29
be07408e
40b64093
3fbbbf2b
bfe93fdf
3fffbf97
bdc240a2
3ec1406f
40853fa6
c0084051
be51bf58
404b4023
409b3e1e
bfe33f3e
40fabfb8
bf1abfdd
3f8b3fcc
bf814107
3fda3f7f
bfb93f89
3fd0402e
3f0e3fd2
407e402d
4011befc
401bbe6f
bee9400d
be7e4056
bdd94107
4080becd
409a400f
3efd3c3b
4039be94
bf89405c
40823f5e
40cdbe93
3fcd3f8d
40683ea6
bf873f1a
40ac4005
400b3f7e
3f6640ba
40893f29
4008bf87
bfeb3fa9
40e23fa8
403a40b9
4073c014
3fc440c7
bfd4be30
406e3f46
3f913fe3
bf90409d
40a54091
40433e08
c0073f89
401840af
401740bd
4049bf4e
c0073f3c
4101bd1a
3ff03f94
402640ad
bf7140dc
40873f0c
4016bf2b
3f243f7a
bd0dc005
bff040c0
3f05400b
c03f3f97
3ebb3f37
bf67bf9d
bf9e3fe4
3ff43fe0
4001404b
bdff408b
4042405f
bffc4073
40c33fda
4009bf35
bdf23f92
be9340b5
3e9740f9
3f8b3d4b
3db5402b
be453f88
3ebfbfeb
409240c0
40ad3ea7
c008407a
3ff03fe0
3f9d3dc3
bff3c03a
40ac3f14
3fa63f99
40263ea2
bf874082
3fa03ffe
40b2402b
3f103f95
3f443f2e
40904064
3fa140e6
3f5b401c
409b3f42
3f4ebfc4
3dd3408a
bf3240fb
3fce3fb9
c036bf96
bf564081
3f3640c4
4004404d
400a3c66
3f513fb8
3ec04056
3fcc4047
408240ad
bfcd3f6f
3f2f4074
40213ff9
4086c006
407540e5
40da400a
40a83f06
3d9040a7
3edd4019
40763e2c
bf0e4019
c0153fb5
402440a1
404440b4
40a3410f
3eb04008
bfc34059
3fa540b2
3ba9bfa0
bf0940c8
40a6402b
40ce3fcd
3ec63fa1
3fe8bebd
bf21401a
3f47403d
40c4bfa6
3eb140bd
400a400f
40a3410e
3fae4022
3fe74038
40334070
408540a9
bf5e408b
3fa0bf1c
3ebd3f04
3e3940a4
407ebf41
406c4053
4016402d
3e8d3eaa
3dfdbf87
4035bf2b
40b9bf06
3fb33fb6
4027bdff
3eb33f0c
3fd73f6d
40be3f24
40113eb3
4067405b
3fe7bfb6
bef73f87
3f0740db
3f6e3fb1
be39bfba
bf5940bf
3ffb405e
bfc140f4
40d23f03
4066401a
3fb940bc
3fea4051
407440b3
3efb4027
40bfbe90
4011bfab
408d3fe2
bf9bbe29
40ee3eac
40563ee5
3ee54040
3fd0402b
bffcbfa2
bf853ef1
3fb7bf32
403a403c
401d40b3
bf8d40ed
40e03fa5
40104068
3f264081
4083c020
bd994099
40b43f95
bf25407f
bece4072
3ffe40c4
3eef40f0
40853f6f
40b34022
3f403f14
401540cd
3fd44090
bfa24000
bf91beb7
400a3e94
3fecbfa5
bfbc40ed
407d3fd5
40833d70
3eb540a0
3e033fee
3f1240fe
bd314028
bed64010
401e40a1
403f3f59
3e644071
c0193f8f
40a54028
bf5040af
4009bfd9
bf8b40d7
4011bf02
3fae3f29
4000404e
40504008
404340ce
bfedbe13
40994038
3e1640a4
4026bf6d
40574092
3f213f2c
3fa8bf58
3fee3f89
404d40ca
3fd240ee
409cbeeb
bf8bbecf
3edd40a2
bf193f91
3fae3f00
be963ece
c02b408a
4028bcb0
3fc83f11
40933fd6
3ea63f87
40883fb3
3f5240a5
407040be
408fc016
40c84030
40b0bd12
3dbb40ac
406b4035
400f3fe3
bf9a3f1d
405a4002
3f8340aa
3f723f1c
400d403e
3f27bf2a
410fbe91
3f444030
40223ff6
402fbf9a
3d18bf1b
40eb3fb7
be9bbe61
404a4084
3f814110
40723fba
410d403c
401c3f9c
bf2140a1
bf88405d
409b3f30
bfc43f18
40354045
4040c019
3f61410c
3d8e3fd2
40994006
3e6440af
bfb0c00a
bf7440fe
40923f6d
4084bf9a
bea540be
4042beca
3fe64016
bf854035
c024408a
bf6f408b
3d03be9d
402c410c
bece3f69
3fa43ec3
40293fad
408fbf0c
bf3b3fe8
406b402d
3fda3f35
4028409b
406f40cc
403dc00e
40e84006
410f3f28
bf1d40b1
bef740df
402040ce
40393e93
4025bf5c
3fc04014
4044be80
406b4089
40a33d3a
40373ee5
401c4008
bf123f83
408a402d
40d0400e
be973ebc
3f9340ae
bfb7bf05
bff04024
40b23ec8
c039408b
bf5fbfa9
3f1940e7
bff13f2e
40c24011
40473f47
bde540a0
bd20bfb2
3f924103
40bf4006
40c8bf8c
3f273f88
bf174072
409cbfe9
40404027
40f6bfb1
400a3fe1
402ebff3
401bbf1e
40dd4027
3f383f26
be553e41
40273f4f
bfd4bfd4
bfaf3e6a
40bf408d
3ff64079
3fa6bf99
3f904085
3f903f04
405d4003
40133ff7
3f8c3fa6
40893f89
40ae4021
410d4009
3fcdbf53
bebd40d8
bf703f3b
3f5f3c05
40a73f26
3f2f3ff0
401ebfcd
bfefc006
c014400c
40314030
3fb93f5a
be5e40cb
40ae40b4
404d3e01
403e404f
3f6e4061
bef6bfd9
bfe53fc5
40803f4e
c00f405a
3fcf400d
4007bf39
4049c037
40e53ffb
40a04034
403c4093
404040cd
be11404c
40d73fdc
40df3f9f
4018be90
40824073
400a408d
bfae3fb7
3d8f400f
3f2a4058
3f5740e9
40aa40e7
40cf401a
3f843ffe
3f2ebfe5
407f40df
bfea405b
40c2bf5c
40ca3fad
403d409d
3e4ebf20
bffebeea
405e3d57
3fe4bf21
be56bef4
40473ff0
4068c022
40293f98
bfa0bfbd
400abe34
3fbb40a9
40524105
405b3fc2
3f8abf37
401340bd
3f16c013
be924055
40c43f67
40a5405e
3f8140ab
bfaa4076
40924091
40e84032
40fb3f9c
bf4ebfd2
40844069
bf664032
407a3f1b
40333ef8
401d40b4
3fb940cd
bfd53cf0
3fb43ea1
bf394062
3f634088
3f9b4075
408c3f24
bfb43f73
41023f21
3f354089
3f534061
3ed2bef6
4024bf54
3fb73f13
be79407d
3fa740b1
4094bfd5
40e53f15
befa402d
bf5140ae
405bbffc
bda440fb
4070401a
4001403c
3f3fbef8
400c3f81
3f9cbea1
40b53eb3
bf2a405a
4004bfd1
40383fb7
40ab4103
40113f82
405c4088
400a4050
40733fe0
bfe640f2
c0123fb9
400bbdff
3ff23fb3
3f504088
40644109
40554008
bfca3f88
bec3bfb5
40234053
402e4093
408f4030
40f44076
40103f8c
bf823fe4
40684065
3f9f3fa9
3f863d08
3f594096
4046c010
bfd140de
c0103e75
401d3fc6
bf584093
bfa84085
40b23ee4
bd5ebf4d
bf7a4074
3e444070
4058bec0
404140a1
40803fb0
40a84012
3f414085
4059409f
3f5240ee
beedbe4b
3f873f53
3f27bf43
bf313f40
4024c03b
400abe27
4098405f
3f42406c
bf2bbfe4
3f4540c6
bf144025
41034037
3fcabfa6
3fe140bc
bf9dbfd0
40af3f99
c02d3ec2
4023403b
bf863fe3
bff140ed
3fccbf2a
40e5bf96
3fa840b6
bd2ac011
bf29bfb6
40cbbac4
3f8b4000
3f9240a0
bd1f40ac
40b5bbc7
c014bc94
41023f01
bf1a4052
3fb93f65
40b7c024
40163fab
3e64bf7f
3fff409f
3ee24082
3f50bf08
4092bf32
40be4001
3d35bfb4
3fd9bf61
3f843dc2
3fae4038
40aabf9a
3ea440b6
401b3f41
4074410c
c00d3f98
40e04034
bf453fb8
4066404f
3e653feb
40ba3c5c
41084077
3f274014
4049403e
408e40fa
bf00bf1b
407dbf95
bedb4097
3f0bbca6
405ac03a
40694023
bf59bce4
3f91408f
406940db
bf5e4023
400abf73
40973d88
be8d4074
3fbcbfde
bf02bf9c
40873f3e
4085be61
be46bce5
407040ae
3ff5405d
bff83dc3
40843fca
401f403c
4049bff8
bfa440d1
4050bf40
c0013f51
be6c40bf
3ff8401c
40923fa9
4011bee0
3f4f407d
bdde4047
bebd40ee
40b63e44
bfd93e88
c01a4071
40164031
bf2c404d
40bf40c3
40b3401e
401f3d8f
bf0140b6
40894088
3f86c015
3fb8401d
40b8bf9f
3e04bf34
bfa04089
3f5040a7
40873f2f
3f283f16
beb9bfc0
bf063e61
407740b6
4038bee8
4102bf71
4025bfcf
4086beaf
40974060
bfd53e03
405a3fbc
3fc6be6d
3f893eae
be9abfc7
3f813ebf
3f693f98
402240b4
404240d5
3f58bfa5
bf994028
40f34066
401b3fef
3e19bf68
4080409a
3e8abf39
bf8ebf46
401b4041
bf5a4097
4086408a
40c8becd
c03dbec0
3fc6402d
3fe24092
beb8bff0
40c73f71
40883e17
3f6a3e85
3ffe40ac
3fba4101
40e8bda4
bf724023
4038405e
3f333fe1
3f9a40ed
40c23fbf
bed0406f
401fbffd
400c400b
404b4110
3fcdbeda
40854088
3f724089
3e5fbeb3
40983e4d
3f943f72
40184084
3f794090
403ebfbd
40844107
bf763fef
40a84077
bf1940b9
402d408c
4086bfe3
3fd13fc1
402ebf93
3f34409a
4071bfa9
404340ef
40923fd7
40763c0c
40114029
3fc5bdbf
3f223fcc
40283fdf
40da3fb6
3f104092
3f5e40da
3e9240e6
3fa9bf49
409a400c
bef4bfb3
4089bfbf
403bc008
c0074032
3f4f407d
bf70bef3
408e3e0c
405b4098
bfb83faf
401b3fe7
3f30bfb6
407340ae
407abfe0
bf87bf42
3f9abdb3
bde9bffc
3f4dc01c
40594105
3ec63ddc
40c0bde1
bf29405b
402540cc
bead408c
40713fd1
3eedbf78
402b4024
4053beda
bf874001
40df4040
40b5404d
40383f68
bfa9409f
3ef23f74
3fcc3f85
410abf54
bec03f2a
3fcb40aa
40a9c01d
c0143de2
3f984016
3df5bfeb
40173f3b
40744017
be9b3f92
c0213f61
bf183e02
40794096
bf4b40a8
405e3ff7
40b2beaf
3f754005
bfa040a4
40a74092
3f853ff8
4071bf9d
3febbf94
3f6f40bc
3df64091
403a3ea3
40ebbe86
3fa43c79
402d3f14
bfb2bef7
40684018
41093fe2
3fe63ce5
3f92bfef
bf334023
40164039
bfca3f88
3fa1be1a
40723f73
407d400c
40983ec2
41074057
3f8bbe82
3fe3407f
4086bfab
40603f24
3f9e4054
40204082
408a403e
bf83404d
401fbf68
40cc401e
3e2c3f01
404e4051
bfcb4030
3f053f42
40cd4004
3f61400f
40834097
bfd640e4
3fc2bf7e
41023fa5
3f434079
bd0b40bc
40ad40fb
408ebed5
bff2bf55
3fea3f12
400a4092
40bdc015
bf143f38
3feb3f8d
be9d4091
3fa33f84
bf28bfff
40b93fa4
40134045
402b40a0
3facbfd8
40694001
3fc7bea6
40e43ff8
3fa5408c
40814098
401d40c1
40e9400e
3dbb3efe
3fb94094
3f51bf22
3e3e3e5f
4097bf46
bf6abfa8
3f943f80
3e73bf67
40333f8d
408d3f3d
bfcb4054
40023e31
400abf97
40af40de
c0123f5e
c037bf99
401b3e80
408340b4
3f844075
40563f53
40f34083
3fac40a1
3e3bbfd3
40913ae8
3e8a4032
c024bf64
40144020
40363fa1
408d40e3
3f063fd4
40b04047
3e8bbfd4
402bbeb6
bfbe40f7
c011bf04
40aebf89
bf304078
3e823e26
bf9f406e
3fe6bf2b
c01bbcd5
401e40a5
3e47c01d
bf7f4077
bf2a4010
410f4035
3f5abfbf
3ff1bfdd
3fa74080
40353fa7
40d8402e
3e493fca
40874076
bd6ebfcb
405b3fae
409a405f
3f66409c
3efa40a6
405240d0
40db400e
3f7b3fbb
3f7d40b5
bf834083
3f97409e
bfdabef2
bf804069
3f11406a
40483f86
40944109
409e4033
40be4003
400ebff5
408d40b4
406f408a
40c33f12
40b13f36
403c4091
40123f27
409640a2
40544031
c0153f5e
3eca40b8
bf75bf86
bf3940f5
408a3fb9
3ffd4055
bcd9402a
3fb840ea
40ad408e
3ff43f58
40f1beb7
bd59be9c
406940b4
bff940ae
bf36beee
41073fdb
3e7e3e57
3f5d40ea
3f523fca
3fa1bf39
4088406a
402e4098
3fb140b9
405e40a3
bfda3e59
c024bfa4
3faf3fed
406740a4
bf97408b
40393f23
4048bef5
4010400c
bf6cc010
408f40b3
40ed3e64
40664004
3e08bf88
bc6cbcea
bfa44059
bf4ebe21
40983ec0
40054088
4034bfe8
3fa44027
408abf68
405d404a
3f354004
404e40ad
bf164039
400a3fb0
c0323f8e
beebbf16
b8b54053
bf8b4107
4045bf0f
3fd4402a
402e40ba
404a40e7
bfe03f22
c010bf36
bf833f4f
3db2bd20
400140ad
3f354037
3ffc3fa6
4090402e
becc405e
3f30bf4c
406fc006
40a73f95
40f9bf8b
3fdbbedc
40424025
40264093
40123fd1
40ee4034
3ef93f75
3fb4bfe8
3f92c03f
40cebf62
40883f91
3e343fc6
40784024
bf9540aa
3f983f6d
41084036
bf1a4035
408c40b5
402d4090
40213f9a
40a63fcf
3e7e3f22
be483f29
40674102
40dd3f21
bfb53edf
3fb7404a
401740db
401b3ff0
bf3e3f68
3e4b3c4a
3f1140b3
408d4050
3f753fed
40323ff6
40e73f15
3eac4042
3e8140ac
40124062
4033bd3e
3fb84067
bf534079
bd9a40dd
be4bbc55
4048be30
40f73fcc
bf1740b4
3e03bfa7
409c4039
406dbf22
be3a3f44
3d23406f
bd9a3fe8
be3f3e4c
c0123fe0
bed9bf82
bf36bf4d
bf4540af
40923f92
3fd6bf4c
41023fa3
4003be06
3f9e4082
40a13f8c
40ed4038
40ea3ebe
3f934014
40814053
bf963f9c
4050bf10
4012bf90
bf7ebf83
405c40d6
40b440bf
bf193f9e
40c74059
3ecb407f
bf2840e0
40a63ea3
40a3bee7
c02abeaa
bf18bfbd
408b3f67
bfaf4065
4091bf57
406e3fbe
3fa63e7b
bfb73f97
40b6beb9
40eabea5
401b3f94
3fd1be34
3fe940a4
40653f05
bf363e70
bf854050
3f1fbf2e
3feb3f9c
3fc34108
40c7bf1d
c01dbf7a
3ef2bd5a
3d1d4012
40b540e7
be6bbeed
40a53f72
40283def
3da43f3a
bf7440bc
3f923e30
3f1a3fa6
402abc32
3f0a40d2
bf944035
40423fcc
4063bf90
bdbe3ef3
bf3c3faf
40b340a8
406bbe76
3df8bef6
3fb1bfe0
406e4096
40a14053
40833f4b
40c33f62
3f03402e
3ffd40e1
4055bfba
bff83f01
4108bcb5
3f0c4000
3f87c01b
3fa6bf90
40373ed7
40fd3ee3
3fd74024
3fc4400e
401a3f95
4011402d
3fa1408a
403c409e
3fc74096
3e6240ff
bf024030
bf81bf07
3f2ebfaf
3ff23f32
40ab40b1
3e9e3f93
40f33f5d
be173f90
bf974052
401abfb6
bf834028
40f24071
3fc9beb6
3fb8bf1c
3ed840ea
4015403e
bf8e3d8a
40293fb5
3fde409b
bec34105
3ec53f18
403d4068
403dbf29
40814087
4071bff4
c015400a
4006bfb8
3fa83fb3
3fd83d9a
bf8a402d
3f7a3f13
400b4084
beba3fe1
3f1b404e
bd3840e9
40b03fbb
40b2407d
3fa34017
3fe73dbb
406bbf46
40113fd3
4103be85
bf44403a
3ffc4086
3f4740c3
40e83ec8
40623ffd
bedc407f
bf7840b5
3f8c40ab
40073fab
3f954024
bf25bf77
3e7b401c
be3740b6
403fbf01
40c8bf1e
bf23bfdd
408bc016
bf3ac024
3f1ebebc
410ebfb1
401f402f
40834042
409e40c9
40053fd6
40f84061
3f6e4093
40424099
bfdfbdb1
3e39bf4f
40e33ed5
3d4e3f21
404f40e3
3f894003
3eca3cd3
40e23ef0
3f82bebb
403e3f72
40733fc9
40443fff
bfaa3f48
40183fad
4081bfaf
bff5402c
3f4d3d8a
3d9c4016
bec94000
408c404f
bf8140f9
3f204023
4071bf80
3fb93f62
401a40eb
bef640f6
c0184022
bf71bebf
4005bfd6
3f94409a
408e4092
bfcb3fde
bf5c408e
3fbc403a
3fcf3fbf
bffa40f3
bf6b4032
3d293d71
3fee3ff0
3e624003
40b6bf27
3fac401d
3f704085
becf4024
bfa940a2
3f134097
bfd54037
3f1fbe52
bf5a40af
bf554051
4042c02b
402fbe23
c0253de2
4013bf47
bfb240c4
bf804055
bf403f73
40e7bf58
3f6d4059
bf044010
402b40f0
40943d48
410f3fc6
3ef24013
4045bfec
401b4017
befb401d
410f3f2f
3fae3ed4
403940bb
40bb4008
3f533fb2
bf8c4037
3cb2bfae
3f213f9c
40954086
4033402b
410d4014
bc9a3f66
3fb7405d
3fee4048
c01ebf33
bf89bfa8
3fd73fd2
407240a9
408d3f71
40bd3efd
3fca4011
3ff83fb4
4059402d
bf87409c
40cf3e49
410b3e1a
bf11bf12
bf58bd02
be8f40ce
3fce3fe1
410f403f
bd95407b
408ec009
3f764072
408d3f14
bf444075
3ef64077
3f9a409a
409dbfc2
bfeb3fa6
40634080
bf2840ae
3fa34093
403c3f8c
407b4006
bfa93fd1
bf444067
bf054096
3f5a4006
3fb8bf75
c00ebf76
bf7c4082
3f584044
40224014
404d3f49
410e4022
3f21bf86
4087bff3
4024bfac
3f5a3fec
c0253e46
401f4043
404a3feb
4066410b
40783f16
be1dbf93
beccbf13
bf643fd8
bfe44104
bfd3400d
40ce405b
4026be06
3f4b402c
40584092
3fa74010
406c4088
bd8f409a
40853ee7
4040bde0
406dbb87
3ea0407d
bdd3be0e
bf8540de
bfa73fbe
3e803fbd
bf843e6b
40394066
402fbe10
3f1c4108
408d3caa
40a7402e
3fc1409e
3f523fc9
4010405a
3f1a3f1a
c01b4018
bc803e01
404e40ea
408a4093
3f49bed8
bfea405d
bf3640a2
3f1b3f44
bfd0408a
40a24013
40f53f16
bf204016
3fc14094
40244007
40c23fcc
c008404f
3fc94022
4064bff6
3eaa4045
407d4004
40be4064
3f13409f
3fe740ce
bfb5bfa1
be653ff7
bf934011
3fdebefd
4026409c
3fac40a5
bfa43fbf
410c4083
3f994082
3ff53ff0
407f40b1
3f62bf2a
406c406f
403c40b8
3ebc40e1
408a40eb
40f03fa7
40ca4080
3fb3bf01
3feac006
bff84091
40683fc3
bf784074
3ff73e9b
40854069
40ae4032
4038beff
3f19bf15
bef53d2a
40204087
bfb740df
40cc400b
40ca403b
3fa6408f
403a40da
40adbf87
40ab3f02
bfd1bf99
40183d48
3f86c01c
4070409a
40c9bf30
40ac3c2a
be953fff
404dbfb6
408a4108
4042401a
3fe53fc4
40124078
400ec01e
4029c018
bfca3e8b
40e4405d
4028bf28
3f4240cb
bfd0402b
4093401a
3f5d407c
3e513fba
4085bfde
3f024031
404d3fe6
40b03c90
3f55bf1e
4082409a
3f81bf80
bff5bf1b
3fbd3f85
3fee3feb
3e3abcc3
40ae40b6
40b43c91
c0233ecc
3f32bf3d
bf8a40ba
406d3e58
40ce3f1c
40cc3f18
3f7840b0
40884055
bf4840bd
408bbf05
bffb3f35
bf0dbde0
408e407c
be854031
40463efa
4103bee9
3ed93fbf
3ffe3fb9
409e3fb4
404c4030
bfcbbf7c
4039403f
3e3c3fbc
4065bf33
401b3fa5
40f14070
3fbc3ff2
3f9ebddc
407640a8
40a1bf73
40e84045
3e9e3f6d
bf85403e
3f3ebfc2
4087403c
3fe7bf17
40124084
403a40ba
40043fa7
3f8f3b94
410f4008
401640c0
bf29c006
4059c036
40aa4006
3fa04010
40403fea
3ec740f0
3fc54006
bf99bf7c
40f0bfa1
4000409f
beab3f54
3f8c4060
3e46be95
3fcf4033
3d2340b1
3f39bfc9
bf56c03a
409dbf2b
40bcbf6e
bf10bfe6
be00bff1
4088405d
3d77bef9
410c404f
3fdcbf8d
3fdfbd26
40043e89
40c7be33
40f5bcdf
402f407e
bd843fe1
408b404c
3ffc3fd3
3fe84090
4029409e
3fc93f55
3f6840ae
3f893ea7
3de43fe0
3c3e405e
403e40a1
40a8bf91
40a7bf39
3fc54089
3f9dbff0
406c4071
4020410b
3f8d402d
bef64084
4032bfdb
bf993f9f
bf75bf84
4024be9e
3e5ebf3c
3f2cbfe6
4077c00f
40384099
40d4be19
4001408b
bf63bf11
4005bf24
40643f22
40383fba
3fe94002
be6f402e
3f8b40e9
3fa8c017
406d3fa2
bf6c4068
3ed6400a
3d64bf86
40a9bf48
40b13fb8
40423e96
40114005
3fdd40ca
406dbe93
c008403f
bfbb408e
3f8b40a3
4089407a
4089408d
3da44005
402b4035
3e2d4082
4089bfe7
bfc240a3
bea54005
40b34089
3f8440a4
400bbd5c
40334094
409c4006
3f873f9b
bf784013
bea440ee
3f3f40d1
40d1bdc9
4060bed4
3e10402a
4034be5c
bf91c001
403f402c
3f8b4027
4013bfb1
402c3f25
403a40b0
bf573fd0
40a63df8
3fc64089
3fbe3f7d
3f6340b9
4083bdd3
409dbf0e
3fe7bfbc
40393eb5
bfdac00b
40543f31
40eabf66
4009bff5
3ede408a
403840df
bfd7401e
3fb94058
3f9c4018
3fda40ab
404640dc
40d1bf2c
bfb44027
3ed3404e
3f3f40e1
40144093
409d4033
3fc14045
4018406f
403a40e5
beb53fa9
40964000
40aa3fb0
3fd53f29
bf62bfc9
406940fb
40c73ffc
4081408f
be183f9a
40033ff8
40413fbd
bfee4012
bde5bf63
3fac3f2d
405240c4
4087bfe6
40834016
40fc3cd3
3fd5bead
3f213ffc
406f410f
40a9bf57
40143f1c
3fd6402b
3ff140c4
3ec14005
40b83fe5
408e4050
3f684097
bf5140c6
3faf40b1
40f04017
410f4037
3fdc40af
405e3fe4
bf8640e6
40da3ff5
3eff3ef7
3fbcbe18
3fde3fe3
4093c03d
409b4026
410e4020
3f16bfe5
3efbbda8
3f524082
3ff43fa6
40ca401e
3f8fbf80
3eb83f04
40b7407f
bf3ebe70
c03b403f
be233ec8
40563fa2
bef7bfef
40c04016
3fb54090
bb694017
3fd53f19
40554079
40e83d03
3e3f4040
40004058
404a400d
3f51bee0
40193f44
40653f63
bf124058
40834010
40a73fa7
40a6402a
3f763e96
3ff4befb
bd653f98
3de840a8
3f853ff4
3e763fcb
40244059
3ec94085
40b64045
3f0bbcfd
3fc0bf95
40193f7e
4088bee3
be624085
409dbd35
4077beea
3fa53fd4
408740e7
4080410d
3fab3f2f
40553f6a
bf7ebfb8
bddb40ec
40c04109
3fac4026
c03b3fc4
3f2b409d
3f5a40e2
3e8e4080
402e3edc
408abfb9
3e064083
40683d07
401a40f7
3f3c401a
be7fbf35
3d693e4d
bf2e4084
3ffa40d8
40debf76
40f9be4d
3f4a4087
40813f90
3f9e40a0
40c43fd5
40e64072
3f664020
4089400f
4065bfc2
3fc7beb7
4107405e
bf514025
beb440ad
40a93fce
4050401d
41083eff
3e99408e
40824089
407340ae
40d1bf4f
40d73fc0
bee3bfe1
4074c017
405fbf19
40803ee2
40784086
3f084048
406cbf26
40bc40ec
3fe54027
40c63f41
3e0a40b8
bfaebd75
40564108
bfb14013
bf894089
3fac4084
40883e53
3fa1bf6a
404d3eea
40be404d
4025403d
bf69409f
40ae4108
40bb3ed6
40d1be4b
3ff240a4
3f0a40ce
4019409b
bff93ffd
3fbfbf7a
3f33bf68
3f0d40bf
40844081
bfb63f1a
c0363f45
4033bfd0
404b4095
40aa40d3
403e3fa6
3fc8bebf
3f5b3fd3
3f704054
3fd54011
be463fcf
40a43f99
3da33f75
406440cf
401e40d2
3f57bf1b
40b14005
3df74085
bef8bfd4
bd8bbf70
3fe7bf7e
40b74077
3e32bfbc
406f3f93
bfea3f9d
3f01403d
40cdbf7f
3e793f02
3faf40da
3f9840d8
408b3f9a
41084073
40234007
3fd7bdb1
408abfae
409e3fda
40be407d
403a3ec4
4080bc0e
4085c00e
4094bf1d
3fcd3fff
3f863fef
bf88c011
3ffabffa
40803f3f
402a401b
3e90400c
3ff34096
4050be07
3d854020
410b405a
bf2dbfb0
405d4085
40103fbe
3ec1401f
406f3f77
be0e3fa2
3fecbfdd
405040c4
3f8d3fe2
3f3d4045
40324007
402bbf08
4068c009
40c13fcf
c0093eac
3fbc40a7
401c402a
3fc83fbf
404ebef3
bf643f94
3fb03fbd
bf87bf18
3fc940ce
40a1bf38
c03a4005
400e3d0e
bfaa4059
40a44103
3d9e4009
40eb3fdc
3ffb3eca
4046bf31
bf1d408f
bf2b400c
40ae4041
402a4088
3f043e58
3ed740ee
40013fdb
40b54038
3f674068
3f954011
40894046
3fdc403c
40cf4015
3f23408e
404c40b0
400d406d
bf954035
bf70400a
3fac3eca
401c4013
bd9240b0
3f4d403b
40be402b
3e184024
bfa13f8f
becf40ae
40bd3f6d
410b4032
3fdebf41
407f403b
3fe5409f
3fa83e4b
bfc8bf50
bcf73fe3
40154069
3cbc3f74
3e183f7c
3e5e4049
403c40b5
3e7a408d
bfad403e
40da3e9d
c017bf4e
bea440bc
4056be0a
3f20bfc8
40103f46
bfd13ff6
40274072
403840aa
3feec03d
40743fb9
40dcbec9
3ff4bff6
bfa73efa
3fc14018
40183f99
410bbe44
3f7a40a3
3fa740a0
403fc01b
3fb1bf28
40f4bf51
3dcf3fa1
3fab3e4f
4059410a
3fe53f4d
bfe53d9f
3f6d4075
405abfcd
4065c010
400a3f1b
c00b3f9a
3eb33fba
be604031
3fe43ea6
4058403e
3f963fef
400440b0
4085408f
3fbdc02f
bf813fff
40a93fcf
be5abfe3
404a4081
bf8e3e8f
40cebf02
40fb406c
3d8cbfc6
40354022
3ff840f9
4091be0a
40a4bfaf
3fee40bc
40823fb8
40a1c016
40ee3f74
c0303e51
3dce40bd
3fc340b6
bf5a40dc
be2abed9
3ef33efb
bbeb403d
403f4052
3f9abc82
becf3f5a
3fb1bfa8
3f973f8a
3f92bde7
bfe0bfdc
409e400a
40aa407e
40083f4c
3f8440b1
bf913ec3
3e7c3f7b
40153fad
3fb2404f
402340ee
40a4bf20
bfbb3f1a
bfa74019
4038becb
407ebeda
bf124015
bf073fa1
bd793f9b
40094093
405cbf88
bcea402f
40cb4009
40ae3f76
401740a4
3fedbf5b
3f8c403a
40a23fe0
410f408e
3f0e40a0
bf8c4096
bf994091
3fbf3fe2
c0363dfc
3fd83f5c
beba40b4
40ba4097
4088bdd1
3ea0408b
4008bf01
3eb040e7
3ffc40d6
40c13f07
3f913fac
bf264082
bf0c4007
409140cc
c01b3fe8
40eb3e48
3f173fdd
bdb84035
4047bfd2
40883f33
3e223ec8
3f90bfa4
3d89bf36
bff7beff
40a5bd66
c014beda
bf4d405e
405840b3
401a403b
bf89402b
40da408d
3ff43f06
bf84408a
409f410d
401fbf57
40894027
3e28bd1a
40733f83
405c400b
3ff1402b
c0174014
3fb63f8f
4066be75
4068409c
bf9f3f5a
bfd9bfbf
3f08beed
3fa3405d
3f4dc02e
40104002
402c3fb5
bf563f81
407840ec
3f0abf89
bfbb3fa2
3fea3fe2
40024087
4089409e
40ba40c1
40c2bf26
3e893faf
3e13bfcc
3fb740a0
bf7940bd
3e9cbf4e
40fe4064
3fc84023
4048400c
bee740f1
bf5a3f5a
401e406c
3fe8bead
3fcabe02
3fba4019
400a3f2b
40864070
40313fb9
3ff64048
bfb940a0
be6a3fef
410f3f8f
40373ebd
3f8d3fc5
40a7bea1
bdb74016
40613e89
becf403d
3f5f4078
bfd840c3
408dbf2f
41103fd9
3f623f7b
3f4f407b
3fd14101
3ffd3f7d
4098401c
40184045
3f663e69
400640d1
c017be8e
40e03f85
3feb404f
403640b7
409f40e7
3e33bee1
4067405b
3fc940a4
3e993f7b
409e4101
4081403e
40b0bf11
402c4092
3fa73be4
406640f4
3fb13ff7
40f7bfb5
bf0c40b9
402c3fd1
3f6a408e
40d73fd0
40b0bf80
3fa03fdf
bf1b4091
3f64408f
40983fd3
3fd33f2f
4035bfa2
403b4036
3f0b40bf
3eccbe41
408ebeec
3f1d402f
3f9140ad
3f3e40ca
bed0bf21
40cbbc3f
3e8dbfc1
408c40e8
40ad40ea
40843ff5
40b4bf8b
400c3f97
3f864007
4067c02d
bf4a4015
4109bee7
403f4010
bf094069
3e134047
bed3402e
3f86bf9a
4008408c
40543ffb
bf3240b0
40e3402c
40cb3fcc
3f59bf84
bf69becc
3f99c02f
40d5bf06
bf94403f
3fa13f47
bf4b40ea
3f594107
40cb3ef2
40913fd0
be934061
bfbe4070
3f81bed7
408e3f34
4084406c
bf6dbfea
3f7440ac
4090beb3
bfa23fad
40e23fdd
3f054099
400a3f7d
4030410c
40e53f69
bfa54064
403b3e07
becd3f15
40aa40b6
4052401b
3ff64038
4001402b
bf8fbfe2
405bbddf
bfba3f2e
bc874015
bec2bfe2
be1e3f23
408d40df
3fba403f
40633eda
3f7640ad
40394014
40624035
c006be7a
4088bed3
3f9b40a1
3e5240c2
3fda3ffb
408e3f73
40753f05
3fcb4075
3fc7bff8
be3740ed
40d6401c
40bb3fcf
3f9e40ac
4016400b
3fe43f47
40093f71
3fce3f5a
40364022
405640ac
40bd4068
403bbf2d
3fc3408d
4000401a
3ebebed5
bf943ffa
40024001
be9e4064
bf58402e
3f11409a
405440a6
3f35bf57
40ee3ecf
4039404c
bf6d3e31
40ae4099
40afbf79
40604006
3f2bbfa8
4021bf73
bfb140a7
4074ba7b
bfdfbf8c
3ede3f55
3fb640d7
40853ff3
3e904030
3d06bfba
403cbe55
400740bb
3ffc3ef6
40904016
3fb23f59
401f4077
bea1be09
bfa14099
40bd3fc3
3f8b4017
3fca408c
40864075
3ed840b9
bed33f64
401e4006
bd823eb5
402e40c9
bf034084
bfa74020
406a3f64
be773fc8
3ff23fd1
3fee40fd
bfa63f4e
c0054090
be113fdf
bec6bf89
bf9f3fb0
c0074024
c03b4044
403fbfae
3e0a40e8
40a24045
3ea7402c
40ddbe86
4025bf70
3f7640a5
40054103
40b73f5f
40203fab
be823fc0
3ded4029
40b13f47
3fef3f55
40853fd1
402f3f02
3fa740c1
3f0c40f5
403a3f06
bfc5bf98
bf2b3f3d
bf51404b
40b640a4
3fc5bf72
bffd4048
bf3e3f86
be6d3f42
40a24090
3ecdbf2f
40f74034
bf1a407b
3ecc3f4e
3d8e410f
c012bf3c
c02bbe4b
400c3ff6
be93401b
4038bf79
bf733f96
bf4b3f47
bc03403d
40863c44
3fa940b2
40543fb5
40824038
3f813fd6
3f2e3f93
402d406c
40d33fbc
40993f73
bf794039
4028402f
3ef940d9
3fc8bf45
3da8bfbf
3d504093
3e283f9f
3f7dc012
40963f41
3ec13f3d
3f633fb5
bf434032
40ae4065
c0183fd9
c0263fb3
401cbf62
4012bffd
bfbf40bc
40913ee5
3e0bbe2c
3fa3bfa8
3f373fda
bfd13f82
3fd23f08
40b2406e
40194089
bec63eed
3f0540ab
40a73f21
406e4011
bf37bee0
408d3f72
40543f9d
beea3ecf
4109bf9e
400440b4
406340d1
409c3fa3
40523fa9
403a4040
beea3fa2
40614097
bf2d4057
40434014
bf0e405e
3fdd403f
3b3abf07
405740e4
bfd9bf1f
40a54075
bf314004
3f36beb8
bfd04030
40b0400a
bf003fc2
3cbfbf29
403f40b9
3ed74036
403ebf5d
3d34406a
3e29409e
3fb43fd4
bfd84091
40493fdf
bf8bbf71
3fa03fc6
407240a2
408e3efd
3fcfbe31
40464084
3fdb4058
becf40ad
3fb5bfd6
40623fda
3f933fa0
3f904060
bfbe3f20
3dcabe3f
bf884032
4002400b
3f80409c
bf4d40cb
bf844017
3fe43f4d
3fd24074
3ffe3f0c
bf2bbf99
3ff53ee6
40aa3fc9
40d64014
403c4046
40053f25
3fda4085
40d43fd9
40efbf3f
402a4013
4067409b
3e723ff3
4057403e
409a3fde
40174098
4047407d
3ff7410e
40d33fd3
bf193fb3
3f85408e
bfa040b0
3f9540d5
405bbf4a
c02cbf55
3f3a3f8f
bf1f406b
bf9e408b
3fe03fe8
bf943f8a
3f7c4027
3f68be5f
40433eff
400b4026
409f3ee1
3df9bfd2
bfa740e4
40733fa7
409d400e
408a4000
40284013
40313fdc
bf22c01b
40403f8d
4069bdb7
be46400e
3fb44082
3f10c02f
bf9ebedf
40ecbfa9
3f4f405c
bfb34015
40233ff3
404f3fba
40d5406c
403e406e
406c40b9
bfe240cb
4095bec3
40ea408e
bee73f84
3e8cc004
40894075
3fdabe09
3fddbd7a
3e8d40ba
3fd140ab
bfda4108
40db403f
410cbf13
3f3640ab
3f0e4084
3f94401d
40093e04
40eebf74
3fcf3f4c
405e4097
3ff33f54
40023ff5
40ee3fd3
3fc04052
3f5fc006
40184053
40184017
4103404a
3e543e51
3f8940e8
40273fbd
c009be50
40563fae
3fc14087
be5640d1
c0004073
3fdabe1d
406a407e
beeb40b6
40603f99
3d8ec029
bfb7be9d
40273f43
bf663f97
4083409e
40bdbfdd
bf7c4013
40954029
bf32409e
4079bf45
40104009
4002bf04
405f4090
3eef3f3c
bf954041
40a73ff4
bfb2bf38
3fc7405f
3ee2405f
4074bd2e
40be4109
40ae3da6
40eb4033
3f193ef8
bea740ee
4027410c
3f94bd75
3fac3f2f
400b40a6
408d3f6b
40bf3f9d
bfb2bf7c
40db405f
3fa6beb1
408a3f3e
3fca3fab
400e3d0d
3f2b4044
be9040a7
405dbf19
bfc0410b
40b54031
40814031
3f7c404a
40344034
bfda4108
40a6bf26
3fd94031
3ed63fe5
bec6bf9e
3f8b4036
40eebf3b
bf11bf34
3fb040ad
bf0c4086
bfd34019
40bb3ff4
3e6a4028
3f76bf31
3f644084
40ab402e
405f4003
40ad4012
be52bfa8
bfb53ff4
bf13bfdd
407f3f96
3f913fe4
bd073fb7
408e4028
bedf40c8
bef0bed9
40023f8e
3f2bbf49
4008bff0
406a409a
3ad6bf4c
3f7b405d
bf383f90
bf8f3fe1
3ef04015
bf5d3f02
40e14072
bf633fd8
3f5a40b1
3f84c019
bf083f18
408c4043
bf3840a4
3edbbea1
4074bf04
408a3fce
40d6bf99
3ffa3fee
3f944050
bffd40f8
beeebf07
bd534084
3f8f3ff4
407b3fca
408240a5
bf2f3f80
40023edf
3f523fcd
3fd53f2a
3ecb410f
bf8a4005
4096bd6b
400cbf27
4027bf97
becd40fe
40e8bf53
bf6a3ff4
3faf4036
407d3fab
40a440c9
c01fbd28
4031407b
3f2cbfb1
4008c00f
3fdc40b5
bfcfbd49
4003403c
bf5b4012
be8d3f2f
402c4101
4008bf0c
40f4406e
bde1403d
3f2b40e6
3d88404c
3ffb403e
40a0402f
3e633f76
408e4054
405f410a
409f3fec
3de6bf88
3fb2404f
3f82bf12
bfcf4036
406fbf2a
3dde3f67
40144001
bf89bfcc
bf9440f2
40c94011
40fa4003
403dbffb
406e405e
409f40d1
40e7bf50
3fe1401e
3fb3403b
3f36401c
3e204060
3fe83ea4
40d2401a
3f4a3e5d
bf43bf5f
bdd74103
3f34beff
404f3e5b
3e72bf82
40454046
402f3f20
407f402c
c0093f4a
3f7e4051
4086be34
40203fe0
bd0d3f85
40fb3ff6
4016408e
3ebc3da1
3da2404b
3dfb4013
40e3405c
3f3f3fe0
3e034095
40344020
3ff73f89
402b3fb3
bf4f40ab
400dbfc6
4089c01b
bd9d3fa9
bfd24039
3fc44040
be5f40be
bfbb403e
be833f0a
40bf3e55
3fa63f36
3f7d3e35
402940d0
c0033e6b
40e73fc7
3f8c4035
3fd240d1
40a2c03d
3fff3fd4
bf48407d
3f673f29
3ff5be8c
408a40a3
bf853cbe
3f933f9f
3e963e5f
bf6d4064
409c40b6
401cbf45
c0303fb0
403dbefa
4087407b
bfe93f99
c00a3eac
4102403b
bea64093
bf2240a3
3f8840e5
404cbdbc
402f4079
4011401f
3fa9bf09
405fc030
3f81402b
3db9407f
4036400b
403240a8
bf9e40b3
3f183f10
bfde3d45
bf503f8c
3fd5bf91
bebc4062
40bdbf34
c00a4029
bec3bf5a
3fb3c017
3f774055
c00b4017
bf8bbfa5
402d403d
405140cb
4089becd
40dc3c84
41063f67
bf74bfa7
405e3f19
406a3fbc
40863f40
c0173f8a
4036bfeb
3fae3f78
403f3f10
bfca402a
4060bf0a
3fb5bd00
3ffa40c8
400fbd39
40d03fce
40183fc8
3f62bfa7
40264096
4036bfce
40d53fd3
40d9bf0f
40044035
3c024008
405640e1
40973ffd
beec4032
4021bfc3
3f7cbffc
402a40d3
404cbf41
40ab3f5f
be1b4085
407040df
bda2beaf
40dcbf45
3ef1401b
4008407b
40874063
4097bb77
40c14013
bfb44027
be15bffa
3f9c3ffb
409e40ed
3f89bf45
40db3fe4
400f408b
bf49c00f
bf61c033
3fdc4035
bf9c400a
40183f0b
bf394006
40663f9f
c015bf3c
40f03f95
40393f80
3f46400f
40a93fe4
40d64003
40e74084
400c404b
bf8540a5
40a2409c
3f173ee2
c01f3e48
bdcfbf47
bf97bff1
bfe73fa9
40e43f1e
bf334085
4009408e
3f6b4076
3fd43e45
408d3ffa
bf173c5b
40164024
3f494081
3fddbf13
bfe93fad
4066bde4
3fd83ee8
bf444051
3f4e4109
c0103fef
41003ee4
3ffe3f8f
bfab409a
402a40ff
be48403b
c0163ee7
3f9d4092
4049405b
40a0410f
3fefbe74
bf31bf0f
3f5c4026
bfb73fea
bf4dbe73
3f633f2f
40ce4017
3f954061
402b406d
4060409a
c0043f6a
40a2bf82
402740a3
4024c01b
bf89be82
3a1f3e64
c011bc09
3fa93f3b
bf19bfce
40ba40e0
404f4016
40e44081
3f0f404d
40033d8c
bfdb3f15
408e400a
3f823f3d
3ecdbc76
bf21bfd7
406a4038
3e45bf61
3e564062
bf3440b0
404640ba
bfe63fd5
3e2c4006
c02ebf07
bea03f32
3faebf0c
4084be76
3f643eea
c00cbe22
3fb73fa9
3fa74084
bf4e4041
bf394014
bf524059
bd29bf25
bdee3ff7
3fdd3f8e
bdda3fb3
40dd406a
401b4056
40733ff0
407f410d
c00e4022
40e7be0b
400f400d
bfb8c00e
3f0bc01f
40d1bebc
3fb4403d
3de14036
3ea4beac
3f303fbf
bff3bc85
bffe4057
3f92bf16
40073d97
3ff03fb5
40b33ff1
40464004
3da93f30
bf4e3e9e
40b43f67
c01e402f
41043fcd
40093f2c
3e00bffc
406d40f3
40dfbed4
bf8dbfb1
bed33f23
40473fde
3f51c023
bfac3ff1
3ea7bf36
40333fe4
408ebff8
402e4104
bfb63fcc
40e34074
3fc3402c
3f7f409a
bfcd40bf
3f3cbf37
be77bfad
3f9dbe3e
bf3abfb7
407cbe91
40dd400e
3ef9405a
3f8c4020
3ff0401c
40b1bfc5
40be3ff5
bf013eaf
3f7c4000
bf9f409e
405bbef6
40903fb6
3f43bed2
bd7f40a8
40513edb
3f953f31
40a83ef4
40abbf55
40244020
bf314099
bf87bf6c
3ff4403c
3eab3f3b
402a3def
3f1740a1
409a40cc
3fc63d83
406cbefe
be3340ac
401d4089
40984107
4054beff
3faf405b
3fe6bfcf
3fe33fbd
bf2ac01b
3fec3f7a
bf314004
403240af
400c40e0
406740cc
408c4010
405b407c
3fe2bfec
40594013
404f40ad
40cabf5a
408b4000
bd6e409a
40853fdc
3fee4031
409dbe57
bfeabf81
3f3e3e9c
bf1c407c
bf0540d1
406fbeb0
40ffbd1e
be38be8a
408c40cf
408740c2
40924013
40de4086
400e4012
bdae4085
4017bfb5
404c3f3a
410f3eba
401d408f
400f4008
405d40de
3e283fab
40d13f16
3e7d3f2e
3e8b40a9
3f463f4c
40abbf32
3fefbfb1
3fbabf4a
408ebf5e
404740a2
bf023fc0
be31be13
bd894029
bea6c017
bd55401d
40c03fc6
40e44016
be5c3f2b
beb1400d
4075c013
3fb03f2c
bfe73f47
403dbf77
3fbe40b4
bf5140ba
40ce3fce
bbf9405f
3f92403b
bf973ff8
3f7d3f20
3fe63fc0
410fbf37
bef8bedc
4069bf90
3f80c03a
40ab400b
bfb43f91
3fff40af
3f874040
40384063
404ebeff
40eb3f82
3f863fc0
40463fd7
40904104
40ef3fd5
40f9408e
bec2bff9
408040df
bfb4bfa9
4095bdc9
40ce3eca
bf3440b9
bf9d409d
409840f5
403abf73
bfe0bf80
402b4090
40574057
3f0bbe3c
3ffa3d19
4087bf7a
3f403fb0
401fbf8d
40a9410a
40383f86
410dbf85
3e11bf1b
408140c3
405f4100
bff93f47
409b4027
40314068
3fb54097
bfd6409a
3fc73f86
4108be34
be4d402e
403b403a
3ea74039
40333d16
409ebf8b
40384041
3f1640b0
bf5240d3
4025be58
c02a3fa2
400c40aa
bee0bfdb
403e4099
40a0be57
4104bea7
bec640bb
bc9d3fbc
3f803f80
bfab4009
c012404e
3f92409f
bdfd3e3e
408dbfb8
40bf3eaf
c0333f90
be67bfa4
404f40cb
40693f7d
3fef3f09
40d64036
4009bfbe
3fdbbfa5
bf92408a
40b0403a
c0163cb4
3f92408d
403f3fcf
4061c03f
bfc33fbe
3d754055
3e90407a
4028be45
bfa54103
bfc13ed6
40273f7b
bd853dc9
be1540d1
bf0cbfc6
3f1d3ffa
40303f8e
3f9a4087
3d9f3c6a
bfcdbdd8
40e1be7f
bf8c3e73
bf6dbfae
bfa8beb4
3fd33fab
3e25bf6e
bfc64046
bf424045
3f2e40e8
3fd8bfb6
40c83f2a
c02e4036
3f903f9c
40003f82
40853f47
bad73dcf
40d13e60
4009bdf7
3fad40d5
404540e0
40a13e42
40a2bf0d
40123f7d
bf504080
bfd340fc
409d3ef6
3ec74088
3fa040aa
bd99bf8d
3fff3fb2
40bb4023
beb63e9e
3ef93fa4
406840a1
409d4108
3f353fc4
40d74034
3f5d4023
bf613fe7
3faa400f
40b53f88
4105beed
3ffd3fce
bfaebfa4
3f424033
40a73fde
3fa3bf2f
bf5a4001
40264091
408cc01e
4032402c
403fbf8c
3f6ebe9e
be033f54
405d3fa9
40583e05
40723fea
3f31405e
be59408f
bf46bf75
40654021
3f8a3d61
3f5abfc3
3fc440d2
bf5d3e56
3f83401b
3f9b4017
bf593d43
be1dbfe0
bf543e0f
c0203fe1
4023bfbd
400b4087
beabbf1a
3f874054
40893ff5
3d6dbf29
be8e4098
4018bfa9
40b040dc
4031bec0
bfe4bd3f
3f9d3fbc
400a4060
40a0bf71
40893fe8
410ebe0e
be543f16
3f7d3f41
4088bf0b
3f2d3fad
40cbbef1
3e6740a8
3fd74088
407940e5
40f03f22
40d6bed4
3f9f3f4f
407f3f5d
bf69410f
3fed3f62
410f4022
bf124011
3fa0409e
bedd40bf
40ca402c
be0cbfa0
3e334067
4087bddd
409fbe4e
bc0a4017
406e4024
3faf4084
bf103fe2
400dbfa4
40b0be5c
40b3bea6
be3b40a8
3ff5c013
3ffd4023
be4f3fa5
40d34089
3ff340bd
3c5e3fa6
3e0a40fd
406d3ed6
40d4408d
bf17bf79
3fb640bd
bfc2406b
40c3bcfd
409e4009
3fdabfd9
3ff14044
bfa9bfce
3fb43e89
40ebbf7f
3fdb4028
bf6c40c8
bff24059
406a3df9
bf0d4079
3fb64077
3ef9bfde
402f409f
40bd3f87
40823fd2
bed84032
3f90c010
40074042
bfbfbf0c
4048bf4d
bea03f86
bf294000
3fc7bb0f
4098bf0a
3f083f4e
3e8c407f
bc0e4039
bfe1405c
40ea4002
bf284028
bdf84053
bf65bf56
bff94055
401a3fcd
40c9bfad
40143f4d
400a3fd5
409a3fa7
400c401e
40fc404a
bf76bfc5
404b3f03
bfb4c002
3d043eb8
40474089
3eb140ba
407f4073
3fc8c015
40a93f7d
405a408a
be10bfab
bf85c000
bed4410a
3fa0bf2c
400d406a
3f464098
bef34024
3f114081
3fab400b
4103bedc
be6b4002
406d3fa3
406540e4
40a33faf
3f35bed3
3f1f40b7
4070bf84
402340bf
40603eae
40b2bf11
40153faa
40134024
bfd83fa8
40d8bd9b
bf704020
3f314037
4077bf87
40adbe33
3fc33f06
3c3b3f83
402340bf
4022c001
3fc24110
40833f1e
408ebfb6
403abfcf
be0540d5
4004405a
40c53ffc
40bc3f79
3fcc3fa4
404640c8
bfa7409d
40dcbea0
40823fe5
40033e5f
407cbf1f
3ffabca0
bf41400d
3ff64085
4024bfa5
407e3f1b
408abfc0
40cf3f70
be25408a
3fe23f2b
408240c9
bf91c035
402c4000
bfb4bf9d
400e4029
3f9f3fc3
be014106
bfee3f6d
402d4084
bf5e3fdd
bf9640a9
bf64bfe8
40943f5d
40ef4017
3fe9bf3e
3eff40aa
3fe540bb
40ccbeb8
3fe4407a
bf6f400c
3fef40ea
40a040d3
408a3cee
bfd5bc15
3ff33f04
bfad400c
3f4c3f11
40033f0c
40ed3f65
40153fa2
3e554026
400a4021
40ac3f37
4066402a
3e313fe2
3ff3bfac
bdce4043
4090bea2
3f034087
bdb3bfb7
beff4076
bfee3ed4
40ce4038
3f03bf2f
bf5b4014
40564058
3f3a40d4
4049bf5b
c0084082
3fe43f2f
40894031
bf4540aa
40a7402c
c0103ffe
4024bf06
3fd940da
4049bfdb
bf9c400c
40b53fcc
3fbf3f84
3ebe4060
40704055
3fcdbe89
40603d43
3f4a40ab
bf8b40cf
40a5bf4a
3e86403d
bf834042
3fc5bf4d
3ec240af
40a53ff6
3fcc4019
40a0401a
3ff44026
3eb940c1
401440d3
be48400e
40db4077
3fe2bfae
405c40d0
3f9c3f52
40883f8d
4046bf82
3ff34099
3f8d40c0
3efc3f08
be084009
41093eb6
bea13fb1
406540da
405c40ae
40c4bf44
3f53be9f
3ff84081
40353ea1
40b43fc7
40a3bf07
40933d87
403dbf71
408340a3
40b23cdb
401f3e2b
40013fd6
bf034054
bdbd406c
3fe8c01b
40babee2
40c73fa9
3e5d3fa2
404c4080
404dc01d
bfb3bf29
40ccbd99
3e5740a2
405a4085
402bc028
40064005
404f4036
3eedbee3
3f92bcfa
3feb4046
3f45402f
40f83fac
4039407e
bfb6be83
408e40b3
3eefbed0
3ecebf15
beac4074
3f9b4099
4079408e
3ef43f61
4028408b
3fac3f37
bf80400a
402140a1
3fd94014
3ee33efb
3f2f40b0
400b4027
401840f6
4050bf75
40f4407e
3d954088
404d406d
409c4104
3fd23fc0
40a53fd3
400b409f
3ffa40c8
4014410d
3ff43f8e
3f94bf20
4028bfe5
3fd4bfa1
40a94014
c01b3f4e
40753f8f
bebe4060
3fdf4091
3e26405d
40c9bd8f
bf70403f
3e3b3fbe
3ffebfbd
3dad400a
c007bf2f
be834066
3f0340ad
400dbe80
bee040b4
40173f59
40c6be87
3fb24043
3ff240de
40b7bfb1
4043be02
c01ebf9e
bb903e02
40223eb1
403640fb
407bbddb
3f414061
3ff23f83
3fd3c00c
401a4060
bf9d3d46
408c4015
bf513ffd
3cf43f1f
3ec1bfdc
bf853feb
40994071
be8cbfd3
bdb34091
3eb140ea
406dbf24
409c4070
3e60bf88
3f723ff1
40ae3ff0
40e8bf4d
409f4045
402e3fc8
3f4f40a3
3fa040f2
40a3be0b
3f1e408c
bed83e48
404e4095
401a40de
4094bf80
401f4024
3ffe3f4e
bfbc3fa8
400140f4
bf3b3f9f
40f44072
3ffb3f9f
3fb4bed8
40bf410d
3eaabf30
40a4bf7b
3f17402a
407640a6
409fbf88
404e3fed
3fc33f20
3e0b3ff9
40674058
bd45bfee
3eedbf22
3f53bead
3f68bfe3
4065c01e
bd4140e5
40a7bd93
3ff64064
3d12bfaf
3e57bfe3
40a140c3
40dd3fa2
40a4bf8d
3e84bf65
3fd0407d
bf904092
bf8abe8a
41033eaa
bf4b400f
40793e88
3fb9407c
bfbb3fc6
bf4abfbb
3f2140a6
407740c3
bf29bffb
40293f27
40ddbd6f
bf60408a
3df04056
4074bfa6
3fdabf11
409c3fb2
3f2440b2
4086bf23
40b54047
3fd24032
bf303fa7
3fe8bf5a
bea6bf11
40be408b
40cabe56
410e3fcc
3e72bf72
3f9f4070
bd13c017
3ff7bf2d
40883f83
402abff6
40834083
3cd9bd99
bf803fa0
40abbe08
3fc8be34
40503fdf
3f6640b0
3f8bbf0d
be9f3d7a
3eb03ffe
3ee2408e
401a407a
3d573f90
400a403c
3f5cbfb4
401fbd0c
bf814056
3e9f3f64
3d1d3f90
403a3ffa
3f284071
beefc002
c0123f02
41053fc0
3f04be53
3f9dbff9
bff34101
bfad3fcf
401e3d22
40383fa4
3fd040a8
4013410e
40cd3e62
410a403b
3f883fa2
3f11bf84
3fe9bf96
40e33fa5
beb03fca
3fe73df3
3f823f20
3fdebfd5
bf784002
40eabf60
400e40a0
4047bf4a
bf954096
3ef33e96
3f67bf8a
3fb3bf0b
3fa13f96
bfe9410e
bfae4011
3f65bf81
400d3f76
3d36c017
3fccc006
40d0400c
c0244005
3d814091
3f5840d0
406a3fda
40a74024
bfe23fc4
403940bf
bee0bd40
bf914039
3e373e5b
400e3eb8
3f904099
bf6f4060
bfcf3fcd
3fbf3f95
401abf3c
3ff63f45
405e40e8
40a24102
c00b3f70
40dbbf54
3f844084
3f1040af
4011bffd
40943ea9
3f84407e
403c4083
bf833fea
40514078
bfba3f86
40e7401e
3f604035
3f2c4008
bffebff8
40ce4001
3fe3beb1
3e784004
402a4060
3fe2c01a
40dabf07
3ecf3e51
40334053
3f834041
bff94084
3e8d4002
4036402d
be34409e
3f8f4073
bf823f3c
40c7402e
402a3fa8
40294005
401c40d0
40933f4e
4037bea2
3fb43f03
bf3940b3
3eac4025
408440b8
3fbc3ffe
bfa0be3a
3f2c4095
3f403f32
406c4075
40453fc6
407dbef4
be83bfd8
40614002
4097c034
be8a3f0e
3e7d3f09
402ebe43
bf383fd4
404840f1
3fb0be4e
40084026
3f09406f
bfa93fc6
4073bfca
4089401c
c01f3f98
3ffe4062
3eb5400f
bfaf40aa
4088bf78
3eba407f
3f82bff7
bf8e40de
40b440af
40cf3f17
c03c3f9b
40293fe4
40884039
4092c038
408e4015
bee4408e
3f6fbec8
bfb640ec
becd40d1
bfc1bf38
40cb4057
401740b4
408f4023
3fb1bf42
bf98bf6b
40c6bfb3
3f18409b
bef340d9
404bbf75
bfcd4006
bfff3f77
bf46bfd7
4000408b
40453f6b
40c1bea1
c00b3dfd
3fd2bfa2
3febbfc3
4031bf38
3fad3ff8
404c408e
3fdb4010
402d3fed
40a5bfc7
bbf0bf51
40d6403d
40354070
be8a4019
40064031
40a2bf0c
bfd53fb6
40173f4f
3fb440ed
bfa640d2
be22400f
40c9401e
3fb240a6
40593f9f
3fb44036
40b33e88
41063fbc
3eaabffd
4064bfda
bf56c01e
40d2403b
bfad3f8d
bf1e402a
3f7a4077
bfd64032
bfc43da3
bfd84077
3f914035
bd104052
40bb40e7
40c84007
becbbe1d
be534025
bf88409f
bf4a4066
40bb4024
410e3ff0
3fc1bf3a
3f8c4088
3ff8410d
40a63f6f
3ce0402c
3b613f4e
bf094080
40b6c035
40083f81
3e8e3fb8
3fa2bef8
bd753fff
bfec403f
bec3bea1
410b4028
3fc83e3d
3efb3ea7
40bd4089
c0084023
3faa4053
3f8f4093
403dbfd4
bfa440c2
40c94000
40c7bce6
bf764096
4054405b
407c3e66
40da3f48
3ffa4078
be2b3fd1
4018408b
be36bf15
40c34025
40babfa6
bf344067
407f40ab
3f9d402b
3f663ed7
c0344039
3f1c40b3
40173ff4
3f093f0b
40b03fd9
4108401d
4017400b
401c40bc
403bbf8e
40e73f90
409fbda5
402b40aa
3e913f82
bf47410c
bf043ff9
41014036
403640bc
3f413e6f
3f9e4034
4051bf28
40233f1f
4036bd46
4044bf85
402240e1
3f52402b
40ff400f
3f833f99
402940b0
4094c01a
40acbf61
40013f49
bea440a6
40064055
402a40db
40943fac
bfc3bf76
bf1e409a
3fc83fe0
3fa74042
401c3e67
bf6e408e
3f5e3f81
3ffec01f
bfd64098
3f43beb4
4096407b
3eac4087
bd9ebed2
407b40fc
3feb3fb9
40e83ec1
bdc23f85
408240a8
40583ff5
40503fbc
3ffe4017
3fc8bff2
3fcb4088
40043fa2
40b6bec9
3f5b407c
40054020
400c3f7e
4098c039
409a4036
40db4085
3fa4be7f
bf9dbcde
bf5ac022
bf433ce6
3fe6beaf
bf26402d
3e4f40e2
bf023fbf
40c34015
404c3fb4
3fa2be0d
40213ee8
3fc64109
40374038
4013bd52
3fad408c
3f99c010
bfaa4085
40bd4021
3f6ebdd1
40163d88
40624059
402d3d28
bf21be89
410dbfb6
3fd23fda
4051bf81
3fa74005
40c9400c
4048408e
bdbf4093
3fa14089
bedb410d
3c0a3f87
40fd4089
3f963fde
bfb5bf8c
403b40d9
3fdf400c
40fa403f
bd334008
bf6740e5
40784107
40583d35
40f4408d
40294050
3fb5beff
40363f84
3ee7bdbb
bfae3f96
3fd240be
3d4a403f
40103f6f
c0144002
40be4086
3fffbe99
3f6b409e
bf7b402c
3f7bbe3e
40c4bf73
3fde3eef
bfb9406b
bf313ff5
bf3d3ea6
3edbbf9d
402d401f
408abfe4
4098bfd9
3c563f1f
c0174034
40313f76
4006bf74
3f98c031
40403fd0
402a4007
3fdc4058
bfbbbfb5
bfb540b0
404c3fcc
40c9408f
3fddbfe7
4090401f
3fbabf68
40b13f9f
3f833f39
403bbe23
403c4099
bfab3f6c
3e233df5
40924039
3f43bfe5
4027409f
4049403e
be834023
40a2407d
bf6b4049
403ec011
40ae4052
403fbf0d
40df3f04
401d40b3
402d40b0
4025408e
406d401d
4104bfb3
bf053f43
bf9f3f9b
bedc40dc
c0064019
c038be85
becebffc
bfa840ba
4035bfe5
40ecbc28
bf25bf97
3ed840bc
bfa9406a
404240d4
40de3e42
c00dbf07
3f4a3f63
400140cb
3f7e4090
40533f2c
40964061
3eac3fff
4047bf96
3f073fc5
403abeaa
40e7bf42
3f9f404b
406f40a9
bf8fbf86
40debf57
bff24000
bede408a
3d1a3fc2
3f9e404f
3e79402d
3ea53fae
40014036
40214075
403d404a
bb814013
41044087
be3cbf3c
3e624026
4074c013
c0193df5
40ab3f99
402640af
4064bda1
bf494028
bf194029
4107407d
bef4bfa1
3f473e60
3fc7be23
40de3f8e
40e93dcd
bef2406e
407b402f
401bbfac
408f3f2f
40ba408e
bd0fbea1
3f624065
bf5940ca
40e03fc9
4066bf29
bdc93ec9
3f7140e5
3ef24086
3e1e3e9d
406d4054
3ff5407f
40864074
3ea240b1
bfd23ecb
4110beb1
3f87400d
402cbeb3
406c4101
3fa04033
3f323fbc
3f1ebff5
bf183faa
404e4064
bf713eda
40e7bf2e
bf1a409d
406440a1
3d3a40ba
3f4e4011
40babf84
40074088
403c4095
bf9f3eaf
bd2d3fcb
40574047
3faa400e
bf4e40d1
bf82405c
40be3eac
c02abf8b
be89be31
3daf40d4
3fa13fcd
3f86400a
4006405e
bed23f7c
3f023f5e
bedb4035
3ff04010
404a3fa6
4011401f
40393fb6
4048410e
3df53f3a
4102beff
3ea83f03
3f973fad
409640e8
409c400f
3f703fa6
bf73bfe7
bf67beaa
bfc8bf80
401dbe3c
41003f1b
4030befa
4086bf90
400f4064
3f4a3fb5
bfa64027
3f7e3f6d
405440e1
40543f92
bf3c3fba
c0044078
3f78be84
bf7640a5
4077410d
3ffa4010
40e4bf1a
3e453fcd
bf0f40be
408b3f4f
c00cbef2
4100be05
402b3df4
40133f47
406340e2
bfea3f18
bf1a3f9f
3f8b3fc6
3f9b3f91
3eb140d6
3fca3fc1
3f184052
4028bed1
3fba3ebd
bf2cc00f
4084400d
4100bf98
3f5140b1
3fe0c010
3e4b4048
bf02401f
40933e97
3efd4082
3fb33f4e
400b40c6
40913fee
4001bf85
3edd3f9d
401f3fe6
404fbfb2
3f69be45
40dfbf12
beb9409c
4090bf7a
3ff340d1
40044029
bea24060
bf724045
3e8940b3
bfb640d0
40ef403d
40aebe39
3f7d4013
bf54bf86
4097bfb9
40e54014
410d4077
40253fba
3fcb4001
409a4077
40c63f99
be7c3f7e
40224097
bf123f17
be984086
3f6e3f22
c014408d
3fe84080
bdc940c6
befa409f
bf4f3fbb
3ff03e93
40033fe7
bf843f73
3f0a405f
3dfc4001
40f24042
3f364006
407bbf44
3f2f40ef
400abddf
40ed408a
40063fff
bf8ebe48
bfd4408e
3f9ebf5e
409d408c
3f49403a
406b40ac
403c4093
bf043f6e
3f7d4080
401c408c
3fbf3fc0
40ba4012
40833f92
bfd6406b
becf3e84
40194098
40aa407d
c0153ef4
40833ff8
400bbf30
4012c016
be4e3ecf
3da3401f
bf844090
3ff9bf4d
4007400b
3fef4110
3eff3fe3
bfa84038
3fa34024
3ff23f5a
bebc4051
3df34023
3f5b407f
40273f03
3ff33fca
3e2a40b4
406c3fae
40e5404a
3f3d4036
407d40c2
3fbe410c
4080bea5
4060bf02
3f04406e
40563ffb
3f0a3f11
4079400b
3e983e47
3fe5402c
bf88402d
3fe2408c
bf71be04
c027be53
3fe73f96
406d40c6
405440a4
409ebf52
40344090
3ee3409e
40704047
408d3fcb
40c83e0b
40bbbf01
3f244059
bf2840e8
409ebf15
40a4bf7f
40743f44
3f2cbfb3
403f40a9
bff240ad
c01abf62
40e9bfbb
3f8b3fb8
408cc015
3fde40e7
40cb3e93
3f8abf76
3fa83f2f
bebd3f0f
bf39409f
4093401c
be543d97
40113f8e
407f40c8
3fdf410d
3fdf3f21
3fdf4076
3ece4003
3f16402d
bfeb3f8a
4046400a
bfa94012
beb5bfc1
40894078
4017bf1d
4048bf2a
40294084
400e404f
40614026
403b3e77
3dbb3fc0
40e03d8c
3fb94088
3ff4405a
401e4048
be873e59
3f80406c
3fe64069
3f0e40da
bfc940b0
4043400a
3f5a4045
3fd33f04
3f8b408d
40ba40a3
401d3fb2
be7d406f
403ebf79
3ff63faf
bff040d7
404f3fb0
bf9a3feb
be213fe4
405b400d
3ec84081
bf3fbddb
3e8b4012
3fe43fb6
3f8cc008
40b5c036
be35bf28
405dbdf5
3fcfbfbb
4035405f
3f85c01f
403b4025
3ffd3eaf
40083fa7
bf77409d
40b63ff8
40863fcd
bff2bf53
bf264028
40613f77
bf0440a0
40d44023
41043f72
bf66bff0
403140a0
40853fe6
be9c3fce
bfad402c
3fed3ee8
3fe94032
40a44056
40863f3b
be4c405e
402cbfa8
4085bfd6
bf894005
3f7abe60
bf964086
403dbfeb
3fc63f91
bf21c011
4036bec1
409e3f88
4039bfe2
3fb140b2
406040d1
4041403c
40564033
3f89402f
be523ffc
40a13fe0
3feb400f
401dbedc
be4440b4
3fb640e3
bfa1408f
40933fd9
4104be91
4002403d
4086bf0f
40893f96
3ed73f2a
c00c4087
402a3fb7
3e6e3ffa
4002bf68
401e4029
408c3ff5
3f9a4097
4020bf90
3fa4bf5e
40b8bf4f
c02a3f02
400d3cd2
40463fca
409b405f
40cb4034
beb0408b
3f223f6e
3f243fca
403a4092
4050bf5e
410d3fc8
3f944091
40493f4a
4058bf2f
3dd2bf0f
410bbe92
3fe440bf
403440a0
bfce4101
3eb04023
41033fe0
40373ee6
bd93409d
405f4108
bef93ea9
40f44061
3e0b3f3c
3ecc40b2
40a53fc3
bfc23f9c
40994012
bf473f8f
3d9e4003
bf3a40d1
40cfbf1d
3fd2401e
bdbb40b0
bd223fc7
40b23fd7
3fb74032
40cb3eb3
4014bea0
bf3f407a
3f48bfc3
40ed3f32
bee34083
401f40a2
405a40b8
402c4109
409c3f63
4017400c
4015bef7
3ff6404c
40084056
bfa93f51
4102406c
bf004086
3e754057
3fbc3ebd
403a3f95
bf7b4077
3f60bfa3
bec1408a
4035408d
40d33f15
3ff34050
3ff840b7
401040a6
bff54032
408d3e7b
bf004064
4020409f
403140d2
3f93bf89
40e03d08
4085bf66
3fda3ffb
3e9d40c6
40b7401d
40443f40
bf0f3ebd
bf704084
408e40d7
bff74012
bfbc3fce
3e543f2a
3f624030
3f82409c
40294101
406a4009
40254060
beb83fb6
403e40e0
3ea2bfa8
40653f62
3f89405f
400540aa
3f9740d8
40a140a2
3c723f2e
403a3ea3
3ff44091
3f0e408d
409940ea
40173fd8
bfa83fc8
3f19beeb
400d4058
40b44087
3ea14025
41043feb
3f5f4087
bf9d4099
3fc9400a
40c2bf62
408cbd66
3f993f9c
bf144066
4094401b
40933fb5
3fb4be38
3f403ff2
4046407f
40774002
40033e85
4011402d
3f9b4055
3d744086
bf74bfb5
c0044008
40f7beec
3fe53fdd
3f9e400d
407a408b
40813fc5
40fd3f03
3f823fc1
40364047
40b83fe2
4041400f
3fa94036
bf7840ae
3fe93ff7
4013409f
bf9a3f91
40e03fce
3fd8405a
408c403a
4093408a
403c3fe5
3f7a3e84
3f024019
3f693e9b
40adbf5d
3f3a3fe7
3e6ebf9c
40124024
3d7e40b0
40a0410f
3fd7be58
3dbbbee0
3ff53fba
403740bd
40aa4075
3d95bf15
bf20bf8b
3fa74090
404b40b3
3ff3410e
3e573fcb
405fbf4a
3fd2bf95
401a4095
400c4098
401bbef6
40c3404f
3f40bf04
be2440bc
405e3f89
bf0e3fea
3f65bf87
3ebbbfb6
bf1b3f8a
409d4008
404e402e
c003be04
3fb34091
3d934003
bfb940c4
4052bf6d
4014bfbc
400cbf63
3fe9c00f
3fd34039
40484040
bfc9405a
400940ad
3fd940cc
bec83fcd
40c3403f
3f843f50
bd3c3f7b
befb40a0
4073409a
3f0a3fe3
c02f4018
bef64095
4042bfad
40aac02c
3cadbefc
40d04088
3fe9bfb1
400a40aa
40a13e92
3e81bf1a
40e54032
3faabfd1
3edf4079
40ae409e
3fd73fd4
bea3bf0e
403b400f
3f08bfb7
bfd04033
bfbd4021
403f3f93
3e343e27
401740d1
be8740bd
3f38400f
c01f4076
402240c0
3fc14021
4050c00e
40324012
c022be82
3e7a4086
3f25409b
408f40f2
3f02402e
40e4bf85
3fb3404b
3f00409d
407ebd87
40ab4031
40934042
40113fca
3ec2bfed
3f1d40b7
40d2403b
bf044043
bf17408c
bf9140cb
bf4fc026
be49bf38
c0364020
3f834072
3e773fcd
405040da
bea8bf6e
4109408d
3f70bfc7
3f903fb8
3f99bdd5
bfa03f0a
beb73e32
3e19bef3
3dcabfe8
406b3fc6
40d8bd3e
40a23f39
4020bf73
40553fcc
3f4b40b8
bfcebf24
3f884031
be5a40c0
3ff1bf9c
4013410c
be983f80
40db4066
3fc3bfcc
40804060
40534002
3f84bdfb
41103f55
beef3f15
bfac40cb
40b74079
40b5be22
40e8406b
3eb0bfbd
3f364043
bf76402d
405a3fdc
40c43fb8
3fddbf92
bfbfbf8b
3f79c021
40953f22
bdb6bf97
3e893af1
3fe540de
40a6bf62
4015401f
40d13d1c
3ff7bfb5
400abeb5
403340df
40ae3fe2
3f984058
3f6040a2
4024408c
400cbec5
406e3fb6
406c3fef
3fb0be89
40463fa0
4019c024
40193f14
bf653fc7
bf1f40a0
403840e0
4004bfb9
407e3f41
bfb83e99
40074053
bf8a4078
bff33fe3
40c63f86
bfc6408d
3ea9bf4c
4078bfe5
bff84022
403f3ee6
bfbd3ff4
403a405b
3fcd40c2
3ef340b3
409b3fde
4057bf8a
3e74bf94
bf9e40ca
be8b4107
40343f9b
40053fe0
3eac404d
401bbf84
3f27c023
3fe14018
402a3f4c
4020bf8e
408e3f10
3fb1bf07
40ec3fde
3ff64065
3fd0409b
405c4094
40bc40a9
3db2be85
40d3bf9f
40403f39
3e414091
40bc4094
40923f1d
c006404d
3e5d40b4
3e583f05
40ae4103
40744013
40fc3d92
4008bfaa
40894027
409b400f
40394000
40c83fa1
3f5440b2
3f943f5a
400140d8
c01c403a
beddbfb2
3e4540bc
401e3e92
407c40dc
40e73f55
bf183faa
be3bbff8
40793e9b
40b54084
3fe53fc0
4046408b
bc533da5
bdb340a6
4086401a
3ddd3df7
402f4038
3fa14011
bf673fc4
404140a2
bf7e4039
c0144063
40263f17
3e4240b3
3f0540ca
40a4bca2
40ed3f86
3ec6bfda
3f813fb7
40a440ba
40464030
40b84030
3fac3f87
3fe24077
405dbff3
40c03f08
41083fd8
be954092
3ffa40ac
bebfbf3f
4000403a
40883f7e
3e0c40a7
3f20bfdc
3fe64090
40eb4001
3b99407f
3fcc3dc4
be6e3f5f
bfdb40cc
3e8f4013
40cd408d
be253fb9
bf3b3ece
3fe0c017
c0173b00
3f274086
400d3e7d
402f40c2
bfd9c036
bedb3fd2
408f3f3b
bf2c406b
bfa3bfe4
3f15bf36
40474020
3ef54007
bf6040a6
4046400e
409540ca
40443ec7
40f73f48
3ec73fbf
405f409f
40bebf81
bf83be8c
40e0bd69
3f914081
407940c5
bfa640a4
c0064030
40023fd2
3f023eb6
408e402a
40aa409f
406c3f92
40d63f60
3ecc4034
3fe6c00a
408abd94
40893fec
406bbf8e
bf4e408d
3b99bf03
4094bf96
bfee402d
408e3db2
4031405a
4021bf3c
408d401a
40203fdd
c02b3f9b
40133f3f
3e85bff5
3f9dbfcd
3e004021
40b44086
be7d40af
bdb44094
3ff14084
409fbf65
bf764061
3f8f40b9
bfa940eb
40bf407b
3f693fa6
bf4a3fd4
3fa540a8
4000befc
40a1be5c
bec5bf41
c0043f09
401a40be
3fa5be8d
bede402a
bd98401e
3f733f7c
3f364083
bf0b40a9
40433f9f
40c63f8c
3f2fbf86
3f47bffe
3fb0bfbc
4094c005
4092bf1b
c038bdf1
3fee3fe5
bfa9be22
3fbd40f5
bf6e4007
40abbf91
bdc3bfa9
bec53fd4
3fc64065
c01e3cc8
40c54037
3f02405d
408abed5
4085be18
40d0beb1
3fb63f10
4030bfce
401f4034
402d409e
40e33fa0
40a94040
3f904079
40363fb4
408a4100
40a53fc6
40ab408d
3ffabfcb
3f2abeef
be2ec036
40ce4031
40d9bfad
bed54009
40424055
406fbe3e
c0053f9f
3f723f8b
3d2c40b2
3d50c013
40aabf33
40b53e56
410fbfb7
be18bdfa
40134033
40994108
40b33fb4
408d3f8f
3ff03f83
401cbfb9
4008bfca
40c93eb3
3f2c3f70
3f78400d
bfa0bf4c
3f724097
40d8bf03
bfcf3ea3
3f7bbe6b
40143fe5
bf93bffb
3efa401e
3f6b4019
3fa7400a
3f64406f
401f40a2
401a402d
40a4bdde
40134091
4027bf1c
4047bfc3
bfc04019
c01d4084
40333f61
405140a3
3f3e40cf
4009403b
403cbf43
beda3f21
3eb54074
407d4027
408a402a
3f8a406e
3eda404f
4030bfde
3fda410e
40783f2f
40c3be49
3e8f40ba
40023f44
3f573fb9
40c73f40
bfe34082
3f764017
bfaf4056
3fb0bf8f
40444018
3ec8bdd3
3faa40ab
4081402a
4081bf9c
4095402d
408a408b
40204092
3faa40cb
4083c030
c010403b
bff4401f
3ffe40b1
401c3f5f
40a23ea8
40a93eb0
40f3beaf
3ff34034
3f9f40c1
408540a4
3f103dd3
4011be05
beae40a1
3fc2bfb4
400bbff1
409f3e99
40b5bf82
40003fd2
403abfd7
3e903feb
3f924020
41063fd4
bf20bdd3
bf133fdd
3f43400e
404f3dc7
40bebf3b
3fc7400a
4058bfd2
be9b4083
40d43f56
3d833fd2
bd9e3ec1
4043bebe
40664092
3fac401e
40934054
3ee9be3c
3fe5bff2
40b44006
40493fab
40ab4087
bf4b3f0c
3f0dbfe5
408c40b0
bffd3f2b
40b34015
40084064
bfb04019
4076401c
3b88400c
3f243f81
40024010
3eec4069
4084bfaf
bfeebf48
40bf4017
be2b4065
404e4036
3d8940db
40dbbed8
40124062
3fd74084
3eb5bef6
3f313ff7
3fcc4028
40b93f8d
402840a1
3eb54093
3fd940cb
408b403c
bf7f4043
be324018
3f614088
408cbeec
3ff0401c
40d73f40
bbad3ea5
404840bb
bfc040ab
405e3f2d
40e63fe5
3e363f81
3f25402d
3f1540a5
40873f94
bfec3d95
bf544075
406c40db
bff33f32
405cbf36
c0313fe6
3f9d4083
bfa0bfb9
409cc02a
40e7bea6
40cb4029
3faa3f66
4070401e
4045bfc9
bfaabe92
c0383f8e
40033f67
40403ef2
bfdd40b9
40d93ef3
41093ffe
402d405d
405fbffc
4023beca
40b94017
40ee3f71
401b4045
3e5c4091
409d40c6
40a33f2d
406ebec7
3f374065
405040ed
3f6040cd
40dcbea6
be7f408c
3fcf4017
3edb408d
3f9b410c
3ebd4015
40bbbf0f
402c3f28
404e4061
3fe04109
40d94021
4066bfc0
bf1540b5
3f63402e
3f41407c
bf7b3d6e
40493f29
40264041
3ebb3fd4
40b140aa
40993f6d
c0053f97
be3b4005
3f5a40ca
3e67c032
40964030
40e1bf77
bf70bf34
3f9bbe96
3fde40ae
bd9abf32
bf993fb8
3fc03fd2
be883fbd
40b53eb1
40844022
40d64088
3f954064
3e2b407c
400940f8
3e02bf0b
403c3d7d
bf1c3e8d
bfac4099
bf7b4026
40da3fb9
bf09be11
40354042
404d40a2
3d384067
40a53f95
40783fce
bf3c4061
3fd4be7c
4087bfb1
3f733b57
40313e2a
400c4009
3f003e2f
404b40a3
40c54006
bf53bf77
bf243f7e
3db940d6
3f5d40c7
40754016
40b74034
40323fb8
bea44042
40bac031
c0154017
bf004027
3e694003
4001c00e
3fa2409c
bfbb3f70
404abd92
3f93bfd2
bf8740c3
bf6d4028
bfe23ff1
c03e4080
bf164028
408b3ff9
3ffe3f3f
40a2bf11
40ed4008
3fe3bef0
3fbb40c2
409140b1
bf2b3f2a
bff4bf50
3f8f40ba
3fe5bec1
40acbfe5
be983d9c
c01c4059
3ede3f5b
408540d4
bef54104
40d23ffd
4022408a
3fdc409b
402dc010
bf6dbff9
bee9bf16
bfa5401d
be154079
4089408b
40863fcb
40d13dad
3ecd401a
bf2a3f1e
40524052
40623cd2
405dbe62
3fbfbec9
3f1d3f0a
3fcc40e1
3fdfbfef
40953f47
3ee4bf17
3fa23ed7
40683f4a
3f94410b
bff1403d
40353fca
3fc5bfef
40784091
40124062
40724032
bf78408b
bcbd406c
40694056
be2ebf3f
bfac3fd6
3decbf81
402b407a
407840d9
40123e22
4019be56
be3dbef3
3f46bf00
bf463e94
40b24108
3f9e3fbe
4102bf0a
40243f9b
bef540e3
bfdbbf6e
3fc63f9b
40304066
3fea407c
403a407f
409d3f03
bfb63ec1
40c84069
3f964082
4061bf5d
3f36bfca
3fe03e98
40233f19
3eebbe63
bfbc40c2
40be40bc
3f344015
c0113fe2
bd6fbedb
3fc3409d
407f40ea
3fd14019
40f93f84
3f6b4090
bfadbc0e
bfb2400a
401a3f93
bee54054
402b3fe2
3eaabfc1
40b54109
4046402c
410c4003
3ed5bfc6
bf1c402f
3fafc011
3eb53ebe
bfc5bf78
40254048
3f7e40b9
400d3fd9
be984037
405a402c
3fc5403b
bfa040e6
408a401b
3e443f2f
41004001
bf224028
4060be24
408f40fa
40d73fc3
befebf4d
bec4409a
bf2640db
409dbfe8
bfde3fc4
bea7bec3
bebe3fcf
3f92be86
be8840ca
bfec3fc8
bfa93ffd
4024bf90
3e3ebfd2
4005401e
40c74014
3f843fba
bf0340a8
4042bf1a
bf96bf6f
401a3fa2
40033f9b
40053fa1
3fc23f7c
40a93f67
40393f99
3f9d4065
3f923e01
3fbe3dd3
401540fe
3d733fe6
3ff84028
3fb4bf21
be3940e1
408840fa
3cafbf2d
40d84009
bf163ef1
3f483f14
404e40cb
40a9bef7
40fe4032
4014be83
3f0c40d9
3f5cc00c
3ebe3f53
bd293ff7
bdf23f29
4047bfad
406940d8
bed0bf33
beb44075
3f814097
40863d92
40853fd0
be91bf4f
3d773faa
3fb3bea9
3ce8401b
40b64004
befcbf7a
41084063
3fff3fe4
3fa74080
3fe1c002
400c3fba
40a64077
400e4021
3fcb40ec
3fa04009
40843fa8
3fa4bee0
402d404b
3f9e3ebe
bfbdbf92
3fd03ed8
4103be28
40323fe2
40063d86
3f8840f7
40eb3fff
c005bf37
3f57bea2
3f8a40d7
40304031
4097bf36
be333fb2
3dab3d54
4028bfea
40b8bfbc
c01b3e49
bfb54050
40234092
3ff540bf
3f72bfdd
3f824037
40c74070
3e183f9f
bf09bf1d
40354013
4034401c
bf8d3f35
400bbeee
3e4bbf47
bf90bef0
bf8fbf65
bfa24080
be82bfc9
bfb5c01d
40963fff
bff5bf0c
4106400b
3fbebea3
bfb73d0f
40a440e2
40623ee9
40e43ffc
40043eef
400c4092
4072bfa3
40923fef
40b94042
3f574021
3f0c3fa7
3f73c03f
3e563fa2
c0153edc
bf374077
3d99405d
3f6140f3
bfc7402c
40fdbf71
401dbf75
3d193fb4
bfa9403e
bff83e9a
40d03f8c
3f3cbfd4
bf60c016
40773e89
c01abe53
40cc400b
be303fee
3fb140b3
3fed4110
bfb6401a
40833f90
3f4540aa
bfbe40b8
40ad410a
bfd6bed2
405cbe40
3fa6400f
3efc3d08
3fe04030
4093bde8
40bbbd9c
bf644011
4074bfca
3e203e7e
3dc6bd96
400f3ee8
3f8fbf2f
3f8ec00a
3f4b3fb6
3fc6bf18
40183f2c
3eb9be3a
401b40e6
40bf3fd8
bfa04024
4110405e
4013bf8a
3fde40b8
408b4073
bfe33e3b
3f83402e
3ffebf96
3f8f4085
3d39bf9c
be703f82
40224007
4006400f
3f8740cb
408e40a6
40ea4037
3f51408f
3ed540b1
405a4091
bfbd40aa
bf2e401e
3eb34018
40273fcd
3f94405d
409c3efd
bfb94032
3fd94082
3f3b3fc3
bfaa40ab
3f51408e
40e93fc5
c02fbf02
bf304004
408fbf84
3fe8bf23
bf674016
40ff4031
3fbfbfc3
3f6a40e3
402b40d7
bfca3db9
40c34041
3e86401e
40784032
4081408f
3fe5401e
3e49be95
3fe540b3
3e173fcb
409b3fa5
40dd4036
40e8400f
bee8bfa5
40143f86
3eea409a
40c1beb1
3ee1402f
3ff63fe8
bfa040a3
40b4c027
3fee3e2f
40af4065
3fc03e82
401740a2
40934033
bf344023
40df403b
bd203f8e
3fe1406f
40ac40f0
40c2be0b
40db4039
becd4006
3f763fad
40704039
40323e29
c033bfa7
3f5a40ad
3fd24092
3fbc4018
bf93be26
40d94073
3eb7407d
3f273fb4
3d2d4081
40b93ff8
403c4012
3e3d3fa4
bc7fbf26
40a44095
40df401b
c004402b
3fc14020
40813f08
40b3410f
404fbdf0
bf52bece
3f4e3f59
403a402e
becc401d
406b3fe1
407bbef5
402640ac
4043c00a
4061bfd7
bfa84025
3fb8402a
403f4055
3db340b4
40483f8f
3f703fa9
40124019
3fe94021
408b4013
3f813f91
40743f9c
befebfbb
be853f7d
bf4b408b
404040c9
3fb43f6f
3e653d4f
40104098
bf91c008
bca2bd40
40db3fb5
40f2bfaa
3ff24051
40674011
bfd240cf
40914002
402f400f
bf32bfd7
40773e62
404e3feb
be2a3fdd
c02b3fe3
3ef7bfbb
3fc040c9
408b40d1
40d33feb
40e23f9b
beb6404b
bcf7403c
3ff03e7a
3f73bf2f
3f46be48
3e174059
40813f22
407940c0
40b64037
3ff13c15
3fd8bfa7
3e8fbfb0
3f9840d3
3fd7403e
3e87400b
bd9d40b7
3f694093
3fe1410d
bf24bf74
408fbfa6
bf4e4055
404d4040
3fcf3fc4
4098bf74
40efbed8
402dbf61
406d40b7
bdad40c6
bfea3f85
404e3f15
bebc4095
bfbcc00b
40b93f3c
40b03d8a
3facbf3d
3e1c40af
3f933f99
402440f7
400d3fe4
408e4015
4021bfcc
bf8fbdd7
bfc83fe8
3f334029
40a7402a
40133da2
bf5e404f
bfa7c007
404a402e
bf8c4068
3fc33ff0
4086403b
bf023fb1
3f7f4005
405e3f44
beae403a
beac40cf
405f40c6
40874020
4072400d
be2a403c
3ebe4049
bf7640f8
bff1beb6
bf28bf85
3e4bbec7
402f40a5
40244103
3e3b4008
3fe2bfa3
bee64095
bdd93d4a
bf66409f
bfadbf60
40fc4014
404040ab
be804012
3f2f4039
40183f62
bfaa3f63
403b4056
be5d40a2
4049400a
4058bf6b
3f684009
3ee24097
406a40e5
bff240fb
3f56be97
40844058
402ebebd
bf96c002
bf713f60
bf983fdf
3e374070
bd4f4088
3fa5bf31
408d410f
40e33fa2
c0263fb5
bf69bfc4
402f40ac
3f93c030
3edbbf7c
bf533fcd
bec3402f
be913f59
40b5bf75
3ed6bf43
bf14bf1d
bf793f8b
406640b7
bee7bff8
40b7bf69
40773e87
4003bfb1
3f994083
c000409e
40943fb0
3fef3eb1
4017bf87
bf7b402f
40a13f51
40d04027
40bf4028
3f9abf95
401d40e0
bf73409c
3ee04006
3fbb4089
3ec44016
40103fa6
4087c008
40914019
bf49bf8a
4014405b
3fc53fbe
4031407d
40ee3dc3
40e33f46
3f5440a4
3f5dc011
bff53f45
40a34028
40e8bf8b
3f2ebffc
4021407c
3fd53fe1
40d2bf7f
400c4089
3f5e408a
4080404d
40a7bf82
40943f20
400c406b
bed140b4
408e3df2
bff240a8
c0133fc2
3f14bf8b
bf214001
3cfd3f91
408fbff1
40753f51
40cb400b
3ea7405d
403840e8
bf8340e3
40a5be81
bf613efe
bdc84034
3dbd3ffd
3d8340b0
40403f16
3f5d3f89
3f61bee4
3fba40d7
40b0406e
bf453e34
3fff405f
403c404f
bee73f3d
40a3409f
404c3f01
4024be97
3f553dab
402d3e41
3eafc019
400e3f20
40dc3fcc
3f4740af
40153fa3
4004bf99
4085bf27
4082bf13
bc873fcb
bf5540bb
bf73408a
405a3f9a
40c73f5a
403cbeb7
bf7c3fb7
3e393eba
40dfbe31
4104bd5f
3f58406a
406d3abb
40093d8a
40ebbe76
408e3fea
3fd7bf78
4084bf49
bfddbfd2
402b3fde
40f44063
bf0bbffc
404cbfdf
3fafbf43
3e873fba
401ebe10
40213f53
3ff5bffc
be4abbbe
402b3f40
bfc3be69
40384025
405c4056
3d8740a9
bf3fbf1a
40554062
3fbe4061
bf393f85
402340f2
3f463fea
4061408e
bf304085
405fbfe2
be7440eb
40debf4e
409c3f53
3fb84002
bf61be28
bf2f3f3b
402a403b
40d23f50
bde24054
3fc140d0
40284030
bf82bb2c
40bf3fc2
40034062
401940eb
40664031
c01f3ff5
40ba4029
3fcfbfc5
3f923fd5
be34bfda
3f0d3fff
41054018
401d3f1f
400240c6
3fa93f83
40a9bc46
c03cbf91
3eee3ed2
40713fe3
3fa54103
3fcf3f9e
40bd4084
bf3e4005
bf454085
3ec54030
40ebbe90
bfcb3eec
40063fb0
3f33bf2a
3ed83ff2
40ca4024
c00e3ea6
403840b9
3ffb3fdb
40bb4073
3f003fc6
40ef3f34
3ee2400b
3fa3bfa5
40894026
405abf2e
404fbfad
3f643f36
3fdf40ab
407d40f7
40e53fd0
41093fe3
3ff9408c
3f9d4099
408940cf
bfa1bf10
40753f9d
3f1040bc
404cbfc3
3f9d409d
3fb93fc9
40da400a
bcb2beee
3faabf3f
409c3fb1
40a14024
4108402d
3ffb4017
4002409c
bf903ff4
40cc3fab
4053bf18
40383fc0
40743eaf
40ac406b
40493fd7
406f3f96
3f983f55
bf33c014
40983f6c
40613f26
40debecd
3f7bbf2d
401c40d5
4075be55
3f913f00
3f01bf89
400e40b0
408a40bb
3db74087
bfdcbf0f
40454013
3fc7bfa7
be7a406f
bf844057
bf16bf58
3f433e53
400a40b2
403a3fbf
405a4009
40e04025
4026407b
bf213f92
bedc4084
3f943f85
3f9dbf59
410e3fbf
3e81409e
4086bf31
3ee23f58
409d3fe7
be794028
401840af
3facbfe5
4000bfe8
40aa3ee0
3f193fb5
3ef1402a
be5e4095
401c406a
3ff53f1b
40febf21
3fe3bf8f
3f7b4029
40bd4000
4083400b
c016bf59
3ec54056
408a40ac
bf384038
40ad4021
c00a406a
3f21400a
3fee4093
40544107
c0103fe1
3ea3bf8a
bf4f4045
402640c6
40a6408a
3f5b401d
41063ec3
3f954089
40294030
40a94030
40e7bf3b
41073f20
3eb03f0b
bebbbfcf
bf9e40af
3f2f400a
40f04088
400a3fd2
bf3a4065
bfdc409e
bf9b3fba
4008bfbe
3f563f44
3fe03f2f
409a406b
bfd54024
bfb3be87
3ff5bfe6
3ffa401e
4084404e
3fb33eed
40f53fd0
400dbf4b
3fa54080
40a0bedc
bf93400d
c0183f8f
3fdb3fba
4082408d
40a040c6
3f5e3fad
40d43fa5
beff3d24
40563f37
4001401e
40464005
4101be33
bf80bfb3
3f0a40b2
3c3140d0
40953f8e
c031bf23
3cb2beed
407abf15
bf644108
bf7bbec8
befe405f
3f59407f
408f3f94
3fb43f6c
40953f0c
4095401c
bf4340ad
401a40ce
3facbfeb
bfc3be42
3f8a4085
40054076
4088bfcd
bf3fbf1f
3ff43ff4
40f43d1d
bef0be95
3fc6bff8
bf47bde8
bff13edd
3fd83f13
bed93f98
400140c8
40354084
3f7dbe6c
40744065
3e913dcb
3f693ff2
bf914070
3fb93fb2
3f033dc2
3fb5bfde
3fbe3fd8
406a40f8
3f51bf73
40cebe92
4011bd7c
3ffe404d
40c0bf02
40d03fc4
40bfbf77
3e823f28
3fe7403f
408a40ec
bfe5401d
40703fae
3f1640a4
403d3f82
4006bf5b
40a74039
c00b3f94
3cdf4097
402b4092
40a14086
40783f29
401a3fdc
bf413fef
3e59c00c
3f9dbf3c
40263f10
3fc2bf16
3f2f3fd3
3fdcbf94
bf4a40d6
bf4c4009
3f113f8c
3f134027
bf1340dc
405d402d
bdc33e9c
4069405c
3ecf3e86
4027bf08
3fa84011
c0113fc6
40e8bf99
bee840a8
3dcf408f
bfc54104
3fd34019
401d406d
40363fbc
400d409a
4000c00d
bf18bf3b
40a04066
3ff9408c
bf633fb2
3f53c039
40db3ff4
40d4bee7
3d174018
4017bfad
3f3f40cd
c01fbeb5
3f2ebf1c
402ebece
3ffe40a9
40993c14
bfe8bd17
c0254027
3fbf4029
bf2d409a
40b9bf0e
40eb401d
3f794045
403ebf92
4035be5a
be3cbfb5
c0013f8d
4087407b
3f3a401d
405840de
4001400b
bfcc3f40
40b44040
becabf6f
bf96401a
4089405d
4035bf06
401c3fb0
3f3c3f8f
40064097
bfa4c02d
409a3f2a
41093fff
bf623ecb
3d824034
4081402d
bfb73fa3
400e402c
3f553fcc
3f06bf20
40afc01f
bfa93ffe
40934087
3fb0bfcf
402c3fb3
bfb340e4
3fb54008
40864061
4034409d
be9940a0
bfb540cd
40c93f2e
40484024
bebdbe48
402840bf
401e3fbb
bff93f4e
bfba3e09
3fbd40a1
40433ee2
400f3ef4
40cf3e24
3eca4068
3eb1404d
be343f59
40404093
40203ee4
bcb84086
bdfc3e45
401340ac
bf03bf52
400f3f7e
c0203f86
402b407d
4003401a
3eef4100
bf2d4022
40413ff1
bf503f92
40154039
40ac4032
40e23e5c
3f303ff3
bb1c3fb2
40343ec0
3f0a3d9b
40014030
40a7bf76
3f97bff4
40713ffe
3fd340ca
408f4035
410b408c
3fdd3fd0
bf7d4043
bdcebf98
bf1d4020
40c04032
3ff44021
3f493fa1
bf78c021
40963f8e
40e2406f
4038bf96
bf0f40e7
3fee3f9a
40e64016
3edf3f9b
3fc540ba
be11404c
40494048
bf943f00
beaa3f40
3f914049
3f7c40ea
407440dc
40683ff0
c0053fd0
4023400e
402b409e
3f6cbe19
40733f83
41033ea4
3f90bf05
beb74081
40513d8c
4044400a
40933f7f
3e544014
3e954016
4044410e
3f003f87
4107408e
402340a3
3f04bf78
3fa340c9
bbd84019
410e3f22
402440a4
3f3240ed
403b40b2
40d93f02
3f373f93
3f70400c
400fbf09
3fa74110
406b3f84
40844080
3fdf401e
40254026
bf143f2f
40163fcf
410e3f2f
4027bf9b
bf3b40c3
bed840fc
40dd3e50
40203f23
3f5e40a8
bf0b401f
405b402d
bf1e3f87
4056408e
400440ae
4060bf71
408bbf8b
bfd13fd8
402e4027
4023bfc3
3f9ebfc7
40a34099
bfac3e68
41033f8e
3ee54094
3fd8408d
40a3c038
40124006
c031bfbf
bef1bfa2
3f9940b3
3e8640c8
4025402c
bff94088
401f4081
40904084
bfde40ca
405c4015
bf2c4066
3eb2409b
408ebfa0
bf093f1b
408ebf3a
bff9bfbb
3f834009
3fe03f9d
409940cb
4095bf5f
4104408d
bed24097
405dc018
40a2c01a
4071bf48
3f143fbc
3f3c3fab
bf993dfc
3ff64046
3faf4035
4084405e
3fb8bfe9
bef04089
40ac3f2c
40cebf2b
bff0bf7d
3fe1bf3e
3ff54056
408b3fc5
bff13f42
3f193f6b
4006bfb7
403440cb
4080410d
40a5bec9
40df3d6e
3f11bf73
3eee4035
408a4032
bf90be4e
be8fbf82
3e924082
bf1d4026
4000c001
3faa4012
bffa3f51
3d294001
bea940e0
bfbc40df
40483fb7
c0124069
3fc240a2
402d3eca
3f84c03b
3fea3f6c
3fdcbf71
bf5dbf02
404f40a7
bf6f4096
40713fbe
40fd4015
bee2bfbc
3fb9c014
40814088
3fc4403f
40fe3f21
bf2b4031
405140df
40824047
40403ff0
bf33bd90
bf54409f
3ef0bf75
403cbfb3
40e43fef
40954080
3ea23fa7
3fb1400e
3f393fc4
bee33f97
40c9bc7c
403240a3
bec4408f
3eaec024
408d401e
c01d3f8f
3ecebf8a
40103f5f
40a94005
405abf70
bf87bf9e
3f653fb7
bed94040
3ff9c003
3f6e4037
40ba3f42
3f393f67
407840d9
bfe4401c
40ac3fc0
4038405c
3f6e405f
3f8440c2
40844080
40174028
40e6405c
bf314096
3f4f40b4
be5740e3
bd093f09
3fa94083
3ba03fc8
bdfe402e
bff64056
4050bef8
40f6408f
bf1fbf61
3d84bfc3
3fec40d1
bd96401a
40c83d98
40383fef
3f7d402d
3f8440ec
c0003f02
40923e38
3f8d40b1
bf403f29
40aa3fa4
40963e3c
40073e52
beab3fcf
4072beb5
4083410c
401e3f43
bf8abfbb
bf0bbfed
4044404f
40a03f8f
c01d4008
40da3ef2
3faabf4b
4037bd70
405b3f0c
40763f43
407e4057
3f9f3f45
4081bff2
4078bfc8
bc723fd0
3ff9bf8e
3fcf4029
bf89402c
402fbfe6
40a1403d
405a406c
bded4047
4011bfc8
405f405f
bf813fd4
40abbce0
3fbc3f56
be8840cf
40914018
4038401f
40b43f67
3f7d40a5
408e3f72
40574083
4008403c
40034025
3d9740a7
406e3fd3
3e9d3f80
408cbf33
40953fb5
bf1abff0
40553f99
409640da
4037bf18
40ca3f7a
bec840b3
3fb53fb2
40b43fe4
40cc403b
3f774084
3e4340b9
401dbf8e
40014004
40a74012
40d23efa
bf0a4087
3fdf408f
bf62bf69
40b93f27
bfba3fa4
3fec3fb8
407c400e
3f263e48
40dd3e8b
41073fb1
bf544009
408c40de
4084bf64
40863f12
40bc4072
4030400e
bf92bfd4
bdf03fdc
3fe5bf32
40183fb4
400840b9
3fdfbda9
3f11bf9e
bfdbbf12
4097bfa9
402e3f7a
3f78beb0
404bbfe6
bf46beb8
bff23fcf
40383f52
3e214097
3e2440f8
40093f95
3ede4082
bf33407f
407ebf8d
3f7e4016
40b7bdfe
4078bf9b
40123ffb
3eb13f95
409840ec
bfa94035
bdd73fa9
400740b4
407b3fbd
4098bda5
40583ec2
bfa54070
3fa34058
3f6540ac
3faabfbe
40e33f84
40a63f8f
bed340a3
4044408b
3f523f93
40c7bf59
410dbf62
400f4090
3fab3f6e
404540f6
3f4d400b
4044bf96
400f3eaf
403d4075
3e0840ce
401a3fc6
c010400c
40204086
bf9740d0
40984105
40993f9b
40f53f0d
401dbfd3
401a4016
40b54106
bfb54026
4031407c
bec1bf9a
bf704081
4054408e
40cfbf73
410f401c
4036bf82
3e2940a6
4019bfeb
407a3f29
40ccbf3b
3f93bef4
be954090
3e473c45
3fd73f59
4104408e
bf47beb1
bdfa3fed
40723f04
be80bf0d
40924031
40104015
406e4044
bef740eb
bf48bf0a
40c23cd0
401a401a
406e40ef
3fd74049
3f373ebe
40813ff0
3d9f40b9
3ebc409f
3ff240f3
3f934028
40e74052
400a40be
407a40a1
bfaf40dd
40b7bf65
bf06be45
bf393f02
4030bf62
be2f4101
4078401d
3f2abe86
403a3e8e
be093fed
4051bf00
40ee3f06
40413eca
bede402e
3fe540b4
3f193f78
bf07401d
4086bf44
3ebf3f0a
bfa240a9
3f2e40b5
4093402a
40ad3f0f
3fbd409c
408c3fe1
409e40f0
c00b4029
40eb408e
3f6abf29
bfa84032
3fd54049
bf193fcc
40bc3f3c
bf02402f
408a3f94
40184011
402dbf61
c027bf90
bf544067
40833fef
bf28401b
bfc24036
40714089
3ff34053
be9a4088
403f40bf
bfb2403f
bfc33f3b
3f78404f
403540d3
4014403a
3f6f3f05
4108bef6
3efb408e
4068c010
40be4000
3fc8bd4d
40c4400d
beab3c9d
3fb93fa0
bef34084
405a3fd8
bfc4bed7
3f1b405c
407140df
40524040
3ff83e5f
40a04012
3e573fae
405f40d5
40c040f6
3e3f3f8b
c018beb1
3e85bf19
bf4c4062
400fc025
3e663fac
3c763ea1
bf0ebfeb
407d4003
bdf4410e
3fa7402a
40ce3f94
40123fb5
3df9409b
40384001
3fd9be42
bfc13e74
bdc03f5b
3e82bfb7
3fdb40ec
3eaebf53
40534088
bf233f68
3fa53d9c
3f82bfe6
40a93ecc
40903f66
3f7cbf82
401a4087
404e3ecb
3fa23f0c
3f0c4016
3ecdbf82
bebe40ef
be6f4045
407b4035
bf394059
400d4074
bf4740ea
408c3ee8
bed33e6d
40934041
402a3ff0
bfb4406b
bf903fa2
40df4012
405b4068
3f51bf9d
bfb24083
bfa8bd8f
bede3f7b
40a64041
3fc84000
3f10bf75
3f964102
40934023
40f2407f
bf77becb
406f40d9
bfec4007
40d14001
4043403f
bee74020
bce9402d
40093e1a
402bbf4c
3e633d05
bf1940bb
3f2f3f84
404fbf8f
3cac401d
c0134048
3f44bf59
3ff8bc0e
408e410a
bfe83fd1
40184029
3f6dbfd8
403cbfaf
bf7c40e7
3fa6403d
40ec4088
3f3e4096
be8dbf8d
407a402b
40a13fdc
4096becb
3ff2400c
402c40d4
bd943efe
bee0bf44
bf1bbf12
be434099
400e4087
40ab4103
402d4024
c03d4016
be2e40b4
3f694097
3f8c40f7
40e33fb6
40dcbefa
401a3f13
4026405f
bfe54030
3f443f8d
3fbb3f74
402d40be
401fbf93
403d410c
bf783d55
410b408a
40164048
bea4404b
3c05410e
405a3f63
41054046
401840b3
3f6d4058
3fdd409f
40d04001
4057401a
3f74bfbf
4075405a
3fe2407f
40ac3f98
40ccbe0d
bf183ff7
4060bf74
40894028
c01dbf52
bfc03f5e
bec84008
401a409d
3fbc4028
40ec3eef
4024bf69
3ff7be03
bfb43fc4
3c2f410a
be2c3e81
bf343fe8
bf654081
402e4060
3eb94003
40b73e93
c0384070
bd4d4033
40634074
bf3ebf55
4081402a
3e333f8c
3e4bbfdc
3f62bf43
bfc34109
40ac401a
4033bebb
3f86bfbe
3ecd4021
40a2410c
40f03f66
bfa33e83
40053f94
405e4048
bf6bc038
40843fe9
3fc33f7a
3f223eb4
bf3e40a6
40a74073
bf6c3f4e
c01e403d
bf0a4082
40693e2e
3fe04083
40b6bf68
be0a400a
3fa2bf85
3df44051
bf97c019
3f80bf69
40a0403f
40294049
be0340ac
40053eb5
40abbf73
402b4086
4037bfac
402e40dc
40153ea0
40444011
4110406e
3f06403a
3e32404d
bfcc409d
3ff13f88
410f4060
401b4048
bed73fee
3f10bfa1
c014401d
beda3fb9
3f0b3fdc
3fdd4023
400c3fd8
be593f43
be633f2b
3f50400f
40023efd
405140b7
3f9cbdd1
40943f8a
3f0cbfa8
405bbfa4
bf924036
40b2bf78
40f33f5f
4006408e
bf33bdc5
bfac40b8
c00b3e41
40f94056
bee83fa9
3f8740b7
3e8540db
3ff4bec6
bfe54084
3f943f5a
bf9fbef7
407440d6
c00c3f98
40a4400f
402dbe90
400440bc
3f8d40e1
40e83fd5
40664021
40353f96
400e3fc6
40a74083
40af3fbd
40dc408e
3ede3fe3
3f9c404e
3d0540d9
40763ff9
407bbfab
40103fa2
3f48bfab
40094016
3f323f2e
4106bf41
3ef340ab
bd93403c
404240ee
3fa8400f
bf583faf
3e4bbf8e
4082407c
4088bfc5
40803fe8
bf864039
4034bec4
3f8dbeb2
3e6040b7
bec74024
bfd0bfab
3fa04019
bf0840d9
be393cf7
bfdb4013
40844033
3fe6bf23
3f8b400e
bfe6409c
3f7e400d
c027407a
40274048
40873fd3
bfa2410f
4002bedc
40413ee0
4014bff2
401fbfcd
4045bf88
40c83ffd
40144008
3f0140b2
405440b7
be394028
3ff33f90
4014403c
bf3a3fa8
bf644086
4079bfd9
408b3fb9
3fa13fb3
3fc73fb4
3fe93fe3
403c4103
402ebed5
40afbf12
3f403fce
40833d90
3db3401f
40833ef1
40df408e
40144022
3eaa40cb
40354086
3e814024
bffa408e
be713fbe
3fb4bf4a
403c40f9
c01b403f
c0364039
bd673f90
400e3d1c
3ffd4014
3d533f32
3fee4023
bf6d401c
3ef74090
408c406f
40c5bd0e
40584085
3e9f3e87
3f2c3dbb
bff03fb7
c008bd9c
40ee407d
400b4064
bf694099
bfc540ad
401e3fce
c016beb7
3e62bead
bf8dc010
3fbd4067
c00f3eea
40623fb5
400a3f4e
3fcd3fe6
40713e4a
ba61402a
410dbdc6
400840aa
40573ff7
40ae404c
40083ec1
41053f7d
4005bf62
be79c01c
40514091
40ae3f23
bf1ebf43
3facbf5a
40673eda
3f78bf88
40ec3fe5
3fef3f97
bf6ebfe0
be193f99
3f1e3fb3
40e83f1f
bf08bf8a
3fa54049
be4d40d7
402ebfb3
40a5bf19
40833fd1
bf73407c
4086bfeb
408a4108
40d7be88
3f024056
3f98409c
406a40be
3f9c400f
40b5bf11
40cdbf03
3fcd3e1f
3f8a40af
409340fa
40d8bd21
bffcbf9b
3f9f4023
bf53405e
406640a4
40383dd7
40d13fa1
401340bb
4087bf2a
406b3fd9
40a83fc5
c004bd03
40174021
4045be72
3fe04035
40514035
40c63f9d
bf324082
400240ac
4079c019
40bbbf64
40783e59
40353fe3
4034bfa9
409b3fe2
3f194024
40a63ee7
3fa8bf09
be58c016
40b5bfc8
3f173fe9
c01c3efe
3eb43fbc
408d4073
bf0dc013
40d33fa1
408c3bee
bf213da0
3fa840ce
4057c03c
4068bf17
c02a3f60
402cbbeb
bf04bf5e
4021bff9
3eb4bead
40cf3ef5
403dbf73
bf4a3f46
bf3040c3
bf56bf48
40ec4052
3ff34032
bf1d3fbf
409fbf7e
3f214032
405e3fad
3fb3bfbe
bf0ebffa
40bf3fe6
3fa73f41
c01d3ff5
bc794023
4043bfd3
40213f6e
3fbd3f24
3fb43fae
3e834002
bf723ff7
408340db
bf453ff1
40ca4019
40043f13
3f95c011
40123fe9
40c74029
beac405b
bee43f10
40784036
bfd4c02d
40b53eb1
bfb2bf76
4031bfff
3fa34070
4021bfb7
40a8403c
41053dd7
3f8d4031
3f9bbecb
404040ac
40a94018
bf813ef9
3e8140a2
3f144014
400bc017
3fd13faa
41054007
40303fa3
408dbe6a
bf2040d6
40d1bf4f
bf1e4074
400f3fbd
bf9540a8
3fb540be
40c7403b
bfb54085
3e86bfaf
408c40af
4094410f
409cbeab
40d74060
40384098
407d3fcf
3faf4024
400fbeb5
408bbe88
3eea3fab
3faa4041
408abfbb
40724002
bf993f91
bf3abfb0
3e623fc8
402fbff9
3fa4bf64
3f8abda6
401f40ba
4053bdb9
3ecc4081
40573ec5
bfe34040
3fb34096
3fa540aa
3fc1410c
be653f82
3f8d405a
bf163f05
bd1dbfe5
bf2c40ab
bfda3f31
3fd13fa6
3f4f4088
bf923f4f
4072bfb1
bfa43ff8
40203f02
400a40ae
3ffb40e1
409940f9
3f4c3fe4
40a5402f
be8340b6
40493f6f
40a7410b
3f72bf08
3ffc4056
3ebf3fbf
3f83408e
404abf85
4013bc98
40f13fb8
4023bf04
4020408a
409b3fd5
409cbe51
3f14408a
40343fdc
3f2d3fb1
407740e9
40b93f82
4015406c
3f9d4006
40834037
bfdf40d8
3f9cbf48
c0273f6e
40034067
bf72bf8c
bfba4100
40974020
407a4062
3e42bf9e
bec840ca
405240d0
bfd0bebe
3ffd405c
3f534010
40144078
40854092
c0134022
41073fd6
4020bfa5
403cbfb7
bf923eab
bfc7bf21
40c53f2d
40003f77
3f6abf30
3f8e3fae
40abbf70
bf07bef8
3deabfdd
3f8640e7
bffb40a6
be813e33
c01d4074
4021408b
406c40ac
be19bfc8
402a4000
bd894065
3f7940ae
407cbf87
beed3ebe
40843f99
400f3d65
3dfc4035
401d3f34
405740d7
3e4ebcf5
3fc7bf2c
3f6c3f8d
3fdbbf8b
40884012
40413da0
40553f40
3fb53fdc
4032406f
bff83fd4
40ea403d
3fab3ea9
bf063fce
3e8c3fcc
3fc33f69
40df3ec3
bffebea7
bf4b3fe0
3f8fc01b
40134089
40b43ed1
401c3f89
402640a3
405f40e1
40843f35
40253ff0
bf72bdf8
bf353d3e
bf66bfee
3efcbfb8
3f0b3f82
41093ff3
400b408d
405bbeb9
404ac012
3ed93f12
41074000
3f953fc8
3fe13d82
404bc000
40aabf0b
40cd407f
bf4640bf
40483f9e
408940f0
beb1bf3b
c0083fad
3f63bf7a
3f333da7
40af40c0
4062bda8
bf893f6e
beb93f0a
4021be93
3f2540c4
408f4038
408abf8c
403f40a9
40623fae
3f1340d0
3fbf401c
bf973fac
be9e3f88
3e043e72
40343f20
40b23dfa
c0014031
3f993fa4
40443e52
c0003fee
400cbf6e
40334062
3fe54027
bf1940ea
bf984034
40e6402e
40244081
3f01409c
407f4057
3fed40d3
bfe33ffd
bfa53fde
4022408e
40364099
bf6d4047
bed83b41
bf873fd7
40273f1a
3eed4091
3f3a4110
3fcbbf35
40024085
bf003fb0
40344065
bf3a40fa
bff44026
40ce4036
403fbe30
40553ead
402c40b1
c00c3fa9
40c43fb9
3d89bf9a
3f8b3fd3
402440ed
40bf3f61
40974057
3fc14012
408b40a0
403fbfb9
40e03f91
bfad4040
402240ab
3fda409d
3eb13fb4
bf11403f
407b406b
4011bf06
3f884066
4033c001
404e3fdf
3f81bf87
3f30409e
3f5fc01e
3f5040de
40df3f65
40e23ef3
3fc240b0
bf81401d
40594107
40c13fc1
40fb405b
402c3fb4
3fdb4043
40a340fc
bff13ffe
bf833fe4
bf4f4086
be97bfd1
403ec003
407c402a
c0343e7b
bf5b3def
3ec94090
3f204035
40603fc3
40a03feb
bee24093
3fb240d8
40a74084
bfe1bea2
41053d5a
40334097
3e753f03
40874108
bdd13e12
40a8bf67
3e95402a
408140d6
40564102
40e7bf3e
40894050
bdb53e91
3fa1bf4f
40934049
40b73f8f
bea93fb6
be9e4029
be6a4026
bdd7410b
bf9b402d
40b34083
4032bf1d
407240d7
401dbd06
40de403e
40db3fc7
3fb94071
3fbd3efc
3f9f4105
40783e3e
401d4041
bf103ea5
4032bf3b
bf8bc037
3faf3fd9
3eef3f9d
bf3ebf11
bfaa40ec
3fc1410b
3f67beb7
3fe54068
3f76be86
bd494091
40284066
409a3ff9
40824068
40073f7c
beaebfee
bfdc4104
c0113f0e
bfab4062
3f19407d
407240ba
4099410b
3fcd3fed
408b3f17
3f844088
3fc54036
4017bf46
be113e72
410fbfae
4022406d
4069bf9f
bfc5404c
407a3fa4
3e994079
3fcabeb6
bf8940bf
404b409f
bfe94003
c02d401f
bef8408f
3fb73ee6
3e9940cc
3ffc3e9a
40893fbe
3e9a40ba
40003fdd
3f3bc013
bf60bea1
41083f67
402cbf3d
3f953f84
408a4101
3f8e3ffc
408e4013
403ebefb
bf32408d
4043c006
be8c3e18
c02cbf97
402540b1
3e823eb6
408b3ebf
bf6f4018
410d3edd
be31bfba
405140d7
3e644094
40d73fb7
bee6be94
3ed5408f
3f2f3d6b
4098bf4e
403ebf70
40183fb6
be46bfc3
405c401a
401cbfc5
bf1dbf3a
bffe3f9b
4021bfb8
4003bfc1
40803f8e
bfe33e5a
40debf52
bf66bfff
3fed4068
408640a6
40e44013
4107bf7c
4001bfbc
3fb54001
40bc3f81
3f124026
40a1bf80
3f543eda
4033406c
bf81bf9e
40c6bf49
4060bf9c
40033ee0
408840de
40814093
3f113dac
4108408e
3f4bbe9f
3fa5c005
bfb93fc3
c017bee9
407abf3f
3fe64011
40643f4c
3f8240ad
40743ea3
3ff53feb
400ebf89
40793fab
bf84410d
3f9ebef5
409b3fda
401d4082
409040a2
bff53d81
3e653ff8
41063fa1
3e88403f
4049bea3
40834105
40bf4001
3fff3f85
3fbb3f97
3f5f3fc7
3e13405f
405c402c
bff04083
3ffd4081
bf5d40da
40ba40ba
3fc33eba
40bd3fde
3bd740a6
40454025
403240d1
bee73ff5
40f63f76
3f124035
bea44091
bf9340ac
40e93fbc
be02bf90
400ebf22
40733fc1
bfcb3fa1
40c34007
40d53e81
bdf9bee8
be063eb3
40ae409c
bfa34000
bf944066
3fbabfee
40813de7
40bbbf77
bfdb3eec
3fb14039
3f86404a
bf8fbf48
4010c02c
40d4be9e
40af400b
be223fca
3e65bfed
40034024
40473e28
402a4015
3fdcbfe3
406abf32
bfe140c3
40af3fa7
3ec53f5a
3f9d3f49
3f8440bc
40a540c5
40183fe6
bffb4053
3f454071
405e4092
3edb40ed
408d3e0d
4009402b
3f554099
3fec3f4d
bf1ec02f
3f713f93
40e13f26
3e04409f
401e403b
40a4410b
40e93f42
406b3fea
3e5e402b
4045bf99
3fcc4031
3f1d3def
bf844079
3fe04085
40084096
bf9540a5
402fbe94
bf4b3fc2
3f70bfdb
402b3e2c
bfde409c
40d9402a
3c1ebf85
3de740a0
401cc008
3f12400f
bf023f42
bf893f00
3f8fbfe9
401640e3
40b4be2e
4048403e
40ff4060
3f7040a6
40143ed7
40be40ee
bf3e402b
c03b407d
3fb3408e
bf67bfa1
40b4402a
40883f35
bebc3f98
bf574027
3fbdbfeb
be0c4088
40cebf18
40fe4051
3fd83fba
40243f78
3fcebf64
40c14006
409a3fc7
3f7f4009
408540b1
406640e2
bf0d3f33
40913fc7
bf7f4090
bf9a40d0
3fdf4012
3fb03fbe
405f3fd7
403b4062
405d408b
bf784108
40ec3fd9
407c4048
3e4cbf95
bef5404e
bf983f06
40d6bf51
c02b3e85
3f44404b
be4b4011
3feebe6f
bf6cbf67
bfc4bfa5
3f9940b8
3fe240bc
3f4440b6
3f533fe5
3f83408f
40123fe1
bf4f40de
403440a5
3f4dbf0c
be31bf2d
bf4a4046
beb3bc99
3fa43faa
40ddbf70
40a23fa6
3e8dbf44
3fbd3f62
40b2c017
be8a3cde
4053bfa8
3fe24053
3ff440b3
bfe43f7d
407c403d
bfad4080
3dfebff9
3ec83fc9
4073409c
40d63f4b
40ec401b
3f32bfa9
40473fbf
40b2c001
bf2e4039
c030bee1
401f3fad
bfa240e2
40a9410f
40cf3f23
40d3bedf
40044090
3ef040a4
bf56408c
3fe73f2f
40d13fe1
3fdc3f71
3f244018
4067bd35
40ccbf53
3faa3f54
40394083
3f3f3f20
404d40f3
40a5403e
3fa04000
40103fc7
3fda40c3
40954106
3f67403c
4081401a
bdf0408f
406340be
403e410c
403e3f55
407fbf97
3ff9bf9c
bf1ebfc3
4034c010
40c23fe7
bf704075
bf0e3fda
4037beec
40193ff0
40bd4033
40b7bfba
401e4094
be82bfcf
4093403d
405e3fb3
3ff83f72
3f2a4064
3f8740c6
4092c02e
be213f68
40cc4057
3e8c407b
40724089
4026bfc3
40514008
408a408e
40233f5a
3f60beed
be394104
40513f27
bf9b408a
be984021
bed6becb
400c3faf
3fa93ef1
3fba401e
3f3f4096
405640b2
40993e74
401bbf7c
4065406c
3fa4407c
40654012
40a73f10
40e43feb
3ee93f41
3fc34086
40534040
409e3f63
be513f49
3fe73f3a
400d40b9
4059bf98
40aabfb1
40ef4024
405e403b
40184034
40204076
40914108
40c3bef1
40c8bfae
40403fc1
bf7e40e2
3fcebffb
40ac3fd1
40a84062
bf5c4011
3ff5be62
3fd24109
40ec3e98
40f14084
3f85408e
bf5c3f8c
401a401b
be793f12
40bb4086
402b407b
3f11bfb4
40473bd2
40b43fc8
4058bd2b
bf10bdb9
406e40d6
40913fc4
3fd53f85
40bdbf5d
bf11bf47
3f94400e
bec1bf6a
40293fcd
40fd3f1e
402e4089
bf363f42
3e5040eb
bf0abe46
40e23fef
4005403f
3f07bf81
be493fce
c004403a
40363fa7
3f9c4058
3d874003
3f8c40d1
bfff3f90
40d63fbb
40123f1f
404640df
3d9bc038
3ffa4023
c0173ffd
3ee33f7f
3f6bbf5c
be903f13
408e3fd3
40194010
3b26bf32
3eec4050
3e844103
402abf65
40b9bf96
bee040b8
3f403f57
409e40af
40d44031
bfb33dff
3fa64012
3f90bdda
3fde4090
3f783fce
3e8f4042
3f26bf1a
3ff63f33
bee33e2f
40a43e99
3f1ebfbb
402b40a4
3fdb4099
401c40b2
408cbe33
40da4027
403dbfd7
408e40db
3fdc40fe
40a6bf52
40073fbd
3f8f40b5
405c4077
405240ef
bdcd4009
40663f1d
3fbbbfae
be9e4027
4085408c
40233fcc
41054034
401a3ca4
bf56401c
4095bfc8
be1a3e86
bfb0bf88
401e4096
bf9f402d
4081403c
40b14036
4006bea7
3fc83f34
bfc0bf18
405240f6
bca03f1d
40e83f4c
3ed440ad
405240af
3ee94110
402a3fa9
3f99bfa3
bf754099
3ec93ede
40794082
c0203fca
409abf85
3f2c40b8
bf4240ee
40174004
400bbf0f
3f1d3f00
40353fe7
40333ee7
3f994073
bf77bf05
be963dcc
3fc840a1
405a40b7
40bd410d
c00d3f5b
41024074
40244009
be91c001
40a53f20
40573f2e
410d400c
40174074
404340b3
3f9540df
40c6403d
40aa4014
3f7f4063
3ea8409c
4071410e
4046be2b
3a8f3fac
4021bf82
bf7640c7
3fb740e1
3fab403f
40c93fdf
3c554039
408240c8
404dbfaf
3df3403d
40a84022
3d304064
3f963f0f
3fa6407a
40d3400e
4106be35
bf534082
3ff440e0
bfd2bfe9
4058bf35
3f313faf
3ec54076
3ddabdf7
3f7040ed
3f293ded
4085bdfb
40244058
3f3240e6
4032bf24
40454020
3f7c3f3e
40173d7e
40613f17
400dc00e
40ab4015
3e034066
4010bfb9
3e5340d0
3ebc3f58
c0043e20
40e43e5f
3fdfbf34
3ffb404a
3f423faa
40274014
bfd1bfa3
3fda404d
be2dbfe2
3f9d40aa
c011bf68
bf3b4032
bf563eef
3f0b3dc4
beb5bf6f
c0133e35
bff9bf5a
3f26bf05
3e4c4082
40ac407c
3fa6be03
3fcf404f
3f9f40a8
405e40a6
408c40cb
bf12bf11
3ef2bf33
3f03bdf3
3f984052
40a2bfd4
40c44010
40cb406e
3f04402a
40613f87
3eab40da
4090be55
c007bf11
401fbf5c
408ebf6e
4083406f
40ec3ffa
4085405d
403ebf3f
4067bfd6
405c40f6
bf9c3f38
40823ebf
3fe34054
bf63409c
3fa840be
bfdc3f1f
40f7bf8e
3f1e403a
be864091
409bbfa9
3f5dbf00
40373e9f
40133fd6
bfa0bf4c
bff8bf8a
40efbf37
3f60402e
401240a3
408340ca
bebd404b
3e9bbeaf
40ec4086
401b3ff7
3e6b4071
40a3bf25
4083401a
40a54010
bd423fdb
3f2c4033
4017401c
40983f7e
c0203fc4
40323f39
3ee43f23
4010c014
40d74022
40e5bef3
3f0f4004
bfb8be08
3f344056
3fa73ff2
40bb4029
3e9abff1
4002c014
bf25410a
40213f81
bfbd4042
3f3c4083
3e4f40c3
401e40f7
408d3fd2
c03bbf8b
bf2dbf5b
406c400f
40b34074
40553f7b
40e9bed8
40193f32
be6dbfcf
40b3bee3
c018be31
40923d2a
3fee403b
3f5140dd
bf22402a
bf273ecc
40bd4013
bf754055
4089bfc9
3f00408b
4081bea4
40bd4053
3fb9bf86
407b4063
3ec9409f
4003bf4d
bf8d3f69
bf194007
4072c01a
40974103
c0084027
406c3ff2
bf4dbff9
3c143fd9
bfc2bedf
bfd03fd7
3faa4075
3fb64052
403d3e4e
bff2bef7
40a9bf31
3efb3fe4
40133e93
3fb74057
405c404a
c01b400a
40af408b
403b3eef
bf9ebf9e
40be40a2
4016400d
bebf3fae
3fe44079
40363dd6
bf253fd1
bf413fd6
bd664049
3d8fbfe5
404a40d8
40824086
bfd03f8d
40d33fb7
bdc83c86
3f5440af
40b6bf80
406dbf52
bf15bdd3
3f4840bc
3fe5be23
4031bf90
40e03fec
3fdd4065
be9b3fa1
3fc340d0
402540cd
3ff6401a
40e33ff4
4003405c
bfbc40eb
4089c021
40a83c22
407c3f2e
bef44069
40803fd6
bf604109
3faf402e
40953ff2
3f614064
40303fc1
40664055
bfe43e8c
bf20401b
400ebf9a
4059bfdf
40574042
40723e66
bfb0bf35
3feabfdf
3f7bbf90
407cbf8b
40bf402e
410e4024
3f5a402b
4076405a
404240a3
bfa53d4a
40babf13
bea13f45
407ebe1b
3f0f40a5
40813f5f
40e83f8d
3e9e4019
3f593f38
40a640ab
4065be26
3f123fae
40374085
bfaec013
4050bfd0
40c23f72
3fc8bf91
3f683e9b
4085c017
bfe4400b
40a2403b
41003fd6
401cbfb9
3fa240b3
3fb3bf20
3e6f3fa2
40e64065
be8ebfa5
bfb340b0
bfe84093
3eb63fc9
3fa34024
3f10bf29
bf4fbfe2
40034091
40ae4010
40f64085
bf76404f
4033bfbf
4068be16
3fb54010
3fbe4080
3fc8bf19
40504086
40b2bffe
40d9bf7e
bf5c3f31
3f83bfe9
40474093
bfe13ed5
c007bf46
3fc0bf36
401d4043
3fc93ffa
4009bfc9
bc033fd3
3f6e3ff0
bf30405f
3f6d3fc4
403dc036
409d3d64
401e4006
4019bfd5
40414030
4092406d
4063bf6d
bed2406c
3fc84002
3faa3fae
402dbf2a
3fb93eae
be5d3fc9
3ea44054
3fcb40a0
40a23eb7
40754024
40e83fb8
3fcd4090
bf553f31
40384010
bff94019
40b23f3e
bf72bfc4
4013404b
bee03fc2
406f3f5d
c0143f04
3fd73f9d
4059bfc9
40943fc3
40e83e2c
40a6beca
3f4f400a
bf3f40cb
402440fd
40a74040
40d54040
3f794022
bfba40a9
3fb84102
40b23ef5
41043e15
3fe8408a
3c073e9e
408f4110
40d23f70
bda93e4b
bf76beb1
400b40a8
409d3e3b
3df53d1e
bfbf3ea1
3cc93fd8
3fe3402e
40a73fe5
402c402b
40bc4084
bf3e3fc2
401ebf14
40b84041
40733ea7
bf324071
40264012
3eb0bff7
40873ffe
40d3be8c
bd83bf2e
3d703fd8
4054bffa
3c924083
40eb4003
40f54086
3fbf3ffe
3fb23ff2
40a3409c
40d53edd
40803f90
3fde406f
3ff14082
40a74058
3efa3fe5
40c64064
3f7e4060
3ed24076
3e5440ca
bcd5bf72
beaf401b
40124004
bf65406d
bf6740ae
40c4bf48
403abf8c
bea13e73
40594006
bf834047
3fefbea7
3fb9bf85
3f1fbf7b
be25409b
bf3a3f8f
40ef3fb1
40a14003
3dd13f97
bfaf40dd
404ac029
40373f94
40dc3f5a
3f48bfdc
bf444016
40944031
3f83bea0
bfae3e3f
3f63408c
4043402b
40a4c01a
bff2bf57
408b3ffc
3f9c3fba
bd0b4050
40573fdc
40274020
40d14082
3d734023
4085bf9e
40a5bfb6
40104033
c0114085
400cbff0
3fda3f9d
bfd03ee9
40efbf79
40b33f1c
bf3d4084
409040cd
402e4039
40ebbf71
40afbea7
bf723ff1
3e9540b7
407c410d
40603e13
40bf4015
bf18403b
3ea9403c
40a1c004
bf09401d
41003f2c
3fa4be95
3f6540b0
405c40f4
40613fc5
40844008
3ea43fac
400b4025
40513f28
40cf4029
c032407b
3f654095
404e40a5
40bc4004
4067401b
40103f86
4008404d
3de54076
3fe3bf0c
3fb3bcaf
bfeebf98
beb2bf6c
bf5a3f91
bf29bfb1
c012be7c
40e84001
40043e89
40233fc0
40a4c026
408bbee0
41024058
3fb7bfcc
4068407d
bfe8401a
40ea4008
40cc3fcd
3fa1bfc2
405a40b6
4098409d
40ce3fec
bef2406a
be14400e
4056bfbf
3f67c03b
406c3fbe
c0024038
bf42401f
4020c00c
3e6240ff
4035bf5a
3f01bfad
401e4049
bfa34073
40003f30
40dc3d3f
40dc3dbc
3f253f7f
401640c1
402f4078
402c3ffc
40d83f6c
3fe03e23
beb540ac
bfeb4086
40383fab
40a34033
3f9d3bba
402840e8
404840d6
3ef73fbf
4107bfae
40064009
401940b7
bffd4098
4062bf48
3f774061
3fb73f5b
beea404c
40a94055
40ee3f8c
bfe0405a
401b40b2
bf37beba
4040c036
3f8b3fb3
410d3f35
401b3f9f
407840af
3fe340a1
3eedbf40
40f33fdd
3fe43fed
3d17404c
40be40e5
40983ef1
40e6bf2f
3f8f409b
40223edc
40413ef4
40db4021
40ff4049
bea7bf9b
3e094070
40ad4106
3fbe3ff3
40d6be04
3fde40b6
bf22404b
400f4104
407bbf0a
4080402f
3faa40a4
bf99405b
409dbfb3
4091401c
40fb4002
3f9340a8
40763f7a
40b83d9c
bffdbebc
400b4053
40193f68
3fa3408e
bff0bfda
40d43ec7
410bbf8c
3ddfbfcd
3ec74048
40304104
40cf4040
bfe2407c
403d40a5
3fec3fac
4081c009
40d23d22
3f644047
bf55bf0e
3e283cbf
409f40b4
c010bf13
40bfbe82
402f40a7
402740ee
40a640cc
408a3fc6
41003f9d
3f3fbf7a
bf194080
bfef3f7a
404a3e8d
3ed03f9a
3ff0bed8
4027bf9a
3f58c019
40704026
c01e408e
3f0e3fb9
4083400a
3f2e4058
c0193df8
c0034028
3ee83f9f
3fb1be9c
3fe74106
bfed3f5a
409f3fce
be184094
3fd240ea
bf0dbd40
40c53edc
4042beb2
3f054030
40833fd0
3ebabe3a
3f2d3f86
3f99405f
3fd74033
3e9e402d
409e404a
40953ea8
bf893f24
3fc0bfb1
bf8d40ba
40b840fe
bffa3ee1
3fa23f29
4021bfe5
bd2240e1
be87c01a
40da3f93
3f163e4f
402b4044
bf933f0b
3fb23f35
409f3f40
bf8d4059
3ed3409b
402f3f48
bf113e87
40524034
3eafbf91
bf763fad
3fab408a
3e98bfc7
bfe2400e
40ffbfa4
3fb93f99
40874080
4069404b
be8abecc
40cd4084
3fad4044
402d40de
4096bf77
bfbc400f
403f4085
be893e47
bf1fbf4f
be894040
409b3f28
40a74078
3fea3f5d
3f01bfc8
409ebf5d
beb9400c
3f22bea8
3f904020
be1840b2
be664106
bfa03ff3
bea5bf4b
401a4066
4018bfd3
40704080
bf143da5
3fd54053
be2340b6
bf82c01d
3f233e7e
40bcbf3e
3fd9400b
3fd6bf44
3f2b40c4
3f9440c0
402d3fe1
408e3f15
3fcc40b8
bf79408e
401140e8
406e3e06
40e0bfad
4007bff6
40814013
400b407c
3eaabe6d
40954057
4032403f
40704059
409c3fbd
bf9cbf3b
3fb14007
3f9a3e0d
bfa7bf57
403a3f8d
40c3401a
3f5f4082
3fcfbff4
407940d4
4090bf35
40b4403e
bfc33f1f
3f744069
406740d3
3f0740df
bfdbbf57
4106bd63
be843f1b
bebc40d4
3f4840a6
bfb23fa4
40ae3f6b
3c0b4080
40034082
4011404c
40d23f2e
40834012
3f8a3fd6
3ff43cd8
beed4041
40b0bed3
4030408f
3f8a3fcf
3fcc3fd1
409140af
3f8fbf79
400a3df5
403b405a
bfb140c8
4072410a
40b9be67
40db4064
be513f90
3ec73f37
40263fd2
40be3f86
404e402c
3f81be0a
408a4003
402fbef9
40663e8f
bfebbfbd
40364051
bed14039
3fe1405c
3e5ebe99
4021403e
402dbf8e
40373fd6
4093bec7
40654008
40403f31
bf4a400b
3f593fef
405c3f80
3fee3fce
4101403c
be533fe6
3effbdb1
beb3be8f
40a33c3d
bffe4001
bf7e3f5c
40824010
403640f5
bf783f97
3fc73f5f
400d3fb6
bf4abfcb
bfdec009
bef13e2d
bf933fc5
4005bf99
4017bfe0
409b4050
40633fb9
40bf4026
4013bf96
bf8440c5
3fa3400f
beed3fec
3ff6bf95
3fea40b5
408d3c80
3fdc3fbb
3f9b401c
c0163ec1
be7b405b
3f2c409c
40933e35
4006402d
3f954018
3fb4bf4d
40614010
403c403f
3f9d3f7d
40fc3e6b
402c40a6
4081c017
bec5bfce
3f8c3fa2
408a402c
3e44bfb5
40324069
3fd7c016
3e453f8d
40ad406a
3fba3ec9
402140d7
408140bf
40834034
40a2bf98
3e8e4012
406440af
3f4f3f9f
40dabf3b
41064060
3e02407f
bfb83fc9
40a14036
3f473f9c
40b93fe8
be0d403a
40184027
40b7c03d
40d7be81
41104090
3eaa4014
405640b7
3fb940d3
3fe33e09
3f984087
3e964062
4003c009
402e402f
3c884026
40d9bf2e
4015409b
3fe24069
40af40e8
4004be1e
405c4029
be713fe0
4035bfc6
becebbbe
bf284000
4018bf90
4013bfb9
bee3bf60
406d40cd
bfda3ff6
40f93f87
401d409a
bfb6be7c
40aa404e
bfb23ee0
4086bf93
3fef4051
bf754066
40184016
40dbbf63
bf384065
40214035
bfa6c00c
406940a1
4073be94
40023eab
3eb0bfd7
40663fca
406f4027
40533d8e
40174088
bf5040b2
408740a1
40944000
c016403e
beef4019
402440a2
3ecbbf9e
bfae40c7
3e8e3fae
40a44071
400cbfed
3f8d3f53
bf924003
40c3bf71
40923fcc
40254095
405d409d
40c0408e
40254008
40c83f37
3ff240c0
405dc01e
409ec031
40b54006
40c54089
401bbea2
408fbef9
3ffcc006
3f90bf63
bf514089
3f234057
401740e6
40b5bfde
40a54034
410abfa0
bde03ea6
bfb6be8a
bfa5409a
bf063fe2
3ff5be47
bf70406b
4077c00c
3fdc3f53
40bfbef6
c02e402e
3fc9406f
3fa83f89
3f054090
40e8bf6f
40ffbf7d
3f3a4037
bec740eb
beb74058
407d3feb
40e63fbb
3fbe4090
4022407a
4073c033
40154021
40123fde
3f904027
3f68bffa
3e714006
3fd23fa8
c0044049
bf2d408e
3f8740b3
40bd3fa3
40ea400a
40ea3f8e
bee04077
408f40a2
404fc017
3e14beac
3e89407e
4006403f
408a3d81
bebf40e8
40813ed7
408f4065
3fe5406f
bed54058
40964102
bff93fbf
beec3fc6
4035406e
406c409e
4095bf90
3fb4bf5f
407f4089
bf50400c
40823eb5
402c40f0
bf433feb
40383f8e
3fce3ff5
40103ff5
3ffa40e4
bfba3f22
40753ede
3ffabf8b
400c4009
3f0fc014
3ec54024
40e6406b
402440b8
405dbfb3
401f3eb4
40ce3f71
40ec4027
3effbf10
3e86404a
409b3ea8
bfc14021
40cd4056
3ec9404f
3fd4bf01
bfd24083
40613fca
4066400a
beaf3f94
bfb43ff7
3f763f44
3f1dbf43
3f174052
3eb44087
405b4055
bf6c4053
40a5bf41
40d24083
bd0f3f84
405340dc
4091bee0
40183ed9
41063ef8
3f9bbefd
3f32403f
403fbfe4
40ea3fc5
40a8bf8f
3fed40a7
405d404c
40763fb3
40303fd1
4082bf05
3faa40b7
3fb24056
402c403d
bf813f9a
c0153e98
bf6a40a6
3e86407a
40babf9c
4055bf2f
bdbf3fb5
4030402e
3fcc40b6
3d76c007
c0024009
40c64019
3edbbf49
3e553f90
40664074
bf914031
400f4034
3fde4052
bfb23f55
40b83ff6
409e4016
beadbf20
3ebfbeca
3f914085
bfbe40a6
40173ff6
3fee4023
40283f57
3f81406f
400b40a3
bd2f4006
bfddbf79
40074060
404d4007
405a40f1
40424007
3e544009
3fa0bece
405a40b4
40a840b3
bf7b4029
404f4018
3fc8406a
40443e7b
4085c02c
40cfbdf5
403abdf8
bf6540a2
4012bea8
40be40ac
bfc54035
410fbee6
bf2e4073
408c40b0
40ab40f5
3f6e4036
403c408d
bf1dbf1c
401c4066
bf98c025
40cdbdce
40c7bf5a
3f24bf81
3f6e40c5
4018410d
3faebea5
40983f51
bed4bff1
bf05408e
405340b1
40be3f97
4103404e
bea04016
3f854031
4063406c
40bbbf47
3dc1400d
3fd03f03
40903f53
bf2ebeda
bfb5401e
40e9bf5f
40223d7d
bf813f94
be75c02d
bf44bf23
4108befd
402f4033
3f454062
3f7bbeeb
404e3e9d
3ff9bfa9
be1abfa1
4080401a
3f894021
3ee0400f
40c0beaf
40373f18
bf00bed0
4051c01d
40bcbead
40c6becb
3fef40b5
3fab40e0
405f409e
40433fda
40c33f12
3f804011
bfab40e2
bee940d8
40ce402e
40544059
403cbfdf
405e40b3
408e4001
40ba3f2c
bffd3f8c
3fcf40a1
3f393f4a
40a0bed2
408b4015
40213fab
3f883f21
3ffd3b65
40aebeea
40e2bd85
40eebec3
400abfdf
bfa8bf23
bfe44062
4011bf67
3f7dbfb1
40134055
4034bf5a
406d410c
3f8a3f05
4063be08
40104064
bfab3f3c
3e5840b6
40debf4c
4106be2d
3e924032
3f45bf24
3fcb4090
405f4012
40c4bf61
402d3e11
4072bf99
404a3fad
40273ddb
4029bf5f
3f2c3eb2
403840c0
bf9abf83
40c34032
41093f0f
3fe14006
4009c015
3f50bf52
3f85bf50
3fa1bfa7
3fea4078
3fd3c017
408d4104
40b8bf1f
41083fed
401b40be
bf5f4009
40b73f51
408abf04
40c3bf76
403f400d
3fa640e1
409ebf98
40ba3fbe
4048404a
401bbfa6
bfaebf03
408840cf
bfc53ef0
bfcb4064
3fca4048
40343f93
4050c01e
3fb64038
41044054
3f204083
3ed540b4
bff94108
40d64027
bfe5bf73
3f43bfff
bfb8405f
409dc005
40ea3f82
c0213f53
3e194016
4086403a
406e4009
40704013
3deb3d74
4033bff0
407cc020
3f5a410e
406dbd93
40c94078
4033bfb4
3f0c4073
3f854102
404c400d
bf894004
bf2c4033
403f4000
bf8240f7
40afbf65
40fe3f0c
3eb340ac
bfa2bffc
40a84090
40cebf79
3f743fbd
3f8c4091
3fb8bf9d
3f70400c
3ffb4012
c02fbf5b
bf7fbfb5
3f9440ba
40b940e1
bef6bdc9
402c3fcf
3fc7bf31
400a40af
40b34031
bf743f9f
4034bc5b
be414002
4070bf77
bdc43f8b
c008bda0
40bfbf6d
3fca404a
4070bf61
bf213fc3
40ce3e9d
bf4c4080
403c4083
3f634035
401e4088
40b4402e
406bbf53
bf7b4074
40543fe8
409f410a
3fc74037
3fd3bfb8
3f824046
40083e8c
4045c018
40d9bf27
3f8b3f86
3e794003
401440ac
3f30be9c
bf5d3f8f
3dfabf7e
3f97bfe5
3ff03f23
404fbf0c
40e44005
c0233f67
4012409d
bf8240d2
3fc440cc
3fa4bf4e
c003bee1
4028be95
3ff4bfc8
4026406a
40e0401a
41044060
bf543f02
be8e40d4
3fb94103
40583ff2
40febf7c
400740be
bdda40c5
405bbf93
c0194012
bea7bf8f
bf3d3f57
bfa540cf
3fa0bfbd
3f82403e
4022bf05
40284053
3fdabe2c
409840cd
bf9abec9
40a0bf8c
4007404b
beee4085
4015408e
bf8b4031
c02bbf97
3f913fae
40693e45
406b40b5
40043fcb
bf513fc9
3fc1400e
bf3fbea4
4052c035
40913e93
402e3d92
3ff8bf07
3e9f3f1d
3fd1409b
40123fa1
401a408d
3f723f17
404340d3
3f04bfe8
3f7e3f60
40afbe69
3e62406f
40294084
3f7a4006
bf193f4a
41073d08
3fa9408c
405f40b8
4038bfff
c01abd70
bfbabf84
3ffb3fdc
402c401c
40be3fcc
4076402a
be1e401e
3f53be6d
4011c002
3ffc40ce
40203ff5
405b3fd8
be523f2f
be9440ec
409f40a5
40713fe8
40f53e78
3fbf4036
bf6340ee
40aabf0e
bee94020
bf98400c
4023404c
400340df
bf563f22
40ec3fdb
4097bebe
3e52be01
bf943f31
402f410e
40653f9d
c016bfba
400c40b3
4084407a
bf813f8f
40f03f95
404b408d
3de3406c
bf2dc014
40babf8d
40a73fe5
40674089
3ff8bff0
bf1840da
bfb840f4
40b03f4f
40c63fc1
3fbf40b6
40223f01
befb40e2
40503fe6
408b407b
be964052
3f8e4087
3f5b3e91
bfacbf2c
3fbc405a
3f89be79
402e40b6
bfce410a
3fecbedd
3f2d3fef
bbe7bd89
be8c4040
406c40e3
40ea3eae
4031bfbe
401d3f0f
4013409d
3f523e3b
40c4bf26
40f8408c
bf033f4e
3fdb4051
3eb74103
c0003f30
c0073fc1
beb74042
bf3940e1
3f14bec8
3dc0beef
3ff24081
bf57bf8b
3fcb4083
3f513e19
bfc43f66
41073fe8
3f624074
3df14079
4086408a
4001403b
3d65bcf6
3f763fdf
bf8640e0
3fe74100
40733fa1
3fe4405d
401d400c
bfb14096
40a340bb
40863fdb
3fe3bd03
3fa8409b
40014053
409e40e6
40913f8e
bf4c405d
bf593fba
40074093
40b040de
400a402f
40cdbf61
3f483f85
3f863ff4
3fe940f6
40313f52
bf5cbf59
401a4033
3ff340d8
3f92407e
be82400a
4076bf05
3ddbbf14
3f2e3f65
3ff54009
40ef3fe1
bfe9bf36
3ee040b5
bcf840c6
403140f4
40a93fa2
40924085
3e4540c0
3eb8409b
bf203fa5
bf25bf72
40b33e1c
bf7b4089
3f9240bd
40284085
3ff3401c
c034bf37
40204094
401a4022
40854101
4028401c
3fae3fd3
3ff4403a
4036408e
40b240cf
40b04009
4031bf62
be183e07
406e4089
bf96c026
40aabf2d
3e634027
3f3fbf28
3f50408a
40b94015
bfa64024
40a7406b
402d40a4
4076bfd3
bf06bd8c
3f9f4018
4104bf54
403d4010
4084bf0a
405e40df
40433ff1
40cc3fb5
40214083
bd364065
bf864099
40363f8f
bee13e6c
be4fbfec
3f03beaf
beb54092
40de3e35
3faa4030
4022be6e
bf0d40d1
40653fd5
3fcd3fb4
c0253f2d
be11bf96
40314097
402abfcb
40913e95
40993c7d
bf534007
408d4050
401a4070
40a5bf12
40fa3f81
3c313fb1
408c40c5
4082410c
bf66402c
41043f9f
3ef040b6
403640aa
3fa7be6e
c0093f00
41003f04
4002bdac
bf2e402f
bf82bfaa
40054010
bfd1bea5
3eea40be
bf1e4054
405540ef
bf8b3ea3
40b4bef1
3f6d40b1
3f4740df
bffdbf8f
3d33bf33
3f94bf31
3fdebf30
40824098
3fa740ca
3fe04026
bfccbf70
40394076
be1740bf
40b74105
4016401f
3dc1408c
400a3f64
402abe81
40a93f31
bf023fbd
408d3f4f
be55bfb4
bfa040a3
408f4025
40964024
3ff33f8f
bf2bbfbb
bf89bebf
3ffc3f6e
c0074006
c00c3d2c
3ddb4004
3ff040be
4016c02f
40edbe98
40e9401e
bedfbfcd
405bbfa2
407c409c
4022bf59
40b5bf25
3f3a409e
4034c013
bed0bec0
bec63f05
401c3f75
3fdb401a
406ebdea
407440a3
40e2bef9
405ebf81
3f63bfaf
3d3640d7
407e40da
bfb8402d
bf69bea1
3faf402b
4074401c
3faf40e7
3f544017
c0303ef7
4001400f
3f573fc0
40a7bfe4
bf7dbf00
3d954064
3f1d408d
4013bf30
3f9ebf86
40303f86
40c94088
3fa640a2
bf9a4047
3f6f40fe
3f063f8a
c03a4000
3e86bfb0
3e623fd1
3f833fe8
bf183fb7
bff0bf38
401e40a9
3fc4c007
4001bebd
40bcbf5c
3d16401d
400c4093
4086402a
405b40ba
bfe4bf3a
40463fb6
3f563fbf
408cc003
40a1be57
40a54016
3e3d3f44
3f8f4029
4067bf0b
bfbbbf34
4071bde8
40d43fa2
3fb24058
bfaf405d
409640ed
40ed3f52
be8bbf48
bf60403b
3ea53e09
401e3f98
bfe84014
4014befb
bf343f92
bd474022
3fae3f42
bf063fc8
4002bf62
be993f8e
be873f8b
babd40e7
40cb4033
c018bda3
3fc93fea
402440b4
40c040ba
bfa24019
40373e21
3f8f4041
bf9ec006
408ebfb1
40bb3d9a
be614038
3f974062
3f0240d2
3fb14017
3f80bf3c
40684006
3f113d64
bfa5403d
404cc007
40ef3dae
c0074030
3f503f34
40044003
3ef74104
40933ef5
40b74031
3edb4000
40464045
3fda3fc8
4040401c
41013f24
402940a9
4069bff5
bf3940d5
bfd5402f
c00e3cdd
3feabf49
bef63e47
408a40fb
40a8400b
bfae3f78
3f9a40a0
be9e407c
401d406f
bfc9403a
40934089
3f814032
bf41405c
40c04104
40474012
3fc3408b
403b3fcd
403340a2
40964081
bd983f2b
40a1404c
beaa4009
40484086
be8d40c4
400b3f8e
3ed5bf82
3fd43e60
404f40ea
40313e14
4016401c
400d406c
3ea6bf93
405740aa
408140ef
bf4c4003
4060bf66
3ed7408a
401fbe86
3e9abeb6
406bbec4
3f783fbf
403f3f78
402c40e3
bf57410e
c007beb0
c0353fa9
400c401d
40783e5a
40914066
40dcbdcc
4103402a
3fca4061
3f72c011
bfcf4094
3fd83f9a
4026bf2d
be5cbf70
3ca04095
3f764023
402a3fbc
be513f82
be8b4019
bd844055
3fd540e9
40d03f00
40edbe32
3f613f80
bfa23f6f
40b5406d
bf15402a
41014085
bf7940ab
bf2440cd
bf2c4056
40494031
bf133e9d
4005be52
3e444080
3f56bf9f
bfc14037
40893f6e
400d404a
3eff4066
bdf64108
bea44010
c02abf03
3ff74036
bf354097
401b401c
40c6401e
41103fd1
4028bf44
bd92401b
bfc83f35
40963f6d
3fa04071
3f44bffa
401b409a
40afbf71
40c83dc8
40dfbca2
3e614056
bf6440cf
4098406d
40683e22
41023f50
be7e3fa0
be3640d6
404f4008
40223f42
40d0bfa4
3e38400d
40484090
40bdbf8a
3f79403c
40434083
40123fa8
4002bf09
40a6410a
40a83f35
4086405e
bf223fc9
bf4fc01c
40193f91
bf7e4021
bfbf404a
bf744085
40244010
bfcb410f
40d2be65
3ffc3eb6
3f37bf57
408a40de
402abfc3
bf13bed1
c0063e3d
3f8140a3
404d4005
3f31410a
3eebbf3f
3fd44058
4028bfea
3f7540df
3fbd410b
40893f65
40e7407a
3f6e40b1
bf98403b
bff34026
c0113fde
4087404b
bf4f3fc3
be133fc8
bfd140d6
40be3f89
407a3dc1
bf294015
bf0540ec
40644090
408bbf7a
c018be99
be21406a
be603f9f
40124027
40353fe2
403c4039
3fff3f00
3fce3f1e
408e4078
bfd6be8c
40cfbf4d
3fabbfa9
bfbdbe2a
3eb440b6
40be3fc3
40914056
3f3b3fa1
bf2d4099
4058408f
bff63f2e
40784066
4037bf29
3ef83fa1
40954005
3f683f8a
400a408f
befc40a5
408240d0
402b4000
3f82402c
3fec4083
3feb405e
bf8c3f42
409240dc
bf613fe4
c0323fd4
40283f9b
bf2f4055
408ac011
40553fca
407ebfbd
40163d85
3f6fc01b
3fbe40c6
3f0fbe17
c0323fbe
3fc84093
3fa8409a
3ff540d5
40543e9a
3f2c408b
3fe84050
3f80bf4c
3ff7bdd0
bfd5bf6a
40a2bf95
403dbf7b
bf71c01c
40984001
bd914004
3fcabfb4
4038bf0a
bfaa40d2
409440c7
3fb7403c
40ad3f83
4006bff4
3f8540d8
be8ec03f
3fdfbe89
be553f15
be44403a
3fb73f57
3f11c019
3fcb401d
be39403e
3f9c409c
4062be27
3f92c019
bf304024
3d894034
3fe6bf4d
40693f98
bc3740a5
3fa5401a
4104bf50
3f6c402d
3ffcbf11
bff74089
403d4026
40f54036
bf7d40a5
402140df
3dad3eec
bfe73f10
3f22401c
3f97409d
3fbabf48
be20407d
3e1a3fa7
c0013ffe
3ef73e29
be8e40bc
3ed33fcf
408e3f24
bf3abc0a
403140b1
3fb140aa
bf57410d
40b1bed7
40464090
3fd03e0c
be383ec0
408a4026
40b33f8b
4095bd3c
403c3f15
bf89c00f
3fcb3fbd
bfbbbf2c
3f903ee2
3f7c3f71
3fea3d0c
3fd840ff
405c401a
bfb74031
3e66bddc
3e9b40ce
3fac4081
40d2bd0f
40b73fef
bdd6bff4
3ff33f95
3fa03e93
bf5d3d3e
40e8beee
bc5dbfcd
bf2540c3
409bc017
3ef23e01
41093ecb
3fff3f48
bf8f405c
40864104
3fb1400f
410a4089
3f573f0d
3feb3e89
3f8d40bd
3ecb4029
40f1401a
bdbb404c
beddbe6b
4079c039
bffdbe96
40f6bf75
3f7d4000
3f8b40d2
3f443fdb
3fa84006
40f53d47
bec94040
406f40aa
406040c8
c016bf7f
c03fbe09
4000bfa0
3f34bfa4
403340b8
3f7b3fe4
40c34031
3fa83ed2
3f73bfb0
408040ad
40b03f92
40d34074
bf233fe3
403e40c9
40593ff7
40893f65
40f83fa7
400f3ee7
3fb5bfa4
404940d9
bf8b400e
406ebfae
40054057
4081403a
40bf403d
40083f79
408e3eec
3f913e4a
3fb33f98
401740de
be04bf3a
bfccbcb6
bf0a40be
3fd53f99
401bbfa2
404c401d
40b3408f
3f86becd
408e40b7
bdf540d5
3f983e5e
40d8be64
3f323fe2
3faa40c2
bf3d3d8b
4029beaa
bf67bf40
bf3c3f55
4055bd50
3f1a409a
3f3fbefd
c0073d94
3f9cbe11
bf894077
bf89c034
bfbf3fcc
400d4088
3fa33ee7
403fc00a
3fb640e2
bec4401c
4006bf7e
403f409e
3e7b40b5
be9d4088
3f273f7a
bec5401e
3f3b40af
bea83ff4
bffc406d
bf62401e
3f334044
3fcbbff3
bf8bbd27
408a40a5
408b401a
bf61405c
3fb34067
bf5b40a0
bf5140b6
409e3e16
3f933f7f
3f803fcc
bf363fd9
bf5240fe
bffc3f95
4101402b
3fc0bf1f
3f86bfc4
3fb740b5
401b3ebc
bf804024
3fc34003
bf6740bc
40ab4100
bfd93ff0
40e33f94
be45bf90
3f6440b0
3fecc011
bd4ebf58
40b33edd
3e8540a1
bf433fd1
3ff0408e
4088401a
be623eec
be6fbed7
401e3e21
beea4002
40c63fc2
4102404d
3ee73ebd
406e40ca
4083405f
bfd73d66
4008bf79
3ff6bec2
407f3ee6
405140b7
bea73f74
bfee4083
becd4099
3cf2bd97
4005bfc5
bfc6bee4
3eebbcb7
3f873f3c
408640b6
4061404b
40143e55
4105bf96
3fbe3faf
408540a2
40a53f71
40a3bf61
40ff4028
3f0840a8
3f374002
4071c039
40543f9a
40924051
3f30bb83
3f87408c
4032bf85
40bc3fc5
4027400c
4011401e
401d40e8
3fbdbf13
40e23fed
c02f4026
bed1bef3
40034093
3ec040e9
c0003fe7
41044051
3ee03ff7
406a3ff9
4082bf1f
40c04012
404f408b
40043f99
bf05408c
40704025
408bbe45
40dbbf2a
3f5b40a9
bf51407b
40363fd5
405dbe0a
bff6bc89
400cbf94
40223f49
407540ca
c0133f84
40d2bfbc
40123f9c
40374017
bf0240de
403dbedd
3fa83fe3
3fbd4063
4082bf95
be26bf17
3f953fc4
bed24016
beb340a2
3ff740ab
bf14bf40
3e953f83
bff73f23
3f2b4082
402a40a7
3f5fbecd
40e4be4a
40604072
bf474054
3f21c004
3fb04070
3f00402f
40353fba
3ff2bff2
bfb5bfe1
405e40f0
403ebd8a
c009401e
40224022
3ddd4062
40b5bfba
40d13ee9
c018be0e
402d3fa9
402cbff2
40ab3ffa
40423eb5
3de03e72
bf564049
4019bfde
40aa408d
400d3f4b
bfa04077
3fd3bff4
40863f30
bf1340f3
40554004
bf2b3e56
3ec6bf86
bf8d40a3
409f4046
40aabf6d
40634044
3f833fe9
406dc005
bf7d4041
40423ff9
406f3e31
40373fb7
bf3540e9
401b4027
4076402a
40a0bf7e
3fb54094
bf583f01
40ac40f0
40ea3f14
4083bf87
4023bd89
3f3340a9
408f3f4c
40b9400c
40994030
40213ec3
403a40a7
4025bfbb
4056bf76
40944055
3d76bf22
bd5a3e89
bf24c001
401f400a
40cb4008
bf7b3e8e
3f1440ac
4088bd45
3f8d4014
40113f97
3f5a3f44
bf28405e
3fad40ea
bfc03fd0
40cb404f
3f9f3f79
40424030
40203fc1
bf7d3ffd
40963f7f
befabdec
bf00409b
405d410f
40aa3ffb
407ebeff
bf6cbe9e
3fd540a9
bfc540aa
40603ff0
bf744031
3ca83f91
bf08406c
4099410a
bfb6403d
40e23fae
3fc5409b
3fe740af
4043bffe
c005bf38
4012be57
be953e9b
4084c000
4032bfa7
c01c403f
4105bf03
3f8b401a
402c3fd7
bfaf4056
bf983fb0
3dac403d
4021bff1
400b40e7
409d410e
40c73fd1
3e02bf10
bf3540a5
bed14014
40313f11
4097be8f
c0033ffb
3f083f36
3f29401f
be8d410c
40e3be73
40344084
40023fae
406f40ea
bfdf3fd0
3fbe3dc5
4009bef8
bf37400b
bfa8bf82
401a4026
4062bf7a
becb4080
3f723efd
406740a6
3fb44011
40cf3f0d
3f98400d
be03bd83
40543f81
3e9740ea
40d03eb1
c0004069
3fe83fd0
400740e3
3f1b40be
402b3f99
3fd2401c
3d284076
bf1640d9
bec43f96
40843d99
3fa73ee5
3e763f67
be293f1d
408040d0
bfd8bf28
410abf29
402540ab
bf8540b1
40a64061
40c73fa5
40b63f6e
3fe03fa4
407240e6
bfda40a3
40143f14
40093e82
40364048
408ebf41
408a400c
3fe33ffd
c0344087
3e1440b0
4016401b
405c406b
40dfbded
404f3f08
40134006
4017bc12
40b63fe0
bfcc3f62
4109bfa9
3fa14091
bed33fc4
40683e48
bf10402f
4085bf75
bf3f3cd6
40084031
3f684089
40633d9f
c03b4024
3ed13e5c
401a40c7
4094c012
bf27bf60
40c8be06
403540b3
bfaa40ef
40084103
3f4f3ebf
bf493e9f
beb2409a
3d2cc015
4032c007
3f0a403d
40973e85
400f3f9a
400e4078
becc408f
c0143fa1
bf2d3fb9
402a40ae
406c40e7
40724076
bf0e3fa3
410a4040
4029bfd1
bf723f76
40574049
40653e65
3fd6bdfd
3df4407a
3e504062
4083c038
40783f77
bef53e02
3f093eb3
3af6bfc4
405040d9
40c0bf3f
40c44025
403fbf37
be30bf5a
402e40c5
40d1bf35
3dcd3f9e
3f8d3f9d
bf8a3d34
bfb740ad
bf083fb9
41083e22
4035be44
3fd3bf79
40414017
bf4a3fdb
40fe3e7c
3ee44032
401640de
be883f30
40a0bea2
40893fb9
3f713de3
3f7140b0
3ef4bf36
c013bed9
40fc3fa9
bf1bbf9e
bfa740af
40054095
be3a3d88
bfbe3f52
bf523f3d
3fdebfc8
40423f89
40db4007
40063f3b
3d76409e
3fe54017
3fe8bf6e
40974026
bf834079
bf23409a
bfa14054
3fca40a9
407d3f11
c03b4007
3fbb40b8
bec4408a
bff14072
408d3fd0
3f0abf70
bf284056
4013404e
40843fb5
bfe93e8a
40a53f8e
bebb403c
3feb40ec
3f50be40
40ee4024
40b14083
be32be72
bdf03fe2
3fcf3e05
3f6a3f8a
c027bfb3
bf233f59
3f89407a
3e554100
4079becd
40e13fd2
3f083fc5
bea540a5
40b04022
40334010
40d23f67
bf0b4093
bf43bef7
403b40e3
40ca400e
40f3bfb7
3ffd40bb
bf57c008
bf01bde2
bdb63fd1
c0113fef
3f343dcc
3e58406d
bedd4107
3fe64025
3f38bf9a
4034bf43
bf7d405b
be4dbf37
3d8dbdae
3fba3f9c
3fe440b6
402d3fe9
40a04052
3f243fe8
3d1d4070
3f964079
3f8540af
be93c00c
40654016
40dd3ee1
3febbf89
bf843d75
40133f6e
407a3f30
410e405d
3fc73fd4
bdaabf3d
4002bf81
405d4001
40694025
3fa6bfd9
bf6cbfa5
4034bf36
bf0e3e4e
40de4024
4008401a
4035bf1c
bc91bfd2
4011bf57
3fc1bf8a
403fbffb
4078408e
40094066
409cbd96
410a3f9d
bf1c400a
408c40aa
beab3ffd
40693d8a
c028402c
3f8b4019
4009bf14
bf8dc022
40923e64
41083ffc
40023f6d
40313f8f
401f400e
3f7f3ffd
40f34062
400cbf47
bfa23f95
3fa54098
3f9e3f8b
bef33f4d
3fb44062
bf1b3fea
40b840bb
c009bf7e
4053bf75
3fa2bf5a
408940b4
40bd40c6
40c03fdc
4041404a
beffbe26
3f4840e8
40833feb
40a33fb1
bf8dbf7a
3eb8405b
3f644024
3f8d40a4
40663f0f
409e4076
3fd83f5b
bfb540a5
4047bf37
4076bf54
3ff43f80
3fd73f53
3fd240d0
407b4090
4019bef0
3fd93fa6
3f86beb1
3f9d3ff9
bfb140dc
40e33eac
40ec4063
3ec53f89
40654003
409240f9
39e34027
3edfbefe
3fa04026
40293f13
4083405a
40283fa7
bf15bf09
3f78bf9c
3fd04074
4044c01f
c0043fba
4089400b
3f9d407c
401d402a
40134102
40bbbf48
40f43f9a
4000befd
be3f401d
bfed40de
be3f3f1c
3e3fbdcf
40394081
bf973ff0
4015c037
40323fad
3e734025
3fca3fad
be3e400f
3fd5406e
bf84bf29
4029bfb1
bf7840b4
bf4340e8
4077bfe3
40ef3fd4
40cdbecc
3f6f3fb0
bf014013
402c40dd
40e83ea5
be644042
bedd4003
407f40e1
40054045
3fc93f6b
3ed53f56
3d544017
3f8840c8
3ea8bf11
bf4d4030
410c4021
3ff04098
3fe74006
bbd440a7
4077bf0c
bf513fa5
403e408c
bf5c40cb
3fa640d8
40673f41
3f71401b
3ec740b3
3fa940ba
3fdb3e25
40763ffe
c0083f0f
3e1a4066
3f00bf63
3f1940da
3fd73f1f
4104bf4e
bc45409c
3fa7c005
bf1c4083
40e23fac
4043408a
3feb3f78
bfbabf8b
4092408c
be663d04
40f6bcf0
3d6bbf3f
408840aa
3f454099
3fb53f6c
40e7befb
bf594034
4074bfe6
409540cc
bf103fc8
40953e96
3e2e4043
40894069
40264086
3ffc3ff5
405f3f5e
3f934086
3f6240a5
40b64054
407a3db2
c026bf86
3f9c4048
3f1a40ed
405c40bb
40813f4f
3fc9be92
3fadbfce
40173ef6
4072408a
bfc5be6e
40b64005
400cbf77
3f0c40ce
4079408b
40623fe6
40bcbea8
3f8dbf5d
3f8fbf6a
beb2407d
408f3e8d
3ee1bf94
3f8f406b
4083400f
bdd440ba
404a3fbd
3f914084
401c4080
408140eb
be67409e
407bbf64
40d6bd6d
4010400e
4046bf95
bfbe40c9
40c73fc9
40da3ff8
403f3ece
3f2d3fdb
4068408c
bfc0bd88
41084052
3e834003
408a4095
402c40f5
40b03f5f
4087408e
bf1140ad
3fc34081
40af4025
bfe53fbd
3cf54034
3d7fbfc7
bf924039
3fc83fa8
40653fc7
3f14bf93
3ebe400e
bebf3e91
3e0b3fd4
40973f15
40e5bfc0
402840a6
3fcc4020
3ec84102
bfca402b
c02f3eaf
3ef74054
40203f4b
403640ee
3f3e401a
bf4e3fd9
bf07be53
bf2abeca
40b340f4
40c84010
40ec407a
3fe64066
401e3f35
407c4093
40b6401a
40a33fa9
4009400d
be7a40e2
402f403a
bfc13f85
3fd44067
40184061
bf703d49
becbbfdb
bebb3e11
40914073
3e5dbf39
40643f6e
403140e0
bf8f3fa1
bda6bf1b
4035becf
3e3a3f1f
4076bf5d
3ff23f17
3fa54071
3d5a3f55
402cc015
40683fcb
3fb0bf7c
40d1bf1f
3f8840bb
bf1bbfbb
3fc8c002
40bf3f48
c030be16
bde0bfce
bf2c40e5
bf0340f2
bf583f99
c001bfad
3e823ec3
bec740b3
3fbc3fca
40443f5f
bf5a3fc6
bf513f99
4029409a
bf9940f1
40d53e9d
407c4058
bc7fbfee
bf7f4081
bf633f0e
40a73f2d
405f3ed7
3fb940b9
40273f58
40aa3e8c
40874026
3fd5bf67
40303f9f
3ec54047
40753ffd
3ef74001
3f653fc3
3fa74064
bf914052
3f05bf04
bf3b3f1a
401d4044
3f7f3e99
4087401d
405e4083
40cc3ff2
bf4e3fe7
3f5e402c
3f8240c1
40614107
3fb4bdf9
3fd34067
4010400d
4049be3c
bf8a4103
40b13f48
4093bd32
3fee4030
404740e4
3fcac00f
bfe23f80
c03d3e4c
3fcd4088
404c401b
402c3fe4
3e6b3eb4
3fe14006
40143d2e
bf87401c
bf4c3fad
3f873fc1
bf934008
3f8c4051
4036bfeb
bf3140ef
409dbec6
c02d404b
3f9f4092
bde94021
be8a4011
c0014027
bdc73f5c
beb44032
40843fbb
3f9b3f0a
403e4024
4102406e
bf1e4011
40054010
408e40a6
3f32bf0c
3f6a4087
3f5d4052
3f60bf84
bfe1408d
40463f8c
c038401a
bf17bee4
3f8e4092
404440ce
40a73f77
3f024056
3efbbeb1
3fcf40b0
40074044
408dbd07
41083ca4
40354097
403440a9
40a440c4
40534017
bccabea5
bd2a3f6e
408dbf84
bee040b2
bee93fc3
408c408d
3e2ebfb1
407b3d6b
403fc00e
bfaebf37
bfa03f00
3fef409e
3f5e3b22
3f4bbe96
40993eb3
beed3fc7
3e4ebf67
40894097
40864064
402b3fbd
c011be95
40164002
408cbf0a
40234073
40c33e49
40e0408b
3f853f42
bf8c3f1c
40a540a7
3fa4be70
41034076
bf6f3f86
bf4cbdbb
3ffd3e4d
3f7dbf39
409c3eb0
3f4e4042
4043bfbf
40774003
bea23d53
3e79403c
bf223ece
bf6440e9
4034bee4
3f234008
c03a3ff1
3f8ebf8c
403ac015
40834102
3e0e3f6e
40233f4a
400a40b0
40774083
bf973f58
4056401f
40c03f03
3f144088
3e9a3e3f
3b96404b
3fe03ef2
41083f77
402a40b7
bf5c3f35
404740e0
3f43bf22
bfa84055
bf21401b
3fdfc013
bfec410d
c00d3f50
41043fd7
3f873fa5
407abf53
40b0408b
bfb9401c
4107405a
3fd640bc
3fdd400e
40babee3
bef34011
c02e3f6d
401840b6
404140b5
4038c019
4002bef3
c0164022
3f803fa8
403740ee
bf71bfcf
3f83403e
bff73fef
3f873fd5
3f853f14
be51402b
3fdd3fbd
405ebf72
3f2940a4
bf9f408c
407c40cd
40544028
4087bf92
403840a5
be0640dd
40bd40be
40203fb6
bcf93e4e
bf22409b
402e401f
407740ab
40743cd6
410f4082
3f184030
405940be
3fc63e0a
bf7f4016
4047bf7c
bea33fc8
3fb9404b
3fd540e5
40a23f5b
40e3bfa1
3f18bfac
405240d1
3f2140c2
bf80bdeb
40fd4029
3f5e3f9e
bf64bf2a
40974030
bf243fde
3f483ee8
3fc63fe0
40753f60
409e4108
c002400c
bd3e4039
3fa6408f
bed6402e
401a40fc
3fd33fce
4007bf1e
3f8f407c
4044bf3e
3eae40f7
bfb64016
410b3fc5
bf0c3c0b
3ea13f70
bf934050
405d3fa4
be80bf6d
4013401a
be5abf86
bfabc021
40d5401a
40c54089
4015bf0b
40734055
be14bfb2
409b3ffe
bfc7bf0e
402a3f90
3fe8bf1b
407540b1
40c2bf76
bfa2bd96
3f9e4086
bd3f4090
401abe71
40b0be3f
3faf4050
be933f56
be804022
4082bfe8
40b84004
3edd4003
bf534071
bfa940c3
bfb940f1
3f653f05
40d0408c
3f8140a7
bf5ebe94
406c408c
40a6bf65
40984049
3d9b3edb
407a40c3
40bb4047
407c3fa2
40fb4025
3e2cbfb2
bdb940c4
3db63f1a
406f3d91
400bbf9b
3f4740a5
405d403e
bffabf44
4080be18
404bbd3c
bf434013
bea54057
3fbc40bb
405a3ff5
40994085
3ecd4063
4007405d
406340e9
40543f86
40f2bfb4
3ff4bff9
3f703f4a
408ec036
409f4035
40f84029
3ca2be6c
404d40df
bf8f4030
40c1402a
4002bec0
3d4b409b
4077bf96
3d453f95
40db3f2c
40c6bfa1
bf7cbfc3
bfacbf05
bfb53e53
c009bf33
c0394051
402f40a3
bfbc406e
406f3ff3
3f11bf60
be3ebf82
3fa63fe1
bf3bbffe
3fa93fb7
40bc401a
40bf4083
3fdcbfe4
407d4059
40b43f2f
be093e84
40d6408e
3ee140ac
4085409c
3ff03fb4
40384010
4037408c
be604087
40214064
3f494108
c00fbf20
40823c86
403d4019
3fa64080
40194024
bff73f99
40d8bf88
3fc04026
407d3f1c
3ee44089
bda43ffc
3fbf4077
3fc14058
404240ab
40bd3f79
405c4017
410a4002
bf1740a0
3e7840b8
407dbfa0
40ea4037
c02f4037
bf68bff9
403b401c
400040b2
4033bd50
40544084
3f633fcc
40433fc8
bee54004
3f033f99
409ebf55
bd413ff7
403e3fa5
40423fe6
bf81bee3
c030406c
4032402e
bfad404f
3fb140fe
40a73fc6
401b406a
402840b0
be02404d
4000404e
3fa74039
409c3ffa
3ff23fc6
bf923f54
40663f6c
40c9402f
40bdbfb2
bf7340a4
40143c0f
3f00402e
3f104018
40d1bf42
401d3f5d
3db93efc
403f3fa1
bd853f50
3f274077
403ebe2d
bf7ebf70
40044086
bff93f82
c00d4031
bf234097
3f1ac00e
3fef40ca
bffc4016
40094036
3ffc3f3c
4083bf4b
40a740af
40c13fb1
41064010
401b4022
406c4029
bf7f4102
405c3fc3
3fe3bd82
403a4095
403e4042
408640ae
40693fe2
3e76bfb8
bd843fb9
40574049
409240b8
bf523fc2
40b93fc1
3f893f91
404540b8
403e4091
40963f9b
40223e83
3fe43f65
bec64051
3f963f90
3fd8bf0b
c027404a
3fb7bc87
40533fe3
40ae4039
3f0b3cdc
bda2bf9d
400dbeea
bfabbf7a
bfe5be8b
40343fa0
c00c4053
3d924030
405c4042
40a940e5
4001bf35
40e7406e
4019405f
bf8f3f90
409e4105
beeabe8c
40494054
bf5f4036
404d40b9
409b4031
40e14021
41044012
be4bbf9c
3f373fed
3f40410b
bfc0bf60
40984037
402cbfc1
bf7e40ca
3f453f66
40393f19
40733fb1
3ff93fcc
bed63fa9
bf0c4106
3fe1be8e
bf904079
3e2940b9
3f87409a
403940d9
4097400c
c007bf43
3fc340ad
407d3e7c
40b74055
3f89401d
40dfbeb0
3f3f4090
3fcec00c
40ac410d
4045bea6
bf854084
bdbf407f
3f8c4022
3f3140fa
bfe23f85
bf61bea0
bf7f4084
3f8540ee
bf804085
40973f4c
bf8d3f73
bf3b3db4
bf9f40af
4059be0b
40c24018
4094401e
3eb03f9a
bfbfc00b
3f2bbfde
40493f80
40d6bf57
bf6b40b4
3ee44084
40a740ba
40cb3bb7
c0383d43
3fae407c
3f0940c8
40b84027
40914010
405d406e
3fef4020
bfbec00f
3ff3408b
402b3f8a
40d4bf7d
3fea40b8
408e3e49
408ebfba
408d3f73
40a3bcc2
bf774029
3fa53f8f
3f914019
401f3f69
4064bef1
3fc840a8
bfb2bfae
40a0407f
3fe53ca4
409c4024
40284091
403540a0
40b34024
40464018
407d404c
40073fb1
404b3fde
3fba40f2
40533f5b
bfd83e85
bed63fae
bfa240b1
4083c02e
3f843f56
408cbf8f
3f4e40b3
40824091
3d8abff0
409fbe91
4085bf08
4040402e
40383f04
40ad4096
40843fdf
bf714012
bf1c3fc5
40853f92
bf7e4007
409b3e05
4041406b
400d408c
40083fe9
40a3401e
3da23fa0
becd3fdb
3fb13fa3
bdfc40d1
3f994081
3f67bf4e
40d23f06
3e893e53
3ee640cf
400a4053
bfb9400f
40a23e72
3f9f4088
3f7340d3
40a0c006
3fad3f23
40844030
bf4f4048
4038408d
406d3f8b
3f693dd8
bf33beca
bf114054
bf854061
bf6bc00a
40ab401e
bf64bfbf
3f873e3e
4020bfdf
bf884108
40e23aaf
40cb4022
be0c4080
3e23bfe8
3caf40f6
409cbf29
40a03fb0
bf24409a
4063bfa5
400d404b
40a7402c
bfc03f68
bf514041
3f113fc0
400540af
40983f2d
40883ff3
3fe7bd9d
40293fc3
bf2a4089
c01dbed5
3fbbbf5b
402fbf3b
4008409a
3e22bf54
40ef3eb0
bf79bf5b
40234058
403a3f67
3fd140f9
3f604018
40833fd2
bcde401e
407d400a
3ebf3e58
4042bf25
40d73fd2
401cbfb1
405dbeb7
4033401d
40533fac
40fe4016
3fd93f41
3f5b40b7
be2340c2
3fefbf62
40444082
3f314005
3fb540eb
3f01400e
c019bf59
40364009
bf2a3ff8
beb9bfaf
bf673eca
c0084012
bfc5bdf3
bf1e40b6
405b3fe2
3ff9bf1e
bfcd4012
4095bed8
3ff4bfd8
4038bf25
409240f2
408e4019
c0074079
3fb2bfa5
3f5cbe7e
40af40a7
3f524007
bfe73fb9
3eb94060
3e9d40ec
401c4018
3f074000
c0114011
be0d40bf
402f3fce
bffb40b1
bf2dbefe
40fabe68
bf7a3e88
408cbf0a
403340e2
ba9b401c
bfb73f8e
bea3bff1
3fe5bf26
3f5c4022
40b84034
40ed405a
3f223f58
3fe3402b
40afbe25
be8bbf7a
409a406b
bf5d4088
bf684030
4074bf53
40cd3f1c
4109bf82
4035401c
3f213f22
3f29c016
bf07bed8
40223e1c
3f24407a
bfad3faa
40ae40c8
4073bf57
3f913eef
4013bf8e
3f1d40b6
bfc240d5
3e883fb8
40253fd8
bebdbfae
408840d9
406b40b5
bfba4003
40f8405b
3f474091
beeb400c
3e9c40dc
40963e48
bf01bf03
3f333fa9
403b40ed
4016bfb4
406ebb94
40e1407e
3f7b401c
3ff74040
405e410e
40e63f14
402d4003
3f9f4079
3f65bf3e
3fad410e
c00d3fd3
40784051
3f09bf6f
bfae4037
3f984109
bef53eb5
bfd7bf67
bf694085
3fdf4090
bd8dbf6d
40273a84
400f4063
3ffc4072
4034be6a
402cbe89
40dd3fd7
40fc402a
3d0740ba
402240c8
40673f3d
3eef3ddf
c01d4033
3f35409b
3fbb3f9d
4041bed6
409e3fd8
403c4021
3faf4005
3eaf3f95
3fdb3fdb
40cf3f13
3f55404a
3ef63eaa
3fac409a
40a040a2
c0143fd7
40d93fca
bf5b4018
40894096
bfa3404d
40b63f5b
40a03f58
3f9b4088
3fe840ea
40afbfa4
3ffa3faa
409f3f78
3de7402b
408d403b
40613f63
4083400c
bfc23edf
4027bff1
3fb24050
3ffebfae
401e401b
41094066
3ff4404a
407d3ff6
3fc4400f
40db3fe5
bfa6bd21
3f96bff3
be76bfa6
bfe44014
4053beac
40ec4037
3f043f35
bf57bfc8
400440ea
bfca3fb5
41013fee
403b40a3
3fbe4083
bfac3fae
40c1403d
40c4bec7
3f8140a6
4020407f
408140de
40233f4e
40043fa1
3ffcbf37
404d3f87
40a03fdc
3faa3f3a
c011bfa1
400f407e
40813fdc
bdaa4110
c011bedd
402ebedc
3fa64025
bfac40df
402d40cc
3daf403e
c00d3fb4
3fd24091
3f66bf37
bf99bc99
40cc3dc3
406d401e
be5140ae
3f504030
bf9d403b
40e3bf7a
bec3beb8
bf6cbfaf
401240a7
3fe3be98
bce04014
bfae3f00
3f3dbe75
3ec73fbf
3f153e00
c00b3f10
c0394078
3ffe4037
3f23bfd2
40bd40cd
bf673f0a
bf82402a
bf173fb0
bebc4021
bf5b4100
bf67bf23
40eb4011
bf614094
40003fdb
409ec012
bf9e4012
c005404f
3fcbbdc5
3f0840a8
bf5b3f19
40eb3e2c
c02c401e
3efd408b
3f3f3f65
3f8240d8
3fc13fad
bfa83f68
400b408f
bcb3bf8a
40404104
40144017
40c7be00
3fd3bee3
4080404c
4037401a
40ca3fd8
bed14038
bf264007
3ebd4094
40a540d0
408b403b
40c23f6b
3e5f4083
40814058
bf674101
be07bef9
4096bfa3
be053fc6
3eb1c018
bfb240ab
befdbf7a
bdc6403a
3f6bbfea
3f5bbfb9
bf11403c
c0183d04
bffb4056
bde03f53
408f40b9
3f88c031
3fcc4029
3f21bf88
3feabda4
bf11bf09
409e40be
40a0400f
4108bf4d
bdd140b8
40093f9e
bf8f405d
40e6bf13
c0394002
be09bfd5
3f66408a
402440bb
407a402e
40ba407b
40334058
be37bfab
4005408a
401c3f95
bd31bec1
40013fcb
401b40ca
409040c3
40aa3fc6
401c4080
3f3240b7
40504063
408ac02a
bfdb403e
40a5bf19
bf1a40b4
3f573f2e
40a9410a
3e5f4031
410b408b
40103f68
bf2c40ab
409d3fc2
40e9be4c
41063f8f
3f273f40
400640a6
3f853e86
bfca4005
400c4082
3f893ffa
3fedc003
4063bee1
40763f30
bff3beaf
be0b409f
3fe240ca
3ec6c00e
40eebee9
400fbf18
3fbfbfe3
404e402c
401a3d47
409b3f9b
3f2c4006
3e813f82
4049bf83
406f40b0
40cd3fed
c00dbf87
4004408e
bf8dc01b
406040a5
bfa5402f
3fa74089
bbc340a9
3de13f32
404d40c6
40b73ecf
410d3fa4
bf79bf1b
3fd5402d
3f18bfa5
40c13df7
3f0d3ff6
400a3f9a
401040cd
bfbdbf3e
bfee402b
bfc4be58
3d653eec
406c4029
bf82406a
40e0be92
41013d15
3f1c40be
bee0bf9d
404a4025
40a03f00
40273e1e
40324074
3f884082
401140ec
403f3ff9
4059401a
3f8c4012
404f3f0a
40784011
40633f28
3f85401d
3e363fe9
4070bf20
40aa4110
3fa73f99
3fff4013
3e8340a2
bf863f16
3eba40ac
3f50bf11
3f694088
bf3f4041
3f5840aa
3fd53f5e
bf093f42
40e34082
3f973fd2
407f40b3
3ffb40b2
3e963f8d
c03e3ec5
402a4011
4023bf02
3f8a4007
40c64018
4109400a
3f0d3f5f
bf05be96
406840bc
40263f52
403b4005
400e4097
bf424027
406a40a8
40d83ff9
40c03f7c
40064076
be8a4099
bec64101
3fecbf60
c0274087
bf0b4058
bfa840ec
3fddbe8e
4084bf74
bf7ebfa5
3ff940a5
407e402b
4087bdc3
40824001
befc3fab
403e406b
403640d7
bf2540b0
40bf400c
40853f3e
bf4a4091
3fc5bf7e
3fcd410b
40ea3ead
3f7f408e
3eeb4096
3e0c409a
bfdfc035
40cc403e
40054061
40154014
3fff3f91
bf4a4078
bea03ff1
40e1408d
bf7e40b8
3f27407a
bf834086
40a7403f
40b5bf28
40303eb2
3ee04086
40a740e1
3d4bbd88
3ec04082
bf5b3f0b
40254097
40b0c03c
40b14009
40e73f0b
bf1440bd
3e8ac019
bf5540f4
3fb63f59
bf08bf4e
be2fbfba
400c4092
4099406b
40cc3f66
4078bfb2
401cbf87
3e1340a4
408ec026
40a14010
40f54052
3fe43f2d
3f30bf51
4032409a
4069bf54
bf9fbf83
bdc840a5
40834050
bf9b410c
bf3e3fed
40be407b
3f56bebc
40324087
bf6a3f39
4061bf39
40b14026
3fd2bfb7
3f05405d
bfc63f8b
3fd53f31
bf18bf51
3f94bf8e
40174098
402a4087
bf864009
40364027
be08bf91
401a4027
3f65410b
bf943fca
41084022
3fa23ff2
3fb2bf50
4019407c
3f4c4019
bf1e4057
bf1abfc5
bfa53f24
40653f85
3f913f5f
406cbd74
3ead407d
be39c020
3f5f40c2
405a3f07
40214079
3f2e409d
408b3ed5
409d4088
be963f76
410d3e04
bf413e4e
40864098
3f9640c5
40ea3fbb
4109405a
be4840a5
4082bfa0
40b9407e
bee64038
3f483f2b
4023bf82
408b406f
4030bf1a
40883eb0
be494000
3f1d404c
3f2b3f79
40b53fde
3fcc3ee0
41073f95
40253f17
4081401f
4058bfb6
3fbbbf3a
400d408b
3fc9bd98
3f5cbe23
400640aa
bcbd3f6a
41073f94
3ffc40af
4067befd
be83408d
3f1b402b
40f43feb
bd9a4097
3faebd90
40a540c5
4027403d
40c23f74
3f81bf02
407f40c3
3fba3f25
40b34030
4035404b
4036bfaa
4004404d
40813ebe
3e31402b
40d03f5f
3fbc4006
408dbf3b
409c40ff
40dd402b
406bbf9c
3fb33fc5
402840c5
3e8740b2
40f03fab
3ff7becd
bf06bb45
3fcd400b
40a140b2
40103f20
404e4063
3f713f0e
3fb640c6
40764064
40d83db7
40183f9a
3f624029
befcc007
3ed8bf38
40943f98
4098bf93
3f9e3e1c
401dbf94
3d53c009
3f73400e
40ff4024
3f073fb4
3e8140e4
3e9640bb
4072beb8
40893da6
3f61bff1
bfb540af
40063f1d
40cb3f34
3fc0bf58
3fa74064
bf0140a2
407f4095
400ebbee
410c3ff4
401840b7
3fc0409f
bf6640fa
bfa13f74
c034400a
bebe3ecb
40363f90
bf0840b3
3f83bf16
40f34013
4001bf56
4076bfc9
bed540b5
40eb3f1f
40cf401f
3fd6bfb8
bf33401c
be0ebf09
3fc23f82
40ab4003
be7840b8
3f8bbfdb
bfcdbf3d
bfcfbe5b
40894051
bf6b40b5
3fff401d
3f854044
4089beeb
404dbbaa
3efe3fd4
3fc640a5
40044095
3fb54003
40354011
3fcebe73
3fb24059
401540a4
3fa83f86
409bbf20
3f774051
bf6c4072
4093c033
bfcb4022
40d44073
3ff23fdf
400040de
bfd840c9
40a7be41
40db406c
3fcebfec
bf2440d4
bea84067
3e963fcf
bef14076
3e1f3f80
40274016
3fa140fc
bfd43f75
c01fbfb6
be3b40ac
408e40da
bfd1bfff
40a9bf4b
40994029
bec0401c
3fc2bda8
bef240b9
40944008
3f734089
3ecd3f9c
40674096
bfa63fba
3f523fc7
c02f4062
3dfc401d
3d6b40da
406440de
407b4031
40c54061
3f97406b
404040df
3ffd40a1
402bbea6
41063f3f
bf6e40a6
bedc40e5
40aa408f
4091bf30
bfc9bf11
3d4c3fba
bea1c018
3f693fd8
40c44037
40013ff1
3f81bf50
3e55c00c
4087bff6
3e803f25
4098bf2c
3fe83fe5
3f97404b
bfd340ea
40c93ed9
404a3f4a
bdf3409c
408e40d2
40354025
c0063e25
40cc3fdd
3f63bfdb
408440ef
3dbb40e8
bfff3ee6
40acbfa6
be9f3f90
401fbf76
bf8a410d
be293f1a
410b4004
3faebfde
3feb40e2
3fd340c5
3d654028
40e5bece
403840ba
40633f8b
40b73fb4
3e454008
3f214087
bdb7bfe4
3f973fff
bfac403b
40e14040
bfeabe55
bf3e409a
401abfc2
401d40d7
beb14024
40634002
3f494055
407d40ef
3fd83ed7
bfe53efc
4048bfac
3f044021
3f614051
40bf3ff9
bffe3fe3
3fdbbf6f
3f6e4085
3f9b4042
3f9ebcd3
40904012
40684032
3e5640a5
4006bf2d
408ac027
407a3f14
4083be7d
40133f7e
406140df
bfa3be35
404d402f
4003406f
be7fbf66
400d3ffd
409940d4
409c3ddf
3dfa400c
40203d0a
3e1d40a1
bf2440e9
40debf5f
40a53f48
3f60406b
3ea5409e
bfb94084
3fc9bf51
401d3fab
3ed2bd8e
40334082
3fd6bfdd
c00bbe1b
40ae3f98
402a4033
40844084
408540c1
bf583f9e
41064011
403b4090
40534018
3fd140ce
3dac3eca
c0093dd3
400c3f90
3f9740a9
3f1a4039
407a4015
4052407e
4025bf17
40283ffa
404e4068
40c93f33
3f693fbe
3ca94087
4054c013
3cb8c024
4058bf73
40a34023
3fe13e45
3bbf4064
40a240c5
40ac3fef
407c400a
4018bfde
bfbf40cf
3eefbf89
4033bf76
4069408e
3e5f401a
4084bfd7
3ff3c029
409c3ff0
40a6bc85
bf4d4025
4078bfd9
3fe74101
bfd53fa4
3fb23f9e
400540a8
408e40ef
bf8c3ecd
40e23e71
bf0e4035
4004bec3
3f933fb6
40683eae
bfd7bf24
40aa4050
3f27bfa4
3e754080
3e62bf6b
c00c4039
40df4027
400bbf4e
bf8cbf98
400dbfc7
3fffbf49
bfbd400f
40213f31
bf0e3fd4
40ba40fb
3e91bf62
40c5407c
3faf4044
3ea43fea
40bc4098
403e3f3a
c01c408b
bed4408a
bfaf3f1f
4057c000
408e4000
40cc4022
be5d4040
bfb4405a
3fc740fb
bc9e3f70
4105bf37
beae3f3c
40854032
beb840c6
40153edb
40b5beda
bee03ee2
bf38405a
bec740ac
bf953fd4
3fd4408a
40183fc9
3ed540cb
bfc23fa9
3fd44024
40fe403b
3ed84042
3fd8c012
3f85bd75
400b4030
41033ea2
bf0e4064
4063bf1b
4043410f
3fafbf76
40e84089
40263fbf
bfb940e4
40af408c
3ed0402a
40d63eaf
3fcd4092
3fe5406f
3f013f47
4065befe
40bd3fad
bf4e4071
40874080
bf9340c1
40af403e
c02f3fe3
3ff6bfee
4019bfd0
3eb140ee
4033401e
40c53fee
40114082
3fba406d
bf8f4093
3f56bdd8
402b3fbc
3fac4007
be313e19
40864016
bf703ee1
3cae3f72
be403f54
be8bbf88
408e4016
40da3fd3
3fe33f56
3d544039
bf434093
3fb240bd
40753fdd
40f84083
3e024074
bf523fd6
3fcf401d
40ba4035
40ef4035
400a4069
3fbebd53
405740b9
40c63ffd
40763f2b
4033bf31
bfbf3f55
4025400d
bfbebe8e
c014bf32
3fda3e8d
407ebf90
bfbf409b
c0064027
40b9408d
3f69408e
3f7b4022
40434046
40aabef0
40a3bebf
3fe3be8c
bfad4047
bfb94021
40ae4024
bf2d4062
bde04075
3fb240e7
bfffbff5
40e63f9b
40ee3fc0
3f993fa5
408c40d4
4043bfa0
40d03fe2
409d3fca
3fd0bf82
3f413f4c
bfcabfd6
40c43fe4
4104bf78
be9fbfd8
408d4086
4046c032
40a64008
40d9407b
bf7040a1
bf3440a1
3f774102
3f9c4011
c035bf7e
402a3e8f
405a3fd1
bfb53f57
40e74031
4071bf86
bf0c3fdf
4063c002
3fb94017
4096bee3
40793e71
3f21bfb0
3f944049
40a3410c
40b33e80
c0294035
3f5cbf50
beaf40a2
400f40e6
4054402a
40cf3f42
3ead4087
bfbcc00f
401a40a7
3fa54015
40914055
bf5b3fc3
3d45408b
40a4bfa8
40c83d01
41034015
bec23fc5
400fbf53
409040da
3f2a4025
be343faf
3f9240ac
40884056
40633f11
40e24003
40923fc4
bc0e40bf
bf9d403e
4081402a
408b4004
3f66bf3f
3f1d40b7
408840d7
3d80c002
40ef3ffa
bf673f12
3f873fa5
bec3bf83
3e32bf5c
bfbcbf58
40aebeec
40174009
bf1abdaf
409e3fa4
407b3fb2
3fe4402e
3f94403f
3fe040a0
40a940df
40ab3f08
c036be0f
3fe93fb7
404140d5
bf0a3fed
40a1bef6
40b2bf85
403d4029
3fedbfd9
40453f3a
40a13fdb
405a3f4b
4006be22
bec44083
40104106
406d3f60
40423fbf
bf1e409e
bf4a4097
406bbdee
4059bef1
c0223ea3
3ecb3f1d
bf464074
3ddd404a
40994024
bfa5beee
bee640b6
beacbfa5
403c40f0
3ffabe7f
410d3fdb
3d064012
3f654084
3fc04003
c00dbf28
3f39bf2b
3fbd409e
3d0d407c
408840db
beaf402c
c017bf85
bf0640aa
4015400d
40a43fc4
40084030
3fc94008
3f62bf9f
4024be53
40b740cc
3ed03f79
40ed4077
4019408b
403240c3
3fa440e3
40054012
bfa14086
bf3540a8
406c40a0
400c4107
40d33f10
40efbe56
3f72c000
40243e12
3f45c03e
406abc76
4012bec6
3f61bfc9
407d3f94
3fb24098
40663fe0
3f064020
bf2e3fc3
4088bf6b
3ed340c8
bfe4bf43
bf963fe8
3ce93f69
401740bf
400f40bc
c00f3f06
3f3f3f84
402c4051
bd4240b5
40883edf
40debeb2
bdcb400e
4039405c
408640d9
40693fe7
405b3fa4
409a3e0b
3f13bfc8
4073c018
3faf4096
40cf3fea
be73bd59
3e7d3fa5
bdedc009
bff6408b
405dbf5c
40fd4011
3f6e400f
bf8ac016
be8740fa
4046bf37
40bb408c
3fa3407b
405a3f3d
40a14036
3fed4033
3e583ec3
402e4033
4049bfa8
40464088
4028402c
40f73f13
3f384005
bf26409a
4075bfb4
409abe88
40f3bdc1
bf6b3f66
3e1840dd
3e8640a0
40d93fff
bfa94043
bee3be1e
3e3040e0
402d3f3a
bea9401c
40283f9c
3ff24098
bf9dbf47
be8540dc
40933f9c
402d4054
4016bfa5
3d934027
40acbf83
40143e83
bf164019
3f3d3dd9
3faf3f7a
bfe740e7
404cbf4d
40a4400c
4010bf98
bebc3fd1
409340ee
3fdf401e
3ecd3f5f
3f894023
3fc1bfa6
409540d9
40b0bf28
40a6402d
bd9a4056
4022c001
408440f4
40b5bf7d
40dc4087
bf4b4070
406abf32
409c40f3
3e033e41
bf93403c
3efa40a5
40593dc7
40ac40a2
4003403f
4018bf17
3f0fbfbe
40833f9f
4010be95
407b3db3
3ee73d9b
3f284031
4003bf91
3ffe3f0c
3db93fed
c038406a
3f7f4097
408640af
bfa83e0b
40e93fa7
41083fbd
bf5e40bd
400d3e56
3f814025
bfac4006
3f1a4077
3fa63ff2
3f82bfea
bf214017
3d8abf4c
40983fab
bf464059
be90401b
bf13bf75
402d4023
40debf28
bde9402c
404f40af
402ac019
40c53d40
4061be3f
bf423f8a
bf873f8d
407d3e63
409bbedd
4084bfbf
3f923f9d
3e97c010
40174015
40584015
40b13fc2
403cbf86
bf1440e7
bfca3f86
401f3f46
bf45bf90
3fa74089
401ebe68
409fc012
3fee401b
40fbbf2a
403f4043
405e4093
40103fc1
3fb73fff
3f25404d
bf04403c
3fe74074
be8cbd08
40b23fd1
3f97403d
be1a4082
bc2b3f9f
3f4040b9
40753fa6
40573ff7
402f3ebb
3fb1401b
4031bfd2
40d83ef1
3e9a4066
3e99409b
be254043
be74bf82
be22bdd4
401cbe92
3f643f6e
3fd640ab
406c4055
4012beb7
40d53f48
401a3f9f
3fa13fed
402840de
40ccbf6a
bfc1401c
3f90400d
4006409f
bfec3fc9
4094bea3
3f6cbf37
3f9e4065
40294035
40acbfe9
bf85bf1e
40fdbf9a
3f883f69
400fbfbb
bf1140d5
bf9fbf05
40a7bf9a
3f62bfef
406b3fd2
40a840db
40df400c
40884066
40214043
be514018
408ec036
40634024
c0173f5d
403c3fdb
407c40b0
bd29410a
3e9dbf51
40ffbe83
3efc40bb
3f383ffe
3c233fd4
40ee4019
40e34083
3f17bfbb
40874075
becf4069
40823f85
c014402a
3feb4098
40514055
40923f7d
3f753c99
40823f5d
3f0b3f9a
4078bfd4
40a03fa4
40e43fb3
409a4057
3f3b3eec
403840e2
408b410e
40d0bf1d
410d4029
3e9a40be
4033bf05
408cbfa0
409f403d
40b0401b
3e614090
40643d16
3d4440c7
40c14001
410abf22
3ea8be06
4024be3d
bf644085
409cbf68
c02d3ebd
4035404c
bf5c3f83
3f31400d
3e823dae
406f4006
3f71bffb
bf893f65
40a14108
bf92401b
c0333f74
3fcc3f53
4014c020
bfba400f
bfb6beba
40073fc0
3fdebf3b
4041403f
3f40401b
bf9b3fe4
40bd406d
3f75405a
407640c4
402c40f3
4097400d
40d83fa0
40064071
4077bfd8
4083bfde
3f5a401d
40c3bf3f
3fed406e
3fe8402c
40babfd8
3f89bef9
4054be62
4013401b
bf1840d2
40a3c024
3f834009
40313f8b
40243f5f
40824047
3f7e409b
40be4014
40c9408f
401640bb
3fe64050
3ee3bf9d
402fbe68
40b83e44
3f1840a0
40393f86
407f4070
3e1e3fc9
bff43f77
bf584087
3e0740c2
3fea4078
404bbf45
4105408d
3fc1bfac
408440c4
4037c026
40a8400e
3fc6401a
3ee3bf43
402f40a3
40a340e5
40114018
41054018
3facbeae
bf26baa6
bef14078
40d83fb7
40cdbe82
3f0940a6
3ff84090
3ce1bfce
40b44016
c01d4070
bf4840b0
3eacbe9d
401e3fa3
40074013
4033404d
3baabecc
bc5f40ae
3e1e4001
40c0401b
3dee4003
3d21401e
408240ca
409e4103
40ec4021
3d9abef1
4011bf97
4042bf0b
40473f9c
4007be81
3fc33e90
3f9540b8
406abfa6
beadc007
bfd0bf55
408dbf92
3fc94084
407340a7
402240ef
3fb13fb2
3f09bfb5
3e123f42
4036408c
400b40b8
40de4003
4007bf40
be67bfa5
3fa84049
3dfa4095
409c4016
3fdd3f1c
bf15bfbe
bf3c3fd3
3ecb40ba
bf80bee2
be9fbf73
40284032
3fc64085
406b4038
3e854028
3f18bfb3
402a40aa
bf58405c
be2b4080
bfacbf29
bf73bf9b
3dab40a0
4006bfc5
4092bee6
40e03f02
409a3e2b
3fa94062
3fda4099
402140e3
3e753fcf
408b401a
402c408f
40103f87
406740a9
406d3f76
40444087
40184023
405c4063
3ef740be
407a3f7f
4056405e
3f803f6d
bfa6c019
40babf97
40533ffb
40833d6a
be27bf6c
bf3d40b2
40bec03d
40393f78
4110bfab
bf463f2e
3f2bc004
4059c01b
40bd3f2e
40f63fac
bf6e4050
3ee9bf92
3fa83f47
bfd74017
41063fed
403bbef3
beb83ea9
4071c002
4094bf35
40b6bede
3f0bbf67
be344029
408d410f
40bd3e91
3eb33f3f
402c3ec0
407c400c
bfb8bf86
409cbf3f
408a4040
3fda4008
3eec40a8
40813fbd
3ecb4026
bfc6bfba
40064085
3fda3fbc
bf2940b9
40273f45
bfe84029
3f4f3f22
bec1c01e
be4c40fc
bf2a4002
3f953fb5
40163f31
405b40ee
bfbe4034
40d5bef9
bf0ebfae
bf0f4041
bfb5406d
4094bfc6
4081be05
40163fa4
bf4b4094
408fbecf
409340bd
40ab3c48
40f83e8e
40383fbd
3fa33e73
409b40b5
bfcf3f10
40824068
bf053eca
403a40c7
40a74082
3f3f4009
c0324089
403d4051
bea840ea
40344094
40923f6d
40df3fb6
3e0a407b
3f8b400d
bff6405d
40d33c9a
40ae3fe7
bf534089
bf5d40e7
4086c00b
40d73f99
4089406d
be8c40bf
bf0c4098
407d4012
bfca3fde
bf6cbf24
3edcbfb7
405140e8
bf92c022
4094bf23
4057407f
3e61bf62
3f1b409e
bf28bf98
40833ffb
bfd54026
3f903eee
4084be15
409c402a
3fd53fa9
4021bfaa
400dbf80
40023f24
bfa54049
40523fef
4100bfa2
3fe6bfe6
400fbf5e
bfd44107
3e9b3eb0
bf76407f
4010bed3
400c403d
bd1a3db3
40aebd7c
40bd3fff
4002409e
3f8bc007
40414079
40df3eac
c0133fce
40204041
3e0540b2
406fbfe7
bf603e5d
3e93408d
4002bf3b
3edb3fd2
40634099
3f853fa3
3fc9bef1
40284032
4086bf0e
3f25bffa
408c4027
408a4007
40373efa
bf36bfc0
401340b8
40f03f31
3f944025
4000bf28
401f408e
406b40b5
3e8f3fe5
410f4017
beff40a9
407740e3
3f94bfa7
40d33fa7
40f64062
4039bf8d
3edf4089
40564064
3f943ff6
40e83f90
4040be49
3f2e3fa3
be2bbf0b
40d2bf13
40d9400d
3f8abd1e
3fb640ea
3f3ebe5d
40abbe0d
4049406c
3f1940ab
3d1a4044
bfa54080
4028bf0c
bfd73f4b
402240b0
40853fc2
40a64108
3fa94001
bfc34005
40133f28
bfb040ab
3fce3fff
be7a3f99
40b63fe5
40343ec2
3f4a3f4c
3fa440fb
40d4400c
410bbf30
bcad400d
40134044
40594110
3fdfbd14
40bc403e
3e993e2a
3f233f9f
bfb63f72
408fbef5
3ec73fae
4008bfbe
3e2840bc
4035404a
40e3bf01
3ff0bea2
3fee400d
3f9140d2
bfda409d
3e953f1b
3f024016
3fd040b4
bf854055
3f573e28
409dbc7b
40bc3f68
bf174017
3ec63e01
3ffa40a6
bf98403b
bf883ff3
becdbd9e
3fac3f4f
3fc4c01c
3f3fbf53
c003400b
3f6dbfa2
3fd9be10
3fa240c2
406c400f
bfefbf86
3f484045
3f83409f
40a8bf8e
3fa7403d
3f4a3fc7
3ef740b0
400d40c1
3f51c031
3f9d3fe3
40d6be9b
be253fde
3cdcbc9f
bfbcc009
40453f14
3f0f4085
3f8940ae
3e0340b1
40a84026
3f664025
40b0408d
3f2a40b5
bf9b3c36
bffb40d2
40493fcd
3ed43e6f
4035bec2
3e7540c4
4045be1a
40693fe3
40b34087
3f8c4099
bdf9403d
3f5b40eb
40b14028
bf963edc
40233fce
3f1cbf7a
40a4bf67
3d663f22
40f34086
3f57406c
3f0340e5
408bbfb4
40773f4e
40a3407a
3ff240b6
408a3ea2
bfe44109
40ea3f45
3ff33f29
3fcfbfdc
404e40a9
3fa43fd2
40ae3fac
3fac4066
be933eb9
bcc84020
402fbea4
4083401a
40df3f15
401ebf97
407ebcd4
be8a40d7
c01d3fd1
40b9401d
bf263f4a
4022bd2d
40a1bf67
3f9d403c
bfb74039
bd514018
401b40a1
401840ad
be6ebf7b
bf9b405c
3f2c4072
3f384088
406340b0
40b43f96
41043f81
bf1a400e
404f3f42
400040f2
40143fd1
40ff3f27
4017408b
40693f81
bf42c03f
40934013
c005bf2f
3f9abf56
403a40b8
40b540bf
3fcc3f11
beb83f98
3fd14089
402a4074
bf183f9c
40c43e24
41073f83
3f1240a4
3f41bf11
3d99bf2a
40babf01
3f044022
be4b40b5
407440cf
3fd040ac
3deb3eb7
4058401e
be20be5b
bea8beaf
3f9f3f93
40df3f82
4007bf74
bf43bfde
408d40bb
3dc84037
40853fbf
40c9bfbe
3f423f85
bf1f4098
3ff63f0a
3e9e3f81
3fba407e
400240b5
405b3ddc
4067403f
bfaf3e6c
40ee3fc5
bef93dbe
404ebfb2
3eab40ec
bef23f1b
40cd4044
3ff4beef
407f40bd
4006bf4b
4067bf28
40a84082
bf26bf22
402d403d
3df53f5c
40833f3a
3fcd3f92
3e9a3ef8
403a3f1f
400e40a3
40994007
404cbfbd
bf5c4067
40053fde
40554102
40cb4021
40a03eed
bdb53ff0
3f1b40c5
3f923fab
402e3ea9
403d3f1f
bf69bfb2
3f76c006
3fd740f0
40b54001
3fea3f62
3ed53fbe
407c3f2b
3facc01e
40173f08
40c53ebb
3dfcbfe3
bf19bfac
40854099
408a3fc5
4057bf22
40313fe1
3fb73fbe
3dec40bd
3fb84005
4033402c
403640a6
3fafbfd4
40b3c033
40894037
40d34057
3fa3402f
3fd9bfcc
be964053
c0194032
40de3f6d
be8e40a8
3f54400e
bf394089
40ee3f1f
4087beb6
402e4030
4021403d
3e3ac02c
bfd1bee5
3f94401e
3fc440ac
404b3fa3
406b40f6
bf63be2d
bed53ffe
40363f82
40024088
3f9f3eda
be2abf09
bf1d4030
3edc403a
3f14bff4
3f9640f2
4093bf05
40ee4089
beee40b9
408cbf52
405f4074
403b3fb1
40673dde
bf213fc7
bec340de
401c40be
40a43e21
bf243fca
3fe14024
3e4b3e48
40103f68
403f3caa
408e4030
3fe73fda
40413ff7
409c40d6
bfb83ea8
3fbb4078
403a401d
3fe84083
409e4101
3eed3f5a
408b3ef2
3faabd61
40733f9f
bf7cc00b
40d63fdd
410a3f5e
3f2a4041
3f5c40b0
407c40ee
409a3e2a
3fd94086
3f753f8e
bf3b3e95
3fb74104
40da3fee
3fe8408c
3ecf3fcf
3ff93f51
3e06bfbe
40463b97
3f963e76
bf143ff6
4035bff2
3f5440cb
3dcdbf62
40193ea7
3f5b4070
406440ec
4002bed7
40e4402c
bf523f95
be7f3e98
3fcc4020
bf7c40f0
3fb33f98
404bbf69
3f7a4006
40793ff8
40b340c4
3f9fbf69
bfeb3fd7
401840bf
3f23bf30
3f2c4007
40be3ef8
bfd03e11
be033ff3
3f234039
40aebfb2
3fc93ffc
4084403c
3d503fd2
40113f80
402640e1
40dc3f33
40474037
3f253e23
bef4c00c
3f2d40a1
bf9f3ff8
4108bef1
3eba4051
3fed40a6
3ecdc015
3f97401f
405c4019
3f9d3f69
402d3fdb
bfd5c039
3fd03fb2
3f8e3f3d
bd2e4068
40713f72
bf4b4102
4021400e
40e03fa4
4005400b
3f94c00a
be1bbfcb
40bbbf06
40433c68
3e5fbfd0
4077400a
4087c032
40b34029
4098bdc6
3ffc3f74
3eaa3f82
403e40c5
40883ee2
c0244012
401b4056
3fd3bdc9
bfd5bf28
40444037
40ff3f34
3fe4400c
be5dbf4a
408f40b1
be64400b
4029404b
be864024
3fb43f93
bfa74058
402fbf68
c024401e
3f9340a4
407d4052
bfbf4085
405b3f73
40b6408a
3fc8402c
408cbf07
3f054109
40274008
40ec408c
3fc64096
3f81beb1
bfa6c032
40d4be0d
40ed3ee6
3f683fc8
3fe740a7
3fb540a4
4068be2b
bf2b404f
bf63408e
407abe03
be07410a
40444034
410cbfb0
401e409d
4027bf9a
3facbf99
4050be37
40403f8e
3f05bfc4
bfa63e8b
4012bc18
c0083ec2
40a44089
40204098
40833f91
bdea40ac
40d24003
40864055
3ea64073
404a3fc7
40b53f84
40e64005
4075407d
3fe140b1
403540e2
3f0c40e2
40324029
407c3f32
3fa3bf8e
bf7e40b1
3ff8c004
3fb63fc9
3fd03ec8
40173f16
bf333f73
bf75c03b
4046bee7
40ad3fb2
3f843fad
404d3f99
408b40b8
3dcdbf2d
40b0bec0
3d433e69
405d4090
3fd03f87
c019401f
40a13fc6
3f293f86
3fccbfff
3d08bfe8
40033f52
bfe64085
bf5ebf86
3fb84022
400e4108
40a64009
3e924081
3e4b3fdd
4081403a
3fd53ee6
c0133fbe
3f5e3fba
3f5b4076
404dc01d
3fb1c024
40c5be04
407a3f70
3fcf3fd0
404dbe1b
40b33fb7
40a33d34
bedf3f9e
3fd0bfb1
40793f8b
bf86c011
40993fb5
40c8bf01
40083ea7
bf824024
401840e2
403d3fc2
403b402f
3f5a4044
3f8f40ae
bf63bfdb
3feb4007
40a4bf83
4023bfc2
3facbf3f
409a40b1
405cbf3c
40924029
3f8b40af
4062c01d
404640a6
408e3f34
beb3bf9d
3ec63fa9
408740e6
bfc24091
4062beb3
40d7403e
3fa53fe7
3f5b40eb
408d400d
bf4b402b
409b3fd3
3eea403f
3fcf40ad
3ee0c035
3f0b401f
40153fde
bea04083
4039bd94
bd593fbf
402f3f75
3dc93f76
3eb8406a
4065405b
3fd9410b
40a4400c
408e4067
401cbf6b
3f8b40e6
402cc006
409b401e
40ef404c
3eea409c
3de83e8b
408e40d3
40e23e5c
400e3ef6
3fee3fe1
3f08be83
bf424102
40b6bf1c
40744088
3ebd3faf
bfa54027
bfa53fb7
40d9bf1e
3e023f4d
402f3fec
3f7d4004
bfd73fa6
bf3b3fc7
3ea64000
3ff8402a
3ffd4060
40a03e97
405c403a
4097bedd
3fedbe48
3fe6bffb
3fdc40d3
409c3f3f
40bebefb
bf2d4026
3f684053
bfda3f7a
4061be95
405c4040
3f654093
408c4016
405f4065
bf403f93
40c54031
3f00bf59
4083bf8d
406d40d3
40a9bf59
3fd7be64
3f2fbf92
403640a1
40564065
401e3fff
c01dbea3
40094049
40894074
407bbe24
40d1bf38
bf743ec2
3d483f6f
3f664095
409dc020
40683fca
40984042
3f4cbefa
bf373fa6
bfe0c00a
40d53f0f
408abf65
3ea43fe1
4005409f
3fdb3e80
4084bed3
4025bed2
3f99bfd2
3ea9406b
3f6d408c
40a5bf06
4108bf28
3feb40bf
3f8abffb
401e402d
40adbf33
403abf2c
bf253f55
406c402d
3e37405a
40a33ed4
40d0bf3d
3ea5406d
3ffb40cb
befa40d4
3f55403b
bf77408e
be934089
3f5d4069
bfa6c002
bf633f3b
c022bf8a
bf094089
408a4056
bf663ffe
bffc3f81
3dae4060
bf05403e
be474034
3fc540a7
40b44016
402c4028
3ecf409f
4050bff0
40b240c8
40b14023
40904086
4024bfa3
4041c01a
bf804042
40ce4033
3f45bce6
bdb04042
bef840b2
400b4107
4051bf55
40a6406a
402f4060
beb63df6
401bbfa9
409d3e08
4003bf26
3fdf40b5
3fe94057
3fab40c3
40ea403c
40fd4090
3fe94070
3f41c019
409840fe
3fb3403c
bf31405a
40173ff3
3f0a40dc
3ff240ae
40edbf4b
4109beb2
40363f4f
3fed4009
3fe5bff3
40b64008
40e13fd2
3f623f20
402d3f92
4075c01a
40a73e2c
3f9d3fdc
bf32bfe4
40464038
40a140b1
4027befc
bfce3faa
3fd93fc3
3fa84009
408dbeba
3f3e3fd7
c024405a
bdcb3d88
404e40e0
3d083ff6
40ee3f7e
bf54bf5d
befbbed3
404dbff2
40a13f0b
bec13ef8
3fff402a
bdb94064
bf224088
40564042
bfb13ec4
40dabba0
3fcd407f
bf8fbec4
3e213f60
4089be94
4092bee1
40023f9c
404d3fd2
409440ec
3ff44017
40783f43
3f384033
406b40e1
3f83bfba
bfd73d32
3f4c3fca
bd68bdfb
3fd0404e
404640cf
40bb3fb9
4099bf6a
3feebe59
bfa340c0
3f7140e7
bf884022
3f983f0c
be98bfd7
bf80bfe9
40a2bf8a
3fc8bf7a
40a44047
3fdf4002
bf883ff4
bf613fc0
3fc23fbf
410b401c
3e1bbfbb
bfbb3ec1
40a33fb4
407fbf1b
3f4b3eee
bf1140a4
401640ce
40a940f3
bff5400a
3fe63f84
3f18bfbd
3f0d3fee
400f40f1
3fb6402b
3f614035
3fc4405f
403140aa
bff64084
c0093ed7
be993fd9
bedabf84
bf88bfc8
3f28c012
40873ff9
410d4086
bf364061
bf3f3f1f
409040a2
40363fd9
4060400b
400a405e
bc85be75
3fa9bf8b
40103dcc
40e2bf9e
3e6f3f1b
3f18404a
40b340f1
40403f9e
40de3f3c
3fff3ffc
3f8d3f61
40b63ee8
bf2b4019
bf8b408e
bf3940a0
3ffa4088
4086bfa2
bf99bc75
401dbf6d
bf4dbf1d
400b409c
4085c014
40123dcf
40f2402c
401a40a3
407c409a
3f323ea1
bece4034
4058404e
bf3b4051
408ec001
403040ba
c006bf33
400cbf34
3f0040b3
4043408b
bfa83fd8
bf3fbf74
40774026
3f98401b
bf0d40ca
3fe4bf69
40b14033
bf1cbf5c
400d3edd
3f3840a2
40bb3f16
40943eef
409d3ff3
401540a9
407f40cf
bf3840b2
40d94040
c0304019
bf6740a1
401140b0
bfd64068
40233f82
40d03fd6
403e3e9d
3fff40a9
3edc3fa8
40e74024
3f8c3fb4
bf60bfed
3f0f4093
40094102
3f02402d
40094067
3fc34032
be1f3f98
3f3bbfb8
3fa03fac
c0033ff3
3ecb3da1
4028408c
3ff240b5
40be3f41
40f74031
bf48bfd2
bf934090
bf653ed7
40e4be92
40813d28
3d9b407e
bf4f40b0
40bbbe75
bf11403c
3d0b3fd7
bf6b40a9
3f17be3b
3dd1402d
40c4401d
40c84065
bf1540b4
bf743f80
405740f3
3f4a3ec2
40733e99
bf063eb5
3e0d40a7
4075bf36
bfd03f37
40383dff
3f9e3fb0
406c40ef
bfe9bf47
40c24020
c03bbfa2
3f75bf0c
3ff74090
406b40a5
40bd3f9e
3e84bf9b
4003bef0
3fa440e2
beb0c01a
3fc6be77
3f9d4039
3f834032
bf763f01
40b840ac
40ae3e13
3e3c3f9f
3edebee1
4070bf37
3d654062
40dd3e38
40fe402f
3fc03f94
401940e3
409740d7
40e0bea5
40a94065
3fbd400a
3f9e400c
3fd83fec
bfb4bf17
401bbf54
40073fa7
40763fce
40103fb3
bfb33ff3
410d4089
3dacbd90
404f40d5
3fde3fd6
3f9fbf34
bf443dcc
401a3fa2
3faabea7
bfd74030
c0013f4a
400c405c
bf5b407f
bf894027
4057bf22
40bc3dc3
403d408b
bf463fc2
40803fe1
bf37410b
40ecbf60
bfe04053
4039402a
40903fb9
408140cf
409abf47
3edd3d38
3f1f3f15
40314082
40843feb
40554039
407b403b
3fe64068
3f5abfaf
408cbf11
3f083e69
3ee24081
3d243fe7
4081bfd2
be82405d
40c43ff2
3fc9bf59
3fec3f94
be553f5d
40124062
402b400f
4103bf86
bf63bf70
401a4086
40abbfd0
3fa8403a
405fbf95
3fa440b0
bea640ca
40af40dc
40ed400d
410cbda9
3f8a408e
402dbf04
40a3c012
bf403ff5
40f04063
3f0f4007
bfa33f73
bf9dbef7
40bc3e29
400c4021
3ecdbe5f
bf0c40db
40bb4100
bfd2bd10
4048bfbd
3f72bff0
404940b4
402440e7
3ff74006
c0294016
3f1d4047
be88bed5
404d3e1f
bfedbdce
3fd34053
3fbc3f56
bfaf4078
40964100
400d3ff5
3f3e3f3a
3fde40b7
bf25403d
bfe64079
3f9fbe99
40134084
403f3f8b
3ee5bfdc
408340d5
3e54403c
4033bf12
3f3b40b0
40104066
404c40d3
40d7bf0a
4063403c
40133fcf
bf8e4073
bff140a2
3fc3bf5a
40f53ece
4035bf86
40233fbb
bfcd4083
3fc1bef6
4102bf52
3fa940a8
bf804004
40aa40dd
bfcbbea9
3f8d3f9c
bf014029
3f1bc01a
404abf7f
40133f7b
40a83fd2
40063fee
3e02401b
3f544004
bf6b4026
3f7d4018
40233ff6
bfa53eee
bf61bfb4
40b6400d
40d63ff2
3f99409c
3f76405e
40983fdd
406abeff
bfa8404e
bf2b404d
403840d8
4097406a
40953f93
40da3e68
bf5f40b3
4071bf23
40afc02c
3fd33fb7
40b74032
3fbcbfef
3ec9bf0e
409d3fc5
40a8bdaa
40343fe2
3f8f3f8b
40043e60
3f2b401d
3eba4040
40c4be2f
bf123fb5
bf9a40c2
be754014
40da3fde
410f3e9e
401d3ed0
3f054021
3f8c4036
c012bea2
40ff401b
bf0d4027
407e4001
40bf402c
bf03be9e
3fa84027
3f403fb6
4085403a
3f6cbdea
4004bd22
3e313ff4
3fd94058
405c400b
40b54100
bf6f4017
bf01403d
bf223efe
3d0dbf00
40b740cc
40543f73
40243e75
3ffc40bd
3f74bf96
406b409e
3d923fc7
41043f6e
bed1bfe9
3ff23f3e
400440aa
bfc74001
40e6405b
bbf43fd0
40204084
403dbfe5
40ef3eba
40d73ff4
3fbb3fe6
401a40af
3f71400f
40d73f37
40cb4042
3e2c4009
3f683fa2
402ebff3
40bf4039
41013f7f
40064027
3fe64044
3e65bfc4
bf073e9f
3f8e4048
3fd44065
3ee6c00c
4090bfb0
4075befc
40b7bf31
401fbfc8
40414036
4092c01e
40483fb4
c013403a
bf6b408b
40834078
4010c013
4099bf47
40d2401e
3ed9bf9a
3e52bfef
bf833f3a
be8d3fa6
40ee4024
3f7a3f2a
40903f53
bf9840c6
3dbc3fa7
befa3f79
40273e97
40903fba
3f0f405d
3efbbf1a
408a4072
3ff33ff1
40064080
bfb5bfff
bfba402b
4091408f
3f293e50
bfbb40c0
4079beae
c0154026
410dbf9e
3c324077
bf04c01d
3fa540b9
4082be42
40944011
3fd44083
3ff9be3d
403ac03e
40d43e88
40194051
401840a3
40244083
3ff54082
3e284026
bffc4031
40254086
40544049
409a410b
3feb3fe9
410f3d02
be9340ba
3fd740c5
40a140d2
3f953e79
bef7403e
3fe44098
4072bff9
3ebc40fc
40bf3f74
3eba3fd6
400e3fa4
bf89bee0
3d08407c
3fd4402e
403e3de8
bf124018
402a407e
bfb740e1
bf1e3fd1
3f7f4032
bf5b40a8
3df03e32
3f863f82
4011402f
40d54085
bf56be9a
4088400b
40b34092
40803fa2
40cb4084
3f8940b1
406a40b3
3fdd4082
3f763dd1
40cd4073
3fcdbfc3
be56403a
bf6740b2
3fa63f40
40f83d97
bee83f56
40104091
40a74090
bf364010
40a7bd91
40153f15
bf8440d8
40a14095
bfa03fde
402b3fb1
400e401a
3f1abeb7
3f68c016
3fd93fc8
40cf403d
40034012
3f8b40c9
408f402f
4054bead
40d23f8c
bf5040a3
40384017
bfaabfed
3e093ac0
40aebf7c
bf4dbffe
408f40d8
bf4a40d1
3fa23f1d
408f3fe9
4018bfa0
4025bfa3
3fee3f86
bdf93f02
40354074
3ff03fc8
bfb440b2
40a54066
40e6bf08
41003d89
3fff3e50
be80403f
40424027
40ad3d1f
c01c4031
401d4041
3fb44024
bfca4013
becbbf1f
40003fa4
3fb54086
402c40ef
3f27c03c
4040be95
bf093f6f
401140b7
401f4096
bfecbdf0
c0123f1f
3fb5406a
3f9b403f
401e408e
408a4053
bf3b3eb9
40103f83
3ffd4099
40374019
4051bfa5
3fb5bf2a
40b13fce
beaebf93
40453e7b
bf03c01d
bf004014
c03d3fa1
3e923ff6
bf103fc2
bf47c020
40563fa9
40294030
3f9dbf7c
405b40e5
bfd33fee
bfb43ea8
3f38bf15
3fdfbdc0
3bdd404a
409ac03b
40dd4024
40fd4044
4012bfc4
40813f4c
3e043e84
40a13fa5
bfc03f8d
3fef4017
40024068
4047406b
40a13fda
40ac3ff2
bf3a3f50
4070bf11
beccbf2a
40074017
40b9bf02
3f214087
4065407d
3db54103
4066bed7
be5abf22
bf15402b
4026c014
4021c01c
40b9bd01
c0094030
bedb3fd9
bf4940b4
bf84bfed
40623e9b
bfb93f1f
3fbf3fb5
3f5b4099
400a3f6e
40a8be70
be4f407e
400c3fe6
3f0440d1
40ac4033
40ebbf51
40e039fa
3ef2bf5b
bf7f4039
402440e1
40673e56
c0084017
400f3e8a
3ec140ae
3f6f408f
40e63ea9
4094403b
bdaabffc
3fac3f9f
404fc007
c0054038
3fff4002
4002bfb0
3f5b40e7
405940a0
3f0c3f2d
3e11404a
3fcf4081
bf4b4016
3f7d4083
bff84039
41094070
3fb74060
3ea3bf74
40b14096
bf9f3ff8
40cd408a
bf123fda
bf91400f
407a4081
401d3ff4
40174058
403a4037
3f4fbf58
401240f2
405f3f04
3fb04070
400cbefa
bf843ef9
bff540a8
40d3bf52
3f8a3eea
402f4089
407940cf
bfdcbe7a
40993fa4
3fe9bf79
beae4024
4018be89
3fc940c9
bf6d401d
409b406f
4012bfdc
4073407a
40b640a4
40653eb7
40ed4009
3f884056
403b40cf
408040c0
bfaf3e54
409d4080
3f843e0e
bf55c008
bf8a40ae
40983f4e
3fcdbfae
3f02bfac
400c4094
bfcd3e8a
be13be3e
40c0bd4e
3fa0405f
40263f8b
4086bea1
bff14011
40ac3ebb
3f64bf57
407bc012
404ec003
40bb3f0b
4007bf9b
3fc94082
3f6b3f73
bec73eee
3fd23e10
40133e68
3e513faa
40123fe7
40ba40db
bfce3feb
40fb3ffe
be723e3b
406d40ec
be34bfef
3d1e3f3a
40e9407f
40173f45
401340bf
bf4140a8
3fa13e17
be703f9e
bf3abfcf
402f40ed
408040f6
be973f56
40d2bee9
3f9d3f10
bf724071
3ea740da
40113fab
3f1f4065
403c4065
40733d26
405f40f7
bebc3f84
3fa3be97
3dde3f0d
404740c7
3f7dbf9b
bf5ebe72
bfaabd3f
bf4840aa
404ebf29
3f95409b
40534031
bdbc4012
3d0d4082
bf5c402d
3f5a4109
40eb3ddb
3f6d4008
3e8d3eab
3ffe3fa4
3fd74033
40913f79
40bd3fe3
bf0040a0
3eac4005
3fc0bffa
40843fcc
40bfbf82
3e84bfe9
40504037
406dc008
bde73f8d
4086403d
3fee405a
404e3f3b
3e13bf80
40593fa9
3eefbe8f
bf2740aa
bc9d403f
3fb54066
4083bea1
bd25bd9a
3f9e4096
40344033
bfba40bc
3d5d3eb2
40c5bed3
bedd4036
bf98bf19
40be3f25
40334003
40e3beda
40193fa7
bef2bff0
40acbd95
40074018
40c03feb
40003f6e
bfa34074
4072c032
bf3b3f27
407a404a
40134077
402bbf0b
40a440ff
40a0bf3b
41014010
be6c406c
bf8c40dc
403b40f6
3fa73f94
40db3fca
be704073
406f40b9
3f95c009
405d3fb1
40984074
3f9ebe9b
3f9140c7
be45be9a
be274033
40963f01
3f833ffa
401440a1
40bf3fc8
bfca3f9b
40bd4040
3f9a4098
403640d6
40bbc01e
40d54011
40353fbc
3f7a4016
3ed83fa6
bfb0401b
40ef4021
c01c3c8f
bd91408d
3f7cbfe4
3f5640fc
3f833feb
bf31bda5
3ffb4082
408b406b
40a4400d
c0033ef0
40993fb0
40093f35
3ed53fe9
3f4a409b
401e3fda
40c64005
3fb9bfa3
406b3fc7
bfb04108
bebfbef1
40e83f29
3fc44000
4047bffb
bf89401f
40863ff3
bfea3ed2
bf154071
404040d7
407bbf98
40e43fa9
40e73f5b
bf513f70
405dc018
40814026
40523f43
bf9e4077
3ff8bff5
bda44082
400240da
3f05bf68
40bf3f98
3ed8bf4d
be643f15
beaec004
40a43faf
40b33fe4
bedbbfd7
bea1bfd8
3f98c024
40dd3faa
403abf90
3f75bf99
bf884088
3fd8bfd1
40ed4012
40dd4077
3eb14053
4088bf1f
404940fc
40a53db5
3ebd405e
3f644062
400dbf5a
405dbfa2
40b0401a
410e3fe5
3f3840a6
4033c015
409740ac
c01a4037
bfb1403b
3c403f1b
bfb44095
bfa94106
3fc73f46
403d4088
3ea4bfa4
408640b7
405e40e0
3fc13f9e
bf584034
bead4022
3f834033
40be4071
40c03e68
40ea3f82
4027bfff
3fa74090
bf983f30
40a63fb6
3fec3ff6
403f4061
beaa4014
3fd93f86
40ed3f53
40193f09
3f2640a7
407ac011
402d4105
40b63fcb
bfdbbfaf
40314081
402f3ff9
3e7740a8
c01bbf25
c03fbf2c
3fa24027
4043bf53
3fca40b4
40b83f28
4087bf2e
3f0d402f
3e9f40d4
407a4094
405d3fde
40ecbf8f
3e333c80
3d8c4036
bf5640d1
bed0400c
407b406d
3f8fbf0f
bf8e40a4
40563ed1
40c43fe6
bf83407a
bee9c000
407840ca
401fbfc8
c003bf52
40bd3ffa
4004be45
402940ac
3eb740eb
40aa3fdf
40b2bc9d
bdbf3fed
befe3fa9
40a44064
40bf3ea6
bfd53ff0
bf274027
408d4051
407c3fda
40393fea
c0183fc4
bf274099
4010408e
400240db
3f453ede
4016400c
3eb3406f
3febbff5
3eb3410f
409cbf72
bfaf4036
be6340bc
bf7f40c7
407e4009
bfbf3f26
40a94083
3fb93e3e
3db6bfee
40bbbfb1
40d33f9a
4063bf14
40054085
40364042
40ad40fe
4075bf12
40463ebd
402940bb
3f003fcc
bfdd40b7
40a83e1a
404d3fbe
3f9ebf54
4025bcdc
40384034
3f49401c
40284063
be433f13
4044bf9a
bfdcc005
404a3f20
c0274037
bf653fd7
403c4072
40b540e4
be39bf71
408e3f47
3e954088
3f5540de
406540c0
40c43ebc
40c5406a
401c3feb
402640b8
3faa4071
40523e8d
400a3f89
402640bc
3f833fee
bf9b40b0
404a3f73
3f6b3fb9
3fff3fb1
3e6540dc
40ab4061
c00a4001
4090bf21
3f1a4096
40073fa8
401e40c5
40363f95
410d3fa7
bf1a3f9a
3e90c01b
3f55410a
3f4cbe47
41073fe3
3f173f88
3faa3f9c
bfd93fe2
3ea8bf51
40dd408e
3f82405d
bfbabfab
beb6401a
be25be0f
4106bf0c
3fa4bfbf
bfae4040
40333f9d
40c43f3f
bfac403e
3fe94049
3ffac017
405d3feb
403d4021
3e9fbfad
3ec4bfdd
3f784018
403c4097
40ecbf48
400cbee4
be323f6c
bf214027
3ff33fc7
c0193f67
be6c4029
bf4740a9
3f844079
bfba40f7
40dcbeef
3f0e4002
be963ff1
403ebf89
405ebf9f
4078bad4
40bd407e
3d1740be
40654047
402fc030
bf1e3c0d
40993fef
3fc8408e
406840d4
4074beab
40a4bf2d
40853e85
bee940bc
be07bfb6
400840a1
3fc8bf61
40da4072
3fc13f5c
3f85beaf
40a13f9b
bf58bf59
3f373eed
3ef0406d
3fa940e3
bd8a4076
40af4001
bfb14082
3f9540a5
bdae40d1
406f4050
40014013
c03cbf95
bf0e4076
bf72408c
3e644014
bfff3fb1
40c94017
3f3140ba
40613e96
3fee40b0
bf2a3fde
40c9408d
402a3f63
beae3ea8
400c40f3
3fe84018
3d65bf1e
400c4032
40513fb6
bf324055
bd12bf13
409c3f38
3feabf85
bf814005
3fbd40a6
400e4028
3f194084
bf033cb1
bef13fa7
40483ff0
3fe9402a
bf2b3fa3
40143f54
3f7d3f76
40a2bf28
bf90be62
410abf20
3f49bfbf
3f78406a
407540ea
40a2be8f
40953fb1
403e3f24
3fa840bd
40933ee3
bde93f00
40f2bec6
bf46bf21
3eb6404f
401bbfd6
bd063f88
410b3ffb
3fec3e3e
3fa74039
3fbdbfeb
3f93bf08
bf823eda
3f853fed
bf3e3f0b
40553db4
40063fd9
40d84038
40344052
40593db8
40b140b1
40ce3f5e
bf603f5c
3fa04071
bf8c3f26
3fd240cf
40ab4020
3f234056
40384044
40194076
3eb640b5
40674018
4092404d
3fc03f65
405dbf98
400fbf47
bf253eb3
401b3ed2
3fb6406e
40834034
3f734068
408b3f8a
c013bf36
bf76405a
4084403b
3f0340c0
40083ec8
bfa34090
40163ee1
3f6940d6
40acbfa5
3f323f89
4050406d
3ecb409b
3fba4074
bd30c01d
bef9401c
407f4016
bf603f14
407140b9
40914104
40e6403f
40cbbfb1
3f57409c
408e3e87
40133ee6
be1a4028
3f5e3e79
3fd04031
408f405e
40954089
40a13ee0
bd154029
bf4940b4
406c4030
40a4400f
3fa24001
bfd9bf73
3f314062
4075bf82
40093f15
3ebb4006
40c33f26
bf783fe8
3fb7bf65
bfe43f98
3d5b4027
408c3f9b
3fd63f9c
bf4c408c
406640ff
407a3ff7
c032404e
bf51bfe4
bfbd403f
404b4046
bfd5be37
410dbf16
be7abeaa
bf8dbf32
4097403d
bf863e6e
401c3fbd
3fb9bf76
40763f18
4010c008
3fc44040
3fde3f69
bf573ff8
bfba40d6
403bc008
406c3fb5
40854022
401b4000
3f843eb1
bf94be9a
402e3fe2
410e3f36
3e174015
4046bf2f
3f8d4054
3eb63fae
40d83f86
402940b0
40554083
400c40ea
40a43fac
3fe2405e
40083f8c
3f3940a8
bfdd40de
bed53e96
4012403a
402c4012
bfb6c004
bf5c40e2
40c03f46
4097403c
3e9d40b3
40663fa2
409abf4d
40c53f9b
40d43fb2
403440a7
40664041
bfc440d7
409c403f
409b3fa8
be8a3e17
be703ff8
3eba405c
3f3f3f65
3fc93f94
bef94095
408240d9
408cc02d
40c2402f
40d94077
3ddd3fd7
3ef94008
bf4c40fa
40814018
405fbfa5
bf2dbf8e
3f753f26
4056c004
4040be21
401cbe8d
bcc9bff9
3f74408d
400f4030
4078bf5c
40c73f93
3f9c4071
3fcb4016
40ad3fd8
405a3fe3
40874034
3fbf3f2d
bf974087
40683e6c
40d23fa7
40fd4081
bd5bbd34
406d4085
3fab40e2
bf1abe6f
410b3fdd
3eba4073
bf5640bc
40b8be79
bfd2403f
40013f77
3fb340a4
408640e6
3f87c016
3f553fa8
bf8e4088
4024bf32
bdfa4092
403d40ec
bfc53ff1
40fd4031
bf4640be
408e4033
405e409c
3edb3db8
40ba3faa
3faa4035
3f274098
bf6b3fa7
bfb03f08
bf7e4072
3fb2be82
3fa6bfc1
3ff2c027
4096bf27
bfd9bf54
3ff43f05
3fbe3f6d
be2740f2
3ecdbeed
3f85406a
3e0ebcce
bf1640c2
404e40ca
c019bf0e
40623f99
3f4c40ac
bdcebeaf
bd16bf99
40033f25
40a2beed
3f8e3f99
402b40ee
40a8bec6
bf073ef4
c01b4013
bec14081
3e1a4050
3fd84006
bfbc3f5c
4033bf4e
402c400a
40604038
4082408a
40da3f92
be02bfb4
3fd3bff2
3f213fb8
4041bf67
3f683eb5
40ad4053
403b40b2
3ff93f54
3f2d4008
40d83fcc
c03dbfa5
40344029
bf374086
bfec3f21
bf0d3fbe
bf8d4046
3f9140b2
3f8bbf78
3fbe409f
40edbdb8
4058400a
3fac403f
4055bfd5
4091bfd4
bf133fbc
4100befc
bef1405f
405ec00e
3f9540ed
bf623fbe
40b83e37
4040409f
bf864067
40bd40df
3fb93f37
bfd6403b
3f23bfef
bf353f6f
bfea4082
c01dbdc1
3fbc3e8e
3e8540b6
4042bfce
3fedc00b
3fef401a
40cbbe82
401940b3
bf593da7
bfacc026
3feb4031
bf783f3d
3f91bed1
bf35befa
bff34105
40c23f83
40533fa9
3ffb4033
3f8fbfb9
3ecd40ca
bf663f21
3fc53f9b
3f0a4088
4000bf01
3f9dbf8e
40bebe1d
40923f3f
bef93fee
bf964025
406ebe7f
40683f89
40213dfa
40293b89
401e4057
40bc4060
40cb3fe9
bf874028
3f90bfc5
3e5a3fa2
40aec021
40154013
40b23eca
3fec4073
3f2d3f9f
40b04037
40ef401b
40abbf7f
3f444084
3ee1c012
3d7040dc
3fb0bed2
bd234014
3e354050
3f0440a7
3f813f31
40cabf6e
40fe4075
3f78404f
3fd94084
401a40cb
bf9e3eea
c0183fa2
4008bfa6
404540b4
3f8e4015
40c63fdc
407dbdc8
3f73404b
408d40aa
40a63ffe
4085403d
4024beff
3fda4007
bfbe40c2
405f4004
409c3e21
40ec407d
bf7a3fcd
405240bc
4062401d
3e4dbf05
40eabf86
be6e4091
401b4060
3ff04097
40473e9f
40593fba
3f3e404a
40904027
408e3dc8
408e3ed6
c0144066
3e714031
408c3ff9
407740f0
c01c3f4c
40bbbfaa
3f07408a
401a3fda
403c3f37
3ff9401b
40ca4059
3f93befb
bf5d409e
408b3fba
40b8bf57
3fe84049
3ff9403c
4070bf4a
beb4c02e
3f4d3faf
bebf3e66
3edc3fc8
408a3e75
4037405c
3e99bf37
4016bdfb
3f573f06
40824083
40934102
40963e76
bf83404f
400f407b
beea40a4
bf0d4105
40964033
40dfbe06
3d663fb3
3f7a40ce
409640c5
4047be6e
4033be86
bf61409c
3f8c40b9
3f733e9e
40644037
40a4bf7e
3f8e40ab
4034c011
3ff3406a
40dfbe3b
c03cbf5c
3f78bf3c
40364020
3fd040c0
3fc5400b
3cd14085
3ffc3eea
40084075
bf333fd0
3f70be8c
40d53fcb
bf443ee3
bf8140c2
3f3e4010
40163f30
4057bfb7
bf413feb
3f4cbf78
bf893f13
4015402f
4074bef7
3faf408d
4010406a
40a1410a
bfee4000
c0394026
3f604093
406240a9
40ae40a5
4057bdc0
be8cbf52
3fa24088
400c408f
409240aa
3fd23edf
bf04407f
3e64bf90
407940d5
40683f64
bfa43fb5
4001bf93
400d4017
40754039
40adbfea
3fe93fe3
40be4089
be8e4034
3e0ebfd3
bf7f40f7
3f723f4e
40e63f3d
bf27bf81
3f6c4078
40a5be8d
3ecd3eb8
bfeb3fd2
3f394006
bed1be82
bfd140e9
be4fbf22
40ea403e
bf694028
40603f6e
bf4940a7
3de93fde
40ff4063
3ffc40a0
3f9c40ba
bfdc3f90
40d63fda
40df404e
3fa7407a
40704055
406b3cf4
402e3f16
40844017
3fbd40a7
be8740d5
3fe73f52
401b4007
409f3dfb
40034093
4058c005
40a33fba
4086bf0c
3ffe403d
3f9d3fb5
40363fc1
bf3a4019
405f400d
c0194033
3e884038
bf08bfea
3fe14098
40d63fc7
40e9bf64
befc3fa3
3f0d40b5
407ec038
40afbf68
40814062
3fc53f47
406440a1
40ac4110
3eb34023
40ff405c
40093f9c
bfbabf9f
bee84040
40d84031
40eb3ef3
3fe8402c
3fd33f03
401f3fbd
406dbb25
3ffd3f93
befe4064
3fc63f3f
401c4033
3e563f74
40f73fd8
bea74036
40584086
bf1a3dae
bf98bf46
40a13f68
403d40b8
bead4072
40a63f36
4007bf4a
c01bbfb0
bddabf3e
bf7a40ad
3ffd409e
40cebee9
bf994068
3ffdbfed
3e8240cf
bf1740a6
40af3fc3
409b4083
40363fee
beac3fd8
4024402c
408d4032
3f794042
40314096
3fbbbf42
406fc015
c0043eb2
bf7b4010
bf43403e
3fcd40e0
409c3f28
40e6403e
3f03bf17
403b3f3f
406ebfa4
3ef040fe
bfe43ff9
c0334085
bf7b3fbd
3f8540ee
404740be
bf3b3f0d
c0154087
3fcdbf74
408f40ed
40a1407a
4051bf07
409f4011
400d409f
408d3faf
40674108
40c23ee1
c0363f9d
bf0140ae
bed640e7
bece3fb0
bfb4bf71
40ecbf9a
3f823e90
3f8d40b7
bfc63f95
40973fe7
c0393fb3
40324006
3f9a4093
40244025
40ebbd30
40a13f95
bebd4044
400040d8
bf6ac03a
40533e73
4108be0c
3eeabf20
401c40b9
3ff940cb
40df4034
bfaf3dc8
40384055
4047c01e
40a640d5
40764004
40ea3ffe
3f8440b3
3ff340be
40634084
40034003
bfa43e2b
400c4056
3f8840ae
bfd5bf95
bfac403d
404abf09
bee240b7
400040da
409a40eb
400a3f9f
4088406b
40294026
bea2bfdf
409c40ca
bfeb3f2a
3fdb3e57
3f973f53
4090406d
bf8d40a3
40183ffd
4104bf2f
be483e52
3eeb40de
40834098
befdbe35
40203f90
bf153f59
bf624032
beac403b
3de23fb4
3f044088
40023e9e
3f6140dd
401c4101
40e43fba
c0244059
3eb64099
4053bf5e
408d4081
bff4be00
408dbec7
40203f95
3d4540eb
40b3408c
4015bd33
40a9402a
402340bb
bea2bfd5
3f1340e6
3fb53f1b
40033fea
3f994070
3fe140c1
bfe83fac
402d3fd7
3f054083
3fa04071
408f409a
bf1e3f97
40c3bf1d
3f203fef
3fe94039
bf9540a3
bf0bbf77
bc063f9b
40d6bf42
40054019
3f8140a0
be8240d7
408abf26
4106bfa0
3fda4016
3fdfbf94
3fa040d6
3fef402a
3fef4020
3dd24007
40763f8c
4087410f
3ef93f82
4082bf42
bf243f12
3e454084
bffc408c
bfb13e88
40b03fb8
3fbd409f
4002bfe0
3fbc40e4
c0194012
bf984086
3fb24073
bf0140c4
4069bffe
3f8e4022
bfc23fe2
3feabf59
4086bf90
4047bff6
bff13ffe
409b3fd1
400b3e39
3fe340c4
407c3d78
40993fc5
41023dfe
3f044041
bedfc00b
40613ec6
bfabbe2b
40f9bf3f
3fdebf5b
3f9740cb
3fe2c009
4084bf74
404f401b
402a40ba
3f964009
bf743fc1
40dbbecc
3f66401d
bd1c400b
401cc014
40a83ffd
40854039
41044087
4008bf73
40464060
bc84bc48
40d73fac
40333f9a
bf50409a
406d3f2f
bf0a3f96
3efa3ffc
409c4089
befd4051
4027c006
40bcbf0f
3e934022
4100bf27
3f24bf89
405340d6
3f8d4050
c013403d
3fccbd34
3f74409a
be1440bb
408140fe
40e3bf14
40cf4020
3e03403f
3fe640e5
3e6ebfd4
40253ffb
bf96bfb7
4033bf78
406dbfcf
3f6c3f94
bfd4403e
401f406a
404040b4
3f3b40cb
3e8240c5
409b3fe0
3fa3bf9f
40204015
3fbabf9e
40bc40b2
bfb33e60
406ebfa4
3fac40b5
40684012
407a4090
3ff6401c
bd39406e
be3e3ff3
bf9740ae
4027bfc3
40e13f37
40ed3f9f
be363fe5
40614054
40964031
40a73db3
40f4406d
3db73fce
3fd33eb7
bf3b4039
3f073f67
3f92bed3
3fe34067
40724010
401e4092
bf2a3fc7
41094022
403640b1
400dbfae
3ed44106
3fb9400d
40b6bed0
402a3f16
bd1abfda
404e407f
3fb6be86
4096bebc
bf2040b8
3e7340b5
bcb5404b
3fbabd9e
40b23f8c
403c3fe8
402abf44
bfc5403b
4090401b
bf74403f
40163f14
40333fb2
bf4d4109
40ba3fb8
3fecbf3f
3f094076
3eb53daf
40533f77
bfe1bf15
3ea0bf89
3eb8bf4f
bfc03fef
bfc24107
4033401f
40f54055
403d407d
3fb93fa9
bf74bdba
bf07beab
40703f92
bf6dbf03
40873f8f
bf144092
40853ee2
bf8ebfaa
401a4024
4089bf01
bf8b40dd
40a04008
40f0bfb4
4018408f
bf41bffe
40a2be85
4035bec3
bfc33e9b
bf6a40a0
4039bef9
3f074102
3ead3e0e
40b7408d
403d4080
408f4039
40ac400d
40303f5a
4003be1f
400e3f21
bf5ec012
3f044014
40ca4036
c03cbf83
bee44008
4014bf7b
bfbb40b4
3fdabf7d
40f53fe6
3f41409f
3c7f403c
3f59406a
bf884019
40c74069
bf584084
404ebfc3
3fc94074
40a13f49
bea9bfa3
401d4044
3fd2bf24
4074c03e
3fe14006
c027be76
40233fec
3ef13f8e
40793fc3
40964002
410d3ffc
be93beb7
beb3402c
bfdf4042
40503fa4
402ebfa3
400c3f09
3e82405f
40953fab
3fdebf76
40ca406a
bf223fcc
bf2540da
3f8640c3
bff94037
3fa03f25
3f0dbf8c
404b3f09
bf5340d0
40933ff3
bf023f71
401640aa
be7abfea
bf97c004
407f3ffc
3fc53dbf
3e144038
3fa7408b
3f75410f
3e53402d
3dd1bfbf
401abcb9
3e3d400a
3e56c009
bf81be9c
3f3a3fbc
bf41bf95
beab40d4
bffc40f9
40db3f18
3fc0bf46
401c405a
408abffe
bed44102
bfb73e79
4028404c
4032bf72
3f2740d1
404f3f74
4040403d
c01fbf88
3f25401f
3f2a4031
407f4068
bf513fac
c0313f7d
bf29405b
40103fdc
3ef63e96
404f3f61
be84bf86
bf20bf57
3fda40c6
bf814102
401cbedf
3f154064
be17be65
bf604080
40b540f9
40a4be20
3fb94008
3f89bf2b
3f3540be
403b400d
40243fa8
bf5d3fe8
be3c4015
3fac3fea
bfbd410f
40964017
bfc24028
bee63e48
bef1400a
401440db
bbfc3f22
410cbea4
4033bf75
3f5d405f
bf58bf58
3f914004
4101408c
40133f94
3f233fd8
40b13e0b
40ed3fe0
4081bf4a
bebcbf85
3f4240c5
408140bc
bfff402b
40afbf78
3ff140b3
3f5540d8
3f693fbf
40d33fce
c00bbf79
3fcfbee3
3f4d40d2
3fe8bf6f
3fd23fcd
40a83fd2
402ebe4f
bf4d4083
4010bfde
3fa64007
40903f6a
bed2bef1
3f8c4019
bfdb40b9
40474036
401c408c
401ebf54
403f3df2
bfd740f4
bde5be75
4012407b
3ffabe5a
3f88beaf
4086406b
40d5be0e
bfc54043
3fe0404a
3f84409a
3f9bc016
40553f16
40043e12
40154085
407f3f03
3fd3405a
40d73f94
40d7408b
403cbffa
3fa33edb
bf8840bf
bf8cbcbb
40694027
4036bfd8
bf314034
bfbe4103
40833f5f
3f9e404e
3f234051
40764058
409cbfab
40ca3e1d
3db63ec3
3f0c40a8
404a40ef
bea3bfa1
bcdb3f3a
40f23ec5
401bbf81
bec24063
40b940d0
40d83fbd
bf8f405c
3eb7bffe
402e3fbd
3fa240ba
be5c402c
41054084
3f374029
40383fb0
40ad40c5
40c63fd0
bf38bf9a
3ef8bfc1
3f84407e
3f31bf2d
401f3f56
40fb3f29
4004be8a
403e40d0
40864091
4094beb4
3ef04041
3ece4004
bf75bfa7
bed3bfd5
3e323e37
40b63f81
3fc2be2b
3fd04088
40264092
403c3fef
40b44012
be2e40b4
40633fa1
407240f7
3fc9bf6b
40a44012
4036bec5
40823f55
3fb73fc4
40033ff5
bf7a4085
bf73bf2f
4070bf9e
3e944064
408ebea9
40c3406f
40193ed6
3f83bfe9
3f9fc03d
3f4bbf63
40a94042
be8bbf51
bfbebfab
40b3404c
40b83fcc
c027bf72
3fab408d
3fac40e2
3f4b404a
c0033f8f
3ec54038
3fb3be54
bf7440c4
3f03409b
3f21beee
bff44004
3c44be50
3f8340c9
40ab3feb
3f1a3fa8
4109bf18
3f063f1a
405f4075
3ff7c024
40d94021
410b3fe6
400abf2e
3f83408f
401f410e
40b6be32
40c53fdb
3f4040b8
408a40c6
3e224089
40b74007
bf224008
401d4001
40013f90
40ba3fec
4090401b
40a5bf81
3f964006
40174080
3f92bfd5
3f8fbefd
406b4025
3ec64055
bfa240c0
4097409e
3fe54009
4090bf52
3efe4088
3ea03f86
bf67410b
c00a3fd6
40794085
3fc5bf6d
402e4024
3fa4405a
40ac3f8a
3f8bbf97
3d81be9d
bf53400c
3effbfb5
3e0c3ddc
3f21404e
3eb740a2
402b40e4
402a40e2
c00dbe18
bfdc4084
3f93409e
bf9e4025
3fc7bdc8
bff43f18
3fa8bf8c
4038bff9
bf9d408e
bf00bdf0
407c3f42
3e4d3f7f
40143dfb
3fe3bf83
408f3f25
40073fae
3f273fd8
beaf3f86
407d3fbe
409e3f21
40603ff5
3f1bbf98
40284077
3f4a3feb
3fc2bfb1
4059be66
404fbfb7
3ff8bf93
4089401e
40a3bfbc
bfb13f2e
40ac4059
401b4074
bdea3ec0
40a94003
3f83be4a
41083f07
3f5f40a7
400040ae
3fac4039
408e3f4e
be943eab
3dba40ba
3fdf4035
bfa63eda
bfc73e67
40d14033
40363f9a
406f3f48
3fa840fd
408e4018
40d54038
3f9ebfde
405140d1
3ff8410e
40ef402c
3fa84029
4004400f
bed440c5
beb3bff9
bf35be97
bf9f400e
bf0bbf67
3e8740cc
bfab40f4
402e3fe2
3fe7404b
3f9e404a
40813fe9
40ab400b
40663f13
c03c3ef3
40244015
3f92bf1f
be0dc023
c016402b
c0244082
40153f89
400240a9
3f85bf98
402f4019
40fc3f10
3f613e98
40123f3a
3fdd410d
3f9fbe75
409abfac
3fd0405f
3ee6406f
bf3e3f80
3f1e3f3a
40eabf54
40304099
bf1d4090
4008bf7e
405b3fc6
40bcbf0f
4001408b
4064bf06
40393e9a
40d43fb2
3faa3ee6
be79406d
3f803f06
4046bfa6
406e3fde
410b4086
401c3f31
3f97c014
3f2740e9
40793e9e
40e5406f
4015bfe3
40263ff7
3eb64081
40d4beaf
3de84027
400b4066
40363ff2
404040d7
40ac3fed
bfa94036
be6f3f31
3f90bdd6
40aa408d
3f903f88
bffebdce
be044042
402f40c3
40ac402c
bfdabf42
409c4019
3fbdbfe2
bf4440e2
40bd4063
40d43f1c
40963fce
4033409d
408240ba
bf003f47
bf923fdd
3f854040
3f9f4080
bf01c01f
40a940f8
40a14036
4063406c
3f7a40b8
3ca4beea
3f61407c
404a3ec3
4044bf86
3f9d4013
bf2c3e91
bf8cbf22
bf823fde
3f033f8c
4020bfe5
40673f9e
40b740de
40d04011
4094407c
bf084032
3fd2bfb1
408f3fd1
3fcd403e
bfb8408f
403140bb
4047408f
400ec000
3fe13f98
bf84bcb9
3fac402c
3f83bfb8
4096403e
4047bf02
40e2bf31
403b3f7d
beeb40ea
40abbf54
40ad402e
409f3fa1
402b3f55
bf84bf07
408a3ff3
3eda4009
c011bf92
3f1b4052
4046407e
bfd0c005
c00a3f7b
3fe13e02
3dcfbfdd
407fc013
4076410b
40a53f8b
40ed3fa9
3fe5408d
408b40e8
409f40d2
bf053f22
40d23ff6
3f863fba
3f5740e9
bfaf4092
3eeb3f72
40b53f20
be59402d
bf8f3f83
bdb43ff2
40803ec1
3fa84066
3f9b3fca
3fdb3ff8
40723eb3
c0134009
3f51400f
3fa63ff9
401f40d6
bff4400e
4092bdf1
bfb0408a
bf243e82
3f48406e
3fc240c0
c011beaa
c034400c
3fba4087
401840d0
40903fdb
40ae3fc1
bfed3f05
bf1a4088
bf8a3ef8
bfa340be
bfdabefc
40054054
3e0c407a
3fc940c7
40b34065
40d23ea2
4047403b
401d3f5a
407240bc
3fb94101
bfb14022
40f04072
401abfc5
bf82405a
bf8840a2
40964022
40de4018
4002be5c
403040a2
3e844047
bf81402b
404e3ff0
3fc04083
402740ac
bfb340b4
4039402b
3ec53fe0
3fa93fc2
3fe24070
40c040e3
3fd4bdee
401c4064
3fe440b6
403e3fcd
3fae40a2
40ed400b
40843f97
3f943fa9
3f82406e
40b840b3
4040403b
c028bf04
3ffa407a
3e9bbeea
400f40ff
4076bc95
3fb3bf1f
3f94406a
405d3e8f
4087bf61
3fcb4039
c025408b
40364070
be30bf85
3ed5c025
40263fad
40f44067
3f5e408f
3fa1be81
3ea040b7
3ff13fce
40e13ebe
3fc2bf3e
be77402a
401f40ee
be853fc7
400b3fa4
3b4dbfbf
3f0a3ed2
3fa2c036
bf21bf3e
40e94061
403b4005
3fd94065
bfb4406c
3fcc4011
bfc9bf20
40134053
3fc340b8
40794003
4035bf2f
4087404d
3f59405e
bf35bfa6
407b408a
bff43f0a
40604051
40223fb4
3fc43f37
407c4000
3f023f8d
40cebeda
403d40ba
3eeb406c
40b93fb0
4011401d
4002beb6
3fdd409c
bf513ec8
403c3f93
40263fde
c0234016
400c402d
3e8f4095
3f59bf8f
401a4028
40574083
403b40b8
404d3f86
40ae40ac
3d923fb3
41063e7a
40074085
404f400c
3fe0bfc0
403d3ceb
40984008
be3cbee2
40334093
40064105
3e834013
40fd4075
4020bfea
3f824001
3fc8bfac
4079be67
40924075
4014bfbb
3e103fc5
40073fbf
3e9f3f50
bf64bfb0
400abfd5
3f0f40c7
40983ff1
3ef43f78
bfba402a
3ce2bdd2
402240e5
bf8840de
400b3fd8
409f4070
4021404b
bd24402d
3ca54100
bfa03ff4
410f3ecb
4028bff9
bf99bf8c
bf12bfca
40c53f89
c0194008
4031bf07
3fa440cf
4092409b
40903f8a
3fb13f0c
3fd04074
3f904051
bfa64082
3f6ebd75
3f46bf5d
3f3e3fd9
408140cb
3fb2bf96
bf103fda
c00f3f2a
3ff24056
402d40ba
4029c021
40dbbd98
40c53ea9
3f61409c
40624033
bf70c00b
40124033
bfbabfa3
400340b7
bfb43e85
4029c026
bf20403b
40b23ece
be284051
4084bf74
4042c013
404c3fba
403d4087
40113f4d
bf2b408a
3fa840ef
40d23eb2
3fdcbeea
be28bfec
bf85bf75
40b3403e
40973f64
404b4023
4012bf3a
3fcf40ef
408ac023
bf653fba
bf8a3de3
3ffe3ff8
3f963fe7
3f1fbee8
3faf3f11
40c43faa
3f8f4086
3ff73e60
bf3e4039
c015be31
c02f403d
3f6a4062
404fbf91
40473fd4
40b1402a
4087bf6b
3fa74096
3f6cc014
3ffe40b1
40b4be94
c02b3e82
3f3bbfe6
40153f31
bfb94071
400e3efc
40e04037
bf69bf1a
400a40e1
bf5dbff8
4007bf0e
bf7dbf96
bf254089
404a4062
3f35410f
40ba3fb6
c0183f23
403c4055
402840c3
4032c01c
4080bf53
3ff63f9f
bf7c4013
4080c001
40a4c00c
bfa3beb7
409c404c
3e89400a
3f81bf91
406640a3
40a73f3a
40c03e92
3fd14091
40554054
40073d50
40c7bdfc
40e2406e
401540a2
4086bfde
403fbf2d
4019bf36
c03e4069
40133ffd
bf99c003
bf8c4103
bf1abec8
c01d4088
403bbfe3
3f6740ed
3e06bf8d
401abf27
3f10bf9c
3f383fc9
3f2140c2
bed74104
40543f57
3f8b4077
3e48405a
3fd74098
403340d6
3fe44003
403c3f20
bef3409a
3e9840d5
40324022
4050400c
c03b4066
3f534047
bfad4043
40af40e0
400e4002
4023be71
40074010
401f4018
bd6c4038
3fc73fc0
40fd406f
becebdb7
3f96bc7f
3eaf40f7
40513f8b
40a94018
4014408d
4026bfc7
3fff40eb
bfcc4006
40e83f42
40164098
bec43f1f
3dcc4078
bf61bf3a
40a6402b
40243e27
407040dc
bff940f7
40353f81
beb4407f
bf5e4082
3e713f11
4037bf8c
405dbe7e
bfcebc1f
bdd040ad
bf714026
bfa33f8d
40764019
3feabfa3
3fccbf30
bf9440e5
40a3c019
40c8be56
3e933ffb
40024074
be034093
40b43f5e
406c3ffd
3f5b4074
3eb6bfa4
3d3fc003
40a43fb4
40ab3f02
3fdb3fac
40173fce
3cc6befa
3ff740a2
3fcb3fea
bf353f8e
3f2440b4
406a3ff2
bf4f410b
3f29403b
4091401d
401440ba
40213f08
bfdf4107
40b23fd4
3f3e4081
be99bfb5
405940c3
405bc03b
40ecbf1d
40b14081
3f93bf41
406a40da
3fd040fc
405c402a
3f27408f
3e55401b
bfbbbf1d
4085c03d
402fbea9
40c93fc3
4037bd8f
403f4070
3f7b40e6
40db403f
3ea0406d
bf1540bc
3f004048
40593e45
3e984008
41094058
bca13f54
bfa7bf2e
be86bd96
40b84025
c02d4021
3fc23f1e
400f3d8f
40943f3e
40dd3f1e
bf763eff
3fb8407d
3cf2c00a
3f8cbfb8
4065402b
bfe94017
3eff4039
40324066
3e9bbefd
c01d402d
40a53fee
bf1d40a0
408b4083
405c3ed7
3f5c3f30
40febf54
bedd3fa0
bfaebfbd
bed4410f
40393e32
405b3f80
bf634092
be8c3fcf
4081c00f
403d3fe3
4002bef2
3f854079
3f65406c
406f40f7
3f754015
bf484012
3dd1407b
406d40f0
3fa64033
c020bf3b
c038bf78
3e05bf03
40144033
3f67410e
40543f8c
40f1be8a
3e0f4078
bec83f27
40804033
3ead3f5b
40044078
4035406a
3dd33fe6
401d40ca
4010bd75
40cd3ff0
3fa6bf8c
3eb5bffb
3ccd40ad
bfa13fe0
409a408e
bf423f8b
3fbc408d
40b8bf6a
40d63ea6
40ee4056
3f3c40bc
bd723e69
3faa3f65
40613f8b
3ff83f12
3f173fda
405b40c3
40bd409f
bd21402d
bfeb3f8c
bf05bfe2
3f1bc009
bfc4403a
404c3fb5
401dbef7
40194028
3f854046
408e40aa
40b74002
41093f49
bf4ebfea
bf033e44
bfbabfea
bef8be31
4011be0e
4032bfea
3fcabf8e
3f95406a
40224020
40f2402a
402cbfb1
4010be82
3fa13fa8
3f7c3fb0
bf893fe2
3e004051
3e6ebff9
4033c00c
409ebf29
c0073fb7
3fd34026
3fc24009
402e406e
404b3fe6
40343ec8
bf4a40ba
3f65405c
bfe140a2
404cbf2a
40db404c
3e2a4078
bf1440b9
40014097
40413f95
408b4065
3c4d405f
bf54bffc
3fb340a7
40dd3fb8
40be3f9c
3fca4036
3f51bfb6
3e9c402b
bf7e4008
bf413fba
3f3abfe1
3f5a40d2
40514088
401b3e92
409e3fbb
3fea3e67
405e4073
4088bf87
40dc402d
40b73f06
3fb3405a
3f034018
408dbfea
3fcb3f3a
3c7ebf9a
3dd04070
40554083
3f62c029
bf5c4010
409d4086
3e363e08
406f40d3
bebf40e5
3f273fb5
3fb13ffe
4008be88
3e273faa
40884099
40913f3b
406bbd11
bf033fad
3f79408f
be6e40f0
40c23f93
40853f54
4005bf82
401a3f93
3f0340de
40e83f0a
4103bfa8
4020bf2d
405240ca
bffc4106
40af3fac
40e34081
bf683f87
40234019
4019c017
40c83eb5
40c04062
40114068
3fa240bd
bfc73fe1
3e083e77
3e234075
3ff74095
40704016
4028bf34
40053f68
3fc0402b
3ffb4094
400f40ee
bfc5401b
c0124005
40754057
3fc2bf46
bf6140d1
bfe13ee1
bfbd3fde
bfc33f4c
3dfb3fc7
3f9f3e63
40554011
3f7c3f0e
4022403d
3f4a4039
401b40a4
3eb140c2
40883cc0
41073f37
40383ee3
3f42c008
bede40c3
406b4017
4009bf34
bf36407a
3e253ebc
40adbf86
3fbdbf41
40b33e77
400dbe53
3f8e40a4
bf28bffd
40b74039
410bbfa3
be94bf90
401b3f75
3e8f4000
3f65403d
4090bfa4
bea93f63
bdd540d2
bff640f3
4087bf11
408cbf1a
3f014032
406940a9
bda9c030
bff54015
41064059
bf45bf90
40884035
40144081
40bb3f8c
40823edd
40003fd7
bf9cbf53
bfc1c038
3f4a3ed7
4027403d
bd1d40b2
4065be87
3fde3d64
40c53fd3
40e7bf86
3fbf40b0
4043409d
3f29bfae
c002bf46
bfdd4015
3fee3f6c
408a403b
40bc40c8
bf1d4039
41044006
3e743ebf
bf6fc006
408b4105
3f7e3fbe
407f407c
3e90bf38
40534052
bfe9400c
40cebbe8
bf30bf43
40283fff
4083404b
40a24075
4099403d
402bbfa9
3f8b408c
4077beaf
406340ca
40e34018
40953f53
bebe40b5
3f1fbfe2
40013f20
3fb33fc3
408c3f9e
bf1b3fe6
4082bfbc
3ff240b4
40e1401d
bf8ebe96
bf48bfb0
408f3edf
bfe74073
401dbdf5
40d9be69
3f8c406d
beec3ff4
3ee53f82
408e4025
410ebf84
bf303fbf
bf8d40db
bf1abf71
40b9bf29
41024069
be5abfe0
bd8cbf57
40a240ca
c002bf1f
410cbfbf
3fa640b2
4018409b
409a4089
40e13ed9
bf2a3fef
bea23f43
406d4046
bf94400b
bf943e41
40e6bf3f
3f5fbe39
3f9a3e82
bf3cbf0c
406d4012
40f94068
3ea94040
403e403b
3f853f35
3fc14007
4108bf9f
403d4096
bf794057
bf15405b
4064bccd
40cbbf2a
3d7b3f8b
bf9cbe41
40b13e73
40933f1e
c00e4081
bf54bf93
bf5b4058
bd0740ed
3ed1bcdd
40aebefc
bea6c000
406cc01c
404dc036
bf864014
40714042
403040b7
3e82befc
407fc01f
3f203ea7
404e3ef6
bee5bfa7
3f254074
bf6d40f6
3fafbea8
400e3ef5
bea44084
bf96408a
3ef3c015
40b83f90
bf303fcf
3ff04086
404540ab
4034bfcb
40653fc6
bec0408e
bc233f85
bf973c56
bf40410e
4063bf0d
403ebf2b
3fd44049
bf1cbe21
bfcd4075
3ffb3fe9
40553ff8
3f0dbf59
3fc5408f
bf7640b9
400b4014
bfdabf9d
3f39bd36
3f1c3f90
3f9940a9
bf994038
40a0400c
3fbf3f78
3f0f40ad
400c40ea
bf394002
40a23edd
3e4cbde7
3fca408f
409d40b5
bfcf3ff9
bfcd3f02
3ff63f81
be35bf0e
40224014
405b3dfd
40434021
bd13409f
3f9640a0
3fec4017
bfa74004
bff83ede
4039401d
4029bed9
40753ec9
40df3f98
3fda4068
bf1dbf26
405a40b0
4042bf12
3ff8bf35
40f9bf9b
be133f09
bef83fcb
40813fa1
c0014038
4107bfb6
3ffd4010
40614011
3fd940b6
40ea3f84
40313f4e
3f6f3fe3
3f03bf20
40a04017
3f904039
3f654014
be233d9a
3f7d40ec
40964104
4063bf1e
407d3fcf
3fd8bfeb
3fc240d6
40893ff2
bebc3ffd
3f1ebedd
3ff9bebd
3fb540af
405d40c1
bc64bf0b
40ef3efd
4038bee6
3f963eae
3ffc40f6
40b44018
40febe8d
3f8cbe63
3e65c006
3f2a4043
4047bf4f
3f963af1
400740bc
3edabfb4
40bb40f4
3f174009
40f43f77
3dcf403b
bed93940
3fc5410b
40de3f90
40224006
3fd93fce
bf8d4097
bf853e25
bfc73e83
40814088
bf6b3f67
400d40b3
3e93bf19
c004403a
3fe14041
bd0a40b7
3de5409a
400040b9
3f273e70
40e83f04
3e253ede
407840ae
3e74402f
409dbbd8
3f064006
3e413fa3
bf823fe5
3d0940d7
40ac3f45
408c4054
3fde3f03
bec84071
40ac40d3
bf433fc3
bfdc4035
40394068
402b3f21
4071be5e
40acbf50
3f483f57
4010bec8
406440df
4072bfc8
3ed14016
3db84012
3f57bf63
400e402a
40a23f79
408bbe78
40d64076
400d401a
407b3fa6
40ab3fc1
40cd3f63
4084bded
3f463ea8
beca3eb7
409d3fb0
3f85bf69
c0353ecb
3fe44083
405f4071
beab409c
3f264015
400b3fd3
bdd040b4
40293fe5
3fd3c014
40cd3f02
401e4031
400f3f64
40034050
4094c018
bdeb3d40
41024041
3f413f7c
40264073
3fb540af
40a93ffa
406c408c
bf7e3fdc
4067bf8e
409f4072
3fd63ed0
404d3fb4
3f913f86
bddf408a
bf2d3e29
402f3fe4
4049bf83
bf243f4d
3fea3f17
407f4109
4055bf63
40d74043
40034085
4082408a
3ebb40bf
40634015
beb03fc7
3f1d40b3
3f3abf63
403ebdca
40af3f82
c03e408b
3f2abfa0
404240d6
407b4038
3f7b3ee4
41073fca
3f4dbfa2
402640be
bf9abf59
3dd43f3c
bfdabf5f
401a3ef2
404340b4
408a3eca
bf8e3f9d
bfea3f76
403cbec1
3f2a40a5
40a840ec
40c83f8e
3fa23e91
400140b8
4001401b
3ee640ea
40a93fc6
3e8d4052
bee1bff8
404f3f04
bf754033
4043bf56
41103eaa
40384037
405a40ef
bf9abc12
40833ff6
401f4087
be9c3fd6
404a3fab
bf993fa2
40d5be8b
3e9abf25
be483f13
40113fb5
40714093
40504002
3fcebf83
403d409e
4002bfcf
3fd9408c
40bfbb43
40133e8d
bf6e408e
bf1d40ce
bfc3be4b
3ea9be5d
c02d3fb6
401a4090
be4b407a
bf933f8e
40844037
40554021
3e43bf5b
bf6b4017
bfe9bec3
3f653f87
400b402f
bf5dbfa1
40533d99
3f6dc021
c01c3fdb
40ad4010
be6e3f89
bf9b3f2d
bf264103
40ccbedc
bfd9bea4
be713f98
402f3eb7
be974090
c0183c83
c01f405b
3f7b3fa9
3f2cbfa4
3f0f40d8
40e3bed7
40753feb
3fb84092
40253f86
bedb40c2
406fbf24
3f92bf8b
bf44bf52
4006408f
3f873fc7
401c3e19
40783ff5
3ff64089
408840e9
40074075
40d7bec3
bfb4bf5d
4000be95
4081bffd
bf773e98
3ee43d62
40cf408f
40264009
3fec4077
bfef40d6
bf693f8f
40854052
3fb54053
40904067
bfa1c02e
3fe4bf14
bfb03f6c
3fb54064
402240e4
3fa33fde
40143f7f
40a33f5b
3ed7bfc8
3f9640a6
406abf6b
400e403b
3fa9406e
3f1e40a2
3fe53f4c
408dc02a
40d03f6a
3f9b4002
401c4093
3d7f40b6
bfb6bfa3
40873e4c
bf8ebf09
3fde404c
3fe1403f
40b740b5
3f3b4032
406e4076
3f4cbd90
bf1e40a6
40b4bf34
40214014
c0094085
40334086
408d3fcd
40b940fe
3e42bf04
bff13ef9
3ff33fea
404f4038
40844074
404c3fda
bd9e405e
401340ba
407d4072
40833f4a
40c93f47
bd824074
3fa63f87
404b40cd
40b04001
3fdc401f
409abfaa
be1d4036
3f253efe
3fbc4109
c0174009
4020bf9e
3f084045
befd4007
408640d8
407d4001
bf86405c
40083fb3
408040cb
3fa5410c
4007beec
40d14017
3ef73fce
400e40e6
408abf71
bf3b4004
40913f85
40314086
bf994055
40b3406b
bf5c4004
4101beb9
bf073c9c
400740cf
40c040d0
40073e9a
3f41bee3
bf053eb9
3fa23fa9
405a40d9
bfc23f69
bfb24024
3e1f3fc1
404a406b
3f9c4105
bfad4040
40fd401d
3fb8bfde
401640ce
3eef4099
bffe3f25
41084040
bf254038
3fe33fce
403040ad
40823f93
bfa2bfbc
402e3fa2
be0e40c5
3f7b3fdd
40b83ed4
40e43fdb
3ea440ad
405b401c
4066bf84
40ea3f66
40debf93
3e3e408e
405dc013
40b540e8
40c53e87
40f0bfb5
403e40b1
bf1cbea5
409c405c
40a1400a
c02d400d
4037408e
bfa13f3d
40184083
3ee63e95
408dbf1b
401bbff9
40483f93
40bb4000
3f183fb6
4085400f
3f913fbe
40884008
40bbbfde
bf4e3ed3
400bbfa3
3f44bf9d
3fa240c4
3f29bf12
40c7bee5
3e6b3f6c
be8e4040
40553e1d
40114045
40a33e93
408e407f
beed4084
3f21bebf
4081402f
c01c3e9b
40663e9e
bf003fe0
bf4940a3
406d40dc
40843fe4
bc934050
be00be1e
4074bded
3ede3dc4
400ebf0a
bdb7bdc0
3f814082
407d4002
4089bf96
40ef400f
405e3cbf
40184089
3e8b4067
bea83f49
40ee3ef0
40d93fd7
3f38409e
befb4098
3fa040fd
c0153fcf
3e42bf99
4002404c
3f194008
3e9540a4
40674028
c033404a
401b4011
408940d6
beb4be8d
40543ff6
c02fbd90
403cbfc2
3f393ff9
40744105
3ffb3f63
40e23ec4
402abee8
402e40b4
bf3e401d
40b63e18
40fe4082
bf4ebf8e
3fd440c5
4028bfbc
bf33402c
bfbd3f08
bf36bf56
bf184025
405a4018
bfc1bf7d
406b4012
bf20407c
bf0440c9
40964074
40623fd4
40a83fa0
3c48bfed
bc09409a
bfb64049
bf62402a
409f4028
3f3fbfb3
405fbec7
404f40c4
bd8c3ff8
409a4080
401c4097
bfa74077
bf4940f7
3ebcbf7a
40a43fdd
3f1b4093
4026405f
40924075
bf3d400f
4062401b
3e8240ae
408bbff0
409c4107
bf86402c
40b04060
403d3dc6
405040d8
3f96bed5
40c2403c
4050bf7e
3fd6bfea
3b00befd
40973ef5
3f973d9f
409e4031
bed74044
3ef9bd9a
40444056
40203e15
3e3a400e
400a4082
3fb54011
404fbf12
c0013f43
bebb3fef
3f4640a2
3feb3f02
3fbebf17
40094020
bf30bf64
3ba5bdd4
3fce40eb
bf0b3faa
403d400c
bf81bc8b
3fe840a3
3fd9bf8e
3f9ebe0b
bf3f3f1e
40c24067
3da43faf
bf044039
40b04053
40444016
405d407a
3f9ebf70
4087400d
bfaf40be
bf714026
406abfa4
3fe0407a
408940ab
3f113f8c
3f80be09
40bf4055
403f40a8
3f0240b5
3f0040c0
405c400e
410c408c
3f984005
403840ad
3f8540f7
3e653f96
4085402a
401a4002
3f57403a
4085410f
3efe3fbc
40593f09
3f30bfc2
401c4045
409cc01b
4022bdbf
406dbf7e
bf533f9f
bf48bf34
bf90c036
3fc44003
3e43be57
3fe04097
bf15bf9b
405ac03f
40363f64
4000408f
402a4078
401f40c7
40024110
bf71be49
40a84087
402a40a9
408dbf30
40964052
3f0e4025
40eabf3d
bf5a3f5c
407d40c6
404f409a
40da3e8b
bfe13e8b
4010bfea
3f12bf6d
400c3fbe
4089403d
408e4075
3fa93f5a
401c4004
3fa240b1
40ad3ed3
c006408b
40143fd8
3f8e3f9c
bfe14103
bda13fb2
40054005
be28bfc8
40614089
bfa7be7f
40d03e48
3dc73f3c
40174012
bf7dbf3d
406a4007
bfec4013
4071403e
be0340bd
3f7cbf92
408b40da
40993c6e
402ebf85
3fafbf1f
4062bf9d
3ff94090
3ea43e9e
bf73bfa8
bf644072
bfa7be09
bfcc40ec
bfc53ff6
bf1b4076
3fe04039
403d40e5
3f3340fd
40e1402e
407bbf6a
4029408d
3f37404c
402540c9
40b63f81
bf164047
bf604058
bf0abfef
3faf4109
40ea3fa9
bf963e54
3f833e71
40844084
3edf40fa
3f8f3fb6
409bbfaa
402f4086
4013bf9f
40bdc003
40af3f53
3fcbbf48
bf5d40ad
3fde3f9a
4067c004
405c4007
4003407a
3fd440a3
4025bfc9
40844071
40ad3edd
404ebf6b
4023bfa1
3fdc39cc
40a2408d
40a73f2e
406b3fde
3da4404a
3f6dbebc
409240fe
c01a4019
40af3ff2
40273e89
bfb3c000
3ebf4066
3ee93ff5
c0263fd7
3efbbf42
3ff7403a
be39c00b
bf9d3f1b
4100be29
3dc3bf66
3f994096
404e405e
be9a3f8f
400a3f14
3ec8405e
bf9ebf8a
400d405c
40164018
40994064
bf56bf24
bf893ff4
3fc14054
40503eeb
40fa4039
bf08be12
408340a4
3faac039
40233e4b
3f4f4024
403e3f82
404f40ef
3ff540d7
3f413f24
3f5a3f82
3fd53cd2
3fe040a0
403fbf6e
bec13e1a
40babe04
3fe0400c
3f16400e
40614093
40c13f24
3f6abf7a
40143f24
400e3fe8
bf0140a7
bf19befe
bf8b4055
3fed409f
40103f46
bf0840a4
3f794004
c00d4049
3f6e4061
bfba4087
bf954029
3ee63f72
3f534025
4029bfdf
3ff540b3
4097405e
40214006
c0333d56
3fbf4014
40873fd9
bfa4bf79
bf133e3b
409d3ff0
3f914037
3fec3faf
400dbf91
402c4030
40563f3d
3f2c40bb
406040a1
400a3f1b
40ea3ff6
3f894079
be7dbecd
402940c0
40733fb1
3fbf3da5
3f893fa5
bf2d402a
408bc019
40bf3fe8
bf393fec
407d400a
bf26405c
bfbd401f
40b74004
4072401f
40a5408e
3fc63fd4
40804036
bd9fc01e
40923fae
bf82408b
3f59405d
bf7d407e
3db7c00d
3f483f54
bf334071
3f883c9c
bee840a3
40adc009
bf353f43
40b04017
3ff3404e
40663fd4
409c40a7
406a403b
3f2e3b23
4028408d
40284099
bfc13feb
407b3e3f
40c93ef8
3fc540be
401440c4
bfeb3f04
40eabb74
40e03fb4
3f6c404a
402e4097
3e5d3f6c
40b33fa1
40a14042
3fc2bd0a
3f4abf10
408c40c7
40383f84
3fb93fb7
bf1b3fa1
3f82406a
be8f40d5
40534016
40993f1e
bd4d408d
3ea64029
404a3f29
40a33fad
40a1bf3a
4007bfd3
bed740ca
3fee4108
bf044022
40d83ff9
3f0c40bb
3f524001
40123fdb
402fbf64
40073f39
bf0c40a5
be953f0f
408a40f5
409abdd9
3e113dc2
bf6f4090
bf0540b2
40313dec
be553f99
bfa83ddf
3fb5bf68
3e244032
40b640c3
bfee3faa
40e5bf98
40253f74
beda40d3
40974090
409c4001
40ed3f88
4018bff6
4022bfb2
407e4009
c004bf45
3f8f3f91
3ffd4090
400ec00c
404d40d5
406a403f
40a7bee0
3eae4094
bf8e3ef1
40b94030
c0093fc3
40aa3f2f
402e40b2
bf984098
40bf4082
401b400f
bffe4083
4022bf05
4018bcd1
406dc033
3f82bf7e
bf4b403d
be7640a2
4067407f
bf43bec4
4044bf58
410a4040
400d3f4f
bf9b4095
3ecb3fcc
3facbccd
409f3fb6
3e934088
404c3ea4
bfc740d5
3fd53b8e
40404071
402c40aa
408440ef
402640f9
40b53fa9
40fb3d5c
40043f4c
405b3fde
3fe44027
40ea400a
bfff4049
402640b5
be9c3f82
bfd0bf07
4017be13
409a4026
3fe240b4
4009bf1c
be10409e
3f1cbe4d
40dabf93
40233f13
403c407f
3fd1410a
407ebf5b
410f3ff9
3fd93faf
406a40d7
405f3fa0
40413fed
4102bf3f
bf363d86
bcf63ff1
bec540f0
40be3fea
410a4037
3fe4bfec
404a3fb8
bf2140f2
bfb8403a
3e07bd9d
3f9bbfbe
40834052
409140cf
404cbea9
bf994001
bcd03eab
bea94041
bddb40fa
3f5c401b
c02a4040
3ffb3f2a
3ef9404c
4082bfd6
40664007
40cbbecd
3ff23c3f
3fed40da
400b3f34
40353f35
bfbb4085
3e9b3fa2
406a4092
409b3f81
3f65bef6
bf973f5b
3f7abf1f
403b4068
4063bf96
40bb3fa9
408c403b
4016bf46
405b4089
3f54be0a
3fd53f4d
40943fe3
3ff7bf09
3fd4bfdf
406fc007
be653ead
bfdebe9f
bedebf39
404040ab
408cbfac
bfff402b
40d83ffe
3f974018
bf85bf3a
40ba40e7
402ebea9
40683fa1
40144052
bf6b4033
bea44099
3ffa3f06
bfd94018
4022bf4f
3ffa4007
405f409c
bf36becf
3fef404c
bf3c405f
beb04051
40894094
bf99be98
c012408e
403f4088
3f1a40c2
3fdb3fdd
3f933ec8
c02f403b
3f64bec1
bfaebf3d
bd8040d4
40a8be57
41013f56
3f17bfd0
407840ea
bf9e4010
c0153fa8
c02d3f25
3eaa40aa
3f01bfe5
3fa3bec8
bf453fc4
410c4090
40004016
405e40d0
3dfb40e5
40dcbea9
bff8408e
be0340a6
4088c00f
bfd6404f
40863fa2
c015401b
403f3dcf
3fa14089
3f6e3ee2
bfd64000
40ef3f4e
3f8ebfcc
40283e6e
40be3ffd
40b7401f
410f408c
40023d79
405340e7
3fde3fb6
408ebf53
3e793eb8
402f4091
bf0c3f12
4068bf9a
40063e24
40c0ba12
3f2c4034
40574009
bf7ebfbd
40193e5d
bfad4047
40023fee
4052403f
4078401f
40583f58
410f3fdf
40193ffe
406dbfb4
3f8ec020
bf6f3f00
3ea04081
3f04bfbf
3f4440bb
408440f0
4056bd5f
40f6bed5
400ebef5
3fb1bf98
400f401b
4094400a
40db3fa3
3e854029
40614006
4060405e
bf8fbf7c
40b83ea6
be0d3f41
408a4088
3ee84099
40113f8e
40be4084
bf154043
405e4094
4099be4d
c0023ecd
410c3fea
4020407a
4073bfd9
bfbe3fae
40cebea9
40eb3fad
3f3f4011
402840d2
3fe3bf91
406a3f5e
3f834034
3fe6bfc6
40624023
3f4040c1
40963fef
404d3f4f
3b273ff7
bfbf40eb
406c3fa7
bf4cbeac
bf8e4087
bf193cfc
3fea409b
4098beb4
bf014025
40a73dcf
3f9e3fb4
3fde40ca
40a640f7
404c3edd
40874041
3fea3f51
40733e4a
403b410c
40ce3f83
40d13e5c
4003401d
3fcdbedc
40af4102
beb4be89
40524023
400f4025
3fbe40c3
40babf8f
bfc33fab
408bbf7d
3fe33efb
408e40c1
40a040d3
40d2402c
3e893fc7
402240b2
3f943f18
40534082
40eebf14
40814066
402f4048
3fc74031
40924086
3f673e13
40754035
3f8c3e37
40864020
4001406a
be1c3ec0
40e94079
40243e94
4089be43
3f95be4f
40db3eec
c007bf18
bd72405d
4004bfbb
3fe9404c
40cd3f7f
bebb3f9f
be5340a1
406d40e9
3fcc4104
40b23f85
c038bdfd
3e654007
40083e91
bf1a4012
40d93fae
3ff23e84
3efa3f3a
3e25c01a
3fa33fae
40edbe8c
40b5405c
3f71bf97
be32bfd4
3e084101
bf683fd3
3eb44055
401340a6
408c40cd
3fc54008
3fe13f8f
bfda4006
bec8bf22
40254073
bf9f3ed4
40a13fe8
40bb4083
bf77bf42
4041bcbf
405cc038
40d43ff0
403c3fa5
bf2b409a
408f3ebf
4079405e
40513d47
c035400a
be904081
408d4041
bf984107
40933e32
40c74018
3faf4020
3c6b4044
404f40f4
408f401e
bff53ffd
3fa240a1
4013bfa3
4010407c
c0023e55
41054051
be394096
bfa34090
405640a6
40d7be7b
bfab3fb5
3e923f60
40894022
bd9bbf78
c019bf18
41084076
bef03e9e
beccbf54
3c4ebf0f
408fbeb7
40cf4066
403a4090
408b40d3
40a1bee9
3eeabf13
bfd13fa4
be9f3e54
40054006
40a94059
40b23fc1
c00d400e
400e408e
bf354046
40693f58
406d3ded
40814054
bece406a
40664091
40b23ffe
bf8a3f86
4097406a
3fd83f93
bf783f83
bfccc017
409e4012
3f85408b
bf5a3fa2
3f8d40d4
3fe140f7
bfd03f1d
400ebef8
bf4b40b5
beec40dd
40854063
bf703e70
4032bf62
3fcd409f
3fae40db
4069407f
40ea3e98
410fbf73
3ea24006
bb9f3ee6
40a640d6
40a3be35
c00c4085
bf634072
bf7d40d1
40584023
bf893efc
40443fec
3fc53fc4
40793fd6
402ec02b
409b3fd4
41044077
3e99405a
400b3f81
406a3fe4
bfaa3fbc
40a64076
3f0e4049
3ffec013
3e88c03b
40a63f12
4109401a
3df2408c
bd8cbe18
bf4e4105
4088beb8
40d04023
40323e9a
bf1c4098
403a40ea
40424038
bf90bf59
400e3e11
3f8e409c
404f4056
be523fc7
3eb23fe6
be08bfbe
40504087
3ffe40f1
40d2bf58
bfdfbfb7
4029bf17
3fc0be30
bf8140dd
401f3f63
40d2bf85
bf3f40ae
3efa4086
40a840dc
4036402f
40923f1a
40284001
bd8940c0
3f8640ab
3f01402b
403b403b
40214094
40584048
40b240dd
404c3ff4
3ff1bea5
3f04408e
3f81c00b
bdea4107
4028403e
410f400b
3f8dbe23
40794054
bf1d40c6
bfaebf63
3fd5bf8f
402d403d
4012bfa3
4083403f
407d3f9e
40ad3e46
bf7dbfcc
408c3f96
406d3e3c
3f603e42
40c9bfa9
3f184078
3f613f8d
3f224062
40d63f52
bf9bbfa5
3f42405e
bee7bf73
40ae4074
40e83fe1
40b93f53
bf114066
bf383fce
3f8c4098
be033fd4
40dd3e20
3ffdbc8b
40594031
40b0405f
3f104020
40a3bf86
3f2e40a1
407c40a7
40ba4098
3fcb3fa6
bdfa3f54
bf083fd2
406e40ee
3fb840a8
40e63d6c
4101bf87
be3040a3
3f6e40ca
404b4101
40c03f28
bfd84003
3fcb4064
40683fa5
40b1410a
40a93dc4
40f43de7
3e1dbeb0
401abf43
bee440e1
bf303f6a
40014041
402240a1
beea40b6
bfbb40b7
40dc3fd6
c0224063
bdc9406b
4083be07
40bc40d1
40c83eb4
41033fd9
3e234045
3fac40cb
bfc83f24
40b43f98
403c4054
3f283fd5
407c40dd
40b94103
40b53f7c
40173f2a
3ff83eae
beb34058
becc4102
bfdf3fa3
3eea3fd1
40084007
404a3d8c
4060406b
3f8f3f5a
4102bfb3
3fca4045
3ff540b1
40a94017
40a13ef5
40223fd8
3f993ed4
3e45be94
3fa240f2
40354037
3fdb3f1e
bf30404c
3f9cbf1b
406c4106
40233f2e
c024401a
402abf87
bf8a4086
407ebe0c
bef83fb7
410a3ffc
3f7c4095
407fbff8
3fc44093
3fde4009
bf773fd9
3eee40bd
bf814031
40774073
40834033
3fc2401b
bf583fed
3f143f88
3fc1bf86
4093bec6
4074bedd
3fcc4010
40793fa9
4038409a
3dcf3f88
40cb3f57
3eef3eac
40224037
40374096
40bb3f3c
40ed3f8b
be97402a
4021405d
409a4102
c008be14
c03f3ef2
3fa34088
3d68bf6c
bf813f75
bfcabeca
40eb3fe3
3f8d3f52
406f409b
406840c5
3fe13f6a
40f6beef
3f28401b
3fc2408c
40a13f0e
be993edf
3df34040
3dcdbf22
bf1240d8
3f83bfd2
bf133f85
40b13ffc
40073fab
3f3840b7
bd8640df
3fa64007
c00d404e
401c40c0
bfb93fd0
3f3d40e2
40ce3f78
c0384028
3f963f00
3f9f3df0
bf31bfe5
be4f3f7e
be9e4008
bf7d3fd0
3ff740af
beb33d3a
bfe6bf28
40dd4090
bf5d4093
404bbfb6
40a94025
bff73f5e
c0024019
beee40ac
3fcc4055
3d96befb
bf903ff6
4093405e
3f44bf77
3fbf408d
401b3fe3
40173ee4
4069beef
bed94047
407340ec
40b84105
3e173f8a
40863ecf
3f304004
407dc007
bf8e404e
c01fbf7e
3fde3f6c
bd1f40b1
40284057
3f9840e1
bf2b3fa2
bcc1408b
bf5d4012
40043fe0
40464080
c0123e82
40bb401b
bf243e9e
3ed33e06
bfe63fda
4087bf12
405a3da7
3ecc40a9
408b40d2
3f1440b5
3f8c3fd8
becb406a
40263f90
406e4001
40bf407f
40dfbf3f
40e8400a
3e6fbe09
bdd63f22
4073be05
bf164037
bfedbeef
3f603fd2
3f0f403a
40b0bed3
40513fe2
c0324012
3ffa4094
bf974081
beb34090
4022bf75
40633f34
3ea7bf51
3ffc3f15
401d4068
4012be28
3fc6406b
4017401b
3f834082
bfa940fe
40403fa2
c0334009
bf1d4035
4058bfd4
bf8940a2
409b3fa7
40354068
3ffc40a5
3fc64040
bf8bbf46
bfde401e
409e4049
3fb04070
beea4095
3e9d3fd9
40743f4f
40844086
4015beda
bf61403e
bea940d8
4064bef8
bff7404b
3fc23d98
407f40a7
4048409b
40da4034
41013f97
3fa340b7
3f114023
402340b3
40553ea5
40274006
3fc74059
407a4088
bfcb4099
403f4023
407dbf73
3dbb4015
40413f30
40ba408f
40a74007
3f814058
bede3fa4
3fc84028
3f5ac016
4098402c
3fc3bf65
402bbffa
bf424075
3f34408c
3fda4033
3e5c3f75
3ff8408e
403240a0
40933fef
3e973f6c
3ea9bf9a
bd2cbfb1
40263faf
3fd43fba
bfa13f10
40fdbf31
bf7a3f45
3f8ec007
40454100
3e9d401d
404dbfb9
3f4a406f
bf843ffd
3dab40e7
40aa3fa1
c015bf6a
3fffbf9c
405840d2
40954077
401bbf5a
3fc84013
be994090
408e3fe4
409e3fbc
40ea3f99
c0013f12
3fdebba6
be7c40e8
403240dd
40cebf51
40c6405c
bf5abe7d
402240a4
3f85c028
404c3f90
bed93fc4
3dddbfc8
3e38bf7b
40ab3fbb
408a3f64
410f4004
3fc34057
3fcabee0
408d4033
3fbc4038
4070bf83
3f4f4081
be76403a
3f6d40ac
40db3fd7
bf653e28
3fa23ea4
40133fef
404a3f28
3f9f3f0f
3f613f80
3ecc3e6c
407d3f98
402a409e
bf2f3e60
3fb8401a
3f5e4046
bf923f9a
bfd73f97
408d3ff0
408fbf8a
3fdb40a0
3f4e40be
bfba4074
40203f0f
408e3f24
3fb140bb
3fba3f2b
40013e43
40dd4017
40d94048
3f763fcd
40894080
bd18bfdb
bfe4bf36
40394082
becd40b2
bea54070
3fecbf05
40b33f95
40813f2d
3f27beb5
bfc040c4
3fed400d
3fc4400f
40313f70
3ff03fdf
40824089
408fbfc8
3ff5be6b
bfe5bfb6
4032408c
402f40e4
406dbf74
c00c4010
3fc54087
3f69bef3
3f8040d5
409d406f
c01d3f49
40ee3f0d
3fbe4089
403e3f98
3f8a40a7
4048bdc3
40dd4037
4010bf28
bf623f01
3fc5bee5
40a2bf68
c0294084
4012401f
bf463fba
3f9a40f9
bf123fba
bea1bfb3
3ec83ff3
40353fa7
bf1a4050
40963f2a
bf64be86
3fc240a9
3e733fbe
3ff4bfad
40e0400a
400c4076
be044074
bfa5406f
40904010
40414037
bec2404c
3f3c3f7f
bf7ebf83
bf40bf4a
40d13f8e
40bd4003
3f884055
3fb640b9
400a4105
40c13e18
40d74085
403d4010
bf85c011
bf85be8b
40bbbc43
40993e64
402a402d
bea84087
40563fa4
40973eca
40fc4055
3f893fd0
40583fd2
3f96c03d
401dbf73
40c53de0
3fbb3f78
3fcd3e51
bf26408a
40ccbec1
403e3fd3
3f36bf9a
bcd9bf6d
3fd140a8
40ce4011
406b3f6c
be3c40a6
4041bfa3
408ebe92
40e1bf44
4107bf71
3f273f9e
be713fe6
40583f22
bf76bdfe
40a2408b
3fcb3fc6
be9440d6
3f8d3fb4
40af3fef
40c73f0e
4013bf4d
3c9dbe55
3fb140f2
bfe93fe2
bed54079
bf41408b
3f154053
bec44097
3e91402e
3f704051
3fdf403b
3fca40bb
3ffe40cb
3f21bd64
4059bf92
3ff03f25
408e3fad
bf023eac
40a3bf38
bfd8bf4a
bf1abef6
4034bec5
404840b6
be8c4013
40fa404c
4020bfc6
401840b4
402140f9
40e73f56
40c43f4b
bf68bfcd
3e49bcab
bf19bf65
bfa54032
bf713f90
3e0240ab
404e4094
3d80c02c
403f4011
bfc84057
401b4024
bfb440e2
407a3fff
c016be57
bfbdbf89
4002bf46
bf5a404b
4091bfdf
be373f9c
3fb74077
be47be38
3ebc40b6
40ba4073
3f4fbf2d
40973ea1
3ff74083
3f2b40e8
40b14066
40ad3ff2
404a3e9b
4019bf22
406c4053
bfe8c035
bf754007
4105400c
403340b7
4001409e
bfe3402a
40194019
3f24bee8
3fcc4017
3e074041
408b4056
40e83fd5
401abf6c
bf5b3eb7
4062bfe3
4079bc51
bf9a3e80
402f3ffb
403fbe86
bf633f52
bfbe40c4
3f503f72
40e1bcfd
3fb14053
406240d7
3ff84108
c01c3ff7
4106bccd
3f593e49
402a40dc
bf17c01e
40bfbf08
405f4038
3f4040a8
bfa44042
bf95bf3d
3f243e5f
bf0ebe42
3ffc4096
bf80c013
407a40bd
3fa33f83
c02d4037
beb7bfb1
40873fee
3f1f402f
408f3f08
40dd4001
400640ab
40223f3e
4012400c
409d3f23
4107401a
bf6d4092
402e40e8
40854050
40993f62
3f114028
3fc7bfab
408a4001
bfebc026
407b3fa7
bf6f4020
3ff7404a
40114070
40bd4041
40e03eed
40613fc9
3d85bfee
bf3b4017
3e0fc03f
3f8a3ec7
3f4dbf85
4031bfa0
bf0ebfdf
40ae3f26
c001403e
bf27408d
3f8bbfeb
403c40be
bfaabf7e
408a4026
bfecbf80
3f7f4056
bf1fbff2
3ee9bdc6
4027bd7b
4020400d
4039401d
bf0e40ee
40ad3ed7
bf95bdc5
3fb63fb5
400e403c
3f214088
40493fa9
bff74019
3f513db9
4031bf00
3fc5bf95
401d3ff9
bf123f9d
bf2fbe47
3fdabff3
408540d3
40174089
4059401a
c0254087
3fe5be8b
40043fc7
bed24004
403b4018
3f593d95
3f4e3fbe
3f08be85
402240a7
3fa84024
3fb14045
3fbe4062
be664072
bf663f2b
4057bf39
be07406d
3f7c402a
4084bec1
40294068
c0103fcf
40cf4073
4039bfdd
4009bf2d
40823f80
40efbd7c
3c9d401e
3f3dbe33
40823fc2
3fa1408a
bfb5403f
40c64049
3f9c3e4f
40893fee
408a3fe5
40843f91
4036401e
bf42bfc7
405c40d1
402ebf23
3f2f3fa9
3f833e16
3fc5bf63
40034052
408240b0
bfc23f99
3f7bbfae
4019bfe0
bf794011
3fcd4089
40eb3fd4
40e9bd41
be8b3de0
bdf44003
401c3dbc
40a7bf1d
40ba3eb6
3fcfbf0e
3fb2c006
4065bfd3
40cb3fea
4007bfab
3fea4085
3f6d40e6
3f9c3ff5
4083bd52
410fbf46
403a3f4b
be6340ab
4014405b
40824031
3eaabf2d
4016409f
40663f86
400340ce
bf4bbf18
c01dbdd3
4005bf26
3eebbfee
3f404108
bed9bf73
3e193fe5
3fd44009
400840be
bf584006
3f0f3e86
4074bfa2
be98405b
4047402f
40bc40e2
40ebbdc7
40be4038
3f48bfb3
3fff40a8
4045410d
3f65401e
3e634088
3fa63f3d
403e4004
40b84088
40143fe0
40243ffe
401dbfe4
402840ec
409dbefe
40c8bed3
404c4030
3fca4095
3daa408f
3fd740fc
40b53f01
406f3ff8
be624032
3fb840e8
3f75406a
bf90401c
3ed9bf73
403a3f4a
408fc004
be1fc018
408e3f72
40bcbf14
3ede3e2e
3e40c019
3f2e3fcd
3fad3eee
40d33f3b
bd15406e
4031bfec
bfdc4052
4039bef7
bf26bec1
403a3f9b
406e3f04
40bc410e
bff53fc3
3ef34013
bef94031
3fb8be34
40b0be0d
408abd6e
40b43f9b
40184042
40694001
bf783f9f
4045bf6f
405a4077
bc653fbb
407440ef
40a8c005
c0173f46
bf8cbf9f
3fbcbf82
bfb04039
408540ce
bfec3f82
3d974008
3f63bfe4
bf673f94
405040b5
bf8f4029
40b1bea2
4017bf5e
3fe340ca
3f623fb7
3fcd3eba
4106406f
40304097
3fa23ff5
3d094070
401e3eba
40863fa5
3ffa4066
3fe0bf58
4075bfe1
40e4403e
406d3fd9
3f57bef7
3f95c003
408c407a
bf443f4c
c037407f
3fd2bf1f
408240e3
407dbfa4
bfd23faa
c03f3fa7
3e824088
3f09c00d
bee94040
c01b3f26
bf8a3fff
40293f87
405c3fd6
bfbe3f7b
40523fb5
c011bd23
3eac40a8
406ebf28
40af40e7
c0033e4e
40b83f4d
3fd6402d
3fc03fc9
be34bfd7
403ebf40
bfe23fea
3f693e23
3fad40d2
3efabbaf
403c4023
40ac3fe5
3ed7bf38
bfbe4092
beefc007
409a3fa9
40a04009
401abe96
40734041
4093bf9d
40d34024
4048bfad
bed5bfca
3f10c00b
40aa3fdf
40da4029
3f8f401f
be5140b0
bf773f51
3f8c40a5
407f4028
c00fbeb0
401a408d
4015bf88
bedd408d
c01b4016
40313ee8
3ff1408b
bfa93f73
bf194101
40384031
40a73f37
4002407a
3faa4032
bfeb40dd
40203fac
bf7f3f92
bf433fca
bf2a4099
bfa9be3e
40793ee8
40fa3f8d
40394048
3f184030
bf9c3f45
3f743ee2
be833f7c
bf0e408c
4060bf66
3ff4410c
c00d3f9e
bff53ffa
bd944092
405b3f38
3de9becd
c018403a
40ee404d
3e9a4081
4073c007
3f6d3f69
4035400b
40d4bf50
40313f9e
3fe13f33
3ff43ed9
40773eb5
bf8c3f58
3f07bf79
4038bf83
408440e8
bf853f34
41063f90
befa3f29
3ff540e0
4014be42
407a3f01
bf8fbf7d
bf594065
4024c013
beafc008
bf8c3fe4
3fe5bec0
3ed73f54
be9a3ffe
400f4104
3e8ebf3b
41074088
3f903e42
3ff9bfe3
bf513fb6
be074027
40274027
3e9f40a0
3f154081
3f22c022
40813fa1
bfa83f25
bf2f40b5
3fb7bf0f
4049400b
40a9bf42
41103fe8
3fb54097
3fa440be
3fcebf7c
40dabf61
40813f72
3e993f0f
3fe23faf
40914101
bf193f8d
408c401c
3e69bf50
40024097
bf7740de
40e43f06
3fdb4088
3fbc4053
40363ddc
40b9bfe9
3f9b3f81
3ff2bf0d
3f95bef6
3f853eae
40793fa3
40ce3fbd
40ffbf98
401040a3
3f954006
40784083
3f6f3ffa
40c24081
bf403f9a
bf933ffa
3ff54105
4080bd25
3ffe400c
3e24bfce
406a400d
3fecc03d
4081becc
41013fa1
40394003
407b4082
403e3ef5
40b23dad
4035403a
4016bf99
3f3e40b7
405940f7
40884035
4091be3d
3e8340be
4080c006
405b4026
40714003
3d8d4066
bedd3fe7
3fe23fc7
be993fb3
40984031
40af408c
403c3ec3
bf0fbe14
4098bfd2
40873f6f
be75bfa8
bf644033
40384041
400540e8
40823fef
40e34053
401b403e
407840e9
400a409b
3f54bed9
bed23f64
be2f4078
3f9c40bb
4005c01b
3faebf24
bf473f9b
beef4032
3fe33e0a
406c408a
40553fa1
be664084
400140ba
3fb83f6a
40ad3ff0
3f963fdc
408f3f95
3e79bf04
3fc13ee1
3ef440a8
3eed400d
40c83fd9
3ebb4009
3fcabf65
bf4b3fdc
bee53ff5
405fbf47
bf3b3fdb
bf82bf8f
4073bfed
3fec3fa9
40c13f39
bf5ebeda
40843fd9
40664042
bfa63f99
40acbf81
bec340ae
401540ef
3f4e4108
3fb63f13
40b6bf70
bf72be27
bf563fb3
bfcc4086
40493fe7
3fef4088
3f12408d
3f7a409c
40884100
3f824009
3e763f7f
3f9840b5
400d40a6
4009c035
401c4027
3f884067
3f12bf92
4044bf6f
3da93feb
40673ed3
40f13ff3
3ea24095
3f183e4a
3fdcbeab
bfc3be1c
3fdabf76
be3fbf49
404140cf
3e8b3f0e
40ce3f6c
40243fff
3efcbf26
bf5d40be
bf2d402d
4072bf44
bf9d3e9c
bf663fdc
bfa140a7
402540a0
bfecbdcf
40bf4087
3fd84056
3f8f404d
3fa440a4
40643fe1
3ff5beb9
3fbf3fdc
bf5240ef
40a24084
4059bf7a
bf96408b
bf0a3fb8
408740b2
bff73f59
3f63bf33
3ff84074
3f5d3fef
40024034
408bbf86
be6c3fa5
c029bf50
3f273ece
401e40ab
bfeb4069
4023bf17
4077bf01
bf05bfc7
404d40de
be0e40a9
40223cca
406c4025
3ec93f1a
bfa03fa3
4018402b
405a3f53
4085bf92
3da9bfe5
408f3f22
3fe64073
40b63f8d
3eae406c
bdbb4095
3f7f4000
4026410a
bfff403f
bd4c3e9e
3fe73fe4
3f903fc7
4070c038
40133fba
3fdebfb7
be523f8e
3faa4084
bfdd3cc1
407ebe0f
408d3ff8
3e8d4050
40413fcb
406340c9
40913ff8
c0273de8
3fef3eae
bfacbf1b
40114034
40ab3f9f
3f94bf17
40294025
407cbf98
bfa440a6
4082401b
40d34088
bd1ebf67
40774057
404940e0
40813fda
40bf3f67
402a40aa
40223e9e
3f134036
bfe83f59
40684052
3fae4043
40143ec2
40a6bfcf
bfa33fa5
3e70be89
bed34023
404e408e
405440ff
3fd03fb1
bfae407f
bf1b40ae
3ffb406c
401e3f8a
407b3f97
be49402e
400f3f34
be05403b
40ab4105
409dbed1
3ec4405d
bcc6401d
3dc04084
40103fac
402f4009
3ff0bf0e
bf1c3f63
40803e21
40aa4042
bda2bf35
bf883fd2
bf4b4009
bfa940ed
40ac3f8a
40654014
bff14077
4007bf6e
3fecbfed
3f7c40ea
bf414032
bf454085
bf0d3f17
3f2e4087
3fdc40b8
40994015
bd57bf9d
be933f97
403740d0
40874080
bfd2bf52
410f3f86
3f63404a
be82beb4
40493e38
3f68400c
40993fc7
bf1f405e
408440ef
408a4059
40043da3
40a8402a
3faa402d
403740a2
bfaabe95
40df3fd4
3fa1401d
401fbf2b
401e40bb
402440f4
40ec3f1d
3fa13fae
3e4ebf0e
bf4cbff6
3f9fc01a
3f4e3f20
3fb63e3d
403e4028
3fc640ef
bf5c4033
3e353e40
be8b3fe2
4004400a
406d4099
bf9f4103
40c14022
40ba4085
3f284091
bea6bff3
bfb14076
c007bdd1
bf62bf82
3e364001
3f553f2f
4056c022
bff23f22
bef5403c
bf454063
3fcb3ef2
40233c51
40ea3ff7
3faf3f85
beeb4007
3f9a40be
40adbc86
bf953fa2
bee1bf1b
3e234003
406cbfb8
40a340e9
4024403b
41094050
3f284009
bfa2bf4e
403abf87
bfd4bf18
3f24bf56
3f6d40be
405a400d
407e40a0
3eec401e
bd1f4071
3ff0402f
4069bf6a
403c40b1
401f3fad
40283fc3
bf583fe9
bf26404b
be2dc01b
409a403f
c01b4080
40084082
bf3b4008
4017c000
4027bde8
402a3fc0
3f97405f
404540bd
3f7abfe2
40da3e86
40c14004
3eff409d
3ed3408e
bea340b2
3f7d402c
bfd73fbc
3fc0bfad
bf5040c1
4054410f
403a3db0
bf67bea5
3fd9bf23
3fa740ac
bfa64040
4026401a
be2d4049
3da6409a
bf224076
40473f55
40c53f52
40cd404e
bf1a4040
bf8a4087
bffb408f
4073bf58
3f31401d
3ff2402b
4054c00d
40023fe5
40bf3f25
3f76bf9b
40104003
40483f63
bfb33f2e
40d5bf18
40d9be95
bf2c4056
3f473fae
3ffcbfc2
40b3bf5c
41033fc3
401440a7
40233f82
3d8fc034
c0044023
40eb401c
3ee2408d
bfae3f9b
bfa74019
c0063fd1
40ea408c
3f95409a
40904082
3ff23f8b
3ffb4039
3ee64069
3f914079
404ebfb2
40a6409f
3f83402b
40c34084
4024be5c
bf864094
3f1840c9
3fdfbf1e
40314037
3e5f3fd9
bf07408e
3e87401a
40053e7b
404bbf5b
bf1d408f
405bbf00
bdd5bf96
4096be8d
41033f14
3f5f4063
3fcec020
bf824057
3d5bbe99
40fa401e
bf3cbe7c
bf863f61
405c3e94
40b2bf22
40bbbe03
4033403e
40573fab
bd854106
c0083fef
3eb4404f
beb5406b
40893f5b
40494109
bfdc3f2c
bfac3f38
402d406d
bedabfae
3fc040df
3f203fac
3fd0bf24
3e7c3f67
405d40c3
3f85bf8c
40474011
4108bf49
3f91be41
bfa440d7
bfc0c01a
40a63fe6
bffa3d09
40054029
408a40ea
408a4047
3ea73f46
3fe73fda
400abf2c
3f6e3f92
406b3fd4
3fe2bf11
410dbdec
3cdc4087
3f9440df
409740c8
40c33f3d
3e1c4056
401cbfc0
bf1040a7
403a40db
bdb84008
40b54078
be7cbc8d
400d40dd
3f3f410e
4053403b
3fe03f9e
3f0240bc
40353f82
bff83fbb
40933f9f
40dd3f32
3f3cbfdf
402440ae
408d410b
bf2abd63
408cbf7c
40163f84
bfa2405e
3fa840a2
402fbe09
be3b3fda
bf22beb6
4072404b
4089be8f
bfa93d79
40f7bf95
3fce3f6f
bf253f35
40b240f1
bf873fdc
bfa1bf0c
bf0340a8
3f334030
be8040da
40b03f05
40a14084
3fdf4080
3fd44073
40464105
40393e4b
40133f81
400e4037
403140a7
bea2405d
40a43f95
be1e4077
3f5b3f96
beecbf7c
3fe4c01d
3f85bdd8
beb3bf7c
be7a3df7
40804082
40a74081
40133eb6
3fb1beea
3fb63e6c
403b40a8
40b03fd8
40d03fc0
be7f4002
3f73bf8d
befe4064
40823ffe
be063fe1
401b3f98
be85bfea
403b40a2
bfe140db
40543f5d
c03f3f52
3f9cbf46
408dbf54
3fef4096
40933fdc
410cbfb9
3fed40a3
40823f8c
bfc8c038
3fa33f55
bf72408a
be9f40ad
3e283ea6
40ab40a5
c0183f86
3f543f74
3e6c3ffd
bf12402e
3e864092
40c93fa5
c0043fa3
bec640b5
404fbfc5
bfdebfa5
40813f61
4049bfaa
40384072
4051404e
bf213fc9
400d3fb5
bedcbf2a
402f3f5c
4001c020
3ffabfcd
bd313fcc
bf714070
3f313f9f
bee23f95
40b1bf83
bf3ebec8
40fbbfab
403d4088
3fcc409c
409d3f2b
4093bf7b
40d53f83
3fc24097
3f2e409f
402d4094
40b43fe0
c0023f19
bf174037
3ff840ec
405240ce
400b402d
3ff73ffd
3ffc3efc
406b3c5a
bcf7be90
3fe8403c
40bcbf5c
400bbec5
3f57bfb4
408cc023
bf3f3fd6
3e974028
4012406d
bfae3ff8
be03bee9
4075bf5d
3ff5408e
bf5c3fdd
bfa3bf68
40ac3ffd
4081be9c
4072bf50
3fba40b8
404c40d3
3ff74018
c0094031
bf363e18
3fa13cef
404640d4
40bb4098
40773e95
40293fcf
3ff6bfb0
40814052
bebb3f49
bfae3f89
40863faf
bf2940ba
bf40c00e
405d40b6
40b6bf5f
4010bf3b
bf78bdbb
bed74059
407ebfa3
3f483f63
c02a403a
3f903f92
bf963f5f
407a4053
408d3fbc
c02ebf70
3f1c3f19
40594092
3e5840cc
bfa4bf75
c00fbf18
3e01407b
40153ff0
400640a6
bf243fad
410abf47
3e294043
408f3fde
40a5bf50
be543fc6
40b03f25
bf3e40a9
3f7cbe10
40b840ff
c01a3f15
3fe0bf23
3ff23ec3
3ff5404d
bffa3f8c
40ac3fa3
410f3e0f
402e4078
40394039
bf3cbfa6
40973ec8
40adbf9d
402f40bf
402c4061
3fa340b5
406e3d16
bf044045
3fb7bfef
404b4066
bff1bfbe
40773f9c
c02f3db0
402b409e
3ff340c6
bed1401b
40f04020
3f73bfac
40403f95
bf1d40bd
409440e6
407c3fab
401fbf4d
403e4078
bfb5c013
bf15bf75
bfc6be52
408c3fab
3f9a3fff
bf1dbf88
bf353e3d
40773fce
400d4060
3f8abfac
403c3eae
4036bfb4
40c9bec1
40dd4064
401e4037
40663fd9
bf98bf92
3fa23fc6
41023f30
3fdfbf79
3f3d3fef
3f8640a1
408e3ec6
3e573fc9
3f9e3f4d
40844093
bfe83fb7
bfe6bab1
4072bf84
3c6b3fd9
400e40a6
3f9b4023
3ecbbf56
3fca3fc5
3de6be42
404c4094
40193ffc
40893f72
40aa4086
be204086
beaa40a5
40b940f9
c0133f1e
c00c3efb
bf68bfeb
4001beef
bfd04009
40274032
41063fc7
3cf53fe6
40394092
40294007
4095bf6a
40fd403a
bf273f8c
404540d3
40b54105
40e2bf80
40f23e00
3edb4084
3fbb4060
402140b4
40eabf10
41074022
3eae40a8
3f6640ea
406240d0
40193fd1
40dd4016
400140b2
3fab4084
407c4094
3d4fbd4a
40da3eba
3e413f43
4080406d
4001bf4f
bf2c3d00
403e406c
4003bf46
bf243f83
3f02c020
bf22be8b
40e24032
401740a4
404940ce
bf5b405a
40ac4020
40144047
3f5ebfcc
404bc009
3f094066
bfb54019
bfe93fd1
4038bfce
400a40cd
401e400c
40adbf35
4034400e
3f803e7b
bf45bfab
4045be82
40ac401e
410f3deb
3f873fbb
407bc019
3d8b40a3
bf814036
40d23e26
3f0a4089
bf704098
40604076
c00f4001
3f93bf2d
bed64043
3fcf3e06
bf233e44
40053f03
408d401b
bd81bedf
3f31bfdc
40ad3f9d
40ad402f
bd073f19
402b3f0f
3d94bfce
bef33fb7
40e73f8b
4028408d
3fb04088
becf4016
bfb840f3
3f213fdf
406b4009
3e8d40b6
3f89400a
3fb03fa4
3fcabe60
404c4077
3e1f4008
bf8240a9
4084bf55
3fae3fb5
4011406f
be984097
bf9f4098
bfcf40af
40e5403e
40fb4048
3d3140ae
3f873e13
4001bf66
40a1bf5d
c0293fc7
401c3fa4
3e0f402e
40bd4101
40a73fc3
3f274043
3e44bffa
bf133fa7
40653f13
40933fa5
c009bf78
bf133f53
3f164045
4022c019
40623fc1
41034064
3d0abfa0
3fd84085
407f401f
3f7b4033
bffb4037
401a3ec0
bd6840d6
3e1cc036
3efb403d
40d14068
3fa4bf96
bf38409c
bf83bf68
40a74010
40824008
4035bfb6
4063c018
3ff1408f
40cabf00
bf0c3e6d
3f463f5d
3f2040d2
3ea5c016
40b14034
408ebf1c
400a40a2
408a4095
bf023f72
401b3d6e
40dd4001
bf244086
4063403c
409dbea5
3fef3e03
bd66bfae
3f92bff4
3e8e4011
bfa340ef
be16400f
40264063
4029401b
3fe5bfc9
40ac3e1d
40bd4017
409a3ead
402d402d
be9ebf8d
408d3f50
40c13f12
bfc1403d
3fbc4094
40503fd0
bfe5be8d
408fbec3
bfc64052
3fa84013
bf5a3ea3
3fe8410c
3eb33f7f
3ff23f1b
beb84058
3f80403c
3f07befc
40d1bde7
410dbf5b
3fd4bfbb
bf1a40c1
40ae4082
3e713f9f
40a9408c
3f353f06
3fbe407d
3f874082
bf1e3fab
3e804006
40053da0
bd9640a2
3fa8408f
40e83f94
c0124062
4011bfc6
401cbff3
3f7f40f2
3fdf3fd2
40f33f71
3f284045
3f51bfb7
bf2640ae
3f533f67
c0103f9a
3f404044
402d3f95
40be4103
bf4e3fe7
41024054
40053fa0
bf433e83
3fd44070
40c73ffd
c028bf9c
3fd23f9e
be8bbf70
406b40ef
c0023fca
407c3df4
3f34bf7c
406d3fd1
3ff040fc
40773fa8
bfb33fe6
40173f2b
be57c006
bfc33fb0
3f9b4008
410a4016
3db43f94
3fe5408b
40b13e05
3fa23f87
406e4090
401a40a7
bf353fb9
402ec008
40b73fe5
3fe63f7b
bf26bfd2
3fcc40bf
3eca4043
407b3fa0
407cbe76
bd3e40b6
40343fe2
be7b3fbb
404d3fa9
409a3fd0
3e323f64
40864075
3fe14110
c0023e3e
4002401b
bf60400b
40484039
bf28404c
404a4035
410b3dcf
3fc7404c
bfbf409e
401d3fb4
40e03e92
3f5e3f2a
3f89bf5f
4020bf95
3fe8bfc7
40bcbe28
3f634088
3f69bd00
401b4091
40194016
3f754018
40d6407a
3f1340aa
3f03bf6a
3f354004
40683ff6
bfecbf9f
3ee64054
befec01a
400a3fe4
40b64005
40ee3fec
be823ffc
bdee400f
3fbe40f3
40963fd1
bdf3bed5
3fd4bf33
bfb2c012
40064002
40174019
bebd407c
bf4b4081
4081408d
40384110
bef63f0c
3ff74006
be264099
3f4ec012
40ac3f85
bf753f1a
40804073
3f7bbf08
407e4090
3eccbe8a
40a93fc1
3fb83efb
bdeb4090
3e943fed
407f40c7
40b9bdde
c02a404d
400c4010
3ff9401c
bec13f83
bf5dbe9f
c012402f
4033401f
3eae4093
3e81403a
40224004
40483ed1
3f503f5f
403f40b2
bcdd40b7
4011401e
41064027
4032407e
40453fae
3e3c410c
bf683fc8
3e4c4067
bf1c40bb
3ff7405b
3fcd410a
3fa73f91
bf91407f
bf533f74
4083407b
3f8c408f
40ee3fde
41063fdb
3fda402e
3f56bf8e
403d40f9
40b03e95
40003e93
3fb3bf5b
40373fd7
bf6bbf9e
4013401b
be0a4042
3e99403a
403cbe67
409540e3
403a401e
3f16bf90
bf514034
3f4e4037
402b4050
40eb401a
40a14054
3fdcbff4
40043f51
bfca409c
3fa93f41
3f6c3f6d
3f9e4071
be9bbf6e
3e8d40df
40d3be69
3edf4032
bedc400f
405640d6
bfb040d1
bd953f98
3feb408a
40114056
4063c00c
bf9cbff1
40c53f9e
bf7a408d
bf1a4013
bf0e40b4
4085409f
40933fda
40b9bf8a
bf283ffa
408b40b9
bfcbc004
409ebf77
410d408b
bf543f78
40333eb8
405b410e
40a83f9d
3fa93d22
3fcfbfda
bf5940cd
40b340c1
3fca3f24
40d33ebe
401cbf2e
be0a3f52
4068bf2a
bf5d3f5d
3e9a3f8e
be5240b9
4006bf90
bf15bed7
409b3f9b
409f3fa6
400dbfb8
408c4049
40b34091
40a04004
40e24005
3e4f40bf
bf394033
408bc00b
3fc93fa9
bf8d3fa4
bcb3bf6d
406340b3
406f4105
40ce403d
407dbd34
beccbfda
406740e4
3f834098
bf4d3ffb
3f1ebd6c
403e3fd9
407f40e5
bfd1410f
40c63ef3
4079beba
401a40b1
bf9abff7
401dbf2a
3ff1bf26
41054051
3f174062
3ca63f94
3fe440bc
3fb73ff3
4107400e
400a40af
403f40c1
3f62c025
4093bf16
409e3e01
3f3d4030
bf0d3faf
3f8140b1
40b63f6d
3ebf400f
3ec4402d
40083fb7
3f963fcc
40cebd8a
c024be82
3ebb40a0
40183d4e
40ae3fb0
40e13fda
c0144035
be854083
3f3340af
40903fad
3f80403c
410fbf15
bf243fb6
406b409f
407f4051
3fc1bec1
3f914058
bf69bfee
404f4097
4098408e
3fa6bf06
40e8408d
bee83f8c
408d3e03
3f964088
be55be64
4098bd82
3fbf40a8
bf9b40ca
3f843f0a
3fe13f9c
4017403e
3f8a3fdf
3fad40ef
bd4fc003
3f583ede
3e013f52
3c97bffa
4001402a
409d4033
4083bef3
40c14047
3f8b4088
400440e8
40a4c01c
40c7bf66
40d64058
40104030
3e7d40af
3fdbbfe4
40853f91
3f993fd8
3fdebf59
bf9f409f
40ba3cbd
40d6bf53
bff3405e
bf61bdb9
bfac3f57
be35408c
40923db2
bf6bbd9c
40144096
408b405d
40b54083
405c3f8d
40984085
bf29406b
40254063
bfd840d8
40aabf6b
c03a4081
3eed4096
3fbe4002
3ecd40d6
400b4022
40b73f2c
3eba40ad
407740a6
403b40bf
bee43f68
3f983fae
3ecf3f5f
bfb8401c
40ac3fb1
406d3ff0
4059bf83
4036bb24
bf87c018
4088401a
40a2bea2
bfeb4019
bd424076
bf9d4090
403ebfc7
be9b3fc4
409bbe9e
3fd04078
405940de
3ea4bef8
4081bec7
41013f33
3f03bf77
400fbe0c
40b94090
40883d90
c019bf2b
3fd1403c
3d373cf8
40a440a8
bf3a3e09
bfa9406f
3f4cbf44
bc923f9e
bfba40b6
c00f3f16
4075be18
3fb640bc
400a3f25
3dd8401c
40303fb6
c008404a
402d4087
400f4029
40a3408d
bff6402c
3e9c3fbf
3ff03f6f
3f5d4047
409a40be
be8c3d50
c0203fc8
bf5240a3
bf1c3ff1
4047bfe7
3f893e6c
40ccbf88
be9f407a
bf2b3fe7
bfe440b4
40df4029
bfd3bf2a
bf793fc8
403abfc2
40b940d5
40c74013
40fb3fce
40354023
bfa740bb
3ff44010
409e3e9c
407cbfc0
3fa04073
400f3fc2
bfcf400f
402e403f
3fe2bfb4
3f4b40ab
408abf5a
bfd9c02e
40903fe6
40613e5b
40343fba
407abfa3
4076408a
40723f9d
40a8bf62
3faf401e
3fd9bfb9
bf20bfe5
4044bf4a
c000bf0a
bf06bfae
bead40e4
4018bf34
4053403d
bfe93ffe
be943fe9
405f3f64
40bd40e6
3f8dbd5b
3de3bf12
bf3ebfcc
3efd40e8
be953f98
bfb4bf0b
410d3f06
bf5f3ff4
3f043f54
bf6640fd
3f943fd3
40b44068
3f634052
bfb74015
bf45bfc1
40a13ec1
40443f18
3f473f60
bf8b40b8
beb0befa
3e2b4029
4103bf9d
40373f2d
3fad405e
be843eac
bf694029
bf8abe75
3fc9bfdb
3f034020
402640ba
409a4001
40ebbf19
bd8b3fc3
408e40d2
40afbf7a
3fb93fb0
40a4bd0b
bf753fec
403b40e8
3fb5410b
beaebe8c
3fa63ef1
3d304075
bf634092
3ef7410a
40963fb2
40ffbf8b
bf174099
401e40e0
40943f71
4015bc2d
40e5407e
402f400f
4080bf8d
4085bd37
404dbebe
405a402f
3fa83fce
402e3ffb
bf97c020
4032bf5d
bf16408a
bde53f58
bcf63fc2
3f72407f
40f0bd8a
40d73fea
402e409d
be8d405a
40a93fef
3f8d3e15
40c5bed3
3fac3f06
40403eb4
40823f93
3ff33fe6
bf82bf21
3fab3ef6
3fbd40bf
400140b3
40373ffe
40743f19
403f4044
3fba408b
4032c01d
3fce3f8f
40c4408f
bf334002
404240d3
3f6e410a
40c4bf4a
403b3fc3
3fb73f50
3f5140b4
3f8a4021
3fb3402b
3f7c3fcf
bed23f65
3ffc3feb
40b3bf9e
bfe93faa
40a8400f
4037bffb
bf9fc005
40b73f84
40a13fe2
4101bee1
40114066
40833fa5
40a64018
3fdd3f94
40ecbf9f
beae3fc9
3fb43fd0
3eb3bf97
4056bbe6
3f8f3eca
bf59bfaa
408c403f
40584059
40343f35
40f44081
3fa2408c
3ee4bf82
405240b4
40a53fdc
3fb7bfac
be6d409f
402a40e3
40323f9a
c01e3f66
403a407b
3fae4035
3fc74074
bf053f5f
be9e4028
3fc83f43
4036bf3f
3ed33f2c
408c4065
4095be34
4056404d
3d1fbfcf
3ff3bf5d
bffebf92
c0163fe5
40f24035
bf37401d
4051409e
bf6440e6
3f193ed9
4024bf81
402440af
403840ef
409abfde
40a03f15
bfaa401a
40273f21
bf643e23
4028bfdc
40923fe0
c03b408f
4011bff1
3f8040a4
3f2dc004
40973f6d
bf6d3f97
3fbd3f02
3da1401f
3e25409d
bde13f3b
bfef404c
40404095
3f8940dc
3f8f4100
4028be83
40b1bf22
401ebfb3
40594086
bd2e40fb
4025bf74
40c34086
be92409b
400fbf34
401f4038
3fd3beba
bf51402e
3f86bf24
40583eaa
3e36403f
407d3e6f
406fbeae
3f7c40a2
3fe3bf3c
beb1c01e
bf10bf41
40cc4053
400f4058
bf0e401d
bfaac03e
40d33f54
40ae402d
3eb5be4d
3fdf3ec2
40b44049
40c0bf3a
409a4075
3ff0bf87
bfa14012
4086403c
3fad4009
40eb404e
3ee93fb3
4028bf35
402140a4
40a2be0f
c0223ea5
3fe64089
bf32bf9e
bf8240b6
408dbf3a
bf8b4081
3ed93f9b
408d409c
beea3ed9
3f6dbedb
3fa03f5a
3fd3bf30
40604010
bec5c038
40353f48
40b5407a
3fcbbe89
3f9d3f38
bfb84098
3fd53f96
3d204078
402f3fda
be1d40be
40284107
3f39402f
c02bbfa2
3f91beb1
406b3e1d
bfcf409c
be073fa8
bea43ff0
bd94404e
4006403b
3f9ac023
40a54005
40a6406a
3fc64087
bd414059
406140eb
405c3fa9
4006bfb4
40224022
40083fa2
40074105
4083400b
bfd04003
be943f3e
4043c000
40474087
40d5be32
3e9f4004
40213f76
3f253fd5
40a5409a
40d93f69
bfd6bf3b
3fa33fd8
3da340d6
40b14084
3f0a4031
4086401f
3e9240b5
3fa9bf36
3e4c40d7
40ab3f36
40984087
3f8dbfdf
406bbf79
3fccbf9b
40c53fd1
4110404e
3fb33fc5
3f934092
40ac4060
40a43ec4
40a4bf54
bdf5bfaa
406d4080
402b40b8
bea34021
4110401a
bf0b3f09
3f833dcd
403040c3
408b3e50
3fc34027
3ec7401c
402b40c2
be8440dd
3f873fbd
c028be4e
40203fe4
3e81404a
40653fa1
c00ebf03
3f9cbfaa
40213f08
408940bc
3fdcbfca
4025401d
4092bf5f
40093f27
402ebfef
3eebc016
40bb3e6e
4086403b
bf11be93
bf7b407a
400f3fd1
40b34038
bf84bf88
3f3a402b
40094043
405140ea
3f9abf44
410ebf77
4035409a
3f1d40a4
4051410a
bf98402a
3fee3fad
40384099
3f09405e
40844083
407b3f92
bee83eb6
400fbf74
3febbfaa
bfe7be59
3f713fcf
4050406a
3fb13fcc
407d40df
401ec021
3f8fbece
40483fda
be9940a6
4062bf91
3fdd40d8
40d5bf70
bfc43f29
3f89bf4f
401540d8
3efebf81
bfa5bef7
40f0bf4e
4025bf80
3f9bc00a
bbd6409f
4045bd98
3f15bd77
40304010
3f47bfc8
40724101
bff23e80
40e4404d
bf20406f
bebd3fc7
405f4095
bdb63fc0
4090bf2c
40043fc4
400a4088
bffabffc
403c3fe8
40f84030
befe3c93
be90bfa4
bd8e4074
40e23e40
c023405b
3f9e404e
bf66bf16
402740b2
3fbb4015
40743fa5
403d3ea7
3f2a4043
4046bea6
bf0c400e
3f703fd2
3e914062
404040a8
3fb040f8
40dc3fd0
41074028
3fdc407e
400bc013
4097409f
40c44002
40093e1b
3dcc40b2
401740cc
408a3fde
3f763fb4
41094033
3eb2bf84
4030bf99
3e23400d
40063c86
bfac3fd8
3ffc3ec9
3f61c01f
bfd440ea
404b3fe2
bd2c4056
3ff43f87
3f3640a0
bd23c000
40d4bf47
403bbe95
3fb1bfbe
bf3f3fc3
40514106
3ea73fcf
bf833fb2
3dc63eba
bfb840cb
bc854109
403d3fd2
40d3bfac
4021bff2
40174093
403f40e5
400ebe98
c0254084
400c4085
3eef40d5
3e81bfd3
3fc63f92
4088bed7
3f124082
404940a7
4029c030
405abf21
bff9bf6f
3f7a4082
408740ec
40313ff3
40383fa2
3e5a403b
3dd44095
405440a8
402d40ac
400b3f3b
bf803fb9
3cbe4020
3f69bdd1
3f67bfe3
40cc3f68
bfe54061
3f37bf92
401040bd
4096bfd4
40893f96
40b2beac
40374090
3fe5be29
408240fb
3efcbe08
3ad9becc
3fe54064
beca4049
bf014071
40003eaa
4062bf01
be713e02
3fa2bfe5
3fad3eac
bf9f403a
40994069
40293fb0
4065c01a
402040cf
c0163db2
be9b404d
bf4640a1
406a40bf
bf654061
402b3e1b
4105402c
bf5d4071
3e2c40da
408f3f9f
40dc3dd4
41003efe
be8f40a5
3fb9bffa
bea7bff9
4091bdf5
40754025
401e409b
3f2a3f79
3efdbe95
3f04403b
3fc63ff1
3fbc40b5
3f8f4090
bfc8408b
407f3ea1
3fbb3fe0
40324001
3f42bf34
3e4340bc
3ffabe71
404e3f48
3fb34050
405bbfef
bf73c03a
40ab3f95
40a2bfa2
bf15bf4c
3ec840d3
3d9340ab
3f563ed6
4091beca
3dd140b6
401dbed0
4063bfb4
40b0400b
40c8403c
bd2d404d
3fa240c2
bf9340df
3ffd3f8e
40c5be87
bc8ebff0
bd9dbf9d
3f154007
3fc23f10
3f92405b
40373f9b
bf8c3ee7
407b3f96
40bc3ea6
c005bf45
3ffc3eb5
40723dee
bf70410a
3dfcbf5e
3f9a400d
3fe93f77
3f0c40ed
40aa40b4
bfa03f16
3fd9bf89
3fdb407e
407b4096
40874101
40474019
410ebf88
3e3140a9
bec84031
3fa2409e
408b3fef
41054030
3eb1bedb
400740c9
bfcb40e6
bf3d3f16
3fff3ee8
400a4036
4037bfe7
3ffb40c7
bf1f3fdd
c00ebf9a
bf494045
be123f8e
bf273f0a
bec63f09
40614062
3fd4bf4e
407640aa
407a4078
40593f71
41024000
3fbe3fd8
3c824099
4022405f
3f3d3f39
4070404a
be664016
405c4096
bf813d2a
3e7e3ff6
c013408e
3f9c3f94
3fa0bfb0
bf00409c
bf613fb4
bea24074
4033bda7
4019bfee
bfcbc000
408d401c
40bfbe12
4035bfe4
3f9ebf0d
40a540f4
40533fb6
3f153d3c
40264081
403e3fee
404c3fa1
40bb3ffd
4043bf60
40013ff9
bd264070
3fcf40a9
40c44026
40d04090
3f5840a4
400e407f
406a40f8
40413f1e
40a83edd
3f99bf96
be07bf39
3f9d4110
40223f30
4109407d
bf78408c
3fff40d0
40154101
40034003
40fdbfae
3e98be71
407340c0
bfbfc00e
3f443fbe
40a73fb2
bcdc4095
40403ecf
40544037
bfcc3ff8
bf6e4014
3ee43f80
3f1d3f13
bf274108
408bbf7e
c0353faf
bf043e35
3d814042
401e3fc7
409dbf48
40983fca
4022404b
bfbbbfa9
3fc73ec0
3f80beda
40ff4005
3f8440ae
402bbfe8
bf1a403b
3c014037
bf0dbfbd
be8c4021
bfa2408f
4049bf86
40e24037
bfe8408a
3fba3e0e
400640cc
409340c0
bfd33fc2
3f873f87
40204087
3f97bea9
3f30403d
3fa23fcf
40724073
3fb03fe8
4075bf4b
403ac02e
40d44015
40873f94
be8f4018
407d3ff8
3f91bfc3
c0194014
c006408f
3fcd40af
beb13f8a
bfbdbf92
40a34039
3e513f3f
3f4f3fb2
405940ce
40bc40d9
40b83ec3
bfa14017
bc5d40a6
408e4088
bf824043
bf2c401c
c013404d
3fcf3f1c
bfb840b1
4068bfec
3f914006
40d23ffa
40353e98
4051409a
be9a3ff6
40c6403d
bfd34011
400fbf8e
4035be32
40ab40f1
3ef1bf66
3e753fbd
3fc04060
bf2b402b
3fe34063
bf94bf7d
4083be31
3e77404d
403c40ba
405540ea
3fae3eb4
40194005
40394048
be8c401c
bed540f8
3e853f8d
4106402e
3fe1405d
bf2340c5
3e9640f1
c01d4026
40aabf3b
4001bca4
407cbeeb
403cbf1a
bf83bf61
40dd3f3c
bf05bfe0
3f9f40b9
4090c029
40eb3f1b
be1b4000
3ff23fce
408c3e84
3fec4095
bfb93f57
41003e5e
3f3a4097
4083bfc3
40bc40e5
40323edd
bf563e8d
3ff24044
bf57bff3
404b4106
c00cbe2a
404cbf06
4026404f
bf0f3f21
403740fe
40993f9b
40b04034
bd643fea
3fa93eed
4078406b
40bc403e
40bb3fe9
3e10bfd3
bfa03f01
40714040
40863f45
401b402e
bf77bfc8
3f4440cf
3fb43fae
40893fc4
3e23bea4
bf713f39
bf0dbf56
406bbe23
3f2f4025
40c43f1b
3faf406d
3ff7405f
bec43fbc
4015bb29
bf534001
3fc540ba
402d3fd9
3fd240e4
40c0402c
41034067
bef03fe4
bbf03f94
bfffc030
4086bdcb
4109401d
beeb4098
3fd3407f
bfb0409a
bfe2bca3
40a14042
3caf3e52
bee23f38
3f4e4090
408b3efb
3fa33f3e
bec3409b
40404031
bfbec011
4035bea7
40aa3f02
3e07bf9b
3d4b4025
40abc00c
bff93f33
40703fe2
befe400b
beac40d9
bfb73fe2
c0183ebb
bfee402d
3fb3bfa7
3fdcbece
408c404a
40213fcd
c006401c
4038408c
bf88c011
bdcb4103
409f403a
404d4053
4029bf6f
3fa1409c
be5b40d0
40b5bedd
40b1404c
40344092
3fd540cd
bef94109
40193fa5
40f83f98
4008bf24
bebe40b5
3ef14090
40e63dda
c0304080
4025407e
bfb94089
3d1f410f
40b34015
407c3ffa
3f8ebfe9
3f1140c0
bedb4008
bdf13eae
40103ea4
3f0e401b
3bf6bf8f
3f873e9a
bf7abed1
40954086
bf48bfbb
405c4009
408bbd8c
405ebf3d
3fc0bf3f
3fff406b
3f544076
be9340d2
3ed13fa7
c0183f2d
40353f66
bfb1bef6
40a04101
bd3abf5d
40f6bf81
3f213f36
bf9a4089
40a24053
3f093c09
40debe22
3f0cbed2
3ff03fb0
409740b1
40a0bef9
3f8bbf87
bf553fa1
befb402a
bf2a404d
400a3ef4
40f6bf64
3fff3ff4
3f8abe20
40ae40ce
40253fed
40d4bed6
3ecc4088
bfb23f0b
4045c013
bfa43f75
40edbecb
be87404d
408140af
409d40cb
bf574036
be0abe85
40024083
407640cc
40b04092
40e13fc8
410d3f5f
3f8640bb
4086bfa8
40a5bf70
3ff0401d
3e064070
3fd64092
3efe40c7
3f1440a5
bf533eb8
4087be54
3f92bf64
3fa0bf7a
3fea403f
40ad3f72
bf974089
3cb14021
402740d3
be1a3f83
40d9bf13
40c44054
3f4bbfe1
bf75c012
bfd9c00f
3f65bf28
4080408c
401e40b5
404b3fc3
3f1f4107
4098403b
c00abf27
3f6c3f5b
3f4c3fe7
404a3e80
bf11be47
40ef3e3d
401d3e83
40284096
3fee4020
4083bf51
3e283e9a
3fe5409f
40484018
3fdd4000
3f213f3c
bfce3e88
402a3eee
bdabbf19
400040e8
40893fcc
4082bf4a
4004405a
3f963f0a
3ed3c02f
3fa13ff6
4021beaf
3fa0409a
3f9f4071
bfa84005
bf8cbf4c
bf5b401b
3fea40ad
40643fbd
40964058
bfaa402a
40b2bfbb
3f6b3f0a
bf4d3cf2
400d3fad
406f3fa8
40804044
3f8c40a1
4021bfc1
3ec94095
4058401a
c02c3fb9
3f334075
be3a40c1
4048c033
40aebce3
4099401a
400b400a
3ffa3ff1
3ecc40e3
40953e32
40f64089
40063ffd
be003f02
bf5dbfdd
4094bf2b
410d401f
be66befd
40764093
40a93fd9
bf313eb8
bf0e404d
3f944079
40833ef4
3fd9403e
40633ff8
3fed402e
3fd5bfd2
40044075
bf624088
4063be6b
bfaabf94
4030be26
407140ad
3fed3f20
bcab3f25
bffe3f27
401e4035
3f284098
40194108
40c33e94
40f13f8b
40343fb4
bf91c01a
40213e66
3fe8403e
40c23f28
bf56407f
bfb04046
40824007
404b3f44
408a3e90
bf4abfe2
40253e80
40ae4024
bfee403c
c024403f
3efbbebf
3f7b3dd0
3f933f81
40c43f94
40a73f73
bf754062
405e403a
bf6c40ff
bf5f3e3b
409e4079
3f90bff3
bf32c019
40ac3f8e
40584031
410d4074
bdc9bf12
40264082
402240d2
bfc83ffc
4100408d
4034bf63
bd14402d
405540d9
bfe0401a
40913e6f
3fe34097
3fb64082
be2640d9
40efbec7
40eb4065
3f974099
3fd14076
40a3409b
40a9bf67
bf933fa8
bf0c406e
bf7a3fed
40b14049
3ea1be81
40614083
be1240a6
bf0e4097
4087becd
40b44017
3ef03ff4
4009402f
400540b6
bfb24090
3facbee9
bf6f4044
bcc33ff2
408340af
40ae401f
40a63fff
40183e72
40383fb6
be564048
404abfed
40bf3f86
40a94065
bee43ff1
4038bfe5
bf9340bf
c018beaa
bf34bf30
40203f5b
4022bfd8
40b7408a
40e13f81
3e8e4030
3dc73f4a
bbc9bf83
bf9c3f64
bf093fba
40c2406e
4003409f
3f104085
3ec540b8
3ef53fbc
3f823f2d
4012409b
40653fcc
408d40f8
4042bf6b
40993eaa
bf21bf97
3f0b3fee
40b54017
3fe93fa1
b8ffbf55
3e793f40
3fde40b1
40a840c0
40e83f3d
bff23f5f
bf7e4061
4066bf60
402f4092
40424017
bd88401a
4038407b
3f804055
bfca3f52
40dd3f4e
40994078
be22bfc6
403340ea
3d4240df
40e43e5b
41053f8f
bf084060
3ffc404f
be4d40a9
be923e9d
3f15407d
3ea73f9b
3f8440bf
404c40c1
40b23f7a
40533f0f
401e4089
3fe4400e
403bc001
3fa43f7a
40073fe7
3f244071
be5bbf79
3ff83f6a
40ad4017
40973ffd
be2e40af
3f75bf6b
40504038
40e63f51
40babfb0
3f5e3fba
bf77be63
404bbf5e
3f653e95
bf713f95
3fa8bf41
bf973e06
bef33fa6
bee73e58
40a63f3f
3f6740b2
402e3eea
bf6740e6
401f4028
3e4a3fca
40174098
bf5b409f
404d4021
40b8402b
bf53be3c
40213dd3
408fbf4b
3fad4063
be584002
40b43de8
3eb14056
4068bfbe
409ebf2b
c00f3fe8
4064401d
bebebfc4
405dbf87
3fd4bfd2
40903fc0
c0074040
be4dbed9
3f9b4031
3fa540d2
bffc4004
40bb4005
3f0f40bd
4076408b
3fe340e2
40ee4023
4037403d
be9940bb
4025be85
40bf3fcf
40304002
4072404c
3d873ef3
3fa33eb4
409240cf
40813fc9
40df4043
be45bf8b
3f5340d6
4046406d
3f7ebe5b
40a2408d
3f4cbe85
4042408b
bff540cf
4022bf0c
3e93bf06
3ffd3c75
403b40b2
bcd34096
bedd3e0c
41024071
bf063cc7
bcda40b5
bf204072
bf2d3fb2
3f363df2
403e4077
40273e7d
409d3fcb
bf94bf6f
bf11bed3
3fe8bfb4
3f804076
40594053
3ef6bed0
40943fe7
bd484073
4046bfdc
bfdf3fb2
40e03edc
40e64015
40203fc6
3fbe4096
3fa1410d
3ec03f92
3f9c4033
bf474070
3d0740ee
409dbfb8
bffe400a
406cbf66
40284021
3f923fb2
40a7c02e
40aabedb
bf154058
3f3f4009
3fa740bc
bf62bf3b
40d9bea5
bee7bde1
3f3b4085
4075bfd4
3f534079
bf76bf2f
403c4062
bf6a4025
3f6c3f39
402f4100
40973fba
3efcbea9
3f89bf9f
40833f28
3fa14092
c00d3fc1
40bd400d
3f6e400e
be2740b8
409bc000
3f9d402a
41053f60
bf4b4026
bf15bca1
3ff040bc
40943f75
bebfbf1e
3fc2405b
40343fe0
40ad3ed7
be1e4036
4034bf39
3f723f4a
403b4014
bfdb40f3
3e9f3fa7
40ad4001
3fd640a6
403f4001
407a4092
bfd93fde
410b4019
3f6b4009
3fb9c004
404b4006
4096bf3c
410c4082
3f054020
3faa3fb7
4086402b
3fc23f2d
bf8d3f97
3eb7404d
40343eff
bef240c9
40ddbf52
40aa3ffe
3fd8bf9b
3fac40ea
be9a4101
4072bf76
408d4009
3f083fb8
403640ae
4073bfe4
bf673f98
410e3f72
3fd43fcc
3f4f40e9
3f4b3e86
40923fa5
40ac3f35
4030409a
be8fbfdc
bff94056
40a3401b
3ff54089
3cfc40a8
3f0640af
3f4ebead
3f904012
404fbfbc
3f503fd8
408340ab
408c4100
40243fb1
3f7f4073
3fd040b6
3f4b40e5
bfb74074
3f05401b
bf134086
3e3e408d
4030400c
3fff4081
c00a3f20
407e408f
3e81bdb2
3fa1c00e
400540b3
4040bf44
40404044
400d3daa
3fc8bf2e
3f8ebfe5
bf514013
40903ff1
3c02bff9
3f5f3fca
3eb340e5
40653ff5
bf4e3e81
400e4075
3ffb40c2
408c410b
bfd33f38
c018bf97
3f16bf9b
4089bfea
40bc40eb
3fa4befa
bfb5befb
3f95408f
4006401c
401ec023
408bbf5e
4092406a
4006bdb6
401dbf3b
40553fe0
3f904017
40b63d11
bcce40ad
407640a9
3f13bde4
40953fb3
408d4064
4022bf04
408d40d3
4051408e
3fa24026
bf843f7a
3ecb409f
3ec440d7
bd834039
3f674032
41044077
40213ff5
bf58bfa2
402b40a0
beb83ff9
40e94063
3f353e42
beff3fe1
401b40e0
40d1be4c
bf4abebb
bebb4093
bf14c017
404f4046
3fa1402c
bfad4068
4016bf3f
3f603ffc
40633f94
bfd83fc6
40d53f90
be363da9
3f18befe
40af3fc6
4077403e
4097be7f
3fb14028
3db4bffd
bfb3bf1c
40ec3f9e
c002402d
bf65bfd9
403fbffd
4033bfcd
3f823fb9
bf91400b
3ea33f18
408c40d9
bffa40ef
3f9d4001
40fa3f6f
40373fdc
401440af
408f40e8
40753efb
3fd63fa4
403f40be
bf894000
bdec40e0
40883f05
3dfe407f
3feebf87
bfb33f6c
3eeabfb9
bf994035
408f4029
be2abfb6
3ff0408c
40b840c1
40debf43
bfe64078
402e409b
404bbfb9
bf214091
3ff1be7f
40974027
40014098
be663fe1
bf814073
c014401f
3fd54013
bf68bf64
3ce640c6
3fe74084
40c9403a
410d3e9c
3f8d3f12
408740d1
3f7f3ea1
405f4012
41053fa5
bf5b40bc
401c3ead
befebfbc
408c3e92
c03e4046
3f66bf76
3e8bc019
3fc93f78
40e8bec4
3fe5bf8b
3fe6404b
402b4080
3eb040b7
bc493e71
400cbfb5
bde04037
bcad3fd7
40604041
bf8cbf7d
3fa13f4e
3e343fb2
bf823f87
4097bfc0
40a5bed6
40cabf8e
3f654059
bf283f7a
3fe540a8
c0104012
40774027
401fbf4e
3f2a40e4
be8ebf8f
40e14025
40f74068
4005bee9
40794060
409540ee
40e13e93
c0054045
4014bfc7
be5a3e27
402d4048
40903f5a
404c3fbe
3f99bfa0
3fb54085
4027bdcf
40babf4d
3f5b4089
4034be10
bf6140ab
3f2abf15
4047bf3c
40eb3dd4
bdb8bf97
403740e0
3fe240d0
409f401d
bf54bf88
bf503fa6
40003dcd
bfae3fa9
40263f6a
bf65bf91
bec24002
4043bfc0
3f563fc5
40203f91
3e924042
40074091
bea8bd0b
40493e54
3f753fd9
3f324025
403440a9
3fbe4065
3ec4c004
c0093eeb
402d3ea5
3faf40c0
4035bf3c
3e73410f
bfcdbf75
bf2d3f74
3fef409a
40394054
3ec6c014
40013fcc
40364033
beaf401b
3fb440dc
3f77400d
bf433df3
40d0408b
402e4048
4016405e
bf2d40bd
40804005
40a2bd2e
40314054
bf994035
409d4010
40ea3ffe
40c54068
3f51bfeb
402e40bd
bfde40dc
bfb74022
405c405d
3f034047
40803f09
4069403f
4056beaa
402fbec1
3f45bf55
4062406f
3fa740c8
c017bf05
40fa3f4d
be6a3ea1
bf94bff1
40b5bebf
408ebea7
410b4085
3f02be94
404e40b7
40af3f51
bff4be21
be80bf59
3f863fd4
40503fe5
bf4640b4
40d43f50
40a54057
401d4087
400cbef5
bfa9bf40
40bb3f10
3f1b3fc0
3e673fcb
3f9dbe53
3f42409b
40683f30
40f9bd90
bdac4012
bf903f5b
40824019
3f8bbc99
40c74006
3f1b3ef1
405fbdb6
bfe7409c
402f3fc8
4080404e
bebe3f17
40833e2d
3f9c4016
3fbe4039
c035402d
3f4d4088
402bbe3b
40874109
40d6beba
4072401a
4003402d
3fcd40c8
bfd540fa
40ae4019
3faebf0c
3f683f1c
bee1404f
40514105
402e3d28
3fbdbf46
3f214088
3f1f3ffa
40ad410f
4030bef3
40223f18
3f6a402e
3b0fc005
3ea940b5
40263fcf
beeebe24
befcbf25
3f4ebf93
402f4001
c0193f9b
401a3fbb
3ea940be
4073c00d
bfaa3eb0
408ebf47
3f073e2a
3ff0be77
bfab3fbd
409240fa
4012bd41
40143fb6
4013bfa6
402c40d0
400cbffc
3e47400e
408a3efc
3f1cbfe1
be0c4000
3f6e400a
bf144004
40b2407e
3fa73dbd
3f69c007
bf3f40ea
bf924020
4009bf9c
bddf3ffa
405d4054
3ec7bf56
40e24009
40ca3fdc
3ed74035
3f9f403a
409ebfee
40c83fac
4048403f
40183f89
40594068
3f1b40bd
40863f5a
40e64056
3f49be8d
3fca4017
3f9440e5
4097bf63
4105402b
3d774091
3f23407e
bece4012
bfea4012
40b63fa3
40373fbd
4086bf67
be92bf9f
401e3fc3
bf38bf01
bf78bf7e
408c3fbf
bd5b40ce
3ee93fba
4097be67
400cbe2a
be783f57
408840e5
40e4bef8
41083f22
4025bfbb
408f4013
409cbbfb
3cc33f96
408e3ecc
3fa54026
407cbfee
bef5bf90
405a3f79
40b8bded
3f254005
bf963f1b
4087401d
3c86400a
410cbea1
3fed4087
3fcf40c3
bfac40ab
c01d3f47
c0063f3f
40363fea
3ef93fa8
40b83fea
4021403e
40ea4056
400f4007
402e40b0
bf82bf5b
bfc73fe2
4054402b
bf7a3cb9
408b3df6
40643f65
bffa3eaf
409f4009
3f60bfa5
40843f27
3ee640d6
3f8f401c
bfaabe65
40203ff5
3f9640cb
befc40a2
402b402a
3fd93e1c
3fb8402d
be9d4022
3feac036
40d53ff6
c01d3fc3
403cbe84
4011408b
3c1740d8
409a4003
bf1ebf82
3ea0406e
4028408a
40b840ad
3fdfbe89
bedc3f93
3fda4088
4060bfa5
3fcb403f
40b1402f
40fcbd24
beb44082
4084be87
bf51bfe6
400b3f0a
40034031
3f7d40a7
3fd0bfb9
3f3cbfb7
3ff23fef
409c408e
3f303f25
40823e82
3f834079
3f373ec8
4106401d
3fc53fba
3f51408b
405c3f0f
3f8c4001
bfc6402a
bf783fc9
bf1b3f53
bfefbfe2
40d83fce
be974038
4028407c
406ebf59
40bd4108
4095bf12
40b94001
3fff40b8
3ff0bd49
3f98409a
40a23fbc
401a4088
3f8b3f50
401640b4
40a5bfa3
3f3dbed9
bfd0bfb9
3f353f9f
3f89bf5a
3f0b40d8
bff94015
40ff3fd3
3e83bff1
3fa54047
4025c024
40d63fed
41063fc5
401b40b1
408b3f8c
bf4b3fa3
bf9d4028
3fea4013
3ffb4079
402840eb
3ffec012
40843fad
bfa63ffc
400640b3
401540ba
bfc340c0
40a53fd6
40a9bf12
3fbb3ffa
404840c9
405b40e4
40c5be82
4080bbe5
401e401c
3f7ebed0
3edfc015
40863fc2
c02d406c
be3a3fc1
3feb3e86
40bb407b
40a43fdb
40b9405f
bf0cbf83
3ecb4095
3c3440f4
40ed403a
40bc3f98
bf653fe2
bdbe3f98
4015403e
40e83fff
40f4bf5c
3f0d4087
407740ea
402e3f89
bfc1401b
40e94012
be5e3f36
40113f32
bfb54093
4018be66
40e03f37
3f7d3f9e
bf46bfcc
3f46bd2d
40323f72
bd54becd
3f893fd5
408440d6
40bc4004
3e6b3f9b
bee4bf13
401d40aa
40164087
406d3fc8
40b93f96
c005bf63
3dca3e3f
403a3f73
40214079
3f8c3fa0
40ab408e
40194099
3f92401b
be00410f
40ebbf44
40284089
401e408a
3ffb407b
408e4090
4010be35
bf103ec0
3fba401f
403740af
4058bfe6
4034400f
3f9a3d6f
3fabbf56
bfa43fd7
bfc2bf9a
bf183fa9
3d854073
4040be9a
3fa240b6
3f31c017
40b83e0e
bf58405c
3fac4088
4074be51
40b1bfac
4014bf2b
40973f76
403b4030
3f49c01e
3fa6407a
3ffabf4a
40f24048
3f1e3f24
4084bff1
bf9ec031
3fc63fe5
406dbcbe
40123b21
3fef3e65
bfc540c4
40533ec7
3f7e4039
4008401c
3f5940ab
3ebd4050
40534032
40b94065
4002408c
bcab3f07
3fa040c1
40143f10
3ff2403e
bf0c3fab
3d4440c7
3f4abfa5
3f0a3f9b
40534086
3fb74041
402d3fd7
40ba3f73
40074016
40163f40
3fc4bfea
bfad3fd9
3f1540d6
3f313fc9
3f11bf0f
4014bfb6
408b40e9
40a240c7
40b9401c
40ce4083
400e40aa
bf9abfd0
bf8d40d7
bf973ffb
3fff3f9b
4035be9b
40904064
4083404e
3fafbf04
40b93fbe
bf2d4011
4056bfb9
408ec03f
40b3400a
405b4055
bf3b3e8b
3fbfc006
409cbf71
408a3f87
bfdb4004
3f2740b5
401abdbc
40244081
bfed4018
40da3fb2
3e8e406e
4059bea2
bf1a4033
40c6bf1b
c0204030
bf49be73
407a40d8
3fbe408c
c0134035
bfc04076
be06bf82
bf08406f
3fb84031
403c4005
3f903f7c
bee140bc
bede408a
400440a9
3edb3fa2
c00d4012
3fa44093
3fbd40be
4098be25
407a3f98
c02f401c
3f7f407f
408c40dd
be0cbfbd
4042bed4
bf58404f
401dbfd3
4070bffc
3fb14088
3f36401c
4104bf3e
3d1c408f
403e3f42
3f35be3c
4075bf6f
bdf63db0
3fbe3fc6
bfaf3fdd
3fc84014
40e23f94
40523fe5
4009409f
bf87bff9
40a94010
40944038
410e4044
40104086
3fe24023
409c40d1
409a4003
c02f402c
3fdc4060
bf4b401e
bfe03f4c
3fd03dee
41043e0f
be834004
3fdf40c0
3ffb4055
3f024026
3fe03d69
3ef63e34
3f5e4038
4070bf53
bf9f4019
4015bf2e
3f7d406b
3fbc40ed
bff740be
40053fc6
c0113ff9
3faf3e93
bf4fbdb2
40983f72
3fe8bf74
410f400a
3f90be8c
3e53404b
bfac4039
c01a3f98
405f4002
401bbefb
bf45bf47
bfcf408f
bf593eaa
400a407e
3f4a409d
bf2f406e
40163fd8
3e94bd97
3f734072
bf1c4093
4054bfb1
bfc93f95
40e94010
bfcc4015
bf2840a0
be3b40ab
bf04bf5f
3ec6be36
40363fc6
bf6e4088
402a4085
4050be6c
404a3ff4
bfe0be8e
403c4040
be52401d
409e40f2
3f073ffe
40ea3f6b
3f624021
3f454065
407940b2
3f5f3e33
bfb9be8e
3ffc405b
40204077
bf71bfa3
c00a3fd9
3f86400e
3dc540a5
406440c5
40a7c02d
40eebf37
41053fb8
3f61bfed
3fd74094
bfbb3f6f
40ddbf18
408b401f
401a40ac
3fa140ad
40b240d8
3f1abe84
41023ec3
3e224078
3f7440ba
401c4059
40234016
409c4008
3f87402c
3f1c3e32
40554105
bf54402c
40ca3f3b
3ff7bfa3
bf324034
40914057
3ec3bf19
4108402f
40313d85
bfb33f98
bea7be94
40dc3fd8
40874090
be164069
40513fad
408d3d9b
bfcb3fa3
40d43f4f
3fe3bf87
3fdc40d7
3ddd40c6
bf793f48
bfcc4030
3f3e4097
bf993f4f
40bf4056
40d34015
bfe3becc
3f85401a
3f73bf9f
4083bf0b
40dc3fe0
bea8bf69
bea4400d
3f0f409c
409d3fb6
c01c3fc4
40e0bf12
3ec740bd
3e8abfc6
bff6c01c
408d3fa6
bf4f3f77
3fec3fb0
40524064
bd384081
40d83f7a
40e84037
3fa84091
3e73406d
bfde40d1
40e8bf3c
410b406a
403cbfe5
40043e6e
4090bf09
bd47beb1
3fb2400e
400a4049
4084bf8f
409a40ef
40d4bd80
40f8400f
3c63bfd8
403a40bb
40a040ec
bfccbea8
bee73ff4
3ee63ffd
bf8d409d
bf1abf30
4096401d
409ebfba
3fbd409e
be533ffb
40173ff3
40d63eea
bfacbfaa
3fb54070
403c40ad
40414098
403e4017
4083401f
3f683ffd
3e9d3f8c
bf553f0d
40353fa4
3f4ebf0a
becc40b2
3f534010
40a940a0
40383ec7
410ebfc0
bf663e99
3f67bfe3
bfdb3faf
c01cbf6c
40b84034
4013bf0c
402d3ebd
40b74073
40a03fb3
bf4dbf82
401140ac
408d40e4
409ebd5e
bf4a3ead
40783f3e
40383f43
bfa540a4
bfd64107
407d3fd3
3fde3fc6
bf523fe8
3eb73fa2
40bcbf87
40ce3f9c
3f55403b
3f264087
4037bfb6
401c40f9
40843f3b
3feb3e66
bebe3e8c
407c40e9
407e40a9
406a3fcb
40b7bfa4
bf2f407c
bf97400d
405e3f38
3fdf402f
40614054
3f8640a8
bebb40b6
bf81bf93
40843fda
4099400d
4034be78
401040b7
3f8d3fe6
409c3f10
bee43f8e
3f2d3fde
bebec01a
bfb54035
3f1d3fcd
bfc24063
3ec0be1d
406940d8
408b40da
400c3f9e
3ef2bf5d
3e9e408a
bf603fdf
3e3bbfea
3e8d3f14
40953fa6
3fd64034
400bbff3
4004bfc0
404a3f8a
3fc1bf72
3f893f84
402bc002
40a24000
40e03fe4
404e401b
3ee0bead
3ffb3f5c
40784110
40133ed0
4000bf0d
bee0bf5e
404cc002
40bd408e
401bbf59
bf4f4046
3ea6bfcb
40124069
407c3fd8
3d164027
40c4bf97
bf76404f
3cb83fc4
409a3f49
bf863ff0
401b403f
3f17405b
406740da
bf84bfdf
40b53e04
bf7f4082
bf123fb9
40324063
40b9410e
409a403d
bfc6403d
bf2240ad
408bc010
3eb73ea4
40383f41
40384038
3ffd40af
bf9640cd
40294057
40a8400a
404e4032
400e40a5
3c523f77
bfe53e7d
40283f95
40b63f83
4025402d
3f9abff6
bf9c40c4
40debe6a
3f8e4081
4021bf80
408140b4
4030409c
c0103fbb
40e03f96
3ecbbf89
bf5d40e9
40b0409e
40733fe1
bf343f8a
3fd33fee
40513f78
40a3408b
4061bf7e
4105bf5a
402e4000
3fe5bf6a
40bf40c8
40b1bed0
40ed3fd1
3fcf408c
3fab3ff5
3fbf40bc
c00a3fde
4063405b
3f324085
3fd84081
4023bdfa
3f394012
c037be83
bf0e408b
406140ac
40bdbf85
3f153fa5
bcfa3f33
bed83fc8
400c3fdc
be65410c
bf9f4021
40b4404c
3fa34011
3fb43f40
40184086
40b43c7f
bfa64032
3fd74010
40204076
3f8540f9
40cfbf6f
40fa3fbe
bf444030
3d1abfa7
3fe24104
405a3f06
4090bfb5
3fbe3f65
3fe540da
bfb640fa
bf8bbe8d
c02c4065
4014408b
40713fc2
3ff8410c
bfd13fa8
40c94086
3fd84031
403140c2
407540da
3f953ec1
bfe5bfa4
3df940b7
404740a0
400dbf49
40b83fa7
bff74074
3f043e88
408f40c6
3f9740a4
406c3f38
406f4010
401540bf
3f923f1a
3fee407e
40b13ec8
bfb9bf97
be084063
400740eb
40a4bdf5
40e93f6b
3fe8408e
bc2f4014
402a3e2e
3f2640af
401dbf2f
410c400c
3f8f3e31
404a3f08
40834045
40804000
c0183f06
bebb3fb3
408e40bd
bf6e3dd3
3fd73f9f
41004035
bd87bfd8
bfa74093
3fdfbf1d
bea7bf68
40c33fb1
40324031
400a408d
4050400d
40e9403f
3ffb4060
403b408d
3f8f40aa
3f573ec5
40853f46
40963f85
3ee1408a
408dbffe
bf793fe7
4012bf7c
40864047
3f293fff
3fa9c00d
bf98c000
3e26bf02
4060bf51
3f9abfa7
401a3f6b
bf0d404d
3ff13f7a
40c63ff1
400b3f86
3f3b4058
bfc24024
40374008
4005bf11
4033407f
3e5c3ffe
bf0b40dc
40d1bf76
40344002
40264096
bfa5bf33
409cbfaa
40b1be54
bc80bf97
3f643fb5
bfb53dd8
4083bef1
40d34013
40ad403f
3fd54027
40334002
3fa440b6
3fb03ff2
40f9bf92
be613f41
3fa93e6e
403d40f2
3faf403c
3d214045
3fb1bf05
bf5abfa9
40bbc02f
40d33efe
40d7401a
401140a1
3fe9c003
3faf409d
40c1402a
bedb3f1e
3fbc406b
bf3240e1
40013f04
c0113fcf
4098406b
3f274095
406b4081
408740e0
bff8bf60
bf0d4081
3fe84045
bf1abfd3
4000bf2c
3ee4be99
bfd54050
bf4d3f40
40203ea9
4046bfa7
40be3f35
3e2d403c
3e7dbfaa
4071bfb0
3f9840ee
40e03f66
40b4408a
40063f6f
403d3fd7
406640ce
c0143f8a
bfbb3fa2
3fbd40bd
400e401e
bddc401a
bea03f85
3fbd3ff6
3fe23fbb
bf26402e
bf7d40ca
bee63fe2
3e9f4063
3f82402e
bf3240a3
409d3e8e
3fedbf49
40044083
4000bfff
3fdd4008
be6ec039
3f983f35
4098404f
403b408b
be9740dd
3eca3f47
3fe1bf63
40514081
3fd64009
3f0bbf05
40ac40df
3ffb3f1a
bfb7bf9d
be8640a5
bf213e6f
bbfb40f0
40e63eee
bf9b3fb2
bf1040bd
40024089
bff2bfd5
40bf4023
bfdcbf84
4014bff2
bf814019
409840bc
c0143f83
40cdbef4
bf3bbfcf
bebc40d2
3f8cbea8
40b7400e
4015bf97
3fc13eae
3fad403c
3f7c406a
bfe24035
3fddbeb0
3f9abf02
40343f62
bf3b40d3
3fe4403c
40c03ff3
40244087
bfadbf9e
40763fe3
404e3f1e
c0164008
3e5b4082
4073bfcf
be8b4065
bfc0401e
40104039
3f9f40ba
3f6240c3
401540b6
4066bf07
c013bea0
3fb74061
3f39c010
40aa4066
be34401e
40d64015
4007bf72
bf8f40e6
3f844106
40194036
3db83ff8
4016bff9
401d3fca
409f40a4
4096bed0
c0193ec3
3fb8bfce
bf4940e8
bfc5bef3
409fbf4c
bf713d80
3f0540b0
401540be
3f4f40a5
408c3ff3
bf91404a
40313fd4
408f3fef
406a40d3
3fbf3fdf
40313eb3
bf364067
4088c020
bf1040be
40a73efc
bf93bf3c
3fb540b1
be8f3fbd
bf0c4037
3f0a4005
40b0bf8b
bf143fa1
3f44bf42
3fa840e6
40ef3dd4
4084bf49
40314096
40723fad
bfa040a9
40173f49
40db4042
3ea9bfdc
40164085
4080c040
407a3f4c
40a8bf47
400d4015
bf80be26
3f423fba
3fe54034
40cd4087
40363f35
405f4064
3d543e24
40793ea3
40863f6b
4031404e
407a4095
3f703f92
40cbbed0
40623f8e
400b4086
4034408b
40944069
4005400a
40cabf99
3ff73fe6
bf883fa4
bf40bfa3
3fc3403b
40a84065
3fbd40ac
3f9b4036
4079409e
40e0bf2e
40d6408a
4013bfdc
408a401e
bee2c016
3f713fef
410b3e02
3e984007
408bc005
40bb4067
40e4be9a
bff33d90
bd92bea9
bfa84007
40723ffb
c009be85
410d3f11
403bbf9a
405d3fe4
4057bf8e
40874023
3f2c4064
40213fe8
bfbf401b
3fd2bfba
40ad3f97
bfedbf31
bef2bfc1
40304099
40493f04
40ad402b
410f406a
3ffa3f7e
bf243fc3
406e40d1
bea74038
c038404d
3da9405a
bf263f35
40b540e1
c0003fab
4056403b
be5a3f39
40754089
40bc3fa0
3fe33f8c
3fb2bf40
bf4a4078
3f1c3fe6
3fb2bffa
400f3fcb
410abfc0
40304028
3f683f87
4075bec3
40cfbf4e
bf4a406c
40143f36
bfbbbfab
40a13f8a
40d43e02
3feabd24
3f234019
bf17bfb5
4097c017
40983fb6
c0244077
402cbf92
40364097
3f2c40de
bdc23fe9
3e7c408c
3fb33fec
403c3f86
bfdc4102
3fbdbf4f
40aa4024
beadbf98
bf904035
40ac3fad
bfcdbf3a
c034408f
3fa640bd
bed74033
bfa040b1
3fb7bee7
40ff3ece
3df33e9d
3f953f37
bf0d406e
3f9d4004
4106404b
be274014
3e8ebf7e
408740c4
3f584037
bfc8be90
bf714019
406340c9
4071c037
40873f3d
bf3a3f11
400f40a9
bf0740c5
3f274107
bf334033
3fbb403d
3fb54024
3fdf408f
3e0440a2
40104036
bead4069
3fbe3ff7
3fd94040
408abfc4
40abbf71
41013ecd
404040aa
3e91be48
bf8f40a3
c008400d
40934069
3e8b4063
40133ed1
bf913ff8
40eebdb3
3e09beb2
4025bff0
4029400d
3f914086
bfc1bec0
40d3bf15
3ef8401b
40904009
402e404a
40683fb8
3f4fbf40
402b40ae
be1a409d
402840fb
40b73f8d
bebb4005
3f8d4080
3fd5400b
40ae3f2d
3e22400b
c0203fb5
bed84070
407340d9
3f9b4081
407c4005
40af3fa4
40193fac
3fcb3f60
3f8a4051
be29bf67
40aa4011
40164089
bc0ebfe3
bf114109
c00f401d
41014066
3fd4402c
40253f63
40b740b7
bf213e00
40333ec7
40253f7e
3fb9bfd4
40bdc03c
bfaebe1c
40823ef8
bda84037
3fd04096
bfac3ff4
bf9f402a
408e3f6c
3f38beff
3f9040e5
4084c007
bf0b3eac
40533f73
be033ee1
bf454081
403c40e2
3f313f35
406f3f1e
3f1d3f40
3ff240f0
3fd83e2d
40bb3e4a
3f13be03
3f7140ab
40653ead
3f46bf0e
406d402d
bf3fbf27
40313f0a
401b3f32
3fe84092
4061bf27
40f84017
401a3e2f
3f37bfce
3f7f3fac
3f834007
c03d3fed
bed3408e
bf943f4b
bd65bfde
3d024031
bece408d
402f4034
3fa14081
bf81bfa7
40d43ffa
3fc9be81
3f5f3f39
402e40ad
4029bf96
40ad3f11
3f014000
be7e407d
403140d1
40a84090
4082bf44
bfc4401a
3e1c3f6b
3fbe3ec1
3f083f92
400b3f12
40533eae
3f9bbfcd
bf5a4025
3eb04108
40c73f43
408e405a
3f3640b8
bf484075
3ecd4085
bfec3eba
3ea2bfba
3e65bdae
3fef3fe9
bf7b3e36
40d0bd7f
3fc8407f
3f9e3fbc
4030402c
4059bfea
4094401b
bfc9bf53
bf64be9e
3fefbeb1
bff63fef
3fec401b
bfc83f77
be844003
4000c004
40b1bfab
bf1c3fdb
40e2be62
bd2840a8
408cbf37
40883f8a
408f400d
bf244082
3f973f9b
402b4085
3fb23db0
40ab403e
40e03f76
bc883f57
bf993f10
3fd040d5
40863d68
c040404a
3fcb403c
3f764098
40b740dc
c0103e61
40ef3fcc
3f8dbf18
bf7b3ff6
4098410a
40a83fec
40b63ff8
bf644089
3ef540e2
40a3c011
40de400d
4093be8e
402a3f6a
405fbfbe
40a14017
40873fb0
c03f404d
3fc44092
bfafbfad
3fd84014
bf7f3fbc
400abee5
4008bfe8
bfbe408f
bfc0be8e
40de3f6b
3ebd400e
be80403d
402b409b
404c3ef8
bfe9bee5
406b4058
401a408a
bf98402b
40943f2e
401a3ffe
40c53f32
3f324077
405240e6
3ec1406b
4090bf34
4088be45
400d3f8b
400340d0
40504043
3f34bea7
40d64040
3f32bfdf
bfa640dd
bf5e40ed
4023402c
405dbf99
401f4055
bf6c4017
404a4061
405fbec3
c003bf62
3e9ebdb3
3f3cbf8a
bf494095
40ec3fff
40cd4003
3eb840b4
4006bf28
407b3d83
3faa3e84
bf9c3e30
3f06bfa7
4055be46
be89410c
408abeca
402a3f4f
be4c40a5
40694043
4096bfa0
40cf403a
40cebf9f
3fdd3fc8
be04bf86
40894048
3fe5402e
c03b3f82
3f9c40bb
bf63bd60
40133f70
3f6f3fd9
41034014
bf6f3fec
408f403e
401f3e2d
40a63fac
40f84080
be84be94
3eb93f01
3f91bef4
3fd7bf7b
40acbf62
40063f48
bf324032
40a0405f
40913eac
40c0bfa5
3f8b409d
3fcd3ff1
bd96bf59
bff5bf51
410f3f04
3f8e3eb7
3fd64021
409abf09
bf203e09
3f5d4007
4019408b
40414088
406c3f88
40afbe70
c0074081
4018403d
408340e9
403b3f1f
40de4000
40ee3f11
401c3fb3
403840ef
406840b6
40d0bf31
40d44048
3fd5bf8a
4090407b
401e4090
bf3cbec3
40b6403a
bee740a9
40564068
bf443f8a
3e5a403d
40c13fef
3f0e4039
40154095
3fb93f1f
bfcbbf05
3ff5406c
3fac402a
405fbfd6
3eaac006
402bbf13
3d1ebf4f
400e3f7c
3ffc4014
404cbfe7
bfe8be8e
bf1c3fee
bf6d404c
40593fe2
be1d3ee1
c007bf56
40c33e30
3febbff1
407bbf8a
40a3bffb
3cc73fb2
40334070
3faebeb8
bf0d40eb
3fdb3fd9
40aebf23
407f403b
bf553d5e
3f30c01a
3fee3fa8
40b93fff
40db3f30
3e2d40bf
4060bfcc
4079409d
3f42be2a
4092402e
bbd5bf65
bf66408e
4087404d
bfc44036
bdf1404e
bf5abf84
3e823ee3
3f8e4026
409c3ff4
40dd3fae
3f4e40bc
bf8a40d3
405940a2
40e5be2e
c01abf86
bf574098
4090407b
3e584062
40363fb6
3f0e4028
3fd53ffd
403e3fdf
40b83fc0
40ba402f
4018401e
bcac405f
40243f5c
bfdc4104
40a44020
3fa54057
3f113f1d
bf374097
4075bfb6
40c33f28
bf644035
3fb63ebe
4067404e
3ee7c015
3f8ebf24
3fc5bf0f
3e96be71
bf9240a6
401640cc
beb5be8f
c036400a
3fe340b8
401f40d1
bfca4099
3e834023
40993f5b
3fbabfed
bf9d40e9
409a40d2
3f843fd9
404dbfa2
403bbc35
40734065
40a24092
40bf3e9e
4059407f
40253f27
bf5840b5
bdef3db0
40233e0f
40a1401c
402540ae
401e3f25
3f98408a
c0193fdf
bf6dbf9c
40194030
40763fc7
3f764017
3fe93f48
3fc73f5a
40123f08
404a4008
40bd40a6
bfd3beda
3fc83fcd
3ef6bff2
bf554019
40ad405b
40a7402c
40a14037
40324090
3ec84024
401abda4
402b3e9f
3f9f4017
bf024091
401240a2
3fd6405b
40e73fa9
4094be0d
3f1540a7
3fe240ae
4013bf0f
3e323cf4
bf063e3a
400fbf0e
bf97bf8b
3ff840c8
be133ff2
4089406b
3fe7bff2
bf873f6e
3fa73f8c
40bcbf46
bf1c4082
3e4a409f
bf7c3e04
bf7c3f06
40144039
4069bf99
3fb9bf7a
40094091
407e402b
401a3e4a
3ed24045
3f2a4071
408f40a0
3f4340d3
3fc6bf5e
40b33fbf
beb63fd8
407940ae
bf9abda6
40144037
bfd44059
4011bf87
bdec40ad
3f2d3f42
bf32beec
40aa3f7a
bd7dbfce
bfbcbf3f
3f8f40d0
bfd43f73
3fca3fdf
3ec9400f
3fbebed5
3e93c009
bea63dc0
bf213f9c
bdd3409d
bf80c008
be6e3f7b
40334001
4107bfb7
3ffebd99
408a4093
3dcd40bc
404b3fca
40203fcd
3fff3f85
4028c004
40713fc6
40ec3eb6
3ec8407d
3f7540b6
406b3f90
bf82405f
3fd13fe8
4032be7d
bec54028
bea24098
402d405e
bff1402f
405a3f92
bf5340bd
404f3fe8
40a64016
3fb54010
bf753fee
3ed14080
401f3ecb
407840ba
bf973f7e
40853b1c
3ff840be
408540d8
3fe040cf
be5b3e18
40f23e6d
3f564094
bf9a40db
bfe14107
40643da8
40fc403f
3fd040ae
4036bfc2
404cbfe6
4087402b
40fb3f6c
40264023
407e4091
3f2b4037
40874006
bfd53f21
bf2940b5
3f7240cd
4094bf02
408abe31
3fd83fca
4013be62
3eaa4058
be9bc00b
3fe03e4f
4098bc5d
3fd0401f
408440b4
be9fc01e
40a13f6c
41044072
3fd54023
3ffcc009
3f00bf5d
40853fdc
40bcbee1
3fef40a6
406fbf7e
bf1b4082
bf9f3e2f
3fc03fb1
beddbfd3
bf7f40b6
408d4101
3ec93f11
40764071
3ee43f9e
405f3fac
403a4001
3ef9be87
c0374005
3f3e40b6
405d4024
be4abfa7
bf0f3e99
40f7bfae
3f663f94
404d3f96
bfe740d3
3fbd3faa
40263ff3
3fd04094
3ffdbfbe
40a8405b
40c63e80
bfb64058
3d0d4042
40063f1d
4087408a
404e4028
beab3eb2
3fe1be6e
bfae4019
3fb8c036
bf35becc
41093f7e
3f853d17
406740ea
404c40e2
408ebe6c
bf223f62
bec24073
4015bffc
bf6f40e0
c0053d23
bf21405e
3fe73efb
401840a1
bf963da4
40c93fe3
3ebf3f4e
3fdd40a4
406bbf50
400b40db
3e97402a
bfdd4090
3fc6bff4
402f40d4
40143fce
3fe63f48
40814026
3ff04090
3eed4014
403b3f87
c0033fd9
3f37bfa3
3fc040b4
402f40bf
bf1e3f5c
bf78bcf8
40fa3cc0
3ff5bfca
404440c4
3d8a404b
bfc43f3b
40724005
403abf27
408a4098
3fb44008
40c03fee
40b84028
3fff3ffd
bf43bfc9
40584078
bfd43f90
40e43ebc
3f684092
4036405a
40ac40f1
40d3402f
401ebf40
3ff240a2
4011bf5c
3fecbf49
3dcb3ff2
40b9403d
400d4075
bf0840d5
409ac012
3fc4befd
3f6bbe99
3fdbbf13
bf924027
3ff840f3
c014bf55
40c6bf65
bf7b4082
3feb402b
406040e6
be0f3f61
3ff73ef5
3e9f40bb
bd18befd
40b9406e
40ed400f
4096408c
bd20be8e
3f8f402f
40b1bf82
3f02bf04
bfc54081
3fe24041
408e4033
3fb540d4
bfed4010
40a23fd3
3f3a3faf
3efe4031
3ebf4094
3e883f9a
40134028
3ec34003
407e3eae
400a40b4
bfd4401a
41024001
3f604091
beca3f7a
bfb140d1
4081401a
4083401c
3f8f3fd2
3feec000
4094bf0d
3fd1be30
410a407a
be864004
3f3c4077
40bd40a4
bf894025
40ee3fc4
402b4004
3fbe4048
4073c02e
406c4014
40e0406e
3fb8bf8f
4078c01d
3f9040be
bf0d3fbb
3f83be64
bf333e75
bf7b4043
409440c2
40953f0b
3f3d4079
bc70406d
405340d7
3fb33eb8
c00f3f85
40b4404b
3e4bbffa
408a40ae
40c03f24
408e3f4e
40843eeb
3f9e3e66
4006bfd8
3fd5bfa1
bfe83faa
3fb9403e
3fdabe92
3f9e3f5c
bfccc012
3f123f3b
3f5e3d8b
bef7409b
3e4240d8
40afbf5a
4087beb3
4050401e
beb14044
40463f98
40bd3fd5
40df3fa3
40a74082
bf2e4085
4061bf8c
bfad401c
40e03f8b
be023eb6
40254057
bf583fa0
409a40c3
40313f8c
bf273f77
3ffa3fee
403e40be
bffbc018
40ee400d
40bf3f52
401c4066
be3240bb
4026408f
40ba402b
40b6bf3d
3fd2bf8b
40723dcc
bff74099
3fa34027
40b73f19
3e8f40b9
bf783fcb
402a3f05
40a0be69
401e4067
3e934071
bf933f83
befd3f6a
bfa2bebf
40ac407d
40104049
3e7140ba
3f194004
c00ebf66
bf18404b
3fe34041
beb7c007
4065bf7f
40efbec6
410bbf70
bdf23f4a
bfa9405c
be9fc02f
bec23f5c
40ed408d
3faa3f6c
bf6a409b
4097bfb0
3f723f8d
bba43f33
3f283ff0
3fb84089
40ac4098
409abdcd
3f9d404a
bf2f403a
bf4040b7
bf233f0e
3f933f59
40c74080
be8fbfb3
3f0a4018
40773fd9
402b3f8f
40acbf5c
400440a8
3fcd4018
402a3f71
bf153fd9
40173f4c
bed04087
404640e1
bf0d40c1
40943fcf
405c405a
3f92bfcf
3edfbf91
40b8c02b
3ff23f0d
40d4bdd8
3e0a3eb8
bfa240e8
4044bf8e
3ff73e37
4074408a
4032406a
be0b3ef8
40153e9f
40d0bef9
c01bbf63
be4d404a
3f26bf48
4008be99
40523e63
c0283ecd
3feb40c0
bf863e80
40aebf67
bfb3403b
40d8408c
40393f89
40874042
bfe64076
40e63f95
bfb74047
3ff53e5f
bdf340e2
3f29402f
40053f65
3e87403c
400c4080
be9c408b
409340ee
bfaebd01
40173fcb
3f1440ac
3fadbfca
40bfbf7f
bfbfbea3
405ebf04
bf0dbfd2
3eb83f51
3ec2410b
3fe64039
4086401f
be12406e
4027bfd0
bf8cbf53
40e44005
40814014
3f374065
400740cd
3f7a40df
40b2bb95
be883ee8
3f903e02
408ebff0
401940f4
bf643f84
3edfbf82
be024037
3fbcbfbd
40453f2e
40af3e55
40264052
3fb73fea
40263ffc
40603fe1
40c83fcc
4025bf55
401b3ff7
3fd440d6
3e7e40a2
4076bf07
403e3f17
4007bfb1
4062bf96
40184001
40a73ed6
40d24049
400abf8f
3f984066
3f554108
bf8bbdd0
3febbf8c
bf73bedf
bfbb4081
3fe040f5
409b400f
40643ed8
3fd54093
4019408c
3fe7becf
40d63f8a
bfb03f6f
be4abdd8
4027bfac
40333eb3
40a23e35
4108bfad
3eeebfe8
3f833f80
40b0401c
3f48beb7
40fdbfac
3f3bbf42
bf393d97
403e4096
3f77be31
3fecbf94
3eae40a4
40094045
4073410a
402b3f75
40ba401e
bf56bfe0
bf054093
3fcc40ef
40a93e9c
41023fbb
3e8abf35
4020404e
40b740ba
40013fef
c0094089
40203f01
40853ed4
bf1940a8
bf7abee9
40e83f1f
3f0c40ab
40883bc7
40a74050
40943e7d
3f274053
3f20bfc2
404cbf5a
3fab405a
40ae3fde
c0384081
40184076
40833fd2
408640eb
40874009
4095bef7
3f6640a6
3ff53fd8
3e05410b
bf853fcc
c0324046
400a3fc8
4034c003
3fd43f96
40e9bd65
3f584019
3fae3e5d
40603fb7
3fd3406a
40bd3fff
3fbf4041
3ff53e51
407040c8
3fb4bff0
40633e88
40c54036
3ddfbe4c
4012402b
bfcf40cf
bff33fda
bf99404e
3e003ff4
3fc3be56
3fb14097
40d3be9b
40853fbd
3e9cbff0
402640bd
40b0408b
40d64031
bfe7bf3d
40383e19
bf09408a
3fb84049
bf874038
409b4062
3fe2bf88
408740cc
408cbf82
40694028
be75406a
3f59409b
3fdb40ae
3f2240f6
40363fd6
40be4055
3fc4408f
3ff940e7
3fab4004
4094bdbb
405c408b
befc4063
bfb340b7
407840df
4045bf11
410e4018
be89bcfc
402940ef
3f2d409a
40053fd5
3f92bf8b
be7e4001
404b40a2
3deec015
40303f9f
c0124008
3fed40a0
3fd440be
40a1bf46
bfec3f99
4105407e
3fbf3fbd
3f8d40cb
3fb44064
3f9e3f9d
bf093fde
3f573f9e
3ee74061
bfedc027
c0003fa8
c0263fae
3cef40b5
bf85409c
3e483fa9
bf9a3e39
408d4032
be64bfc0
bf603fa8
40654082
408b3ec4
3f51403d
4035bfb1
bed9bf86
40a0bfa1
3f493fff
40c24006
be974018
404b40ed
40bd4064
3f93400e
405e4009
3e8b4097
bf4b40c3
40804053
be943e97
c00b3eff
3fe640ae
bfa64072
3ef2402c
40d1bd29
bf2b403d
3f1f400e
40273fec
bfb6beec
4056400a
bfe93f8d
40063f95
3f5e4016
bf5e4053
40aa3f94
409cbfb3
be02bf09
4049bed5
4070be02
403cbe2f
3fea4041
3fc23f0e
40644016
beb3bf90
3fb13e8d
40a93fa3
3fc2400f
405640b0
bf223ece
40913f1b
40d03fd7
3f984047
40614099
404940be
40654013
be9e3fd6
40303fc7
bf344055
40364062
3e5e4017
3fe3bf5c
3f1bbf34
40294007
3f0c40fd
40ccbf1f
405cbfb1
be8d4028
bf86be09
bf5540ee
40b7be34
bffc3e8a
bf5440b7
3ed44060
3fcd3e44
3fe1bede
bf753f04
400ebc33
400340e1
40b64034
beb64020
40cc404b
3ece3f9b
bf364096
4017bee9
40bc3dc2
40af3f9d
4038408a
3fdb4045
3ffc40ee
be9b3f01
40013d98
bd903f52
bf574009
40174022
40b73e8e
3e90bf9f
3f754026
4076407a
4085408d
40cd3f9c
3faabeaa
bf44bf8d
403b40b3
3f9e40c2
40b8bf0e
bfe6bf3c
3f71408e
3ff5409c
bf7840c2
40583fa4
40f53f94
3f95bfd2
4062401a
be92407a
40c0bf7f
40e63f96
3f86be31
bf614008
bed6bf88
bf8a3ed8
40d53fb6
bea2409b
bf24408d
bff64020
c0153fb5
3f3f404a
402a40ab
bf824046
bffa409d
3f38bf28
c02a4014
3fa93fcf
3d9b4097
bf484100
407dbf08
40b93f8e
3fa1bf93
3e044025
bfb0408a
40c5bf65
3f84bfa5
40323f5e
bfa5c01d
3f3b40fa
3eef400a
bf284029
bf784051
3fc840e5
bf0a4084
40eb3f5e
bdc9bf4d
bf094001
3f1640d1
400c3ef6
3fcd3fee
40e03f2d
3feb40b7
406bbf4d
401540f1
40033ec9
40983ef7
402d40a8
bf943f44
3f164104
40e8bf57
40b34085
befc3f8a
be90408d
3f5a40ec
40ac4038
bff64072
bf1f405a
bf0b405a
409f4053
bfcf3fb4
40663f64
4016403e
4063c003
bfe940b2
3f313ff6
3fd9bf86
bf5dbea8
4005400a
401dbfec
4040401d
4102bf68
bf6740b3
bd48bfca
408440cf
407c3cb4
40df4061
bea440a6
3fa93fb7
3ff240fd
400f3ef5
40824059
bf63bf9f
406f3d35
40174043
c01ebdb1
bfd63fd5
3fedbe8e
3f43400f
bbb73f41
3ecbbf6d
c016bdbe
bf45bf93
3ed44047
bffdbff0
3ff94010
3f86406e
3fb140bb
bf743fee
3ec14006
40d13fdd
bf3b4014
bf014056
3e7d40e6
409b4088
3f913fda
3f1fbe2d
402b3fd9
bfb04044
bfd240cc
40c53f40
40f14013
3ebdbfb2
bf2d4054
4089c03a
40763fc9
4070be86
bf543dab
3ea6bfd4
3f1c40e9
40b24021
40b04009
4014bff6
bf9cbf9c
3fdfbf59
3f04bdfb
402f3f91
3f273ee2
3f3c40d3
bfd440d9
40e13f68
400f4085
bf3d3fc0
403ebfba
3fedbf49
bf7f4025
40814011
3ff440ab
3fcbbfb0
4089bf9e
403b400b
bfeebf82
40124053
3fda401f
40a7c028
40f03f88
3fea4073
4040be62
3f513f5a
bf6240f7
40bf3fc4
c0374002
bf433fa5
bf4a4048
40b7bebb
40954014
40c0bf8c
3fba3f9b
3f9cc016
409c40bc
bf8c4034
c02ebecc
3e5fbfbf
3fc440bd
3f3fbf5e
40003fb5
40c53fb4
3f5cbfa6
4088c008
3e8940f9
40633ff8
40d63f56
3dfb406f
3fd84053
bfe13f38
bf803f30
40843fc4
bf714058
3ec24086
3eadbfd4
402fbdb5
bf3b403b
3f8e3fe3
408940c9
bff34000
40bfbf53
401abefc
3fef3f81
3fe840a7
406d4027
400e3e6e
3f683f7d
3f8b3f50
3f7c4074
409dbfe2
bfe64030
3ee53fdd
3df3bfcb
406140b6
409a4066
bebd3f06
410c3f11
3fe7be3c
406240c5
bec440ab
403cbeda
410f3f9f
bf373ff0
bc3f4082
3fbc40f4
bf2e3f7f
4049beb6
bf6ebc87
3f6c40c3
3fa140e5
c01bbe8b
3f3a3e8f
3eb5bedb
40814088
bf0140da
40d4bf03
405c402e
40154099
405940e6
40b34030
40513f99
4109404d
3fb7405d
40443f43
3e3a40f9
3fca4016
40af4008
bf69bf9e
3ecfbfe3
406fbf22
3f313e69
401b3f07
bd1c3ec6
40604011
3fea40e2
be3dbf3f
be163f69
3fcd4000
408cbfd6
4034bfe2
40934013
bf4d3fda
403cbf1d
4089408e
bfcf3f95
3fa73f8d
bf1f3fea
4003404a
407d4012
bfc84081
3fcd3f83
40a74087
be94bf11
bf78c00d
40be4010
3ea5bedf
40afbf83
3fbd3fe2
408b40b1
3f5fbf01
40b83f9f
3f954067
3fbc4088
3fe94078
bfb93fef
c0053f2c
40803faa
3fa7bf8c
be3a3fd2
40864089
3f3d403f
c0044001
bef5405b
40464032
bf9140bb
3dda3fc7
3e9f3fc0
3f9c3d90
3d7d4022
40b040f3
c0153fd8
bf1f4047
3fa34028
bf74bfe1
4041bf8e
bfbb3e7e
409b405a
401cbfec
3eb6401e
40b740eb
3fed4012
c005400e
3fde40a8
bfa9c002
3fddc00c
bf87bf64
4086bf7f
3f5fbf3b
408d40b3
40973d05
409ebf21
bf86bf75
400a40a9
3f3f40d0
40a73f94
3e913f0b
bffc4090
3fb43f0d
be76402b
bf00bf8c
403c4025
bdb9403f
4009403d
bee63e45
4062407c
40783ea0
410c3e7c
bed0bfdd
405d40c4
3f144109
4053beac
409ebeeb
4014bee2
40443e09
3faa40e9
bf83bf74
40034043
3f7740c0
405f40a3
3ff1402b
bfe13fa0
40ba4007
4013bf44
400cbecb
3ea5bfe1
3f803ec6
4058be0c
3e9e409f
bf4940a9
400c3f31
bd8dbf51
40e3402c
bebf4010
4083bfd5
bf094100
40a5403f
3ffd403b
3f6a4036
bfb7c00c
409ec005
40e93f33
c0014014
3f4540bd
3f93bfc1
3fb740c7
40923fd0
3e5b4047
bec24010
bf9d4020
40a64110
4044bf13
c0114067
403dbe90
4043bfb8
40093f42
40aebf69
3fcebf6f
becd3fa8
3ff940ca
3fe3409b
bf833fc3
40954049
be8bbf95
bf70be72
3fee4036
c0043e46
41033fbf
3f354060
4080bfee
40b040fc
40d6bede
402e4086
3ec94047
405f3fed
4058404b
4026bf57
40f33f04
bd864035
4009bfb5
3f974086
40b4bf64
3e0b3f94
4038408c
3fa74009
40544056
3e38bf2f
40fa3f8c
3e2540b9
408f408b
bf4d40ae
3ec8bf57
c0123f75
3c6f3fcd
408a40ed
3fed40ae
40773fcc
bee0400f
3e943f8a
3d39bf25
408b3fd2
409c4038
4101400d
3e6dbe67
3fab40c4
409e4010
becb401d
4040407f
3e19408a
bf824065
bffb40f7
c0153ec7
41063f0d
3ff23fdc
3fc34040
bfa340f4
406d3f1d
3fd03f0c
3ff440a7
40153fdf
bf98410c
40174018
3f8cbf6d
3e86be68
bf95bf88
409b3f30
bef7bedc
40e0be33
3ffe3f29
40214087
4089410b
3f8dbd1d
402e400b
bd7f4006
40754012
3e8f40df
4059bef7
3f1a3fa7
3ead406d
bf743fee
3fd740d5
4058be91
3f7a4016
3ff93f79
bf564012
40b040a1
40283fa9
3fc9bf9e
4029be05
bf1640b1
3f9fbfd6
40e53f2e
40673fa0
3f86402a
bf0a40c6
bf9340a6
be2e3fb3
40e64029
3dd540b2
be024011
3fe63fe4
bf61bd35
4015bebf
bec840ad
405e3fe4
4012be97
4071be87
3f373d8a
bf1340b4
3ccdc005
4085bf8e
40923fe3
40914077
3f2d408d
3fb44056
3ea540f9
4035bf79
40a13eba
3f12bfff
40104028
bf3b4035
bfe24024
3fa0bf37
bf25bfe3
3ff5400c
402440b1
40974033
401d4089
40064080
408f40c7
3fa64093
4016bdb9
40163ff6
3f50bfa2
3faebf06
becd40ed
3ee5402b
40ebbf0a
40333db9
bf7c40a6
bf9a4066
bfccbf27
bffb4027
40084018
405740e4
3eb2c023
3f963f02
3fdebec0
bf594004
404640da
3f153fd2
4085400a
40d2406d
bec8bfff
becdbf0e
bf8dba6f
40a5bf7f
3f293f93
3f483e04
402a40d9
3fa2c00e
3ea8bec7
40834062
bec7402b
401abf47
40a7bfba
4083bf3e
3edb3fdd
bdeb40b6
408c408f
3fbc4057
bf463ffc
40a63f98
3f1f40b6
bede40a8
406a4074
3fe1bf57
40aebf80
3f33bfcd
3f104097
3fad40b6
40e9401d
401b408d
400c4091
4016be34
404740d7
40373fbe
bdd0bf19
40344096
3fdcbf17
40304083
4090400b
40b8bfa3
4016404d
3fa940c4
3fac3ffe
bf443fb1
3fab401f
bf0c4051
3f7a3f8f
bf51bec7
4032bdec
3ef6bfb7
3e61bee1
bfb740b2
4002bf86
c0103fa9
40aa3fce
3f3dbf3a
408a40e4
bf9f3f43
409b4030
40e6bf92
3fbbbe1f
bebfbf79
bf194101
40c33f19
3f8e4052
bf3bbfc4
be503fd9
bfb540bc
409cbf77
3f4d4088
bf393f3b
40274073
3eb83fcf
4081403e
410b3e70
40314077
401940bd
401b4108
be9c4031
408c3fbf
3f5c4017
3fae40a2
3f76401c
40563fb8
bfcdbeb9
403d3f8c
3f0b4072
40743fba
40043fd4
3fc43dad
3f1a3e5d
407a403d
40b3bf81
40ef402a
c024408b
3f033fe9
408e4074
4048409d
40903fcf
406a404c
3f9d408f
bd3440d6
3f214099
3fcdbe63
3fbdbf57
bebd401f
40354032
be0d4103
3f803e0f
c0264040
3eaa3fc9
3ff63f65
40984103
bf973fac
bf66bf3d
3f5e409d
40474053
40873faf
40bc3ec0
40674069
bf79406d
4039bef2
bf9b3f65
405d3e81
4078bee8
3eca40a2
3f8dbdc5
bffb40eb
3e743f84
40744086
3ffbbf46
3f763f49
3f74404a
40c6400c
bf394023
4012bfd7
3fe24058
3ff5bf75
3fb84011
41083e05
3fdebf92
bf7abeed
409b3ff2
c001403a
bf474036
3fd53f95
402d40b0
400540e2
4044401f
402e3f53
3fd44030
3fbc4039
bfd94098
40e0bf50
40a23e9e
bf0d3fdc
bf9e400a
3ec840cf
40de3ed4
408fbf36
40124061
40173fd9
40bf40bd
3fef4036
3ec43eb5
3f453d19
405a40d2
3ff64108
be15bd2b
bf964037
be3f3f05
4047beb8
bdd94083
bfd33f73
404b402f
40024097
400f3eab
400c40cb
bea2bf4d
3f0dbf87
3fd740b7
3fa440ab
3f1a40d1
40973dad
40d2be71
401d4089
405140b2
3fa2409f
bfe83ff8
bff63e26
400a4025
4065bff3
3f87bf83
bf443fea
40c33e3e
3fc3402a
4045bf27
405b3fbc
40613fcb
4104bfba
bf0e4089
bea3406e
406440d6
407d3e4d
40bf4028
3ff9bfd6
3ecb3f9d
bf93c016
bf83bef6
41054087
3db7bff3
3db3bf1f
400fbf11
40be3ec6
40724085
be7a408e
3ea03fea
402640c7
be34bf25
bf95405f
3f913e94
406640b4
3f1b4106
40ae3fc6
3d9c402b
403f404a
3f95bfad
3ee84101
405e401d
408c4016
be5f3da8
403f3fac
40aebf48
40ca3f91
be62bfaf
401d3f9f
406e40b0
408b4031
4022bee6
4069404a
3f4e4022
4073400a
4090bff3
bf1c4016
410c3fee
3f88bfed
408740c2
3fc240e0
40863f87
3ecf3f98
3fbc4002
40224060
3fe34063
40b33fe7
3f87beb7
3f7d4047
400740eb
bf92409d
3f89bd4f
40563e92
bf4c40a4
401c40b6
3f254108
40513f85
40f33fca
bf534011
3fe6bf10
4057c027
4069401f
be33bf47
3f9cbf57
befb40a6
bf05bd7d
4068402c
403dbef9
3bdb3f88
40864045
40af40f4
be5bbe60
40ce401e
3e8bbfb9
4054404a
3ece40e9
3fbb400c
4096bf25
3e33401d
bf294085
4019c01d
bf233fe8
bd42bf59
400f3dfb
3e6240c9
be7b4061
bfbc3d4a
41043ee4
bf513fbe
40173f3d
40503fab
3fdd4010
3f994067
40173e19
407640db
3fadc03c
40d83ff4
40ea3ed3
400940b2
400940b8
40624020
40293f3f
40e34059
402ebfc7
3fec409a
40a1bfd4
40dc3f87
40fa3ea7
be1bbfee
bf773fec
40924074
40d03f9e
40aebf3b
3fd6405f
bf0fbff7
3fff4064
3f1a3e8f
40eb4020
bf0bbfa2
3e60bfb5
bf3f40c6
407f400d
405d3fd9
3fad403c
3ea840af
4040403f
40d7bc1f
4103bf8e
3fe83fe6
3f50bf6a
3fcd40e2
bfa04008
3ffc4084
401d4045
bfb3403e
bd9c40ef
bfb63fee
40cabf70
bedb3f01
3f583f0a
401d4089
3fa6400b
3f40403f
3fa740b9
404b3f16
3f3ac00c
bfda3fc2
bf2dbec3
bf313f08
4009be7d
bf6c4015
409d3f90
40e64056
3ff73dab
bfb94040
407640ba
3fe5bf2c
40394076
3f49befd
40224089
408f3f71
40c43f23
40a54058
3fa2408f
405ebfc4
bffcc021
3f943f76
41094049
bf13bfa1
3ffe4031
bfb93fab
c0013f1e
bfff3ed4
3fd740bd
4056bfe1
403940d8
40554021
40684021
be42404b
4084bf71
3f2940f8
3fe83f43
41084025
3f3d3e81
be2bbd4c
408040ea
40b5400a
3f09bf39
40233f98
4010bf0a
4093c01f
40924036
40b23fd2
3f95405e
3fc7c01b
3f8f40f7
c0204025
4110bf91
bf6d40b9
3f804072
bf074102
40ac4002
40e63eca
400fbead
404d4005
bf0140b3
bfe83fac
40a43fa7
3fc1be18
40894043
40634109
40834009
c0143fb8
3f164074
3feabfe3
3f0c409a
40533f92
c014bf2c
3fd6403e
beb14009
3f3e3f8e
bff64012
403b408e
bd5440a4
bf2440a0
4073bfac
3ed4402c
4014405b
40273f42
3fff40c7
3eb1410c
3ffe401f
3eddbf2e
4012bfcc
bf93408f
bf8cbfe1
bf753efe
41084078
3f954028
bf724055
407240ba
40543f91
c0223f7a
4013401f
402a3fb9
40a83fca
405a4017
bf3b3f0a
3ff2403a
bde3400d
40ae4021
bfb93fa1
bfbe4046
401e40b3
406b3f52
40b240cd
bfa13d2b
40833fe7
3e4b4028
408ebfcc
be47bf31
40134003
bf593f92
40153fb2
406540be
40543ed9
40cebefa
bfc43f63
bf4c40ac
40314023
3facbf2b
40a23fb0
3fafbf95
3f014081
4058c020
3f7b4108
401d3ff1
40bc408c
3e824045
be2640ce
3e03410a
409a3c0f
bfc4beaf
402a4064
40313fb3
bef140ef
4046bf48
3f533f71
40383fed
404040e3
bfc84093
40073ec0
3faa3fca
3f85409b
3f504067
40834006
40eabf24
400ebfa2
3f1ebfcc
4033bec7
40bb4101
bfb23f15
40184089
bf58bfc3
406540e6
3e0740fb
3fc5be44
4044bf85
3f964045
400e408c
bfe4bfa5
40713f00
40fcbdfa
3f953fb7
3ed83fe3
409940c8
bf1cbee4
c00cbe09
4001408d
3e9a3fc6
3fe2bfaf
40b1bf69
bf803ff4
3f6ebe27
407940a9
403b40a8
40bd3fa2
4031407a
bf754004
401e4009
40884103
40c7bf00
4092bf21
3f734057
40644074
40b540c4
406dbf76
4049405a
3fe2400d
4027bfa6
be9c3fef
40b5bf23
408f403a
be03bffd
3fc8bfad
bf2f4018
40d3bdc9
405bbc36
be3cbfaa
406e40c4
40a7410d
bf8c3ea3
3e7bbedc
3e89405b
3f8d3e8f
408b404e
40a53f8a
40d54025
bf29be9e
406f40a6
40214092
408a4040
4108befa
bf3740af
4049bf3f
3fedbf9d
408c4037
401bbe6e
3ff5406c
40293ead
3f9740de
40653ef7
401a401b
bf4fbf92
bf684097
40804082
40183ff3
c03f4058
bec540af
406fbf38
bf9c4025
40bb3faf
400a3eb3
3fecbf16
3f964021
bece40d0
3feb3e93
408f408f
bdeebf9e
3fe6bfd1
be26400a
3fa6400d
bf66bee7
3efa3fbf
3d2bbf63
403840a7
40824015
40884056
3fd6409c
3fcb4010
3f8bbf44
40b03f71
bfedbc3d
3ff1beef
3f184076
408840f8
3d9c3fe9
40e03f09
4000400d
405abf67
40ac410c
3e673fb2
bf8c3f8e
bdca4091
3f8c4037
bfdabff8
40c2be1a
40e13e50
bc44406e
4019c009
40763fd5
40aa3ffd
40a03e64
40114002
bf6f4006
bfa6bfb9
409d3e9a
40c14083
4002408c
408640cd
4032c00e
3f763fd0
41054047
3fdf40bf
40473f27
409ebfe5
40b13fad
40f14070
3f55409e
40874083
bf4b40ef
3fc1be44
bfdd3fce
bf444000
3f763edf
bfe1408f
3d8e3fb2
3edb3eb7
402abfbf
3f9dbffb
40aa40d5
bfd1403d
409abeed
3d8f3fbc
3f8540c0
3ed7c00d
40e13fac
beff4041
3fec3b96
bf9b4052
3f8840e4
40b74025
40d1400d
bf3b4006
bf3240d1
408c3fa2
400f403a
bfaa4021
3fee4044
beb64028
bff6bfae
40c6401d
410f3fe0
3f4e401f
be9b40e4
bfcb40e5
4092bd5d
404a401f
3f01be9f
3f4e4075
3f9840da
c009400d
40cd405a
3fd9bfcc
bfb2406f
bfccbfd8
405a4003
4085bfba
3e523f83
3f173f86
407f405e
c00f3fd3
405f3f8b
3f93bf65
403d4073
408c4074
40e63fac
4104408a
bf3e403f
406cbff7
3e683feb
409fbee2
40a93f74
3f26bff6
bf603f57
40be40a5
40cc3f4a
40fa3fb7
40154013
3fbd4083
bf4140ea
3e73401c
408cbfa7
3eec3fc2
be17bf33
4043bf11
4050400b
4092bfb8
3f06409b
3ffa4099
407bbe5a
bfe74032
3e6c3f85
bd1a3fe5
bfa840a2
40b3409a
40c53eb3
4101be03
3f0740ba
3ec040ef
40c0c015
40d1bf00
c0324083
3f303f85
3eb73f51
40864089
4081be95
c03e3e7d
be1440b6
3ffc3fad
40014036
bff34026
3fe1bf53
3fc94067
40843fe1
40b940a2
40e7bd5d
40c74015
3fd2bfab
3fa13f2d
bf6b3f83
be5c3f86
4084401f
3e2f4014
3e9f4095
bfa64014
bec8bef0
3fa1407f
be464095
3f8f40b6
40524062
bfd5bc12
4106bea2
3e604070
3f3cbdb7
40bcc028
3f5d3e61
410f4072
bf113fd4
3ffdbfeb
40264088
3fc33fc2
40b8405a
3c7d3f67
404b407a
3fee40eb
40a53f12
4018be31
befb4093
bf64408a
bfd13f4a
3dfd3f1f
40984059
3f8c40ab
4082bf17
407a4097
40d64017
bfa2bf2b
3d6f4016
bf993fb7
405f40d6
407a3fbd
3dde3fb9
3ec840b0
3fac4091
400cbf3b
bfccbf3e
410dbf8d
400b4095
3f953f65
408840d2
c009be18
bf70bf95
bf634077
400d4092
40673c5a
407dbf39
40163ed9
3f814089
402340ec
408e410b
40b8bf57
bfa24002
bf25bf46
40464031
40853b3a
40d0bf72
40ad4067
3fb03fc3
3ef44027
3fe94036
3eea3f1c
40b9402e
3ee2bfcb
4058bf98
bff23fd0
bfdf4024
bf01407b
bf274089
3f7940e0
40b9410c
408f401f
c03a408e
3fa4bf3f
3ffc40ea
3f78c02e
3fd83e8c
40dc3fee
bf1140ab
405d405f
400d3f1d
40d23f2b
40d63fde
403640b6
4031404d
400fbf8a
4097bf7f
bf733fba
be90bfd2
bf81bec4
40824038
40973f44
4107bf97
401b3f3f
3f95402c
40624104
3fea4040
40cc3e95
3fe8be48
bf1c4066
3ecec00d
40893f7b
bfdf4028
3f933f84
bf82bfc4
40ba3f7d
3fe63e90
3fca4056
401e40ac
3fa34097
40a53f8f
404c3f75
40c33f88
3ee04032
3f124078
4051bf7d
3ff04038
40cf3ee7
401d3f87
bfab4048
3ff34088
bf6c3fe6
40c44016
3fcf405e
3fa9404a
3f3b40b3
bffe3f4a
40cd3e95
40384036
bfa23f83
3fa1bfc4
3f8c402f
403d408e
3ffa3f7b
bf893d2b
3fa8bfcf
408b4017
3f2c3ebd
ba833ffe
3f9e4059
bf9c4097
40ac3e3b
41054049
3fff403c
be77bf7e
bff8407d
bf1abec0
40cebf90
bd304039
bf41bf04
404340bc
40cabd13
c006bf47
3fec4074
bc81bf12
4078c03e
40984037
40a2bfb2
3fcebf4b
3fc03ead
409e409b
bfd74031
410a3ff8
be3540a2
405fc006
408ec038
4082beec
4109403a
be9e402c
bedebe08
3fb040b6
40633fc7
40e7bf72
3b78bef3
40284024
bfe0c010
bdca3f7d
bf9b4050
3f113f9f
3e21bfba
bfac400a
4045400e
bfd84034
3ec7bea6
3f59bed2
406e40a9
bec6400d
bfdf402d
3ff740a2
bf3abe7e
40af40ef
40cb4009
bf673fc8
bf403e86
3f653f54
40a7407b
bfc14008
40b5bee8
3ec94071
4039bff4
4078c03d
4025401f
408abfb1
bf2e4047
408abd50
bf143e30
bf14402b
3fb03f32
3dac3f0d
3f5d3fe0
402140d4
3f74beed
404a4018
3ef03f73
40083e6d
4098bf35
409f3fdd
4093bf2b
4019bfcd
4079bfcc
bf444077
bfa7be92
3eedbf0e
bf70bf2e
402a407d
407440f6
408e402b
40024081
40234004
3fd2bf6c
403c4026
be633fc1
c029408e
3f86bf75
3fa53f8a
bf6bbdda
bf7e3f9c
c03a4071
3f2f3d8d
bee640b6
3f1b3f93
3fa73fc2
408e4044
3ff03f93
bf8d40c5
40ae3f26
409a3ffe
40873fe4
40033ff5
40874080
bf72bf94
bec14029
bfaa404c
402b40b0
bfba403f
403a4080
be7dbea0
3fe1bf81
bf6dbf87
402340e3
40834093
40983ecb
401f4089
3f02bf9b
4008bf49
40b04026
3f3a3c4f
bf8fbf19
3f6d40a0
40583f87
3f0840bf
bf574035
bf693ec1
3f483fe6
bfb440a4
3dca4067
40713f00
4086bfa0
401e3f9b
3f72bfdf
40b43f8a
3f303fed
bf733ecc
3f9bbeb8
3d92bff6
3f383f29
40bb4035
3fb2bf1b
403740a8
bf1e40d9
3ff340cb
c00e3dfa
40cb4081
402fbeae
bf8240e2
408e3e47
3fffbe84
409d4022
3f0e3f8d
40354005
bf53c001
3fafbe9b
c01c404f
3f9b4050
403ec01b
406240f4
408b3e1a
410abf35
3fd04011
be874044
4073bf93
4002400c
3ff23fda
3e874086
3f1d40b5
40894015
40554029
40e5404b
3ffb407f
3ffc3fb1
40503fb1
bff93f72
3fc73fa0
3fca403b
40644040
3f923d3d
40a64009
410d3e36
be20bf97
3f8b40f0
40bc3f8e
3fd23ff7
41024084
bee7bf98
be4d40ac
3fe3410e
40d43db2
407f3f83
be1d4084
4021bfa8
4016bef6
404dbedb
41083f47
be8ebf7d
40733e8a
404cbec3
3f9e3f2e
40923fee
3da3409d
3ee24060
3efe4042
3e193fd2
c0203f1b
3f9c4031
bfb0bf9d
bf7d4101
3f18bf48
4100bfab
bee0bfc2
3f9840d3
40413ffb
3ff23efa
40e8402c
3cb240be
bfbe40ac
3ecc40e9
bf053fc9
40824065
402a3f9a
4037406d
40af40d8
be344013
40f1400d
bf0a4085
3ef44082
3fe93fd4
40883fa8
410bbf27
4011402e
3f534072
3fb2bf8d
3e11bded
3ee0be9c
401940b9
403c408b
40594041
3eaebf06
c0294089
3fa63f9a
bf083fba
3fbebec7
3c3c3ef1
40f24021
402ebe8e
403e40ed
40a53e26
403cbf64
bf213fc1
401440c0
bd2140a7
407d4105
3f503f78
c001bf4d
3f6040b1
bd77407f
bf81bfdb
bfe1401c
403a4041
403a409b
bf9dbee7
bfc5402b
402c3f0b
4107bf1a
40223f69
405940ea
bf9a3fb6
3e86bf25
40bdbe06
3f6a401e
3de3bff1
40274077
be143f27
401dbf85
bd0a3fc4
3ff64004
bfff4083
4051401d
beba3fa6
be244027
bf5840bc
408f408b
4058be11
41034079
403840a6
3fac4036
406b3fdf
3fc54012
40b54023
bf48409b
4069bf47
3fe4410e
befcbf62
3fb83f45
bf603f92
bf8f405f
be7ebf97
408c3f3a
3f704057
be993fb4
bf4b400b
bd8f40c1
40c53ff2
3fd0bfaf
3de14088
406e4083
3fa8bfd1
4056bda5
bfd84000
bf054026
3e02bfb1
3fc83ff9
40abbf70
c00e4017
3e2c40ad
bf9dbfdf
3fc640e1
4053bf6b
400e3f28
3faa4080
3ebc3f95
3f624102
40e73ff9
be934019
40004022
3fa9409d
bf03bf9e
3f18be88
40b6406b
403240b0
3f7c4079
40904043
4083bf3c
c02d4084
40274095
bfb340ba
4040bede
40c5bd99
40c43d57
402140bc
401140b0
bfe5409e
40b43f6b
c00d406b
be8f4092
bf4dbeb5
3f7bc006
4064beaf
4059403e
40244080
bf8f40e2
bfcc4109
40183f72
40e14080
3eb33f94
40234073
40b13ecd
bf95403f
41064082
3eb7408f
bd54409c
408d40a7
40cdbe52
406cbf9b
3e4f4029
4087402e
40084063
407e403b
407a4080
3fcfbf66
406d401b
400bc016
40a2bee3
40a3bf10
4024401e
408dbf1c
40bdbf93
3fc5bf23
408d3fe6
bf753f0c
3f3240c2
40404097
4090403f
3f38bf98
bd63bfa7
4087c003
4044bf1a
3ff3bf64
bfb14045
3fd740a2
4015be8a
bee440c3
3fa3be67
40fdbf5e
3f47408f
401c3fd9
409b40bc
4099bf32
400f4047
3fc8bf99
406840a5
be7a4018
bf0e4015
41053ecc
3f7bbf85
be8e40c9
40a8409f
40bb3fb5
4063403d
3fe53fbc
be273e07
408f405b
bf60bf6a
bfdf4020
3e383f24
406cbf85
3d163ff4
bfa23fd2
3f9a3e7b
3ebdbff9
3f954088
3fb33fba
40d93f8b
401c4007
be5cbf11
bfb140cb
bf82409b
406c3fa8
40ea3ff4
3f043ff7
408abeea
3f82bfdb
409f3d85
bebd4009
3fa33fce
408d40c9
bf984039
bf133f08
40b03fad
3f3b4030
be344072
409140e5
409e3f65
3fb74059
3fc9be80
3ee740d4
4024bfa0
404e3fb2
bcaf3ffe
3fc03f9f
405dbf37
3fc7c004
40314027
3ef8bea4
3fc9bf97
3dfcbfe9
be054028
3fae403c
4059402f
3ffd4083
40823f66
3f2540dd
40ba4021
405b3f67
3fb23e11
407940d7
3f573d2a
40843f89
bfd6bea1
400940bf
bf484091
4044bf68
409ebeec
40d7bfa8
be4f3ebf
40384081
40a1408e
3eab3fed
c020bec5
40183c7c
3fe13ff7
bf6a410d
3fcabe9e
407b4082
401e3fe9
3fbe3f3c
bfe23fbb
3ff14010
3fdbbf26
40383f88
407e3f99
bf49408f
bf9e3ea3
40b93db5
402c408a
3f2ec016
40a84094
409ebef0
40ad3f9b
3fa040be
408e400d
408940c1
40503d92
40a43fd3
40093f7a
4034bf8b
3fd840b1
3f3c3f1d
3fb6401d
3fb93fa0
be83beda
beeb40f1
bef9bd34
3fe0bd15
3f23be80
4086408a
bfb440de
40033fe9
3fe33f42
3f63bf90
40264074
40604021
3f8b4033
40cf3fe9
3ec23f59
4087401e
409040da
3fbb4013
c0034043
401c409b
406d3d6d
3f8e4009
c00aba67
408cbfbd
3f0d402e
bf85bd18
40aa40ce
3f44403d
41094068
40333f38
40413f86
bf40404c
bfe93fd7
c0074014
3f80404e
3dbc40d5
40103e22
3e1ebe90
40ef3fa9
400a408e
40414033
40533f2a
40bebf36
40753fd1
3fd94001
3ccc406c
bf2a3fe3
40ac3fc0
404c3f29
3fcf4029
401abe3b
3f7340ef
c00bbf7a
c010beff
3d74407e
3fc23f70
408340cc
bf543eff
40e03ed8
bf7a40b2
3e6c40a6
4094c022
3f823fa0
c00cbf08
3fdf4060
406d4099
3f40409b
bfea3f20
40624090
40284072
be353f8e
3fc74071
3f62bf7f
40fe403d
3f87bf20
4057bede
bf91bf2f
c00e402d
40844007
4021bcc6
3f1c4070
bf9a3fb4
bf103fd0
40ac4029
3fadbe24
40724018
beba3fa9
40593fcf
3f563f62
40323f65
408940dc
bfe440a9
40cebf28
40a43f07
bf514001
3fa240a1
40b24097
40ec3fe6
40763e9a
bcd14036
404c4014
40713f2e
40eebe84
402b3f15
3fc3bea1
3f544015
4014403b
c0093f7a
bdde4015
402cbfd6
bf9dbf38
3f9d4084
40ef3eb3
3c1d3f04
4028bfd5
3e9540c8
bf783fb7
40964039
bf2d4087
3d833f71
40284030
3eb440d7
40c4bf53
3e223f37
3fbe3f86
408a406e
4012bf73
40dbbe58
bf4abf3a
3ed5beb1
bf933e79
bfaf3edb
40d34038
40734074
4003400b
40814080
4021c030
4043400e
3fdbbe30
40254024
4087bf6f
bfb240e7
40a6bf5f
bfec3feb
3e8abfde
3fbabeb5
40773fd2
3d9d4030
3f58400f
3ec84033
406940a3
3fa8405e
40e83f5a
4080bf91
401f40a7
40833f3d
3f8a40b9
3fe9403e
3eacbf34
beabbf8c
4037be9d
3ef34026
4010bf1b
bfd94037
bf563fda
40564074
409f40f2
c005bee9
40cf404a
40053f88
3fdf4017
40054101
40cf3e9c
4077402a
3ea03df5
40353f0b
408ebf63
c000401b
3f704000
be764037
405bbf88
3f9b403c
403bbed0
3f44bef9
40034079
bd7d4061
400ebf40
bfcdba85
40764055
3f9640a9
40873fd6
3f2a3fb8
3f13bf2d
bf0b4042
3ebd40a3
4075bd16
4093bec2
40b84014
3f493ee8
400b3fcb
bf44403d
3f8d3ef0
400e3d9f
4101404b
3ecd3f81
40624056
40aa409c
40933f7b
408c404f
bf14409a
3db4be2b
407f4009
3f243f92
40e2bf06
3e203f9f
4038404f
3f10c029
403bbf33
40853fa9
40053c02
40724085
40b63e99
40e14022
bfc0403d
bf204044
3f64c00f
4077beed
400abee9
c019bf93
be5b3f3f
bfbabeb8
40a9be2e
bf09bd81
4028406b
403c3f81
3ffdc019
4095410d
3e3b3ea7
40ea3f5d
3f45bfde
bfb54057
40b53ea4
40c73fec
4104bee6
4008bfd3
40713fa4
409740a7
404e3fe9
40154062
3e243faf
3ffb400b
3f8e3e9d
40913fe3
3eaa404f
3fa9409c
406c3e8c
405ebf82
c01a4012
40efbf17
3f01bfcd
404f40b2
4096c01d
40c9402e
406d3f82
3fd040af
be52403e
40bf40a5
40c0bf3b
3f89408d
3fd24099
40123ebc
3fd7402f
402e3fe4
40a7befb
3fb93fb1
405540b1
bf43410e
40803fff
3fff3ff5
3fff4092
405640ca
bf07c007
3fad3f8e
40273ef4
3df34099
3f7d4071
408c406f
40d73eef
40e5bfb4
4010bfcd
400b409c
402dbf2b
40523f94
4044404d
3e72bf7b
408640bf
3f2840a9
3fd5be12
3fc8bf75
bf44bfbb
3e56bffb
407f4097
bd743f24
bdc54084
400f4045
4047c00b
3fd5409f
be3dbef6
4018bf82
3f40bee5
bf8a4070
409b40bb
403d4036
c0274006
be5f409b
3e8040d8
bee640ba
409d402a
bef54030
3fe1400c
405c40ba
406340da
3d2a3fa1
bf4d3fe4
3fcf4086
4009c00b
409f4062
3d623e6f
4106bf6b
3fa63f14
3f874017
409a3d59
40ad4021
408b4048
3fbe3fea
406b4062
3fa24079
bfa5bdb5
bfb63f9e
40393e1b
3f8140b0
3f2fbfef
3e573f91
40d2407c
3f80bffb
bf693e9a
40524108
403cbebe
400e3f8f
bf7fbfd1
4031bf97
3fca3fd0
3eab3faa
4097403f
401cbf3e
bf663fba
4086c00c
bfbe3f7f
408c3f2c
3fa7bfd0
bf06be33
40893f38
40843f91
bffe408f
bf4940a0
bf903f31
bf064021
3fac3ee0
40624044
be9b4092
3fc6bf15
3fba40df
40c64026
40074052
bf0b3f32
3ffa4056
bf174047
40ab4031
40263f06
4005be5d
3fe840ed
4017408c
40623fdd
4083bf7b
3efd40bd
401b406e
3f8440df
40ec3fe8
c01a4005
3fca408a
3f4540b6
3fc53bfb
3fef3ff5
3f1e3ea1
3f5cbf19
407b4054
400a3efb
409e3d8a
41043ec4
400d4051
3f62bfae
40a8bfbd
bdacbea3
4103bf90
40244048
be1dbf71
409a3fe7
40973f4a
c001408a
3fc9403a
3e3f40d0
3ee43f32
40303f28
40b34068
3eabbff6
beb540af
400240ab
40284021
40d23ff9
3f4d3f42
406640cd
401340f1
407f402c
40c3403f
402340a2
4065bfb7
3c853fd5
40ce3f7a
bf163fc2
be8a40a5
3ec640c2
bf8dbf67
40b0bf0d
c00a4030
bebd3fa4
403f40b5
bff740e4
bec53fc3
c038bf88
3ff94092
bddb40e6
401b40fb
401d3f23
401a4039
3f4f4019
bec74086
40074094
4080403c
401d4055
3f6b4083
40634050
40a5bfbd
40b54039
3c84bf23
bdad40a3
be014048
4086406b
bf17bf0f
3feb405f
bf68bfd5
3e894032
3fbe3fef
405d3fae
bf854000
3f9e407c
3fc4beeb
3f77c03f
40e63f6c
40464019
bf4d405e
3d08c018
bf7fc034
40063fb4
4109bc72
3eeebf71
be0240a5
40073e00
3fffbe02
be92beae
3f524099
3fc73fd9
3f5840b6
40953fdb
bfc9bfa7
bf013e9a
3fe03f9e
408c40c8
402c4016
40d14002
3fdb404d
4043409b
3fa93f9e
bcb3bf13
3e5e3f00
3ff640b1
3f1a40ed
3e8b3f0a
bdd44032
40d3408d
3eb23fc3
bfaf3ed6
4086be50
40213e07
40a94087
bf193f71
40414021
bf9e40b6
40b53e40
be66bf54
3fab4070
401b40ae
40a9bf81
4012bdc3
3fbc3fd7
3f993eb6
3dd94049
bfb14003
3f4b402c
c01d3fdd
402a4046
406e3db2
bfc23e52
3fb43f4f
3ffa4063
403940b9
4011bfa2
3f43403a
c00c3f8d
bfcfbf49
3fb8406e
400940bb
40a5409a
bfe9bec5
40743f48
3f98409c
4087bede
3f453fef
3fc6402f
3fa5bf97
3ee33f20
4088407e
404b40f1
4033401c
bf2b3e0b
3f9e4017
bf9740d1
406e4089
3fbf3e9d
40c9bfac
3f8540bc
4011c01a
408fbfda
40524032
40694073
40383f36
406b408a
409640e5
becc3f8c
40884011
3f24bf4a
4004bf4d
4077c016
40634034
3eb4408c
40204078
407d3f9f
40a7410b
40913ed1
bde04090
3fef3f96
3ea9c007
3fe94110
3f6f3f9d
c02b3fb7
3f613ffd
405e3fd6
4014bfbd
40c54039
41104082
400040bb
3fc43e5b
beae40b1
40953f5d
4092408e
3eb13ff8
405e40de
40564110
40e4bea1
40043fb5
3e5dbf18
4049bef5
bf6f40ee
40e3beda
3e8f3df3
3fecbfda
401b40a6
bf284107
be4abf72
40913e87
400a4085
bed8bf10
40444022
409e3fc8
bf7a4010
3f15402e
40814001
400e3fdb
40b63e09
40d13d61
bf293d34
3fff40b8
409340a5
40cdbf31
40b7404a
3fe13e15
408e404a
bbf8bfff
40353f26
4045be4e
402e40ba
402740b7
4026bf53
bfa03f51
41044052
3f46bfff
403340b9
40573fb3
3d2e3f9a
40abbe34
3f514093
bef840b9
401bbf4e
3e523f1e
3e1bbf96
bf1a3ed9
bf1e3f92
bf964075
408c3fb9
410e4027
400840a2
bf593d55
3e0a410c
409b3f3c
bfda3f7a
3fad4009
3fa5c006
3fd8bf10
3f0ebee2
40913feb
3e334087
405e4028
bf2fc01f
bf2bbf16
3f3b3f0a
40204045
bfbb40a3
40863ff3
405d3f43
bf90bf29
3f453f01
3f8840df
be8e4019
40b83e3c
40da4073
3ff93eb5
409040b7
bf3d40ef
3fccbe74
3de8bfbd
bf7c403d
be5b4070
409fbebd
404cbf7c
4039bf8d
be8f4000
40614063
40be4089
40ec3f0b
3f8e4045
3f5d4070
402740cb
408640aa
bfdb3f6a
404b4080
3fcd408e
3f113fef
40813fe9
40c44012
406e4031
3fbdbfde
3f5640d4
3df440f4
bef34039
3f3a3fe3
402fbf86
3ec340ac
40ad40cf
c0163fc0
40e14053
3cfcbfd8
4036409f
400240cb
405d4025
40f93f4c
3fe33f89
bf5c40e4
4005bde7
3fcf3fc6
40dabfa4
3f8b4062
401640c6
40bbbf43
bf953fb7
408dbfb6
3fc93f9e
4050400b
404440c5
40514026
40d14044
3ff6bffb
bf54c004
3f843f2a
be8d401a
bfdd3f00
3ef94074
404cbffd
4099be36
bf0d3f42
40de3f8b
3f694096
4052bf42
bff04107
408d4007
3ff34030
3e7a4096
bf0c3f64
401540ac
40d94037
409e403a
3f3640a7
be2640e6
40513e15
40edbf58
3eae3fab
bf003f82
4090be66
bea340b4
40984034
40cb4037
3fb9bf48
bf633f16
407ac00a
40963f69
409f401d
bedb3d8c
3f3c3fbd
3fb040f2
404ebf2a
4027bfa3
3fbf40b4
3ee740e2
402c40cd
3fd03f9f
be51406b
3f73becc
3f8640b8
3ee34038
3ee6bf18
befd4052
3f90bee6
400b4094
405bbf62
40093e9e
40ba4029
3f83408c
3fc440ef
407dc01e
bfd84002
404e3ff5
be94be91
3fd7407b
bfd940ac
400d3f61
40843faf
4024bec5
406b40cb
40994105
3ff3403d
3fc9beec
4011408d
4014bf5c
bf8440aa
3f5dbf80
c0084087
3f7e40b4
3fe040b5
3fbbbfbe
40b83ff2
409e3f93
400e406b
40083fc6
406cbf60
c014be9e
bf55407f
40173fcf
3f8540ea
4017be24
40733f38
404ebd24
bf504092
400040f0
40703ffb
40773f0f
c01b4070
be6fbd54
3ea940b6
bfc8be08
40523e6d
40f3bf39
403d4006
4012bf40
3fff40ba
404c3df1
3feabf5b
bedebe1f
3fbcbfbf
bfbd403d
408c3db0
c03b4041
3f1fbebc
40594089
40bc407a
4081401e
be303f23
3fb23f84
408dbfa8
3f264096
40cabc1b
bed93f7e
bdfe3e5d
be6f4029
4064bff6
4094bf59
41094034
be8d4001
3f1c4008
40b63fd0
40e3403c
41003fb5
3f7d40af
bdc2bfe7
4029bf44
404a4035
408c4084
bed5bfc6
40263fde
402e4040
40de3fb5
40bc3f83
3ffb3ee8
bea540bb
bfcb40a5
40b13fe5
3fda3ffe
bf724023
bf04408a
40924102
be19bf45
40b04081
401540be
40304095
4085bf81
3ef83faf
40c43ed8
3f044087
407ebfee
3fcb4109
40c63f9b
403a3f13
3f0740a4
400940da
400a40ca
3ea8403d
40993f8a
40164096
404a4094
be85be3d
40a83e5d
c02c3fb4
3fd940b8
bf34bfc5
408c4009
40cc401f
4066bf32
40243f8f
3ed94055
407a40ed
4079403c
40edbea8
be6e3f78
40203ff3
bfd2c012
3f5d3f31
4081407e
3f41405d
3e7a4098
becebf6d
3ff8be72
4103bd33
40034059
3fca407d
4014403a
3d5e4018
40313fb2
3e183fca
3f024071
408f4027
bf89bf80
40993fc0
3e733f63
3f47bf93
4018bee7
3f953e51
40423fd7
3f0a4031
40874088
40b23fa4
40d43f8b
4081407e
3f2640b7
3e484082
404c40be
3f8e4036
40504085
3f3b3fb0
403bbfc7
40b0402e
40ca4010
c025401b
3fc2bed7
40883e93
3f89bbcd
408d3ec1
40944057
bf7f3f82
40883fb7
40a13f44
4056bdcd
40a14075
40294068
40784057
409740d5
40a7bf67
410a3fb3
3efa4030
402240e1
bffcc011
3f173f83
40f54015
400abded
bf194058
3ff8c02d
40da3f39
410a408a
40313e31
3e99404c
40bc400a
3fa43fd1
3f2abf9d
bf1c3f84
407440d6
bf97407a
40aabd35
c003bfa6
403c3f4d
bf39bf9a
40a240d2
3fdbbd22
c0004061
3f734065
bf6840e7
409fbf9a
4047401e
407dbd7b
3ef24046
3f9abf7b
406bbf6e
4031bf0a
c00d3fff
3e9d4021
3f1940a9
3f654031
40a83f58
3f883f84
3e623f86
3f2d408f
be2bbfe9
40dd3faf
3f9f402c
3e774098
bf683cf2
406dbe20
bfedbf7d
400e4041
40273fe7
bf7c40a2
4075402c
40993e04
40da3fd8
3ef94039
401a4083
401ebf80
40c53f13
40e5405d
40373e0d
3f8e401f
40ad40fb
40bcbde4
40463f87
3fb53fd8
bf913fb3
3ff3bfd1
bf743fe3
4018bf83
bf5e4099
4042c017
40423fd1
bf32bf36
3fb64053
bf503ed6
3fee4083
40a54064
4064bdfc
409e4012
bf143ffc
407240b9
3f993e18
3fcb4031
c025bf9d
3f414025
be883cb0
404940cc
bece3fca
40b7bfbd
3f83409a
3fa53fd2
bf9e406e
3ea03f84
40ff4006
40304096
bf3040a8
3eae400f
4032bc88
3fb64073
3f674094
beb740eb
3b78be8e
40853efe
410d4070
3eac3e96
40534054
3fff409e
407bbf79
be773f68
402e403f
401840dc
40b540a9
3f843fe6
41054072
bf4440b8
407b3fb1
3fc63e9f
3f9abf23
40b23f94
bf193fde
40153f23
407f40e5
404dbf20
408e3ff4
40323fe3
40183eed
404f403c
bff63f95
3e923f43
3edc3f1f
3fedbf30
bf87bfcc
40663fad
3f5e3eff
3fc94023
401240bb
4081410a
40cdbea9
40c44032
3f99bf95
bf5540c6
bc424106
bdb8403e
40ccbfbc
3fa1bf73
be0abf2e
4039409a
bf9c3f8f
bf99bb5e
3f09be30
3f9dc012
40283f8e
3ed9bf4f
4105bf25
3ff03eb8
405c408f
3d1e3fe3
3ff9bf7d
40884081
3ef9bf86
407ebeed
408ebf49
402c400d
407d3d13
be223f5d
3e373f40
3f21410a
3f7d3f96
be3abefd
bf5fbf95
3ffe408f
beac4085
40963fda
40e1bf35
3ff63e93
3f834005
403e403a
40ed3f01
bd853f85
bf554034
bf6a4095
404d40e4
40c23f00
c00b3f8f
bec23ea4
3f18bfe0
bfdac029
40e94027
408b4059
40103fdc
402f3fbc
bffe408a
bf163db5
40ea4083
3ff74018
3fcb408c
3f1bbfdb
3fe83fca
40d03ea5
3e6d3fad
402b40d0
4080bff9
40cb4021
40fc3f0d
3e9b3efc
3f7740a8
404e410a
40be3fcb
401c4088
402e4022
404b4048
4093bf58
40d9bf3b
40bcbf8e
be8f3fec
3fd5402b
400c3ec9
beb6403e
c03ebf05
3f49bfb5
bdc43fd2
be213fbf
40aebf4f
40d7402f
4021406c
3fbfbfe4
3f993e7f
408f3f58
40483e40
bf683f9f
3ea640bb
3ef7bfca
bee33f4c
40cbbee9
3f5ebf76
3e9e4075
40473fb4
3fc84020
bfec408f
3e993f13
bf303fd2
3f58403d
40e14005
40bf402c
402f4097
bf9b4022
bf9c410c
bfcd3ebe
3fc0403c
bee23fe3
3fb5bfdf
bfa1be53
3cffbf47
bf163e9b
3f2040a3
402ebfcd
4068bfaf
3c473ee1
3fa93fd9
bf254025
4030bfb0
400b409c
40e23f79
be3a4074
3ed43f92
40863f0a
bfd94053
3fd73f15
4090404d
4040bf7e
403a3ec9
4057404c
401b3f3b
4025bf33
3d63bf93
3fb3408f
bfd54085
bf8c3e20
4071bf3d
3fe9bf32
4013bf85
409440e5
40d13f8d
40c2be13
40023f95
3fdf40c8
beb240d7
408abf62
c01b4060
bf0c409d
3fafbfdb
4095403f
40213faf
3f253fd6
be5f3e40
3f3540dc
3f0cc02a
4098401e
40413faa
3e254096
401640dc
40b7bf9c
40b83e34
c00f3d54
bf56408e
bede40b7
bfa64102
3ffb3f61
410b3e59
3f1340ad
401b401f
bedf40ce
3f02bf2e
bfc03f74
3f47bf3a
bfba4095
4084408a
40b6be10
40104085
3fff4083
402640c4
40ba4073
40223ffc
41024045
bf234001
3fa34010
3f1f3ff4
bf2f3d48
c0273ecb
3ffbbec6
bfa6403b
40b83ec7
40463f0d
40b6bd19
3fbf3f4d
4007bfa9
40a4bed5
406b3f58
405d3e5b
3fe3be96
bf6abfee
40833f88
40d3be20
408fbed4
4031bfde
4083bf92
bf234022
40d6be97
40c1403e
bf5240b3
4079bfa2
400dbdd6
4041400b
41034083
402e3d80
bfa040bf
3fe040a5
40d03f14
c0373fb2
be433fff
3f5e40db
40234101
bfbbbf12
408e4002
3f913e0f
40214057
3f2abfcf
40143f22
bfbc4075
4006bf3f
4068bf78
3f7f3f30
405a4029
3f534081
40263f4e
bf57bf9f
4057bfc1
bd523e83
3fb33e22
bed640be
4014bfcd
3fc4405c
3efd4036
40924033
3fe03ffc
401740e2
4091bfb8
40cf4003
40d23ff1
bdbc3fd6
40493f8a
4074410d
bf9f3fce
40efbfbd
3f6340a0
bf5c3fe8
401b4093
4010bda0
401cbe58
3fc940ab
403540ae
407e4085
40e4402d
4084bfae
3e594054
3fd84021
408140dc
bfad3b00
41034026
3ff7bfd2
40444014
40a140ac
bdba3f99
40b43fc0
401f402b
4058401b
bff140a6
4005400f
bf8d4002
3f4e4040
3f014092
40754101
40764029
bfc0bf57
3f6b4064
406ebf54
bf3fc037
405cbf63
c008408d
402ebec3
400cbfbb
be33bf1b
be863f09
4015bd75
bf72408f
408440ab
3fa3409c
3f8bbeaf
3f83bfa0
3fbabeec
400a405c
3daa40ba
40c4bf7b
3f003eff
3f5c409d
408a3dea
3fb9409b
bf9a402c
bf61bf9a
3f774006
3f3640cd
40523e9b
40a14024
40e7bfab
40364022
3eac40b2
3fa1bca4
3ef4bed8
4107bfa6
3ee34081
3fb0c014
bfdb408c
3eb2bf26
3f41402e
3f65bff1
be1c40e0
403dbf98
3fe03ffb
4061408d
bed7bffd
402ac013
40a0c030
be413fa0
c0193e7f
bf2dbfcd
406040bc
401bc037
3ca5be83
41033f83
3f314076
402a3fb7
bfa3bfd9
4095400e
40f84056
bf1340b7
406d40ea
407640bc
40ae3f7a
40f64014
403d4026
3f68bf49
be6f40dd
407c3f09
40afbf01
be9a409d
bfb0bf8e
4084bf73
3faabf2c
becf407c
3f96bf9c
408140cb
40a640fc
c0173ed4
408a4075
3ee04030
bf8c3f4c
4093410d
40a43fb2
40c3407f
bf0f403e
406b3eba
bf21c017
3fba400e
3f92bf25
3fc740bd
3f694019
bf4cc02b
3fcd402a
c0013e8c
3fbe3f1d
bea34040
bf6440c6
400c4002
4023bf79
3ff43ea6
bfab3ffd
bfe74016
40573f05
40ae3e8f
3fb34001
40193f59
4031409f
408d4040
41013fea
bf174089
3feb4076
402fc037
bd54400f
409d4073
bf76be87
3fb84008
bfb23da9
bfb93e20
4076bfbe
400a3faf
bf9abfff
bee94091
bfb0bf0e
40a6400f
401a4005
be4f3fc4
3e97c005
3f9ebec9
40ce3f83
3fe2bfbd
407e4091
3fed4105
bffd3fef
409cbf86
3fe540ae
bfacbffc
bfe1405a
40823fd1
407f4081
403cbf33
40684093
bf06bfa9
c0153f91
3f08bec9
3fa340ba
401fbf90
be50410b
bedd3f8e
be773e8c
3faa4022
408840a0
408b40b4
40564011
3ea53fff
4035403b
40033fd1
407640af
3e354012
3e4e404b
3fbc4008
407f40e0
40034066
3e063f65
401d404b
40224012
bdf740e4
408e40ad
3eac4009
40ad3fab
3d1e4070
bee740d4
4075bee2
3f063fd9
be2b4079
3f223f90
bf9040ec
bf0440f4
3f393f52
40f33e98
bf103d9e
4023bf6b
bfb8bfb1
bf713e95
40833f3a
401d40b1
404d40a4
40b33fe3
40d74033
400d3f93
40354088
3efbbfa1
403a40e1
3f023ef3
4015402f
3ffb4080
4005c00d
3f2f4091
406ebe06
bf604016
40173f7e
405a3fad
3da04084
40983fdd
bffb4001
4024406c
bf8440cb
40864105
40b23fec
c0034087
be8b3f44
3f9fbfd2
bfbc3eef
40413c9a
c01c3fa1
bedebfeb
40904065
40894043
bfb73f3f
40324051
3fb840be
bdd240e1
407c407d
408cbe85
c0293f83
bd5e3f9d
3f0a407f
40a43dbc
40e24017
3d92401a
3fda4021
40723f6b
3fff3fa1
409b3f0f
4040405a
3e053fec
4063bf83
405b3e78
40433e0e
bf1e4086
3f7f4044
401d409a
408a3da7
401c3d9e
3f0a3f9f
3fb1bfb1
3fdc40a7
bfa5c034
4077400f
bfcf3fba
400b408c
be7540d5
4082401a
bfd94022
40e1bec2
400c4087
408f3fdc
3fa2bf80
40d4bed4
41023f52
3fd34037
3f8a400c
40c040ad
40c6bdc2
40bdbe40
be973bc9
405c3f65
40654106
401f3fc4
bff2bfbc
3fdc3e97
bccb3f25
40babfbb
40424033
40924081
401a4099
bf2b4033
3f2f4032
40944033
be1c403f
3f9dbec8
4080408b
bf2840f6
3f4f3fcc
c00fbf78
bdf7bfe4
404040a5
bf28bea1
40b4402b
bfcfbf80
3fbe4061
40144041
3f0140f2
bfc2401c
3fef4089
bf33401c
404c4071
40adc018
404c3f56
3fac4005
401a3ef2
3f91bff8
403240e7
bfe63f4e
3f19be9d
be463fe6
3f1a3eb7
bfb8c001
c01e3fef
4105be42
40324042
403d40ad
406f4022
40dc3fc9
40f84004
3fe6409a
3fdebf73
40b33f8d
40d6400d
40ae3f95
3fbfbfda
40263f89
40953f8a
c0093f3b
3faa3fdf
beb53f34
bf0ec01d
4046410e
3fd33f18
bfd43fab
3fffbf85
bddc3fb8
be4840f8
bf94beb2
3eb9bf22
3ef9409d
4070400d
4018c03c
40b54007
4037408e
403c40c0
3f8c40d5
3fa3bf96
bf4a4036
40344073
3e954005
40583f1f
402140e8
40b2bf00
3f844026
3fd1402c
bfa8bec1
3f564102
401e3f8e
40babed5
bf753fcc
bfa73f01
3ff14088
bfaf3ffa
40bcbf27
3e7240ac
3ffbbe86
40b74107
40903fe8
401fbf1f
40234052
3d5d3feb
405b4108
407d3f41
41084015
3efabf3f
401a4090
40b840cb
3e983f8c
41103fde
bf623ff8
bfb4c004
40ba410b
c0073fa1
40f83fba
3fa6bf98
3fff3fe7
3ff13e95
bfdabdb8
3f893e55
4034be9f
401dbf0f
bf9f4035
3dca3fdd
40774054
be9f3ff5
3ffc3f93
3f3740b4
3f9abc8c
3fcb3e67
bed84013
bf1940c7
40b64109
40113ffb
41043fa3
3efa3fc8
401340ef
400040fe
bf853eae
bfc54032
40163fcf
3fca409c
4059410a
40e5400a
bf254053
bf134058
4037c01d
3f543f71
bc924007
3e8a401f
be7abf6f
3eeb3f08
bfd93fc5
c0113f8b
409fbdd0
bf54bfe7
3f2a4012
40854105
40924020
40f7bef9
be5f4042
bf36402a
4038bfb7
bf5d402c
410c400f
bf6f4066
404c3ff5
bfea3f85
409a3ef6
c01f4060
bdd93f73
408a40a4
404940c1
408c402b
3eea407f
40343fed
be8a40e2
4069bff3
3f03bf5c
bd22bf86
bedb3f48
3fcc40a8
3e6d40b7
40a8bf22
40bf4084
3fbdbfbb
400840b3
bfde4065
bfdfbf40
3fc9bf02
402440a7
bf26bec7
40993f65
bfd53fb4
410b3e8d
3f8e3efe
bf78406b
bfcd4098
bf57bf62
40d3bfb4
4002408c
406d3ff2
40953f67
3e9c3ff8
40d2405b
3f484040
bf95bf3b
bf974037
3e49bf60
409b3f15
401e403a
bf36bf0f
403840fe
40d5bf4e
401abf88
3fb54077
4039bfee
40264054
3f0ebf2f
bfbd4008
bef94095
bf7c3f45
3ff04098
3ec14019
4063bd38
bef03ce8
401c40ef
3fb740b1
401ebf78
3f52403c
3fb13fb0
3fe43fb6
bff540c7
40c13f99
3feebfbc
bf1b3f02
408d408a
4014400d
3fc6be95
40c6bf9d
3eaa3f82
be8ebfed
400f401f
3ea93fc4
c038404b
40393edd
4075bfa5
3fe840fc
3f283f28
40513f92
40113f4c
3f733f68
bfa3bf29
409b3f05
4103be4f
3f87400c
400b40d7
3ff2bf7c
40da3ff7
bf9a3fa6
3e8e3fcb
bed1c00e
3eba3f78
40cb4001
40d6bf8c
3fc8bf64
be00408a
3f9540d9
3e46401f
4105407b
402e4055
403e3fb7
3f26c03f
40be400f
4013408f
400940a5
3ef74043
bfa7bfa6
3ecd4029
40fb4042
4002bed7
401fbeaa
401c40c6
40914030
4100404c
bf5d40aa
be2f4021
402f3f8a
40073fad
3ff7bfa7
bd38bf9c
bfb1409f
409a40cf
40323fda
c0204088
3f0a408f
40104029
bf063fcc
40c2403b
40e14086
bf3c407b
3fd84026
40883f57
40d53fd4
40b1bfa7
bf2fbf94
bf65bdcc
3f7c410c
3f993ec4
408c3fb4
400b3f5a
bfaebf5a
408ac005
40ea4030
bfcebe9c
40224098
3f8f40c6
4036bfea
bf363f25
3fa4be8d
3dd94042
3f094058
3ef5c009
bf0b3f0d
3f384003
402b409e
403fbf50
bd524089
40b8403c
407e3ee6
402940b1
402340ec
bfb0bf38
40e7bf65
bfd23fea
3e3d3e81
403dbeec
40bc409b
406e3f6a
bfc33f3a
3f024025
403b3f8d
409bbfc8
c0063fcc
40a04001
be713f28
403240c8
406e3f89
40a44020
402f4086
3ff63fde
3ebc40cb
40a84037
3ffb4015
bf81bfa5
3fd13f1b
3ed840eb
401d4090
409d3faa
41103eae
40034044
3f9740b0
405340c8
bff64025
40813f8c
3e9e40a7
3f6e4045
3fdf4106
408c3efc
4076401b
3f6d4033
bd9b3fef
40a0c031
3dd83fdd
40c2be7c
3e1abf3b
bf103f75
4066be14
40824024
40744075
3ec14087
403240ef
40043d57
c013401b
40bfbe5b
3f313f8b
3fd4bfbc
be924088
bde43f8f
40dc3f21
3f664094
4078be40
408e4108
40a84011
bfaa4039
be9a40ad
3c4740b7
409c40ae
3f614004
4017bf54
beec4066
3fa4404b
3fb2410c
40493f85
40993fc8
3e824075
40033f62
40b7bf20
3f0abf20
c0263f2a
3d55bf45
40503fbf
bf52408c
40944020
40934067
3f5a4002
3ffa3faa
4038bf86
bf8dbe89
40673fbc
3faf3dd0
3f5bc01e
40884002
bf6bbf2f
4023402e
4030bf8c
4083bf2c
3f6bbefb
3f193f4c
404b3fb6
bf603ec7
402740ac
3d804103
40893f21
c03e3e95
bf6340b3
3fc7bf59
40a5bf85
c0093ee9
40903fdf
40243f53
403e3f9a
bfc1c00e
40e03fbd
3e454082
3f014079
3e883f3c
4011bf10
40a03fd5
409c3f8c
40123f0d
4020bf8b
bf783cd8
3f173f98
40db401c
3fbc3fc8
40774038
3f8abed9
40ba3f01
40de3f19
bd5c3fa0
4039c01d
bf1f3fd1
c01e4030
40c83e95
3f933f82
4056c004
40b340b4
3f663e1e
40db4049
403440a4
403f4044
bfbc4077
40953fc2
4032bec0
403b4036
bf1c3fa5
40974100
be793fa5
3f6fbf9b
be8f3fe1
408440a7
3fa2410b
408c3fe3
408e3f36
3f514083
3edf3f0b
40384019
40acbf02
410b401a
3f344085
3f5d4091
3fd63f01
40db4038
40b2400d
3f3840a6
bf4f406c
3f993f15
bfd73ec9
40194069
bf403fb5
407d40df
401340eb
40afbf4b
40c23ea6
401bbe33
3f2940b3
40013fc7
bf173fa3
c028bd81
3f194077
3f643f82
3e77410d
bf6c3f58
4106bf87
3f0c40ae
3dd43fe7
3edf40c4
4008402c
3fa8405a
3f714063
4029c018
40a7402f
401b3fa6
4107403d
3ee6bec0
406f3fb9
404dbee2
40e13e85
40274030
be0640ba
bd76bfb6
3f7f3e34
40763e93
3ff13fc1
3e84be1f
40304000
40b440cb
40d24017
4102401e
be15409b
404abfab
bfcd410a
bfe9bf78
40324083
bf72bf73
3faa4029
40a14029
40244020
401a3fcb
be5fbf52
408c3fc7
401bc02c
40943f6e
3f1a3f25
bede40a0
3e7cbebe
408f4063
3f464038
40553d9f
3fd04086
3f91406b
405c40e2
40914034
4083bf8d
4035bf45
4030408e
bf9d4110
406f3f70
40fb3fd9
3f1140c0
bede4074
bf8240cf
4099bf28
41094083
be5e3f90
404540c0
40ae4015
40dc3f11
bff3408d
bd9d4082
402e4091
40b240bb
3fc73fb9
bfe04084
be313ee0
402640d4
400440a0
40b23fbd
409e3fd6
4027bfb0
401640ee
40883fc9
403a3e72
40523f1c
3da53f78
407140cb
3eadc020
c01f3f96
40714025
3fa73f8c
bf103fad
bf5b409c
4080be1b
bff5403b
bd103f93
400bbf54
40644015
bffa3eea
40b63fd6
3f1040b8
4090bff3
bfc93f4e
3f9a3fb3
4088bf96
3fe940a7
401540a1
bf9cbf31
40c93fe3
3ec9be9d
40103f64
40293fcd
bf0a409b
3d764003
40463fe7
bebb4095
40454029
40393fc8
3fe8bf4e
c016be81
40193e48
407d405e
bf964087
40bc4004
40c53ee2
3ff7be8c
bfaf3f9b
40af40cb
3f953fe5
409e408b
bf214072
bed3400f
3f0440df
40424024
40ec407a
400f4047
401f409f
40adbfcb
40c9bd8a
40ebbf09
3e923fd3
3ff4bec4
405d4036
bf1abdfb
3f0a3f6c
be49bfe3
40184013
bfcd3faf
40113ea7
bee1408c
bf41405f
3f8d4057
bfde40a5
40c93e0b
bfef408c
beb14076
3f6f4046
40604010
bde3bee7
bf813fdb
be3e4060
4086408b
bf2640be
4094bdf4
3f824086
beab4066
3d634089
40ba3f9b
409a3ec0
3ea5bfb9
40074097
3f324012
400b40c1
40ef3fb5
408e3fe9
3f4140ab
40403f40
3fadc000
40ca3fd5
41063f56
3fa0bff7
3f4f40d6
3f863eb5
4047400e
40a94044
3f804032
3ba1406c
40b4bfec
40c3bf6e
3fc03e97
bf4140b8
4057403c
4083bf41
40ba403f
410c408f
3d563f47
407a3f6c
40b8400d
40a84000
4002bd7c
3fea404b
3f9640e4
4038410f
4012bf08
c037bec4
be9540c0
3f593f6d
40ac3f5e
c0103fc5
bfa6bf07
402040a2
be5c4083
40aac00c
40ce3f7c
405abf88
3f6b3f5c
3fba4092
bf7dbeb1
40c1bf5f
3fccbf1f
4028bff1
bf84bf8c
40193fa7
3ff23fb3
40ba3f93
bf5240aa
408f3f85
400f4026
40133f6f
4044bee7
3fd1409f
402a4093
40a5bf79
3f243f84
3d11bf00
bf434026
4004409e
bfbc3e17
3f58bdbc
bdfd405f
40373ff9
407fbf9d
40254051
40bf403e
400d3de3
403abe20
3ed540c6
bfd2c01a
408c3fe5
406f4064
4000bea9
3f954080
3fcd40bb
40c23fcd
bfa34007
400c4067
40374002
3f5240c0
409e3f87
40d0405c
3f963f4e
40823f50
bf784022
4050401a
3d54bf42
be05406a
406640bf
beed403b
40964017
40fb3f50
3e0b4012
3f55bfd3
40563fa0
40efbf5d
3ec24005
bf40408d
4009400b
3f4ac012
409a3f82
408ebf57
3fc64094
3fe3402e
bf5640ea
40003fe3
40ecbeee
4031408a
404540a1
4083410f
40bd4024
40fb4080
bedbbf48
40623fbd
3f7940ea
40e14018
40f5404e
3f263fff
405f4003
3ebfbf9f
4039bf63
403a4009
bed0401c
bf533f4f
4017408b
3ffa4002
40b4bdd3
3fc4bfe8
4013c001
40a840ee
bf04bea6
beaebecb
3fd5bfb3
bdec4094
40a34103
bfa43f84
40963f59
bf6f3f96
40843e37
400e40b7
40903fa6
bf924084
402d3f0c
3f49be84
400dbdab
bf9a402f
c01fbf29
bf4bbefa
4064408e
408f40fa
40183f60
c02cbfb6
bf274099
bf733e37
bf133e66
bfaf3f4a
40ab3c68
4021406c
3f184065
bf8f4011
bfe8bf6a
c031408c
3f0b4095
408abffa
406a40d6
4066bf74
40c0402e
3f8a406b
3fc440d6
40844107
3f0cbe0b
bfd44002
40223fd0
3f22408b
3f3abdca
404e3f24
40f94065
40004082
3fcdc001
40be400d
40003f7a
be553e82
3fc6408e
3fdb3fd8
40bd3f42
3e923ef9
410e402d
3fcd4033
bf8f3f18
bf0440e2
3db73fda
4043bf17
4032406f
405f3f6a
40933d40
bf1a3fa4
bfffbfa4
3f04407d
4007406b
3f974038
3f3dbf20
406dbeed
3fe6bff0
3fb7bdc7
bde140bc
4097bf01
410abf62
bf1940ac
40713e93
40a24039
3fea4038
c0203fa0
3f49bfa3
403d40e3
bf88406b
40bd3fbe
40fe3f5a
401e4066
3fb3bd9c
40a83e9c
40cdbd93
bfea3f8b
3ed54032
3f1a3fec
3f874070
3fc33f5e
41064076
bf0c4002
bf833fea
4035bfa3
3fc9be0e
4097bfa2
3fd3bfc6
40273e55
409b3fd0
bfc33fb0
be8fbfaa
bd443ff8
400cc01d
bee4bf5a
40e43fea
bf1d3ea1
401d408d
4035406a
403cc02e
40313f43
40333fc4
3fd73eeb
3fedc004
409e40c2
3fd64008
4095bf43
3f583ef4
40573e11
4027c035
40c53e79
3f764082
3e93bee2
3eefc01f
3ea4bf78
3fa03e9f
4073bf01
3f0d3f35
bf933fb1
bf0a405a
400f3f0f
bfcfbf39
3f17be93
4000409b
407e4001
408a3f0f
3ff14080
3ff0bee4
3fdbbf2f
40adc000
bfda3fe2
3f78bf99
4022bf86
402340bc
400a4069
3f073e81
41083f93
40243fa6
3f8abeae
408c40e5
3ee33fbd
40b9bf2f
3f8c4037
bf8c3f2c
bfb53fe5
bce7bf52
40a3bd46
bf61bdf5
3f86409e
40a640a4
40bebe8b
bf8ebfb9
4022bed3
408940bb
3ee3400b
bfd73d86
bff9be9e
3fe5bf4c
3f2640b6
3e85bfc6
3fa43fb1
bf574083
3f1dbd30
407d40ca
bfc040d7
bfe03f1d
4049bf19
3b134002
406c4089
408bbfb9
c016bec3
40e24021
bdcc40a6
3ff6407b
3f9f404f
3ed4bf68
40ac4040
3eab3f73
bf8a3ee5
405a40ad
bff83f4d
40144041
40394076
bd5e400a
401bc024
3fa93ff1
bfe63f8c
3fea3eba
3f4440d6
bfef410a
405c3f99
40c84083
3f8a3e9e
400940c4
40babf8e
3faa4039
4106407c
bc5b3f2f
40713f88
403440da
40793f06
40a9403c
3e57bf4c
408740b5
401c3eda
3fdf3f2e
40664026
be38bfb4
bfa3407e
3f6b40d2
3f403d0b
408b405d
3f8d406e
bf0a40ce
bee240ea
40d23f08
408e3f53
beb1402c
3f3340b9
4022c03b
40ea3fd8
befa3c03
3e093fca
404a4098
404740b6
bf32400c
3fae403d
be0640b9
3fc4c017
3f4cc020
40a83ec8
3f3d4086
3f3f40b9
be673f6e
3f77bfbe
3fae4001
40914087
bf503fbd
bea940e3
40a140c2
40d5bf4c
bf574026
3fe13ffe
40693c9d
3f9ec03d
bf54bec9
4092bf88
3c99bed6
402b40bd
4005405f
403a3b4e
40b13fbf
3e2140ac
bf4cc005
3f6b402f
409d3f1b
40763f93
3f26bfb2
400b402f
bfc84078
40e33f30
40a24038
3ea94032
402b4001
3ff33f4b
bc9b402e
3f8d3e9d
3f2dbf98
3fc9bffa
3fd9408c
40d84036
3f8f3fbb
bed14093
3fc14043
402abe7a
407e3fa2
4091bf17
bee3bc3d
405640eb
3fe140ae
405b4031
bebdbec6
beedbf6c
bec64041
40bf4047
40993e7b
3e9bbf1c
401d408f
3fabc006
40a340bf
40aa3f03
400a3f61
3fd83fcb
40073e84
bf15403d
3fb4bf1e
c012bfbe
400b409b
3e774009
3fa3405c
3fb03fc7
3fea408c
400dbf21
bfc03e61
bf04410f
40e23fc9
409bbebe
3f9640b8
408cbfe3
40b94009
40813f60
40fb3f94
40034095
4060bfd6
3f2e40bf
40c33fc1
bf4b3fd8
3f87405e
bf8d3fc0
3f8d3fc3
4088403c
403a4050
3e424066
3ff9bf3d
401dc01e
40bf3f98
3ebebf5a
3f984059
4040403c
40264052
40823fa2
3feb3dec
40393e3b
408ec004
4082405d
bf214034
40e43fa8
4017bfc3
406c3db9
401c40e1
bfd5bf3d
40cc4068
3f113fdc
408940d5
401d3fdb
40aabf4b
40aa3fcd
3f7e408c
bf58be3f
4023402c
4002bf7a
404a3e9a
3f8e4090
40893f00
bff040f6
c00a403e
40784026
bf3f3f94
3d8bbf8f
4004400b
40e1be1c
40d14032
40294010
bd8140c7
400fbf74
bf123fbf
3f2e3fa0
bf56bf5f
3e27c01b
3fe04076
40813f28
bf8e3f02
3ec54086
bf3dbffa
3edc3f3f
bf1bbf2c
40f9bf85
be9d3fc7
401840d5
bfb64099
40a4400a
4049401f
3ef14050
becd3fc2
40643fad
40d83f4d
4101bd95
40044099
be404071
4091401f
3f92400f
bd9e3e85
402040a3
3fe5402f
40373f61
401c3f42
bffb402f
3daf4094
3f9a3dc8
bf01400c
bfff3f0d
3d954001
3f28402c
3d064040
bfd540db
40dcbf00
40023fe8
402d3fd8
3f0cbfd7
3ed24090
3ea3403c
40054043
40013f3a
3fb1406e
408c40ce
bf95bea6
40f33fa3
4038404a
bfa5beb9
3fde3f0c
40994036
3f763fb4
3ee4408b
405d3fcd
4019bf9a
bfc3beca
c03ebf9a
3dc64090
40834005
3e7940d3
40da3c52
410e3fdf
3e5a407d
4036bfe2
3e11400b
3f6d3f9b
3f87bf87
3f584001
3ff340b4
3fe540fc
40b6401f
400c4086
3d824095
3f9540bd
401b40a6
c0123ffd
40da3f8c
4024bdba
406440d4
3fca4102
3f153fc3
3fd7bec6
3f2f4053
bd1740b0
4084402c
4088bf7d
40a83ff9
3fcb3fa8
3ef0407d
4025be9f
bf863f0d
403d4027
3edc4087
bec03fd0
40153fc6
bf714006
40af4088
bf06403b
3ffd3ea4
be264044
40df3f0b
bfd0405f
4028bf2e
3fe04040
40874078
3f09be0d
c02b404c
3af0409d
bf0c40aa
bfd440a8
40d63eab
3f84be94
3f974091
4043bf9e
bf5f3f83
bfa54024
41083ec2
be974046
3d1c3e35
4064c003
3fff4031
c031bf31
3e853fa8
402e3f42
40a93fc9
40a03fb2
3f983f89
403e3fd1
3fab4070
407740e4
bf5a3f06
40d0bf4e
3e723e6a
3ff2408f
bf893f73
402ebf62
40204071
4023409c
3ef44008
402f40b2
405ebee3
41023fb8
3f48409b
3f4d40cd
409e404e
40adbe4d
40d04050
3f86be91
3f5fbfca
bf76410b
bfcb3e86
40d33ff2
40354035
3fd94097
bf893f06
404ebf14
40f53f50
3f674095
400840e6
bfbb4060
bf663ed3
3fc0bf7d
402dbfa2
408f40ee
bfe5bfe9
bfcd3f7f
4101404d
3fc7bf69
408abfcc
40b2400f
4087bf0a
40ce3fd2
3f0640bb
3f7f3e59
bfb0bccc
40913d56
c03a3ffc
bf3d4004
4000409d
beb840c0
4067be9f
3fc03fc0
3fcbbf41
406ebf60
3dad40c4
c0183f8f
40c8bf82
3fc240a0
be29bf71
bedd3d8c
3fdb4021
40f43fd8
401540bd
40274087
3f7940c0
40eb3f89
4094bf8f
402ebf8b
407a3f01
3fcbbd57
40e13f26
3fdfbf6e
bea64064
404e4096
409040fa
40a33fae
4107bf06
3fa33df0
402540b1
405c40d2
c00e3f9b
4109408f
bf13bff4
3f8f3f05
40be3e25
bf7e3ff4
40313fbd
3dbd40be
407b3dd0
40524090
40ca4012
40283fd2
3fdd4095
bf8b4014
3f05410d
409abc76
c015bf97
bec8bfb8
3e9ebf89
bf173dac
3ce34021
4096bfad
4002409d
3f3fbf77
402240f0
bdbd4009
bf324081
bf00409f
3fff3faf
3fde407b
be863f87
3da43fd7
403f3f52
3fe640b5
3f803f50
40b5401c
3ff0bf92
bf29be99
bfa9bfb1
3fb43e23
3eebbe7b
3ff33fab
3fafbfcc
401b40da
40b340b0
3f50402b
3f88400e
bed4bec1
40873fe5
3da5bf2e
3fb73ff2
400d3c39
be0e409c
bf354033
4002bfcd
409b3eb1
408e408a
be80bf42
3e944092
3f4d40a6
403dbf44
40cc4081
3f8240bc
403640c4
3fb940ca
40d33d24
bff3bf48
bf2dbfea
406a40a3
40bd3e2c
bfdc3ff8
3fa9be28
4035409b
bee6409b
40a53f26
40b33daf
405ebea4
3f8c3f0c
406140e8
bffa3ee4
40af4035
3fde4088
3f1a3f9e
3d4640bf
bfab40a7
bfe43f0c
3fa43fc5
4021bf8d
40164076
3eaabf60
bfc9400d
bdf44010
be19bfaa
4088c008
4002410e
404c3e33
3fef4060
3fff4036
bfbb3f64
4084402a
be503fa1
401d3ffb
bf474080
4017408f
be2d4092
3e17bf65
410d3f66
bf354079
bf2b40c8
3fa74107
4077beeb
40284085
3f92bf89
4018bff9
401dbf26
40c23fb5
4102405c
bf303fe0
3ff2bfa8
3f134051
3f3c4010
3fc24068
402bbea0
402b3faa
40ab40f6
40af401c
4041bf64
3e983eba
402540d1
4009c031
40d84019
4080bf01
40224083
40413dc9
4035bcd3
bfb73f86
bfdc4035
bf3a40b1
40144011
40a83f52
40ee3ff1
40694080
3f18405a
40584046
3f3e40f7
401a4003
4107401f
3e30bfc9
400a407e
3eda40d9
408c3f9d
40393f5c
400c4028
4080408d
3fb7c01a
3fd33f46
40d54053
3f88408f
be7340b9
409e40be
3f903e8c
bd2e3fe8
3fdf4081
40063f5a
3f563fd1
409c3ee2
40f84017
3fc8bdbd
3f9940dc
bff54022
40c6bdf7
c0403f19
bf0ebfcd
bf8bbffe
3f81401e
40a13fdb
bf974080
3e49400e
3f6340aa
3f7b410c
40d54031
bf20bd40
3ce44019
bed5bfe6
400f4013
3f3f4022
4079bf13
40203ff1
3fe340ec
404d3f88
40e9401f
bee03f5c
401b3f06
401a402e
bfabbf34
be85beb3
40d7bf8c
3fa4bef2
404a3f28
40a34106
40c83fcc
bf274089
3e82bf60
bf6ebfe7
40a4408b
40dd3f19
40a64019
bf39400b
3fd53dc7
3f484021
bf193f91
bf024055
bf523fd7
bf6140e9
40a43f2b
3fcd4030
bfcd4031
bf60409f
beb5bf94
4094bf9a
bf883fa4
40ee408a
40223f12
3ff43fcb
3fc94107
3f653f0d
c0124082
3e1b40b5
4015bd2e
406dbed6
c00abf00
c0104029
bd874002
bd91bf0c
bfda40f8
bf483d9f
40a83fef
3fffbfda
3fc04048
bf8a40ad
bff53f05
4016bf95
3fea4063
3e8f40e7
402840d2
4098403e
410cbf20
40154069
3fa53f99
3feec017
40953fed
40743fd7
bef2402d
3f3d40c5
bfbbc021
408c3fa3
4056bf9d
beee4066
bf9d3f62
3f47410d
40ef3fcb
402f407c
40113f7d
405d40a5
40953fe1
bf503ff0
40553f8c
3f9e40b3
4077bf4f
40513f10
3e44401a
40ad3fc8
3ee23f93
bfbfbfbf
40bfc00c
40913f3e
404fbf8e
3fb9409e
3ef9bffb
bfa54026
40b1bedf
40b9404a
403e3eca
4071401b
40bc4051
40a33f41
bfaf4055
be7a3fe1
401e3ef5
40644060
40efbf08
bf99bfbb
bf4f401c
3efa4061
40afbfb8
40a83e6e
bfda4045
4008bfc3
403d402c
407c404c
40a6bf51
410c3f10
3f2d4076
405240e7
3f98409b
40223f8f
c01b3ece
40093f38
401a408d
bffb400b
40433f4e
40cc403b
404040be
403a409b
405b4104
40b13e1f
40d83fd1
3fe7becb
404c40c5
3f283f81
3f953fba
bff84046
be5f4067
3ea13c97
40abc007
40bf3fb0
40503ff6
402f3f6e
408b408f
bfa9bebb
402abe06
bf9a4063
40334012
406740b3
409140f3
40c5bccd
40ef408c
3dbe4049
3e514053
4091bfce
40a03fcc
3f483f56
be98be40
bf8840d8
400dbef2
40bebd15
be114007
3e923ff3
408e405f
bfd240b7
40e53fb7
40563f7f
3eb84008
3ff440c3
4005c032
40a23ebb
40f73f01
be37409c
408e40e3
becdbe67
bf0b3fa7
40b0403b
bd2bbf87
bf95bef7
40af4108
c0103fbd
40ba3f54
bf11be74
40143ffa
3f8a4088
3f583ebb
4012402b
3e3e40bf
3f5dbf63
40ab4005
407b3dc5
40554087
4031bfdb
3ff940e2
bfd64109
40bf3f8f
3faa4081
bed44019
408b3ff4
3fae403a
c0173f3f
40ec4004
3e763f2e
bd68bff8
40993fff
3f92bf34
40f94049
3db540b4
40673f3e
409e4049
4058bf71
40114055
3f4bbfd2
408540d4
408040c1
40423fa1
406e3fa4
3fa9bfc1
bf0e4098
407b400f
408a3f09
40e4408f
4017bf9c
3de94097
bf55c01b
4000bf38
40444058
3fcd4005
3f67bfe4
40664105
40e83fec
bfd44055
40113f95
bf5e406e
402e3fc2
407ebf68
3f9a3ffc
3fce3fca
3eff406d
40b84101
405b3f8e
3fe03ff4
4039405f
40863ec8
3f7cc031
403fbf0b
4023be82
4003bf39
bf8e40d0
4079c036
c0133f2b
40f74081
40183f16
40733fe0
3fa44046
bff53fac
4013bf6d
3efa4012
be9d40b8
3fc9bfc0
3e303f3c
41094027
3d6e40ae
408b3f88
4021410a
40be3fda
40c93fc1
403d40b6
3e3dbf15
bfa33f1e
bfe33efe
bfd3bf43
403b3f68
bfa540a4
40a7c02d
c0034003
40f9402b
3e0740b5
3f90c00b
409f3f88
3eedbf45
3f993fcd
3fbb3fb6
3fb44027
40833f1b
3f12bf23
bfbd3faa
3f12408d
bd10be8b
bfc34100
bfae3f97
bf984058
3f44bfa8
3f543f91
3f3240f4
403a4005
be413fd7
bf134025
4044406f
406e40a7
40aa401c
bff3bfbd
3fdbbe5f
bfa1bfae
bf9640e7
3e053f13
40be3f1f
3e8fbffc
3e55bd91
3fadbe4b
4016402f
40c64032
3f8f3e01
bf5a40db
402fbf37
408a4015
40d24026
40254065
40903eea
407640f4
40b63fa1
bfd43fd1
3fbb400d
bef640a8
3f233f88
40f04006
bff33fed
baa1408e
3f993fda
3f203fd5
bfd5bf40
bf60bf09
3f94403c
bf66401a
bf8540da
c015bf5f
40a0bf4a
bf5b4015
3f2d40a4
bfb7be96
409e3f01
3fa04042
be2f3fa7
400abdfc
40694102
c00d3f57
40ed3e83
3f88403a
3fcac008
3efe4094
3f813f8a
3f1d4079
3f1a3fe9
40203ed7
3fd34042
4022beb2
3e86bf6a
be334095
3e79c01f
40a040eb
3e4ebf58
410b402f
402840b9
bd1f40a4
40984106
40713fcd
40d44044
3eee3f76
3f88bf55
408a40de
3fa8be7a
3feabf2e
4030bff9
408c408b
40b73fae
bf003f61
4022408a
3fb2bf2f
40873dd3
3fa2c01c
40303f68
3fc4406f
400c402b
402fbfd3
40bc401f
40054017
4059bf70
bf6e4001
3fb240c4
409a4103
40d23ee3
40dc404c
3f074029
3e1a409a
3f8cbf24
3dbb3e4c
3fb34059
400bbfc2
bdb2bf6b
40113e51
40d9403d
40e94043
3fa23f6e
405abff3
400ebfc9
4001bf2c
bf813fec
3f733f32
bedcbfa4
3f98bd98
3e324012
40a3bfa7
3faa3f0b
4032bd90
bff4bfd5
40073f62
bfa44017
3ed040b7
408c403a
4028c020
4074be30
40dd408c
bf0f3f6a
bf3c3fe4
40b6bdfa
40043ee6
40c8bf66
bf693f5c
bf95c013
4092bedf
407e4023
3fbb405a
3e0b3fba
be493ea0
40ac3fb4
40483fa6
4091be48
40114031
3f82406a
40b8c005
407ebec2
40ed4038
bf6c3f15
3ff63fc0
bcc6409f
40c3401e
40bc405f
3e904037
bf10c00c
bfec4082
40874004
40303f9f
3ff7bf9b
40203fe1
3f9440d3
40cd4022
41044005
3fcb401c
4082be9e
40b740c7
40c0be9c
4016bf92
bf79408d
bec33ee8
bfa9bec4
40f0402b
bfd33ff8
3f9c3ecf
bea94071
408b410e
408a3f1d
4072404d
3fbd407b
408ec00f
40064038
bfa93f3f
40ec400b
3ff740bb
407e4088
be9f405d
40de400f
409b3fb1
3f574079
becf3fd3
40893fca
bf16bf53
41014058
bdc34085
bea4bff0
3f2b40e1
40723fb9
40dcbf2b
3fe54092
400cbf6a
bf7c407b
40613fd6
bf963fe8
befb4080
401cc019
3e934096
408a3e05
40ac403f
beb1403d
bfb0bf44
bfc340a9
be103d21
40b93f1a
3f623f5b
40424040
3feb4082
bfe23f1c
bd893ea6
3fba4018
3fac405a
40bf408b
40b0402c
40e4bf8f
3faa40a6
402f40c4
bf4fc01f
bfd8beb2
40b9bf1f
bf3b4045
bfb5bec0
bfb9bfed
3f6cbf23
4109403e
3ea74091
bdc53e1f
3eda4002
3fcabf02
40f5402d
3fe1408c
401240b1
3f3f403c
407ebf6a
c03dbc8c
be803e1d
3fcfbfdf
409f408f
3fd04032
bf93400f
bf1f40a6
bf63404b
401f3fd0
3f94bf06
40f6bfa8
3f9440ad
3f933ffb
40a5c00f
3fa3be5e
40ba3f21
3f364096
bfa2400c
40273fae
3d854035
40f5bf9d
40174081
40583f68
bf95c030
400c402b
4077407d
3f354081
bfa740ac
3f7ebf4c
40b63f88
401abfba
3ff93d1b
40254085
407d4101
bfae4013
41053f98
402e408c
bf913f9c
40284108
bfdd3f8d
bfd43fa4
bf034038
4035406e
bfed3fea
c01d3fc9
bfcebeb0
3ef44070
3f543fa5
3f5040de
40cd3f14
3fc63edb
4029bff9
40124026
402040c3
40a3be2c
3fbe3fd8
3f2fbffa
404140e8
bfdb40d4
beb0bcf9
40e34049
4008bf47
4038c014
405940d2
40a33f5c
3fc63f25
3ee73fc6
3fe2c011
3ffd3f28
be8ebf76
40a14005
3fe240b5
40243f37
409e3fe2
40a83f97
3f30405c
3f564023
3fb5c007
4028bf49
402b3eef
4087bf94
3e383f9e
bf8b3f97
3e7240d0
40a43ffa
bfb4405c
402fbfc2
405940ed
40af403f
3fc63c8c
bf234003
3fbfbf5d
406fbf9e
4094be9a
3e5b3f8a
3eebbe44
4010409f
4047408c
40913f8f
404a3f86
3e8c3eb4
3cba4056
4056c01b
406f4100
40da400f
402a408d
3f9b3d2e
406540e3
3e7f3e90
40743fcd
40f54057
3f5d4047
3fe84017
4004beea
bff4be57
40073eaf
3f0240ba
40224096
4090bf3b
40ecbe15
40c64077
3f81408c
bdb340c2
bf984031
3ef43f8c
4107be65
bed1405f
3fa340e0
40914106
40c33f2c
3eef3f98
3ca640a3
bf9f3e9d
40b6bfef
40b64022
4067bf9c
3fe9bf34
4051408e
40383f24
be94bec7
c019bc71
bd9d4084
be2640d9
3f06410b
3f33bf16
bf234049
be803f68
3f8b4064
40aac029
bfaa3fdc
beac3f98
40273e61
4075405b
bffd40c2
40e13ff2
c004bf60
3fa03f21
befa4044
404b409c
40673d3a
40e94088
3ea04042
3fa640e6
4084410c
bf614016
40b24002
40134053
3f9a40c6
3e8b40ff
bf8e3f98
40793f49
402d400a
be75bf94
3f843f3f
be96bdc4
40ae405b
bf1d3fd3
4085bfc1
bef73f18
bfd7400c
3f48bef6
3f74bf8f
4035bf99
40a3410b
c0063f35
403abf56
400f40b0
bd8e409f
4030bff7
bfd43e28
3fe03ff0
3f3e3fc3
404c4013
40b8408d
40de3fa4
be9a3ebd
4021406a
bf194071
bfe7410d
3fe23f3f
40fa3f8e
be9640ab
40803f48
bfcb40b9
40d03f9c
40c94011
402b3f21
4022408e
406140e1
40b7bf4c
40c4408a
3e98408b
bd43c00a
402b4108
40483c5e
40b84033
be184054
408ec012
40a340db
40b94004
40c3bf37
3f72bfa8
bf70c00e
40834073
bf954023
405b4003
3fb4bf8e
3cc54039
bfa040f1
403bbec7
4102400e
3fbf3f75
3fdc404b
bf9dc038
40283f54
bfd53f0e
bf6ebdba
3e0a3e72
bfda3fce
4015bbac
3fad3f2e
3fcc4007
404b4040
3fa5be8c
40703f4f
40c5bfbe
be4740a2
408bbfae
3f8dbfa4
3fed402f
4081bf14
401b3f0e
408f40c5
bfbebffc
40ab3ff3
c01e3f79
3fed3ec8
402140df
406b3f78
4026bf56
4019be8d
beb0bf6b
3fcc40e2
bfff4037
3fc23f8d
3fef3fbe
3f9c409e
bfaebfd6
4041bfef
40dcbe88
40713eef
3ff43f34
3fe63fb9
bf1040c0
400a3f95
40363fb2
bf27401e
4033409a
bd60be3a
406d402f
3f983fac
3fd03f2c
3f544090
40553f9e
be323ed9
c01c3fc3
4031bf20
3f1abf64
3ff240c3
409b3fe1
40ec4081
40283f91
3dd14085
3fad4015
4023bd06
bf8e408a
bf2e408b
408a40c3
bea0bfa7
bfec3fd8
4031be9b
bef73fe0
3f573e10
bf07400d
40cabf2a
bf464029
bf36409f
4046bfa4
4079c015
40d1be22
4097404f
3fe64047
3c9a40ae
4010408e
3fd34032
406b4072
402f405a
3eca3fc7
bf724092
40713f1f
408b3f75
3e8ebfd9
bf2fc007
40714080
3fbc3f92
40ed4018
4000bfcc
400cbfeb
40a9bfe7
40e7401e
41024090
3fbd4090
3fe240c2
bfac3e65
40e63e10
3e634050
bf574056
bf173ff8
bf01be8e
4096bc81
bf84401b
3fa63f58
3fc4403b
3da340a8
3fb03e83
bd5e404f
3f1cbe70
3fa7bfaf
409a3f18
40ba3f91
3feabf15
bf0d40ac
3cff408b
3f45bffd
3f7c3f9d
403fbfb3
3fd6be1e
3f5dbff5
4094407d
40d6bda2
4083bf18
bf6e409e
4032c016
bfe740bd
40d2bf02
40fe3fb9
bf1cbffd
4059400c
3d5040fd
40774014
40774021
3f74bdf3
3fd04016
3ea3408e
40cb3fe8
bfe8bd30
bdb940bc
402ebe1a
bf7940bf
40d24039
40cf406f
bf693fd8
3fb140da
405b40bc
40d23e75
40e1beea
401f400f
40633f43
40aac005
c01cbe96
40024042
4002bfa5
404e40e0
bf8240a4
40d1400e
3e604016
3fc5bec3
bf3e40ae
3ffa3fb3
40824003
40bfbe78
3ef1bfcf
4015c005
40b44039
c006400b
3fc0bd84
3f82401a
bfbfbfcf
3fec4049
3ff9be68
40ffbfbf
3fb13ffb
bef5bf77
404c4088
404fbef4
40873fcd
3f933e4b
3fcf40e1
40a64072
bfea3fd2
40b03f82
3f4640a4
4016bf0c
40773fe8
40263fe1
3f314035
be453fd6
402540ee
400340ad
40493fe9
407b4030
402d40ab
bf2c406d
be47bf8a
403f3fd7
3f224059
bf09be01
3e30404f
3fc54093
40293eb9
bfb33fbb
beacbd20
404240a1
409ebfeb
bf47400b
3fcfbf84
3fcf3e52
bed14000
3fa9409a
40063f3b
40674083
3f6b3e85
408640e2
bf73bfd4
3fd83f01
4011bd8b
40083fda
40164095
4005bff7
40e7bd98
3fd8bea0
bcfd404f
3fc6bfc7
4073c032
3f83bf3a
410e4079
401340a9
4081bfa3
40993fdb
402b3da4
40ed407d
3f9c3fcc
bf99bf89
40b93fa1
40563fa5
40abbf05
403abec7
bf31bfc9
bfb6c017
3fcd3e32
bec03f1d
3fe1402c
3f3fbeb7
3fd540b0
407cbf67
40b43ffb
bf28bfff
4031bf66
405f40c2
bd87401b
408b4084
3e3dbff8
bfaf4063
40a440ab
4045400f
3ff6bfb0
becf3f90
3f63bff8
bffc40cb
be91bf1e
c022bf40
4000beb0
3eba406f
40b93f2c
40933f5c
40ad4033
3fb740aa
be6340aa
403740e2
bfbb3fed
40e43ebf
3f88bfe6
bf5040b1
beb93df8
c0133fad
bf23408c
bf37bf65
405440d0
4058409d
3f5fbef8
c0064040
bf2e4001
3f92c00e
bcb840a4
40983f21
3f854082
403a4039
406ec01b
3fdcc035
c0063fa3
3f8f4086
becb3e8b
3c58bf9f
3db53fc8
bf7c4013
40913d9c
3fddbff5
40584054
bfc4c021
40e9be2c
bfbc3efe
3f7ebf6c
3f194042
3fa13f66
40a4bf06
40433f94
bdb7bf81
3e0f403e
403140ec
bf493d40
40174086
40134098
4005bfa5
3ff93fa2
bf3d3f9e
bd5f4048
3f21402c
407f408e
400440fc
40c83f60
3fe93fa6
40134067
3f1840d0
409d40c9
bf234002
40f2402f
3f84409d
40554081
402b40a6
40e9bd36
40b14058
3f423fdb
4087bfa4
3ff740da
40a84027
41104027
3ee33ffe
be904088
bf78c03e
40863fe8
bfdb407e
400b4089
3f0d403b
3ff03f4e
3f3c3e91
3f92becf
40383fe6
3e8e4084
bee0bf7d
bfc63f80
3fbe3f9b
3fdbbfea
3f693fcd
bf2ebf9e
40cfbea0
bdd8bf90
be964094
3f893ec2
3f393eba
40ea3e07
40864069
bea44064
3f334092
3eab40a8
40e8403d
40ba3f15
3fddbe7d
3f6940a8
be8b40cd
4013403c
408c4075
3f0b404b
bf27bed9
becc403b
bf7b4021
bf8b4062
3f26bdbd
bf5440b9
4026409b
3f674011
40ce3dbb
4030408e
407abfb5
bf964067
3e833f89
40483f48
40243f38
402c401b
40903faa
bdc0be1f
beae3ddc
3fca407a
3fc43fac
407840e3
bfe64007
4039408a
3fde3fac
3fea3fe6
407740b5
3f393eac
40ccbefb
bf15bfd2
40604015
40853ff8
40cf3f03
3d083f98
403dbf3c
bed93fed
3f0c40fa
3ff23de5
4024407e
3f2b40a8
bf564069
407d4024
3f873fb5
40e63fc0
3ff9bf80
408040c1
409f404e
40693ebd
408c4087
3ee440ae
40163f97
40943fde
3fb93fb2
4004bcc7
4009c000
bfb94017
bfc240ca
403f3fdd
410d403b
40053fee
bf8440ee
bf31c02e
bfe7bf24
404c400b
3d874006
3ef44040
405b40f9
4025bd98
40f43fb0
3f8140a0
3ee9402a
40acc00d
40033dc0
c017bfa8
3fea3f49
40223ecd
403abf7c
40b8bf5b
40a13f41
3fb940b9
3f01409c
405dbfa8
40c93d30
3fb04084
402f402c
407cc01f
40974053
40eebe43
3fae407f
3ef5bf3e
4082c002
3ef24101
be21bf51
4028bfbf
3eef3ff4
405bbf8d
bf964079
40df4027
3fc4bf09
40224038
4041c007
40b240c3
40d7403d
c007402e
3ebcbe4e
40563f75
405ebf1b
40e7bf36
40fa3f1a
3e7e4074
406c40e4
404a40bc
3f99bf0c
3eb3bfb3
bda14023
bf54403f
40ac3faf
3f8b3fc7
40993ea4
401b3ff4
402a404b
3e58bfa0
bf1b403c
c03a3db0
3e0340b9
3f2640c6
be7ac03d
3db13fe9
bf113fbc
bf7b4096
408b3fc0
4096beef
40803e13
3dee3fe2
401a3f98
3fc8bfb5
bf01c034
bfbfbf7f
3f84bfb3
bebc40aa
bce540b7
40bb4096
4059bf22
40e53fe8
baccbdd9
3fa640e9
3fa940ab
40cdbeb3
c0093f5d
3f994088
3e52be38
3fd1401e
408a3fdc
405dbeb6
3f6abf51
40554046
bfc84096
408f3f59
4089400f
bf18407d
3fb04097
409fbf6e
c00c3f9c
40534059
bea14059
400e40a3
4083c02d
40ce3e43
bfde3cd2
3efd404e
bf0e40cd
bfde40cd
4076bf34
41013f91
3f423f66
40244084
bf284087
bf67be16
3f463fe3
400a40b6
3e5e4064
bf06c038
40ad3f57
40493f55
3fff40a6
406240ce
3fc54095
40cb3fad
bfca403a
bf41407c
3f0c40b9
bf92c010
bff63ff9
3f373fdb
bf1e3fc4
3f8c3faa
bee14106
3fefbf66
c01a4080
3fce40a4
bf6b40af
4089c03f
bfc2bf3b
40a54083
4010bffe
bf633f83
3e4640cd
40d4400e
4083401d
3f8440a9
3e544087
3ff6405f
3ef13e31
408bbf05
3f973fd3
408ec01f
3f58be2a
3f1abe81
3e93406f
bf373f4d
4018409b
bfa73f9a
bf09be50
bfe13faa
402b4069
3fa8bf5b
40913e62
bfed3f60
3faf4087
3f884093
403540b1
3d82c03f
408b4036
bfb6bd8e
402f403b
3e403fb3
3fb440c2
bf013ed3
3ca4bf91
3ff23f09
befd4003
3fb4c036
409e3f5b
402d4003
3ff3406e
3ee240a5
40273fa5
407c401b
40b33eb1
3ffc4054
bf193fda
bf1d40e4
bec9bf80
40bbbee8
3f5f3e06
402240a7
3f803e26
409f3cce
c00fbfb0
3ead408a
3f11c005
bfba40c7
40c7bee0
c00f4028
be40bfc7
3f90404e
4077bffe
40ef3e85
408dbefe
bf3b401c
bf95407e
bfb840c1
c01b3d2c
3f0ebd78
3e3f3f80
401640e5
3f99405b
bffe3f82
40c94063
3f1940bf
40754055
406c40e7
40ee3ece
4103bea8
3e044055
bed4be00
bcac4029
bfd14032
c02f3ffc
bf43bf44
bf043f80
becdbf00
3f9f3e0a
bffb3f04
bed340b0
3fe840bc
40833f0d
40bc3fd0
40da405e
3fc63f73
401c40bb
4030bf97
ba38401e
3fabbf85
3f694059
40634092
406d410b
3fcdbf22
c029bf94
3f6fbfc8
40384086
404b40af
407f3dc0
40913f4c
3e24bf94
402c3f89
404b40ba
c0133e1a
40dbbf9e
4019403f
3d2f3e9a
4051bffd
40ce3fb7
4007bfb3
be79bfbe
bee4be1b
40a5bf90
3f1e4008
bfbc4062
40063f3b
bdbfbf2b
40854085
40654000
40303f70
3fed40a4
408fbf9f
407140b0
40e33e83
bf804038
3f1c40a1
3f533fb2
4067c002
bee6402e
40b9bd18
3f8e40bc
3ea2c005
4084bfa1
3f513fc3
4110bf88
3ff64094
bfbc3e99
40b640e6
4003bdd2
408b3ea7
3e483f79
bf9440bc
3f1f40ff
40d23fa5
4085bfbf
403c40a9
3cc7bfae
3db2bf81
409bbf4b
40c6401c
3fd63fa3
bf7e3f57
3e60bf02
403cbf53
c03b406f
4013bf0d
3faf40ca
3fc54002
40393f29
410e4048
4016407c
bfba4015
bf8840f4
bfca3e55
c0204071
3d254062
bf143fcd
400640ea
40d8bdf2
4100407b
bd2cbf9c
404240d8
40aebf24
408b403f
c0273e7f
be0ebf8a
3fe94038
40a140e4
bf183f3a
3db7401d
4007404a
3ff1408f
401d4101
40273e66
3e1b4082
3f16bf08
4057409f
3eda40a1
3f96bf57
bff1bf9d
bf6d3fe5
bf8abe8e
40a9401e
40b83e99
40ddbf80
3f854030
4049bfef
3f654081
40c13fc6
c03f401f
3ef7408a
3f6040d0
bfc73e4f
bfd93f88
410b408b
3fae40b4
40844054
40be40b7
40c43ec7
c000bfbf
bed53fb3
3f473f7a
be9ebec9
3f093e94
40e6401c
bf074090
bf863fa4
40723f73
c002be11
40e73e2b
40323f19
3a22bfb6
40b8410f
c00ebf54
c02f4003
3f903ff1
407c3fdb
40644098
400e3ff6
3fdc3e05
400040a7
3f943fd5
40284095
4097401b
402cbe0b
40314076
3fb540bb
404640f1
40ee3c6b
3fffbf4c
3e93be06
3ed140a1
408c4104
407b4021
bfa44083
4028409d
bfbb40ec
4035bf92
40c83ec0
41074090
bcec3fea
4048bf40
3e5abf60
409c4004
40e3bf23
3f5f4024
4080c01b
be22c00a
40dabd32
40083f49
bf4dbe19
4085bf2b
406640c8
bff03f42
bf863fa7
400e3fa5
3f143fdd
bfaf4078
c0043fef
4091407e
3fc93fef
408240cd
3fb340f1
40a63f46
40d33f96
403140a9
4082c00e
40913ff7
3f473f1b
40943f2a
3f10bfb0
3eb640ae
3e2d40d6
40df4032
408c3eca
3fe1402a
400040ec
4067c02a
3f65be61
bfb63f49
bf1140ae
3f654091
4095409a
40d93fce
40c04063
400e40a9
40563ffa
3d774039
40d5beec
3fb93e6a
be534036
bf8640b3
40934002
40a9bf39
408d402f
403a3fe9
3e1540b2
3fc440fa
3f6c3ee2
404f3f59
3ff2bfb1
beb04099
bd04beae
be33bf2a
40b83f2e
bf5c40b1
401740c4
3fd540ce
bf9b3fac
c007405e
402f3f7b
404dbe0d
40b54000
3fb73d90
40263fd1
40233ebe
404b40eb
3f8340ef
40624038
3ed0bfbf
be113e30
404a40e1
be293ef0
bfc1be88
408c3fc4
bee44093
3f0340ba
3fc3c00f
bf943f31
40aa3fdf
3f0a4099
3e0abfd0
40ab4090
403ebedb
3f884067
3edebea7
400c3f8f
3fee3eaf
40803efb
4084bf8e
3fba409b
40493f2c
408640b7
3e39bf71
402b3e49
3fed40a9
bfb93e27
bfb040c2
40c6bd8e
409a3efb
bc9a40a6
408b4086
406340d3
405cbe52
4097403f
3f923ea2
404b4090
bef6c02f
40a7be0f
3fb83fba
3db94027
3f9040aa
40a1bdbc
4098bdf3
3ecfbf8c
3f8bbf9e
403fbf1f
3fe74067
bf8dbecd
4074be10
bf71409b
be9040c7
407e3ece
3f8b3fa0
beaabefd
3fabbfd7
3f504033
406a3f6a
4057bf0b
4047405b
3eb43f14
3e2e3eef
3e22401b
4008400a
3f914008
3ff23ebd
bdc3402c
402e403c
bfcd3eb3
bec74035
4014bfad
3f363e09
40ba40e0
3fd13e23
bfe9402a
3f9b402b
3f3e40ea
be7240aa
40aa3f04
4004bfbb
3f5bbe5b
40213f95
40463e9f
40033f6f
3fd14065
3f8c4065
bf244041
40244095
40123fe6
41094079
3ffabf51
3fba4009
3f7840b5
40223f8c
410c3fbc
3f354094
bfa9bf92
3fa94107
3e95be9b
3f204023
40373f53
401bbf4e
409c40f8
c0023eff
403d3f5b
3f87bf98
4074bf29
40084092
3ee13f0b
c02d400a
4001409b
3f6d40d5
3ff140cf
409b3edd
40fa4012
4039409c
400dbfe3
bff5bea6
4008bf1b
40984036
40123e82
3c404080
406f3ed1
40e23e8f
bde54039
402e4005
bf724015
3e1b4097
bf664035
c00fbe85
40133fd0
bfb0409c
befcbf6c
403cbeb5
408e3f99
4020bfb6
3ed73e8c
400bc02b
4053403f
